,baseMean,log2FoldChange,lfcSE,pvalue,padj
CX3CR1,1245.914845,-1.026323745,0.094258504,7.58E-29,9.69E-25
CD180,1167.182775,-0.773851731,0.07854798,3.95E-24,2.53E-20
DNASE2,6696.114619,-0.519692242,0.058444744,4.19E-20,1.79E-16
CHRM4,86.66683527,-2.207878174,0.255098637,2.90E-19,7.64E-16
THBD,417.496526,1.009134067,0.116940092,2.99E-19,7.64E-16
C1QB,21150.9004,-0.481278699,0.056111999,6.87E-19,1.46E-15
C1QA,9618.302189,-0.341883789,0.040743065,5.84E-18,1.07E-14
TBC1D2,4508.009877,-0.430236727,0.052794639,2.91E-17,4.66E-14
GAS6,1799.946655,-0.60967157,0.075687924,5.08E-17,7.22E-14
TIMP2,15596.26349,-0.35391729,0.044791089,1.76E-16,2.25E-13
TNFRSF9,554.5448743,0.793868022,0.101806901,3.26E-16,3.79E-13
POU2F2,3743.271562,-0.524565127,0.068795228,1.63E-15,1.66E-12
P2RY12,660.7867701,-0.640748576,0.084205435,1.69E-15,1.66E-12
TREM2,9637.421158,-0.402313872,0.054087204,8.39E-15,7.66E-12
HLA-DRB1,2604.679821,-0.536697568,0.072610084,9.62E-15,8.20E-12
APBB1IP,6571.23965,-0.351580754,0.048356188,3.36E-14,2.69E-11
KLF6,5660.763206,0.304367853,0.042267095,6.59E-14,4.83E-11
HVCN1,716.3465675,-0.531264146,0.074571824,6.81E-14,4.83E-11
DBP,539.8003148,-0.766316951,0.108321049,8.62E-14,5.80E-11
HLA-DMA,1145.954152,-0.62669447,0.088683769,9.86E-14,6.19E-11
ATP6V0A1,6459.796729,-0.337191683,0.047370749,1.02E-13,6.19E-11
SLC28A3,894.4190412,0.475996664,0.067567327,1.25E-13,7.28E-11
C1QC,33478.60768,-0.445501903,0.063466473,1.50E-13,8.31E-11
ID3,2760.058503,-0.625638643,0.091783449,5.71E-13,3.04E-10
PLD4,2745.427599,-0.846570654,0.125876474,8.61E-13,4.40E-10
IL1RN,5722.538733,0.498446154,0.073922926,9.39E-13,4.56E-10
CD74,25622.12396,-0.421408059,0.06236765,9.63E-13,4.56E-10
MYC,1427.404117,0.595328297,0.08903556,1.38E-12,6.23E-10
CYFIP1,20758.51524,-0.37809245,0.056094208,1.41E-12,6.23E-10
CYB561A3,6108.238012,-0.325436069,0.048350733,1.74E-12,7.42E-10
RHOBTB2,3550.735327,-0.499971338,0.075233631,2.11E-12,8.71E-10
SOCS6,3799.241752,-0.420370013,0.063276369,2.39E-12,9.53E-10
HLA-DMB,5071.702525,-0.602875652,0.091239912,2.46E-12,9.53E-10
CCL24,555.6333269,0.860478992,0.131703227,3.04E-12,1.14E-09
TNFSF15,1167.880316,0.603078421,0.092413141,3.80E-12,1.37E-09
CD300E,371.6119819,1.375205848,0.212192288,3.84E-12,1.37E-09
HMOX1,4645.322002,-0.425916265,0.064931816,4.29E-12,1.48E-09
PTCRA,315.0290582,-0.775404542,0.11947134,4.89E-12,1.63E-09
YPEL3,809.8361518,-0.631285261,0.09717736,4.97E-12,1.63E-09
PADI2,1147.110513,-0.915529339,0.141909808,6.11E-12,1.95E-09
MYBPH,1044.183772,-0.604003026,0.093486186,6.40E-12,2.00E-09
TNC,1187.009751,0.961350759,0.150287137,7.71E-12,2.35E-09
FCGBP,15341.20002,-0.689804694,0.109016762,1.49E-11,4.43E-09
GNG7,178.2302458,-1.052382083,0.167084796,1.57E-11,4.55E-09
CLEC5A,1830.16652,0.797346791,0.126856718,1.60E-11,4.55E-09
CD68,48150.39779,-0.439054947,0.06995265,1.75E-11,4.87E-09
CTSD,191407.7092,-0.356151166,0.058049789,1.88E-11,5.12E-09
POLD4,2598.963279,-0.373886704,0.059804804,2.82E-11,7.52E-09
GAL3ST4,2586.305248,-0.568568353,0.091027058,4.20E-11,1.09E-08
ABHD12,5209.088823,-0.278783173,0.044515445,4.64E-11,1.19E-08
SLC7A11,268.3314049,0.818326314,0.134349485,5.43E-11,1.36E-08
PTPRF,1282.449781,0.581986076,0.095183951,5.57E-11,1.37E-08
HNRNPH1,11322.63101,0.280733485,0.045214181,6.57E-11,1.59E-08
FCHO2,3184.802746,-0.389514613,0.0634983,6.95E-11,1.65E-08
AXL,6413.033993,-0.500300201,0.082610317,9.59E-11,2.22E-08
ATP6V0D1,10502.92192,-0.292840691,0.047116884,9.73E-11,2.22E-08
RNASET2,3881.234785,-0.326540354,0.053539668,1.00E-10,2.24E-08
RND3,1093.604092,0.626618091,0.103072973,1.03E-10,2.28E-08
MAN1C1,2744.590262,-0.436627774,0.070568629,1.43E-10,3.10E-08
CD58,1163.024986,0.526433519,0.088293233,1.50E-10,3.20E-08
SCARB1,3800.774217,-0.322632702,0.053647665,1.56E-10,3.27E-08
DYNLT5,405.7607534,0.794403084,0.134211402,1.59E-10,3.28E-08
UCP2,6761.816767,-0.285338327,0.047033444,1.75E-10,3.55E-08
GRN,60079.76145,-0.366175687,0.061724783,1.82E-10,3.64E-08
SNAI3,1013.568785,-0.574238503,0.096906409,1.93E-10,3.79E-08
KCNN4,2489.749829,0.535149779,0.090692336,2.19E-10,4.24E-08
TRIB3,739.5974169,0.727191607,0.124685037,2.64E-10,5.03E-08
AP1B1,18755.82739,-0.382867284,0.064804688,2.81E-10,5.28E-08
PNP,2213.520329,0.492080533,0.084308383,3.10E-10,5.74E-08
TSC2,2624.836005,-0.44005878,0.074472154,3.80E-10,6.94E-08
PNRC1,1834.564315,-0.395758059,0.067795496,3.87E-10,6.97E-08
PLA2G15,5035.957394,-0.344824098,0.05926258,4.49E-10,7.98E-08
GAL,835.9586182,0.600872788,0.104232274,4.64E-10,8.10E-08
C3,43519.86801,-0.402194847,0.069100028,4.69E-10,8.10E-08
TPP1,12453.00497,-0.30263743,0.051885947,4.88E-10,8.32E-08
OCSTAMP,153.626228,0.909768896,0.159117841,5.19E-10,8.73E-08
FLNB,3123.688696,0.60575353,0.105776195,5.70E-10,9.47E-08
SLC7A1,2721.807384,0.380942746,0.066098045,6.57E-10,1.08E-07
F3,290.9853978,0.775434827,0.136451258,6.75E-10,1.09E-07
CYGB,511.9420145,-0.53173977,0.092981463,6.80E-10,1.09E-07
AVPI1,486.4928915,-0.52712632,0.092236471,7.00E-10,1.10E-07
SLC20A1,5907.032036,0.445382195,0.07794325,7.52E-10,1.17E-07
ZNF358,1114.595348,-0.431869976,0.075445129,7.76E-10,1.19E-07
TMEM86A,3066.432626,-0.369803733,0.064626259,8.90E-10,1.35E-07
OLFML3,422.1950867,-0.73922968,0.132254639,1.26E-09,1.90E-07
SLC44A2,3003.568812,-0.364014137,0.064881383,1.78E-09,2.64E-07
GLDN,2957.343461,-0.531218948,0.095711745,1.82E-09,2.67E-07
IER3,1110.738718,0.637809337,0.1163745,2.24E-09,3.26E-07
GPNMB,76483.29347,-0.22562597,0.039953021,2.73E-09,3.93E-07
FOLR2,526.3966209,-0.567800067,0.104074853,2.98E-09,4.24E-07
GNAS,34635.24936,-0.246661596,0.044117574,3.14E-09,4.42E-07
ANXA1,16746.25972,0.398031095,0.072386063,3.57E-09,4.94E-07
ABCC5,2758.73525,-0.502667191,0.092867336,3.59E-09,4.94E-07
VWA5A,3237.986402,-0.320815119,0.058040624,3.73E-09,5.07E-07
TRIB2,222.6508574,0.794952392,0.148515449,3.97E-09,5.34E-07
CDC6,236.2420531,0.729642817,0.136298844,4.26E-09,5.64E-07
ITGAL,9437.720647,-0.430749537,0.079442316,4.28E-09,5.64E-07
ID2,11610.32683,-0.291045915,0.052933716,4.41E-09,5.76E-07
MTATP6P1,10354.07809,-0.375682957,0.069476906,4.99E-09,6.44E-07
CEP170,4363.451166,0.28566899,0.052248127,5.26E-09,6.66E-07
DDX21,3371.607731,0.4328129,0.080515861,5.26E-09,6.66E-07
LRP8,553.1952119,0.600260393,0.113011952,5.97E-09,7.49E-07
SLC46A2,171.835247,-0.866449148,0.163966988,6.13E-09,7.61E-07
SCG5,386.5266355,0.976162307,0.185608019,6.42E-09,7.89E-07
MCOLN1,4095.085432,-0.366838492,0.068368674,6.94E-09,8.44E-07
KCNJ2,1245.197467,-0.489351491,0.09270257,7.28E-09,8.78E-07
GLMP,2858.341491,-0.248221659,0.045667334,7.84E-09,9.36E-07
HLA-DRB4,910.2482121,-0.492032817,0.092989285,8.06E-09,9.54E-07
SLC2A8,807.858917,-0.394659555,0.074266502,8.40E-09,9.85E-07
SLC39A8,988.3441026,0.560100147,0.107233999,9.23E-09,1.07E-06
HSPB1,7603.975424,-0.369201435,0.069533951,9.47E-09,1.09E-06
RTL5,719.3980708,-0.531736325,0.101681743,1.06E-08,1.21E-06
CCND2,756.0798509,0.39120851,0.074648572,1.25E-08,1.41E-06
CCL2,4534.269187,1.621682585,0.319789265,1.30E-08,1.46E-06
CLDN1,1695.082156,1.02492925,0.200592522,1.38E-08,1.54E-06
CEBPA,15072.0668,-0.576068867,0.111506376,1.44E-08,1.58E-06
ADORA3,946.4970598,-0.481002823,0.09284097,1.48E-08,1.61E-06
CCL3,985.3616489,0.574085944,0.111667974,1.51E-08,1.63E-06
PIGT,4164.285423,-0.352196249,0.067702298,1.71E-08,1.83E-06
VEGFB,2203.291628,-0.324850217,0.062231596,1.78E-08,1.89E-06
ADGRD1,679.827379,-0.692823332,0.135853789,1.87E-08,1.97E-06
PLEKHG5,303.8184494,-0.688216187,0.135068018,1.96E-08,2.05E-06
THEM6,1298.22988,-0.400030709,0.077604491,1.97E-08,2.05E-06
KIAA1614,397.1321596,-0.55745851,0.109665067,2.20E-08,2.27E-06
HNRNPAB,4747.535157,0.323591655,0.062612658,2.24E-08,2.29E-06
CYTH3,2544.404724,-0.511578261,0.100500218,2.27E-08,2.31E-06
C2,4463.474881,-0.336466393,0.065175706,2.31E-08,2.33E-06
NCAPG,1242.609351,0.325730686,0.063457775,2.74E-08,2.73E-06
DDX60L,4719.693195,0.436657571,0.086236575,2.77E-08,2.73E-06
C15orf48,4360.83208,0.541924042,0.107751032,2.78E-08,2.73E-06
PLAU,2621.20758,0.365612528,0.07178898,2.86E-08,2.80E-06
GPX1,31211.7755,-0.258157704,0.049804184,2.93E-08,2.83E-06
CUX1,4415.419453,-0.393831234,0.078043871,2.95E-08,2.84E-06
APOBEC3C,2286.986687,-0.292193812,0.056827997,3.07E-08,2.92E-06
MT-ND5,141647.3694,-0.26287234,0.050737372,3.15E-08,2.99E-06
SCAMP2,5880.503454,-0.271989926,0.052846691,3.30E-08,3.10E-06
HLA-DRA,3709.552867,-0.496826753,0.099068684,3.39E-08,3.16E-06
CCL22,677.5880447,0.446055551,0.089023248,3.65E-08,3.38E-06
RFC4,381.8282755,0.509927089,0.102952078,3.72E-08,3.41E-06
LPAR5,2502.539538,-0.377364152,0.074864311,3.73E-08,3.41E-06
PLXDC2,22189.4684,-0.29382824,0.057497295,3.77E-08,3.41E-06
G3BP1,4662.192539,0.386789492,0.077066825,3.94E-08,3.55E-06
CXCL8,4410.897522,0.586200723,0.118749125,4.15E-08,3.71E-06
ADAMTS10,169.4089792,-0.993514616,0.201924368,4.32E-08,3.81E-06
INHBA,101.2573046,1.044037657,0.213489399,4.33E-08,3.81E-06
WDR81,5079.442102,-0.310884546,0.061409364,4.35E-08,3.81E-06
SERPINE1,1342.482779,0.383659114,0.076725321,4.45E-08,3.85E-06
SRSF7,1931.512553,0.337534024,0.067104323,4.45E-08,3.85E-06
NRIP3,1588.034877,0.379614002,0.076099241,4.75E-08,4.07E-06
TSR1,1405.906508,0.298730543,0.059229087,5.01E-08,4.27E-06
EDNRB,481.989648,-0.448091329,0.090547665,5.13E-08,4.35E-06
HAMP,416.0285592,-0.643270593,0.131060018,5.22E-08,4.36E-06
BMF,3433.328737,-0.588699337,0.120783389,5.22E-08,4.36E-06
UNC5B,1406.76596,-0.436571999,0.088295842,5.43E-08,4.51E-06
STC2,620.9263112,0.64509616,0.132322586,5.52E-08,4.55E-06
APOL4,745.3824291,-0.725374915,0.148995545,5.99E-08,4.91E-06
CXCL1,240.7367152,0.832298206,0.172556219,6.43E-08,5.23E-06
MAT2A,6098.604749,0.235856057,0.046854828,6.67E-08,5.36E-06
ANKRD22,189.4231916,1.074346064,0.224145993,6.70E-08,5.36E-06
RANBP1,1663.734283,0.347495275,0.070430774,6.74E-08,5.36E-06
PACS1,2938.463723,-0.278681403,0.055834389,6.75E-08,5.36E-06
MYOZ1,1232.841332,-0.386234637,0.078981021,7.10E-08,5.61E-06
MTHFD2,9032.416561,0.328052113,0.068162907,7.26E-08,5.70E-06
C1QBP,2400.627378,0.301873989,0.060914651,7.48E-08,5.83E-06
SHC3,211.9817249,0.906554934,0.189616865,7.53E-08,5.83E-06
PNPT1,1586.91084,0.506696213,0.104684671,7.61E-08,5.83E-06
TESK1,2410.503435,-0.396158018,0.080910851,7.62E-08,5.83E-06
UXS1,1433.539652,0.341167718,0.069460503,7.94E-08,6.04E-06
G0S2,1610.956062,0.352971907,0.072387485,9.07E-08,6.86E-06
DHRS9,821.1209724,-0.544404041,0.113409606,9.40E-08,7.06E-06
CITED2,5356.677417,-0.274993732,0.055655267,9.45E-08,7.06E-06
ITGB3,2551.752513,0.363764554,0.074908588,9.70E-08,7.21E-06
IRF2BPL,3232.731897,-0.39489354,0.081588065,1.01E-07,7.45E-06
CTSA,11595.64162,-0.278107948,0.056540903,1.05E-07,7.71E-06
TUBB2A,1046.139302,0.372127442,0.076993687,1.06E-07,7.71E-06
LTA4H,31609.81219,-0.259972342,0.052753392,1.08E-07,7.78E-06
WASF2,8911.979275,-0.19951625,0.0397751,1.08E-07,7.78E-06
TRAF1,336.4184719,0.537697799,0.112858634,1.10E-07,7.92E-06
ATP6V0C,26074.81636,-0.294203057,0.061030138,1.13E-07,8.10E-06
NCOA4,12108.71148,-0.262557304,0.05322376,1.16E-07,8.22E-06
CCL1,43.15766154,1.561105133,0.332472919,1.19E-07,8.39E-06
CBX7,540.3915434,-0.493509811,0.103639138,1.24E-07,8.70E-06
PSAT1,3953.639386,0.371894755,0.078045846,1.35E-07,9.41E-06
KPNB1,10889.24144,0.268009581,0.054938281,1.40E-07,9.75E-06
ATP2B4,4719.689882,0.300987329,0.062271404,1.42E-07,9.83E-06
NATD1,556.2646612,-0.43127773,0.090839009,1.46E-07,1.00E-05
EEF2,49349.51436,-0.335660535,0.070224734,1.53E-07,1.05E-05
SLC43A3,4781.996527,0.348222293,0.072752188,1.54E-07,1.05E-05
PEA15,12511.13096,0.198716185,0.040167112,1.59E-07,1.07E-05
TLR8,1855.02787,-0.414554435,0.087552099,1.60E-07,1.08E-05
CKAP4,1558.95834,0.363275143,0.076619148,1.73E-07,1.16E-05
MT-ND4,202331.9242,-0.239312828,0.049243546,1.77E-07,1.18E-05
MS4A6A,2335.387149,-0.561830954,0.120012449,1.80E-07,1.19E-05
YWHAG,8694.33521,0.269975121,0.0562592,1.92E-07,1.26E-05
DKC1,1526.228147,0.392314432,0.083485776,1.92E-07,1.26E-05
SLC46A3,670.3901357,-0.387568734,0.082356578,1.97E-07,1.29E-05
POLR2A,10196.47638,-0.329550223,0.069513753,2.01E-07,1.30E-05
HDAC5,2918.888472,-0.324293823,0.068443654,2.08E-07,1.34E-05
FARP1,4532.107673,-0.325249172,0.068764468,2.12E-07,1.37E-05
CD300LF,1233.300015,-0.381118159,0.081404092,2.26E-07,1.44E-05
XPOT,5025.57521,0.271233783,0.056928273,2.28E-07,1.45E-05
LFNG,1054.597379,0.374232002,0.080037997,2.30E-07,1.45E-05
TMT1A,2205.785998,-0.50791533,0.10977884,2.32E-07,1.46E-05
DUSP6,1438.368124,0.590245055,0.12909996,2.45E-07,1.53E-05
MAPK3,1353.158098,-0.387136225,0.083078577,2.52E-07,1.57E-05
NME1,1458.892977,0.424351417,0.092103458,2.55E-07,1.58E-05
RTN4R,446.302276,-0.549121731,0.119811825,2.69E-07,1.65E-05
ATAD3B,885.3737444,0.392086839,0.084662005,2.69E-07,1.65E-05
SLC5A3,7530.57681,0.389288444,0.083647268,2.85E-07,1.74E-05
SCRN1,2588.180674,0.313846584,0.06724862,3.08E-07,1.87E-05
CRTAP,4419.728259,-0.255776504,0.054268944,3.29E-07,2.00E-05
CDS1,378.6161967,0.525078543,0.115491417,3.40E-07,2.05E-05
TLR7,2762.152996,-0.373309254,0.081728546,3.87E-07,2.32E-05
SCIN,1739.509907,-0.248883528,0.056146603,3.98E-07,2.37E-05
DNAJC10,3762.501756,0.350107839,0.076731334,4.14E-07,2.46E-05
WDR91,2450.587589,-0.348411218,0.076181214,4.16E-07,2.46E-05
MSANTD3,577.9985301,0.483585171,0.107752744,4.25E-07,2.51E-05
SELENOP,6668.61248,-0.40349646,0.089309244,4.33E-07,2.54E-05
TSKU,1264.632559,-0.431304386,0.095562392,4.42E-07,2.58E-05
GABRE,405.7084385,-0.642879125,0.144776278,4.84E-07,2.81E-05
IRS2,1605.279005,-0.371027082,0.082125534,5.06E-07,2.92E-05
PLEK2,1013.476769,0.401623457,0.089568633,5.17E-07,2.98E-05
SUSD3,1105.718959,-0.510670739,0.114947151,5.43E-07,3.11E-05
CD81,42459.48431,-0.299758453,0.066577526,5.49E-07,3.14E-05
NPL,4281.968498,-0.246336695,0.053553903,5.62E-07,3.19E-05
MCTP1,1174.253554,0.291372357,0.064171398,6.02E-07,3.40E-05
CSF1R,30752.63839,-0.407205552,0.091351173,6.37E-07,3.59E-05
TMEM37,478.7196141,-0.413750636,0.09312239,6.40E-07,3.59E-05
MT-CYB,110538.8642,-0.259406526,0.057538002,6.50E-07,3.63E-05
DEPTOR,170.922592,-0.652500931,0.149256488,6.53E-07,3.63E-05
ETV5,2902.536757,0.322886397,0.072054159,6.80E-07,3.75E-05
HLA-DPA1,841.2352709,-0.496722085,0.112690838,6.80E-07,3.75E-05
MLYCD,783.6241237,-0.361951052,0.081246208,6.91E-07,3.79E-05
KLHL24,2747.579232,-0.418146405,0.094763965,6.96E-07,3.80E-05
PPDPF,1340.055666,-0.393238229,0.088771623,7.15E-07,3.87E-05
FOXN3,2697.743035,-0.340100057,0.076121975,7.15E-07,3.87E-05
HEXA,8685.14661,-0.161138228,0.03442505,7.17E-07,3.87E-05
KLF4,880.7329074,-0.365698153,0.082359721,7.32E-07,3.93E-05
CAPN2,2558.341805,0.385688417,0.087456453,7.42E-07,3.97E-05
TRAF3,3165.687777,0.286855046,0.063627147,7.57E-07,4.03E-05
BTG2,3683.482772,-0.33896427,0.076137169,7.74E-07,4.10E-05
MRTO4,1129.931455,0.311866039,0.069949519,8.02E-07,4.24E-05
MAMLD1,392.5942857,0.449339023,0.103771998,8.25E-07,4.34E-05
LARS1,3838.733748,0.298916301,0.066941794,8.90E-07,4.66E-05
FUS,9908.854691,0.349256129,0.079463638,9.19E-07,4.80E-05
MARCKSL1,176.3557319,0.817491146,0.192123454,9.36E-07,4.86E-05
DIRAS1,2182.951716,-0.248975888,0.05550727,9.45E-07,4.89E-05
MS4A14,839.8060114,-0.375789556,0.086205837,9.72E-07,5.01E-05
SLC29A1,9983.55255,-0.253816918,0.056880805,9.90E-07,5.08E-05
TUBA1A,4815.293923,0.355767096,0.081491859,1.02E-06,5.19E-05
MXD4,3196.744629,-0.366345972,0.084346343,1.15E-06,5.83E-05
NFATC2,1075.718177,-0.393790618,0.091097415,1.16E-06,5.87E-05
SELENOI,1065.172265,0.356581443,0.082132985,1.17E-06,5.90E-05
PIK3IP1,891.9992129,-0.433150106,0.100703254,1.17E-06,5.90E-05
CACFD1,198.4837351,-0.602605528,0.141694832,1.21E-06,6.06E-05
RASA2,619.4544262,0.398647792,0.092856802,1.26E-06,6.27E-05
DPEP2,907.2298423,-0.521068012,0.122927508,1.34E-06,6.67E-05
AMDHD2,2346.636952,-0.391208822,0.091719011,1.35E-06,6.70E-05
B3GNT7,933.9742811,-0.356001827,0.082862408,1.36E-06,6.73E-05
FNDC3B,5912.965062,0.210626083,0.047085449,1.37E-06,6.76E-05
BCAT1,5937.350337,0.276023239,0.062999961,1.39E-06,6.82E-05
ASPH,6512.62225,0.279704065,0.064051899,1.40E-06,6.82E-05
CELSR2,267.9487886,-0.652593746,0.15565855,1.42E-06,6.91E-05
PPFIBP1,855.1385583,0.453685983,0.10715525,1.46E-06,7.06E-05
MCM4,1444.876442,0.485904372,0.115407392,1.48E-06,7.16E-05
SRXN1,975.6998523,0.311727231,0.072352149,1.56E-06,7.51E-05
TESK2,654.935849,-0.437272827,0.103524756,1.61E-06,7.72E-05
ENG,30214.9536,-0.298847432,0.071050159,1.62E-06,7.74E-05
SLC37A2,12986.37605,-0.252194749,0.057787087,1.73E-06,8.21E-05
BATF3,172.2603574,0.682330086,0.165347187,1.75E-06,8.28E-05
KIAA2013,3520.493945,-0.231772637,0.052860833,1.76E-06,8.29E-05
CNIH4,1441.696265,0.34253685,0.080530936,1.76E-06,8.29E-05
ASRGL1,415.5485893,-0.499578058,0.119697837,1.82E-06,8.53E-05
SYK,8397.212908,-0.223944133,0.050940137,1.84E-06,8.57E-05
NUCB1,9627.869431,-0.273071885,0.063291413,1.90E-06,8.80E-05
CCL7,366.1872976,1.708128865,0.425054648,1.90E-06,8.80E-05
PI4K2B,981.9510763,0.356430596,0.084413206,1.93E-06,8.89E-05
TP53INP1,1459.47318,-0.31533181,0.074073912,2.00E-06,9.18E-05
UBE2N,1378.191963,0.323638757,0.076316823,2.04E-06,9.33E-05
STING1,1960.116155,-0.337527484,0.07975497,2.05E-06,9.37E-05
ZDHHC12,1233.297983,-0.322831347,0.076288865,2.16E-06,9.84E-05
MRPS6,5554.883208,0.382544838,0.091730054,2.17E-06,9.84E-05
NFAM1,4738.422881,-0.301497282,0.071205017,2.37E-06,0.000106834
RTN1,3294.604422,-0.279215455,0.065766935,2.37E-06,0.000106834
MCF2L,204.5706151,-0.704950447,0.173526573,2.39E-06,0.000106994
SRSF3,3712.792134,0.354389125,0.084959097,2.39E-06,0.000106994
KCNAB1,158.6993869,-0.727669361,0.179316237,2.44E-06,0.000108799
SLC45A4,855.64728,-0.421995755,0.102198068,2.53E-06,0.000112123
HMGA2,1938.179316,0.906018835,0.226450762,2.55E-06,0.000112659
RBM3,5116.144317,0.282254744,0.066734703,2.56E-06,0.000112659
PPP2R1A,6829.961604,-0.182666738,0.041870122,2.94E-06,0.000129215
CHCHD10,1736.949824,-0.272372808,0.064579176,2.95E-06,0.000129215
NES,2805.529072,0.374416645,0.091139232,2.99E-06,0.000130252
TRAPPC9,885.695264,-0.384825035,0.093722633,3.00E-06,0.000130265
HDAC6,1810.008496,-0.23093339,0.054207045,3.15E-06,0.000136583
SLC35F2,593.6088575,0.349944604,0.08512653,3.22E-06,0.000138959
CCND1,3929.170193,0.370768649,0.090709619,3.23E-06,0.000138959
RETREG2,3578.740563,-0.24783837,0.058683988,3.30E-06,0.000141574
CD37,960.2832844,-0.325118879,0.078693138,3.31E-06,0.000141574
SH2B2,788.2817355,-0.52454777,0.130625023,3.43E-06,0.000146375
PTPRE,4441.231859,0.280797725,0.067512028,3.48E-06,0.000147702
CLSTN1,4963.917954,-0.282683641,0.067873163,3.49E-06,0.000147702
TUBB3,434.4741326,0.505655948,0.126399706,3.51E-06,0.000147947
BTBD2,1815.184956,-0.316946935,0.076934862,3.70E-06,0.000155582
KLHL38,54.88457184,-0.967186769,0.245292297,3.72E-06,0.000155757
PINK1,2638.137108,-0.274211411,0.065968191,3.74E-06,0.00015615
CTPS1,772.4489739,0.456115209,0.11401323,3.75E-06,0.00015615
OPRL1,427.944808,-0.386003274,0.095536203,4.00E-06,0.000165565
SLAMF7,949.9035366,0.408256504,0.101739767,4.00E-06,0.000165565
CLPTM1,6424.765695,-0.241153784,0.057615902,4.05E-06,0.000166576
P2RY11,2655.081171,-0.2928435,0.071142488,4.05E-06,0.000166576
ALDH1A2,3532.693676,0.335654583,0.08256544,4.07E-06,0.00016676
TECR,3344.100302,-0.22883051,0.05445408,4.14E-06,0.00016911
CD44,16677.15104,0.269245858,0.064989801,4.22E-06,0.000171669
WTAP,2246.503529,0.249133187,0.059836592,4.32E-06,0.000175264
PCDHGC3,2928.632154,-0.31010856,0.07604293,4.39E-06,0.000177765
QKI,9955.792009,-0.219119149,0.052658626,4.43E-06,0.000178635
CD93,172.2678179,0.837341265,0.216399989,4.48E-06,0.00017997
TNFRSF12A,1096.370512,0.291613507,0.071342079,4.53E-06,0.000181632
GAA,12548.55695,-0.362144823,0.089936627,4.56E-06,0.000182295
GEM,266.5513617,0.564497276,0.144420378,4.69E-06,0.00018668
FCGRT,14031.52399,-0.31612372,0.07755229,4.73E-06,0.000187837
PTDSS2,1158.075743,-0.312289616,0.076973997,4.78E-06,0.000189019
FUCA1,2792.578619,-0.217714154,0.05200796,4.83E-06,0.00018995
CFD,368.1939621,-0.505188764,0.128282887,4.83E-06,0.00018995
PAQR5,1831.330739,0.360956847,0.090227057,4.87E-06,0.000191077
RAP1B,8193.255788,0.305569152,0.075378688,5.02E-06,0.000196204
PA2G4,3610.913702,0.23308125,0.056198593,5.08E-06,0.000197961
SOD2,20289.67174,0.300863367,0.074404363,5.09E-06,0.000197961
MLLT11,242.3466115,0.662573219,0.171350806,5.13E-06,0.000198897
ZNF703,908.8871651,-0.353333174,0.088465888,5.33E-06,0.000205846
ALDH2,6676.539352,-0.35121777,0.085902315,5.35E-06,0.000205846
KCNC3,1216.810922,-0.284577476,0.070108109,5.41E-06,0.00020771
WIPF3,638.1701851,-0.386176575,0.097054196,5.51E-06,0.000210959
IDH2,5232.81264,-0.226624325,0.05488381,5.78E-06,0.000220428
PLD3,52068.83022,-0.26785118,0.066148408,5.79E-06,0.000220428
MICAL2,1401.221212,0.314357402,0.078599793,5.92E-06,0.000224303
SORL1,8225.775531,-0.355707287,0.089578549,5.93E-06,0.000224303
FAXDC2,631.4338003,-0.41099318,0.104756018,6.02E-06,0.000227055
EIF5A,10366.36697,0.268020205,0.067968964,6.06E-06,0.00022802
OGFRL1,5193.718067,0.281106629,0.070121341,6.38E-06,0.000238312
HIC1,112.2788509,0.816781441,0.21533283,6.38E-06,0.000238312
SEH1L,846.2867888,0.293558611,0.07350554,6.39E-06,0.000238312
PSTPIP1,1020.723374,0.396125445,0.10147052,6.51E-06,0.000242087
EYA2,566.936323,-0.370175143,0.094328831,6.72E-06,0.000249195
NDC1,1063.222042,0.252305398,0.062456825,7.07E-06,0.000261423
CCDC92,2293.816421,-0.237615885,0.058537136,7.13E-06,0.000262594
KIF26B,67.34409745,-1.339855326,0.357417549,7.41E-06,0.000272233
IKBKE,2230.624395,0.213262742,0.052120982,7.44E-06,0.000272522
PRKCH,325.0435881,0.542161994,0.142649531,7.53E-06,0.000275007
SLCO4A1,193.0061057,0.79932101,0.213555032,7.58E-06,0.000276036
C1orf127,106.7647409,-0.813563015,0.215992249,7.67E-06,0.000278541
LRRK1,3238.75483,-0.405027758,0.105008476,8.05E-06,0.000291446
DOCK5,3057.081535,0.208901157,0.051202893,8.13E-06,0.000293798
SESN3,144.5926918,-0.746506914,0.199287707,8.33E-06,0.000299889
SRSF9,3786.880745,0.192679544,0.047027981,8.64E-06,0.000310242
MOSPD3,434.4485738,-0.397993158,0.10397396,9.04E-06,0.000323271
ME2,3759.964279,0.29744032,0.076098544,9.05E-06,0.000323271
FAM78A,3730.180555,-0.240544084,0.060419317,9.11E-06,0.000324608
PAPSS1,6532.633777,0.247438995,0.062137201,9.17E-06,0.000325568
ABHD4,1319.53556,-0.294157462,0.075218252,9.42E-06,0.000333703
PALLD,4429.498317,-0.206836633,0.05122482,9.53E-06,0.000336658
GPAA1,2972.675856,-0.266646013,0.067578498,9.59E-06,0.000337764
TMPO,3222.271472,0.240216641,0.060373167,9.68E-06,0.000339945
NHP2,1087.674303,0.263521305,0.066346104,1.00E-05,0.000350487
HSPE1,1418.501944,0.403762579,0.107205497,1.01E-05,0.000351908
SERPINB9,561.6394008,0.473887733,0.126648212,1.04E-05,0.000363629
IL1B,627.9550911,0.932290537,0.256565342,1.05E-05,0.000363712
SLC19A1,1573.980815,-0.325108518,0.084379772,1.05E-05,0.000363712
CXCL5,230.6001617,1.48454135,0.414654028,1.06E-05,0.000364276
PRAM1,4561.997339,-0.34026814,0.088846067,1.06E-05,0.000364276
TPST2,1587.225865,-0.32352019,0.084068204,1.07E-05,0.000368693
FXYD5,5118.844075,-0.257502552,0.06611787,1.09E-05,0.000374692
CMAS,1358.347971,0.256426748,0.065414711,1.10E-05,0.00037656
TACSTD2,124.234875,0.635914762,0.172431171,1.11E-05,0.00037656
RTN2,634.9013814,-0.304143002,0.078836229,1.11E-05,0.00037656
MMP12,261.278771,0.678691628,0.185405624,1.11E-05,0.00037656
SYNGR2,7881.227983,-0.196738658,0.048907845,1.12E-05,0.00037656
COL1A1,2932.113196,-0.503335732,0.136162398,1.12E-05,0.00037656
TIFA,363.2028291,-0.448580173,0.119710116,1.12E-05,0.00037656
BLTP3A,2831.660242,-0.220351832,0.055396079,1.13E-05,0.000377958
SMPD1,1066.029654,-0.331684758,0.086790896,1.15E-05,0.000382298
DBN1,265.0460406,0.575710421,0.156463351,1.15E-05,0.000382298
ZNF362,1130.094581,-0.339427956,0.088982993,1.15E-05,0.000382298
CD48,777.7870918,0.46161593,0.123879299,1.15E-05,0.000382298
P3H2,933.9361652,0.798368816,0.220105156,1.15E-05,0.000382304
TRIM22,5700.092491,0.275130544,0.070921283,1.19E-05,0.000391469
PDCD5,796.3926482,0.41464994,0.110909621,1.19E-05,0.000391469
ZER1,1358.128105,-0.318863913,0.083363408,1.19E-05,0.000391469
RAI14,2167.682461,0.425474242,0.114078897,1.19E-05,0.000391469
ARSA,2365.771912,-0.31348481,0.081956949,1.21E-05,0.000394338
EIF4EBP2,5476.293039,-0.20980381,0.052620989,1.22E-05,0.00039739
UBXN6,5318.08853,-0.207878721,0.052265776,1.25E-05,0.000407016
CD226,50.11483176,1.442796113,0.406603395,1.30E-05,0.000420815
TTC7A,6756.774234,-0.289397883,0.075444313,1.30E-05,0.000421967
DUSP5,482.296739,0.354978952,0.094326815,1.31E-05,0.000422778
RHOBTB1,1709.5301,-0.330158892,0.087154763,1.33E-05,0.000428093
MARCHF2,1827.255391,-0.216590069,0.0549396,1.34E-05,0.000429535
SRSF10,2240.995027,0.220603854,0.056209732,1.40E-05,0.000447963
EXOSC8,763.2374323,0.375337478,0.100860103,1.40E-05,0.000448483
GHDC,837.8366031,-0.261563411,0.067672633,1.41E-05,0.000450101
LYNX1,901.9371687,-0.542627764,0.148937618,1.43E-05,0.000455703
TUBB,19057.36014,0.22493968,0.057611418,1.47E-05,0.000465033
PIPOX,281.8539885,-0.509965978,0.139814682,1.47E-05,0.000465385
KCTD20,2658.87484,0.226966735,0.058237671,1.48E-05,0.000468118
EMP1,7855.222517,0.302759897,0.080272149,1.50E-05,0.000472627
CPVL,3138.642741,-0.246089395,0.063863085,1.51E-05,0.000473748
TXN,2025.923616,0.380320038,0.103673787,1.51E-05,0.000474402
GPR108,2260.414985,-0.219973207,0.056276166,1.52E-05,0.000475625
PDK2,934.2674666,-0.382800082,0.103234742,1.53E-05,0.000475625
ARL11,875.2321254,0.379895123,0.102740545,1.53E-05,0.000476512
TNF,78.39373397,0.836907045,0.234428225,1.54E-05,0.000477526
ACSL5,585.9220141,0.349785824,0.094099206,1.57E-05,0.00048533
NEU1,4081.837718,-0.208125948,0.053020905,1.57E-05,0.00048533
MSMO1,593.8177741,0.473365002,0.130168688,1.58E-05,0.000487913
DCTPP1,1138.0481,0.262216341,0.068654231,1.59E-05,0.000489807
KHDRBS3,326.5531332,0.607233099,0.16998535,1.64E-05,0.000503699
LRPAP1,8891.224353,-0.199710412,0.05083812,1.69E-05,0.000516425
CORO1B,8550.546518,-0.227698587,0.058896374,1.72E-05,0.000524971
UAP1L1,3797.221206,-0.296123305,0.078895389,1.74E-05,0.000529653
ZDHHC24,982.8423336,-0.319507362,0.085738704,1.76E-05,0.000534169
NDUFS7,2693.488415,-0.233126451,0.060788943,1.77E-05,0.00053536
RAB11B,3562.747511,-0.266109538,0.070192682,1.77E-05,0.000536082
POLR1C,543.573683,0.34120196,0.092318711,1.78E-05,0.000537084
BRIX1,500.0809847,0.379581241,0.103765812,1.80E-05,0.000538743
TNFAIP8L1,1068.259398,-0.273687863,0.072459456,1.80E-05,0.000538743
CRYBB1,339.0481586,-0.410049669,0.11254449,1.81E-05,0.000539178
INF2,3559.400344,-0.313096826,0.084530899,1.81E-05,0.000539178
ANOS1,2663.314499,-0.246800503,0.064672347,1.81E-05,0.000539178
CDC45,260.2472211,0.462683598,0.128457604,1.82E-05,0.000542443
MAD2L1,687.3396765,0.403926137,0.111245137,1.88E-05,0.000556385
UCHL5,881.2831403,0.313446566,0.08448105,1.89E-05,0.000557105
USF2,8903.394154,-0.204201914,0.052640303,1.89E-05,0.000557105
SLC7A8,3075.789312,-0.243797914,0.063942245,1.89E-05,0.000557105
OTUD6B,473.968865,0.392377288,0.108088088,1.90E-05,0.000559226
IER5L,4261.633809,-0.415216943,0.114444652,1.92E-05,0.000561121
APOE,274280.3471,-0.18919643,0.048283632,1.92E-05,0.000561121
SDCCAG8,1981.675306,0.262391219,0.069591823,1.94E-05,0.000564494
HSPA9,11671.04803,0.248170022,0.065465938,1.94E-05,0.000564494
UHRF1,1034.18479,0.337995297,0.091144412,1.94E-05,0.000564494
GFOD1,1018.242052,0.268093003,0.071380978,1.97E-05,0.000569777
ITGA9,406.1909541,-0.588097005,0.165489913,1.97E-05,0.000569777
SLC9B2,183.1974446,0.581684878,0.165131986,1.97E-05,0.000569777
CLEC11A,3132.189796,-0.207402423,0.053610885,2.00E-05,0.000575178
TNFRSF10A,222.5490646,0.655407238,0.186880552,2.01E-05,0.000577403
LILRA5,297.439535,0.488980778,0.137508457,2.06E-05,0.000591773
NOP58,1329.446048,0.296660801,0.080176227,2.10E-05,0.000601124
DYNC1LI2,3445.836458,0.196468154,0.050701132,2.11E-05,0.000602274
ABTB1,1034.051605,-0.355473714,0.097546006,2.12E-05,0.000602274
NCKAP1L,16765.6159,-0.173589563,0.044286872,2.14E-05,0.000607607
TEX264,1668.975311,-0.250124263,0.066359367,2.14E-05,0.000607644
FAM174C,1413.241064,-0.262581437,0.070102544,2.16E-05,0.000611997
MMP9,22325.4455,0.406282314,0.113451593,2.18E-05,0.000615716
GNL3,1314.821607,0.29534729,0.080094825,2.23E-05,0.000627139
HERC1,3660.293162,-0.306412176,0.083122462,2.24E-05,0.000628073
IARS1,5570.206719,0.309433422,0.084446148,2.25E-05,0.000629995
SOWAHD,627.3742222,-0.299634083,0.080300656,2.28E-05,0.000637191
KIAA0930,18976.051,-0.205791255,0.053632349,2.29E-05,0.000638711
NUPR1,9717.364769,-0.315379289,0.086255784,2.30E-05,0.000638808
EXOG,327.0092492,0.366342551,0.101380235,2.30E-05,0.000638808
RENBP,3234.860936,-0.209488039,0.054858355,2.31E-05,0.000638808
KCNQ3,792.5429747,-0.437529115,0.122762632,2.31E-05,0.000638808
SLC7A5,14035.54641,0.316923563,0.086453407,2.32E-05,0.000640299
SLC25A35,418.3389225,-0.370123848,0.102926183,2.33E-05,0.000642302
TMEM51,2993.508008,-0.208131782,0.054338268,2.40E-05,0.000659456
ST6GAL1,12889.38389,-0.195835323,0.050958495,2.44E-05,0.000666955
GPR137,1011.161577,-0.281705433,0.076495003,2.44E-05,0.000666955
PALM2AKAP2,182.5995347,0.868266384,0.255667025,2.44E-05,0.000666955
RINT1,421.818335,0.332220009,0.091808186,2.46E-05,0.000669384
HDLBP,13825.44371,-0.173231367,0.044463365,2.46E-05,0.000669455
COL23A1,93.664813,-0.657773412,0.189337442,2.49E-05,0.000675901
LRP3,1061.773403,-0.424394724,0.119622394,2.50E-05,0.000676179
ADSS2,1848.367247,0.309427106,0.085215655,2.54E-05,0.000686647
TUBA1C,6756.709006,0.248570425,0.066692353,2.55E-05,0.000686647
EDEM1,2808.208601,0.277259042,0.075377804,2.59E-05,0.000696793
ARID5A,2909.168156,-0.24813164,0.066814326,2.59E-05,0.000696793
TJP2,351.384426,-0.410151691,0.115827574,2.63E-05,0.000705421
PTPN13,1202.928707,0.39077606,0.110308867,2.64E-05,0.000706142
UCK2,1008.934996,0.432277676,0.123087212,2.65E-05,0.000706407
NUP214,1793.336741,-0.441909161,0.125453879,2.65E-05,0.000706407
DYRK1B,452.3327108,-0.413991229,0.117015189,2.66E-05,0.000706407
PSMC3,3294.21219,0.224860667,0.059900401,2.67E-05,0.000708038
DPH1,1067.768639,-0.348437294,0.097135389,2.68E-05,0.00071057
CCL4L2,131.0420943,0.668715797,0.194975076,2.70E-05,0.000713367
FTH1,182568.4966,-0.180183179,0.048445913,2.74E-05,0.000723215
CCL5,788.3875405,0.435443178,0.124388064,2.77E-05,0.000728293
SGPP1,3813.098055,-0.179940383,0.046916132,2.85E-05,0.00074725
FKBP8,7286.195127,-0.19855354,0.052298882,2.87E-05,0.000751628
ITGB2,74214.03532,-0.197720005,0.052077221,2.90E-05,0.000757178
EHMT2,1896.876011,-0.282541684,0.078821946,2.92E-05,0.000762543
RPS6KA1,9165.453295,-0.195294516,0.051367614,2.93E-05,0.000763665
ACP5,24371.16167,-0.212885823,0.056865367,2.96E-05,0.000767411
A2M,53910.95086,-0.22469079,0.060696415,2.96E-05,0.000767411
USP30,574.9388459,-0.435726212,0.124583695,2.97E-05,0.000767411
ARF6,5355.134178,0.159200703,0.041031733,3.00E-05,0.000775959
PDK4,388.9109732,-1.310378296,0.388064779,3.04E-05,0.000783944
CEACAM21,104.1182327,-0.628760593,0.184019198,3.05E-05,0.000784752
RCN1,2545.421153,0.244922869,0.066465683,3.06E-05,0.000785376
XYLT1,1254.687868,-0.383236037,0.108823344,3.07E-05,0.000786266
CNPY3,5282.584036,-0.20259753,0.053785174,3.07E-05,0.000786266
MDK,345.3286362,-0.372611884,0.105749344,3.14E-05,0.00080147
ARID5B,1026.050898,-0.302990101,0.084432912,3.18E-05,0.000808247
RILPL2,2000.365331,0.200380035,0.053260008,3.18E-05,0.000808247
COL5A3,221.0950017,0.616092326,0.182121182,3.20E-05,0.000811354
TSEN15,987.5640223,0.262561263,0.072212717,3.22E-05,0.000814667
SEMA4D,4693.653247,0.293841728,0.082220363,3.40E-05,0.000858354
RYR1,60.38838928,-1.480938141,0.445902675,3.41E-05,0.000858354
TRMT6,556.1761511,0.353064208,0.100709298,3.41E-05,0.000858354
YWHAZ,15718.86502,0.188456745,0.050084087,3.47E-05,0.000872367
CRABP2,1909.479511,0.243155475,0.066608664,3.51E-05,0.000878687
CCL4,181.782863,0.673681011,0.201374156,3.52E-05,0.000880163
RAB21,2180.481156,0.220021138,0.05957651,3.55E-05,0.000887667
CCT2,2495.359187,0.249934024,0.068835441,3.56E-05,0.000888202
FAM110B,316.2261428,-0.38719369,0.111608578,3.60E-05,0.000894847
ZNF385A,8824.936159,-0.209262309,0.056345722,3.61E-05,0.000896571
EIF4E,2088.795717,0.266999135,0.074664473,3.64E-05,0.000901413
LDB1,4199.042475,-0.282860889,0.079537663,3.71E-05,0.000916393
RNF130,5778.866399,-0.178510585,0.04713298,3.72E-05,0.000919141
SEZ6L2,868.8939723,-0.269889533,0.075196794,3.76E-05,0.000926827
PHETA1,1087.871808,-0.259084467,0.071956366,3.83E-05,0.000942311
SERINC2,862.5704987,-0.266440247,0.074275461,3.86E-05,0.000946139
AP1S2,2550.563927,0.388183962,0.112933546,3.89E-05,0.00095231
CPTP,665.8101173,-0.280499474,0.078713357,3.90E-05,0.00095231
BAZ1B,4172.571274,0.16791882,0.044294976,3.92E-05,0.000954261
TASL,1008.828825,-0.245049027,0.06781018,3.92E-05,0.000954261
PABPC1,40763.07896,-0.168183579,0.044998877,3.95E-05,0.000960815
PACS2,2381.00369,-0.211204785,0.05736072,4.01E-05,0.000971801
CMTM7,1105.515377,-0.262440243,0.07328822,4.06E-05,0.000983498
KCNMB1,503.1022177,0.377707841,0.110004478,4.08E-05,0.000986322
CDK2AP2,1330.461628,-0.276060008,0.077597206,4.10E-05,0.000988276
MMP24OS,1965.993155,-0.319954398,0.090541359,4.12E-05,0.0009912
DUSP3,4361.907145,-0.179384735,0.047786124,4.13E-05,0.0009912
PLOD1,7155.484205,-0.214817239,0.058811195,4.13E-05,0.0009912
MVB12A,961.2615408,-0.243630797,0.067478634,4.15E-05,0.000993336
UFM1,2044.581517,0.264096868,0.074109896,4.17E-05,0.000995618
DNAJC4,1066.438294,-0.296480602,0.084299515,4.20E-05,0.001002261
HNRNPDL,6308.593388,0.251583615,0.070269853,4.27E-05,0.001015967
USP10,2165.237721,0.253337184,0.070318824,4.28E-05,0.001015967
SPTBN2,337.2043814,-0.678838654,0.205368195,4.28E-05,0.001016291
VAT1,15050.19316,-0.181051818,0.049376502,4.36E-05,0.001033248
NIT2,957.1279821,0.251655773,0.070308377,4.38E-05,0.001035143
OTUD5,2517.429601,-0.206554133,0.056372361,4.47E-05,0.001055127
TUBE1,301.6901889,0.412444241,0.121978368,4.48E-05,0.001055127
BLOC1S3,692.3994892,-0.344066296,0.099823576,4.49E-05,0.001056168
TSC22D1,4104.54248,0.201935256,0.054029048,4.58E-05,0.001075538
FTSJ3,1589.339831,0.218978192,0.060427852,4.62E-05,0.001081154
RAN,7115.74697,0.215575314,0.059370226,4.63E-05,0.00108207
B4GALT5,3753.461884,0.200628077,0.054723244,4.72E-05,0.001100905
GARS1,5402.325554,0.280720243,0.080367361,4.73E-05,0.0011014
LRRFIP1,6028.856705,0.179107958,0.048369968,4.76E-05,0.001107035
SNX30,3586.903042,-0.19073979,0.051796255,4.83E-05,0.001120448
CDK6,1250.73352,0.381166321,0.112850484,4.88E-05,0.001129294
GAS7,7278.470344,-0.232401392,0.06447541,4.92E-05,0.001137256
TUBB6,3960.30507,0.274119741,0.078323332,4.94E-05,0.001140726
PSMA6,3905.295712,0.252620955,0.071506939,5.00E-05,0.001151406
GRINA,10492.87587,-0.188467439,0.051354437,5.01E-05,0.001151413
WDTC1,2423.913018,-0.247042397,0.069614459,5.03E-05,0.001154076
RPS6KL1,387.363875,0.421333721,0.126097902,5.04E-05,0.001154076
DOC2A,184.5766355,-0.507791109,0.153685338,5.09E-05,0.001164474
ARPP19,3470.416327,0.193849716,0.053064054,5.16E-05,0.001177997
XPO1,5046.420636,0.219671536,0.061212593,5.22E-05,0.001190653
ERH,2864.761653,0.298299165,0.086478395,5.23E-05,0.001190744
RAB42,2186.020259,-0.292163892,0.084323596,5.31E-05,0.001205841
ATG7,2577.316816,-0.175850881,0.048374922,5.33E-05,0.001207848
STARD4,1096.313657,0.333560827,0.098146005,5.36E-05,0.001212603
FBRS,4459.052159,-0.297276428,0.086079151,5.39E-05,0.001217652
FAM20C,11736.66723,-0.245172699,0.069047545,5.45E-05,0.001228961
KCNE3,1959.235376,-0.255829663,0.072819474,5.46E-05,0.001228961
DUSP4,439.3367616,0.311726945,0.091167174,5.48E-05,0.001230233
DOK3,7052.407522,-0.224112513,0.06332766,5.61E-05,0.001258139
CXCL3,93.21866387,0.969162118,0.305995288,5.62E-05,0.001258139
ZNF697,784.27314,0.316232346,0.092876266,5.66E-05,0.001263023
COQ8A,1455.077601,-0.273927656,0.079051284,5.66E-05,0.001263023
GPR34,4932.917295,-0.286383375,0.083265289,5.68E-05,0.001264021
PLRG1,1240.659727,0.301031162,0.087963428,5.68E-05,0.001264021
HMGB1,7913.442602,0.23582671,0.066872543,5.76E-05,0.001279321
BTF3L4,1915.726754,0.228989502,0.064644585,5.79E-05,0.001281921
IL6R,3219.704726,-0.243894474,0.069377254,5.87E-05,0.001298775
SOX12,1017.434436,-0.264974458,0.076419992,5.96E-05,0.001315991
TADA3,2377.333869,-0.218108568,0.061354538,6.13E-05,0.001351748
MGAT1,18294.70537,-0.271009941,0.078355311,6.16E-05,0.00135494
MIB2,832.1074471,-0.36597429,0.109987362,6.27E-05,0.001377546
PDGFC,1536.671176,-0.215914776,0.06072477,6.28E-05,0.001377903
CYCS,4164.895795,0.292676319,0.085922629,6.32E-05,0.001382929
ATP2C1,3968.928138,0.199644319,0.055547552,6.37E-05,0.001391661
HADH,1264.07974,-0.262352591,0.075979765,6.48E-05,0.001412896
BTD,726.1603988,-0.274640378,0.080065358,6.51E-05,0.001417802
SORBS3,3539.568874,-0.358039243,0.107536381,6.58E-05,0.001430024
RNF135,1789.797897,-0.224844571,0.064127638,6.62E-05,0.00143079
SYNE3,564.6650303,0.348099254,0.104675029,6.62E-05,0.00143079
ATP6AP1,17045.21041,-0.208498518,0.058718797,6.62E-05,0.00143079
EXT2,1968.337398,-0.262006489,0.076330719,6.63E-05,0.00143079
STIM1,2615.553121,-0.198119218,0.055451291,6.80E-05,0.001463604
ASNS,1287.670734,0.326330876,0.097705279,6.80E-05,0.001463604
RPL22L1,623.5554428,0.45170852,0.139871301,6.83E-05,0.001468451
CHST2,956.6208427,0.346110184,0.104429858,6.85E-05,0.001468451
ZNF146,1249.681454,0.355633372,0.108083595,6.86E-05,0.001468451
SYS1,1576.197865,-0.305653458,0.090602326,6.88E-05,0.001469081
AK6,490.4421094,0.312644381,0.093153737,6.88E-05,0.001469081
GALNT2,6163.757922,-0.192376978,0.053836647,6.98E-05,0.001487539
DHX15,2655.973896,0.222851937,0.063205922,7.09E-05,0.001507395
SNX18,3376.67273,-0.335319245,0.100652707,7.11E-05,0.001509458
SLC4A7,1988.964196,0.278072305,0.081983073,7.19E-05,0.001524281
BCKDK,2139.171427,-0.206149455,0.058748723,7.22E-05,0.001529115
ZFP36L2,9645.893762,-0.336798388,0.101375916,7.24E-05,0.001530172
USP12,2242.080123,0.271268306,0.079776953,7.26E-05,0.00153099
S100A10,4342.776203,0.288725563,0.085753587,7.35E-05,0.001547625
CIRBP,4885.745997,0.174563524,0.048403629,7.51E-05,0.001578624
SPNS1,4572.067479,-0.215837134,0.061612384,7.53E-05,0.001579912
NUDT15,295.8226085,0.35521927,0.108432053,7.68E-05,0.001609312
SNRPA1,796.1638231,0.312400978,0.094044626,7.72E-05,0.001614326
MED12,2373.846937,-0.236595929,0.068546726,7.73E-05,0.001614326
HPS1,4377.022299,-0.203332385,0.057786977,7.75E-05,0.001616069
CLSPN,645.2494278,0.305080496,0.091594315,7.77E-05,0.001616069
SLC25A25,563.7801337,0.328997109,0.099700006,7.77E-05,0.001616069
ANTXR1,660.2438472,-0.343532213,0.106083553,8.06E-05,0.001672771
HNRNPR,3778.187486,0.191174756,0.054061561,8.15E-05,0.001689674
INA,120.9217292,0.826531445,0.270373972,8.28E-05,0.001712547
TMEM94,2728.711093,-0.421282391,0.130353338,8.35E-05,0.001723999
ACE,3543.295448,-0.317846459,0.096307856,8.37E-05,0.001725524
KLF16,2013.061426,-0.20500253,0.058503118,8.42E-05,0.001732758
SSB,4019.174647,0.307051751,0.091848782,8.45E-05,0.001737208
ALG12,957.4671595,-0.382469709,0.118378699,8.51E-05,0.001745746
IFRD2,1471.809381,0.202869267,0.058043122,8.58E-05,0.001758424
NOP16,389.2633302,0.341058712,0.105281782,8.61E-05,0.001760372
MAF,5267.764219,-0.20154219,0.057938996,8.64E-05,0.001761803
DGAT1,1419.829491,-0.250051909,0.073632495,8.64E-05,0.001761803
PBXIP1,1893.270378,-0.301949658,0.089615922,8.68E-05,0.00176668
LILRB2,1333.436986,0.264804095,0.078976219,9.02E-05,0.001832775
ZNF444,660.7285708,-0.330955097,0.101594925,9.13E-05,0.001851883
NETO2,762.3916365,0.437566709,0.139193517,9.29E-05,0.001878205
FXYD2,121.2717887,0.793758671,0.262629086,9.29E-05,0.001878205
C3AR1,9072.295858,-0.242295053,0.070937513,9.31E-05,0.001878205
STARD3,2731.534131,-0.243732458,0.071987239,9.31E-05,0.001878205
KCNG1,328.5580583,0.480430348,0.154082541,9.44E-05,0.001898117
RASSF1,1810.264048,0.184921333,0.052371055,9.44E-05,0.001898117
EPHX1,1113.455502,-0.262466072,0.078422244,9.46E-05,0.001898117
MAN2B2,3795.458906,-0.232320425,0.068248929,9.52E-05,0.001907654
ALDH3B1,2293.753439,-0.2158948,0.062462701,9.55E-05,0.001908516
TP53INP2,828.1563936,-0.317577468,0.09703295,9.55E-05,0.001908516
STYXL2,69.4940856,-0.723332137,0.236495112,9.58E-05,0.001911214
WDR7,1333.548319,-0.292565279,0.090825153,9.60E-05,0.001912152
CCT5,4990.504955,0.232996986,0.068572715,9.64E-05,0.001916301
CCL13,1007.928497,0.718169355,0.238173847,9.72E-05,0.001928811
GNPNAT1,668.9942788,0.314425037,0.096407998,9.74E-05,0.001930365
HLA-DPB1,728.9609892,-0.340642253,0.105720226,9.95E-05,0.001969778
CNOT3,1557.249587,-0.243671867,0.072359261,0.000100771,0.001991273
TMOD2,781.2717832,0.258016021,0.077636023,0.000103778,0.002047533
VPS11,2086.213021,-0.202087937,0.059195996,0.000104183,0.002052215
SPDL1,717.5243784,0.297530725,0.091480358,0.000104336,0.002052215
ACOT9,1498.227631,0.223022177,0.065833112,0.000105461,0.002071155
SH3BP5,847.3662666,0.302833814,0.093476171,0.000106287,0.002080184
MANBA,3810.332583,-0.188216062,0.053942368,0.000106374,0.002080184
RAP2B,6604.819565,-0.13761109,0.038001101,0.000106409,0.002080184
PEPD,4570.215415,-0.161590702,0.045672391,0.000109601,0.002139073
NOL11,787.1039928,0.249554838,0.075138725,0.000109756,0.002139073
WDR41,985.1972529,0.254753001,0.077188217,0.000112008,0.002175692
SIDT2,1990.514679,-0.336005243,0.105035805,0.000112042,0.002175692
SLC15A3,18910.65109,-0.171663828,0.051074582,0.000112146,0.002175692
HOMER2,780.8174935,-0.527524254,0.172521718,0.000112721,0.002183544
ACSL3,4045.779061,0.313386849,0.098128173,0.000113246,0.002190399
TBXAS1,4003.115861,-0.226816626,0.067239448,0.000113704,0.002195931
INTS1,5181.057882,-0.276068803,0.084443656,0.000114178,0.002201766
CMTM3,6615.096576,-0.167609177,0.047667459,0.00011463,0.002207144
ACTA2,256.3400439,-0.356463771,0.112860562,0.000114842,0.002207897
CYP27A1,15068.83853,-0.203316111,0.059694962,0.000115939,0.002225651
AGPAT1,1770.828478,-0.220308032,0.065406101,0.000116821,0.002237029
SLC43A2,974.6562306,-0.385156634,0.122998334,0.000116882,0.002237029
MMP2,4485.164036,-0.254817943,0.077467898,0.000118735,0.002269098
ABCD4,2264.648048,-0.164977961,0.046985648,0.000119715,0.002284406
HYPK,780.600258,0.404504452,0.130623581,0.000120439,0.002289347
INSR,478.3697325,-0.467273414,0.15252738,0.000120469,0.002289347
COL7A1,211.391817,0.455004625,0.148734884,0.000120511,0.002289347
SPARC,21565.56189,-0.262081329,0.080082439,0.00012111,0.002297325
PCDH20,107.8570296,-0.56385871,0.187410826,0.000123736,0.002343643
CXCR2,128.2180858,-0.612092029,0.204392555,0.000125106,0.002366091
FRMD4B,1636.436672,0.232409613,0.070028464,0.000125321,0.002366655
STEAP1B,58.85078653,0.823264183,0.27979641,0.00012552,0.002366915
HSD17B14,1264.839837,-0.303965809,0.095089244,0.000126556,0.002380163
CAMK1,6232.12061,-0.262965816,0.080786132,0.000126797,0.002380163
MT-ND1,91006.02716,-0.174819553,0.054332306,0.000127008,0.002380163
GSAP,1514.33704,0.214872452,0.064019147,0.000127097,0.002380163
NSUN2,2387.405225,0.171510968,0.049398234,0.000127153,0.002380163
FAM111B,368.0043166,0.31094542,0.09784431,0.000127372,0.002380779
RTL8C,2276.003529,-0.254480803,0.077816769,0.000128308,0.002394763
BRI3,10899.40658,-0.225441364,0.067656731,0.000128784,0.002399344
TAGLN2,12353.77131,0.19600839,0.057847974,0.000128928,0.002399344
WDR26,5659.334681,-0.22027681,0.06571441,0.000129947,0.002414786
NIBAN2,15399.32658,0.184498917,0.053883565,0.000130925,0.002429427
FAM117A,155.0788531,-0.509897285,0.169491067,0.000131605,0.002438507
NOA1,810.6968984,-0.283241865,0.088034741,0.000132363,0.002449007
SYP,458.1796366,0.335989608,0.10746851,0.000133293,0.002462643
ARHGAP17,3271.648218,-0.186521111,0.054617125,0.000135592,0.002501513
CAT,2671.082039,-0.221510987,0.067555608,0.000138358,0.002548065
FAR1,3578.518171,0.199588234,0.059230533,0.000138514,0.002548065
LMO4,2310.99633,0.278782828,0.087193654,0.000138715,0.00254809
NBPF14,2050.926928,-0.236625136,0.071992721,0.000138983,0.002548871
SLC2A1,165.8826088,0.561551139,0.190171403,0.000139156,0.002548871
IER3IP1,1274.165216,0.261013399,0.080829926,0.000139548,0.002552245
GTPBP4,1375.589274,0.359185397,0.116486188,0.00013974,0.002552245
GCHFR,2738.219509,-0.293652408,0.092629779,0.000140342,0.002559593
S1PR2,1450.888719,-0.228500032,0.069128912,0.000140787,0.002564045
PRMT5,1169.972211,0.247855925,0.076222011,0.000141083,0.002565779
KIF2A,1631.020868,0.187852088,0.055300296,0.000141845,0.002573461
CHID1,2010.426381,-0.243312647,0.074478032,0.000141908,0.002573461
CSF1,7547.539205,0.257776578,0.080365111,0.000142239,0.00257581
SESN1,933.3800304,-0.356726695,0.114020838,0.000142935,0.002584763
PCDHGB7,373.3085022,-0.360236434,0.116833142,0.000144846,0.002615616
KLC4,725.3896218,-0.287109279,0.0903536,0.00014557,0.002624983
NRGN,669.8471991,-0.314405165,0.100284885,0.0001475,0.002656039
HSPA13,1385.911586,0.277826753,0.087359037,0.000148625,0.002672533
POR,2340.173751,-0.186254927,0.055033499,0.000149913,0.002691898
TWF1,1689.440085,0.211768013,0.063712131,0.000150269,0.002694515
GCLC,3578.176045,-0.194892329,0.059270983,0.000151742,0.002717111
EMC10,8911.838998,-0.151837277,0.043603633,0.00015229,0.002723117
ABHD8,1384.539389,-0.281707272,0.088405185,0.000152804,0.002728495
TUBB4B,3264.550996,0.227202562,0.069412897,0.00015349,0.002736914
GARRE1,1335.541629,-0.289070489,0.091572685,0.000155131,0.002762329
ATG16L2,2199.165486,-0.303239629,0.096598417,0.000156472,0.002780339
TIMM8B,1073.007108,0.268834257,0.084499854,0.000156578,0.002780339
HIF1A,12360.64973,0.226053558,0.069162271,0.000157012,0.002783917
EVA1B,934.0355976,-0.235270415,0.072235761,0.000157215,0.002783917
EIF2S1,1927.641249,0.274889612,0.08693601,0.000159114,0.00281366
TGFB1,12609.13655,-0.188713684,0.05607734,0.000160214,0.002829192
RELA,2550.062303,-0.221703367,0.068619171,0.000162975,0.002873976
MAP4K2,1314.02565,-0.253062948,0.079028222,0.00016454,0.002897573
MELTF,1613.939244,-0.340383284,0.111076373,0.000167491,0.002945499
TES,962.552215,0.313103676,0.101317879,0.000168356,0.002956639
CDC42BPG,26.30961999,1.351558841,0.496584356,0.000168819,NA
DLX3,477.6277068,-0.496537168,0.16911674,0.000170247,0.002985753
BMAL2,684.2385361,0.393652629,0.131775697,0.000170741,0.002990305
MGLL,2537.327998,-0.280709103,0.089635488,0.000173875,0.003037155
APMAP,6366.817973,-0.200820176,0.061421375,0.000173891,0.003037155
SLC9A1,3617.883812,-0.248503681,0.077797214,0.000175059,0.003051099
WBP1,1614.924931,-0.224788295,0.068727855,0.000175167,0.003051099
GRIN2D,1741.901272,-0.269442312,0.085239724,0.000177399,0.003085772
DDIT4,1755.953732,0.437444967,0.149252519,0.00018055,0.003135905
PPBP,123.2730028,0.80873308,0.288637937,0.000180771,0.003135905
LRIG3,686.3219271,-0.341613617,0.112566245,0.000182168,0.00315585
ITGB1BP1,1462.378144,0.270894131,0.086580761,0.000183157,0.003168699
HAX1,1527.616827,0.196402999,0.059532479,0.000183548,0.003169752
RPS26,2566.886674,0.306061482,0.099812001,0.000183714,0.003169752
MAFB,11162.49133,-0.189996638,0.057434501,0.000184915,0.003184946
MCM6,1094.745697,0.262139223,0.083438088,0.000185093,0.003184946
DCUN1D5,882.335964,0.253275967,0.079972635,0.000186804,0.003210061
P2RX4,3557.968214,-0.193955472,0.058745488,0.000188087,0.003227767
MMP1,131.3519051,0.549136391,0.19188505,0.00019002,0.003256572
GUSB,7849.253331,-0.142100292,0.041154338,0.000190606,0.00326225
NDRG4,174.7207316,0.514891977,0.179794744,0.000192677,0.003293283
CREBRF,1291.028535,-0.226844404,0.071053658,0.000194357,0.003316639
MPDZ,1551.758183,-0.342148901,0.113998009,0.000194562,0.003316639
HNRNPH3,3959.321961,0.209849883,0.064718703,0.000195605,0.003326032
ATP13A3,7058.532091,0.23916732,0.075282788,0.000195634,0.003326032
TSPAN15,4752.857268,0.179773589,0.054079298,0.000198452,0.003365427
SIRT2,1740.640481,-0.213527631,0.066029208,0.000198477,0.003365427
MED10,839.5364986,0.230114353,0.072374642,0.000200762,0.003399667
ZNF41,272.5692436,-0.422693984,0.144874447,0.000201687,0.003405493
SLC25A36,1497.334261,0.227734681,0.071380708,0.000201726,0.003405493
MRPL3,1615.75077,0.238661334,0.075419764,0.000201906,0.003405493
IMPACT,1303.377075,0.246643845,0.078540696,0.000207752,0.003499492
LTV1,1075.550819,0.243458561,0.077431357,0.000209478,0.003523912
LIPA,50370.54592,-0.180293818,0.059349562,0.000211108,0.003542962
TWNK,476.8159105,0.303490185,0.100163327,0.000211379,0.003542962
PWWP2B,680.9418601,-0.292212943,0.095546822,0.000211442,0.003542962
YWHAH,6995.538612,0.200676415,0.061885398,0.000212071,0.003548856
NFKBIA,2696.979265,0.201941705,0.06234345,0.000213052,0.00356061
IRF8,5119.609651,-0.176850695,0.053424957,0.000213701,0.003566793
CSE1L,1454.299779,0.217016584,0.067915078,0.000216191,0.003603645
APBA3,522.8331629,-0.353009867,0.119089705,0.000217932,0.003627939
DTNB,778.1521851,-0.328735886,0.109816996,0.000218345,0.003630093
LYST,1141.354433,-0.211301796,0.065815313,0.000218783,0.003632648
SF3A3,2150.509272,0.228874542,0.072491852,0.000219292,0.003634617
ACO2,5994.245766,-0.168831576,0.050696705,0.000219648,0.003634617
TRAPPC6A,569.2623767,-0.304995714,0.100804887,0.000219754,0.003634617
VEGFA,285.4768839,0.503194451,0.178769064,0.000222832,0.003680758
SERPINF1,314.3131132,-0.3777427,0.129191972,0.000224616,0.003705434
PNKD,5788.695775,-0.175670026,0.053204176,0.000225712,0.003718728
GPR162,187.6021159,-0.384035089,0.131570476,0.000226516,0.003727117
MYOF,10357.80948,0.197687871,0.061166711,0.000226805,0.003727117
HLA-DQB1,66.56063275,-0.814417719,0.296773235,0.000229276,0.003762626
CCL20,61.49128205,0.756698747,0.27580358,0.000229554,0.003762626
LGALS9,22058.56074,-0.161657676,0.05122044,0.000230047,0.00376587
RRM2,1912.223756,0.224808035,0.07048927,0.000232715,0.00380468
FNDC10,627.373556,-0.364518743,0.124676835,0.00023384,0.003818194
KDELR1,4019.335809,-0.142632955,0.041837501,0.00023563,0.003842514
VPS29,2692.425064,0.253930799,0.08211289,0.0002369,0.0038583
UBE2G2,2610.761495,0.169698884,0.05141797,0.000237566,0.003864227
CPM,11930.67268,-0.22224747,0.070203121,0.00023944,0.003889763
ARMC5,609.3034087,-0.321025161,0.108087939,0.000241992,0.003926222
GLB1,6394.351254,-0.155912835,0.046306641,0.000242939,0.003936599
AP5B1,4599.951082,-0.245204205,0.079013525,0.000243337,0.003938048
ZFHX3,3877.819943,-0.192127698,0.059029197,0.000244489,0.003951702
ATP5MK,1790.31581,0.284813764,0.094606617,0.00024551,0.003963185
GPATCH4,991.3120696,0.274513458,0.090710429,0.000247818,0.003995407
CD302,612.5349667,-0.331127436,0.112019386,0.000249822,0.004017489
TOLLIP,3568.043876,-0.298990195,0.09993913,0.000250081,0.004017489
DGKZ,5197.294638,-0.206633183,0.065108694,0.000250131,0.004017489
MARK4,942.6363338,-0.425193897,0.14907012,0.000250597,0.004019925
CNNM4,1016.031397,-0.359444372,0.123447157,0.000250918,0.004020033
SAMD11,98.82814676,-0.678237812,0.247314292,0.00025143,0.004020056
HECTD3,2279.92086,-0.185244512,0.057164786,0.000251548,0.004020056
GPR180,561.159882,0.277395084,0.091874162,0.000252189,0.004025264
RAPH1,2227.748826,0.253633756,0.081508157,0.000253611,0.004042916
FEN1,971.1082401,0.221940998,0.070190264,0.000254624,0.004054015
TCERG1,1592.965281,0.260797517,0.085584743,0.000255071,0.00405608
SERINC5,1409.358352,0.201095794,0.063107507,0.000257201,0.004084865
SAP130,961.4587778,-0.261057931,0.085504359,0.000261806,0.004152841
UNKL,431.0626096,-0.341267315,0.117091809,0.000262656,0.00415683
ACTG1,52326.07446,-0.183784928,0.057353639,0.000262899,0.00415683
MAP3K20,582.9209286,0.28505386,0.095152993,0.000263033,0.00415683
COL1A2,2087.081962,-0.362600355,0.125817129,0.000265759,0.004194731
PSMA1,3112.73174,0.239021793,0.077622609,0.000266635,0.004203363
TMUB2,1499.533775,-0.215018808,0.068610467,0.000269923,0.004249961
AHNAK,20822.69351,0.235981234,0.076293617,0.000271251,0.00426562
CA2,2827.71828,-0.18383636,0.056958889,0.000273312,0.004292752
TOMM5,1454.441425,0.240599068,0.078522807,0.000275403,0.004320283
OLFM2,833.7177318,-0.448452963,0.160076213,0.000276354,0.004329892
GPR84,883.2969875,0.390764028,0.138300984,0.000278283,0.004354773
PLBD2,5939.948705,-0.16084672,0.048998198,0.000281476,0.004397504
MAGOH,828.2290699,0.227190632,0.073444111,0.000281702,0.004397504
BLNK,1478.450447,-0.223288115,0.071935809,0.000283454,0.004414902
ADGRE2,4671.897309,0.202939341,0.064429509,0.000283507,0.004414902
CYBRD1,1499.638003,-0.186488098,0.058352358,0.00028621,0.004444375
ITPK1,3695.815795,-0.175014081,0.054157299,0.000286277,0.004444375
ABCB9,548.2220169,-0.319347679,0.109422382,0.000286442,0.004444375
LAIR1,13473.17437,-0.14685484,0.044107966,0.000288772,0.004475093
TMBIM1,12257.8576,-0.154606186,0.046390229,0.000291103,0.004505749
BIRC3,209.2694448,0.406651379,0.145142502,0.000291968,0.004513684
MT-ND6,99476.41152,-0.251167229,0.084123261,0.000292885,0.00452238
CTDSP1,4025.171819,-0.256432866,0.085544674,0.000296406,0.004571226
RAB1B,7335.867944,-0.164149146,0.050485151,0.000297988,0.004585224
RAP1GAP2,639.8165967,-0.392250662,0.138545261,0.000298031,0.004585224
CD4,12980.86237,-0.188433338,0.057916143,0.000301134,0.004627399
PXK,1003.280042,0.238845953,0.078461971,0.000302,0.004632712
GOSR1,2279.196421,0.238184367,0.078324441,0.000302478,0.004632712
OSBP2,68.3772047,0.58931511,0.219767953,0.000302567,0.004632712
MOB1A,7680.201076,0.159203949,0.048753765,0.000303513,0.004641648
SCAND1,1630.520677,-0.212592989,0.068171206,0.00030532,0.004663697
ZNF219,1573.731085,-0.247120509,0.081790249,0.000307081,0.004685
D2HGDH,702.0776253,-0.312131938,0.107533089,0.000307907,0.004692009
GTPBP2,4421.448276,0.187592639,0.059297239,0.000311388,0.004739403
HK3,7783.26267,0.159133897,0.048752014,0.000311959,0.004742444
SLC30A1,3665.556824,-0.167183168,0.051850159,0.000312367,0.004743006
ATP8B3,106.865565,-0.719946672,0.271388613,0.000313091,0.00474836
SLC16A3,27293.1419,0.17742176,0.05537412,0.0003146,0.004765587
FCN1,123.319166,0.532360866,0.198176842,0.00031919,0.004829405
MAP3K11,5570.309348,-0.267132958,0.091153946,0.000323396,0.004887254
MXD1,1030.96981,0.338865819,0.119707569,0.000328468,0.004958045
BMAL1,793.0953229,0.325076893,0.114201993,0.000329401,0.004966257
TNFRSF25,105.0287064,-0.700052821,0.265199041,0.000330177,0.004972095
PNPLA2,2979.893311,-0.304599788,0.106581086,0.000333412,0.005014905
PRELID3B,1668.524587,0.198653066,0.06374078,0.000334299,0.005022336
ATG2A,1807.072842,-0.247367852,0.082663544,0.000336069,0.005043007
NDUFA4L2,71.9088733,0.635538848,0.242927166,0.000339174,0.00508363
TRDMT1,222.1140152,0.481765052,0.180086253,0.000340167,0.00509254
AZIN1,3123.423006,0.190357698,0.060773591,0.000340818,0.005096328
METTL2A,412.1783669,0.317426778,0.111368482,0.000342039,0.005104488
CYB5B,1703.851219,0.220440169,0.072351084,0.000342162,0.005104488
POLR2M,1163.064933,0.31324367,0.109905496,0.000347626,0.005179955
PUM3,586.8064255,0.293011906,0.101040271,0.000351644,0.005232375
LMTK3,93.04068989,-0.651351633,0.247253333,0.000351963,0.005232375
NOLC1,1367.825418,0.240132432,0.080387512,0.000354919,0.005270192
TPM3,18842.28811,0.194384841,0.061395219,0.000359369,0.005330079
CD40,2426.918075,0.199970476,0.064824004,0.000360525,0.005341038
PRPS1,1513.691949,0.176067996,0.055741969,0.000361051,0.005342631
C8orf82,1243.05516,-0.251017808,0.084757263,0.000361931,0.005344164
PEX14,1677.529118,-0.274594252,0.094242123,0.00036199,0.005344164
PCNP,3179.774413,0.184389536,0.059025978,0.000362649,0.005347716
CST3,12082.10095,-0.175981788,0.055641458,0.000363424,0.005352961
CSNK1D,6202.150687,-0.20844413,0.068058202,0.000371775,0.005463562
CCSAP,1690.856706,-0.227133264,0.074588653,0.000371787,0.005463562
CCNG2,1224.222157,-0.280083007,0.096824233,0.000373571,0.005481125
PI4KA,5313.004058,-0.178635983,0.056653764,0.00037384,0.005481125
TRERF1,579.5055549,0.294496208,0.10273299,0.000375801,0.005503565
CNIH3,957.2401025,0.274015584,0.094811516,0.000377907,0.005528074
SORT1,11487.6093,-0.143872893,0.043931094,0.000381277,0.005571
COA7,1250.02902,0.209558546,0.069064053,0.000391951,0.005720425
DNAJC5,7305.555414,-0.158994035,0.049958771,0.000392531,0.00572236
PRKDC,4452.876409,0.195878267,0.06326058,0.000395394,0.005753817
B3GALNT1,363.0348343,0.321422109,0.115180568,0.000395589,0.005753817
PSMD14,1919.886299,0.235169638,0.080314822,0.000401597,0.005834566
SLC16A1,1174.100285,0.223699122,0.074919455,0.000403205,0.005851283
FZD2,592.8584371,-0.340328646,0.123321602,0.000408286,0.005918299
ARHGAP25,2200.733715,-0.189829547,0.061659545,0.000409044,0.005922569
MMP10,183.1668477,0.427743697,0.160601401,0.000412729,0.005963766
CNPPD1,2913.015976,-0.212629463,0.070589348,0.000412822,0.005963766
TAPT1,777.3183149,0.273873016,0.095847548,0.000418142,0.006032709
BZW2,880.618043,0.232209281,0.078546203,0.000418538,0.006032709
NIFK,630.2661206,0.320758009,0.115995057,0.000427231,0.006151065
BAG6,7710.458884,-0.208772408,0.069371137,0.000428609,0.006163962
AP2A2,4148.627348,-0.200829047,0.066107278,0.000430306,0.006181414
UCHL1,1887.361839,0.248846941,0.085824525,0.000432088,0.00619481
SGSH,2536.888909,-0.294119839,0.104376292,0.000432207,0.00619481
ZNF331,275.3922465,-0.323590534,0.117267753,0.000439762,0.006290629
ADM2,421.4638125,0.3251488,0.118175751,0.000439877,0.006290629
XBP1,2063.367149,0.222139017,0.075250365,0.000444593,0.006350979
ATP5MC2,3208.287647,-0.195099055,0.064368727,0.000448378,0.006395013
SLC11A1,12874.28497,-0.241600801,0.085272364,0.000449147,0.006395013
GABARAPL1,5831.697452,-0.170401642,0.054976414,0.000449177,0.006395013
MICAL1,6259.381488,-0.218402628,0.073339813,0.000450342,0.006404473
ADAMTS14,79.7380119,0.572348776,0.225063639,0.000452126,0.006422698
HECA,2884.870219,-0.168377754,0.054270112,0.000469126,0.006656804
ARHGEF18,2014.651752,-0.220914564,0.073395763,0.000471881,0.006688471
ITGAM,11850.88956,0.192691221,0.062923396,0.000473132,0.006698776
FOXRED2,474.8111844,-0.269781799,0.095343349,0.000475424,0.006723777
ZBTB18,335.1899688,-0.314655959,0.114361914,0.000479154,0.006769044
CEP95,573.0979928,0.230785503,0.079519545,0.000486952,0.006869101
OSM,222.9879334,0.500183447,0.197280774,0.000487742,0.006869101
TRDN,39.3435594,-0.856271911,0.346941511,0.000487849,0.006869101
CALCOCO1,3257.04753,-0.229697375,0.079369783,0.000493012,0.006930657
PMEPA1,641.1793268,-0.340253556,0.125278656,0.000493304,0.006930657
SEMA4C,704.4761472,0.285851614,0.102983936,0.00049671,0.006970838
RNPEPL1,4212.407046,-0.211307697,0.070767012,0.000499822,0.007006822
TRIT1,395.9012072,0.269722719,0.096092957,0.000502018,0.007029907
ELF4,2882.501357,-0.176044105,0.057474988,0.000504459,0.007043924
IL1A,119.0398148,0.673490675,0.275451564,0.000504545,0.007043924
TMEM176A,2125.405837,-0.203452579,0.068524904,0.000504672,0.007043924
GK5,383.8326604,0.341900595,0.127893131,0.000507997,0.0070826
AMBRA1,1516.866827,-0.357517806,0.134045874,0.000511462,0.007123137
ORAI3,1135.733046,-0.225977984,0.077581707,0.000512275,0.007126701
WSB2,2922.239242,-0.197822431,0.066330715,0.000515897,0.007169285
PDE1B,1912.35265,-0.334939135,0.125065377,0.000516749,0.007173335
DUSP23,841.3613252,-0.239755229,0.083503487,0.000517756,0.007179506
WDR4,375.5560869,0.312658272,0.115219307,0.000520344,0.007207585
CCDC88B,1665.417483,-0.195774034,0.065500995,0.000521408,0.0072145
GPSM3,3817.671264,-0.168259372,0.054858745,0.000523224,0.007231802
CSF3R,894.4756742,-0.316557937,0.115475074,0.000524065,0.007235608
RRP15,486.239651,0.429385698,0.168200076,0.000530354,0.007314534
LGI2,116.424683,-0.623154975,0.252502301,0.000533229,0.007346269
PNMA8A,678.7375595,-0.232524293,0.080876956,0.000535621,0.007371279
PAPOLA,4794.439795,0.151015929,0.04836602,0.000536673,0.007377816
HNRNPA1,18442.38854,0.196947723,0.06634663,0.000538687,0.007396753
AP2A1,4312.740038,-0.250425348,0.0893159,0.000539208,0.007396753
TPGS1,815.7670912,-0.218345864,0.074936651,0.000545557,0.007470576
FN3K,239.6992388,-0.436919215,0.170317912,0.000545758,0.007470576
PFDN2,1107.875628,0.242325699,0.085486065,0.000546953,0.00747893
MROH6,186.9185151,-0.419992033,0.164055119,0.000552705,0.007549505
FOXJ2,948.0072423,-0.227846686,0.079226187,0.000555196,0.007575439
DPP9,5087.431762,-0.213029371,0.073024179,0.000557374,0.007594982
TFEB,2541.47959,-0.174775842,0.057637259,0.000557817,0.007594982
RUVBL1,722.8302515,0.226029986,0.078631952,0.000559479,0.007609509
NOTCH2NLR,11.45955289,1.682069975,0.669109191,0.000562625,NA
PSMA3,1691.977046,0.257088367,0.092697305,0.000568902,0.007725724
ABAT,300.1629126,-0.37966108,0.146134009,0.000569502,0.007725724
ALKBH7,952.0621424,-0.187583662,0.062796111,0.000569836,0.007725724
SPI1,23771.3718,-0.176230301,0.058637162,0.000575998,0.00779883
RFC2,813.5687277,0.209334133,0.071862053,0.000576449,0.00779883
FNTB,471.7883158,-0.316993302,0.118739964,0.000579615,0.007833387
GALNT6,1922.932482,0.189718534,0.063917474,0.000582865,0.007864855
BYSL,342.7008234,0.322514657,0.121609207,0.000583174,0.007864855
MRPS10,888.1528731,0.232041918,0.081263269,0.000589277,0.007934739
NUAK2,197.2120119,-0.345551671,0.131606361,0.000589919,0.007934739
TNFAIP3,1578.487619,0.209606335,0.072225664,0.000590218,0.007934739
MPHOSPH6,497.1606993,0.294797037,0.109291086,0.000592027,0.007950698
TBC1D10C,696.7925468,-0.311481533,0.115854478,0.000595461,0.00798842
ENO2,351.5836751,0.319264771,0.120380187,0.000598304,0.007995387
MEN1,1030.649759,-0.197850119,0.067377081,0.000599067,0.007995387
TMEM176B,6242.676179,-0.170603053,0.056543287,0.000599192,0.007995387
CBX3,4214.663328,0.196829444,0.06706922,0.000599396,0.007995387
IQCB1,424.7621598,0.299362204,0.110465429,0.000599545,0.007995387
RAB6A,4652.56477,0.159862524,0.052210701,0.000599732,0.007995387
ARIH2,2513.207953,0.188426432,0.063616749,0.000600765,0.00800082
ROCK2,1075.371664,0.247951326,0.088836785,0.000601647,0.0080011
PTMS,9816.675944,-0.184395823,0.061999054,0.000602472,0.0080011
RBMS1,4465.72617,0.142761459,0.04624178,0.000602664,0.0080011
ABHD14B,512.1550507,-0.285525846,0.105099955,0.000605948,0.008036359
FCMR,745.8871072,-0.245178762,0.087565685,0.000610295,0.008085623
SGMS1,1802.620091,-0.210465211,0.072925988,0.000615779,0.008149824
ZZEF1,3493.248546,-0.193405798,0.065870121,0.000616519,0.00815118
AOC1,388.3431283,-0.275376298,0.101175093,0.000618295,0.008156104
ATF6B,4806.680759,-0.242647056,0.087293629,0.000618405,0.008156104
PTGER4,1560.611449,-0.258724763,0.093843759,0.000618805,0.008156104
PI4K2A,6947.542835,-0.129594752,0.041054732,0.000621258,0.008180005
DDA1,1724.055963,0.212372549,0.0736793,0.000623386,0.008199582
HYAL4,8.815012997,2.007858965,0.863855898,0.000625839,NA
MAN1B1,3877.593277,-0.161773126,0.052927589,0.00062688,0.00823706
INPP5D,6779.027547,-0.181084107,0.059331549,0.000629145,0.008257413
TPM4,11859.76536,0.210073807,0.072696223,0.000629721,0.008257413
CRAT,559.3460594,-0.28904407,0.107335275,0.000633921,0.008303975
GAB2,2357.885275,-0.181099506,0.061566207,0.00063968,0.008370832
ZFTA,558.256095,0.279059409,0.103735588,0.000640622,0.00837207
ISG20,112.5309727,0.533757042,0.221373302,0.000641084,0.00837207
FOS,2349.611422,0.213149436,0.074552711,0.000651439,0.00849862
BAZ1A,2431.71262,0.263610732,0.096713024,0.000652455,0.0085032
IST1,4301.801599,-0.140397791,0.04524986,0.000653509,0.008508264
GK,4477.137454,0.193895155,0.066451528,0.000654687,0.008514926
TFAM,858.4334839,0.236168429,0.084583394,0.00065617,0.008525544
PTBP2,276.9539262,0.336658092,0.130039265,0.000661368,0.008584354
ZNF644,1049.627043,0.229806049,0.081874274,0.000668278,0.008665247
BORCS6,847.5112043,-0.22792228,0.080468115,0.000669527,0.008669351
TOMM34,614.5378899,0.240229896,0.086560111,0.000669951,0.008669351
ZC3H15,2080.920052,0.204961444,0.071386773,0.000675671,0.008734536
FAM107B,3520.323401,0.2001861,0.069457815,0.000683934,0.008832417
USP1,1166.982176,0.215092932,0.075913409,0.000689742,0.008898437
PSMA4,3391.523754,0.231588864,0.083233359,0.000695639,0.00896547
AKR1B1,8105.082929,0.226377158,0.081917118,0.000700836,0.009023356
DIS3L2,545.3745721,-0.227447653,0.08132303,0.000701817,0.009026898
NPRL3,1258.697648,-0.202369046,0.070524356,0.000706145,0.00907343
MMP7,7878.069794,0.422290509,0.173705567,0.000712275,0.009134197
NDUFAF4,394.6327326,0.312381004,0.120039661,0.000712303,0.009134197
PVR,1754.209811,0.196528978,0.068311576,0.000713029,0.009134339
ANP32E,2442.84523,0.191616887,0.066239726,0.000714676,0.009144868
TBC1D4,2692.441893,-0.289971936,0.109871336,0.000715281,0.009144868
BBLN,1345.262073,-0.177479323,0.060266319,0.000716072,0.009145832
ASNSD1,638.0094265,0.24768877,0.090679598,0.000718378,0.009166136
SLC1A2,180.8949937,0.42426177,0.174025888,0.000731243,0.009320978
ANPEP,5770.798803,0.184263925,0.063637531,0.00073282,0.009331782
ADAMTSL4,10489.36332,-0.242033632,0.091447484,0.000739293,0.009404834
LIMD2,4057.305482,-0.181208407,0.061917992,0.000740124,0.009406052
HMGB2,2108.660936,0.177231459,0.060463462,0.00074216,0.009422564
DNAH14,108.7274027,0.46209024,0.192522186,0.000746254,0.009465134
FAM222B,740.4034121,-0.252757049,0.093326759,0.000754105,0.009546303
TMOD3,2230.440295,0.200472936,0.070082887,0.000754147,0.009546303
CISH,1315.274423,-0.214046455,0.076152527,0.000756158,0.009555532
SYT11,204.7111736,0.382784342,0.155100972,0.000756371,0.009555532
PLEKHM2,8268.520989,-0.201140941,0.070612157,0.000761121,0.009598437
CALM3,8396.534596,-0.14996531,0.049575765,0.000761268,0.009598437
CD59,8573.422031,-0.119700752,0.038206304,0.000762307,0.009602067
TBC1D12,1638.306218,-0.248532304,0.091181328,0.000765657,0.009634767
MYO1B,685.1518112,0.291650707,0.111924206,0.000770969,0.009692072
MROH7,293.2192138,-0.315139911,0.122574919,0.000772597,0.009702997
SPTSSA,1160.482923,0.221780445,0.079789355,0.000777524,0.009755299
TM6SF1,3029.004521,-0.148082812,0.048984579,0.00077915,0.009766116
METAP1,1178.26833,0.214336473,0.076712177,0.000781618,0.009777629
IP6K1,1929.077167,-0.211540493,0.075245982,0.000781942,0.009777629
NOTCH1,5773.264203,-0.275736037,0.104621271,0.000782363,0.009777629
PPP2R5D,1305.55944,-0.199778744,0.07030152,0.000784131,0.009790147
UBR4,6451.244827,-0.184825274,0.063743724,0.000790544,0.009860589
SEC63,3461.417006,0.1986758,0.069909343,0.000792019,0.009869358
PDAP1,3126.664548,0.168768312,0.057351749,0.000794288,0.009887995
PDE9A,153.6253027,-0.375632264,0.152052437,0.000800677,0.009957841
PSMD7,3068.726723,0.201153979,0.071299291,0.000810259,0.010067212
FBLN5,26.1255344,-0.982912739,0.451963681,0.000811845,NA
PRKAG2,916.0903265,0.211463371,0.075898075,0.000816105,0.010130004
DRAM1,3196.167527,0.24804407,0.09250981,0.000818384,0.010148435
NOPCHAP1,699.7787991,0.293433009,0.114010346,0.000820597,0.010160329
TYROBP,15625.19832,-0.144699574,0.047943247,0.000820932,0.010160329
ZBTB4,3125.36359,-0.167421318,0.057486091,0.000822262,0.010166938
SEC14L1,6868.793009,-0.174179574,0.05841606,0.000832636,0.010285261
CFAP20,466.1296583,0.270705205,0.103166852,0.000833881,0.010290699
SACS,745.2977037,0.257860146,0.09743956,0.000845697,0.010426459
ENHO,37.90672286,-0.762652669,0.340863734,0.000852823,0.010504187
DEXI,988.6863022,-0.188081723,0.06591978,0.000856542,0.010537956
SAMD4B,1869.188681,-0.214526032,0.07709048,0.000857214,0.010537956
JUN,4400.453232,0.180849541,0.062975744,0.000858433,0.010542817
SET,7758.689085,0.218699313,0.079661257,0.000863239,0.010591656
ZNF121,461.0555499,0.274469566,0.105912316,0.000875673,0.010729952
NUF2,441.5323744,0.282877687,0.108907374,0.000876188,0.010729952
USP15,2169.104163,0.162330127,0.055365208,0.000879593,0.010761338
DIP2C,1090.934302,0.255570326,0.096965306,0.000881632,0.010775974
RHOC,4624.039084,0.169000499,0.058073904,0.000885435,0.010812114
PRPF6,2793.32913,-0.16400782,0.05606524,0.000889287,0.010848797
C1orf21,353.1414818,0.3260377,0.131274929,0.000892044,0.01087205
LDLR,902.9493939,0.411261054,0.174046552,0.000897733,0.010930966
SH2B1,1920.512702,-0.296688969,0.116316273,0.000898678,0.010932061
GALE,1294.096479,0.18110142,0.063474763,0.000903475,0.010979973
GBP1,398.2976139,0.446912391,0.193076565,0.000909824,0.011046631
TRPT1,374.9693061,-0.283070605,0.109922307,0.000913343,0.011078831
WDR59,603.6898645,-0.264037964,0.101153677,0.000915444,0.011093792
CENPK,357.5000768,0.286512996,0.111202055,0.000922761,0.011171874
DDX5,17010.98976,0.123001287,0.040191336,0.000939971,0.011359757
ARHGAP5,1782.896168,0.218651743,0.080517369,0.000940057,0.011359757
METRNL,2703.784792,0.203517339,0.075682998,0.000942601,0.011379753
RNPS1,2507.934504,0.143262185,0.048104578,0.00095063,0.01146007
SIRPA,22997.29661,-0.103585976,0.032615459,0.000951047,0.01146007
IFI44,2494.721769,0.316867775,0.128700663,0.000956187,0.01150678
GPC4,6794.395208,0.218147008,0.08062232,0.000956723,0.01150678
F13A1,170.8097853,-0.609409525,0.274852097,0.000964547,0.011582706
MRPL24,658.2647882,0.224996626,0.083598293,0.000965034,0.011582706
MRPL50,445.582664,0.259799997,0.100132472,0.000965754,0.011582706
RHEBL1,48.91019904,0.656112332,0.299583897,0.00097519,0.011676387
CEBPD,535.2328154,-0.245125886,0.092957642,0.000975392,0.011676387
MTAP,1208.819796,0.278699874,0.109750023,0.000979713,0.011717143
CABIN1,3008.674489,-0.255801074,0.099510315,0.000994273,0.011880163
APOC2,4102.455278,-0.181158928,0.064320945,0.000999515,0.011931651
SLC39A14,486.4831645,0.300962284,0.120996855,0.001002238,0.011952995
CCL3L3,105.6744451,0.554131975,0.25219961,0.001003513,0.011957055
NECTIN4,493.1768168,0.311062566,0.126303258,0.001010343,0.012027223
CYB5R3,5245.442616,-0.223763418,0.083548796,0.001015467,0.012076969
STX1A,271.8957172,0.384132021,0.163825907,0.001017397,0.012078989
ABLIM3,968.7318543,0.234729671,0.088869738,0.001017526,0.012078989
TOR4A,3250.761601,-0.203168019,0.074282344,0.001025717,0.012164922
KLHDC8B,1891.030139,-0.208018018,0.076365226,0.001031823,0.012215804
TOM1,5173.602309,-0.191658368,0.068702242,0.001031918,0.012215804
POM121,3423.20377,-0.167568013,0.05853976,0.001034067,0.012229927
SEC23IP,2169.00884,-0.22585222,0.085064978,0.001035444,0.012230997
TAF15,5998.867099,0.233855649,0.088790636,0.0010367,0.012230997
SLC38A10,4895.303214,-0.199054448,0.072343156,0.001038196,0.012230997
SLX1B,990.7198635,-0.247171028,0.094627006,0.001038575,0.012230997
LTC4S,123.3660411,-0.401015753,0.172115621,0.001038941,0.012230997
METTL21A,282.7825699,0.284710861,0.113501132,0.001041201,0.012235902
ZBTB14,510.6823406,0.24494813,0.094229809,0.001041272,0.012235902
SH3PXD2B,3407.945766,0.169311977,0.059331302,0.001043955,0.012256162
RREB1,3790.407877,-0.203226506,0.074073913,0.001045336,0.012261122
CIZ1,2923.148875,-0.156987071,0.05445555,0.00104964,0.012300316
PNMA8B,158.2753889,-0.552425221,0.253289036,0.001052789,0.012320527
NAMPT,1666.712807,0.301544559,0.122513471,0.001053292,0.012320527
TMUB1,1088.379297,-0.250671256,0.096847691,0.001070121,0.012487915
CACNA1D,73.32415343,-0.562993835,0.255781681,0.001070221,0.012487915
YEATS2,2043.08758,0.205719579,0.075352334,0.001070796,0.012487915
NPC2,16120.82437,-0.148082508,0.050049873,0.001071515,0.012487915
ITPRIP,2189.07637,0.194735228,0.070352269,0.001072486,0.012487915
WDR76,274.2637498,0.306054108,0.124595117,0.001074209,0.012496596
BCCIP,868.2889694,0.231387069,0.087851169,0.001075403,0.012499117
ZCCHC14,1999.839437,-0.274045093,0.108524896,0.001079856,0.012539471
METTL2B,472.1086009,0.264423493,0.104150708,0.001082459,0.012558291
TFEC,5194.387557,0.187295328,0.067453388,0.001087025,0.012599829
GRPEL1,756.7923332,0.255094262,0.099745079,0.001092834,0.012655691
ETS1,763.3912263,0.204847619,0.076154456,0.001097553,0.012694377
CKLF,2570.589765,0.203655708,0.075193908,0.00109816,0.012694377
RAC1,9838.309502,-0.146589464,0.050231236,0.00110284,0.012731432
CSGALNACT2,2846.130077,0.187078681,0.067706248,0.001104166,0.012731432
BLZF1,902.5823719,0.2488742,0.096817298,0.001104353,0.012731432
SCAP,2296.541838,-0.195887328,0.071558548,0.001108968,0.012773116
ILVBL,1676.337281,-0.176790773,0.063112797,0.001111877,0.012795097
MYL12A,9095.529986,0.215146782,0.080836746,0.001114827,0.012817506
PIGS,2431.050299,-0.171197154,0.060746793,0.001121605,0.012883843
PLPP4,318.6156107,0.398674359,0.175165319,0.001131647,0.012987525
LAPTM5,83720.17459,-0.13949614,0.050273729,0.001137659,0.013044817
SLX1A,1638.478067,-0.216690489,0.081441533,0.001141293,0.013065695
NUMA1,8260.902154,-0.163686804,0.057675033,0.001141524,0.013065695
SLC35F6,1898.476196,-0.168926795,0.059844983,0.00114302,0.013071123
DYRK4,1407.445197,-0.179359339,0.06443611,0.001149756,0.013133354
FANCI,1027.703372,0.255350253,0.100592442,0.001150517,0.013133354
PFKL,12423.65153,-0.146258437,0.050592111,0.001154992,0.013172679
REPS2,257.7084312,-0.406141898,0.177520763,0.001157709,0.013191893
PARVA,391.649599,0.415599768,0.185843933,0.001175215,0.013367255
ECSIT,927.6779323,-0.197645407,0.072840344,0.001176023,0.013367255
TM4SF19,2121.219151,0.22721704,0.087178718,0.001176235,0.013367255
ATP5F1C,3227.406068,0.197796563,0.073165019,0.001178993,0.0133867
RNF122,461.0630693,-0.249749633,0.09797552,0.00118577,0.013450722
U2AF1,2169.157336,0.179076488,0.064672904,0.001186826,0.013450722
MRPL20,1418.49542,0.189430106,0.069368826,0.0011881,0.013450722
BACE1,3081.685697,-0.209543298,0.078712123,0.00118884,0.013450722
ANKRD9,609.9327768,-0.260878347,0.103455835,0.001192433,0.013479443
TUBA8,370.1285689,-0.34822887,0.148398458,0.001195061,0.01349722
UPP1,3561.182985,0.143347513,0.049367026,0.001198053,0.01351755
CLN6,2632.92245,-0.155510649,0.054612972,0.001199116,0.01351755
LRP10,8655.34936,-0.203686987,0.072235136,0.001200033,0.01351755
GNA12,5607.319474,0.18481878,0.066497306,0.001205092,0.013562588
TRIM59,418.2466931,0.331214043,0.140916883,0.001213478,0.01364496
IL10,59.58160364,0.544708597,0.254527726,0.001215522,0.013655935
KANK4,96.07930799,0.604965828,0.291440037,0.001216901,0.013659417
LIN28B,522.6834835,0.272103919,0.109966515,0.001218012,0.0136599
CAP1,15684.55858,0.132103828,0.044901931,0.001219882,0.013668881
TLR5,135.0263351,-0.618546288,0.295385662,0.001221509,0.013672973
HSPD1,5074.77713,0.198799915,0.073925359,0.001223097,0.013672973
SFXN1,764.9177436,0.28388917,0.11627773,0.001223456,0.013672973
AIDA,2139.101588,0.190394967,0.070094286,0.001226788,0.013698236
TP53I11,4189.183039,-0.185734315,0.067624304,0.001232892,0.013747412
RASSF7,637.3055828,-0.227707403,0.08760808,0.001233342,0.013747412
PIGW,347.3055763,0.281695246,0.115326554,0.001237348,0.013780048
MRPL1,425.0767669,0.291590592,0.12049831,0.00124807,0.013887363
ADRB2,252.4328957,-0.295762754,0.122504225,0.00125175,0.013916195
SYNJ2,541.4147495,0.351048,0.152366435,0.001262105,0.014019129
KRR1,821.6733357,0.20277231,0.076125418,0.001264,0.014027988
RPS6KA3,4943.545892,0.153954975,0.05413093,0.001265372,0.014031028
PROC,138.1437841,-0.452550008,0.206230587,0.001271336,0.014084944
ERRFI1,354.6705637,0.350021688,0.152319814,0.001273327,0.014094796
MRC2,8922.108461,-0.313632095,0.127007286,0.00127652,0.014117911
TNFSF12,865.2711703,-0.207508365,0.078544665,0.001284708,0.014196188
TMEM104,1659.573716,-0.267945132,0.108322648,0.001286859,0.014207674
CASS4,222.8238947,0.352536858,0.153825137,0.001289744,0.014227245
DDX1,2226.972271,0.196515835,0.073466798,0.001296311,0.014287357
DAB2,14130.07968,-0.110589643,0.03646783,0.001304708,0.014367517
GTDC1,656.9498846,0.255040656,0.102534764,0.001310222,0.014415829
PIGQ,1555.689457,-0.274261785,0.1118258,0.001311852,0.014421352
STAU1,3202.381129,-0.135706253,0.046733048,0.001313538,0.014427478
MTHFD1,2426.292971,0.178734303,0.065431597,0.001323299,0.014522208
SLC24A1,641.404206,-0.229782636,0.089543575,0.001324999,0.014528394
LBH,170.1905461,0.41009536,0.187060663,0.001329199,0.014561966
LIMA1,1245.858568,0.249898407,0.10011441,0.001331748,0.014577396
ULK2,997.6323774,-0.243903356,0.096644871,0.001334807,0.014598385
PAK1IP1,460.4486533,0.292166605,0.12232262,0.001338331,0.014624414
DDX42,3624.969746,0.131014905,0.045030934,0.001345923,0.014694814
STK17B,390.6710981,0.358552587,0.158899859,0.001350496,0.014732162
U2SURP,2052.140882,0.236723239,0.093463779,0.00135332,0.014750381
CLK1,1773.333636,-0.326291491,0.140001487,0.00135581,0.014764937
NBN,1804.560486,0.214957004,0.082911235,0.001361143,0.014810396
RASSF2,2679.130358,0.163407123,0.058771352,0.001363104,0.014819115
NAGLU,2291.133682,-0.182891389,0.067905177,0.001364506,0.014821761
CARS1,2461.791682,0.151412718,0.053549227,0.001369498,0.01486336
AQP3,440.9645249,-0.350570752,0.153382247,0.001375101,0.014911505
IKBKGP1,237.9553012,0.312988766,0.13386288,0.001382347,0.014977382
KCTD9,831.481328,0.250646181,0.100322942,0.001387539,0.015020906
MIF4GD,845.6479156,-0.223166312,0.086932138,0.001405024,0.015197321
ECT2,752.6208734,0.234287123,0.092960243,0.001411535,0.015254837
UHRF2,771.7211413,0.220315557,0.085951549,0.001413963,0.015268178
RIF1,1559.05327,0.183139016,0.068054873,0.001416561,0.015283317
WDR43,1458.995168,0.22489377,0.088531973,0.001441118,0.01552527
FSTL1,143.9255413,-0.417209479,0.19280102,0.001441415,0.01552527
KLHL6,6827.772915,-0.165918635,0.06025284,0.001450318,0.015608013
ZC3H3,835.9976285,-0.241476283,0.09653813,0.001453387,0.015627887
ITGA5,7521.799429,0.170417474,0.062516269,0.001457559,0.015659568
DHX33,621.2470984,0.220988359,0.086709831,0.001462793,0.015702605
MAPKBP1,719.9392113,0.271956784,0.111694886,0.001467517,0.015740103
SPATC1L,106.1879568,-0.407149859,0.186707082,0.001469871,0.015752136
COTL1,12337.23235,-0.128760552,0.044551603,0.001474967,0.015793299
BBS2,718.4067164,-0.181611538,0.067571047,0.001476182,0.015793299
RBMS2,1258.173801,-0.274008914,0.114068874,0.001479347,0.015813918
CEP85,683.1334194,0.229011514,0.090920278,0.001486204,0.015871776
C12orf76,405.6605937,-0.231463702,0.092616861,0.001488275,0.015871776
GLRX3,1631.90163,0.171711277,0.063150608,0.001488483,0.015871776
PCNA,2160.077978,0.199577217,0.076356071,0.001491963,0.01589562
ACSL4,5330.755376,0.1899579,0.071894673,0.001496621,0.015931975
FAM241A,863.1875159,0.229612545,0.091429455,0.001500351,0.015958391
CSRP1,2051.984719,0.196683408,0.074948137,0.001505563,0.016000516
HAUS6,601.2506616,0.247304975,0.100735766,0.001509136,0.016025172
CARD8,1736.657604,0.155124896,0.055806428,0.001510889,0.016030473
ABCC4,1168.306665,-0.211470948,0.08228625,0.001534253,0.016264861
IL27RA,982.9277072,0.19512538,0.074578385,0.001544929,0.016364475
PLEKHO1,5339.915394,0.157054804,0.056892517,0.001549389,0.016398125
CLOCK,926.1949064,0.272032445,0.114313721,0.001550868,0.016400204
IKBIP,755.941667,0.254021919,0.108896118,0.001560376,0.016487117
WDFY4,7588.194483,-0.154029252,0.055511776,0.001562199,0.016492745
ERAP2,1688.832412,0.18394668,0.069349039,0.00156518,0.016506904
CCR1,4691.18836,0.187406886,0.07061313,0.001566122,0.016506904
PITPNM2,57.89788482,0.68969268,0.36107611,0.001569931,0.016533413
FARSB,724.3910048,0.22794822,0.091201842,0.001572646,0.016548379
CDC42EP1,343.3527883,0.294854066,0.1272704,0.001578424,0.016595522
PSMD13,2670.283429,0.180611587,0.067978287,0.00158151,0.016614301
SAFB,3729.289184,-0.187503532,0.071060948,0.001585129,0.016638649
FIG4,1432.415777,-0.192689436,0.073610169,0.001598437,0.016764573
PLK4,372.0484511,0.359295073,0.164840541,0.001601349,0.016781346
H6PD,5489.745558,-0.227826742,0.090598883,0.001611657,0.016875544
TBL2,3406.919973,0.144795613,0.051713873,0.001615067,0.016897407
HEXB,13047.76861,-0.126594357,0.043989604,0.001617364,0.01690447
CNN2,1397.568117,-0.156981924,0.056264252,0.001618611,0.01690447
WBP2,5931.005967,-0.164435643,0.060801212,0.001620786,0.01690447
CRY2,619.0533137,-0.283783697,0.121632023,0.001621031,0.01690447
SRRM2,19449.90843,-0.230003953,0.09191726,0.001635404,0.017027948
TPRA1,1967.891832,-0.163277286,0.060113289,0.001635535,0.017027948
KCNK12,14.8497758,-0.083341229,0.158415257,0.001641779,NA
RERE,3349.205318,-0.234389441,0.095794109,0.001644633,0.017108736
FAM13A,546.3380287,-0.263477537,0.109984365,0.001650533,0.017138587
MRPL42,844.7504521,0.189334915,0.072885619,0.001652021,0.017138587
EPOP,414.3466265,0.261124573,0.109639647,0.001652324,0.017138587
SLC26A11,2624.673236,-0.250554462,0.103234204,0.001652865,0.017138587
NARS1,7032.832575,0.119809774,0.041445122,0.001655384,0.017150799
AMOT,106.5178745,-0.484410987,0.239004055,0.001657031,0.01715396
ZHX2,469.9384316,-0.238812304,0.097522681,0.001668225,0.017255875
FZR1,1831.310591,-0.217703687,0.086306652,0.001672312,0.017270387
SUB1,1795.930711,0.237516267,0.097261189,0.00167233,0.017270387
CREB3L2,4345.372583,-0.139342812,0.049411485,0.001678694,0.017308391
TCP1,2846.008717,0.15996577,0.058749231,0.001678718,0.017308391
ADORA1,567.5753972,-0.275263566,0.116252146,0.001690226,0.017413009
ALDH6A1,320.0160629,-0.327308439,0.14686393,0.001692917,0.017426687
MEPCE,2209.062724,-0.181678493,0.068622588,0.00169629,0.017447363
VPS18,3067.18207,-0.182743769,0.069687066,0.001698639,0.01745748
C11orf21,579.0546178,-0.270996424,0.114108772,0.001702937,0.017487337
GRIP2,1326.023999,0.315152517,0.139950814,0.001704348,0.017487337
SLC29A3,2975.890768,-0.131547143,0.046342236,0.001705648,0.017487337
TPRN,541.7420959,-0.225298187,0.090852889,0.001707919,0.017496592
HAT1,1186.18172,0.190600075,0.073456077,0.001720173,0.017608017
HNRNPLL,1483.488363,0.202190147,0.07938958,0.001728045,0.017674449
PTP4A2,5091.131391,0.159533866,0.058755301,0.001734869,0.017719354
CD101,1978.727267,-0.251246095,0.104709766,0.001735346,0.017719354
E2F2,359.3220744,0.348487474,0.161080709,0.001736594,0.017719354
KCNAB2,6401.194612,-0.177703102,0.067482181,0.001754819,0.017891035
ARL13B,322.1501511,0.308976378,0.138032453,0.001757879,0.017907959
CTSF,211.1720968,-0.348285299,0.160195758,0.001766645,0.017982741
SF3A1,4782.05399,-0.216858965,0.087013097,0.001768033,0.017982741
LMNB1,1811.530742,0.158461209,0.058473298,0.00177074,0.017995951
BCL2L11,628.600375,-0.249036165,0.103917142,0.001772711,0.018001677
DLC1,562.9451429,-0.321555557,0.144791396,0.001777074,0.018031661
PLEK,8322.067896,0.154073324,0.056451716,0.001781728,0.018064544
ACACA,1042.05039,0.218780402,0.088177608,0.001785092,0.018084309
ACOT2,3062.884786,-0.157256076,0.057985009,0.001793158,0.018151645
CLUL1,14.5038591,-0.073303072,0.143988227,0.001800654,NA
FPR2,11.74969998,1.352253295,0.768224859,0.00180378,NA
QARS1,5454.403266,-0.200969673,0.078949892,0.00180919,0.018284468
ZNF524,562.1418514,-0.225342908,0.091597177,0.001810324,0.018284468
EP400,4910.482379,-0.168984579,0.063788815,0.00181057,0.018284468
FAM72A,290.1441318,0.276837498,0.120624047,0.001818686,0.018338489
CASP8AP2,586.7827961,0.216749859,0.087380521,0.001818788,0.018338489
PDXP,385.8673856,-0.29376859,0.130770953,0.001831554,0.018452658
HMGB1P6,525.9604505,0.375835949,0.180250011,0.001836314,0.018486039
LRRC39,625.7388816,-0.270028836,0.115586037,0.001839964,0.018508209
FKBP3,1345.881378,0.230575855,0.092760787,0.001849696,0.018591481
ZNF326,945.1933694,0.216521732,0.087717051,0.001853091,0.01861097
SLC25A19,2426.850654,-0.168338195,0.063330131,0.001854716,0.018612671
SNRPF,461.0625786,0.237361655,0.098809965,0.001866854,0.018719791
EPRS1,6386.061253,0.161937518,0.060444603,0.001870324,0.018739884
PRPF18,820.6662167,0.219503363,0.089269085,0.001872256,0.018744549
LILRB1,1461.153096,0.194442139,0.076285117,0.00187472,0.018754531
SP140L,1124.812017,0.240661597,0.100907955,0.001884638,0.01883043
TSPYL1,2432.528051,-0.14372138,0.052233222,0.001885252,0.01883043
RAB10,4906.580185,0.163763272,0.061363431,0.001888817,0.018851303
LMF1,465.4193727,-0.264434133,0.113875941,0.001900274,0.018950865
TNFRSF10B,2734.604249,0.142097521,0.051854185,0.001913167,0.019064563
USP2,1576.585149,-0.195440379,0.076898509,0.001920447,0.019122209
TACC1,3726.425695,0.135003698,0.048565697,0.001923126,0.019133978
INPP5K,1256.276479,-0.189822662,0.074156299,0.001932678,0.019214061
RIPOR1,5800.21291,-0.2010828,0.081793795,0.001942728,0.01929611
CDCA7,103.9669094,0.413930867,0.204378142,0.001943949,0.01929611
PPAN,1275.816535,0.158647109,0.059189527,0.001946899,0.019304916
EXOC3,2210.826538,-0.192869447,0.076391408,0.001950156,0.019304916
SSH3,843.7122279,-0.25979449,0.112232739,0.001950788,0.019304916
B4GALT7,1057.054462,-0.191632878,0.075111311,0.001950876,0.019304916
HSPG2,795.84445,-0.300466452,0.134973386,0.001963824,0.019418015
PXMP4,187.3101093,-0.370892282,0.178930805,0.001973455,0.019498165
SYNE1,2070.073198,0.194664183,0.077104425,0.00199348,0.019680802
RSRC2,2092.310417,0.16058411,0.060362709,0.001995314,0.019683707
MT-ND2,103874.9289,-0.15906644,0.059575751,0.001999536,0.01971015
ERBB2,295.095986,-0.290659958,0.130849202,0.002001289,0.019712229
HTRA4,886.6833118,-0.219568726,0.090053973,0.002005632,0.019739806
LRRFIP2,882.3373257,0.199189827,0.079528947,0.00201409,0.019807805
ANKHD1-EIF4EBP3,1052.605206,-0.258045788,0.112101546,0.002016173,0.019813046
RP2,2085.278161,0.182620566,0.07118184,0.002022284,0.019845641
WWP1,1442.637881,-0.201659941,0.08053625,0.002023878,0.019845641
BTBD6,1213.85821,-0.155895105,0.058237737,0.002024147,0.019845641
ANGPT4,56.91801799,-0.584307016,0.314988701,0.002026091,0.019849478
LMBR1L,1012.546085,-0.203305435,0.081676859,0.002039709,0.019958864
ZDHHC6,1031.972614,0.236490247,0.099938793,0.002040378,0.019958864
TRIB1,1396.222826,0.239055056,0.101329329,0.002044732,0.019986162
LRP1,48006.96514,-0.202733726,0.081394459,0.002052268,0.0200445
NDUFAB1,1030.109678,0.236308138,0.09991406,0.002053984,0.02004594
CHST12,995.6960019,-0.248405414,0.106349195,0.002063063,0.020112954
WIPF1,10085.03282,-0.126777963,0.045210883,0.002063997,0.020112954
CRAMP1,1154.922542,0.285475396,0.128846537,0.002066844,0.020125362
DOCK4,4155.826573,-0.164322621,0.062387155,0.002073065,0.020170579
HSPH1,2541.264657,0.163494749,0.062067116,0.002078148,0.020182122
GTF3C3,1040.154231,0.218874548,0.090619731,0.002078626,0.020182122
VOPP1,4365.12166,0.134214109,0.048813186,0.002078987,0.020182122
PLPP1,317.1580319,-0.248795623,0.10656343,0.00209427,0.020315058
SLC25A32,621.7751152,0.231579131,0.097818332,0.002130133,0.020647272
NAT8L,517.6472725,-0.234158347,0.098970495,0.002133639,0.020665586
SLC37A3,83.08028832,0.492342621,0.26652346,0.002150927,0.020817261
SPRTN,415.128571,0.26547845,0.11757639,0.002155906,0.020849669
ZNF22,497.1682165,0.211969167,0.08737369,0.002168171,0.02095243
PSME2,3220.625913,0.211367104,0.087064555,0.002170121,0.020955439
PEX6,940.7332559,-0.207986692,0.085361117,0.002175175,0.020988383
ZNF467,828.0945515,-0.274077045,0.121053366,0.00218061,0.02102496
TNFSF13B,1710.322447,0.251050804,0.109516812,0.002183437,0.021036359
MYO1F,18096.00706,-0.164267532,0.063217265,0.002196621,0.021147443
BUB3,2322.798653,0.152190932,0.057178258,0.002199815,0.021156037
TNFRSF1A,4946.446996,-0.122688362,0.044004877,0.002200824,0.021156037
TEF,465.8284482,-0.361997211,0.177577906,0.002206386,0.021192316
IFITM10,384.389212,-0.315570231,0.148178658,0.002207913,0.021192316
BLVRB,1279.204737,-0.216041824,0.089430768,0.002211768,0.021213393
ARHGAP10,1426.395141,0.156433113,0.058768793,0.002219829,0.021274743
QPCT,992.9179453,0.206415614,0.084703251,0.002221689,0.021276627
DKK2,919.823769,-0.203231058,0.082282247,0.002224222,0.021284938
PGAP6,5253.824191,-0.215612182,0.090341503,0.00223572,0.021378964
BCKDHA,2611.270732,-0.221325648,0.093136639,0.002242532,0.021428085
EXOC5,2514.292234,0.173068377,0.067244161,0.002258177,0.021551029
ATN1,3733.670489,-0.193481978,0.077809451,0.00225877,0.021551029
CABLES1,1353.144753,-0.238150122,0.102288058,0.002261878,0.021564584
SNRPD1,839.4055827,0.294920944,0.137190437,0.002265488,0.021582906
BOLA3,405.5683365,0.252001007,0.109317604,0.002270015,0.021609937
LDHA,9771.750787,0.171002381,0.066550095,0.002277341,0.021663543
PMAIP1,189.8098274,0.344803517,0.168788191,0.002290695,0.021769382
ATAD2B,592.6100711,0.255280276,0.113116383,0.002291872,0.021769382
PRIM1,352.1298604,0.275047733,0.124736178,0.002299398,0.0218173
PHLDA2,95.89473304,0.491242371,0.269072981,0.00230033,0.0218173
GAR1,447.0554632,0.243660882,0.106486264,0.00230869,0.021880355
MATK,3466.991666,0.162279453,0.062358401,0.002311298,0.021888845
MITF,2721.456907,-0.176174407,0.069337248,0.00231612,0.021910454
TMEM144,1151.135465,-0.196546623,0.07969485,0.002322061,0.021910454
SLC25A17,303.9427246,0.275271867,0.12558623,0.002322164,0.021910454
RMI2,311.9701908,0.272765089,0.12365617,0.002322261,0.021910454
DSE,4782.100425,0.158977478,0.060849562,0.002323845,0.021910454
PPP1R15A,2277.599641,0.17128685,0.066774488,0.002323862,0.021910454
PSMD11,1999.49943,0.196013755,0.079739204,0.00233149,0.021966174
CYP2S1,1060.726153,-0.189642548,0.07607508,0.002337239,0.021993895
TXNIP,10961.24856,-0.1758597,0.069280264,0.002337873,0.021993895
BACE2,612.7759679,-0.229262761,0.097965924,0.002346072,0.022054803
OLR1,17711.54283,-0.203582006,0.087187693,0.002375297,0.022313132
REXO2,759.0790655,0.211166632,0.088408528,0.002404947,0.022575071
DGLUCY,1998.959248,-0.178085534,0.07059363,0.002408976,0.022596299
CMSS1,326.4055453,0.250856025,0.111504943,0.002416834,0.022653392
EIF2B3,593.8618335,0.253587231,0.113382674,0.002418807,0.022655269
SNX8,4045.892596,-0.159963644,0.060777659,0.002426393,0.022697974
MEGF8,2653.911935,-0.219478946,0.094092437,0.002429482,0.022697974
NUDT14,1042.991766,-0.196525698,0.080168936,0.002429527,0.022697974
ABCD1,3679.243154,-0.188892408,0.076480714,0.002430467,0.022697974
NECAB3,320.4846294,-0.270622611,0.122356493,0.002435985,0.022732898
SPPL3,1283.40584,-0.185137497,0.074370573,0.002438248,0.02273742
SLFN5,5061.234156,0.193539928,0.079358372,0.002444463,0.022778758
TMEM170B,830.1682424,-0.176424052,0.070680546,0.00244833,0.022798182
NCL,13823.51826,0.160894871,0.062157393,0.002457583,0.02286768
NIP7,824.9986544,0.204251099,0.084681218,0.002474881,0.023011892
SH3BP1,5957.112309,-0.20430135,0.0846743,0.002481006,0.023052079
HEATR1,1447.942968,0.171914725,0.067856469,0.002485308,0.023061703
NDUFAF2,308.453456,0.282070832,0.131242069,0.002485649,0.023061703
CUL9,1218.002789,-0.237569246,0.103645665,0.00248812,0.023062156
RUSF1,2085.623694,-0.170739308,0.067173768,0.002489306,0.023062156
TUBA1B,18754.92546,0.158603973,0.061548098,0.002504449,0.023185648
FUCA2,4448.223743,0.139649986,0.052411841,0.002509641,0.023216907
B3GALNT2,673.1728816,0.264490664,0.120472082,0.002518852,0.023285266
COQ10B,709.4517668,0.20639499,0.086517582,0.002532351,0.023381343
HIBCH,563.4752069,0.257078403,0.116138376,0.002532903,0.023381343
GABARAP,8607.610665,-0.137394688,0.051296668,0.00253668,0.023399322
ABI3,4835.228259,-0.189859153,0.077353301,0.002564131,0.023635485
NABP1,3763.103869,0.17888472,0.071828261,0.002574482,0.023713795
TMEM39B,364.4546446,-0.271189842,0.124952842,0.002580415,0.023751337
MMP19,2049.691762,0.147380016,0.056133457,0.002582599,0.023754337
RRS1,625.5272568,0.198927042,0.08254651,0.002590915,0.023813693
NOP2,1354.992404,0.205307215,0.086273259,0.002598283,0.023854863
RGS12,6660.040699,-0.165360016,0.066006356,0.002599126,0.023854863
MBOAT7,2267.152237,-0.200934434,0.083198741,0.002606071,0.02390145
AKT1S1,2067.400929,-0.177269132,0.070959952,0.002610191,0.023922074
NAIP,2328.378103,-0.187656857,0.07641618,0.002631706,0.024101982
CASTOR2,377.2797055,-0.329296173,0.163192968,0.002639916,0.024159857
ZSWIM8,3327.540237,-0.171879626,0.068391481,0.002648902,0.02422476
MTRF1L,768.2553724,0.225746051,0.095041133,0.002652901,0.024233769
LSM8,970.5419808,0.291319319,0.138828055,0.002653678,0.024233769
GADD45GIP1,887.8720668,0.199389082,0.083309756,0.002663434,0.024299957
NOP56,2315.096967,0.148845976,0.057078205,0.002666898,0.024299957
IRAK2,289.7933576,0.298113853,0.143999768,0.002667485,0.024299957
PBK,177.5936088,0.356854884,0.185131233,0.002668529,0.024299957
ANP32A,4088.943169,0.163502812,0.064106864,0.002680341,0.024390149
MT-ATP6,115919.0015,-0.167079662,0.066044879,0.002686703,0.024430648
IRF5,4597.048327,-0.189455925,0.077914039,0.002700575,0.024539344
DSTYK,662.4239186,-0.177536303,0.07161411,0.002702935,0.024543344
TAF6,1448.015147,-0.182418983,0.074170521,0.002716424,0.024648317
SVOP,14.63377343,-0.071972426,0.142020886,0.002720733,NA
SNCG,94.77318245,0.453606764,0.255485262,0.002722393,0.024684958
FABP3,2520.219233,-0.17829717,0.072182535,0.00273269,0.024759808
TMEM127,2445.648437,-0.138230127,0.052229737,0.002735535,0.024759808
CNBP,7996.008309,0.145741247,0.055814289,0.0027365,0.024759808
SAMD1,1541.057241,-0.192814899,0.079999309,0.002738394,0.024759808
CARD14,337.5833867,-0.288754391,0.137942247,0.002744591,0.024798299
GPR3,21.8697807,0.82641682,0.530694379,0.002759386,NA
ITGA7,209.1571857,-0.335487607,0.170143671,0.002765804,0.024952934
JADE1,491.5717268,0.244721157,0.110609397,0.002765912,0.024952934
KCNMA1,2686.062803,-0.158106911,0.061915984,0.002769133,0.024952934
GTF3C6,1562.595807,0.221121985,0.097045132,0.002769512,0.024952934
TMEM268,969.0497288,0.166031252,0.065979101,0.002777954,0.025011366
S100A6,3653.244965,0.181679272,0.073760739,0.002790321,0.025098129
HDAC7,2522.073647,-0.182539912,0.074658422,0.002793466,0.025098129
NUP107,1115.510145,0.171629509,0.068926019,0.00279348,0.025098129
PCNX4,1229.019682,0.182016301,0.074481384,0.002813847,0.025235008
GBA1LP,117.8503435,-0.394894752,0.211614778,0.002813905,0.025235008
TYSND1,489.6991101,-0.227329881,0.100053816,0.002814636,0.025235008
LMNTD2,178.0550105,-0.350681522,0.180626556,0.00282066,0.025271297
CHD4,11877.10424,-0.13844258,0.05284552,0.002833093,0.02536491
SDAD1,1140.224759,0.178124681,0.072499188,0.002836203,0.02537499
EIF2AK2,4921.778291,0.237553986,0.107014722,0.002845589,0.025441155
PDCD4,3400.275495,-0.157365959,0.061792286,0.002863622,0.025584493
RFNG,763.7714222,-0.244738151,0.110926891,0.002867328,0.025588864
PKIB,364.5163021,0.362983314,0.193449137,0.002868114,0.025588864
SP100,3886.085469,0.150147696,0.058327352,0.002874315,0.025626304
TBC1D17,1555.873807,-0.196931633,0.083046624,0.002889181,0.025740891
SMIM13,772.5854587,0.184387168,0.076031088,0.002900776,0.02578902
SHB,755.7101531,-0.196136638,0.082413526,0.002901335,0.02578902
CYBC1,2946.702183,-0.16615196,0.066294937,0.002901602,0.02578902
SRGAP2B,1708.343358,0.235655498,0.106255853,0.002902652,0.02578902
ACSS1,1133.863247,-0.175468845,0.071391783,0.002907053,0.025810191
RAD54L,295.8038236,0.313479794,0.15819684,0.002923014,0.025925816
MYO9B,18063.75708,-0.208943162,0.090653429,0.002924132,0.025925816
MYPOP,407.1959274,-0.254182216,0.117470016,0.002934437,0.025999157
WFDC21P,176.807335,0.355720085,0.188600091,0.002946111,0.026084505
CHPT1,794.0920521,-0.17483799,0.071379066,0.002955942,0.026146865
CAPN5,142.7916874,-0.33558919,0.173068931,0.002957244,0.026146865
SDS,766.5252264,-0.197774452,0.083729078,0.002964628,0.026194034
SLC22A17,12.57714785,-0.092240189,0.172117528,0.002973065,NA
EPB41L2,9033.380836,-0.148459522,0.057530997,0.002975109,0.026268484
VLDLR,192.009292,0.350646571,0.185339854,0.002977967,0.026271796
CCDC22,1016.029212,-0.18332664,0.075661999,0.002979594,0.026271796
MGMT,211.4024216,-0.286498813,0.139036847,0.002986294,0.02631025
PAFAH1B2,2306.836933,0.146382036,0.05678825,0.002990191,0.02631025
LYRM2,1482.113464,0.215442604,0.094448989,0.002992149,0.02631025
CCL8,109.3121991,0.905803197,0.695330976,0.002992186,0.02631025
PYM1,959.3321864,0.162612843,0.064900597,0.002999609,0.026357389
SDHAF3,170.6685823,0.370176792,0.201119674,0.00300194,0.026359754
SNRPG,1167.038169,0.192855217,0.081321871,0.003008148,0.026384408
BTG3,451.2494516,0.233231885,0.105450135,0.003008875,0.026384408
ZNF322,559.7788897,-0.232512454,0.10476574,0.00303579,0.026602176
RAB24,998.8465025,0.199181915,0.085112369,0.003044142,0.026654163
NRP1,19263.22124,0.142895071,0.05517519,0.003045892,0.026654163
WHAMM,928.4056327,-0.162155304,0.06482646,0.003052889,0.026697113
RXRB,1821.153589,-0.146540909,0.057047264,0.003069447,0.026823568
COPRS,1154.803605,-0.156216461,0.061895507,0.003081203,0.026892114
PC,2297.787952,-0.187989991,0.079366861,0.003081498,0.026892114
KIF27,132.9802361,-0.363012609,0.195664121,0.003088058,0.026930987
PLAA,1350.272484,0.193524786,0.082162115,0.003102277,0.027036547
RCSD1,2531.299805,-0.1823362,0.075701919,0.003105054,0.027042314
IL6ST,3536.632694,0.131901064,0.05018598,0.003107805,0.027047851
MCRIP1,1928.230262,-0.164691066,0.066323699,0.003111958,0.027065563
CDIPT,3100.072021,-0.158404432,0.063295026,0.003144073,0.027326291
ZNF865,1024.171558,-0.23901504,0.109571171,0.003150956,0.027367506
IGF2,176.5030265,-0.102708277,0.193834699,0.00315466,0.02738108
KY,8.701116236,-0.062049845,0.131105159,0.003154844,NA
ZNF511,564.3079836,0.20935454,0.091646315,0.00316311,0.027435792
NFE2L3,526.1062334,0.276250567,0.135020856,0.0031739,0.027510723
YKT6,4448.508364,0.116128006,0.043173708,0.003177389,0.027522301
KNTC1,772.4668545,0.197965053,0.085136201,0.003196665,0.027670521
ALDH16A1,2367.149395,-0.189574896,0.080427464,0.003200669,0.027686432
RAB7B,918.5054993,0.196547673,0.08433788,0.003206364,0.027716946
CHUK,1035.997583,0.157379887,0.062897926,0.003209245,0.027723104
TFDP1,2251.602392,0.165717166,0.067307667,0.003212624,0.027733557
PIP5K1C,5004.075862,-0.189090571,0.081694477,0.003223381,0.027798021
IGFBP6,126.334414,0.331075958,0.174527768,0.00322444,0.027798021
SLCO2B1,26678.30265,-0.219361813,0.097765721,0.003240316,0.027916066
STK38L,1994.219544,0.177200938,0.073715004,0.003249187,0.027973637
MAP2K5,480.5693601,-0.217184825,0.096701739,0.003263072,0.028074273
CASKIN1,16.73855609,-0.034176476,0.111124493,0.00326817,NA
BCL2A1,1449.151807,0.234715125,0.10837002,0.003276421,0.02816644
DENND1A,1409.158952,-0.216891368,0.095829023,0.00327819,0.02816644
RCN3,1204.9114,-0.190186766,0.080995019,0.003308975,0.028408068
ROGDI,751.8401815,-0.196581979,0.08457752,0.003310756,0.028408068
FLVCR2,2378.263901,-0.196960664,0.085232064,0.003319426,0.028436832
NAA50,3590.396514,0.170938751,0.070242748,0.003319539,0.028436832
ZFTRAF1,1834.000638,-0.180978339,0.07551677,0.003320781,0.028436832
MARCHF7,2294.007465,0.173845256,0.072089173,0.003331347,0.028508217
HNRNPK,13898.80065,0.125397213,0.046850503,0.003336114,0.028529909
LSS,2235.503789,0.175740015,0.073035535,0.00335279,0.028637244
RUNX3,1994.37231,-0.294176322,0.148208829,0.003353145,0.028637244
APH1B,951.8592414,-0.219935875,0.098813825,0.003356494,0.028642026
CES3,69.94365256,-0.428513671,0.254954439,0.003358185,0.028642026
ERMAP,925.4675875,-0.214863543,0.095730984,0.003363681,0.028669778
MAP2K2,3026.747408,-0.183840293,0.077560382,0.003377643,0.028752314
CKS1B,1134.75252,0.174917995,0.072768453,0.003377863,0.028752314
DNAJC2,752.4972698,0.196321578,0.084994037,0.003383744,0.028783213
GINS2,176.4840424,0.343354548,0.185019284,0.003392173,0.028835726
GART,2025.859226,0.210099843,0.093361132,0.003405877,0.028932978
HS3ST2,492.0036119,-0.236860106,0.109918137,0.003418793,0.029023419
EBNA1BP2,961.3905141,0.158097191,0.063959954,0.003429683,0.029092546
ORC6,629.2695326,0.178296139,0.074905693,0.003431487,0.029092546
COPS6,1899.979261,0.156732043,0.061963996,0.003441185,0.029155433
POLH,608.8871377,-0.349538697,0.19149724,0.003459867,0.029294304
SLC2A6,776.4060013,0.23614735,0.110567376,0.003463499,0.02930565
RNASE6,1417.681695,-0.181991604,0.076557244,0.003466615,0.029312615
ADSL,1480.242552,0.179638034,0.075793336,0.003480326,0.029409103
RPL7L1,2889.419293,0.175997168,0.073834365,0.003486525,0.029422955
FAM110A,680.6115321,-0.220859703,0.100525011,0.003490411,0.029422955
TMED2,5632.18981,0.12937602,0.049641482,0.003493996,0.029422955
WWC3,593.3088478,-0.218924173,0.099031415,0.00349615,0.029422955
STRAP,2327.242322,0.180809505,0.076589926,0.003499217,0.029422955
EPN2,535.6360172,-0.202943455,0.089461127,0.003500807,0.029422955
FAM136A,1163.595122,0.164397657,0.067468549,0.003501099,0.029422955
FES,1878.607467,-0.208480227,0.092800774,0.003502635,0.029422955
GSDMD,1150.222474,-0.151166476,0.060468258,0.003502678,0.029422955
ZNF23,206.7089024,0.333934741,0.183420888,0.003507989,0.02944822
TMEM65,955.6781303,0.235006844,0.110106308,0.003513092,0.029471707
PDLIM7,7229.044649,0.161920537,0.06621408,0.003518162,0.029494889
BCAS2,1044.759223,0.185370552,0.079343985,0.003524092,0.02952524
DYNLT1,1402.499772,0.185433488,0.07930265,0.003529446,0.029550731
ATAD2,1286.009925,0.18859142,0.082300064,0.003536429,0.029589817
USP16,1217.354441,0.180826454,0.076703078,0.003540845,0.029607393
PSME4,3230.482797,-0.132894312,0.051514153,0.003556978,0.02972285
RALB,2790.664451,0.164401606,0.070129199,0.003560692,0.029725953
SEPTIN9,8870.316853,-0.150171562,0.059899396,0.003561999,0.029725953
CYP19A1,496.2256576,-0.334718799,0.181709583,0.003571889,0.029752143
TDRD9,257.657545,-0.350711602,0.194466239,0.003572784,0.029752143
TMC7,229.7913685,-0.427409574,0.255279526,0.003578039,0.029752143
DUSP8,264.6911544,0.385630828,0.227966779,0.00357804,0.029752143
HMBS,492.6060355,0.225077713,0.103793511,0.00357847,0.029752143
WDR73,1099.413988,0.18565838,0.079374202,0.0035791,0.029752143
SH3GLB1,4343.470787,0.160409444,0.065512329,0.003585422,0.029785328
ABHD17A,3969.550969,-0.164640279,0.069134203,0.003602231,0.029905534
LRRC57,741.5063744,0.202199927,0.08953981,0.003606005,0.029917436
GAD1,7.472175131,-0.059334739,0.128446784,0.003612863,NA
TNFSF13,3260.967805,-0.133688546,0.052093224,0.003620133,0.030015176
PSMC4,4338.010628,-0.131247825,0.051026028,0.003626527,0.030048698
RPS28,5459.342944,-0.126942848,0.049008048,0.003637509,0.03012018
DNAJC19,425.5388249,0.226158642,0.104814743,0.003663845,0.030318611
FABP5,10102.25174,0.206633346,0.092553804,0.003678977,0.03042414
GBA1,5072.607804,-0.133835594,0.052383017,0.003693988,0.030528531
FKBP15,7820.798532,-0.138393955,0.05461016,0.00372045,0.030714036
FDPS,2061.134053,0.20708741,0.093030088,0.003723031,0.030714036
KANK1,419.5939009,0.248185754,0.120384149,0.003723641,0.030714036
PRSS36,623.7149391,-0.26471203,0.131275867,0.003726511,0.030717891
ELMO1,1581.733841,-0.193728956,0.084930244,0.003750953,0.030888725
CDS2,3420.048326,-0.16868846,0.072108612,0.003756057,0.030888725
PRDX1,12150.59812,0.14233058,0.056350318,0.003757837,0.030888725
RAD23B,3988.525763,0.133436579,0.052288002,0.003759213,0.030888725
CNNM2,335.7972473,-0.305418684,0.16217849,0.003759316,0.030888725
ZNF609,2738.876094,-0.167078575,0.069683203,0.003786438,0.03109159
MUL1,1419.240395,-0.151032294,0.061147954,0.003792486,0.031109021
SUPT16H,3098.786084,0.131003871,0.051138603,0.003793427,0.031109021
ARHGEF12,1388.971536,0.167627291,0.070118412,0.003799933,0.031142398
CIITA,1044.727719,-0.431806756,0.263305411,0.003803628,0.031143481
NAGPA,2077.088237,-0.168515604,0.070932192,0.003804937,0.031143481
MYEOV,45.69356829,0.568823292,0.407824173,0.00380778,0.03114681
EPHB3,246.2189131,-0.649970492,0.464308592,0.003810755,0.031151213
RPS2,17178.02636,-0.1089778,0.04090839,0.003816698,0.03117986
SLC25A38,798.4687602,-0.168926878,0.070911702,0.003832483,0.031288819
HSP90AA1,20594.41843,0.171532942,0.072114102,0.003859963,0.03147763
FANCE,828.3697254,-0.218857284,0.100988144,0.003860534,0.03147763
JPT2,1610.117184,0.193532855,0.08448574,0.003882441,0.031599956
PDCD1LG2,207.2705825,0.31161726,0.170678698,0.003883455,0.031599956
HLA-E,18572.40116,-0.125184497,0.048863511,0.003885742,0.031599956
CPSF1,4727.224227,-0.182534547,0.081770494,0.003886592,0.031599956
PMM2,1253.004151,0.155714122,0.06391771,0.003887894,0.031599956
STRADA,2153.505756,-0.127691661,0.049897206,0.003900611,0.031683168
SH2B3,6674.421139,0.127648815,0.049781489,0.00390426,0.031692678
UBE2T,193.7339132,0.281922882,0.146376249,0.00394084,0.031969314
ZNF462,552.238237,0.305125736,0.166072454,0.003956249,0.032070969
CDKN2D,145.6550811,0.356284998,0.207006627,0.003958388,0.032070969
APEX1,5602.926081,0.110551526,0.041903479,0.003961854,0.032078724
SDC2,3324.972329,0.190871315,0.08389039,0.003969288,0.032118574
POLR2J2-UPK3BL1,376.6924404,-0.3409422,0.191179419,0.00398256,0.032205581
BRAT1,1525.875068,-0.183231213,0.079583392,0.003985301,0.032207381
SLC2A3,1190.955978,0.235948996,0.113985581,0.003996109,0.032274327
DDHD2,882.2218129,0.235056936,0.113334804,0.004032452,0.032547283
EXOSC3,579.8961603,0.22205393,0.104628639,0.004037611,0.032568361
ADK,1065.333741,-0.171714474,0.072903538,0.004045825,0.032614041
NOP9,1966.584971,0.134456194,0.053334765,0.00404967,0.032624471
STAC,1573.991117,-0.173971524,0.074344039,0.00405441,0.032642087
RBM8A,2943.647975,0.161322858,0.067436051,0.004062022,0.032682788
CACUL1,3014.055845,-0.148641259,0.060493834,0.004068443,0.032713863
CCDC28B,149.4986994,0.333661934,0.190794598,0.004075079,0.032736788
NRP2,6316.245676,0.144416873,0.058207399,0.004076415,0.032736788
MLLT1,1726.836859,-0.178693933,0.077341595,0.004082748,0.032767065
LSM4,3016.442689,0.136192242,0.054247664,0.004089746,0.032802633
SLA,6783.343619,0.12492404,0.048708302,0.004134489,0.033140717
ARHGEF17,584.0591624,-0.201912149,0.091614878,0.004158324,0.033310884
APEH,3076.926064,-0.166365541,0.070402519,0.004177522,0.033443722
NLRP12,372.0599444,0.510115539,0.38608475,0.004188854,0.033513456
ANGEL1,1517.243408,-0.198589038,0.089920919,0.004210473,0.033665354
TIMM17A,1798.761417,0.167173533,0.071070132,0.004219962,0.03372013
SBDS,1274.32175,0.180409818,0.07756719,0.004256147,0.033988033
CHST15,2571.681529,0.189987743,0.084939794,0.004268396,0.034036068
CDC42SE2,1330.003214,0.175449201,0.075796007,0.004270519,0.034036068
NFE2L1,14160.73258,0.12651001,0.049745307,0.004272283,0.034036068
PET117,103.7369662,0.383328041,0.240097484,0.004272811,0.034036068
RAVER1,1776.516708,-0.174310665,0.075643418,0.004288397,0.034111874
CRIP1,842.2623504,0.170742338,0.073471091,0.004290509,0.034111874
UBE4B,2727.049846,-0.147491777,0.060740323,0.00429266,0.034111874
NMI,1047.046363,0.209714617,0.097672519,0.004293,0.034111874
GAMT,336.7206689,-0.249248965,0.124087453,0.00430342,0.034173435
AQP9,6009.041289,0.175337871,0.076237464,0.004316217,0.034253777
MLKL,1579.177179,0.196346183,0.089054189,0.004319034,0.034254866
TMEM43,2093.553731,0.120344896,0.046987606,0.004330285,0.034322808
CCDC106,881.1623739,-0.172718287,0.07462648,0.004333085,0.034323722
LARP4,1767.350824,0.185497449,0.082488205,0.004342379,0.034367559
DDX55,826.83386,0.181930078,0.080222501,0.004343995,0.034367559
EWSR1,7665.096939,0.102170536,0.038711773,0.00435049,0.034397657
ALAD,1359.450153,-0.181767593,0.080013317,0.004359686,0.034449063
TRIM44,4004.267841,-0.151592352,0.061369339,0.004363641,0.034457499
B4GALT3,966.4699126,-0.203790638,0.093740973,0.004366144,0.034457499
SQLE,1168.016319,0.275885102,0.146523575,0.004383144,0.034570321
COL22A1,399.5212381,0.294227337,0.162319062,0.004387904,0.034586527
TADA2A,336.0461226,0.249514867,0.126474078,0.004396434,0.034616981
KMT2A,1812.691379,-0.19792567,0.089944569,0.004397182,0.034616981
KIRREL1,277.003734,-0.2936561,0.159799574,0.004407342,0.034675613
ATF5,4282.074511,-0.130254788,0.05186289,0.004411118,0.034683976
SKIDA1,15.13024639,-0.067199466,0.135956972,0.00443259,NA
FURIN,12891.19522,-0.143442901,0.05882037,0.004438904,0.034870451
FBXO30,1038.729777,-0.170255711,0.073361537,0.004440289,0.034870451
PDCD11,1526.862642,0.149625261,0.062075462,0.004451921,0.034940338
KCNJ15,41.60965133,0.667135402,0.70015405,0.004462851,0.035004629
CRIM1,612.5949796,-0.319357541,0.182868351,0.004470481,0.035042981
JUP,2984.911783,-0.201973617,0.092465847,0.00449694,0.035228784
RNF208,116.5460564,-0.384182481,0.245739255,0.004514031,0.035341023
ZFYVE19,908.508896,-0.170810138,0.073849655,0.004524946,0.035404791
IFI30,41571.85714,-0.138044069,0.059313703,0.004540733,0.035493126
CCT6A,4018.297231,0.157354117,0.066504916,0.004541788,0.035493126
ARMT1,2138.960949,0.196500597,0.09054558,0.004545565,0.035500947
ACADS,635.3363993,-0.202790579,0.094009326,0.0045671,0.035640432
TARS1,5210.006196,0.163163184,0.071011753,0.004569,0.035640432
GSTK1,3709.026688,-0.124711068,0.049436828,0.004586318,0.035753708
MIGA2,822.7829442,-0.209321392,0.0975665,0.004611293,0.035914283
SLC39A3,943.6665395,-0.169787552,0.073484529,0.004613214,0.035914283
CDC42SE1,5458.220927,0.098001032,0.037131746,0.004615344,0.035914283
DONSON,334.207119,0.228946802,0.112152369,0.004628467,0.035994495
TRAM2,1070.376821,-0.159515676,0.067820069,0.004639468,0.036058112
PLPP3,631.1117999,-0.220857538,0.106572648,0.0046466,0.036079895
ST8SIA1,40.99365777,0.523243973,0.413349972,0.004647915,0.036079895
SLC66A2,2714.741759,-0.152575645,0.064271089,0.00465754,0.036132674
ABCA7,1364.59229,-0.223159045,0.108356719,0.004696515,0.036412941
PRMT1,2789.284896,0.132243703,0.053366404,0.004700734,0.036423568
ZNF503,1834.117799,-0.208272821,0.097161108,0.004705314,0.03643697
BMERB1,470.6027228,0.210284439,0.099821675,0.004718396,0.036516159
XRCC3,550.8098704,-0.214538349,0.10264807,0.004731673,0.03659676
CD80,118.3526127,0.365586382,0.234995504,0.004736916,0.036615156
TGFBR2,6761.211226,-0.115061554,0.045748761,0.004747613,0.036657608
NDUFA6,1509.982053,0.164604377,0.071079736,0.004748142,0.036657608
DOLK,586.8706862,-0.175041635,0.077367906,0.004757077,0.036704426
UBB,20052.7223,-0.124412362,0.051094007,0.004762902,0.036727203
FAM174B,208.8722014,-0.324504561,0.191690266,0.004770222,0.036746094
GDF15,1196.44246,-0.176424504,0.078051438,0.004773913,0.036746094
SNRPD3,1835.685246,0.171017285,0.074904119,0.004773974,0.036746094
ASS1,6371.5099,-0.198747457,0.092977775,0.004784331,0.036803653
FAM86B3P,98.47206607,0.405460005,0.281812365,0.004794408,0.036858996
SDC3,1932.719152,-0.215386847,0.10199599,0.004802217,0.036896842
HNRNPA2B1,23732.6101,0.140305957,0.057632602,0.004808064,0.036919575
PTPRG,2372.144175,-0.130200786,0.052512562,0.004812233,0.036929412
GPAT3,256.8104669,0.370910623,0.243733957,0.004832252,0.037044158
PARP9,5976.616175,0.181701707,0.082206402,0.004832981,0.037044158
PCYT1A,3940.316211,0.14471039,0.060227156,0.004851732,0.037165601
RHBDD2,3070.621232,-0.150408711,0.063356075,0.004857007,0.03718373
FZD1,550.7217371,-0.211845211,0.101439385,0.004868628,0.037250391
NHERF1,990.9709047,-0.183745076,0.084055759,0.004871828,0.037252587
FAM131A,642.063683,-0.184651814,0.08372464,0.004918657,0.037588185
GADD45A,260.5556942,0.28944531,0.164183595,0.004927552,0.037633662
SLC8A1,4214.800298,-0.154816703,0.065653838,0.004942473,0.037725082
TMEM165,3710.462679,0.124623475,0.04993929,0.004957204,0.037762689
KRI1,860.8963704,0.198245365,0.092961751,0.004961516,0.037762689
GMNN,467.3872503,0.197798826,0.092543217,0.004963188,0.037762689
MELK,580.4377781,0.188675048,0.086694666,0.004963567,0.037762689
CENPP,338.397093,0.253813674,0.13433457,0.004964254,0.037762689
NDN,253.9461744,-0.230771628,0.1156621,0.004966228,0.037762689
CEP120,746.8143449,0.173564368,0.077021842,0.004968075,0.037762689
TMEM161A,478.8136967,-0.232005934,0.116449249,0.004972998,0.037777649
DSTN,1995.783805,0.169683333,0.074573584,0.004981045,0.037816306
NUP88,894.8236915,0.223073943,0.109704818,0.004985777,0.037829771
PHF8,988.3849841,-0.195585685,0.09108023,0.005006376,0.037963534
MFGE8,1271.287372,-0.174483468,0.077626083,0.005015442,0.038009739
RALY,4977.135619,-0.130822589,0.053188564,0.005024806,0.038058144
COL5A1,513.9268348,-0.242504419,0.124704923,0.005028366,0.038062556
P4HB,25248.21656,-0.12667175,0.050933732,0.005040002,0.038128062
PRRT3,157.1088515,-0.291305806,0.165565696,0.005046952,0.038158058
RIMBP3B,97.1334229,-0.354167034,0.225682534,0.005064548,0.038252929
SLC9A7P1,44.63161607,0.526808224,0.466290984,0.005065484,0.038252929
RTTN,485.0504215,-0.241600411,0.124473767,0.005092406,0.038433539
PSMD1,3045.579736,0.148964293,0.063088643,0.005108959,0.038530679
CCDC9B,899.219916,-0.177084093,0.079713531,0.005111305,0.038530679
SYVN1,2196.412245,-0.161820241,0.070398849,0.005128722,0.03863919
NAP1L4P1,16.99172533,0.707829885,0.713852495,0.005140805,NA
SETD3,2663.845171,0.153254395,0.065490772,0.005149777,0.038765121
CNNM3,744.3187107,-0.235952057,0.118643947,0.005152023,0.038765121
TNFRSF10D,560.1005206,0.172511688,0.076909092,0.005154533,0.038765121
UCN2,9.814241613,0.928060732,1.001996352,0.005162838,NA
ACTR10,1717.628835,0.198842911,0.094269191,0.005182065,0.038949263
IBTK,2412.391304,0.160740284,0.071007149,0.00521753,0.039192788
PTPN12,5263.024493,0.189363568,0.088143073,0.005227771,0.039224378
ARMC7,530.4478525,-0.200917058,0.095501234,0.005227872,0.039224378
NAA60,2130.203899,-0.184222529,0.084746747,0.005231797,0.039230805
SYNCRIP,4335.611882,0.161233001,0.06958696,0.005236734,0.039244812
FBXO10,664.5346741,-0.217588866,0.107126396,0.005246421,0.039294371
OXA1L,5069.906325,-0.10122203,0.039921307,0.00525796,0.03935774
SMARCD1,1686.130277,-0.172077222,0.076911554,0.005265356,0.039390041
SLC12A5,434.5751829,-0.203729482,0.097512151,0.005272231,0.039402912
FOXO3,2062.009566,-0.127595897,0.051987471,0.005273241,0.039402912
CCZ1,1592.565502,0.162018378,0.070910994,0.005297256,0.039559242
SUCO,702.8044754,0.177645765,0.080625186,0.005301323,0.039566496
RPS6KB2,1918.974307,-0.145762408,0.061656078,0.005317087,0.039632263
CORO2A,859.2250771,-0.205666308,0.098614517,0.005319773,0.039632263
CEP83,161.3327279,0.368124118,0.256506977,0.005322016,0.039632263
WDR89,266.2360317,0.244938863,0.12935206,0.005322534,0.039632263
EPN1,4088.606211,-0.163190522,0.073780442,0.005337959,0.039723982
SINHCAF,1008.535565,0.150750823,0.064578052,0.005358899,0.039856615
GCH1,300.2053491,0.305707529,0.185680333,0.005367348,0.039881213
SLC25A6,16948.76149,-0.101552225,0.039579047,0.005368445,0.039881213
CYB5D2,508.529959,-0.198368169,0.094393293,0.005392312,0.040035257
DHX9,4185.217463,0.143235217,0.060325202,0.00540089,0.040075667
PPP2R3C,970.1821183,0.177915009,0.080906749,0.005406193,0.040091749
AKIRIN1,3438.450347,0.119254251,0.047925277,0.005412001,0.040111558
MICOS10,2254.005367,0.198404589,0.09487781,0.005419388,0.040143032
COPG2,604.1828749,-0.176325153,0.080115584,0.005429866,0.040184163
GRHPR,2045.031576,-0.114552865,0.046155529,0.005431227,0.040184163
MAVS,4777.166122,-0.129176398,0.053051151,0.00543727,0.040205606
SRP19,966.4308525,0.172748933,0.078086679,0.005442615,0.040221869
PPHLN1,1541.309154,0.189150461,0.088582949,0.005452351,0.040237803
ZNF395,436.5593899,-0.29941925,0.177167591,0.005454451,0.040237803
L3HYPDH,203.8860133,0.252769948,0.136781025,0.0054548,0.040237803
STX3,2344.173998,0.144105285,0.06100124,0.00545736,0.040237803
PRR15,372.5194101,-0.379401524,0.261242046,0.005470531,0.040278175
CADM1,2667.276911,-0.167837083,0.075585775,0.005471718,0.040278175
ZNF581,555.3017684,-0.236321472,0.121513199,0.005472287,0.040278175
RBM12B,551.5050415,0.239558295,0.12633061,0.005481653,0.040323897
ARAP1,24498.7922,-0.148855997,0.064562022,0.00549602,0.040406336
TIMM23,1064.287209,0.169486828,0.076026202,0.005500654,0.040417163
APOC1,33349.86486,-0.144610577,0.061640484,0.005527229,0.040589099
AHCY,4714.745614,-0.111202003,0.044287776,0.005534894,0.040622052
FAM229B,10.8761345,-0.047957122,0.118976861,0.005543875,NA
RBFA,375.596035,0.211722181,0.105039384,0.005548845,0.040701081
NCS1,1424.248209,0.197831418,0.095076082,0.005564252,0.04076216
PLK3,1721.849538,0.182073505,0.084250426,0.005565056,0.04076216
MBTPS2,895.1491999,0.172693466,0.07821689,0.005568237,0.04076216
PCNX1,3267.088209,0.136666309,0.05703973,0.005572682,0.04076216
SLIRP,427.8505594,0.222946008,0.113492493,0.005573113,0.04076216
NOL10,620.394174,0.188111553,0.088308428,0.005579591,0.040786203
MST1,222.7657562,-0.302075569,0.181918573,0.005588729,0.040829656
SH3GL1P3,41.41303947,-0.456839248,0.370603149,0.005594294,0.040846971
FST,51.20417736,-0.133179763,0.280776303,0.005598864,0.04085701
PLPPR2,168.7549208,-0.324648902,0.205345324,0.005607359,0.040884017
DIMT1,492.3691735,0.21643236,0.109054729,0.005608961,0.040884017
TBPL1,242.1825226,0.258412893,0.143157233,0.005615725,0.040909996
ACVRL1,817.2722505,0.216324364,0.108647012,0.005620318,0.040920137
RIN3,4008.518116,-0.204828224,0.099865767,0.005639067,0.041013925
SLC46A1,1193.459225,-0.211824158,0.103917648,0.005640767,0.041013925
NT5C2,2552.459712,0.178361178,0.081281129,0.005642823,0.041013925
NOL7,1690.34921,0.157460796,0.06921991,0.005663653,0.041112947
PARP2,629.6138064,0.211616404,0.104833501,0.005664334,0.041112947
CES4A,309.6374502,-0.292978212,0.173933893,0.005666094,0.041112947
KCNIP3,210.4943877,-0.274806601,0.157073599,0.005675679,0.041144967
HOXB6,976.8207904,-0.170261572,0.076676388,0.005678235,0.041144967
ZFAND3,2921.637462,-0.15536321,0.067672619,0.005684515,0.041144967
USP9Y,106.3079857,0.345364247,0.233535377,0.005685944,0.041144967
PLTP,16942.31581,-0.135468841,0.056725449,0.005686598,0.041144967
NUP58,1179.775427,0.174739489,0.079944875,0.005713993,0.041319797
SP140,153.0226215,0.37872398,0.287164766,0.005717369,0.041320836
STK4,3200.572991,0.105416297,0.041709733,0.005748783,0.041524405
P4HA3,97.8633218,-0.34339915,0.232515783,0.005804669,0.041904403
USP53,807.4046933,0.23519225,0.125114276,0.005819433,0.041987274
ARPC2,19713.79342,0.107663559,0.043919495,0.005827118,0.042019012
RPS21,3965.07806,0.165671326,0.074550158,0.005833633,0.042042276
PIK3R2,2504.042693,-0.158083169,0.069932741,0.005859011,0.042201383
MORF4L1,7734.279175,0.133327482,0.055924595,0.00589421,0.042431009
CELF6,194.8468456,-0.339592026,0.225877482,0.005901482,0.04245945
KPNA4,2872.534625,0.141125621,0.060155367,0.005918208,0.042505617
AKT1,4676.648636,-0.125108139,0.051602143,0.005918306,0.042505617
G6PC3,2413.936815,-0.152270423,0.066421096,0.005918372,0.042505617
LMF2,2761.773103,-0.164531732,0.073913965,0.005921411,0.042505617
PHLDA1,2263.401771,0.155893347,0.068714904,0.005924522,0.042505617
SLC40A1,158.5294234,-0.373363896,0.268665294,0.005936585,0.042568277
ACSF2,2076.706388,-0.134996005,0.056950396,0.005951689,0.042643707
ISOC2,1095.533417,-0.16980812,0.07720682,0.005953775,0.042643707
OS9,15527.15637,-0.141024774,0.060301477,0.005958438,0.042653206
TBRG1,1835.597397,-0.174174506,0.079980761,0.005971955,0.042713846
CRTC2,1696.269581,-0.157659436,0.06988093,0.005973591,0.042713846
SASH3,5062.770224,-0.109277195,0.043937427,0.006003581,0.042863631
AAK1,2664.087605,-0.149903772,0.064985267,0.006004175,0.042863631
SSBP1,1540.333319,0.175916317,0.081267135,0.006004596,0.042863631
SOCS3,594.0109104,0.24876059,0.138686212,0.006014263,0.042908679
PSMB9,1014.718561,0.225228763,0.118007515,0.006022081,0.042940494
CCL18,308.1355267,0.249799019,0.138972313,0.006054721,0.043149171
POMGNT2,339.7003729,-0.20454127,0.101285854,0.006060738,0.043167984
SRPK1,703.163243,0.249945037,0.139567294,0.00607099,0.043186325
PCBD2,671.8158728,0.197640538,0.096755086,0.006073539,0.043186325
PABPC4,7611.437573,-0.148606277,0.064571501,0.006074071,0.043186325
PPIL1,614.5262374,0.21705073,0.111874373,0.006076824,0.043186325
CD55,1137.994729,0.213485723,0.103754624,0.006082433,0.043202167
ACOT11,1005.950897,-0.154632146,0.068169071,0.006091313,0.043217375
POLR3B,394.2121431,0.267898799,0.157303379,0.006093959,0.043217375
SLC52A2,2090.311879,-0.161345041,0.072252354,0.006094715,0.043217375
SOS2,1543.0978,-0.137048778,0.058142741,0.006108022,0.043287726
SLC18A2,19.72241018,0.599618809,0.784304692,0.006131651,NA
ALKBH1,336.5931892,-0.20741144,0.10402544,0.006155897,0.043602852
GPA33,54.40721456,-0.41298132,0.334786252,0.006159874,0.043606862
LRRC3,371.588419,-0.21220021,0.107270849,0.006163622,0.043609247
CSF2RA,725.334828,-0.200056023,0.098594539,0.006167606,0.0436133
MREG,1901.80191,0.205707878,0.103315008,0.006175429,0.043644475
PTPN22,1035.890757,0.20132555,0.099919967,0.006179091,0.043646233
ITGA4,1527.774817,0.174513462,0.081093453,0.006182796,0.043648288
POLR2B,2979.047365,0.131979428,0.055635802,0.006195483,0.043713717
FAT3,11.02816602,-0.043581567,0.116016549,0.006198735,NA
PSMC5,3049.447541,0.13051607,0.054859866,0.006220974,0.04386936
NCF1,1636.347956,0.239259091,0.131042922,0.006237219,0.043959669
GNB2,7246.133077,-0.113593484,0.046419409,0.006245156,0.043984315
KLF9,405.9559556,0.189156901,0.091242817,0.006247922,0.043984315
SARNP,1186.851099,0.166601705,0.076141737,0.006251036,0.043984315
ARID3A,3936.062227,-0.210755117,0.11100223,0.006260277,0.044025104
DELE1,1998.814022,-0.151184603,0.06652711,0.006302928,0.044300678
TMC6,7384.519305,-0.17068007,0.077772155,0.006320007,0.044396316
MTSS1,1613.700071,-0.170928163,0.079164559,0.006326208,0.044415473
ZNF638,2472.065992,0.160211853,0.072273556,0.006329703,0.044415615
SETD7,2788.410083,0.138456593,0.059199887,0.00633425,0.044423138
NDUFV1,4151.702824,-0.115013331,0.047202537,0.006340879,0.04444525
DCTN6,943.7750717,0.166350829,0.076428832,0.006362888,0.044575078
MED29,1505.26435,-0.157127604,0.070387505,0.006367253,0.044581231
ATPAF2,1055.975902,-0.160064659,0.072115183,0.006373019,0.04458502
PSMA2,2101.557733,0.155686132,0.069592074,0.006374769,0.04458502
CD99L2,2164.495886,-0.143515655,0.06229187,0.006385708,0.04463711
PLVAP,35.73932912,-0.476631004,0.524747786,0.00640046,0.044715781
FAM89B,1837.429987,-0.176747537,0.083087163,0.006415184,0.044794168
SRGN,1735.225482,0.220791698,0.1171092,0.006422373,0.04481989
LACC1,2871.412909,0.182848493,0.087558328,0.006436185,0.044891774
SPSB3,863.0766978,-0.201093134,0.100110771,0.006449713,0.044961602
ELF2,784.9324365,-0.165085243,0.075499273,0.006457171,0.044989065
RTN3,6026.04686,-0.170282681,0.079569629,0.006475478,0.045092041
SCARF1,582.6022677,0.209160617,0.107200383,0.006479929,0.045098472
CRYBG1,1573.861614,0.208036279,0.106577712,0.006499465,0.045209829
N4BP1,2379.793469,0.189031653,0.092911954,0.006527819,0.045378424
HBS1L,991.5371865,0.161020977,0.073317082,0.006530802,0.045378424
MCOLN2,251.3187753,0.296054871,0.193027872,0.006541796,0.045430127
FOXO1,448.5047873,-0.232986254,0.126464154,0.00655006,0.04546282
POLR2K,1019.216507,0.154433057,0.069295098,0.00660534,0.045821633
MYL12B,4396.52537,0.182433517,0.087595431,0.006616332,0.045872996
NME7,265.8149738,0.240256142,0.134197823,0.006624233,0.045890071
SHMT1,501.1747495,-0.214234064,0.11109112,0.006625974,0.045890071
PROCR,3035.797259,0.190970383,0.093926265,0.006668754,0.046133103
BZW1,4144.425843,0.1462168,0.064386782,0.006670959,0.046133103
RAPGEF1,13176.82303,0.11813539,0.05051135,0.006672944,0.046133103
GUCY1A1,124.3131341,-0.315073212,0.214465677,0.006675498,0.046133103
DSC2,2498.236633,-0.127976962,0.053806147,0.006680636,0.046143669
PCMT1,2087.527059,0.144509687,0.063768704,0.006693774,0.046177833
PRR5L,659.8836176,-0.199655844,0.100106664,0.006694314,0.046177833
COL8A2,2171.330383,-0.18219881,0.087136799,0.006696418,0.046177833
LCP2,5271.85653,0.152704341,0.068726147,0.006706926,0.046225366
PDCD10,1353.66767,0.185749874,0.089560843,0.006712764,0.046225387
RBM42,2781.872498,-0.165168429,0.075760402,0.006714457,0.046225387
IL18BP,378.6752764,-0.250001476,0.142777831,0.006718086,0.046225387
SPN,5291.634973,-0.171006132,0.078494369,0.006721392,0.046225387
NAA25,1075.657691,0.173399953,0.081822456,0.006738459,0.046317848
AP1G1,3088.71389,-0.143505281,0.062922235,0.006748326,0.046357471
POU3F1,73.7994875,-0.43946954,0.430575644,0.006755276,0.046357471
H2AZ1,6984.130275,0.133206458,0.057462112,0.006757208,0.046357471
ITSN1,1106.216284,-0.167477537,0.077651766,0.006758727,0.046357471
PCBP1,10462.25646,-0.087583985,0.034582691,0.006766594,0.046386542
MCAM,28.603528,-0.054893338,0.124109282,0.006777315,NA
CCDC90B,936.8006192,0.160399039,0.073635637,0.006797787,0.046540454
OLIG2,138.9413855,0.315698556,0.221195341,0.006798995,0.046540454
TMEM126A,469.9198864,0.2012983,0.1021798,0.006799966,0.046540454
FDX1,3274.335667,0.15900416,0.072533232,0.006812016,0.046597884
SLC35A5,787.3652996,0.173447375,0.081955334,0.006815647,0.046597884
TOR2A,1053.219531,-0.180519832,0.087079504,0.00684385,0.046765697
VASN,237.4619109,-0.295094677,0.19052084,0.006884731,0.047019918
MAPK1IP1L,2026.77508,-0.233031554,0.129095274,0.006893992,0.047056857
MAGOHB,181.2787676,0.269156891,0.164748817,0.006897501,0.047056857
BCL2,430.0385824,0.20033547,0.102072541,0.006945842,0.047361383
MPG,1095.651366,-0.150132258,0.067208856,0.00695233,0.047380355
CRELD2,1011.161913,-0.145556128,0.064396218,0.007004937,0.047713437
ZC3H11A,2591.157159,0.130068027,0.055788769,0.007042455,0.047943441
ZEB1,50.06885693,0.10780213,0.197871196,0.007049926,0.047968762
GRAMD1A,2915.384433,-0.147930203,0.06604012,0.007069341,0.048075282
TGFBI,29845.02489,0.141170508,0.06192412,0.007102271,0.048251267
CDK3,136.1256399,-0.286594254,0.18527883,0.007102768,0.048251267
AMDHD1,375.2019173,-0.283012882,0.180513958,0.007125011,0.048376665
ZNF587B,345.4422889,0.224532324,0.12272604,0.007129894,0.048384129
APC2,103.4784084,-0.298006145,0.199633131,0.007155119,0.048529547
NLRP3,805.8810687,0.187806277,0.093358171,0.007172703,0.048623012
RBBP9,355.5775722,0.203402817,0.104851791,0.007196963,0.048761616
TMEM150B,336.2287582,-0.232918696,0.131488979,0.00722459,0.04890988
TMEM175,1107.647247,-0.199469724,0.10153646,0.007226497,0.04890988
PCYOX1,1503.446633,-0.164135707,0.076595484,0.007259441,0.049106854
CHCHD4,384.1560758,0.202503643,0.104541615,0.007275036,0.049171583
CSTF3,863.5363737,0.193635643,0.098184811,0.007278311,0.049171583
ZNF385B,35.12065229,-0.427960262,0.533063457,0.007280548,0.049171583
CHST13,136.9083756,-0.293628524,0.195819593,0.007327637,0.049463484
RCN2,819.5267308,0.183039886,0.090313319,0.007349944,0.049587882
PFKP,7492.700643,-0.124201783,0.052924565,0.007380227,0.049765929
H2AC19,710.531323,0.216191789,0.117270981,0.00738754,0.049788981
RGMB,344.7458924,0.225433574,0.1253266,0.007404158,0.049874687
RGL3,660.4820119,-0.292769064,0.195575804,0.007430768,0.050020959
OBSL1,1093.285859,-0.175871809,0.0852772,0.007433698,0.050020959
CUTA,1979.035171,-0.146336466,0.065660622,0.007437994,0.050023545
MRNIP,751.2335781,-0.14762014,0.06653876,0.007478665,0.050270624
NIPA2,2396.710637,0.141738488,0.063143629,0.007485247,0.050288432
MRPS23,1224.734542,0.146261836,0.065873288,0.0074938,0.05031945
ZMYND15,884.5732719,-0.178919595,0.087999186,0.007521319,0.050477725
HCFC2,357.6908722,-0.223026507,0.125386494,0.007540806,0.050581953
AMFR,2780.125679,-0.14833662,0.066618346,0.007564913,0.050717052
EGR2,2808.341676,-0.164176596,0.077344192,0.007577261,0.050773208
SERPINH1,1567.630045,-0.151315489,0.068746143,0.007586594,0.050809116
RABGGTB,1985.50836,0.152957051,0.070295829,0.007619618,0.05100357
GNPDA2,329.7660945,0.224664144,0.12581701,0.007650841,0.051162811
NMT2,292.5382076,0.245311405,0.146483734,0.007652656,0.051162811
PRAG1,1753.780234,-0.168559114,0.081035581,0.007655413,0.051162811
SOX4,890.2611663,0.175564929,0.085718723,0.007664122,0.051194253
DENND4C,3341.185052,-0.14753694,0.06732293,0.007699793,0.051405667
PTK2,905.5691834,0.242002676,0.144014992,0.007718011,0.051500403
RPS6KA4,3665.843887,-0.182820096,0.090789,0.007731708,0.051543228
FFAR4,1831.498967,-0.242345154,0.142968699,0.007732492,0.051543228
SHC1,2683.165862,-0.166761663,0.079508558,0.007746289,0.051608286
RBL1,520.3383636,0.203027773,0.107148852,0.007763761,0.051688358
UBE2W,1295.7012,0.178147822,0.087890523,0.007766904,0.051688358
CREG1,8601.474154,-0.116656994,0.049255583,0.007770436,0.051688358
MED22,1079.158264,0.150311954,0.06888482,0.007792285,0.051806738
HPGD,344.8486103,0.259715057,0.164133923,0.007811719,0.051908957
YES1,694.4780368,0.207663512,0.112127706,0.007828256,0.05199182
EIF2S2,4285.40265,0.17145502,0.084073766,0.007852671,0.052113099
TEP1,3240.827391,-0.179585425,0.089335673,0.007855517,0.052113099
FGFR1,5289.791717,-0.145133609,0.066220667,0.007858745,0.052113099
GM2A,22757.03458,-0.096121094,0.040142204,0.007864798,0.0521262
CIC,3827.131905,-0.184958832,0.093826525,0.007894439,0.052295548
DNAJB12,2580.720977,-0.132222458,0.057985179,0.00790588,0.052319773
GRIK4,41.51432868,-0.383449358,0.438339257,0.007906281,0.052319773
H1-0,4139.092309,0.153196342,0.070979342,0.007921477,0.052393213
SLC25A43,490.3385691,0.18102298,0.090378596,0.007928829,0.052414728
LZTS3,238.6961524,0.214991831,0.116933868,0.007936211,0.052436412
SDC4,1244.421143,0.154886461,0.072162167,0.007943906,0.052456357
PRR13,4314.245405,-0.112862086,0.047574176,0.007947436,0.052456357
GIGYF1,3345.276147,-0.208857155,0.114374647,0.007954773,0.052477696
NACC2,1211.745953,-0.156125196,0.072851528,0.007976285,0.052592471
MRC1,15917.72796,-0.15757112,0.075823349,0.00798151,0.052599794
FBN1,121.5300901,-0.378351578,0.40164018,0.007986846,0.052607843
DALRD3,678.9926811,-0.177237856,0.087547789,0.007996378,0.052643506
CCND3,1202.361969,0.190762179,0.097624631,0.008005352,0.052675466
SCPEP1,4662.269405,-0.110615994,0.046471778,0.008035063,0.052804469
GMDS,190.4668557,-0.24850051,0.151595944,0.008036747,0.052804469
YBX1,35995.56664,-0.107877023,0.044666431,0.008039399,0.052804469
FMNL2,7504.16907,0.127406021,0.055047344,0.008041478,0.052804469
ATAD3A,1301.650665,0.147545843,0.067630783,0.008055888,0.052871937
PSMA7,6108.499699,0.110450973,0.046419636,0.008061317,0.052880422
CDKN2C,1166.32608,-0.161417838,0.076347363,0.008080925,0.05298186
SCUBE2,39.64286585,0.131560759,0.261944672,0.008089378,0.053010098
COX7A2,2149.894184,0.170518151,0.083243928,0.00812059,0.05318737
TSPAN4,2185.928613,-0.114662,0.048494211,0.008135533,0.053257954
ATP2B2,216.1814518,0.253446724,0.159300659,0.008147118,0.053306499
EARS2,538.5760192,0.168520919,0.08202933,0.008153001,0.053317709
NUDT4,1517.783494,0.192355894,0.100208003,0.008199764,0.053569401
LRRC4,549.3453855,-0.251464394,0.155776685,0.008199868,0.053569401
PFDN6,751.5892305,0.170327211,0.083291227,0.008204404,0.053571659
PNPLA7,2087.500893,-0.220194307,0.124310804,0.008224084,0.053637557
RPL35,8294.120651,0.13455934,0.059964385,0.008225216,0.053637557
SUCNR1,2000.233024,0.165639507,0.080012266,0.008227082,0.053637557
TMEM143,351.7923361,-0.25042737,0.15490999,0.008255272,0.053791801
DMAP1,841.2021585,-0.193382152,0.100701305,0.008259156,0.053791801
MT-CO1,374620.6669,-0.119913582,0.054017896,0.008271464,0.053844533
SMAD6,1702.219582,-0.167428599,0.081230695,0.00830972,0.054054056
HELLS,464.509208,0.205932821,0.112133887,0.008314169,0.054054056
ANKRD39,250.0822343,0.219982803,0.124666796,0.008316334,0.054054056
TMX2,1940.137442,0.134003507,0.059856653,0.008341887,0.054192592
TMEM134,588.3314145,-0.220919424,0.125026528,0.008357122,0.054244455
SHKBP1,3094.796357,-0.189316469,0.09758096,0.008365181,0.054244455
TNS2,732.7916042,-0.26068584,0.167239013,0.008366385,0.054244455
FLT1,384.4285561,0.217657332,0.12302021,0.008366841,0.054244455
MAN2B1,29257.80162,-0.123956426,0.054279799,0.008373163,0.054257926
B4GALT1,4542.057724,0.11159855,0.047360989,0.0084232,0.054554513
PTPRH,95.18785457,0.319018554,0.274974814,0.008441411,0.054644779
ALDH1A1,583.9597844,-0.229487816,0.133425036,0.008448884,0.054665477
CTSH,6412.925277,0.128322168,0.056242736,0.008462807,0.054722873
CASZ1,43.28442608,-0.089400127,0.163284228,0.008468123,0.054722873
ACY1,595.8186744,-0.220222299,0.124225491,0.008470596,0.054722873
DDX39B,6204.933645,0.133811746,0.059817894,0.008479488,0.054742008
S100A4,12147.91583,0.154965216,0.073192805,0.008482121,0.054742008
NNT,3092.639839,-0.123803277,0.054150987,0.008515843,0.054931915
SELENOS,1019.664613,0.162990016,0.078747982,0.00853601,0.05502831
CDADC1,169.3443894,0.271730129,0.187041849,0.008546802,0.05502831
TANK,1735.41795,0.170201207,0.084031458,0.00854784,0.05502831
CALM1,14979.96223,-0.124615,0.054738113,0.008548003,0.05502831
PPM1K,1416.482342,-0.166954013,0.081355839,0.008554366,0.055041555
MINK1,20664.09839,-0.184913277,0.094834796,0.008560799,0.05504461
TRMT11,342.5088973,0.217452505,0.123737809,0.008563452,0.05504461
TMEM62,772.9507988,0.170563209,0.084322535,0.008590658,0.055191743
XPO6,3766.058997,0.125538603,0.05499948,0.008602508,0.055225536
CAMP,201.7977043,-0.257987505,0.165729801,0.008604558,0.055225536
EIF3FP3,22.56916496,-0.113702803,0.210667826,0.008607155,NA
STBD1,334.1190092,0.22851359,0.13537209,0.008618503,0.055287289
PNO1,458.0479393,0.205477911,0.113126678,0.008654718,0.05549176
MED16,1260.695838,-0.199459278,0.107008494,0.008686662,0.055668661
IPO7,4737.356546,0.144123056,0.066406779,0.008700528,0.055729586
QPRT,3055.132702,-0.180562282,0.091171666,0.008710192,0.055763546
ZNF746,1157.83017,-0.182769853,0.094781028,0.008736444,0.055903619
FASTKD2,701.1832803,0.194684044,0.103928895,0.008753998,0.055987925
DTYMK,1087.160765,0.135360477,0.061076118,0.008760214,0.055999668
MT1F,212.3676467,-0.281621323,0.2022945,0.008787063,0.056112394
JAG2,158.6217503,-0.294341672,0.220030475,0.008787808,0.056112394
HNRNPA3,8434.374648,0.151098239,0.071165716,0.008791015,0.056112394
SNRPB,3641.961161,0.12296429,0.053874374,0.008797579,0.056126271
PDGFB,458.0146607,-0.281165843,0.199889854,0.008818964,0.056234642
MTHFR,3110.029675,-0.187128198,0.097444623,0.008829894,0.056276266
EVI5L,467.6035824,-0.217080063,0.124851879,0.008839202,0.05630752
SEC61G,920.5510669,0.195625328,0.105150008,0.008850967,0.056354391
CAPRIN1,5904.662852,-0.107595695,0.045217386,0.008867324,0.056430432
TBC1D22A,1334.264877,-0.149265507,0.069992469,0.008889363,0.056542542
TLR4,4334.702529,-0.134182356,0.060872947,0.008911779,0.056656936
RPS2P5,3269.817656,-0.134251924,0.060591541,0.008922849,0.056699115
SLFN13,174.7392087,-0.282234187,0.205928815,0.008930781,0.056721327
CLEC10A,46.08999734,0.35018601,0.403238359,0.008939662,0.056739171
SGO1,174.1355845,0.272753031,0.193438823,0.008942466,0.056739171
NBR1,3525.479709,-0.105818014,0.045986245,0.008947374,0.05674215
CXCL16,10594.91424,-0.142347032,0.065770824,0.008998866,0.057040408
IDI1,1286.707547,0.209658255,0.11900704,0.009010747,0.057087412
TIPRL,1014.108,0.168363987,0.083688134,0.009015655,0.057090215
C11orf68,1103.315348,-0.15768994,0.075522136,0.009027592,0.057094441
ARPC5L,1218.715778,0.166435577,0.082329645,0.009028054,0.057094441
MAK16,505.9676729,0.19073695,0.101699711,0.009029788,0.057094441
ZNHIT6,570.2160448,0.170715095,0.085393183,0.009034185,0.057094441
CUL4B,1728.99967,-0.119443833,0.052195931,0.009052307,0.057156973
SMC4,2982.190862,0.138636089,0.06355542,0.009053021,0.057156973
MAP4K4,6669.503864,-0.099500637,0.041730229,0.009113821,0.057512439
GLS,3068.60416,0.142590042,0.066127192,0.009132802,0.057603784
APOL2,2302.790615,0.121347307,0.056818598,0.009146302,0.057660488
GSTM4,1224.550351,-0.127993827,0.0568335,0.009153006,0.057674314
KLHDC3,3796.674817,-0.099641549,0.043514518,0.009169257,0.05773328
SENP3,1793.709659,0.109663224,0.046415985,0.009171396,0.05773328
SPIRE2,306.2565287,-0.235518618,0.145151134,0.009184925,0.057789993
CTNNAL1,443.3816855,0.202543441,0.112617258,0.009203307,0.05787717
DCLK2,330.9955169,-0.274295434,0.196187549,0.00920861,0.057882044
PTAFR,9481.387296,-0.109604882,0.045232417,0.009232651,0.058004642
NYAP2,16.92198429,-0.075464752,0.144168119,0.009238771,NA
FAM114A1,461.9743551,0.20010949,0.110446625,0.009239113,0.058016731
MALT1,953.6094843,0.162738285,0.080024564,0.00924832,0.058030102
CD72,154.2636748,-0.247142456,0.159773139,0.009254636,0.058030102
ITPKB,2248.998588,-0.178808457,0.090862888,0.00925486,0.058030102
C15orf40,795.5177694,0.17129961,0.086421697,0.009264569,0.058062509
MTCL1,297.0886181,-0.256820296,0.172029412,0.009283197,0.058150747
LPXN,2767.292437,0.132249447,0.059639872,0.009297715,0.058213166
GSPT1,3886.728119,0.145942441,0.068694051,0.009319542,0.058307179
COX4I1,7833.315985,0.154289327,0.074214247,0.009322554,0.058307179
ALAS1,5495.996029,-0.126692537,0.056827697,0.009326412,0.058307179
SHROOM3,10.52288981,-0.042497728,0.115241566,0.009334061,NA
SMIM3,1082.745554,-0.135830512,0.062247468,0.009353107,0.058440768
MGAT4A,3333.823444,-0.172418235,0.086926576,0.009356922,0.058440768
NUDT5,1697.888467,0.157258236,0.076385471,0.009362654,0.058448012
RPL24,6431.775254,0.147830113,0.070012282,0.00937261,0.05845676
SCN9A,741.6199385,-0.190304725,0.101606588,0.009374255,0.05845676
INSYN1,13.037242,-0.049157992,0.119492349,0.009377644,NA
TRAPPC1,2421.751812,-0.118596674,0.052044533,0.009377772,0.05845676
RBX1,1721.596482,0.146011038,0.069582496,0.009385224,0.058474704
CCP110,676.9908233,0.216097143,0.127281708,0.009442026,0.058799955
AOAH,1114.55368,-0.156385689,0.075652994,0.009468765,0.058937761
LY75,2409.637254,0.15166192,0.072671006,0.009482028,0.058991594
MMP24,56.59281711,-0.344676455,0.395930937,0.009513914,0.059155892
ZNF213,672.5918872,-0.175636845,0.090110468,0.009519459,0.059155892
MBP,2695.964471,-0.203529517,0.1127217,0.009522317,0.059155892
MDFI,14.33633281,-0.06768786,0.13545663,0.009529363,NA
MYL6,17249.48762,0.109573407,0.047267364,0.009539711,0.059235165
GABRB3,91.46860377,0.036543048,0.112094223,0.009554639,0.059291984
SORBS1,97.37424773,0.285666823,0.229477357,0.009561963,0.059291984
BBC3,583.9572762,-0.173409149,0.089917194,0.009562774,0.059291984
COL3A1,2145.720835,-0.227375114,0.139181455,0.009620066,0.059618293
ACAT2,1004.927547,0.19381067,0.101025741,0.009650611,0.059778617
THADA,837.9970831,-0.221209187,0.133032252,0.00966025,0.059794726
GREM1,236.2819202,0.31701614,0.385376277,0.009662566,0.059794726
KIAA0232,1734.040279,0.174303262,0.089638192,0.0096726,0.05980867
HIGD1A,2030.58154,0.161452357,0.079977713,0.00967468,0.05980867
CERS6,1989.580302,0.129354302,0.058612624,0.009678853,0.05980867
TPRKB,392.6250814,0.182082601,0.09839719,0.00969783,0.059896981
MBD3,3459.214199,-0.13365757,0.069056498,0.009736591,0.060107346
NAIF1,377.9370992,-0.179744504,0.094572056,0.009762677,0.060239296
CHERP,1709.705528,-0.168735961,0.085816872,0.009768917,0.060248722
IFRD1,1015.797918,0.175776973,0.091991223,0.009799244,0.060371935
VDR,3500.757898,0.140612742,0.065271873,0.009800681,0.060371935
SNRPD2,2057.00896,0.118295108,0.052331243,0.009803061,0.060371935
PLA2G12A,383.3343568,-0.31901305,0.706176904,0.009841006,0.060559934
CFLAR,5233.911166,0.118351494,0.052350621,0.009843062,0.060559934
PML,3473.923248,-0.194778108,0.106757175,0.009859836,0.060633963
WDR11,3642.498639,0.136204732,0.062910794,0.009867616,0.06065263
MDH2,5017.710725,-0.128027452,0.058010935,0.009903349,0.060843014
TMEM219,2159.230917,-0.125581097,0.056364999,0.009927196,0.060960231
SASH1,3609.371715,0.109635924,0.047617858,0.009932451,0.06096322
SPOUT1,960.2765112,-0.213624596,0.12583882,0.0099559,0.061069916
SLC25A20,535.9048917,-0.198198951,0.1091833,0.009959388,0.061069916
DDAH2,1001.776012,-0.164290162,0.082415177,0.009967415,0.061089835
TMEM119,1211.953597,0.300695071,0.310275545,0.009982337,0.061151977
EIF5B,3916.069254,0.156223991,0.075335672,0.010004451,0.0612581
PCED1B,833.7872862,-0.18098808,0.095269319,0.010016433,0.061302106
POGLUT3,606.5300154,0.174404474,0.090674506,0.010035509,0.061374544
HNRNPA3P6,52.54259683,0.150067098,0.32422095,0.01003787,0.061374544
ACTR2,26873.83109,0.109921286,0.048046604,0.010047383,0.061403343
ACSS2,1573.271179,-0.130027134,0.059418204,0.010069268,0.061507685
HSPA6,402.2114484,0.218739488,0.132639723,0.010079938,0.061543461
CDKN2A,2074.370585,0.127285747,0.05786555,0.010100223,0.061628339
ZNF710,5614.382407,-0.126987809,0.057756186,0.010103481,0.061628339
ST3GAL1,3582.447892,0.116307699,0.051469898,0.010114584,0.061666644
FZD7,187.012563,-0.237792183,0.154566241,0.010145273,0.061824266
DDX23,2608.373852,0.116093541,0.051414575,0.010165736,0.061919457
ENC1,664.6570414,0.199173012,0.113476302,0.010180945,0.061982561
BRK1,4666.183393,0.143227341,0.068103326,0.010190379,0.06199423
P2RX7,7102.344381,-0.124007897,0.055903969,0.01019857,0.06199423
IRF2BP1,672.3253092,-0.191934989,0.10587807,0.010203517,0.06199423
CNDP2,9898.081213,-0.1316276,0.06061944,0.010207883,0.06199423
HDGF,6764.28726,0.10862944,0.047345662,0.010209265,0.06199423
RNF26,1418.250278,-0.145485491,0.06950299,0.010211955,0.06199423
SH3BP5L,1516.42629,-0.128521919,0.058454205,0.010233649,0.062096444
SLC38A5,138.2969689,0.251735252,0.176139272,0.010240421,0.062108055
NEO1,275.3296315,-0.273676872,0.211068822,0.010253046,0.062155143
MRPS18C,657.9771304,0.205502767,0.120364414,0.010272757,0.062235295
PCED1A,1708.523083,-0.15052188,0.073378301,0.010276004,0.062235295
RRP36,1024.803622,0.150491558,0.073119415,0.010280923,0.062235609
RPS27,6209.425041,0.176652417,0.092487185,0.010295478,0.062294222
GMIP,6513.868112,-0.129980417,0.060187645,0.01030277,0.062308855
THBS3,1476.623524,-0.164940618,0.08332011,0.010314719,0.062351621
DPM1,835.7529685,0.179282327,0.095580327,0.010366709,0.062613079
ZC3HAV1,2571.436209,0.14315914,0.068306322,0.010372144,0.062613079
DUSP16,748.1328599,0.196061867,0.111454721,0.010372663,0.062613079
GPRC5B,124.8442925,-0.32555567,0.341053494,0.01039232,0.062702127
EBLN2,24.00881113,0.101354646,0.182573991,0.010411044,NA
LSM12,1187.186598,0.178141259,0.095069842,0.010511102,0.063388888
HLA-DQA1,764.3827556,-0.209334157,0.121510185,0.01051723,0.063394727
PSMD5,1008.931378,0.155930496,0.077459724,0.01052963,0.063394727
ZNF687,1163.589273,-0.123050074,0.055887296,0.010530352,0.063394727
TRAPPC12,2311.791318,-0.117824877,0.052727529,0.010531905,0.063394727
CHM,1030.94086,0.170178675,0.08842048,0.010596635,0.06375434
RPS28P7,1531.885931,-0.161949743,0.081903749,0.010603858,0.06376779
CCDC82,1301.42872,0.196844504,0.107783667,0.010614884,0.063804084
OR52K3P,93.4484052,0.278293722,0.232741582,0.01062474,0.063833316
TCF4,2122.852111,0.190349784,0.106157129,0.010639471,0.063850149
TOR1B,2547.968246,0.200502898,0.116250163,0.010640661,0.063850149
CNOT1,6560.257207,-0.136134843,0.063639621,0.010643231,0.063850149
RASGEF1C,33.54924534,-0.114750313,0.209762618,0.010647518,0.063850149
NDUFB6,832.4754111,0.158551771,0.079632899,0.010673286,0.063974667
ZCCHC9,839.3668675,0.163826682,0.083736276,0.010701954,0.064082078
AHDC1,820.8448424,-0.195440691,0.111528919,0.01070288,0.064082078
TMEM87B,5490.996893,0.124438774,0.056742715,0.010707033,0.064082078
M1AP,124.1947255,-0.251145164,0.17652885,0.010716757,0.064082078
NOL9,541.694549,-0.197748226,0.112907846,0.010723117,0.064082078
TXNDC9,509.000331,0.179174916,0.096366372,0.010725011,0.064082078
DUS2,531.7814368,-0.171096009,0.091627938,0.010726292,0.064082078
NPDC1,388.3585621,-0.258252669,0.189027801,0.010739277,0.064129684
PIGO,1670.468742,-0.173149365,0.089792866,0.010749412,0.064160236
ASF1A,572.841388,0.184567164,0.101387582,0.010755137,0.064164456
LIN7C,521.5855423,0.157752272,0.079229638,0.010766484,0.064202189
ZNF574,493.5845015,-0.183302115,0.099865064,0.010774164,0.064218033
TRIM54,84.94621657,0.287753226,0.269564899,0.01078857,0.064264368
ZNF267,810.2483882,0.211990594,0.131852997,0.01079199,0.064264368
BORCS5,407.6806778,-0.178370745,0.096024398,0.01081486,0.064370572
POMP,2917.782149,0.172379905,0.091618515,0.010828972,0.064424575
CCAR1,3083.242621,0.109990219,0.048491147,0.010857301,0.064535884
CYSTM1,1058.422382,0.149481271,0.073406848,0.010860023,0.064535884
C11orf71,190.0613978,-0.224841995,0.144435794,0.010868766,0.064535884
ATP2B1,1858.095618,-0.15750321,0.078784558,0.010873371,0.064535884
PIGH,431.0023407,-0.178732184,0.096237299,0.010875989,0.064535884
SPATA13,3414.425772,-0.122580079,0.055824955,0.010880134,0.064535884
RALA,4011.10212,0.152794107,0.077685792,0.010883016,0.064535884
SLC25A40,1128.490277,0.154512851,0.076869016,0.010911341,0.064651851
MOB1B,1573.181494,0.149545844,0.073514183,0.010912686,0.064651851
ARAP2,477.9147913,0.250493993,0.185285596,0.010919739,0.064663668
FOSL1,114.4909943,0.26980169,0.224046388,0.010936781,0.064734601
TFB2M,434.3159342,0.182303493,0.101369504,0.010954924,0.064811988
COX8A,3137.310178,-0.121477659,0.055466942,0.01102491,0.065195872
TNIK,822.8171271,0.149804026,0.073979415,0.011032428,0.065210169
GTF2H2,582.4971086,0.209634408,0.127577246,0.011055362,0.065315526
CPNE3,1469.407803,-0.161008654,0.082212896,0.011085579,0.065463802
PRR12,2415.181489,-0.18454416,0.102237343,0.01109071,0.065463864
CCNYL1,889.4430772,0.1507118,0.074923509,0.011110072,0.065547885
PHF5A,577.0535274,0.157954584,0.079874849,0.011115702,0.065550854
HCFC1R1,1386.527189,-0.168817026,0.088720551,0.011136662,0.065637753
CYRIA,670.5635692,0.209505394,0.127992904,0.011140706,0.065637753
METTL5,411.5887033,0.191811774,0.107147534,0.011161062,0.065678128
MTERF2,157.4962179,-0.289665076,0.293858478,0.011161205,0.065678128
CSNK2A2,2116.429188,-0.135880056,0.065411642,0.011164926,0.065678128
BLOC1S2,2169.562401,0.174562622,0.093454853,0.011168107,0.065678128
BCL10,795.5960081,0.174485495,0.093618132,0.011178779,0.065710664
LAMTOR1,2923.524116,-0.12486597,0.057517997,0.011248788,0.066091802
PTPRJ,6982.870933,0.100321571,0.043604206,0.011258172,0.066116549
PECR,231.0305103,-0.223063737,0.144255809,0.011263725,0.06611879
ANXA6,502.1090125,0.248587859,0.185952705,0.0113055,0.066305802
ARB2A,339.9614041,-0.210494734,0.130849278,0.011305956,0.066305802
FITM1,13.61848473,-0.071011427,0.138563891,0.011364219,NA
UBASH3B,3277.344458,-0.200301515,0.114848033,0.011368,0.066639098
POM121C,2005.74703,-0.165552754,0.085844172,0.011374268,0.066645285
NUFIP2,4596.193687,-0.204274162,0.124994079,0.011403181,0.066767501
CERS4,345.7850873,-0.194862983,0.112573296,0.011405571,0.066767501
EID1,2907.373571,0.114121662,0.051496339,0.011451752,0.067007164
FILIP1L,626.4334324,0.210524193,0.130741977,0.01147561,0.067116046
FHIP2B,1481.431468,-0.160757795,0.084329174,0.011488983,0.067163532
JMJD1C,1976.685482,0.194553632,0.113266326,0.011506115,0.067232941
YIF1B,1763.770388,-0.12179789,0.055945102,0.011530488,0.067344581
DUSP1,784.4321397,0.177513382,0.097073006,0.011553723,0.067449476
MICALL2,736.9813778,0.172328412,0.092687305,0.011616046,0.067782359
PLSCR1,4886.624439,0.179839538,0.099316342,0.011629334,0.06780662
TYMP,14247.94214,0.135319483,0.06461,0.011630811,0.06780662
MACROH2A1,12663.14683,-0.101258264,0.044903302,0.01164799,0.067854862
HAGHL,775.8180807,-0.189913571,0.108606817,0.011649701,0.067854862
CYB5R4,1334.423329,0.152897423,0.077157485,0.01165863,0.067875949
DERL3,75.06458044,-0.28435466,0.291538691,0.011690143,0.068028441
MCMBP,2276.087397,0.134520572,0.064486435,0.011738449,0.068278466
ACAA2,2583.029513,-0.142742574,0.070262329,0.011767455,0.068402616
TIPARP,680.9191514,-0.156732432,0.080173124,0.011775797,0.068402616
PIF1,307.3717083,-0.19785876,0.116614988,0.011775843,0.068402616
SEMA6C,33.74378,-0.087151032,0.158315076,0.011796263,0.068490108
AP1S1,1981.218353,0.132870239,0.063289756,0.011831004,0.068636946
PLIN2,5731.018951,-0.184546779,0.107745847,0.011839304,0.068636946
MAFF,1082.249095,0.156494836,0.079928007,0.011840762,0.068636946
SKA2,681.5451806,0.169143903,0.088950217,0.011843027,0.068636946
GIMAP4,2988.569997,-0.121108234,0.056167922,0.011889579,0.068875518
SH3TC2,26.24112017,0.055492548,0.12412191,0.011899061,NA
DUSP13B,73.36367729,0.178090333,0.430423163,0.011913593,0.068954763
EGR1,669.6989721,0.100724349,0.180208612,0.011914046,0.068954763
GAB1,292.7401914,-0.244694882,0.182331752,0.011924358,0.068983219
EXT1,387.7950456,0.208567873,0.130171906,0.011946647,0.069080904
KAT7,1352.087585,-0.133618827,0.063734446,0.01196538,0.069157952
OSBPL1A,1928.471738,-0.133045651,0.063393749,0.011974248,0.069174556
PLEKHA6,49.37589805,-0.174758629,0.415623008,0.011979074,0.069174556
LCNL1,51.58073883,-0.155493913,0.332001925,0.012031847,0.06944793
ABCC1,2474.490041,-0.150972431,0.076201613,0.01209342,0.069741559
NUDCD1,422.3289222,0.194964723,0.115740188,0.012093628,0.069741559
ZNF791,570.2860077,0.235216826,0.169202212,0.012116707,0.069843146
HGH1,851.5952561,-0.19687937,0.116829313,0.012146896,0.069931318
TAF13,1007.235167,0.170024575,0.092644014,0.012155613,0.069931318
AGPAT4,2330.968855,-0.193456533,0.113520473,0.012158486,0.069931318
MAP1S,4429.721753,-0.205775961,0.126757963,0.012159024,0.069931318
DR1,2180.972675,0.112060863,0.050785557,0.012159352,0.069931318
NR1H3,6731.649921,0.11024478,0.049620546,0.012205385,0.070164502
DHDH,105.0320622,-0.263765711,0.229077847,0.012225038,0.070245894
NHLRC2,693.3196587,0.17031757,0.092418354,0.012231393,0.070250834
ALKBH8,314.8636547,0.201702071,0.123608236,0.012272375,0.070454562
SBF1,3943.934935,-0.165825037,0.087084425,0.012279728,0.070465135
RAP2A,6023.193279,-0.138900347,0.068001665,0.012323355,0.070665933
BAG3,1229.149091,-0.164416875,0.087450588,0.012325775,0.070665933
SNX33,1210.62242,-0.155501125,0.079568525,0.012383,0.070962196
PPAN-P2RY11,515.9783766,-0.252642041,0.199206985,0.012431996,0.071211051
PTPN6,9007.192452,-0.11614657,0.053031462,0.012466138,0.071342109
KIF14,603.1616004,0.154474736,0.079626381,0.01247156,0.071342109
URM1,1672.828884,-0.149102462,0.075501067,0.012471616,0.071342109
ALDH1B1,214.3911666,0.204808209,0.128044774,0.012496624,0.071453193
DCAF5,2291.360029,-0.133672906,0.06452475,0.012512739,0.071475018
LOXL1,45.19782178,-0.206675172,0.542856253,0.012518233,0.071475018
NOP53,5394.240532,-0.097449545,0.044038882,0.012530143,0.071475018
MCM8,434.4106471,0.163649952,0.087028743,0.012532265,0.071475018
MARVELD1,1907.618158,-0.134262054,0.064956392,0.012533593,0.071475018
SFMBT2,3236.409704,0.137824219,0.067420023,0.012533984,0.071475018
GOLGA5,1165.517949,0.15011262,0.076409519,0.012543654,0.071498266
CDC20,1263.201593,-0.171197034,0.094485174,0.012552787,0.071518439
COPS9,760.0376636,0.149526155,0.075968908,0.012577251,0.07161107
CDC42,5823.487667,0.147556679,0.074545331,0.012580247,0.07161107
IFT27,633.2705526,-0.174215669,0.096250552,0.012609075,0.071743223
CUX2,14.23656821,-0.070886501,0.138245612,0.012641214,NA
EXOSC2,533.5054516,0.192888616,0.115522025,0.012645018,0.071915728
PLEKHH3,311.2429864,-0.223426486,0.152474852,0.012656176,0.071942896
LAMB3,764.2513791,0.175314752,0.097572148,0.012661049,0.071942896
GAK,5647.566237,-0.124759748,0.059184934,0.012713494,0.072208806
CHCHD3,1358.33795,0.144191588,0.072258915,0.01272676,0.072252052
NAGS,52.75042228,0.267812097,0.431096966,0.012751144,0.072358358
PIK3CA,1155.137006,0.150729405,0.077201748,0.012778273,0.072480133
DNASE1L1,1957.718126,-0.112407919,0.054183732,0.012800183,0.072552447
PTPN23,2611.668109,-0.163598245,0.087585337,0.012802372,0.072552447
HINT1,3027.996972,0.138540369,0.068218085,0.012837245,0.072717844
ETF1,4036.957553,0.134928722,0.06592242,0.012873981,0.072863622
ABI2,841.9440585,-0.182546079,0.105849847,0.012874378,0.072863622
FAM76A,313.9995146,0.214029431,0.143286454,0.01288664,0.07288233
XRCC1,1404.969869,-0.126586765,0.060143822,0.012889085,0.07288233
IGSF22,136.9791126,-0.262768108,0.244650725,0.012900007,0.072911845
NRDE2,756.6800247,-0.164048456,0.08833666,0.012967182,0.07322922
TIAM1,2498.581268,-0.116875983,0.054285337,0.012967615,0.07322922
ARL6IP6,871.8588045,0.149468587,0.075841365,0.01304688,0.073622128
NAGA,5212.89384,-0.107876913,0.049110144,0.013050886,0.073622128
RNF44,4075.818002,-0.155301877,0.08401163,0.013054467,0.073622128
WAS,3739.934783,-0.13834269,0.069051783,0.013102083,0.073858081
PGAM1,13051.81891,0.131706874,0.063688911,0.013131125,0.073984956
ABHD16A,1900.909599,-0.116556264,0.054186562,0.013147736,0.073984956
TNFRSF14,4815.817291,-0.155337402,0.081931811,0.013147868,0.073984956
NAMPTP1,37.84062869,0.117706019,0.212582353,0.013154305,0.073984956
ITGA2,48.23012176,0.170255449,0.374478333,0.013157652,0.073984956
BIN1,2723.346252,-0.128052481,0.061272188,0.013159311,0.073984956
WBP1L,2779.276781,-0.103803713,0.046716826,0.013184815,0.07409576
BMPR1A,784.9017711,0.149092196,0.076463233,0.0132001,0.07414907
AKT2,3570.803539,-0.13685791,0.066822076,0.013226692,0.074241457
HEXIM2,234.5854633,-0.207913587,0.134890439,0.013228161,0.074241457
NPM3,503.9519919,0.157833089,0.083462226,0.013237116,0.07425912
PPIP5K2,2158.167733,0.159675971,0.085259573,0.01328992,0.074509388
PSMD12,1571.543049,0.163978668,0.08889468,0.013293384,0.074509388
RECQL5,716.6051234,-0.15833819,0.084383656,0.013304755,0.074540444
EEF1E1,263.5541475,0.205893102,0.135827308,0.013322312,0.074606116
ATP6V1B2,16809.69422,0.105751377,0.048019139,0.013377203,0.074866565
GPR153,237.4547356,-0.21972398,0.150995511,0.013380532,0.074866565
NME8,35.96145807,-0.107977199,0.192405038,0.013415025,0.075026726
FDXR,331.7368734,-0.190644103,0.115029622,0.013443335,0.075152179
RAB13,9005.199548,0.15232624,0.079108587,0.01345581,0.075189041
RPAP1,877.3260172,-0.204929414,0.133031313,0.01346617,0.075212132
NUDT16L1,731.3279631,-0.168139696,0.092782207,0.013471708,0.075212132
PTS,278.9995305,0.206955623,0.135814455,0.01351191,0.075403654
ACER3,4095.05987,0.100616844,0.045166555,0.013590301,0.075808029
RBM15B,2258.259464,-0.120323665,0.05672221,0.01359819,0.075818953
MTFP1,597.4988518,0.168180334,0.093265864,0.013606308,0.075831145
RIGI,2034.539602,0.244617144,0.224507899,0.013614817,0.075845503
SPRY4,65.03218217,0.097867213,0.173931879,0.013623361,0.07586005
IQCN,18.00825779,-0.046534075,0.117531577,0.013690342,NA
PODXL,353.2496445,0.183847076,0.10907145,0.013735422,0.076450749
ZNF681,41.39081863,0.086116964,0.156272555,0.013749404,0.076495267
UTP15,343.7258466,0.18160102,0.104501207,0.013770554,0.076579614
ST6GALNAC3,52.35782004,0.108384046,0.192300944,0.013798413,0.076687
ME1,795.720716,0.203434806,0.132941949,0.013804554,0.076687
CACNB3,373.7611129,-0.196988777,0.123518018,0.013811388,0.076687
SARAF,10010.63741,-0.106606027,0.046755064,0.013813857,0.076687
YRDC,369.3461441,0.202230262,0.130973033,0.013850508,0.076857093
MAU2,2507.151585,-0.166305788,0.090567219,0.013918364,0.077200124
PRPF8,10928.66242,-0.12345638,0.059051039,0.01392532,0.077205209
VDAC1,6289.300116,0.105417775,0.047857602,0.013955491,0.077304927
CXCR4,1377.047345,-0.207798884,0.138581527,0.013961863,0.077304927
NDUFA12,1022.357906,0.166465798,0.091621497,0.013963311,0.077304927
SMIM15,1919.620248,0.157837344,0.084620741,0.013967492,0.077304927
MFSD14A,1406.196866,0.129399705,0.062954494,0.013974825,0.077312045
SLC9A9,314.4158058,0.190871044,0.117634183,0.014010935,0.07747829
GPI,7905.325676,-0.114440237,0.053759913,0.014040325,0.077607245
FTH1P8,6.681237363,-0.041496909,0.114540886,0.01405963,NA
SRSF5,5907.605277,0.131904837,0.065052338,0.014087734,0.077829348
RNASE1,1211.939958,-0.179147897,0.103859596,0.014101492,0.077829348
C1orf131,362.5269566,0.176411494,0.102903853,0.014108854,0.077829348
STAT1,16695.61319,0.180415699,0.107159467,0.014119122,0.077829348
FAM53B,2419.373222,-0.121593547,0.058115743,0.014119497,0.077829348
RPS6KB1,1011.61396,0.157524294,0.084735359,0.01411983,0.077829348
DNAJC8,3210.981663,0.1249095,0.060417148,0.01412312,0.077829348
ENY2,1973.484986,0.137377566,0.070235238,0.014180736,0.078113186
RSRP1,2120.40018,-0.160281146,0.086546685,0.014196497,0.078166327
SMAD3,63.98142744,-0.144400682,0.278539404,0.014211251,0.078213883
WDR83OS,1039.556311,-0.149664833,0.078195218,0.014233332,0.078301698
AHSA1,1484.522557,0.152502624,0.080935385,0.014240667,0.078308354
BAHD1,1350.969954,-0.168067931,0.094479085,0.014263783,0.078382533
TRA2B,2697.738816,0.111954389,0.052312997,0.014266418,0.078382533
HARS1,1874.215032,0.11770043,0.056053166,0.014276102,0.078402045
ITM2B,16198.85828,-0.102869131,0.046390487,0.014305018,0.078510553
RPA2,1115.591459,0.139360903,0.070666001,0.014308141,0.078510553
SLC43A1,160.2403613,-0.244565805,0.23053812,0.014330479,0.078599388
TP53I13,1201.496281,-0.16446266,0.090284923,0.01433923,0.078613659
LAMP1,13439.88545,-0.103199138,0.045221428,0.014368057,0.078737938
CA8,34.84397401,-0.073992207,0.141052646,0.014390973,0.078829731
SLC35A4,2274.636696,-0.119672447,0.057190955,0.014457907,0.079162461
ZNF195,518.784278,0.159535478,0.087073416,0.014491178,0.079310664
C1GALT1,839.3224549,0.164671516,0.092167429,0.014502472,0.079329995
POLR3H,1115.208192,0.161915878,0.088770737,0.01450712,0.079329995
C22orf39,683.4910372,-0.159580494,0.087052111,0.01452167,0.079375611
ELOVL5,2340.323719,0.161976893,0.086621762,0.014551971,0.079487497
NPEPPS,3728.021938,-0.143555111,0.07392106,0.014554574,0.079487497
OPA3,1155.549032,-0.154465603,0.082655621,0.014565521,0.079513314
KITLG,86.75743793,0.162748715,0.323150319,0.014576383,0.07953865
ACRBP,127.0270566,-0.235337503,0.199740306,0.014599514,0.079630882
POP1,213.557305,0.204478629,0.14174036,0.014634547,0.0797776
ACVR2A,497.0539635,0.187239364,0.115832697,0.014638893,0.0797776
DAAM1,631.9515025,0.177561702,0.103181435,0.014691792,0.080031768
STAR,27.41073281,0.109877288,0.194675777,0.014692932,NA
ZNF639,394.248293,0.189830642,0.119099141,0.014719633,0.08010713
FSD1L,245.8889349,0.213813297,0.153889297,0.014722863,0.08010713
REEP6,129.6618936,-0.226139998,0.176887504,0.014724424,0.08010713
MS4A7,8154.637861,-0.134121789,0.067822243,0.014748452,0.080203724
TAF10,2286.900405,-0.13382223,0.067798513,0.014785139,0.080367773
TIMM21,592.0507183,0.169749116,0.097421224,0.01479119,0.080367773
LIMK2,1158.838835,0.163023815,0.091042682,0.014809098,0.080398593
FMNL1,8390.031953,0.137097908,0.069484055,0.01480944,0.080398593
TRUB1,370.5752505,0.214205632,0.155951281,0.014836358,0.080510545
SECISBP2,901.9768452,0.134628614,0.067975148,0.014848242,0.080540847
CYBA,22884.66663,-0.139054464,0.07038623,0.014890047,0.080662045
CALM2,12910.42146,0.149964534,0.079619315,0.014899518,0.080662045
SUMF2,5010.365166,-0.109380067,0.051192757,0.014910768,0.080662045
ADM,175.0275968,0.227685832,0.184592016,0.01491109,0.080662045
GRIPAP1,2368.681629,0.124481368,0.060784025,0.014915662,0.080662045
LSM5,426.8681984,0.22858576,0.190253155,0.014936731,0.080662045
ANKRD46,411.7873775,0.196637526,0.12857662,0.014943006,0.080662045
PSMF1,2974.898938,-0.143793193,0.075167742,0.014949189,0.080662045
TAF1D,1248.492333,0.161089644,0.089010717,0.014950588,0.080662045
POLR2D,872.4345654,0.156186349,0.085119023,0.014951604,0.080662045
ANKFY1,3755.646633,0.111912781,0.052722674,0.014952378,0.080662045
ZBTB33,1357.211308,-0.113238169,0.053661765,0.014960368,0.080662045
ETV6,2256.519049,0.119997124,0.05789158,0.014963838,0.080662045
MTMR6,1547.599348,0.143823798,0.074874167,0.014963883,0.080662045
CD82,3641.17684,0.161889325,0.090347213,0.014965223,0.080662045
MICOS10-NBL1,125.4611362,-0.254257746,0.27513479,0.015030664,0.080980632
CMKLR1,3089.182314,-0.152161387,0.081606349,0.015044974,0.081023587
ADGRA2,77.42155586,-0.209457839,0.424187711,0.01505358,0.081035796
CCDC163,68.5197683,-0.200318846,0.408569551,0.015082535,0.081157496
TEX2,1875.549652,-0.133680885,0.067320438,0.015095039,0.081190608
ATOH8,205.5820034,-0.221483855,0.167158862,0.015114231,0.081259649
ASB8,855.1690745,-0.164392033,0.092033595,0.01512246,0.081269715
EXD3,327.4128977,-0.188147669,0.117648501,0.015196067,0.08157102
SNRPB2,1122.686038,0.167343256,0.093743276,0.015196538,0.08157102
IL11RA,224.5330375,-0.220116903,0.168031979,0.015197667,0.08157102
MOB4,881.8023922,0.191480123,0.124406648,0.015238672,0.081756784
ABCF2-H2BK1,349.0417223,0.180237351,0.109389294,0.015248565,0.081775547
THOC7,619.9565271,0.184073642,0.114792198,0.015280248,0.081911101
TCF19,1128.269522,0.143549347,0.075240924,0.015286912,0.081912477
DHX57,444.2661809,0.205162942,0.143227017,0.015301137,0.081954353
MCMDC2,161.7018844,0.224840033,0.182423179,0.015311165,0.081973721
LRRC37A16P,384.2623166,-0.176506916,0.104862115,0.015327202,0.082025231
BNIP2,3139.722485,0.13450161,0.068547176,0.015347564,0.08207871
PHF1,1079.102401,-0.148571557,0.078926591,0.015350035,0.08207871
FBL,1576.306755,0.1502548,0.080706575,0.015364382,0.082121082
GSTO1,6266.216063,0.114554751,0.054768627,0.015407285,0.082306513
EMG1,609.1943205,0.218582421,0.172100731,0.015413789,0.082306513
MTX1,2537.35787,-0.110426102,0.05214321,0.015422372,0.082306513
PRRC2B,6407.60631,-0.166021804,0.093831355,0.015426576,0.082306513
FAM98B,642.5211994,0.197365215,0.132128566,0.015431264,0.082306513
SCAMP4,3178.104017,-0.134416226,0.06877563,0.015445842,0.082321689
MRPL54,835.6915061,0.147581007,0.078534593,0.015446987,0.082321689
PAK4,605.0264735,-0.190484782,0.120220919,0.01554045,0.082781151
FHL3,1357.296464,-0.132978386,0.067630036,0.015546151,0.082781151
SPHK1,2741.378935,0.105615285,0.049915932,0.015558893,0.082814508
ZNF318,1346.581801,-0.134871412,0.068705957,0.015585829,0.082923355
VSIG10L,297.8008519,-0.19744732,0.13123258,0.015634843,0.08314953
CHMP5,2335.152313,0.138841131,0.071968127,0.015656408,0.083229595
C12orf57,417.9340214,0.166301053,0.095737401,0.015665226,0.08324186
ANKS1A,1156.759583,-0.148647634,0.079669546,0.015682729,0.083287714
SLC38A7,1954.199611,-0.139630471,0.072381084,0.015686884,0.083287714
FCSK,633.5607566,-0.172573227,0.101955254,0.015736462,0.083469407
RER1,3258.197295,0.090212968,0.040728703,0.015738602,0.083469407
SLC25A15,142.4121595,0.225429992,0.188704765,0.015740691,0.083469407
YEATS4,437.0198648,0.156060988,0.086038877,0.015780444,0.083596117
ARHGAP35,3833.656908,-0.133991193,0.068834813,0.015781235,0.083596117
TMEM187,275.227707,-0.223922152,0.180914667,0.015784202,0.083596117
CLEC7A,11113.66241,0.118648906,0.057571512,0.015810721,0.083699884
SLC15A4,1330.50004,-0.119621316,0.058320517,0.015816888,0.083699884
PLAUR,8804.97821,0.121572819,0.062854808,0.015830255,0.083735958
PLA2R1,14.88400142,0.068675185,0.135467362,0.015841208,NA
S100Z,28.72976756,-0.059311714,0.126839935,0.015841796,NA
PPP1R9A,24.48369083,0.086800521,0.156437143,0.015889549,NA
FAM3C,1177.884659,0.162745606,0.092876844,0.015921285,0.084172715
PCSK4,67.62756243,-0.215973049,0.375241955,0.015925991,0.084172715
FBXO22,817.968015,0.162044987,0.092402607,0.015951006,0.084270088
LYPLA2,1679.310673,-0.120185441,0.058710197,0.015962665,0.084296848
MGAT5,2868.618798,-0.155799912,0.085768025,0.015972746,0.084315258
PREX1,7301.098225,-0.113984328,0.054846374,0.015987258,0.08433112
SFT2D1,1681.801533,0.117868967,0.058040635,0.015988943,0.08433112
FCGR3B,114.157532,0.234913393,0.241379599,0.016012617,0.084402679
KPNA3,2015.977642,0.133705028,0.068929916,0.016015714,0.084402679
SIK1,73.1002633,0.109114835,0.191535148,0.016045032,0.084522344
MRPL21,702.2175655,0.144720887,0.076987913,0.016064026,0.084587548
LRPPRC,3751.139327,0.136311387,0.070355045,0.016073942,0.084591452
CALU,9908.151204,0.097849969,0.045411119,0.016083256,0.084591452
RNF167,2296.030133,-0.09896937,0.045816853,0.016084616,0.084591452
RAPGEF3,630.3108829,-0.208272044,0.149979258,0.016099879,0.084636906
MAST4,83.61812425,0.094857307,0.167834897,0.016150223,0.084835223
KBTBD8,661.6139019,0.192069959,0.127558328,0.016150875,0.084835223
WDR75,597.530465,0.198542157,0.137942795,0.016192842,0.085020735
TMEM67,152.7462184,0.210784791,0.158330189,0.016239736,0.085231946
MYZAP,148.4192797,-0.233810497,0.224985875,0.016277586,0.085374565
EMC7,2378.124181,0.128813372,0.065168099,0.016285213,0.085374565
ALDH1L2,1941.107712,0.155521058,0.086411934,0.016288228,0.085374565
SLC38A6,1199.243112,-0.13859403,0.073429942,0.016297843,0.085374565
NAE1,512.8209404,0.157452842,0.088451142,0.016300298,0.085374565
STX6,3452.742004,-0.125702128,0.062693107,0.016361278,0.085658861
CMPK2,2630.216116,0.231917375,0.248578799,0.016390051,0.085774378
ZC3H8,347.1903213,0.209310523,0.161838974,0.01649193,0.086272226
TIGD2,202.1485607,-0.194576746,0.131478194,0.016510842,0.086335832
LIF,224.6005373,0.222481443,0.197451254,0.016518524,0.086340691
FSTL3,221.7792346,-0.215309089,0.169932778,0.016569949,0.08657409
EEF1B2,4716.048429,0.136688306,0.071205542,0.016602883,0.086710728
RNF144B,525.6895163,-0.224198882,0.195921512,0.016613737,0.086731982
ITPKC,399.81344,-0.167934303,0.099195618,0.016624204,0.086751204
CLIC1,9072.842411,0.120300759,0.059483976,0.016636512,0.086780011
ZFYVE26,3672.215484,-0.122178002,0.061030507,0.016654953,0.086827415
SLC30A6,921.182163,0.136082377,0.071162786,0.016659182,0.086827415
AIFM2,774.322917,0.148224628,0.081166598,0.016677503,0.086876409
ZNF714,432.4125979,0.161896577,0.093365893,0.016682173,0.086876409
GSTM2,336.6556473,-0.188502513,0.123720951,0.016692349,0.086894008
ERVK3-1,1263.17405,0.126407824,0.063703365,0.016711883,0.086960288
ZNF592,3238.176528,-0.122459657,0.061065954,0.016740508,0.087073798
RPF2,589.8952356,0.178184598,0.111770148,0.016747419,0.087074321
CRK,2942.965037,0.108466588,0.051959821,0.016766558,0.08713839
NADK,6076.4389,-0.125079807,0.062509751,0.016791565,0.087232897
TLNRD1,2035.178174,0.126201109,0.063707493,0.016824669,0.087369372
ABCG1,1817.146685,-0.157502168,0.08959378,0.016882299,0.087609086
NACC1,4874.98128,-0.149747726,0.082384884,0.016888648,0.087609086
NCF2,11049.30804,0.086278311,0.039045525,0.016894634,0.087609086
PPP1CA,7223.817117,-0.103865885,0.049132739,0.016902697,0.087609086
DHX37,1132.331738,-0.138252501,0.0727429,0.016915762,0.087609086
CCDC97,1600.803928,-0.142552154,0.076253097,0.016918294,0.087609086
CDC123,3072.716266,0.120876265,0.060246119,0.016918798,0.087609086
EIF3J,2090.201349,0.171770863,0.104090176,0.016994512,0.087965521
CMTM6,5844.811347,0.130334604,0.066895286,0.017007412,0.087996664
ARHGAP22,1180.348508,0.130242541,0.066897443,0.017019095,0.088021494
PFKFB2,1864.336501,-0.160323515,0.091959148,0.017098233,0.088395032
C1GALT1C1,607.7364205,0.161273175,0.093608119,0.017112595,0.08843352
SEM1,1161.370223,0.144009146,0.077958935,0.01720171,0.088858124
IFT57,148.7494021,0.223134833,0.213235181,0.017244865,0.088982766
STON1,57.42853756,-0.211064767,0.340738526,0.01724599,0.088982766
MPHOSPH10,750.9254637,0.151028771,0.08406896,0.017246718,0.088982766
TMX1,2364.695229,0.145524309,0.079390689,0.01727127,0.08904227
TXNDC5,3287.656243,0.101225038,0.047628262,0.017272181,0.08904227
KCTD2,1259.496451,-0.119945732,0.059066355,0.017385399,0.089589814
ITM2C,692.5057638,-0.169349308,0.101627721,0.017409514,0.089677933
KIF5B,6396.67281,0.109988592,0.053201142,0.017442149,0.089809855
PITPNM1,2600.964738,-0.180649855,0.116084181,0.017486011,0.089959734
PBX2,3234.855085,-0.124697377,0.063171284,0.01748774,0.089959734
IDH3G,2252.512166,-0.112545467,0.054882802,0.017492366,0.089959734
MOSMO,200.3626804,0.194839789,0.136738399,0.017545628,0.090197369
PTGS2,41.72462486,0.144351227,0.26533597,0.017570273,0.09028776
BRCC3,1207.483123,0.126042377,0.064237952,0.017577591,0.090289074
SLAMF8,8470.85039,0.094947751,0.045073288,0.017641017,0.090561419
CTTN,2100.909878,0.133383739,0.069563831,0.017644779,0.090561419
ZSCAN21,159.6930405,-0.203763199,0.153256987,0.017671733,0.090663363
CLVS1,14.03433446,0.040850818,0.114014848,0.017697924,NA
ABCE1,3000.989334,0.132145501,0.069006608,0.017779804,0.091181227
MRPL36,324.8766533,0.178111554,0.114584175,0.017888342,0.091701064
MCRS1,1549.657836,-0.126847125,0.065126887,0.017922,0.091813641
ZYX,29212.41455,-0.123354417,0.063200501,0.017931718,0.091813641
FZD5,454.4038625,-0.169300717,0.103607382,0.017931847,0.091813641
PRKCSH,6961.745042,-0.130487493,0.067909001,0.017963649,0.091914861
MSANTD3-TMEFF1,41.93533215,0.119756909,0.209603034,0.017965994,0.091914861
ZNF428,934.3370062,-0.137431034,0.073188058,0.01802474,0.092149871
WDR37,2002.769969,-0.093855995,0.050817834,0.018030947,0.092149871
CYRIB,3748.277951,0.114173506,0.056852188,0.018034688,0.092149871
H3-3B,9931.734838,0.117511348,0.058436105,0.018040761,0.092149871
IL18,568.2240719,0.157871451,0.091811586,0.018050484,0.092162713
SAMD9L,4032.424594,0.169902239,0.105209728,0.018096749,0.092362049
TTC28,573.1962077,-0.126514441,0.225547473,0.018109425,0.092389862
PEX13,1109.150684,0.129685849,0.067419735,0.018131165,0.092463877
ICA1,517.4057604,-0.184327856,0.123563618,0.018147097,0.092508225
IMPDH1,2670.094541,-0.135185674,0.07159748,0.018167717,0.092554723
ASPHD1,454.7931018,0.180304913,0.118344891,0.018175302,0.092554723
EMP3,3270.945061,0.149374457,0.082846341,0.018177936,0.092554723
PHYKPL,1216.952799,-0.150594855,0.085609138,0.018229409,0.092779856
USP27X,124.5427914,-0.214028353,0.186315002,0.018261277,0.092905065
MYOM3,21.51160302,0.03727742,0.112110604,0.018271293,NA
GPR137B,2145.923005,-0.124285798,0.063466356,0.018286123,0.092994462
GPATCH2L,1963.621387,0.165093264,0.09990984,0.018319253,0.093125904
ANXA3,82.00509638,0.214611365,0.280905629,0.018346957,0.09322967
ITGB5,8442.424542,-0.101044059,0.046496751,0.018362583,0.093271998
SUMO1,2131.119518,0.137432618,0.073917752,0.018382007,0.093333248
PYCR1,192.8882531,0.211021528,0.182211944,0.018389241,0.093333248
AKIRIN2,2135.64851,0.113653677,0.056014019,0.018399486,0.093348185
FASTKD1,799.5281587,0.157159214,0.091869666,0.018423735,0.093434135
JAK2,1630.214839,0.127164197,0.066154343,0.018445464,0.093507239
SLCO3A1,718.3772606,0.14753566,0.08265261,0.018462089,0.093526085
UNC50,1030.353778,0.13366603,0.070869372,0.018463812,0.093526085
VGLL4,1838.538126,-0.159610872,0.094879704,0.018478702,0.093564439
PACSIN2,4971.970471,0.08924138,0.040981725,0.018498765,0.093628943
BCL6,2961.194054,-0.116797644,0.05847753,0.018522414,0.09371154
ANXA2,41617.52459,0.124641082,0.064885196,0.018534062,0.093733378
PDLIM5,2302.934397,-0.131819086,0.06888046,0.018557359,0.093804053
HLA-DOA,79.30689241,-0.205147424,0.313041601,0.01856271,0.093804053
SLC27A3,1845.981462,-0.14213223,0.078793138,0.018596045,0.09387045
MAST3,1485.942851,-0.157824526,0.091984982,0.01859633,0.09387045
CBR1,1015.325128,0.135107782,0.072143561,0.018597876,0.09387045
VPS26A,3078.525786,0.126230043,0.065252058,0.018627413,0.0939712
PCNT,2388.016321,-0.120088383,0.06091337,0.018632538,0.0939712
ADCK2,1430.260646,0.127992028,0.066663882,0.018666597,0.094042416
HSP90AB1,19538.46701,0.123494474,0.063141818,0.018667892,0.094042416
ROCK1,4427.503568,0.119536865,0.060473823,0.018677323,0.094042416
PEX11G,69.25271802,-0.214992793,0.27496786,0.018679098,0.094042416
PTP4A1,2282.935518,0.152575515,0.08711374,0.018683437,0.094042416
NCBP1,911.9325253,0.162007111,0.097539971,0.018710288,0.094129162
TMEM184A,14.9025007,-0.040597236,0.113835121,0.018710359,NA
PSMB1,2238.155639,0.148012933,0.083482853,0.018716398,0.094129162
RPGR,307.5893204,0.200563609,0.15593799,0.018722758,0.094129162
TPM1,458.5986642,-0.168240153,0.104123158,0.018747013,0.094214059
SEC23A,1634.043678,0.114221657,0.056795504,0.018765937,0.094272102
TOB1,1724.885751,-0.149901975,0.08510045,0.018778611,0.094282557
FBXL15,832.0416211,-0.154817258,0.089681555,0.018784361,0.094282557
PRC1,1488.247441,0.147400784,0.082978635,0.018794382,0.094282557
ICMT,2470.220255,0.128611156,0.067238261,0.018797516,0.094282557
JAK1,3730.244911,-0.116764829,0.058846207,0.018813708,0.094326767
TSPAN32,344.5935191,-0.204254639,0.162674129,0.018872867,0.094586283
BCAS3,527.5044759,-0.162985437,0.098497778,0.018890607,0.09463809
AGBL5,353.0108295,-0.176489348,0.114712822,0.018910803,0.094702162
GGCT,998.5268803,0.13361554,0.07137597,0.018942572,0.094798987
BSG,13649.59202,-0.110628379,0.054889972,0.018944968,0.094798987
CENPW,208.9837745,0.190240137,0.137953557,0.018956194,0.094818052
CSTF2T,956.8925626,0.135420436,0.073107534,0.018968194,0.09484097
GPD1,3260.002841,-0.214187542,0.280640644,0.018993074,0.094928246
SLC25A24,2989.585412,0.124024272,0.063931997,0.019044182,0.095029616
TRAP1,3311.870766,0.104556,0.05017095,0.019051484,0.095029616
ZBTB10,442.925493,0.157657166,0.093310368,0.019053021,0.095029616
BNC2,311.8565551,0.206675238,0.178365019,0.01906005,0.095029616
LRP12,793.0223261,0.165799216,0.10253637,0.019063686,0.095029616
PCLO,242.0532837,-0.215710553,0.243232081,0.019064005,0.095029616
UNC13B,1448.900937,-0.103786553,0.050298737,0.019071948,0.095029616
PSMC1P1,830.5515416,0.176844924,0.11640824,0.019072819,0.095029616
NECTIN2,3353.612325,0.102354759,0.049428018,0.019086517,0.095060816
ZFYVE16,2804.277182,0.148013197,0.081042955,0.019094733,0.095064705
CLCN6,1894.513941,-0.137000404,0.074202244,0.019146481,0.095285232
SWT1,197.5897282,-0.203729929,0.164775011,0.019165799,0.095344259
NUCKS1,6866.136397,0.166517459,0.103809077,0.019204579,0.095500014
CDH11,26.87183026,-0.079153842,0.146088025,0.019249954,NA
COQ6,412.9660737,-0.173753449,0.112202264,0.019316383,0.096018645
UAP1,526.9978748,0.093053863,0.163929099,0.019333066,0.09604774
MCRIP2,2148.20437,-0.118322336,0.060009299,0.019337261,0.09604774
EFNA3,34.70768265,-0.09297817,0.163659852,0.019349258,0.096070006
WWP2,2611.10109,-0.122293033,0.063356949,0.019375737,0.096164128
PLXNB2,18160.14,-0.124216346,0.068312652,0.019395235,0.096199824
CARS2,1345.155784,0.119781106,0.060623065,0.019397978,0.096199824
GGA2,5270.305688,-0.151028517,0.088221244,0.019423556,0.096289323
ZNF558,81.9249075,0.136123118,0.239559716,0.01945222,0.096394044
TENT5A,1047.403843,-0.172572541,0.109794662,0.019464438,0.09641722
VKORC1,2063.584863,-0.097901187,0.047015691,0.01948907,0.096495327
SMARCC2,2964.239634,-0.139611034,0.077812856,0.019495302,0.096495327
ZNF85,137.108992,0.211257229,0.232676327,0.019514359,0.096552273
STRN,1605.603776,0.165752354,0.103554908,0.019526672,0.096575823
UBL7,825.5629953,-0.143435486,0.080495347,0.01955924,0.096699491
SPRY1,271.1043776,-0.181536578,0.122202004,0.019579544,0.096757203
RNASE4,178.5797824,-0.21342297,0.245715576,0.019586049,0.096757203
CSNK2B,2837.743823,-0.10592538,0.053572937,0.019620959,0.096892219
GALC,2872.575049,-0.120546368,0.06255335,0.019657161,0.097033514
BDP1,1241.96327,0.148341473,0.085163354,0.019687463,0.097145584
PSKH1,1201.458638,-0.14962669,0.086361349,0.019706016,0.097199622
SEPHS1,1052.344115,0.141188189,0.078398702,0.019730288,0.097281808
VTI1A,950.3112807,0.127275343,0.067164926,0.019773758,0.097428972
TRIP13,333.2860924,0.192694147,0.145810156,0.019775376,0.097428972
TAOK3,3751.312899,0.092946644,0.044075915,0.019799206,0.09745748
MMP15,372.8549898,-0.202923678,0.167194475,0.019803157,0.09745748
ESS2,727.9381564,-0.155018464,0.091640056,0.019804031,0.09745748
RGS3,434.7923517,0.18366508,0.129460266,0.01981581,0.097477925
CDCA4,407.8001992,0.152079359,0.088950647,0.019827446,0.097497652
TIMM13,1908.530275,-0.130852933,0.069972509,0.019838825,0.097516102
BOLA2-SMG1P6,394.4109127,0.185873478,0.133748999,0.019853276,0.09754963
ZNF804A,501.6020969,0.151142332,0.088066687,0.019910631,0.097793861
NUP54,694.4526566,0.159833234,0.096757627,0.019948019,0.09793987
NMD3,1350.962198,0.138080955,0.076081308,0.0199703,0.098011624
RABL3,726.3388291,0.151642932,0.088772852,0.020006948,0.09815381
NEK4,788.0085862,-0.139419629,0.077803168,0.02002644,0.098211753
WNT5A,2069.848079,0.182582623,0.128626979,0.02003879,0.098234636
PHF6,843.3151283,0.153824398,0.091100109,0.020070464,0.098352198
MVB12B,104.1593982,-0.206344749,0.268709148,0.020100038,0.09841581
NTNG2,32.91258991,0.101851816,0.176238881,0.020106924,0.09841581
ST3GAL6,2200.342382,0.118101831,0.060501762,0.020107517,0.09841581
IGFLR1,524.0523648,-0.182830074,0.126271806,0.020114236,0.09841581
MSC,182.9293124,0.157873257,0.273480123,0.020134102,0.098475322
CD2BP2,2115.289908,0.131170457,0.070798354,0.020145615,0.098492284
DNAJC15,143.6647187,0.193634554,0.281252151,0.020152977,0.098492284
MZT1,541.6844245,0.182191882,0.128232688,0.02020476,0.098676617
SLC8B1,3718.115327,-0.123646341,0.065269251,0.020206131,0.098676617
PARK7,3848.187259,0.119047593,0.061225901,0.020238395,0.098735928
MGAM,87.28972596,0.114811289,0.19699426,0.020242298,0.098735928
SLC22A18,842.9700612,-0.157706415,0.094227061,0.020246473,0.098735928
UBR1,821.9703643,0.193177433,0.150935599,0.020250908,0.098735928
DUT,1277.909755,0.129047186,0.069153835,0.020258057,0.098735928
YPEL5,2269.322177,-0.119879808,0.061826596,0.020264613,0.098735928
MMP23B,13.83586343,-0.058064211,0.125381938,0.020292557,NA
ZNF518B,642.5767792,0.16366084,0.102844229,0.020427396,0.099447208
RPLP1,15021.30616,-0.117369566,0.060393827,0.020430015,0.099447208
CCNA2,1238.27599,0.131819639,0.070761167,0.020433932,0.099447208
PDE4B,305.8331914,0.200765797,0.174181303,0.020479777,0.099632399
CORO6,47.11868406,-0.08729799,0.155760238,0.020535248,0.099864262
INTS15,963.1595731,-0.143296696,0.081256534,0.020546744,0.099882176
UNC45A,1943.563068,-0.113514984,0.059397789,0.020597153,0.100089167
WAC,4144.685357,-0.105704892,0.051967223,0.02060807,0.100104172
SLC33A1,1293.486717,-0.131939411,0.071313943,0.02063412,0.10019264
ATP5PD,2453.209741,0.135632882,0.074646101,0.02064789,0.100221442
SLC25A39,3215.367838,-0.102400153,0.052447519,0.020670251,0.100291902
SGCB,230.3299112,0.204301945,0.217754902,0.020729758,0.10052133
UMODL1,135.9766035,-0.206223072,0.242953098,0.020733261,0.10052133
GMEB2,490.6029647,-0.15986638,0.09853017,0.020749839,0.100530688
SURF4,6504.882271,0.090159442,0.042888979,0.020758253,0.100530688
TIMM44,1143.548101,0.11837117,0.06120516,0.020758781,0.100530688
ENTR1,1053.983042,-0.136745766,0.075610911,0.02077158,0.100554584
TGDS,335.89315,0.171412048,0.113579218,0.02081249,0.10071449
DYRK1A,1507.467564,-0.136758153,0.076831621,0.020860501,0.100908631
ZNF239,48.27551684,0.131810959,0.227630044,0.020956963,0.101336904
DMAC2,1532.221309,-0.098267381,0.048514131,0.020978778,0.101404036
EXTL3,1186.988813,-0.155899202,0.096489966,0.021003563,0.101485469
SLC44A1,1500.733499,0.14188158,0.080756046,0.021017993,0.101512694
ALKBH2,127.5305857,0.197572259,0.164464694,0.021025077,0.101512694
VAV3,999.3315231,0.16908331,0.111226338,0.021037038,0.101532098
SH2D3C,300.181383,-0.205499102,0.238848195,0.021080033,0.101701217
IL3RA,350.9584757,-0.175739467,0.119943923,0.021138098,0.101942884
CIB1,2120.618493,0.100889175,0.049540395,0.021156841,0.1019948
CACTIN,1049.408702,-0.125984274,0.067272168,0.021201707,0.102172569
GNG10,2037.03157,0.15073338,0.089396632,0.021216968,0.102207589
STMN1,4146.831536,-0.145903109,0.085183807,0.021247896,0.102318023
TARBP1,737.4162884,0.184062763,0.136424511,0.021283152,0.102449208
MB21D2,255.3320201,0.179098793,0.126911667,0.02131497,0.102563754
CDC34,1548.195129,-0.106109487,0.053105406,0.021368212,0.102781261
REEP4,1775.124684,-0.119079872,0.062086611,0.021409836,0.102896059
ASAH2B,130.7666567,0.146478786,0.24767546,0.021418227,0.102896059
NFAT5,2110.854385,0.162054403,0.102551318,0.021423091,0.102896059
UBE2K,2816.768396,0.1211161,0.064376152,0.021424271,0.102896059
NDUFAF5,281.4687017,0.171526,0.115774659,0.021448601,0.102974227
CEP112,168.7587176,0.200645241,0.197564175,0.021462384,0.10300172
AGRP,40.87868675,-0.126862802,0.2177018,0.021482809,0.103061054
BMP7,49.54984371,-0.139044558,0.238618974,0.021574284,0.103461071
TMEM267,310.0586958,0.17837391,0.126528161,0.021586698,0.103476757
HMGN2P46,40.03226407,0.127718719,0.218472062,0.021593742,0.103476757
PTOV1,1551.394868,-0.139599215,0.079168026,0.021619245,0.103560154
NAPRT,1395.182873,-0.136045708,0.076102214,0.021643053,0.103635369
CFAP298,744.7317301,0.155463634,0.091417523,0.02167366,0.103743073
TXNDC17,651.1206512,0.173055576,0.118816428,0.021689326,0.103779202
SIK2,1282.192067,-0.160954701,0.100452289,0.021716552,0.103834605
ZNF33A,594.6766539,0.179184454,0.129309423,0.021717148,0.103834605
SLC27A1,1734.963461,-0.16462601,0.105791026,0.021798933,0.104186674
GTF2E1,549.1419204,0.167027153,0.110351149,0.021820997,0.104253154
NFATC1,1130.814017,-0.136794005,0.076786087,0.021835452,0.104283247
SHARPIN,1595.272366,-0.125911532,0.067792989,0.021872899,0.104423081
LOXL3,996.3272278,-0.131602513,0.072288779,0.021881327,0.104424324
ZNRF2,1044.072992,-0.136233271,0.076368904,0.021959428,0.104737403
APOL3,93.67771174,0.163299227,0.269018621,0.021963315,0.104737403
BOLA2,424.360467,0.175916222,0.123927748,0.02198994,0.104825272
METTL24,29.78231956,0.097021157,0.168251253,0.022040968,NA
TRIM36,500.1083742,-0.184728319,0.14273622,0.022042991,0.105039001
XRCC6,6518.090253,0.118266275,0.06196419,0.022064258,0.10510117
SLC12A8,210.1716978,0.195115344,0.170563329,0.022090608,0.105187495
TKFC,501.6841522,-0.164025816,0.106499806,0.022107403,0.105228276
EHBP1,365.9032227,0.180408059,0.133339752,0.02215466,0.105413965
ZKSCAN7,63.24012812,0.156962542,0.259468441,0.022188964,0.105537909
TMEM147,1590.305401,-0.128247377,0.070426695,0.022251232,0.105776184
TMEM150A,834.3277222,-0.130332953,0.071673869,0.022255607,0.105776184
MLH1,1139.132764,0.125099233,0.067516323,0.022337043,0.106091122
TNKS1BP1,2097.047661,0.138546866,0.07891342,0.022338467,0.106091122
HMGB3,1312.876815,0.126186825,0.06846038,0.022362416,0.106165425
ALKBH4,288.3307408,-0.16943255,0.114239088,0.022372915,0.106175841
FUBP3,2500.537476,-0.112625321,0.05714895,0.022408208,0.106303874
TNFRSF1B,7524.243189,-0.097800229,0.048043841,0.022432416,0.106379243
XAB2,1669.936913,-0.121117613,0.064845117,0.022452353,0.106434309
CARD11,621.0131852,-0.190263104,0.160865362,0.022490469,0.106564334
LAMA3,96.0025923,0.116103802,0.196707958,0.022496452,0.106564334
ST14,6523.151328,-0.148803885,0.090786437,0.02253465,0.106705741
TIMM10B,901.2740412,0.14139093,0.085443704,0.022603108,0.106983242
ENDOG,469.6493086,-0.142716087,0.083286189,0.02260999,0.106983242
BIRC7,232.532201,-0.187790535,0.149544519,0.022626427,0.107021409
ZHX3,664.8370742,-0.18561449,0.146175894,0.022636929,0.107031487
EOGT,808.0863645,0.134059396,0.075329837,0.022645907,0.10703435
PSME3,3757.58881,0.112769121,0.058486853,0.022711151,0.107303056
SULT1A4,21.32943628,-0.06718537,0.133133842,0.022751838,NA
LSM3,880.1828148,0.127517844,0.070428703,0.022773936,0.107559945
EZH2,915.7841295,0.1293583,0.071771471,0.022803286,0.107647615
EFNA4,125.43844,-0.197329684,0.191387039,0.022809338,0.107647615
RPS15A,6034.73381,0.152034658,0.093760123,0.022831547,0.107712667
DNAJC30,534.7794683,-0.153947016,0.095359213,0.02287771,0.107890638
SLC35C2,1936.1641,-0.149658139,0.090669142,0.022887781,0.107898333
CDC25A,197.6888539,0.191868961,0.16911057,0.022904035,0.107921647
SART1,2845.841054,-0.145697463,0.08735933,0.022909609,0.107921647
RBM27,794.2545643,0.146438279,0.087887246,0.022989991,0.108260418
CFL1,28922.01065,-0.10125995,0.049939166,0.023000877,0.10827071
ZBTB8OS,333.4713913,0.162001168,0.105938746,0.023009351,0.10827071
ENTREP3,829.6863579,-0.158701845,0.101314642,0.023021012,0.10827071
SF3B4,2046.873339,-0.115729519,0.061060971,0.023026051,0.10827071
PNPLA6,6498.432447,-0.121964236,0.065559641,0.023038759,0.108290637
FERMT3,16724.92102,-0.102106535,0.052321618,0.023048158,0.108295004
MED25,2988.055844,-0.142443538,0.084499382,0.023061969,0.108320086
GTF3A,2213.835236,0.139202778,0.080542812,0.023122655,0.108565238
GPX3,8026.513813,-0.099227965,0.049570961,0.023198103,0.108863817
UBA2,2168.569568,0.131102403,0.071065898,0.023208291,0.108863817
CCT3,4902.175597,0.110565374,0.0572229,0.023211792,0.108863817
PKD2L1,172.8540912,0.193437442,0.205269805,0.023274681,0.109118739
PTP4A3,96.05224184,-0.178149398,0.265704565,0.023309485,0.109241847
TMEM123,6416.076997,0.129059096,0.071489378,0.023334141,0.109309119
GAS2L1,2157.164603,-0.135298238,0.075907249,0.023340938,0.109309119
MFSD12,16327.80244,-0.108743368,0.056257184,0.023358268,0.109350224
SPEG,147.5168201,0.183721055,0.249122464,0.023389493,0.109430643
TRRAP,3144.464808,-0.127337072,0.070125606,0.023392565,0.109430643
WDR35,206.615451,0.193218307,0.193885129,0.023410137,0.109472786
PTPN18,3418.552262,-0.108381935,0.0560087,0.02343579,0.109552676
ACSM2B,35.45553625,0.038671913,0.11271874,0.023491104,0.109771114
FAM135A,1213.445002,0.136737299,0.078799051,0.023507452,0.109794303
EIF4E3,101.1716703,0.16018965,0.255352167,0.023514935,0.109794303
ATP5F1D,1500.363088,-0.124944041,0.068272587,0.02352183,0.109794303
MAN1A2,1390.293219,-0.148276173,0.090344591,0.023598692,0.110112876
ABCB8,1644.78611,-0.120971968,0.065441905,0.023643114,0.110279904
MCM7,3124.077676,0.122506921,0.066424642,0.023681604,0.110419151
DAPK1,5953.402275,0.123136395,0.067073679,0.023759699,0.110707175
NR1D2,1421.688202,-0.120153227,0.064644398,0.023760695,0.110707175
HK2,3681.09058,0.104510918,0.053083964,0.023771927,0.110719157
WRN,373.8920347,0.188577117,0.168380364,0.023810626,0.110859017
LY86,1858.621196,-0.116386246,0.061504313,0.023823623,0.110879147
YWHAE,9916.223926,0.115139468,0.060609766,0.023857262,0.110995303
WWTR1,170.71065,-0.191080589,0.179820191,0.023882608,0.111056337
FBXL18,747.9162699,-0.162811932,0.109247323,0.023887753,0.111056337
TGIF1,1143.21179,0.115005864,0.060743047,0.023905457,0.111098244
IFI35,2176.688364,0.172939566,0.123744105,0.023918112,0.111116665
MPHOSPH9,606.033096,0.147417616,0.090132474,0.023943887,0.111196002
BBX,1489.502606,-0.156731049,0.102014808,0.0239734,0.111292635
TTLL5,464.5448238,0.18150085,0.145435443,0.024077423,0.111734976
OTUD1,1410.699791,-0.120504298,0.065391676,0.024108044,0.111822921
POMK,634.3704241,0.09765955,0.168812948,0.024117611,0.111822921
PSMC3IP,175.0381498,0.178368155,0.136270977,0.024122614,0.111822921
C2orf69,586.3939526,0.154059544,0.097884823,0.024141737,0.111871005
ANKRD18A,87.93709818,-0.178968948,0.252685365,0.024153136,0.111883275
TNNT1,711.5088656,0.187607276,0.168591805,0.024175343,0.111945586
NR2C2AP,187.1327659,0.1788825,0.138130246,0.024220721,0.112115104
CHIT1,61799.75655,-0.09642666,0.048980864,0.024248938,0.112190506
S1PR1,276.5371638,-0.190644454,0.228226386,0.024254561,0.112190506
HS6ST1,954.7643683,-0.148371284,0.090895534,0.024263399,0.112190799
CYP51A1,1419.41698,0.16350205,0.111129449,0.024297685,0.112308716
METTL1,483.4470835,0.152623274,0.096651674,0.024310933,0.112313899
JRK,810.4273491,-0.158675724,0.103159549,0.024316376,0.112313899
FLYWCH2,399.9211464,-0.154449554,0.098668303,0.024347187,0.112401485
MPND,952.2022617,-0.127747807,0.071167899,0.024352923,0.112401485
DSG2,15.82887339,0.06145134,0.127804019,0.024384046,NA
GPT2,649.6271071,0.189394069,0.201922529,0.02440166,0.112578346
ACP1,1955.362019,0.120571429,0.065872875,0.024408852,0.112578346
ATG3,2095.178428,0.106454003,0.055073492,0.024441344,0.112647799
KDM3B,3294.740954,0.097998389,0.049327954,0.024441533,0.112647799
PITPNA,2928.402576,0.10771006,0.055921581,0.024473675,0.112749916
DPYSL3,194.060977,0.155931303,0.24595557,0.024484862,0.112749916
TGM2,41456.06767,-0.138468325,0.081626339,0.024492437,0.112749916
ALYREF,1743.400879,0.113332462,0.0600203,0.024499501,0.112749916
ID4,30.61463718,0.098855904,0.169626657,0.024507784,0.112749916
CFAP410,1157.373309,-0.124984056,0.069165607,0.024524654,0.112786943
PHLDA3,3796.945336,-0.095200279,0.047669673,0.024589671,0.113045289
ADCY5,10.82071009,-0.036439966,0.111604477,0.024603916,NA
TRPM2,3257.882557,-0.142925409,0.085919106,0.024612983,0.11305681
H2AC25,232.3593756,0.168942644,0.120108532,0.024617178,0.11305681
RUFY2,275.5858502,0.173636859,0.130877686,0.024618706,0.11305681
MEF2D,2935.561516,-0.14045698,0.084768303,0.024640513,0.113116324
ASAH1,31212.19491,-0.10573764,0.054691103,0.024681912,0.1132657
LRFN3,333.5184073,-0.190938929,0.18554143,0.024693942,0.113280247
MFSD14B,3290.71267,0.103052907,0.052664319,0.024721384,0.113344405
ELAC1,237.2428187,0.181084057,0.148250319,0.024725659,0.113344405
ZEB2,7262.435305,0.125710049,0.069749298,0.024781464,0.113530062
CLIP4,1950.573989,-0.131479692,0.074696375,0.024783919,0.113530062
TACC3,2874.395814,0.112872571,0.060322459,0.02484521,0.113747304
KLHL36,1751.548634,-0.124279316,0.068727096,0.024850451,0.113747304
GSTM1,149.0346556,-0.181877877,0.149421906,0.024858034,0.113747304
CTSL,29761.30974,0.124440573,0.069261152,0.025017261,0.114403783
DYM,970.7554678,0.148134316,0.092561387,0.025019396,0.114403783
MYH9,32104.97045,-0.119641526,0.062561538,0.025047815,0.114492782
CLEC19A,21.2475523,0.067975059,0.133516296,0.025087418,NA
KLF15,143.6206609,-0.185361703,0.226353004,0.025123664,0.114774213
DOP1B,3778.494574,-0.108683037,0.057125835,0.025127339,0.114774213
DUS4L-BCAP29,259.4851383,0.168149121,0.120574569,0.025152425,0.114847768
YME1L1,4008.890666,0.111776898,0.059327979,0.025263182,0.115312309
ARHGAP33,357.273817,-0.185656526,0.219009073,0.025275874,0.11532907
POLRMT,2170.318311,-0.135195823,0.07909812,0.025299431,0.115395372
PSD3,1367.814779,0.148591152,0.093726276,0.025333239,0.115459769
OSGIN2,1489.419797,0.133760119,0.077324833,0.025334176,0.115459769
SRRD,531.7873481,0.160765118,0.109610011,0.025347206,0.115459769
TAP1,3458.908997,0.147549764,0.092484995,0.025349673,0.115459769
ZNF264,550.9697716,-0.182281497,0.146004299,0.025420061,0.115679078
PCBP2,12160.37843,-0.081785731,0.039894558,0.025424693,0.115679078
FAM135B,37.67127271,0.051982086,0.120517385,0.025424967,0.115679078
DPM2,817.6785272,-0.126626055,0.071217767,0.025455342,0.11573165
IRF2BP2,3479.21081,-0.143174342,0.087275984,0.025467434,0.11573165
GALNT18,91.82463646,0.152654631,0.241234689,0.025469955,0.11573165
ARHGAP1,1807.860589,-0.131450524,0.07491943,0.025472731,0.11573165
NR1H2,2334.027533,-0.099913451,0.051162809,0.025494942,0.115791416
PCDHGA10,538.4066034,-0.163156653,0.113552949,0.025524382,0.115861595
LEO1,732.6297538,0.135529814,0.079499808,0.025528519,0.115861595
LTBP3,493.620017,-0.148842217,0.093684732,0.025551815,0.115926172
BAIAP2,2130.493382,-0.138082694,0.081979202,0.025591863,0.116027879
DSN1,410.8017124,0.160291724,0.108428109,0.025592383,0.116027879
YARS1,5761.125109,0.117611952,0.064025079,0.025627492,0.116145864
RGS1,757.5019385,0.189345864,0.184590413,0.025647719,0.116196345
TRIM34,868.2547864,0.13942676,0.083843694,0.025705744,0.116416204
KMT5C,507.9032861,-0.162471685,0.112545743,0.025718838,0.116416204
DDX3X,11822.73424,0.089114606,0.04425664,0.025723565,0.116416204
SERF1A,130.2220327,0.186495786,0.185896086,0.025750284,0.116495888
TSC22D4,2694.798419,-0.137211559,0.080990196,0.025792502,0.116645608
BLTP1,1926.03452,-0.109405831,0.057880398,0.025811553,0.116690489
SRRM4,15.77053685,0.045655953,0.116443838,0.025826169,NA
NCEH1,9462.980747,-0.129435438,0.082835896,0.025827224,0.116720064
TSPAN7,17.52592348,-0.061983809,0.128145046,0.025830127,NA
DERL2,584.1329401,0.141635014,0.086248163,0.025881727,0.11688112
ATP6V1G1,4061.494516,0.103851775,0.053916868,0.025894569,0.11688112
RNMT,1539.601224,0.146342756,0.091889932,0.025897263,0.11688112
SMG7,1715.016592,0.128475355,0.073150579,0.02589943,0.11688112
NXT1,267.5319055,0.165151408,0.12068884,0.026065324,0.117588272
TMEM184B,2161.531349,-0.126375753,0.070753382,0.026102249,0.117713316
ACSL1,7242.840738,0.105403172,0.05521623,0.026147399,0.11787535
BIVM-ERCC5,7.099762757,0.014259045,0.104265116,0.026195555,NA
TOMM70,1804.428996,0.123160918,0.068454243,0.026229669,0.118204556
CCNJ,507.1081984,0.13348624,0.078412862,0.026257456,0.118213874
ZNF740,1528.467218,0.12574719,0.071290496,0.026262555,0.118213874
ITGAV,13757.54244,-0.105003999,0.055275103,0.026264017,0.118213874
SIGLEC12,147.1076236,0.1836989,0.202183561,0.026268722,0.118213874
PEAK3,74.13301515,-0.16497954,0.243607357,0.026304156,0.118331682
BTN2A1,1161.68906,0.124161586,0.070099676,0.026444299,0.11886763
PLLP,177.8098701,0.173561909,0.13637681,0.026445523,0.11886763
DCUN1D4,552.9911637,0.166587063,0.122260055,0.02645385,0.11886763
RNF227,53.25785282,-0.095026808,0.163164788,0.026472486,0.11886763
ATP5PF,1663.316545,0.134381579,0.079613637,0.026474383,0.11886763
POLR3K,395.2661892,0.149599116,0.098199386,0.026485344,0.11886763
PSMG1,699.7245174,0.13843483,0.083685065,0.026488375,0.11886763
ZNF579,955.7669371,-0.175181982,0.133614114,0.02651995,0.118967565
ASDURF,6.538444429,0.016335455,0.104801315,0.026533798,NA
KIF20A,881.5575642,-0.125027869,0.071040577,0.02657875,0.11918952
MAF1,4440.053425,-0.102127993,0.053118776,0.026614825,0.119309447
RNF217,938.8959223,-0.158121225,0.108789937,0.026659781,0.119418699
FJX1,415.1721403,0.147010489,0.093484973,0.026666135,0.119418699
SIGLEC7,994.8216326,0.124401823,0.070576647,0.026667218,0.119418699
INTS5,720.3604636,-0.142438619,0.090924706,0.026703552,0.119539534
HCN3,164.8686212,-0.180693543,0.172663753,0.026718298,0.119540412
NUP205,1715.431326,0.124086005,0.070275172,0.026722448,0.119540412
ZNF721,441.5457245,0.158169437,0.108137526,0.026757163,0.119619964
COX20,1034.576343,0.144639646,0.089895772,0.026758944,0.119619964
AACS,462.8887413,-0.144711069,0.091020761,0.026789722,0.119715694
INTS6L,553.6578643,0.158313584,0.109159953,0.026816941,0.119795453
MAP3K12,1039.300717,-0.150331414,0.096489537,0.026840125,0.119857143
VDAC3,2117.665733,0.114616658,0.063406029,0.026884292,0.120012455
KRT10,829.8876763,0.133392091,0.077473256,0.026910888,0.120053639
CKS2,864.8573026,0.136656371,0.082349573,0.026912298,0.120053639
MICU2,1103.88005,0.119328266,0.066329766,0.026921717,0.120053767
TOMM40,4021.072303,0.092359925,0.049658153,0.026944383,0.120112949
NRG1,22.65280846,-0.063150461,0.129015708,0.026950355,NA
UNC13A,19.56485571,0.03360928,0.110268468,0.026977285,NA
HDAC9,698.1736723,-0.162332485,0.115565033,0.026992033,0.120215614
EPG5,1522.407815,-0.158919096,0.109607357,0.026992673,0.120215614
JMJD7-PLA2G4B,381.9694073,-0.184600332,0.197621387,0.026995622,0.120215614
STARD3NL,1247.706792,0.122339488,0.069236538,0.027009271,0.120234517
PRELID1,3279.926548,0.119983579,0.066967412,0.027021119,0.120245388
GOLIM4,3442.857706,-0.112354459,0.060732054,0.027040544,0.120289963
NR1D1,169.6619104,-0.175929401,0.147400513,0.027073406,0.12039426
TTLL3,1017.04595,-0.159681635,0.109712254,0.027166776,0.120767464
UTRN,2237.92806,-0.127289841,0.0728013,0.027179671,0.120782794
PPEF2,72.95689141,-0.040290705,0.113493205,0.027236759,0.120994427
CLINT1,2341.346013,0.101963815,0.053332552,0.027282549,0.121155744
HMGCL,1389.448381,-0.101718346,0.053252389,0.027293972,0.121164387
PRKCI,579.7030448,0.179853313,0.175778216,0.027305222,0.121172253
KCNMB4,37.51921288,-0.091233774,0.157927302,0.027362132,0.121382672
SLC66A1,1829.443462,-0.122070908,0.068878437,0.027372827,0.121387996
EML6,39.68929166,-0.054379413,0.122104226,0.027390555,0.121424497
KIFBP,938.4503694,0.122151289,0.069387235,0.027419097,0.121508891
DEPDC5,992.4467212,0.144469897,0.091459855,0.02743398,0.121532723
LIN7B,140.4460938,-0.178225798,0.157019257,0.027508493,0.121820605
ANGPTL6,237.1243158,-0.168544013,0.224952875,0.027525528,0.121827011
C11orf58,5115.628154,0.112189416,0.060994233,0.027528998,0.121827011
EVI2B,5707.349233,-0.122427013,0.069240595,0.027566681,0.121951561
TMEM128,583.6946282,0.134750435,0.081009919,0.027633507,0.122204905
PDE11A,20.52762286,-0.062716835,0.128553922,0.027652233,NA
TBCD,1864.359697,-0.113959577,0.062489356,0.027692265,0.122422411
TXLNB,201.115099,0.172752523,0.140900546,0.02771003,0.122458599
ZNF300,51.92312352,0.141838653,0.223947493,0.027741779,0.122556545
NPIPA9,286.3933653,0.177948093,0.190150479,0.027833487,0.122919218
CFH,127.5955945,-0.177649794,0.159845979,0.027877777,0.123072298
SPTBN1,1230.342654,0.108191549,0.058195764,0.027988027,0.123475562
FNBP1,1590.926387,-0.113203665,0.062065755,0.027988438,0.123475562
GTF3C5,1652.706808,-0.110098171,0.059569561,0.028007103,0.123515287
CLEC2D,417.1245099,-0.149454491,0.098745468,0.02802868,0.123567817
ATF3,3159.432111,0.135031062,0.08153962,0.028049202,0.123590351
CAMK4,77.4329648,-0.11785524,0.19292685,0.028053125,0.123590351
TTLL12,1545.426644,-0.113809398,0.062864289,0.028063341,0.123591299
MTMR3,2840.25749,-0.135403733,0.081575386,0.028072674,0.123591299
BGN,24.29393649,-0.075736621,0.140529173,0.028105413,NA
OPN3,769.7041432,0.1443845,0.088676973,0.028109868,0.123712446
FBXW5,5089.864366,-0.110283791,0.059415798,0.028146291,0.123779995
SPATA6,72.15037738,-0.107544204,0.178850756,0.028153454,0.123779995
GPX4,7582.542869,-0.104700551,0.056452672,0.028154261,0.123779995
TLCD3A,197.9620134,0.177041329,0.191965017,0.028310043,0.124422103
GIT1,2293.898274,-0.123155436,0.070613579,0.028334503,0.124486809
SH3BGRL3,23166.71322,-0.092807968,0.048159355,0.02836326,0.124570347
TBX19,162.6004444,-0.178403679,0.175008938,0.028383842,0.124617932
ZNF345,148.584308,-0.167593852,0.221513681,0.02840271,0.124629269
UFD1,1552.160447,0.110079847,0.059938514,0.02840592,0.124629269
DIAPH3,322.021852,0.15485047,0.107189565,0.028434593,0.124712273
MLXIP,3790.21198,-0.135756736,0.082865733,0.028455414,0.124760789
VSIG4,15363.59466,-0.117744032,0.065531515,0.028470746,0.124785221
CAB39L,784.6515974,0.155351666,0.107661232,0.028525205,0.124981066
TNFAIP6,69.90238432,0.158623774,0.229134856,0.028548851,0.125041815
B3GALT4,334.9255435,-0.157250031,0.111017517,0.028574985,0.125067582
PSMD3,4709.825407,-0.093584997,0.049580258,0.028580917,0.125067582
CRELD1,836.1952369,-0.150557789,0.100599833,0.028584081,0.125067582
RNPEP,4928.289437,-0.083473077,0.042020364,0.028627591,0.125215103
CTDNEP1,3768.257561,-0.120964595,0.06875348,0.02864112,0.125231434
LRRC59,4711.268194,0.115266059,0.063981637,0.02871515,0.125481686
FOXO4,594.0883477,-0.1662767,0.127545744,0.028717983,0.125481686
TOMM20,3258.363137,0.115733231,0.064661671,0.028746842,0.12556487
STAT5A,3757.488143,-0.107588602,0.058335693,0.028797163,0.125741709
PGF,94.21229643,-0.176844364,0.191707704,0.028814686,0.125775269
CARD10,40.91405287,0.081586202,0.146325049,0.028868296,0.125925252
RBM28,957.283689,0.153814482,0.106052815,0.028879741,0.125925252
SLC25A28,791.0712236,0.123026692,0.071535913,0.028883662,0.125925252
MED1,2015.640736,0.103177111,0.054950997,0.028888445,0.125925252
IGLON5,56.8984189,-0.156250898,0.227387763,0.02891155,0.125983016
SUDS3,1152.330582,-0.121853206,0.070187273,0.028932544,0.126031542
PEX12,195.1735676,-0.174502221,0.152977432,0.028969268,0.12614853
RFC3,425.9158591,0.158057275,0.11376042,0.029079031,0.126583389
CCDC12,1204.744728,0.139626491,0.088199071,0.029112579,0.126686291
PAICS,1385.235105,0.144999495,0.095171406,0.029143164,0.126776233
SOCS4,761.8350549,0.166429035,0.131162877,0.029153278,0.126777093
COA6,569.0190111,0.14527169,0.095225847,0.029177852,0.126840814
NOXO1,8.115903943,-0.042762134,0.114746203,0.029207884,NA
HGF,41.58905257,-0.078899461,0.143643578,0.029223647,0.126996712
PSMB4,3345.62707,0.09125489,0.046892471,0.029283841,0.127215056
MYO6,2651.221918,-0.123021957,0.07164258,0.029324475,0.127348307
TMEM259,8952.393966,-0.120121116,0.069278762,0.029351917,0.127424199
ACVR1,900.3604801,0.137734403,0.086266875,0.029380642,0.127464771
DTX2,1897.755829,-0.129120907,0.075553479,0.029384131,0.127464771
RNF166,2916.541785,-0.143498892,0.091468441,0.029392975,0.127464771
BLMH,1164.981442,-0.127106793,0.074718305,0.029401143,0.127464771
GLIPR2,3819.835595,0.132093362,0.079209733,0.029461479,0.127683055
ANKDD1A,719.298635,0.144727062,0.09495103,0.029529045,0.127898081
MYSM1,1484.347626,0.107487365,0.05945747,0.029531102,0.127898081
TTC39B,585.6797349,0.156394368,0.112332324,0.029544123,0.127911147
MT-CO2,94080.45346,-0.121845289,0.070342729,0.02962124,0.128107683
DCP1A,900.6861003,0.154975131,0.109336435,0.029627002,0.128107683
SLC49A4,1189.060412,-0.10938237,0.060194767,0.029630708,0.128107683
CYP1B1,3331.652374,0.125151922,0.073617187,0.029638397,0.128107683
TSHZ1,626.5765591,-0.124913476,0.073484405,0.029639619,0.128107683
ITGAX,12554.46728,0.112830449,0.063046895,0.029674626,0.128195403
EXOSC9,569.3520384,0.13616353,0.08482124,0.029689188,0.128195403
GFM2,647.3242405,0.157307868,0.114329456,0.029689995,0.128195403
SCRN2,528.5243556,-0.137166054,0.086180648,0.029727661,0.128314702
CCN3,54.63585046,0.125418818,0.20142879,0.029761519,0.128336631
OGFOD1,1048.918145,0.141990021,0.091769449,0.029764803,0.128336631
TAF4B,85.37366656,0.166400194,0.214938599,0.029772349,0.128336631
TVP23B,813.0943199,0.131437402,0.079853485,0.029772894,0.128336631
HAUS4,1226.662292,-0.115541121,0.064921449,0.029787112,0.128354644
SLC17A5,2370.675895,-0.102148618,0.054611603,0.029858607,0.128619372
GLUL,18744.64647,-0.125327427,0.072147832,0.029880469,0.128628716
FTL,251306.1577,-0.109781021,0.060407055,0.029880899,0.128628716
UBXN11,1970.14287,-0.132035327,0.080749919,0.029911699,0.128717966
UBE2D1,692.2898913,0.141321974,0.091255114,0.029922322,0.128720352
PCDHGC4,13.88800733,-0.054601905,0.122125597,0.029980308,NA
NADK2,626.253819,0.132251813,0.080988094,0.029985584,0.128949104
ZMYND12,17.159899,-0.058937032,0.125327692,0.029994851,NA
EDA,278.4661418,-0.157166513,0.114236985,0.029996458,0.128952495
ZNF672,1039.518921,-0.129699219,0.078066812,0.030008533,0.12896104
SMC6,911.0301711,0.14071887,0.090478356,0.03011317,0.129367229
TRNT1,995.3676129,0.122962733,0.072060307,0.030172253,0.129562542
TRIM8,3125.403657,-0.11920365,0.062578939,0.030178901,0.129562542
RAB38,226.7836224,-0.161094015,0.122103491,0.030215406,0.129630032
SEPTIN3,312.383428,-0.156426934,0.113019677,0.03021986,0.129630032
C16orf86,59.77483184,-0.115568525,0.188085407,0.030227366,0.129630032
GPRIN1,142.2363377,-0.174164511,0.168980748,0.030242685,0.129630032
CLCN7,11693.37035,-0.133084871,0.086596382,0.030245318,0.129630032
CSRNP1,536.2420307,0.140858367,0.091213441,0.030367763,0.130111211
PCDHGB8P,6.428139422,-0.03312233,0.110009856,0.030409661,NA
RPRD2,2564.030584,-0.112468312,0.062947668,0.030411377,0.130254424
TGS1,512.3378053,0.153892283,0.110065509,0.030427692,0.130280657
COG2,1137.710489,0.136028564,0.094691944,0.030499588,0.130512553
CILK1,395.3925563,-0.147238045,0.099576698,0.030502269,0.130512553
PKD2,1982.340451,0.106183837,0.058011411,0.030565307,0.130738525
TUBG1,1200.522936,0.118828857,0.068458767,0.030580394,0.130759309
ASPSCR1,1147.9394,-0.132655933,0.08180009,0.030706937,0.131256184
ST18,469.455684,0.14714284,0.099914134,0.03071713,0.131256184
DISC1,594.7756201,-0.129523179,0.07912893,0.030756179,0.131379132
USPL1,710.6220293,0.131364244,0.080723045,0.030772329,0.131404216
GPN2,902.0209954,-0.159733426,0.119004526,0.030849701,0.131690627
UBALD1,1650.205897,-0.128353466,0.077603591,0.030902109,0.131870315
ZNF628,334.5675096,-0.165206357,0.140087739,0.030961316,0.132078888
GALNT12,1837.183677,-0.135026444,0.085168168,0.030972822,0.1320839
ATP6AP2,12181.18068,-0.077067484,0.03839105,0.031060535,0.132355495
CEMIP2,2181.971479,-0.136032814,0.085878884,0.031064804,0.132355495
ANAPC5,2794.231464,0.099998782,0.053711017,0.031067567,0.132355495
ZDHHC1,65.74996857,-0.137047496,0.211711028,0.031145314,0.132642519
PPP1CB,4011.722715,0.095535599,0.049068876,0.031176671,0.13273185
RAMP1,598.3740494,-0.155041857,0.111215576,0.031231221,0.132918254
NDUFS5,2354.62458,0.114388536,0.066765891,0.031241248,0.132918254
PLEKHN1,24.95917832,0.057482475,0.12415581,0.031309876,NA
TREML2,64.06476287,0.126889926,0.200786186,0.031446091,0.133745268
HERC2,4418.826978,-0.136661097,0.087510941,0.031470416,0.133804214
HNRNPD,5884.481888,0.107657573,0.060550653,0.031510347,0.133929451
PRSS22,53.48926122,0.137928243,0.210777506,0.031540615,0.133940574
NOSIP,1142.103199,-0.112845975,0.063816309,0.031551241,0.133940574
ANK3,62.54162779,-0.075105303,0.139070911,0.031553416,0.133940574
MRAS,2734.414061,0.132424668,0.085969481,0.03155487,0.133940574
GPALPP1,436.9186217,-0.14870522,0.103771277,0.031601071,0.134092164
FRRS1,764.2857359,-0.151939114,0.108465495,0.031639539,0.13421085
WDR13,2590.359823,-0.109026314,0.060777155,0.03169387,0.134396726
TRNAU1AP,523.3325595,0.144291917,0.097412475,0.031712912,0.134432884
PDPN,911.7806003,0.147589745,0.102690838,0.031748533,0.134539275
PHLPP1,457.648993,-0.164882842,0.137120883,0.03175909,0.134539417
P4HTM,467.3789435,-0.135470021,0.088125536,0.031795004,0.134605891
CPLANE1,582.4712904,-0.143914413,0.09785597,0.031795838,0.134605891
PIGR,157.0437914,-0.163172154,0.205404011,0.031807962,0.134612644
IFNGR2,4686.860279,0.098647357,0.052613517,0.031834891,0.134682027
MTHFS,480.8033551,0.156768107,0.118994056,0.031922465,0.135007843
DNAJC27,179.1643316,0.16306285,0.196275142,0.032059754,0.135540882
BICRA,610.1340945,-0.162998081,0.129597093,0.032069704,0.135540882
MADCAM1,41.40615852,-0.066381799,0.131295106,0.032103933,0.135640709
EEFSEC,623.5951708,-0.126058431,0.076619734,0.032225377,0.136108834
NSMCE4A,568.3220179,0.139371959,0.091806107,0.032251806,0.136175476
TDO2,3355.938003,0.143326461,0.101172442,0.032335989,0.136485841
RPL17,10258.17518,0.113928272,0.064144612,0.032415643,0.136736473
CDKN2B,648.7640383,0.12937068,0.080194718,0.032416758,0.136736473
KIAA0408,77.91123887,0.132798454,0.203550118,0.032444577,0.136808682
ZNF430,283.6282815,-0.156772228,0.120967517,0.032472749,0.136882326
ZBTB7A,4397.258784,-0.12767628,0.078263935,0.032517878,0.137027378
TCEAL9,1396.549889,0.123062807,0.073811089,0.032531443,0.137039376
BFAR,1548.998461,0.105143953,0.058247888,0.032575749,0.137180812
HBP1,2290.881003,-0.108912017,0.06132103,0.032596823,0.13722436
E2F6,557.8424606,0.129562798,0.080609512,0.032704794,0.137589685
NTRK3,38.25569609,-0.066594102,0.131223458,0.032705127,0.137589685
RAG1,27.63968896,0.054097456,0.121496502,0.032738027,NA
CAPN1,5383.355323,-0.111864418,0.064066043,0.032785196,0.137764963
DNAJA1,5104.956404,0.107504427,0.060224736,0.032791918,0.137764963
PANX1,1029.151966,0.116465039,0.067735638,0.032791952,0.137764963
SNAPC2,467.3714449,-0.151237157,0.109390725,0.03279488,0.137764963
POLR2J2,267.9881099,0.159299888,0.199517685,0.032803954,0.137764963
HS1BP3,1199.635058,-0.112734221,0.064519141,0.032811444,0.137764963
XAF1,3843.972559,0.141506884,0.095352881,0.032848987,0.137864522
NPAS2,237.801754,-0.166392604,0.160348408,0.032856723,0.137864522
LYSMD2,710.8024389,0.155941498,0.120457738,0.032928532,0.138014181
TAF1C,1753.559322,-0.139800003,0.093446622,0.032931529,0.138014181
SIGLEC9,2053.56456,0.095437523,0.05113413,0.032935099,0.138014181
STXBP2,7485.886297,-0.102056576,0.056057653,0.032937687,0.138014181
PPTC7,1697.906494,0.09805126,0.053129338,0.032946365,0.138014181
KLHL9,1113.33148,0.118490054,0.069793322,0.032984224,0.138065032
NDRG2,3234.206998,0.119173199,0.070344083,0.032986631,0.138065032
BRD4,4147.777385,-0.114642276,0.06681802,0.032990901,0.138065032
CCDC43,831.7044457,0.13297788,0.084281572,0.033043708,0.138240774
USP45,235.0260231,0.166004879,0.166995822,0.03317588,0.138748324
ZNF688,528.9765761,-0.154274803,0.118073436,0.033233559,0.138895945
FXYD6,392.6616684,0.157737844,0.125964671,0.033236049,0.138895945
HERC4,1497.153497,0.119221575,0.070609205,0.033243769,0.138895945
GSK3B,1814.787529,0.157079329,0.125146261,0.033259441,0.138916023
NHERF2,56.1146327,-0.122725058,0.193342321,0.033282372,0.138966402
PHLPP2,317.9051511,0.163998759,0.149132978,0.033306293,0.139020879
B3GAT3,1088.776901,-0.125087406,0.07628291,0.033341298,0.139121573
MBTPS1,3303.9729,0.100157552,0.054275162,0.033366212,0.139180104
STK39,235.547608,-0.158494944,0.127292864,0.033403048,0.139231788
DEK,4594.055979,0.096636044,0.052227479,0.033405153,0.139231788
MICALL1,2339.630266,0.128823244,0.080579375,0.033411273,0.139231788
SNX2,6177.303186,0.091438136,0.048566945,0.033430694,0.139264889
DCAF7,6551.686187,-0.107084202,0.060845198,0.033441002,0.139264889
NDUFC2,2284.292862,0.128970138,0.079836491,0.033485639,0.139405369
MSRB1,549.5424955,-0.128683679,0.080675912,0.033519761,0.139501999
ABL1,3356.924908,-0.096429849,0.051787488,0.033556469,0.139609327
CYLD,2728.823987,0.105548769,0.058643833,0.033570635,0.139622827
IK,3347.229001,-0.087422144,0.04588086,0.033626908,0.139811389
GXYLT1,1209.044773,0.110332259,0.063083061,0.033694387,0.140046406
PER3,630.8285572,-0.165224743,0.148703893,0.03371712,0.140095345
ENPP2,661.1296628,-0.138907485,0.093071949,0.033784265,0.140237908
ARRDC2,1471.47185,-0.113096962,0.065459981,0.033791594,0.140237908
SPATS2L,2969.373257,-0.114384513,0.066571074,0.03379481,0.140237908
TPD52L1,228.3015635,-0.164582711,0.148274534,0.033795307,0.140237908
PRMT9,259.3193781,0.158057176,0.128937879,0.033808585,0.140247488
INSIG2,874.6464579,0.149607309,0.109565805,0.033828963,0.140286504
NPR1,7.774802642,0.032150266,0.109542173,0.033858789,NA
TFPI,798.6797408,0.15256074,0.118159945,0.033861295,0.140338745
AFG2A,199.4280826,0.162468904,0.148340115,0.033863514,0.140338745
CCDC136,39.81267427,-0.067629863,0.132119539,0.033885158,0.140382939
USP6NL,1545.921913,-0.101134337,0.055751159,0.033948031,0.140593252
YPEL2,1051.730078,-0.121241459,0.072969884,0.033957916,0.140593252
TAPBP,8204.451231,-0.145751919,0.099923283,0.03397069,0.140600604
NFKBIE,2969.200575,-0.114280427,0.0666094,0.033992792,0.14064655
MAPRE1,5152.070967,0.106259291,0.058165313,0.03402428,0.140731292
HOXA1,21.95500944,0.064076909,0.129097109,0.034031828,NA
MYO15B,1803.411905,-0.148855709,0.106836506,0.034053383,0.140806114
OBI1,346.6605089,0.146658285,0.10345331,0.034068368,0.140822532
RPL36A,2109.946946,0.166051598,0.193545089,0.034090729,0.140869415
CARD19,2432.060525,0.110655276,0.063598155,0.03428994,0.141599837
MORN2,98.97882431,0.153542259,0.20025034,0.034305218,0.141599837
JMJD8,1442.124201,-0.106223842,0.059826659,0.034318659,0.141599837
ACSM5,517.5734918,-0.155552044,0.12220741,0.03432264,0.141599837
FANCC,223.8007708,0.16143406,0.142314455,0.034324341,0.141599837
SEMA4A,311.6915172,0.16196272,0.179965161,0.034333946,0.141599837
FHIP2A,774.2668463,-0.154904257,0.116276126,0.034366714,0.14164258
CENPN,799.6512523,0.142374443,0.09044979,0.034366776,0.14164258
KMT2C,2874.059588,-0.117324956,0.069543147,0.034387392,0.14164258
ARMCX4,227.9479074,0.155151127,0.192749908,0.034405638,0.14164258
KIF2C,1017.320475,0.11429835,0.066912207,0.034407739,0.14164258
PPM1D,670.6480255,-0.137707752,0.092105468,0.034410783,0.14164258
KLHL18,1229.833753,0.154416802,0.118757575,0.034457299,0.141788402
ZNF225,200.7113555,0.160168725,0.141679418,0.034475491,0.141817615
DCAKD,556.4761692,-0.133633111,0.090088013,0.034495028,0.141840828
DST,2515.929157,-0.107028739,0.060796458,0.034511781,0.141840828
KMT2B,2912.007475,-0.137728166,0.091989433,0.034514417,0.141840828
UQCC2,634.1096691,0.141643397,0.097324452,0.034552433,0.141951433
ZNG1A,1150.431633,0.133286081,0.086819145,0.034593564,0.142074756
MKLN1,1344.977928,0.144195628,0.102378308,0.034615278,0.142101244
IVNS1ABP,4360.398194,0.135494841,0.089742919,0.034622243,0.142101244
ADAM12,1046.325917,0.11269875,0.06566454,0.034694435,0.142351848
DGKG,43.39407417,0.06269509,0.127786007,0.034712497,0.142380262
PHACTR1,825.926747,-0.137297168,0.091651494,0.034728355,0.142399619
SF3A2,1953.112189,-0.13304116,0.086375644,0.034747567,0.142411469
UBE2S,1797.55082,0.135055462,0.089738109,0.034753522,0.142411469
ITGA10,19.32231002,-0.057463295,0.123883577,0.034783674,NA
MS4A4E,200.6660673,-0.163811248,0.168614175,0.034806925,0.142584601
CIPC,992.263786,-0.138792118,0.093602264,0.03491226,0.142950979
FEM1B,2958.647429,0.119544151,0.072235578,0.034925759,0.142950979
SHOX2,340.8564763,0.143524885,0.099607632,0.034929907,0.142950979
HBEGF,1698.60102,0.128333609,0.081475961,0.034956147,0.142984468
ECH1,2968.403437,-0.124936706,0.078421909,0.034960457,0.142984468
NDRG3,746.8350511,-0.125670842,0.078780613,0.034972338,0.142987316
GPC3,523.5459267,-0.136961664,0.091852823,0.035069251,0.143337717
RASAL3,1367.027226,-0.12952964,0.082720615,0.035166249,0.143638252
IDUA,968.0258802,-0.154543113,0.12236937,0.035170895,0.143638252
TMA16,382.2341927,0.149937724,0.113419457,0.035176486,0.143638252
ZDHHC21,832.207466,0.146793112,0.107698012,0.035279399,0.144012489
ANG,88.94991541,-0.158929422,0.185724962,0.035297366,0.14403984
STS,867.4625592,-0.124592536,0.077549998,0.0353126,0.144056027
KLHL8,650.4805925,0.144474293,0.103311276,0.035350683,0.144118224
RANBP10,903.1957788,-0.134775076,0.089392941,0.035360045,0.144118224
ATXN2,1423.185291,-0.102579971,0.057583233,0.035372202,0.144118224
EFNB1,1179.401004,-0.132537274,0.086464201,0.035372936,0.144118224
OPTN,1828.910763,0.113262513,0.066621915,0.035417891,0.144255411
IFIH1,3560.939524,0.13984445,0.097281711,0.035449466,0.144338031
KLHL42,507.2057161,0.147886674,0.110370938,0.035480029,0.144416483
BCORL1,593.8855847,-0.157058248,0.131797639,0.035560755,0.144694205
ATOSB,1939.710891,0.126398028,0.07936529,0.035570894,0.144694205
PPP1R14B,2043.119745,0.114737219,0.068003993,0.035611885,0.144799568
STAM2,1016.701017,0.119106379,0.072322872,0.035619448,0.144799568
KBTBD7,254.5715077,-0.156240423,0.128786605,0.0356467,0.144843906
RPL34,3155.003249,0.125326528,0.081377963,0.035653013,0.144843906
PTER,834.1300307,0.146277052,0.104589141,0.035723864,0.145085644
EIF1AX,1833.135841,0.113592712,0.067412199,0.03585356,0.145554814
NHSL2,76.41057432,-0.091650961,0.155616745,0.035862156,0.145554814
CAMTA2,2637.820549,-0.124163412,0.077261822,0.035956896,0.145893024
DCAF13,872.0505536,0.140207435,0.098188206,0.035978123,0.145904004
NCF1C,508.1059775,0.159558557,0.152100679,0.035991841,0.145904004
KIF21B,1176.155295,0.120851113,0.07434908,0.035993839,0.145904004
OTULINL,1454.35504,0.146434695,0.110618345,0.036017514,0.145953697
CHST5,16.18074317,0.055118492,0.122141451,0.036104529,NA
TXNL4A,1665.099961,0.11372103,0.067277409,0.036105008,0.14626189
PGLS,1379.642168,-0.105056218,0.059863893,0.036144107,0.146367506
IL32,45.26623439,0.092436424,0.156538205,0.036153976,0.146367506
NARF,1241.864404,-0.108066517,0.062637538,0.03617918,0.146423176
MORF4L2,3220.77239,0.109045903,0.063390435,0.036194505,0.146438845
RGS19,3991.723957,-0.115062781,0.067476325,0.036239919,0.146560625
SCAMP3,2138.295714,-0.100533704,0.056439013,0.036247532,0.146560625
UBTD2,624.0976366,0.136654652,0.093548054,0.036263576,0.146579141
ALCAM,21378.53098,0.085138152,0.046334296,0.036309432,0.146718105
MAP2,109.3602399,-0.143628717,0.199018113,0.036330624,0.146757357
CLCN2,131.6560252,-0.147778328,0.195897054,0.036472363,0.147237913
MRPL14,932.5876767,0.106658992,0.06267214,0.036472622,0.147237913
UXT,761.2582655,0.124573457,0.078633711,0.036512254,0.14735138
DLX4,89.16704866,-0.14201458,0.197341418,0.036529795,0.147364682
EIF4B,10666.87369,-0.091509486,0.049872418,0.036547514,0.147364682
EFL1,703.7731332,0.13796294,0.095489816,0.03655013,0.147364682
ZNF43,182.7897644,0.137615425,0.195736875,0.036638238,0.147673353
CTBP1,4999.281188,-0.121620094,0.074316274,0.03669862,0.147870107
ZHX1,890.9116217,0.143946005,0.10523295,0.036722123,0.147879004
AIRIM,310.1254649,0.148315936,0.113549629,0.036723961,0.147879004
ACOT4,105.9682337,-0.151396865,0.192750159,0.036745701,0.147902641
ADAM19,73.66224299,0.111605779,0.177263236,0.036752968,0.147902641
COG3,674.4816189,0.149622834,0.117121333,0.036876849,0.148354474
PPP1R12A,2964.998076,-0.102574161,0.057997288,0.036895642,0.148383385
RAB18,1396.722121,0.131904,0.087638756,0.036937348,0.148504399
CHST3,25.75357304,0.073977891,0.137453222,0.036948608,NA
TMF1,1677.607685,0.115001991,0.069021801,0.036955146,0.148529248
SEC14L2,219.7518412,0.142680987,0.194230273,0.036994146,0.148639269
CAVIN1,2043.452674,0.122936793,0.077312268,0.037019385,0.148693949
NBL1,295.0635675,0.15034583,0.119019613,0.037060198,0.14881113
PPOX,317.1581203,-0.159210058,0.161951323,0.037099393,0.148921738
BCAN,93.32871416,0.134610243,0.195950742,0.037180638,0.14920102
MCM3,1861.670455,0.102853137,0.058071188,0.037197001,0.149219848
NYNRIN,273.7015407,-0.160219146,0.165796851,0.037237699,0.149336257
GJB2,867.1259918,-0.144872398,0.107519813,0.037320731,0.149600639
HNMT,3984.837038,0.092095183,0.050503098,0.037334683,0.149600639
GFOD3P,302.8919187,-0.146995157,0.110587541,0.037338728,0.149600639
NPIPB5,4182.955392,0.108805475,0.063501404,0.037425441,0.149901084
MFSD9,410.633806,-0.158391993,0.157825426,0.037480383,0.150074129
BNIP3L,2250.002518,-0.105948257,0.061611174,0.037523313,0.150198986
MSRA,1218.629907,-0.109979932,0.064813977,0.037613845,0.150477474
RTL10,751.7843489,-0.129808944,0.085379386,0.037616426,0.150477474
PSMD2,6590.507537,0.098769375,0.055032232,0.03764178,0.150531799
RETN,92.2954737,0.146084514,0.191723239,0.03768788,0.150669026
SHOC2,1441.083763,0.12585349,0.081543548,0.03770381,0.150685592
FCGR3A,21160.65841,0.115370904,0.071405982,0.037766231,0.150887893
PWWP3A,1060.434502,-0.148978331,0.11503765,0.037802628,0.150954032
CHD9,2730.320722,0.132797135,0.090022222,0.037806399,0.150954032
C19orf38,70.1567016,0.116620346,0.181840109,0.037831213,0.15100595
RIC3,10.20521415,-0.040802192,0.113400285,0.037836095,NA
FBXO5,368.0938445,0.137851275,0.096650426,0.037866602,0.151100032
MARS1,6603.553213,0.098670537,0.055603938,0.037896635,0.151172691
C2orf49,420.7874049,0.14208058,0.104220416,0.037910365,0.151180292
MID1IP1,4174.057232,-0.1005957,0.065383813,0.037932414,0.151221053
TCEA2,299.4112425,-0.144758566,0.10808461,0.038026559,0.151549115
CENPS,236.7755795,0.151363906,0.124991562,0.038052284,0.151604378
ITGB1,18187.34351,0.095185188,0.052587573,0.03808306,0.151679725
USP19,2787.622034,-0.113320087,0.068856519,0.038115539,0.151759672
ARHGAP45,5835.446867,-0.121557867,0.07457687,0.038126873,0.151759672
CARD6,1267.676158,-0.108152991,0.063513375,0.03817153,0.151875668
TRMT1,1037.819005,0.146170122,0.100285172,0.03818403,0.151875668
TOPORS,799.8256193,0.120137716,0.075113204,0.038191652,0.151875668
PRPS2,980.6469222,0.116179181,0.071366674,0.038265302,0.152121232
PRR14,1027.236705,-0.134467951,0.092579256,0.038292773,0.152149184
KLF2,40.78006592,-0.066310582,0.130421275,0.038296134,0.152149184
DENR,2537.369393,0.086863169,0.04699767,0.03830959,0.15215536
PDF,411.6233768,0.144141359,0.108620256,0.038359925,0.152278263
MEI1,268.6532652,0.147982168,0.117238803,0.038371979,0.152278263
TTYH3,33124.22058,-0.117183461,0.067406706,0.038376266,0.152278263
XIAP,2543.593444,-0.120279668,0.075249721,0.038396354,0.152286793
GTF2F2,685.9439276,0.144912092,0.110465739,0.038402239,0.152286793
GPBAR1,90.46121563,-0.151588866,0.182540846,0.038419838,0.15230797
ADD1,4607.788435,-0.093716742,0.052095479,0.03843355,0.15230797
TTC5,421.4978766,0.141167375,0.103511728,0.038443318,0.15230797
HSF2BP,17.10422393,0.058340821,0.124308054,0.038444595,NA
SPIN3,338.2681873,0.143381134,0.107621013,0.038485833,0.152429174
RPL41P2,22.13864905,0.059734327,0.125324868,0.038514499,NA
SPRYD7,473.2982946,0.146522767,0.114291338,0.038535575,0.152572238
FAM3A,759.7771929,-0.131560224,0.089142555,0.038545821,0.152572238
PHF23,2104.524192,-0.099596848,0.056621446,0.038575538,0.152642603
CHAC2,60.89914562,0.124386806,0.187112684,0.038667072,0.15295746
RPL22P1,13.29341241,0.003526035,0.103148486,0.038677072,NA
EIF4ENIF1,710.5975827,0.135095357,0.094425478,0.03870754,0.153070181
MBD4,2455.530426,0.106301385,0.0622548,0.03874852,0.153137732
CD1D,347.2607663,-0.156628135,0.152467661,0.038748578,0.153137732
ARFRP1,1157.454812,0.098860422,0.05598729,0.038764363,0.153152774
RNPC3,580.0540692,-0.139855441,0.101462787,0.038789268,0.153170843
C1D,628.6265374,0.118342873,0.073791136,0.038802349,0.153170843
XRCC2,169.199068,0.155908507,0.15665075,0.038804878,0.153170843
LOX,312.8349184,-0.156993399,0.155973928,0.038833929,0.153238204
PTGS1,6843.52336,-0.104634643,0.060786851,0.038850606,0.153256711
CLMN,850.4977667,0.143884365,0.10787522,0.038902657,0.153414705
LILRA1,32.05391674,0.085891582,0.148399795,0.038918184,0.153428609
LBR,2963.693479,0.100192322,0.057288126,0.039014468,0.15372561
GRPEL2,441.9944932,0.150910661,0.126471217,0.039017568,0.15372561
GNPTG,4322.63258,-0.087110973,0.047725654,0.039033627,0.153741503
FCGR2C,587.7800832,0.156810367,0.165855927,0.039081881,0.153884155
CPSF3,1202.175344,0.134632823,0.093970332,0.039131692,0.154032844
PADI1,24.47090644,-0.065123719,0.129325971,0.039245444,NA
MGME1,1025.498694,0.115858024,0.07152632,0.039253842,0.154466103
SLC25A33,388.5791043,0.138070332,0.097938225,0.039279139,0.154508371
CLK4,547.4483043,-0.144648467,0.111995552,0.039288753,0.154508371
ADRM1,3580.321168,-0.092114445,0.051154313,0.039301863,0.154512399
C4orf46,261.1021843,0.142946492,0.108004471,0.039382013,0.154779908
IL18R1,12.1726978,0.030579863,0.108762528,0.039403686,NA
PUM1,3478.243692,-0.092330284,0.05126515,0.039440984,0.154964039
CXADR,2388.852065,0.10343337,0.060109622,0.039454782,0.154970628
TRA2A,1394.544528,0.10828008,0.06441233,0.039495578,0.155043274
TRAPPC13,578.9534753,0.129991086,0.087914739,0.039497532,0.155043274
EXOSC4,695.1427027,0.113040926,0.068805281,0.039528295,0.155090589
DCAF11,2601.426784,-0.121826576,0.077645235,0.039533847,0.155090589
HDHD3,319.5801087,-0.138798289,0.100915093,0.039625473,0.155402354
ABCA1,2912.208184,0.09889786,0.056347364,0.039648087,0.155443359
SPATA2,392.8085258,-0.140464045,0.104051641,0.039677328,0.155510313
OCIAD2,62.88717908,0.116209691,0.180179488,0.039709654,0.155589313
TMA7,2308.596736,0.116772898,0.072782039,0.039729665,0.155620028
VPS28,2228.463984,-0.096894445,0.054843396,0.03981316,0.155899313
USP25,2576.661801,0.106827428,0.063373935,0.039843158,0.155925511
NEXN,77.02050405,0.067139962,0.130994566,0.039844243,0.155925511
WDR24,656.8089741,-0.134207161,0.093813369,0.039919106,0.156170676
ENOPH1,1060.032296,0.123419267,0.080757812,0.040002118,0.156447563
TYW5,286.309485,0.151961848,0.138619828,0.040061283,0.156631039
TAGLN,273.5398844,-0.152596182,0.137602828,0.040126682,0.156838774
ARMC8,1173.571762,0.124294686,0.081510113,0.040155339,0.156902813
CDC25B,2284.683422,-0.111115249,0.067536847,0.040216106,0.157092243
VSTM2L,18.37400997,-0.058337983,0.124111657,0.040329395,NA
KDM4C,675.8530729,-0.126657546,0.084252091,0.040366083,0.157629924
PSAP,282999.4934,-0.088376896,0.051419609,0.040400545,0.157716326
KIDINS220,3217.128504,-0.082927495,0.045009052,0.040416114,0.157728943
C16orf96,19.1586188,-0.052727526,0.120260859,0.040461471,NA
NDUFB8,3027.241075,0.106859537,0.063672752,0.040493972,0.157962025
NAPA,5193.341313,-0.092388813,0.051828483,0.040505077,0.157962025
PRR4,55.88523404,0.089935335,0.152506146,0.040512904,0.157962025
RMI1,355.9086869,0.146484078,0.119789687,0.040542383,0.158028769
CXCL6,13.18064687,0.048166454,0.117414475,0.040589033,NA
EP300,5981.867457,-0.103583212,0.060501412,0.040595555,0.158155625
UBE3C,2344.140144,0.088227513,0.048619366,0.040599668,0.158155625
PPP2CA,4562.078119,0.105957355,0.062716592,0.040645506,0.158285955
SPRY2,1197.724506,0.125588968,0.083243502,0.040676119,0.158356936
PRKCA,3710.511682,0.10328903,0.060352111,0.04071274,0.158432793
PSMB10,2284.91022,-0.090868392,0.050817512,0.040730577,0.158432793
NPAS1,92.51951,-0.132563884,0.187338648,0.04073278,0.158432793
SPATA17,29.05043429,0.05593853,0.122217219,0.040736172,NA
NPM2,58.66359328,-0.111937145,0.173872515,0.040904094,0.159029803
NDUFA5,1591.599763,0.116997905,0.073830409,0.040922466,0.159029803
WIPI2,3614.026957,-0.081571606,0.045044934,0.04093307,0.159029803
PLEKHM1,1958.198036,0.126048123,0.081583407,0.040936025,0.159029803
NRAS,3050.142919,0.098302007,0.056543515,0.040953091,0.159042228
ANK2,682.492914,0.143465327,0.113856447,0.040964103,0.159042228
LHFPL5,118.8398176,0.149161261,0.18943055,0.04098727,0.159083862
EGFL7,438.180607,-0.145008449,0.116412168,0.041037876,0.159231941
GPBP1,1329.470891,0.114410158,0.070168013,0.041097723,0.159415774
MARCKS,6939.745822,-0.100474199,0.058525438,0.041127812,0.1594841
CXCL11,28.62050882,0.056160228,0.122564229,0.04115666,NA
RNASEK,6332.135094,-0.077567855,0.041530575,0.04121263,0.159764547
CTNS,3663.638737,-0.095970404,0.054980898,0.041323592,0.160146141
APBA1,138.644953,-0.10184699,0.163774653,0.041355112,0.160175914
PECAM1,8358.201887,-0.111419465,0.068389849,0.041356331,0.160175914
CES2,1765.203088,-0.120987419,0.077811503,0.041484027,0.160579456
ZNF280C,94.21544749,0.143701015,0.180385871,0.041485643,0.160579456
ADCY2,20.77488155,-0.058962499,0.124518732,0.041528377,NA
CPNE1,1887.074376,-0.102559043,0.060316232,0.041541221,0.160734758
KBTBD4,380.0692583,-0.150810378,0.134071837,0.041554194,0.160734758
SLC41A3,741.863405,-0.124853916,0.083012517,0.041563481,0.160734758
FBLIM1,35.19743214,-0.067846377,0.131399264,0.041608832,0.160861479
GIMAP5,344.8920294,0.133552775,0.184043314,0.041624703,0.160874194
PSMG4,275.5986368,0.142792951,0.112657677,0.041639606,0.160883157
CEP104,952.5093993,-0.139787177,0.102519064,0.041669821,0.160951256
SIRPB2,829.427739,0.133970113,0.09647819,0.041689837,0.160979937
RPS3A,9841.277837,0.133026896,0.093572029,0.041719998,0.161022291
MRPS35,1672.039173,0.119177513,0.077208263,0.041745551,0.161022291
KDM5B,1162.73419,-0.106227466,0.063920705,0.041749237,0.161022291
RTN4RL1,9.068883055,-0.038213508,0.112071658,0.04175365,NA
MT-ATP8,24880.14844,-0.117898066,0.072554524,0.041754648,0.161022291
PPP2R3B,340.2453508,-0.148531461,0.12984184,0.041763779,0.161022291
ZFYVE1,1083.219192,-0.142639678,0.115662229,0.04180058,0.161115592
CCR5,2882.363784,0.098899696,0.057399522,0.041815796,0.161125664
ATF6,2700.657703,0.089073119,0.050204989,0.041916779,0.161466111
SGTA,2728.138534,-0.107116523,0.064281448,0.041976675,0.161628264
TCIRG1,15509.13508,-0.109665708,0.067177881,0.041984158,0.161628264
SNAP29,1692.876144,-0.106353889,0.063928991,0.042079819,0.161947767
HIBADH,1182.462885,-0.124240186,0.082569346,0.042141784,0.16213744
PTRH2,477.7083505,0.136600704,0.102071147,0.042154652,0.162138153
PSMA5,2588.759891,0.107733868,0.065330323,0.042182081,0.16218428
ZFAND6,2181.059017,0.107615522,0.060602046,0.042192015,0.16218428
EHD1,1454.892773,0.1310982,0.094832688,0.042266279,0.162397106
ENO1,33372.84721,0.11472093,0.072349843,0.042272786,0.162397106
DCAF15,1472.762517,-0.10486096,0.062598721,0.042285658,0.162397757
CFB,246.7206854,0.144155109,0.118188792,0.042356884,0.162622451
PHKA2,611.8371134,-0.134619814,0.09839765,0.042375795,0.162646212
SFMBT1,379.1640395,0.143219486,0.116037213,0.042405563,0.162711623
CPB1,18.59167986,-0.059015122,0.124510597,0.042423644,NA
ZNF593,341.8414356,0.134383337,0.096196989,0.042426792,0.162744233
NAP1L4,1822.011764,0.104998502,0.062982695,0.042473529,0.162874647
ICAM5,77.88593885,-0.122840968,0.180961584,0.042493255,0.162878811
CITED4,35.51498374,-0.089042439,0.15079966,0.042500095,0.162878811
NUTF2,2058.965684,0.096871617,0.056005356,0.042530652,0.162947073
DGCR2,1985.839692,-0.113151495,0.069689635,0.042564969,0.162953049
HTRA3,69.45128533,0.13216695,0.182004825,0.042566982,0.162953049
BRPF3,1437.826513,-0.117874928,0.075735052,0.042570448,0.162953049
APAF1,762.6285864,0.122854366,0.081415334,0.04261018,0.163056315
AGO1,3687.5815,-0.094967972,0.054757624,0.042677212,0.16326396
ZFAT,360.9562394,-0.140309879,0.109353723,0.042711272,0.163296449
SMG6,1245.009635,-0.137308397,0.102203104,0.042720193,0.163296449
KIFC2,963.228911,-0.136205691,0.101819341,0.042724022,0.163296449
SLC10A3,838.1174379,-0.121952843,0.080574482,0.042761252,0.1633899
TDG,1037.273655,0.115372473,0.073336141,0.04278913,0.163447573
DZIP1L,465.9668147,0.138888685,0.106975984,0.042830324,0.163550944
FOXO3B,87.46516224,-0.121343099,0.178454386,0.042848171,0.163550944
NID1,9.328881666,-0.040012347,0.11288505,0.042848543,NA
RNF187,3832.364803,-0.108238208,0.066274098,0.042854569,0.163550944
TPCN1,2318.960228,-0.116536851,0.077134939,0.042922153,0.163759989
RPL36AL,3099.556998,0.125189344,0.084794183,0.042937699,0.163770431
PCDHB13,11.92925582,-0.042982039,0.114448527,0.04294633,NA
HLA-A,14757.70617,-0.107980297,0.065861555,0.04295416,0.163784353
SSRP1,3161.570472,0.083662014,0.046105947,0.042994913,0.163840903
KIN,483.617994,0.14867544,0.141252305,0.043011728,0.163840903
ZNF367,204.5064823,0.145545421,0.124560126,0.043014279,0.163840903
MTBP,125.5023006,0.116555342,0.174705877,0.043020251,0.163840903
DBNDD2,970.6192762,-0.102371623,0.060854294,0.04303793,0.163854034
BAX,4161.622125,-0.110440101,0.069111245,0.043049331,0.163854034
ZFP14,188.5979507,0.141829105,0.174569209,0.04307038,0.16388536
BHLHE40,3410.029925,0.08753429,0.048925196,0.043187596,0.16428248
SMG5,5273.027638,-0.085666004,0.047350735,0.043249454,0.16446602
TATDN1,348.6260411,0.140915435,0.112386413,0.043271241,0.16446602
CDPF1,147.1781768,0.146108311,0.16481319,0.043274438,0.16446602
SUFU,1249.87334,-0.109191406,0.067218959,0.043324485,0.164561831
GAB3,893.3498092,-0.142666911,0.112665866,0.043325391,0.164561831
TOP1MT,729.8327487,-0.1297323,0.091354417,0.043357805,0.164613743
VSTM4,18.14177942,0.049840314,0.118377988,0.043364785,NA
NDUFB1,996.8656741,0.128725603,0.08977045,0.043364809,0.164613743
NUDT12,270.8668661,0.146096104,0.128824964,0.043396207,0.164684034
PLSCR3,568.1845703,-0.132058337,0.095128916,0.043441892,0.164685584
TRIM4,765.6276452,-0.120884732,0.079781163,0.043452334,0.164685584
ZNF780A,723.7761697,0.141720482,0.116284568,0.043458165,0.164685584
PDPR,2745.993131,-0.111918479,0.07013587,0.04346091,0.164685584
FER,537.1711673,0.145327975,0.126492199,0.043461022,0.164685584
LTBP4,815.6355012,-0.125079282,0.085499492,0.043594391,0.165082683
PLA2G4C,161.8015792,0.142959852,0.171047476,0.043597427,0.165082683
SLFN11,3142.785795,-0.094465731,0.054426824,0.043604554,0.165082683
AGT,56.11323899,-0.113540435,0.172576077,0.043634293,0.16514221
USE1,545.05085,-0.11653312,0.075042708,0.043646111,0.16514221
CCDC85B,1030.52497,-0.099084353,0.058400657,0.043689811,0.165258649
PSPH,538.9380311,0.13035166,0.09317081,0.04371508,0.165305323
QDPR,1219.694935,0.117519934,0.076358387,0.043774099,0.165479555
ERC1,1523.547944,0.098167875,0.060009814,0.043833763,0.165620011
SENP6,1996.263477,0.111192007,0.06957628,0.043837162,0.165620011
ARAF,2070.5684,-0.112183818,0.069489717,0.043900659,0.165806171
PITPNM3,343.818376,-0.12886757,0.181109888,0.043912373,0.165806171
C5orf58,21.85331151,0.058394913,0.123899132,0.043928521,NA
VDAC2,2761.930488,0.104829323,0.062818092,0.043974806,0.165992882
RNF123,1271.705422,-0.110693534,0.069292957,0.043994106,0.16601049
TBCA,2006.399251,0.141776398,0.114331375,0.04400544,0.16601049
SNRNP200,7446.32474,-0.090953296,0.051962939,0.044075318,0.166225055
TMEM151A,49.12147257,-0.111929051,0.171196924,0.044130773,0.166385118
UCHL3,682.7356477,0.133006479,0.098101233,0.044160057,0.166446443
DSC3,16.01563853,-0.043189373,0.114437545,0.044197667,NA
SMPD3,18.53654653,-0.058260853,0.123753756,0.044240185,NA
SEPTIN7,4119.894215,0.089864562,0.05123314,0.044289027,0.166883352
RPL26,7999.701032,0.122567333,0.082642071,0.044331322,0.166993503
P2RY10,119.7450497,-0.146096425,0.158611538,0.044380679,0.167095992
PHAF1,1688.947787,-0.093669284,0.05405218,0.044393738,0.167095992
MSANTD4,545.4556131,0.123865953,0.084647727,0.044413864,0.167095992
RILPL1,454.0593144,-0.131646308,0.095854969,0.044420883,0.167095992
TRPA1,35.77963283,0.065308967,0.129093063,0.044423878,0.167095992
MED18,581.5102611,-0.118123871,0.077817109,0.044551133,0.167525365
PDPK1,2821.299177,0.090471399,0.051768624,0.044580878,0.167587923
CEP57L1,409.8736634,0.147335562,0.135315443,0.044609701,0.167646981
CENPX,559.0446283,0.117475374,0.076877513,0.044666478,0.167811026
RPF1,906.2110668,0.119935675,0.080148976,0.044751785,0.168082129
CPNE9,19.54502199,-0.053006358,0.120156518,0.044811001,NA
RIN2,2525.749509,-0.086721853,0.049034416,0.0448123,0.168259986
PIK3R6,445.9953124,-0.131359124,0.096569153,0.044900427,0.168541387
FNDC5,22.05280378,-0.054827314,0.121341876,0.044900595,NA
SLC35D2,792.6081471,-0.112351256,0.068824523,0.04496367,0.16872924
LASP1,17645.53046,-0.085386619,0.046951044,0.045008309,0.168800007
RNF6,1862.335592,0.111735019,0.072259924,0.045018739,0.168800007
ADISSP,925.499974,-0.120116223,0.08011862,0.045022137,0.168800007
BHLHE41,5850.154273,-0.112721736,0.072317442,0.045073141,0.168941692
SAP25,343.5941564,-0.146618485,0.142632235,0.045122424,0.169076845
MBOAT1,967.8474969,-0.113505815,0.072540056,0.045200215,0.169318706
ATP9A,2056.242422,-0.126013898,0.087380657,0.045218795,0.169338691
HPN,8.011037668,-0.038870998,0.112281713,0.045277385,NA
LYAR,999.0769037,0.121729913,0.082708287,0.045329299,0.169702807
AIG1,290.7761264,-0.145357726,0.157775261,0.045381188,0.169847332
SLC30A9,1689.366102,0.10984982,0.069145732,0.045469427,0.170127779
FBXO44,301.7255163,-0.139780767,0.114590702,0.045483727,0.170131496
OSBPL8,5291.156119,0.078796234,0.043516065,0.045523132,0.170229084
PSMD10,1352.357219,0.106087046,0.065420771,0.045536927,0.17023088
JAML,229.5366246,-0.144540734,0.13043969,0.045598583,0.17041154
LGMN,12396.54948,-0.10603331,0.065598752,0.045632049,0.170486775
POLA1,541.7497116,0.129633505,0.094484489,0.045649477,0.170502064
FNBP1L,564.0783314,0.120274012,0.080976852,0.045667226,0.170518543
RPL13,17732.2337,-0.087171135,0.050268531,0.045715394,0.170619601
POLE4,620.2069771,0.129667088,0.095347725,0.045720982,0.170619601
HNRNPC,12186.0117,0.085349668,0.047206963,0.045757866,0.170707416
PPIA,23857.59195,0.109010972,0.068883672,0.045882418,0.17110152
SETD2,2487.087061,-0.085201711,0.047990987,0.045895075,0.17110152
PKDCC,202.7001667,-0.138314411,0.171729211,0.045903654,0.17110152
PALD1,3023.781134,-0.115645159,0.076195923,0.045934172,0.17116537
ZSCAN26,243.923918,0.14301254,0.129567057,0.046046406,0.171533597
CANT1,2377.176637,-0.130397248,0.097184341,0.046060621,0.171536569
YPEL1,32.88365519,-0.060646099,0.125246754,0.046095861,0.171561889
ZNF287,41.27746111,-0.065077406,0.128754556,0.046099565,0.171561889
SUPT7L,1469.78182,-0.088971851,0.05107687,0.046107677,0.171561889
CDC42BPA,990.6724144,0.134776628,0.100763643,0.046149663,0.171668152
PPP6R2,2923.860526,-0.101966274,0.061996216,0.046169363,0.171689142
CELF2,4035.504843,-0.086072837,0.04890025,0.046195306,0.171689142
FAM20B,1319.690954,0.098282177,0.058653007,0.046195592,0.171689142
ZNF66,163.2749567,0.14234852,0.158327722,0.046241913,0.171811351
ZNF235,128.22905,-0.125601795,0.176685122,0.04629152,0.171945694
NT5C3A,564.6484686,0.140008032,0.117167759,0.046313542,0.171977531
CCDC69,916.6107313,0.127188736,0.091230954,0.046343103,0.171984472
ZMPSTE24,2308.91475,0.101152792,0.061172632,0.046348665,0.171984472
GAREM2,41.91286257,0.044174126,0.114948482,0.046355768,0.171984472
TMEM254,462.8310152,-0.140320107,0.118295551,0.046374533,0.172004178
RICTOR,1341.364255,0.116676709,0.077199392,0.046426846,0.172118306
PSMD6,1754.121081,0.108515382,0.068360432,0.046448927,0.172118306
NBEAL2,2850.924763,0.112483032,0.072506791,0.046457565,0.172118306
CDK5,1386.378929,-0.101169165,0.061354703,0.046459153,0.172118306
MASP1,8.228320161,0.033206911,0.109695002,0.046474118,NA
NPTXR,875.471287,-0.1180506,0.079262383,0.046573892,0.172344997
SELENOK,626.9717523,0.126800079,0.090814101,0.046576876,0.172344997
AP5S1,646.8318831,-0.128366368,0.092778918,0.04658347,0.172344997
REXO1,1801.148256,-0.118713881,0.079839245,0.046587959,0.172344997
EVC,210.24229,0.129791527,0.1723071,0.046591893,0.172344997
RTRAF,1440.241784,0.124113434,0.087176246,0.046601224,0.172344997
LDHD,73.46758837,-0.109763303,0.167892345,0.046619075,0.172361154
CLPX,1978.674054,0.094107916,0.055336737,0.046666865,0.172487966
GABPB1,425.0205872,0.127403033,0.092030006,0.046723067,0.172610062
CNR1,54.08432829,0.073125038,0.135418588,0.046726901,0.172610062
ACBD4,200.0145345,-0.144679537,0.144705024,0.046900635,0.173201794
CNOT9,1460.033601,0.094419767,0.055705526,0.046961569,0.173376743
ZNF277,496.7098061,-0.133734169,0.10386569,0.046993199,0.173443433
SRA1,1377.650997,0.113772934,0.073954825,0.047050032,0.173603075
CLDN7P1,19.67821729,-0.059198425,0.124303958,0.047059629,NA
WDFY2,936.9454721,0.13752986,0.113815918,0.04712327,0.173823142
SLC22A4,236.8027497,0.13845634,0.165450817,0.047380263,0.174720701
RAB11A,3215.613491,0.105539276,0.065844513,0.047453369,0.174934751
WFS1,1690.333301,-0.122718318,0.085294199,0.0474671,0.174934751
TBC1D13,1413.16391,-0.108873721,0.069736694,0.047479358,0.174934751
OTULIN,1168.990833,0.127868408,0.092843332,0.047501516,0.174965969
CPT1A,922.4404778,-0.145716208,0.144967654,0.04757254,0.175177111
ERCC8,344.3441086,0.132483248,0.100726446,0.047654479,0.175428309
TRIAP1,734.7915747,0.124329937,0.088637746,0.047697441,0.175488099
DHFR,1389.953199,0.116294337,0.077564636,0.047698173,0.175488099
PWP1,1114.654198,0.121392145,0.08425301,0.047727996,0.175547305
UBE2I,3624.383159,0.104593665,0.065494793,0.047755438,0.175597721
RLIG1,173.2922969,0.137934193,0.164136356,0.047793529,0.175687254
ATP5IF1,2029.015329,0.101284382,0.062053469,0.047841154,0.175773034
ANKRD36,613.3388158,0.122703694,0.086251751,0.047849723,0.175773034
SNX15,742.7965806,-0.129910649,0.097540156,0.04785811,0.175773034
CDV3,7329.230915,0.079180749,0.044268843,0.048052143,0.176434993
RNF41,1804.457075,0.088696555,0.051508719,0.048082049,0.176494114
RASGRP4,180.1136663,-0.130863337,0.172994677,0.048124034,0.176580718
CRLS1,1155.063624,0.108641013,0.069413354,0.048148287,0.176580718
USP9X,5537.965707,-0.07897636,0.044743276,0.048164825,0.176580718
SERINC3,4762.648983,-0.089427609,0.052160588,0.048176544,0.176580718
ZFP36L1,5422.859994,-0.128282568,0.09747383,0.048182989,0.176580718
TRPV4,231.5892291,0.141577771,0.131686961,0.048188512,0.176580718
NR2C1,511.6534543,-0.129356876,0.096898939,0.048209941,0.176608623
KCMF1,1541.040417,-0.08813567,0.051100944,0.048239528,0.17666639
ST7L,436.414164,0.129434923,0.097167074,0.048267174,0.176717018
RARS1,1837.542459,0.102732654,0.063526699,0.048307267,0.17681317
ERMP1,1902.534156,-0.119037789,0.081341693,0.048329209,0.176842856
C19orf25,1016.275415,-0.117154014,0.079015995,0.048345546,0.176852018
ANKMY1,556.5975517,-0.13527497,0.109537634,0.048362332,0.176862818
ZSCAN25,391.9483956,-0.131010258,0.10024059,0.048379783,0.176876043
ERC2,10.09555562,-0.028114409,0.107809333,0.048426126,NA
VAMP2,1232.506389,-0.105008317,0.065815686,0.048437403,0.177009165
POLR3GL,931.4768425,-0.10244824,0.063308454,0.048443885,0.177009165
RPAIN,692.3398018,0.122804025,0.079825194,0.048488194,0.177120448
PCDHGB6,328.8459064,-0.141621591,0.144745357,0.04852214,0.177193821
RAP2C,2014.971849,-0.097766982,0.059177547,0.048559277,0.177278798
SAMD9,2564.694077,0.13448174,0.107661979,0.048600728,0.17737697
KRAS,957.7769676,0.108490074,0.065525324,0.048613915,0.17737697
NELFB,2571.993246,-0.082571556,0.04646662,0.048653528,0.177466194
DRAM2,2130.975836,-0.08726571,0.050634069,0.04866613,0.177466194
CTSO,812.9747958,-0.112510311,0.073838734,0.048708217,0.177569022
KAZN,304.8406296,-0.140619613,0.128246556,0.048756752,0.17769529
FAM193A,1276.648503,-0.103322632,0.063961105,0.048793795,0.177779614
PRR11,1442.415437,-0.100272931,0.061583201,0.048834564,0.177877466
IL10RA,4926.794478,-0.112118731,0.075098033,0.048897456,0.178015755
MIOS,749.5995278,0.12119899,0.084590507,0.048900378,0.178015755
LGALS1,16377.03101,0.102899341,0.064160701,0.048967663,0.178209953
THRB,38.12339722,0.051161252,0.118803891,0.048990284,0.178241543
PDP1,726.1402012,0.134935018,0.111132061,0.049045907,0.178393149
ABR,21557.2512,-0.122935661,0.086386911,0.049062914,0.178404254
PTK7,160.882747,-0.135685692,0.153675959,0.049108102,0.178517793
ELAVL1,1806.08759,0.098102255,0.059727729,0.049145235,0.1785539
RGCC,7096.093376,0.079725902,0.04457392,0.049145966,0.1785539
ACOX2,111.0223444,0.12479394,0.174512058,0.049249447,0.178879028
PUS1,888.3457575,0.113295843,0.073053061,0.049276569,0.178918931
SPC25,262.9895783,0.140400314,0.133319762,0.049297901,0.178918931
TDRD7,1069.411404,0.12307345,0.087468841,0.049302416,0.178918931
EIF1AXP1,96.57087362,0.133725761,0.166141085,0.049359881,0.179041208
TUT1,657.031503,-0.125148011,0.090852719,0.049364119,0.179041208
ULK1,1629.611873,-0.138573925,0.123232417,0.049459952,0.179337913
UROD,2173.278284,-0.082157068,0.046990732,0.049528902,0.179537004
SAXO2,69.84899157,-0.110807772,0.166024524,0.04955966,0.179585436
DPP7,5566.307821,-0.09027057,0.053424298,0.049570356,0.179585436
WRAP53,286.0179486,-0.138224351,0.121783276,0.04961905,0.179690422
MGAT2,2248.261041,0.087889673,0.051345275,0.049627445,0.179690422
LRRN1,10.84365366,-0.026687609,0.107346499,0.049642173,NA
TMEM121B,408.106122,-0.128691466,0.097465673,0.049650155,0.179721754
RRAS2,129.5952346,0.128340574,0.16810879,0.049731703,0.179965985
MAX,2975.67146,0.115995776,0.078181469,0.04976055,0.180019421
AK9,110.2420688,-0.117113347,0.168380652,0.049793383,0.180087241
RBIS,369.4856954,0.135204901,0.11286402,0.049814745,0.180113549
GSTM3,156.7270454,0.130228118,0.166296782,0.049884295,0.180314026
CASP9,437.1505545,-0.117306393,0.080528282,0.049925807,0.18041307
FANCL,834.3521174,0.113450311,0.075740273,0.049950621,0.180451734
UBE2M,3203.154004,0.086837944,0.050613775,0.049991929,0.180500707
LGALS12,127.5720719,0.102487893,0.158989059,0.049992413,0.180500707
SCNN1D,33.73676041,-0.060813016,0.125250881,0.050059104,0.180690471
GPX8,439.3725935,0.137709502,0.152789322,0.050152503,0.180976502
PITX1,12.78973002,-0.0491312,0.117596181,0.050155209,NA
AGAP11,148.1520458,0.132135099,0.165067601,0.050285802,0.181406315
CCDC191,123.6517177,-0.137932724,0.161620574,0.050334575,0.181531042
POLD2,1389.419396,0.11767128,0.081260716,0.05038368,0.181648871
SERPINB8,1498.164358,0.107680255,0.069540957,0.050401392,0.181648871
STXBP1,660.1832286,-0.118334607,0.083553783,0.05040987,0.181648871
CRYL1,1165.112686,-0.100526728,0.062688802,0.050429627,0.181668859
UBN1,2632.9819,-0.090226572,0.053229447,0.050455554,0.181702579
PARD6A,39.90468566,-0.087530167,0.147124141,0.050467412,0.181702579
ACTR3,13913.09334,0.077096109,0.042408095,0.050497965,0.181761395
LAMP2,7358.862717,-0.077468232,0.043902126,0.050513968,0.181767825
MRPS18A,756.7417,-0.111521115,0.074182486,0.050652673,0.18221565
ACD,224.6957404,-0.137993345,0.125866182,0.050677779,0.182254685
ZDHHC18,1370.929997,-0.122382989,0.089171826,0.050742038,0.18243298
COX7B,1332.181787,0.138522198,0.128157264,0.050755894,0.18243298
NF1,2048.005263,0.130649561,0.102169985,0.050792606,0.182513622
GLRX2,857.9827149,0.121533266,0.0873271,0.050862902,0.182714866
AFAP1L1,261.7677785,0.138089082,0.129203492,0.050883493,0.182737486
CSTB,13870.10381,0.113932548,0.075919086,0.050916785,0.182805701
NUS1,2748.961418,0.101887201,0.063217034,0.05093209,0.182809311
LOXL2,45.79799999,-0.084948215,0.14450221,0.050955742,0.182842876
TRAC,59.20556523,0.104659682,0.159371345,0.050976179,0.182864883
TPMT,1307.76873,0.108979708,0.071352173,0.051007405,0.182925575
NSA2,1504.763219,0.104466226,0.066597506,0.051034104,0.182969999
NT5E,59.48721566,0.068202964,0.130589099,0.051072688,0.183057
EEF1A1P13,7.655829637,-0.033673064,0.109912052,0.05109252,NA
TXN2,1921.619353,-0.094283449,0.057180852,0.051216522,0.183477199
C1QTNF6,128.2595545,-0.136884983,0.154739642,0.051218625,0.183477199
SLC3A2,12587.9699,0.108269446,0.070247024,0.051236451,0.183489644
CALR,37978.91697,-0.113368404,0.076578799,0.051367137,0.183906144
THRA,1285.564813,-0.107763061,0.069776823,0.051454191,0.184166247
CAPNS1,7281.015453,-0.097209002,0.059859746,0.051474528,0.184187474
ZDHHC17,795.9918825,0.115473745,0.079395164,0.051494396,0.184207011
MAP3K6,553.748874,-0.131358733,0.107329286,0.051636188,0.18459528
RNASEH1,1057.991803,0.116197061,0.080566572,0.051639541,0.18459528
TAB1,1030.510655,-0.120499759,0.085114186,0.051646251,0.18459528
RPL11,10358.3797,0.106367629,0.068559873,0.051684764,0.184638479
USP11,1863.070695,-0.105958205,0.068653961,0.051687221,0.184638479
HNRNPUL1,8171.413514,-0.09205468,0.055499798,0.051783632,0.184901037
SPACA9,62.18851895,-0.081363364,0.14141096,0.051789645,0.184901037
RTL8B,407.182491,-0.120078984,0.085817726,0.051815552,0.184941884
FIGN,16.39482735,0.032412909,0.109322056,0.051854103,NA
AASDHPPT,961.0176348,0.108957132,0.071869615,0.05191205,0.185234598
RPS29,4621.834997,0.10778431,0.07066993,0.051930192,0.185241537
CAMK1G,44.56127068,-0.065889713,0.128779598,0.051942973,0.185241537
FIS1,2279.905104,-0.097840364,0.060823487,0.052011488,0.185434153
LYRM1,206.8363797,0.137498926,0.138107308,0.052069631,0.185589693
ULK3,1343.645805,-0.107415188,0.070906801,0.052100855,0.18564923
ANTKMT,739.2814776,-0.113323504,0.076875987,0.052115491,0.185649639
ABHD10,816.9878042,0.114768058,0.078966213,0.052152996,0.185731492
CTNNBIP1,572.6513078,-0.125041589,0.094544657,0.052262053,0.186068046
MIX23,297.6166218,0.128453549,0.101545317,0.052318246,0.186216251
MKNK2,2808.753502,-0.114367926,0.078482241,0.052356844,0.186301769
GARIN5A,11.41794571,-0.045900266,0.115709752,0.0523726,NA
INTS3,1722.123845,-0.098098759,0.06264724,0.052439358,0.186543458
NKAIN4,12.42881016,-0.045636323,0.115544204,0.0524469,NA
GDPD5,166.9088949,-0.133670629,0.15685148,0.052534933,0.186773233
EPS15L1,890.7204631,-0.116817264,0.082017065,0.05254369,0.186773233
ARPC1B,21379.59448,-0.062914866,0.034010509,0.052547776,0.186773233
VENTX,29.33128929,0.073292269,0.134474187,0.052568512,NA
ATP13A2,1518.86455,-0.130482617,0.102422318,0.052622769,0.186987798
BCAP31,11730.89001,-0.077277532,0.044037746,0.052758429,0.187379124
BAG1,2738.962648,0.07539695,0.042871255,0.052793203,0.187379124
RNF40,3563.201527,-0.090472323,0.054453243,0.052796936,0.187379124
ELP2,927.8274813,-0.136768021,0.126184082,0.052801367,0.187379124
PITPNC1,679.7131557,-0.123131084,0.091293468,0.052806178,0.187379124
KLHL21,1892.82428,-0.120738689,0.087143303,0.052872045,0.187560794
SSC5D,83.54806295,-0.11483927,0.164901026,0.052909285,0.187626642
MFAP2,12.89419717,-0.041781247,0.113504009,0.052917193,NA
KDM3A,1547.000255,-0.09967699,0.062753386,0.052919959,0.187626642
VBP1,815.0564346,0.127281854,0.101455251,0.052982335,0.187770452
CASP7,975.6256514,0.116957597,0.082442575,0.052989894,0.187770452
TENT2,2575.19467,0.10866006,0.071686023,0.053038414,0.187890307
SYT6,26.51449388,-0.051898458,0.119140077,0.05304028,NA
SLC2A3P1,9.136589727,-0.003246974,0.103137993,0.053074975,NA
C15orf62,89.1703203,-0.121697536,0.165194555,0.053206569,0.188433789
ZFPL1,729.5049714,-0.118938241,0.085406724,0.053230709,0.188467077
GOLT1B,1072.659078,0.100553748,0.063933371,0.053273428,0.188566106
AGER,186.6021388,-0.136111663,0.128514346,0.053388382,0.188872324
SC5D,1642.712027,0.112564545,0.07710566,0.053394425,0.188872324
MRPL13,542.2274954,0.128994152,0.103890934,0.053404259,0.188872324
MSANTD7,458.487224,0.126801806,0.099271971,0.053465027,0.189034948
BLOC1S1,1142.509335,0.113185721,0.077991322,0.053492156,0.189055489
FAM219A,739.0749899,0.106822356,0.070661841,0.053500411,0.189055489
NUBPL,180.3919818,-0.126544829,0.162268287,0.053580114,0.189239608
PRDX2,1771.885709,-0.094948465,0.058460699,0.053582118,0.189239608
KIF20B,785.7889986,0.133929932,0.118299673,0.053737058,0.189734407
CYP27B1,153.5536183,0.13395486,0.14937296,0.05378934,0.18986657
LARP1B,320.6317513,0.135322846,0.13425551,0.05383998,0.189992865
SMBD1P,36.28177639,-0.080539013,0.140468405,0.053909104,0.190184298
MTX2,655.5172749,0.117386739,0.0839301,0.053928198,0.190197101
SCOC,731.4315443,0.134747922,0.12608328,0.053951358,0.190197101
IL21R,1599.909284,-0.134702331,0.125353499,0.053957363,0.190197101
CDC7,107.3195223,0.109071486,0.156456727,0.0539756,0.190208944
GTF2H1,1452.982215,0.103563112,0.066213364,0.054066107,0.19040352
ATIC,1843.525342,0.118847742,0.083600942,0.054071042,0.19040352
DENND1C,1182.126132,-0.11801876,0.083547938,0.054075493,0.19040352
CAMSAP2,1601.035042,0.099587861,0.063114302,0.054154482,0.190629145
CA13,46.95601647,0.068458714,0.130326501,0.054373913,0.191301154
ANO10,482.1895134,-0.124904117,0.096694847,0.054375314,0.191301154
NAB1,899.171912,0.120070456,0.089099174,0.054400348,0.191336574
CSKMT,86.07299278,0.112001814,0.159647164,0.054427223,0.19137845
PPT2-EGFL8,8.12608485,0.023188086,0.106309304,0.054477804,NA
RORA,53.19512173,0.048526231,0.117040948,0.054478623,0.191500526
KDM4B,1256.985318,-0.131123974,0.110793038,0.054491898,0.191500526
CAND2,7.639325014,-0.033833,0.109911722,0.054558828,NA
SLX9,691.738565,0.12153408,0.083727378,0.054636172,0.191919223
ABHD5,833.7276102,-0.12450689,0.095663501,0.054646441,0.191919223
SNRPN,2486.92543,-0.082137007,0.048789771,0.054656073,0.191919223
LSM14A,2908.719007,0.098399361,0.062286889,0.05468794,0.191943784
SLC2A9,499.4261795,-0.119520119,0.089704091,0.054693094,0.191943784
EVL,14543.22582,-0.109400345,0.075313799,0.054742299,0.19203751
SRRM1,2106.144668,-0.098240325,0.063001813,0.054749842,0.19203751
DDIT3,1309.497397,0.106468236,0.070730372,0.054831381,0.192270764
MCOLN3,1381.104919,0.102782867,0.066582209,0.05484728,0.192273779
SAG,53.24814758,-0.094900607,0.15190902,0.054933536,0.19252337
PTGIR,67.06161493,0.093357732,0.150312267,0.054976521,0.192614155
PPARD,8367.961754,-0.093750966,0.058071679,0.054989571,0.192614155
ZNF335,1272.884024,-0.097449848,0.061407258,0.055109516,0.192947756
SIGIRR,295.0814237,-0.131587302,0.113424202,0.055114995,0.192947756
SLTM,3253.163959,0.095266608,0.059555359,0.055175941,0.193108242
RNF125,634.5624698,-0.12968286,0.108794183,0.055401846,0.193845814
CCDC34,235.7264752,0.132624645,0.120534415,0.055459853,0.193951917
FBLN2,31.07803955,-0.058348148,0.123070664,0.055462511,0.193951917
EPAS1,5470.259027,-0.122444338,0.093474124,0.055491308,0.193999556
TMEM141,505.6996137,-0.110161957,0.075324103,0.05552292,0.194057009
SIPA1,5545.750661,-0.117726152,0.088527567,0.055590718,0.194240866
HSFX1,20.91457608,-0.047514122,0.116482967,0.05559585,NA
CDK18,1513.937224,0.113973263,0.078343457,0.055613034,0.194265749
BCAT2,690.9123154,-0.116224849,0.083725599,0.055667676,0.194403505
FTO,795.9844138,-0.116770206,0.084693719,0.055683397,0.194405306
FKBP6,42.75047924,-0.079819899,0.139383036,0.055754916,0.194601857
KAT2B,852.2148565,0.103545679,0.0680274,0.055831152,0.19481476
RPS18,11915.32625,0.108433225,0.07353681,0.055880477,0.194892398
PPP1R9B,7465.24808,-0.088829508,0.054099713,0.05588389,0.194892398
IGSF1,7.898592531,0.027657253,0.107607721,0.055948661,NA
CTDP1,1487.60408,-0.102392329,0.067001925,0.055949603,0.195030257
GOLGA7,1605.606148,0.113229069,0.078554843,0.055966019,0.195030257
PHAX,1093.142613,0.120846281,0.090968508,0.055969184,0.195030257
ADAT3,185.7311332,-0.130737115,0.149750344,0.056069144,0.195325341
SLC36A4,1024.2998,0.118785217,0.087989291,0.056170005,0.195623404
RASL12,7.342685116,0.029845988,0.108369842,0.056183273,NA
AEBP1,81.06443748,-0.102383677,0.155850899,0.05624999,0.195848618
DMPK,237.6644539,0.135570414,0.137701981,0.05626987,0.195864494
FAM216A,227.5118227,0.134058002,0.132449704,0.056355067,0.196090307
UBE2Q2,1108.48328,0.118015119,0.087525446,0.056365419,0.196090307
SLC2A5,4168.550071,-0.122553508,0.09371487,0.056385786,0.196091143
SLC12A4,1194.841885,-0.119246334,0.087699971,0.056399698,0.196091143
RAB11FIP2,818.8805413,0.105056269,0.069935195,0.056411672,0.196091143
PGAP3,614.6962512,-0.120684577,0.09068156,0.056441727,0.196138674
DNM3,86.2580816,-0.087313163,0.144866617,0.056456028,0.196138674
TMEM161B,598.5041513,0.124262659,0.097767191,0.056568307,0.196475362
HACD3,2248.42882,0.091467645,0.056584072,0.056603225,0.196543246
SEC24B,1260.948499,-0.091338129,0.055881616,0.056644141,0.196631916
MARK3,2180.05189,0.090650165,0.055950319,0.056676263,0.196690018
LAMTOR5,1792.093915,0.121520865,0.092526815,0.056710592,0.196755744
ZNF347,172.9127869,0.126307439,0.15479019,0.056877881,0.197266167
ZNF554,135.296671,-0.132337564,0.140988075,0.056888569,0.197266167
MRPL19,918.619351,0.110734949,0.076751601,0.056920873,0.197324666
TSSC4,883.9080805,-0.101201854,0.065799867,0.056999849,0.197437919
PARS2,204.6155884,-0.13230839,0.123835269,0.057005805,0.197437919
HNRNPA0,5401.181688,0.062965212,0.03521747,0.057011653,0.197437919
CLDND1,1060.26603,0.096485441,0.061334983,0.057020918,0.197437919
TSSK3,34.63950263,0.067458261,0.129492024,0.057049242,0.197437919
HSD17B2,48.24667716,0.088579677,0.145622899,0.057056664,0.197437919
TADA1,224.930193,0.131650209,0.121793944,0.057061643,0.197437919
LZTS2,2156.27662,-0.112347434,0.077331397,0.057112768,0.197561347
PPARG,1926.357964,-0.103122452,0.068163364,0.057155668,0.197656266
IKBKG,1281.51018,-0.103890044,0.069304594,0.057204722,0.197772408
SLAIN2,1467.239063,0.124703815,0.101063884,0.057229504,0.197804597
SUOX,643.4017133,-0.112457947,0.079993801,0.057244986,0.197804635
MBLAC1,67.91715662,-0.105815971,0.158368894,0.057269899,0.197829909
STIL,490.3649296,0.126332396,0.104380621,0.057304331,0.197829909
GADD45G,534.1727774,-0.122064669,0.094608801,0.057313769,0.197829909
P3H1,2189.651902,-0.114625762,0.084340416,0.057314195,0.197829909
AKAP12,31.50031343,-0.064471936,0.127214494,0.057367201,0.197959425
LRRC24,15.86803901,-0.042435476,0.113736541,0.057433729,NA
TCF25,5507.061426,-0.073694529,0.042794515,0.057469839,0.198260089
EEF1G,25025.25038,-0.073920452,0.043434409,0.057600501,0.198657243
FERRY3,1034.523249,-0.120793818,0.09252384,0.057852293,0.199471836
AGAP4,246.623196,0.131276425,0.130318174,0.05796031,0.199790391
SCG2,32.62854871,-0.076325177,0.136119221,0.057992007,0.199845771
KLHL30,72.24691179,-0.100341704,0.153938745,0.05804078,0.199959949
DENND5B,754.7404951,0.127744023,0.102506541,0.058069792,0.200006005
TTPAL,413.1053086,0.121710385,0.095033318,0.058099007,0.200052734
INO80C,524.896831,0.121406301,0.094410213,0.05815561,0.200187219
CARMIL1,484.020486,0.123335977,0.097785906,0.05816938,0.200187219
CDC42EP5,25.22224082,-0.062023942,0.125473215,0.058230413,NA
LCOR,1668.691826,0.110469394,0.156197728,0.058291982,0.200537984
MYEF2,76.28096618,0.107859765,0.157091484,0.058302674,0.200537984
AXIN1,1381.89583,-0.117712292,0.088322971,0.05832481,0.200560165
MAZ,6895.956959,-0.09025839,0.055412551,0.058458701,0.200966521
BBS5,465.0332609,-0.125989514,0.104804133,0.058476375,0.200973239
MMP11,21.27429729,-0.049457956,0.117404464,0.058489261,NA
HPF1,324.7500081,0.129846628,0.12274618,0.058514557,0.201050421
SCMH1,683.0493622,-0.107902659,0.074406192,0.058591784,0.201261678
USP49,235.9592939,-0.12980877,0.142338114,0.058665554,0.201460948
BAALC,24.5503114,0.049988342,0.117666386,0.058748456,NA
SLC39A4,167.0880586,-0.129413865,0.145098189,0.058784651,0.201815726
WIPF2,1979.778564,-0.114832725,0.083930478,0.05882183,0.201888515
TMEM80,698.752838,-0.105190135,0.071277642,0.058837435,0.201888515
HIRIP3,795.5756763,0.102301396,0.067859145,0.058866779,0.201935006
PPP1R3F,101.2632704,-0.095687249,0.150052693,0.058895616,0.201971176
NPTN,6654.231682,-0.093942634,0.059666655,0.058908918,0.201971176
SMKR1,73.94498942,-0.092116379,0.148047795,0.058939585,0.202010538
HDAC8,611.9509266,0.125094047,0.090051644,0.058952,0.202010538
VAMP4,673.379063,0.112313753,0.08019257,0.058989392,0.202084507
ZSCAN2,253.2571155,-0.130568483,0.127011775,0.059006007,0.202087275
NDUFB3,891.8327525,0.123510539,0.099302045,0.059140927,0.202462161
LRRC74B,17.30400759,-0.04515417,0.11503082,0.059147062,NA
RBP4,307.0920612,-0.124007068,0.100966368,0.059147139,0.202462161
IRS4,29.01745718,-0.062180651,0.125489993,0.059165511,NA
ZNF268,629.4063504,0.128565582,0.134388075,0.059245183,0.202743487
TREM1,106.1860971,0.071164552,0.131943875,0.05932224,0.202893662
PLCB4,191.2285923,0.119715411,0.154158271,0.059326806,0.202893662
SLC36A1,2884.54193,-0.105482074,0.072260957,0.059336676,0.202893662
TFRC,16776.45411,0.107528095,0.07410965,0.059381876,0.202944042
RSAD2,1601.81537,0.090102099,0.146618917,0.059396254,0.202944042
ADGRG6,51.61536768,-0.065865385,0.127997816,0.059399031,0.202944042
INAVA,46.34722694,0.067543598,0.129300027,0.059600428,0.203577738
RPS18P9,15.06004656,-0.051297952,0.118485045,0.059643036,NA
FAM185A,108.8800025,-0.113214065,0.157443526,0.059650394,0.203693985
CDKL1,173.4491744,0.081897843,0.141770753,0.059687507,0.203766296
ARL2,739.5699022,-0.106103186,0.073039679,0.059708751,0.203784405
C12orf50,52.64399909,-0.100130831,0.152832721,0.059838821,0.204173826
HDAC1,2137.652659,0.092657437,0.058491521,0.059874007,0.204239374
GJA3,20.39687068,-0.052706051,0.119269875,0.059934705,NA
FBXL17,689.6411607,-0.116618449,0.087822288,0.059952559,0.204452778
RASA4B,2760.928524,-0.125821216,0.106684371,0.059976767,0.204480792
ICAM4,78.10046461,-0.106912682,0.155855513,0.059994175,0.20448561
ZNF843,30.10889937,-0.069476753,0.130570134,0.06001398,NA
ATP1B1,4201.932209,-0.093881158,0.060774501,0.060054018,0.204589118
MFSD3,497.1181499,-0.120364134,0.094400384,0.060056547,0.204589118
IPCEF1,148.1468912,-0.119950613,0.155081582,0.060094328,0.20466329
ASXL1,2339.610756,-0.115712942,0.087636644,0.060236527,0.205092942
CKB,172.1299551,0.127340437,0.142375996,0.060406682,0.205574976
MAEA,2533.874985,-0.106402362,0.073598011,0.060414985,0.205574976
THAP4,953.294504,-0.10232924,0.068555753,0.06042634,0.205574976
CCDC150,89.99501787,0.101869404,0.153319696,0.060475298,0.205686802
PABIR3,268.3031374,-0.128241895,0.140273652,0.060493328,0.205693405
UGGT2,532.657291,0.124126146,0.104159772,0.060539719,0.205796412
MED9,479.1230452,-0.112600673,0.081982599,0.060621618,0.206020038
RITA1,396.9706937,-0.125639095,0.109489239,0.060813374,0.206583167
PTPN11,3710.20326,0.076740565,0.045609724,0.060855693,0.206583167
PLEKHF2,819.8072159,-0.108641685,0.076857761,0.060861107,0.206583167
XKR6,166.1047167,-0.129139371,0.139747048,0.060868356,0.206583167
SEC16A,4919.538837,-0.116759962,0.087452606,0.060874432,0.206583167
SKIL,2985.638536,0.113178677,0.083074388,0.060884268,0.206583167
EIF3G,4347.413584,-0.090768256,0.057348746,0.061010318,0.206955935
RSL24D1,2672.112364,0.104826023,0.072194337,0.061084203,0.207140347
TMEM179B,992.2358133,-0.098204194,0.064617958,0.061097086,0.207140347
SMC5,830.3324805,0.120719088,0.096890672,0.06118112,0.207337697
PIAS1,2015.541399,-0.113911772,0.082612641,0.06118773,0.207337697
S100A1,156.32426,-0.12436755,0.146050377,0.061207719,0.207350474
RNF111,1565.473824,-0.105553981,0.072960816,0.061240788,0.207374192
R3HDM2,1361.643586,-0.116084742,0.088370333,0.061269771,0.207374192
INPPL1,6913.143162,-0.113673694,0.083874024,0.061275841,0.207374192
SNW1,1666.587876,0.085581822,0.053039055,0.061283346,0.207374192
RAB20,1745.993523,0.091197104,0.057943318,0.061295821,0.207374192
SLC35E2B,2664.788564,-0.097488876,0.064344555,0.061349227,0.207474732
RYR3,41.17877871,0.023668741,0.10639081,0.061357995,0.207474732
KATNAL1,308.2410439,0.127042192,0.117278929,0.061407155,0.207586061
SPAG5,1115.417221,0.099015316,0.065694612,0.061462878,0.207719506
RNF216,1805.834844,-0.099326511,0.065217625,0.061494023,0.207769844
NRBF2P5,7.561258458,0.032871625,0.109449693,0.061614833,NA
RPS6,17054.11111,0.085633892,0.053135257,0.061629544,0.208172713
BEX4,2345.686709,0.095926511,0.062511504,0.061673582,0.208266439
TMEM200A,183.3284029,0.122371122,0.14895778,0.061714345,0.208305682
UBE2B,1656.375775,0.124750504,0.108637931,0.061717788,0.208305682
CCT8,4192.396242,0.099626364,0.06575097,0.061806557,0.208550231
CCZ1B,1315.744576,0.112448281,0.08294886,0.061869008,0.208705874
TMBIM6,27259.65637,-0.072486345,0.042715371,0.061953829,0.208917531
PPA1,637.0348644,0.127020798,0.120372227,0.061964433,0.208917531
MACF1,8243.069155,-0.102413767,0.070583069,0.062033746,0.209096084
CHD1,1551.218166,0.111725636,0.081493566,0.062074523,0.209107095
FUZ,370.893436,-0.12938612,0.132363726,0.062091675,0.209107095
KCNH6,19.73712344,0.054067067,0.120033616,0.062124004,NA
MTMR4,981.8206716,-0.109725655,0.078877092,0.062124147,0.209107095
PHC2,3597.277255,0.087717761,0.054690897,0.062124773,0.209107095
QTRT1,598.2288575,0.106702165,0.07499496,0.062133527,0.209107095
OSBPL5,111.8961925,-0.117275539,0.154507576,0.062135147,0.209107095
KCTD10,2127.247499,-0.102242443,0.06970131,0.062187937,0.209229677
INTS8,798.0462888,-0.113565515,0.085058297,0.062229531,0.209314535
MYDGF,5662.09989,0.096293826,0.063394265,0.062250027,0.209328405
DDX39A,2506.728741,0.07442734,0.04340913,0.062274155,0.209354475
EFCAB13,174.5942758,0.118624863,0.150244434,0.062403225,0.209733237
SIGLEC8,18.75959644,-0.04826057,0.11664935,0.06246231,NA
DDX47,1024.215725,0.095090132,0.06209379,0.062467701,0.209894757
ADCY3,3726.644393,-0.110100618,0.080253558,0.062495264,0.209932201
PCGF5,1439.863671,0.099549115,0.066692813,0.062547516,0.210023606
DTWD2,564.3985553,-0.113286631,0.084702983,0.06255533,0.210023606
COX17,642.936778,0.11152424,0.08212494,0.062736884,0.210577858
OR4F17,50.37597024,0.073813036,0.133437741,0.062759042,0.210596944
INTS2,424.5819974,0.126490943,0.126460768,0.062902348,0.210970063
PRMT7,805.9976088,-0.107422399,0.076450262,0.062903237,0.210970063
ZNF256,98.28791619,0.122772793,0.147846789,0.062966905,0.211093363
RAD1,493.5193713,0.10812805,0.07790694,0.062978926,0.211093363
PFN1,35530.3458,0.076521831,0.044604615,0.062989533,0.211093363
AURKB,844.2060131,0.116990613,0.091566442,0.06300918,0.211103871
KYAT3,853.3110473,0.102250405,0.071300796,0.063115465,0.211404563
TOM1L1,246.2461557,0.12329963,0.146686064,0.063147429,0.211456228
MIEF2,323.6600592,-0.12427048,0.144041695,0.063198734,0.21153512
NSRP1,1466.213499,0.103725296,0.071935819,0.06320408,0.21153512
CCDC47,3358.38547,0.09525581,0.062538235,0.063383458,0.212079956
MLPH,246.1070853,-0.124068663,0.108860128,0.063413678,0.21209287
EMB,61.1558667,0.101880079,0.151696802,0.063420496,0.21209287
FBP1,7460.417616,-0.090876633,0.058359572,0.063467292,0.212156595
ATXN2L,6649.069138,-0.09638483,0.06516191,0.063478584,0.212156595
SCYL1,2687.776981,-0.078012059,0.047250803,0.063489334,0.212156595
PDCL3,462.607987,0.118694568,0.09507091,0.063513804,0.212182908
WDR36,887.4801952,0.109673813,0.081460805,0.063576228,0.212311001
LCP1,28607.22612,0.089079169,0.061101921,0.063595245,0.212311001
FAM117B,113.5920565,-0.120571006,0.148816325,0.063601966,0.212311001
RPL17-C18orf32,1063.735386,0.120949777,0.100359665,0.063663662,0.212461477
SCAMP5,206.3315503,-0.121310405,0.147678371,0.063706518,0.212549017
NIN,2621.097412,0.098852252,0.066506756,0.063808769,0.212834623
ZNF662,25.70386685,0.049082837,0.116887726,0.063825709,NA
VPS13A,862.2683503,0.125203771,0.133480134,0.06383197,0.212856477
PRDM1,510.2819818,-0.126545398,0.133780861,0.063884501,0.212976099
TDRKH,289.1133048,-0.126327099,0.123046241,0.064145682,0.21379107
ZFPM1,238.4071664,-0.114403063,0.152568731,0.064195033,0.213899791
ZNF770,960.2611925,0.101368583,0.069828706,0.064298729,0.214189486
SP1,3288.643443,-0.084291959,0.052766386,0.064357491,0.214329389
SMU1,1341.652342,0.086438488,0.054561044,0.064399341,0.214380185
MECR,355.6980727,0.122192373,0.104970139,0.064418919,0.214380185
ALOX5AP,11457.61929,0.111155169,0.082409144,0.064423048,0.214380185
SGO2,391.3102105,0.121613902,0.103564523,0.064450422,0.214415469
SLC39A1,6457.010703,-0.06823841,0.040223676,0.06448983,0.214490757
PRUNE2,700.7904212,0.123383787,0.110531013,0.064507709,0.214494424
XPNPEP1,2176.189157,0.102919329,0.071577874,0.06454698,0.214500169
TMEM214,2141.753779,-0.090666498,0.060237059,0.064561307,0.214500169
GTF2H3,979.4929221,0.106808326,0.076567077,0.064570042,0.214500169
JAKMIP2,439.7267931,0.124772125,0.118001903,0.064576547,0.214500169
CLEC4E,35.96646605,0.06089793,0.124074012,0.064621249,0.21453878
TIGD1,306.2872926,0.118254339,0.095355008,0.064621732,0.21453878
HSBP1,1817.360109,0.085909039,0.054018681,0.064665056,0.214570832
UBL3,2653.713676,-0.077985097,0.047574129,0.064675182,0.214570832
DHCR24,7276.654989,0.117883973,0.093627765,0.064686608,0.214570832
EAF2,108.7137769,0.11765227,0.149294563,0.064698518,0.214570832
TMEM53,641.049907,-0.115874443,0.090425511,0.064745766,0.214671842
YIPF3,2549.37942,-0.085787663,0.054041297,0.06477734,0.214709164
SNAP23,2020.982919,0.110496791,0.081090104,0.06479061,0.214709164
MAP7D1,10897.16265,-0.100757832,0.07322072,0.064847256,0.214841195
GALK2,475.815311,0.118195265,0.095394238,0.064873242,0.214871606
EPHA2,105.22402,0.100464309,0.149703137,0.064935526,0.214968372
GMPPB,1010.479065,0.099072913,0.067308771,0.064936086,0.214968372
RBM44,31.23067937,0.0527467,0.119014845,0.064954708,0.214974356
SLC6A20,25.11161658,-0.028820617,0.107932566,0.064991935,NA
TTPA,9.71069453,0.031432231,0.108827823,0.065060163,NA
DNM1,881.8699497,0.123308323,0.146011099,0.065078378,0.215251617
ZNF117,165.8594794,-0.11774908,0.149615232,0.065131007,0.215251617
ENDOD1,148.0214371,0.118950493,0.147581554,0.065138773,0.215251617
ARHGEF1,5464.511101,-0.116629729,0.096709329,0.065156697,0.215251617
CTAGE8,10.29428369,0.024424266,0.106575479,0.06515993,NA
EXOC6,561.8076855,0.112462061,0.08549817,0.065169927,0.215251617
AK2,3171.624985,0.095005505,0.063050713,0.065183368,0.215251617
DMTF1,1228.658693,0.109363539,0.080980286,0.065186971,0.215251617
PFKFB3,2022.020154,-0.120598968,0.102022797,0.065191075,0.215251617
EIF4A2,5041.900281,0.088486274,0.055731346,0.065205877,0.215251617
FAAP20,682.6410829,-0.105003777,0.074554103,0.065210089,0.215251617
LARP1,7490.680791,0.089996012,0.058320521,0.065229411,0.215251617
GMCL1,426.8873881,0.124791324,0.132773254,0.065240517,0.215251617
RECQL,2164.577969,0.09512799,0.063175523,0.065316036,0.21544518
BBIP1,222.256696,0.124404353,0.120514851,0.065455885,0.215850783
HOOK1,12.36030152,-0.026076274,0.1069176,0.065574704,NA
USP22,6151.43175,-0.064517671,0.038096762,0.06562557,0.216354542
SNRPE,803.3857611,0.117751994,0.096210142,0.065688363,0.21650573
DCTD,2222.650629,0.104062574,0.07206979,0.065731025,0.216590504
NAA80,202.5615999,-0.123689001,0.113376005,0.065857351,0.216801837
PSEN2,1607.601769,-0.088004076,0.056544847,0.065858294,0.216801837
USP20,832.8982902,-0.102537193,0.07184329,0.065883656,0.216801837
HMGCR,1748.999628,0.123653192,0.117547039,0.065884782,0.216801837
CCDC85A,87.2921888,-0.114814009,0.150123882,0.065885598,0.216801837
RUBCNL,764.8854835,0.108732161,0.080025444,0.065896906,0.216801837
SPATA25,50.16384566,0.090952032,0.144682387,0.066014191,0.217131831
SRSF6,3886.743886,0.080994153,0.050042051,0.066110512,0.217392721
CCDC186,857.6101711,0.106562147,0.077628846,0.066136265,0.217421484
FAM89A,699.0075682,-0.121846972,0.104760615,0.066251052,0.217742853
BBS10,580.7154653,-0.117986718,0.097124279,0.066310393,0.217881875
ARHGAP26,2121.196957,-0.11460362,0.090220116,0.066360084,0.217989124
HCST,388.0642442,0.118491912,0.096789637,0.066479105,0.218276767
GLRX5,1399.606988,0.08780301,0.056618122,0.066481794,0.218276767
ZDBF2,116.7841517,0.113908976,0.150615986,0.066565799,0.218496469
TRHDE,247.3586843,-0.05143329,0.118277303,0.066603701,0.218564762
FADS1,3208.234479,0.121006141,0.10740673,0.066701892,0.218778889
STK16,589.7045797,-0.114365619,0.08984675,0.066703176,0.218778889
ATP6V0A2,1125.063019,0.092026837,0.060549374,0.066756602,0.218897963
G3BP2,4241.333693,0.086415585,0.055256587,0.066819381,0.219047637
MT1G,216.0935375,-0.112239067,0.150198973,0.066839962,0.219058937
ARRB2,10396.69695,-0.076500977,0.046941742,0.066920586,0.219266963
NAA30,951.1281696,0.10514682,0.076010847,0.066997823,0.219463787
SOAT1,5292.298353,-0.083951322,0.05319713,0.067026886,0.21950275
DNPH1,1642.727159,0.084317577,0.053463031,0.06707767,0.219574076
FRA10AC1,337.0140458,0.122923299,0.116027046,0.067083015,0.219574076
PDE3B,1352.190176,-0.124236056,0.117645914,0.067138779,0.21964983
CCT4,2924.231342,0.113792326,0.082859487,0.067140519,0.21964983
LTBR,3135.676243,-0.105256647,0.061719672,0.067189575,0.219754084
PIK3R5,3608.576958,-0.103968187,0.073191493,0.067353071,0.220225131
YLPM1,2117.998769,-0.090303516,0.059177574,0.067368047,0.220225131
C5orf34,93.95500731,0.105006067,0.147683949,0.067449033,0.22043351
PRKD2,811.2288336,-0.122561006,0.132675664,0.067518515,0.220604195
SLC12A9,2276.945334,-0.102040203,0.072112936,0.067605757,0.220832806
FBXW12,48.99852971,0.083447696,0.138544765,0.067654799,0.220908938
TMEM255A,91.19667491,-0.113065264,0.148280576,0.067663621,0.220908938
GPAT4,2948.646426,0.081768527,0.051215624,0.067746235,0.221122189
ZNF8,238.1209899,-0.121506154,0.110480575,0.067813668,0.221285796
SEPTIN2,11400.03775,0.066227097,0.040303207,0.067899179,0.221508295
C17orf75,212.0548412,0.122704049,0.122270228,0.06794222,0.221592164
SULT1A2,82.46748595,-0.105344068,0.149700147,0.067977742,0.221651473
SPPL2B,1441.699335,-0.11866939,0.099447672,0.068000309,0.221668524
ANKRD33B,176.3043136,0.120690422,0.140502889,0.068064647,0.221783344
SF3B6,868.9809392,0.115108924,0.092677994,0.068070226,0.221783344
LRRC37A17P,220.5685305,-0.123149272,0.121509915,0.068114705,0.221871719
TANGO2,1807.194074,-0.113727772,0.090477203,0.068148341,0.22191326
PALB2,593.8708475,0.112637507,0.088435845,0.068162172,0.22191326
NCAPD2,2797.641755,-0.0878414,0.057009968,0.068196814,0.221969518
CCM2L,11.92885537,0.040397859,0.112497621,0.068238704,NA
TGIF2,733.8980201,-0.118115,0.102418504,0.068285917,0.222202964
DNMT3A,1943.937646,0.115841566,0.095163771,0.068317863,0.222250351
HCFC1,4049.105559,-0.108765203,0.082412825,0.068373813,0.222375783
USP18,1678.359666,0.123191754,0.162146444,0.068424331,0.222483487
LLPH,1258.170043,0.107250091,0.07981061,0.068461707,0.222548417
GSTT2,11.07027821,-0.023388146,0.106274496,0.0684873,NA
ASB7,563.1251734,0.11664571,0.09533159,0.068498138,0.222610243
GOLGA8R,150.4392052,-0.119423131,0.141055391,0.068528087,0.222650977
OSTF1,3565.922647,0.094514454,0.063337141,0.068617316,0.222674935
SLC48A1,776.9110072,-0.113507679,0.090128872,0.06862023,0.222674935
ZNF12,664.3976451,-0.12179746,0.13455599,0.068640004,0.222674935
NOP14,1754.153449,0.087933786,0.057254061,0.068648246,0.222674935
PRNP,4153.711895,0.090929508,0.06023921,0.068662212,0.222674935
RNF138,639.4493651,-0.119030645,0.138672062,0.068665299,0.222674935
CDK4,2195.973352,0.093957871,0.063134336,0.068669769,0.222674935
ITPRIPL1,65.06595069,0.082560463,0.138507886,0.068674796,0.222674935
TCEA1,2527.404289,0.093085544,0.062214381,0.068719717,0.222764092
RPS27A,6238.140784,0.102087748,0.072259656,0.068737358,0.222764797
TICAM1,1103.391516,-0.106644708,0.079098658,0.068785483,0.222864268
ACAD10,619.7328716,-0.119110762,0.101639563,0.068843695,0.222996362
MRPS2,805.5150803,-0.103677407,0.076178565,0.068935606,0.223235189
ZNF561,888.5871391,0.11607538,0.096549849,0.068952347,0.223235189
CMTM4,194.5508647,0.121057981,0.133996407,0.06898087,0.223270994
HAVCR2,8133.139594,-0.06532042,0.037782058,0.0690625,0.223478628
CTSK,1495.025653,0.111595949,0.087357925,0.069141796,0.223678607
TUBGCP2,3096.241526,0.087636884,0.057927,0.069245366,0.223956995
MYH7B,33.81184707,-0.06318691,0.125250715,0.069283143,0.224022503
RPL23,9563.152423,0.095541032,0.066196474,0.069353916,0.224194644
UBA1,9129.182356,-0.082347311,0.052462275,0.069490582,0.224476179
UBE2R2,2851.705542,-0.074406967,0.045785462,0.069492415,0.224476179
NXN,192.2403245,-0.119414725,0.138262814,0.069493681,0.224476179
SIDT1,195.5031069,-0.121766079,0.127407667,0.069646616,0.224883546
AP1AR,1131.831175,0.105172627,0.077480725,0.069654974,0.224883546
TRPC5,5.416631006,0.024002823,0.106433862,0.069661413,NA
DDX24,3274.783162,-0.086689441,0.056479586,0.06977692,0.225220381
DENND1B,1178.961559,0.117757269,0.101601506,0.069903484,0.225542609
OSTC,1716.15489,0.098113123,0.068383553,0.069912034,0.225542609
MRPL45,956.2572761,-0.104694227,0.076810531,0.069956858,0.225554461
AMZ2,859.8746261,-0.101774158,0.072506737,0.069958388,0.225554461
AAR2,920.2033084,-0.092136271,0.061754774,0.069968635,0.225554461
DPY19L1,573.4470897,0.114021841,0.092920775,0.070000713,0.225600989
RPS19,12347.14599,-0.084705963,0.054843362,0.070041837,0.225676635
ZNF34,118.6699621,-0.118939241,0.13898474,0.070130306,0.225904753
CLDN7,770.3861949,0.098580543,0.069112717,0.070169703,0.225974724
ITPA,1868.057754,-0.080474006,0.051226896,0.070194063,0.225995863
DHCR7,887.6479638,0.11970269,0.138318248,0.07021162,0.225995863
ANXA11,8880.361117,-0.077218034,0.048326566,0.070271744,0.226132456
PTGDS,486.8151569,-0.109851949,0.085017888,0.070348305,0.226321863
TLE3,6614.051058,-0.097231969,0.066435993,0.070375993,0.226353979
PKP4,431.3581859,0.119794038,0.113683217,0.07044741,0.226526693
CDK5RAP3,3572.411562,-0.089536606,0.059379428,0.070507018,0.226661358
FAF2,2003.437932,0.084474271,0.054494483,0.070598577,0.226898643
PLCXD1,739.4277039,-0.120697768,0.121732648,0.070847017,0.227639887
IQSEC1,2764.269123,-0.095565765,0.06663899,0.070966944,0.227967934
NELFA,996.6691534,-0.107060124,0.08046447,0.070999251,0.228014424
PRSS23,90.26446628,0.096265912,0.145213262,0.071051147,0.228123787
HCN2,43.69482399,-0.083966914,0.138916135,0.071099327,0.2281644
NR2F6,1153.857418,-0.095826193,0.06868633,0.071099489,0.2281644
SESN2,2136.509546,0.081190649,0.051890317,0.071158738,0.228220767
PEX11B,741.2715766,-0.098380333,0.069225237,0.071161857,0.228220767
MYO18A,4005.553097,-0.096880513,0.066595813,0.071170606,0.228220767
SLC38A2,8995.176753,0.083294457,0.053686406,0.071299387,0.228576395
RINL,409.2298516,0.120314389,0.117355732,0.071470886,0.229046671
PTAR1,1158.191524,0.111539134,0.089114466,0.07148191,0.229046671
ITGB7,1004.334771,-0.108960876,0.08482622,0.071632882,0.229472914
SAV1,1772.374399,0.081244115,0.052075845,0.071672545,0.229542457
SPPL2A,3084.875919,0.086768267,0.057074684,0.07178353,0.229840327
PLXNA2,622.3454831,0.117746026,0.13581184,0.071845557,0.229949785
PRDM15,391.1011124,0.112646242,0.143337261,0.071860018,0.229949785
PTRHD1,640.0582676,0.117220516,0.098210035,0.071871673,0.229949785
RMND1,758.0584575,0.106302386,0.079716354,0.07190388,0.229995272
CPA4,8.017421084,-0.031951543,0.10893519,0.071909464,NA
ADAP1,2361.619837,-0.085806541,0.055950524,0.071926874,0.230011277
ZSCAN5A,182.461517,-0.118543227,0.135834655,0.072022275,0.23025876
AMD1,2347.940785,0.084513884,0.138614466,0.072109665,0.230480517
TBC1D23,1170.650527,0.108221504,0.086345152,0.072190398,0.230627309
NOC3L,426.3679815,0.115496702,0.098433024,0.072191669,0.230627309
EDNRA,12.34829726,0.036777282,0.110778869,0.072243996,NA
ARL2BP,1526.664747,0.09180307,0.062179442,0.072286461,0.230872446
ATP1A2,9.761812815,0.025928189,0.106935106,0.072326314,NA
SUSD6,3939.159682,0.089193563,0.059671854,0.072494503,0.231443573
HPS4,1403.92927,-0.091986843,0.062514576,0.072501487,0.231443573
PPP5C,1995.960421,0.093357781,0.064091148,0.072521274,0.231448949
CHRNA1,204.6081228,-0.120567991,0.125079413,0.072554059,0.231495793
SMIM12,1196.618104,0.090898711,0.061482797,0.07264091,0.231683638
CHD6,1323.638897,0.1074808,0.083302157,0.072649175,0.231683638
STOML1,239.514909,-0.119477062,0.115690897,0.072747512,0.231939386
NCOA6,1632.573468,-0.078812603,0.050147674,0.072813244,0.23209108
CD7,13.07054125,-0.042749494,0.113467915,0.072830592,NA
FAIM,252.9560348,0.118300779,0.110110825,0.072861187,0.232186012
TMEM191B,54.31530861,-0.070550833,0.129770194,0.072896707,0.232239347
SMPD4,2280.016759,-0.089518696,0.06012814,0.072914254,0.232239347
LCAT,119.257912,-0.116830042,0.139532619,0.072943679,0.232275202
FXN,252.3445734,0.118968094,0.116158171,0.072988875,0.232361248
PDK1,339.0833883,-0.11887592,0.113925324,0.073019808,0.232387852
KIAA0319L,2216.45735,-0.080676555,0.051860607,0.073042433,0.232387852
DTX4,603.2857935,0.116952153,0.096287224,0.07306529,0.232387852
ZNF75A,348.8131418,0.118628889,0.11474391,0.073069939,0.232387852
SRC,2049.963835,0.095024041,0.066174236,0.073287254,0.233001669
ZNF580,1008.098611,-0.113784741,0.096227041,0.073308199,0.233001669
MRM2,1197.630669,0.089309084,0.060214391,0.073317615,0.233001669
ABHD13,591.6092223,0.108706686,0.085582977,0.073366259,0.233064796
ZCCHC17,756.5416626,0.09391073,0.0658641,0.073373939,0.233064796
BORCS8-MEF2B,88.48217951,-0.057006113,0.121261466,0.073565205,0.233614294
TTN,26.58092086,0.015238571,0.104406803,0.073622331,NA
PRKXP1,64.03515335,-0.090949299,0.142268195,0.07370429,0.233997851
MTPN,6730.405122,0.080506201,0.051344522,0.073746669,0.234074269
ETHE1,1060.705318,-0.09112044,0.062095867,0.073777245,0.2341132
DUSP12,572.6724139,0.098171757,0.070050363,0.073815539,0.234176593
ZNF776,430.6399559,-0.118833974,0.118739833,0.073896553,0.234375449
C17orf58,202.9295628,0.118426733,0.123276637,0.073950657,0.234488875
SLC1A7,17.78688955,-0.046294413,0.115173759,0.073989964,NA
MX2,3047.650291,0.104288602,0.145711972,0.074006061,0.234606369
MICU1,1457.784334,-0.094419687,0.066023466,0.07415861,0.235031686
IL13RA1,4979.433457,-0.072249064,0.045101415,0.074222025,0.235174373
BAHCC1,138.100629,0.087458841,0.139945957,0.074272152,0.235274893
DZIP3,464.1797829,-0.110229697,0.089190042,0.074391532,0.235594683
RFX1,973.1683782,-0.114980269,0.100194229,0.074422343,0.235618383
ACADVL,10198.98351,-0.100706369,0.073697763,0.074435874,0.235618383
GBA2,1747.247631,0.086409416,0.05751187,0.074471523,0.23563013
MIIP,1199.728264,-0.102589852,0.076849919,0.074480554,0.23563013
SLC16A7,288.8671706,0.117145841,0.110100948,0.074494876,0.23563013
SMC3,1715.147583,0.089220733,0.060416763,0.074561302,0.235781907
MAML1,1298.167118,-0.088968046,0.060021348,0.074690398,0.236131735
PPAT,303.5395775,0.116387196,0.12772058,0.074723939,0.236179372
ARMCX5,401.5314968,0.108481124,0.086180009,0.074774807,0.236281737
HCCS,823.2827743,0.110937781,0.091352574,0.074801918,0.236286893
GTPBP6,1726.262098,-0.0823781,0.053813805,0.074813402,0.236286893
ZNF573,75.87433568,0.100837237,0.144621398,0.074852939,0.236353379
ZSWIM7,491.5238379,0.105900152,0.082035671,0.074960451,0.236613927
CCDC159,215.3058242,-0.117819702,0.125765694,0.074972469,0.236613927
SNAI1,8.772693494,0.032608647,0.109154613,0.074990594,NA
METTL23,481.9151765,0.105207921,0.080646973,0.075035872,0.236755584
PIK3R4,583.1423957,-0.111730498,0.093358069,0.075092096,0.236874524
UTP20,497.0090194,0.108950698,0.087461196,0.075198277,0.237150954
ANKRD42,503.862019,0.112492777,0.095266406,0.075278883,0.237292126
ADAM28,2872.130128,-0.097035409,0.07098611,0.075280161,0.237292126
PES1,1999.397669,0.084504543,0.055738288,0.075337943,0.237337421
SYT17,525.1541333,-0.104835801,0.08033245,0.075349511,0.237337421
PKN1,9811.47347,-0.09204222,0.064361056,0.075360785,0.237337421
SUGT1,1240.890603,0.089964918,0.061794215,0.075368786,0.237337421
BMS1,1523.833777,0.079089418,0.051119851,0.075560105,0.237813283
SKI,7244.186681,-0.107733857,0.135326348,0.075569378,0.237813283
MCM10,227.0899833,0.07793249,0.134126188,0.075575704,0.237813283
USP21,603.1812016,-0.098164012,0.070946631,0.075624879,0.237909467
ATP8B4,1582.68218,0.113421038,0.101451488,0.075686579,0.238044996
DDX31,420.2840305,0.114454481,0.10143075,0.075794977,0.238327294
VRK2,648.2310292,0.101410884,0.07576495,0.075866052,0.238397109
PMEL,622.4475521,-0.102367625,0.077001491,0.075873369,0.238397109
PRMT3,383.8889811,0.111169039,0.092499,0.075896945,0.238397109
PLK1,1838.07504,-0.08926037,0.061065892,0.075901674,0.238397109
STK40,5176.34381,-0.077139802,0.049512895,0.075910413,0.238397109
APLP1,6.741286623,-0.019343409,0.105215554,0.075926337,NA
RHBDD1,854.5198341,-0.111074905,0.092002006,0.0760113,0.238642279
FAM50B,113.7655212,-0.109728304,0.141767503,0.076025812,0.238642279
ERCC5,2242.871868,-0.084815475,0.056502112,0.076124111,0.238848229
CFTR,127.1971107,0.076030511,0.132696446,0.076128786,0.238848229
GLP2R,64.12239212,0.058457434,0.121789911,0.076213152,0.23903395
PATL2,268.5543335,-0.11450131,0.102266552,0.076225375,0.23903395
TMEM131,1813.751494,-0.083380115,0.055173711,0.076258008,0.239077645
STX1B,97.32901105,-0.088207756,0.139703465,0.076306834,0.239172068
CACNA1C,25.4942918,-0.035527728,0.110202743,0.076357058,NA
HYCC2,540.2152979,-0.116243339,0.107334431,0.076366318,0.239299848
PLEKHA1,1022.739098,-0.097738276,0.070596637,0.076395383,0.239332265
NPIPA7,73.91979246,0.084415622,0.137514401,0.07646296,0.239473213
VPS52,1354.238396,-0.105383673,0.081724628,0.076477836,0.239473213
HAUS1P1,15.33235531,0.03773628,0.111152235,0.076486669,NA
NOD2,437.7119657,0.110489584,0.140085195,0.076533924,0.23959016
DHFR2,375.8743266,0.115830666,0.109657072,0.076584012,0.239688273
CCNB1IP1,536.3430184,0.111269914,0.093749968,0.076657935,0.239823377
DDB1,7270.392405,-0.076622269,0.049857469,0.076669269,0.239823377
NCOA1,1407.283836,-0.10591133,0.083212371,0.076683454,0.239823377
CRTC1,1110.486818,-0.114320935,0.101632349,0.076865418,0.240333669
EML3,1936.308902,-0.088203905,0.062558336,0.076992108,0.240655458
MAP1A,122.9020598,0.10528744,0.142473662,0.077005982,0.240655458
SYNJ2BP,1118.118965,0.097863754,0.071149568,0.077029734,0.240670856
DNAJC21,1197.239761,0.096960598,0.070135118,0.07710096,0.240834542
H3-3A,9227.098353,0.094257235,0.066525477,0.077150171,0.240929394
RPL36A-HNRNPH2,809.4828334,0.116069036,0.12382433,0.077221058,0.241091874
FAM199X,1424.15017,0.102472387,0.080587296,0.077249604,0.241122115
CAPZA1,8047.185608,0.093264295,0.064436058,0.077305168,0.241236656
GUCY1B1,40.71903426,-0.071544761,0.129885895,0.077402749,0.241482223
ADA2,1926.813784,-0.095253522,0.068258067,0.077457414,0.241593813
ABCA2,1216.452031,-0.11482482,0.104339327,0.077508017,0.241692682
TMED7,2516.552255,0.097695181,0.071212937,0.077532609,0.241710413
ZBTB11,888.3986508,0.086643671,0.058752961,0.077552493,0.241713462
DBR1,929.4787335,0.088988224,0.061072795,0.077614221,0.241846895
TALDO1,6527.736504,0.080872647,0.052270125,0.077634099,0.241849893
PCOLCE2,1332.876045,-0.114020134,0.102047343,0.077717624,0.242051115
LXN,325.6315381,0.114030691,0.103449098,0.077765905,0.242079512
LILRB5,230.4540197,0.115409149,0.121897663,0.07778201,0.242079512
MRPL32,748.8147755,0.105280669,0.082373818,0.077783546,0.242079512
DCTN5,1872.116022,0.099253587,0.071460403,0.0779729,0.242609766
MLLT10,1124.022016,0.108983472,0.090991559,0.078046939,0.242781051
CKAP5,3298.301923,-0.094697543,0.067740309,0.078127125,0.242938387
DPH6,108.0213155,0.098461305,0.142477638,0.078135522,0.242938387
ARFGAP1,3651.297979,-0.096111101,0.06976628,0.078220954,0.24298759
FZD3,49.4686246,-0.046351181,0.11503076,0.078225125,0.24298759
ZNF286A,187.5452903,0.101213601,0.144399378,0.078226347,0.24298759
CWC15,933.1598072,0.091847209,0.064538446,0.078240061,0.24298759
RPS25,7778.673146,0.09265403,0.065643064,0.078246375,0.24298759
PIBF1,196.1052477,0.106070371,0.139958732,0.078286565,0.243046869
RAB27A,492.1697354,0.116066491,0.118312773,0.078303485,0.243046869
PIP5KL1,10.7580651,0.026161029,0.106931833,0.078422951,NA
SAR1A,2639.445322,0.086096737,0.058565949,0.078430555,0.243382195
ACYP2,365.5499811,-0.109184908,0.091087316,0.078655512,0.244021045
GTPBP10,433.5436119,0.114805268,0.117853183,0.078702131,0.24410644
AARS2,680.7731085,0.100727058,0.076134331,0.07873733,0.244156381
KRT18,431.4631891,0.110458253,0.094281882,0.078816989,0.244344132
MAD1L1,1142.622262,-0.112528897,0.099933164,0.078913162,0.24454034
PPA2,846.2294384,0.116006,0.109113151,0.078918533,0.24454034
GABRD,11.5951704,-0.040721966,0.112370318,0.079051235,NA
SEPTIN1,66.92205773,-0.094203953,0.140663109,0.079105261,0.24505955
MRPL15,1223.486289,0.101994277,0.078518768,0.079144559,0.245121897
COX16,961.9692093,0.109905644,0.093816725,0.079177586,0.245164794
GOLGA7B,753.5728527,0.105998861,0.085198294,0.079219011,0.24523367
MEIS2,49.73462104,0.067596215,0.1272729,0.079275832,0.245350161
HERC6,2163.062686,0.112201851,0.096971171,0.079430237,0.245690405
NAPG,672.9880906,0.112128271,0.097304757,0.07943665,0.245690405
CHPF,1586.133723,-0.1003874,0.075855158,0.079443421,0.245690405
HTATIP2,1045.413835,0.101013995,0.076871234,0.079483864,0.245756034
STAP1,29.31493677,0.056850669,0.120665477,0.079486423,NA
CENPJ,283.8607434,0.115081259,0.123414477,0.079572726,0.245872688
SEPTIN10,1670.895811,0.083607186,0.056360001,0.07958598,0.245872688
SCML1,373.682228,0.109413641,0.092106631,0.079590244,0.245872688
RNH1,5429.398547,-0.071159243,0.045366605,0.079600222,0.245872688
SLU7,1833.910732,0.106627835,0.086291159,0.079626726,0.245872688
LGALS2,61.14037661,0.081843907,0.135554402,0.079636981,0.245872688
FAM228B,222.4497495,-0.113976888,0.127813916,0.079764216,0.246184744
ACTMAP,562.2727874,-0.104850726,0.083205214,0.079776566,0.246184744
SLC22A3,6.095809333,-0.028493747,0.107668616,0.07985325,NA
CARD9,1796.691717,0.092571157,0.065772438,0.079876292,0.24639638
AP4E1,788.9527859,0.092383219,0.065611609,0.079883692,0.24639638
UBE2O,913.6017519,-0.114189225,0.107936403,0.079983368,0.246644322
OAS3,13435.76948,0.113945704,0.101317609,0.080082589,0.246890739
LAMB2,2451.291428,-0.116248418,0.111152196,0.080164682,0.247084248
HAPSTR1,3600.538016,0.080521488,0.053415395,0.08021951,0.247193646
NPEPL1,1524.881215,-0.097034933,0.071639943,0.080256871,0.247249181
UBXN1,3387.442482,-0.08577387,0.058662546,0.080300385,0.247323637
CCDC25,767.15103,0.109906988,0.095046978,0.080371224,0.247404288
DNAJB2,1921.916573,-0.096319514,0.070397607,0.080376041,0.247404288
FAM193B,1214.844237,-0.110564559,0.095379803,0.080384624,0.247404288
KIF15,358.8842403,0.114492418,0.118203873,0.080415442,0.247439572
MSL2,896.5407571,-0.096888508,0.071287127,0.080607091,0.247969601
PGAP2,438.3645412,-0.105772383,0.085669697,0.080681919,0.248105149
PCDHA4,211.6676999,-0.114720487,0.123713315,0.080706048,0.248105149
FRMD4A,4588.224296,-0.075091164,0.04894282,0.08072603,0.248105149
KCNQ1,440.6933566,-0.114470176,0.121476114,0.080728777,0.248105149
NCOR2,13178.36854,-0.115770425,0.103032076,0.080822496,0.248310241
FBRSL1,2173.218731,-0.11299236,0.101411508,0.080834354,0.248310241
PCIF1,1333.196304,-0.10055638,0.076985727,0.080993648,0.248712993
RPS6KA2,1704.757119,-0.112090872,0.101828941,0.081007878,0.248712993
EIF3L,5397.137083,-0.083178322,0.056142839,0.081023826,0.248712993
BCAS1,33.41475865,-0.066909641,0.126483883,0.081097398,0.248879077
JRKL,257.3184269,0.111951883,0.101895473,0.081118207,0.248883197
IFT70B,123.982645,0.106100531,0.138648996,0.08114911,0.248918277
LPAR2,407.2806308,-0.109198393,0.137897063,0.081219389,0.249074092
DPYSL4,9.772162854,0.028060458,0.107478197,0.081283072,NA
ITSN2,2890.722826,0.069610671,0.044380436,0.08132681,0.249343708
CCDC57,1870.105724,0.099432361,0.073874904,0.081352132,0.249361547
HECTD4,2002.859004,-0.112129787,0.101458004,0.08137203,0.249362753
UTP11,824.7046865,0.102684891,0.080730178,0.081398296,0.249383467
ILF3,7805.449606,0.07440347,0.047997436,0.08164574,0.250081645
YBX3,3385.152612,-0.07555502,0.049031273,0.081727091,0.250270863
MRPS5,1719.072769,0.079481998,0.05306497,0.081832432,0.25042347
TUBB4A,63.75675802,-0.080023407,0.133949536,0.08183835,0.25042347
B3GNT9,163.7293363,-0.113354655,0.124839673,0.081847302,0.25042347
HNRNPUL2-BSCL2,3192.351304,-0.081224658,0.054202978,0.081855274,0.25042347
C10orf67,17.57452263,0.044354219,0.113911494,0.081932322,NA
ADAM32,245.2236127,0.113089691,0.126620312,0.081937041,0.250613652
MFAP4,42.01247928,-0.061482022,0.123175389,0.081978666,0.250680995
H2BC21,144.1701679,0.112346564,0.12660048,0.082097207,0.25098345
SMIM30,1477.103606,0.105070254,0.085627146,0.082196201,0.251226016
TNFRSF8,48.56072719,-0.081711233,0.134809328,0.082347349,0.251627833
CYP2D6,28.2353738,-0.061665268,0.123251637,0.082377691,NA
ATXN7L2,209.2172271,-0.113002684,0.110858432,0.082396563,0.251713365
SDF4,7855.314808,-0.076302144,0.050317527,0.082414716,0.251713365
SLC4A2,7766.931454,-0.094607219,0.068727745,0.082439635,0.251729337
GANC,1058.61973,0.0993095,0.076222175,0.082578563,0.252093345
KCNS1,7.756171846,-0.03095803,0.108449128,0.082692603,NA
BST2,8204.520538,0.101467303,0.077918924,0.082715391,0.252450769
COL15A1,194.9318744,-0.112543471,0.12478745,0.08282758,0.252732842
FUOM,492.7398679,0.104430215,0.084882628,0.082928377,0.25291979
RLIM,1942.742654,0.082683854,0.056408889,0.08293135,0.25291979
AHI1,415.139859,0.112734107,0.11400863,0.082948195,0.25291979
H2BC26,33.45013969,0.046483849,0.114876244,0.08299118,0.252990519
TDP1,615.1420462,0.110414047,0.097542862,0.083027794,0.253041799
SLC25A30,521.1646278,0.111049195,0.102299469,0.083088784,0.253150652
NAA15,1344.119586,0.105126732,0.086738054,0.083127524,0.253150652
UBP1,2365.503397,0.082624346,0.056185833,0.083132088,0.253150652
SLBP,1401.084983,0.091797979,0.06628718,0.083142713,0.253150652
APOL6,5426.298545,0.097635513,0.073762575,0.083184362,0.25321215
HDAC2,2696.721751,0.084856534,0.058528723,0.083202522,0.25321215
GTF2E2,695.5930646,0.098987533,0.077607924,0.083246829,0.253286698
PPIH,643.4585789,0.09368342,0.068755589,0.083305103,0.253371255
P4HA1,1552.710695,0.09176607,0.066203967,0.083314255,0.253371255
STK32B,32.58006782,0.051381845,0.117393703,0.08335617,0.253438438
ARL6IP1,9124.514742,-0.082029215,0.055791696,0.083414083,0.25355422
GAPT,38.27385189,-0.055966611,0.119936929,0.083578555,0.253993779
SETDB1,1626.884295,-0.085034756,0.058699691,0.08364422,0.254132927
NCAPG2,1058.207266,0.102554792,0.082286578,0.083681234,0.254184979
RPL27,10111.37579,0.083222339,0.057054783,0.083757862,0.254357306
CYP2R1,313.6938896,0.112521017,0.118472856,0.083798102,0.254393541
C3orf80,37.13538068,0.068460418,0.127194632,0.083809589,0.254393541
KANSL1,1462.60038,-0.098058506,0.074829866,0.083837202,0.254416955
TSPAN9,63.53693079,-0.080311814,0.133818112,0.083873177,0.254465727
KIAA0586,583.7598594,0.110004774,0.099746337,0.083909758,0.254516312
POC5,205.8981854,0.112623662,0.120768351,0.083965523,0.254564605
PRKAR2B,204.163062,0.11113182,0.125883428,0.083991361,0.254564605
ZCCHC10,468.4288048,0.106137897,0.089675546,0.083991476,0.254564605
PBRM1,3778.378319,0.072497856,0.047151074,0.084005324,0.254564605
CTDSPL2,811.6636914,0.108156749,0.093168859,0.084057591,0.254662632
ITGB3BP,180.4795143,0.108263837,0.132037572,0.084097432,0.254694552
MRPL35,871.3430277,0.107960928,0.10061711,0.08410797,0.254694552
CSK,4766.213908,-0.060806662,0.03802116,0.084211411,0.254903011
GTF2IP4,1203.061125,-0.104258906,0.085422751,0.084216685,0.254903011
HDAC11,151.8134244,0.103062706,0.137429459,0.084242648,0.254921244
FAR2P4,22.09383001,-0.050370088,0.116866302,0.08427603,NA
ACOT8,550.1968169,-0.101778566,0.081012268,0.084456064,0.255506572
MIS18A,263.9726182,0.111483675,0.108020681,0.084511213,0.255612932
CAPG,32033.34133,-0.061335882,0.039079073,0.084545878,0.255628155
DLG4,1630.914817,-0.097844281,0.080995431,0.084556235,0.255628155
MARCHF6,3629.123119,-0.07267793,0.047496928,0.084620012,0.255760487
PRAF2,179.5008049,-0.111988817,0.11979785,0.084645487,0.255777015
ORAI2,2209.309793,0.111133083,0.104865118,0.084755782,0.25604978
BUD31,1233.78426,0.098466527,0.075909773,0.084827737,0.256206618
STK26,216.3988628,0.111645931,0.120487016,0.084893458,0.256344557
LSM1,699.5635908,0.106101636,0.090730911,0.085061533,0.256776316
CYP2U1,207.3808297,-0.111308541,0.109956036,0.085076611,0.256776316
TAB2,4521.564188,-0.076827048,0.05128892,0.085176667,0.257017627
ABCB7,905.7949988,-0.094407463,0.070563393,0.085268979,0.257235464
AP3D1,7254.858242,-0.071986003,0.047427866,0.085290789,0.257239622
HPSE,379.206153,0.104758539,0.134245331,0.085310598,0.257239622
KLHDC2,745.30023,-0.091866486,0.067348645,0.085395132,0.257433805
TMEM205,677.3326469,-0.096062011,0.072831498,0.085460444,0.257547807
SLC37A4,1002.314645,-0.096050277,0.072614179,0.085473238,0.257547807
SPAG1,169.6557232,0.095356893,0.137774854,0.085504892,0.257582481
PSMC1,2333.399394,0.088441826,0.063057757,0.08552667,0.257587392
CPEB2,1154.901401,0.092944869,0.068598842,0.085558745,0.257623306
DPH3,1251.521076,0.099978645,0.07952588,0.085618793,0.257684125
CIP2A,473.2351244,0.10498821,0.089540181,0.085619254,0.257684125
PSMB5,1986.706981,0.081672383,0.055919942,0.085687466,0.257807951
ZUP1,290.6103781,0.108457909,0.098724621,0.085700727,0.257807951
MACC1,382.8309698,0.107610334,0.130222779,0.085725349,0.257821358
SEPHS2,4225.763928,-0.069364812,0.045191662,0.085833178,0.258084944
SLC35F5,3243.940862,0.09360765,0.069381382,0.085894979,0.258154695
NOS1,32.90290695,0.065749668,0.12537469,0.085904609,0.258154695
PIR,223.8634759,0.111373189,0.108711816,0.085957207,0.258154695
POC1B-GALNT4,41.96521399,0.063825788,0.124175561,0.085961951,0.258154695
SLC35C1,1051.671326,-0.088610032,0.063530848,0.085981142,0.258154695
ATP5PO,2653.312324,0.086136585,0.06074822,0.085984066,0.258154695
CLIP1,3582.047122,0.079140416,0.053773232,0.08599772,0.258154695
H2BN1,18.41980997,0.046311447,0.114801071,0.086029039,NA
SMYD3,218.6723483,-0.11103953,0.120611506,0.086057151,0.25827246
HSPB7,51.96362054,-0.069317143,0.12735628,0.086088301,0.258305309
SKIC3,1956.179163,0.084563799,0.059149372,0.086134072,0.258382006
CCDC74A,53.32272002,-0.076958275,0.131526377,0.086352802,0.258970788
CCSER2,905.0526954,0.104639326,0.08848954,0.08637086,0.258970788
PAWR,15.52287723,-0.03878503,0.111356421,0.086425974,NA
ARVCF,176.2442126,-0.110422003,0.12221494,0.086445132,0.259132711
MPP3,35.48421458,-0.053978507,0.118590891,0.086481951,0.25918059
IFNAR2,1762.671225,0.091471389,0.064047309,0.086501649,0.25918059
COPS7A,2208.565107,-0.073034114,0.048219017,0.086571532,0.259329203
ST6GALNAC6,3419.978803,-0.103216969,0.085081219,0.086612941,0.259392469
TMTC4,221.9669268,0.10321633,0.134444178,0.086635307,0.259398688
WRNIP1,1085.155293,0.094527931,0.071043919,0.086692551,0.259509311
P3H3,87.98563399,-0.082640061,0.134075225,0.086806882,0.259790726
RIC8A,3395.881201,-0.091011569,0.066072154,0.086827387,0.25979128
ADM5,10.49992552,-0.036382871,0.11037684,0.086937386,NA
SLC6A15,12.05548833,0.034023117,0.10942526,0.086948094,NA
PLP2,3613.475041,0.096094304,0.07310824,0.086990042,0.260217054
GPS2,1330.858162,-0.080912841,0.055542987,0.087203965,0.260795953
NDST2,1166.080255,0.102089964,0.083910845,0.087312341,0.261014931
CDH24,37.2375682,-0.063768466,0.124160113,0.087336506,0.261014931
CTDSPL,395.1405562,-0.109369278,0.103675426,0.087338434,0.261014931
CHRNA7,60.88668314,0.066794588,0.125942382,0.087385992,0.261096029
PAQR3,385.1320769,0.109435137,0.104414756,0.087419538,0.261135232
PIAS2,760.7156551,-0.102947626,0.085624093,0.087449658,0.261164186
VMP1,3739.390843,0.10267878,0.083455197,0.087638021,0.2616656
CEP55,824.8785679,0.103957988,0.087928275,0.0877157,0.261836382
RPA1,2276.064175,-0.105852854,0.09099298,0.087794017,0.26200899
FAM83H,1199.34263,-0.096773944,0.075211921,0.087828204,0.262049844
RPS13,5291.051117,0.095943223,0.072548005,0.087867445,0.262105761
ADD2,24.33651792,0.034616497,0.109620634,0.087884389,NA
RPTOR,1791.820871,-0.096410613,0.07410714,0.087909193,0.262169124
ADCY10,130.2279594,-0.100988847,0.133902538,0.087935678,0.26218695
LMAN1,2748.553908,0.077191922,0.052403669,0.087963273,0.262208077
NAT14,394.2625132,0.103179031,0.086333024,0.088002789,0.262264721
GPR45,9.921865141,-0.033422829,0.109269352,0.088061801,NA
AGTRAP,1611.198233,0.083452337,0.058082885,0.088140138,0.262609359
FAM220A,267.1319038,-0.110322368,0.111776899,0.088159513,0.262609359
ROMO1,999.4931603,0.098757504,0.077976332,0.088227918,0.262751905
IL15RA,99.31166576,0.083539492,0.134038365,0.088271374,0.262774971
ZFYVE21,919.3096366,0.088761526,0.064598763,0.088281679,0.262774971
TNFSF9,357.7417745,0.106051952,0.094444688,0.088312625,0.262774971
LAT,235.5404848,-0.109512835,0.119208418,0.088317877,0.262774971
LHFPL2,15676.35656,-0.066600661,0.043210299,0.088345497,0.262795993
TWSG1,2396.601632,-0.080389711,0.0554373,0.088372355,0.262814739
BCL2L13,2642.911194,0.082099632,0.057314457,0.088483681,0.263084619
TSC22D2,1000.968065,0.104749984,0.091546406,0.088524447,0.263144631
IL10RB,2277.270183,-0.074787605,0.050218102,0.088580607,0.263215664
PGK1,13081.94102,0.09316968,0.067065487,0.088589519,0.263215664
SDR39U1,1065.442229,-0.108087253,0.097715034,0.088654886,0.263341264
ZSWIM4,672.9917014,0.110632335,0.112976635,0.088678496,0.263341264
CTDSP2,6054.398443,-0.079609004,0.052539816,0.088693585,0.263341264
HINFP,697.6700509,-0.099936987,0.080725413,0.088749274,0.263384654
ADAMTS6,33.98493793,-0.041773221,0.112520873,0.088749401,0.263384654
LRAT,17.94151013,0.04750717,0.115423188,0.088906865,NA
GPATCH11,491.582652,0.107756838,0.10091486,0.089035148,0.264070853
PPP1R13B,935.5468043,-0.103848264,0.089333367,0.089041824,0.264070853
TAF6L,748.5804234,-0.102029289,0.085057172,0.089042585,0.264070853
SGMS2,176.0226587,0.08709494,0.134785562,0.089205197,0.264491754
CDK19,1514.114458,-0.082552861,0.058740919,0.089243359,0.264522873
C1orf54,382.7926945,0.107107264,0.098553809,0.089257073,0.264522873
SACM1L,2498.288272,0.08050346,0.055779135,0.089312,0.264624315
TBP,440.6988115,0.098822523,0.079171592,0.089402028,0.264794068
RPL27A,11700.16232,0.095488897,0.072968927,0.089410715,0.264794068
KDM2A,4036.402681,-0.065663526,0.042593303,0.089546147,0.265133741
ZNF731P,480.0233437,0.100901529,0.08307584,0.089647115,0.265371236
COMMD9,2026.70703,-0.081179957,0.055530612,0.089719666,0.265524521
GBP4,80.73317114,0.080190343,0.132315556,0.089856712,0.265866411
MKNK1,3616.113398,0.076678008,0.052275924,0.08987678,0.265866411
FBXW10B,15.09587006,-0.034927002,0.109761404,0.089941907,NA
MKRN2,1205.513783,0.094698369,0.07317564,0.090167986,0.266590833
HMGCS1,1021.425187,0.106265536,0.096165251,0.090177065,0.266590833
LGR4,366.7335495,-0.10943858,0.111718942,0.090192192,0.266590833
PCDH9,10.31681978,-0.029528379,0.1078762,0.090213504,NA
CCDC134,433.4658628,0.101781331,0.133233476,0.09021854,0.266590833
PTCHD3P1,77.05791287,-0.090465051,0.135190707,0.090225931,0.266590833
RPL21,6933.88161,0.100412282,0.081987091,0.090321489,0.266802011
DOT1L,2851.352121,0.095746656,0.071074237,0.090351573,0.266802011
OCEL1,374.6228102,-0.108185778,0.101055721,0.090360009,0.266802011
EIF3F,3077.231659,-0.082297609,0.058051208,0.090455227,0.267021491
NCKAP5L,2530.504299,-0.092113871,0.069753452,0.090561024,0.26727209
PNMA1,2645.797024,0.071475238,0.047648241,0.090651341,0.267476898
ERVW-1,268.4692924,-0.108005168,0.104225007,0.090777743,0.267781272
PCLAF,642.620902,0.108030347,0.102415711,0.090796388,0.267781272
BMP8B,26.52936487,-0.050217853,0.116540616,0.090806565,NA
IFT122,2107.076737,0.080932562,0.056611123,0.09083848,0.267843627
RPS17,10295.31025,0.075763973,0.05162498,0.090921624,0.268006671
CACYBP,1568.434657,0.092545606,0.070368262,0.090956035,0.268006671
YIPF6,1176.191343,0.106496726,0.097875012,0.090956664,0.268006671
NUP153,1831.287606,0.07951983,0.055295049,0.091149028,0.268511594
DCLRE1C,779.9414326,0.091005709,0.068390647,0.091204388,0.268612787
SERPIND1,6.514575946,-0.028065189,0.107423836,0.091229644,NA
HADHA,7590.005479,-0.077105883,0.054851234,0.091321998,0.268834347
MED17,758.8165265,0.094794675,0.073544637,0.091332498,0.268834347
NCAM1,36.23249386,0.048606345,0.115614707,0.091342699,0.268834347
ARHGEF40,3550.985309,-0.085792254,0.062033125,0.0913879,0.268905478
MAP1LC3A,199.7925358,-0.106734154,0.125457681,0.091426362,0.268936867
ODAD4,16.77071652,0.038030506,0.110961462,0.091430724,NA
RAP1A,6118.941594,0.084249337,0.061835618,0.091440638,0.268936867
ACSF3,1407.964181,-0.097694558,0.078288857,0.091497837,0.268989746
WASH9P,255.2548773,-0.10752423,0.103495513,0.091500697,0.268989746
TMC8,1397.040235,-0.106172641,0.097537084,0.091522821,0.268992935
IFIT3,6100.152598,0.083344254,0.13316272,0.091601559,0.269162476
EPOR,226.0629782,-0.108549871,0.112872146,0.091636369,0.26920289
SCAF1,3998.638711,-0.108893446,0.093028827,0.091677293,0.269261242
RANBP6,627.935207,0.103267174,0.088938226,0.091744101,0.269395575
UBALD2,4530.810172,-0.090365943,0.067768851,0.091791236,0.269443811
UFL1,1489.684577,0.080806671,0.05676029,0.091802678,0.269443811
NPHP4,482.4785315,-0.108050317,0.119565473,0.091874219,0.269584507
WFDC1,98.25642071,-0.091648672,0.135116853,0.091913249,0.269584507
TST,620.863336,-0.093562553,0.0722162,0.091913873,0.269584507
FAM234A,2319.862655,-0.079066718,0.055014611,0.091973362,0.269631179
NKAIN3,168.4420118,-0.107699215,0.120543996,0.091973578,0.269631179
ATRN,2580.520344,-0.074520836,0.050674774,0.091993055,0.269631179
PAF1,1694.776299,-0.081689848,0.057826388,0.09201687,0.269639166
ARL1,1706.515602,0.094344543,0.074824735,0.092051772,0.269679629
PGM1,461.8991056,-0.097610956,0.078625631,0.092087064,0.269721216
RBBP8,416.2286934,0.105704802,0.12365153,0.092143659,0.269825166
TRIM11,1058.625196,-0.103149845,0.089248311,0.0921762,0.269858649
MINDY3,519.0457709,0.1070167,0.103398909,0.092243376,0.26999349
HERC5,2515.329585,0.106158189,0.107680429,0.092337005,0.270156391
FNBP4,1949.131941,0.093722717,0.073211832,0.092345373,0.270156391
CORO7,3926.158089,-0.087293711,0.064784088,0.092389192,0.270156391
SLC35B4,1032.050155,-0.103329482,0.090873282,0.092404488,0.270156391
PLD2,2738.708076,-0.095424048,0.076961377,0.092419244,0.270156391
NEMF,2189.470084,0.084927076,0.061474033,0.092430657,0.270156391
ZNF431,717.7508142,-0.097354156,0.078425731,0.092446946,0.270156391
INTS13,695.0231682,0.103111478,0.090385543,0.092542597,0.27037411
CCNE1,225.4680095,0.108309906,0.113886516,0.092671931,0.270690116
POLQ,456.9181087,0.103068689,0.128398145,0.092772283,0.270921344
RPP25,1218.206432,-0.083205469,0.059626257,0.092846909,0.271074896
CTU1,297.6638301,-0.104981293,0.095589068,0.092894489,0.271074896
SH3BGR,48.43367617,-0.078260654,0.130821455,0.092919719,0.271074896
FTCDNL1,114.2699889,0.096899717,0.133607122,0.092922169,0.271074896
CALHM2,1536.572582,-0.093818651,0.073186585,0.092943335,0.271074896
RPL6,11190.50396,0.082156432,0.057343692,0.09295208,0.271074896
WDR74,768.3020808,0.086651252,0.063633052,0.092994862,0.27110371
PELO,491.2578079,0.102535867,0.089396637,0.09300437,0.27110371
SRP9,2991.292027,0.082981818,0.053319597,0.093166781,0.271515226
CNOT6,1195.571551,0.110749856,0.110586779,0.093221878,0.271567253
TMSB4X,114889.6694,0.089084976,0.067737872,0.093227116,0.271567253
RPS8,14832.50833,0.086056272,0.061842477,0.093258961,0.271578742
CNKSR3,259.9631356,0.106975673,0.104145482,0.093273544,0.271578742
RPL14,8552.039787,0.08514687,0.060237876,0.093325948,0.271669455
ZNF414,375.9539937,-0.105458863,0.122077736,0.093414017,0.271835746
ADCY9,259.75122,-0.103381113,0.128121756,0.093435892,0.271835746
AP3S1,1494.950704,0.09049219,0.068489924,0.09344686,0.271835746
UBE2V1,3078.526951,0.085754854,0.062486309,0.093475988,0.271858624
RPL28,15075.40694,-0.083366137,0.060222451,0.093502777,0.271874688
KIAA0040,194.8318329,0.09841533,0.132612877,0.09358075,0.272039537
OR2C3,134.3153663,0.105739667,0.13033864,0.093648367,0.272136215
TNNT2,17.56999967,-0.041088434,0.112142006,0.093655939,NA
FYTTD1,2937.830143,0.083047285,0.05911722,0.093656578,0.272136215
NSG1,7.873879934,-0.027895692,0.107329745,0.093752844,NA
TRIM47,1117.494991,-0.082610332,0.058396105,0.093761692,0.272379738
TFR2,33.61797775,0.060264962,0.121576122,0.093829864,0.272515859
ZNF664,2602.172881,0.079535834,0.055966899,0.093880175,0.272600055
ASIP,77.15603778,-0.092255377,0.134308613,0.093964629,0.272783328
TM9SF4,2581.992709,-0.085635889,0.060642422,0.094136921,0.273221461
JHY,87.31709569,-0.095488862,0.133626561,0.094175395,0.27327109
ANKRD30BL,125.2043854,-0.096259433,0.133332842,0.094232629,0.273273711
SPOCD1,1428.596947,0.098033363,0.080743539,0.094241603,0.273273711
ZNF341,244.1792461,-0.10670992,0.117652492,0.094272571,0.273273711
VPS37A,1164.050156,-0.092552009,0.071704635,0.094278062,0.273273711
CKM,9.142591527,-0.031740062,0.108581442,0.094286102,NA
DHRS3,3809.13442,-0.079732967,0.056418396,0.09428648,0.273273711
SKA1,258.3599037,0.104465384,0.124253198,0.094331903,0.273273711
SMG1P1,626.2701955,0.10610102,0.10357362,0.094345295,0.273273711
ARHGAP39,183.5952217,-0.105426405,0.123202014,0.094347295,0.273273711
S100A8,195.8003197,0.106306998,0.121555186,0.094423,0.273431044
BTBD7,1391.379138,0.087892976,0.064754215,0.094450141,0.273447704
NDUFV2,1904.716643,0.099977314,0.080349198,0.094483101,0.273448061
WASH7P,675.3794404,-0.107153046,0.115659759,0.094493041,0.273448061
DNAJB13,27.73416002,-0.052508848,0.117436972,0.094555237,NA
BUD23,1637.996087,0.073010233,0.049804172,0.094618954,0.273750471
MZF1,1074.01084,-0.104677799,0.097794919,0.094698734,0.273919303
SLC7A14,19.30183127,-0.043019136,0.112967162,0.09472333,NA
ZNF575,108.1540952,-0.095221763,0.133413028,0.09474976,0.274004903
STK31,9.435897942,0.02764472,0.107242033,0.094771091,NA
LIN9,157.5696013,0.104827985,0.122961246,0.09480535,0.274103664
DCAF6,1862.632341,-0.093576497,0.073109476,0.09494625,0.27439802
N4BP2,771.0089195,0.098511686,0.082194862,0.094950085,0.27439802
COPZ1,2808.624979,0.098190584,0.081514906,0.094971814,0.27439879
CENPO,615.54177,0.105138097,0.099762213,0.095018253,0.274464452
INPP1,332.53726,0.101955905,0.090985351,0.095037476,0.274464452
HP,28.72751615,-0.035299446,0.109802062,0.095165266,NA
PLOD3,4198.472886,-0.082046584,0.060378799,0.095475516,0.275640841
ARHGEF28,89.92220036,-0.055936817,0.119122851,0.095496714,0.275640841
LYPD5,41.89576161,-0.059349248,0.121344581,0.095509801,0.275640841
DTD2,195.6212751,0.108035046,0.113266345,0.095531182,0.275640841
CLEC12A,730.0671387,-0.096517621,0.078708328,0.095587507,0.275640841
ZNF658,71.70300717,-0.070741613,0.126907054,0.095595208,0.275640841
SSX2IP,185.439694,0.102572239,0.126300039,0.095595736,0.275640841
GOLGB1,3428.213709,-0.09227223,0.07006465,0.095652503,0.275742334
RFK,738.4062904,0.092054245,0.071721258,0.095734702,0.275846187
PAQR8,706.7327999,-0.089316969,0.067877302,0.095757096,0.275846187
SLC22A5,277.7825828,-0.10603763,0.116385255,0.095778271,0.275846187
BRPF1,1741.789935,-0.084466895,0.061578659,0.095779538,0.275846187
BAZ2B,2090.631545,-0.081337035,0.05843951,0.095796408,0.275846187
NDFIP1,3584.856595,-0.08016343,0.057540826,0.095979018,0.276251135
FHAD1,173.2985042,-0.088552745,0.132747648,0.095980254,0.276251135
DTX2P1,170.6994556,-0.103096981,0.125472887,0.096096948,0.276457092
ALKBH5,2101.645949,-0.07822229,0.05521977,0.096101937,0.276457092
SERP1,4722.320665,-0.088682487,0.067182328,0.096116681,0.276457092
SLC16A13,139.5824626,-0.10420922,0.125049816,0.09632571,0.27698815
SLC30A3,62.30301157,0.069790502,0.12622479,0.096353754,0.27698815
MBD6,2759.588248,-0.10278069,0.092024041,0.096366312,0.27698815
EPHB6,309.9369232,-0.105748093,0.113271049,0.096446965,0.277157663
STARD9,482.8144354,-0.103341263,0.095172204,0.096495704,0.277235411
RHOT1,1586.488797,-0.075291453,0.052357881,0.096551449,0.27732569
CLIC4,8265.060207,0.0877037,0.066214393,0.09657051,0.27732569
CHAC1,429.3394076,0.1039735,0.123702867,0.09663514,0.277448971
ST3GAL5,2134.271459,0.085962565,0.06286925,0.096660282,0.277458847
XRN1,1805.339255,0.104029196,0.09817075,0.096745419,0.277640895
ZNF83,690.4828007,-0.105428367,0.104083877,0.096870851,0.277883977
GVQW3,128.5617244,0.094960469,0.131191255,0.096873593,0.277883977
PDLIM4,1709.979225,0.090223589,0.069714225,0.096904411,0.277910025
IL6,40.33740544,0.053293698,0.117747517,0.096965137,0.277989804
SMCHD1,1826.78319,0.091785643,0.071918145,0.096985557,0.277989804
LURAP1,69.12619439,-0.089661643,0.132792193,0.097003925,0.277989804
TMEM245,2036.493579,-0.078093564,0.055303228,0.097019203,0.277989804
TNFAIP8,1114.77801,0.091293641,0.071042919,0.097048919,0.278012645
ZNG1B,875.8851161,0.094754382,0.076592509,0.097072014,0.278016509
LIMK1,10249.56384,-0.081419007,0.058891525,0.097105179,0.278049209
OAF,578.9311467,0.103242731,0.095644858,0.097307512,0.278566175
TRIM28,7765.015933,-0.084593069,0.067604653,0.097656449,0.279502506
AATK,221.786353,0.10483977,0.115044008,0.097752311,0.279687291
SRPRB,1265.567572,0.094439726,0.076528712,0.097794845,0.279687291
TRIQK,620.8872178,0.096556919,0.080090592,0.09779851,0.279687291
CD300LB,82.47766801,0.092097222,0.132800489,0.097808516,0.279687291
MPP7,17.38883375,-0.035157446,0.109734542,0.097858046,NA
KLF3,1699.325986,-0.084144294,0.061441774,0.097875835,0.279761625
GNAI2,24202.13098,-0.060657329,0.045029153,0.097878275,0.279761625
ZCCHC8,1031.086798,0.078646671,0.056061963,0.098087509,0.280269896
OAS2,6692.017782,0.105328205,0.101510986,0.098111701,0.280269896
RAB39A,221.0370108,0.103984529,0.106731219,0.098121866,0.280269896
TTLL4,3009.857294,-0.083277534,0.061218576,0.098223667,0.280498007
FKBP1A,10962.34311,0.062106085,0.040968492,0.098309809,0.280681309
ZBTB43,758.7222645,0.096897717,0.081352806,0.098364404,0.280774482
PGBD5,5445.016802,-0.083482224,0.062725882,0.09858785,0.281349478
IP6K2,1123.641492,-0.080442915,0.058344184,0.098649102,0.281461452
GALM,3196.572099,0.078591936,0.056175017,0.098685391,0.28150217
SERPINE2,341.0496255,-0.10470871,0.107253733,0.098715213,0.281524426
COMMD7,1882.092475,0.07843273,0.055712737,0.098881485,0.281930521
SGSM3,1687.636542,-0.094765455,0.077460408,0.098901712,0.281930521
NANP,325.762671,0.100205969,0.087186611,0.098982555,0.282064686
TFAP2A,52.40489601,0.058797207,0.120183119,0.098992901,0.282064686
PRPF40A,3052.828843,0.07573317,0.053681684,0.099038183,0.28213083
SCARF2,9.732046572,-0.033726953,0.109206821,0.099062339,NA
DDX11,1194.580349,0.091869048,0.072991454,0.099152145,0.282392555
SAMD8,1017.806557,0.099791908,0.088503027,0.099184022,0.282420427
SFPQ,5950.866136,0.075018676,0.05510102,0.099271455,0.282557015
CUTC,319.2545919,0.100675242,0.090038404,0.099283596,0.282557015
GGA1,4489.080163,-0.095819558,0.079487958,0.099298292,0.282557015
MED24,2092.906844,-0.089208244,0.069838121,0.099366261,0.282687504
SIGLEC5,834.5266503,-0.094903736,0.077707069,0.099402402,0.282727409
ADCK1,534.8122339,-0.102227134,0.095397198,0.09947293,0.282795757
BTBD10,792.806939,0.08973405,0.069924463,0.099484314,0.282795757
FSD2,53.55497815,-0.061500147,0.12177083,0.09949279,0.282795757
ABRACL,1316.457509,0.099095019,0.086571924,0.099558323,0.282898203
TYW3,633.2296982,0.096826909,0.081929731,0.099573087,0.282898203
NUMB,4970.04788,0.070055889,0.047835479,0.099647864,0.283047753
NME2,7710.923165,0.071296744,0.049441221,0.09970236,0.283139642
STAMBPL1,147.8989629,0.101147953,0.125442545,0.099730621,0.283157005
PFDN4,297.1272637,0.104698773,0.113127965,0.099812177,0.283233664
NOL4L,1763.514949,-0.076598334,0.054492527,0.099829569,0.283233664
GTF2H2B,144.3981947,0.098894704,0.127810174,0.099845833,0.283233664
CATSPER1,78.95767109,0.088261565,0.13197528,0.099846236,0.283233664
MATCAP1,438.3492071,0.102057135,0.095427864,0.099975205,0.283474045
TM7SF2,168.5866138,-0.100601652,0.125478633,0.09997532,0.283474045
ESF1,843.533745,0.101217474,0.09241424,0.100021692,0.283542645
WARS1,19927.35177,0.077702729,0.055494373,0.100069636,0.283615671
MRPL40,657.6812397,0.096141171,0.080874974,0.100147286,0.28377284
KLHL3,61.88804287,0.047417618,0.114754148,0.100175762,0.283790632
DUS1L,2407.361237,-0.08305993,0.061623709,0.100330925,0.28416723
KCNIP2,118.3899919,-0.097230132,0.128649387,0.100439585,0.28441198
H2AC11,15.60226598,-0.041641144,0.112227602,0.100464394,NA
NDUFA11,2299.909687,0.067746531,0.046247786,0.10053947,0.284631781
ZFHX4,9.982683677,0.026782377,0.106897741,0.100971024,NA
CIART,45.33670759,-0.066759726,0.124238482,0.100979562,0.285814413
TNNI1,19.3649006,-0.037958027,0.110666383,0.101138903,NA
HES2,323.7137086,-0.097853627,0.127935042,0.101138975,0.286202255
TTC7B,1449.731193,-0.094963558,0.079685671,0.101165106,0.286212852
ZNF559,148.0271705,-0.088804532,0.130947494,0.10130033,0.286532018
ZNF850,90.22746854,0.049369888,0.115549785,0.101398156,0.286745284
BTBD19,1239.525146,-0.101495418,0.097134468,0.101496303,0.286944771
SPATA33,165.4452034,-0.101687278,0.119584228,0.101513586,0.286944771
PCDHA10,77.50232202,-0.079459963,0.129294094,0.101584593,0.287082013
NFKBID,379.0374746,0.098203768,0.087952678,0.101658569,0.287225974
TNFAIP1,755.5304241,-0.092758672,0.075571772,0.101680466,0.287225974
ZMYND11,2094.44092,0.0795469,0.058223899,0.101720806,0.287276454
MARCO,5414.360861,-0.100858111,0.095340292,0.101815978,0.287481731
CHCHD2,3234.953599,0.080598811,0.059209588,0.10185178,0.287500479
ZNF471,68.17004347,-0.071541049,0.126278592,0.101867593,0.287500479
MYBL2,1281.062898,0.090514329,0.073192457,0.102005475,0.287826085
TAX1BP3,2417.852144,-0.069457975,0.048284424,0.102060504,0.287917816
LGALS3BP,8909.758598,-0.093778609,0.078233405,0.102126301,0.288039876
ZNF485,55.19830023,0.068455826,0.124822075,0.102258129,0.28833387
PHF7,193.8866565,-0.102777441,0.112371159,0.102275643,0.28833387
ALG5,665.2112226,0.094314284,0.078738506,0.102315169,0.28834731
MYD88,4386.958762,0.079250971,0.057816822,0.102331035,0.28834731
ARHGAP30,7976.543784,0.05699527,0.037567037,0.102348071,0.28834731
F8A2,312.3700456,-0.100531199,0.093079253,0.102515569,0.288691972
F8A3,312.3700456,-0.100531199,0.093079253,0.102515569,0.288691972
PHKG1,25.43090053,0.039808072,0.111361787,0.102580116,NA
POLR2H,849.9677581,0.089601626,0.070998914,0.102605294,0.288881013
ZNF543,125.5591706,-0.0963352,0.127605648,0.102703726,0.289071113
SMCR8,2705.717937,-0.075792293,0.054132978,0.102718034,0.289071113
GPR141,547.259817,-0.101337074,0.096526212,0.102800465,0.289239425
PARD3,120.8695234,-0.087445606,0.129521374,0.102990078,0.289709164
MOGS,2948.041878,-0.084711083,0.066125145,0.103102346,0.289869019
TIMM17B,979.2710576,-0.087744216,0.068546612,0.103123457,0.289869019
ANAPC1,1388.875899,0.101026908,0.09879608,0.103175365,0.289869019
ADPRM,147.7442841,0.098813344,0.124138687,0.103179275,0.289869019
IRAK1,9839.023001,0.052354239,0.033529672,0.10319978,0.289869019
MIB1,1293.632209,0.094840107,0.080212391,0.103200575,0.289869019
PTGR1,1305.282934,-0.085791992,0.065937054,0.103205614,0.289869019
GOLGA2P5,29.05107857,-0.052768471,0.117157933,0.103267258,NA
B3GNT2,2242.388905,0.077040194,0.055781229,0.103447883,0.290485654
METTL3,729.7491184,0.084709279,0.064544799,0.103487132,0.290532055
BRICD5,86.68496052,-0.087873447,0.130516122,0.103512694,0.290540021
ZFP69,129.0133952,0.097341621,0.126267169,0.103562033,0.290614704
FKTN,528.7736728,0.102457442,0.105703979,0.103623373,0.290723025
SYNGR1,268.5124578,-0.102331831,0.115651086,0.103660479,0.290763322
CDC42EP2,20.17719746,-0.037155028,0.110370192,0.103847964,NA
COG1,765.0498081,-0.088059894,0.069424203,0.103904075,0.29138267
PKNOX1,511.4777574,-0.100756168,0.095925757,0.104001986,0.29143268
RMDN3,3584.549904,-0.098054093,0.087603993,0.104009654,0.29143268
UBXN8,361.7624748,0.101533213,0.10033711,0.104011912,0.29143268
EPS8L2,33.31750578,0.05233873,0.116810253,0.104013087,0.29143268
PLEKHB2,9510.678236,-0.058887799,0.039344109,0.104038557,0.291440174
DOC2GP,28.4747033,-0.056901873,0.119138401,0.104101371,NA
HEXD,690.4038965,-0.096425498,0.085394241,0.10410735,0.291526089
TSN,1798.854334,0.079734859,0.058781503,0.104114832,0.291526089
SMTNL2,25.28431102,-0.029516949,0.107705845,0.104200201,NA
LIMS1,8676.153317,0.070787,0.049469688,0.104240331,0.291813583
ADCY8,111.439862,0.076037181,0.127770403,0.104269944,0.291832581
DGAT2,235.8573891,0.101586792,0.100961075,0.104365235,0.291925978
CLIP3,40.77054411,-0.046569687,0.114254354,0.10439317,0.291925978
CD2,9.6417747,-0.031927095,0.10850157,0.104394288,NA
CD86,4428.477236,0.083232896,0.062694281,0.104399966,0.291925978
PIM3,1997.106358,0.085792237,0.068333855,0.104416358,0.291925978
BTF3,6425.061544,0.089128767,0.071165243,0.104428486,0.291925978
U2AF2,5940.215874,-0.085861456,0.066465826,0.104440315,0.291925978
SLC35A1,461.2838194,-0.096326948,0.084781712,0.104466797,0.291936174
CASTOR3P,20.80640342,-0.04843041,0.115116357,0.104622284,NA
MAP7,345.0182705,0.099657784,0.093518887,0.104683608,0.292422782
CD276,9292.210143,-0.07035371,0.050611385,0.10468667,0.292422782
HSF1,3012.577519,-0.084211617,0.064397312,0.104751649,0.292479815
HERC2P2,3258.033477,-0.091417716,0.074746686,0.104752841,0.292479815
ESCO2,403.967316,0.101769498,0.105327625,0.104813628,0.292585641
FCGR2A,3930.499023,0.084685392,0.064582685,0.104881686,0.292711711
VCAM1,27.42533507,0.05010397,0.115867924,0.104952717,NA
NSUN5,893.9581167,0.08242983,0.062185257,0.104974798,0.292852685
ZNF260,413.9758123,-0.101082972,0.115163596,0.10497801,0.292852685
CEP43,642.6510052,0.099463935,0.090318413,0.105210941,0.293438456
DGUOK,678.3756115,0.086577365,0.067631793,0.105261219,0.293453445
ZNF736,198.0095228,-0.094823904,0.126914893,0.105262221,0.293453445
PFDN1,2102.675764,-0.084030051,0.064371179,0.105333512,0.293458074
MAP6D1,58.88754909,-0.074708218,0.127442829,0.105356878,0.293458074
ARHGEF3,2369.145741,-0.077288879,0.05664376,0.105358167,0.293458074
MFSD10,1942.356966,-0.080008837,0.059528615,0.105366884,0.293458074
TRAM1,7300.465482,0.065182864,0.044788407,0.105378648,0.293458074
C6orf120,1440.078829,0.07202952,0.051099783,0.10541517,0.29349585
LTBP2,5633.388566,0.087616887,0.070152215,0.105472978,0.293592864
AKAP8,1339.277383,0.092110839,0.078087131,0.105531626,0.293630644
C2orf68,1063.207327,-0.082949941,0.062978125,0.105549429,0.293630644
IGBP1,1125.560684,-0.091791297,0.076090481,0.105576044,0.293630644
CD1A,59.27307633,0.069250954,0.124529896,0.105578418,0.293630644
ISLR2,10.93860445,0.024418456,0.106218959,0.105639104,NA
FUNDC1,319.0207613,0.10128388,0.114237381,0.105652794,0.293702369
ADGRA3,45.30732639,0.051037072,0.116177855,0.105653856,0.293702369
SHLD2,935.8827635,0.088278827,0.070384381,0.105673125,0.293702369
RNF150,19.96169584,0.035635895,0.109720568,0.105756996,NA
EDC3,948.8547373,-0.089166539,0.071165532,0.105761914,0.293885258
KGD4,454.533174,0.098556884,0.093117107,0.105795978,0.293916031
PPM1L,558.8811466,-0.097527157,0.088002728,0.105912248,0.294074515
SPATA20,2371.531034,-0.071667998,0.050433139,0.105916886,0.294074515
GNB5,213.4873211,0.101692376,0.112499031,0.105922029,0.294074515
TIGD6,269.879841,-0.101229377,0.102854007,0.106029367,0.29430861
PPM1N,123.5235083,0.099341242,0.123543528,0.106065959,0.294346275
SPNS3,15.14296225,0.037814165,0.110592972,0.106100048,NA
ANKRD36C,320.3916898,0.101470128,0.107753085,0.106324047,0.294998468
ADD3,998.1489489,-0.093675251,0.079720175,0.106390812,0.295038865
AAAS,1154.897686,-0.087536336,0.069627401,0.106399992,0.295038865
NNAT,44.92675195,-0.060405648,0.120637238,0.106407838,0.295038865
GPR137C,105.1210054,-0.080944418,0.127798758,0.106432664,0.295043715
ATXN1,2757.061795,0.10058455,0.091773444,0.1065291,0.295247028
CCDC152,64.78133398,-0.064412056,0.122464263,0.106622469,0.295415573
HIKESHI,417.7201484,0.099198675,0.091814856,0.106662362,0.295415573
GALT,546.8621411,-0.095522103,0.083737598,0.106675478,0.295415573
C4orf3,2354.508386,0.083143899,0.062931767,0.106682339,0.295415573
TBC1D9B,6035.270199,-0.085019667,0.066228811,0.10673162,0.295441431
MT1X,254.5099832,-0.097426002,0.123101616,0.10675117,0.295441431
CCDC8,536.5589893,-0.091817744,0.07651977,0.106761002,0.295441431
TXNRD2,1332.516449,-0.077431647,0.056939258,0.106853877,0.295634456
ZNF107,380.3970691,0.100869477,0.103794749,0.106958162,0.295808979
CENPU,496.4771044,0.096055368,0.085059358,0.106963231,0.295808979
MRPS21,1316.305126,0.092673988,0.078439427,0.107030699,0.295931551
ACTRT3,9.223075015,0.025978986,0.106680072,0.107118024,NA
ZNF652,850.0984213,-0.100021636,0.098251783,0.107159169,0.296222698
UGP2,3044.665074,-0.0726804,0.050912316,0.107207986,0.29629358
SKA3,253.5124391,0.085876676,0.124850612,0.107326931,0.296519542
ISG15,6043.326552,0.082156399,0.127969925,0.107336132,0.296519542
NIPA1,657.9878638,0.093363713,0.079863553,0.107414336,0.29667148
ZSCAN16,89.05583746,0.090450816,0.127559039,0.107439412,0.296676648
UNG,627.1732534,0.095347291,0.084000132,0.107497625,0.296773297
SEC61B,1516.069224,0.078098216,0.057545938,0.107551717,0.296858529
MTRR,767.6008447,0.099620892,0.096992947,0.10760454,0.296879019
CBX5,3130.880913,0.086511189,0.068297923,0.107605583,0.296879019
RHPN2,37.56463939,-0.055906444,0.118335581,0.107714424,0.297115191
UQCC1,1064.948728,-0.08157432,0.062247095,0.107763574,0.297186646
VEZT,1504.49296,0.092084362,0.077186883,0.107840697,0.297335198
ZNF653,133.3724705,-0.09274626,0.124695736,0.107891539,0.297365313
MXRA8,268.8860174,-0.097289041,0.121355764,0.107898137,0.297365313
PSME1,2548.216443,0.084631523,0.066191465,0.107925261,0.297375961
VCPKMT,184.9595675,0.099187177,0.117081082,0.10802622,0.297590007
CSF2RB,2813.966095,0.076499389,0.055485321,0.108057605,0.29761234
ANK1,111.6417005,-0.084783138,0.128485156,0.108195908,0.297904374
OR1I1,45.02467196,0.066937149,0.123476773,0.108210239,0.297904374
POP4,834.5641534,0.095350051,0.084979982,0.108269281,0.297981135
IFT172,481.0422419,-0.099121703,0.095373879,0.108284736,0.297981135
THBS4,7.933747988,0.02820509,0.107268026,0.108309356,NA
EGLN3,11.09950937,0.031285117,0.108251035,0.10834414,NA
MATR3,4896.650104,0.077907642,0.057902538,0.108362989,0.298073328
GTF3C1,2667.241551,-0.10035955,0.096309168,0.108364867,0.298073328
TRMT10A,129.3447765,0.090529059,0.126864292,0.108695773,0.29889443
CCNF,918.1189408,-0.093641764,0.080393437,0.108710137,0.29889443
FCGR1BP,295.0906442,0.101022459,0.106501724,0.108782268,0.299028445
IER5,2512.708525,-0.074713651,0.05460268,0.108830751,0.299097411
RRM1,1392.899326,0.097993752,0.092963989,0.108855387,0.299100822
LINC01145,20.44502076,-0.038560185,0.110796975,0.108927895,NA
UGDH,647.6982028,0.097721836,0.088985936,0.108939491,0.299242315
GPR155,641.0706134,-0.098283701,0.119557248,0.108953694,0.299242315
RBFOX2,977.4919744,0.089577798,0.075947046,0.10902322,0.299368959
NPIPB3,2237.138909,-0.079252793,0.059677577,0.109088127,0.299482866
TRGV5P,11.74339857,0.034552999,0.10934701,0.109134351,NA
ARID1A,5219.671771,-0.098574879,0.099758654,0.109144342,0.299572866
PIAS3,512.940887,-0.094656227,0.08353895,0.109202763,0.299668882
RCOR3,903.1084213,-0.086041541,0.068552121,0.109249215,0.29973202
ZBTB45,633.7304255,-0.094726097,0.082206383,0.109431922,0.300168874
NMNAT3,379.3285319,-0.100152593,0.104823436,0.109676366,0.300774848
WDR5,1012.330021,0.087734871,0.071117907,0.109730886,0.300859828
GLI3,8.657479987,-0.022060107,0.105635596,0.109759888,NA
FAM229A,203.9469865,-0.091151264,0.126379241,0.109845567,0.301109687
SUGP1,997.5037288,-0.094717236,0.083109482,0.109890068,0.301127126
GSTT1,276.9824189,-0.099184784,0.113848051,0.109930478,0.301127126
GATB,907.2871501,-0.089046464,0.073448049,0.109966026,0.301127126
HYOU1,3996.794373,0.093363439,0.077683755,0.109966369,0.301127126
NCBP2,2117.755512,0.086949712,0.070015785,0.109969695,0.301127126
SLFN12,199.5460872,0.100007213,0.108717661,0.110072987,0.301345425
PEMT,288.2426816,-0.09824596,0.094591855,0.110147845,0.301485807
E2F3,1234.368015,0.085759721,0.06845693,0.110191896,0.301541822
TSEN54,391.495439,-0.097854379,0.093685313,0.110319225,0.301819784
TARDBP,3383.343295,0.077295172,0.05752005,0.110340686,0.301819784
NPIPA8,28.21854845,0.041183102,0.111797906,0.110390935,NA
CNEP1R1,703.6536509,0.088912671,0.072382297,0.110401743,0.301919263
GPR75,59.89540745,-0.074722252,0.126130558,0.110425471,0.301919263
PUF60,2599.667034,0.067888014,0.048111427,0.110469916,0.301919263
SIN3A,1539.907092,0.085544729,0.068178881,0.110471514,0.301919263
CHRNE,16.30632232,-0.043581055,0.112752795,0.110681512,NA
TRAPPC14,1670.651288,-0.092191349,0.078566356,0.110731976,0.302439275
NDUFS3,1500.311419,0.078440168,0.059101247,0.110739504,0.302439275
CCT7,4623.834355,0.089714766,0.075409459,0.110752206,0.302439275
HESX1,87.38027429,0.071130973,0.12486327,0.110756409,0.302439275
SYNC,199.2360471,0.084187408,0.128107782,0.110800915,0.302444166
IFFO2,186.7720172,0.07696424,0.126685614,0.110805512,0.302444166
TTLL13,12.62197552,-0.035893146,0.109749054,0.110872504,NA
STK25,2282.492875,-0.085081709,0.067606725,0.110886624,0.302541161
MAPK6,1207.756049,0.09612197,0.086518688,0.110905386,0.302541161
EIF4EBP1,3374.767948,0.071140037,0.05115978,0.110931787,0.302541161
ATG9B,366.0102647,-0.059188179,0.119720535,0.110935703,0.302541161
TRIM16,197.3366831,-0.098775263,0.111681981,0.111017661,0.302662741
KIAA1671,943.779789,0.083165399,0.065291615,0.111085659,0.302662741
CWC22,716.972464,0.08546695,0.068278374,0.111095244,0.302662741
HDAC10,1547.709465,-0.094613423,0.08454215,0.111116071,0.302662741
ASPHD2,161.3284712,0.09394702,0.12386679,0.111121444,0.302662741
PPP2R3A,359.3309682,0.09906078,0.103525519,0.111122323,0.302662741
COX6C,1344.694136,0.090389765,0.075380538,0.11123489,0.302879463
DDI2,2700.938835,-0.079250605,0.060481264,0.111265504,0.302879463
TBC1D16,2672.225014,-0.087977016,0.072363711,0.111272963,0.302879463
CD47,3101.973407,0.100708369,0.084909486,0.111390407,0.3031346
FBXO27,129.0024387,-0.080779099,0.127525278,0.111516745,0.303413829
COPB2,4076.504499,0.068776602,0.047262754,0.11154669,0.30343073
UBA3,1492.326309,0.083194297,0.065133394,0.111642955,0.303578407
POLR1E,297.8719259,0.09885736,0.101645001,0.111648468,0.303578407
EEA1,1507.54216,0.096784378,0.091888874,0.111714839,0.303676359
PLCG2,2098.568618,-0.07728715,0.058288593,0.111731998,0.303676359
LENG8,10413.10395,-0.096362441,0.119874251,0.111860857,0.303961967
RDH11,3359.462085,0.073368383,0.053989434,0.111918881,0.303963131
CD22,507.8235332,-0.100282396,0.109397862,0.111926749,0.303963131
CRISPLD1,20.48572899,-0.037562487,0.110331679,0.111928643,NA
SMAD4,1387.794119,-0.091796555,0.079368832,0.11193261,0.303963131
NRTN,13.12385617,-0.036243425,0.109875036,0.111994713,NA
KARS1,3053.180893,0.082090918,0.06404512,0.112014864,0.304121902
FBXO42,1388.35944,-0.090003576,0.07656967,0.112134495,0.30430289
PHF11,650.0119168,0.092785073,0.08149571,0.112152511,0.30430289
NDUFS4,699.9739052,0.093376303,0.083316562,0.112173263,0.30430289
DIS3L,723.8573322,-0.091765263,0.079337665,0.112176732,0.30430289
TTC9C,676.6090416,-0.086291523,0.070001454,0.112201223,0.304304759
TMEM115,1521.727665,-0.076572559,0.057402094,0.112244284,0.304319374
NFRKB,728.1006464,-0.093132944,0.082392786,0.112254217,0.304319374
LIPE,45.1337117,-0.058656808,0.119281731,0.112429281,0.304729353
ATL3,1753.689719,0.080397393,0.061807652,0.112530544,0.30493917
ARHGEF37,35.72140252,-0.039163557,0.11094228,0.112562238,0.304960417
C16orf95,96.730915,-0.089582904,0.124978473,0.112676386,0.305204998
THUMPD2,229.4555402,0.088331253,0.123845013,0.112736721,0.305303744
MDFIC,3419.926323,0.088671369,0.076606653,0.112829262,0.305484387
SARS1,4961.270989,0.074261009,0.054595429,0.112870046,0.305484387
KTN1,3621.844531,0.083704049,0.066635067,0.112978839,0.305484387
ATP6V0E2,621.8773322,-0.086834581,0.070858891,0.112996639,0.305484387
TBC1D10B,3415.490959,-0.077529655,0.059209064,0.113008363,0.305484387
ZNF419,176.5947005,-0.09726847,0.114506693,0.113015118,0.305484387
ERGIC2,1014.378089,0.089986681,0.07657988,0.113042117,0.305484387
UBXN7,1826.313789,0.071642212,0.052277259,0.113068932,0.305484387
ADCY6,1146.142782,-0.097187337,0.107621661,0.113087441,0.305484387
RAB5IF,4476.618012,0.067813558,0.048566829,0.113090169,0.305484387
GDAP1,317.0454097,0.097997361,0.099709684,0.113099644,0.305484387
PCSK1,40.75864587,0.064254342,0.121733961,0.113113237,0.305484387
SCGB2B2,53.76401247,-0.054708051,0.117513957,0.113114047,0.305484387
SYTL3,1203.466706,-0.086500229,0.070905147,0.113184987,0.305611418
OR8D1,20.24110148,-0.038613267,0.110722775,0.113259519,NA
LRWD1,569.3514559,0.089988066,0.076530039,0.113284179,0.305814661
CYP20A1,845.4600255,0.097213762,0.091073543,0.113424641,0.305955319
SYPL2,73.53922505,0.063736407,0.121562255,0.113426638,0.305955319
CAPZA2,4557.639747,0.057776552,0.040261374,0.113427709,0.305955319
MPP1,4006.452624,-0.071538817,0.052318482,0.113437899,0.305955319
CDKN1A,7098.886552,-0.063189922,0.045339306,0.113455938,0.305955319
DNAL4,280.776049,-0.098046975,0.100936113,0.113706175,0.306457532
DGCR6L,854.2593989,-0.080809389,0.060309611,0.113712837,0.306457532
CA5B,230.3976143,0.097025677,0.114856803,0.113719834,0.306457532
SH3KBP1,4489.060933,0.085987955,0.070064965,0.113751202,0.306457532
SMARCD2,2074.516864,-0.074173197,0.055461052,0.113762021,0.306457532
STUM,125.821168,-0.068315484,0.123660081,0.113918519,0.306814466
CAMK2B,551.8722491,-0.096497861,0.093295724,0.114119465,0.307290934
LMNA,5638.485442,0.082677604,0.064190268,0.114200455,0.307444265
HOOK3,2035.520472,0.08265454,0.065374505,0.114247099,0.307505086
SIGLEC15,275.818122,0.098194971,0.109505788,0.114289975,0.307555743
TPST1,121.7123236,-0.081878123,0.126469033,0.114352566,0.307659417
PAPLN,1296.763386,0.093022359,0.083305814,0.114426176,0.307792691
IER2,1559.823632,0.089669135,0.076649445,0.114596459,0.308185891
C2orf74,330.2600802,0.095108207,0.090188289,0.114673085,0.308312945
GNL2,1494.304089,0.091789817,0.081173371,0.114691933,0.308312945
ATRAID,1832.954132,-0.080429485,0.06253116,0.114804813,0.308507889
B2M,74522.97731,0.070643319,0.051725671,0.114812713,0.308507889
COX5B,2307.075893,0.084334369,0.068200326,0.114876005,0.308613096
MRPL12,1401.567019,0.072645845,0.053804942,0.114958806,0.308770658
TRAK2,1581.039631,0.079847375,0.061330034,0.115067331,0.308997233
TCF20,1346.745598,0.088659148,0.074880778,0.11517215,0.309213763
RAB29,2046.00704,0.065742035,0.046941136,0.115244641,0.309343427
MBLAC2,179.7563264,0.097322774,0.111458429,0.115275792,0.30936209
SMOC1,48.29600384,0.053595951,0.116900442,0.115450361,0.309606749
GGT1,80.48460142,-0.066235605,0.122270114,0.115453876,0.309606749
RPIA,405.072642,0.092690266,0.083348327,0.115460486,0.309606749
RIOK2,628.4373622,0.094220205,0.119011521,0.115463823,0.309606749
UNC5A,169.0723721,0.085210635,0.126027818,0.115494745,0.309624724
KMT2E,2547.131229,-0.081588257,0.06451543,0.115543653,0.309690903
DUSP11,674.070075,0.089505527,0.076831601,0.115651941,0.309906552
L3MBTL1,302.3987427,-0.095313532,0.117033809,0.11567259,0.309906552
KCNJ13,10.94607815,-0.029131724,0.107428553,0.11588727,NA
OR4K13,8.664845405,-0.031280504,0.1081428,0.115941944,NA
AASS,26.45456908,-0.049797515,0.115190583,0.11604239,NA
ZNF234,268.5622578,0.097416596,0.106664946,0.116260717,0.311416985
FLT4,26.48654227,0.04653853,0.11380597,0.116262291,NA
GNAI3,3040.371764,0.073994922,0.055487767,0.116386453,0.311596034
TBC1D30,293.9419558,0.088993017,0.124094258,0.116397285,0.311596034
ATP6V1F,14354.82809,-0.067471447,0.048785015,0.116419436,0.311596034
DYNLL1,3095.064042,0.074936393,0.056470521,0.116425049,0.311596034
RNF215,356.2789562,-0.095166232,0.117088936,0.116467067,0.311643249
RNF7,1775.803957,0.075776758,0.057296924,0.116541722,0.311736693
ASLP1,35.95741948,-0.061244819,0.120157809,0.116561329,0.311736693
ANKIB1,1351.632221,0.083384501,0.068142593,0.116580254,0.311736693
UBE2Q2P1,25.972999,0.047335749,0.114134964,0.116585387,NA
URB1,697.7195273,0.093985619,0.084817321,0.116614729,0.311736693
ARFGEF1,2319.46256,0.075254985,0.057015861,0.116623903,0.311736693
CC2D1A,1527.997692,-0.082661087,0.06611341,0.116658989,0.311765296
RTP4,98.24455246,0.08079046,0.125502913,0.116693917,0.311793466
NOL6,1639.971389,-0.074907325,0.056987938,0.116748474,0.311814589
TMEM167A,2803.172386,0.08600661,0.068562659,0.116750601,0.311814589
NUTM2D,174.0099136,-0.09392131,0.119831209,0.116828506,0.311957487
GIPC1,3272.620736,-0.082698841,0.065488395,0.116908233,0.312105191
IGFBP2,2561.860076,-0.070222358,0.051548634,0.11694533,0.312139048
STK10,6592.921513,-0.058867561,0.041342975,0.116975798,0.312155203
MARCHF9,459.8833883,-0.091882944,0.082510537,0.117044509,0.312232219
POLB,372.0065039,0.09585801,0.089164786,0.117053502,0.312232219
UTP3,1144.349701,0.089324862,0.077650313,0.117134479,0.312383044
MLIP,8.517775069,-0.025437096,0.106410208,0.11724574,NA
FLCN,2302.023338,-0.094640167,0.091629905,0.117278939,0.312703074
ZFYVE27,1031.758919,-0.08686135,0.072796381,0.117310211,0.312721235
POLR1D,1633.346282,0.084825215,0.0694949,0.117483182,0.313090285
CROCCP4,7.063032301,0.014494029,0.10419515,0.117488364,NA
MNT,1183.059203,-0.094192456,0.090207088,0.117497629,0.313090285
WBP4,638.5783357,0.096717325,0.093870678,0.117531057,0.3131141
ARF1,12846.65097,-0.067641611,0.047774982,0.117589137,0.313181034
IGF2BP1,4652.879832,0.088765478,0.076644144,0.117605173,0.313181034
CDC20B,15.45976065,0.039531169,0.110992814,0.117715173,NA
VPS33B,559.2044084,-0.090978734,0.081097582,0.117880166,0.313847964
AGAP12P,6.032214772,0.019753786,0.105126367,0.117922978,NA
MASTL,549.3648786,0.093493524,0.087447256,0.117992952,0.313974203
PGAM5,1018.966326,0.080838909,0.064493406,0.118001046,0.313974203
CDO1,44.81893416,-0.061038172,0.119537549,0.118006503,0.313974203
APBB3,891.1982493,0.09559499,0.094464273,0.118029269,0.313974203
EZR,3515.120925,0.085193351,0.06849061,0.118069027,0.313974203
ZDHHC3,3993.211029,-0.084910259,0.068636617,0.118074929,0.313974203
EIF2D,1003.304639,-0.076178389,0.058392102,0.118164583,0.314093359
DENND5A,4427.062234,0.075268726,0.057285931,0.118193943,0.314093359
SHC2,181.9314406,-0.088811646,0.123303908,0.118219508,0.314093359
SELENOO,1129.57389,-0.079524574,0.062646401,0.118221099,0.314093359
ZNF625-ZNF20,54.23808982,0.058521042,0.118880051,0.118242576,0.314093359
CHP1,3015.886182,-0.078007071,0.060624026,0.118324209,0.314168906
ACO1,2152.820929,0.082327694,0.070754947,0.11832442,0.314168906
COPA,8818.583048,0.05780148,0.040473743,0.118344736,0.314168906
FDPSP7,31.98512644,0.051340397,0.115788313,0.11839508,0.314237304
RALBP1,3623.666703,-0.070959376,0.051968472,0.118552978,0.31459108
GPX1P1,6.701059391,-0.023745196,0.106010014,0.118654679,NA
DCTN1,4723.354842,-0.075408307,0.058055363,0.118690035,0.314889418
NDUFAF7,356.7340836,-0.095518609,0.095655798,0.11879498,0.315096336
SPTBN4,28.53722676,0.037445956,0.110137648,0.118806832,NA
CD63,25515.39252,0.072881181,0.054699068,0.118850659,0.315096336
TNPO1,5608.773384,0.07382323,0.057398335,0.118867123,0.315096336
CD28,244.7202608,-0.094276782,0.111618553,0.118883893,0.315096336
ACVR1B,1660.11241,0.0745354,0.056663943,0.118891257,0.315096336
ARHGEF5,253.7808153,-0.087770353,0.122211518,0.118965723,0.315228345
UBA5,1156.871083,0.077624569,0.060717411,0.119013815,0.315290431
SMIM29,699.041383,-0.081392928,0.066125789,0.119172997,0.315586711
ZNF546,207.017051,0.069478242,0.122709834,0.119175021,0.315586711
ITGB8,104.8535217,0.081620374,0.125966011,0.119375369,0.316051789
ADIRF,8.221356961,-0.027846187,0.107078443,0.119429687,NA
NAA38,695.3029615,0.087542432,0.077544881,0.11944674,0.316175275
MADD,3894.817085,-0.072595272,0.054735084,0.119568739,0.316432691
TSPAN33,1422.93787,-0.089644151,0.079170892,0.119597938,0.316444462
SNCAIP,46.79816516,-0.048484032,0.114527823,0.119737966,0.316749409
DNAAF2,267.9081819,0.094669194,0.093862134,0.11981144,0.316828878
PDSS1,266.6968476,0.095065164,0.095128648,0.11981757,0.316828878
TRIM31,11.03614605,0.03330155,0.108745886,0.119845171,NA
UST,333.6845098,-0.096148264,0.106199026,0.119851751,0.316853729
CYTH1,4778.079981,0.071060514,0.053127455,0.120073841,0.317290942
RBM34,986.9823723,0.087163623,0.074634822,0.12008982,0.317290942
ATOX1,1096.592577,0.083160079,0.06807678,0.120091582,0.317290942
ERGIC1,3894.123745,-0.072398524,0.054675644,0.120176979,0.317441701
FUBP1,1810.325141,0.082747701,0.066865337,0.120203476,0.317441701
DUSP7,1332.1808,-0.090724091,0.081586164,0.120267681,0.317441701
CDH23,629.8481787,0.095276527,0.09043142,0.120277731,0.317441701
MNDA,1279.621977,0.091536449,0.084170733,0.120280376,0.317441701
MPST,1374.359421,-0.082709552,0.067592713,0.120316822,0.317441701
TBC1D14,4331.555216,-0.065323537,0.045457346,0.120322447,0.317441701
MAGI2,84.39533421,0.043314506,0.112303672,0.120414997,0.317555094
HNRNPUL2,6010.249258,0.075203549,0.057068052,0.120415103,0.317555094
HEG1,1457.135843,-0.086781606,0.074322934,0.120685287,0.318138512
TERF2,826.6271139,-0.095607222,0.10105912,0.120692131,0.318138512
MED19,292.3200539,0.093451757,0.089913592,0.120732523,0.318138512
PLEKHG3,166.8220502,-0.078568769,0.124920535,0.120735867,0.318138512
ARHGAP18,5341.512935,0.073349463,0.055776877,0.120765075,0.318149903
HABP4,334.0000355,-0.090762773,0.081720532,0.120830433,0.318256508
PXDC1,1954.989643,-0.076575174,0.059644936,0.12090554,0.31838874
RAB33A,10.71530077,0.030435174,0.107832271,0.120919311,NA
RGPD2,16.12424427,0.02199673,0.105597726,0.121019325,NA
LEPROT,2849.356919,0.07355988,0.056051988,0.121138289,0.318935962
RPP40,66.40040395,0.074015715,0.124047881,0.121168493,0.318949801
COX6B1,2969.567537,-0.072701334,0.05352021,0.121227815,0.319040265
HSF4,121.7583526,-0.089169435,0.121925358,0.121257153,0.31904356
ESPN,16.4512279,-0.028872302,0.107308898,0.121284449,NA
CR1,874.0659164,-0.093967497,0.09215737,0.121290372,0.31904356
SERPINA10,33.18779052,0.053851822,0.116669874,0.12130393,0.31904356
CLN3,3028.90809,-0.079445672,0.063284869,0.121338236,0.31906815
NFIL3,1063.135544,-0.082233819,0.067378298,0.121412225,0.319197058
GPR146,139.0450372,-0.087793103,0.122308674,0.121651429,0.319760182
MFSD4B,582.1654939,0.089173381,0.120656719,0.121795405,0.320072816
SS18,1764.998415,0.073511363,0.055442085,0.121846445,0.320126755
SHISA9,37.2542844,0.06213775,0.120050549,0.121866008,0.320126755
ILF2,3052.977799,0.072730523,0.055390026,0.122088124,0.320644343
HP1BP3,4405.983832,-0.080121649,0.064607858,0.122182224,0.320825577
PRCC,2083.589992,-0.070055275,0.052515578,0.122284513,0.320989518
GHITM,7216.614179,0.067079063,0.048420291,0.122312472,0.320989518
GRAMD1B,559.519697,-0.094846443,0.098575479,0.122319979,0.320989518
AGPAT2,2557.608103,-0.072886788,0.055526044,0.122345205,0.320989831
APCDD1L,9.131127063,0.025484132,0.106424849,0.122469025,NA
RPL22,6817.269038,0.084786719,0.071833819,0.122568051,0.321508521
CLDN10,13.0011026,0.030826271,0.107932777,0.122577986,NA
ATL2,784.8295018,0.087252454,0.075903195,0.122619524,0.321563389
SLC45A1,22.13919932,-0.047878043,0.114106583,0.122630491,NA
CYB561D1,613.794802,0.09163517,0.085478431,0.122647232,0.321563389
CDC16,1617.862033,0.074641751,0.057366896,0.122664423,0.321563389
SRGAP1,482.3774409,-0.089623854,0.11861169,0.122729204,0.321667255
TUG1,2745.472478,-0.07423551,0.057145793,0.122780553,0.321735882
GOPC,1151.166105,0.079516065,0.064051731,0.123026639,0.322246996
VPS9D1,1365.801559,-0.083269336,0.069724464,0.123039457,0.322246996
FYN,183.3998522,0.080207803,0.123771268,0.123051219,0.322246996
ZKSCAN8,872.6351338,-0.08147231,0.067141649,0.12313263,0.322358083
CDK20,124.7593655,0.084201985,0.122591034,0.123144066,0.322358083
PSENEN,1117.347,-0.0741279,0.057372164,0.123286712,0.322631711
ZNF10,116.6758204,-0.067228493,0.121762768,0.123299065,0.322631711
TPSAB1,15.95437306,-0.036380909,0.109698738,0.123337653,NA
RAC3,66.31948255,0.070610393,0.121706076,0.123478662,0.323035542
RASGRP3,3862.718676,0.065049425,0.047654039,0.123622661,0.323346097
TPM4P2,15.7972484,0.036243039,0.109656454,0.123650975,NA
TTK,429.9279048,0.09370089,0.093600191,0.123783624,0.323700887
RMDN2,196.9805538,-0.0921536,0.116306946,0.123826883,0.323747792
DOK2,1241.824925,-0.093456584,0.095744791,0.123979365,0.324014223
CAMSAP3,42.22449226,0.040969812,0.111322455,0.123979474,0.324014223
FECH,2139.131986,-0.067456829,0.050174943,0.124064862,0.324057934
CEP295NL,55.9633165,-0.059534295,0.118766648,0.12407438,0.324057934
KDM6A,951.1821432,0.07399342,0.057125941,0.124079991,0.324057934
ZCCHC4,270.6434071,0.09341058,0.106252475,0.124097587,0.324057934
ANTXR2,1742.523419,0.078807449,0.063055145,0.124127332,0.324069417
CDH5,7.719527119,0.0224949,0.105650353,0.124155175,NA
TMSB10,24112.34674,0.067161398,0.050439033,0.124358542,0.324564287
USP13,711.3762936,0.087537215,0.119947098,0.12439497,0.324564287
BARD1,319.6712424,0.094051671,0.095916726,0.124434871,0.324564287
SLC2A4RG,843.1608837,-0.094197269,0.109863877,0.124454335,0.324564287
NKRF,39.6233784,0.017173811,0.104623086,0.124454985,0.324564287
FASTKD3,171.1069906,0.093804526,0.10596327,0.124469198,0.324564287
BTRC,602.3741693,0.093296297,0.094382647,0.12462064,0.324743077
MTIF3,650.3695434,0.083980427,0.071240671,0.124621455,0.324743077
NME3,625.1804536,-0.085133338,0.073049733,0.124628299,0.324743077
RPS20,12471.13544,0.075922749,0.059839533,0.124654439,0.324743077
EBPL,155.9042288,0.088156054,0.118890311,0.124664765,0.324743077
CTNNA3,7.370073371,0.025723019,0.106480969,0.124725173,NA
IRF9,3067.989417,0.070239003,0.052666929,0.124762891,0.324889326
ZNF91,320.39455,-0.092113857,0.115189375,0.124771732,0.324889326
BEX1,11.19104933,0.032702629,0.108472486,0.124800791,NA
HDHD2,687.8492045,0.090640615,0.085175695,0.124841167,0.32496107
BCL9L,2461.161363,-0.094215278,0.104878153,0.124850119,0.32496107
LHPP,247.4887854,-0.093862451,0.098249557,0.124938628,0.325125251
SPATA6L,57.8256447,0.054702925,0.116811889,0.124995448,0.325206921
PTPRM,1438.13106,0.084973221,0.072859364,0.125096943,0.325354462
NSMF,1249.050234,-0.090515092,0.08442685,0.125103053,0.325354462
EIF1B,1225.346114,0.083516581,0.070466207,0.125184547,0.32550019
SPECC1L,1794.629981,0.071688486,0.054905524,0.125326302,0.325802516
SIAE,932.8049417,-0.07844486,0.062948658,0.125439819,0.326031325
KLHL2,1226.468526,0.085736157,0.075014982,0.12561364,0.326416745
GPR35,361.5383607,-0.09412854,0.105724931,0.125681527,0.326526787
RHOT2,2824.879235,-0.087597393,0.076898951,0.125857567,0.326917716
AP5M1,1395.159147,0.081901492,0.067961998,0.125905745,0.326976426
KCNA3,199.9365695,-0.087128506,0.119833556,0.12598883,0.327035828
THAP8,176.3783466,-0.091720395,0.116714328,0.125991669,0.327035828
GSN,48122.88186,-0.070231534,0.053449691,0.126019546,0.327035828
TNIP2,1186.853172,0.073327314,0.056944407,0.12605036,0.327035828
GID4,583.5369425,-0.086541107,0.076406906,0.126056516,0.327035828
GYPC,948.5713645,0.080594481,0.066488202,0.126114908,0.327120938
NME9,37.03859109,0.05776919,0.117964171,0.126183672,0.327232911
PGBD1,134.2271038,0.087510172,0.120221483,0.12623404,0.327297141
B3GAT2,20.41148113,0.040902152,0.11127814,0.126246019,NA
AP3B1,2924.993296,-0.068811421,0.052091991,0.12628023,0.327350515
UNC80,89.86403222,-0.080456564,0.123211027,0.126424036,0.327567093
LHX2,256.6805595,0.0933722,0.108716522,0.126439226,0.327567093
FKBP14,352.8946062,0.091149427,0.11485493,0.126444948,0.327567093
AK5,43.32049436,-0.044346629,0.112533949,0.126481411,0.327567093
XRCC4,258.389812,0.093728458,0.103887505,0.12651398,0.327567093
MTCH1,7066.320738,-0.052566842,0.038006755,0.126520872,0.327567093
TOP1,3136.946727,0.07253113,0.057316682,0.126543127,0.327567093
DDX19A,1532.513786,0.076765237,0.061104451,0.126625407,0.327689701
TYRO3,86.60387116,0.063761558,0.120139882,0.126641753,0.327689701
HSD17B12,3070.556566,0.079144536,0.064591248,0.126693066,0.327718168
UBE2L3,3330.113669,0.080473796,0.064790005,0.126734254,0.327718168
TM2D1,585.1344469,0.088444481,0.08087995,0.126756351,0.327718168
RNF103,939.2431,-0.078623601,0.063496817,0.126758382,0.327718168
ZNF570,145.3247704,-0.084811295,0.121706664,0.12678092,0.327718168
ADORA2A,7.61795245,0.022731489,0.105727782,0.126785888,NA
TBX6,24.38949089,-0.046560953,0.113417217,0.126791239,NA
SLC25A18,54.84800132,-0.062232616,0.119741378,0.12688577,0.327922896
RNF114,2646.450379,-0.068345021,0.051408235,0.127068475,0.328328709
TIMELESS,1463.125518,0.076974513,0.061044293,0.127180708,0.328521963
TUBG2,432.4719499,-0.091312527,0.088775238,0.127194659,0.328521963
PEX26,1704.903957,-0.088503333,0.081137535,0.127248715,0.328595198
TLN1,31923.8544,-0.082404155,0.068412381,0.127356068,0.328806005
CIAPIN1,1007.845285,0.0776016,0.062688558,0.127408371,0.328874627
LTBP1,8.780918896,-0.024824179,0.106177146,0.127426317,NA
ALS2CL,173.2411231,0.069158808,0.121656516,0.127485811,0.329008092
METTL9,1553.258117,-0.079737451,0.065484219,0.127604958,0.32924912
CCDC86,661.2246357,0.083464084,0.071514844,0.127759323,0.3295809
SSBP3,1674.262232,-0.087931462,0.079793993,0.127792007,0.329598711
B4GALNT1,8.664550467,-0.021368883,0.105397891,0.128043632,NA
ARL6,81.77569838,0.055768819,0.117018275,0.12805149,0.330201352
OGDH,4912.558307,-0.066922743,0.050375548,0.128098256,0.330226255
EVC2,45.44798218,-0.059829489,0.118726505,0.128114565,0.330226255
ADAMTS13,84.158266,-0.068475493,0.121366431,0.128155425,0.330226255
PLEKHG4,313.9784128,-0.090463686,0.115842638,0.128164464,0.330226255
SEC31A,3545.093476,0.07078856,0.0544436,0.128193237,0.330233837
TLE4,1253.300136,-0.085121374,0.07495414,0.128382739,0.330569224
PUS7,190.1285898,0.085900556,0.119859461,0.128390953,0.330569224
ORC1,263.4851655,0.092878542,0.101287121,0.128400998,0.330569224
LTO1,615.5458203,-0.082480212,0.069877359,0.128580354,0.33096433
YWHAQ,4749.284731,0.07892213,0.064839147,0.128627411,0.331018809
NUDT8,49.69383568,0.057761492,0.117748316,0.12870736,0.331099871
TCHH,160.0314072,0.092319586,0.108984702,0.128710704,0.331099871
KCNK13,2191.602991,-0.067182067,0.050233718,0.128823728,0.331323951
ERI3,693.4369366,-0.086176003,0.076924753,0.128851959,0.331329907
KIF13B,2686.660321,-0.079056548,0.064516914,0.128918278,0.33143378
ESYT1,4545.515382,-0.072007544,0.05608581,0.128958167,0.331456005
SUSD1,2551.309689,-0.060017046,0.043811577,0.128978774,0.331456005
CPSF4,836.1606642,0.083404016,0.071930908,0.129089948,0.331675036
ALG3,1334.146245,-0.08138571,0.068738419,0.129147065,0.331755119
SH3D21,815.8204367,-0.092792101,0.104167985,0.129341257,0.33213934
SAMHD1,25088.85695,-0.049637305,0.035272789,0.129356515,0.33213934
MACROD1,150.9894529,-0.091004963,0.113479277,0.129374573,0.33213934
ISYNA1,1152.781609,-0.089779993,0.086117095,0.129457516,0.332229901
UNC93B1,6662.178159,-0.075008151,0.059695668,0.129493697,0.332229901
TOX4,1822.341404,-0.067617139,0.051198614,0.129508034,0.332229901
PAFAH2,988.1542598,-0.085765664,0.076524862,0.129513792,0.332229901
AIF1,3589.194123,-0.069587904,0.053418584,0.129603324,0.332392879
C5AR2,500.3977335,-0.090998672,0.090664477,0.12967602,0.332453467
GNG12,1646.806723,0.079292751,0.065532386,0.129689202,0.332453467
RRAGD,2525.974217,-0.078678525,0.064878667,0.129722533,0.332453467
SGF29,341.000364,-0.090289766,0.08804383,0.129752055,0.332453467
HNRNPM,7946.481353,0.068795146,0.052473478,0.129756965,0.332453467
CMPK1,3481.535879,0.065884433,0.049780388,0.130054365,0.333087994
ASAP1,4483.264306,-0.066815185,0.050321493,0.130056728,0.333087994
REEP3,1741.028369,0.079006979,0.065302775,0.130166543,0.333302473
RGL2,2796.616566,-0.082197689,0.070963306,0.130240561,0.333425226
RAB31,9824.447382,0.05798987,0.041391271,0.130358214,0.333659614
RSU1,2577.501276,-0.067890952,0.051730308,0.130507848,0.333884112
RPRD1A,861.4021766,0.084939223,0.07560564,0.130529264,0.333884112
PDE8A,1814.726041,0.076857505,0.064507452,0.130537007,0.333884112
RANGRF,491.4271957,-0.085048904,0.075561421,0.130550385,0.333884112
KLHL5,2916.831457,0.083078039,0.071993527,0.130700013,0.334199933
ANKRD24,70.06320362,-0.063800817,0.119600012,0.130754649,0.334272784
JMJD4,461.4393853,0.088631605,0.084346558,0.130808157,0.334342719
BIRC5,1052.73579,0.080961883,0.068607017,0.13090573,0.334499133
SSR1,4618.928347,0.068410145,0.051877481,0.130921679,0.334499133
COQ3,75.96112951,0.07389149,0.122208483,0.131007495,0.33461059
APPL2,766.6991127,-0.086626488,0.078920179,0.131017647,0.33461059
ENO3,560.5580608,0.092470106,0.090695397,0.131077163,0.334695733
IFIT1,5906.632698,0.064882222,0.119949011,0.131107455,0.334706234
TMEM156,188.6726015,0.08099317,0.121436441,0.131259604,0.335027758
SF3B2,5428.258045,-0.073452797,0.058851037,0.131505984,0.33551931
LSP1,8494.804911,-0.077938416,0.064227817,0.131544519,0.33551931
C4A,52.0369738,-0.043940214,0.112207671,0.131556244,0.33551931
SMIM10L3,261.1211269,-0.091416368,0.095433623,0.131557161,0.33551931
KANK3,48.82434369,0.060668587,0.118682735,0.131624999,0.335624655
RPL9,6312.683138,0.08164075,0.069526264,0.131650969,0.335624655
VPS13C,2490.566021,0.079951186,0.067109825,0.13170133,0.335650759
ZNF525,164.0502668,-0.078557038,0.12146181,0.131746676,0.335650759
FBXO45,604.768494,0.086021895,0.078288312,0.131757243,0.335650759
ABCB6,133.2775565,0.084763905,0.120202281,0.131766223,0.335650759
SYT3,10.35190086,0.025522453,0.10631412,0.131776935,NA
RNA5-8SP6,448.1398778,-0.044259765,0.112384464,0.131803292,0.335678304
IL4R,4094.648414,0.061798244,0.045673852,0.131948194,0.335863695
PRTFDC1,69.10452545,0.063521832,0.118856258,0.131951054,0.335863695
ACTL6A,899.2810835,0.084527361,0.077649197,0.131954895,0.335863695
RPSA2,610.4079448,-0.081777143,0.06990823,0.132108637,0.336163199
SDE2,645.2699824,0.082866138,0.072259892,0.132125152,0.336163199
NEK6,8479.844942,-0.079266298,0.067367592,0.132185683,0.336250291
TLR10,58.66883272,0.046268012,0.11302189,0.132323962,0.336535081
CNOT10,505.4561611,0.090072489,0.09032402,0.132362507,0.336545648
LMX1B,6.652454987,-0.025606005,0.106364072,0.132379335,NA
TRMT61B,215.6819715,0.091491674,0.101296751,0.132380764,0.336545648
NOB1,1016.069958,0.073807758,0.058942078,0.132444632,0.336641078
RNF224,19.87380717,0.043006628,0.111904253,0.132485257,NA
L1CAM,12.19166084,0.028924794,0.107178716,0.132554233,NA
ELL2,3772.555525,0.082037467,0.071187744,0.132742318,0.337330658
NET1,255.9285119,0.091156311,0.096590626,0.13290081,0.337596917
IGSF3,69.64339791,0.061754238,0.11873309,0.132930211,0.337596917
PALS1,746.287066,-0.083267616,0.073302834,0.132990615,0.337596917
ZFAND5,7211.310726,0.065647441,0.046731584,0.132997045,0.337596917
DDIAS,160.6450919,0.078033396,0.12091463,0.133041816,0.337596917
THEMIS2,2663.646812,0.077175369,0.061236719,0.133052941,0.337596917
TRIM21,1768.511554,0.083086767,0.073404671,0.133056926,0.337596917
TRAF7,3855.410424,-0.082751492,0.071425804,0.133105275,0.337596917
PROCA1,129.9700932,-0.0876056,0.116047036,0.133128142,0.337596917
TSPOAP1,73.15061547,-0.060415053,0.118278054,0.133131977,0.337596917
MSH2,765.4846652,0.084495277,0.075278982,0.133137556,0.337596917
EPCAM,16.91279495,0.031805228,0.10806174,0.133237049,NA
TXNRD1,4865.978428,0.065120046,0.049375714,0.133281197,0.337894131
SLC30A7,1129.048918,0.082760937,0.071922863,0.133355894,0.338016476
RXFP4,13.80078527,0.032523459,0.10829297,0.133578826,NA
NTHL1,111.3915671,0.081764578,0.120661898,0.133689675,0.338732242
ELP3,1283.490543,0.074183566,0.060483386,0.13369127,0.338732242
MYT1,8.045202667,-0.027319888,0.106782461,0.133741911,NA
ALDOA,31397.57203,-0.073823831,0.059403458,0.133842324,0.339047774
KCTD17,796.9761751,-0.08442672,0.075904465,0.133941873,0.339232735
DIAPH1,7014.532172,-0.076930174,0.063383289,0.133975538,0.339250793
SLC4A3,13.18763407,0.034014498,0.108709824,0.133978404,NA
TTC13,578.2326839,0.084519181,0.076244039,0.134100712,0.339500515
SRRT,3256.820644,0.07825054,0.065647061,0.134223819,0.339676171
THY1,62.99927377,-0.050303352,0.114543698,0.13425121,0.339676171
MRPL46,392.3504773,0.0893087,0.08826278,0.134273444,0.339676171
COPE,3564.008673,-0.064103584,0.04861409,0.134276368,0.339676171
IQGAP3,1470.912148,0.084511178,0.078441423,0.134316696,0.339710971
IFITM1,418.5406985,0.076240093,0.121466653,0.134431927,0.339935163
PYGM,10.91666081,0.024395479,0.106002413,0.134439709,NA
BTAF1,1820.855996,0.070190601,0.055175927,0.134522226,0.340096234
PDE7A,427.9960122,0.087369999,0.083264985,0.134566376,0.340140592
PPP1R37,1506.552522,-0.087821607,0.085089081,0.134626655,0.340225694
ZBTB22,811.71363,-0.082254105,0.072160607,0.13469619,0.340334149
AGK,764.0794053,0.077964272,0.066144756,0.134766989,0.340419322
KBTBD6,193.6364003,-0.090040278,0.108819302,0.134791405,0.340419322
KAT6B,1111.678693,-0.072218616,0.057573141,0.134809779,0.340419322
RUNX2,412.5727455,-0.0838085,0.118686906,0.134920911,0.340632672
DOCK10,8405.978231,0.084127027,0.075359439,0.134975224,0.340702514
MIDEAS,1615.05029,0.090795345,0.102074261,0.135014847,0.340735259
CSTF2,472.1453891,0.087594687,0.084153038,0.135081587,0.340836411
ZNF555,125.2334968,-0.06967437,0.12052232,0.135159889,0.340906507
SUPT4H1,2292.139778,0.091442959,0.085981207,0.135162697,0.340906507
HIPK1,2751.085934,-0.062241454,0.04678109,0.135196813,0.340925296
MRPL43,1212.511722,-0.075374312,0.061777176,0.135256495,0.340959089
MAP10,83.22632692,0.077814542,0.121007912,0.135263551,0.340959089
SMURF2P1,35.62240442,0.057253132,0.117083044,0.135326532,0.341050605
PPIAP41,15.49961765,0.037731564,0.110009587,0.135411999,NA
DOK6,8.819050373,0.016740725,0.104458564,0.135420303,NA
ICOSLG,3994.102151,-0.082917109,0.073819305,0.135503698,0.341429794
NAPSB,7.685978278,-0.024668736,0.106112701,0.135520018,NA
ADGRV1,170.055442,-0.090319436,0.104380072,0.13562472,0.341667397
CXCL10,362.9952571,0.037407907,0.109856172,0.135705209,0.341745119
SNAPC1,182.6337875,0.090267995,0.107710061,0.135709032,0.341745119
SEC13,2878.72915,0.065938114,0.051485265,0.135774772,0.341778178
AVPR2,30.17627232,0.047903984,0.113604108,0.135775625,0.341778178
NCKAP1,469.2726207,0.089655072,0.108830452,0.135830964,0.341850172
LRRC8E,64.0289062,0.052316091,0.115159892,0.135875269,0.341894374
IKZF4,375.4252952,0.0891211,0.100487484,0.135918971,0.341937043
KLHL23,23.87839594,0.032225186,0.10815766,0.135941147,NA
RFFL,1299.416016,-0.079190404,0.067310472,0.135985123,0.342036159
CDC25C,137.4164107,0.085210439,0.116989901,0.136036124,0.342063691
DRC12,45.70939857,-0.060487484,0.118038304,0.136049579,0.342063691
IGFBP4,2265.34503,0.08805322,0.086254606,0.13616538,0.342231895
GNAQ,4021.694874,-0.07724258,0.063228577,0.136170016,0.342231895
PTPN21,143.0098851,0.071216186,0.120443616,0.136390681,0.342719116
PCMTD1,2022.618509,-0.064671641,0.049524012,0.136431105,0.342753326
TMEM255B,281.6580637,-0.09010309,0.097300991,0.136507325,0.342877436
PHOSPHO1,563.3394109,-0.089749912,0.10733304,0.136573341,0.342975872
PRELID2P1,16.23617871,-0.037922729,0.109957125,0.136642399,NA
CHD3,3648.677328,-0.083199918,0.073930883,0.13665143,0.343045325
CCDC183,113.1224296,-0.081098295,0.11960901,0.136654661,0.343045325
KCNA2,84.17709462,-0.064067452,0.118958774,0.136708448,0.343112977
EIF3B,4709.986288,0.056161209,0.041158602,0.136992395,0.343703586
DOK1,2405.175532,-0.077491668,0.065387616,0.136997534,0.343703586
RASSF4,14657.87341,-0.062226282,0.047120383,0.13708005,0.343843131
SDSL,1303.351121,-0.078608388,0.067282339,0.137139752,0.343889849
LIAS,368.8981943,0.0900673,0.097256536,0.137152471,0.343889849
RAB2B,603.4679426,0.084685571,0.078208643,0.137298311,0.344110534
REEP1,413.6132847,-0.089513516,0.104651446,0.1373263,0.344110534
SARM1,168.6969244,-0.062440075,0.11865387,0.137345827,0.344110534
TMEM116,178.9191905,0.089559965,0.105999293,0.137373391,0.344110534
GOLGA4,2810.783054,0.081316026,0.068111345,0.137375062,0.344110534
HLA-C,29969.07194,-0.064840571,0.049748539,0.137410921,0.344132933
RAD51,297.5274981,0.088938151,0.091775012,0.137593386,0.344522413
SLIT1,11.23531151,-0.014884374,0.104187613,0.137600642,NA
ZNF224,747.5515598,0.084869264,0.075489897,0.137655229,0.344609772
ZNF205,416.4900692,0.087512112,0.085729939,0.137765777,0.344768558
LHX4,56.69170237,0.066004997,0.120304734,0.137790329,0.344768558
PNN,2862.771416,0.065597579,0.052646793,0.137809997,0.344768558
ABHD15,750.536214,-0.080164176,0.069850421,0.13789626,0.344768558
CDC42EP3,522.3364706,-0.089859854,0.104625601,0.137926636,0.344768558
SS18L2,334.9120255,0.089255691,0.093442812,0.137947323,0.344768558
POLR3G,62.38806281,0.056903414,0.116652241,0.137975518,0.344768558
LMO7,319.920428,-0.086986951,0.114628054,0.137982969,0.344768558
ANKRD6,303.8929623,0.089015628,0.09937468,0.137995713,0.344768558
TMEM19,1569.710388,-0.080317236,0.070094431,0.138011697,0.344768558
CAAP1,572.0593573,0.088812539,0.08828344,0.138036772,0.344768558
AEN,628.7241577,0.08308436,0.07522656,0.138066429,0.344768558
ZMYND8,1869.507732,0.092725833,0.100618915,0.138069223,0.344768558
ATP6AP1L,24.80184745,-0.047808729,0.113446913,0.138218302,NA
LSG1,1254.986061,0.077805519,0.066161533,0.138260322,0.345178328
DYSF,8623.486008,-0.082099898,0.074321257,0.138294969,0.345197419
ANP32B,5986.143609,0.078168184,0.068992891,0.138394863,0.345339468
MAP4K3,965.5621485,0.0900069,0.097724434,0.138426725,0.345339468
NIF3L1,442.8364403,0.084397815,0.077446982,0.1384592,0.345339468
FOLR1,86.62987356,-0.061337806,0.118149315,0.138459923,0.345339468
PHF19,1681.077685,0.066950981,0.052617021,0.138663045,0.345658659
MIGA1,405.6362433,0.089466826,0.100463846,0.138680884,0.345658659
FBXO17,102.7025057,-0.08104564,0.118742342,0.138685844,0.345658659
ZNF514,487.027375,-0.084213461,0.077930018,0.138696044,0.345658659
PHF12,1883.104166,-0.080540782,0.070479752,0.138798526,0.345846649
CDH26,14.52856549,-0.030070595,0.10745152,0.138815983,NA
GPKOW,665.1039433,-0.080561221,0.069387205,0.138857354,0.345925814
ATP13A1,5459.602207,-0.084145109,0.078332456,0.138904403,0.345975608
LPIN2,2842.572881,-0.069634396,0.055499098,0.139026489,0.346212244
SLC25A29,1254.089657,-0.082129123,0.071451771,0.139227637,0.346645636
ACLY,4956.896639,0.072892784,0.059474314,0.139258204,0.346654234
PRH1,17.87337366,0.035800516,0.109246272,0.139315272,NA
TRIM5,858.6799002,0.089938182,0.10373322,0.139339377,0.346788774
VAMP5,118.1583996,-0.088223842,0.114592354,0.139403676,0.346881275
WAPL,2841.299265,0.061430865,0.045882779,0.139451305,0.34693227
KIF5A,12.44331566,0.027901506,0.106868133,0.139503261,NA
DNAJB5,266.2616487,0.088636539,0.108168097,0.139515319,0.347022715
ZMYM5,349.5065864,0.08851396,0.09276727,0.139541946,0.347022715
AUNIP,63.87666533,0.055902035,0.116270602,0.139651556,0.347227759
TCAF2,57.64146666,-0.062161191,0.11834646,0.139697183,0.347260529
ABCF3,1775.643212,-0.069208211,0.054876895,0.139719058,0.347260529
OAZ1,20580.939,0.048591339,0.034992587,0.139844365,0.347504413
ANO6,2611.222191,0.066469179,0.05202288,0.14004534,0.347880347
ZNF436,428.9234738,-0.089024187,0.099370943,0.14005007,0.347880347
PUS3,193.219896,0.088169191,0.107559496,0.140081862,0.347891726
TRIM58,86.07074705,-0.071957322,0.120132784,0.140133874,0.347953307
KANK2,333.1093299,-0.085769891,0.114020751,0.140232293,0.348065029
PPP1R12C,4294.305754,0.066987202,0.052353936,0.14024573,0.348065029
PPP1R21,620.9782484,-0.086104243,0.084498055,0.140260542,0.348065029
SPDYE2,409.4495232,0.088885977,0.102002156,0.140295216,0.348083513
KCNS3,7.902709487,0.025352977,0.106230779,0.140396341,NA
ADAT2,264.3689816,0.086317041,0.112399024,0.140517209,0.348523848
C14orf93,237.1042346,-0.08918623,0.106172953,0.140527214,0.348523848
CLASP2,1526.555658,-0.087416213,0.089756818,0.140592568,0.348618305
WNT2B,185.1941252,-0.087726709,0.109891971,0.140849462,0.349139224
DIDO1,2251.568675,-0.070169268,0.055582773,0.140861828,0.349139224
POP7,531.4396833,0.082042501,0.074394965,0.140889346,0.349139224
FRG1,806.8848367,0.083689619,0.07850594,0.140911881,0.349139224
B3GALT9,133.9189449,0.082820707,0.11663415,0.140995492,0.349244237
CHST11,9636.799822,-0.087832112,0.091891482,0.141008897,0.349244237
TM7SF3,2063.581772,-0.084278864,0.079168496,0.141071554,0.349331749
RAB37,27.6256845,0.039077437,0.110239006,0.141127561,NA
POLK,1033.960434,0.077015648,0.065842501,0.141130119,0.349356301
LYRM4,496.2380804,0.087159713,0.08766078,0.14113612,0.349356301
PSPC1,1449.907191,0.067291802,0.053219767,0.141295614,0.34960858
THOC1,736.248293,0.076931566,0.065476894,0.141307117,0.34960858
RPS12,8788.137543,0.078883959,0.069350539,0.141330404,0.34960858
THEM5,12.04513297,-0.028230957,0.106940763,0.141332467,NA
GLIS3,88.15401473,0.047842706,0.113239589,0.141347419,0.34960858
GNL1,1863.671388,-0.075684458,0.063685877,0.141460034,0.349819445
SDCBP,12380.18411,0.072987864,0.063465257,0.141546004,0.349946802
RARS2,715.1842521,0.078338308,0.06737112,0.141583149,0.349946802
RAB30,114.3389258,-0.079165155,0.118493238,0.141593649,0.349946802
DNAAF3,26.25233386,-0.037591048,0.109696221,0.141643179,NA
HIRA,2168.210614,0.072359702,0.059312788,0.141662445,0.350049161
ARFGAP2,2766.241458,-0.067483197,0.053551975,0.141774927,0.350249933
GYS1,1643.840354,-0.082229893,0.075059529,0.141798487,0.350249933
PXYLP1,46.64412289,0.052680911,0.114940773,0.141868231,0.350354516
NSUN3,395.7400158,-0.088329458,0.103836436,0.141913178,0.350392765
LRRC37A2,1228.170936,-0.07010854,0.056573422,0.141938532,0.350392765
ZNF583,98.57595792,-0.051445381,0.114517332,0.142108698,0.350695627
ASCL2,134.6284845,-0.084503438,0.113997574,0.142119421,0.350695627
ADCY4,255.4877565,-0.088298297,0.097194701,0.142144393,0.350695627
TMEM50A,4463.71264,0.070771908,0.057685717,0.142192674,0.350695627
SERPINF2,304.3867421,-0.088503456,0.097116696,0.142198368,0.350695627
TMEM9,577.016899,-0.079677091,0.070617044,0.142414804,0.351110798
GNB4,5713.3033,-0.070285565,0.057235744,0.14243961,0.351110798
CEP72,109.8985336,0.081304656,0.117222898,0.142449097,0.351110798
MBIP,416.8539892,0.085919935,0.084744842,0.142533295,0.351244562
APOC4-APOC2,402.6893592,-0.087474513,0.090791309,0.142558313,0.351244562
GEN1,605.8134,-0.084152414,0.081340675,0.142625977,0.351294225
TMEM126B,823.3412632,0.081435352,0.074425455,0.142633424,0.351294225
SUMO3,4416.767033,0.059809187,0.045318667,0.142674247,0.35132709
ZNF133,294.6707324,0.088034737,0.09716584,0.142816849,0.351566762
MND1,89.36090694,0.0650288,0.118520464,0.142826575,0.351566762
HSPA8,12299.15984,0.072120667,0.057851967,0.142892377,0.351605108
DAG1,836.4306604,-0.083732502,0.078877065,0.142897156,0.351605108
ADTRP,48.03055847,0.056143753,0.116138461,0.143124259,0.35207156
INSYN2A,14.26495523,0.035667142,0.109115686,0.143131835,NA
XDH,10.71984744,0.019806218,0.104983532,0.143137196,NA
MRPS27,1125.026342,0.087016692,0.087539274,0.143141804,0.35207156
TSPO,4407.488284,-0.063206828,0.049441799,0.14334223,0.352496713
CARF,261.3695548,-0.079007302,0.11795014,0.143396876,0.35256328
IFI44L,5198.647157,0.075272087,0.115903881,0.14342587,0.352566765
CCNH,799.5411591,0.084861422,0.079108804,0.143563915,0.352838264
OXSR1,1332.289292,0.079802894,0.071119295,0.143594516,0.352843284
VRK3,844.2063866,-0.079761735,0.071310489,0.143675739,0.352843284
NASP,1607.492577,0.07493672,0.063467754,0.143691568,0.352843284
ZNF175,541.6720287,0.082121123,0.075666141,0.143692702,0.352843284
AVL9,1574.931254,0.082491114,0.075615874,0.143703949,0.352843284
DCAF8,3385.729004,-0.072769661,0.060296239,0.143770759,0.352930849
PHC1,455.3214836,0.087005327,0.106765933,0.143807718,0.352930849
ZNF841,250.8773305,0.085953747,0.110189723,0.143822426,0.352930849
MEIS3P2,10.88330362,-0.030592875,0.10756227,0.143850211,NA
ULBP1,129.283461,0.083916729,0.114070275,0.143854003,0.352940592
HMGN4,1246.056635,0.093424775,0.092275778,0.143950312,0.353109121
NBAS,912.0854787,-0.081997879,0.076148909,0.144042175,0.353266681
SLC25A37,912.4286582,0.087339816,0.106269604,0.144099926,0.353340536
MTCH2,2111.166205,0.074614464,0.063128108,0.144294459,0.353749695
OVOL1,136.4010399,-0.067713911,0.118802415,0.144377478,0.353768116
AGPAT5,831.1501839,0.082784137,0.077534753,0.144392262,0.353768116
GTPBP1,1988.357089,0.080478999,0.074263132,0.144431808,0.353768116
AGAP3,6241.141584,-0.078769729,0.070308707,0.144439059,0.353768116
BOK,247.0079353,-0.083011893,0.112723069,0.144440326,0.353768116
PSPN,76.79470708,-0.066228317,0.118646506,0.144508598,0.35382189
RPS24,9552.929681,0.086829895,0.08301492,0.144517631,0.35382189
COX7A2L,2164.550563,0.084712529,0.090833766,0.144561431,0.353861363
ARL5B,575.9313669,0.084052018,0.080821925,0.144623877,0.353946452
ZNF274,696.5814991,0.079298511,0.070266296,0.144681315,0.354019255
MAST1,30.75388752,-0.045199178,0.112168616,0.144717912,0.354041046
MLEC,6809.214069,0.062740386,0.048303615,0.144761169,0.354066961
B4GALNT2,327.4242865,0.087606347,0.102689023,0.144783893,0.354066961
DDX60,2182.790265,0.088787065,0.089967964,0.144821543,0.354091303
ARHGEF4,8.235142579,-0.024870783,0.106072097,0.144907773,NA
RASGRF2,10.51753794,0.023032833,0.105633645,0.145209514,NA
SUZ12,1653.375622,0.076807097,0.066833913,0.145249525,0.355069823
HEYL,18.31971177,-0.036236261,0.109237857,0.145287528,NA
PCID2,607.4100409,0.078225469,0.069206654,0.145394815,0.355357048
LY6G5B,395.3124092,0.085937454,0.087967113,0.145484781,0.355508969
PARP14,10641.33723,0.082045727,0.07614869,0.14555239,0.355605187
ERF,2615.830577,-0.077826922,0.06810836,0.145579785,0.355605187
CENPH,172.6875978,0.08581106,0.108458171,0.14562382,0.355644801
ACTR6,400.8176247,0.086759025,0.104112967,0.145708738,0.355784228
ZNF75D,427.8137349,-0.086912085,0.092141155,0.145825598,0.35600158
ARMCX2,129.4205596,0.067849577,0.118721367,0.145923129,0.35617167
B3GALT6,947.0186261,-0.076047144,0.065606637,0.145957568,0.356177358
IFI16,7306.634229,0.077264544,0.071617108,0.145981178,0.356177358
NOTCH2,5595.801763,-0.079028371,0.071147693,0.146122297,0.356453647
SPTY2D1,891.2766851,-0.080001871,0.072435492,0.146225721,0.356591527
ELOC,2106.842683,0.077797433,0.068761501,0.146234601,0.356591527
KIAA1143,984.1134952,-0.085553793,0.088292076,0.146287937,0.35661135
GALNT7,1679.531298,0.068043544,0.055151127,0.146298516,0.35661135
SCD,17836.32577,0.086470822,0.090778699,0.146639747,0.357374984
MRPL49,1139.771141,-0.067276725,0.054206491,0.146708682,0.357446742
ATP5MC1P4,8.903155396,-0.027639994,0.106732026,0.146716044,NA
APOLD1,48.41981294,-0.041331046,0.11083283,0.146725108,0.357446742
SGPL1,4025.566433,-0.069075458,0.056548295,0.146763461,0.357472062
APOBR,11178.24022,-0.074591274,0.063413744,0.14681428,0.35748695
ASGR1,117.3241638,-0.081930676,0.11490917,0.146825497,0.35748695
NICOL1,226.2324408,-0.087049287,0.101492586,0.14688454,0.357562613
PDE2A,36.93225471,0.042845507,0.111317179,0.146949991,0.35764443
ACAA1,2469.969582,-0.059254515,0.045652,0.146979398,0.35764443
THOC3,1063.183371,0.070481137,0.058222695,0.147011,0.35764443
NRDC,4289.688801,0.064004481,0.050797858,0.147030045,0.35764443
JAZF1,467.4924492,-0.084670582,0.084604347,0.147170025,0.357912947
TMEM276,168.300563,-0.088004936,0.102669711,0.147196424,0.357912947
POLR1B,613.509985,0.08657718,0.089199128,0.14723469,0.357937918
ZNF131,717.9728361,0.083267795,0.080646628,0.147326609,0.358093289
FAHD1,1006.439327,0.068301764,0.055658601,0.147531149,0.358522285
NEPRO,1058.746995,-0.079785543,0.073414091,0.147592072,0.358556096
NOVA2,32.34394596,-0.025061098,0.10608485,0.147602991,0.358556096
DNAJC7,3049.697966,0.058312142,0.045094135,0.147629197,0.358556096
RCC1,1368.910313,0.077152693,0.068018085,0.14770145,0.358663446
BLCAP,3471.004168,-0.061211513,0.047786013,0.147774396,0.358772438
CYREN,1433.86331,-0.086726367,0.094529422,0.147921078,0.359060373
ZWILCH,459.5149104,0.085875362,0.105338858,0.147966927,0.359103486
FICD,274.7325199,0.079524601,0.114789724,0.148001849,0.359120067
GPN1,1019.39066,0.074095566,0.063489234,0.148167353,0.359364786
TRAF3IP3,324.8847296,-0.085309223,0.087592817,0.148181036,0.359364786
ABHD11,356.5650005,-0.086809308,0.099035014,0.148190426,0.359364786
PRDX4,1687.911629,0.063851244,0.051159221,0.148215136,0.359364786
MIA3,1658.526713,-0.080912967,0.075479652,0.148320429,0.359551894
SERTAD3,841.8276817,-0.077718041,0.069338383,0.148465861,0.359638458
SPMIP4,239.8659994,-0.082752092,0.11289271,0.148486944,0.359638458
CHEK1,461.4729094,0.086339621,0.103079168,0.148495604,0.359638458
SNTB1,3104.227143,-0.066301097,0.053583288,0.148518337,0.359638458
CMTR1,2356.895083,0.077527591,0.067458192,0.148540385,0.359638458
NQO1,139.9762164,0.078292925,0.116655995,0.148541436,0.359638458
KXD1,2049.192382,-0.071841579,0.05661436,0.148554924,0.359638458
OTOA,175.9838501,-0.084890374,0.112933283,0.148581176,0.359638458
MRPL33,527.2129879,0.083317633,0.081657501,0.148749773,0.359906729
PHYHD1,31.81197814,-0.050922255,0.113957676,0.148755312,0.359906729
ATP5MF-PTCD1,142.9750866,-0.063055453,0.117585469,0.148776462,0.359906729
TAF9,1059.035096,0.080792091,0.076242059,0.148965514,0.360229363
KCNN1,58.78377642,-0.042122277,0.11101958,0.148966183,0.360229363
SPEN,3200.445745,-0.080573828,0.075059102,0.149064904,0.360399924
ANKRD40,2160.386217,0.063087905,0.050523244,0.149124633,0.360467544
TMEM129,1694.038646,-0.070568675,0.058886668,0.149171408,0.360467544
HROB,192.2687823,0.087846858,0.104339004,0.149183452,0.360467544
CAMKK2,1426.289852,0.080703572,0.075450808,0.14920565,0.360467544
ZNF577,233.7650707,-0.083431774,0.111355743,0.149265493,0.360543988
EBF4,10.35557581,0.026270193,0.106346316,0.149291039,NA
FANCF,198.9432185,0.085316048,0.105226802,0.149303302,0.360567191
SLC39A9,1679.553702,0.066172264,0.053536245,0.149355271,0.360590572
C6orf132,61.20940714,-0.05339491,0.114612604,0.149384366,0.360590572
KATNIP,820.1745892,0.086008912,0.097545964,0.149397596,0.360590572
HTATSF1P2,140.3614806,0.082283989,0.113127347,0.149431315,0.360603882
DDX41,2659.109316,-0.066869048,0.054309563,0.149578744,0.360891534
PRKN,52.97156877,-0.05447746,0.11504962,0.149621476,0.360926523
USP38,990.1395558,-0.079706942,0.073098004,0.149654617,0.360938367
TXLNG,487.1927236,0.0810793,0.076114525,0.149936007,0.361548821
BCL2L15,43.78982587,0.043046644,0.111212616,0.14996876,0.361559606
MGST1,209.4929791,0.085947008,0.102391768,0.150072818,0.361708449
S100A2,48.88432446,0.056168001,0.11552275,0.150112223,0.361708449
ARHGAP28,49.85595393,-0.055438016,0.115355679,0.150115372,0.361708449
SMARCAD1,1283.405595,0.077493803,0.069405662,0.150179936,0.36173788
BMS1P20,630.5116529,0.076411905,0.067914471,0.150184174,0.36173788
AKAP17A,2215.595686,-0.07934182,0.073491759,0.150389718,0.36216331
TPGS2,1600.302019,-0.068767571,0.056819596,0.150417456,0.36216331
HOXB1,14.18945008,0.030551101,0.107473952,0.150486628,NA
PPP4R3B,2561.536047,0.072115459,0.061256479,0.150495066,0.362281947
NFKB2,3170.922867,0.081315614,0.076054769,0.150525419,0.3622868
LSM14B,998.5939311,-0.073233914,0.062776912,0.150617469,0.362440117
FUNDC2,861.7005875,0.082102235,0.080088765,0.150677947,0.362455664
AHCTF1,1382.73999,0.076472197,0.067830773,0.15068063,0.362455664
TMEM178A,188.3184515,-0.081548902,0.117137199,0.150760399,0.36253459
OASL,999.0285674,0.065179509,0.118692307,0.150770154,0.36253459
LYPD1,217.3572005,-0.07291606,0.117691516,0.15091626,0.362817672
PAIP2B,22.9195206,-0.045911546,0.112224131,0.151023379,NA
DVL1,1075.165799,0.083002366,0.082142707,0.151030997,0.363025249
CRCP,990.5554593,0.080706608,0.076490807,0.15114323,0.363226728
SCAPER,272.2111897,-0.063124718,0.117206256,0.151259855,0.36337477
AR,162.3808106,0.08228829,0.109326173,0.151261676,0.36337477
GCFC2,233.9027839,0.080540834,0.113743207,0.151316675,0.363438605
ZMYM2,1542.127661,-0.073519444,0.063580427,0.151415339,0.36358424
CATSPERG,65.82698331,-0.064477645,0.117170062,0.151434187,0.36358424
PAPPA2,21.46574635,0.01837149,0.104679613,0.151450199,NA
PGM3,1141.451956,0.075462837,0.065721828,0.151533456,0.363754268
FAM227A,54.20937311,0.0406961,0.110441615,0.151678483,0.364034054
MRPL41,1972.561813,-0.06957821,0.056098762,0.151904539,0.364502006
LRRC8D,1264.966399,0.083990832,0.081453943,0.15193048,0.364502006
INPP5A,200.2569786,-0.084506318,0.106551536,0.151994711,0.364571917
GLULP5,21.42429738,0.037749672,0.109574295,0.151999768,NA
TBCE,421.7860557,0.085921074,0.100490801,0.152016651,0.364571917
BRINP2,8.338241685,-0.022766458,0.105514522,0.152040408,NA
TFAP2C,118.6470096,0.080841971,0.113646328,0.152109119,0.364725261
FANCD2,630.0618419,0.079257959,0.112615738,0.152157458,0.364772754
EPC2,823.9207585,0.072074706,0.061822796,0.152201896,0.364810881
ATP1A3,7.893002045,-0.024238597,0.105880218,0.152283219,NA
PACSIN3,36.92941136,0.047485962,0.112541264,0.152290961,0.364955939
GALNT14,11.37351522,0.027201778,0.10658888,0.15230946,NA
UBL5,2110.597396,0.076616314,0.067990279,0.152437201,0.365035125
CHAF1B,213.4589696,0.084459124,0.1083234,0.152439082,0.365035125
ARHGDIA,13269.83737,-0.071792188,0.062254561,0.152448199,0.365035125
DNAJC5B,8.414414991,0.019011428,0.104780349,0.152477064,NA
NAP1L5,59.56578409,0.061495923,0.116808293,0.152500962,0.365035125
BTF3P7,31.08999354,-0.048546014,0.113041918,0.152513929,0.365035125
CLCN4,428.8183262,-0.076160496,0.115910077,0.152523266,0.365035125
MYLK,221.9783432,0.080171452,0.110073258,0.152523867,0.365035125
CHRNA3,158.1137613,0.083828503,0.108086483,0.152606732,0.365107546
CDT1,692.0537102,-0.084519535,0.092627251,0.152611242,0.365107546
AGBL1,14.82036648,-0.021938765,0.105300155,0.152655528,NA
ARPC4,8291.465724,0.05459438,0.041660494,0.152725761,0.365313163
THAP11,1017.071031,-0.075763054,0.067442433,0.152802963,0.365429458
HES4,44.74370136,0.053701602,0.114656834,0.15297221,0.365765794
AP5Z1,2733.982676,-0.071429411,0.061096619,0.153037253,0.365852895
NDUFB4,1353.524521,0.076581707,0.071801849,0.153075133,0.365875038
CTBP2,830.840369,-0.085589161,0.101363775,0.153114264,0.365900163
PRKAR1A,9472.558485,-0.06694155,0.054714699,0.153393858,0.366499809
PPP6C,1429.811427,0.078096042,0.074080356,0.153649634,0.366977376
ATG14,683.987104,-0.078112939,0.071993521,0.153704198,0.366977376
EIF4A3,3397.809835,0.07252357,0.061402154,0.153705576,0.366977376
POLDIP3,2288.603088,-0.083478304,0.084604051,0.153708553,0.366977376
DCPS,416.5527856,0.084432956,0.100457614,0.153821601,0.367063875
VPS39,2990.287502,-0.076362537,0.068368385,0.153826749,0.367063875
NBPF19,2372.294745,-0.075233528,0.067477799,0.153830914,0.367063875
MCCC1,1193.45523,-0.079378649,0.074631026,0.153880911,0.367114657
PHACTR2,1796.923677,0.069020273,0.057505935,0.153948382,0.367207103
CDKL5,215.9168038,0.084530862,0.104189516,0.154000979,0.367264039
PFDN5,3403.126819,0.074572151,0.066529913,0.154073611,0.367318434
CDCP1,996.0074218,0.072682783,0.063001438,0.154097476,0.367318434
PRIMPOL,221.5894004,-0.077498213,0.11483001,0.154109979,0.367318434
EFEMP2,96.12516122,-0.059021684,0.115752286,0.1541483,0.36734129
CD2AP,1536.975111,0.073186449,0.063666428,0.154271771,0.367567014
NUSAP1,949.90671,-0.077933494,0.072147624,0.154375069,0.36772482
TANC1,199.929373,-0.084677798,0.1018897,0.154418689,0.36772482
RAB35,3455.581488,0.063853178,0.051753032,0.154424291,0.36772482
TLE1,282.2758283,0.08414471,0.103989612,0.154457903,0.367729044
ARHGAP11A,897.8213487,0.084539587,0.106723548,0.15448359,0.367729044
TBCEL-TECTA,10.2308917,0.025844358,0.106294791,0.154574364,NA
ING2,430.5833386,0.083874105,0.090464559,0.154628833,0.367943633
IFI27L2,808.0587515,0.075815879,0.068074643,0.154631297,0.367943633
MEP1A,17.15343196,-0.035194201,0.108702075,0.154775633,NA
TMEM107,386.8939508,-0.084325987,0.091065724,0.154777921,0.368166241
SLC12A7,3534.013984,-0.077478123,0.070412224,0.154792274,0.368166241
TNFRSF21,1851.606991,0.07245702,0.061342928,0.1548365,0.368166241
SIGLEC11,665.2174623,-0.079641053,0.074512561,0.154840038,0.368166241
ZNF671,212.5712284,-0.082943378,0.108127312,0.155183728,0.368903295
IGSF10,77.18685776,-0.044197534,0.111491617,0.155208456,0.368903295
BBS9,155.8488177,-0.07792031,0.114251477,0.155284228,0.368903295
OR8G5,75.58169984,-0.06115658,0.116399006,0.155305764,0.368903295
TCTN2,285.9441656,0.08343639,0.105548768,0.155360076,0.368903295
SLITRK4,148.8738318,0.078365373,0.113282344,0.155383657,0.368903295
GLB1L,75.66453977,0.0680316,0.117218364,0.155423328,0.368903295
UPF1,4534.601199,-0.066704549,0.05550641,0.155431791,0.368903295
HCAR2,43.51293788,0.053218261,0.114390776,0.155435558,0.368903295
GGTA1,54.00963129,-0.058058802,0.115753768,0.155438565,0.368903295
IGFBP7,51.11963881,-0.063253318,0.116559269,0.155486319,0.368948142
ATP13A4,11.41094212,-0.020274608,0.10500007,0.155549354,NA
CLBA1,107.7748684,0.068486916,0.117395813,0.155612238,0.369167386
RAB3A,67.35598908,-0.06178182,0.116471102,0.155636465,0.369167386
RNGTT,447.1498918,0.084435918,0.093838527,0.15570537,0.36922205
TMEM163,187.3714936,-0.083275126,0.105920334,0.15571727,0.36922205
NINL,917.8836046,0.073541028,0.064802065,0.155777152,0.369295549
DCST1,12.89235046,-0.029644662,0.107156452,0.155784809,NA
ENSA,7642.007746,0.057797139,0.045515152,0.155852629,0.369338302
SETD1B,1975.876488,-0.08296483,0.08506563,0.155852964,0.369338302
OSBP,2472.684807,-0.066787073,0.055514759,0.155888458,0.369353954
SEPTIN14P19,6.099765288,0.020803012,0.105139086,0.155889718,NA
RPUSD3,740.5590851,-0.072302809,0.063039706,0.156111728,0.369683956
SPG7,2836.657762,-0.060806476,0.048638238,0.156132724,0.369683956
SETD1A,1497.843985,-0.076259916,0.070599424,0.156166514,0.369683956
HLA-DOB,20.33789372,0.040105397,0.110197488,0.15616864,NA
KIF11,1247.992107,0.069900636,0.059611307,0.156171435,0.369683956
CHTF18,899.3839443,-0.083735664,0.103694136,0.156172315,0.369683956
PYGO2,1065.53853,-0.079712388,0.076460905,0.156285641,0.369883732
KRT8P39,8.441183699,0.024432202,0.105893265,0.156346855,NA
SLMAP,1272.198637,-0.083768122,0.088285168,0.156518812,0.37036702
PDE4D,48.59500127,0.044431237,0.111523252,0.156590302,0.370467619
ANAPC2,1600.440016,-0.080847466,0.079140065,0.156707272,0.370675758
CDH3,9.553865734,0.023630079,0.105691875,0.156995602,NA
TMEM235,9.109572562,0.019166161,0.104837841,0.157005153,NA
ACTN4,9825.525843,-0.072924877,0.062586399,0.157082531,0.371494664
KLHDC10,1180.704909,0.083214855,0.085837145,0.157178005,0.37165171
PLEKHF1,545.4608513,0.080557991,0.079228993,0.157219386,0.371680816
LGALS8,2393.376533,0.065002493,0.053678248,0.157483346,0.372236009
FBXO41,1591.611356,0.079988875,0.075921247,0.157527974,0.37227267
PM20D2,449.89446,0.081534804,0.082250736,0.15758678,0.372342816
TAGAP,1335.46957,-0.076341143,0.071699828,0.157644616,0.372364421
GP1BA,56.04785934,0.060521419,0.116137829,0.15768931,0.372364421
MTFR1L,1310.153337,-0.079675911,0.07725031,0.157703898,0.372364421
TYMS,2271.801483,0.070895033,0.061301625,0.157712424,0.372364421
IDE,1231.020356,0.079878108,0.076918492,0.157767099,0.372390184
OSBPL2,1323.742673,-0.07204454,0.063110122,0.157790994,0.372390184
CEP164,1045.41464,0.076566887,0.070530714,0.157810717,0.372390184
STARD8,994.0058241,0.073657,0.065785614,0.157890491,0.372509674
DPP4,3664.370974,-0.072299031,0.06350165,0.158034928,0.372781653
ADCY1,18.81974966,0.028635812,0.106783466,0.158093127,NA
TMEM130,15.67560592,-0.027017424,0.10638326,0.158233498,NA
PHACTR4,1562.921772,0.072480286,0.063626007,0.158312061,0.373356056
TOM1L2,762.2021364,-0.082503828,0.105422839,0.158336843,0.373356056
SLC25A11,2935.048841,-0.068000192,0.057867371,0.158414567,0.373470447
ELF3,11.74313528,0.022397711,0.105381456,0.158518522,NA
PRKACA,3542.93494,-0.061333539,0.049640063,0.158519588,0.373587204
CHTOP,1870.09067,0.077388041,0.057092627,0.158522533,0.373587204
GPR63,20.21257211,0.037865513,0.109479897,0.158540416,NA
DRG1,1138.875854,0.065593244,0.054406872,0.158582999,0.373660827
MRPS25,1973.717389,0.074398364,0.066064327,0.158635495,0.373664929
ADGRE1,40.35564344,-0.045674701,0.111806449,0.158665064,0.373664929
BCL9,183.0757863,-0.079238125,0.111935001,0.158672421,0.373664929
RPL14P1,13.99357235,-0.030180384,0.107227742,0.158727724,NA
BCLAF3,360.1595071,-0.082173609,0.104253534,0.158981485,0.374323809
LITAF,9910.112238,-0.052838739,0.040401172,0.159012322,0.374327478
SNAPC3,802.9615547,0.082527704,0.086637184,0.15904987,0.374346942
CUL4A,2072.623602,0.062936945,0.051495431,0.159124958,0.374454738
MYO19,1225.020114,0.07652641,0.071227406,0.159183594,0.374523786
CCDC102A,31.86496206,-0.046089058,0.111975962,0.159218056,0.374535943
ITGB1P1,67.27488557,-0.011896519,0.103774532,0.159381083,0.374850468
ONECUT2,13.80507849,0.023852921,0.105674808,0.159403856,NA
ZNF512B,1112.550239,-0.077704831,0.073431632,0.15944852,0.374940102
EFCAB5,40.60150592,-0.053534304,0.114108369,0.15971438,0.375468218
CTSC,30193.20899,-0.071788407,0.059576379,0.159731845,0.375468218
PIDD1,463.2292149,-0.083268368,0.100990862,0.159824168,0.375562205
IWS1,1672.873135,0.070316323,0.061220796,0.15983058,0.375562205
MID1,53.02685086,0.062429189,0.116125309,0.159994158,0.375877492
CLIP2,3147.543437,-0.072696772,0.064065236,0.160243329,0.376393711
ZNF623,667.7916569,-0.076513883,0.071985144,0.160322493,0.376510483
SH3BGRL,7749.693953,-0.067410875,0.058438362,0.160629838,0.377150253
PRR16,6.633407074,0.019374895,0.104855162,0.16063953,NA
TMEM170A,874.5172019,0.079917543,0.080001386,0.160653913,0.377150253
CD151,4703.116757,-0.063269238,0.051874498,0.160768325,0.377288411
LIN37,325.6282719,0.081560779,0.08592535,0.160771784,0.377288411
NGDN,603.9551456,0.075992242,0.070678132,0.160891077,0.377499067
CYP4F8,16.56031598,0.036850586,0.10910029,0.160907124,NA
ZNF598,1467.809911,-0.075796125,0.070745153,0.160989867,0.37762814
CDIP1,1054.869594,-0.073660693,0.066894895,0.161005162,0.37762814
LRRC28,1053.450582,0.077181831,0.073460223,0.161194313,0.378002438
CDKN2AIP,1062.795282,-0.076108387,0.070840515,0.161259589,0.378086163
WWOX,285.7830741,-0.082688595,0.102117304,0.161311683,0.378138955
CCDC27,29.50961545,-0.048148864,0.112484411,0.161377498,NA
ZDHHC16,1046.822318,0.069233133,0.059895324,0.161464244,0.378375548
GJC1,61.75624773,0.035349292,0.108606719,0.161471802,0.378375548
ASIC3,146.5622498,-0.070562141,0.115961892,0.16150831,0.378378005
PRCD,49.37838522,-0.060095834,0.115540208,0.161532042,0.378378005
TMEM177,97.41966727,0.073735242,0.114855463,0.161721431,0.378752243
FBXL6,675.7813895,-0.082191168,0.08840867,0.161859325,0.378966062
SH3TC1,5832.716842,0.061651556,0.050668437,0.161872011,0.378966062
CDKN1B,1143.165139,-0.070470764,0.061926825,0.161975191,0.379138193
DDX52,1168.437782,0.077757156,0.074673447,0.162044624,0.379231287
RAB1A,8251.555791,0.066620269,0.056563523,0.162135527,0.379374581
MAP1LC3C,22.27926784,-0.040593945,0.110178075,0.16216066,NA
PGD,8653.277001,0.073069561,0.066331525,0.16233983,0.379783116
PKD1L2,44.37610904,0.05007565,0.113022721,0.162396907,0.379847138
SLC16A2,26.70865713,-0.045040534,0.111492694,0.162531287,NA
SLC25A5,7373.396202,-0.062398097,0.051519346,0.162638594,0.380342861
SMIM1,15.70590476,-0.034094885,0.108251527,0.162854627,NA
OPLAH,574.7432193,-0.083178767,0.094817743,0.162895298,0.380775437
CASKIN2,330.3852332,-0.082588096,0.097495108,0.162910488,0.380775437
FLVCR1,280.5499222,0.066566274,0.115901492,0.162912917,0.380775437
SSPOP,29.46644721,-0.044656,0.111384061,0.162999576,NA
MLF2,4913.839078,-0.064140011,0.054566919,0.163235202,0.381426341
SAPCD2,977.2334888,0.081249497,0.085452385,0.163251071,0.381426341
RIC8B,240.5631643,0.077959311,0.110833133,0.163308091,0.381461581
GPRASP2,87.05141004,-0.071194126,0.115419978,0.163325827,0.381461581
PRRT1B,15.11417197,0.028539262,0.106798342,0.163360617,NA
FCAR,26.68574914,0.038532163,0.109449497,0.163368934,NA
RPL23AP64,11.62822038,0.028093127,0.106694467,0.163409082,NA
SLIT2,61.0775165,-0.046411123,0.111806842,0.163593982,0.382018093
DAB1,8.806320793,-0.020518717,0.104999231,0.163735797,NA
CLEC1B,40.28635861,0.050886545,0.113142436,0.163736135,0.382280221
CEP290,443.3104931,0.081772737,0.089274472,0.163792212,0.382341324
KIF7,18.3548576,-0.033478997,0.108025057,0.163910319,NA
ZSCAN30,260.231123,-0.081898485,0.100151038,0.16392173,0.382573807
ZNF324B,165.5122635,0.066137206,0.115707332,0.163988348,0.382659433
LCTL,29.31862006,0.029313399,0.10691289,0.164004012,NA
TOP2B,3578.33712,-0.0588056,0.047731352,0.164044308,0.382692157
ARL4D,256.1453263,0.082213411,0.099165556,0.164082316,0.382692157
EIF4G3,2975.942334,-0.064159552,0.053688508,0.164092171,0.382692157
NMRK2,25.4667551,-0.041417946,0.110348041,0.164190118,NA
DDX28,712.1836697,-0.075686072,0.071401953,0.164318854,0.382979675
PLGRKT,458.4851926,0.081865248,0.090279444,0.164321199,0.382979675
GNGT2,408.6726605,-0.079785064,0.081581393,0.16435394,0.382979675
PRRG4,200.4771197,-0.081452867,0.104756673,0.164364729,0.382979675
CTTNBP2NL,1237.668604,-0.067009334,0.05738776,0.164390614,0.382979675
TRIP11,1272.617954,0.080115576,0.082225634,0.164395186,0.382979675
TRMT2B,507.7427534,-0.07704571,0.074301052,0.164452719,0.383043909
TCN2,124.1925406,-0.070223657,0.115249732,0.164507703,0.383090937
TMEM258,1416.029999,0.070176212,0.061711526,0.164532838,0.383090937
ZNG1DP,12.42133489,0.023149349,0.105557253,0.164556909,NA
ZFAND1,508.4319654,0.07783864,0.077095872,0.164593131,0.38316154
TARBP2,993.6077606,-0.076848591,0.073771792,0.164640918,0.38320301
ZNF226,377.6880448,0.081969631,0.102712636,0.164695198,0.383259575
TOB2,1727.493027,-0.080218831,0.085995497,0.164775432,0.383284119
S100A16,30.21254186,0.047978344,0.112344252,0.16479019,0.383284119
CNOT2,1505.807323,0.075284899,0.069798014,0.164805016,0.383284119
RDH10,1009.696588,-0.082131704,0.096126939,0.164825662,0.383284119
CDC5L,1503.055523,0.067504536,0.059190368,0.164878206,0.383305236
ITPR3,116.5148641,0.069667553,0.1141283,0.164922343,0.383305236
NME1-NME2,64.86416885,0.044844571,0.111371471,0.164932974,0.383305236
FGD4,1856.279384,-0.071872035,0.064796101,0.164954666,0.383305236
FAM186B,34.93280284,0.049575715,0.112725778,0.165013048,0.383371219
ZBED3,749.7174473,-0.081686971,0.092691229,0.165105114,0.3834442
PPP3R1,2454.154376,-0.062065659,0.051545266,0.165130493,0.3834442
DDX19B,912.6379834,-0.07191828,0.064642259,0.165154706,0.3834442
IFT25,404.8072586,0.081269947,0.0891034,0.165164428,0.3834442
C10orf95,79.70561126,-0.073050019,0.114372015,0.165294218,0.38367585
DCUN1D3,295.6445265,0.081686997,0.090018942,0.165414106,0.383884433
CCDC24,135.0372523,-0.079213116,0.10860647,0.165444924,0.38388627
GTF2I,10025.50485,-0.064109068,0.05411816,0.165504889,0.383944919
LMAN2L,477.0662401,-0.078553866,0.078648629,0.165530261,0.383944919
ROM1,46.61630001,-0.053769863,0.113667527,0.16558533,0.384002982
TBCCD1,335.6329783,0.081869727,0.092033227,0.165633873,0.384045895
MMRN2,369.2308134,0.079233031,0.108561794,0.165681716,0.384087169
POLR2F,823.2867967,0.0708181,0.063121536,0.165903545,0.384359258
MTMR9,454.1628462,0.077373799,0.075806554,0.165904154,0.384359258
NT5C3B,310.0572282,0.081454099,0.092152396,0.165918176,0.384359258
FANCB,76.39793007,0.061814577,0.115304555,0.165919339,0.384359258
TLE5,10561.60205,-0.06210783,0.051768383,0.16602062,0.384524207
FHOD3,9.57414885,0.024346998,0.105790196,0.166060633,NA
CIROP,7.037277281,0.019682578,0.104864289,0.166092137,NA
RAB6B,61.70420076,-0.043039346,0.110652256,0.166112799,0.38466802
RPS7,5757.187548,0.076130969,0.073717668,0.166209373,0.384795834
NUFIP1,184.9036401,-0.081990832,0.098829325,0.166228189,0.384795834
NOTCH2NLA,489.8267388,-0.08180686,0.099923921,0.166337451,0.384979057
PRICKLE1,44.50204131,-0.046768711,0.111814024,0.1664533,0.385028606
ZNF7,491.8648759,0.076142764,0.072696081,0.166462099,0.385028606
MEF2B,65.69593126,-0.061197693,0.115196287,0.166477406,0.385028606
HMG20B,3722.755523,-0.066170592,0.056946423,0.166487704,0.385028606
DNPEP,1341.895216,0.0780519,0.084179962,0.166526316,0.385028606
ZNF18,265.8536248,-0.08187234,0.09133841,0.166539553,0.385028606
NME6,1066.7994,-0.071158943,0.064321467,0.1665766,0.385044626
DLD,2420.882755,0.070415688,0.062943024,0.166636616,0.385113726
PLK2,63.93005255,0.055357856,0.114112152,0.166691,0.385169788
FMC1-LUC7L2,677.4557863,-0.080752081,0.087866383,0.166836886,0.385437223
STOML2,1356.264756,0.067886374,0.059075043,0.166878524,0.385463763
NT5C,671.2831312,0.073085977,0.067682576,0.166933052,0.385520064
PSCA,14.05513179,-0.034203341,0.108205788,0.166962658,NA
FAM210A,425.5130407,0.07962012,0.083099538,0.167086094,0.38561703
BET1,429.0326481,0.081820436,0.0928507,0.167087692,0.38561703
DEDD2,1445.184582,-0.061828841,0.051680974,0.167094655,0.38561703
BAG2,248.2224128,0.081461235,0.098213632,0.167095686,0.38561703
HAP1,13.71186269,-0.026886975,0.10635353,0.167098044,NA
TIGD5,491.2088203,-0.079214362,0.081817626,0.167148324,0.38566889
THYN1,548.3968975,0.078183253,0.078669288,0.16721492,0.38567516
TMEM218,544.4928467,0.0789847,0.080882094,0.167303691,0.38567516
MED15,4239.286349,-0.065308638,0.056010613,0.167304371,0.38567516
XPR1,1713.929354,0.066510106,0.057516611,0.16731687,0.38567516
HNRNPU,12061.03925,0.060010165,0.049679406,0.167334249,0.38567516
TRIM7,33.47158465,0.041415091,0.110262839,0.167337102,0.38567516
RABEPK,852.2021289,0.07507437,0.071293938,0.167362205,0.38567516
EPM2A,354.2674261,-0.07946745,0.106390918,0.167398344,0.385688921
UBQLN4,1736.116714,-0.068487015,0.060251736,0.167534297,0.38593261
PEX16,785.661529,-0.075739956,0.072658866,0.167596796,0.385957101
BET1L,2169.282088,-0.070701095,0.06368436,0.167605305,0.385957101
ZNF786,277.7938283,-0.081992118,0.097954722,0.167656301,0.386005008
LRRC4B,24.43528995,-0.041023133,0.110159639,0.167765461,NA
TULP4,2536.624193,0.074419181,0.07046002,0.16783012,0.386288753
RABAC1,2454.07014,-0.070454223,0.063431953,0.167849542,0.386288753
NFKBIB,838.1704446,-0.069060259,0.061388243,0.167887714,0.386288753
RPN1,7005.912472,-0.05260067,0.042064548,0.16791377,0.386288753
APH1A,5821.153826,-0.049863097,0.039293509,0.167950315,0.386288753
FADS6,11.32369532,-0.025337707,0.10596839,0.167962622,NA
GDF1,20.07817088,-0.038506081,0.109389701,0.167965124,NA
MFNG,1253.764555,-0.072281978,0.067043517,0.167969176,0.386288753
IFT20,494.6375886,0.078920978,0.081002275,0.167991041,0.386288753
COL6A3,375.8430869,0.080270402,0.103570765,0.168037261,0.386309386
ZNF879,72.20791579,0.05752673,0.114838315,0.168060446,0.386309386
SKIC8,776.6062914,0.070848463,0.066393987,0.168163779,0.38643228
TRIM69,1441.951941,0.078544543,0.083517941,0.168221355,0.38643228
BCAP29,1035.961983,0.070732918,0.06378295,0.168223059,0.38643228
WDR3,668.649667,0.081343783,0.096364882,0.168234812,0.38643228
POLR1F,528.6402844,0.07976643,0.08409483,0.168271119,0.386446248
QRSL1,580.8387181,0.073887171,0.069230373,0.168375777,0.38653163
RBM48,336.9580918,0.080340941,0.102494258,0.168384484,0.38653163
VWA8,1631.443209,0.079757108,0.071045087,0.168398997,0.38653163
ACP3,274.6449607,0.077867349,0.108130805,0.168451159,0.386581954
TMEM198B,230.8858175,-0.081246696,0.096755154,0.168541305,0.386719416
SELENON,14586.11909,-0.076956742,0.073957234,0.168679204,0.386922205
GIGYF2,2646.599183,-0.069565875,0.062564755,0.168690213,0.386922205
LMCD1,30.81391908,-0.043065656,0.110678167,0.168761279,0.386993561
DNAJB14,1608.449415,0.079502447,0.083001134,0.168781861,0.386993561
HNF4A,28.9007967,0.039042082,0.109497338,0.168886601,NA
SIT1,108.4353705,-0.073000241,0.113387187,0.168941307,0.387173454
HES1,43.61683694,-0.055175076,0.114130619,0.168994382,0.387173454
RBM45,245.0027208,0.075230515,0.111720679,0.168997593,0.387173454
OGFR,6027.66791,-0.060896784,0.050865459,0.169000753,0.387173454
OR52K1,33.78254812,0.046077565,0.111552264,0.169059954,0.387173454
SLC25A22,345.6252598,0.077327287,0.109998543,0.169074038,0.387173454
RPS23,10199.65019,0.072932958,0.066841626,0.169075195,0.387173454
ELL3,40.82276441,0.049094809,0.11239811,0.169102586,0.387173454
GTF2IRD2,101.2966338,0.043986942,0.110816731,0.16914058,0.387174318
TRPM8,144.6832887,-0.078244359,0.10839102,0.169163531,0.387174318
ZFX,1262.396582,0.079132854,0.083298654,0.16925806,0.387321335
DTWD1,289.3696541,0.080748613,0.08935611,0.169405903,0.387538923
ST8SIA4,1380.785317,0.079401576,0.081841529,0.169413769,0.387538923
CYBB,50354.37677,0.06312109,0.050530826,0.169484985,0.387632474
MRPL39,489.1568323,0.078942695,0.082261267,0.169539416,0.38768761
DYNC2LI1,170.8480393,-0.079258465,0.104992893,0.169616812,0.387718829
TSFM,816.77734,0.075432405,0.073324175,0.169621797,0.387718829
FLRT2,1445.090593,0.082248915,0.090813102,0.169644046,0.387718829
SOD3,25.42060375,-0.044605202,0.111104727,0.169903341,NA
PCOLCE,75.65229922,-0.065273414,0.114931061,0.169941456,0.388323415
PTPMT1,2170.325848,-0.062001965,0.052098958,0.169969326,0.388323415
PRUNE1,279.5814141,-0.080800274,0.092771582,0.170201306,0.388783937
HPRT1,623.393497,0.080810201,0.095027467,0.170242925,0.388809539
SLC13A5,7.941739624,-0.020642544,0.104971594,0.170270096,NA
FIBP,1292.485288,-0.069239265,0.062040831,0.170292111,0.388852409
PHTF2,1936.030414,-0.064527304,0.055682893,0.170393225,0.389013818
FAM86B1,58.63320066,0.056560936,0.114032473,0.170587323,0.389387418
DHX40,821.9545483,-0.078573502,0.081421051,0.170657181,0.389477341
GTF2H2C_2,367.2375474,0.079882677,0.102070501,0.17071924,0.389549435
CEACAM1,23.64552765,-0.032933458,0.107759981,0.170876553,NA
CCDC51,345.7223694,0.079400813,0.081876309,0.170888199,0.389865386
EFR3B,584.1620058,0.078057802,0.080326288,0.170920448,0.389869389
BRME1,21.78439824,-0.027914483,0.106507697,0.170968166,NA
RDH13,363.6618555,-0.080848657,0.09718417,0.170998104,0.389976947
SLC8A2,41.47297125,-0.030620861,0.107190865,0.171092934,0.390030065
SPCS2P4,37.24235711,0.009103288,0.10347477,0.171159684,0.390030065
KICS2,186.1952072,0.079712616,0.103175434,0.171198679,0.390030065
KANSL3,2112.327452,-0.06822021,0.061625733,0.171200735,0.390030065
YAF2,345.812014,-0.079997655,0.101335378,0.171210884,0.390030065
OGG1,1159.744525,-0.077834433,0.079080293,0.171225241,0.390030065
AMPD3,3487.50348,0.0595847,0.049438442,0.171234944,0.390030065
MSR1,12762.72052,0.065403313,0.056319812,0.171345928,0.390158728
TIMM22,384.492753,0.079268055,0.084613296,0.171363211,0.390158728
PRRC2C,8360.111605,0.062612365,0.053376181,0.171410768,0.390158728
FAM221A,117.0798529,0.068674292,0.114017581,0.171413498,0.390158728
SPDYE6,48.29580583,0.053542541,0.113405168,0.171470169,0.390218247
DYNC1I1,19.07806878,-0.038112488,0.109173435,0.171530459,NA
CREB3L1,132.3726322,-0.073519739,0.111791781,0.17155489,0.390295457
C19orf47,409.7349623,-0.081021224,0.09644227,0.171565152,0.390295457
AUP1,4409.550581,-0.056480293,0.046493108,0.171607337,0.390321972
CCDC39,138.4703182,-0.056784091,0.113960445,0.171657826,0.390367361
BRMS1L,303.0964135,0.078967294,0.104913927,0.171846274,0.390726412
TOMM6,2260.2984,0.063923725,0.053622941,0.171880802,0.390735428
OTUD7B,532.1190426,0.08008454,0.098647185,0.17198122,0.390894204
SNCA,2074.461838,0.074370831,0.067890546,0.172097976,0.391090051
SFXN3,3229.08763,-0.067690477,0.060343804,0.172297197,0.391473194
SNX25,366.0277622,0.081151517,0.091502017,0.172527826,0.391925624
CDK9,2605.197767,0.072181921,0.064042254,0.172586544,0.391925624
CCDC120,227.6912225,-0.075933474,0.10909261,0.172588288,0.391925624
MCM2,1093.445402,0.074281039,0.071883357,0.17293948,0.39261634
CDC27,1789.408121,0.078433968,0.085341897,0.17295387,0.39261634
WDR18,829.7377826,-0.07791863,0.081062822,0.172987315,0.392622549
HSPA2,41.08518501,-0.046664254,0.11155106,0.173054647,0.392705655
CCDC50,1841.978455,0.063556791,0.054833898,0.173164423,0.392885031
TMEM86B,112.3770568,-0.062781923,0.114547133,0.173339082,0.393192539
GDI2,9869.360295,0.071094106,0.064612971,0.173366076,0.393192539
NAP1L1,13520.61144,-0.067287432,0.058815359,0.173415501,0.393192539
TMEM140,1220.162221,-0.06336638,0.054581936,0.173422974,0.393192539
CRTAM,16.00341606,0.024305057,0.10571474,0.173457765,NA
CCDC18,498.8428942,-0.079760528,0.08912956,0.173512886,0.393326639
CHMP1B,2592.160299,0.062755705,0.053944515,0.173586485,0.393377295
ATP2A3,102.6514553,0.05507396,0.113545144,0.17359677,0.393377295
TEX30,151.3622475,0.072459592,0.11120373,0.173788341,0.393741616
STK35,1061.909191,-0.069741967,0.063915238,0.173837078,0.393782254
SLC9A7,1468.504475,-0.071414931,0.067083765,0.173912656,0.393883668
ZNF600,237.8334914,-0.076381293,0.107993439,0.174017363,0.394021367
C1orf35,754.040042,0.074141957,0.071605157,0.174035093,0.394021367
CD109,2125.434846,0.072238682,0.06691351,0.174117807,0.394138839
RBMS3,16.62687701,0.026234382,0.10612415,0.17413626,NA
PPARA,950.8581366,-0.080499441,0.093278833,0.17419647,0.3942471
ENGASE,1266.825812,-0.078888084,0.086285939,0.174324405,0.394466818
LRMDA,232.8033905,-0.075290822,0.108901412,0.174358131,0.394473314
CTAGE4,9.583085061,-0.017904381,0.104548309,0.174361052,NA
ZC3H12A,594.0941563,0.078931829,0.100008367,0.174389658,0.394474836
MTMR14,4010.617876,-0.04965118,0.039485656,0.174482136,0.394614207
PIM1,8737.118121,-0.064196585,0.05582905,0.174544461,0.394685343
TTC38,1024.808783,-0.077772049,0.081401041,0.174629257,0.39474558
HAUS5,409.4752133,-0.07932774,0.089109073,0.174662997,0.39474558
CYB5A,841.5971254,0.074405732,0.072594659,0.174663727,0.39474558
TRAPPC8,1738.49611,-0.079003646,0.087623511,0.174707875,0.394775571
SLC39A13,3183.885896,0.066639266,0.059352316,0.174796682,0.394843293
CBL,5133.623805,-0.060266396,0.051211335,0.174809356,0.394843293
SDHA,4575.559411,-0.051986878,0.042232775,0.174830495,0.394843293
ATP5MG,3959.027679,0.064287977,0.056156419,0.174922447,0.394981187
EFHC1,251.3345072,-0.076817575,0.10596764,0.175068067,0.395224972
GTF2A2,910.0090313,0.076431092,0.077228362,0.175092236,0.395224972
PNPLA3,315.768339,-0.079374283,0.098398012,0.175353485,0.395744802
PNPLA4,279.4994323,-0.079458249,0.098610152,0.175414725,0.39581314
KLHL17,422.9204652,-0.078874743,0.100930023,0.175510998,0.395875704
KIAA1958,342.6692534,-0.079233017,0.088713413,0.175519156,0.395875704
SHISA5,7460.489313,-0.063837662,0.057952436,0.175545229,0.395875704
STX16,3757.06739,0.062202202,0.052464531,0.175566308,0.395875704
NRIP1,3087.766766,0.070433019,0.064300423,0.175605348,0.395893912
DNAJB1,2501.694299,-0.058589628,0.049288538,0.175731764,0.396109063
ISY1-RAB43,783.2908922,-0.057414876,0.114112886,0.175892502,0.396401488
RAB8B,1940.587727,0.076553861,0.076887106,0.175952389,0.396466567
ERG28,434.6151707,-0.078602683,0.086084454,0.175991671,0.396485201
SLC25A42,43.75846187,-0.04108977,0.109865849,0.176073584,0.396599854
E2F1,550.330753,0.077208207,0.082586423,0.176350645,0.397153955
TMEM45A,238.5209867,0.078765381,0.100419116,0.176412446,0.397223164
GIMAP8,1079.091727,0.071873058,0.068391305,0.176720602,0.397811633
BCAR1,573.9731859,-0.077955832,0.082876919,0.176736025,0.397811633
TNFSF14,582.2541439,0.079074493,0.087688612,0.176841772,0.397979591
STAG2,2946.697893,0.064723834,0.056189866,0.176906525,0.398055248
SERAC1,459.4313376,0.076696964,0.079277584,0.176967016,0.398100458
OXCT1,238.8896805,-0.076654531,0.10632225,0.177064186,0.398100458
NSDHL,524.3007316,-0.07530246,0.076000458,0.177068153,0.398100458
C9orf72,851.2922747,0.076674553,0.079856701,0.177080909,0.398100458
HM13,12219.58385,-0.062388526,0.053906303,0.17712298,0.398100458
SERPING1,1128.915835,-0.075348926,0.076207891,0.177135806,0.398100458
SARDH,185.5866352,-0.075548747,0.108012027,0.177144584,0.398100458
MAPK13,4108.801166,0.058742913,0.049543568,0.177294531,0.398367413
PKN2,855.1242896,-0.074273409,0.073574665,0.177345734,0.398412442
ACYP1,130.9241025,0.071075986,0.112087392,0.177407891,0.398459358
DARS2,930.2966752,0.070858345,0.066722314,0.17748677,0.398459358
PAPOLG,552.4508006,-0.069901622,0.111390037,0.177490039,0.398459358
PHGDH,1884.719973,0.081052801,0.087691696,0.177491282,0.398459358
STXBP3,1659.827652,0.076187649,0.079054521,0.177607644,0.398650584
POMZP3,324.8306106,-0.077149085,0.081727704,0.177767474,0.398934892
BPTF,3370.019078,-0.060655722,0.051365854,0.177796716,0.398934892
FRY,79.10351105,-0.038714389,0.109077602,0.178025873,0.399311238
SREBF1,3533.891477,0.079961325,0.083680011,0.178026911,0.399311238
SCLY,461.0248346,-0.076401134,0.080164606,0.178083297,0.399367646
DDX46,2671.029218,0.065207033,0.058071227,0.178150205,0.39938968
RFTN1,1305.174297,0.071440029,0.070939369,0.1781556,0.39938968
PTPRK,80.67505733,0.041697279,0.109837364,0.178285073,0.399609863
RTKN,443.3797044,-0.078759372,0.08961606,0.178322447,0.399623572
SDHB,2669.808583,-0.052140187,0.042516142,0.178375054,0.399654942
CRACDL,158.6066342,-0.063162465,0.113785512,0.178398964,0.399654942
HNRNPF,5277.520718,0.046983806,0.037813716,0.178495798,0.399756435
ZFP36,1146.516345,-0.053982817,0.115896733,0.178547738,0.399756435
ZDHHC9,526.884483,0.078303317,0.086308594,0.178559685,0.399756435
ZDHHC4,825.180962,-0.074847858,0.075782009,0.178569339,0.399756435
LRRC37A3,395.6527819,0.078035971,0.101052701,0.178604936,0.399766126
SPDYE2B,43.19564069,-0.034799515,0.10815546,0.178649892,0.399770806
SRP54,1593.90675,0.072168149,0.06908003,0.178669565,0.399770806
UBL4A,1134.635203,-0.07541219,0.077167382,0.178785194,0.399959528
C20orf204,9.189433316,-0.024292364,0.105654069,0.178851295,NA
OR6R2P,20.56476693,-0.037346512,0.108786246,0.178893588,NA
PARD6BP1,7.193182677,0.016679635,0.104333599,0.178930269,NA
PHACTR2P1,7.24295717,0.021169628,0.105079411,0.179075748,NA
ZNF487,35.55184613,0.043576032,0.110447641,0.17914191,0.400687424
ATF4,11928.06934,0.060863731,0.050461383,0.179262977,0.400888081
HPCAL1,4412.416346,-0.056238552,0.047330598,0.179386629,0.401094448
HHIP,17.78504254,-0.027960178,0.106416154,0.179608046,NA
ZNF445,599.877858,0.078074659,0.098695585,0.179627611,0.401563037
TCP10L,61.95649087,0.053413329,0.112484512,0.17973101,0.401720337
MUC6,66.45714778,0.037401536,0.108737242,0.17978513,0.401720337
FRAT2,1065.206798,-0.067918509,0.062498144,0.179828656,0.401720337
TEC,267.5109179,0.078429414,0.097150818,0.179863842,0.401720337
RASA4,4209.525521,-0.071985418,0.069715275,0.179876041,0.401720337
SLC3A1,10.36879407,0.024889548,0.105805078,0.179914613,NA
LAMP5,54.89134758,-0.050249738,0.111717796,0.17992564,0.401720337
TMEM181,1351.832463,0.071627418,0.068797228,0.179974787,0.401720337
FCRLA,256.2857781,0.077692895,0.100883807,0.17997849,0.401720337
GNG5,2364.958276,0.072922439,0.071768955,0.179980766,0.401720337
ANAPC15,638.2034345,-0.074729379,0.075997179,0.18007305,0.40185616
SRSF2,4241.620371,0.052958327,0.043615219,0.180157495,0.401946804
ZNF646,1456.742195,-0.078471849,0.091540943,0.180176546,0.401946804
TPTEP2-CSNK1E,77.50562781,-0.064419494,0.113432371,0.180329171,0.402217107
LAGE3,636.2224301,-0.075214337,0.07781624,0.180446373,0.402298507
NSD1,3032.214069,0.059894199,0.051375948,0.180456063,0.402298507
DCLRE1A,267.4388093,0.074415043,0.108446729,0.180460065,0.402298507
CRISPLD2,32.47637644,-0.03958346,0.109348994,0.180563866,0.402459734
STRN3,559.2279416,0.077540655,0.101245816,0.180639828,0.402532023
SMURF2,2661.669892,0.066510381,0.06061729,0.180659269,0.402532023
DNAJC9,1187.314552,0.070914128,0.067259778,0.180720748,0.402579463
PHF14,691.8495257,0.069737983,0.066060478,0.180743537,0.402579463
TXNDC16,233.2876928,-0.071919214,0.110467016,0.180812017,0.402661842
MAP3K9,186.2866712,-0.068466612,0.112748411,0.180919993,0.402832134
TAF5LP1,8.075526529,-0.024172652,0.105622674,0.181020363,NA
TRPS1,946.6759656,0.077275885,0.085689466,0.1810592,0.403071892
CYTH4,7082.153695,-0.059852873,0.051754253,0.181109264,0.403113152
ZNF660,53.78215552,0.044580053,0.110614626,0.181274578,0.403356488
THOC2,1773.412245,0.071685017,0.06992361,0.181281688,0.403356488
ZNF148,1167.20984,-0.069487512,0.065669125,0.181344481,0.403425993
SLC25A27,16.02783358,-0.026762888,0.106113102,0.181460222,NA
MEGF9,935.2820209,-0.072645774,0.071637081,0.181576269,0.403679182
NANOS1,62.773897,0.051749234,0.112619377,0.181593865,0.403679182
CASP1,2173.560543,0.073575772,0.070041649,0.18162505,0.403679182
PNPLA1,11.0945863,0.026682965,0.106155126,0.18164596,NA
ARRDC1,1182.150526,-0.073654147,0.074339176,0.181661449,0.403679182
FAP,57.27932454,-0.055144758,0.112900151,0.181674818,0.403679182
KPNA5,347.0709329,0.076505367,0.10289355,0.181679967,0.403679182
TMEM41B,700.5637546,0.075230647,0.079346662,0.181716968,0.403679182
FBXW11,2079.802804,0.064333147,0.057702531,0.181732969,0.403679182
CALML4,358.2668351,-0.076914924,0.083715158,0.181742461,0.403679182
JOSD1,1788.187859,0.067977685,0.055444376,0.181865568,0.403881276
TARS2,1442.343652,-0.068029289,0.063238948,0.181896628,0.403881276
FTH1P15,77.57252901,-0.056921478,0.11309754,0.181982139,0.403954182
LSM11,181.6137876,-0.075654497,0.104989918,0.181993809,0.403954182
PROS1,1167.273592,-0.071920833,0.070571693,0.182034698,0.403954182
H2AJ,1387.035761,0.066539577,0.060802381,0.182055846,0.403954182
FH,1538.404236,0.073590078,0.073189881,0.182118189,0.404013633
NOMO2,4963.939806,-0.073561605,0.073845408,0.182156846,0.404013633
PPP2R5A,1061.939166,-0.063724552,0.056861247,0.182177442,0.404013633
FDXACB1,116.5266331,0.065315854,0.112896529,0.182212588,0.404021495
NKTR,2049.769996,0.072924706,0.074888947,0.182374036,0.404278183
KLF7,496.433403,0.079624066,0.089985001,0.182391596,0.404278183
MDM2,2930.91282,-0.072761821,0.071945054,0.182791403,0.405094139
RHPN1,475.2957442,-0.074479168,0.106258535,0.182913604,0.405294702
OGFOD3,994.5076509,-0.074259214,0.076440274,0.182974429,0.405336371
MSH3,644.44197,-0.073138918,0.073137476,0.183000324,0.405336371
DIPK1B,99.19540641,0.067475156,0.112352657,0.183027522,0.405336371
TAOK2,2891.716646,-0.067911397,0.064498715,0.183068072,0.405355957
MTREX,1831.55536,0.070301766,0.067451384,0.183283516,0.405745797
HSPA1A,2134.250042,-0.076812568,0.082658042,0.183307605,0.405745797
NDUFA2,1272.684048,0.063637001,0.056887888,0.18334669,0.405762063
NT5DC2,1395.314929,0.072803437,0.073872846,0.183436558,0.405890688
KIF23,719.263893,0.073307545,0.075578669,0.183759467,0.406534831
HDGFL3,1280.609931,0.06860766,0.071133376,0.183836677,0.406635279
FGF14,27.95664796,0.029590857,0.106740397,0.183887833,NA
H1-10,4872.676981,-0.059532431,0.051677706,0.184157655,0.407274801
TMEM38B,1037.753777,0.077173807,0.086448016,0.184290367,0.40749781
EDN1,22.92386826,-0.039116833,0.109101478,0.18431132,NA
NENF,756.8790881,-0.067707406,0.063313945,0.184333988,0.407523783
DAZAP1,4362.693419,0.066778964,0.060714882,0.184367457,0.407527305
FAM161A,81.92302896,0.068179673,0.111981361,0.184577438,0.407920923
NXF1,2493.187278,-0.064705333,0.059216164,0.184653755,0.407986667
LRRC45,407.1652844,-0.077702549,0.092431419,0.184688049,0.407986667
SYDE1,56.42602633,0.048743401,0.111444738,0.184715733,0.407986667
NDUFAF8,385.2003391,0.07684581,0.088987199,0.184774463,0.407986667
PRSS51,33.12937841,-0.037315632,0.108627815,0.18485063,0.407986667
P2RY6,1457.025018,0.077091396,0.090588644,0.184856011,0.407986667
SMIM20,495.9959648,0.076104684,0.084846434,0.184856354,0.407986667
ICAM1,6161.21144,0.073510215,0.076598531,0.184887154,0.407986667
MTCO1P12,251.0600316,-0.069026887,0.111961901,0.184894388,0.407986667
ETV2,9.526450764,-0.023507903,0.105454669,0.184895523,NA
PIGY,695.8307308,0.070370188,0.068276061,0.185156757,0.408396622
PYURF,695.8307308,0.070370188,0.068276061,0.185156757,0.408396622
SSTR2,116.8402794,0.067509649,0.111688058,0.185176005,0.408396622
PPP4R2,1395.675294,0.072051953,0.071318757,0.185287709,0.4085725
DGCR8,956.7096684,0.073973218,0.076024936,0.185348394,0.408635836
EPGN,12.34623692,-0.026156952,0.105959841,0.18539563,NA
ROBO2,10.34407036,-0.025994314,0.105925681,0.185408259,NA
NVL,668.0492602,0.075995916,0.087603801,0.185628103,0.409093671
ACER2,66.43081187,-0.059746669,0.112903586,0.185648566,0.409093671
DUSP14,346.5179984,0.076379817,0.086014785,0.185652051,0.409093671
PSMB6,2694.88433,0.063773621,0.051729452,0.18577472,0.409293434
ZNF689,822.6164564,-0.075815563,0.081992653,0.186143617,0.409919383
B4GAT1,476.213199,-0.075063796,0.081371795,0.186146022,0.409919383
LIPG,71.72935081,0.048792025,0.111284918,0.186155021,0.409919383
FUT11,714.3909949,-0.068914611,0.065814578,0.186247437,0.410052262
SCO1,1443.712148,0.065920617,0.060144455,0.18639845,0.410314081
IGIP,157.0814136,-0.071155952,0.109349718,0.186637851,0.410770343
EFR3A,4635.768203,0.061014913,0.053195526,0.186835323,0.411134184
CFAP157,39.99578208,0.039748834,0.109190147,0.18702278,0.411475864
TMEM14B,1312.910927,0.063202493,0.057091427,0.187097076,0.411568499
PLEKHG1,22.66157762,-0.041078326,0.10952467,0.187108274,NA
PRICKLE3,404.2151707,-0.076663985,0.094524975,0.187254889,0.41175965
ZGLP1,54.3340236,-0.059366256,0.112617435,0.187280033,0.41175965
ZNF692,410.2318008,0.076468474,0.094001168,0.187280592,0.41175965
TMPRSS5,25.16466377,0.033095129,0.107540893,0.187326315,NA
RBBP6,1738.353099,0.061020207,0.054434345,0.18736427,0.411872798
PCDHGC5,15.76118503,-0.03299778,0.10751483,0.187496158,NA
IQCE,946.0850364,-0.076519707,0.084127251,0.187518253,0.412087793
DHTKD1,736.7766549,-0.073239342,0.075533963,0.187526537,0.412087793
HDHD5,1240.402879,-0.067152696,0.062990339,0.187619574,0.412141745
ING1,371.6278598,-0.075746164,0.083645718,0.187641404,0.412141745
ZNF497,340.2712331,-0.077011033,0.094971098,0.187647798,0.412141745
NOX5,26.57627318,0.042944159,0.110050795,0.18777513,NA
CDC14B,416.4775459,-0.076057613,0.084886186,0.187867112,0.412513043
AP2S1,7115.679795,0.049828746,0.040946094,0.18788138,0.412513043
LSAMP,20.26885383,0.019468756,0.104651236,0.187933101,NA
GIMAP1-GIMAP5,227.9251478,-0.033688911,0.10770528,0.187949117,0.41251763
FCF1,1276.953761,0.065284615,0.060362273,0.187976978,0.41251763
MAP7D3,175.0903515,0.065496395,0.111857057,0.187980267,0.41251763
LGMNP1,8.032121493,-0.022726353,0.10529073,0.188070466,NA
CECR2,128.6038009,-0.076717863,0.107308175,0.188091459,0.412690803
LGALS3,5856.277932,0.071368585,0.071894806,0.188279038,0.413031485
MICU3,12.03382808,-0.023926106,0.105519159,0.1882997,NA
WHAMMP3,8.850092423,-0.026018443,0.105940743,0.188326932,NA
OLIG1,27.70160853,0.040062137,0.109189649,0.188328481,NA
GPR85,517.3153438,-0.076364024,0.088523598,0.188377612,0.413176835
RNF144A,37.70898187,0.037547596,0.108564197,0.188749917,0.413922417
SNX7,731.4286434,-0.068476519,0.065655992,0.188875945,0.414127759
UGT8,8.016522962,0.023280454,0.105395218,0.188909985,NA
APBB2,667.2688239,0.075210734,0.084880623,0.188953439,0.414175403
TAFAZZIN,1024.133474,-0.070415444,0.070697811,0.188981593,0.414175403
ZNF618,1859.875187,0.072477301,0.069000851,0.188994861,0.414175403
NEK3,273.0437198,0.075435314,0.099223154,0.189165637,0.414376717
SLC25A13,1104.036628,0.069683957,0.067721062,0.189168054,0.414376717
ZWINT,1172.695212,0.06035157,0.054919556,0.189183958,0.414376717
MOBP,10.57614171,-0.026580493,0.106046143,0.189253808,NA
SLC52A1,8.469734964,0.02156646,0.105069952,0.189265144,NA
CCNE2,138.2943791,0.070137291,0.108966168,0.189281535,0.414489531
NRM,407.0459706,-0.074472243,0.082601071,0.189300303,0.414489531
KLF5,24.44261842,-0.034207779,0.107756023,0.189326483,NA
PCBD1,1006.258324,-0.06944799,0.067566339,0.189350865,0.414529249
UBQLN2,1295.073778,-0.066609435,0.06297599,0.189425466,0.414621569
IPO13,1700.29929,-0.063782344,0.058544394,0.189511306,0.414674538
ALDH4A1,446.0400814,-0.075957652,0.099634401,0.18952951,0.414674538
IZUMO4,22.95346372,0.029448345,0.10662126,0.189557804,NA
PPL,355.9712079,-0.077178675,0.091331394,0.189559399,0.414674538
DYNAP,31.3889128,0.043664305,0.110099002,0.189579404,0.414674538
SPAG7,1653.743072,0.05725034,0.0498921,0.18969142,0.414848581
TXNDC15,728.3580101,0.073142745,0.072059946,0.189788062,0.414988946
LAMTOR4,1352.262764,-0.066499114,0.062788987,0.189827808,0.415004878
LAMB2P1,18.36443399,-0.035601007,0.108100184,0.190134685,NA
ZNF398,441.5273972,-0.076212749,0.096306875,0.190176151,0.415600405
S100A9,1521.917961,0.077620838,0.088248628,0.190228029,0.415600405
ANXA9,90.37702822,-0.067489745,0.110722616,0.190241336,0.415600405
FGD3,672.6818396,-0.076231102,0.096005328,0.19025752,0.415600405
PAN2,1022.750088,-0.070965503,0.071295458,0.190262743,0.415600405
RNF207,296.3940804,0.075080734,0.100096213,0.190412608,0.415728585
ZNF586,228.6886924,-0.074260117,0.103466546,0.190447514,0.415728585
CHST14,380.843812,-0.074221822,0.07995133,0.190453909,0.415728585
JARID2,1335.414431,0.063623744,0.058106168,0.19047363,0.415728585
NSL1,891.7212053,0.06992142,0.071317413,0.190484009,0.415728585
DPH7,455.7026687,-0.073587327,0.080389234,0.190613812,0.415839415
CENPQ,165.6274786,0.073663051,0.104200103,0.19064633,0.415839415
NDUFS8,1818.89106,-0.053631411,0.046180669,0.190657944,0.415839415
PHKG2,1097.075324,-0.065009508,0.060621615,0.190664893,0.415839415
MTERF1,286.3425121,-0.074495576,0.102527891,0.190778152,0.416014479
ORC2,403.7488293,0.072879359,0.105793428,0.190833003,0.416014479
RAB12,1064.769843,0.061822808,0.056513933,0.190842778,0.416014479
GINS1,386.8254907,0.071919579,0.107068847,0.190999895,0.416285997
TMEM256-PLSCR3,6.798067132,-0.019007104,0.104624536,0.191027106,NA
RNLS,110.5048509,-0.060787878,0.111897039,0.191048666,0.416321106
IFNAR2-IL10RB,549.4482575,-0.073739327,0.078891414,0.19108113,0.416321106
ZMAT2,1892.862503,0.075956408,0.068550629,0.191168158,0.41643975
TSNARE1,244.339699,-0.07347079,0.102817617,0.191213424,0.416467399
TASP1,139.6732014,0.071662954,0.10736796,0.19138937,0.416756101
JKAMP,1487.038711,0.066501219,0.062900173,0.191411171,0.416756101
TBX1,15.63921546,-0.034294896,0.107690671,0.191421174,NA
HIVEP1,556.0637308,-0.073827963,0.079743613,0.191461816,0.416767748
AFG3L2,2784.902066,0.061439752,0.055478316,0.191481717,0.416767748
NPTX2,110.2704334,0.069749731,0.108868838,0.191571489,0.416875038
MID2,67.40645848,0.058030573,0.112208098,0.191596224,0.416875038
DHX30,2744.977305,-0.060626015,0.054037726,0.191687624,0.41700294
MKRN2OS,21.1398107,-0.03694194,0.108605193,0.191690316,NA
QSOX1,9518.656483,-0.060943329,0.054183136,0.191749015,0.417014675
CLNS1A,1331.707741,0.060036441,0.054285155,0.191762616,0.417014675
RETSAT,995.6122691,0.070985589,0.071999309,0.191816395,0.417014675
STX4,5505.277648,0.063737908,0.05901082,0.191823489,0.417014675
PATZ1,796.4291162,-0.069941125,0.070212276,0.192259803,0.417866691
STX2,989.7992325,0.068642601,0.06707685,0.192308308,0.417866691
SERTAD2,1224.797724,0.064907612,0.060502192,0.192313462,0.417866691
ITPR2,5087.709784,-0.065765936,0.062257258,0.192362809,0.417902891
MLST8,1562.94885,-0.062224393,0.057861749,0.192516443,0.418165599
ENAH,100.3354245,-0.063875485,0.111218957,0.192621018,0.418321677
ING4,640.693664,-0.070978277,0.072210352,0.192662047,0.418339719
GPR68,496.8487296,0.074101683,0.086257532,0.192769345,0.418501625
CEP128,259.8800323,0.066413648,0.109207578,0.192883874,0.418679173
ZNF80,16.69864092,-0.033195758,0.107446273,0.192896078,NA
NBEAL1,473.0324135,0.074905725,0.093776786,0.192984297,0.418826047
C21orf140,9.464567361,0.023696659,0.105445131,0.193043225,NA
TENM4,34.19233288,0.024681445,0.105607408,0.193128498,0.41892306
ETFB,1502.189669,-0.063509654,0.058868191,0.193161906,0.41892306
MRPL17,1084.577484,0.071202556,0.071413054,0.193178683,0.41892306
JPT1,1784.723725,-0.069131217,0.068632054,0.193201836,0.41892306
KIFAP3,357.2466457,-0.074603129,0.08352051,0.193208262,0.41892306
NPIPB7,412.6999652,-0.075278828,0.092573087,0.193250883,0.41892306
NRSN2,403.362905,0.073879652,0.102050537,0.193288707,0.41892306
DENND2A,10.37562515,-0.024317414,0.105547186,0.193288786,NA
FAM174A,358.6016683,0.073021943,0.078682157,0.193291133,0.41892306
EMD,632.7404077,-0.072576067,0.077052205,0.193419022,0.419129186
PMS2P1,55.4564178,-0.056656266,0.111900497,0.19348102,0.419192484
F8A1,770.6240086,-0.074371246,0.083205284,0.193563389,0.419263611
STAG3,251.2183856,-0.06770759,0.109411157,0.193579437,0.419263611
MGRN1,3262.843715,-0.074065162,0.08034907,0.193640715,0.419297949
DPAGT1,1220.872753,-0.075170871,0.089500199,0.193660883,0.419297949
MTARC1,50.51462135,-0.046721332,0.110545975,0.193740043,0.419398315
FOXL2NB,23.70721163,0.035343146,0.10791017,0.193795392,NA
MFSD8,596.8784194,0.074977551,0.083088312,0.193886491,0.419644284
LIG4,867.6276602,0.065702953,0.062419304,0.194052526,0.419904953
FAAP100,1191.886868,-0.073525394,0.079919589,0.194072614,0.419904953
MKRN3,11.43441179,0.023580515,0.105404294,0.194143462,NA
SRI,976.8559236,0.069790389,0.069501098,0.194173263,0.420051635
DLK1,13.71504344,-0.020160325,0.104784866,0.194232071,NA
BCOR,1596.785554,-0.064934827,0.061283404,0.194261211,0.420170797
RTN4RL2,43.86632445,0.046493746,0.110400692,0.194340417,0.420271014
PPP1R26P1,11.4931978,-0.024456321,0.105569811,0.194534299,NA
PLA2G2C,14.99793302,-0.028175649,0.106275302,0.194613869,NA
ORC3,462.3181946,0.075054977,0.088725874,0.194631867,0.420830107
RCHY1,541.6287713,0.073993917,0.082604689,0.194822965,0.421099356
SREK1,2222.374636,0.066763099,0.065196569,0.19483925,0.421099356
KLC1,2891.246339,0.05805235,0.05205226,0.194855205,0.421099356
ADRA2B,80.46288661,0.061821135,0.111620626,0.195060033,0.421405644
TREML1,397.5141921,-0.075013042,0.092408156,0.195063714,0.421405644
BLM,314.1065562,0.072002468,0.09900118,0.195095816,0.421405644
FER1L6,20.19501992,0.031384177,0.107028916,0.195233056,NA
YJU2,602.3823787,-0.070820754,0.072530146,0.195339585,0.42186091
PHF20,1241.169243,0.072625495,0.078191161,0.195374976,0.421866081
TGFBR3L,18.18432514,-0.033536527,0.107497899,0.195392786,NA
LRP11,271.9962797,-0.072038463,0.103678955,0.19547599,0.422012924
LAPTM4B,534.8315285,0.072772592,0.078760283,0.196031498,0.422977258
MX1,16750.08613,0.040782378,0.100226945,0.196077215,0.422977258
PITRM1,1900.111461,-0.06651543,0.064234537,0.196080041,0.422977258
CEBPE,30.44118295,0.040997557,0.109214651,0.196109788,0.422977258
H1-2,247.3449256,0.070777556,0.106375581,0.196142009,0.422977258
ZNF229,68.77711779,0.05282153,0.111364134,0.196148056,0.422977258
RPS6KA6,20.13887992,-0.037549187,0.108396125,0.196179818,NA
NRF1,540.3836761,-0.072130069,0.07708951,0.196197019,0.422977258
THRAP3,4281.473177,0.059471223,0.053799424,0.196234887,0.422977258
CDC26,539.6210222,0.072729761,0.078868592,0.196270792,0.422977258
WDHD1,306.3948407,0.06521693,0.109315704,0.196291422,0.422977258
RAD52,293.5836876,0.071239896,0.103849954,0.196318924,0.422977258
BSCL2,430.8506715,-0.074085805,0.084038845,0.196319675,0.422977258
BMS1P10,13.36947913,-0.031021896,0.106903269,0.196369161,NA
HCLS1,9086.763915,0.057148267,0.051072839,0.196489834,0.423185682
C5orf24,1410.807356,-0.069351359,0.070222357,0.196498571,0.423185682
ZBTB3,127.1031131,-0.06216641,0.111517605,0.196545556,0.423185682
ERLIN1,1154.171931,0.064254503,0.061322685,0.196675302,0.423185682
SQOR,5536.266087,0.064601481,0.060003254,0.196681799,0.423185682
PWWP2A,702.7539856,0.068845228,0.068163132,0.196683239,0.423185682
HSP90B1,22650.97212,-0.065435246,0.062736628,0.196739426,0.423185682
PON2,591.7594849,0.072544699,0.078429079,0.196791101,0.423185682
MRPS31P4,87.71560814,0.065844507,0.109983747,0.196803219,0.423185682
SMARCB1,2207.355399,-0.061448813,0.056394833,0.196811694,0.423185682
PPP1R1A,366.6684369,0.073449977,0.086292582,0.196817975,0.423185682
E2F7,96.63601934,0.065728449,0.11009275,0.196828392,0.423185682
CBX6,3273.128016,-0.064244082,0.06103661,0.19684852,0.423185682
SPIRE1,2322.836763,-0.071140436,0.074024737,0.196879815,0.423185682
ZNF585A,290.3522082,-0.074758229,0.094036162,0.197008219,0.423390499
CAMKMT,110.0012678,-0.067659017,0.109442578,0.197054385,0.423418539
CSPP1,502.5410349,0.06968044,0.07126413,0.19711952,0.423487324
TNFRSF10C,248.5144012,-0.074627002,0.094485397,0.197373596,0.423961933
PRELID2,43.6813994,0.03677432,0.108134715,0.197486417,0.424107008
ZNF502,28.74937858,0.039647546,0.108829132,0.197538842,NA
SYNE2,41.93533202,0.034423954,0.10765352,0.197556287,0.424107008
ITPRID2,3155.818599,0.056248356,0.049871802,0.197625169,0.424107008
FASTK,2274.307365,-0.06967804,0.071140887,0.19763552,0.424107008
RANBP9,1807.214955,-0.067794792,0.067276464,0.197642809,0.424107008
SGCG,380.8840101,-0.072170769,0.077999857,0.197651232,0.424107008
HMGN2,9915.435115,-0.065259857,0.060980403,0.197697455,0.424107008
SCLT1,484.086676,0.073806183,0.084909389,0.197706513,0.424107008
MEAF6,1180.724129,0.070871304,0.074940567,0.197740135,0.424107973
CCNT1,859.2937865,0.07163674,0.075945051,0.197796112,0.424156875
CCDC59,470.9679726,0.074388072,0.088232767,0.197846634,0.424194066
BTBD1,3191.264858,0.056842726,0.050668097,0.19790102,0.424239527
ASAP3,21.954228,0.027039148,0.10599997,0.198291373,NA
SRSF1,4225.397284,0.061083735,0.056502622,0.198314089,0.425053751
ANKS1B,12.41086056,-0.028430206,0.106329832,0.198348337,NA
GADD45B,438.3784045,-0.072217588,0.1037608,0.19837378,0.425110421
GMPPA,1029.292354,-0.066612126,0.065508885,0.198473531,0.425252906
MAPK12,535.1100447,-0.074650114,0.085410144,0.19853744,0.425301285
MIS12,376.5649727,0.07287888,0.08094491,0.19862363,0.425301285
RWDD4,599.3982547,0.074003326,0.095323909,0.19862684,0.425301285
THAP12,1385.868411,0.063822455,0.060251861,0.198705482,0.425301285
STIMATE-MUSTN1,449.6875654,0.073884145,0.084302786,0.198779814,0.425301285
NOS1AP,68.18647368,-0.058410583,0.111495636,0.198783549,0.425301285
NXF3,56.31242815,-0.050835891,0.110976534,0.198786616,0.425301285
CCDC162P,122.9918198,0.067555086,0.108840004,0.198792302,0.425301285
URGCP,807.7544379,-0.073780182,0.084890268,0.198795501,0.425301285
ARK2C,9.119689752,0.021780792,0.105042851,0.198814583,NA
CRBN,615.3564403,0.071461022,0.076579365,0.198896986,0.425378874
SOCS7,654.5390441,-0.071943368,0.077196776,0.198898311,0.425378874
LARP7,1662.206823,0.069462928,0.070761966,0.198988808,0.42550124
NUTM2A,100.1699229,-0.060145599,0.11116479,0.199038101,0.425535472
TTC8,480.9437163,-0.074188622,0.0879661,0.199126595,0.42565349
MRO,54.73210113,0.043845036,0.109714594,0.199213208,0.425767446
CCDC74B,21.8671006,-0.025635166,0.105697162,0.199257832,NA
SND1,7335.577132,-0.065060356,0.063054062,0.199295635,0.425804667
CARHSP1,616.1234406,-0.071618787,0.076779885,0.199297233,0.425804667
TTC16,6.723492481,-0.020317028,0.104801658,0.199364746,NA
ZMYM1,269.8766724,0.068106278,0.107794453,0.199409453,0.425859884
BRCA2,483.7857564,0.07349694,0.099364259,0.199420857,0.425859884
C17orf114,15.81932847,-0.031310843,0.106928523,0.199428075,NA
RAB11FIP3,567.5306944,-0.07257391,0.080501865,0.199433264,0.425859884
C2orf76,156.7967095,0.070193402,0.105682847,0.199456315,0.425859884
TUBGCP6,1948.608646,-0.074957578,0.089252192,0.199538177,0.425959186
UBE2E3,876.5119842,-0.066494514,0.065396654,0.199569458,0.425959186
HAS3,29.58501726,-0.032996149,0.107163284,0.19960243,NA
SLC6A4,9.809586998,0.018510974,0.104498391,0.199843075,NA
RELL1,283.3423164,-0.074167726,0.092244011,0.199843496,0.426425561
COPB1,4260.149412,0.069846204,0.066778822,0.19985467,0.426425561
H2AC15,7.975579261,0.020741059,0.104860342,0.19988403,NA
EEF1A1P5,94.61559698,-0.054765921,0.111250697,0.200089342,0.426832712
SHQ1,286.3209681,0.055774172,0.111173063,0.200127607,0.426832712
COMMD8,622.5355362,0.073451811,0.084487723,0.200145648,0.426832712
PLCB2,18124.48932,-0.057710544,0.053383566,0.200240436,0.426963639
CCDC28A,645.8157587,-0.069368408,0.071161825,0.200331384,0.427021868
TRIM33,1954.635309,-0.057413347,0.051742178,0.200334546,0.427021868
NRCAM,43.34392017,0.034163685,0.107487619,0.200625807,0.427571418
TRAF4,241.1579544,0.071099746,0.102460112,0.200673471,0.42760172
TRMT112,1874.270349,0.054018932,0.047818351,0.20088152,0.427887141
NUP42,964.9210664,0.064345242,0.061819662,0.200899853,0.427887141
ERAP1,3296.092153,-0.056613195,0.051131399,0.200939276,0.427887141
RSKR,611.1746108,-0.074296927,0.087468282,0.200965064,0.427887141
MDM1,281.5391881,0.06942736,0.105895841,0.200974758,0.427887141
ABHD14A,236.5881288,-0.073871399,0.094858102,0.201022334,0.427917173
ZFR,2981.920377,0.059425771,0.054562489,0.201090015,0.427977252
NUDT4P2,144.9554335,-0.071412002,0.102628568,0.201143021,0.427977252
ZBTB38,2229.645494,0.064719217,0.06272897,0.201176491,0.427977252
EIF5AL1,53.0045617,0.052956555,0.111159185,0.201197942,0.427977252
IL17RA,7529.932578,-0.070042252,0.07603649,0.201218382,0.427977252
DTX3L,4354.446956,0.069237417,0.071880492,0.201251407,0.427977252
AFMID,355.2260395,0.073258483,0.086780468,0.201349826,0.428115339
PI4KB,2012.076572,-0.063360169,0.060511544,0.201569143,0.428420029
PIP4P2,341.3276819,0.073650788,0.090013858,0.201571717,0.428420029
PPP1R18,6778.090828,-0.057385409,0.04966195,0.201609981,0.428420029
MAGED1,1404.299889,-0.066065031,0.065213752,0.201627166,0.428420029
SLC25A16,437.309618,0.071684292,0.096561178,0.201730004,0.428567315
HNRNPA1P59,9.484296616,-0.024292888,0.105465724,0.201730009,NA
COL8A1,16.90048412,-0.029328108,0.106423205,0.201765048,NA
CPSF6,1921.446422,0.06910531,0.071536399,0.201832174,0.428673092
HAUS2,845.3692338,0.072063911,0.080064946,0.201894726,0.428673092
LUZP1,1924.698566,-0.053290157,0.047003509,0.201897086,0.428673092
GOLM1,807.1437803,0.068199767,0.069787202,0.201913912,0.428673092
RASL11A,19.74329412,-0.026795846,0.105938771,0.201976141,NA
ACSS3,118.9669611,-0.065724989,0.108840675,0.202363428,0.429556107
CXCR5,87.52971806,-0.04716834,0.110222389,0.202407848,0.429579073
HGS,3357.960871,-0.07345162,0.090797725,0.202567027,0.429845551
SELL,21.43195186,0.026771725,0.105863687,0.202720507,NA
NREP,376.9165315,-0.073069168,0.085683823,0.202747013,0.430122695
INPP4B,99.91439787,-0.048618497,0.110359911,0.202764919,0.430122695
ZNF77,52.54343151,-0.05191853,0.110746775,0.202820754,0.430169764
TRAK1,1974.098595,0.055678666,0.049741954,0.203144502,0.43074935
RNASE2,194.5661704,0.065856539,0.110346821,0.203164914,0.43074935
TRAPPC6B,901.6598201,0.071798969,0.079650154,0.203195098,0.43074935
INTS7,503.077549,0.072652462,0.08439709,0.203276355,0.430850166
NAV3,77.63397674,-0.052458207,0.110713794,0.203310638,0.430851403
GPATCH3,741.648406,-0.066805781,0.066618637,0.203415062,0.43097833
PICK1,1145.083424,-0.065184309,0.064344246,0.203437952,0.43097833
DYDC2,11.08517079,0.024796835,0.105555633,0.203501607,NA
ARL15,472.3616829,0.07112989,0.100627997,0.203512878,0.43106563
NPIPA1,1599.05123,0.069100875,0.072149387,0.203640475,0.431179273
EIF4EBP3,151.2099601,-0.07076512,0.103049391,0.203661641,0.431179273
MAP2K3,1684.242205,0.065053163,0.063488588,0.203667707,0.431179273
RECQL4,732.1893967,0.07212026,0.080696519,0.203713482,0.431204778
IL19,10.6792417,0.024852581,0.105561988,0.203802665,NA
BRWD1,1662.469749,0.06214448,0.058991749,0.203815731,0.431349796
SIVA1,765.0661463,0.068893074,0.072285482,0.204060916,0.431782349
VPS25,1205.452741,-0.060643086,0.056896476,0.20408766,0.431782349
BOC,12.25114485,-0.016779061,0.104173584,0.204169341,NA
UCK1,1096.178409,-0.065230768,0.064240432,0.204186831,0.431920687
MGA,1317.190457,-0.06407371,0.062321055,0.204297892,0.432084127
PARP15,247.0093818,0.070881418,0.1020965,0.20438083,0.432171466
HDAC4,452.1667546,-0.065435947,0.106702513,0.20445064,0.432171466
SEC31B,471.9448933,-0.069744239,0.104631283,0.204462417,0.432171466
SMC1A,3954.82424,-0.067012691,0.06773585,0.204518753,0.432171466
C20orf96,255.0550003,-0.073685145,0.092967112,0.20453303,0.432171466
GTF3C2,2388.351027,-0.06149021,0.059309484,0.204542006,0.432171466
GLIPR1,3687.601447,-0.065765855,0.06535718,0.204587885,0.432196977
ZBED5,964.3179804,0.067727037,0.069465208,0.204678007,0.432315928
HCG4,9.836574211,0.023492916,0.10530569,0.204729503,NA
PPP6R3,1998.740655,0.060571688,0.056842695,0.204766518,0.43243144
LANCL2,554.6048742,-0.072875461,0.088628937,0.204981449,0.432765092
STAG3L4,39.71839845,-0.048722242,0.110259906,0.204992209,0.432765092
ITGB4,16.11951766,-0.021107641,0.10482745,0.205062379,NA
MYCN,8.17579329,-0.021115232,0.104853255,0.205169597,NA
C4BPB,52.94516131,0.053363497,0.110822104,0.20517685,0.433083379
CAPS,278.8886833,-0.072771115,0.097534562,0.205434254,0.433555123
DDR1,542.8602884,-0.072904877,0.087234998,0.205492124,0.433565761
MRPS33,690.669132,0.072087168,0.082805214,0.205507119,0.433565761
LETMD1,1020.230536,-0.064500281,0.063291629,0.205573024,0.433633246
PIKFYVE,2508.8523,0.062915445,0.060173534,0.205656669,0.433702507
RRN3P1,121.3789511,-0.066889382,0.107195307,0.205673703,0.433702507
PDLIM3,25.89934005,-0.038755681,0.108362276,0.205767689,NA
KIF1B,3209.239616,0.064260759,0.06293118,0.20584803,0.433986826
CIAO2A,2010.747737,0.072452369,0.088095526,0.205876426,0.433986826
OR1D2,77.13027952,0.062786545,0.109533819,0.206051898,0.434285117
EPB41L3,4577.043749,0.063600905,0.06142885,0.206111441,0.434292944
STAC2,74.94555401,0.06043254,0.110300484,0.20612355,0.434292944
BPI,18.15756981,-0.023482111,0.105291988,0.206206815,NA
GCC1,1206.068316,-0.059204082,0.055166734,0.206217354,0.434378594
LGALSL,244.4511394,-0.066427796,0.106723522,0.206232152,0.434378594
SMN1,570.5759776,0.066987401,0.105323265,0.206268543,0.434383681
CCDC13,60.41142251,0.051610792,0.110619894,0.206379022,0.434544763
ZFAND2A,320.6030853,0.070863912,0.079728681,0.206594719,0.434927297
HPDL,25.63711539,0.037420759,0.108125463,0.206619323,NA
HS3ST1,1439.74315,-0.07274887,0.101250299,0.206692544,0.435027917
CNOT11,1126.571652,0.062515702,0.060297132,0.206710567,0.435027917
TBC1D3K,254.1185646,-0.071716155,0.098544647,0.206784993,0.435112925
RHOBTB3,1293.058001,0.06835073,0.071528082,0.206833138,0.435142615
ELOCP19,14.99755643,0.031388175,0.10683606,0.206949876,NA
DYNLT2,29.46192396,0.036122131,0.107379782,0.206971578,NA
APTX,723.6874104,0.070421816,0.079614935,0.207050173,0.435527551
PLEKHA3P1,11.34683612,-0.028409388,0.106193718,0.207064694,NA
CD79A,11.26566166,0.024309636,0.105431268,0.207107528,NA
RPL19,12032.36066,0.058478309,0.061169549,0.207146783,0.435659091
ZC3H4,1804.741919,0.068107326,0.077235296,0.207213502,0.435727733
DCDC2,22.12068846,-0.033204726,0.107160169,0.207232859,NA
RGPD1,8.469180694,-0.017869298,0.10435939,0.207236369,NA
ZNF124,660.803556,-0.068354345,0.071628249,0.207287586,0.435811838
ZNF836,152.3863578,-0.067637526,0.106204136,0.207417032,0.436012291
KDELR2,2623.406254,0.06125036,0.058499275,0.207506279,0.43612553
SREK1IP1,942.4244969,0.06953251,0.074866712,0.207539126,0.43612553
ZFP41,432.2588057,-0.071988386,0.084470098,0.20778461,0.436569637
LAMA4,19.73299205,0.032790074,0.107064065,0.207807958,NA
SFXN4,507.7806721,0.071181567,0.080549288,0.207929097,0.436703028
ITGA6,5726.541398,0.061613689,0.060482801,0.207954872,0.436703028
CLTCL1,87.98047264,-0.052828652,0.110538996,0.207981877,0.436703028
DTNBP1,618.4735881,-0.071210344,0.081447998,0.207984727,0.436703028
MAB21L4,8.942271948,0.021836563,0.104987301,0.208235525,NA
PSD4,1900.90414,-0.065251963,0.065431798,0.208251645,0.437160618
TMX2P1,64.12949197,0.059847892,0.111128992,0.208286356,0.437160618
PKM,60858.12093,0.065436795,0.069573357,0.208339081,0.437160618
KHSRP,10017.64307,-0.055109759,0.050153822,0.208339432,0.437160618
TAFA3,44.84399225,0.049286714,0.11018536,0.208405304,0.437227077
WDR25,175.7257206,-0.07080543,0.099342295,0.208590782,0.437544405
THAP1,303.4217914,0.071876625,0.093535438,0.208767868,0.437732277
NKX3-1,20.96100468,0.034613048,0.107503127,0.208784818,NA
EHBP1L1,9457.32293,-0.063023706,0.062061482,0.208850375,0.437732277
PDLIM1,68.6642984,0.054615989,0.110439908,0.208859776,0.437732277
TRIOBP,2300.240911,-0.063315481,0.062139869,0.208866645,0.437732277
TTYH2,216.4326818,-0.070685972,0.100266413,0.20887867,0.437732277
SF3B5,1738.265724,-0.055002107,0.050124754,0.208885774,0.437732277
ITFG2,844.0394666,-0.067157956,0.069484614,0.208939019,0.4377721
EIF5,4921.801474,0.061273758,0.060264637,0.209241899,0.438272532
SNX4,1372.645687,0.073655591,0.088843464,0.209246424,0.438272532
RPP38,325.8958727,0.072030187,0.086969857,0.209397848,0.438517852
XRCC5,6912.805634,0.060904621,0.058068151,0.209472927,0.438603237
ASB2,29.29197269,0.039150411,0.108380748,0.209479915,NA
RFXANK,870.4382663,-0.070432453,0.078416977,0.209517397,0.438624515
SNCB,7.34814775,0.016347173,0.104154319,0.209601422,NA
BRD2,7385.255266,-0.061548725,0.059089387,0.20961378,0.438754449
DYNLL2,2195.762018,0.061727739,0.059070317,0.209667192,0.438794409
ETFA,2824.662869,0.063396397,0.05837916,0.209784639,0.438931058
GLOD4,2033.461663,0.062084987,0.055377968,0.20980115,0.438931058
POMT1,1123.833396,-0.072597281,0.093174801,0.209867645,0.438998338
RAB34,1181.370332,0.07098488,0.08098378,0.209944254,0.439086748
NSUN7,153.9464103,0.055178715,0.110502137,0.210017445,0.43916798
GSTP1,5466.238267,-0.050206127,0.044984452,0.210132121,0.43923338
MSH6,1203.492109,0.060309191,0.057657518,0.21014322,0.43923338
RIMBP3,145.3650059,-0.064022439,0.108062618,0.210199051,0.43923338
SENP8,67.31701352,0.061606153,0.111935985,0.210200786,0.43923338
GGNBP2,2072.034622,0.061413116,0.058506967,0.210220497,0.43923338
BBS7,201.772414,0.061138374,0.109124886,0.210319179,0.439336239
DNLZ,198.06262,0.068581368,0.102689444,0.210338453,0.439336239
ELL,1011.806101,-0.066630996,0.069086563,0.210483163,0.439566683
ARHGEF10L,4308.17579,-0.063385083,0.062795874,0.21059104,0.439704575
SPTAN1,9203.0356,-0.048329441,0.042254449,0.210622258,0.439704575
SEPTIN11,4887.142249,0.072009397,0.07344566,0.210708742,0.439704575
APOBEC3D,37.15583111,-0.04183319,0.108803644,0.21070929,0.439704575
NUP35,128.2788041,0.055228341,0.110261811,0.210721152,0.439704575
LGALS9B,11.32955159,0.023419458,0.105217193,0.210964843,NA
CFAP92,52.56411132,0.051124429,0.110039664,0.211003415,0.439991606
METAP2,2703.576419,0.058156916,0.051572086,0.211012396,0.439991606
GPS1,2456.517874,-0.0608419,0.058902792,0.211025156,0.439991606
PAFAH1B1,4543.36645,0.050976869,0.04662636,0.211054105,0.439991606
RCBTB2,2753.702425,-0.069566504,0.076157672,0.211060637,0.439991606
EEF2K,2678.255075,-0.058646019,0.055350525,0.211065195,0.439991606
BCL2L2,1374.816735,0.06217728,0.060643116,0.21116757,0.440118639
TMEM42,253.467442,-0.071917234,0.091976028,0.211194982,0.440118639
TMTC3,379.957727,0.064501021,0.107414758,0.211535944,0.440757341
BSND,9.605895256,0.019874106,0.10466687,0.211693193,NA
CLEC16A,1112.186563,-0.070658651,0.081881658,0.211745315,0.441113982
CTCF,2109.610209,-0.056493782,0.052506329,0.211776114,0.441113982
TOP6BL,115.9228241,0.060496142,0.10923801,0.211832613,0.441159791
TOGARAM1,630.1011116,0.068889223,0.102285457,0.211886589,0.441200333
FMO4,111.0862726,-0.066955561,0.104634967,0.211973079,0.441273012
APPL1,3112.511102,-0.058505174,0.054817284,0.211990523,0.441273012
ATP1A1,24146.37854,0.053903719,0.051435677,0.212152509,0.441458341
CAD,2551.242138,-0.070582906,0.080019654,0.212168295,0.441458341
UBE2J1,5044.593469,-0.060953171,0.05511071,0.212183145,0.441458341
CLEC4A,346.8752307,0.071869979,0.09281518,0.212217726,0.441458449
PYY2,16.1485903,-0.027766913,0.106015215,0.212301825,NA
PMS2CL,65.41416363,0.054841908,0.110193894,0.212366793,0.441542033
NFKBIZ,831.6274917,0.070942007,0.094857172,0.212401336,0.441542033
DOCK11,2301.054858,-0.051982727,0.047100767,0.212415506,0.441542033
DPP8,1695.088281,0.062006958,0.060766209,0.212420998,0.441542033
AK1,372.4676493,0.067152317,0.105655452,0.212430586,0.441542033
UACA,510.2110695,-0.068879816,0.0755294,0.212501223,0.441558847
ATF2,1298.457032,-0.060875168,0.058937038,0.212518324,0.441558847
LY6G5C,71.57393664,-0.059437692,0.109781362,0.212542287,0.441558847
DDOST,9173.153759,-0.04163272,0.035803715,0.212665597,0.441696389
YY1AP1,1405.579538,-0.06435943,0.065066439,0.212677588,0.441696389
FAM177A1,778.171504,0.067204183,0.072490707,0.212759004,0.44179371
SLC14A1,12.04387588,0.024989244,0.105493046,0.212959329,NA
GCLM,357.4974475,0.070698551,0.097417172,0.212965719,0.442151139
PPRC1,1480.537044,-0.060762327,0.058897448,0.213007995,0.442167107
ELOVL7,74.02171249,0.049516866,0.109887356,0.213129082,0.442346641
CHRNB2,12.8006388,0.023388106,0.10520631,0.213238675,NA
ACTN1,2509.749756,-0.041862947,0.108796489,0.213245178,0.44251576
EXD2,727.3275405,0.065442879,0.066920712,0.213280072,0.442516346
IGFL4,116.2083271,0.063402627,0.107745923,0.213431953,0.442759616
ZDHHC8,1911.393359,-0.06944691,0.077313128,0.213509498,0.442848627
CSPG5,21.95597299,-0.03646528,0.107716231,0.213668831,NA
PLCG1,1349.359729,-0.065872392,0.068478626,0.21384708,0.443476873
CCER2,8.702516045,-0.022698179,0.105084228,0.213933186,NA
FBXL2,144.0335211,-0.064269316,0.106575943,0.214058329,0.443842968
CCDC137,1010.049146,0.068160973,0.07304698,0.214124658,0.443851506
FUT7,50.47480523,0.047423031,0.10904769,0.21413188,0.443851506
LETM1,1663.775412,0.072003999,0.08739014,0.214412459,0.444361045
TCF7L1,28.17513658,-0.038111021,0.107989834,0.214487508,NA
FLRT1,24.70478393,0.036487622,0.107737796,0.214489433,NA
PIGV,410.7833472,-0.069566015,0.078864608,0.214551131,0.44457637
BTN3A3,179.3639946,-0.06630756,0.104783593,0.214615825,0.444638361
FEZ1,14.75089818,-0.02880561,0.106152978,0.21466485,NA
SPAG8,23.51966325,-0.03430227,0.107189257,0.215134957,NA
FAM91A1,2479.803148,0.058549305,0.056221044,0.215136965,0.445582048
ZNF384,1652.182319,-0.066773584,0.070980232,0.215141023,0.445582048
ARID1B,2637.092522,-0.065528365,0.068438646,0.21521035,0.445653438
PARVG,4784.212633,-0.052194109,0.048207027,0.215319366,0.445806979
GCK,9.091410783,-0.023963167,0.10528067,0.215329174,NA
TSPAN19,15.94239362,0.028613135,0.106087746,0.215458654,NA
GPBP1L1,2962.317446,0.053875616,0.050254884,0.215498845,0.446106337
ZNF709,23.87117343,-0.03170895,0.106780405,0.215545154,NA
TIMP1,5825.518821,0.063196025,0.107385033,0.215545904,0.446131517
MFSD5,1026.109433,-0.064028999,0.065285713,0.215651838,0.446278527
RTKN2,91.76738705,0.060433432,0.108027949,0.215809802,0.446533147
FADD,1057.903435,0.062601093,0.062311693,0.215877144,0.446600209
TCF7,28.6770461,-0.033408368,0.106997644,0.215892633,NA
EIPR1,882.5076974,0.067224919,0.071999493,0.215989563,0.446623086
SEMA3C,681.1647156,0.072534107,0.084550074,0.216039336,0.446623086
CFAP36,544.9579811,0.068346372,0.073430104,0.21608381,0.446623086
MTHFD2L,212.7856845,0.069268363,0.098406087,0.216093625,0.446623086
TRAPPC4,1115.766263,0.065150685,0.066866437,0.216116922,0.446623086
GCOM1,39.13701272,0.030199301,0.106478001,0.216118942,0.446623086
TRIM37,419.0571994,0.0704635,0.085759503,0.216172589,0.446623086
NDUFA8,1173.82457,0.060220094,0.058728489,0.216194255,0.446623086
CNTROB,1265.227311,-0.069320273,0.078737298,0.216202603,0.446623086
COPS5,1262.106695,-0.058493978,0.056077278,0.216569458,0.447308646
RPL7AP16,20.37005395,-0.035568084,0.107462074,0.216593227,NA
USP32,2555.348327,-0.055001523,0.051632974,0.21670161,0.447487459
FMN1,809.8146277,0.069549916,0.094711072,0.216744335,0.447487459
PWP2,1210.570554,-0.064202288,0.065774269,0.216761035,0.447487459
HIGD2A,2063.213233,-0.055241914,0.051660401,0.21687342,0.447647186
TNFAIP8L2,1307.20771,-0.057292334,0.053447842,0.216945348,0.447652406
NT5DC3,87.39435698,-0.055161452,0.109496582,0.216945976,0.447652406
ZNF76,1198.265073,-0.064870804,0.067162763,0.217027552,0.447748468
VGF,15.48325037,-0.02938548,0.10623444,0.217211181,NA
AMN1,130.8814421,0.066986134,0.103749836,0.217334387,0.448309155
PKNOX2,31.16729514,-0.030074982,0.106343549,0.217399178,0.448370461
PRLR,8.730992248,0.019883605,0.10461288,0.217458193,NA
SNX13,1574.767474,0.06607069,0.070064003,0.217498674,0.448503315
MORN4,98.40211351,0.056358897,0.10938851,0.217715373,0.448825405
DAGLA,1543.66913,-0.069500845,0.081075993,0.217725081,0.448825405
CDKN1C,102.0666921,-0.054899983,0.109659163,0.217788113,0.448881404
AIDAP2,13.64943996,-0.028596986,0.106080287,0.217797261,NA
ATXN10,1600.746921,0.057285564,0.054541958,0.217822466,0.448881404
SPACA6,203.0834043,0.065052271,0.104586064,0.218045311,0.449227175
LAP3,12214.48022,0.066121634,0.069453238,0.218072817,0.449227175
SPATA7,130.8129763,0.063491729,0.106433003,0.21810561,0.449227175
GABPB2,512.4766059,-0.069458107,0.097187649,0.218130802,0.449227175
STK36,646.4074888,-0.064006118,0.105099396,0.218384545,0.449677309
USP24,2460.446301,0.057379476,0.054912227,0.218655415,0.450162557
OSBPL9,1976.752933,0.055229875,0.052686683,0.21874998,0.450284735
ETV3,1020.480157,0.06075484,0.0601268,0.218997253,0.450721165
PSMD4,3247.934431,0.049878742,0.04525884,0.219047396,0.450751804
GFPT1,2351.229618,0.061133709,0.060582862,0.219201309,0.450995934
AGFG1,1659.326624,0.062780844,0.06344623,0.219294476,0.451115023
INPP4A,1581.359082,0.063084106,0.064018282,0.219378089,0.451214426
YY1,4129.195341,0.055999416,0.062702998,0.219498161,0.451355579
CEP20,617.7528658,0.069885022,0.092380481,0.219536321,0.451355579
HSPA7,572.0660654,0.064102981,0.1055414,0.219552628,0.451355579
TMEM102,829.7846747,-0.064770919,0.068122732,0.219610653,0.451402284
FHIT,103.8948126,-0.061852763,0.107317857,0.219745935,0.451552856
IFI6,34731.61633,0.065825663,0.070304797,0.219754546,0.451552856
PSMB8,2005.74767,0.062729505,0.065897495,0.219885973,0.451745244
LNPK,1097.118383,0.069945461,0.095877961,0.219918842,0.451745244
NXPH3,28.78853221,0.034499161,0.107168673,0.220070759,NA
MYO7A,1806.971132,0.073183629,0.07570774,0.22008145,0.452006641
CIDECP1,129.3591834,-0.065303193,0.104656733,0.220272621,0.452254638
RNF139,955.9064663,0.064444182,0.067540312,0.220296411,0.452254638
UBOX5,353.1924429,-0.070309659,0.09011757,0.220362079,0.452254638
JAK3,668.8784013,-0.06813569,0.078018103,0.220410048,0.452254638
RDX,3299.695768,0.064149728,0.06651817,0.220443486,0.452254638
SNX12,1910.200155,0.056277504,0.05209963,0.220443764,0.452254638
SOBP,414.5147452,-0.067806846,0.099569027,0.220460318,0.452254638
IL15,121.4860381,0.060029969,0.108593403,0.22048519,0.452254638
CMTR2,1097.071034,-0.057331335,0.054943374,0.2205907,0.452398477
ZNF716,8.337436803,-0.022388385,0.104976541,0.220619493,NA
CAMK2A,15.36475196,0.027253238,0.105777782,0.220715528,NA
NLE1,288.4521395,0.069896879,0.087213848,0.220762585,0.452599008
LPIN1,999.7404505,0.069114393,0.093796271,0.220782779,0.452599008
ACOT7,533.8181135,0.067228094,0.074526993,0.220794682,0.452599008
ANKZF1,860.0985467,0.059814899,0.058566219,0.220879903,0.452701115
FADS2,2116.005467,0.043467851,0.108886278,0.220916182,0.4527029
CGAS,372.7044173,0.068086819,0.079266781,0.220988256,0.452778021
CXCL9,12.53741984,0.027782012,0.105903657,0.221064397,NA
MANEAL,113.1360346,-0.064440519,0.105311916,0.221079299,0.452891978
MPPE1,568.4853833,-0.065719205,0.070538556,0.22114778,0.452942824
PPP1R16A,953.9211103,-0.069892786,0.088635686,0.221174975,0.452942824
ZNF582,65.03345403,-0.052390281,0.109271345,0.221255637,0.453035445
NANOS3,8.757499369,0.021917797,0.104911725,0.221296858,NA
LRRC58,1740.387953,0.063948168,0.067134791,0.221471969,0.453405785
ELOVL3,10.71406135,-0.025099747,0.105431936,0.221490643,NA
CMYA5,29.2284832,-0.033147212,0.106745833,0.221511848,NA
BCAM,135.2661148,-0.057673384,0.108565102,0.221542314,0.453477184
GEMIN2,141.3744161,0.064048714,0.105433097,0.221726429,0.453781399
NUDT6,205.3568097,0.067754572,0.098707919,0.221876837,0.454016543
UBXN10,30.03367494,0.041151562,0.108306041,0.221916001,NA
GFM1,1884.158309,0.054333915,0.05142623,0.221998347,0.454192488
NECTIN3,64.57457691,0.03636485,0.107321921,0.222056309,0.454238386
TRGV4,8.233773626,0.023232519,0.105110658,0.222112668,NA
CACNB1,51.74154339,0.038097702,0.107771015,0.222132592,0.454321739
ANKRD60,9.793960955,-0.023090588,0.105076559,0.222201969,NA
ZNF74,267.9837173,-0.068686248,0.097721761,0.222307966,0.4546077
TSEN34,443.8982986,-0.067852963,0.077251875,0.222405936,0.454735309
TLR2,4098.307074,0.070349326,0.079398272,0.222949811,0.455774438
TMEM168,606.8671798,0.069471779,0.086685637,0.223140429,0.45604856
NR4A1,66.62131134,-0.055158607,0.109000856,0.223174168,0.45604856
PPP1R3D,395.3431371,-0.068879862,0.082229224,0.223190914,0.45604856
COL6A4P2,14.97667769,-0.026090129,0.105579779,0.22325323,NA
NPHP3-ACAD11,39.74643501,-0.010937989,0.10355832,0.223305221,0.456209211
SFR1,122.0816141,0.071960579,0.111358543,0.223557241,0.456651114
RPL5,10211.4884,0.058624055,0.057248549,0.223723449,0.456808755
SIAH2,655.7436356,-0.06887774,0.09594999,0.223755349,0.456808755
OLA1,1115.135141,0.065469341,0.071283827,0.223766049,0.456808755
DMD,150.2138678,0.066646153,0.10169961,0.223777336,0.456808755
NPW,24.81643664,-0.034271211,0.107025772,0.22381419,NA
H2BC6,19.36410682,0.030311984,0.106306835,0.223848115,NA
RCAN3,669.3908511,-0.06916753,0.092640859,0.223903132,0.456974955
TEPSIN,1170.210537,-0.068104786,0.09805231,0.223951804,0.456974955
MAP3K1,1432.813158,-0.058010981,0.056876777,0.223965981,0.456974955
CRYBG3,958.9649675,0.06938022,0.090608414,0.224030356,0.457033366
BMS1P3,26.80373172,0.038282596,0.107792478,0.22408189,NA
DNAJC18,242.2398155,0.066395658,0.100915402,0.224088538,0.457079125
PRDX3,4922.327752,0.057587838,0.05499783,0.22425326,0.457342149
TBX20,10.40854819,-0.023223465,0.10507136,0.22430716,NA
VCX3A,9.668137608,-0.019676349,0.104535708,0.224360918,NA
TMEM87A,1470.124534,0.063116811,0.065614679,0.22442045,0.45761012
TMEM183BP,56.3282133,-0.043995153,0.108586275,0.224583988,0.457870562
OSBPL7,476.0128093,-0.062601377,0.105044137,0.224621381,0.457873782
JADE2,2126.72834,-0.065772706,0.071935976,0.22475013,0.458063193
CLCN5,785.6272214,-0.066303365,0.073220921,0.225083628,0.458669777
GNRH1,24.51028711,0.035590518,0.107224365,0.225170326,NA
GTF2F1,3500.441968,-0.051828139,0.048484451,0.225202092,0.458838048
CHCHD6,194.9213206,-0.068728035,0.094235075,0.225303009,0.458875546
MTFR1,393.6453204,0.068926619,0.0851991,0.225343628,0.458875546
PPP1R10,2417.289249,-0.069139449,0.088936499,0.225347074,0.458875546
DET1,204.7139109,-0.06798868,0.096052053,0.225398918,0.458875546
FCGR2B,479.9000014,0.062170474,0.105659869,0.225434272,0.458875546
EFCAB2,305.8666135,0.067131564,0.09972738,0.225435847,0.458875546
FSTL4,9.986744763,-0.021811209,0.104848643,0.225556533,NA
ARHGAP29,57.69896542,0.053282226,0.108939955,0.225619009,0.459131383
ANKRD44,1282.678442,-0.056336376,0.108070826,0.225635053,0.459131383
ZNRF1,224.2230584,0.065702783,0.103164666,0.225683145,0.459131383
C2orf92,123.8246397,0.058840729,0.107725564,0.225743227,0.459131383
COQ4,967.3228778,-0.058162352,0.057450411,0.225765524,0.459131383
C21orf58,319.0079293,-0.069095959,0.086793163,0.225790316,0.459131383
FAM72D,187.9101729,0.066903515,0.100179951,0.225812916,0.459131383
API5,2749.145511,0.056493522,0.054979863,0.225953809,0.459315552
BASP1,568.6076773,-0.066663074,0.075227255,0.22598624,0.459315552
ELF1,3573.721888,-0.054448108,0.052329881,0.226011274,0.459315552
PRRG3,68.36928626,0.045203322,0.108617478,0.226071624,0.459365181
MGAT4C,15.70780454,0.022687527,0.104939707,0.226089655,NA
GUCA1B,28.7229967,-0.038064484,0.10763986,0.226097594,NA
MAD2L1BP,612.2059292,0.06443494,0.068015814,0.226138032,0.459427099
PCGF1,442.9720457,0.068777426,0.085280892,0.226185083,0.459449681
PLCL1,496.402807,-0.064789763,0.070195068,0.22623074,0.459454416
SPIN1,3500.728303,-0.057097681,0.055879454,0.226259288,0.459454416
RPS11,21316.86913,0.051842703,0.04975312,0.226356841,0.459464169
FBXL3,1796.700612,0.053066594,0.050207936,0.226369722,0.459464169
TMEM184C,1327.122566,0.058548713,0.064813571,0.226400691,0.459464169
EYA3,1213.657067,0.066105694,0.072793937,0.226407842,0.459464169
RDH16,31.09075203,0.039544485,0.107923063,0.226593131,0.459763039
TBL3,942.0135536,-0.068622005,0.084181697,0.226649054,0.459763039
H3C6,113.6426187,-0.056538102,0.108843091,0.226662999,0.459763039
SCN1A,10.12684633,-0.020115699,0.104586161,0.226835562,NA
EGLN2,3171.534872,-0.055231337,0.053296697,0.226879015,0.460061599
SPOPL,852.0058014,0.067598615,0.080894882,0.226882157,0.460061599
NUP50,2007.681638,-0.063800442,0.068403842,0.227166465,0.460565059
DNAAF10,252.1952032,0.068416803,0.093767104,0.22722301,0.460606656
MORC3,1548.393538,0.06154233,0.06413947,0.227362162,0.46081567
KCNJ11,6.76189567,-0.017288833,0.104190817,0.227467559,NA
NIPAL1,22.86082206,0.019171028,0.104448032,0.227698208,NA
ARSB,3871.903798,0.047679558,0.043895543,0.227825541,0.46162291
HAGH,1656.44085,0.056421686,0.054932578,0.22783266,0.46162291
HNRNPA1L2,113.2597977,0.060318667,0.106745752,0.227965632,0.461795804
GPRASP3,42.31525378,-0.033367804,0.106785896,0.22801483,0.461795804
CARM1,2207.8573,0.05298408,0.050337908,0.228026352,0.461795804
ATRNL1,10.71423698,-0.020170815,0.104541337,0.228030229,NA
TTC3P1,43.52072571,-0.048174967,0.108711586,0.228426352,0.462532611
MYOM2,8.267457167,-0.019148874,0.104433864,0.228750734,NA
CAP1P1,40.92149256,-0.043637445,0.108332408,0.228813059,0.463158233
HRH1,237.979398,-0.068003299,0.095407089,0.22884376,0.463158233
STK17A,446.7076299,0.070751707,0.086290504,0.228844001,0.463158233
FBXL8,128.7589531,-0.064583361,0.102895282,0.228964716,0.463329201
SPRYD3,1532.946148,-0.065732305,0.072883847,0.229060221,0.463438453
KYNU,2259.981394,0.063841822,0.067483148,0.229091203,0.463438453
CKAP2,1489.493835,-0.063811176,0.068906414,0.229475111,0.464141637
PEX11A,61.59419776,-0.041114098,0.107985436,0.229549314,0.464203972
ETAA1,202.8167822,0.067493328,0.094444717,0.229578546,0.464203972
WIPI1,1748.134618,-0.0568384,0.056272738,0.229631513,0.464237649
MRPL11,698.3419922,0.070313593,0.076549904,0.229911973,0.464731158
SLC5A2,9.859608656,0.015079977,0.103934409,0.23004531,NA
TNFSF10,309.4856944,0.061725992,0.106019968,0.230179386,0.46517557
CENATAC,424.1233391,-0.067441044,0.080525762,0.230204602,0.46517557
COMT,6583.742645,-0.048190911,0.045617508,0.230354398,0.465404706
KIF1C,4673.722432,0.056452004,0.054630048,0.230533443,0.465692854
KCNJ5,251.6695029,-0.065137097,0.101342059,0.230685146,0.465925686
TYW1,253.8487768,0.067731289,0.094459201,0.230790109,0.466047729
UBC,46030.53913,0.049675359,0.04623063,0.230818476,0.466047729
SAMD3,8.026916261,-0.019298772,0.104413472,0.23087029,NA
ASF1B,619.3111182,0.066875082,0.078917181,0.230870394,0.46607895
URI1,1004.696901,0.062930502,0.067502965,0.231005168,0.466277404
ERVH48-1,24.05399312,0.036030581,0.107197528,0.231236709,NA
GOLGA1,768.3805583,0.064317236,0.06960793,0.231249299,0.466646393
SLC9A8,864.3662239,-0.064060941,0.070132026,0.231294234,0.466646393
EHD4,3127.073671,0.05353603,0.05112591,0.231314384,0.466646393
SLC23A2,3024.609432,0.047638193,0.044791994,0.231333972,0.466646393
TPTEP2,8.817809046,-0.01813219,0.104294487,0.231348641,NA
TMEM266,103.4373163,0.060429348,0.105852242,0.231400316,0.466706584
NAXE,1158.902418,-0.061923237,0.065796178,0.231569261,0.466926148
HGSNAT,2499.354469,-0.062763327,0.067337059,0.231599173,0.466926148
NIPAL2,778.4855974,0.067821775,0.088905717,0.231618743,0.466926148
DACT3,127.3591108,-0.064245245,0.102149116,0.231685381,0.466984721
ANKRD49P2,32.38240332,0.037900738,0.107464067,0.23172545,0.466984721
BORA,242.2043456,0.067265668,0.092211764,0.231757376,0.466984721
DNAJC22,17.74497236,0.027836932,0.105719925,0.23183646,NA
DNAH10,79.0940712,-0.044042895,0.10815736,0.231913146,0.467224957
BRCA1,854.6634734,0.063113138,0.067263652,0.231960223,0.467246171
C1S,193.453113,0.062187133,0.102459811,0.23206147,0.467376479
UBE2D4,566.8380948,-0.067837322,0.093232403,0.232118076,0.467416853
GAN,329.2849065,-0.059985738,0.105807713,0.232781636,0.468679247
TMEM223,350.9871263,-0.066468505,0.078868624,0.232842024,0.468685819
KMO,778.1034111,0.067678878,0.088480547,0.232858218,0.468685819
H2BC4,58.12497017,0.052424849,0.108231044,0.232968554,0.468834089
THOP1,1535.099569,0.059599563,0.060120605,0.233094861,0.46900044
RIOX2,645.2511768,0.067917839,0.084757729,0.233140682,0.46900044
PTTG1,439.3282423,0.066858505,0.08023266,0.233161267,0.46900044
RPL12P16,13.61358085,-0.027702376,0.105731217,0.233213826,NA
ZNF333,474.7420533,0.065134155,0.075049632,0.233454682,0.469483841
LYZ,30983.9479,-0.057579461,0.064985636,0.23347503,0.469483841
ANKRD13A,1832.958698,-0.052190637,0.050140355,0.233512047,0.469484436
MAP3K15,13.33232392,-0.023006715,0.104921809,0.233621116,NA
LRRC1,30.13646139,-0.037705395,0.107310926,0.233659966,NA
LYSMD1,111.3704371,0.061202125,0.105237618,0.233729493,0.46984773
BEND3P1,8.074422645,0.020283095,0.10458317,0.233759579,NA
PDE6B,193.8465073,-0.060984332,0.105300055,0.233865691,0.470047612
SH2D6,12.13553309,-0.023380289,0.105003824,0.233945927,NA
RASSF8,866.0140326,0.066840555,0.092746434,0.234002083,0.47024782
GPX2,9.670050772,0.018191953,0.104285814,0.234041654,NA
SCRIB,2028.455039,-0.066396303,0.079352028,0.23429594,0.470742703
ABHD16B,299.5437594,-0.067639736,0.09157925,0.234336571,0.470742703
ECPAS,3883.889827,0.051870329,0.049916459,0.234358804,0.470742703
PEX5,508.3304079,0.065934269,0.077094784,0.234412997,0.470777594
PTMA,25226.10465,0.060633565,0.063440917,0.234456255,0.470790516
SCAF11,4273.411012,-0.046082732,0.041874438,0.234552654,0.470910127
KLRK1,9.70820264,0.023054478,0.104961874,0.234621684,NA
ZNF777,651.0875676,-0.065500763,0.075821809,0.234689031,0.471109949
ASCC3,1341.012142,0.064680292,0.073194421,0.234843716,0.471194398
TOP2A,4298.108511,0.046666702,0.043334379,0.234855402,0.471194398
TTC1,1397.321717,0.062505993,0.067025565,0.234877895,0.471194398
ARHGAP24,95.09535667,-0.049056695,0.108212834,0.234878521,0.471194398
ZNF615,186.9081029,0.062076619,0.103988134,0.234956216,0.471276314
CPB2,19.08722462,-0.027398157,0.105607797,0.234988811,NA
H3C10,28.50124484,-0.038050466,0.107324574,0.235182881,NA
MAN2A2,2480.229771,-0.064944872,0.074066417,0.235213359,0.471649795
DUX4,11.88886927,0.024579362,0.105187348,0.235253558,NA
SHF,60.88291836,-0.041327063,0.107674615,0.235261666,0.471649795
DAZAP2,6887.461877,-0.053294715,0.048825804,0.235297964,0.471649795
RNASEL,621.9660433,-0.061867435,0.066469338,0.235345853,0.471649795
SRGAP2C,866.953957,0.066504244,0.092590441,0.235379683,0.471649795
ARID3B,627.7208849,-0.064671873,0.073305566,0.235390976,0.471649795
MAP3K7,1272.686894,0.056802588,0.057589202,0.235400652,0.471649795
GIPR,114.5361132,0.046919525,0.108241123,0.235740374,0.472256453
OR8G1,9.766001983,-0.023156361,0.104965163,0.235767122,NA
PELI1,823.4652734,0.060360507,0.063220057,0.235784868,0.472271586
TMEM120B,390.713989,0.064707655,0.07721894,0.236010928,0.4725673
RRN3,965.2218174,0.05916906,0.061439038,0.236016309,0.4725673
AREG,12.70419046,0.024853372,0.105228478,0.236023786,NA
SIRPD,24.07876372,0.031869019,0.106359417,0.23604358,NA
PRRC2A,9544.328783,-0.055322374,0.054499385,0.236048939,0.4725673
CEACAM19,74.91138072,0.045528632,0.108271967,0.236080356,0.4725673
GUCY2C,22.34361845,0.035800423,0.106992376,0.236097144,NA
CALHM6,249.105689,0.064980953,0.099515296,0.236156245,0.472645208
ERI1,672.6497056,0.064365807,0.096334,0.236360914,0.472980793
ECE1,312.0134559,0.066944674,0.084134142,0.236466077,0.473117183
MVD,1101.394044,-0.065888229,0.07872089,0.236547346,0.47320573
UQCRQ,1489.931518,0.060905469,0.064621245,0.236732268,0.473501573
NDUFA9,1555.00638,0.063331201,0.070629882,0.236817321,0.473597599
E2F5,108.7052941,0.049365649,0.108089904,0.236885426,0.473659709
GSTCD,347.5639173,0.066722003,0.093336829,0.237072156,0.473958954
CREM,515.006796,0.066105323,0.082055402,0.237217329,0.474140168
SSBP4,2904.214649,-0.062657749,0.06812287,0.237260902,0.474140168
AAGAB,681.1481704,0.06501574,0.073818956,0.237274055,0.474140168
TIPIN,123.2709128,0.061112232,0.104244147,0.23735066,0.474219127
MPV17L,549.9283435,0.066386528,0.080132038,0.237413944,0.474271448
AVEN,306.7825685,0.066575414,0.093147296,0.237656699,0.474682221
TAF4,661.4372098,-0.06590822,0.085867923,0.237726962,0.474683572
SEPSECS,687.2206902,0.064856873,0.071056416,0.237731632,0.474683572
ANKHD1,2757.971976,0.050779857,0.050771604,0.237828994,0.474796169
HAUS8,398.0386183,-0.066762605,0.08473631,0.237885713,0.474796169
ANXA2R,54.17195718,-0.048547034,0.108171483,0.237899434,0.474796169
FGD2,2812.725802,-0.062783015,0.069286497,0.237962734,0.474848378
CFAP107,10.71531564,-0.022525938,0.104832981,0.238019116,NA
SEC11C,1067.436996,0.065604134,0.078151449,0.238070107,0.474988501
C8orf76,708.0297425,0.061485523,0.066074014,0.23826019,0.475293576
ASIC1,76.96042841,0.037941413,0.107229108,0.238297439,0.475293723
NBPF11,522.250137,-0.065536378,0.07848242,0.238344038,0.475312513
POTEH,7.317443324,-0.020854187,0.104617698,0.23840648,NA
ATG12,1147.228511,0.064016238,0.072919698,0.238454257,0.475458153
DENND6A,887.5049103,0.071538895,0.092818961,0.238544709,0.475564339
VNN1,513.2183781,0.066699308,0.086039245,0.238621328,0.475642919
LYPLA1,2076.322184,0.05464302,0.054582876,0.238691752,0.475709128
DNM1L,1667.868404,0.06393401,0.070882286,0.238790311,0.475812155
TTC12,164.2519456,-0.061085318,0.103923733,0.238844893,0.475812155
GOLGA8B,375.7892451,0.066119825,0.094221657,0.238855097,0.475812155
TCAP,13.72204952,-0.026921562,0.10549728,0.238881197,NA
PRR3,320.5478738,0.065351365,0.0966302,0.239053987,0.476134167
SLC6A11,11.59312895,-0.022563501,0.104843824,0.239131965,NA
LSM6,1053.461015,0.065355049,0.077747334,0.239165,0.476281079
CERS5,1392.863802,0.061389994,0.066645994,0.239276599,0.47642911
OAS1,7381.926717,0.06184,0.074800612,0.239348624,0.476498311
GPRIN2,21.34567679,-0.032601848,0.106414027,0.239393742,NA
CA5A,16.35198327,-0.028738044,0.105776364,0.239401151,NA
HERPUD2,1311.347003,-0.058564348,0.06076573,0.239483308,0.476692215
NPNT,15.31373307,0.01656942,0.104030404,0.239487826,NA
GPRASP1,30.35806819,0.031891067,0.106271247,0.239532283,0.476713957
GRB2,13987.10253,-0.054868496,0.054833965,0.239568805,0.476713957
HFE,547.9472261,-0.066726595,0.087980056,0.239698613,0.47684056
RIPK3,966.3304843,0.05947457,0.062705805,0.239720358,0.47684056
SPRING1,4360.226953,-0.058455046,0.060935905,0.239744319,0.47684056
ANKRD54,803.1375196,0.058078275,0.06021519,0.239879364,0.476881417
MTIF2,1419.037727,0.05023525,0.048341812,0.239949791,0.476881417
GATM,1487.337971,-0.058417145,0.060870044,0.239959983,0.476881417
NUDCD3,1662.938236,-0.061750308,0.067574089,0.239960866,0.476881417
SETD6,332.0386447,0.064575326,0.098339367,0.239964369,0.476881417
PRDX5,3587.878015,0.051523296,0.049527313,0.239988662,0.476881417
FDFT1,2084.434816,0.065645133,0.075441599,0.240167532,0.477162687
WNT11,8.932483566,-0.018271941,0.104251964,0.240225548,NA
UBR2,1786.946977,0.053399693,0.052880306,0.240410027,0.477535881
NUP37,356.0750207,0.06552586,0.078875585,0.240430072,0.477535881
MARCHF1,3510.015711,-0.054594274,0.054124599,0.240476082,0.477553076
SERPINA1,11121.58363,-0.06081626,0.067321083,0.24074189,0.478006689
RRM2B,2018.775375,0.060398331,0.064862967,0.240844397,0.478135966
CSDE1,13984.56845,0.052184455,0.05190519,0.240987666,0.478346112
LGI4,9.662927589,0.020381655,0.104523748,0.240994415,NA
RAB28,268.650489,0.066388638,0.086048915,0.241087318,0.478396274
MFSD11,1100.666199,-0.057040025,0.058652926,0.241087774,0.478396274
PLA2G4F,9.527078807,-0.023085054,0.104905745,0.241203903,NA
VNN2,172.9457716,-0.061357085,0.102846992,0.241267398,0.478678411
ACCS,193.655708,-0.060226227,0.103742764,0.241469069,0.479004197
ADAM17,3916.381379,-0.053220573,0.052905715,0.241571216,0.479132484
GLDC,23.35693367,0.034891637,0.106718847,0.241627798,NA
MYOCOS,12.09904759,-0.021268808,0.104577473,0.241678391,NA
HEXIM1,2263.044092,0.050785786,0.049477338,0.241879601,0.47955374
IDH1,9695.239072,-0.045925574,0.046596595,0.241896899,0.47955374
FOXO6,9.222803089,-0.021685198,0.104663004,0.241929854,NA
SLC29A2,168.5343729,0.057379561,0.106257234,0.24193715,0.47955374
ZHX1-C8orf76,33.29713065,-0.040115808,0.107309088,0.241948058,0.47955374
SMOX,1160.135738,0.069338771,0.077718929,0.24200371,0.47955374
WDR45B,2067.422924,0.048843495,0.046861423,0.242008661,0.47955374
RBSN,856.1021035,0.064061685,0.075457536,0.242066688,0.479594391
CTIF,758.4631548,-0.065169945,0.074413314,0.24217142,0.479700156
GLUD1,6630.542849,0.045696172,0.043147172,0.242195112,0.479700156
USP48,1297.526059,0.062909226,0.070638903,0.242242154,0.479719011
DNAH12,15.08634591,-0.028122067,0.10564034,0.242261848,NA
RIOK1,615.8839436,0.06468395,0.077038736,0.242313366,0.479737248
FAM72C,76.11907806,0.037690641,0.107112226,0.24232641,0.479737248
RAI1,657.8477213,0.065227248,0.094111678,0.242544365,0.480094396
ADGRL3,23.21108615,-0.023399392,0.10489202,0.242747795,NA
SDAD1P1,24.58619512,-0.036347996,0.106862658,0.242860549,NA
EZH1,1229.703863,-0.056820659,0.058751102,0.242875429,0.480675287
C1orf216,719.5252476,0.065952906,0.084969037,0.242981465,0.480718553
NDOR1,1332.992793,-0.064702841,0.081709291,0.242994194,0.480718553
HSD17B1,539.2425234,-0.063669374,0.073896623,0.243037687,0.480718553
BRIP1,436.2550623,0.064309135,0.096909207,0.243075815,0.480718553
OR6Y1,39.80881366,-0.04036443,0.107340323,0.243085291,0.480718553
SGIP1,60.67510411,0.033424564,0.106414366,0.24330642,0.481081438
NME4,1178.90244,-0.058873307,0.06254955,0.243464308,0.481280593
CYB5RL,347.4787157,-0.065925888,0.089710829,0.24348243,0.481280593
A1BG,404.3224914,-0.065940988,0.084670224,0.243547724,0.481335238
TIAM2,76.89456785,0.051257044,0.107422137,0.243895321,0.481916974
SRPK2,1135.15507,-0.061772913,0.069033775,0.243944837,0.481916974
DOCK7,1187.998036,0.029392147,0.103551713,0.243955155,0.481916974
CFAP126,98.85909039,0.056959846,0.105856043,0.2440542,0.48203815
ZP3,21.09594024,0.030711206,0.106004148,0.244075129,NA
NUDT5P1,15.15549199,0.0286208,0.105722777,0.244155918,NA
RTCB,3890.850174,0.058201631,0.061222261,0.244200956,0.482234892
SNX5,3460.247864,-0.058857035,0.063238751,0.2442315,0.482234892
NBPF12,839.5541288,-0.058640528,0.062217405,0.244266966,0.482234892
MRTFA,2770.629509,-0.060439789,0.065898033,0.244371735,0.482367243
ACMSD,13.61887577,0.026946786,0.105503314,0.244381156,NA
EPS8L1,407.62354,-0.064197652,0.097568691,0.244525048,0.482595359
RIC1,1448.321514,0.062323463,0.069245841,0.244628814,0.482725635
AMER1,223.0263616,-0.06680721,0.094255239,0.244765307,0.482920439
KAT8,1141.959334,-0.051902203,0.051512128,0.24486117,0.482964009
RANBP3,2374.246811,-0.056240125,0.058142523,0.244874832,0.482964009
LRRC42,384.2312969,0.06581158,0.086915709,0.244900717,0.482964009
VAV1,4761.02913,0.042128967,0.039189724,0.244990347,0.483066253
PCDHGB2,12.59847704,-0.025638121,0.105233042,0.245003432,NA
HOMER3,1418.66214,0.062962073,0.071853022,0.245082649,0.483173735
COQ10A,130.4885374,-0.060941415,0.102391809,0.245187353,0.48328871
ANKRD27,665.8617394,0.063441853,0.074133404,0.245216571,0.48328871
ZNF726,23.89428976,0.031626693,0.106144133,0.245221301,NA
MTMR2,1008.080524,0.062363872,0.071003068,0.245394104,0.483546959
CFAP97,646.761133,0.06369226,0.07496159,0.245423247,0.483546959
SAE1,2464.166398,0.049861858,0.049152408,0.245716561,0.484050267
LDLRAP1,1020.018345,-0.065278939,0.082242823,0.245910747,0.484358173
ZNF667,63.91483002,0.044994675,0.107558661,0.246056513,0.484570627
COPS3,1261.56315,0.061773436,0.069595502,0.246221816,0.484821487
CDAN1,623.5894717,-0.06413049,0.095740318,0.246562513,0.485417574
ERV3-1,215.8348259,0.064648335,0.094487666,0.246701023,0.485615485
ZC2HC1A,203.7223621,0.064027071,0.093593247,0.246940564,0.486012179
FYCO1,1179.952434,0.057228649,0.060387496,0.247006337,0.486066804
MAMSTR,13.46841813,-0.027605469,0.105501475,0.247098319,NA
SHPK,742.9488777,0.056739429,0.060297666,0.247155892,0.486234384
TDRD1,31.94118243,0.038910753,0.107083602,0.247167561,0.486234384
GTF2H5,582.7565502,0.065061171,0.079790864,0.247362298,0.486542612
CIMAP1C,16.25929407,0.025524772,0.105211255,0.247384002,NA
SUN2,10176.18656,-0.057975965,0.062054208,0.24761831,0.48697125
SECISBP2L,2052.380194,0.059722806,0.065367502,0.247699017,0.487055049
KIT,22.1193508,0.023030104,0.104816402,0.247720902,NA
FRG1HP,74.77775081,0.05267231,0.106600125,0.247782582,0.487144442
UBE4A,2134.504411,-0.048846684,0.047626077,0.247966835,0.48735807
NINJ1,3604.60657,-0.060695183,0.06748447,0.247967481,0.48735807
GGT7,552.276964,-0.064973677,0.083484703,0.248018611,0.487383638
PCNX3,2717.759718,-0.064474451,0.082810495,0.24807032,0.487410333
ARMCX5-GPRASP2,9.525422838,0.013118111,0.103687839,0.248072037,NA
RRP9,415.0920349,0.062835004,0.073496975,0.248417144,0.48797992
RRBP1,8746.962004,0.057159224,0.059978444,0.248436551,0.48797992
TSPAN11,19.46018396,-0.023224409,0.104793534,0.248695918,NA
KLC3,14.45377269,-0.025889501,0.105214842,0.248830813,NA
NDUFAF1,654.9991082,0.062938052,0.074121604,0.248875936,0.488767871
APOBEC3A,8.808934256,0.019655541,0.104408474,0.248928812,NA
CERCAM,723.8405506,-0.064511239,0.081054622,0.249206578,0.489301487
DNMT1,7641.391266,0.066511961,0.071611141,0.24923731,0.489301487
ANXA7,2403.835865,0.052715233,0.053393259,0.249262463,0.489301487
ADIPOR1,3222.559257,-0.045967026,0.044195769,0.249375556,0.489448339
MRPS28,628.0359725,0.063120817,0.07516626,0.249534677,0.489685471
MTERF4,883.7689649,0.060255316,0.067075097,0.249624507,0.489767465
AHRR,154.0884693,-0.04826989,0.10740254,0.249702012,0.489767465
SKP1,1906.363186,0.067873232,0.08838502,0.249710955,0.489767465
TRIO,7083.222632,0.058369843,0.061096341,0.24975845,0.489767465
ATG13,2807.323334,-0.053562458,0.054824818,0.249767999,0.489767465
CCL28,13.02285208,-0.024456053,0.104987606,0.249810994,NA
RAB3IL1,1225.304665,-0.060835135,0.067693089,0.249837726,0.489794341
OR5AN1,15.70446413,0.028139236,0.105565892,0.249847012,NA
MRPS16,1645.003222,0.058379276,0.062662288,0.249893126,0.489794341
POLR3F,258.7078813,0.065311738,0.090921908,0.249934791,0.489794341
NMNAT1,598.3319707,-0.064225702,0.079279306,0.249934946,0.489794341
DVL3,5295.70505,-0.062103037,0.070500599,0.24999208,0.489807469
ISY1,853.010383,0.060931874,0.075343925,0.250018267,0.489807469
DUOX1,23.723283,0.02867105,0.10553888,0.250209844,NA
RPL29,10380.06606,0.054467912,0.055610895,0.250232398,0.490098509
PINLYP,119.6112994,0.060669191,0.102086565,0.250276442,0.490098509
NAIPP1,32.3814407,-0.032829496,0.10619248,0.250357566,0.490098509
NAIPP3,32.3814407,-0.032829496,0.10619248,0.250357566,0.490098509
MTPAP,580.3430764,0.06522133,0.087457217,0.25040481,0.490098509
NPIPB4,702.8056849,0.063765493,0.078305266,0.250417508,0.490098509
TEAD3,35.68696749,0.04093662,0.107043639,0.250435163,0.490098509
DRP2,7.104582573,-0.019008795,0.104295947,0.250485532,NA
ZNF114,93.28232211,0.047627231,0.107237468,0.250538732,0.490206349
ZNF549,198.4177289,-0.064547995,0.090989016,0.250566953,0.490206349
MRGBP,506.8667089,0.061550977,0.070140386,0.250616195,0.490227671
COX11,571.3318721,0.064718256,0.083107764,0.250672714,0.490263217
UBN2,636.7983878,-0.06499775,0.088270605,0.25081553,0.490467506
FOXP1,926.4903398,0.058253659,0.063122787,0.250877722,0.490514097
NLGN3,167.9544317,-0.058754099,0.103136979,0.251032863,0.490681631
MRPL18,967.7200633,0.055046,0.057455345,0.251040168,0.490681631
TAFA2,24.85764801,-0.031538878,0.105958039,0.251109086,NA
LCA5L,24.26208363,-0.029743065,0.105687294,0.251139769,NA
LARS2,996.7350604,-0.062330639,0.073467492,0.251487594,0.491481029
DIRAS2,100.5689179,0.052810409,0.106168365,0.251786026,0.491989048
MYO1E,7530.395818,-0.050689983,0.05085927,0.251866594,0.492071272
ZDHHC15,73.86316527,-0.049431499,0.106793735,0.251906354,0.492073757
SBNO2,4645.205079,-0.061281013,0.070600244,0.251958457,0.492100348
GHRL,50.83055914,0.0390768,0.106852827,0.2520579,0.492219376
FRMD6,182.695826,-0.060919165,0.100508138,0.252339367,0.492573503
PTPRU,66.12697041,-0.037727829,0.106713224,0.252362971,0.492573503
PAK6,37.4700673,-0.036609206,0.106572561,0.25236644,0.492573503
SF1,6195.053629,0.050279662,0.050178902,0.252393353,0.492573503
RTCA,1363.453422,0.051890865,0.052706508,0.252608923,0.492874037
CFDP1,853.4088717,-0.061645932,0.069880893,0.252651593,0.492874037
CDK16,2217.126874,-0.058469042,0.06436851,0.252662998,0.492874037
PLA2G4B,105.3407357,-0.045933469,0.107131416,0.252757626,0.492983409
CHSY3,41.70226513,-0.033365501,0.106192025,0.252826323,0.493042181
EPB41L5,22.09288625,0.020856851,0.104461775,0.252844901,NA
SPAG9,3561.12482,0.053156541,0.054695079,0.252910485,0.49313109
TCHP,880.3885491,0.0616104,0.071259673,0.25301314,0.493256023
SCFD1,1494.326667,0.06005457,0.066892235,0.253094917,0.493340221
SEC61A2,224.0227248,0.063634113,0.094064625,0.253249769,0.493566814
PAX3,8.242110855,0.018710896,0.104246047,0.253250812,NA
MATN2,22.94618599,-0.028530889,0.105443709,0.253313989,NA
TRIM32,341.5807765,0.062859926,0.095647845,0.253420581,0.493774821
SRD5A3,1243.298307,-0.062081148,0.073781474,0.253433741,0.493774821
CPT1C,14.50072693,-0.021334181,0.10456488,0.253464306,NA
AURKC,30.43462689,0.035073736,0.106370993,0.253649884,0.49405771
HAUS1,401.5659799,0.064358188,0.087207123,0.253659575,0.49405771
GUSBP13,39.46436203,0.04314284,0.107091977,0.253694867,0.49405771
COLGALT1,17856.85456,-0.06103332,0.070511035,0.253804878,0.494196674
NFIX,22.52763042,0.026969545,0.105240373,0.253834883,NA
RSL1D1,3130.406265,0.056962925,0.060023187,0.25389961,0.494203123
PRKAA1,1742.701576,0.05581502,0.059314644,0.253914296,0.494203123
IAH1,611.1344822,0.062649225,0.075722628,0.253924154,0.494203123
BEND3P2,55.15453454,-0.046583434,0.10694256,0.254190318,0.494645847
CPNE7,92.51361828,0.053575553,0.105678765,0.254331973,0.494823951
RBFOX1,34.04794605,-0.04002727,0.106851767,0.25435925,0.494823951
ZNF250,148.2649619,-0.055592407,0.104717108,0.254462464,0.49494943
ZNF526,506.0782316,0.06340936,0.079021526,0.25459737,0.494995006
OR5AS1,152.1502573,-0.061390015,0.098893066,0.254667916,0.494995006
SRSF9P1,14.7219085,-0.026537863,0.105223921,0.254668332,NA
LRRC41,2006.255415,-0.052557699,0.054095238,0.254674596,0.494995006
CD163L1,304.9258869,-0.051039279,0.106266753,0.254690304,0.494995006
CASP3,1265.15897,0.05984747,0.067319265,0.254691659,0.494995006
NHLRC3,2080.392582,-0.054656359,0.057542041,0.254725149,0.494995006
ANAPC10,275.3304778,0.063500379,0.093355896,0.254756914,0.494995006
HMGN1P1,9.218475895,0.020412478,0.104426039,0.254910716,NA
RWDD3,187.1631614,-0.060709132,0.100082588,0.255000568,0.495393141
LTN1,834.6540899,0.073946589,0.08491498,0.255150153,0.495608433
TUBA3FP,25.26278433,0.029667226,0.105671317,0.255168874,NA
CEP15,147.4368722,0.060160875,0.099692246,0.255239209,0.495706105
DENND3,5841.95382,-0.060733561,0.069972762,0.255402346,0.495947598
ABCC2,17.85043486,0.026655945,0.105263841,0.255548772,NA
LILRB4,2915.388375,0.053655864,0.057151335,0.255591212,0.496165953
ZNF69,58.47746683,0.046059445,0.10684132,0.25559241,0.496165953
SNX10,6210.772544,0.056598027,0.060727409,0.255705629,0.496310378
KCNN3,12.28864349,0.018100356,0.104130407,0.255801331,NA
TSPAN31,707.4241061,-0.057720652,0.063454171,0.25606151,0.496925683
CHI3L1,141983.1578,0.042654166,0.041011394,0.256170406,0.497026088
MMP14,41496.02016,-0.045398857,0.051152065,0.256202443,0.497026088
TMEM183A,1728.437222,-0.058170978,0.064430965,0.256229874,0.497026088
RPL7,15101.98249,0.050083021,0.051205591,0.256368937,0.497131622
ZNF391,47.50526169,-0.044248051,0.106866015,0.256382464,0.497131622
DCAF4,309.1464885,0.061471915,0.097925943,0.256442318,0.497131622
PDZD7,126.2551552,-0.051805191,0.105837759,0.256479457,0.497131622
DIAPH2,1202.945154,0.056131829,0.060534633,0.256504331,0.497131622
STX18,1276.565362,-0.056228417,0.06062451,0.256525175,0.497131622
SCAI,164.6384733,-0.040114735,0.106743744,0.256556468,0.497131622
ZNF214,7.958779232,0.012257418,0.103561445,0.256579538,NA
PLCH2,9.577712376,0.017892713,0.104063843,0.256594547,NA
CHFR,2534.855842,-0.047903667,0.047760851,0.256660369,0.497136914
UPF2,1587.585477,0.055473585,0.059164587,0.256710174,0.497136914
RAB2A,3064.779656,-0.049468695,0.046164644,0.256730796,0.497136914
DEPDC1,356.7083174,0.056972805,0.102589438,0.256761513,0.497136914
TSC1,1417.488729,-0.057712209,0.063556871,0.256791989,0.497136914
NDC80,567.5919298,0.063845128,0.080935157,0.256815584,0.497136914
TENT4B,556.1012343,-0.063424727,0.077891195,0.25683139,0.497136914
ZC3H18,1864.758658,-0.053450382,0.056058975,0.256998775,0.49738561
LYRM9,158.7928217,-0.060031443,0.101235343,0.257259855,0.497815535
SH3RF1,381.3271421,-0.062933095,0.079866195,0.257307809,0.49783298
CAVIN3,15.96464673,0.027195341,0.105315704,0.257462934,NA
GRB10,216.8641476,0.056335347,0.103858794,0.257514154,0.498156826
EPSTI1,2478.780649,0.063527098,0.08449141,0.257567551,0.498184742
IMMP1L,63.54533059,-0.038963173,0.106596197,0.257613472,0.498198192
LRRC74A,14.39184665,0.020488943,0.104415938,0.25769578,NA
CILP,27.61606258,-0.036520092,0.106424661,0.257729698,NA
NEK9,2811.664217,0.059264697,0.059564136,0.25776981,0.498360743
KIAA0513,1131.137401,-0.060779642,0.071403797,0.257789028,0.498360743
PKD1P6,252.394152,-0.060174626,0.099656867,0.257814467,0.498360743
PRKX,1412.404774,0.060133223,0.068625274,0.257991287,0.498593469
NEK11,106.9652072,0.058348243,0.102405697,0.258012858,0.498593469
TXNL4B,231.6666164,0.063359339,0.092164114,0.258078446,0.498644844
LNX2BP,402.1804657,0.063033748,0.08205204,0.258270258,0.49894005
MCTS2,22.72283346,0.029203713,0.10556438,0.258310928,NA
KLHDC4,945.4408049,0.059022087,0.066859194,0.258381432,0.49907941
TPH2,83.55669761,-0.045201937,0.106596361,0.258454907,0.49914592
RECK,361.5233495,-0.062831269,0.080427922,0.258591253,0.499333811
ARIH1,2693.684424,-0.05060034,0.051532724,0.258706951,0.499481784
BECN1,2109.81098,0.050806677,0.051271314,0.258805839,0.49959726
ARHGAP6,292.3886531,0.063108065,0.090527901,0.258947511,0.49979528
LDHB,9813.786221,0.054101769,0.058213001,0.259034173,0.49988708
MTG1,1082.85809,0.05623454,0.061050384,0.25912436,0.499985654
SRPX2,665.9010654,0.061039419,0.072571337,0.259333016,0.500312753
SYCP3,24.52566193,-0.033737733,0.106052857,0.259354225,NA
MANBAL,615.2187655,-0.060549932,0.070228242,0.259378936,0.500325843
PTPN7,2770.499817,0.052088248,0.054199201,0.259509487,0.500491773
USP47,1943.430889,0.057469796,0.06336685,0.259574558,0.500491773
SLC39A7,4995.699578,0.039966837,0.038348047,0.259582397,0.500491773
TRAF6,621.6914145,0.058948699,0.066512866,0.259732167,0.500705029
HIVEP3,1753.084575,0.06391259,0.08325484,0.259827624,0.500813533
LCORL,693.8531769,-0.061554252,0.074459783,0.259883778,0.500846262
ERO1A,2139.987926,0.054026867,0.057213993,0.259993427,0.500982059
MAGIX,59.10727048,0.043720273,0.106648506,0.260118591,0.501110064
PSMC2,3046.78881,0.048549771,0.048573938,0.260138248,0.501110064
POLE,1192.348565,0.063156694,0.08752559,0.260244125,0.501190466
TAF2,927.3608648,0.057203795,0.063551173,0.260265131,0.501190466
ZNF808,156.4350059,0.053168156,0.104698276,0.260321726,0.501190466
SAR1B,1282.065609,0.059084803,0.067474007,0.260369833,0.501190466
CBARP,80.34690538,0.046066526,0.106410523,0.260375993,0.501190466
MED6,698.5243543,0.060821522,0.071076958,0.260747853,0.501649568
CHN2,687.4698267,-0.062774942,0.079699468,0.260811007,0.501649568
ZFAND2B,533.4494538,-0.061680133,0.075760553,0.260874013,0.501649568
DHRS7B,474.3854954,-0.061897817,0.076872029,0.260889661,0.501649568
AGBL3,35.46469622,-0.037758984,0.106424186,0.26090812,0.501649568
FAHD2A,565.6061196,-0.061343039,0.07458702,0.260941274,0.501649568
PMPCB,1854.774556,0.053343819,0.055595613,0.260952284,0.501649568
MGST3,3445.45105,-0.054136501,0.057781881,0.260966704,0.501649568
SMYD2,987.1336729,0.055912749,0.061061919,0.26096764,0.501649568
RPUSD1,994.8459775,-0.061403701,0.076165531,0.261042043,0.501677418
TBKBP1,738.8605048,-0.06195006,0.082829003,0.261060607,0.501677418
IFNGR1,5250.385932,0.049458774,0.04940689,0.261200411,0.501819172
ARL4A,291.9946638,0.062977588,0.088341533,0.261212874,0.501819172
METRN,97.99246819,-0.047472056,0.106370099,0.261395802,0.50205432
ZFP37,32.76934064,0.034604191,0.106130295,0.261413814,0.50205432
TET3,1826.927105,-0.059206088,0.068410447,0.261573648,0.502285835
CHRND,9.792883052,0.01439422,0.103744682,0.261712136,NA
FAM13B,1642.099474,0.059257572,0.068545706,0.261743823,0.502537134
SVIP,164.5623435,0.05814788,0.1005215,0.261869283,0.50270252
EPDR1,190.1552381,0.061628619,0.095223448,0.261918177,0.502712812
CUL3,2020.481496,0.061803012,0.076738504,0.261953286,0.502712812
MTRES1,274.6632806,0.062897795,0.089392161,0.262010574,0.502747289
CYB5R2,68.28012973,0.049442467,0.106090705,0.262080008,0.502755859
COL11A1,88.25540146,-0.042015775,0.10658616,0.262093688,0.502755859
CKMT1B,12.74916926,0.016411557,0.103941366,0.262349286,NA
DCSTAMP,8785.240434,0.047444527,0.047953904,0.26243404,0.503333213
PCDHB14,11.91099362,0.02328148,0.104714356,0.262446658,NA
POM121B,27.2735227,-0.035278275,0.106180145,0.262459132,NA
CPSF1P1,375.0682097,0.06265951,0.088412,0.26250531,0.503394388
RIMBP3C,13.37356322,-0.015961525,0.103890145,0.262537214,NA
SH3GL1P2,12.50355176,-0.024756493,0.104903996,0.262710486,NA
RPGRIP1L,72.5973633,0.041773913,0.106587907,0.262812698,0.50390827
TM2D2,1859.506939,-0.051544448,0.054103666,0.262905723,0.504011047
TESC,57.1090321,0.040101087,0.10648316,0.26301172,0.504138657
KATNBL1,686.9480672,0.059773187,0.086760425,0.263058918,0.504153541
SEC14L5,8.88798683,0.019886315,0.104327809,0.263109036,NA
CTAGE7P,7.998230518,0.019701677,0.104309241,0.263109702,NA
NCLN,3714.254382,-0.055359381,0.060232874,0.263191849,0.504265193
ULBP3,53.31791114,0.045092105,0.107391289,0.26319606,0.504265193
KBTBD11,9.439195734,-0.01929132,0.104244157,0.263283309,NA
MT1H,80.16327942,-0.041367459,0.106311587,0.263294821,0.504370672
PRKRA,900.201428,0.061540827,0.076448198,0.263331434,0.504370672
B4GALT4,446.6636788,0.060865445,0.078965969,0.263369465,0.504370672
FAM156A,696.3434513,-0.04615815,0.10665209,0.263518437,0.504502957
DHX58,1600.59017,0.060736897,0.078756891,0.263523119,0.504502957
MRPS30,878.0858778,0.06059487,0.074066948,0.263556922,0.504502957
TSPAN17,1617.093695,0.048006057,0.048770889,0.263689728,0.504681613
SOX7,15.65816556,-0.024071806,0.104807002,0.263774261,NA
EDRF1,427.559348,0.062558473,0.08441846,0.26385094,0.504848293
KCTD6,139.2518355,0.05762069,0.100485976,0.263855792,0.504848293
PLEKHA8,459.02553,0.061835241,0.088099151,0.264381227,0.505777943
HADHB,3835.026246,-0.049629622,0.051584566,0.264455883,0.505845072
ZNF613,142.9147476,-0.053776877,0.10345333,0.264538308,0.505896199
ZNF696,298.0550041,-0.062283284,0.090646165,0.264561751,0.505896199
RIOK3,1946.061028,0.046528148,0.046901567,0.264735526,0.506152788
CEBPZOS,751.9541001,0.062266866,0.090298204,0.264799014,0.506198474
PTN,9.435609117,0.018379364,0.104135473,0.26482895,NA
COL28A1,9.86237133,-0.018270169,0.104091389,0.26485165,NA
COL5A2,202.3860841,-0.053772134,0.103787715,0.26489244,0.506301368
EEF1AKMT1,120.1233031,0.056846441,0.101951264,0.264957825,0.506350642
CFAP45,13.57147743,0.022556862,0.104626706,0.264983765,NA
ZSCAN20,237.9410188,-0.062538194,0.087280032,0.265099694,0.506431257
UBIAD1,527.5231513,-0.059839129,0.071395206,0.265100253,0.506431257
LRRC37A4P,423.5596477,0.062454962,0.087513689,0.265118843,0.506431257
HENMT1,93.05687557,-0.056142403,0.103517343,0.26534109,0.506780076
DCAF4L1,32.40654735,-0.037890189,0.106289269,0.265468765,0.50688006
LRP2,47.36682487,0.03885263,0.106254116,0.265472732,0.50688006
EIF4H,8391.922272,0.037216962,0.03560636,0.265514931,0.506884933
GEMIN5,357.2682781,-0.062300991,0.082484901,0.265631111,0.507031018
SMG1P4,21.72522565,0.023803646,0.104756133,0.265646564,NA
UPF3A,1671.279214,0.059361232,0.05880325,0.265707275,0.507100689
TECPR1,1945.752019,-0.066869817,0.090846223,0.265768675,0.507142165
SPCS3,3735.563316,0.043464855,0.043230726,0.265912855,0.507293071
ESYT3,15.1069994,0.019949273,0.104273148,0.265925964,NA
MICAL3,768.1017043,0.064629344,0.082569441,0.265927115,0.507293071
CAPNS2,13.28089882,0.02184465,0.1045272,0.266043885,NA
RSBN1,564.121891,-0.062076799,0.077789071,0.266188541,0.507572863
CELSR1,3242.23942,-0.05851846,0.067270558,0.266203143,0.507572863
CIAO2B,1298.375774,0.053440568,0.057630086,0.266213829,0.507572863
CATSPER2,217.2947881,0.057962657,0.100687021,0.266258778,0.507572863
RHOXF1P3,32.30254129,-0.037180852,0.106166662,0.266272287,0.507572863
TMED3,2519.34416,0.050410779,0.052716508,0.266463506,0.507799071
UQCR11,2868.852291,-0.052122306,0.055476196,0.266470393,0.507799071
H2BC5,146.9865192,-0.059905234,0.096486087,0.266591683,0.507954495
CCAR2,2851.10603,0.061785755,0.073017082,0.266671371,0.508030619
DHX8,2251.007805,-0.054537528,0.05984631,0.266752704,0.508087854
CLEC12B,102.7108129,-0.052351832,0.104440181,0.266780896,0.508087854
RNF181,1492.294047,-0.053117635,0.057212868,0.266887702,0.508174293
RDH14,478.4004167,0.059969286,0.072119721,0.266905778,0.508174293
SPSB1,1297.560535,-0.053576109,0.057549498,0.267070109,0.508332138
ATP8B2,474.5145524,0.061481306,0.089974217,0.267079709,0.508332138
VRK1,537.1847873,0.061926428,0.080767832,0.267124455,0.508332138
HCK,8993.368019,0.051630252,0.054493351,0.267147723,0.508332138
MAD2L2,514.3761737,-0.060965887,0.076545547,0.267216395,0.508360277
IFIT5,1051.575098,-0.062074793,0.084947254,0.267254818,0.508360277
TMED9,7705.067752,-0.049120444,0.04839654,0.267281798,0.508360277
SLC5A12,7.694719742,0.018652637,0.10416467,0.267369776,NA
MIER1,1100.378222,0.059507835,0.07228887,0.267452191,0.508543041
MTND2P28,557.085452,-0.062334225,0.088988907,0.267457443,0.508543041
WBP11,2461.980962,0.061175246,0.084225589,0.267517186,0.508580999
SPDYA,17.61965672,0.025262205,0.104863222,0.267565493,NA
PIGX,413.84667,0.06221086,0.085530231,0.267627837,0.508610846
GPAT2,12.47931979,-0.024685391,0.104815071,0.267639423,NA
ARMCX3,2000.212231,0.048754486,0.050389944,0.267648596,0.508610846
SLC25A1,2029.723523,-0.058280473,0.065177159,0.267652231,0.508610846
GDPGP1,220.3519399,0.061445459,0.093212366,0.267740098,0.508702208
TPSD1,7.098947913,-0.018332981,0.104102788,0.267854129,NA
GZF1,595.826336,0.056993331,0.101188957,0.268080552,0.509240485
MTMR10,2057.489165,-0.048850735,0.050678967,0.268103066,0.509240485
PTBP1,8832.663605,-0.059830085,0.072466202,0.268189127,0.509328281
ATAT1,204.218412,-0.061085336,0.093586565,0.268356887,0.509571187
ERICH1,614.4998163,0.061358559,0.079422308,0.268570171,0.509882927
CD209,62.64274422,0.041753615,0.106252412,0.268600822,0.509882927
ZNF571,94.9918911,-0.055335934,0.102525695,0.268811609,0.510207307
HEATR6,790.1185757,0.060141357,0.074062084,0.26893247,0.510294828
IMPA1,719.2025665,0.06220045,0.085586704,0.268937548,0.510294828
CDK13,2046.709132,-0.048670826,0.050548157,0.268978808,0.510297382
MTMR8,44.0116067,0.035112188,0.105942501,0.269036651,0.510331392
PHF13,692.736929,-0.061630587,0.090202651,0.269111522,0.510343056
LRRC7,47.30597621,0.034532619,0.105859743,0.269122635,0.510343056
SLC7A5P1,21.74783072,0.028622744,0.105300653,0.26919488,NA
TRPV1,625.2129277,-0.0607409,0.076744205,0.269389619,0.510711219
GGPS1,576.0914273,0.061585146,0.081304952,0.269396673,0.510711219
ARFGEF3,36.43112009,0.032764985,0.105744028,0.269465856,0.510766636
SEC24D,2169.754521,0.047635412,0.050126468,0.269660327,0.511059484
VPS26B,1939.866974,-0.050995716,0.054229117,0.26977921,0.511074549
ARMCX6,1166.894829,-0.056545058,0.06489206,0.269840545,0.511074549
ASB13,1039.821531,-0.054565228,0.060485872,0.269848231,0.511074549
GAPVD1,2280.777649,0.055965889,0.063604911,0.269858149,0.511074549
TTC27,338.9840965,0.061709649,0.08795196,0.269868149,0.511074549
ENKD1,216.8847878,-0.061439417,0.089618439,0.269983995,0.511170094
UQCRH,2921.390068,0.057246469,0.065119397,0.270030104,0.511170094
DENND11,3391.983398,0.047102065,0.047812913,0.270038546,0.511170094
DSP,117.5669913,0.042327262,0.106144183,0.270223623,0.511444711
CTRL,24.10727833,-0.030275231,0.105425402,0.270264766,NA
CLDN23,421.9148248,-0.059663639,0.073070893,0.270303616,0.511520387
ENTPD6,2236.390417,-0.048177019,0.051880001,0.270738369,0.512220079
ARPC3,8665.477301,0.05535189,0.061211671,0.270785606,0.512220079
BRSK2,36.82169285,-0.036291151,0.105914155,0.270793548,0.512220079
WASH6P,2071.810131,-0.054759498,0.060434341,0.270897159,0.512340264
FLI1,2127.686587,-0.052970135,0.058291973,0.27093923,0.51234404
PITX2,21.19252664,-0.030266819,0.105425239,0.271007334,NA
VPS4A,2014.974145,-0.045179108,0.045853514,0.271141634,0.51265096
SLC30A4,332.4115332,0.062212886,0.096025026,0.271260433,0.512772434
MAMDC4,157.5530879,0.048638182,0.104837732,0.271286097,0.512772434
RIMKLA,11.71834011,0.022540974,0.10455837,0.271389906,NA
APEX2,908.9865726,-0.056572388,0.066630791,0.271436669,0.512981199
ACOX1,3314.269767,-0.052074398,0.056390869,0.271612963,0.513223926
ABCF2,778.6180998,0.06114216,0.089706733,0.271659172,0.513223926
HJURP,584.9738786,0.060698471,0.092697142,0.271685532,0.513223926
FFAR2,111.0146272,0.040785819,0.106138926,0.271789826,0.513345091
ATP5F1B,18017.60459,0.04813015,0.049290129,0.271908287,0.513492976
ACHE,14.85561048,0.027099639,0.105060765,0.272867199,NA
MAP3K10,638.7184799,-0.055809344,0.063295429,0.272918733,0.515325062
EPM2AIP1,748.7689339,0.060060264,0.075926694,0.273156454,0.515557591
SNRNP40,817.8425571,0.05731555,0.067928356,0.273178142,0.515557591
PILRB,783.7556834,-0.057975166,0.068266015,0.273218188,0.515557591
PDE4DIPP2,211.924631,-0.059604648,0.095593706,0.273227255,0.515557591
YJU2B,840.8397311,-0.056988639,0.066500853,0.273258176,0.515557591
ZNF853,12.27439689,-0.023488593,0.104613575,0.273259281,NA
CRNKL1,985.834084,0.060179769,0.075219828,0.273283832,0.515557591
NDUFAF3,998.8273323,-0.054182894,0.060270434,0.273389241,0.515612316
OXNAD1,379.0399959,0.060818871,0.079186396,0.2733935,0.515612316
CFAP58,13.17145249,0.0236496,0.104626192,0.27348901,NA
ZW10,562.758644,0.060421933,0.077151921,0.273581646,0.515891053
MDH1,4689.437687,-0.052716704,0.057992688,0.273673561,0.515988273
PBDC1,1275.991185,0.058475542,0.070692226,0.27375789,0.516032294
PFKFB4,854.97218,0.05983274,0.075253946,0.273777634,0.516032294
UNC5CL,18.00500245,-0.022217641,0.104435861,0.273919801,NA
ZNF765,274.3152342,0.058226293,0.098124183,0.274012436,0.516328569
ZNF396,60.88589153,-0.035586296,0.105740088,0.274015592,0.516328569
TIMM10,600.5557119,0.05671932,0.06700939,0.274065839,0.516347148
PIP5K1A,1456.727715,0.057631627,0.067351291,0.274277348,0.516492301
MFSD1,9422.969479,0.039627037,0.039247738,0.274299116,0.516492301
MRFAP1,6771.917599,0.050671678,0.04867432,0.274303612,0.516492301
TBXA2R,105.0858048,-0.054446449,0.102303214,0.274318123,0.516492301
DEF6,1763.894588,-0.051957959,0.056727319,0.274344874,0.516492301
NSF,2039.162243,0.053519218,0.058761263,0.274546102,0.516734496
CIBAR2,9.922499147,-0.0199888,0.1042353,0.274577297,NA
EIF3C,12816.4553,-0.047577102,0.04992698,0.274602571,0.516734496
PHLDB1,1221.921255,0.057950676,0.069603655,0.274609691,0.516734496
TMEM35B,511.096267,0.057302544,0.067825534,0.274675155,0.516734496
SMG1P5,129.6445697,-0.047486427,0.106109602,0.274680206,0.516734496
ARPC5,11464.32667,-0.035879057,0.034821001,0.274716024,0.516734496
CORO1C,13979.23323,0.046397198,0.047024175,0.274859707,0.516858099
SLC50A1,1084.228446,0.052650541,0.05789025,0.274894366,0.516858099
MAP2K7,1929.836493,-0.057513515,0.069031983,0.274903017,0.516858099
PSMB7,3184.183005,0.044348456,0.04574086,0.274956855,0.51688331
CWF19L2,409.0638365,-0.058675775,0.07195909,0.27506449,0.51700963
MON1B,2914.73575,-0.060167631,0.078015156,0.275204353,0.517132611
RNF4,2560.908003,0.048176149,0.05075125,0.275210816,0.517132611
MRI1,673.7940871,-0.060423827,0.081894067,0.275256248,0.517141974
SLCO1A2,11.47319222,-0.015224484,0.103722138,0.27539817,NA
PRRG1,188.2079206,0.045528365,0.104937903,0.275440227,0.517411594
TCAF1,1116.57448,-0.059550003,0.074639934,0.275750533,0.517918403
MT-CO3,74929.80463,-0.04814681,0.058314701,0.275854304,0.518037204
ADGB,74.44153873,0.049061649,0.104747086,0.275975039,0.518159405
DOK7,10.60551048,-0.019580463,0.104156268,0.27599099,NA
ITGBL1,254.9939844,0.05755419,0.098412223,0.276000434,0.518159405
GREB1,378.813215,-0.060790107,0.083513939,0.276211694,0.518479887
PIH1D2,16.54255496,-0.026609951,0.104907485,0.276299063,NA
DENND2D,1889.982617,-0.046294254,0.048118027,0.276354382,0.518671576
NLRP10,19.175364,0.027781023,0.105034157,0.276456984,NA
ZNF136,193.8299,0.055496551,0.101086565,0.276478711,0.518828756
SRSF8,794.1599026,-0.060139307,0.079990359,0.276728849,0.519221945
H4C3,9.048660342,0.016112099,0.103844443,0.276925347,NA
NDUFB2,1789.398745,0.056181049,0.065621225,0.276946109,0.519553339
TMED4,1819.585273,-0.053922094,0.060811633,0.276989154,0.519557855
ZFP30,265.5923064,-0.058808764,0.096009742,0.277132926,0.519751278
CCDC157,128.2940979,-0.051109191,0.104288275,0.277348393,0.520038414
ATP1B3,6730.626876,0.055280847,0.062975665,0.277367379,0.520038414
TTC21B,430.4007896,0.060331661,0.090635481,0.277537933,0.520281888
PAK2,4686.108102,0.054798741,0.062409851,0.27766971,0.520416611
BICD2,2351.526231,-0.042907281,0.043567875,0.27769121,0.520416611
HEBP1,1434.399582,0.056657254,0.066519556,0.278032112,0.520940348
CCDC102B,365.0169963,-0.060319686,0.081616026,0.27807285,0.520940348
AGMAT,56.90120621,-0.046364343,0.105299345,0.278122491,0.520940348
C11orf54,712.0746971,-0.057928598,0.070752298,0.278133658,0.520940348
GABRA3,47.52036324,0.028977362,0.105042237,0.278263324,0.521106869
ATXN7L3,3083.183146,0.054717007,0.06021526,0.278399851,0.521286189
PAM16,385.5689143,0.06060205,0.085853002,0.278533262,0.521459622
CEP135,591.4261333,0.058981939,0.074675545,0.278804609,0.521891204
DRC3,97.70958825,0.049143814,0.10450489,0.279186508,0.522529572
JAM2,28.04482374,0.033519495,0.105524883,0.279224605,NA
TTC33,324.4279728,0.06031127,0.089524573,0.279309061,0.5226783
ZNF324,324.248519,-0.060386037,0.084857874,0.279359974,0.5226783
FAM217B,609.9751428,-0.060192895,0.08485094,0.27938862,0.5226783
ATP7A,1112.405655,-0.054931011,0.063713046,0.279596073,0.522989874
CCDC115,1236.672318,-0.051008121,0.055852246,0.279986333,0.523643251
SDR42E2,8.219106233,0.017632773,0.103980037,0.280003525,NA
TIMM23B,265.8372937,0.061739313,0.085272472,0.28030421,0.524161084
ATAD5,269.100717,0.060688923,0.087380933,0.280360125,0.524188974
ACP6,282.6226054,-0.055819533,0.100077384,0.280626542,0.524610373
RPE,1395.953192,0.05238891,0.059639399,0.280788364,0.524836144
CD300C,778.9780793,0.056471191,0.067589951,0.281126587,0.525314769
GRK2,7650.908052,-0.052881773,0.059679531,0.281126605,0.525314769
INO80,1711.247467,-0.051165841,0.056909769,0.281268634,0.525467744
TANGO6,395.4666445,0.060029582,0.088462045,0.281290672,0.525467744
ANAPC1P2,215.9984504,-0.058265171,0.09559754,0.281375417,0.525549263
LTB4R2,230.9369262,0.054195917,0.100959241,0.281649191,0.525983773
PDLIM1P4,59.17981998,0.045711498,0.105099175,0.28175926,0.526112478
PPM1G,2874.433124,0.055724943,0.057102761,0.281937739,0.526368866
PRDM6,27.88435987,-0.010375106,0.103383953,0.282161619,NA
ERBIN,2338.216746,0.057411502,0.069853016,0.282201743,0.526746634
CDC23,904.5630416,0.057759509,0.071404865,0.282250712,0.526746634
FPR1,123.5672011,-0.05246812,0.100754601,0.282263683,0.526746634
TJP3,35.09904649,-0.027846965,0.104871676,0.282425878,0.526866986
KIFC3,4260.381888,0.051018809,0.056625786,0.282447642,0.526866986
PLXNA3,2535.868493,-0.058965014,0.085328304,0.282451805,0.526866986
CAGE1,7.966058621,0.016192316,0.103828481,0.282540738,NA
TPCN2,1489.374649,-0.058484505,0.074138084,0.282613678,0.527092032
ZIK1,115.2794738,0.050722313,0.103401373,0.282663053,0.527107225
ZNF782,99.85640767,-0.038162412,0.105542771,0.282771885,0.527194505
GNA15,1503.233138,0.054743298,0.063940541,0.282816421,0.527194505
SPON2,213.4376549,-0.05671111,0.097928262,0.282833563,0.527194505
ZNF281,1003.313006,0.052219468,0.058748498,0.282884337,0.527212281
LRR1,309.5826198,0.059560155,0.087223884,0.283130709,0.52751689
IPO11,472.837852,0.059262226,0.078839664,0.283164622,0.52751689
EDF1,4056.511261,0.052627093,0.058600264,0.283171561,0.52751689
BORCS7,527.7625795,0.059063329,0.08056429,0.2834324,0.527828142
NDFIP2,689.3636196,0.060352101,0.08537355,0.283458248,0.527828142
TRADD,844.5785437,-0.053671837,0.062082319,0.28347149,0.527828142
SPTA1,11.88599793,0.016194766,0.103797446,0.283594413,NA
PPME1,748.0849441,-0.054819841,0.063893533,0.283619658,0.527828142
RPS27L,1725.236708,0.061500377,0.075548941,0.283638198,0.527828142
LRRC69,51.31955798,0.039050399,0.105549528,0.283639931,0.527828142
FAAH,99.09067716,0.052680659,0.101983938,0.283651792,0.527828142
ROBO1,346.215409,0.034892408,0.105481952,0.283668922,0.527828142
DCX,5.339210895,-0.012629232,0.103540135,0.283761127,NA
CLASRP,1910.797056,-0.056412406,0.066861638,0.283772051,0.527891402
ARMC10,825.1007528,-0.058555328,0.075919183,0.283826264,0.527891402
KMT2D,5840.878769,-0.056573984,0.068556299,0.283826789,0.527891402
FAM76B,508.0548397,-0.058615268,0.091676324,0.283880148,0.527893433
DENND2B,1819.803767,-0.059550929,0.081814367,0.28392066,0.527893433
UQCRC1,6215.053237,0.055874094,0.063204014,0.283951751,0.527893433
NDST1,5428.35238,0.047574221,0.050260148,0.284096848,0.52807501
S100A3,20.24933022,-0.027785193,0.104920601,0.284136947,NA
HAUS3,469.5431906,0.059739492,0.079550493,0.284141653,0.52807501
FARSA,2948.281125,0.051936684,0.058457211,0.284173333,0.52807501
FAM204A,852.7247965,0.057657209,0.071747322,0.284306498,0.528189427
SF3B1,7799.88046,0.047637163,0.051835813,0.284317531,0.528189427
CENPF,2567.377178,-0.057506544,0.072659817,0.284464587,0.528385842
CETN3,198.1775296,0.057698061,0.096495445,0.284603648,0.528567351
NOC4L,726.8603501,-0.054801676,0.064653366,0.28476658,0.528793134
N4BP3,26.23636269,0.029148173,0.105050083,0.285008727,NA
BMPR2,3505.763909,-0.044713884,0.047141834,0.285152702,0.529179036
SP110,2519.221575,0.058715293,0.076751798,0.285193139,0.529179036
CCNDBP1,1781.087918,-0.050020394,0.055425093,0.285207513,0.529179036
TRGV5,11.3334342,0.022165828,0.104397126,0.285208656,NA
SERHL2,36.56559947,-0.036278363,0.105468216,0.285230378,0.529179036
MRPL38,1369.553695,-0.053471775,0.06142387,0.285234971,0.529179036
ANKRD17,3238.158434,0.049240449,0.053314517,0.285244169,0.529179036
LAMA5,114.9764489,-0.038002542,0.105383586,0.285264131,0.529179036
SLC26A1,142.4233224,-0.055723645,0.098278814,0.285645886,0.529806828
LRG1,101.0495917,-0.051237752,0.1028107,0.285704507,0.529806828
MARS2,391.7615929,0.059337795,0.076327325,0.285726873,0.529806828
SEMA3D,19.29161452,-0.02387026,0.104459814,0.286238627,NA
NEIL2,315.9411691,-0.058902457,0.07864568,0.286266947,0.530690445
ZC3H10,475.9952772,-0.057478394,0.095782317,0.286286429,0.530690445
OR51M1,7.433609846,0.016175107,0.103811561,0.286362808,NA
LILRA2,190.858706,-0.058383739,0.09149029,0.286419133,0.530827128
CHEK2,332.3776787,-0.059380933,0.084071083,0.286463731,0.530827128
FCGR1A,3790.064655,0.058972761,0.068933308,0.286484723,0.530827128
ATP6V1G2,17.73799826,-0.024427839,0.104525876,0.286538484,NA
DGKQ,1408.742699,-0.058397358,0.078597429,0.286565669,0.530856678
SATL1,37.02713878,-0.039279283,0.105385453,0.286583715,0.530856678
IFITM2,591.7105731,-0.058394575,0.083520918,0.286639667,0.530863342
COX7C,3744.12278,-0.04471547,0.047286064,0.28668726,0.530863342
B3GNTL1,262.1937568,0.058199999,0.09397225,0.286711879,0.530863342
RAPGEFL1,76.69792802,-0.038354441,0.105420586,0.287113921,0.531416869
WDR19,519.7314857,-0.059411268,0.084445575,0.287163609,0.531416869
RHD,45.3107189,-0.041509322,0.105176207,0.287191671,0.531416869
SLC39A6,1178.91188,0.058558304,0.061707966,0.287217171,0.531416869
PPCS,1356.207966,-0.052677764,0.060663947,0.28721866,0.531416869
ANKLE1,110.980608,0.04730375,0.104212852,0.28733641,0.531557806
TCFL5,149.7277287,-0.057361584,0.094915854,0.287476865,0.531690391
SGK1,8411.637444,0.047552744,0.049496671,0.287491253,0.531690391
UGCG,3786.216753,0.049538241,0.054626154,0.287647244,0.531875731
RRAGC,2194.274131,-0.050760689,0.057450537,0.287674672,0.531875731
SLC35F4,10.07602416,0.012527809,0.103509581,0.287754464,NA
TLCD5,54.40666734,0.042264099,0.105266197,0.287929552,0.532270001
RPL10P9,257.0286708,-0.057925431,0.092915866,0.288140131,0.532582271
TIMP3,11436.84951,0.056849041,0.06273549,0.288244172,0.532697563
SH3D19,115.4976019,0.041448688,0.105216372,0.288362034,0.532765088
ZNF439,43.20113101,0.036665439,0.105331143,0.288364052,0.532765088
CASK,584.404103,-0.057070099,0.072264141,0.288455036,0.532856181
SLC30A2,23.2005057,-0.029455319,0.104989748,0.288466342,NA
TLR1,1557.975752,0.054749176,0.068046867,0.288552093,0.532958467
PIGBOS1,225.3493794,0.058587521,0.088480016,0.288805091,0.533348705
CDK7,551.0862511,0.059034784,0.082151755,0.289168537,0.533895933
CPNE2,1612.93072,-0.056931075,0.070870417,0.289184931,0.533895933
NEMP2,185.0668077,-0.057575322,0.093565879,0.289293903,0.534020004
ZNF680,126.5422879,0.054406983,0.099433863,0.289407655,0.534152861
IL33,16.75184917,-0.02604937,0.104656976,0.289478444,NA
RGPD5,1089.506968,-0.058880789,0.085357965,0.289481953,0.534212872
ECHDC2,1098.523212,-0.05368272,0.063562582,0.289568872,0.534296151
HPS5,2443.752012,0.046652731,0.049637811,0.289619801,0.534313009
TEX9,227.7598217,0.056812898,0.093644392,0.289853816,0.534595057
DNAAF11,38.01889371,0.033680203,0.105179113,0.289856311,0.534595057
NCKAP5,673.2405989,0.059847911,0.083188445,0.290073064,0.534917659
DCP1B,330.5952539,-0.058142137,0.077790884,0.290117868,0.534923125
NXT2,303.6492805,0.058714838,0.087094707,0.2902441,0.535078705
ZNF606,171.3374947,-0.055073544,0.098109105,0.290320375,0.535142157
FRMD3,10.6950783,0.019551465,0.104040538,0.290365717,NA
RPS6KC1,541.9227964,0.058870328,0.086667777,0.290426161,0.535259978
HOXB4,186.7121554,-0.055722262,0.096126174,0.290522235,0.535342414
RPL30,7062.874383,0.050780902,0.057346061,0.290618615,0.535342414
TOE1,300.955116,0.058727241,0.085107426,0.290619562,0.535342414
ZNF691,305.7682847,-0.058578257,0.087436865,0.290638381,0.535342414
DDX6,4319.001898,0.044195001,0.045965799,0.290718398,0.535412664
RAPGEF6,719.5666624,-0.057638836,0.074951585,0.290829319,0.535471793
SNAP47,435.1985556,-0.0569038,0.076730775,0.290834269,0.535471793
ZFP64,409.8189314,-0.057844071,0.076484167,0.290965059,0.535635461
ZBTB17,1173.952771,0.052258749,0.060554043,0.291059761,0.535732658
ABHD1,15.24793265,-0.023686629,0.104428548,0.291101455,NA
HINT2,558.3821135,-0.055286126,0.067722221,0.291265184,0.536033594
POLR2J3,2206.830046,-0.050121034,0.056703665,0.291415214,0.536146161
SMAP2,2104.873582,0.053026803,0.061334432,0.291422366,0.536146161
SNAPC5,679.7606887,0.054383818,0.065050124,0.29152389,0.536146161
RMND5A,2085.795083,-0.047658272,0.052473804,0.291525957,0.536146161
GORAB,598.3148827,0.056720803,0.072083895,0.291536027,0.536146161
PCSK7,1775.431923,-0.050102339,0.05675145,0.291644365,0.53626826
DSCC1,112.9771741,0.050335148,0.102399646,0.29174069,0.536368238
SDHAP3,26.34457158,-0.03439407,0.105190576,0.291821918,NA
PLEKHH1,88.45760356,0.040528431,0.105062695,0.291868184,0.536525483
PACRGL,216.0328043,0.05748852,0.093516308,0.292007985,0.536705303
GRWD1,1047.80562,-0.05239444,0.062118359,0.292054235,0.536713151
PSEN1,4906.482376,0.044980997,0.048403198,0.292109971,0.536738428
SEC22C,1283.89685,0.050235514,0.058491656,0.292325919,0.537058037
RDH5,17.17455501,-0.024502355,0.104483456,0.292329886,NA
CTTNBP2,69.20836453,-0.030366607,0.104913695,0.292445523,0.537200576
CD24,18.05671262,0.026362779,0.104662508,0.292699533,NA
MKRN1,3284.852421,-0.053027158,0.062719297,0.292770236,0.537719792
NTN1,15.13210668,-0.023307479,0.104374997,0.292921008,NA
DNAJA4,195.0871451,0.054050074,0.098682895,0.293040732,0.538132796
CLN5,1338.393672,-0.055139606,0.068668102,0.293079285,0.538132796
TLCD2,427.9609926,-0.058477033,0.082572735,0.293145232,0.538176593
ADGRG3,5.849841421,0.013279657,0.103546044,0.293228352,NA
MAST2,2335.915651,-0.053114383,0.064660526,0.293387227,0.538456451
PIK3CG,3781.125889,-0.04051015,0.042358611,0.293437744,0.538456451
RCOR1,1846.725815,-0.044902271,0.04844968,0.293475298,0.538456451
CDK17,1303.47742,0.055688757,0.069192853,0.29350795,0.538456451
ATG5,801.8337621,0.058012319,0.079648394,0.293542049,0.538456451
RPS19BP1,1961.114777,0.047652584,0.052475376,0.293573273,0.538456451
FBXO11,2160.641759,0.042827973,0.04552139,0.293592485,0.538456451
ZDHHC7,3989.408113,-0.041559617,0.047795834,0.293714667,0.538526398
ERCC2,825.7368718,-0.05827743,0.084839173,0.293714867,0.538526398
MMAB,472.1828392,0.058291826,0.087180496,0.293763794,0.538538874
OR6B1,10.01099246,-0.020698966,0.104126845,0.294191942,NA
ARID4B,1710.618142,0.053532514,0.064393195,0.294276336,0.539327797
NAA16,377.9172823,0.056386078,0.094713782,0.294278507,0.539327797
ENPP1,48.32397395,-0.032570247,0.104910377,0.294499126,0.539610986
VILL,134.5744026,-0.053433966,0.098934951,0.294517439,0.539610986
C1orf115,36.46889608,-0.038145654,0.105067007,0.294600644,0.53961547
CELF5,12.27378722,0.020094748,0.104089571,0.294614318,NA
DHX36,1653.335193,0.04939785,0.058057112,0.294632548,0.53961547
IL17D,25.0384536,0.030837794,0.104988818,0.294661243,NA
LRRC37A6P,33.32455748,-0.033495837,0.105066609,0.294663254,0.53961547
B3GNT5,3333.426165,0.049358294,0.055875896,0.294710517,0.53961547
COX5A,2504.148265,0.056667554,0.070055155,0.294730921,0.53961547
FAM83A,21.90309862,-0.014976924,0.103642952,0.294919833,NA
TPRG1L,1889.918645,0.047694171,0.053055286,0.295016152,0.540051144
GATC,872.8700118,0.052559486,0.062094078,0.295053363,0.540051144
RPL37,5425.692249,0.061044232,0.077339448,0.295171364,0.540189793
CDRT4,28.00176196,0.009776823,0.103350685,0.29521154,NA
NBPF26,499.6704468,0.057858554,0.078777963,0.295310727,0.540276769
TICAM2,214.3175471,0.052206368,0.100407086,0.295337632,0.540276769
TRMT44,297.0324682,-0.056756503,0.093202336,0.295345666,0.540276769
P2RY1,547.9217417,0.055620467,0.071470488,0.295389884,0.540280354
SOS1,1511.679633,-0.053990364,0.063209293,0.295476011,0.540360579
UBE3B,1554.846565,-0.057025595,0.073667334,0.295645054,0.54054135
SMAD7,3692.834919,-0.056287673,0.07244489,0.295659418,0.54054135
FBXO9,1336.27353,-0.054796793,0.068108136,0.295759773,0.540571201
CENPV,113.9929741,-0.051951208,0.100574423,0.295760309,0.540571201
SF3B3,3055.3249,-0.05194377,0.060599397,0.296091753,0.541043785
NCBP2AS2,461.7752903,0.055028553,0.068521511,0.296103509,0.541043785
FUT2,23.06475996,-0.02401696,0.104335577,0.296341256,NA
ACE2,13.08889625,0.022679239,0.104301823,0.296404789,NA
CHML,149.5675252,-0.041356992,0.104624102,0.296459084,0.541595219
KLRD1,109.0373842,0.03411635,0.104983693,0.296501402,0.541595219
CTH,46.89566371,0.034970183,0.105003788,0.296553763,0.541595219
GGACT,237.7429888,0.056804639,0.092678581,0.296574746,0.541595219
DLAT,1613.280307,0.051810328,0.059255806,0.29684929,0.541974183
ZNF496,1103.381273,-0.057930572,0.084813129,0.296867048,0.541974183
PHKA1,200.4239697,0.057746299,0.086987676,0.297193275,0.542311908
HEATR5A,1079.063006,-0.057667398,0.087177371,0.297202732,0.542311908
ACTB,147159.1721,0.043817429,0.053130296,0.297207382,0.542311908
MYCBP2,3462.821442,-0.043464322,0.046914596,0.297221708,0.542311908
FAM200B,418.4189293,0.058268265,0.087578656,0.29732258,0.542391145
MYLK3,101.6051665,0.048176547,0.102798634,0.297349983,0.542391145
NCCRP1,8.591452614,0.019337056,0.104004799,0.297428772,NA
YBEY,315.3784079,0.057597983,0.087311746,0.29744491,0.5424869
CACNA2D4,583.9085797,0.054506625,0.097294659,0.297607719,0.542706417
PRPSAP1,800.09778,-0.055687667,0.071872968,0.297662598,0.542727051
TCEAL4,1614.264671,0.051116258,0.0590256,0.297703935,0.542727051
RPSAP9,8.176996326,0.017298231,0.103851288,0.297875116,NA
GBGT1,1235.651929,-0.053340771,0.064632535,0.2978777,0.54296641
HSPA4L,68.17705868,-0.035955225,0.104939278,0.297925537,0.542976193
SLC35G6,7.182679063,-0.016727,0.103801396,0.297977485,NA
WASH8P,721.7598501,-0.056480453,0.0747293,0.298159698,0.543196654
ZNF529,307.4822582,-0.057413696,0.087924628,0.298164799,0.543196654
CCDC71L,1167.308696,0.047380888,0.052549175,0.298173963,0.543196654
FERP1,9.072039689,0.016513292,0.103771995,0.29832774,NA
TSTD2,656.7695061,0.054788886,0.068547889,0.298430435,0.543586425
CCDC126,156.7205856,-0.054497999,0.099229853,0.298638523,0.543800086
RBM38,1122.888173,0.05726904,0.080763427,0.298658035,0.543800086
LINC00674,11.67426052,0.021962361,0.10422384,0.29868859,NA
CBLL1,740.2070481,0.056544269,0.075181673,0.298719375,0.543800086
OSBPL11,2844.269715,-0.044377548,0.048555679,0.298721907,0.543800086
OR6C74,37.5332141,0.03591731,0.104997623,0.298760407,0.543800086
SNHG33,167.8803476,0.056809891,0.091380849,0.298846288,0.543878974
METTL18,98.45590221,0.050141765,0.101479416,0.2989261,0.543898825
NUDT3,4753.6363,-0.045677511,0.050561145,0.298973576,0.543898825
RIN1,374.0542327,0.057527387,0.087521226,0.298984821,0.543898825
ZNF14,86.58163541,0.048532478,0.102577717,0.299071034,0.543978257
DDTL,22.70642931,-0.021504796,0.104159966,0.299130993,NA
ADARB1,1569.351342,0.055748873,0.069548625,0.299166445,0.544074395
ELAVL4,15.03398727,0.024588713,0.104383955,0.299353485,NA
SLIT3,748.0598291,-0.05542556,0.071513766,0.299519722,0.544639404
GET1,347.036591,0.057524851,0.082517104,0.299693051,0.544877085
MRPS15,1131.81064,0.051889032,0.062860961,0.299907746,0.545189896
ZRANB1,1301.266905,-0.050395479,0.058902909,0.300087982,0.545390994
NPFFR1,35.82158373,0.035577293,0.104934072,0.300103687,0.545390994
IFIT2,3622.418453,0.040530905,0.104669758,0.300245052,0.545460686
FOXN2,765.5334615,0.051036389,0.060557467,0.300294974,0.545460686
SMAGP,69.13353708,0.040232432,0.104657398,0.300309741,0.545460686
SPCS2,2354.016236,0.055236152,0.073602273,0.300312692,0.545460686
RMDN1,1140.830092,0.053761632,0.0663835,0.30035847,0.545466341
DLEC1,32.0378737,-0.025955496,0.104480702,0.300450704,0.545552662
CDA,23.17447697,0.028766305,0.104711614,0.300496282,NA
ANKRD13D,1832.506588,-0.053819572,0.06569288,0.300542547,0.545552662
OFD1,462.7750652,0.055637448,0.072019669,0.300570233,0.545552662
SH2D4A,41.77766495,-0.036302988,0.104885719,0.300594199,0.545552662
HOMER1,299.6351175,0.053526804,0.096895337,0.300619359,0.545552662
LCLAT1,329.1898408,0.056888418,0.087867101,0.300715219,0.545649173
DPY19L2P5,17.84311376,-0.025319536,0.104437425,0.300947711,NA
RBM19,1613.291626,0.05684324,0.070577368,0.300963637,0.546022436
SDHAF4,171.2382508,0.053562761,0.097019429,0.301011215,0.546031268
TKT,6529.252422,-0.052369937,0.064436214,0.301105173,0.546108266
ADAMDEC1,2931.449755,-0.056267701,0.078719725,0.301139091,0.546108266
MASP2,50.5935796,0.039941438,0.104705354,0.301202949,0.546146604
ACVR2B,611.0032049,-0.053940973,0.06728994,0.301405171,0.546435779
ABITRAM,397.2262652,0.05752125,0.082780951,0.301477871,0.546490086
EIF2A,2107.685498,0.057200494,0.07721751,0.301572526,0.546575765
PLIN3,6058.896089,-0.038821526,0.04107164,0.301610639,0.546575765
ZNF551,168.9972172,0.045415646,0.103370368,0.301684629,0.546580246
AAMP,2447.868933,-0.042214053,0.045671131,0.301717697,0.546580246
OSBPL10,44.44742321,-0.029209487,0.104587832,0.301759048,0.546580246
PIP5K1B,18.79194938,0.025476424,0.104433079,0.301829644,NA
FAM3C2P,169.3426808,0.052318838,0.099105326,0.301838724,0.546580246
RTL6,842.9843628,0.051163329,0.060390854,0.301843811,0.546580246
CFAP70,33.41188404,-0.029781052,0.104682173,0.301869622,0.546580246
INSM1,51.80471403,0.032973465,0.104886077,0.301955554,0.54665842
SERPINI1,124.8248988,-0.053061997,0.098521181,0.302019853,0.546697412
WDR90,808.6242143,-0.056820505,0.088721216,0.302157585,0.546836776
SHLD1,204.2854103,0.055403235,0.093944631,0.302182387,0.546836776
RRP7A,1844.78972,0.05074305,0.060191314,0.302238502,0.546860919
LLGL2,338.2599978,-0.056501079,0.092404468,0.302295468,0.546886594
NEDD8-MDP1,6.836477049,-0.009800286,0.103330247,0.302384724,NA
USP14,1687.084262,0.054053234,0.066308922,0.302416584,0.546930139
SEC11A,3751.529623,0.045854156,0.057924017,0.302419522,0.546930139
DHX38,2930.380259,0.052963797,0.064442552,0.30245087,0.546930139
RESF1,2141.041788,0.054610693,0.070107827,0.302490654,0.546930139
SLX4IP,214.7400738,0.056304772,0.089693107,0.30259453,0.54702657
RPL10A,8785.189835,0.047092011,0.053284472,0.30262956,0.54702657
DHRS13,102.1132643,-0.050292722,0.100722849,0.302706672,0.547088607
CFHR2,8.800381106,0.017878947,0.103845472,0.302728604,NA
HSD17B11,1358.139801,-0.054626539,0.070495164,0.303042901,0.547616038
DECR2,276.2451893,-0.055402706,0.091519379,0.303084168,0.547616038
GNB3,16.71533338,0.02200494,0.104171567,0.303184531,NA
RBM22,1633.005522,-0.05143978,0.061992741,0.303200638,0.547749069
NUBP2,1342.610368,-0.051919004,0.06279941,0.303254405,0.547768799
C4orf33,376.8436822,0.057133826,0.083301302,0.303306644,0.547785767
RAPGEF5,10.21405219,0.015076386,0.103617399,0.303465371,NA
CEMIP,37.53562299,-0.031791065,0.104682872,0.303483811,0.548028323
RBM33,1906.486111,-0.047728363,0.102063341,0.303603512,0.548167052
MFAP3L,18.52558601,0.018104821,0.103809012,0.303612542,NA
CHMP1A,2683.560926,-0.049649548,0.058651948,0.303728086,0.548314541
RET,17.56340626,0.023440651,0.104206053,0.303852358,NA
EED,683.5392516,0.05708056,0.084206186,0.303929984,0.548533429
FA2H,49.40481154,0.03953493,0.104593899,0.303996011,0.548533429
STYXL1,553.4056474,0.054767957,0.069348153,0.304022609,0.548533429
NAA35,861.2436784,0.056004903,0.074725793,0.304047519,0.548533429
TPR,3335.698347,0.05171706,0.06042005,0.304063857,0.548533429
CHRNA5,27.78312397,0.028540271,0.104619332,0.304086826,NA
ZPR1,1001.369823,0.04973589,0.059616203,0.304215874,0.548675653
PAQR7,265.3417526,-0.057444737,0.08260192,0.304228526,0.548675653
LUM,75.83753251,-0.028733705,0.104562035,0.304323514,0.548769552
AKAP1,1042.5158,-0.056197202,0.076318497,0.304437165,0.548897074
ARGFXP2,13.72300902,-0.023846091,0.104267368,0.304653768,NA
FAM43A,49.07051522,0.040884965,0.104357601,0.304775664,0.549326872
PPP1R12B,322.7694354,0.047204675,0.102356154,0.304828422,0.549326872
GOLPH3L,829.6506675,0.055705766,0.074782696,0.304839506,0.549326872
MMS22L,308.4610945,0.056046004,0.090069444,0.304847411,0.549326872
FAM131B,321.9658795,0.056683786,0.083984351,0.304981647,0.549491312
ABCC8,29.63576898,0.030407152,0.10467136,0.30504803,NA
RRAD,38.02562358,0.036049502,0.10472421,0.305051712,0.549540107
RPL35A,5145.437365,0.042301897,0.046247157,0.305102554,0.549554262
LIME1,180.7930412,-0.046530119,0.102792561,0.305170512,0.549599238
IDH3A,1510.17949,0.054827501,0.070090981,0.305234851,0.549637685
KIF13A,1732.759926,0.047998286,0.055216313,0.305520016,0.550073709
AFF3,23.95554896,-0.022161456,0.104118401,0.305612801,NA
TSGA10,68.42174474,-0.035994519,0.104650588,0.305821697,0.55053934
ZNF432,189.9204358,0.054389175,0.095067975,0.305894641,0.550593127
CA12,10.43673227,-0.017664506,0.103783497,0.306021007,NA
TRPC4AP,4535.494533,-0.042953839,0.047819137,0.306039338,0.550719133
H4C8,83.97665484,0.036107416,0.104632452,0.306050797,0.550719133
RGR,9.825969219,0.019316536,0.10393234,0.306238109,NA
ATP9B,1699.720493,-0.056160788,0.081267109,0.30627267,0.551040823
PCGF2,1273.312892,-0.053154676,0.067393678,0.306424023,0.551235138
LIAT1,45.64995301,0.036781342,0.104622512,0.306491457,0.551235138
PPFIBP2,841.4196746,-0.055009047,0.072722387,0.306510019,0.551235138
TCEA1P2,8.940838444,0.012380091,0.103466909,0.306624621,NA
SLC23A3,18.68629642,-0.027019315,0.104420483,0.306642057,NA
USO1,3284.514641,0.047187648,0.054173879,0.30681423,0.551635884
SKAP2,2870.543347,-0.048787568,0.056862769,0.306881358,0.551635884
PITPNB,2444.249732,0.050248645,0.059408814,0.306909351,0.551635884
LZTFL1,335.28891,-0.055821755,0.089210014,0.306931021,0.551635884
MTR,2023.820932,0.050489424,0.060677962,0.306948586,0.551635884
POGK,2517.424302,-0.047437114,0.055202668,0.306993511,0.551639078
PAK1,2705.686375,0.045174373,0.051058095,0.307074217,0.551692388
COQ2,717.9491046,0.051929302,0.063335672,0.307117281,0.551692388
VCAN,1574.35152,-0.055954918,0.079877586,0.307152633,0.551692388
HSH2D,24.8301971,0.025439215,0.104355114,0.307283585,NA
PPP6R1,6661.096194,-0.052511803,0.065040667,0.307377722,0.551968479
GINS3,270.0820077,0.056475668,0.0819686,0.307392692,0.551968479
PLA2G7,8357.110077,-0.054368489,0.067569185,0.307508779,0.552099388
UTP18,1650.141078,0.043988922,0.049123424,0.307582277,0.552123458
PTBP3,3289.658327,0.045398143,0.051257585,0.307639922,0.552123458
DUX4L50,24.51661516,0.030475973,0.104615015,0.307649889,NA
ASB3,512.9620991,-0.055183553,0.074077216,0.307677339,0.552123458
DCXR,639.3727461,-0.054493376,0.07108786,0.307702857,0.552123458
SSR3,2968.223104,0.058186463,0.077426858,0.307738112,0.552123458
TMEM191A,12.32153529,-0.021918905,0.104100648,0.307758978,NA
CDK11A,1742.227913,-0.052027429,0.059162758,0.307874438,0.552290542
ARV1,475.7502532,0.053553483,0.067899847,0.308170203,0.552743552
GUSBP18,10.17006484,-0.01877676,0.103885143,0.308263869,NA
ST8SIA5,46.74152929,-0.028056545,0.104385076,0.30841689,0.553108422
TMEM68,341.2835262,0.056239107,0.087040733,0.308521802,0.553218968
MRPL4,1929.927857,-0.047318716,0.054094563,0.30858701,0.553258298
SLC5A1,7.105246417,-0.016805492,0.103725785,0.30868148,NA
NDUFS6,1424.109924,0.04402237,0.048998809,0.308708274,0.553307684
TRIP4,797.5883057,0.054869592,0.072662978,0.308748473,0.553307684
MYNN,282.894642,0.05199758,0.097729913,0.308756022,0.553307684
CENPNP1,8.333150659,-0.019295362,0.103886205,0.308757395,NA
MRPL51,1583.763636,0.05064535,0.061341865,0.308787667,0.553307684
AXIN2,10.15820952,-0.021173816,0.104035009,0.308792322,NA
CYP4F62P,16.44503682,-0.024654518,0.104286477,0.308836748,NA
RPL35P2,7.371607586,0.017052695,0.103750962,0.308979766,NA
NIT1,687.191387,-0.053606489,0.068816896,0.30912275,0.553830488
NDUFA13,3200.218438,-0.042705465,0.047247379,0.309256469,0.553924047
MCEMP1,253.0076228,0.047467701,0.101763954,0.30929876,0.553924047
PDLIM2,551.0609859,-0.055523341,0.090458066,0.309304949,0.553924047
STKLD1,23.00937504,-0.025271788,0.104274022,0.309322428,NA
ODAD1,15.50270627,0.024154746,0.10425468,0.309348741,NA
NFKBIL1,450.6704847,-0.055684477,0.088841564,0.309386871,0.553993158
R3HCC1,542.1424816,-0.054028843,0.070522436,0.309609276,0.554096964
MEX3D,512.9993982,-0.056372963,0.081762488,0.309622951,0.554096964
FAM114A2,541.7581064,0.055410296,0.086576484,0.309629441,0.554096964
SIRT1,984.3575132,-0.053610218,0.069840397,0.30964757,0.554096964
LILRA3,95.93549675,0.043405595,0.103290488,0.309661542,0.554096964
PER2,274.3622981,0.055889589,0.088220031,0.309708441,0.554103334
ATP5PDP4,13.47315688,-0.023400058,0.104176982,0.309815372,NA
UBE2E1,2344.132837,0.054437648,0.073664323,0.309888233,0.554347427
INTS9,525.1704031,0.056004968,0.081164223,0.309944815,0.554371078
PRODH,10.42449742,0.019477376,0.103885521,0.310023838,NA
RNF169,732.7382045,-0.051760209,0.064628318,0.310161424,0.554680908
SBDSP1,155.3913474,0.050314515,0.10008756,0.310359473,0.554706918
OTUD4,3070.369476,0.050612812,0.061777404,0.310370253,0.554706918
RAB11FIP1,2123.088527,-0.05102978,0.064588413,0.310378993,0.554706918
OXER1,91.21516302,-0.048701417,0.100792666,0.310382319,0.554706918
ZNF93,86.34908412,0.041936484,0.103754429,0.310435551,0.554706918
SLC39A10,1082.211752,0.055984733,0.081757161,0.310463954,0.554706918
RAB5B,3313.904269,0.042820856,0.047290245,0.310479679,0.554706918
RPL3P6,12.70595489,-0.019072881,0.103869442,0.310557023,NA
GTF2IP1,480.1545216,0.055521428,0.088953081,0.310704882,0.555020826
CETN2,412.1632261,0.055638721,0.080252016,0.310742204,0.555020826
OSCAR,3493.777723,-0.054327337,0.072031253,0.310935994,0.555269622
NUCB2,419.7001814,0.055340577,0.090351993,0.310969899,0.555269622
NMUR1,29.79342026,0.032281239,0.104599766,0.310983931,NA
LRFN4,1502.038388,-0.053874801,0.070743782,0.311011792,0.555269622
DPP10,60.29110337,0.04171205,0.10377593,0.3111418,0.555424171
RPL7AP45,20.20056058,-0.027646643,0.104413794,0.31120724,NA
CFI,7.626589102,0.017032394,0.103740961,0.311253931,NA
TINAGL1,12.96810927,0.023857754,0.104211594,0.311419649,NA
RARA,663.7331666,-0.053503625,0.06966376,0.311449167,0.555879152
CBLN3,217.9383303,0.051430803,0.098245902,0.311483633,0.555879152
SUGP2,3606.996475,0.038752284,0.042160134,0.311838938,0.556374597
TTI1,482.7913612,0.058487326,0.083038225,0.311879602,0.556374597
CDK14,303.5335995,-0.053742676,0.094457402,0.311904422,0.556374597
RAD9A,421.0288188,-0.05520856,0.089412962,0.311964257,0.556374597
ARF5,2110.400534,-0.044961717,0.05135434,0.311978841,0.556374597
DDX56,1385.22126,0.0469956,0.055011017,0.312108436,0.556528083
CCDC148,5.389581056,0.011612296,0.103393819,0.312194698,NA
DISP2,169.8243825,-0.022061992,0.104057865,0.31224576,0.556695306
FGR,2989.260947,0.045825188,0.052661171,0.312467332,0.557012666
RPS2P53,11.34958068,0.022796947,0.104111135,0.31253599,NA
TMEM91,210.6074974,-0.054262712,0.088097533,0.312684812,0.557322643
RGS5,43.01181873,0.029906084,0.104373219,0.313010518,0.557825408
ABCC6,109.2834891,0.049526777,0.099715447,0.313094716,0.557897692
SFI1,685.9292345,0.055128999,0.077491542,0.31340307,0.558369321
AANAT,16.56269736,0.02224607,0.104053632,0.313446414,NA
PTPN1,3346.142032,0.045773065,0.052772428,0.313764967,0.5589362
TMEM221,14.36081652,-0.023508951,0.104136735,0.3138537,NA
PDGFRL,33.43677604,0.034214817,0.104433288,0.313892828,0.559085668
USP43,33.57859372,0.031874127,0.104497521,0.313936333,0.559085668
DYNC1I2,2835.646899,0.05235037,0.060563674,0.314026521,0.559168395
SCFD2,453.2095948,-0.054959225,0.076452652,0.31409624,0.559214653
ABHD17B,366.8749233,-0.055568437,0.080918352,0.314212148,0.559343123
RPL4P6,10.30104597,0.020686746,0.103965111,0.314230972,NA
RPL6P27,56.68617705,0.031423477,0.104399717,0.314363688,0.559515103
SHQ1P1,33.03473487,0.031845416,0.104475786,0.314396285,0.559515103
PAQR4,830.6834715,0.053109629,0.068868872,0.314554113,0.559718071
BABAM2,862.7971505,-0.055023165,0.074670595,0.31461683,0.559751764
GTSE1,1193.125294,0.047476273,0.058937718,0.31490824,0.560159796
IL2RG,705.9300822,0.054747976,0.073078821,0.314933799,0.560159796
ETV7,22.29967301,0.027892036,0.104354143,0.31498392,NA
KLK2,9.908284476,0.019771283,0.10389466,0.315119054,NA
GBE1,1126.909868,-0.047665859,0.056013254,0.315145576,0.560445266
PHEX,7.903861752,-0.016222284,0.103650377,0.315162259,NA
RAB5C,10025.05029,-0.038867165,0.041949116,0.315232365,0.560445266
ATRIP,357.8526877,-0.055324592,0.087078574,0.315319254,0.560445266
REX1BD,2018.276161,0.046123559,0.053136852,0.315346962,0.560445266
STRADB,490.9040134,-0.055546056,0.083750224,0.315397525,0.560445266
TAF12,904.3674854,0.053811351,0.071556353,0.31541264,0.560445266
UQCR10,1475.502086,-0.048181224,0.057631566,0.315424214,0.560445266
SLC22A23,232.2736666,-0.044855137,0.10161704,0.315445693,0.560445266
MICA,656.9482967,0.051557361,0.064985222,0.315488821,0.560445266
LAT2,5452.905708,0.047735878,0.056310458,0.315646008,0.560646598
KIRREL3,10.3683791,0.017869824,0.103760474,0.315667078,NA
STX16-NPEPL1,148.5315644,-0.052220571,0.096018565,0.31581271,0.560841599
IPO5,2377.841652,0.049806326,0.059695564,0.315845701,0.560841599
ZNF547,75.13239024,0.033482297,0.104096886,0.315887396,0.560841599
TMCO4,473.0537349,-0.05203527,0.066751497,0.315935084,0.560848382
SAC3D1,514.9264066,-0.054555044,0.076209434,0.315980167,0.56085054
SLC25A45,364.0606711,-0.054763452,0.085912299,0.316174287,0.56105156
C17orf67,41.12428549,0.034015894,0.104401513,0.316181188,0.56105156
FAM149A,33.07104407,-0.024807552,0.104094547,0.316293575,0.5611731
CDR2,842.008772,0.053864911,0.072341747,0.316535337,0.561524112
IPO4,825.748562,0.051521189,0.064854133,0.316668602,0.561682585
MAPKAP1,3825.103797,-0.041144315,0.046005288,0.316791089,0.561821899
CLPTM1L,3371.857779,-0.043727542,0.044037262,0.316871292,0.561858435
RBM4,1721.038296,0.050444749,0.062711948,0.316899583,0.561858435
ST8SIA6,12.88725627,-0.017716631,0.103712661,0.316918387,NA
ERP29,4992.715551,-0.043947819,0.050435589,0.316988257,0.561937725
SEC62,3905.088237,0.049702839,0.060650455,0.317052956,0.561942323
NLGN2,55.33798703,-0.037148765,0.104094366,0.317090516,0.561942323
ANKS3,279.0823454,0.053826269,0.091719445,0.317122711,0.561942323
RUNDC1,861.9265024,-0.050903539,0.064165211,0.317174401,0.561950706
MEGF6,3930.859447,0.054568033,0.071499658,0.317215349,0.561950706
SNIP1,468.6200297,-0.053228171,0.0932888,0.317321942,0.562061655
MRPS34,2054.094547,-0.043159124,0.049192251,0.317406971,0.562134385
PTGIS,17.00480423,-0.024159941,0.104111718,0.317528179,NA
SRM,1553.43133,-0.05180454,0.06658756,0.317529976,0.562274342
TNS1,1944.026474,0.058001736,0.081603253,0.317680271,0.562462576
RACGAP1,1228.112713,0.049335156,0.060313528,0.317745047,0.562499366
ZC3H12D,557.50728,-0.053690264,0.073046451,0.317930131,0.562719484
MLLT3,99.78022662,-0.03919174,0.103793719,0.317957415,0.562719484
PLEKHA5,130.4518059,0.049053003,0.099765058,0.31800968,0.562731982
PPP4C,3644.188228,0.042726434,0.04834211,0.318052507,0.562731982
CNST,617.034738,-0.053943252,0.081895836,0.318195314,0.562906751
LYL1,1073.293699,-0.051292455,0.065254282,0.31830167,0.563016996
WWC1,483.8742079,-0.055835001,0.092563508,0.318346896,0.563019099
CHIC2,502.5762305,0.052879353,0.069614792,0.318413431,0.563058882
ALDH9A1,1952.104271,-0.047700341,0.057537451,0.3185911,0.563295147
IL17RC,617.9311096,-0.052431088,0.067640513,0.318712502,0.563431877
NCKIPSD,905.9961574,0.051198389,0.065178209,0.318782739,0.563478131
DND1P1,42.37702941,0.036280222,0.104133815,0.318849038,0.563517411
INSIG1,959.8861686,0.053566961,0.092629157,0.318906018,0.563540212
MTARC2,47.46064172,-0.030644596,0.104250679,0.318991896,0.563614067
ZNF483,100.8924684,-0.043192502,0.102499929,0.319103621,0.563733562
GDAP2,542.1802737,-0.054770304,0.085494788,0.319195552,0.563818063
OR2W3,7.167980985,-0.01781085,0.103720852,0.319312513,NA
SMAD5,948.7781657,-0.054135676,0.075913239,0.319346358,0.563936283
IPP,71.46915121,-0.034163979,0.104153399,0.319400338,0.563936283
ZBTB20,314.8422674,-0.027094124,0.104233888,0.319411409,0.563936283
ZNF608,28.25311986,0.029124478,0.104287889,0.319447968,NA
TNK2,3889.024621,-0.039576475,0.076539374,0.319468214,0.563936283
LPCAT3,1274.423659,-0.049765633,0.061815133,0.319483027,0.563936283
TRIM71,7.954947898,0.016363995,0.103642354,0.31957936,NA
SCN1B,129.4506428,-0.047087295,0.099961346,0.319764186,0.564354654
C19orf44,82.59719696,-0.038161559,0.103604281,0.32001279,0.564715461
FGFR3,11.73045049,0.016555373,0.103609652,0.320080149,NA
PEBP4,21.10848369,-0.025436161,0.104132776,0.320120948,NA
ORC5,409.8285719,0.052478057,0.092392428,0.320389106,0.565301507
LBHD1,380.3488285,-0.054476095,0.088578441,0.320482665,0.565388557
HELZ2,3980.114761,0.045825614,0.10153878,0.320624989,0.565561601
ATG10,165.9505152,-0.052322156,0.095127592,0.320700358,0.565616509
TMEM213,24.60629565,-0.028598381,0.104230576,0.320895061,NA
NAV1,3362.657246,-0.05009929,0.060867655,0.320944923,0.565968999
RFPL3,8.726857323,-0.018557331,0.103744444,0.320948142,NA
C20orf144,16.08261602,-0.024646385,0.104089382,0.320958131,NA
PABIR1,643.6005795,-0.051065464,0.064334356,0.320988753,0.565968999
LRRC37A,110.1844952,0.047977817,0.100042823,0.321092341,0.566073577
FAM83D,207.4179954,-0.053569377,0.0906869,0.321183418,0.566156073
LRCH3,1432.683275,-0.052289446,0.093860138,0.321309321,0.566299927
KDELR3,126.3122963,0.050037778,0.098194788,0.321363973,0.566318181
PDSS2,432.2986794,0.05415212,0.086852969,0.321462959,0.566414544
MISP3,60.50434754,-0.038126785,0.103739835,0.321550228,0.566490239
CHST6,25.95843533,0.027942523,0.104220575,0.321632104,NA
CRPPA,25.91557368,0.022539485,0.104012035,0.321661315,NA
INAFM1,202.3103497,-0.053517222,0.091099595,0.321744577,0.566754535
FBXO24,27.68532439,0.030542685,0.104207068,0.321893883,NA
KREMEN1,139.5694695,0.041624632,0.102970716,0.321934026,0.567010128
RPS16,11010.11108,0.048036312,0.05658825,0.322005719,0.567058281
CD14,34082.57306,0.054565522,0.076970867,0.322085445,0.567120565
NDUFA1,1710.111841,0.049494416,0.061290187,0.322413676,0.567620332
OR11A1,10.24955818,0.018505098,0.103758362,0.322477575,NA
ZSWIM6,1701.125374,-0.041717017,0.047617494,0.322482082,0.567662593
MAPK7,1030.923726,-0.053350972,0.073543209,0.322691361,0.567908082
VMA21,692.338791,0.053318077,0.074652692,0.322714492,0.567908082
CCDC144A,182.4618714,-0.049466759,0.096230235,0.322754801,0.567908082
DIPK1A,108.0673066,0.045501286,0.101356656,0.32281263,0.567931674
SLC24A4,24.84879263,0.026678738,0.104065156,0.322845201,NA
SYTL2,12.81431066,-0.021240564,0.103861476,0.323133205,NA
EXOC6B,438.3231559,-0.05380923,0.077243047,0.323343191,0.568786833
SNX29,1536.055385,-0.050919819,0.065846731,0.323466717,0.568925847
LAS1L,903.7027246,0.050296118,0.064237137,0.323624824,0.569078198
FADS3,1179.998809,0.046066212,0.054996507,0.32364236,0.569078198
ALPK2,15.6065614,0.017458568,0.103592645,0.323642867,NA
SPACDR,8.036652256,-0.01594619,0.103590437,0.323694122,NA
EMSY,562.5729821,0.053666588,0.088154836,0.323801987,0.569239691
ST7,749.5176902,-0.050180668,0.062339173,0.323823252,0.569239691
STMN3,37.10849879,-0.035368313,0.10390368,0.323987536,0.569450186
BEAN1,403.0905408,-0.05414743,0.085275158,0.324045056,0.569472995
DAGLB,1509.240761,-0.051037375,0.067727615,0.324269219,0.569769395
FAM227B,37.82702717,0.029379026,0.104157292,0.324302846,0.569769395
DENND4B,5029.649563,-0.053960333,0.070586027,0.324484296,0.569946912
MXD3,428.0167535,-0.053448579,0.089542147,0.324493044,0.569946912
KHDC1,30.73465973,0.028836943,0.104123573,0.324663454,0.570167894
ERP27,13.91663573,-0.021242649,0.103837028,0.324754665,NA
ARSD,1700.867898,-0.051371612,0.067563937,0.324817649,0.570312727
CNTNAP4,22.05231983,0.022241935,0.103848314,0.324834776,NA
UTP4,853.8171408,0.050111434,0.097623528,0.324835141,0.570312727
RXYLT1,437.4693562,-0.054161596,0.082531711,0.324943882,0.57042531
NAALADL2,23.97359131,0.029910611,0.104206948,0.325018747,NA
IARS2,3260.807903,0.044708592,0.052858146,0.325229336,0.570848032
ZNF280D,268.7543761,-0.043680789,0.101797997,0.325546,0.571274502
BOLA1,144.2906022,-0.050746069,0.095964792,0.325561676,0.571274502
NTAN1P2,16.68633731,-0.024250616,0.104009018,0.325636759,NA
NUP155,712.4911796,0.052088521,0.069774546,0.325682794,0.57134101
SYPL1,1436.071541,0.050170626,0.067012707,0.325688954,0.57134101
POTEE,36.55845626,-0.032120472,0.1040741,0.325753362,0.571375598
THG1L,396.2406281,0.053710007,0.086470168,0.325942899,0.571545454
TBC1D31,401.9722429,-0.053630739,0.087409252,0.3259529,0.571545454
PCYT2,697.6126199,-0.052558813,0.072951899,0.325984313,0.571545454
TSC22D3,1021.444683,0.05061541,0.065960759,0.326050826,0.571583684
PPM1E,8.169549595,0.015926751,0.103582612,0.326185782,NA
DXO,308.1091507,0.053958378,0.083216432,0.326296178,0.571904915
CDHR2,10.23746475,0.010702236,0.103299114,0.326307822,NA
USP3,1249.83379,0.05033185,0.06578486,0.326323532,0.571904915
ELP5,1095.083579,-0.049309404,0.062534123,0.326497691,0.572131713
RPL3P2,20.34124099,-0.024650196,0.104011416,0.326571531,NA
C19orf81,33.64539193,-0.032823906,0.104051269,0.326579412,0.57219649
C6orf226,105.6031691,-0.050026135,0.096767943,0.326668801,0.572232882
RPS9,20070.45618,0.039197502,0.043282243,0.326689699,0.572232882
TRPC5OS,29.48372438,-0.026595699,0.103982909,0.32673797,NA
WNT2,16.84452745,-0.020066625,0.103797489,0.326784896,NA
STX7,5045.033173,0.043761544,0.050342289,0.327055679,0.57279546
MOCS1,122.6079976,0.048803237,0.098190345,0.327119816,0.572821196
CRTC1P1,33.0629558,-0.031783542,0.104041813,0.327159982,0.572821196
MUTYH,340.6448588,-0.053247676,0.077076584,0.327382758,0.573132762
ARAP3,1609.754328,0.052073379,0.072717204,0.327439425,0.573152873
LYSET,1860.694892,0.046635465,0.05649116,0.327483906,0.573152873
TPX2,2432.556593,0.043033763,0.050280604,0.327538816,0.573170512
SNX27,2827.934734,-0.043469853,0.051160884,0.327631193,0.573243171
RBM23,1917.195674,-0.048190806,0.060220517,0.327692902,0.573243171
SCART1,52.80105135,0.03866709,0.103494041,0.327748434,0.573243171
LY96,1045.635316,0.053794501,0.080541322,0.327759685,0.573243171
HS3ST3A1,47.30683859,-0.033151521,0.103796805,0.327880924,0.573296693
AGAP6,632.9017442,-0.052514808,0.073068429,0.327918299,0.573296693
CLHC1,210.35605,0.049909994,0.097589012,0.327924812,0.573296693
ANKUB1,12.40932265,0.016411855,0.103575915,0.328133078,NA
PXN,4863.357752,0.046927832,0.057053975,0.328208435,0.573714088
SORCS1,123.7246602,-0.041074018,0.102420986,0.328303853,0.573802427
CKLF-CMTM1,66.68435569,0.031360672,0.104091273,0.328358067,0.573818739
NAPB,401.6876997,0.053746339,0.082119792,0.328459985,0.573850718
MRPL45P2,72.16906826,0.043270357,0.101886456,0.328466136,0.573850718
LIN54,781.1949248,0.051491031,0.068884276,0.328729741,0.574232783
RPL39,4725.772642,0.047957743,0.06069711,0.328776592,0.574236165
METTL25B,689.2033636,-0.050786688,0.069526395,0.329059187,0.574638792
TFCP2,1104.908038,-0.048756894,0.062032695,0.329114358,0.574638792
DYNC1LI1,1350.815573,-0.049427162,0.063071116,0.329141954,0.574638792
UTP23,436.0726703,0.052311229,0.089690161,0.329657593,0.575392992
RBM14,1383.928749,0.048994381,0.069390783,0.329663955,0.575392992
ARPIN-AP3S2,647.9694861,-0.051459302,0.069201313,0.329979096,0.575847906
REC8,449.5638553,0.053242601,0.076269115,0.330014674,0.575847906
PDRG1,656.3382212,0.050614675,0.068629282,0.330072624,0.575870428
ATF7,1223.132016,-0.051986892,0.07220645,0.330151671,0.575929746
FAHD2CP,9.592934671,0.018174971,0.103698831,0.330187445,NA
STX5,1276.016643,-0.050038759,0.064221068,0.330242223,0.575971462
SUPV3L1,682.9259755,0.053375451,0.086372491,0.330265685,0.575971462
PARN,1200.885914,-0.049766908,0.065072547,0.330411247,0.576073881
POLM,500.8885859,-0.050674642,0.092289212,0.330414531,0.576073881
TNIP3,11.37782048,0.017318322,0.103597564,0.330437152,NA
MCM3AP,4337.523554,-0.047665072,0.05970989,0.330659161,0.576421785
ADCY10P1,49.51104533,-0.03839483,0.103164117,0.330855825,0.576685988
INVS,426.6409049,-0.053389045,0.081161015,0.331030719,0.576912178
FHDC1,19.85832138,-0.026311893,0.103887545,0.331294086,NA
SUPT6H,7101.365326,-0.039515243,0.04537908,0.331345605,0.57738225
ZG16B,9.313240385,-0.019062365,0.103684133,0.331391617,NA
IL1RAP,770.0539468,0.05303188,0.077311101,0.331403974,0.577405261
LUC7L3,3134.680586,0.049956013,0.064925434,0.331469292,0.577423427
LIX1L,711.3733931,-0.049025747,0.063432151,0.331526637,0.577423427
OSCP1,52.83294503,-0.035104767,0.103619805,0.331549893,0.577423427
NUP62CL,13.93154907,0.018072452,0.103635578,0.331557227,NA
CORIN,27.41276187,-0.028887564,0.103929293,0.331559928,NA
CAPN3,641.8665338,-0.052460388,0.08944261,0.3317606,0.577711696
DOCK1,1583.980187,-0.046605311,0.057707588,0.331881215,0.577843025
PFAS,760.5840511,0.038605181,0.102763404,0.331968853,0.577916909
PTPRVP,11.2782284,0.020159019,0.10376338,0.332104071,NA
BCL3,531.6261239,0.053220532,0.086164688,0.332131639,0.578088057
DCUN1D1,1193.346879,0.049940464,0.065287035,0.332157596,0.578088057
RETREG1,30.68834032,0.029288389,0.103936735,0.332215895,0.578110823
CEP170B,926.202062,-0.053302057,0.083219892,0.332455524,0.578442333
CTF1,34.5583379,-0.027640626,0.103945704,0.332496888,0.578442333
KIF16B,809.8149056,-0.052652032,0.089039274,0.332643543,0.578618734
SMUG1,507.8152678,0.053234406,0.081277897,0.332711968,0.578659027
IL16,407.1877788,-0.052319003,0.076257157,0.332788762,0.578713863
FBXW8,457.2157305,-0.052392641,0.075330517,0.332951926,0.578908677
FAM72B,212.4727771,0.04927857,0.096237908,0.33299135,0.578908677
CCNB1,1537.224867,0.047822099,0.060310688,0.333134853,0.579079416
BTBD9,630.0083289,-0.052190789,0.082967368,0.333297392,0.579283192
ABHD14A-ACY1,36.0875061,0.02300968,0.103834287,0.333585454,0.579705046
CD9,19411.33113,-0.046290202,0.06318024,0.333778485,0.579957437
THNSL1,115.9549821,0.048319925,0.097577119,0.3338609,0.579957437
STRN4,3088.477564,-0.049479704,0.0642969,0.333866776,0.579957437
FAM98A,1321.175922,0.05139879,0.070912527,0.333983068,0.580015191
ZSCAN31,52.96563484,-0.028872214,0.103945466,0.334044185,0.580015191
ZBTB48,1055.714627,-0.0513547,0.088823455,0.334080162,0.580015191
GAS1,49.98213487,-0.035354058,0.103521481,0.334081491,0.580015191
UEVLD,841.0951322,0.049263207,0.064799893,0.33437236,0.58034227
CREB1,1449.277438,0.050196631,0.066130133,0.334401558,0.58034227
CHURC1,2140.113438,0.04850196,0.062535012,0.334424291,0.58034227
PBLD,193.1127401,-0.052380872,0.088179945,0.334451454,0.58034227
MARVELD2,27.10534744,-0.028585684,0.103873971,0.33449896,NA
TRIM45,37.28706885,-0.031330003,0.103841621,0.334748759,0.58077933
POU6F1,52.5658568,0.034226693,0.103625291,0.334853643,0.580878704
PLEKHA8P1,47.87306088,0.036557221,0.103281778,0.334909046,0.580878704
HIF1AN,2310.795728,0.044013718,0.053222293,0.334942339,0.580878704
SETMAR,197.6631823,0.049942374,0.095312119,0.335014887,0.58092572
NUB1,2681.905826,0.049763529,0.060856368,0.335165155,0.581032693
ADAMTS4,47.14111265,0.02897618,0.103875885,0.33516747,0.581032693
PRORSD1P,56.26228292,-0.040702143,0.102186006,0.335295331,0.581144262
DCAF17,314.7053604,-0.05303275,0.084580205,0.335370289,0.581144262
MEMO1,1023.730409,-0.049925611,0.066812884,0.33540589,0.581144262
MON1A,307.6518454,-0.052894166,0.079149417,0.335413649,0.581144262
RABGGTA,1498.069101,-0.047334531,0.060037049,0.335488847,0.581195788
ABT1,802.9608431,0.048360283,0.062389122,0.335544678,0.581213752
RIPOR3,76.06086943,0.042782545,0.101645466,0.335647737,0.581313508
MEF2C,3767.951809,-0.052490802,0.076156318,0.335961832,0.581778684
AKAP10,1355.772574,-0.050229407,0.067999537,0.336014049,0.581790306
THAP3,263.1451848,-0.052700605,0.082766579,0.336080498,0.581795476
ABRAXAS1,291.5150045,-0.051335585,0.091249116,0.336108047,0.581795476
MTF2,1051.449365,0.046631376,0.058023046,0.336302626,0.581967905
RBM10,1448.367787,-0.048589932,0.063199029,0.336326194,0.581967905
PLA2G6,134.1353359,-0.036101458,0.103280602,0.33634422,0.581967905
SYCP2L,48.87268448,0.02780404,0.103867037,0.336429126,0.582036046
SGK3,2022.98178,0.048086042,0.062573816,0.33663407,0.58231181
PRKAG3,39.6572785,-0.028830245,0.1038324,0.337066588,0.582981105
ZNF416,105.8726666,-0.048104177,0.096683687,0.33712212,0.582998283
LINS1,329.3671124,-0.05248107,0.08399588,0.337243027,0.583128497
RPP25L,378.3538242,-0.05271176,0.083635782,0.337580048,0.58357363
PQBP1,1367.018998,-0.048664595,0.06383822,0.337591754,0.58357363
GTF2IRD1,436.391332,0.051571945,0.089018461,0.337646245,0.583588921
TSG101,1377.816056,0.046442694,0.058498615,0.3377679,0.583720275
DDO,26.64594149,-0.029835961,0.103772316,0.337807872,NA
FAH,662.7554641,0.052198672,0.07767811,0.33805254,0.584133224
RLF,613.3316399,0.051189839,0.069116445,0.338166274,0.584189803
YTHDF3,3355.582598,-0.048214497,0.063552499,0.338176671,0.584189803
ANXA5,23308.20129,0.044580919,0.052837822,0.338274846,0.58422764
ECI1,1223.127609,-0.046260822,0.058284661,0.338308154,0.58422764
GCNA,48.05491905,0.037736179,0.1029295,0.338335662,0.58422764
DHX29,1166.813426,0.048148032,0.061575496,0.338491615,0.584418002
HTATSF1,1258.951718,0.04918293,0.063283099,0.338597693,0.584518608
MAPK11,65.79278276,-0.040264781,0.102137329,0.338641324,0.584518608
REPIN1,4198.25686,-0.041046702,0.048099922,0.338766284,0.584655364
XK,44.18321877,0.035245646,0.103357401,0.338879274,0.584716389
DDX17,12052.05885,-0.041957725,0.049933032,0.338893113,0.584716389
PPP1R3B,331.5755641,0.052111048,0.077527345,0.338989046,0.584802989
LATS2,922.0680777,-0.050121272,0.068331351,0.339119017,0.584891112
BICDL1,55.5157113,0.034992692,0.103387218,0.339131624,0.584891112
PRPF40B,111.4205073,0.040407783,0.102083566,0.339324087,0.585058621
POLR3E,1205.410983,0.042742909,0.054380587,0.339354285,0.585058621
SPDYE12,10.49881756,-0.017730757,0.103549371,0.339354371,NA
DPH5,347.4249966,-0.051204518,0.083171133,0.339387599,0.585058621
SPINDOC,1092.418578,0.044388174,0.054451173,0.339411795,0.585058621
SYCE2,11.91481426,0.018539875,0.103562716,0.33953214,NA
MRS2,1046.222503,-0.044548322,0.0560475,0.33959594,0.585174391
MRPL58,432.4753526,0.0517336,0.078266259,0.33960315,0.585174391
NNMT,34.00961976,-0.029964079,0.103722832,0.33963701,0.585174391
SIPA1L2,1974.724265,-0.052585788,0.081314628,0.339662038,0.585174391
TTC4P1,15.12074856,-0.022316783,0.103732227,0.339665512,NA
DCAF16,669.2592305,0.053285234,0.079351639,0.339837534,0.585340799
SPINT1,3842.109677,-0.03996212,0.047800889,0.339881969,0.585340799
TTBK2,620.5628653,0.049225326,0.095639553,0.339895979,0.585340799
AP1M1,2112.242241,-0.05039921,0.068882257,0.340071827,0.585564756
ZMYM6,939.0359304,-0.052197939,0.082311516,0.34016142,0.585635548
GLYCTK,525.1614167,-0.050151983,0.069026808,0.340204553,0.585635548
BLOC1S5,547.784105,-0.051688344,0.075636595,0.34033493,0.58575975
COPG1,5069.765017,0.051723271,0.069645273,0.340368336,0.58575975
MTA3,498.7312949,0.052047947,0.079369926,0.340477995,0.585869605
OIP5,121.2364613,0.04748398,0.097359314,0.340569819,0.585948562
IGSF21,12.58761247,-0.020558485,0.103655629,0.340641359,NA
WDR62,577.0336264,-0.05201472,0.079835822,0.340682451,0.585948562
PRPF4,1109.17419,0.046632175,0.059630997,0.340694052,0.585948562
CCDC91,650.7070323,0.051935747,0.081387982,0.340707204,0.585948562
MARK2P8,11.741664,-0.021452043,0.103681185,0.340916338,NA
INSL6,19.26336257,-0.023930244,0.103717884,0.341199741,NA
TTC9,78.10017066,0.039837216,0.102149097,0.341282974,0.586801952
CHMP2A,1633.128301,-0.04601236,0.058279957,0.341322814,0.586801952
MTDH,6747.096049,0.04556452,0.056477417,0.341341112,0.586801952
POU2F3,7.259432624,0.014343243,0.10341582,0.341441297,NA
PTPRO,3189.472855,0.041598999,0.048156398,0.341473728,0.58695101
CAND1,2375.537212,0.04034173,0.046704423,0.341639912,0.58715772
KIF17,146.2599942,-0.046833418,0.097452284,0.341717331,0.587211838
OR7A17,14.50428169,0.022316636,0.10372301,0.34173946,NA
TAMALIN,114.1192172,0.039664481,0.102225387,0.341776437,0.587234477
TTLL7,10.87704712,0.015636347,0.103462036,0.341809491,NA
ARCN1,4683.294643,0.040910463,0.04897545,0.342016173,0.587567424
TOP3A,1000.647291,0.047209852,0.061203269,0.342100846,0.587633927
CALCR,33.3982763,-0.028905304,0.103683085,0.342152533,0.587643758
ORMDL3,865.1208483,-0.048464674,0.06481236,0.342240189,0.587653259
EAF1,1074.238496,0.045767851,0.057749186,0.342249994,0.587653259
PGGT1B,1119.128469,0.051476208,0.083730823,0.34246768,0.587784458
COL27A1,97.43162539,0.038448146,0.102400515,0.342496358,0.587784458
ENTPD1,3028.043131,-0.045490054,0.057526119,0.342500911,0.587784458
OR2V1,44.25983637,0.034676656,0.103204142,0.342510302,0.587784458
PCMTD2,1453.086895,-0.04544805,0.057500853,0.342559062,0.587789238
TSTD1,12.17572523,0.019764873,0.103637858,0.342591067,NA
SLC26A2,831.1767205,0.048323328,0.063494113,0.342870021,0.588243857
OMA1,344.1040149,-0.051251162,0.088608367,0.343031624,0.588403178
DDT,1375.550393,-0.050641213,0.073337085,0.34305493,0.588403178
STK33,102.8992903,0.041306816,0.101348912,0.34331378,0.588708345
STAG3L5P,11.33652857,-0.01770369,0.103526336,0.343334732,NA
ANKLE2,2495.213314,0.038825308,0.045629723,0.343360238,0.588708345
BMT2,999.1674544,-0.051774185,0.08708346,0.343394783,0.588708345
EGFL8,112.2699206,0.040503334,0.101709424,0.343431916,0.588708345
ASPN,11.29033458,0.016420389,0.103462544,0.343432278,NA
ADAM9,11377.34502,0.041431885,0.050026105,0.343466869,0.588708345
TLR6,1433.427398,0.046401002,0.062379593,0.343536768,0.588708345
GRAMD2B,146.7189841,0.044659739,0.099998834,0.343561919,0.588708345
CCNQ,507.8767607,0.049670345,0.068520576,0.343601226,0.588708345
SMARCA2,3896.637247,0.047038985,0.061039389,0.343790053,0.588952944
GCSAML,17.71474588,-0.022601032,0.103693179,0.344055252,NA
ALG6,187.9430218,0.050150451,0.091421575,0.344084131,0.589377762
JPH4,62.74782116,-0.037605394,0.102458698,0.344402963,0.589833155
POC1B,632.6421193,0.050861185,0.080186513,0.344442263,0.589833155
SH3PXD2A,1628.544987,0.05666171,0.074687789,0.344498186,0.589849914
APOBEC3H,12.04064546,-0.018449031,0.103546725,0.344548901,NA
AHCYL2,951.0884458,-0.048585649,0.065367156,0.344587419,0.589923695
SEMA6B,784.0416685,-0.050666447,0.080630225,0.344669688,0.589985535
PARM1,226.2697508,0.050546642,0.090943044,0.344765488,0.590070517
MYLK2,8.58601233,0.016145248,0.103468489,0.344880457,NA
ZNF221,39.74911188,0.034600678,0.103203546,0.344884916,0.59019591
PLPBP,1076.771377,0.05032394,0.072463818,0.345108413,0.590499339
SMIM10,67.11922677,0.041390174,0.101240242,0.345245192,0.590583839
OARD1,612.4657444,0.049742746,0.067304548,0.345250185,0.590583839
DYNLT4,81.42875349,0.042515863,0.100737712,0.345349578,0.59067483
RPL31,8058.190016,0.045534514,0.05800434,0.345509186,0.590766655
PIGM,535.2079442,0.04847368,0.065400251,0.345518164,0.590766655
CAMKK1,894.5143208,-0.049850042,0.07038055,0.345541888,0.590766655
TMEM74B,39.79844466,0.029777093,0.103624156,0.345641585,0.590858091
FAM111A,2645.162279,0.042116486,0.051378579,0.345708241,0.590893029
TMX4,1763.713343,-0.05029311,0.083096157,0.346034523,0.5913111
LRP4,15.35698733,0.019159857,0.103505884,0.346057477,NA
MLX,2561.334244,-0.038968321,0.046495942,0.346070072,0.5913111
MRPL53,713.0518872,0.047735695,0.063474718,0.346091589,0.5913111
CENPS-CORT,22.08835542,-0.017317334,0.103468784,0.346278607,NA
CLDN15,193.2519531,-0.04737103,0.096113507,0.346285353,0.591563099
ZMYM3,2042.684433,-0.04731653,0.062479819,0.346675177,0.592149918
HTRA1,5531.131082,-0.051659104,0.079717057,0.346743048,0.592186731
GNG4,14.56440787,-0.021076441,0.103578643,0.346743313,NA
APOOL,778.6669142,0.048158968,0.064978517,0.346856512,0.592211533
RNF168,958.1608635,0.048633893,0.066335778,0.346884602,0.592211533
INTS6,1208.892886,-0.049793468,0.070348655,0.34696895,0.592211533
NEURL3,50.40644112,0.033944679,0.103168608,0.346981994,0.592211533
TAOK1,4326.079704,0.039526962,0.047475791,0.346989175,0.592211533
SMOC2,20.18817143,0.021662911,0.103650409,0.347069995,NA
CAPRIN2,545.5754705,-0.050803111,0.087404287,0.347173171,0.592339662
DUS4L,135.2775123,0.047469566,0.096198135,0.347186439,0.592339662
H3-7,294.2474265,0.050760131,0.087576635,0.34720324,0.592339662
COMMD4,1161.660745,-0.047716326,0.06441679,0.347382691,0.592520569
CPAMD8,33.01371678,-0.026609485,0.103607223,0.34740197,0.592520569
CDK12,2144.183742,-0.044073755,0.055725194,0.347525503,0.592627413
DNAJC3,3249.272791,0.039877821,0.046607471,0.34755732,0.592627413
GCNT3,21.25854279,-0.018398261,0.103463175,0.347625983,NA
COIL,471.6749761,0.049474242,0.069165079,0.348101279,0.593475777
KCTD15,12.35410254,0.012680097,0.103327038,0.348132978,NA
EGR3,113.7749784,0.044763839,0.098873444,0.348155955,0.593489851
RASGRF1,96.51183265,0.038732705,0.101986682,0.348271653,0.593545877
CCDC142,431.6335705,0.051111659,0.084354533,0.348281671,0.593545877
EPHB4,15.42554966,0.021489955,0.103561157,0.348324371,NA
RFESD,26.23070195,0.022916332,0.103604489,0.348341778,NA
KCTD5,1794.138875,-0.042400554,0.052652024,0.348674049,0.594113279
ZRSR2,891.2709514,-0.049402772,0.07018855,0.348713915,0.594113279
XXYLT1,427.9325492,-0.050731879,0.076280602,0.348754021,0.594113279
AGTPBP1,666.3368539,0.050002663,0.07190819,0.348835862,0.594173527
ZNHIT1,1609.822529,-0.03962776,0.047863241,0.348939044,0.594270105
KCTD19,12.26348199,0.012062007,0.103246905,0.349023452,NA
IVD,2258.166866,-0.049508883,0.071673221,0.349132425,0.5944358
PEDS1,1450.302792,-0.044764434,0.057895865,0.349158018,0.5944358
STRA6,26.50647828,0.024733612,0.103610778,0.349198384,NA
BLOC1S6,2809.389452,0.040155172,0.045581465,0.34920993,0.5944358
ERO1B,409.8633378,-0.05002395,0.090181716,0.349255621,0.5944358
UBAC1,2052.705677,-0.037051274,0.043756324,0.349268809,0.5944358
PYCR2,1505.667291,0.039721057,0.048274218,0.349449365,0.594663934
MYRF,102.9664256,-0.046352571,0.096703775,0.34953931,0.594720247
NSD2,2590.848783,-0.043061016,0.054389122,0.349575491,0.594720247
KDM1A,1611.961096,-0.046599387,0.061218691,0.349838628,0.595088726
RPL37A,10539.92635,0.044008505,0.056239499,0.34991267,0.59513549
DNAI3,53.2562391,0.035983859,0.102681164,0.349996267,0.595198493
CDK2,563.2686298,0.051036126,0.084522886,0.350278893,0.595599899
KLHL12,1177.151416,-0.042943275,0.053192097,0.350374355,0.595605455
GOLGA8A,1968.430333,0.048685828,0.069030332,0.350375332,0.595605455
CFAP73,7.074594742,-0.013018259,0.10331658,0.350606734,NA
MYL5,703.9460574,0.050764804,0.077583502,0.350631201,0.595890291
CATSPERB,12.47190065,0.017800489,0.103464117,0.350639894,NA
SATB2,176.5186479,-0.048003169,0.094743736,0.350657181,0.595890291
ITGAE,381.9064542,0.050756734,0.077218747,0.35077977,0.595890291
DNAJB4,314.1148378,0.050635089,0.080276485,0.350871876,0.595890291
PRDM2,1051.89979,0.049414638,0.0709316,0.35089121,0.595890291
TMEM63C,158.0121677,0.044955973,0.099552569,0.350902312,0.595890291
MFHAS1,2251.976257,-0.051356137,0.08025451,0.350911868,0.595890291
CD53,15556.44438,-0.036443757,0.044772148,0.350915761,0.595890291
VCPIP1,1513.805329,-0.044664964,0.057499132,0.350983955,0.595926941
SPATS1,11.82196156,0.017001603,0.103450431,0.351059454,NA
IGF2BP3,1954.067293,0.050547212,0.071994584,0.351088025,0.596024485
LAMC2,25.41151744,-0.027343999,0.103633389,0.351294337,NA
C7orf50,1485.891375,-0.04525045,0.058840168,0.351306616,0.596275589
WHRN,127.3690029,0.039684823,0.101358553,0.351342213,0.596275589
NCAPD3,1271.892361,-0.041843348,0.051431011,0.351375854,0.596275589
SLC17A9,2440.043951,0.048339738,0.066801349,0.351441643,0.596308082
HSD11B2,21.59267363,-0.025783938,0.103552715,0.351478932,NA
PDIA3P1,32.71424889,-0.030938747,0.103306917,0.351594451,0.596488197
PIK3C2A,1170.985907,0.051201164,0.080285215,0.351724419,0.59662952
JPH2,18.79800175,-0.024939694,0.103547866,0.351788562,NA
MOSPD2,1149.121637,0.049349235,0.072231624,0.351893993,0.596837981
LEMD2,1978.252527,-0.045786852,0.060179499,0.351943053,0.596842013
TAS2R5,11.19150407,-0.019053602,0.103486405,0.352034344,NA
ZNF490,206.7456852,0.043821978,0.098164349,0.352126703,0.597045031
CRYZL2P,69.93620267,-0.038374549,0.101725543,0.35221371,0.597045031
MMAA,255.0803101,0.046601239,0.096201786,0.352218023,0.597045031
ADIPOR2,2675.567396,0.038669533,0.048275344,0.352269081,0.597045031
STAT3,6152.105656,-0.035850285,0.042637968,0.352296262,0.597045031
CNP,3946.118376,-0.048461475,0.066499369,0.352549482,0.59739498
RPAP3,835.9086446,0.051997571,0.081245699,0.352706548,0.597538542
RAD17,596.6340624,0.049564987,0.071555002,0.352739544,0.597538542
REL,1720.597281,-0.045397003,0.057870274,0.352801742,0.597538542
LONRF2,14.23595203,-0.022057915,0.103550216,0.352809816,NA
HELB,99.2132222,-0.041830412,0.100215236,0.352821154,0.597538542
XPO4,849.0037651,0.047757622,0.065334702,0.352890544,0.597576901
KCNK5,8.184206585,0.016787859,0.10343445,0.352977961,NA
ZNF491,19.84160846,-0.022365588,0.103520961,0.353008779,NA
THAP12P3,60.11580684,-0.039133073,0.101395515,0.353146593,0.597931293
TNNI2,234.9835993,0.050406281,0.084006188,0.353256917,0.598025312
LRBA,1059.149226,-0.049517125,0.074721039,0.35331443,0.598025312
RGS20,35.15355352,-0.025672758,0.103512352,0.353342449,0.598025312
GNRHR2,6.66346848,-0.012862213,0.10330895,0.35338102,NA
NDUFA3,1138.950696,-0.04496398,0.058162955,0.353702135,0.598554838
ZMIZ1,10754.52372,-0.047901019,0.0639854,0.353887385,0.598789071
SPP1,970178.1796,-0.047717354,0.06593006,0.354012638,0.598921739
SULT1C2,229.2797495,0.048805004,0.091906045,0.35408114,0.598958372
GPATCH1,320.6777038,-0.050709645,0.081893797,0.354143784,0.598985088
KLHL25,92.25381009,0.044339923,0.098331877,0.354287887,0.599149556
OR9H1P,19.7870565,0.024944406,0.10356991,0.354291914,NA
PNPLA8,942.7709339,0.05004044,0.075507907,0.354371612,0.599211885
NOP10,2745.950511,0.044556994,0.056449803,0.354526089,0.599360257
HECTD2,469.4951904,-0.050346215,0.084449783,0.354553119,0.599360257
TMEM232,11.85297508,-0.015874106,0.103340529,0.354595541,NA
FGF13,233.6011667,0.047139453,0.095212581,0.354714162,0.59955322
PDIA5,326.7595671,0.050338059,0.082743808,0.354921379,0.599819795
FOXD2,33.95197091,-0.032421017,0.102999841,0.355039265,0.599819795
P2RX1,71.48711574,-0.040992139,0.100827361,0.355044107,0.599819795
ZBTB26,197.3186745,-0.047768013,0.089312104,0.355059539,0.599819795
TRIP10,835.2343974,0.04740306,0.065143957,0.355183954,0.5999507
MOCOS,95.48436234,0.035785114,0.102343087,0.355377699,0.600198663
CSMD3,19.35294991,0.023134695,0.103537484,0.355736304,NA
F11R,3405.833396,-0.048748007,0.073689203,0.355751944,0.600647956
THUMPD1,1136.45695,0.047444682,0.065095344,0.3557701,0.600647956
ECI2,869.0266735,-0.048664233,0.069927469,0.355806401,0.600647956
SLC7A7,11643.09611,-0.033725129,0.039190988,0.355833802,0.600647956
SNORC,10.47503327,-0.014268775,0.103300444,0.35583768,NA
NPR2,49.81793004,0.023392165,0.103401466,0.355878628,0.600647956
ZBTB46,676.8281198,-0.05035246,0.081723775,0.355948066,0.600685854
HRAS,718.7876509,-0.048915618,0.070811626,0.356099248,0.60078951
NSUN6,127.7584519,-0.045170135,0.096526052,0.356103473,0.60078951
UBLCP1,1090.963117,0.049584803,0.077529761,0.356184196,0.600791232
RBM25,4018.171327,0.04555266,0.05964603,0.356213729,0.600791232
PRP4K,2401.145957,0.043454132,0.055308858,0.356258742,0.600791232
ADO,2159.408825,0.040995208,0.050098153,0.356292462,0.600791232
ST3GAL3,282.8110552,-0.050291451,0.082860655,0.356387567,0.600872352
PDK3,768.2729896,-0.050288917,0.077820622,0.356866884,0.601601149
OR5A2,99.14929042,0.044417813,0.097993572,0.357074974,0.601858894
CNTNAP1,54.71545014,-0.027529531,0.103355073,0.357152357,0.601858894
WDR82,3852.745833,0.03431986,0.04011045,0.357161004,0.601858894
PGP,1585.880822,0.045623356,0.060469541,0.357292061,0.602000395
LPAR3,14.88655496,0.02224571,0.10349732,0.357416452,NA
HOOK2,440.4680168,-0.048696467,0.078175411,0.357576627,0.602266152
KIF9,86.34913124,-0.039411646,0.100636974,0.35758719,0.602266152
SENP1,466.0277863,0.050038636,0.084091833,0.357591112,0.602266152
DNAJB7,8.321695253,-0.015036307,0.103345837,0.357637061,NA
ARHGAP31,3076.232687,0.044891328,0.05932402,0.357733655,0.602357463
LACTB,4127.083909,0.040616625,0.050705789,0.357739555,0.602357463
C2CD4A,8.602461674,0.014422703,0.103328849,0.357795308,NA
RPS21P4,8.292065303,0.015653934,0.103375073,0.357893008,NA
ST20-MTHFS,275.0009107,0.050149381,0.081802778,0.358099071,0.602810577
APOM,26.4001901,-0.027825591,0.103340406,0.358163217,NA
AFG2B,368.6461348,-0.049693804,0.078334139,0.358175348,0.602810577
MBD5,392.7007992,-0.049159713,0.08845576,0.358193459,0.602810577
ANKRD11,5866.836924,0.045104633,0.058761878,0.358214351,0.602810577
C17orf113,27.243886,-0.029137942,0.103254855,0.358242761,NA
H2AC6,683.7311944,-0.048213754,0.068377634,0.358244409,0.602810577
CHCHD5,599.1092515,-0.048591265,0.068841688,0.358473305,0.603116358
ADAMTSL2,7.731721615,-0.014187136,0.10331458,0.358565797,NA
PTGES,37.71355681,0.029269267,0.103285642,0.358601744,0.603253065
MINDY1,392.9544926,-0.049131658,0.079437356,0.358683636,0.603311443
BPHL,275.3181835,-0.049880122,0.083170817,0.358869084,0.603473299
SP8,11.09712708,-0.016168416,0.103365283,0.358886123,NA
TBC1D24,226.3416086,-0.036682483,0.102994373,0.358904999,0.603473299
WDR46,1186.24499,0.044246244,0.057948624,0.358938292,0.603473299
PPP1CC,3761.511566,0.042622513,0.054303259,0.358968669,0.603473299
KLHL15,458.0732924,0.04936347,0.072834841,0.359041925,0.60350157
MSI2,737.5940027,0.046658875,0.095302567,0.359079894,0.60350157
RAD51B,107.973912,-0.04228907,0.099147559,0.359326755,0.603837087
TMEM222,1149.868654,-0.043464027,0.056560504,0.359412696,0.603902131
PRPSAP2,539.6756588,0.049715144,0.076328847,0.359511153,0.603968217
CC2D2B,52.9612552,0.031447801,0.102955633,0.359546507,0.603968217
NRARP,17.90323299,-0.024445825,0.103388326,0.359680488,NA
PAXBP1,958.1638653,0.047775402,0.068745295,0.359753367,0.604236311
CD244,33.58647164,0.029759207,0.103165422,0.359939027,0.604468733
CRACD,58.38162239,-0.029186559,0.103108253,0.360025943,0.604535288
TERF1,574.6616799,0.048958078,0.072368443,0.360101109,0.604582098
SETD5,2510.928491,0.045196897,0.061006171,0.360349372,0.604823329
HOXB2,269.2568393,-0.049395206,0.086035984,0.360355636,0.604823329
TFAP4,325.1701421,0.047910442,0.092044228,0.360386713,0.604823329
ARHGEF11,3777.003376,-0.040265216,0.055825249,0.360459935,0.604866815
ZNF830,477.2433836,-0.049147103,0.074844099,0.3608389,0.605345356
VGLL3,54.37071191,0.025651282,0.103366197,0.360839809,0.605345356
MRPS17,230.2189232,0.048940912,0.088551304,0.360947225,0.605446112
HMGXB4,769.6578448,0.047859202,0.069687835,0.361206008,0.60580071
EMC2,869.8193393,0.046503982,0.064222057,0.361291371,0.605864398
HTN1,19.70366033,-0.019544591,0.103368904,0.361525854,NA
MEGF11,15.21394384,-0.018565559,0.103328253,0.361535353,NA
SIGLEC10,2298.456212,-0.047997973,0.068245091,0.361772016,0.606517075
VPS13D,2175.25307,-0.045209778,0.060917823,0.361775457,0.606517075
GFPT2,27.23574241,0.024736874,0.103368758,0.362330445,NA
GRIK1,16.14125854,0.019095388,0.103430883,0.362411645,NA
TOR3A,2552.554614,0.037607954,0.046211319,0.362428206,0.607531745
CNOT8,1781.286935,0.042510148,0.054929132,0.362528778,0.607543109
ZNF512,678.7151557,0.049543729,0.081865133,0.362616459,0.607543109
HLA-B,52099.20713,-0.044723415,0.061746319,0.362714449,0.607543109
PTCD2,246.2332708,0.045595477,0.096020255,0.362766951,0.607543109
TMEM269,18.30757369,0.022503853,0.103427227,0.362780524,NA
ZDHHC13,283.3276225,-0.049443116,0.083128188,0.362815164,0.607543109
MPRIP,2346.399227,0.047299949,0.066542704,0.362818737,0.607543109
ITCH,2158.492038,-0.044714158,0.059688367,0.362895536,0.607543109
OR8B8,7.631365233,0.014739654,0.103301484,0.362903037,NA
GCAT,78.14960125,-0.03953687,0.100482417,0.362941856,0.607543109
DDX10,512.2460196,0.049357512,0.078223613,0.362942432,0.607543109
ZCCHC24,675.1333083,-0.046080173,0.066120239,0.362957604,0.607543109
MTO1,671.0437445,0.053715656,0.071549067,0.362957706,0.607543109
TBC1D9,3262.122088,0.036209369,0.044597841,0.363011303,0.60755328
DNAH3,9.196265796,-0.017971298,0.103361245,0.363373491,NA
KIAA1191,2024.439663,0.037460202,0.046160197,0.363377237,0.608028292
HEATR3,927.9823154,0.049153547,0.075995909,0.363390237,0.608028292
DAPP1,818.3911571,0.047755936,0.066233562,0.363482724,0.608088103
COG8,787.1117002,-0.045312254,0.061688136,0.363521108,0.608088103
SELENOF,5231.446819,0.042408922,0.053427228,0.363652172,0.608126291
TRAF2,526.6307886,0.049672766,0.081282889,0.363654769,0.608126291
CCDC7,40.36905039,-0.029521856,0.103034521,0.363710922,0.608126291
MSTO2P,74.47143057,0.03620262,0.101675702,0.363762359,0.608126291
M6PR,13921.63869,-0.034287957,0.040766148,0.363781766,0.608126291
HYI,237.7908991,0.04854947,0.089039057,0.363976371,0.60831228
CPOX,1282.748009,-0.044637411,0.060127814,0.363988185,0.60831228
BMS1P4,86.4791068,0.040534206,0.100024282,0.36420627,0.608531415
PTGES3,5323.023946,0.040728419,0.05384685,0.364214501,0.608531415
TP53,2550.910882,0.042426857,0.055248725,0.364274176,0.608551593
AIMP1,1205.632095,0.042912851,0.056278353,0.364395378,0.608571512
MXRA5,202.1187691,-0.045051329,0.095911824,0.364413658,0.608571512
EIF3A,12403.97411,0.033293487,0.039598912,0.364428901,0.608571512
KDR,29.209679,0.027417566,0.10320896,0.364486587,NA
TCAF2P1,48.51616385,-0.034772786,0.102123647,0.364661756,0.608840166
CDC14A,214.0955424,0.041448796,0.098113297,0.364692953,0.608840166
GMPR,856.1264834,0.048260201,0.088725244,0.364732642,0.608840166
UBE2J2,1705.536224,0.041393896,0.053311852,0.36488336,0.608952618
WARS2,275.7669031,-0.049175334,0.084034849,0.364939299,0.608952618
FHL1,51.32962358,-0.03491961,0.101990193,0.364942898,0.608952618
SYNDIG1,18.81173979,-0.022520771,0.103354799,0.365016157,NA
H2AC8,11.6007366,-0.018606378,0.103363319,0.365102057,NA
CHRD,13.02840106,-0.018715846,0.103333999,0.36518134,NA
IFT70A,63.88086321,0.038963077,0.100758067,0.365183359,0.6092508
SP2,987.8832941,-0.046711114,0.066015371,0.365216905,0.6092508
SLC41A2,1126.078338,0.04833257,0.072333499,0.365464402,0.609524611
PTGFRN,1309.335098,0.040120098,0.051878686,0.365476391,0.609524611
GSDME,3055.884034,-0.040448753,0.051166529,0.365680755,0.60973005
SIRT4,24.03883516,-0.024807781,0.103312615,0.365686617,NA
MTCO2P12,13.90211807,-0.021216073,0.103357362,0.365694099,NA
XYLB,167.8393799,0.042198043,0.098602522,0.365694957,0.60973005
PRDM10,388.9703971,-0.048164056,0.089793005,0.365837075,0.60988747
MEIS3,107.9736265,0.043034107,0.097928515,0.365968159,0.610026456
ZNF382,213.5901813,0.047879652,0.091008331,0.366252945,0.610368471
KIFC1,964.8469481,-0.045865123,0.063753319,0.366268824,0.610368471
ADGRG5,267.7537346,-0.045034809,0.094522004,0.366370118,0.610457704
REV1,656.5266941,0.048784498,0.075814787,0.366535657,0.610653944
ANKS4B,8.007365262,0.015532904,0.103308753,0.366541474,NA
VSIR,2152.434064,-0.049124944,0.081375315,0.366675839,0.610807897
NUDCP1,21.82399545,-0.025070464,0.103257642,0.366924471,NA
LCMT1,560.1075916,0.046625778,0.071583781,0.367036469,0.61132898
PGPEP1,3072.625402,-0.043512152,0.058479381,0.367226787,0.611515488
PLCL2,731.8838748,-0.046180256,0.064986563,0.367248589,0.611515488
PRXL2A,2837.23804,0.04811033,0.057991821,0.367291938,0.611515488
TRIM14,3400.103611,-0.047356969,0.069655038,0.367503147,0.611787465
HPS3,1109.599021,-0.048446888,0.074522891,0.367689183,0.611994923
MAP3K4,737.1245027,0.04926381,0.084132964,0.367723504,0.611994923
LY6E,11574.88536,-0.048623756,0.073787031,0.367789071,0.612024375
RPL10P19,18.018022,-0.023022057,0.103307488,0.367854645,NA
VPS8,1581.879526,0.046593101,0.066783335,0.368179344,0.61259408
ZNF594,146.873341,0.043640546,0.097014286,0.368431907,0.612856023
CHCHD1,667.1723378,0.047976657,0.073376879,0.368432647,0.612856023
C2CD2,425.7092188,0.047807434,0.089758661,0.368483781,0.612861343
JMY,639.6695558,-0.048790216,0.078408156,0.36866604,0.61308472
GABRP,62.74352633,-0.038380209,0.100601757,0.368731098,0.61311316
MIER2,1162.320912,-0.048700804,0.079299503,0.369395392,0.614097587
UQCC5,425.6068236,0.048764515,0.081080535,0.369456267,0.614097587
NBPF10,649.865727,-0.048368792,0.07544432,0.369513492,0.614097587
MYCBP,519.7941015,0.047995582,0.076615867,0.369515271,0.614097587
CCN1,11.2490779,-0.014813248,0.103216395,0.369520556,NA
CHN1,21.5330838,-0.025559791,0.103133996,0.369731914,NA
POLD3,665.928458,-0.044372633,0.060848522,0.369803688,0.614346898
KIF22,1434.080752,0.04117756,0.053912194,0.369834459,0.614346898
ZNF271P,410.1453781,0.04873387,0.080793149,0.369852861,0.614346898
SAMM50,1585.477995,-0.04273046,0.056177273,0.369857495,0.614346898
NRBP2,577.6196897,-0.049969192,0.08451563,0.369969757,0.614427357
ARHGEF16,210.7939931,0.047872993,0.089078081,0.370080717,0.614427357
SMPD4BP,202.9979855,-0.048655136,0.093173292,0.370097067,0.614427357
ALMS1,376.5912202,0.046424291,0.092539517,0.370108031,0.614427357
ACOT1,237.2026568,-0.048578302,0.084188783,0.370146226,0.614427357
EEIG1,374.9718424,-0.039444965,0.099775208,0.37020417,0.614443765
ZNF480,313.569207,0.048044219,0.084821129,0.370344556,0.614520608
MAML3,440.0444111,-0.04867623,0.083165848,0.370363391,0.614520608
SPA17,152.3218297,0.035217746,0.10220568,0.370428822,0.614520608
ERVMER34-1,34.54180209,0.029269104,0.102825173,0.370442732,0.614520608
STAG1,1214.280321,0.04038515,0.052180707,0.370548452,0.614550079
CLUH,4941.837034,-0.047531345,0.072505657,0.370602461,0.614550079
H2AX,2555.423961,-0.046687845,0.068183412,0.370604701,0.614550079
NFYC,1751.304934,-0.042492162,0.056792013,0.370801859,0.614797272
DHRS4,1655.17572,-0.039084814,0.050018898,0.371025496,0.615057911
STRIP2,164.6516216,-0.037759667,0.100564974,0.371055273,0.615057911
LILRA4,57.725255,-0.033488696,0.102107595,0.371170792,0.615110974
BIVM,466.4962107,0.047484246,0.074030142,0.371220268,0.615110974
NSFP1,125.6182604,0.027361925,0.103083843,0.371276073,0.615110974
ARL16,419.989283,0.048095666,0.077689908,0.371279733,0.615110974
MFSD2A,358.4963803,-0.048622682,0.082583549,0.371336626,0.61512552
PDPR2P,105.1043367,-0.042760683,0.097204584,0.371421679,0.615186704
ECHDC1,2007.846116,0.054105192,0.071734082,0.371506655,0.615210255
RNA5SP283,63.27767461,0.035657353,0.101451275,0.371532137,0.615210255
PLAAT3,707.3984179,0.048501328,0.082535248,0.371580264,0.615210267
IFFO1,2343.988726,-0.041029297,0.053944835,0.371675037,0.615239009
HOXB7,385.4476542,-0.04824095,0.079354192,0.371693868,0.615239009
STYX,775.0449703,0.046592569,0.069237095,0.371840512,0.615402065
DUSP22,1273.271317,-0.043250043,0.05862414,0.371917641,0.615424534
PCDHGB4,155.9847948,-0.046712946,0.091166718,0.371969892,0.615424534
RPS4XP16,8.910576032,-0.017176391,0.103283549,0.371991005,NA
NIPBL,2840.725599,-0.04497063,0.062957724,0.371998498,0.615424534
SCN7A,25.51338563,-0.022517595,0.103178618,0.372257899,NA
TOMM22,1237.806769,0.045299519,0.065588275,0.372364559,0.615950431
RALGPS1,74.83833492,0.03520898,0.101543742,0.372444547,0.616003044
ZNF236,512.5222142,0.044093303,0.09627049,0.372536102,0.616074773
EIF6,2650.862438,0.042967032,0.057271277,0.37260174,0.616103627
ZSWIM9,364.2586983,-0.044853825,0.094206258,0.372848727,0.6164323
CACNA1G,16.68644376,-0.01923982,0.103257327,0.372869654,NA
COL24A1,18.25919798,0.014822529,0.103224464,0.372950389,NA
C1orf56,69.59066193,0.032470833,0.102289936,0.372984507,0.616577051
DCHS1,123.5451512,-0.032013146,0.102314979,0.373137487,0.616750197
EIF3CL,134.4191865,0.01759888,0.103407067,0.373209092,0.616788811
EEF1A1P19,15.1043489,-0.019750235,0.103274619,0.373373863,NA
SOX15,19.06950056,0.02260851,0.103248414,0.373414745,NA
PNMA6A,16.48479505,0.02139405,0.103292515,0.373557596,NA
PI4KAP2,455.3977599,-0.04801846,0.084630982,0.373571761,0.617308383
ACSM3,49.05776535,-0.03228655,0.102399652,0.373656839,0.617369177
CHRNB4,15.15560126,0.020024115,0.103275328,0.373741867,NA
IFNLR1,910.7567432,-0.048014146,0.08545345,0.373746364,0.6174373
FGGY,206.1676482,0.033866233,0.101925501,0.373979498,0.61774262
RPL17P28,9.899946614,0.017527877,0.103284065,0.374093782,NA
VAX2,8.100217604,-0.015297072,0.103234023,0.374237139,NA
LY75-CD302,184.1401348,-0.024849518,0.10312654,0.374603028,0.618667738
EI24,1887.827756,0.041503807,0.055184527,0.374636342,0.618667738
APRT,1357.610784,0.043352097,0.060188961,0.374701318,0.618695125
GRAMD4P3,7.553208619,0.01537213,0.103254342,0.374868608,NA
CCDC9,614.9695376,-0.047282195,0.078321728,0.375342359,0.619642146
ANKS6,325.9894648,-0.047448038,0.089217478,0.37541049,0.619642146
ALDH5A1,357.6241015,-0.047408708,0.087704303,0.375420263,0.619642146
MYCBPAP,25.28084827,-0.026725473,0.10295799,0.375576346,NA
RIMKLBP2,24.05332531,-0.026231828,0.103013056,0.375578776,NA
STEEP1,581.306473,-0.048183625,0.086406066,0.375633998,0.619914892
RPS6KA5,436.3339956,0.047697027,0.084944421,0.37572453,0.619934608
SLC25A26,639.5933384,-0.045933997,0.066260444,0.37574496,0.619934608
WIZ,1401.393685,-0.047974634,0.082912842,0.375791413,0.619934608
DLEU7,211.1651902,0.046822825,0.090844367,0.375983927,0.620172172
MINAR1,23.71115639,0.024720303,0.103125662,0.375994972,NA
SAP30,361.4389068,0.047964177,0.078624023,0.376071472,0.620236555
N4BP2L1,344.89235,-0.047330356,0.075629484,0.376141319,0.620271736
SON,9938.613628,-0.039624409,0.051899952,0.376230936,0.620273272
THBS2,119.1070824,0.037395086,0.100550813,0.376239282,0.620273272
UFSP2,468.4280349,0.048064093,0.079903966,0.376383752,0.620431443
SLC19A3,38.0043453,-0.023826139,0.103067281,0.376704586,0.620880254
TRMT9B,57.06494229,0.030252968,0.102491424,0.376827636,0.621003008
BHMT2,7.073431185,0.011486793,0.103151362,0.376869796,NA
ZMYND10,34.48494531,-0.026074376,0.102966508,0.376930334,0.621092192
SNTA1,115.7850441,-0.044365905,0.094431429,0.377311556,0.621640237
APOL1,434.1838891,0.044938367,0.093405242,0.377742331,0.622199276
C2CD5,1539.711181,0.046163279,0.06531038,0.377748203,0.622199276
GOLGA8O,28.33771412,-0.007657045,0.103124906,0.377772881,NA
TRIM9,12.75886802,0.013930678,0.103171305,0.377836983,NA
RASSF5,2933.875543,-0.041430467,0.056043592,0.377959438,0.622388244
MST1P2,19.90227622,-0.019876615,0.103225078,0.37799996,NA
RIMKLB,436.9205197,0.045091537,0.092841604,0.378025357,0.622388244
SLC16A6,151.0700986,0.038789655,0.099656943,0.378042628,0.622388244
ZNF713,97.21395149,-0.033529407,0.101732608,0.378064722,0.622388244
GNG2,1510.543927,0.038040696,0.100120088,0.378106335,0.622388244
MRPL10,1106.915463,-0.046908892,0.081761068,0.378232923,0.622516468
UBE2Q2P13,7.52041715,0.013224448,0.103198544,0.378271463,NA
ANAPC1P4,83.6106812,-0.039300942,0.099238356,0.378405299,0.622720009
IKZF1,3265.777912,-0.043369315,0.060033959,0.378506222,0.622779793
SORD,570.488124,0.047021297,0.077170973,0.378539051,0.622779793
NUTM2E,550.9757826,-0.046395119,0.079445082,0.378652339,0.622886021
SEMA4B,988.4679962,-0.047159427,0.073840449,0.378849719,0.623058103
RAD18,272.9944766,0.044134721,0.094560882,0.378873405,0.623058103
CNIH1,1810.729135,0.04814231,0.076340741,0.378903149,0.623058103
DROSHA,1130.388211,0.044625925,0.066391168,0.379124454,0.623341839
C1QTNF1,8.816997829,-0.013551704,0.103181066,0.379138543,NA
VSIG10,342.7967898,-0.047285784,0.085372211,0.379203744,0.623392037
LSM7,856.4122916,0.047231652,0.06660122,0.379492005,0.623724338
ARMC9,669.3820449,0.047136425,0.086736893,0.379503451,0.623724338
PRKCD,7432.811815,0.034282357,0.041670199,0.379610866,0.623820684
PISD,1814.319164,0.045557435,0.066939112,0.379748572,0.623966778
CCDC77,301.4722055,-0.042599256,0.095998992,0.380193696,0.624617888
PSMD9,1209.467722,0.044442508,0.064577883,0.380366836,0.624822047
KLF11,568.8987698,0.045746964,0.066821606,0.380753733,0.625317032
RPUSD2,283.7731353,0.047502123,0.084355685,0.380765983,0.625317032
ADAM11,11.23768464,0.014782221,0.103211595,0.380888513,NA
BAIAP2L2,30.98338386,-0.028031706,0.1026677,0.380933281,0.625463832
SMARCA4,4185.095469,-0.044325974,0.063401325,0.380953215,0.625463832
ABI1,4025.408394,0.040027818,0.05339366,0.381167747,0.625711537
PNKP,1260.536015,-0.043327966,0.060769781,0.381229808,0.625711537
DZIP1,36.80528503,0.02076902,0.103089859,0.381254035,0.625711537
ANKRD37,52.36021306,0.033081221,0.101795268,0.38129985,0.625711537
USB1,2056.179344,-0.046774938,0.073454193,0.381407543,0.625807936
ARSK,234.8046641,0.047092077,0.087163543,0.381499016,0.625877701
TMSB15C,7.299296493,-0.014408328,0.103191804,0.38159891,NA
POLL,820.6096614,-0.046554317,0.070676117,0.381614086,0.625959696
RBM15,457.2174561,-0.047179822,0.084565526,0.38165551,0.625959696
STX11,1129.307041,-0.040939676,0.055720767,0.381729733,0.625959696
HLX,1108.95092,-0.043067409,0.060340462,0.381744838,0.625959696
NUDC,2121.914138,0.039483974,0.050966286,0.381896802,0.626128573
SNX9,3049.669673,-0.03539277,0.044958018,0.382095194,0.626293024
PCDHA3,9.72875417,0.015282134,0.103202278,0.382103462,NA
DNAJA2,2266.230267,0.037686545,0.048940253,0.382138466,0.626293024
C12orf43,487.8498128,0.045583744,0.067279204,0.382169737,0.626293024
GATAD2B,1609.185067,-0.046466056,0.088242297,0.382197742,0.626293024
ZNG1C,526.4429636,0.046892572,0.077706888,0.382263387,0.626293024
CABLES2,294.0736884,-0.04668093,0.086699708,0.382291026,0.626293024
PCYOX1L,359.4201177,-0.047281344,0.08300917,0.382456943,0.626432033
PDXK,8316.875637,0.036815254,0.048792798,0.382473871,0.626432033
ODF2L,382.6703742,-0.045381604,0.091061131,0.382563484,0.626498546
MRPL28,1141.902027,-0.041936581,0.057697495,0.382665721,0.626582398
C16orf87,346.1183064,0.045671471,0.089039232,0.382716404,0.626582398
CH25H,615.6044938,0.045568611,0.090992347,0.382761715,0.626582398
HELQ,270.8116774,-0.046890917,0.086693371,0.383117801,0.627085019
ERMARD,436.7041619,0.046871315,0.078102806,0.383567413,0.627598257
CCNA1,80.03262332,0.037097884,0.100077265,0.383609657,0.627598257
CDC37,7839.496107,0.026749377,0.03655552,0.383629194,0.627598257
NUP160,1503.540224,0.046314089,0.07016903,0.383678131,0.627598257
MAN2A1,2617.265258,-0.037831528,0.049487362,0.383715346,0.627598257
TOPBP1,1505.71071,0.044977788,0.065267287,0.383738632,0.627598257
MCM5,3522.034926,-0.042808458,0.060033781,0.383800454,0.627598257
RAB40B,301.5300616,-0.047149755,0.080955442,0.383824073,0.627598257
TIGD4,11.48723763,-0.014765664,0.103179355,0.383843682,NA
MACROD2,39.43018485,-0.02618243,0.102222181,0.383874123,0.627599829
LRRC19,16.85421921,0.017031913,0.103146214,0.383991741,NA
ATXN7L1,492.2253717,-0.046398366,0.088330944,0.384002688,0.627625863
ZNF629,1285.03315,-0.041059392,0.055765133,0.384044583,0.627625863
COX7A1,11.50601897,0.01862642,0.103189994,0.384045856,NA
EIF2S3,5897.661288,0.042886123,0.060409893,0.38408069,0.627625863
PLEKHA4,72.45505705,0.036567869,0.100356387,0.38408641,0.627625863
PHPT1,1875.567895,0.037060145,0.048054274,0.384165088,0.627650545
HMGN1,4452.887271,0.046042582,0.064684409,0.384304658,0.627650545
CHCT1,15.70737392,-0.016312215,0.103139065,0.384313832,NA
ARMH3,1154.790174,0.043135074,0.062087772,0.38432377,0.627650545
ANKRD13B,88.36888776,-0.037601926,0.099605796,0.384340299,0.627650545
HIP1R,25.8180499,-0.021802368,0.103029173,0.384340694,NA
PARP16,212.0317108,-0.043909736,0.094137314,0.384346978,0.627650545
HEPH,11.44834362,0.015238482,0.103185021,0.384377278,NA
SLC22A31,6.948672442,-0.013895849,0.103164236,0.384592152,NA
TCF23,17.15704492,0.022221357,0.103091233,0.384681019,NA
NCR3LG1,208.5131829,0.044133231,0.093411859,0.384792058,0.628297122
NOX1,13.87928675,-0.017226748,0.103141361,0.384825952,NA
FHOD1,3402.2232,0.048015908,0.064110616,0.384860941,0.628329348
OR2A7,23.71017848,0.02281694,0.103074173,0.384891482,NA
CARNS1,56.40841219,-0.024031968,0.102888572,0.384915562,0.628338286
OSBPL3,1683.684944,0.042096629,0.058087706,0.385234088,0.628777967
MPDU1,1990.764655,0.042605413,0.058673081,0.385306725,0.628816247
SUMO2,4424.652045,0.039798446,0.055251376,0.385404284,0.628895185
ZNF280B,78.8565249,0.037624357,0.099592073,0.385603456,0.62913989
LRRCC1,125.1953806,0.043401041,0.094287089,0.38602913,0.629708463
C1orf162,796.6709556,-0.042853928,0.060957112,0.386050444,0.629708463
FAM238C,7.821785553,-0.015489559,0.10316974,0.386060589,NA
SLFN14,25.21648394,-0.024861318,0.102832804,0.386097615,NA
MZT2B,2068.120576,0.038606921,0.051330223,0.386279099,0.630001056
SDC1,198.503059,0.038569624,0.099292019,0.386492297,0.630174697
RGL4,340.8799102,-0.046032234,0.08759683,0.386588546,0.630174697
COMMD10,575.7379787,0.046480025,0.074290754,0.386609661,0.630174697
MALSU1,410.1167553,0.046866774,0.078598535,0.386615406,0.630174697
SEPTIN8,1181.204554,0.039943053,0.054067496,0.386632016,0.630174697
EXOC8,696.2507611,-0.043849194,0.063553405,0.386764639,0.630310505
FAM153A,23.81392555,0.013078232,0.103107003,0.386781313,NA
C7orf25,246.5254453,0.042044569,0.095902277,0.386822606,0.630324627
ERN2,12.83876665,-0.01889442,0.103100013,0.386853678,NA
SPIN4,266.2228533,0.04647556,0.083700235,0.386938485,0.630370358
ENPP4,442.8906055,-0.046511362,0.074436934,0.386949282,0.630370358
MAP4,6401.90412,0.037380948,0.048766625,0.387104439,0.630535029
PGS1,984.6749432,-0.044183945,0.064525576,0.387149001,0.630535029
CEACAM4,11.49275429,-0.017448945,0.103122288,0.387206671,NA
SPDYE11,15.2453312,0.005522627,0.10309649,0.387231003,NA
SPDYE9,15.2453312,0.005522627,0.10309649,0.387231003,NA
TBC1D19,43.6973031,0.029616236,0.10220931,0.387256484,0.630629748
LPL,10996.56678,-0.045274067,0.071262465,0.387436526,0.630842587
AGO3,986.6376575,0.046614974,0.080682812,0.387571361,0.630925542
BRI3BP,850.7144343,-0.046673743,0.073262816,0.387619231,0.630925542
ACAP2,3375.603442,0.04086683,0.056128995,0.387635521,0.630925542
RBM41,748.182101,-0.045359826,0.069233454,0.387693121,0.630938971
ZGPAT,1167.140455,-0.043765921,0.064378403,0.387743308,0.630940333
WDR12,662.3737758,0.044815478,0.089033743,0.387825625,0.63099397
CENPI,233.9351229,0.036748654,0.09995499,0.387883691,0.631008142
SNF8,1615.350521,0.041787596,0.057471238,0.388051253,0.631097276
C15orf61,135.7688599,-0.040976752,0.09673143,0.388097424,0.631097276
ATP2A1,31.6533518,0.018071537,0.103120869,0.388118506,0.631097276
ARF4,3438.121382,0.041404161,0.056348753,0.388135931,0.631097276
CTSB,173591.6367,0.023837193,0.04564747,0.38836651,0.63139189
KCTD3,570.7161082,0.045987497,0.086218313,0.388441717,0.631433866
RABL6,4278.256077,-0.03990213,0.054633241,0.388546325,0.631523617
SPECC1,1312.132863,-0.041813578,0.058852074,0.388690864,0.631601345
RELCH,1029.362253,0.045173537,0.069088516,0.388692951,0.631601345
CARNMT1,464.300492,0.045356516,0.07752653,0.388795868,0.631688292
AGAP5,289.9890781,-0.044927244,0.090460597,0.388913576,0.631784573
NFS1,533.565094,0.045359709,0.078029658,0.38895396,0.631784573
USP32P3,22.09623895,-0.023527177,0.103035545,0.389019731,NA
PLCD1,300.2416218,-0.046684942,0.083978856,0.389139401,0.631938838
SELENOH,1822.538614,-0.042644905,0.061082751,0.389195741,0.631938838
C19orf12,1041.0018,0.043833763,0.06428564,0.389201383,0.631938838
POT1,410.9969449,0.045155216,0.089078777,0.38932223,0.631938838
LAMTOR3,1378.171767,0.046388305,0.079081957,0.389325749,0.631938838
SLC27A5,159.5435734,-0.042985711,0.094052038,0.389345501,0.631938838
SAMD10,155.4692503,-0.043723156,0.092886426,0.38949761,0.632105476
CADM3,12.62676273,-0.015895121,0.10313925,0.389547894,NA
RADX,56.7224715,0.024714682,0.10279053,0.389878282,0.632642954
LGSN,14.17192084,0.019578139,0.103088608,0.390105478,NA
ADGRB1,25.97298484,0.015526575,0.103130558,0.390158851,NA
SRF,1676.447093,0.036604092,0.048884564,0.390280346,0.633210741
PUM2,2824.191436,0.036794188,0.048467922,0.390327247,0.633210741
PDGFA,357.2586895,-0.045538865,0.087713419,0.390541791,0.633383292
AKTIP,314.4509108,0.045846049,0.086480566,0.390563819,0.633383292
MAP3K13,409.8279763,0.046342833,0.07739683,0.390582235,0.633383292
COL11A2,20.81012984,0.020822519,0.103058509,0.390770621,NA
ICA1L,64.68577627,-0.025822336,0.102638721,0.390794557,0.63364723
KATNB1,669.7845777,-0.043077812,0.062628364,0.390928171,0.633766923
ZNF468,304.4026179,0.045166656,0.088055316,0.390967518,0.633766923
NIPSNAP3A,902.1549241,0.045882942,0.073123525,0.391113893,0.633923824
OSMR,21.50151417,0.016695544,0.103049305,0.391321862,NA
POLG2,324.1282602,0.046331012,0.082275005,0.391364341,0.634199722
STK3,355.6702913,0.046273054,0.082684173,0.391383325,0.634199722
C1orf122,1453.030979,-0.046352872,0.082181914,0.391486842,0.63428707
GOLGA8J,12.12724717,-0.015475494,0.103117916,0.391628805,NA
DNM2,11492.08782,-0.040045989,0.054791782,0.391681206,0.634521568
RAB3D,32.20366439,-0.024342883,0.102765284,0.391922237,0.634831597
COMMD6,663.8655056,0.045870312,0.084911944,0.392038734,0.634939854
FUT9,6.98510359,0.013280609,0.103132673,0.392139356,NA
PHOSPHO2,33.5775246,0.027101016,0.10247674,0.392226902,0.635164147
ZNF785,397.4547704,-0.047500379,0.079678692,0.39232645,0.635244891
CALCOCO2,954.6730801,0.04755286,0.07887769,0.39250484,0.635453258
UNC93B2,8.223651203,-0.014125432,0.103123815,0.392691816,NA
FOLR3,59.29739408,-0.033274813,0.101076981,0.392743771,0.635758457
DDX51,638.6067068,-0.049204316,0.080598704,0.392829602,0.635758457
FUT4,1023.77935,0.044432715,0.067541354,0.392855011,0.635758457
PIN4,507.265695,0.0455372,0.086657571,0.392892262,0.635758457
NOTCH2NLB,138.9931121,0.039084843,0.098029031,0.393135583,0.636071682
ADAP2,3215.854889,0.037651528,0.050517673,0.393226684,0.636073086
NUDT19,420.155695,0.046207564,0.077195383,0.393256621,0.636073086
CASP12,35.03503679,-0.029818414,0.102120674,0.393314285,0.636073086
ARL17A,667.7115671,0.044928868,0.075413704,0.393335457,0.636073086
FYB2,8.618504286,0.015914178,0.103126189,0.393412832,NA
RING1,1968.572814,-0.03632666,0.048253804,0.393511312,0.636276986
PDCD6IPP2,14.51112441,0.020279463,0.103026412,0.393527315,NA
HMOX2,1597.560728,-0.042556424,0.061852203,0.393586584,0.63631822
CAB39,3824.620054,0.039662398,0.054790595,0.393731442,0.636379403
ELK3,1641.217236,-0.038259549,0.052419374,0.393799793,0.636379403
DHX35,516.7925081,-0.043967112,0.066334352,0.393800322,0.636379403
BPGM,220.0756068,0.045929223,0.083240912,0.393823531,0.636379403
ZC3HAV1L,68.68521874,0.03523288,0.100281416,0.393907395,0.636434481
NUDT13,121.47054,-0.042819407,0.093586548,0.394052496,0.636543119
CSNK1E,1404.098155,0.042418381,0.060976763,0.394074211,0.636543119
SETBP1,14.40472302,-0.017847617,0.103024773,0.394105198,NA
SLC30A5,1607.744029,0.043992299,0.066592366,0.394329686,0.63687532
SELENOW,1841.425385,0.03464515,0.048065458,0.394425967,0.636950359
KLF1,12.76251873,-0.017505867,0.103071846,0.394567809,NA
MAGI1,544.3600165,0.04582487,0.084750867,0.394643314,0.637156451
FKBP5,3107.914453,0.043306801,0.061928238,0.394670869,0.637156451
TSPAN5,42.91356801,-0.031056477,0.101570865,0.394703097,0.637156451
MGP,12.33697541,-0.01542351,0.103072047,0.394840368,NA
DGKE,109.7748096,-0.034887876,0.100186871,0.394895993,0.637319455
SULT1A3,493.5699141,-0.045501441,0.085620242,0.394903772,0.637319455
MRPS31,306.448165,0.045402019,0.084487978,0.39499111,0.637369556
UBQLN1,3768.660009,0.037151268,0.050076079,0.395034522,0.637369556
SUPT20HL2,29.25587326,0.025693713,0.10259558,0.395165292,NA
FAM98C,393.9382808,-0.042609811,0.093652012,0.395208125,0.637562702
SPTLC3,138.3806721,-0.037802084,0.098642102,0.395285902,0.637562702
SP4,117.2633307,-0.029559051,0.101818954,0.395303836,0.637562702
PCDHA2,14.76810031,-0.018275085,0.103030689,0.395314926,NA
NONOP2,53.61704747,-0.034239072,0.100510109,0.395446329,0.637639643
LZTR1,1941.476457,0.045055273,0.069932791,0.395470585,0.637639643
POLE3,1566.348351,-0.039131153,0.0540562,0.395501163,0.637639643
CCNI,5047.715509,-0.037620913,0.054143017,0.395692206,0.637867212
TSTD3,211.7841058,0.045000509,0.084333881,0.395874597,0.638003253
GLT8D1,818.798593,0.042758238,0.063943517,0.395925623,0.638003253
RAD50,1466.612727,-0.043851599,0.066928665,0.395926305,0.638003253
ABHD2,12693.3008,0.033931498,0.042495494,0.396319324,0.638556088
NPLOC4,4210.968515,0.038201501,0.052160161,0.396521518,0.638801362
UNC79,29.0931579,-0.028451615,0.102116095,0.396608569,NA
RXRA,5629.891589,-0.036905603,0.050469115,0.396726561,0.639051163
PNPO,1914.522895,-0.03956678,0.055104184,0.396798397,0.639086357
FAM133B,459.1573109,0.044443436,0.076689705,0.396901671,0.63909258
MUC1,126.3089851,-0.035931818,0.099596575,0.396902236,0.63909258
LMLN,574.8297199,0.045694855,0.082570119,0.397026218,0.639211711
RGS2,170.8748922,-0.044298402,0.090983964,0.397076628,0.639212377
RAB5A,1670.04687,0.043491363,0.066022945,0.397135422,0.639219967
SLX4,720.2698151,0.043926358,0.067592425,0.397181339,0.639219967
DOLPP1,329.4497538,-0.045681778,0.078546248,0.397253267,0.639235921
LRATD2,492.4306588,-0.045952596,0.08384882,0.39729125,0.639235921
PRAP1,16.28537182,-0.021663039,0.102866809,0.397388952,NA
MSS51,67.88021105,-0.034697466,0.100382874,0.397534471,0.639546773
HIP1,76.68578131,-0.024450467,0.102578996,0.397609073,0.639586311
USP41P,6.64360172,0.011161939,0.103113413,0.3976336,NA
GRIN2C,14.55228012,0.018940323,0.103016142,0.397850914,NA
AP1G2,2364.14192,-0.044517444,0.070649172,0.397921679,0.640008639
IFITM3P6,10.03629377,-0.014216468,0.103076556,0.397962387,NA
TOX2,13.41321181,0.017988733,0.103035839,0.398012805,NA
MRPL47,717.5957041,0.045643822,0.081419093,0.398061154,0.640152434
HNRNPL,11136.50462,-0.033435836,0.042081289,0.398265575,0.640400625
PCDHGA8,18.86455716,0.021468288,0.102899898,0.398434873,NA
EXOSC1,486.3139374,0.045089539,0.0729444,0.398448906,0.640528355
ZNF599,58.44873175,-0.035246463,0.099777587,0.398470537,0.640528355
PRPF39,584.3311455,0.045257015,0.085399981,0.39855453,0.640528355
SRGAP3,239.1389966,-0.043939109,0.090083763,0.398578921,0.640528355
PTCH2,108.1606689,-0.038267699,0.097772534,0.39859551,0.640528355
SAAL1,258.0959591,0.045333135,0.086532088,0.398746312,0.640690159
MR1,2320.699765,-0.041370086,0.060073094,0.398819723,0.640710092
FAM185BP,23.28804203,0.024558107,0.10264241,0.398852289,NA
PARGP1,36.42389491,0.030277936,0.101683187,0.398858946,0.640710092
KIF28P,13.98510743,-0.019486735,0.10295558,0.398888471,NA
E2F8,323.0066043,0.045219597,0.084818259,0.39897535,0.640816563
RAB14,4828.488123,0.037006533,0.04915212,0.399159592,0.640887899
LMBR1,540.3119117,0.045658267,0.080089725,0.399162402,0.640887899
TRMT13,329.7148235,0.044897987,0.087513325,0.399170148,0.640887899
LSM12P1,158.6312242,0.040144914,0.096319407,0.399351866,0.641099147
SEC24C,3895.19605,-0.031535244,0.040716712,0.399764023,0.641656647
EXOSC10,2229.75034,0.039149776,0.056342225,0.399799519,0.641656647
NPIPB11,1158.803992,-0.041388286,0.060602164,0.399894135,0.641727943
ZSWIM3,140.654677,-0.042206268,0.093761601,0.400014761,0.641809146
AKAP11,1979.852624,0.039629529,0.056150322,0.400045138,0.641809146
METTL25,143.1212536,-0.037040538,0.098694071,0.400106277,0.641826694
GSKIP,602.2208286,0.043622721,0.065742463,0.40030571,0.642066052
USP5,2733.035511,-0.041519753,0.060171751,0.40047505,0.642257089
SLC25A44,1138.072481,-0.043440624,0.067366497,0.400551013,0.642286245
STX10,2063.51252,-0.036831305,0.050251163,0.400607833,0.642286245
SENP5,1275.783398,0.043907988,0.067575263,0.400643943,0.642286245
IGSF6,7449.699461,-0.036504302,0.049584437,0.400717096,0.642322977
IL1R2,13.83201793,0.017476821,0.103014855,0.400821551,NA
TMEM145,28.05089643,-0.019509136,0.102926918,0.400844374,NA
CFAP263,44.19675325,0.026863425,0.102290938,0.400864559,0.6424788
FUT8,834.3136031,0.044575175,0.07578207,0.400928014,0.642485045
HLCS,581.8771464,0.045116155,0.074597273,0.400968962,0.642485045
RUBCN,2114.301549,0.036769545,0.048821295,0.401053927,0.642487017
SLC22A15,561.6666086,0.045323074,0.078687574,0.401118219,0.642487017
ERI2,533.2176012,0.045335053,0.079707445,0.401139146,0.642487017
RNF126,1105.384239,0.040886843,0.058950787,0.401190776,0.642487017
RUSC1,896.7219324,0.044248953,0.070175544,0.401221458,0.642487017
WHAMMP1,76.02991671,0.037999489,0.097957834,0.401347711,0.642592419
DPP3,2462.392244,-0.040013161,0.057508271,0.401387803,0.642592419
AGRN,7895.968217,-0.044252348,0.071279508,0.401616071,0.642877359
FAM47E-STBD1,16.12133989,0.017874983,0.103011184,0.401643277,NA
MYO7B,35.76945079,-0.020845178,0.102825219,0.401716645,0.64295785
ASCC2,1903.594454,-0.044642543,0.065688961,0.401979264,0.643297646
OAT,3062.587885,0.036936529,0.050967243,0.402049888,0.643330139
ODCP,8.300845549,0.014768034,0.10307156,0.402156987,NA
PPIB,7052.12027,0.041003032,0.058607022,0.402278339,0.643522769
OR10G3,69.56762105,-0.032884052,0.100776247,0.40230706,0.643522769
ZC3H6,408.2017791,-0.041259473,0.093346188,0.402321274,0.643522769
NCMAP,20.17496195,-0.023607381,0.102607796,0.402376274,NA
BCAR3,851.3534624,-0.044659079,0.068859309,0.402795167,0.644200176
ZFP1,158.3415472,-0.036701135,0.098577714,0.403005407,0.644426361
MSRB2,380.2039727,-0.045064016,0.084854644,0.403037402,0.644426361
TECPR2,893.6343375,-0.044521027,0.084045592,0.403236182,0.644570106
ZNF747,447.7824231,-0.045175233,0.079875824,0.403251499,0.644570106
DNTTIP2,1343.790758,0.044043882,0.071284069,0.403288329,0.644570106
POU2F1,1047.697986,-0.043235646,0.06698839,0.403371153,0.644570106
VCF2,100.3996362,-0.039286435,0.096708144,0.403379383,0.644570106
MROH8,42.39891574,-0.029293159,0.101613661,0.403489165,0.64464612
GNAI1,196.887502,0.038957114,0.096885105,0.403558659,0.64464612
KNOP1,568.4152284,0.044834135,0.083856296,0.40357822,0.64464612
ARRB1,7672.249471,-0.038437801,0.06791835,0.403633332,0.644653611
RABL2A,376.3321187,-0.046087073,0.078659842,0.403721609,0.64471406
CBFB,2733.390626,0.045878236,0.060008533,0.403842933,0.644827263
ZNF343,199.4800901,0.042125672,0.092811546,0.404159151,0.645251592
PAXX,405.4342146,-0.044303655,0.078134296,0.404221846,0.645271107
LAG3,23.76215559,-0.023596677,0.102593621,0.404252565,NA
MFSD6L,10.51585665,-0.015580834,0.103020549,0.404295591,NA
DMGDH,8.356634969,-0.013458132,0.103036617,0.4042957,NA
TCEAL8,1218.067622,0.042057941,0.065259056,0.404378137,0.64544001
CCDC15,62.21534936,-0.032763285,0.100497964,0.404619094,0.645743991
CUTALP,28.88267212,0.024354605,0.102521608,0.404708801,NA
POLR2L,1574.894757,0.040183908,0.057723345,0.404721501,0.645826808
LPCAT4,784.114752,0.044175525,0.072036905,0.404938624,0.646012483
MAPK8,576.2816856,-0.044520538,0.080635277,0.404938916,0.646012483
GOLGA6L22,18.8110524,0.02092469,0.102817137,0.405236871,NA
HINT3,1363.701172,0.0401672,0.058913358,0.405347212,0.646583169
CD160,16.27802549,0.015658305,0.103017405,0.405519502,NA
DHRS4L2,353.3232098,-0.043663288,0.087824817,0.405538937,0.64670111
KIF3A,207.964928,0.037486342,0.097822261,0.405555949,0.64670111
HUWE1,9330.289686,-0.033130164,0.043998673,0.405611989,0.64670111
PIGA,271.6295737,0.043017061,0.091166478,0.40562348,0.64670111
CHKA,1006.489529,-0.041859976,0.065514462,0.405796567,0.646871735
COL12A1,74.93272788,-0.028399898,0.101809742,0.405831692,0.646871735
CCS,704.3593672,-0.043697785,0.069984768,0.406020323,0.647091727
ZNRF2P1,20.43969922,-0.020185192,0.102801657,0.406044563,NA
POMT2,747.4375109,0.044707113,0.081933187,0.406203825,0.647303491
RPS15,7854.701544,-0.034518346,0.046969207,0.406261459,0.647313807
SRR,199.0692764,0.043368127,0.089606009,0.406355915,0.647313807
PPP2R5B,566.4044022,-0.044312103,0.084892485,0.406370215,0.647313807
SLC20A2,1020.837121,-0.040103483,0.058540912,0.406412822,0.647313807
GLUD2,17.51811592,-0.021013517,0.10275087,0.406697484,NA
CENPA,312.0313955,-0.044830187,0.077701308,0.406840555,0.647802229
EIF1AD,721.7421052,0.044286024,0.07241189,0.406849738,0.647802229
SYMPK,2787.50656,-0.041778022,0.063094499,0.406871482,0.647802229
ARSG,239.6469329,-0.044112776,0.083261487,0.407147197,0.648104654
DAXX,1792.133889,0.04308873,0.068318061,0.407162815,0.648104654
ENOX2,473.1077309,0.043533664,0.06962295,0.407395007,0.648319112
PPP1R35,497.1149623,-0.0447779,0.07763206,0.407398964,0.648319112
KIAA1755,18.545866,0.010015484,0.103046508,0.40742689,NA
PAQR6,57.9153611,-0.032093454,0.100655724,0.407524315,0.64843788
FAM228A,8.098625794,0.012371923,0.103049499,0.407736381,NA
ITGB1BP2,13.25224688,-0.019091361,0.102776539,0.407987089,NA
SLC25A12,439.2605796,0.044489288,0.082823707,0.408002084,0.648968357
TOR1AIP1,2133.253904,-0.040654093,0.060374182,0.408092442,0.648968357
PHF10,687.4127106,0.042371071,0.065079442,0.408104203,0.648968357
LPAR1,485.1292991,0.044151572,0.082446742,0.408109084,0.648968357
KRTCAP2,1416.232689,-0.037887115,0.052638283,0.408208027,0.648968357
RAB17,55.28432878,0.026126696,0.102156514,0.408214416,0.648968357
OPA1,1749.630893,0.04325587,0.068483197,0.408226563,0.648968357
MAP3K3,2790.398364,-0.031882385,0.045489387,0.408263785,0.648968357
ABHD12B,38.25226218,-0.028870493,0.101553847,0.408359971,0.649033217
TECTA,14.71483042,-0.018650532,0.102845039,0.408367668,NA
SMARCA5,3270.718629,0.045703707,0.072828117,0.408406119,0.649033217
RAB11FIP4,743.3479389,0.044147708,0.071832484,0.408507829,0.649087961
SMYD5,479.8143435,0.044675525,0.08135505,0.408542106,0.649087961
OR2L3,10.35090819,0.015712162,0.103004079,0.408702016,NA
FLAD1,826.4223668,-0.039134396,0.056557714,0.408765856,0.649253629
TRANK1,1315.494714,-0.044526163,0.077552057,0.408794221,0.649253629
CALB2,11.56419698,-0.015891388,0.102962401,0.408862897,NA
ZNF862,310.6520281,-0.041215098,0.093234998,0.40887308,0.649253629
DGKD,502.6332278,0.041732076,0.091940595,0.408907999,0.649253629
INTU,402.4517923,0.040748365,0.092143239,0.408934226,0.649253629
GPR107,3430.32338,0.041395399,0.058327795,0.408951074,0.649253629
PIANP,12.84353643,-0.018784748,0.102845522,0.409247378,NA
MS4A6E,9.048658963,-0.014912574,0.103000173,0.409258968,NA
RANBP2,5916.949839,0.036816387,0.051335255,0.409275148,0.649619335
NEFH,735.1184489,0.043152662,0.069551278,0.409283046,0.649619335
CDYL,1384.960404,0.042206043,0.061900839,0.40942353,0.649761647
UIMC1,530.340854,0.046705581,0.086777233,0.409516574,0.649828645
SLC6A9,80.59533828,0.034783281,0.099349759,0.409635902,0.64993733
SAMD12,98.37425275,0.037342507,0.097704747,0.409771731,0.650072166
PPP2R2B,13.60860763,0.016685057,0.102916779,0.409944992,NA
MAOA,282.8311649,-0.042661299,0.090346507,0.409992307,0.650341395
RSBN1L,915.5030505,0.04369151,0.071625707,0.410051455,0.650354528
PRKAG1,1550.743054,0.038078456,0.055857983,0.410302255,0.650671586
ZNF727,8.329237179,-0.013590762,0.103011698,0.410332694,NA
SPATC1,17.81955794,0.019976883,0.102786737,0.410389197,NA
EFCAB6,18.22298931,0.017536394,0.102910472,0.410402832,NA
TLCD1,32.26516869,0.026707423,0.10200746,0.410481714,0.650875445
KCNV1,24.40366152,0.022448972,0.102613213,0.410599361,NA
CXCL2,71.09649139,0.030444467,0.101094392,0.410653833,0.650915383
STARD10,437.5671283,-0.044052189,0.083665179,0.410654238,0.650915383
CLCNKA,31.06773804,-0.018366356,0.102758225,0.410659639,0.650915383
ZNF248,80.92926315,0.030593854,0.100913552,0.410720149,0.650930594
BDH2,406.6300672,-0.044210414,0.080979903,0.410797823,0.650953097
PPIP5K1,1169.208194,-0.044021608,0.074188312,0.410836178,0.650953097
NEDD1,506.7026155,0.04435004,0.076833277,0.411373777,0.651665067
POU5F1,17.0650978,-0.015769139,0.102957234,0.411382894,NA
HTR7P1,94.6267262,0.038154918,0.096363886,0.411396648,0.651665067
WDR31,70.2933545,-0.032941798,0.099996525,0.411438438,0.651665067
PRDX6,3249.41811,0.040456699,0.060663049,0.411610893,0.651806784
ADGRE5,5670.582738,-0.037421485,0.053811044,0.411629877,0.651806784
SCX,134.6596799,-0.03731838,0.097442052,0.411709902,0.651852768
CCR7,18.54879949,0.019963997,0.102762087,0.412054558,NA
NEK10,37.8578036,0.022013691,0.102591473,0.4120885,0.652371406
HIPK3,3954.701774,-0.041521073,0.06534716,0.41221652,0.652493279
MFAP3,853.4291165,-0.043341839,0.071765548,0.412305772,0.652553763
RSRC1,706.0484817,0.041917247,0.064902136,0.412410693,0.652639029
SNTN,14.67747674,0.016301688,0.102919795,0.412436532,NA
CCR4,15.38176441,-0.019555719,0.102764641,0.412456184,NA
PLEKHB1,30.17309304,-0.023734844,0.102327311,0.412537766,NA
LPCAT1,1324.740043,-0.03902182,0.057111062,0.412814259,0.653117545
SNX3,7116.774734,-0.032789722,0.044393307,0.412815243,0.653117545
TMIGD3,2312.141075,-0.043834125,0.064163493,0.412898842,0.65316898
PRELID3A,441.8220945,-0.043462973,0.073079248,0.413226802,0.653575094
TSPEAR,107.0414881,-0.035869288,0.098219131,0.413257807,0.653575094
SCN2A,61.17407489,-0.031421823,0.10131524,0.413446926,0.653792462
DACT1,97.03229834,-0.034576043,0.099131717,0.413522431,0.653792462
GGA3,2526.286866,-0.040766039,0.062809146,0.413548662,0.653792462
FAM8A1,1326.169728,-0.039902504,0.059412861,0.413687924,0.653931764
NFATC3,1275.612983,-0.040815751,0.062217029,0.413746866,0.653944083
UBE2G1,1676.927998,0.035340195,0.049249325,0.413954562,0.654131903
ZNF230,113.4425884,0.035374883,0.098615671,0.413968027,0.654131903
MEFV,22.35108268,-0.01736246,0.102833994,0.413980716,NA
FBXO15,316.1361952,-0.043763391,0.082826161,0.414116179,0.654285139
GLB1L3,34.8941261,0.026794041,0.101682672,0.414214497,0.654359613
MPV17,2055.996952,-0.033519725,0.045967894,0.414357456,0.654430886
FEM1C,954.0830172,-0.040730107,0.061073586,0.414361988,0.654430886
NRXN2,9.116189451,-0.013427221,0.102990996,0.41458862,NA
TPK1,539.6374409,-0.043457798,0.084651102,0.414681473,0.65477882
GIMAP1,1401.784466,-0.038046489,0.055149172,0.414684717,0.65477882
GTF2IRD2B,301.5082527,0.043847023,0.08144193,0.414770556,0.654833485
SREBF2,5106.431256,0.042401085,0.068662356,0.415055028,0.655201695
RCE1,601.8386452,-0.043136992,0.076058285,0.415139463,0.655254078
RBP7,22.62820875,-0.022795281,0.102492055,0.415159678,NA
FOXK1,1762.123212,-0.041028054,0.062907599,0.415322577,0.655423581
PROM2,47.88157072,-0.029029471,0.101226262,0.415421433,0.655423581
SCARB2,14110.22876,-0.036548642,0.052694711,0.41542553,0.655423581
FIGNL1,212.5715236,0.043259541,0.087367379,0.415476973,0.655423581
F2RL3,20.91510304,0.020581654,0.102665969,0.415492833,NA
MDC1,950.5306259,0.057465387,0.081842136,0.415503178,0.655423581
TTF2,913.2296405,-0.04369845,0.077800373,0.415575826,0.655457307
TRIM56,4088.792326,0.043729408,0.06158611,0.415857943,0.655821364
FBXL14,570.2883202,-0.043738803,0.077893246,0.41594518,0.655878037
COL4A3,20.51992306,-0.020873613,0.102557907,0.415973799,NA
ERVV-2,8.958673724,0.014987651,0.102974243,0.415998297,NA
GLT8D2,11.64332243,0.017360896,0.102867805,0.416079662,NA
ABCC10,1515.815164,-0.04299671,0.080109541,0.416151925,0.655956726
PDCD2L,98.41638174,-0.034879016,0.098575002,0.416313683,0.655956726
OSTM1,3272.731017,0.035773273,0.048714018,0.416317825,0.655956726
MINPP1,592.8739697,-0.043175564,0.068976957,0.416321244,0.655956726
NPIPB13,1439.519107,0.043397075,0.073844242,0.416322891,0.655956726
PDE12,1128.559631,0.036980219,0.053037229,0.416364081,0.655956726
GNS,13139.77517,-0.029979521,0.041934279,0.416397411,0.655956726
ERAL1,1006.36242,-0.043372261,0.074196998,0.416405537,0.655956726
RPL6P8,7.161204248,-0.012606674,0.103003554,0.41664194,NA
IFT74,328.4418109,0.043702692,0.077220008,0.416667512,0.656288548
TTC23L,14.49041716,0.017015523,0.102844268,0.416752166,NA
ANKRD1,8.785276757,0.015308391,0.102937556,0.416992394,NA
CLUAP1,298.6108856,-0.041141736,0.091399562,0.417196444,0.657040716
NHSL3,397.922843,0.043520517,0.08388737,0.417322957,0.657109101
MESD,1951.489578,0.034415402,0.048129301,0.417351593,0.657109101
CWC27,1044.161911,0.04150565,0.065337362,0.417394056,0.657109101
DAPK3,1210.017355,0.038706401,0.05763025,0.41798509,0.65788687
MFAP5,32.37797126,0.024565929,0.102124548,0.417991009,0.65788687
SEMA3G,42.18289748,-0.021197307,0.102477398,0.41813294,0.658029251
FMNL3,8497.103731,-0.034325951,0.047981891,0.418243777,0.658077186
DDX18,1787.970117,0.040694404,0.062838275,0.418266345,0.658077186
CA11,163.0299847,-0.038654888,0.095212201,0.418468514,0.658314255
MFSD4A,28.85281589,0.017606622,0.102827096,0.418547563,NA
CCDC88A,15839.41896,0.038696475,0.055719702,0.418620778,0.658472767
CC2D1B,1973.069072,-0.041651822,0.066329851,0.41867497,0.658476996
C4B,14.04279771,-0.017388604,0.102780671,0.418688704,NA
AGPAT3,3841.699817,0.033385315,0.046112424,0.418777229,0.65855681
C2orf81,11.07490453,0.015470801,0.10289233,0.419073211,NA
ZNF446,174.9517228,-0.03974643,0.093617563,0.41914158,0.659048715
PRORP,714.7989758,0.043277706,0.07599319,0.419199646,0.659058961
MTX3,333.4451866,0.04339055,0.080211818,0.419391962,0.659280245
ENOSF1,2286.978308,0.043131486,0.069947117,0.419490095,0.65929012
ZC2HC1C,72.39223071,-0.029835301,0.100714905,0.419546262,0.65929012
MBTD1,688.523103,-0.042968196,0.072402008,0.419552946,0.65929012
PLG,11.01761369,-0.015230231,0.102937787,0.419597263,NA
TAS2R30,7.888429006,-0.01437611,0.102938436,0.419614426,NA
ZNF669,86.11390167,-0.036617461,0.096978732,0.419624811,0.659322011
RAP1GAP,88.10260921,-0.034892504,0.09833055,0.419725488,0.659359649
AK8,11.98236254,0.014191764,0.102909151,0.419731342,NA
FPR3,1642.356686,0.043019242,0.07380759,0.419751911,0.659359649
CEND1,17.8136401,-0.017905686,0.102752191,0.419804818,NA
TAS2R14,27.89114984,-0.025057877,0.101987259,0.419809938,NA
ACTR3B,104.3921756,-0.036378907,0.097150937,0.419821575,0.659388063
MYO1A,14.0540039,0.014238652,0.102881642,0.41990128,NA
STRIP1,1425.03112,-0.037034546,0.053655386,0.420012434,0.659606802
XNDC1N,57.76340395,-0.030089462,0.100665081,0.420258615,0.659912355
SLC47A2,9.266536309,-0.014409767,0.102931475,0.420258833,NA
FAM9C,10.9414883,-0.01095417,0.102942895,0.42034268,NA
CCDC85C,274.6959959,-0.032296905,0.099829711,0.420414573,0.660076178
CMTM8,9.286220911,-0.015044385,0.102898277,0.42041939,NA
GGT5,17.28918195,0.016955144,0.102817165,0.420629434,NA
WDR77,1208.385632,0.035531646,0.055597826,0.420696296,0.660397288
FZD8,43.65308401,-0.03006923,0.100648075,0.420722402,0.660397288
APIP,1685.571701,0.039319576,0.059689648,0.42085769,0.66052855
ULBP2,152.4635899,0.039644427,0.093847038,0.420920111,0.66054543
DOCK3,869.5441141,0.043111757,0.083067043,0.42102383,0.660627108
DNAAF4,286.5646682,0.04258341,0.085506861,0.42113668,0.66072309
WEE1,353.9084563,-0.038333109,0.094318707,0.421267465,0.660847183
LRRN4,11.58612857,0.016721638,0.102833998,0.421448363,NA
HSPA1B,1230.105647,-0.042658834,0.075513145,0.421535697,0.661186835
STIMATE,1632.9168,-0.038324753,0.060776123,0.42177846,0.661438376
CNTLN,432.8537874,-0.042251309,0.070540298,0.421799537,0.661438376
SHPRH,610.3220909,-0.043083535,0.077464533,0.421859143,0.661450717
FKBP1B,213.396848,0.042862005,0.082452222,0.421966832,0.661464378
MAFG,2801.08502,-0.036745347,0.053593407,0.422055333,0.661464378
UTP6,2014.762184,0.042753544,0.071618795,0.422155255,0.661464378
PPP2R2D,915.5950251,-0.042659818,0.072896921,0.422157771,0.661464378
PRKAB1,714.0638545,-0.042922192,0.069267196,0.422197053,0.661464378
IBA57,374.2768765,-0.03692767,0.095962941,0.422201727,0.661464378
OR2AG1,12.81466848,-0.015022693,0.1028837,0.422214944,NA
TTC39C,394.3763513,0.040608429,0.091109085,0.422230019,0.661464378
RBPMS,26.09452742,-0.020970201,0.102446649,0.422347451,NA
ZNF253,111.9644957,-0.026088217,0.101673717,0.422360455,0.661556348
PDE6A,35.02643481,-0.025907113,0.101785675,0.422392215,0.661556348
CHRNG,8.188801786,-0.014573477,0.102895866,0.422468583,NA
PPFIA4,91.45212891,-0.027870161,0.101204368,0.422480288,0.661607647
NABP2,670.6405443,0.040064848,0.061524331,0.422556201,0.661607647
VPS4B,2163.13635,0.032762941,0.045639262,0.422580215,0.661607647
WDR45P1,10.72090502,-0.015649087,0.102856625,0.422589783,NA
ITIH5,32.35143533,0.026901222,0.101582695,0.422755139,0.661645082
PIN1,1809.084135,-0.036706303,0.053488589,0.422795286,0.661645082
ANXA4,3634.23753,-0.032270876,0.04479986,0.422830294,0.661645082
TIMM29,459.1986376,-0.043188213,0.075139094,0.422857632,0.661645082
COL18A1,256.524095,-0.041529993,0.088733942,0.422862884,0.661645082
SEMA3B,11.23713405,-0.016994578,0.102796592,0.42288631,NA
CYTH2,2420.692192,-0.035427812,0.051013929,0.423167771,0.66204111
PCSK6,449.0099433,0.04162952,0.088779816,0.423304394,0.662173826
SCN8A,25.04421599,0.023665233,0.102122911,0.423497134,NA
TUSC1,336.1713326,-0.043267871,0.076571919,0.423503703,0.662404556
CEP78,495.7300321,0.043320006,0.072718376,0.423583405,0.66243022
CCDC117,670.5673783,-0.041655196,0.068388499,0.423623737,0.66243022
THNSL2,120.2386754,-0.038699645,0.094490293,0.423742389,0.662522512
EEF1AKMT4,211.2105977,-0.042326066,0.085637427,0.423825729,0.662522512
ATP5ME,1384.43616,0.040210421,0.062212334,0.423838219,0.662522512
MGAT3,36.66209591,0.023212799,0.102175959,0.424282647,0.663081642
SLC16A10,1074.457652,-0.041831635,0.079826752,0.424299641,0.663081642
MTCO1P11,7.858244719,0.01294218,0.102962686,0.424315285,NA
GRK6,2675.686305,0.036221754,0.052286147,0.424455739,0.663244515
BICRAL,736.9385938,0.039317926,0.060378576,0.424577188,0.663353213
GPRC5A,57.13740635,0.031178299,0.100143698,0.424661903,0.6634045
NAA20,2462.53506,0.039542642,0.060370935,0.424823284,0.663575527
LZIC,831.5788907,0.042461494,0.076333308,0.424980597,0.663740157
SERPINB1,2366.871505,0.037290855,0.05491281,0.425039699,0.66375138
ZCCHC2,2556.875272,-0.039995889,0.062939148,0.425196026,0.663914411
FRMD8,1050.657622,-0.042184643,0.070635997,0.425273222,0.663953858
WFDC11,14.64789637,-0.018653167,0.102636885,0.425340924,NA
DIPK2B,29.18733443,0.025430196,0.101799725,0.425365951,NA
PERP,62.21877906,0.033496023,0.098868702,0.425454289,0.664155444
SLC23A1,10.69109903,-0.013891578,0.102911148,0.425551888,NA
LINC02210-CRHR1,8.671798482,0.013205412,0.102914929,0.425588518,NA
TMEM234,384.7416862,0.042761043,0.076539788,0.425653716,0.664385638
SIGLEC17P,13.06453925,0.016817343,0.102785816,0.425680489,NA
FAM168A,2175.488017,-0.037575631,0.062598784,0.42578088,0.664502997
SEC16B,89.99448132,0.034821171,0.098039057,0.4260483,0.664839194
IL7,25.53225179,0.020035396,0.102531078,0.426058457,NA
TOR1A,2214.008727,0.0342447,0.048169088,0.426199097,0.664993344
MED11,340.9477138,-0.044519325,0.077451468,0.426729398,0.665739518
SRCAP,3416.484113,-0.042790685,0.079341807,0.426902341,0.665928067
BDNF,16.72434874,-0.019226771,0.102573511,0.4269184,NA
BATF,56.21989216,-0.031475706,0.099760126,0.426999656,0.665983612
LST1,3503.523622,0.034138477,0.048789104,0.42708135,0.665983612
SMIM14,1588.462698,0.039463404,0.061811476,0.427094222,0.665983612
ZNF784,201.4441939,-0.041745454,0.086168224,0.427351497,0.666238166
SH3GLB2,1460.038227,-0.036705525,0.05445529,0.427361689,0.666238166
COX15,1247.443208,-0.041778915,0.063251952,0.427441637,0.666257893
VWA1,45.93015026,-0.028951526,0.100628115,0.427478568,0.666257893
SOX9,23.97004014,0.022920331,0.102170307,0.427674932,NA
SHE,177.5114149,-0.036889781,0.09577476,0.427694029,0.666452006
ZNF766,286.3818861,0.037107935,0.095123182,0.427707369,0.666452006
CAV2,20.23144825,0.020826485,0.102441978,0.428109537,NA
MTFMT,567.642171,0.041194391,0.069112621,0.428157176,0.667070309
FAM222A,45.58066561,-0.028522562,0.100909473,0.428208528,0.667070309
DNASE1L3,17.05806839,-0.019488682,0.102526743,0.428342369,NA
TRIM41,1957.941902,-0.038996284,0.059860572,0.428448119,0.667362232
DDIT4L,6057.233905,-0.036396995,0.055183565,0.428814698,0.667780927
LINGO3,136.4566035,-0.037012906,0.095539656,0.428825911,0.667780927
TUSC2,1170.833419,-0.040973385,0.068020752,0.428873617,0.667780927
RELT,2625.074215,-0.038828668,0.061201019,0.428970995,0.667851214
SNHG32,3621.358805,0.033561444,0.047211687,0.42905977,0.667908093
RHOU,851.9985921,-0.039419633,0.062381411,0.429212633,0.668045969
CES1,284.8804779,-0.038447951,0.09361101,0.429252846,0.668045969
CFHR4,9.393039283,0.012942511,0.10287844,0.429389176,NA
FBXO21,915.7965012,0.041140598,0.087218979,0.429658838,0.668596428
RPL18AP7,11.19755409,-0.016350566,0.102755315,0.429722823,NA
ARHGAP44,51.3331601,0.029633928,0.100428583,0.429899251,0.668882065
EXOSC7,965.9923816,0.040453056,0.067288463,0.429947032,0.668882065
ZFP90,555.1379959,-0.040933981,0.088110723,0.430107144,0.668993381
GLRX,2074.829161,0.041333249,0.070514054,0.430200945,0.668993381
CICP14,327.4151197,-0.041729547,0.084902109,0.430220974,0.668993381
CCDC154,82.1561154,-0.027733753,0.101013419,0.430355275,0.668993381
RBM17,1794.033893,0.036880562,0.054990144,0.430369836,0.668993381
PLAC9,31.05303481,0.023084945,0.102086281,0.430390764,0.668993381
METTL8,475.2177308,0.045862113,0.080752641,0.430415775,0.668993381
ZNF790,130.8652496,0.034717539,0.09765698,0.430437196,0.668993381
ACKR2,18.1799421,-0.020282918,0.102364848,0.430835524,NA
RRAGA,1376.640242,-0.036914105,0.055637554,0.430843185,0.669527759
USP4,2320.38274,0.036488811,0.054458829,0.430897222,0.669527759
HMCES,767.6533128,0.040722203,0.066823467,0.430989772,0.669527759
GANAB,8342.327964,0.037624255,0.056407924,0.431015236,0.669527759
THAP9,80.75160265,-0.029846357,0.100168586,0.431127102,0.669527759
TFPT,657.999228,-0.039804522,0.063469711,0.431131204,0.669527759
ANKMY2,655.8553829,0.041761174,0.072115146,0.431205908,0.669527759
PPID,814.8923059,0.041565836,0.071326389,0.431249825,0.669527759
STAT4,58.51883581,0.028910687,0.100563005,0.431252335,0.669527759
SLK,2589.101927,0.041219842,0.06877975,0.431359753,0.669613215
ATF7IP2,198.0544307,-0.040021056,0.089922845,0.431553899,0.669833264
CFAP69,72.03121923,0.02946325,0.100394115,0.431720849,0.670011052
MFFP1,7.600968239,0.013049077,0.102917345,0.43187983,NA
NUTM2G,56.66865016,0.030937952,0.099679064,0.431986627,0.670018129
SP3,2398.935808,0.037861254,0.056450604,0.432050724,0.670018129
PRPF38A,977.3641291,-0.041106832,0.073953633,0.432065034,0.670018129
MAP3K14,888.9003616,0.040626662,0.067105847,0.432086335,0.670018129
PUS10,421.9644119,0.042136889,0.07771796,0.432130871,0.670018129
RPL39L,69.18009224,0.034055285,0.098031085,0.432178229,0.670018129
FCHSD1,1026.761967,-0.041196516,0.070131298,0.432255689,0.670018129
USP33,1479.344867,-0.040421977,0.066716878,0.432313403,0.670018129
H4C16,39.3681418,0.025445908,0.101477633,0.432322168,0.670018129
MAP4K5,760.1954837,0.041652703,0.07507922,0.432356521,0.670018129
FBXO48,127.3693564,-0.038695411,0.092903367,0.432357486,0.670018129
CCDC138,49.37058214,-0.030821234,0.099728812,0.432360931,0.670018129
DNAJC13,3531.812396,-0.032141517,0.045803232,0.432406694,0.670018129
ZNF282,1286.277036,-0.041200832,0.070245308,0.432688319,0.670373262
MCPH1,632.3451714,0.042350095,0.080604824,0.432866651,0.670568295
NKAIN1,13.311642,0.015371679,0.102758704,0.432937429,NA
TRMT5,592.7142237,0.041745867,0.077255725,0.433337052,0.671166163
URB2,276.005164,0.040320409,0.09004392,0.433414961,0.671166163
PAAF1,378.9338193,-0.041894813,0.081222594,0.433465052,0.671166163
ANGPTL2,42.29439736,0.019599942,0.102449354,0.433516178,0.671166163
INPP5E,681.1742812,-0.041711404,0.083327561,0.433672843,0.671166163
GPR83,15.1805837,0.018454036,0.102567298,0.433719131,NA
SNRNP48,697.2080631,0.041559308,0.073457037,0.433754,0.671166163
OR10H5,33.48404728,-0.024994836,0.101555108,0.433791319,0.671166163
MTFR2,165.6938173,0.03948173,0.091384278,0.433825113,0.671166163
AMD1P4,13.25541349,-0.015865858,0.102746865,0.433914288,NA
SIX5,98.68823213,-0.036417254,0.095640941,0.433933146,0.671166163
ACADSB,509.583844,-0.04160079,0.084050238,0.433936482,0.671166163
EGLN1,1807.158711,-0.040282496,0.066467678,0.434059346,0.671166163
ZNF793,47.58770725,0.025640448,0.101375492,0.434069903,0.671166163
ZFP82,165.9991061,0.040473839,0.088815492,0.434101451,0.671166163
GOLGA8H,132.4962412,0.037079671,0.094525623,0.434103311,0.671166163
ALG9,581.6521975,0.039927272,0.064083088,0.434154337,0.671166163
TOP3B,782.4934469,0.040620779,0.069275425,0.434211621,0.671166163
ZNF451,1081.345033,0.042020141,0.072013007,0.434251886,0.671166163
AFG3L1P,236.4211189,0.040327465,0.087777736,0.434254765,0.671166163
ATXN3,740.915496,0.040601512,0.068593492,0.43428133,0.671166163
PMS2P7,60.79621204,-0.030671769,0.099683003,0.434302516,0.671166163
POSTN,19.998399,-0.015326049,0.102733494,0.434453319,NA
SPAST,729.5155867,0.038403802,0.060417824,0.434466454,0.671338363
CNTD1,32.58619453,0.025280529,0.101528616,0.434570155,0.671417453
IGSF8,577.8674836,-0.041890351,0.077147253,0.434674624,0.671497713
CHAT,15.8068895,-0.01627784,0.102686896,0.434756184,NA
CCDC40,163.6470284,-0.039437643,0.092533302,0.434851814,0.671690279
ETS2,2085.194175,0.036203314,0.054145059,0.435097903,0.671913382
ALPK3,4523.07234,-0.041762402,0.075660063,0.43515003,0.671913382
KIF3B,1207.689918,0.038476718,0.060291157,0.435153915,0.671913382
TBRG4,1655.651207,0.035314227,0.052972866,0.4352565,0.671990624
ZNF37A,504.0345344,-0.041879442,0.081115516,0.435435692,0.672186106
OR2V2,9.57473566,-0.012311704,0.102895128,0.435640596,NA
EPHA1,239.5578269,-0.042140192,0.082561129,0.435658387,0.672448687
CLDND2,12.51925153,-0.017589184,0.102577688,0.435676365,NA
ZNF138,66.51419876,0.032767645,0.098554815,0.435780618,0.672529938
KHK,199.07632,0.041020368,0.086874737,0.435843036,0.672529938
ZC3H13,3836.861541,-0.033103988,0.048189043,0.435883357,0.672529938
TSPAN3,8424.355719,0.02634779,0.03604826,0.435921439,0.672529938
AKAP8L,2046.015095,-0.040101048,0.067529081,0.436029889,0.672616088
ENTHD1,13.65790279,-0.018178516,0.102531617,0.436158294,NA
CHAF1A,912.1219407,0.041156476,0.081757388,0.436209281,0.672811636
BMS1P13,16.44235306,0.018457729,0.102547644,0.436230857,NA
ZNF630,30.6968496,-0.02239804,0.102008994,0.436298392,0.672867906
CEP19,131.8915613,0.038234495,0.093460723,0.436556715,0.67300583
CCSER1,44.06072124,-0.024699445,0.101526696,0.436557077,0.67300583
ABCA6,207.809084,0.038028086,0.093049717,0.436630338,0.67300583
CUL7,1689.595867,-0.037784323,0.05908612,0.436632318,0.67300583
SIK3,1432.860488,-0.040152775,0.067022384,0.436651026,0.67300583
EVA1C,14.82072345,0.014251385,0.102787215,0.436753042,NA
FHIP1B,708.1338801,0.041100677,0.071245552,0.436770019,0.673108087
PHLDB3,127.7728916,-0.037139048,0.095056797,0.436926844,0.673268615
NEIL3,95.91130713,0.034862109,0.09690155,0.437203879,0.673570048
CEP131,291.8382886,0.040361324,0.089379426,0.437227832,0.673570048
CEP85L,218.899854,-0.037621427,0.093629942,0.437361733,0.67362171
CACNB2,131.7457813,0.039521767,0.090722162,0.437422734,0.67362171
CDON,37.86618786,-0.025664427,0.101226046,0.437446945,0.67362171
TAF8,647.4548719,-0.040791644,0.069965816,0.437538036,0.67362171
CAVIN4,12.29338059,-0.016636615,0.102643781,0.437602542,NA
LMO2,3162.407907,-0.036938321,0.057153193,0.437613073,0.67362171
PTCD3,1164.462489,0.037675839,0.058691776,0.43761708,0.67362171
ITPRIPL2,6302.17364,-0.034505602,0.051386923,0.437630186,0.67362171
GFAP,29.64241429,-0.019473207,0.102333388,0.437666077,NA
UBA6,1466.528327,0.040599956,0.083626271,0.437834825,0.673643682
ABO,37.38053968,0.020185496,0.102313819,0.43784158,0.673643682
DNAJC16,597.4761653,-0.041726707,0.079261819,0.437854681,0.673643682
MCL1,12819.47296,0.036331114,0.057224374,0.43790137,0.673643682
FBXO33,750.4299101,-0.039320848,0.061663916,0.437907911,0.673643682
SVEP1,21.13271914,0.020717453,0.102264677,0.437955327,NA
SLC35B2,1325.34757,-0.034233521,0.050672977,0.437983265,0.673678542
AQP7,11.20571355,-0.013625037,0.102816577,0.438079721,NA
IL27,8.480567042,0.013807066,0.102834329,0.438098565,NA
ESRP2,31.20508112,-0.021390309,0.102117896,0.438183347,0.673849441
RNF8,422.2470642,0.040857616,0.070800406,0.438199785,0.673849441
RBP5,19.62072026,-0.017623246,0.102538753,0.438318036,NA
PDCD7,764.4686565,0.040228882,0.06924561,0.438462541,0.674106769
C5orf15,1852.815898,0.038203306,0.060539568,0.438581664,0.674106769
CARMIL3,66.79532189,-0.031075801,0.099232153,0.438587785,0.674106769
SSC4D,91.18041067,-0.033584443,0.097795057,0.438593934,0.674106769
SMIM10L1,673.655961,-0.026521176,0.100988569,0.438630756,0.674106769
RPL12,11131.47646,0.034526342,0.048353184,0.438697673,0.674128576
GLYR1,3722.244328,0.03311298,0.048209583,0.43901315,0.674430205
LRRC27,145.1338481,0.035486851,0.095815601,0.439041741,0.674430205
PPM1H,947.3003371,0.039717398,0.069003343,0.439052217,0.674430205
MARCKSL1P2,7.456329354,0.012943621,0.102869512,0.439176681,NA
FXR2,1353.166639,0.037765102,0.06509515,0.439198294,0.674507839
GUSBP9,39.81213599,0.025677632,0.10128567,0.439208272,0.674507839
ADHFE1,34.8013285,-0.023261091,0.101731626,0.439465937,0.674822485
ACTA1,8.1939736,-0.013938718,0.102808697,0.4396075,NA
BTBD18,15.73815559,0.017217034,0.102603885,0.439932281,NA
RUSC2,810.1620236,-0.037985457,0.060616893,0.440051452,0.675599882
TRAF3IP1,490.3427377,-0.040532329,0.087342214,0.44007789,0.675599882
CCNB3,16.41715761,0.011891908,0.102858613,0.440082413,NA
USP28,539.5795631,0.041338649,0.078665959,0.440216882,0.675713657
RASA1,3441.044673,0.043143042,0.060639501,0.440299869,0.675713657
SSUH2,36.54569191,0.02527415,0.101353671,0.440310557,0.675713657
CBLL1P1,15.61013376,-0.018403135,0.102444869,0.440400755,NA
DDX11L2,115.9561105,-0.035807167,0.09553239,0.440640751,0.676139223
CNTNAP3,22.79208423,-0.007470085,0.10301393,0.44075873,NA
ZNF625,31.41023208,-0.024303343,0.101509393,0.440776733,0.676207546
NEDD8,3142.579596,0.037977764,0.060620811,0.440859816,0.676207546
CSAD,413.361651,-0.04120053,0.075716229,0.440990892,0.676207546
CDH12P2,16.19946935,0.017310872,0.10256999,0.441058825,NA
HSD17B1P1,33.00572092,-0.025628439,0.101196441,0.441059656,0.676207546
GPC1,89.63227601,-0.029423439,0.099800986,0.441120038,0.676207546
TTC31,941.6344489,-0.040765732,0.072468295,0.441122465,0.676207546
GPR89B,213.2913884,-0.040228802,0.091513568,0.441173123,0.676207546
RNF146,1185.965149,0.040400488,0.070192789,0.441204269,0.676207546
ODR4,551.0211656,0.039727371,0.07217454,0.441221361,0.676207546
C5AR1,9804.868162,0.035861569,0.052534143,0.441254155,0.676207546
TMEM9B,2288.032558,0.036728558,0.057513565,0.441282695,0.676207546
PANK3,3082.964814,0.042325752,0.073846605,0.441319966,0.676207546
CFAP54,52.81165652,0.027107919,0.100832782,0.441710841,0.676653318
HAPLN3,85.87503034,-0.035067763,0.096101375,0.441716746,0.676653318
IL9R,16.00011287,-0.005711268,0.103031005,0.441858253,NA
ZXDC,1372.174419,-0.037136789,0.05736725,0.441932711,0.676903044
TP53RK,515.9681092,0.039572631,0.066415467,0.442236894,0.677287816
REEP5,3779.76156,-0.033585724,0.050393588,0.442343072,0.677369286
EBP,830.4373678,0.040915743,0.074054315,0.442408244,0.677387953
RNFT2,128.1235326,-0.034059341,0.096827246,0.442466521,0.677396056
PATJ,19.32246109,-0.014397537,0.102731852,0.442555311,NA
RNF20,1743.609597,-0.038688798,0.063562252,0.442689289,0.677655957
SSPN,146.4691789,0.034853341,0.096060355,0.442889028,0.677880549
TRIM65,1263.806187,-0.036484105,0.05697869,0.442969863,0.677919589
COASY,1926.451771,0.031981356,0.046700135,0.443020584,0.677919589
RBL2,1784.490403,-0.035596505,0.054885048,0.443085981,0.67793852
PCDH10,24.9906129,-0.018923549,0.102345256,0.443094332,NA
SLC2A13,673.6144099,-0.038563235,0.067662647,0.443246715,0.678098139
SEC22A,269.2982229,0.038213773,0.091032083,0.443296382,0.678098139
EEF1A1,163209.1655,0.037015601,0.058319532,0.443713885,0.678655583
AIRE,9.168144926,-0.01536304,0.10267343,0.443726467,NA
ATG16L1,669.7862749,0.040848383,0.083058649,0.443824306,0.678742062
ELP4,301.3367429,-0.036895958,0.093264879,0.443876604,0.678742062
SLC6A6,10953.03088,-0.027030377,0.060589102,0.44412895,0.679046715
SSBP2,214.5420728,-0.040360434,0.085307377,0.444183211,0.67904847
IGFBP5,46.47620316,-0.026105946,0.100967275,0.444255986,0.679078524
RPS2P46,8.312839765,-0.013046664,0.102820068,0.44432235,NA
CASP14,10.93617534,0.013951053,0.102772094,0.444344802,NA
EMID1,7.317961652,0.011975334,0.102858698,0.444441735,NA
AVIL,105.2786034,0.03264844,0.097946198,0.444501842,0.679297385
KLF2P1,39.19218385,-0.023537533,0.101553503,0.44450543,0.679297385
OSGEP,1097.685402,0.037023362,0.058183432,0.444564029,0.679305738
TVP23C,172.109004,0.037247408,0.093083345,0.44462895,0.679323749
PIAS4,998.2922117,-0.039041385,0.069830356,0.444865977,0.679531451
PREPL,870.4779927,-0.040406728,0.082589182,0.444871196,0.679531451
ANGPT2,44.70023802,-0.028037783,0.100116962,0.444984428,0.679589633
OGFOD2,602.2074,-0.040412459,0.070647242,0.445077264,0.679589633
EREG,35.62745463,0.024234623,0.101460061,0.445099647,0.679589633
ETFBKMT,91.22511538,-0.027378359,0.100401376,0.445121908,0.679589633
PMP22,3995.781108,-0.032606447,0.050758916,0.445230374,0.679674069
PABIR2,1221.181627,-0.040157226,0.070627653,0.445601242,0.680072676
TTC32,98.25525427,0.033156181,0.097499261,0.445630575,0.680072676
NFYA,1162.456898,-0.035820058,0.055144854,0.445651066,0.680072676
SEC14L3,7.457571747,0.012661318,0.102826431,0.445683848,NA
DNAJB6,3761.058624,0.038244061,0.0631468,0.445749201,0.680141249
CYP2E1,21.37934725,-0.012735786,0.102694704,0.445785498,NA
MGAT4B,4736.969466,-0.034422383,0.056319229,0.446006721,0.680452974
SCP2,2960.878676,0.038470652,0.064562749,0.446109491,0.680508457
MYORG,122.395832,-0.035821483,0.094882948,0.446172199,0.680508457
RNF213,27736.67389,0.038361711,0.06377099,0.446202768,0.680508457
DMP1,13.22335939,0.015677852,0.102651218,0.446291945,NA
JCAD,10.98829435,0.010980344,0.102874081,0.446385745,NA
DLGAP3,42.63552903,0.025306512,0.101171117,0.44643111,0.680775495
OXTR,15.6661372,0.016609252,0.102516038,0.446527732,NA
MRPL57,799.362873,0.037064097,0.059196838,0.446583763,0.68087868
SEMA6A,69.64998577,0.028091602,0.100154351,0.446605288,0.68087868
MTSS2,104.4889495,-0.028665442,0.099843899,0.446706192,0.680951313
HS2ST1,2624.942542,-0.035139679,0.054936953,0.446787153,0.680993533
HCAR3,61.68697058,0.028901771,0.099758773,0.44687968,0.680994821
COPS2,1524.563014,0.039385671,0.065995453,0.446894529,0.680994821
ABHD18,502.7387719,0.039827152,0.072437073,0.44709478,0.681218778
CALHM5,22.07023371,0.018673511,0.102335283,0.447103292,NA
CBX1,1439.615974,-0.037851482,0.062233501,0.447213902,0.681319083
NMB,461.5400059,-0.03992705,0.070880307,0.447305459,0.681377373
WDR1,14667.17872,0.031613066,0.046703861,0.447436563,0.681495884
RALGAPA1,700.9529063,-0.039180546,0.066722812,0.447489913,0.681495955
CYP4V2,807.2378276,-0.040815475,0.075783833,0.447675962,0.681641573
IFT22,260.7490479,0.03840592,0.090669117,0.447692162,0.681641573
LDAF1,437.5044411,0.04063756,0.078051329,0.447976607,0.681913267
BEST1,1183.631324,-0.037901525,0.06227592,0.447980705,0.681913267
WHAMMP4,75.05502046,0.032593639,0.097803466,0.448030617,0.681913267
GRPR,11.04034549,0.014904161,0.102692289,0.448153995,NA
MECP2,2298.001972,-0.040181635,0.071129936,0.44823087,0.682045461
TMCO3,1926.457027,0.034217982,0.052135914,0.44824329,0.682045461
NEK7,2061.15574,-0.036442363,0.057643973,0.448277513,0.682045461
COL14A1,10.50951785,0.013619602,0.102728925,0.448643876,NA
CD200R1,23.70376691,-0.021687816,0.101861173,0.44873228,NA
DUSP19,26.49950079,0.021982262,0.101839036,0.448775721,NA
ZNF799,65.60173126,-0.029195241,0.099487254,0.448811224,0.682776238
MOGAT3,11.82231586,0.015853246,0.102612961,0.448931988,NA
DOCK2,4910.218494,0.03621574,0.063743929,0.448960281,0.682921735
SRP54-AS1,8.762057931,-0.013834579,0.102737044,0.449082229,NA
TEX52,14.40778124,-0.017323905,0.102455757,0.449228584,NA
CDCA8,622.2616454,0.039900612,0.071370102,0.449304124,0.683266852
BTN2A2,155.4902728,-0.041263237,0.087446933,0.449314018,0.683266852
TAF1A,97.96548285,-0.035765138,0.094613018,0.449347493,0.683266852
PLXNB3,15.65439627,-0.01121615,0.102793492,0.449523682,NA
EMCN,9.797059551,0.012802343,0.102781699,0.449534868,NA
ATRX,2561.55879,0.029827984,0.095992017,0.449583135,0.683418332
KPNA6,2161.116992,0.032155763,0.04797225,0.449589224,0.683418332
EBAG9,482.2818431,0.039628588,0.073741259,0.449607477,0.683418332
GKAP1,65.44748948,-0.028252224,0.099911772,0.449783278,0.683604281
RASL11B,101.8440001,-0.034224007,0.095931674,0.449990253,0.683837559
TGFBR3,28.00209379,0.020968168,0.101954368,0.450172521,NA
EGF,10.1383942,0.010925946,0.102825183,0.450238501,NA
GFI1B,10.06772958,0.012810735,0.1028039,0.450242225,NA
CYP2T1P,27.0041839,-0.022486483,0.101662582,0.450341323,NA
UBAP1,2372.368374,0.03163854,0.046921509,0.450452293,0.684458351
RPL7AP10,9.886814486,-0.014015702,0.102744151,0.450556244,NA
DTX1,522.4704002,-0.039295238,0.084065419,0.450590637,0.684532785
AQP1,56.11031921,0.023139674,0.101508562,0.450686595,0.684532785
STK11,2884.748472,-0.032721093,0.049315748,0.450704645,0.684532785
ZNF621,919.7421816,0.039378891,0.075301405,0.450715446,0.684532785
CAPN7,924.5493465,0.040058628,0.073298119,0.450793242,0.684555461
EPS8,2865.756775,0.030355887,0.048411368,0.450853795,0.684555461
UBXN4,4400.654302,0.033097157,0.050225324,0.450942281,0.684555461
NEUROG3,88.57130274,-0.03437272,0.095836327,0.450944552,0.684555461
YTHDC2,822.7719217,0.039851052,0.074085438,0.451121685,0.684743053
ARL14EP,478.502856,0.035567348,0.088055818,0.451187678,0.684761925
ZNF890P,10.86573017,-0.01338144,0.10274422,0.451296629,NA
UTP14A,565.6323915,0.040453022,0.06931449,0.451461178,0.685095687
MTRF1,253.7836118,0.039665902,0.086265913,0.451566831,0.68517469
PTPRCAP,7.975103095,-0.004932976,0.103035289,0.451662681,NA
LMBRD1,2302.433313,-0.036703801,0.059381082,0.451921028,0.685630752
ARFIP1,1095.550839,-0.037465369,0.061212387,0.452048497,0.685742767
TMEM14A,122.2988646,0.037131026,0.09208115,0.452273027,0.685969774
ACSBG1,49.31938437,-0.02751916,0.099962799,0.452320125,0.685969774
DOP1A,728.1805279,-0.040057416,0.082858816,0.452402235,0.685969774
NCBP3,1400.345692,0.039436965,0.071229001,0.45241276,0.685969774
EMILIN1,155.6558434,0.039001395,0.08738289,0.452606194,0.686092936
TBCK,513.149517,-0.041962498,0.079020644,0.452706428,0.686092936
DNAJC17,432.6680836,0.039801129,0.072610866,0.452709022,0.686092936
MYCL,37.59903922,0.027039406,0.100351119,0.452798885,0.686092936
DENND2C,67.01081559,0.029278764,0.099342858,0.452803592,0.686092936
SGPP2,16.48664008,0.018732058,0.102272624,0.452836464,NA
PCBP3,9.137544264,0.013866886,0.102711745,0.452841827,NA
NUDT17,149.3972632,0.038635638,0.088220227,0.452855034,0.686092936
ZNF584,281.7251385,-0.039739123,0.081630423,0.452869635,0.686092936
RSPRY1,750.4414822,0.03988855,0.078732963,0.452933443,0.686108302
RGS10,2193.86798,-0.039004545,0.068474376,0.452994971,0.686120212
LAMTOR2,1696.98114,0.035095698,0.055295165,0.453062106,0.686125099
CCT8P1,13.83835142,-0.016444024,0.102496224,0.453064629,NA
PRKCE,176.5985636,0.036614154,0.092363083,0.45310553,0.686125099
RNASEH2C,1093.072196,0.03855966,0.066159092,0.453405198,0.686497567
BCL2L2-PABPN1,248.7936979,0.037123711,0.091692302,0.453529087,0.686603834
CAMK2G,838.4106484,-0.037922647,0.06427028,0.453646939,0.686681618
NEK8,239.7003936,-0.038535749,0.088013629,0.453687886,0.686681618
ENDOV,160.6354533,-0.03677739,0.09223891,0.453786954,0.686739496
ADAL,220.5975888,-0.038128184,0.089307915,0.453833555,0.686739496
FAM53A,23.39728455,-0.018863327,0.10219322,0.453937186,NA
GALNT4,249.4665501,0.037635321,0.090591601,0.453957077,0.686845115
ZFR2,11.68742459,-0.015114022,0.102590963,0.454023605,NA
ARHGAP12,993.7994797,0.039867422,0.083288757,0.454199338,0.687027118
MARK1,51.00386917,-0.029403239,0.09907258,0.454251635,0.687027118
BMP2,66.3509672,-0.031787794,0.097611623,0.454303649,0.687027118
NUP133,1012.846018,-0.039643804,0.083673309,0.45431231,0.687027118
ZBTB40,1397.127144,-0.037362295,0.06224442,0.454346052,0.687027118
SERGEF,321.9915241,-0.038628808,0.088402261,0.45454827,0.687251613
CTXN1,15.13622735,-0.017480986,0.102350246,0.45460332,NA
CBR3,176.5163085,0.03924046,0.08581199,0.454608221,0.687260979
ALX1,11.14891177,-0.016203669,0.102489518,0.454737798,NA
SHOC1,59.88795738,-0.027509801,0.099999815,0.454748009,0.687391025
SHANK1,15.42834362,-0.016291026,0.10246492,0.454789999,NA
NDUFC1,585.8067882,0.039643976,0.075172058,0.45486049,0.687479768
NRIP2,85.9806271,-0.032482935,0.096946295,0.455014752,0.687631632
RABGAP1,1529.532027,-0.037860182,0.064254545,0.455102791,0.687683392
PLGLB1,82.93468149,-0.032747222,0.096837491,0.455236724,0.687804481
CCRL2,1170.310531,0.038372631,0.0668823,0.455403878,0.687975727
CHMP6,694.6104497,-0.037131339,0.064869395,0.455461736,0.68798184
ABCA3,337.0924784,0.03988111,0.079504995,0.455589293,0.688073103
FGFR2,16.20780931,-0.015774546,0.10251731,0.455594446,NA
OSBPL6,98.57207251,0.028705134,0.099420685,0.455629792,0.688073103
IMP4,1388.977998,0.034153526,0.053403482,0.455737524,0.688154511
CHKB,1216.419187,-0.039069269,0.074635319,0.455959104,0.688407787
EIF3I,3332.436805,0.037482759,0.058703486,0.456157809,0.688588522
DPH2,701.551234,0.038434819,0.066809486,0.45618653,0.688588522
AOC2,20.76691622,-0.020865988,0.101773771,0.456197824,NA
ABCF1,2984.110202,0.039063724,0.06931473,0.456407147,0.688840205
HSD3B7,2179.172821,-0.037828149,0.064504802,0.456496628,0.688893932
SMG1P6,18.11290082,-0.017168005,0.10235947,0.456604004,NA
EPB41L1,748.1457516,-0.03931112,0.072275673,0.456669387,0.689073305
GCNT7,12.20865098,-0.014972126,0.102584588,0.45672942,NA
KRCC1,861.8826963,0.039477384,0.071530352,0.456840481,0.689250123
STEAP2,11.50087218,-0.01371569,0.102703087,0.456855118,NA
OR2A1,10.0800647,-0.010888656,0.102840674,0.456870345,NA
SSU72,2807.121043,-0.029380989,0.045725962,0.456943841,0.689293594
DPF2,1400.164642,0.038595301,0.066477967,0.456977122,0.689293594
RFC1,1233.771793,0.039579558,0.079953897,0.457111392,0.689414787
THEM4,488.0578978,0.038758589,0.073269109,0.457169828,0.689421591
SUCLG2P4,9.30781367,0.014389389,0.102644002,0.457251029,NA
TMCC3,293.1020801,0.031315439,0.09783883,0.45731137,0.689553706
GPR37L1,27.12761355,-0.017101799,0.10235104,0.457469531,NA
FBXW4,980.6758535,-0.039017527,0.071001551,0.457627022,0.689839214
RTEL1,658.1906285,0.040178371,0.085620663,0.457690886,0.689839214
FAIM2,50.39071212,-0.021693226,0.101573839,0.457708957,0.689839214
TFB1M,304.7447717,0.039656904,0.07911118,0.457716547,0.689839214
TUBG1P,10.48410418,-0.013531218,0.102671514,0.457818521,NA
HSPA8P15,10.65160115,0.014510028,0.102618866,0.457965334,NA
CCDC188,13.84105864,-0.015656259,0.102507953,0.458022907,NA
ZNF595,45.09467296,-0.025271605,0.100682605,0.458023871,0.690221026
SVBP,427.2077226,-0.039746334,0.077739963,0.458195827,0.69039878
RAB4B-EGLN2,16.27713479,-0.018597203,0.102162908,0.458225866,NA
MSL1,3125.814211,-0.030247713,0.045600251,0.458253916,0.690404939
ABCC3,3074.997313,-0.038821045,0.071816021,0.458403228,0.69051958
AADAT,34.53823439,0.024373102,0.100679653,0.458443998,0.69051958
PILRA,2573.036059,-0.039067138,0.069408642,0.458492039,0.69051958
SNX32,60.59528432,-0.030201684,0.098197079,0.458662068,0.690694292
CMAHP,106.7953892,-0.035202919,0.093729227,0.458788961,0.690804011
MTNR1A,20.50933524,0.019874426,0.101977592,0.459003417,NA
CNR2,13.45937724,-0.015075449,0.10254202,0.459167725,NA
EOLA2,476.0503173,0.03842793,0.067417476,0.459288044,0.691445801
KCTD1,130.5502366,-0.033351342,0.095724975,0.459334174,0.691445801
RPL3,23977.6826,0.025372612,0.038434948,0.459408741,0.691445801
MPZL3,122.3685101,-0.031653846,0.096972719,0.459431527,0.691445801
PCDH7,10.81510371,-0.015533325,0.10249831,0.459499147,NA
KDM4D,23.20021915,0.019675086,0.102005328,0.459532756,NA
LOXL4,6.527394912,-0.011583543,0.102792933,0.459607741,NA
FNBP1P1,22.72870771,-0.021345191,0.101651688,0.459615899,NA
AGFG2,247.7081306,0.039057169,0.085583204,0.460108496,0.692383135
OSGEPL1,199.0797873,0.037924118,0.08853354,0.460198471,0.692426971
SQSTM1,15379.0251,-0.035313392,0.051993811,0.460245945,0.692426971
SMPDL3B,9.125350271,-0.014169392,0.102633764,0.460259161,NA
TCAIM,987.0811422,-0.038253325,0.067670644,0.460311389,0.692443948
SIRPB1,1115.139092,-0.03929791,0.077199558,0.460392439,0.692484392
C7orf57,14.15577637,0.015071351,0.102492709,0.460441337,NA
RDH12,67.75952578,-0.02643121,0.09975721,0.460502541,0.69256852
CHMP2B,1206.627783,0.037170552,0.065864839,0.460648822,0.692593081
SGCE,24.85073093,0.018028624,0.102201461,0.460723693,NA
PLAG1,508.9545035,-0.037796153,0.088138442,0.460743958,0.692593081
H2AZ2,4545.561978,0.026854968,0.041215541,0.460759325,0.692593081
KCNJ14,50.26550841,-0.027216445,0.099840026,0.46078838,0.692593081
SAT1,15545.21753,-0.035178428,0.057439373,0.460865652,0.692593081
SPDYE16,204.5605414,0.036161443,0.091259962,0.460868387,0.692593081
EFCAB10,13.81780548,-0.014323001,0.102585473,0.460874892,NA
ZNF197,558.0607662,0.038905108,0.073420362,0.460898078,0.692593081
GGCTP1,12.36889223,-0.015434958,0.102477321,0.461099756,NA
CMC2,671.7559618,0.037952232,0.068879082,0.461243,0.692975865
STAC3,934.078049,-0.038282842,0.06825919,0.461297377,0.692975865
RBM18,843.3654779,0.038920977,0.072586256,0.461315416,0.692975865
OTUB1,3278.625924,-0.030536453,0.045998072,0.461373246,0.692981315
UNC119B,700.6605463,0.036642058,0.061310195,0.461513677,0.693110814
RALGAPA2,940.5244245,-0.036668157,0.063910644,0.46159803,0.693156074
ATP2A2,8295.260422,-0.026974409,0.039862549,0.461714418,0.693249422
MTND4P12,13.69551994,0.014334934,0.102613289,0.461742171,NA
EIF4EP1,14.37754939,0.016475474,0.10239999,0.461751337,NA
ZNF143,475.6422386,0.039171689,0.081072687,0.461931454,0.693377297
RAB15,82.37061857,-0.032403221,0.097010128,0.461936968,0.693377297
USP31,401.8713928,0.038998652,0.080750847,0.461962285,0.693377297
ZNF500,336.6859228,-0.040521578,0.080219569,0.462036272,0.693391185
EMP2,85.96017074,-0.031599989,0.09718545,0.462121415,0.693391185
TMEM71,93.9201725,-0.029409807,0.098748245,0.462134243,0.693391185
ZNF292,860.9921369,-0.038333943,0.06930437,0.462277425,0.693455169
OCRL,975.6247675,-0.037423264,0.065088328,0.462304598,0.693455169
POLR1A,1753.756894,-0.034954128,0.083723519,0.462373022,0.693455169
EPS15,2438.627789,-0.029769619,0.045696596,0.462448882,0.693455169
TRMU,1028.597576,0.036641895,0.061764727,0.462494081,0.693455169
TLDC2,192.4948308,0.038877884,0.087192324,0.462502325,0.693455169
TSPYL4,381.8091004,0.039270981,0.079823697,0.462897044,0.693965609
OR2T33,9.527959042,-0.014326104,0.102572933,0.462940897,NA
HES6,311.1646836,-0.039256386,0.075442602,0.462985226,0.693983915
ZNF837,75.13930609,-0.031852939,0.0970031,0.463060346,0.693983915
TM9SF2,8114.236982,-0.032386339,0.050746125,0.463078259,0.693983915
CCHCR1,290.0084268,-0.037080782,0.089638955,0.46312638,0.693983915
ZMAT1,172.1864191,0.038494063,0.08528623,0.463231495,0.69406008
KRT8P12,122.6029493,-0.035972171,0.091741729,0.463310526,0.69409715
ADAMTS19,13.71831819,0.009735793,0.102858425,0.463474119,NA
PLXNB1,42.28891963,-0.016839318,0.102262829,0.463580301,0.694419935
HERC2P10,67.73367848,0.029775942,0.098574758,0.463666096,0.694467085
RAB8A,2796.201193,0.041682882,0.058170403,0.463771826,0.694544079
ADPRS,1520.980969,0.036320697,0.06006625,0.463904853,0.694594323
CD52,1313.846069,0.033016805,0.096424931,0.463914034,0.694594323
UBE2Q1,2558.096907,-0.037511812,0.071690776,0.463979967,0.694611696
TEDC1,449.722674,0.038322593,0.069782402,0.464324668,0.694876984
TTC14,1011.174754,0.035172171,0.057873798,0.464326659,0.694876984
UQCC4,185.8886442,0.036373616,0.08562054,0.464349737,0.694876984
KCTD11,430.7129982,-0.038046213,0.068955045,0.464374576,0.694876984
WDR47,711.5413245,0.037384534,0.064900893,0.464534502,0.695034945
OR7G2,9.536204516,0.013635394,0.10263062,0.464694272,NA
HMCN1,41.52449428,-0.015234152,0.102379055,0.464738504,0.695258808
NOMO3,4429.828681,0.038539823,0.072651145,0.464832632,0.695318263
ACAT1,1998.168708,0.037326257,0.066245027,0.465221951,0.695801261
TMEM238,68.56192279,-0.032263019,0.096318277,0.465264371,0.695801261
SPRN,11.76268062,0.015171336,0.10249381,0.46529148,NA
WDCP,206.5900619,-0.038266991,0.088867216,0.465442247,0.695985863
INTS10,1484.972552,0.03538575,0.05863055,0.465550131,0.696065774
CCR2,34.19221087,-0.018562908,0.101963283,0.46597019,0.696612358
RNF39,9.180220683,0.013114021,0.102656628,0.466055408,NA
MYO1C,3883.734078,0.036512422,0.063443316,0.466145243,0.6967222
PKN3,145.2764275,-0.037251409,0.088261503,0.466152655,0.6967222
CD84,12289.69546,-0.037051733,0.057790996,0.466239821,0.696771025
VN1R1,9.025807331,-0.012958004,0.102651143,0.466531972,NA
TEAD4,33.28313941,0.020883441,0.101632419,0.466624946,0.697197656
ARHGEF7,1909.864647,-0.037731468,0.067878592,0.466634364,0.697197656
MFSD6,829.6730602,0.038114588,0.069444476,0.466787186,0.697266839
GFOD2,456.5796446,-0.038227592,0.084116167,0.466789744,0.697266839
ID1,501.8231972,0.038556864,0.082256779,0.466860413,0.697290933
RASD1,10.1861642,-0.014843361,0.102491788,0.46689224,NA
LAIR2,13.19710147,0.015481613,0.102443994,0.46696725,NA
BCL2L12,495.943024,-0.038520089,0.07428582,0.467055568,0.697450443
CDKN2AIPNL,349.929155,0.038394742,0.075714052,0.467076315,0.697450443
ZNF883,330.964724,0.038799044,0.077805791,0.467197933,0.697454764
ZBTB2,641.3997186,0.03679534,0.062616205,0.46719893,0.697454764
DHRS12,164.967438,0.035771837,0.091107453,0.467267279,0.697454764
FBXL5,1894.856505,0.032218942,0.050971345,0.467303441,0.697454764
BRD3,1434.13974,-0.037161027,0.065300654,0.467351972,0.697454764
TRMT10C,512.2091498,0.038874168,0.078680381,0.467559617,0.697683206
COL6A1,26817.39389,-0.036011912,0.060010448,0.467618107,0.697689053
POF1B,11.90933185,0.015927357,0.102418126,0.467699636,NA
TET1,15.39716646,0.015103939,0.102461143,0.467909477,NA
ZSCAN18,158.1908356,-0.035376099,0.092139187,0.468009388,0.698191369
ATP10B,29.63357993,0.02085938,0.101279334,0.46802644,NA
RABGEF1P2,19.60219168,0.018692092,0.102027256,0.468073116,NA
MTNAP1,599.8121,-0.038448197,0.070606662,0.468114782,0.69826712
MEX3B,74.69180107,-0.031431123,0.096827257,0.468237943,0.698326837
CADPS2,21.10895208,-0.019707992,0.101770765,0.468239528,NA
DGKI,343.4666534,0.030760245,0.097435368,0.468264057,0.698326837
CLTC,14181.21018,-0.032393861,0.05178266,0.468403108,0.698452733
TRPC2,13.72082916,-0.016182716,0.102322488,0.468559959,NA
TTC34,119.6562545,0.03063617,0.097432671,0.468749379,0.698887557
SYF2,1709.735399,0.033854908,0.05518309,0.468871046,0.698987445
IGDCC4,15.03014924,-0.01327741,0.10256546,0.468973552,NA
METTL15,239.4865647,0.037291089,0.087530952,0.469019607,0.699037423
PDXDC1,4056.801715,-0.032187868,0.051423774,0.469024264,0.699037423
ZNF800,595.0099781,0.03795942,0.066070457,0.4690686,0.699037423
SMARCE1,2191.08727,0.032924007,0.054115252,0.469128859,0.699045741
AK3P3,7.296307996,-0.011942959,0.102714564,0.469225488,NA
ZNF557,278.7895095,-0.038628208,0.076356762,0.469332387,0.699267517
DEF8,2538.319435,0.032988196,0.053459043,0.469665498,0.699646425
CDK5RAP2,1702.153023,-0.036645364,0.064740884,0.469696149,0.699646425
EEF1A1P3,12.04747006,0.015348158,0.102441269,0.469731944,NA
CHIC1,101.9732924,0.032478407,0.095768765,0.469844707,0.699741125
CASP4,1905.072649,0.033041729,0.053331508,0.469902069,0.699741125
TMC4,60.35847061,-0.027854312,0.098954714,0.469923918,0.699741125
RPL23AP82,237.3814733,-0.038340201,0.081131525,0.470014071,0.699793863
DDX54,2536.870793,-0.037979721,0.071385542,0.470141504,0.699807936
CUL1,1929.02004,0.03347871,0.05456637,0.470169338,0.699807936
PDCD6,2220.31804,0.03200375,0.050945311,0.470188896,0.699807936
PRKAR1B,363.7410105,0.03631956,0.087844899,0.47024247,0.699807936
SPINK5,65.69176188,-0.022505007,0.101047756,0.470305015,0.699819556
RGS7,28.54369323,-0.021012407,0.101359758,0.470411989,NA
PFKM,759.8839483,0.038093332,0.074260095,0.470501796,0.700030893
PORCN,169.7774053,-0.036780949,0.08823337,0.470745834,0.700209482
MKS1,427.537541,0.040600874,0.073950236,0.470748599,0.700209482
MAML2,1753.90636,-0.032144888,0.051779511,0.470786133,0.700209482
HUNK,23.27055847,-0.021225396,0.101391114,0.470847786,NA
KCTD13,806.3334027,-0.038152799,0.073417934,0.470961768,0.70038923
NEUROD1,10.34241331,-0.014295136,0.102504696,0.47118057,NA
C6orf136,398.6211788,-0.038026873,0.075408457,0.471208491,0.70067464
UNC13D,1167.557185,0.037295349,0.067220776,0.471418879,0.700844276
TMEM203,951.3177997,-0.033461477,0.054926175,0.471432207,0.700844276
YIPF5,1136.802397,0.036541848,0.064461152,0.471538786,0.700921216
SLC35G1,82.3420704,0.030390798,0.097405204,0.471657284,0.701015854
SIAH1,562.8501727,-0.038262192,0.069137075,0.471759338,0.701086032
RNF103-CHMP3,26.12552468,0.01577449,0.102375931,0.471891529,NA
RHBDD3,619.6163271,-0.037117712,0.065723659,0.471895896,0.701174083
NKG7,75.97437325,0.029176834,0.09825517,0.471928274,0.701174083
SRSF12,18.36724863,0.014917697,0.102450685,0.472047843,NA
PIGF,273.7440361,0.0372495,0.086878776,0.472086609,0.701327828
MSTO1,601.3436833,0.037276983,0.071209628,0.472357045,0.701477504
MSN,26511.62424,0.035426282,0.05264115,0.472381464,0.701477504
LRIG2,556.4398598,0.037449413,0.075222094,0.47238369,0.701477504
NAAA,934.8859218,-0.035095752,0.058747007,0.472406829,0.701477504
ATP5MJ,1091.611609,0.034710337,0.058072904,0.472526952,0.701574391
SLC6A16,18.74632268,-0.012322169,0.102636601,0.472551905,NA
YWHAB,7895.292023,0.034288813,0.053400252,0.472642852,0.701664986
MAP3K2,3012.401169,0.031690485,0.050258131,0.473014596,0.702135332
TM9SF5P,10.72725793,0.013265367,0.102594498,0.473021515,NA
CLDN3,12.67777093,-0.015372834,0.102370006,0.473168968,NA
ZNF675,213.8202439,0.037579736,0.084739489,0.473251482,0.702346122
SAXO4,74.78325769,-0.031511874,0.096249838,0.473266472,0.702346122
C17orf100,21.6586427,0.020577292,0.101531336,0.473394453,NA
GHR,14.28002079,-0.015190249,0.102385077,0.473436035,NA
HMG20A,920.6235182,0.035537085,0.061674308,0.473852611,0.703134358
RIPK1,1705.089924,-0.032789591,0.053774822,0.473937888,0.703179285
CD38,24.22594083,0.015012024,0.102381894,0.474077665,NA
PINX1,212.5743238,0.037231671,0.086494975,0.474123953,0.703359631
PTK2B,3165.799794,0.036476109,0.062936154,0.474169469,0.703359631
PAXIP1,400.481819,0.037844797,0.082915941,0.47425848,0.703410054
SMIM35,11.70861554,-0.010519735,0.102732313,0.474393672,NA
FBXL19,1764.705586,-0.034843453,0.059277535,0.474523472,0.703721447
TP53BP1,1272.960851,0.036644516,0.081086544,0.474646166,0.703740372
SLC35E2A,52.02031545,-0.023729805,0.100551989,0.474646322,0.703740372
ADGRF3,19.69828894,0.012589477,0.102607332,0.47467771,NA
PCGF3,1424.012288,0.043898909,0.070264252,0.474790213,0.70380764
AMIGO1,60.66529797,-0.025133227,0.100045204,0.474801791,0.70380764
SYAP1,1541.251695,0.038377262,0.073715742,0.474868766,0.703825315
DDX11L1,7.007862586,-0.009352191,0.102838757,0.47489137,NA
PERCC1,7.83176291,-0.011395856,0.102718574,0.475001758,NA
STXBP6,16.49676163,-0.017256462,0.102106341,0.475045652,NA
TENT5B,9.011191836,-0.013163187,0.102574398,0.475111281,NA
MRTFB,1533.924332,-0.036665855,0.066496636,0.475116723,0.704055828
RAB32,4694.096068,-0.036199972,0.061980262,0.475188591,0.704055828
RBBP7,2980.945141,0.032214174,0.052506091,0.475189499,0.704055828
GLMN,188.2553558,0.035230292,0.091220422,0.475319349,0.704094791
ALKBH3,217.796712,-0.037446918,0.08405153,0.47532594,0.704094791
DNAJC6,37.45605486,-0.020964884,0.101302277,0.475479884,0.704241232
PPP1R3E,248.8483269,-0.037309343,0.085138463,0.475786609,0.704454304
NCK1,3038.363949,0.035622197,0.062573366,0.475792516,0.704454304
UHMK1,3495.263611,0.037907538,0.059612062,0.475821117,0.704454304
NPC1,8460.548914,0.03391982,0.05562671,0.475844143,0.704454304
PJVK,20.56393538,-0.017047608,0.102146816,0.476003231,NA
YIPF4,2435.744355,-0.03242595,0.053118568,0.476069211,0.704679783
ZNF254,277.8301757,0.035151174,0.08996606,0.476106685,0.704679783
MPZ,70.23508464,-0.029738855,0.09738699,0.476221822,0.704702515
CUEDC1,1599.879781,-0.036268659,0.064620015,0.476232282,0.704702515
PHB1,3226.330129,0.032729667,0.054624702,0.476341661,0.704782795
KDM2B,1872.957408,-0.036571858,0.067703656,0.476472342,0.704894573
C8orf33,1527.733681,0.031159608,0.054926218,0.476848938,0.705370088
APC,1627.312486,0.033409306,0.055681456,0.476932229,0.705411678
DHRSX,883.9782619,-0.036174813,0.064932472,0.477560518,0.70625925
TFG,1622.426807,0.035346221,0.055487397,0.477703391,0.706349806
LIN52,227.0472451,0.03671259,0.087318275,0.477732247,0.706349806
TRAPPC2,247.5866409,0.037628817,0.07835275,0.477924922,0.706552975
SH3RF3,837.6469837,0.037617604,0.082505231,0.4780568,0.706666227
SHANK3,180.2482223,0.014493694,0.102473318,0.478193115,0.706786009
TMEM198,54.03175451,-0.02724998,0.098865705,0.478507533,0.707168975
LPCAT2,6136.300908,0.030068268,0.047597632,0.478765084,0.707341252
SYNM,36.19269507,-0.022664417,0.100786612,0.478813155,0.707341252
ZBP1,22.35845948,0.018911014,0.101712771,0.478910716,NA
MARCKSL1P1,9.514413838,-0.011466462,0.102673583,0.478921994,NA
ATR,1350.689247,0.037598422,0.075872109,0.478923693,0.707341252
FKBP2,1389.200851,0.035591589,0.062323885,0.478935379,0.707341252
GRAP,86.75707066,0.030388769,0.096832407,0.478998429,0.707341252
CSRP2,35.36174632,0.020429592,0.1013594,0.479003215,0.707341252
HSCB,270.3840714,0.037744567,0.07849182,0.479011385,0.707341252
NSD3,1918.767011,0.034829296,0.062250526,0.47913595,0.707443483
WDR17,30.74136768,-0.020679679,0.101310661,0.479299823,0.707471428
WLS,512.5895192,-0.037358615,0.076906294,0.479302465,0.707471428
NIPAL4,67.3647214,-0.028939011,0.097812757,0.479320885,0.707471428
NFYB,460.890601,-0.037668906,0.079219745,0.479400029,0.707506564
EDDM13,19.4813885,-0.018185492,0.101808177,0.479484828,NA
RHBDL2,31.80875905,-0.020055291,0.101420929,0.479544143,0.707637565
RRP12,1192.119025,0.034382369,0.059172202,0.479643148,0.707701979
PRKAR2A,2588.806243,-0.032488723,0.094132426,0.479751445,0.707780086
FAM83B,15.69304541,0.016381253,0.102174275,0.479757678,NA
SLC14A2,9.247113324,-0.013000632,0.102555936,0.47982362,NA
ACAP1,112.8591387,0.030624819,0.096639622,0.479897649,0.707914092
SLC51A,93.24124511,-0.033214702,0.093815684,0.480111435,0.70814775
GEMIN4,557.8093885,0.036522852,0.071841846,0.480183128,0.708171794
CDKN3,230.7978785,-0.036290366,0.087361836,0.480262549,0.708207231
SEMA4G,47.82420759,-0.022742748,0.100685963,0.480510692,0.70840774
MICOS13,1145.412642,-0.036840264,0.069801587,0.480559259,0.70840774
RFPL1,95.00028921,-0.032897526,0.093826874,0.48056475,0.70840774
TTC21A,171.7947096,-0.031097526,0.0956285,0.480687122,0.708506439
CWC25,683.7154311,-0.034882655,0.061782464,0.480946409,0.708806898
NAPSA,12.90466056,-0.013823284,0.102456701,0.480988356,NA
PAN3,1109.948625,0.034546172,0.060556181,0.481076974,0.708917602
SNRPC,1549.001424,-0.033178704,0.055876119,0.48120282,0.709004898
EEF1D,5146.828548,-0.033269464,0.057485028,0.481300755,0.709004898
AIMP2,564.4987683,0.035708033,0.063596154,0.481302582,0.709004898
ASAH2,30.03231587,0.008153175,0.102862154,0.481324691,NA
MAP9,17.40430653,0.013327438,0.102506085,0.481369782,NA
MVP,5485.845652,-0.032299111,0.054165673,0.481439134,0.709124346
ADGRF4,10.26195362,0.013668438,0.102477571,0.481575656,NA
SBK3,19.85844494,0.01665086,0.102075724,0.481588702,NA
IPO8,1448.309186,0.034847475,0.061729643,0.481719653,0.709455796
HSD17B6,10.45153656,0.009938737,0.10276456,0.481782097,NA
NEDD4,351.9360906,0.036473749,0.084790908,0.481835113,0.70949889
SALL4,131.2774395,-0.031467768,0.095424303,0.481875154,0.70949889
TDP2,1940.145265,0.034324646,0.056315839,0.481959525,0.70949889
CERS2,5658.987923,0.026146312,0.040584249,0.481990205,0.70949889
LARP4B,3997.067382,-0.027272875,0.046676922,0.482079908,0.70949889
WDR83,344.2575573,0.037387958,0.075746005,0.482109956,0.70949889
ISCA1,490.1872674,-0.036922595,0.071605597,0.482137377,0.70949889
ZNF589,1439.866374,-0.032480209,0.053087075,0.482277244,0.709623037
CEP192,911.9357488,0.037973911,0.065392135,0.482521771,0.709859839
KLHL20,564.2899484,0.037874359,0.068977115,0.482554606,0.709859839
ATPSCKMT,270.255973,0.037129295,0.082832014,0.482604749,0.709859839
TXNDC12,2798.961061,0.032194171,0.053620696,0.482668951,0.709868303
ZNG1E,564.2066651,0.036757358,0.072679037,0.48272155,0.709868303
RAB40C,658.6366352,-0.0365582,0.069197524,0.483207987,0.71050191
TRAFD1,1703.092379,-0.034946952,0.062220617,0.483342617,0.710618141
SHFL,2541.632213,0.032514001,0.054583537,0.483412482,0.710639138
OMG,154.0795485,0.031546199,0.095219792,0.483562305,0.710777658
KIAA2012,33.91676215,-0.022745343,0.100575001,0.483718827,0.710851898
CCZ1P1,62.44817999,-0.027511938,0.098377246,0.483757581,0.710851898
NAA40,1164.024637,-0.036319867,0.068899548,0.483779614,0.710851898
NOXRED1,20.13447522,0.017783332,0.10190044,0.483817104,NA
FBXL16,29.73164429,-0.017643695,0.101810528,0.483865793,NA
ZNF320,256.1361648,-0.029183667,0.097217374,0.483994288,0.711022124
ZNF212,375.6830169,-0.036023268,0.076811949,0.484021295,0.711022124
PLEC,22848.02117,0.036127857,0.063377336,0.484145347,0.711022124
PREB,2019.051098,0.027706756,0.043835447,0.48415092,0.711022124
JUND,6077.303856,-0.035272579,0.067698833,0.484173532,0.711022124
ATG2B,840.8288084,-0.028554673,0.097351675,0.484267064,0.7110778
NIPAL3,843.7164894,-0.03509762,0.062910811,0.484359106,0.711131278
A2ML1,13.80162016,-0.015862812,0.102136529,0.484365704,NA
ATMIN,1563.50908,-0.034760017,0.061736909,0.484425787,0.711147512
SNAPIN,978.1972968,0.033254885,0.056985907,0.484499686,0.711174338
HHLA2,22.21248246,-0.016259987,0.102093157,0.484650042,NA
NOXA1,495.4433191,0.036989736,0.082488498,0.484826346,0.711509345
BAG5,1233.699045,0.031250668,0.05222099,0.484839219,0.711509345
TAP2,4747.212676,0.043827449,0.078922049,0.484912074,0.711534588
ATP5MC3,4763.251008,0.034468935,0.059725614,0.484992392,0.711570775
OR7D4,16.98586625,0.017072729,0.102001566,0.485186693,NA
CD1E,137.4588978,0.032122692,0.094304375,0.485207521,0.711777289
MRPL44,1056.381784,-0.0328448,0.055939979,0.485262531,0.711777289
ZNF655,1916.483033,0.029524185,0.047830537,0.485336676,0.711777289
JAKMIP3,11.91110308,-0.013378022,0.102452702,0.485350478,NA
TINF2,1351.939911,0.034353515,0.060507101,0.48535584,0.711777289
WDR20,702.8359847,0.036569178,0.073076552,0.48556293,0.711999319
RNF31,1962.829334,-0.033264321,0.057557452,0.485763618,0.712196175
DEAF1,1273.987248,0.033697315,0.059354813,0.4858555,0.712196175
GTPBP3,471.8462768,-0.036666651,0.072049753,0.485907095,0.712196175
RBBP5,631.6133239,0.036472105,0.066988682,0.485955346,0.712196175
STAB1,21570.576,-0.036124302,0.070130443,0.485975708,0.712196175
EFNA4-EFNA3,10.20563661,0.010411094,0.102743477,0.486006154,NA
OXLD1,635.4054993,-0.036550165,0.07128687,0.48604291,0.712213021
GTF3C4,994.1063379,-0.03492261,0.062346238,0.486286957,0.712488969
SHISA4,28.12648551,-0.019301147,0.101509193,0.486381853,NA
TRMT61A,516.5689334,-0.03631765,0.070081042,0.48648712,0.712589771
SUPT20H,981.5517919,0.036519397,0.06892222,0.48648734,0.712589771
SOX8,38.70072269,0.024625666,0.099825341,0.486522965,0.712589771
GRTP1,27.10416903,0.021287742,0.101038026,0.486554802,NA
IFI27L1,153.1304261,-0.034960479,0.087186655,0.486585444,0.712599645
OR4K17,51.38688013,0.026428998,0.098953738,0.486652613,0.712616385
MBOAT2,17.34045398,-0.013992278,0.102330375,0.48669101,NA
PHF2,910.4530445,-0.034091656,0.062254764,0.486796952,0.712746109
APBB1,11.68875621,0.012558591,0.102542191,0.486814896,NA
PDCD6-AHRR,13.64480498,-0.004402242,0.103027864,0.486831777,NA
SLC24A2,30.45453874,-0.021197518,0.100974646,0.486981677,0.712934929
CLN8,2980.268265,-0.035449617,0.065253232,0.487055256,0.712961009
RHOD,8.151483411,0.010354918,0.102743007,0.487381065,NA
PPP1R36,12.19325246,0.014268226,0.102354522,0.487410853,NA
SLC2A10,30.4660239,0.019823928,0.101288406,0.487455852,0.71346572
SPART,1833.747149,0.035042082,0.063223994,0.487630797,0.71364008
RPL21P115,8.933609393,0.011747529,0.102619264,0.487897581,NA
PPIL3,671.735665,0.036760958,0.074513718,0.487924413,0.713886284
EXOC3L2,16.26761577,0.017334205,0.101905257,0.48796927,NA
IL23A,32.65598326,-0.021405526,0.100804893,0.487993544,0.713886284
GP6,15.73921781,-0.014460732,0.102263947,0.488037378,NA
SLC18A1,9.974063956,-0.012114816,0.102561519,0.488207862,NA
PIP4K2B,1746.058735,0.03505439,0.064131397,0.488286496,0.713886284
UBA52,12905.9568,-0.032356673,0.057458712,0.488297918,0.713886284
KANTR,238.7380644,-0.035841384,0.087503284,0.488310132,0.713886284
KAT6A,2055.800054,0.032670228,0.055923819,0.488313926,0.713886284
RHOG,3431.608681,-0.031255858,0.052580853,0.488363192,0.713886284
NUBP1,997.2786973,-0.031818549,0.05378922,0.488374635,0.713886284
BAIAP3,12.12580074,-0.011892037,0.102535087,0.488408598,NA
CPSF2,2045.68569,0.033792636,0.058836276,0.488419155,0.713886284
POLR2G,1221.676445,-0.033906642,0.060023824,0.488481916,0.713886284
PYROXD1,394.7247111,0.032450887,0.094415318,0.488514668,0.713886284
ACAD9,1342.835369,-0.031952944,0.054158345,0.488521793,0.713886284
GSS,1490.287228,0.031058846,0.051830924,0.48852492,0.713886284
PCDHA5,13.00403218,-0.014427615,0.102305487,0.488654832,NA
SIGLEC1,14244.58989,-0.035482702,0.076722189,0.488665696,0.714010391
KLHL29,23.84161537,-0.019431994,0.10138689,0.488707323,NA
VAPA,3145.48596,0.030172545,0.049328575,0.488865481,0.71422068
CREG2,50.80638817,-0.026944233,0.098511217,0.489166169,0.714578322
HAVCR1,57.45895291,0.020618808,0.101091437,0.489257618,0.714630258
ZKSCAN4,362.2002767,-0.036710266,0.079094183,0.489385452,0.714735321
CSTPP1,339.937948,-0.036472515,0.081463167,0.489627825,0.714984802
COPS4,750.2341167,0.03452627,0.06257392,0.489668121,0.714984802
SH2D3A,53.21516473,0.0233121,0.100323371,0.489805009,0.715103008
NUAK1,1301.631846,-0.036159656,0.070173447,0.489987903,0.715288347
TRPM7,2126.446334,-0.034831272,0.063810049,0.490257109,0.715599628
KCNF1,163.7007341,-0.034189065,0.090199542,0.490391974,0.715678975
RNF113A,649.5059776,0.035123899,0.067875041,0.490437258,0.715678975
XRRA1,138.3355246,-0.029462955,0.09667127,0.490530655,0.715678975
PPT2,464.3762762,-0.030826218,0.089537494,0.490535382,0.715678975
GPD1L,479.5532277,0.038045093,0.074296468,0.490651332,0.715766463
MRPS18AP1,18.17974253,0.017314329,0.101851074,0.490719658,NA
ATP6V1A,3824.509854,-0.034117776,0.061338528,0.490760992,0.715844755
DLK2,26.47458725,-0.020603844,0.101049133,0.490763082,NA
TRMT10B,237.1024795,0.03566771,0.087148301,0.490861769,0.715910075
MDGA1,18.48877968,0.012445806,0.102483899,0.49096139,NA
CTU2,313.8132791,-0.036497309,0.080602592,0.491098864,0.716174174
AGAP9,395.9800356,-0.036492078,0.078854267,0.491161518,0.716183851
TRIM3,364.9539871,0.036685711,0.07863258,0.491246375,0.716225899
TTYH1,131.120558,-0.031944408,0.09348016,0.491324062,0.716257484
NPIPA2,19.7366265,-0.01946539,0.101341973,0.491395952,NA
SMIM36,23.67389456,-0.018778649,0.10152966,0.491409288,NA
FOSB,23.6016099,-0.018520846,0.101496145,0.491809248,NA
DAD1,2755.373639,0.034089877,0.060328691,0.491862221,0.716960267
NAV2,27.81384086,-0.012733593,0.102454715,0.491951973,NA
BCLAF1,3430.34733,0.030766287,0.050927515,0.492059698,0.717093246
POLR3D,705.6841492,0.035873026,0.068365303,0.492114897,0.717093246
PLEKHA2,2946.429357,-0.032100466,0.054653934,0.492121716,0.717093246
ELMO3,123.7363223,0.030807311,0.095033271,0.492306765,0.717213036
STPG3,10.98162178,-0.013856993,0.102322522,0.492316899,NA
UBFD1,1549.413105,0.036428704,0.074481902,0.492360818,0.717213036
ZNF749,90.79841905,0.026941129,0.09842036,0.492372219,0.717213036
TSPAN13,2639.927585,-0.034258615,0.062372081,0.492467528,0.717252823
DAP3,2033.017872,0.03348713,0.059650792,0.492529218,0.717252823
OR2L2,20.22718689,0.017784425,0.101745322,0.492593466,NA
B9D2,225.7049263,0.035988642,0.084088372,0.492620839,0.717252823
SEPTIN14,61.08036631,-0.029039597,0.096846452,0.492623937,0.717252823
FLACC1,20.88652063,-0.016116992,0.101964919,0.492633294,NA
MCTS1,734.5580389,-0.035495891,0.067309031,0.492758521,0.71736708
XKR8,654.4909407,-0.035573914,0.068228763,0.492984699,0.717614639
GALNT1,4008.24246,-0.035176251,0.066942357,0.493080751,0.717672746
NISCH,2965.202991,-0.033443801,0.059776259,0.493295459,0.717903522
OR14J1,81.06992272,-0.029374573,0.096271641,0.493642648,0.718255703
KDM1B,1187.790455,0.036248726,0.073842361,0.493649814,0.718255703
MTND1P23,140.4836437,-0.031913759,0.093456563,0.493776256,0.718318193
RPLP0P2,22.2668632,0.019543643,0.101296013,0.493790404,NA
SCYL3,374.1568118,0.036394263,0.077700746,0.493805131,0.718318193
NDUFV2P1,119.4629872,0.03346495,0.091390667,0.493952883,0.718451377
ARL6IP4,2770.56393,-0.024607033,0.048938617,0.49407841,0.718527735
VCP,10710.7827,-0.0302869,0.050966295,0.494117782,0.718527735
INTS4,797.1001137,0.034149104,0.062223971,0.494191538,0.71855326
ATG9A,2093.658028,-0.035496642,0.069102031,0.49434353,0.718692521
TMEM14C,3165.894392,0.034155336,0.062377148,0.4947134,0.719148473
CSNK1G3,727.7606745,0.036748066,0.075785423,0.494790605,0.719178932
GRK7,11.51848665,-0.014399229,0.10223614,0.494830131,NA
PIP4P1,1642.688522,-0.031059718,0.053733479,0.494958052,0.719340535
SNX20,1209.062368,0.033306659,0.062180705,0.495120266,0.7194945
EPHX4,6.198081837,-0.009101947,0.102770443,0.495305446,NA
ZNF142,951.6067984,0.035684948,0.072089715,0.49535521,0.719690724
FANCA,800.7664767,0.036139992,0.078361207,0.495368525,0.719690724
FASTKD5,501.5653218,0.035590548,0.069221664,0.495424174,0.719690724
KCNJ6,61.91827585,-0.024785081,0.099590267,0.495497311,0.719715192
PGA3,64.53134958,-0.024803462,0.099291515,0.495576815,0.719748902
GLCE,808.1184096,0.034879723,0.062007037,0.495752256,0.71989805
CD164,17895.75723,0.033972448,0.0495424,0.495798795,0.71989805
ANKRD63,231.6567365,0.035508594,0.084968687,0.495848434,0.71989805
TCF12,2289.283261,-0.033910666,0.061592108,0.496124853,0.720024678
ENTPD4,1552.388316,0.033004646,0.057166535,0.49613959,0.720024678
DCP2,1833.749553,0.036624278,0.069148191,0.496171376,0.720024678
G2E3,408.020197,-0.035017332,0.088027749,0.496299605,0.720024678
RPL13P5,42.13348596,0.025585984,0.099511951,0.496403543,0.720024678
NUP85,1234.091507,0.035023093,0.062022418,0.496415108,0.720024678
ATOSA,707.2969214,-0.034616389,0.065291005,0.496421363,0.720024678
TK2,2291.578736,-0.034185588,0.062202673,0.496423484,0.720024678
TDRD6,2084.880118,-0.03565823,0.072836318,0.496442514,0.720024678
CD70,11.86705864,0.012772106,0.102533922,0.496468761,NA
SNRNP70,8660.428488,-0.034374829,0.068189649,0.496777968,0.720291779
MARCHF8,1233.190269,-0.035810022,0.072250051,0.496782656,0.720291779
ZNF141,435.2331168,-0.034799871,0.082808442,0.496846125,0.720291779
FBXW2,1846.120802,0.029564749,0.049601521,0.496862852,0.720291779
CDH13,21.36203641,-0.013223161,0.102332154,0.496888196,NA
NAB2,1977.896848,-0.035095795,0.068270065,0.497059239,0.720291779
CLCN1,30.95785211,-0.020912554,0.100780379,0.497063877,0.720291779
EDA2R,65.61271427,0.024228328,0.099847321,0.49706858,0.720291779
GRIN3A,129.8047851,0.031349235,0.09394457,0.497077385,0.720291779
SHLD2P1,5.910853413,-0.008953411,0.102783727,0.497135943,NA
CHORDC1,835.1536537,0.035868006,0.075098544,0.497178535,0.720350271
FOXM1,1481.417266,-0.033645076,0.061507319,0.497230437,0.720350271
TMEM217B,8.26143612,-0.009442313,0.102731833,0.497247335,NA
ANKRD61,23.27334917,0.020663161,0.100892418,0.497317854,NA
AKR1A1,5410.04944,0.023274093,0.037117451,0.497358947,0.720454808
HDGFL2,1711.381348,-0.03079837,0.051901067,0.49743266,0.720479955
METTL26,803.7586485,-0.035116749,0.068889592,0.497792698,0.72091976
JSRP1,41.18167814,-0.023045217,0.099843996,0.497899529,0.720992805
IKZF5,441.060438,-0.0335763,0.09032209,0.498070242,0.721060032
ACBD3,2123.512001,0.031276402,0.054376891,0.498107324,0.721060032
HSDL2,823.2105044,-0.034807489,0.06999757,0.49811515,0.721060032
ALG13,801.5151878,-0.034569565,0.086435242,0.498235693,0.721124193
PSMG2,1122.764902,-0.031533271,0.054248532,0.498272282,0.721124193
ADPGK,5677.954598,0.026027063,0.041388301,0.49833597,0.721124724
CCDC30,183.6527169,0.026826971,0.097975437,0.498385457,0.721124724
MPL,19.4419806,-0.012035769,0.102353189,0.498453973,NA
C1orf116,10.61475699,-0.012790167,0.102379679,0.498569347,NA
SAFB2,3228.240832,-0.034609915,0.065466859,0.498578361,0.721208479
MINDY4,18.60754145,0.018084339,0.101557631,0.498581416,NA
TIMMDC1,1528.86555,0.032569677,0.058055966,0.498586042,0.721208479
AFAP1,1294.44612,0.030265042,0.058398943,0.498612573,0.721208479
BTN3A1,700.8293833,-0.035832863,0.078131087,0.498698849,0.721251672
GUK1,2694.262652,-0.028286381,0.046092195,0.498814193,0.721336891
GREM2,7.262330396,0.011316784,0.102584118,0.498860393,NA
FAM156B,545.764268,0.014196555,0.102274087,0.499026622,0.721562471
ZCRB1,918.2773872,-0.033264456,0.062566912,0.499108946,0.721599895
KLF8,96.18236217,0.028014679,0.09703953,0.49922116,0.721680521
RPL23A,4175.6576,0.039293299,0.073459583,0.499349806,0.721773407
CDH1,26.17231121,-0.01144148,0.102511186,0.499366647,NA
ABRAXAS2,1026.419963,0.032547447,0.058214347,0.499398323,0.721773407
CCT6B,47.62553615,0.023864375,0.099614579,0.499526951,0.721814276
BICD1,648.4029995,-0.035724082,0.07427646,0.499585244,0.721814276
AREL1,1676.559974,0.031228769,0.054510005,0.499595974,0.721814276
RNF145,4717.237461,0.037588854,0.068550536,0.499831186,0.722072509
ETFRF1,267.4218156,-0.03480344,0.08652765,0.49989341,0.72208081
GPD2,2777.285295,0.03624602,0.072312109,0.499981337,0.722126231
PGGHG,432.1340545,-0.033297321,0.090606324,0.500083266,0.722191862
SAMD13,9.656995836,0.010800726,0.102586126,0.500159362,NA
ILK,3289.011573,-0.030717388,0.053488883,0.500200745,0.722248081
CHD8,3465.279545,0.039753592,0.061387697,0.500305806,0.722248081
ARMC6,910.948479,0.035806779,0.076606249,0.500319974,0.722248081
NIBAN3,56.73827359,-0.023951069,0.099434251,0.500348162,0.722248081
KIF5C,80.74655705,-0.029398246,0.095537251,0.500754208,0.722677883
LSP1P4,73.57774605,-0.029062518,0.09597568,0.500758965,0.722677883
TAF5L,1024.729471,0.035512697,0.072616753,0.500829297,0.722697806
CACNA2D2,10.0556291,-0.012448621,0.1024126,0.500845745,NA
ANO8,817.5779628,0.038941325,0.076988335,0.500951639,0.722705626
RCCD1,645.8555919,-0.034991189,0.068285955,0.500988723,0.722705626
RRP1B,1360.632831,0.030247991,0.05146098,0.501004299,0.722705626
KIAA1586,156.7510591,-0.031218252,0.093400263,0.501114622,0.722783217
OTOAP1,37.66544474,-0.017275672,0.101624932,0.501333136,0.723016824
PCDHA12,20.51029173,-0.017442823,0.101579073,0.501514489,NA
TCEAL1,534.3438363,0.036298105,0.070686525,0.501551745,0.723109476
TM9SF1,2087.787815,-0.032320695,0.057960011,0.501612784,0.723109476
FBXO4,179.0524285,0.034176396,0.088054659,0.501616233,0.723109476
ZNF805,191.1690387,0.034396231,0.087020657,0.501623617,0.723109476
SLC35A3,556.5526718,0.035692536,0.076106882,0.50169482,0.723130583
TRMT1L,909.1442112,-0.035562054,0.075096789,0.501765885,0.723151487
CERS1,73.8810135,-0.029596156,0.095157357,0.501824149,0.723153939
C8orf88,10.64147228,0.012993062,0.102351403,0.502221998,NA
SLC25A34,76.55268776,-0.023686283,0.099412796,0.502316155,0.723781363
MCUR1,702.7681979,0.034222723,0.066210369,0.502490793,0.723951408
SUMF1,1535.218465,-0.032012622,0.057454656,0.502599162,0.723989229
PROK2,7.270837338,-0.011166706,0.102550152,0.502623448,NA
DFFA,1175.680521,0.034831408,0.068352573,0.502630301,0.723989229
RNF157,18.20003523,-0.01540003,0.10190137,0.50275986,NA
KCNG4,10.33709325,0.012420404,0.102437452,0.502876005,NA
TAX1BP1,4193.44272,-0.029409761,0.050435206,0.503126847,0.724603471
APP,17719.25267,0.036452449,0.063155287,0.503170091,0.724603471
PSMC6,1480.412798,0.031328677,0.054950224,0.503297976,0.724706005
ZNF969P,13.49363356,-0.014873321,0.102045872,0.503392353,NA
C1orf174,803.6726688,0.034412298,0.066204197,0.503396602,0.724746798
EFCAB11,230.7161796,-0.033971811,0.087666938,0.50343968,0.724746798
RGPD4,25.08132305,0.018719581,0.101271018,0.503643008,NA
PEX19,1983.075141,-0.032661687,0.059833581,0.503727624,0.725079674
TMEM276-ZFTRAF1,13.66002657,-0.009640509,0.102656326,0.504092722,NA
KNL1,823.601869,-0.035498285,0.071037445,0.504163464,0.725528936
TRIM46,114.6084499,-0.027556711,0.097081111,0.504281967,0.725528936
SOD1,2285.128471,0.033482099,0.062755737,0.504312076,0.725528936
WDR6,4718.779081,-0.024654178,0.040184085,0.504396288,0.725528936
HSD17B10,936.0490551,-0.03042188,0.053682671,0.504433454,0.725528936
PLA2G4A,566.2729082,-0.034577981,0.068300779,0.504522749,0.725528936
RIOX1,572.526749,-0.034923477,0.071174231,0.50459391,0.725528936
EPHA7,64.50345787,-0.026216617,0.09780097,0.504662776,0.725528936
DDX20,607.2969091,0.034417565,0.065087631,0.504680628,0.725528936
FAM120B,1089.996004,0.032512795,0.059313851,0.50473835,0.725528936
MISFA,17.40778801,0.016384105,0.101764821,0.504806569,NA
CPQ,904.535611,-0.033606459,0.063745974,0.504831528,0.725528936
WDR48,1038.287221,0.034557652,0.066474141,0.504856105,0.725528936
ZNF296,142.8884665,-0.033802827,0.087545847,0.504870007,0.725528936
ZNF184,195.6810569,0.032899798,0.090228504,0.504870228,0.725528936
GPRC5C,24.89425585,0.017646788,0.101505044,0.504901228,NA
ZNF711,56.06391266,0.024420715,0.09894175,0.504929887,0.725528936
NIBAN1,6201.329895,-0.030358209,0.052901564,0.50494771,0.725528936
ZNF154,154.7887026,-0.033571198,0.090533564,0.505072585,0.725562474
IPO9,2338.187798,0.03524147,0.078606618,0.505084553,0.725562474
ALDOC,71.35321856,0.021949608,0.100204685,0.505359985,0.725876577
WASF3,13.62620141,0.014330857,0.102168998,0.505421517,NA
SLC6A17,34.8491124,0.022024545,0.100188373,0.505610254,0.72608095
DMAC2L,234.9636382,0.034028901,0.086879096,0.505717965,0.72608095
SMG1,4708.36846,0.031578723,0.056531641,0.505731593,0.72608095
GRSF1,2445.408321,0.032419589,0.059612643,0.5058672,0.72608095
MNS1,74.55254818,-0.028436631,0.096067535,0.505868756,0.72608095
GLI1,30.46440503,-0.015304424,0.10187526,0.505937277,0.72608095
CKAP2L,493.2445242,0.034546448,0.084492982,0.505951265,0.72608095
ANKRD50,772.7135977,-0.033810983,0.065004316,0.505998978,0.72608095
SRGAP2,3510.54895,0.031654984,0.05939602,0.506102139,0.72608095
OPRM1,93.60628067,0.027679571,0.096839765,0.506176177,0.72608095
ASH1L,1884.664193,-0.032530941,0.060218868,0.506178421,0.72608095
PSME3IP1,1945.975289,0.03308554,0.062160383,0.50625842,0.72608095
ASB16,163.7968702,-0.034306727,0.085354102,0.50626639,0.72608095
MPEG1,969.4565252,0.034756908,0.071497942,0.506319797,0.72608095
METTL6,339.2371174,0.034616186,0.084027761,0.506354146,0.72608095
RNF152,9.251464381,0.006969823,0.102841491,0.506958438,NA
NOC2L,2690.640348,-0.028998113,0.04948078,0.507040934,0.726984226
RALGAPB,1695.855983,-0.03102924,0.055106914,0.507219912,0.727159293
TYRO3P,11.58251711,-0.012926665,0.102309971,0.507221527,NA
KLRA1P,16.60215043,0.016037727,0.101832937,0.507260348,NA
RPP30,598.5627055,0.033370292,0.062231207,0.507314966,0.72721402
FBXO3,500.4951207,0.035006236,0.080957208,0.50752427,0.727432488
EMC9,440.2620205,-0.034352263,0.069033887,0.507656841,0.727482771
ARL3,274.1236197,0.034097594,0.082269726,0.507688112,0.727482771
HECTD1,4943.006492,0.034274168,0.06342181,0.507730056,0.727482771
SART3,1862.964562,0.027601122,0.047767584,0.508177801,0.728042715
CILP2,11.36189878,-0.014284539,0.10205427,0.508186738,NA
ENPP6,13.34030744,-0.014227808,0.102079901,0.508449528,NA
STARD5,155.409173,-0.031121578,0.092628315,0.50863967,0.728554917
CLCN3,2467.999561,-0.028471539,0.049072139,0.508649291,0.728554917
CD3G,9.717728395,0.012149384,0.102407913,0.508721027,NA
EIF2B4,1059.557878,0.031192371,0.055659685,0.508970179,0.728932871
GNMT,24.08036707,-0.01947749,0.100898037,0.509086495,NA
WSCD2,10.93641757,0.008828688,0.102679389,0.509143209,NA
WASH4P,35.86415099,-0.018720012,0.101114431,0.509172931,0.729141569
ALOX12,148.0295452,0.031075843,0.092722443,0.509426121,0.729422439
CYP27C1,15.77007239,0.014043801,0.102126304,0.509541337,NA
PDCD6IP,5400.066455,-0.029492041,0.052650329,0.509633346,0.729526611
COL6A2,23082.86499,-0.037449059,0.060525011,0.509673718,0.729526611
UNK,1644.928153,0.033106991,0.061349357,0.509693695,0.729526611
DDB2,1100.462755,-0.034231314,0.06891824,0.509727119,0.729526611
NRROS,1935.721536,-0.031483244,0.057306289,0.509853229,0.729625423
SERBP1,7918.629692,0.02827965,0.057300344,0.509988664,0.729737557
AGL,886.0822261,-0.032461344,0.062988654,0.510110598,0.729766904
PFN4,16.24439108,-0.014112378,0.102099995,0.510146413,NA
RNF2,510.8762157,0.034353843,0.069379252,0.510149653,0.729766904
IGLV5-52,30.92756313,-0.019533006,0.100851476,0.510225991,0.729766904
GORASP1,1573.39368,-0.031397153,0.057471356,0.51024361,0.729766904
KRT8,170.5662646,-0.033497335,0.086828091,0.510294573,0.729766904
PLCD4,23.57192474,0.017560617,0.101469713,0.510310977,NA
VPS37D,29.01256179,0.017735033,0.101333964,0.510397544,NA
ERLIN2,1297.675616,-0.033296333,0.064341025,0.510400427,0.729836646
SLC7A6OS,894.836135,0.032520785,0.061014646,0.510518007,0.72992314
NELFCD,1664.488323,-0.034312185,0.069649247,0.51081646,0.730268191
DYNC2I2,698.1733596,0.033914442,0.066736893,0.510963984,0.730278119
RBM26,1539.614814,0.028345597,0.048853545,0.511019043,0.730278119
MOB3A,1306.474882,0.034449438,0.070911305,0.511021257,0.730278119
NIPSNAP1,899.8554305,-0.032714481,0.061992049,0.511103016,0.730278119
MYLK4,50.75402827,-0.019179133,0.100885368,0.511118326,0.730278119
TRIM52,494.1764199,-0.033270821,0.064624092,0.511166123,0.730278119
FRYL,1466.640634,-0.033592951,0.06663233,0.511416197,0.730475763
KIAA1217,31.77179689,-0.012637711,0.102286716,0.511418737,0.730475763
ADGRL2,23.13256765,0.015156776,0.101847603,0.511451299,NA
SLC49A3,1532.206565,-0.033756624,0.066919713,0.511525223,0.730537769
CMBL,178.5284953,0.028282174,0.095855963,0.511576429,0.730537769
UBAP1L,100.7161864,-0.027543687,0.097090761,0.511862506,0.730864657
UBE2C,761.0174346,0.033933522,0.063813033,0.511956106,0.730916674
CDPF1P1,25.59391843,-0.019645806,0.100754797,0.512177985,NA
TNFAIP2,3972.800023,-0.034161507,0.070892882,0.512200737,0.731007132
CTNNBL1,1555.110148,-0.033374635,0.065309162,0.512238218,0.731007132
BANF1,2999.291311,0.027067721,0.045562733,0.512296257,0.731007132
HEATR5B,1227.763131,-0.033678559,0.066733163,0.512304231,0.731007132
COG7,498.1503232,-0.034355611,0.079278351,0.51230535,0.731007132
PDGFRB,31.5796823,0.013439001,0.102201757,0.512367939,0.731014854
TACR2,28.68419708,0.02026816,0.10058529,0.512527394,NA
BOP1,1147.507632,0.033654569,0.066567485,0.512624011,0.731298592
MYL4,6.924476564,-0.010791839,0.102515586,0.512737386,NA
FGFR1OP2,1493.280421,0.031835841,0.059236966,0.512753791,0.73133472
MITD1,640.1636586,0.033781627,0.069781891,0.512807821,0.73133472
NLK,874.312912,-0.032692231,0.063109886,0.512820944,0.73133472
MT2A,845.7688988,-0.032450642,0.089228459,0.512879586,0.731336773
NCAPH,1316.047942,0.035103062,0.071881883,0.512964083,0.731375689
OTUD3,213.0562521,0.014023473,0.102089019,0.513121285,0.731518246
MT-ND3,24636.4705,-0.033641831,0.067317389,0.513459257,0.731908415
C1QTNF12,17.27271873,0.016855806,0.101525561,0.513493363,NA
OMD,12.7019719,0.014323977,0.102047354,0.513506391,NA
ZNF532,680.6511054,-0.034915247,0.075770699,0.513536252,0.731908415
C17orf107,35.38621538,-0.022407767,0.099618092,0.513692518,0.731908415
TP53AIP1,6.617183856,-0.010390328,0.102526006,0.513747709,NA
HAL,70.8199819,-0.021117007,0.100131163,0.513770548,0.731908415
RASAL2,3770.599779,0.037130612,0.063755722,0.51377733,0.731908415
ZXDB,242.1823033,-0.034137912,0.082414268,0.513786729,0.731908415
HACD1,91.76689626,-0.024333244,0.098579042,0.513830563,0.731908415
FARS2,325.1974421,0.034385406,0.080319115,0.513852947,0.731908415
NID2,10.04489853,-0.009972155,0.102581064,0.513865574,NA
ACTR1A,3875.434674,-0.017760506,0.037747467,0.513946029,0.73195945
PDCL,653.1286757,0.033535681,0.066842653,0.514120399,0.73208505
LAMB1,89.84114431,-0.022703695,0.099223424,0.514169077,0.73208505
GARNL3,30.72870106,0.013078881,0.102194181,0.514250996,0.73208505
PRR7,13.64006427,0.015079882,0.101898881,0.514262231,NA
ZNF440,159.3434155,0.032992268,0.087841758,0.514279214,0.73208505
DCLRE1B,832.6077753,-0.033973765,0.065835404,0.514320526,0.73208505
NECTIN1,360.3540958,-0.033074169,0.08021743,0.514490059,0.732244841
DERL1,2666.185143,-0.033054671,0.064712978,0.514812371,0.732588284
PLCD3,167.761432,0.025474864,0.097869551,0.51484597,0.732588284
SMTNL1,21.64558246,-0.01793056,0.101183363,0.515084819,NA
TUBGCP5,581.5912509,0.034763897,0.075747101,0.515087683,0.73285066
FAU,4268.009741,0.030608888,0.055825777,0.515221073,0.732958876
FER1L5,18.19378576,0.016382018,0.101613235,0.515314584,NA
RNF19B,2003.185583,0.02900804,0.051495038,0.515401525,0.733051596
PEX10,598.7914179,-0.033721201,0.07419708,0.515417993,0.733051596
COA8,588.715412,0.032899502,0.068901569,0.515458259,0.733051596
MPZL2,12.98725899,-0.014422299,0.101985124,0.515504962,NA
CFAP53,18.65911697,0.016616755,0.101567244,0.515659519,NA
CD99P1,74.2522447,-0.027001536,0.096519704,0.515756599,0.733394296
DUSP15,16.32722585,-0.015694389,0.101708244,0.515864707,NA
AP4M1,335.1591811,-0.035409055,0.082615088,0.516008178,0.733670436
C21orf91,227.0965335,-0.029139605,0.094447557,0.516169218,0.733817798
ZNF846,230.0034607,-0.030998658,0.090837876,0.516303677,0.733927342
GUSBP14,87.28387767,0.025730215,0.097674109,0.516445936,0.734047948
PROX2,28.80170467,-0.015670631,0.101661934,0.516484349,NA
TEX261,2205.041415,-0.034684844,0.076874899,0.516587161,0.734090256
PDIA3,11697.17225,-0.030146648,0.055069117,0.516590538,0.734090256
ZKSCAN1,1894.358134,-0.032223561,0.061951809,0.516710973,0.734179795
KCNH1,13.79942936,0.011391843,0.102437318,0.516814168,NA
TXNRD3,268.4150811,0.034330408,0.080371843,0.517064865,0.734593746
PIGL,258.0347178,0.033503269,0.083370174,0.517117225,0.734593746
ARRDC3,424.7074564,0.033769264,0.087312951,0.517234673,0.734668674
PRPS1P2,20.67528257,-0.016654066,0.101508922,0.517260312,NA
TIE1,178.3674215,-0.028693201,0.094384247,0.517376403,0.734668674
MOK,74.06504977,-0.025347246,0.097687085,0.517384481,0.734668674
TLR3,355.3203842,0.034303172,0.076363504,0.517399823,0.734668674
CREB3L4,120.3052876,-0.03141893,0.090672524,0.517509585,0.734742925
NEURL1,11.96639527,-0.011507646,0.102418074,0.517643767,NA
MRPL48,262.9058056,0.032149925,0.089640254,0.517689263,0.734916415
XPNPEP2,15.1869889,-0.015317244,0.101771133,0.517718855,NA
BEND3P3,63.11056785,-0.026309102,0.096995643,0.517795183,0.734985168
SPIB,15.82229859,-0.014964085,0.101809069,0.517967178,NA
LEPR,335.4067044,0.034249667,0.077321882,0.517968758,0.735082642
TMEM109,2931.490645,-0.029212621,0.0524648,0.517978844,0.735082642
ZCWPW1,150.7052318,-0.029271174,0.09366206,0.518168113,0.735120032
LNP1,26.4939961,0.014424439,0.10196191,0.518171471,NA
TGFB2,136.4586598,0.030361088,0.092502809,0.518201086,0.735120032
KCNMB3,35.64907061,0.019445172,0.100666326,0.518273435,0.735120032
EXOC7,4110.251792,-0.03138054,0.059372663,0.518281375,0.735120032
ZCCHC3,1433.180212,-0.028220178,0.04970173,0.518348744,0.735120032
PTGES2,1694.038314,0.028077577,0.04924424,0.518350183,0.735120032
GNPTAB,4658.300154,-0.027289182,0.048041576,0.518499487,0.735250215
SMPD5,16.92606998,-0.015719235,0.101643939,0.518633969,NA
SLC25A53,113.0708459,0.030432053,0.092474667,0.518665523,0.735404093
OR5H14,8.528388039,-0.011721507,0.102366866,0.518917888,NA
PLIN4,73.50862809,0.024234176,0.098490319,0.519020514,0.735759125
ASAP2,35.73697294,0.011960935,0.102344527,0.519031017,0.735759125
MYO10,985.9069549,-0.032140934,0.062272842,0.519123114,0.735808094
ARRDC4,1209.068773,-0.032254899,0.063315784,0.519229667,0.73587754
PCBP4,46.87556152,0.020670142,0.100195326,0.51933185,0.735940779
GALK1,716.2445536,0.03460675,0.070696477,0.519708424,0.736392796
RPL39P40,26.23017084,-0.018242431,0.10099018,0.519760218,NA
MEX3C,955.8785646,0.031905261,0.060339343,0.519847944,0.736508861
LINGO1,20.6419037,0.014978118,0.101815361,0.520021391,NA
KCNH2,8.424595253,-0.010693682,0.102456442,0.520076276,NA
EIF4A1,16433.32977,-0.025035841,0.043789942,0.520246473,0.736991817
KLB,7.895063615,0.011914521,0.102356341,0.520246476,NA
CICP15,10.16958065,-0.006728249,0.102848398,0.520437635,NA
TBC1D15,1512.825705,-0.032920027,0.066076111,0.520819175,0.737721377
MKI67,6261.455225,-0.027017055,0.047664332,0.520934489,0.737802973
RIMOC1,896.8670566,-0.030092879,0.054947628,0.521180474,0.738069601
CCDC87,8.242284562,-0.010745728,0.102469023,0.521274178,NA
ELMO2,2093.515259,-0.029602297,0.054391466,0.521547702,0.738507849
AK3,1026.565712,-0.032291112,0.066465667,0.521668215,0.738596693
CISD3,1143.942896,-0.028332647,0.050928225,0.521733445,0.738607252
ORMDL1,1178.639004,0.03217036,0.065404504,0.521934134,0.738809556
RBP1,21.83311142,0.014401339,0.101919918,0.52194461,NA
EHD3,119.1463447,0.031218425,0.090653877,0.522147438,0.738952039
EMC8,808.8301089,0.035749109,0.07612527,0.522150389,0.738952039
CRYZP1,8.419074297,-0.010186758,0.102525017,0.522194139,NA
HUS1,458.3231078,0.033816304,0.078708101,0.522344879,0.73906385
TAF11,850.5681835,0.033155232,0.068519086,0.52234501,0.73906385
RFTN2,26.76306636,-0.013277558,0.102032782,0.522591963,NA
DSTNP1,42.81513404,-0.020953052,0.099963229,0.522917653,0.73979221
SUSD4,8.6929789,-0.011875693,0.102305688,0.522999649,NA
TNFRSF11A,2172.094333,-0.033016319,0.068965324,0.523081092,0.739941554
DCN,123.9980912,0.026178185,0.096824782,0.523385255,0.740289909
LRRC56,42.06245612,-0.02393013,0.09824145,0.523652169,0.740566772
KBTBD3,68.31976735,-0.024911663,0.097531488,0.523696847,0.740566772
ADAR,13501.24189,0.028190996,0.050655397,0.52382572,0.74066709
SWAP70,3742.850949,-0.021683316,0.039208631,0.524181744,0.741055073
TCAF1P1,120.439495,-0.024638421,0.097925972,0.524266731,0.741055073
LACTB2,623.7292542,0.0323247,0.06294983,0.524350028,0.741055073
LRCH1,1910.292804,0.02736783,0.0507589,0.524423383,0.741055073
TRAF3IP2,456.0980007,0.03319217,0.084649645,0.524428621,0.741055073
CASP8,1203.061451,0.030803337,0.058553269,0.524447892,0.741055073
ZNF826P,23.7466008,0.017025731,0.101259507,0.524449685,NA
LIPT2,105.7919582,0.027846409,0.095074574,0.524601602,0.741190351
NUP43,532.592147,-0.032775921,0.067481383,0.524746019,0.741312469
ZBED10P,41.55500285,0.02318206,0.098827445,0.524890506,0.74135179
TGFA,154.4321727,0.021157929,0.09986952,0.524899278,0.74135179
LLGL1,697.5802206,0.033726512,0.069526052,0.52494781,0.74135179
IL17RE,30.77834118,0.020481416,0.100150896,0.525009315,0.741356759
LRRTM2,11.53167737,0.009601076,0.102564747,0.52501863,NA
TMEM243,783.7894743,0.03054581,0.057808166,0.525097243,0.741399033
ZNF622,2172.397038,0.026801958,0.047005177,0.525262702,0.741550756
NR2C2,1776.09824,-0.028870744,0.093694055,0.525431717,0.741707465
COMMD5,1131.593375,-0.029407935,0.053913659,0.525503855,0.7417274
EYS,21.51756042,-0.016850511,0.101248133,0.525629963,NA
SIGMAR1,2132.28781,-0.028246056,0.051492456,0.52564171,0.741840077
TRPV3,22.94179638,-0.017058061,0.101134372,0.525670417,NA
PLK5,10.4464065,-0.012071178,0.102236007,0.525745215,NA
PLEKHJ1,1770.207311,-0.029097366,0.055569184,0.525811197,0.741997369
ADGRD2,11.58615796,-0.013844793,0.101945927,0.525845489,NA
CALHM1,9.700195383,0.012108913,0.102271322,0.526086329,NA
SMS,4456.790497,0.02926177,0.054266156,0.526152163,0.742396579
DLGAP1,13.89672055,0.011447638,0.102345749,0.526276778,NA
GRHL1,41.99323656,-0.017846974,0.100926913,0.526366075,0.74249661
L3MBTL3,166.0360497,0.028573332,0.094256422,0.526391204,0.74249661
NRBP1,3878.715803,-0.022001757,0.042753698,0.526397284,0.74249661
PTX3,14.2757874,0.01467029,0.101817008,0.526417043,NA
CASP5,100.523738,-0.023812329,0.098223674,0.526496855,0.742536027
ZNF429,136.9301184,-0.027962161,0.094635083,0.526578416,0.742536027
ZNF507,73.48530293,0.026525645,0.096213062,0.526599465,0.742536027
DUSP28,260.2729896,-0.033358174,0.078775115,0.526864593,0.742799671
ZNF614,164.6576999,0.032964577,0.085866988,0.526947069,0.742799671
PLPP5,584.8615504,-0.033182249,0.070541331,0.526960737,0.742799671
STK32C,221.5820215,-0.032937495,0.082937601,0.527041644,0.742831818
RP1L1,28.21679846,0.019554913,0.100402657,0.527240754,NA
HHEX,958.611193,-0.029511411,0.055410667,0.527253263,0.743035464
YY2,54.94974992,0.024233902,0.098056284,0.527302367,0.743035464
VTI1B,3154.669206,0.024208419,0.041819615,0.527394732,0.743056385
FLNC,58.92391703,0.024159007,0.098061292,0.527433453,0.743056385
ZNF792,118.7765419,-0.029892117,0.091946308,0.527536773,0.743120058
C2orf15,21.03059025,0.017395744,0.101114651,0.527590388,NA
ADAM10,8518.987317,0.026609637,0.04831203,0.528178575,0.74394217
WBP1LP2,7.732859392,0.010796464,0.102426393,0.528212958,NA
RETREG3,1653.66678,-0.029560128,0.058607371,0.528280337,0.744003537
CT45A5,7.730860999,0.010022463,0.102528637,0.528343172,NA
LRCH4,3387.812146,-0.032033958,0.066393866,0.528345728,0.744013673
ZFP69B,80.63391707,0.028553065,0.093924547,0.52849421,0.744098722
NDUFA10,2857.226905,-0.023964582,0.041707772,0.528542278,0.744098722
MAP2K4,1020.557783,0.030820119,0.059987944,0.528589409,0.744098722
PDE5A,57.24665687,0.022894879,0.098511656,0.528677472,0.744098722
GFUS,976.9195379,-0.030795977,0.06099981,0.528697129,0.744098722
LRRC14,940.5040066,0.032317327,0.066156316,0.528945337,0.744366112
ATG4A,502.0805347,0.032388999,0.066928247,0.52933978,0.744839213
TMOD4,15.47236827,-0.013984151,0.101866795,0.529442424,NA
SYNJ1,856.8805747,0.034252675,0.072935509,0.529565588,0.744887183
SHTN1,3747.421747,0.028932687,0.050446153,0.529666563,0.744887183
CLPP,1395.162829,-0.029803293,0.057084898,0.529677932,0.744887183
RFWD3,1076.185519,0.031009836,0.061604199,0.529793577,0.744887183
REV3L,886.5811455,0.032851197,0.069941379,0.52980908,0.744887183
TMEM132A,801.3683559,-0.032900338,0.072162122,0.529830536,0.744887183
GDPD1,99.84397963,0.027991342,0.094508059,0.529835928,0.744887183
SPTLC1,1797.784022,0.030403037,0.059119585,0.529839972,0.744887183
DDX12B,215.8289535,0.031227307,0.088810169,0.529905542,0.744897455
MFF,862.3354192,0.029814057,0.056666588,0.530041458,0.745006601
NXNL2,22.16804615,0.018077378,0.100901448,0.53015546,NA
SLC7A2,158.259439,-0.031867839,0.086428461,0.530256158,0.745113606
CSNK1G2,3021.124727,-0.033015368,0.070284626,0.530398915,0.745113606
GTF2H4,555.8365849,0.033041189,0.073213853,0.530542122,0.745113606
MOSPD1,773.1072985,0.032133322,0.065417097,0.530575009,0.745113606
FAM181B,13.14207498,0.012977448,0.102088776,0.530610693,NA
VPS16,1278.615693,-0.029963583,0.057575116,0.530633897,0.745113606
PAGR1,1125.482761,0.031155477,0.061761256,0.530665217,0.745113606
ZNF684,131.956606,-0.029878558,0.09120017,0.53072519,0.745113606
TMEM8B,33.03477522,-0.014926618,0.101597145,0.530729756,0.745113606
KCNJ1,58.60466715,0.02333778,0.098111582,0.530736045,0.745113606
DHPS,1164.128135,-0.029210681,0.053087746,0.530838179,0.745113606
DEPDC1B,287.6818177,0.032248436,0.079236839,0.530856469,0.745113606
ATP6V1E1,4240.205938,0.036822554,0.058479777,0.530870212,0.745113606
C8orf44-SGK3,67.83095125,-0.024922166,0.097003502,0.530937176,0.745113606
TRIM26,2205.724071,-0.031939888,0.065486448,0.530970166,0.745113606
WDR55,1696.529288,-0.02823222,0.05238187,0.530991793,0.745113606
USP54,502.8774916,-0.032270349,0.081801381,0.531107572,0.745194283
CLMP,39.87769047,0.016583772,0.101217721,0.531246541,0.745307476
TIA1,1244.751403,0.031760949,0.064419588,0.531319154,0.74532756
SPINK6,74.91978188,-0.024452417,0.097468287,0.531576105,0.745596126
TRAPPC5,1489.630486,-0.031712955,0.061294165,0.531703429,0.745596126
EPB41L4A,63.471985,0.023780888,0.098056093,0.53171586,0.745596126
MROH7-TTC4,63.73179965,-0.019490389,0.100228538,0.531780047,0.745596126
PREP,1392.957822,0.029784251,0.05726666,0.531872029,0.745596126
PTPN9,3267.819712,-0.031728454,0.064942505,0.532045448,0.745596126
RFXAP,105.0978172,0.026931796,0.095443763,0.532059025,0.745596126
ST6GALNAC2,29.59925472,-0.014561321,0.10164671,0.53206599,NA
ELAC2,2234.137882,-0.032162402,0.067294477,0.532076967,0.745596126
ZNF827,612.091799,-0.031287336,0.088227156,0.532161045,0.745596126
HYCC1,926.6467036,0.032395604,0.083563184,0.532195449,0.745596126
MDP1,206.2249148,0.032500136,0.083451155,0.53220144,0.745596126
MANSC1,41.107898,0.017861543,0.101402475,0.532210422,0.745596126
TSNAX,1530.61519,0.030261652,0.058398907,0.532424112,0.745660291
RPA3,329.6304247,0.032140512,0.085211126,0.532458259,0.745660291
SMAD2,2180.493439,0.037235774,0.063096572,0.532481338,0.745660291
GOLPH3,3673.500189,-0.022770026,0.042541239,0.532489516,0.745660291
RAP1GDS1,1446.617821,0.030664268,0.06116282,0.532548386,0.745661058
AFTPH,1876.857011,0.028486843,0.053665504,0.532635331,0.745701129
PHF21A,1514.109698,-0.028497463,0.05316088,0.532977719,0.746098777
HIPK2,3848.843599,0.031421519,0.060706546,0.533293429,0.746457112
COP1,1364.67811,0.027815369,0.051816903,0.533374134,0.746457112
SRCIN1,55.29997989,0.023508029,0.098120164,0.533459256,0.746457112
KRT79,345.7446598,-0.031439435,0.086642127,0.533556769,0.746457112
COX10,682.2049062,0.031006392,0.062726396,0.533556964,0.746457112
GASK1A,965.391552,-0.030633114,0.059914164,0.533584008,0.746457112
DHDDS,1628.165552,0.02938375,0.056647823,0.533657184,0.7464778
SELPLG,4294.32381,-0.031017705,0.063856564,0.533800943,0.746597205
ALG10B,456.0817745,0.031613213,0.085284038,0.533889198,0.746638963
NEFM,11.03083891,-0.010565815,0.102385897,0.533965687,NA
ZBTB39,385.6905403,-0.032734223,0.079164657,0.534124869,0.746873752
FBH1,1403.549995,0.031267953,0.061859113,0.534182739,0.746873752
KDM8,166.0132926,-0.031034963,0.087758775,0.534352917,0.746873752
SNX19,2461.464251,0.026054141,0.047136228,0.534369091,0.746873752
SLC47A1,144.5231169,-0.026867831,0.09513346,0.534465128,0.746873752
ZNF329,205.0560701,-0.027296339,0.094438899,0.53451639,0.746873752
GNB1L,159.0545093,-0.030728915,0.088679342,0.534555772,0.746873752
TTC39A,33.44006475,-0.019302207,0.100147042,0.534573719,0.746873752
ELOVL1,3204.437741,-0.025256914,0.045604548,0.534582847,0.746873752
ABCG8,20.27080513,-0.015862304,0.101330852,0.534764637,NA
TRIR,5419.880636,0.022954918,0.04011498,0.534867581,0.747142673
WASH5P,50.62001066,-0.019771027,0.100119558,0.534892209,0.747142673
R3HCC1L,816.5825275,-0.030544099,0.060632865,0.535184164,0.747352729
GLO1,1371.43273,0.032362648,0.070332272,0.535273213,0.747352729
MUC21,178.8425115,-0.031840757,0.086970476,0.535323669,0.747352729
STXBP4,138.1932091,0.021064668,0.099329972,0.535435618,0.747352729
EHD2,99.44431489,-0.026331589,0.095488851,0.535460481,0.747352729
OR1A1,41.78950739,-0.022440554,0.098639569,0.535464753,0.747352729
ARC,46.31454137,-0.014756724,0.101559954,0.535507028,0.747352729
PGA4,100.679063,-0.023631123,0.097859685,0.535510234,0.747352729
FXYD3,8.472150652,0.011453412,0.102275163,0.535563328,NA
GUCY1A2,58.61880744,0.0103946,0.102437233,0.535603863,0.74740181
ZNF542P,165.2882267,0.029296918,0.091517561,0.53585043,0.747664275
ZNF433,30.64329784,-0.01579738,0.101282306,0.536051928,0.747840546
ZMAT5,340.6736091,-0.035330644,0.077125216,0.536151419,0.747840546
CENPB,3603.310582,-0.025758402,0.046874266,0.536186717,0.747840546
TRIM35,683.4386642,-0.032794769,0.074235878,0.536230229,0.747840546
ELMOD3,594.8384847,-0.03247957,0.069278423,0.536291292,0.747840546
VPS45,1068.608533,-0.031002475,0.063469524,0.536327726,0.747840546
CYP4F11,7.102923097,-0.009778675,0.102492457,0.536695462,NA
SLC11A2,3996.177605,-0.022806113,0.046926601,0.536762608,0.748365315
SOX11,14.53923917,-0.014633701,0.101669069,0.536962368,NA
COQ5,654.4418442,-0.031983889,0.06889581,0.536990644,0.748601612
USP50,24.73279319,0.014626996,0.101632195,0.537205334,NA
COL9A2,431.1971541,-0.023610051,0.092034943,0.537528386,0.74923467
PAIP1,1862.933668,0.027566086,0.051612012,0.537561957,0.74923467
ZNF678,107.8975176,0.02713574,0.094593707,0.537697543,0.749252942
AMIGO2,502.130519,-0.031216108,0.086351072,0.53773515,0.749252942
BCL2L1,3620.765876,-0.022437571,0.0398223,0.537826792,0.749252942
ARFIP2,1091.798447,0.030040599,0.058590541,0.537833968,0.749252942
OCLN,93.53031588,0.025135853,0.096464296,0.537868088,0.749252942
GIMAP7,18.51808129,-0.016182455,0.101185835,0.537949741,NA
PCDHGB5,12.76407409,0.011502514,0.102274233,0.538067902,NA
FKRP,672.7877967,-0.032260612,0.079629726,0.538073612,0.74945758
CFAP20DC,16.89446921,-0.013752773,0.101735689,0.538157692,NA
EIF2S3B,7.305658594,0.010022293,0.102476804,0.538170882,NA
LUC7L2,2156.399494,-0.030596675,0.06203354,0.538300917,0.749574788
ABLIM1,11.72749324,-0.008474637,0.102569151,0.538307469,NA
CCDC81,12.65751009,-0.012222788,0.102082106,0.538433539,NA
CTSZ,68698.80431,0.019552912,0.030868707,0.538490862,0.749574788
FAN1,762.4797129,0.031200753,0.065964813,0.538541337,0.749574788
PLXNC1,2210.480215,-0.029828645,0.059111425,0.538556734,0.749574788
CEP295,626.0815947,0.031671198,0.064618515,0.538563887,0.749574788
MEIS3P1,96.69633923,0.027605749,0.093974852,0.538577072,0.749574788
GBP5,44.12461293,0.022950467,0.098198494,0.538647705,0.749574788
ARHGEF39,257.2435092,-0.032169779,0.081623351,0.538719998,0.749574788
RNF175,93.08291542,0.02616405,0.095553481,0.538727767,0.749574788
OR1F1,59.68998235,-0.024325215,0.097213681,0.538744054,0.749574788
PRKG1,12.92568231,0.009035959,0.1024954,0.538788226,NA
ADRB1,7.050174967,-0.009932446,0.102455836,0.538837981,NA
MRPL52,765.0879896,0.030118589,0.059304497,0.538965356,0.74965423
NFILZ,61.95782484,0.019812222,0.099917289,0.538966251,0.74965423
RHOB,732.0493728,0.030490276,0.061522102,0.538977057,0.74965423
FKBP10,101.0856094,-0.026132951,0.095501413,0.539041925,0.749662897
CYTIP,677.1266848,-0.030299077,0.06533264,0.539209297,0.749814102
ZBTB34,1007.897216,-0.029831094,0.059238737,0.539346934,0.749923932
USF3,886.3681661,-0.031645051,0.081728591,0.539414193,0.749935892
TSPAN12,18.75056287,-0.014589382,0.101551154,0.539591209,NA
EIF2B5,1661.186031,0.02719583,0.050593878,0.539650819,0.750000074
AKNA,2806.264744,0.02924418,0.057202397,0.539653394,0.750000074
CEP250,1881.832674,-0.032264771,0.067656001,0.539660288,0.750000074
SLC18B1,913.931144,0.032098891,0.059999982,0.539695009,0.750000074
GPR174,14.84659315,-0.013884186,0.101759788,0.539719723,NA
OR2T12,13.17708556,-0.011997247,0.102125817,0.539758072,NA
PHB2,3340.121045,-0.023539761,0.042000731,0.53987046,0.75002491
ZNF354B,197.5752779,0.031485604,0.085527725,0.539961689,0.75002491
DIPK2A,706.5603643,0.031381005,0.066066445,0.53999369,0.75002491
PHTF1,791.0735739,-0.030195711,0.060560469,0.540008745,0.75002491
LYSMD4,249.0332453,0.030808411,0.087134087,0.540062273,0.75002491
PODNL1,35.81242617,-0.014976748,0.101437417,0.540112151,0.75002491
COA1,836.586948,0.03003367,0.059934558,0.540123531,0.75002491
RELN,9.936005823,-0.0112485,0.102248301,0.540184588,NA
BCS1L,509.9802746,0.030760346,0.073196451,0.54028105,0.750162166
SWI5,131.8524921,-0.029969899,0.089325657,0.540509615,0.750347501
CAST,5018.164731,0.027051249,0.049516499,0.540564041,0.750347501
ZNF704,196.9003974,-0.012775365,0.101955879,0.540595076,0.750347501
CPPED1,2305.387893,0.029393926,0.057009799,0.54067467,0.750347501
GADL1,45.92725622,-0.022631966,0.098215669,0.54070798,0.750347501
DLL1,36.49260604,-0.015931945,0.101127914,0.540822525,0.75041998
CYP4F27P,32.86413308,-0.021145731,0.100166817,0.5408776,0.75041998
IKZF3,64.53204573,-0.024496258,0.096782155,0.54109302,0.750637399
ODAPH,18.89705784,0.013259265,0.101871709,0.541163505,NA
NSMCE1,648.7125689,-0.031079481,0.061422649,0.541203972,0.75070986
CEPT1,2138.323722,-0.029336006,0.058404884,0.541284255,0.750726606
APOBEC3B,552.3082852,-0.031685734,0.069571131,0.541333483,0.750726606
DBNL,7524.109907,0.026535308,0.05547509,0.541442357,0.750796153
GBP2,701.0912182,0.030104446,0.087140912,0.541690281,0.751020639
ZNF2,171.1660798,-0.029265213,0.090682142,0.541721731,0.751020639
TSHZ3,72.24208595,0.026253163,0.095151866,0.541890956,0.751151909
KATNAL2,222.0545558,-0.030082393,0.087879679,0.541975175,0.751151909
ZNF816,120.8011228,0.025094767,0.096327867,0.541992676,0.751151909
ZNF674,90.64969539,0.023402807,0.097701371,0.542149973,0.751288467
ITIH2,10.49971343,-0.011482527,0.102179867,0.542181484,NA
ATCAY,20.42241923,0.016802022,0.100959547,0.542341363,NA
HIC2,718.2701288,-0.031702282,0.075333723,0.542354247,0.751490088
CCPG1,3710.134971,0.025182538,0.045678153,0.542491172,0.751598356
CDCA2,348.6015379,0.032080321,0.07339889,0.542733869,0.751853127
SMIM10L2A,7.616227688,-0.008715222,0.102601147,0.542774573,NA
TBX18,444.66837,0.030247096,0.085951313,0.542842965,0.751922786
SBNO1,1908.328827,0.027317604,0.0519354,0.542930749,0.751955725
GPR161,94.08843686,0.019696322,0.099762675,0.543041463,0.751955725
PCDH1,61.63497529,0.023118796,0.097740569,0.543084556,0.751955725
ADI1,2654.831524,-0.025666712,0.047798882,0.543102007,0.751955725
KIF26A,10.9025034,-0.012048099,0.102070767,0.54327533,NA
MUC20P1,6.842732356,0.008910353,0.102572306,0.543307137,NA
ANKRD55,16.39155212,0.013191007,0.101786576,0.543504291,NA
RFC5,333.0999802,0.032080326,0.076160653,0.543509432,0.752438343
VHL,1486.863002,0.028467486,0.055026435,0.543594318,0.752474378
AGO2,1348.302468,-0.031481619,0.077915298,0.54373576,0.75254516
TBK1,1196.417409,0.031129275,0.068823952,0.543763175,0.75254516
UQCRHL,27.70311683,-0.015442303,0.101260407,0.543773002,NA
VIPAS39,875.4741456,-0.030175425,0.06229377,0.544011031,0.752806693
ZNF177,32.87272621,0.015101144,0.101367697,0.54416499,0.75289264
ZDHHC5,4475.675166,-0.026127995,0.048681454,0.544190918,0.75289264
AKR7A3,9.128644525,0.011943467,0.102122874,0.544293745,NA
PTCHD4,78.83842875,0.025872609,0.095296166,0.54429888,0.752960526
MAPK8IP3,2806.252879,-0.030310728,0.074224599,0.544423031,0.752993634
METTL4,264.2482917,0.030880054,0.085713199,0.544440607,0.752993634
HSD17B13,9.867941494,-0.010397552,0.102338462,0.544631906,NA
CSMD2,8.870660513,0.009578413,0.10246393,0.544688669,NA
CCDC200,370.1888369,-0.03187459,0.078786317,0.544871477,0.753443172
PCDHB1,65.06146005,0.024424418,0.096574333,0.544883502,0.753443172
SULT1B1,72.46100365,0.023038268,0.098570943,0.545067009,0.753615412
CDK11B,1967.166848,-0.025231308,0.045986875,0.545219721,0.75374177
BMP1,1264.229995,0.031214862,0.067424729,0.54527631,0.75374177
EFCAB3,15.97539921,0.014162927,0.101721895,0.54555466,NA
VASH2,18.1807849,-0.014637412,0.101439935,0.545668181,NA
SPECC1L-ADORA2A,29.05144401,-0.007002548,0.102750179,0.54583957,NA
FARP2,538.7259938,-0.031474689,0.07200272,0.546132584,0.754843793
ZSWIM5,10.72061279,0.007574956,0.102670808,0.546203455,NA
MAP3K8,417.9865333,-0.03122855,0.083085167,0.54633713,0.755044883
HNRNPH2,2268.051454,0.027423281,0.053257421,0.54670499,0.755471606
CROCCP2,177.5415923,-0.030599897,0.087268727,0.546783347,0.755498226
RAB26,9.384581876,0.010476697,0.102327472,0.546854839,NA
ADIPOQ,7.421971395,0.009720875,0.102438226,0.546939701,NA
ZNF443,25.3708481,0.017517967,0.100577447,0.546966627,NA
SLCO4C1,26.33909192,-0.018010527,0.100349729,0.54702749,NA
FBXO34,860.5171081,0.029636586,0.060349962,0.547207083,0.755871848
IGF1R,255.1369336,0.016022957,0.101113361,0.547228943,0.755871848
GPR150,61.88882403,-0.023463616,0.09732356,0.547231117,0.755871848
SLC19A2,247.6939285,0.033535251,0.084775174,0.547363566,0.755973122
PDIA6,8066.139567,-0.026466752,0.051355849,0.547531735,0.756123702
CETP,9.977380946,-0.010659075,0.102268415,0.547732478,NA
CLC,7.618800977,0.009202266,0.102510478,0.547774872,NA
SLC31A2,1579.531122,-0.028108115,0.055547568,0.547781509,0.756386931
ALG1L13P,13.79370786,0.013761916,0.101699928,0.547788194,NA
DYNLT2B,118.8520552,0.028731609,0.090878765,0.548132576,0.756719237
PACC1,965.9551639,0.028168672,0.05565529,0.548140544,0.756719237
PIK3C3,1206.608671,0.031604915,0.07804723,0.548297714,0.756854489
GOLGA8N,273.1238626,-0.024855818,0.096037486,0.548481089,0.757025879
SERTAD1,789.2957551,-0.029299511,0.059876314,0.548820177,0.757163133
PTPN4,194.3639784,0.025442207,0.09540209,0.548830371,0.757163133
HERC3,1237.894191,-0.031232666,0.070448592,0.548836271,0.757163133
EPC1,831.4281072,-0.029247077,0.059831243,0.548858737,0.757163133
YIPF2,1490.961634,-0.029732255,0.064632987,0.548921899,0.757163133
TMEM44,501.6448025,-0.030298719,0.06446679,0.548935869,0.757163133
ZFP91-CNTF,23.47203894,-0.006200623,0.102771853,0.549125331,NA
MAGED4B,15.6976619,-0.011083702,0.102157134,0.549204527,NA
TMEM217,106.4184487,0.026753858,0.09361172,0.549307257,0.757581931
CSTF1,847.8131478,0.030384991,0.064328035,0.549358004,0.757581931
PIERCE1,29.07719829,-0.017870328,0.100332151,0.54947609,NA
GAPDHP43,8.627658384,-0.011358008,0.102142782,0.549679219,NA
HEMK1,611.9654875,0.029837426,0.066016062,0.549875098,0.758213237
SPTLC2,1666.300817,0.031033044,0.071001247,0.549937505,0.758217513
TMEM204,6.239390977,-0.009317571,0.102460238,0.550167773,NA
EIF4G2,20666.48221,0.030317353,0.058414551,0.550177489,0.758466595
CRLF3,744.9653303,-0.03009614,0.06421651,0.550253992,0.758490274
PDZRN3,8.4579618,0.009349501,0.102451251,0.550254138,NA
ALDH3A2,1748.561326,-0.026561007,0.051658824,0.550345819,0.758535069
TRIM63,10.06726188,-0.010397627,0.10229663,0.550508196,NA
RAD9B,105.7170631,0.027403224,0.092752125,0.550531738,0.758709526
SCYL2,1546.952331,-0.031013072,0.070472077,0.550702724,0.758863368
CCDC167,142.0663786,0.02919562,0.089352781,0.550832892,0.758925737
SMYD4,570.7898209,-0.031413151,0.075482403,0.550866706,0.758925737
INPP5F,770.2864664,0.031209457,0.072810881,0.551023285,0.759059659
SUCLG1,1247.737418,0.02894883,0.058975696,0.55110964,0.759096827
RPL15,15765.16027,0.026001237,0.053759237,0.551170878,0.759099395
SPAG16,102.0486917,0.026066784,0.094219366,0.551443105,0.759392514
GOLGA2,2487.113934,-0.028698957,0.05847799,0.551640455,0.759399365
NEURL4,1293.200091,-0.030628524,0.075093094,0.551656604,0.759399365
ZNF70,230.0201857,-0.029291228,0.088620191,0.551786977,0.759399365
CHMP3,3030.790399,0.026331914,0.051202418,0.551866977,0.759399365
BUB1B,1018.536519,0.030402547,0.084865321,0.551946818,0.759399365
ORAI1,1511.195748,-0.029459346,0.061228566,0.551973466,0.759399365
LIMD1,1359.658256,0.031300631,0.073334701,0.551993186,0.759399365
PPFIA3,206.5567122,0.029282521,0.087873641,0.552008556,0.759399365
TBC1D10A,982.346926,-0.028538501,0.058949152,0.552039575,0.759399365
IFTAP,141.7112846,0.027773287,0.091498637,0.552042057,0.759399365
MAGEF1,1123.095279,-0.028548369,0.057054793,0.552366863,0.759746204
CBX8,213.2439805,0.029934139,0.084546335,0.55241304,0.759746204
CGGBP1,2624.82927,-0.026926315,0.05291151,0.552473493,0.759747619
IL1RL1,14.10546129,0.012483126,0.101921577,0.552587563,NA
INO80B,678.0210576,-0.030306453,0.066267379,0.552865483,0.760204905
MTLN,428.7965461,0.031327401,0.07713226,0.553013442,0.760326579
PAX5,12.82974819,0.012312871,0.101925354,0.553082086,NA
THUMPD3,902.4101033,0.03083297,0.082219208,0.553094078,0.760355676
ABHD17AP1,8.537194169,0.009707127,0.102408651,0.553154182,NA
RPL31P44,20.72997651,-0.015867026,0.100967125,0.553174619,NA
ZNFX1,3800.669277,0.033093253,0.06564723,0.553184534,0.760395255
PPIAP53,32.41583761,-0.018140787,0.100161294,0.55324182,0.760395255
SV2B,20.11130333,0.015202279,0.101216055,0.55346253,NA
RHBDF1,131.5364635,0.024410287,0.096070333,0.553553469,0.760741815
SYT14,16.15792842,-0.01164918,0.102002247,0.553598141,NA
RPS4X,9878.824326,0.029223644,0.059954308,0.553641343,0.7607808
RGS14,1165.59331,0.03110815,0.073032776,0.553829845,0.760902462
NLRP1,865.6825673,-0.030863195,0.081517355,0.55384891,0.760902462
MARCHF5,1129.298037,-0.031067992,0.078598376,0.554008607,0.760968618
STUB1,2269.600243,-0.025240603,0.052043821,0.554016105,0.760968618
PAX8,589.3191174,0.031119291,0.076673461,0.554144858,0.761063703
SDHC,2582.139171,-0.029545087,0.063375392,0.554254041,0.761131891
RPL6P10,37.23023999,-0.018938877,0.099747814,0.554317344,0.761137069
ZNF576,302.7931864,-0.030769873,0.082564498,0.554435204,0.761217148
PSD,178.2145821,0.030053756,0.08594075,0.554645978,0.761358358
PIGK,747.6575404,0.031056935,0.078979953,0.554657156,0.761358358
VPS33A,1365.125378,0.028970521,0.062779824,0.554846289,0.761536211
SSH1,4483.017703,-0.031233613,0.071932791,0.554922129,0.761558547
LIG3,510.7358755,0.029424143,0.065414758,0.5550546,0.761582171
HMBOX1,569.4679194,0.031686725,0.074417209,0.55505848,0.761582171
CCDC141,27.17744976,-0.01788009,0.10016076,0.555331754,NA
COQ8B,594.2003713,-0.034827804,0.083174897,0.555396068,0.761705834
CXorf38,1248.743901,0.029906409,0.064110105,0.555420688,0.761705834
GIT2,4114.125267,-0.025257888,0.049810944,0.5554748,0.761705834
PROKR2,11.48200805,0.0109095,0.102185308,0.555570547,NA
MRPS11,820.0523342,0.030773306,0.070381736,0.55562452,0.761705834
THAP7,465.0372035,-0.030983599,0.077864975,0.555714528,0.761705834
PPM1F,1646.358113,0.029988766,0.065093362,0.55572472,0.761705834
CISD2,1258.693762,0.030940792,0.074633394,0.555763135,0.761705834
PGM2L1,613.8044331,0.031027317,0.078499,0.555807402,0.761705834
FBLN1,94.68639396,-0.025800561,0.094189101,0.555823972,0.761705834
ARHGEF19,53.72323419,0.019607182,0.099257929,0.555825977,0.761705834
TEX10,623.6176207,0.029371839,0.060903589,0.555838282,0.761705834
DNMT3B,109.7262733,-0.022512504,0.097423499,0.555877422,0.761705834
TP53I3,1342.884738,-0.026803754,0.053328939,0.555923123,0.761705834
TPD52,260.5378866,0.028526614,0.089931738,0.556048918,0.761796552
CDNF,29.76437613,0.017243336,0.100558438,0.556099549,NA
NCAPH2,1378.324519,0.027575026,0.054574183,0.556199766,0.761872456
TTC9B,10.16061177,-0.009638707,0.102346092,0.55622832,NA
ANGEL2,692.9470334,0.030772072,0.072857588,0.55626842,0.761872456
MMS19,1496.931649,-0.027727746,0.05643757,0.556283096,0.761872456
PCDHAC1,9.414110017,0.011211245,0.102130426,0.556321785,NA
KDM6B,1160.708679,-0.022992914,0.095864225,0.556405659,0.761958693
PEAK1,1782.588614,-0.030344553,0.074445425,0.556493255,0.761997029
CAMSAP1,1930.31677,0.030852014,0.077708977,0.556597075,0.762009985
CD274,377.5786209,0.03000958,0.085398436,0.55666365,0.762009985
CCDC194,104.2683486,-0.025796025,0.094299535,0.55673684,0.762009985
CASTOR1,115.4424023,-0.027869346,0.091002546,0.556741124,0.762009985
UPK3BL3P,27.81779488,-0.016866829,0.100517157,0.556832467,NA
PTPA,4360.487161,-0.025360488,0.049788927,0.557010346,0.762278324
GMPS,1280.101797,-0.029641078,0.06481562,0.557056424,0.762278324
FAM91A2P,9.319789836,0.010539093,0.10224533,0.557321611,NA
POLE2,72.29877697,0.022367974,0.097447873,0.557392239,0.762656226
DPF3,25.1093457,-0.013354602,0.101589,0.557427922,NA
P2RX6,26.92438501,-0.012148624,0.101838107,0.557604709,NA
LRRC20,30.93519303,-0.018740845,0.099691176,0.557637766,0.762910524
ZNF587,575.4092634,0.028394439,0.089641374,0.557760579,0.762996898
ACOXL,8.251293494,-0.010306251,0.102235932,0.557949669,NA
PAFAH1B3,312.3572779,0.030958036,0.076744747,0.558075949,0.763346637
TATDN2,2042.168996,-0.027006559,0.053662604,0.558233993,0.763461814
TK1,1581.843647,-0.028512061,0.059179934,0.558279586,0.763461814
PIEZO2,48.19484187,-0.02184872,0.098263913,0.558649437,0.763885888
TCEANC,89.55131092,0.022601056,0.097314909,0.558762286,0.763958488
RBM39,4952.659754,0.025811753,0.050725542,0.55887766,0.764034526
ADAMTS2,17.92376562,-0.014047133,0.101315963,0.558984167,NA
CACNG8,81.30069318,0.025186977,0.094308232,0.559009511,0.76413307
APPBP2,1198.898284,-0.029559508,0.064416508,0.559077935,0.764144901
RIMS2,24.56493795,-0.015386897,0.100950011,0.55908658,NA
FMOD,10.42699148,0.009581952,0.10235148,0.559136946,NA
PEAR1,8.483731775,0.008654366,0.102476393,0.559269271,NA
ELK4,1282.621201,0.030748311,0.075450995,0.559394148,0.76449537
FAHD2B,57.41444134,-0.022786655,0.096558836,0.559515496,0.764579481
ARHGEF26,13.64956376,-0.013063448,0.101648029,0.559776858,NA
TNIP1,3448.712882,0.027053288,0.054522521,0.559786517,0.764868079
PRADC1,619.4951371,-0.030042239,0.065851269,0.559879128,0.764912871
PHLDB2,9.866012676,0.009782764,0.102319933,0.560144678,NA
PDE6C,13.12638212,0.01033559,0.102229135,0.5602232,NA
ZNF470,197.0128139,0.027237399,0.083730509,0.560230759,0.765241616
CSPG4,3036.650997,-0.030029912,0.067231511,0.560239462,0.765241616
TMEM201,386.3843422,-0.030574582,0.078079713,0.560354039,0.765316354
PLCXD3,14.45061851,0.013435265,0.101600005,0.560502502,NA
GRM6,19.34140443,0.013879889,0.101444617,0.560568598,NA
CNOT6L,1568.110723,0.030123647,0.066004891,0.560666475,0.765532118
SRBD1,358.8121121,0.033184695,0.090133969,0.560690654,0.765532118
HLTF,658.3571999,-0.030484384,0.079177103,0.560753005,0.765532118
HELZ,1813.32168,-0.030231319,0.069282752,0.560766223,0.765532118
EHMT1,1937.173298,-0.027927347,0.097003618,0.560817507,0.765532118
FAM83G,501.4770992,0.031815232,0.07313049,0.560871282,0.765532118
SMIM31,11.26767233,0.011791933,0.102084695,0.560921445,NA
MTCYBP18,8.882590309,0.009662724,0.102361434,0.561027192,NA
FLII,9974.000564,-0.028159501,0.056679288,0.561093467,0.765687693
ZNF418,48.7092871,-0.018886311,0.0995152,0.561105045,0.765687693
LRP5L,112.439095,-0.027136415,0.091743625,0.561291539,0.76586044
ZNF180,187.3118098,0.028810888,0.087939995,0.561543735,0.766122789
ADAMTS8,17.92099421,0.014452466,0.101306728,0.561574937,NA
GPHN,280.2530296,0.029148395,0.087440688,0.561622636,0.766141544
RWDD1,870.4094091,0.029117982,0.06515722,0.561677332,0.766141544
AAMDC,174.5040303,-0.029953194,0.082966706,0.561790016,0.766154701
RUVBL2,1303.325015,0.027011888,0.057088264,0.561849463,0.766154701
MAK,36.61600641,0.01839044,0.099734486,0.561866756,0.766154701
CGREF1,16.32855215,-0.012843434,0.101655558,0.562099269,NA
ANKRD34A,28.04824027,0.015945815,0.100752226,0.562100707,NA
TMEM273,1097.506201,0.029351614,0.064991226,0.562335908,0.76662192
DTNA,919.1098107,0.039684669,0.071717379,0.562375687,0.76662192
ZNF100,273.9099245,0.028498688,0.085983928,0.562389283,0.76662192
C1QTNF3,21.36702332,0.014199183,0.101300363,0.562481808,NA
CANX,20576.07364,-0.026860225,0.056777035,0.562792366,0.767008584
RBM7,635.963048,0.030453211,0.077104667,0.562814375,0.767008584
ZNF189,486.7939584,-0.029766853,0.067549571,0.562934033,0.767008584
DDX27,1594.009616,0.026779953,0.053527131,0.562964356,0.767008584
TRIM23,273.5322478,-0.029238295,0.083557381,0.562972902,0.767008584
ELP6,580.9190358,-0.030049947,0.065346182,0.56304099,0.767019612
MAPK15,10.56318862,-0.011359126,0.101989473,0.563041814,NA
GOSR2,1481.431978,0.028315148,0.052732109,0.56322926,0.767194342
NPIPA3,35.34731873,-0.020339951,0.098550316,0.563401012,0.76719974
PRICKLE2,150.7193937,0.028567473,0.087523696,0.563419201,0.76719974
CDK2AP1,1303.082632,-0.029104965,0.063968707,0.563483656,0.76719974
FBXL13,23.09951894,-0.015369828,0.100843647,0.563496024,NA
PSRC1,653.2229128,-0.029935107,0.074950875,0.563497556,0.76719974
CLDN11,14.98709427,-0.013120533,0.101569404,0.563510412,NA
TAF1B,356.0803954,0.030030363,0.081190791,0.563533262,0.76719974
SLC30A10,8.382491694,0.009016745,0.10242281,0.563586824,NA
PYCARD,3143.241124,0.025171052,0.049083678,0.563682346,0.767293347
NTRK2,24.60028854,0.016834674,0.100417564,0.563707267,NA
MRRF,825.9319947,0.030193175,0.073772201,0.56372205,0.767293347
SCUBE1,17.40420572,-0.008420241,0.102429525,0.563790129,NA
DHODH,192.0983834,0.027134603,0.091360957,0.563898363,0.767377767
UBR5,4417.569554,0.02802855,0.059317084,0.563904116,0.767377767
SRRM5,27.45207878,0.016182216,0.100698152,0.564018374,NA
TGM1,30.66215328,0.01429985,0.101264553,0.564036054,0.767474496
C2CD3,1281.481123,-0.029469899,0.066688177,0.564148939,0.767474496
ZNF283,137.4034486,0.023895698,0.095645381,0.564155284,0.767474496
ANKRD10,3676.827548,0.028385163,0.062207864,0.564273339,0.767553424
TMEM169,67.29827721,-0.021542327,0.097576753,0.564445959,0.767623305
RTF2,2145.989826,0.028853974,0.062568774,0.564472336,0.767623305
PDCD2,1149.233322,0.027352299,0.058549353,0.564504835,0.767623305
RNF38,1219.299599,-0.030199038,0.078498399,0.564652456,0.767742386
TRIM16L,28.13438002,-0.017313235,0.100107695,0.56477571,NA
CTBS,848.451509,0.027457186,0.06132157,0.564892494,0.767907206
PEDS1-UBE2V1,522.8550797,0.027875501,0.089018583,0.564893803,0.767907206
ZSCAN4,10.15603857,0.011500631,0.101967503,0.565276362,NA
SDK1,23.27835925,-0.011266889,0.101968818,0.565392464,NA
CHD2,4535.67043,0.038792391,0.068923937,0.565421206,0.768542433
SPATA9,38.96482026,0.020068793,0.098707937,0.565504262,0.768573615
WASHC3,368.7699395,0.030278954,0.075739501,0.565592114,0.768611307
IFT56,55.1766887,0.017283488,0.100013321,0.565737589,0.76872729
DEFB105A,12.59047499,0.012308014,0.101778177,0.565889335,NA
PIK3CB,957.9266359,-0.029939233,0.0709717,0.56599148,0.768990073
RYBP,91.88916644,-0.01667318,0.100297701,0.566051277,0.768990073
SCRN3,434.5453187,0.03029439,0.076229543,0.566138878,0.769027365
NOSTRIN,25.79150255,-0.012007317,0.101730093,0.566200038,NA
C9orf85,262.8246201,0.030110653,0.079690478,0.566251739,0.769098957
DNAJC14,1253.143101,-0.027495092,0.057888557,0.566337437,0.769133645
CEP70,73.92748514,0.021783102,0.097479631,0.56648275,0.769187494
ZNF486,124.1613477,0.024275963,0.095191799,0.566497415,0.769187494
C1orf167,37.34008374,-0.006126677,0.102759845,0.566648023,0.769271262
RABGAP1L,1209.716509,-0.03007023,0.071844691,0.566679448,0.769271262
KCTD12,13225.00364,-0.021723517,0.041361003,0.566850963,0.769291318
ENPP7P8,10.07536872,-0.011125325,0.102014916,0.566881555,NA
KCNK6,2611.125975,-0.027343416,0.058156242,0.566890213,0.769291318
ZNF578,82.45358267,-0.024266952,0.09498688,0.566908388,0.769291318
DENND6B,164.4309396,-0.02425106,0.094986988,0.567013514,0.769291318
DEGS1,2947.481083,0.022958524,0.045695152,0.567031454,0.769291318
RUFY1,1525.887537,-0.029498389,0.066331511,0.567101672,0.769291318
TRAPPC3L,96.27971568,-0.024624419,0.092821593,0.567234759,0.769291318
PYGL,2414.550796,0.026940576,0.054330372,0.567270907,0.769291318
GLTP,835.9089786,0.028120844,0.062802919,0.567303113,0.769291318
FBXL9P,75.44534043,0.025101647,0.094099817,0.567307933,0.769291318
ADNP2,814.2029125,-0.021579065,0.097400346,0.567356108,0.769291318
PLGLB2,16.84773711,0.008030612,0.102557226,0.567587989,NA
NR2F1,7.375404856,-0.010159615,0.102202212,0.567902291,NA
GEMIN8P4,19.14722453,-0.015736718,0.100660628,0.567927514,NA
CHGB,12.03390207,0.01170598,0.101894471,0.567974738,NA
AHR,2776.05938,-0.026316829,0.054898421,0.568015251,0.770046259
FAAP24,190.5208843,0.027645906,0.089505084,0.568084003,0.770046259
BLVRA,1278.645417,0.029455665,0.067603439,0.568114152,0.770046259
TRIM27,2211.213443,-0.029978956,0.074367347,0.568153802,0.770046259
DCAF12,2408.082563,0.026473008,0.0537582,0.56850962,0.770446841
FSCN2,8.241594984,-0.010347543,0.102145732,0.568525163,NA
ZIC3,9.729616694,-0.010580094,0.102091979,0.568621816,NA
RAB3GAP1,2411.97891,-0.025519302,0.052710282,0.568661445,0.77053427
SLC10A7,367.64383,0.030949178,0.08997364,0.568694671,0.77053427
ZNF585B,266.0026273,-0.026514775,0.091508522,0.568774754,0.770561114
ASB1,2128.031468,-0.026452694,0.054879706,0.568891089,0.770605632
ZCCHC7,466.2571565,0.029959643,0.077618805,0.568928163,0.770605632
SCAF8,1323.937415,0.027556873,0.057641912,0.56906613,0.770710854
TBC1D3B,76.50234581,0.021812541,0.097308375,0.569162588,0.770759844
CNTNAP2,18.06180749,0.014708155,0.101034036,0.56931541,NA
SLC2A11,534.740382,-0.029605913,0.071047402,0.569471438,0.771065408
SMARCD3,112.6742274,-0.025134933,0.093583833,0.56950885,0.771065408
KANSL2,547.441964,-0.029633188,0.071789479,0.569582616,0.771083623
PKD1P2,11.49847743,0.010081691,0.10221267,0.569647314,NA
C14orf132,52.34536745,0.019565467,0.098794667,0.569666331,0.771115304
LEPROTL1,1473.484822,-0.028982185,0.065077973,0.569830264,0.771253825
BAG4,934.2756829,-0.028996512,0.066236994,0.569889314,0.771253825
DPF1,25.62629952,0.012982857,0.101515403,0.570020334,NA
ITIH4,112.4328714,0.023854719,0.095448713,0.570519286,0.772024669
ZNF548,213.0706445,-0.021986306,0.096851692,0.570644085,0.772043054
AFG1L,213.4900138,-0.027956961,0.087314405,0.57069395,0.772043054
MNAT1,161.1323951,0.024707339,0.093897678,0.570714033,0.772043054
FAM118A,558.2846748,0.029345176,0.07231411,0.570837887,0.772128903
DCC,12.9558354,0.012141926,0.101760764,0.570893213,NA
SLC16A8,8.022374636,0.008131026,0.102482277,0.571010086,NA
HAUS7,288.0631631,0.029180277,0.077456216,0.57101542,0.772287331
DPP6,9.230759467,0.010852862,0.102048656,0.571090286,NA
MIEN1,747.6411715,-0.027831808,0.060880159,0.571137028,0.772370097
LTB,54.54429521,-0.021451565,0.097397153,0.571529631,0.772683757
KCNK7,13.38491666,-0.011677729,0.101826576,0.571549882,NA
PANK2,1575.469059,0.027468534,0.058534165,0.571550297,0.772683757
UBE2CP5,39.13487235,-0.020034777,0.098352947,0.571590341,0.772683757
MCCC2,1783.962026,-0.027583827,0.058736276,0.571610714,0.772683757
MN1,15.49531384,-0.009549627,0.10218339,0.572112243,NA
PHF3,2230.248804,-0.024832558,0.050481198,0.57219459,0.773253964
GRM1,292.3058109,0.027923516,0.088437042,0.572215841,0.773253964
TOMM7,1019.074457,0.029320755,0.069071049,0.572256968,0.773253964
CSNK1A1,7138.313077,-0.027112509,0.058003262,0.572274463,0.773253964
CEACAM8,14.80949463,0.011686623,0.101816526,0.572328204,NA
RHOH,50.8146829,0.021675713,0.09722702,0.572406053,0.773312648
RSPH9,17.96025839,-0.014517294,0.101011295,0.57250493,NA
SIGLEC18P,57.28893143,0.02130529,0.097500064,0.57251112,0.773312648
CCR3,21.99966627,-0.012713839,0.101521913,0.57263896,NA
ZNF317,1486.425398,0.024878529,0.049723194,0.572682768,0.773312648
RABGEF1,984.3621696,-0.026147346,0.054800483,0.572722964,0.773312648
SMAP1,845.2387633,-0.027777188,0.060593538,0.572724162,0.773312648
PPCDC,273.8120385,-0.02930359,0.081343829,0.572887265,0.773312648
PPP2R5C,3162.588952,-0.027010124,0.058507747,0.572889782,0.773312648
PKD1,1741.469203,-0.029560537,0.074062178,0.572903226,0.773312648
SHROOM1,174.0645578,-0.027428979,0.088881643,0.572914334,0.773312648
SFXN5,651.7800428,0.030887212,0.070562431,0.572922754,0.773312648
N4BP2L2,2925.972608,0.027492396,0.055540379,0.573169948,0.773564635
LRP5,142.9798632,0.01834054,0.099517581,0.573340518,0.773663903
MAPRE2,1985.21319,0.029255149,0.066212795,0.573364527,0.773663903
ADSS1,44.54323561,-0.018518227,0.099198305,0.573467658,0.773721403
RAB9A,642.3095492,0.029231524,0.07192064,0.573585881,0.773739925
FGF11,99.73894759,-0.024041371,0.094533272,0.573659391,0.773739925
H2BC15,50.48510338,0.01869281,0.099191222,0.573716374,0.773739925
CRLF1,55.75300243,0.02201244,0.096869046,0.573723464,0.773739925
LRRC10B,14.86150442,0.012858945,0.101543761,0.573758126,NA
CYP3A43,7.853911849,-0.009484043,0.102259245,0.573817953,NA
ROR2,34.24772078,0.01868765,0.099196696,0.574030492,0.774072338
CYB561D2,873.6086882,0.026850329,0.057385046,0.574220776,0.774247271
CR2,18.76688296,0.013807033,0.101237413,0.574366044,NA
STK19,372.9077281,-0.029487184,0.071871362,0.574371355,0.774289597
BPTFP1,85.25129257,-0.023717303,0.094952677,0.574398833,0.774289597
FGL1,1285.544676,-0.026775812,0.057335156,0.574433854,0.774289597
RPL23AP42,3190.856488,0.028311198,0.063975791,0.574495732,0.774290737
MAPK8IP2,36.42196713,-0.01831838,0.099231363,0.574555825,0.774290737
RNF141,842.3830673,-0.029158705,0.071102961,0.574651588,0.774338169
C13orf46,21.03883987,-0.010433271,0.102026313,0.574734934,NA
C14orf28,122.9944394,0.026568567,0.091415874,0.574749112,0.774387965
ATF7-NPFF,13.15211469,-0.007831771,0.102525761,0.575077664,NA
TBL1XR1,2162.839305,-0.023391547,0.092856721,0.575173174,0.774877664
NEMP1,1168.191649,0.028380192,0.064806094,0.575265887,0.774920911
SIPA1L1,646.7159696,0.02978221,0.074178455,0.575419054,0.775017899
RELB,1409.129898,-0.028495492,0.065436456,0.575495819,0.775017899
BSN,42.32846844,0.016240151,0.100258005,0.575519745,0.775017899
STIM2,524.247975,0.030106502,0.073552728,0.575716061,0.775200615
ZNF251,371.2756774,0.029293351,0.079842383,0.575802413,0.775235241
THAP10,46.27071295,-0.01837289,0.099139499,0.57591295,0.775302418
FUT6,14.50785768,0.010942148,0.101936559,0.575961708,NA
GPSM2,615.1904169,0.028305896,0.069927519,0.576162388,0.775524941
SMCO4,1039.358591,0.029251778,0.071532654,0.576199563,0.775524941
ZRANB2,1819.460724,-0.027912883,0.057531363,0.576270487,0.775538755
DYRK2,1803.921697,0.028382691,0.065181242,0.576576934,0.775852882
AFF1,2914.944429,0.026279186,0.055654058,0.576625271,0.775852882
LRRC40,441.2722253,0.029169144,0.078923227,0.576694912,0.775864932
ANKRD12,2320.001309,-0.028844529,0.06979327,0.576819859,0.775911687
USP7,3043.840096,0.025400925,0.054005195,0.576947081,0.775911687
STK11IP,1277.59061,-0.029071837,0.076695603,0.576958533,0.775911687
DBF4,405.586202,0.027845928,0.086910501,0.576974331,0.775911687
PPIG,3341.147137,-0.027719866,0.058910488,0.577033111,0.775911687
HMGB1P14,7.824059148,-0.00929754,0.102268305,0.577079644,NA
DLX6,19.65974528,-0.013981039,0.101081749,0.577201743,NA
TEX35,21.19566133,-0.014557273,0.100876045,0.577202764,NA
HCN1,8.660104949,0.010612065,0.102047143,0.577245775,NA
RNASE3,9.061962243,0.008799268,0.102379526,0.577465185,NA
DPM3,531.1182039,0.029571719,0.072010513,0.577678309,0.776658754
AJUBA,36.20115924,0.016801381,0.100031503,0.577710187,0.776658754
MTMR1,1295.39367,-0.027471931,0.0619602,0.577810377,0.776711772
ACOT6,7.059256367,-0.008822634,0.102350501,0.577858675,NA
CHDH,50.54352411,0.016618074,0.100072677,0.57791762,0.776736304
ARMH4,99.14870047,-0.02423921,0.093851806,0.577950134,0.776736304
NBEA,193.5793748,0.029046096,0.082169693,0.578099738,0.776855703
ERP44,2474.732439,-0.024785312,0.051662937,0.578323187,0.777074298
PEBP1,3375.887515,-0.024205519,0.049839762,0.57843461,0.777142339
RPSA,10756.59222,-0.021655409,0.042963188,0.578536168,0.777197111
SERPINB6,3273.176172,0.023416777,0.047510379,0.578676922,0.777248334
ELAPOR2,154.4779681,0.023784524,0.094654872,0.578704382,0.777248334
SLC7A6,1684.795815,-0.028419561,0.066731038,0.578756679,0.777248334
REST,1585.781071,0.026988254,0.057393853,0.579012868,0.777458764
RAB22A,1792.372193,0.026342824,0.056715663,0.57903499,0.777458764
CX3CL1,10.590728,0.01149839,0.101780581,0.579067517,NA
CTBP2P10,34.80383243,0.017553018,0.099477249,0.579345455,0.777673031
CTBP2P9,34.80383243,0.017553018,0.099477249,0.579345455,0.777673031
SHC4,32.22378015,0.015078538,0.100646234,0.579377053,0.777673031
THBS1,128.1094332,0.022719398,0.095763045,0.579535319,0.777803806
ZNRF3,57.86669731,-0.020038393,0.097902537,0.57979787,0.778074501
ATP6V0B,7598.519817,-0.02013881,0.039638701,0.579864536,0.778082294
FMC1,138.7248148,0.026431471,0.090996945,0.580043342,0.778143217
BOLA2B,194.1312884,0.022198046,0.095953023,0.580081368,0.778143217
MT1E,55.80349194,-0.018961828,0.098663509,0.580092531,0.778143217
PPP1R2,1087.884515,0.029276828,0.070682351,0.580171553,0.778167573
SCNM1,1517.20212,0.025977236,0.055371963,0.580297927,0.778255428
GUCY2D,14.86237168,0.010946773,0.101847201,0.580337548,NA
KIAA1549,38.35339336,0.019370908,0.098462678,0.580380326,0.778284295
ERICH6B,7.979494209,-0.00946605,0.102204738,0.580408703,NA
FABP7,8.844517381,-0.009401385,0.102230336,0.580562162,NA
PEX3,241.6164186,-0.027726024,0.086040222,0.58071575,0.778652424
LSMEM1,11.58441492,-0.011581798,0.101703205,0.580992219,NA
DRC7,15.76115376,0.012276236,0.101572628,0.580998133,NA
MPP4,12.37281815,0.011729007,0.101731762,0.581015212,NA
MFN2,4289.177892,0.02050691,0.048533868,0.581090922,0.779073767
TMEM231,179.9342185,0.02331342,0.095676512,0.581215501,0.779159084
COQ9,1340.768691,-0.024892991,0.052354791,0.581400203,0.779236721
FNTA,1891.247638,0.026673794,0.061956675,0.581410819,0.779236721
MROH1,3077.359821,-0.028284214,0.064846102,0.581456262,0.779236721
SOCS5P4,6.060748849,-0.007311135,0.102576876,0.581530411,NA
PANK1,176.9434086,-0.026325925,0.089533956,0.581609328,0.779360157
H4C5,7.301911016,-0.009174779,0.102261026,0.581629235,NA
ADGRG1,43.22123961,0.012896209,0.101384836,0.581698545,0.779398018
HSPA14,366.663932,0.027781935,0.078250959,0.581808841,0.779459328
EXOC3L1,25.07712178,0.015244981,0.100567128,0.581917599,NA
ZNF774,69.91871458,-0.01690427,0.099735458,0.581931418,0.779459328
CTSS,31709.38998,-0.01421201,0.051853259,0.581933871,0.779459328
C5,240.0993215,0.028546867,0.082261267,0.581988169,0.779459328
MAN1A1,7082.667652,-0.021478777,0.043371688,0.5821049,0.77946087
BTF3L4P2,55.28185869,-0.016521879,0.099809727,0.582167098,0.77946087
SEMA5A,33.30511078,-0.011417761,0.101771214,0.582172221,0.77946087
CFP,25.60150803,0.012736134,0.101403583,0.582327901,NA
FAM120C,385.0604854,-0.028707363,0.072328951,0.582343804,0.779529691
MIS18BP1,1814.281053,-0.025782917,0.059701664,0.582345568,0.779529691
SDHAP1,649.2208179,0.028801297,0.076584023,0.582457918,0.77959846
ZNF84,523.7870113,-0.028772359,0.077761301,0.58258426,0.779685938
DNAH2,8.437834668,0.009593036,0.102198333,0.582625131,NA
TMCO1,2088.296257,0.034755443,0.055585957,0.582794175,0.779828008
C4orf36,85.72268184,0.02429855,0.09370762,0.582812406,0.779828008
TICRR,253.3549786,0.028567426,0.082399596,0.58302769,0.78003443
NADSYN1,2280.165114,-0.025216017,0.054033024,0.583240641,0.780237689
C11orf65,24.59087879,0.014544049,0.100799045,0.583359269,NA
ZNF32,300.2692031,0.028744835,0.085338869,0.583394762,0.780300919
TEFM,301.939309,0.026599245,0.088671922,0.583451337,0.780300919
PPP2R2A,1168.371258,-0.025839437,0.056288049,0.583471004,0.780300919
ZBTB6,314.0771889,0.029347053,0.073530241,0.583566536,0.780324118
PSMG3,399.665213,-0.02868495,0.073164003,0.58361042,0.780324118
CCDC112,494.3686019,-0.027910985,0.084548861,0.583847507,0.780559487
GNG3,19.23907271,-0.012662284,0.101370752,0.584115277,NA
SNX22,66.1643895,0.022690853,0.095241915,0.584279662,0.78105557
NBPF9,1462.916631,-0.023025411,0.094741607,0.584353773,0.781072973
ZNF702P,6.80634253,0.008831855,0.102332515,0.58443274,NA
RPL7A,15090.65446,0.024603929,0.050248757,0.584437117,0.781102712
DOC2B,8.794029106,0.008456791,0.102391052,0.58446724,NA
DNA2,186.7391855,-0.024221619,0.093559351,0.584555894,0.781120185
CYP2D7,67.16942777,0.021672107,0.096374269,0.584572384,0.781120185
INSYN2B,25.63706461,0.014056492,0.100907803,0.584582628,NA
GPN3,1078.721813,0.026492615,0.058896094,0.584801231,0.781306204
EXOC2,1123.058028,0.026871172,0.061604404,0.584844023,0.781306204
VIM,91970.72366,0.021569528,0.057462918,0.58489493,0.781306204
GXYLT2,12.56352392,-0.009086404,0.102185143,0.584967618,NA
FRK,169.6742227,-0.026526907,0.088608102,0.585032469,0.781367911
CLCC1,1052.388501,0.026901448,0.061451369,0.585089956,0.781367911
ADAMTSL5,52.95260372,-0.020079705,0.097483939,0.585174528,0.781367911
SEL1L3,1508.337521,0.025126248,0.052327767,0.585241734,0.781367911
SPG21,4056.104482,0.018662675,0.041024345,0.585246704,0.781367911
PDZD8,652.4316126,0.028117572,0.069853728,0.585489454,0.781416675
WDR33,2095.723981,0.027502437,0.063180046,0.585499399,0.781416675
NPIPB15,123.5172141,-0.024846229,0.092171469,0.58550438,0.781416675
KCNE1,310.3475086,-0.028148747,0.082333436,0.585550647,0.781416675
CDC37L1,317.7098983,-0.02870624,0.077042949,0.585588827,0.781416675
ZDHHC19,25.97107342,-0.014689853,0.100628891,0.585646713,NA
FOXH1,8.438782239,-0.008132061,0.102386137,0.585758847,NA
C5orf22,576.0752707,0.029118846,0.078709277,0.585955843,0.781824823
INCENP,1342.61578,-0.028383924,0.071593767,0.5861483,0.781957324
COL19A1,10.5770562,-0.011344998,0.101732167,0.586164733,NA
CSMD1,9.39347721,0.008576675,0.102307538,0.586168595,NA
FUT10,224.8730714,0.023854208,0.093378734,0.586177473,0.781957324
ABL2,2391.512141,0.026860303,0.060782356,0.586284454,0.782018439
ZNF839,409.5510348,0.028576684,0.074582681,0.586555095,0.782297818
TAF1,1269.177187,-0.027847286,0.082908458,0.586795944,0.782537409
ADAM15,1949.935085,0.027869622,0.067234235,0.586975499,0.782693912
TGFB1I1,68.44056779,0.019016759,0.098416133,0.587035739,0.782693912
SEMA4F,162.6030333,-0.019873252,0.097902845,0.587164229,0.782783595
JMJD6,696.9787449,0.027639299,0.066111623,0.587489338,0.783095648
TFCP2L1,524.7855108,-0.025843587,0.090244183,0.587628952,0.783095648
MED21,412.6251447,0.02816314,0.080018334,0.587640479,0.783095648
RFX5,1547.224693,0.025886,0.055759194,0.587672335,0.783095648
USP36,1720.187058,-0.027015368,0.05936883,0.587704556,0.783095648
PURB,2257.51149,0.023037176,0.04751898,0.588070009,0.783500944
GJB6,31.81597313,0.016311217,0.099926458,0.588140053,0.783512616
MXI1,377.0757773,-0.027436164,0.083706542,0.588287144,0.783626915
NECAB1,8.717958673,0.007717058,0.102481059,0.588385366,NA
TRIM13,874.8991166,-0.028544468,0.066052369,0.588408497,0.783706427
BRWD3,669.2463694,-0.028439478,0.07277362,0.588469433,0.783706427
BCL7B,1829.372542,-0.025992021,0.058199111,0.588552689,0.783735666
ZBTB25,351.9115183,-0.028193884,0.071806568,0.588729422,0.783863417
KLHL33,32.83228972,0.014971229,0.100511835,0.588771247,0.783863417
DRAP1,4825.098942,0.024721095,0.053170758,0.58897181,0.784048792
VPS51,2752.754385,-0.026682808,0.061327112,0.589126288,0.784172784
CFAP61,9.575185697,0.009337886,0.102192815,0.589182465,NA
STARD13,426.0110576,-0.028206738,0.078139133,0.589197676,0.784186163
KBTBD11-OT1,13.77469285,-0.004454576,0.102872313,0.589254181,NA
LSM2,350.0026164,0.028219742,0.080669865,0.589396963,0.784369748
ESRRA,1907.897995,-0.021380758,0.051174759,0.589492632,0.78439261
ARHGAP23,99.50496806,-0.020205737,0.097194185,0.589536847,0.78439261
IMPA2,183.3933518,0.028312705,0.086577039,0.589628871,0.784398598
SPHK2,782.6912016,0.027071428,0.064032597,0.589664054,0.784398598
ANKAR,55.84583536,0.020118298,0.097371279,0.589898527,0.784628867
NOTCH3,58.15947127,0.013905485,0.100884198,0.590041305,0.784737136
GNAT2,21.73203387,0.012716667,0.101261084,0.590067119,NA
ROBO3,44.82332787,-0.018020516,0.098799891,0.590156453,0.784808638
HTRA2,639.5572925,-0.027077782,0.062040949,0.590471885,0.785146443
STON2,451.7385,0.028410252,0.081091573,0.59057939,0.785207726
RRP8,472.3715905,0.027583948,0.080535481,0.590680016,0.785259853
GPR18,18.94366775,-0.013269557,0.101038408,0.590732804,NA
NQO2,735.7689977,-0.02653897,0.059667204,0.590902802,0.785366881
SENP2,1134.253607,-0.025736611,0.05864199,0.590934592,0.785366881
TBCEL,618.5400529,0.027751157,0.065731361,0.590993156,0.785366881
PLA2G2D,36.65079831,0.018347886,0.098687065,0.591006238,0.785366881
NLRC3,17.10850775,0.013182989,0.101141289,0.591020041,NA
HNRNPA1P14,7.978612066,-0.009343604,0.102150884,0.591044936,NA
EIF3E,4748.209275,0.025701411,0.057103359,0.591134134,0.785455197
WDR88,11.1276057,-0.010703644,0.101805128,0.591173228,NA
PICALM,9053.664655,-0.024807674,0.054339756,0.591296436,0.785589207
OR52E4,13.03367835,-0.010665938,0.101859817,0.591423154,NA
MBNL2,672.7412967,-0.026667142,0.070397858,0.591477363,0.785747931
TRPM3,9.676703167,-0.009347471,0.102146239,0.591514038,NA
ATP10D,816.9269136,-0.026869196,0.069654545,0.591729159,0.786000759
LIMS4,20.34156543,0.014695739,0.10053692,0.59197554,NA
NOTCH2NLC,374.0959839,-0.027451201,0.082903536,0.592113483,0.786306134
IL4I1,3240.361476,0.026355628,0.061430098,0.592127082,0.786306134
SOCS2,222.3832042,-0.02629588,0.087449445,0.592143564,0.786306134
SLC5A6,1546.362939,0.027871593,0.069843635,0.592290606,0.786419712
NCLP1,24.3289982,-0.015148415,0.10026812,0.592310297,NA
H2BC19P,15.06711876,-0.008133626,0.10237072,0.592550262,NA
PDE4C,27.68373442,-0.014797031,0.100378778,0.592600476,NA
MUC5B,14.8453358,0.005539363,0.102700996,0.592820672,NA
RCN1P2,36.28385435,0.016318342,0.099798225,0.592968112,0.787237519
RPL41,21731.79016,0.026749472,0.052996612,0.593140411,0.787384503
MYL6B,420.296809,0.028004186,0.075058384,0.593233488,0.787412853
AQR,1284.254931,0.026983597,0.063813879,0.593284944,0.787412853
CNTN2,8.453253713,-0.009216532,0.102158256,0.593420668,NA
IZUMO1,11.85467598,0.010742726,0.101794181,0.593481962,NA
PHYH,362.475355,-0.029400131,0.076753331,0.593569834,0.787607156
TSEN2,264.2818156,0.028138781,0.076401697,0.593638922,0.787607156
ZNF207,5107.709347,0.020179302,0.041514322,0.593669526,0.787607156
KDM4A,1744.235298,-0.025616379,0.058291647,0.59367776,0.787607156
RHEBP2,4.351725282,0.003707224,0.102931564,0.593799889,NA
RFX3,217.5744979,-0.024582444,0.091179166,0.594078334,0.787956753
NBPF20,287.1441684,-0.027733001,0.080588037,0.594157222,0.787956753
TBC1D2B,4041.595407,-0.023669682,0.053159951,0.594191903,0.787956753
CROCCP3,63.84112374,-0.020878871,0.096373175,0.594225345,0.787956753
CPEB3,344.7193881,0.028044768,0.077122009,0.594249434,0.787956753
FTH1P7,7.419076274,-0.009329709,0.10212227,0.594376904,NA
MTURN,399.9798303,-0.027507356,0.081678741,0.594659384,0.788358344
KCP,1503.446084,0.026946484,0.065870176,0.594675625,0.788358344
HSPB8,74.10517652,-0.023021743,0.093852999,0.594771358,0.788403506
RPL10P16,19.89013461,-0.012641155,0.101209218,0.594779892,NA
YTHDF1,1843.548473,-0.02280147,0.048698232,0.594913849,0.788510632
RCL1,377.524874,-0.027583478,0.070181528,0.595050671,0.788610223
S100B,1678.428877,-0.025417531,0.077272307,0.59526998,0.788819102
TRPC3,13.43933298,0.011582237,0.101606278,0.595428137,NA
ARHGAP32,828.0863089,0.02750633,0.069720836,0.595469253,0.789001389
PTGR2,480.062592,0.026892441,0.080427337,0.595551802,0.789028994
ZKSCAN2,253.3094873,-0.02782032,0.076956898,0.595741494,0.789165486
UQCRB,4479.688873,0.027390708,0.05917664,0.595778277,0.789165486
CHAMP1,680.5967282,0.027685821,0.07961539,0.596033927,0.789239549
ACBD6,814.9888478,0.027143124,0.066132546,0.596083606,0.789239549
WDR45,1579.396289,-0.024766059,0.056283016,0.596132361,0.789239549
RASA4CP,54.94832897,-0.018334203,0.098341602,0.596136169,0.789239549
IPMK,588.8097107,-0.02784424,0.070248986,0.596189936,0.789239549
DCTN2,2600.634906,0.026506487,0.060377017,0.596260334,0.789239549
POLR2E,4461.82306,-0.023493415,0.052364314,0.596266313,0.789239549
BMI1,884.9615279,0.026480228,0.061819106,0.596392382,0.7893247
ARHGAP27P2,42.16338767,-0.017665087,0.098783235,0.596455286,0.789326243
DNTTIP1,1718.233662,0.021785584,0.047484774,0.596571653,0.789398529
SLC26A8,14.69574629,-0.009817832,0.101934892,0.59658738,NA
COG5,997.2975277,0.026766965,0.081584729,0.596833891,0.7896638
TRIM59-IFT80,27.99292061,0.013578385,0.100861617,0.597020748,NA
GMPR2,2274.185606,0.023487081,0.047259423,0.597110008,0.789790083
DDR2,22.83086586,-0.012499797,0.101182294,0.597119018,NA
CCNB2,803.9042632,-0.0255782,0.065705052,0.597122494,0.789790083
AP2B1,3968.159698,-0.022456429,0.050117601,0.597132781,0.789790083
HACE1,434.2041014,0.02768063,0.077490162,0.597176436,0.789790083
CALB1,16.74975134,-0.009634793,0.101993857,0.597372672,NA
MORC4,238.0972247,-0.024838133,0.085614296,0.597396373,0.78994245
PTTG1IP,9115.982659,0.022788262,0.048668232,0.597415217,0.78994245
FAM180B,8.407040906,-0.009139168,0.102135588,0.597425847,NA
ENTREP1,10.4044881,0.010902422,0.101747658,0.597488502,NA
IRS1,29.84118251,0.014251173,0.100608418,0.597587004,NA
HSD17B7,210.8744869,-0.027597509,0.079830431,0.597621183,0.790133074
SLC35E4,138.0580505,-0.02470788,0.090327372,0.597820692,0.790225543
IRAK1BP1,52.94649614,0.016072882,0.099724855,0.59790729,0.790225543
DARS1,1694.124375,0.026067013,0.061228017,0.598040513,0.790225543
TMEM63A,3306.180743,-0.024930019,0.056587275,0.598062011,0.790225543
PIGB,288.5803776,-0.026939517,0.080837048,0.598091907,0.790225543
ZNF569,131.0622698,-0.020780523,0.096114258,0.598116905,0.790225543
MCEE,166.7262218,0.02673265,0.083857098,0.598123784,0.790225543
PCNX2,561.2679138,-0.026019869,0.085675817,0.59827167,0.790313016
DDX25,10.39552828,0.008876366,0.102172148,0.598316251,NA
STMP1,982.8673352,0.027377946,0.06791315,0.598393117,0.790313016
CHMP7,1136.909602,0.027073932,0.067107897,0.598497733,0.790313016
EFHB,8.000421879,-0.007664307,0.102420136,0.598623889,NA
SLC16A4,30.70582093,-0.014900798,0.100188059,0.598678052,0.790313016
MANF,1308.100087,0.026067784,0.061395935,0.598695137,0.790313016
WSB1,4868.909331,-0.023556224,0.05175681,0.598769533,0.790313016
RUNDC3A,26.87740178,-0.011557446,0.101442129,0.598812906,NA
RWDD2B,361.9408187,0.026733321,0.083357096,0.598830262,0.790313016
CRIPT,397.7364004,-0.027406892,0.07839891,0.598830933,0.790313016
BATF2,283.8810468,0.024989821,0.090924566,0.598851175,0.790313016
TPBGL,86.19682383,-0.023542597,0.092455354,0.598869416,0.790313016
RBCK1,2547.792666,0.023766915,0.052522967,0.598869965,0.790313016
ZNF506,294.988098,-0.025929831,0.08714011,0.599069529,0.790480649
COPS8,878.8339757,0.024632483,0.055661359,0.599120648,0.790480649
ACP2,8013.359654,-0.02334189,0.050963627,0.599234929,0.790514067
ATE1,1046.288891,0.02642602,0.063570273,0.599269639,0.790514067
TOP1P1,7.920707366,-0.008692838,0.102217194,0.599317337,NA
YARS2,694.4035193,0.026493546,0.065676361,0.599390228,0.790591568
KCNG2,14.09525817,-0.011741584,0.101423409,0.59939277,NA
PRSS12,16.44668741,-0.009867738,0.101932993,0.599394897,NA
RPLP2,6223.57696,0.02953691,0.06205364,0.599510229,0.790668277
TMEM158,107.8513909,-0.022311973,0.093934926,0.599899642,0.79110025
MYL3,30.51702331,0.014884349,0.10023782,0.600024549,0.79118336
RSAD1,821.2879362,0.027150893,0.069083688,0.600130266,0.791241152
TXNL1,1295.326966,0.026517457,0.063790971,0.600251733,0.791319695
TMX3,2060.571161,0.026426118,0.063467318,0.600430295,0.791473485
SETD9,132.1959425,0.02574162,0.08763801,0.600516728,0.79150581
SMIM7,1377.843715,-0.025978742,0.062026962,0.600648558,0.79159796
MRE11,780.6672078,0.026671962,0.066551237,0.600878172,0.791742137
ARHGDIB,13392.8216,-0.019970328,0.040917725,0.60089286,0.791742137
PEX2,731.4114833,0.027152263,0.06905787,0.600943739,0.791742137
CEL,12.20938123,0.00992269,0.101949275,0.601055228,NA
PLD6,36.60102326,-0.017959958,0.098362676,0.601092944,0.791857113
CDH7,11.55621259,-0.009488606,0.102016576,0.601097852,NA
C22orf23,282.423648,0.027298793,0.076536844,0.601268663,0.791936095
CERT1,4826.653411,-0.02532442,0.059536943,0.601276783,0.791936095
ATF1,706.3656269,0.026374508,0.063948146,0.601503749,0.792080728
CMC4,235.0623111,-0.026926445,0.081113068,0.601510504,0.792080728
B3GNT4,17.56288244,0.00938031,0.102037912,0.601767299,NA
GATAD2A,2644.924339,0.026675657,0.06541418,0.601890546,0.79249955
RHOQP1,10.5472163,-0.009641308,0.101974046,0.6021301,NA
BNIP3P11,7.126190304,0.007521258,0.102438219,0.602349077,NA
ALG1,1151.492171,-0.024297966,0.055309899,0.602371814,0.793051554
GSG1,17.47519833,0.011678855,0.101429228,0.602420995,NA
DDX50,651.4350698,0.026858168,0.070241542,0.602664576,0.793306706
KANSL1L,338.7316069,0.025656066,0.087491254,0.602689717,0.793306706
ISCU,4276.45323,-0.023118264,0.046673968,0.602947322,0.793506584
CHRFAM7A,62.95789839,0.017786632,0.09847992,0.602965699,0.793506584
POMGNT1,1135.155459,0.023993064,0.053893604,0.603044359,0.793509865
JMJD7,236.5097143,-0.026111544,0.085111147,0.603145945,0.793509865
SMARCC1,2696.141943,-0.024226106,0.05648202,0.603258881,0.793509865
ANAPC16,1462.090595,0.025536499,0.059980252,0.603334959,0.793509865
MSI1,10.43198194,0.009621568,0.101984248,0.603364003,NA
SSNA1,1838.714238,0.021538006,0.049197734,0.603379279,0.793509865
MED8,1235.184855,0.025295711,0.059060599,0.60342186,0.793509865
BAAT,67.49154784,-0.02134984,0.095050791,0.603499935,0.793509865
ZSCAN12,230.087678,0.027083263,0.080472921,0.603517723,0.793509865
TMEM216,144.2100479,0.02529538,0.087879949,0.603557444,0.793509865
ATP5MF,3722.332404,0.022869354,0.053009158,0.603650727,0.793509865
C3orf70,74.74058817,0.020038182,0.096745968,0.60368374,0.793509865
ASMTL,423.4083343,0.026972208,0.069427957,0.603712981,0.793509865
RFLNA,15.96631034,0.011438562,0.101478121,0.603734604,NA
TBL1X,358.3210517,0.026803704,0.077850332,0.603792577,0.793532904
SPOCK1,11.7734838,-0.007067223,0.102430637,0.603843971,NA
DCHS2,15.46929009,-0.011116797,0.101560275,0.604003126,NA
SECTM1,187.123937,0.023202314,0.092655451,0.604039372,0.793775658
WASH2P,111.4222425,-0.02417032,0.090815709,0.604203381,0.793909581
GPR156,20.81418302,0.01422561,0.100472044,0.604275425,NA
ANXA13,14.23919867,-0.011810658,0.101342598,0.604331575,NA
H2BC9,12.88750983,-0.011319719,0.101485151,0.604376672,NA
SPDYE5,40.10466098,-0.016549779,0.099067055,0.604513544,0.794091545
BMP6,19.50888076,-0.012009553,0.10125386,0.604516538,NA
TET2,1701.132606,0.025951787,0.062927605,0.604588357,0.794091545
MORN1,103.6746133,0.023313197,0.092316462,0.604603294,0.794091545
DUSP8P5,97.85832361,0.021905405,0.094506117,0.6046307,0.794091545
VCF1,825.2088024,0.027040063,0.073545861,0.60465242,0.794091545
SCGB3A2,45.81783373,0.01897329,0.097559415,0.604879947,0.794308764
OR2A42,20.14596154,0.01342349,0.100769749,0.604989471,NA
C9orf50,7.909595023,0.008372085,0.102244938,0.605302905,NA
RAB40A,17.10951984,0.01249342,0.10110597,0.605335562,NA
IRAG2,674.379331,0.027237477,0.074046251,0.605401335,0.794911787
GET3,2132.401124,-0.021483726,0.046832719,0.60554989,0.794969084
C19orf53,1655.145996,0.023357585,0.053223374,0.605569332,0.794969084
AZI2,1451.159771,0.026568007,0.064571931,0.605852131,0.795258675
FAM86EP,8.202595753,-0.00871313,0.102156371,0.605922274,NA
CLDN20,9.355743127,-0.009414269,0.101967036,0.605955193,NA
POLG,2224.193307,0.026340075,0.066380784,0.606032814,0.79541418
BRD10,805.1059716,-0.026316667,0.067592856,0.606114925,0.795440291
CD1B,24.6471261,0.013155891,0.100867763,0.60626293,NA
COA4,734.1599292,0.026185184,0.064935029,0.606332336,0.795643941
PIK3C2B,1148.942202,-0.026194603,0.06574136,0.606469795,0.795664648
LRRC8A,1486.803086,-0.024619113,0.057845388,0.606533562,0.795664648
ZNF383,296.6112095,-0.025517006,0.086399404,0.606544507,0.795664648
RAB7A,16648.21557,-0.019611474,0.043175371,0.606631324,0.795664648
TSPAN6,164.0312388,0.025331209,0.087870431,0.60672007,0.795664648
LRRC75A,2044.25162,-0.021359382,0.045528422,0.606721521,0.795664648
ZRANB3,152.9727213,-0.018656509,0.097510316,0.607007574,0.795884837
KPTN,344.1809329,-0.026918621,0.076538604,0.607013926,0.795884837
ZBTB49,148.2049261,-0.023618805,0.091273358,0.607076468,0.795885218
TOMM40P4,29.72910273,-0.015571845,0.099632373,0.607176751,NA
KDSR,1759.526099,0.024956914,0.057737796,0.607498877,0.796357341
AOPEP,123.2371451,0.02523096,0.087600892,0.607645616,0.796468033
CLNK,8.494665921,0.008710901,0.102178487,0.607731637,NA
SNX6,3510.810664,0.022036913,0.049718486,0.607796546,0.796553926
CYSLTR2,18.49546954,0.009610748,0.101952341,0.607851279,NA
CENPE,881.0070345,-0.027008956,0.07514231,0.60790937,0.796553926
HSF2,125.7342188,-0.022249363,0.093322919,0.607957548,0.796553926
LARGE1,217.029561,-0.02665457,0.08174202,0.60796036,0.796553926
BCL7A,114.3245252,-0.021189359,0.094794581,0.608100564,0.796645785
ZBTB5,378.5918973,-0.02668887,0.071439045,0.608155093,0.796645785
TENT5C,8.673505675,-0.00860691,0.102155762,0.608328716,NA
ZNF3,472.1513504,-0.02740235,0.076146257,0.608456898,0.79689648
WDR44,826.793734,-0.02542405,0.060162354,0.608471133,0.79689648
MTMR9LP,462.8323531,-0.026746259,0.077062412,0.608650669,0.797049965
GPSM1,133.2007299,-0.02556601,0.090763244,0.608767779,0.797121677
ECHS1,2458.80742,-0.01765233,0.046822568,0.608866518,0.797169323
VAMP8,6090.27145,0.023591776,0.051520678,0.608988427,0.79724729
SPMIP1,191.5232412,0.025719248,0.083695855,0.609058307,0.797257137
PLPP2,32.85423596,0.014221081,0.100307296,0.609867017,0.798105257
KLHL22,455.8719932,-0.026466158,0.070508769,0.609869364,0.798105257
CACNB4,32.19336874,-0.012890726,0.100826248,0.609893497,0.798105257
ARL8B,4258.662382,0.021928385,0.045842931,0.610061636,0.79824358
PRICKLE4,10.88647438,-0.010097374,0.101736835,0.610268851,NA
ZBTB12,92.12183964,-0.023053336,0.091905617,0.610415167,0.798512107
GCA,1304.493499,0.024733191,0.05839127,0.610418561,0.798512107
DNAJB9,850.490434,0.026411042,0.072166085,0.61048135,0.798512107
AP3M2,428.9958484,0.026700297,0.074491755,0.610516687,0.798512107
SVIL,157.8397684,0.022132268,0.09338653,0.611003525,0.798979314
KPNA2,4849.810175,0.023002675,0.053379122,0.611023051,0.798979314
ARHGAP15,353.7375284,-0.027617433,0.07808164,0.611102151,0.798979314
RRP7BP,57.86240343,0.018373307,0.097563247,0.611123873,0.798979314
LDOC1,22.92604763,-0.012580166,0.100895141,0.611292425,NA
AKAP6,573.2305596,0.02520006,0.086883731,0.611304662,0.799066641
TMED1,1201.655842,0.02354385,0.055468409,0.611315668,0.799066641
OR2A5,23.4933164,-0.008021563,0.102225553,0.611377355,NA
PPP2R1B,422.6372639,0.021725078,0.094025114,0.611463035,0.799177561
ACTG1P10,13.17507839,-0.010435999,0.101646543,0.611605987,NA
PIMREG,222.1645548,-0.026220659,0.079817562,0.611659196,0.799294208
MAMDC2,32.59332691,-0.011801739,0.101127889,0.611785842,0.799294208
TPBG,124.0063463,-0.023132262,0.093524389,0.61179279,0.799294208
MYL9,98.20027618,0.024120152,0.089748514,0.611802356,0.799294208
UTS2R,63.82927156,-0.019536085,0.096398472,0.612198888,0.799730539
AMMECR1,320.6751702,0.025259464,0.086410828,0.612273677,0.799746523
PLCXD2,10.47327413,-0.005603922,0.102626249,0.612391466,NA
ZNF556,29.1953627,0.015698153,0.099501606,0.612548984,NA
NLRX1,1171.030996,-0.024969262,0.059203529,0.612682061,0.800067193
TTL,2981.226959,0.019858265,0.043249446,0.6127059,0.800067193
NUP188,2407.963359,-0.025956447,0.067536942,0.612706913,0.800067193
DYNLRB1,2748.814899,-0.024587755,0.059363753,0.612772954,0.800071713
SCHIP1,20.30250565,0.008977136,0.102027361,0.612952375,NA
GGH,620.4855104,0.026855987,0.068441756,0.612993668,0.800278162
NSUN5P2,155.4281117,-0.025093992,0.086125623,0.61305694,0.800279046
BMS1P7,29.39539513,-0.015433667,0.099487556,0.613142427,NA
MFAP1,1053.840332,0.02601848,0.067712311,0.613187453,0.800367697
STARD7,4110.426036,-0.020361513,0.04508996,0.613458632,0.800639915
ORMDL2,874.1024639,0.026321956,0.070986528,0.613538553,0.800660224
PLIN5,14.09627908,0.009701061,0.10183424,0.613555263,NA
LPAR6,2048.039097,-0.025590107,0.065141685,0.613599443,0.800660224
GATD1,1253.513345,-0.026178974,0.0751531,0.613882386,0.800947679
COBL,20.2936443,0.01099801,0.101451259,0.613906712,NA
PTPRA,4255.910975,-0.018831688,0.038934379,0.614099401,0.801124046
CYP46A1,96.76680453,0.021875702,0.093572443,0.614184046,0.801124046
JPH3,7.632371126,-0.008825316,0.102057726,0.614270417,NA
GOLGA8Q,56.67391816,-0.016242272,0.09907944,0.614308038,0.801124046
DNAJC11,2384.315026,0.026067161,0.068567307,0.614329356,0.801124046
CFAP418,81.97034418,0.020875424,0.094911844,0.614330868,0.801124046
EEF1DP2,8.240896349,-0.008709739,0.102092292,0.614390929,NA
OTOF,15.26011955,0.010066558,0.101766929,0.614416912,NA
SLC35G2,174.6016029,-0.024447139,0.087393378,0.614530977,0.801227731
EFNB2,22.51593714,-0.011581876,0.10121863,0.614696335,NA
TTC17,1742.701395,-0.023021626,0.059405127,0.614778214,0.801227731
APBA2,49.43688181,-0.017748352,0.097817095,0.61482338,0.801227731
SMG9,1325.178388,-0.023994325,0.057416917,0.614826175,0.801227731
CADM4,31.05564467,-0.013376099,0.100434478,0.614826305,0.801227731
MIEF1,2494.084252,-0.020409932,0.045669463,0.614836565,0.801227731
NEU3,1126.486846,0.025857501,0.068653708,0.614849063,0.801227731
CCR10,8.721543049,-0.006980315,0.102424499,0.615521534,NA
FBXO38,1529.384674,0.025584821,0.071286368,0.615536065,0.802041234
RHBG,9.112345204,0.008205046,0.102192277,0.615700449,NA
TRO,13.52249857,-0.009949758,0.10172081,0.615714963,NA
CCBE1,23.90742783,-0.013634445,0.100350182,0.615818417,NA
C4orf19,17.49737105,-0.010574596,0.101506449,0.615892576,NA
IQSEC2,2018.419661,-0.025560476,0.066012666,0.615902369,0.802371368
MKKS,466.7166153,0.025480949,0.080846753,0.615962587,0.802371368
SIRT7,1173.631033,0.025967312,0.07435401,0.615986938,0.802371368
NHSL1,505.8441161,-0.025876214,0.079691511,0.616040465,0.802371368
NACA,7177.099534,0.03361623,0.063524672,0.61623559,0.802443999
LYRM7,506.3448026,0.026005192,0.080782064,0.616273429,0.802443999
ASTN2,177.6453288,0.025910761,0.081936718,0.616284523,0.802443999
MYBBP1A,1670.21692,-0.025545796,0.07345296,0.616507704,0.80265285
ZNF17,96.36490603,-0.021586435,0.093445282,0.616699741,0.802692994
ATP6V1E2,59.87670407,-0.019036093,0.096444982,0.616724424,0.802692994
NIPSNAP3B,82.06171336,-0.021671792,0.093653275,0.616726889,0.802692994
ANKRD49,318.1769752,-0.026151536,0.076962782,0.616867831,0.802794709
TNPO3,2445.466597,0.020156355,0.045700994,0.616952495,0.802823171
HTN3,8.68643832,-0.007971361,0.102237279,0.617157925,NA
UGGT1,3156.917453,-0.024433304,0.060420407,0.617170332,0.80296765
HYAL2,1420.682843,0.025182471,0.061175435,0.617189136,0.80296765
SPSB2,259.2257971,-0.025950287,0.079820648,0.617424458,0.803192073
AMH,46.40534952,-0.013643464,0.100269927,0.617583712,0.803317506
COBLL1,22.00770186,0.009910541,0.101706311,0.61767166,NA
P2RY13,371.4902377,0.025088501,0.080809405,0.617684803,0.803367264
RAB23,155.4833307,0.023594584,0.089827433,0.617890696,0.803541261
YIPF1,924.9573433,-0.02479481,0.062756263,0.617944285,0.803541261
RPS20P33,12.15019398,-0.010386367,0.101645167,0.617944479,NA
RPS3,19353.20065,0.020807622,0.04615689,0.618132824,0.803704684
THOC6,881.8628663,0.025309506,0.06337094,0.618325964,0.803874054
PLB1,397.857975,-0.025560357,0.081469364,0.61846485,0.803972864
ACTR8,974.3410466,0.025884849,0.061351209,0.618594179,0.804010487
ZKSCAN3,189.3277458,0.025509994,0.082958077,0.618619567,0.804010487
PCDHGA11,14.10403677,0.009359151,0.101925148,0.618638793,NA
PCTP,705.8251724,0.024194474,0.059852017,0.618824061,0.804194513
IFT81,130.6612645,0.021801815,0.093119998,0.61911243,0.80448749
ZBTB2P1,12.2481819,-0.009890322,0.101713667,0.619135685,NA
RFX4,20.17811152,-0.010516211,0.101503141,0.619149158,NA
CD83,6241.315671,0.02143297,0.053883616,0.61932756,0.804626147
NHLRC1,70.01621476,-0.020610006,0.092878833,0.619345007,0.804626147
ETV4,21.83429147,-0.010256656,0.101534366,0.619396919,NA
ZNF410,818.3500064,0.025928118,0.063835531,0.619425934,0.804649519
AKIP1,1275.41663,-0.02328161,0.055836482,0.619646956,0.804787109
AKR1E2,8.738439956,0.008640965,0.102059586,0.619703706,NA
IRF2,1826.021816,-0.024566262,0.060919988,0.619726998,0.804787109
CELF1,3653.8065,0.026204139,0.071900943,0.619798085,0.804787109
CD1C,186.84147,-0.022607365,0.091378664,0.619821215,0.804787109
SOCS5,515.4070803,0.025642244,0.067856908,0.61984659,0.804787109
XPO5,1358.142055,0.024339304,0.062190193,0.619996827,0.80490043
PATE4,10.61641309,0.009159371,0.101947959,0.620237265,NA
ADGRL1,465.6706927,-0.025106839,0.081503277,0.620285233,0.805193085
GPR37,12.66926304,-0.010569557,0.101495269,0.620312865,NA
KRBOX5,452.8916568,0.025394896,0.08221001,0.620365859,0.805215991
MYO9A,540.8890876,-0.025905243,0.075058077,0.620545787,0.805367769
AMER2,12.54133171,-0.010115934,0.101634261,0.62074018,NA
ECM1,2415.374947,0.025838368,0.074657493,0.620777641,0.805452631
SLC35E3,966.092695,-0.024179006,0.060090299,0.620782008,0.805452631
MAGEH1,301.0065663,-0.025743116,0.078143711,0.620800174,0.805452631
SLC4A10,20.79375858,0.010542991,0.101496732,0.620878384,NA
PCCB,1400.592746,-0.023698987,0.058025759,0.621169968,0.805850638
ZNF778,243.4637939,-0.011073894,0.101270351,0.621326271,0.805971629
RNASEK-C17orf49,19.74209775,0.010007196,0.101663855,0.621545025,NA
SEPTIN4,22.57382454,-0.014098387,0.09998996,0.621575656,NA
SLC25A3,8754.161864,0.020982238,0.04770562,0.621650138,0.806241732
NAT10,1211.030477,0.024011322,0.058660389,0.621660618,0.806241732
NFXL1,207.2816006,0.024191335,0.085809861,0.62182664,0.80637525
COX6B2,8.339183638,0.008383535,0.102121351,0.621896418,NA
RNF32,50.68507258,0.017553391,0.097687143,0.621900877,0.806389728
CCDC38,13.79740547,-0.010294262,0.101562367,0.62234746,NA
PELI2,64.97428052,-0.015453162,0.099096177,0.622370594,0.806860623
PRKACB,891.5890097,-0.024711442,0.062663621,0.622424296,0.806860623
IL7R,2781.844634,0.024823931,0.063946174,0.622513741,0.806860623
FBF1,118.7150398,-0.022629199,0.091050467,0.622516479,0.806860623
IFITM3,4104.991044,0.025726598,0.080623335,0.622647262,0.806907612
SLC26A4,9.349253233,0.007202372,0.10234705,0.62266124,NA
SGK2,13.81549835,-0.009434001,0.101789728,0.622694436,NA
RGPD8,549.5452459,-0.025147663,0.078767612,0.622780899,0.806907612
SIN3B,1875.720982,-0.025434862,0.069760937,0.622783188,0.806907612
MFN1,698.7753461,0.024845838,0.06561894,0.622840235,0.806907612
IKZF2,361.7950009,-0.016811898,0.098148321,0.6228683,0.806907612
ACSL6,10.55415925,0.008698829,0.102031239,0.622986556,NA
FBXL7,270.2253016,-0.025711901,0.075255722,0.622988859,0.806982022
TNPO2,2051.176872,0.024964107,0.065887368,0.623057567,0.806989261
P2RX5,29.37833537,0.013801529,0.100170145,0.62309653,NA
MRPS24,1084.045631,0.023597421,0.057717099,0.623257216,0.807064352
ZNF670-ZNF695,38.77834766,0.01580398,0.098907193,0.623261837,0.807064352
JUNB,5254.086219,-0.020443938,0.046909011,0.62334823,0.807064352
BLTP2,8748.385872,0.020059332,0.043925048,0.623368047,0.807064352
PTGES3L-AARSD1,11.00921939,-0.008297251,0.102121713,0.62342467,NA
BVES,193.109649,0.023659169,0.088665178,0.623660558,0.807361304
PRKRIP1,997.6898462,0.023416321,0.056264204,0.623750646,0.807396174
HNRNPA1P54,100.102661,0.023011585,0.090209755,0.623839242,0.807429105
ZNF30,75.4135632,0.020152579,0.094861301,0.623953331,0.807495024
TCN1,7.254606657,0.006408031,0.102527472,0.62406345,NA
PRR15L,13.73811104,-0.01122375,0.101203867,0.624068143,NA
PHF20L1,1522.091115,0.023759967,0.058824541,0.624145419,0.80766186
P2RX5-TAX1BP3,64.6908311,0.018962014,0.09636636,0.624244994,0.807708962
TCP11L1,422.8453687,0.02548874,0.07896922,0.624499936,0.807879928
CCDC17,71.9826381,-0.019107901,0.095935214,0.62453009,0.807879928
S100PBP,666.6562774,0.025014745,0.064816073,0.624566696,0.807879928
RASAL1,45.95426712,-0.016764918,0.098089813,0.624785895,0.807897326
SCUBE3,36.01010333,-0.016051477,0.098658122,0.624787261,0.807897326
MYO5A,4223.089595,0.022344367,0.05322328,0.624803512,0.807897326
BBS1,421.9682287,0.026005416,0.071737951,0.624848705,0.807897326
EIF2B2,788.0303064,-0.024659839,0.064381207,0.624896102,0.807897326
AMZ1,85.79002398,0.016618396,0.098293422,0.625249362,0.80819401
NGLY1,845.3714647,0.024307374,0.063021774,0.625252011,0.80819401
BZW1P2,88.04226367,-0.012832163,0.100509032,0.625353181,0.808243067
TMED8,1305.752369,0.021995315,0.053785371,0.625428989,0.808259337
EFCAB7,48.63056419,0.016928125,0.098020459,0.62551157,0.808284357
TCEANC2,518.9066336,-0.025126367,0.081236989,0.625667127,0.808339453
MRPS9,419.0345982,0.026808662,0.075674574,0.625680659,0.808339453
LONRF3,491.0162514,0.025207046,0.068959406,0.625826865,0.808446648
ARHGAP11B,173.5079016,0.024040271,0.086839023,0.625968747,0.808548235
PARP3,156.106725,-0.022085119,0.091934677,0.626041054,0.808559943
PRR22,41.26074941,0.016230359,0.09856097,0.626201223,0.808685115
OR10A6,8.713099911,0.008925241,0.101941709,0.626490549,NA
HACD2,1570.151261,0.024009772,0.061368629,0.626511953,0.808984535
CATIP,53.27192718,-0.018593943,0.096374783,0.626562846,0.808984535
PLBD1,2510.728539,-0.022194876,0.053399451,0.626722906,0.808984535
UBTF,2900.621678,0.020067367,0.0461113,0.626778875,0.808984535
DNAJC28,67.40527131,-0.020027582,0.094677817,0.626880199,0.808984535
SLC12A6,2728.916268,0.023372494,0.063311204,0.626896943,0.808984535
MEX3A,63.5328322,0.018806338,0.096276209,0.626969811,0.808984535
ING5,714.1340112,0.025317125,0.076803293,0.6269962,0.808984535
OAZ2,1717.693285,0.021787959,0.052396767,0.627048601,0.808984535
FAM124A,31.43793277,-0.012694622,0.100491594,0.627065839,0.808984535
GFI1,28.00890175,-0.010270759,0.10143839,0.627150762,NA
SERF2,12488.49943,-0.021802047,0.052059138,0.627315057,0.809135756
TRIM73,147.3002437,0.022640401,0.090422966,0.627351532,0.809135756
CENPC,480.1413964,0.025463374,0.077021871,0.627372918,0.809135756
SNRNP27,615.9314415,0.025299979,0.072435645,0.627457365,0.809163044
CCNK,2652.603557,-0.021867422,0.051360387,0.62762747,0.809300777
ELK1,435.6939593,-0.02504455,0.078780938,0.627831597,0.809482349
EID3,12.95294113,0.00981217,0.101663723,0.628076673,NA
UBE2Q2P16,14.37633523,-0.01059191,0.101379946,0.628086351,NA
FABP2,15.4346384,0.01096671,0.101272058,0.628169772,NA
C2orf50,35.88442507,-0.015664133,0.098761622,0.628437802,0.810182243
CBLB,1801.4493,-0.024545706,0.061515046,0.628527887,0.81018241
L3MBTL2,1332.512422,-0.023662386,0.060272792,0.628564672,0.81018241
SLC26A7,8.083669624,0.006735107,0.102392667,0.628734758,NA
COL26A1,115.7117179,-0.021130377,0.093359221,0.628753152,0.810343654
IL12RB1,216.4292562,-0.024438573,0.084333214,0.628871164,0.810350427
RTN4IP1,263.5543262,0.024376507,0.082047776,0.628885173,0.810350427
EPCIP,11.20470507,-0.009569697,0.101686187,0.628945205,NA
ANKRD35,58.25198222,0.017619499,0.097220587,0.629113057,0.810562374
SURF1,903.8792304,0.023262667,0.058267489,0.629179353,0.810566105
MARK2P17,9.652841245,-0.008751962,0.101944101,0.629270211,NA
MC1R,254.5590943,0.023628041,0.084311515,0.62928379,0.810618968
TNRC18,6730.005842,-0.022177511,0.053868972,0.62939779,0.810684138
BLK,9.332523699,0.007544031,0.102251183,0.629480454,NA
IL12RB2,11.04565504,-0.009466454,0.101682123,0.629549294,NA
PRELP,25.04268683,-0.013653539,0.099938221,0.629646782,NA
ZNF510,362.5454227,0.024530864,0.084854353,0.629657064,0.810872787
MT-ND4L,11886.73773,0.023316591,0.064811142,0.629728164,0.810872787
EIF2AK3,623.0191876,0.025268713,0.075597556,0.629734525,0.810872787
SORD2P,11.84530739,0.009199249,0.101830442,0.629855154,NA
BST1,137.6132652,-0.022459753,0.089940502,0.629887949,0.810988663
FAM3B,24.09490868,-0.012239152,0.100802014,0.630073484,NA
IFT46,317.2325121,0.025231078,0.081296437,0.630121479,0.811207644
PUSL1,358.8954606,0.025050816,0.070418443,0.63019394,0.811219243
SEC14L1P1,14.94317033,0.011175677,0.10118006,0.630275627,NA
NEK2,358.1414445,0.025195601,0.07534917,0.630487564,0.811501415
CCNL1,2559.368566,0.021650004,0.053497564,0.630598756,0.811501415
ACAP3,1605.093766,-0.024634342,0.077908548,0.630603563,0.811501415
ICE1,1184.517778,0.022076542,0.053840283,0.63089217,0.811725172
LYN,7247.544368,0.018989208,0.049212763,0.630904422,0.811725172
AKAP9,3282.622358,-0.021691995,0.052240277,0.631084549,0.811875222
ADAMTSL1,12.91709917,0.005929454,0.102538559,0.631219266,NA
PDE10A,22.23093219,-0.013486618,0.100021791,0.631235235,NA
TMEM106C,673.4553044,-0.024862341,0.06929285,0.631363749,0.812152684
FNIP2,5270.542953,0.021010591,0.050044055,0.631558943,0.81232204
ZNF626,98.37700525,-0.018059872,0.096547255,0.631624957,0.812325226
TBC1D7,343.9596546,0.025098988,0.075453964,0.631709216,0.812351874
NWD1,12.6106469,0.008446373,0.101994884,0.631766146,NA
CXXC5,4496.56542,-0.020572751,0.043882283,0.631924733,0.812422331
THTPA,641.3472258,-0.023977364,0.060281679,0.631989743,0.812422331
POU5F2,44.95724111,0.017551102,0.097203496,0.632089323,0.812422331
TTC3,4530.689406,-0.023232708,0.059299653,0.632201349,0.812422331
NIPSNAP2,1800.692836,0.024243796,0.061013563,0.632248122,0.812422331
MBD2,2574.971125,-0.024671944,0.070709918,0.632307591,0.812422331
PLEKHG2,1305.379895,-0.018416596,0.095621027,0.632376161,0.812422331
FAM200A,154.8518593,0.024251666,0.083970861,0.63240358,0.812422331
CTNNA1,8041.506383,-0.019120676,0.048722746,0.632416042,0.812422331
IKBKB,2273.217539,-0.024546934,0.069066939,0.632620328,0.812422331
LYPLAL1,743.4084334,0.025264236,0.074838071,0.632675245,0.812422331
EVI5,797.3350404,0.024924988,0.071098753,0.632676934,0.812422331
KNOP1P3,10.37733707,-0.009626861,0.101633089,0.632717756,NA
EXOC4,2515.287443,-0.023209213,0.059382568,0.632794319,0.812422331
CPED1,1705.92948,0.022268225,0.055060852,0.632859342,0.812422331
BRD7,2099.047711,0.022081142,0.058640136,0.632865707,0.812422331
MAGI3,93.85751262,-0.019694937,0.094517746,0.632880387,0.812422331
MOV10,3083.344144,0.023760752,0.061645739,0.632903109,0.812422331
TMEM237,281.6517381,0.024251688,0.083600848,0.632907815,0.812422331
SLC35D1,517.5059179,0.024752485,0.068951225,0.633105503,0.812591564
SIKE1,716.2175044,0.023587661,0.085998899,0.633205315,0.812591564
RAMAC,923.6477461,0.023963239,0.063240567,0.633245775,0.812591564
DNAAF9,1597.143522,-0.021009466,0.051029448,0.633309206,0.812591564
ATP6V0E1,5514.050669,0.020492772,0.04877219,0.633357445,0.812591564
RPS15AP10,15.71074241,-0.009472975,0.10165706,0.6336183,NA
TBC1D3L,454.560616,-0.024416025,0.081966069,0.633659292,0.812849023
SLF2,1840.254048,-0.020366644,0.056701957,0.633694299,0.812849023
NSUN4,732.6012443,0.024880386,0.078162907,0.633748851,0.812849023
PIK3R1,2763.284619,0.020077147,0.047350027,0.633902414,0.812964426
KLK11,10.19062028,-0.009635376,0.101607746,0.633953999,NA
VIRMA,1333.220736,0.024470376,0.075291703,0.634160835,0.81321427
TNRC18P1,9.668241396,0.008908364,0.101869207,0.634323813,NA
OR7D2,17.00374647,-0.010886902,0.101144773,0.634377228,NA
ZKSCAN5,506.2143929,-0.025114481,0.066525476,0.634613488,0.813713112
NCOA7,1550.678155,-0.023587529,0.061389393,0.634850177,0.813934969
CRADD,160.0483906,-0.022592309,0.08952996,0.635005805,0.814052865
JAGN1,734.5638543,0.024327266,0.066651034,0.635100174,0.814092212
LDHAL6A,12.81309321,-0.010729383,0.101183671,0.635469071,NA
IGHMBP2,621.9917694,-0.023632294,0.084888083,0.635557329,0.814596536
PLEKHD1,19.64518517,0.012170883,0.100650391,0.635581246,NA
ZNF829,59.36416163,-0.018127986,0.096025398,0.635747647,0.814758788
SPINT2,3298.583247,-0.022203464,0.055224469,0.635914392,0.814844297
C1orf52,530.3636384,0.024711355,0.073612248,0.636105279,0.814844297
TMEM60,534.2390105,-0.025103921,0.067564934,0.636220987,0.814844297
GBF1,3095.006453,-0.019910289,0.094440716,0.636246601,0.814844297
SRPRA,4237.176298,-0.019858222,0.04749808,0.636342516,0.814844297
STEAP4,33.20399728,-0.013126978,0.100038234,0.636412169,0.814844297
E2F4,2479.954695,-0.020896929,0.050870468,0.636431806,0.814844297
CRACR2B,211.4206423,-0.023806726,0.085252008,0.636432444,0.814844297
MMGT1,981.1112166,0.022279276,0.056079496,0.636444485,0.814844297
SMPD2,635.732692,0.023231088,0.059903367,0.636489904,0.814844297
STEAP3,2161.793249,0.024701498,0.07641996,0.636520611,0.814844297
RNASEH2A,451.4258534,-0.024696862,0.073899304,0.636579182,0.814844297
RASSF6,9.259457551,-0.008657074,0.101859238,0.636694055,NA
CCDC65,69.6585661,-0.018967491,0.095504424,0.636723228,0.814856384
PTGER3,9.166537349,-0.007939913,0.102071684,0.636779745,NA
GSTZ1,581.4035405,-0.024588588,0.067310464,0.636808308,0.814856384
FLYWCH1,1115.84371,-0.02389425,0.069554154,0.636826981,0.814856384
PPIL4,884.9572305,0.022955005,0.059326382,0.636843566,0.814856384
SETDB2,1598.884814,-0.023400072,0.061940338,0.63705465,0.815044901
MTA2,2473.522673,0.02061904,0.048626386,0.637181276,0.815125336
SLC25A10,283.2011135,0.023802757,0.08438159,0.637359549,0.815179711
RC3H1,1190.577863,-0.02368043,0.065078039,0.637391486,0.815179711
RAB4A,1064.499766,-0.023404363,0.062759733,0.637440264,0.815179711
TMEM263,788.6680482,0.023982175,0.066658008,0.637478823,0.815179711
BAZ2A,3859.49001,-0.023793151,0.065214287,0.637571035,0.815210042
TRIM38,2867.986118,-0.01969926,0.047564186,0.637630068,0.815210042
DNASE2B,125.4827732,-0.025439489,0.091736862,0.637717897,0.815240808
IGSF9B,14.61572019,-0.005205868,0.102612525,0.637820555,NA
USP51,139.8807485,-0.023847393,0.086171434,0.637879575,0.815265552
INTS14,939.5619529,0.02343319,0.061949472,0.637918934,0.815265552
DSTNP2,45.38405782,-0.01735115,0.096862248,0.637954226,0.815265552
ZMYM4,1527.226923,0.024171483,0.067346847,0.637992323,0.815265552
SIRT5,419.36648,0.024549375,0.077396238,0.638097232,0.81531812
REELD1,8.377658304,0.006764214,0.102350215,0.638152448,NA
RNFT1,1207.718169,-0.023828032,0.064411003,0.638216227,0.815342716
TIFAB,328.314699,-0.02279053,0.088324509,0.638320941,0.815342716
FAM149B1,484.7897125,0.024635721,0.07684633,0.638370068,0.815342716
NALF1,8.198094771,-0.007637941,0.102138083,0.638479151,NA
TXLNA,2472.005755,0.019193674,0.043587245,0.63849088,0.815342716
HLA-H,7.00887321,-0.007111145,0.102272172,0.638508267,NA
PKP2,25.47740815,-0.013875339,0.099538555,0.63857589,NA
CASP10,728.8786846,0.024030307,0.066805306,0.638595057,0.815342716
MED27,415.9594965,0.02463732,0.079755097,0.638615375,0.815342716
FKBPL,163.9668019,-0.022625226,0.088025138,0.638663047,0.815342716
DUSP2,237.1678818,0.024823418,0.078344767,0.638679294,0.815342716
UPK3BL1,581.0038184,-0.024368733,0.080839397,0.638690442,0.815342716
USP8,2161.937136,-0.023355412,0.065982081,0.638923077,0.815558261
RAB3IP,125.4372872,-0.018652336,0.094939198,0.639071814,0.81566668
C11orf24,781.8454426,0.023532262,0.064005509,0.639389563,0.815990773
POU5F1B,12.77436496,-0.00824858,0.101957806,0.639556935,NA
DNMT3L,8.099785881,-0.006614107,0.102373567,0.639580842,NA
EXTL2,406.2531091,0.023253908,0.075866236,0.639660199,0.81615243
ADAM8,166.6473841,0.021802658,0.090261149,0.639666321,0.81615243
LPO,9.101878464,-0.008057929,0.102027054,0.639674717,NA
ACAD8,1284.653832,-0.022092371,0.056438362,0.639707744,0.81615243
VAV2,780.9911302,0.023027397,0.060492985,0.639839163,0.816159683
CGRRF1,233.4583627,0.022747907,0.087975416,0.639881982,0.816159683
FMR1,1086.669272,0.021949959,0.055969918,0.639930819,0.816159683
TCTN3,934.64962,-0.022392038,0.057310084,0.640031638,0.816159683
OGA,2996.815135,0.020718398,0.051237572,0.640085182,0.816159683
ATP5PB,3822.372814,0.023643815,0.069098261,0.6401892,0.816159683
DNALI1,76.32686978,0.019913232,0.0937215,0.640214251,0.816159683
POPDC3,158.454825,0.020635871,0.092375612,0.640224127,0.816159683
DCBLD2,396.5837113,0.023792022,0.083129739,0.640417981,0.816325412
EEF1AKMT2,324.3347281,0.024531792,0.079424216,0.640676882,0.816487686
ZNF71,328.044518,0.024384104,0.072805365,0.640678502,0.816487686
CSTA,306.4911461,0.024144481,0.081401932,0.640736875,0.816487686
NCDN,1082.56302,-0.022097464,0.055861788,0.640814911,0.816505745
DIP2B,3062.532644,-0.020683478,0.044336599,0.640893603,0.816524635
COCH,77.69819182,-0.020363435,0.092718497,0.641117846,0.816692156
LANCL3,49.86056473,-0.014247405,0.099086074,0.641152849,0.816692156
TIMP4,10.30959047,0.00863404,0.101859026,0.641379894,NA
GALNT10,1873.606686,-0.023968518,0.068624003,0.64150317,0.817056986
IQCH,8.28854959,-0.006886278,0.102286897,0.641672487,NA
HSPA5,18553.75577,-0.01520475,0.055549372,0.641738426,0.817275204
HMGA1,13214.32514,0.015997683,0.049822444,0.641901381,0.81740131
FGF2,10.56837552,-0.008967976,0.101730581,0.64190809,NA
OR10K1,15.59310285,-0.010144747,0.101303785,0.642097143,NA
ZNF665,25.83685943,-0.012842708,0.100003063,0.642372542,NA
RUFY3,1079.1553,0.024895553,0.076298375,0.642386058,0.817886752
DPY30,571.702828,0.024928551,0.071253804,0.64252514,0.817886752
NUP98,3331.693118,0.025003372,0.062921794,0.64253356,0.817886752
RPL31P46,13.585564,-0.010663943,0.101102803,0.642578809,NA
PAPPA,14.40574619,0.009551693,0.101561395,0.642588974,NA
SLC25A23,851.3277916,0.024766327,0.082228407,0.64266131,0.817886752
GLG1,7424.572175,0.02307237,0.058939061,0.642664022,0.817886752
SHOX,24.12712018,-0.00885613,0.101729152,0.642666208,NA
BNIP1,204.2370415,0.023977751,0.081122657,0.642725862,0.817886752
LONP2,1522.041678,0.022964849,0.061241179,0.642730402,0.817886752
DLST,3421.833314,-0.016856419,0.039278684,0.642975564,0.818087596
HSBP1L1,61.921891,-0.019078121,0.094564071,0.643016211,0.818087596
CRY1,299.9192929,-0.024285366,0.077777326,0.643217875,0.818240009
DPY19L1P1,27.65992712,-0.014081825,0.09919828,0.643231747,NA
MAFK,1996.233458,0.022069862,0.05715991,0.643264007,0.818240009
TGIF2-RAB5IF,29.30060311,-0.012792398,0.100025636,0.64329653,NA
CDK1,1333.559335,0.02331952,0.063602831,0.643355229,0.818274632
FAM86B2,40.61988493,0.01393405,0.099443747,0.643442495,0.818304218
CSRNP2,843.3724654,0.024040401,0.073112771,0.64369549,0.818544543
SLC38A9,1271.054698,-0.022916038,0.060826801,0.643813237,0.818612853
RNF10,3771.914446,-0.019771971,0.048591539,0.643922763,0.818670696
EDEM2,2462.145235,-0.018795222,0.045399195,0.644120195,0.818799901
UQCC3,242.9329124,0.024118749,0.078216009,0.644152476,0.818799901
OR4D1,12.28469283,-0.010027348,0.101303156,0.644292646,NA
MRPL9,994.9063912,0.023337323,0.064316152,0.644385588,0.818865905
GSPT2,228.7035685,0.024702137,0.081463811,0.6444108,0.818865905
DVL2,1201.167615,-0.023700332,0.067738,0.644443529,0.818865905
KAT2A,1415.222765,-0.023594053,0.068771789,0.644460597,0.818865905
TSR3,1169.459298,0.021154113,0.053701898,0.645016164,0.819367697
CMTM1,172.1060795,-0.021937008,0.088559277,0.645045922,0.819367697
TTC4,519.4812147,0.024130983,0.077178248,0.64504778,0.819367697
GAPDHS,70.29304756,-0.019473443,0.093657747,0.645168991,0.819377577
IQCD,8.387526366,-0.008494155,0.101842037,0.645209322,NA
CNOT7,1650.119957,0.023760491,0.080620267,0.645309702,0.819377577
SNUPN,629.7600645,0.023606431,0.064706825,0.645394702,0.819377577
AKR7A2,1052.310602,-0.022635562,0.060785246,0.645415174,0.819377577
NT5DC4,12.01588749,0.007814649,0.102016468,0.645454842,NA
ALG11,1315.95509,0.023689377,0.071512416,0.645465157,0.819377577
NECAP1,922.8276485,-0.023823719,0.07539614,0.64547215,0.819377577
PMM1,407.5136042,0.024055785,0.074764225,0.645504181,0.819377577
MMADHC,2546.533134,0.022618522,0.060805135,0.645655416,0.819488186
RSPO4,93.86217262,-0.020255667,0.092164236,0.645967863,0.819803368
HSPA12A,86.5083381,0.019008888,0.094459185,0.646053516,0.81983069
GNLY,22.70441354,-0.012617119,0.100078715,0.646218844,NA
ZNF44,320.8869642,-0.023806934,0.078292024,0.646327386,0.819886445
MAP2K1,3135.404004,0.018516199,0.044693496,0.646340677,0.819886445
ACTR5,176.1630751,-0.023291787,0.082793752,0.646377275,0.819886445
TMPPE,127.8421021,0.021831699,0.089600367,0.646397963,0.819886445
HMGN5,381.697768,-0.021478696,0.083004419,0.646418097,0.819886445
AHNAK2,959.6363604,0.019106037,0.094122999,0.646521175,0.819935842
GRAP2,7.122024309,0.006611028,0.102338056,0.646583593,NA
PLS3,77.37622119,-0.011905679,0.100104631,0.646738229,0.820129762
TLCD4-RWDD3,19.9666078,0.012686392,0.100185478,0.646910413,NA
HSPD1P11,8.262585113,0.008313087,0.101897675,0.646916985,NA
CHD7,1012.026382,0.023162279,0.083269204,0.646927734,0.820288711
CENPBD2P,123.8016869,-0.01951406,0.09340451,0.647041373,0.820351443
UBE2D2,3079.403377,0.02164052,0.055613178,0.647142999,0.820398933
C19orf48P,551.1586242,0.024362208,0.067136691,0.64743908,0.820692904
ABCB1,26.58676555,0.009143554,0.101613818,0.647675247,NA
CIDEB,31.23217371,0.011635018,0.100559409,0.647996771,0.821318402
FAM83E,14.33370404,-0.010200845,0.101183157,0.648173311,NA
CHPF2,2769.789816,-0.022156747,0.059444058,0.648249265,0.821354611
MOB3B,1161.080593,-0.022661403,0.063070549,0.648281964,0.821354611
PAM,569.9612918,0.023841443,0.07578639,0.648298364,0.821354611
SLC37A1,345.0771445,-0.023736187,0.079362214,0.648356053,0.821354611
SH3GL1,2968.496917,-0.019760524,0.049706623,0.648459449,0.821354611
PLS1,59.64032346,0.013339952,0.099634716,0.648462968,0.821354611
QRICH1,2623.543154,-0.018681827,0.045566371,0.648475045,0.821354611
SYNGAP1,1010.241394,0.017735787,0.095959012,0.648582536,0.821409383
FKBP7,89.73761876,-0.015811785,0.097661052,0.648690414,0.821428693
LRRC8C,2414.40033,0.019249517,0.047566028,0.648726282,0.821428693
PSTK,111.2497463,-0.021378013,0.089336879,0.64893396,0.821520256
CCDC66,313.135741,0.023599894,0.081241296,0.648965682,0.821520256
LPP,3559.802638,-0.023009014,0.065087708,0.648991363,0.821520256
ZNF517,183.8518229,-0.022493624,0.085165247,0.649373383,0.821922453
HLA-J,9.401395137,0.008994902,0.101672729,0.649590017,NA
FIRRM,234.3139124,-0.022995203,0.08307445,0.649667481,0.822213299
STAT5B,1603.867111,0.020215529,0.050989384,0.649733783,0.822215818
KHDC4,1149.012399,-0.023477149,0.070177793,0.649859032,0.822292926
SLC38A1,37.82886897,0.01438343,0.098866544,0.650044028,0.822379279
ZNF677,149.1585101,0.021791932,0.087815375,0.650055925,0.822379279
BBS12,122.6282692,-0.021898486,0.087711015,0.65014646,0.822408479
TMEM63B,1432.277587,-0.020750039,0.05336502,0.650207658,0.822408479
ARF3,9346.552864,0.018464686,0.045294587,0.650334979,0.822454777
ZBTB8A,163.1563948,-0.020841778,0.090250337,0.650396817,0.822454777
SMARCA1,393.5927894,0.023698299,0.075287213,0.650536013,0.822454777
SAPCD1,36.02040526,0.014548958,0.098823704,0.650887194,0.822454777
LPIN3,718.1085471,-0.023175423,0.07704238,0.650942337,0.822454777
AKAP3,104.0732208,-0.018907036,0.093842253,0.650982175,0.822454777
ELOA,2201.952733,0.019333964,0.051252388,0.651041435,0.822454777
LZTS1,16.00184088,-0.010353,0.101071232,0.651088387,NA
NLRC5,962.1260777,0.023075057,0.080901189,0.651119813,0.822454777
FBXO25,566.473832,0.022910601,0.083483686,0.651127865,0.822454777
HK1,7074.682043,-0.020145809,0.051374522,0.65122721,0.822454777
ANAPC4,802.2449707,0.02229571,0.059806877,0.651235323,0.822454777
MRM3,486.0715086,-0.023760625,0.072658437,0.651237016,0.822454777
NPIPB2,318.6304412,-0.023367267,0.079660622,0.651264687,0.822454777
CRACR2A,141.8861939,0.021664444,0.088918567,0.651273057,0.822454777
FAM151B,139.8051264,-0.02285654,0.086825427,0.651359568,0.822454777
ARHGEF6,1909.611278,-0.018756875,0.046666512,0.651385502,0.822454777
SS18L1,635.4208745,-0.023224238,0.069951495,0.651423828,0.822454777
RBPJ,3946.235368,-0.021391935,0.056837941,0.651454314,0.822454777
ZBTB1,1573.486884,0.025044169,0.066988071,0.651531635,0.822454777
QTRT2,873.3549202,0.023133023,0.066981084,0.651591045,0.822454777
RAD51D,562.4751234,0.023571774,0.067557046,0.651595185,0.822454777
OR8A1,38.37422681,-0.012356143,0.099985502,0.651848386,0.822682927
DOHH,579.4025733,0.023386035,0.07203638,0.651919743,0.822682927
ZNF202,219.1673797,0.022442772,0.08518441,0.651970663,0.822682927
NKD1,41.25686506,-0.010168038,0.101042112,0.652033328,0.822682927
RUNX1,2279.309683,-0.023149419,0.069573736,0.652130541,0.82272439
GPT,89.48212597,0.017105477,0.096436488,0.652272267,0.822741732
GABPA,1291.167854,0.020387736,0.053928008,0.652272991,0.822741732
ABHD6,713.9467547,-0.023802593,0.073052524,0.652342031,0.822747644
RIBC2,7.619770219,0.005834435,0.102464102,0.652459026,NA
RFX7,996.4371972,-0.023684616,0.07548604,0.652567518,0.822950851
ANKRD40CL,12.72643297,-0.010003629,0.101190758,0.652648574,NA
PRR33,203.7848472,0.021389347,0.088774662,0.652756223,0.823107636
POTEB3,23.06537451,-0.012055052,0.100181662,0.652847724,NA
MRPS26,818.4360424,0.022905593,0.065395172,0.652863234,0.823161385
PURA,1260.799088,0.022708742,0.064129775,0.653082185,0.823356251
LUC7L,987.2268905,0.020754542,0.053263577,0.653169261,0.823384835
FAM184B,9.831952678,0.006622962,0.102313129,0.653182891,NA
DPPA4,9.781936087,-0.00606944,0.102393087,0.653367703,NA
NAA10,1436.696338,0.021095604,0.054905355,0.653404049,0.823599603
PPP2CB,2130.206602,0.019634518,0.04889267,0.653520885,0.823638839
TMEM191C,50.82130603,0.014858326,0.09832722,0.653564022,0.823638839
C7,10.11041432,-0.007647602,0.1019906,0.653893292,NA
CLASP1,1466.112537,-0.022456318,0.061355414,0.653903911,0.823911263
NSMCE2,479.0789462,0.023626907,0.072701107,0.65390908,0.823911263
ODAD3,14.07855302,-0.009312238,0.101417573,0.653932973,NA
SCAND2P,42.29021511,-0.01544952,0.097547531,0.653979952,0.823919362
GUSBP4,8.404305327,-0.007787131,0.101971783,0.654044584,NA
SYT15B,99.68367465,0.020321829,0.091482259,0.654098458,0.823965287
ILRUN,3806.90331,0.021028953,0.053379293,0.654197475,0.823965287
CD46,5664.324101,0.019349782,0.049086253,0.654209748,0.823965287
TFE3,3308.817996,-0.020974841,0.055330076,0.654321799,0.824025236
NDUFS1,3308.047637,0.020003311,0.051538673,0.654529871,0.824206087
FAM90A1,6.94490317,-0.006231009,0.102350988,0.654598575,NA
KCTD18,607.9921216,0.022732283,0.070426916,0.654654178,0.824281432
DMXL1,2318.22533,0.023198546,0.082414417,0.654825169,0.824415538
MFSD13B,23.09502051,0.01166179,0.100416136,0.654831454,NA
AOC3,25.13444108,-0.011136517,0.100558336,0.654921029,NA
STX12,2139.813192,0.021352485,0.057033674,0.654921582,0.824455733
UGT3A1,9.720991773,0.007991085,0.101842399,0.655136055,NA
OR4E1,7.619220704,-0.006968606,0.102186016,0.655245679,NA
OR5H1,8.995905508,-0.008230294,0.101804091,0.655278134,NA
RP9,251.0180467,0.022901155,0.080389882,0.655303182,0.824794006
PPIC,852.4111027,0.022889496,0.064384821,0.655415341,0.824794006
SUCLA2,895.2445164,-0.021698468,0.059600756,0.655474598,0.824794006
MYO1D,2757.043535,-0.01856598,0.046920421,0.655566102,0.824794006
RPL21P118,31.57286852,-0.012924684,0.099550017,0.655610673,0.824794006
PROSER3,535.7089344,0.02230142,0.08243482,0.655636564,0.824794006
CCNB3P1,11.02517814,0.008389145,0.101774946,0.655687813,NA
DPY19L3,572.1176628,0.031499062,0.077971921,0.655729405,0.824794006
PDZK1,9.521844265,0.00742618,0.102032489,0.655777919,NA
FOXK2,2491.057851,-0.021032569,0.055512197,0.655876897,0.824794006
NOTCH4,47.56063735,0.016185864,0.097097293,0.655889016,0.824794006
ABCA5,145.830829,-0.018693819,0.093764369,0.655890407,0.824794006
B4GALNT3,36.58656044,0.0126143,0.099783448,0.655899934,0.824794006
PARPBP,265.2579564,0.021195764,0.088177792,0.656279133,0.825181707
PIM2,213.8131716,-0.022947917,0.081792879,0.656467293,0.825181707
ZNF182,269.9090997,0.023635458,0.07624483,0.656467392,0.825181707
CCNL2,3971.997831,-0.019981929,0.052541995,0.65652217,0.825181707
GOLGA6L4,148.7678719,-0.020822755,0.089547015,0.65653096,0.825181707
EME1,176.5198268,0.020601605,0.09020912,0.656631935,0.825184624
FKBP9,962.8337295,-0.022746267,0.06836579,0.656707799,0.825184624
HSPBP1,863.8884446,-0.023025987,0.065471758,0.65672691,0.825184624
SMIM5,20.04016603,-0.010007341,0.101081847,0.656752187,NA
POU5F1P3,22.82576411,0.012283135,0.100046989,0.656820729,NA
TENT4A,1060.673004,-0.023082801,0.071379024,0.656856208,0.825265981
VPS50,816.0673143,0.021535793,0.068853374,0.656965379,0.825322037
PRDM5,47.27318223,0.015275702,0.097868312,0.657094197,0.825402761
SULF1,29.92042776,0.010087597,0.10102602,0.657224102,NA
DEPDC7,80.80697512,0.018498252,0.094205295,0.65750497,0.825837611
TEN1,562.7198904,0.023313482,0.068137208,0.657612131,0.825891071
MYPN,10.5775705,0.008285405,0.101789093,0.657622461,NA
SETD4,418.1136586,-0.023037908,0.074637382,0.657967744,0.826194355
SLC35B3,725.2801652,0.022230655,0.063279481,0.657982864,0.826194355
INIP,897.6874385,0.024937844,0.083271934,0.658287407,0.826428969
ZNF852,50.86378655,0.016076451,0.097019509,0.658298993,0.826428969
DRG2,800.9139166,-0.021650861,0.064839496,0.65853601,0.826645349
DIS3,1407.797125,0.021795381,0.061609875,0.658693145,0.826755
AKR7L,22.86997377,-0.01164176,0.100243563,0.658705315,NA
AARSD1,482.2654935,0.022900858,0.069772054,0.658752694,0.826755
ORC4,606.7532678,-0.022987773,0.079956708,0.65897725,0.826955648
BORCS8,751.8318861,-0.022202208,0.065076317,0.659138098,0.827012783
RAD54B,138.6443507,0.019318398,0.092489767,0.659152151,0.827012783
NCOA2,1183.21704,-0.021828645,0.059938903,0.65936677,0.827132138
COX18,658.0257451,-0.022562565,0.067523163,0.659376672,0.827132138
KCNA10,25.56735307,-0.013319677,0.099180356,0.659542518,NA
HMGN3,1622.469922,0.021801338,0.06156127,0.660214282,0.828014039
KSR1,804.5414861,-0.022546174,0.070592825,0.660278545,0.828014039
MBD1,2043.995205,-0.020206993,0.053943927,0.660404434,0.828014039
TIMM23B-AGAP6,251.8076752,0.022403431,0.082846772,0.660454258,0.828014039
CDCA7L,841.7066857,-0.022615513,0.075833949,0.660484345,0.828014039
TNRC6C,207.1991037,0.018284867,0.09416519,0.660513633,0.828014039
SMG1P3,435.825187,0.020412321,0.090706948,0.660533061,0.828014039
ZNF45,395.7814802,-0.022546456,0.084386329,0.660736587,0.828187967
GPANK1,584.7823619,-0.022904686,0.070999608,0.660853126,0.82825284
MTCP1,56.93668267,0.015124609,0.097772499,0.660947335,0.828289716
GPC5,36.98187822,-0.011777735,0.100070365,0.661050402,0.828337234
INKA2,376.46601,-0.02229549,0.086602694,0.661114832,0.828337234
DNAAF1,14.54667841,-0.009300159,0.101267136,0.661278303,NA
CCNC,727.9012579,0.022595611,0.068747637,0.661414704,0.828631748
GUCD1,3172.513757,0.021270173,0.056654723,0.661497934,0.828635027
SLC16A5,353.0040069,0.022761656,0.078003828,0.661546947,0.828635027
RGS4,21.73762285,0.010161053,0.100990729,0.661757302,NA
CCR6,8.966769038,0.002868126,0.102921147,0.661886791,NA
HMGB1P3,20.30160043,0.011778626,0.100183186,0.66224122,NA
HRK,116.3175577,0.016103008,0.096706436,0.662329461,0.82953391
MAP1LC3B,3348.332608,0.020251248,0.05508871,0.662396425,0.829536516
FAM200C,76.48683086,-0.018703644,0.093024054,0.662536391,0.829612682
AP1M2,33.67106746,0.011432301,0.10031289,0.662587024,0.829612682
CYB5R1,1656.383994,-0.018957028,0.055513885,0.662674791,0.829641324
RPH3AL,181.0053485,-0.022042402,0.083538243,0.662781741,0.829693974
UBE2V1P1,7.975403449,-0.006661913,0.102202661,0.662838284,NA
ZNF181,224.8397007,0.021901615,0.084178298,0.662956483,0.829808226
LRRIQ3,10.09521008,-0.008172434,0.101709038,0.663056384,NA
TJP1,747.9828056,0.021814311,0.066421894,0.663081914,0.829808226
SNRK,794.306934,-0.02263247,0.071059869,0.663098041,0.829808226
SCO2,642.1803215,0.022593349,0.070829005,0.663132628,0.829808226
CPT1B,616.4634991,-0.022423619,0.068794983,0.663315587,0.829955939
MOCS2,698.7255827,0.023523933,0.065707852,0.663461676,0.830007629
DYNC1H1,11278.98532,0.017214752,0.04325039,0.66348674,0.830007629
SLC31A1,7476.062433,-0.016419556,0.04120933,0.663618739,0.830091535
XKR4,23.22802305,-0.012508931,0.0995464,0.663937684,NA
KCNH3,15.06885214,-0.006284319,0.102208246,0.664115448,NA
C1QTNF3-AMACR,6.716449654,-0.001867551,0.102999385,0.664197862,NA
ZBTB7C,1746.407857,-0.022182515,0.06661087,0.664217525,0.830640235
ANO7,53.2448829,0.016535049,0.096120481,0.664285305,0.830640235
EFHD2,9102.516605,0.018234302,0.046655185,0.664321717,0.830640235
HORMAD1,89.39452157,-0.019612963,0.090575787,0.66433025,0.830640235
KIAA0753,442.3229825,0.022462919,0.079422514,0.664382249,0.830640235
PAG1,2834.031148,0.021983049,0.069469317,0.664559131,0.83078014
FCHO1,212.7697647,-0.022037891,0.081851556,0.664747646,0.830901264
RNF128,1443.164171,0.020685753,0.058106885,0.664786002,0.830901264
ATP6V1C2,27.41989829,0.010548931,0.100742999,0.664944911,NA
KTI12,373.4638712,0.022428253,0.070962679,0.665143646,0.831267011
EML1,99.80605237,0.013792704,0.098692855,0.665313504,0.83139802
SLC22A1,29.1239294,0.012442713,0.0996444,0.665492344,NA
C22orf46P,604.5982632,-0.022312691,0.06639393,0.665498856,0.831548366
TPI1P2,10.23291798,-0.00760585,0.10189319,0.66557074,NA
TSACC,11.10978728,0.008512683,0.101625167,0.665592589,NA
TADA2B,1290.84331,0.020560777,0.057437526,0.66560299,0.831565848
IDS,5203.58123,-0.020160297,0.055906182,0.665642932,0.831565848
RRP1,1288.206845,0.020745614,0.059278695,0.66579065,0.831669121
ABCC9,33.53494788,0.014082807,0.098441265,0.666114077,0.831813609
AHSA2P,718.6815171,-0.022205794,0.068952655,0.666201141,0.831813609
MEF2A,5034.352493,0.01679639,0.042393962,0.666212464,0.831813609
NBPF8,524.46146,0.023145659,0.068967782,0.666230047,0.831813609
HARS2,870.0130516,0.022472623,0.065128456,0.666231627,0.831813609
ONECUT3,17.13743803,0.010277423,0.100845043,0.666882939,NA
AKR1B15,59.09160992,0.017102533,0.095121351,0.666912664,0.832436136
MORN3,51.13989506,-0.014655916,0.097757576,0.66691837,0.832436136
AGAP1,380.519467,0.01994017,0.088386352,0.666925565,0.832436136
SOWAHC,1036.241911,-0.021074771,0.060976483,0.667016859,0.832468815
AIFM1,2008.71769,0.017234017,0.04511126,0.667231245,0.832655097
TMEM160,433.4290441,-0.022232605,0.070329276,0.667488224,0.83280235
FEM1A,1787.52179,-0.02030628,0.052944707,0.667503676,0.83280235
COG6,491.2436371,0.022292862,0.078144095,0.667547559,0.83280235
NDE1,902.7633682,-0.021080187,0.060400453,0.667609799,0.83280235
TSPAN10,64.42957971,-0.01716174,0.094827467,0.667750259,0.832896298
CYP2C9,10.60763266,0.008146011,0.101735874,0.667812813,NA
MTA1,2457.517166,-0.022387678,0.075369858,0.668066458,0.833209411
ZNF534,11.63862526,-0.00906099,0.101304058,0.668204427,NA
EEF1A2,45.4912187,0.01600463,0.096427334,0.668236253,0.833265716
PCDHB3,11.34126582,0.005080582,0.102484772,0.66825556,NA
ATG4D,583.5372803,-0.02202718,0.073107407,0.66827036,0.833265716
VMO1,109.4584671,0.020506665,0.088220498,0.66830713,0.833265716
COL4A1,598.7510526,0.021971148,0.071821521,0.668430009,0.833331474
DBNDD1,35.09388195,-0.013483954,0.098736087,0.668490231,0.833331474
GLTPD2,138.3634126,0.019661335,0.087468866,0.668682541,0.833489937
SLC5A5,8.742681986,-0.00784978,0.101787959,0.668892258,NA
SLC9A5,63.089783,0.014513168,0.097902221,0.669211039,0.834067375
SLC1A6,42.08316404,0.015010686,0.097573153,0.6693193,0.834120992
CD163,17805.0123,-0.016167064,0.060483261,0.669455243,0.834195803
RPL23AP4,12.85250688,0.006620117,0.102189672,0.669474499,NA
CISD1,228.5166907,0.021085789,0.087012009,0.669509827,0.834195803
C2CD4D,10.92292354,-0.00794299,0.10175211,0.669513152,NA
RUFY4,11.47434761,-0.007373359,0.101921011,0.669684153,NA
TUBD1,138.1191317,-0.019502611,0.09026691,0.669848166,0.834384259
SHISAL2A,75.79987614,-0.016641411,0.095199277,0.669906222,0.834384259
CEP41,250.8573561,0.020718466,0.085192585,0.669993983,0.834384259
FHL2,16.66412977,0.007602129,0.101878815,0.670029487,NA
CPS1,96.88940152,-0.017009272,0.094820898,0.670034947,0.834384259
RAD23A,3984.538966,0.020014099,0.055673136,0.670077013,0.834384259
CDKL4,10.09168315,0.007292958,0.101931112,0.670115133,NA
TAL1,1723.788008,0.02140902,0.064278672,0.670118451,0.834384259
NCSTN,7305.520445,-0.021272238,0.06104696,0.670124517,0.834384259
UROS,1178.645931,0.019895934,0.054798381,0.67018318,0.834384259
IQGAP1,14939.30167,0.02071443,0.052510253,0.670272204,0.834413839
KBTBD12,6.956170436,0.006713531,0.102161308,0.670576993,NA
UVRAG,1022.773528,0.019691868,0.054436728,0.670717696,0.834801384
ARID2,832.8040487,-0.022025684,0.078617575,0.670763012,0.834801384
ZNF708,159.0464543,0.018989548,0.091649974,0.670779399,0.834801384
ATP7B,109.1156165,-0.015332283,0.096796698,0.670944204,0.834925214
MEPE,36.40276293,0.012448794,0.099449107,0.671172285,0.835038055
MYG1,638.551263,0.021466952,0.063485327,0.671214196,0.835038055
LBX2,130.6693815,-0.018422086,0.092374805,0.671230824,0.835038055
METTL22,488.1242438,0.021765858,0.067050541,0.671327937,0.83507761
CNN2P9,15.80378711,-0.009808401,0.100900614,0.671377169,NA
TBPL2,9.270973197,-0.00765142,0.101832891,0.671381945,NA
CFL1P1,7.530865464,-0.007194237,0.101957089,0.671411005,NA
ZNF140,303.3875246,-0.021192165,0.0764114,0.67153873,0.835258552
DPRXP4,16.17171466,-0.010395296,0.100635621,0.671576723,NA
VPS37C,1419.032999,-0.019820336,0.056058703,0.671693758,0.835370107
PMF1-BGLAP,46.26471481,-0.012918415,0.098980206,0.672070475,0.835757322
CCNY,2588.684089,0.021540166,0.065582069,0.672188421,0.835822697
PIGAP1,10.77348563,-0.008173921,0.101615224,0.672398623,NA
ALKAL1,12.25101317,-0.008529168,0.101453417,0.672682827,NA
CLEC18A,37.99900894,0.013744374,0.098424364,0.67294993,0.836688209
AGPS,2859.660855,0.017437378,0.045942731,0.67305087,0.836732339
NRN1,254.6042333,0.022185828,0.079684972,0.673322102,0.836988145
SCAF4,1369.315704,-0.019073073,0.052818344,0.673486563,0.837111191
CBFA2T3,55.92758622,-0.009829928,0.100818547,0.673792218,0.837396305
DHX16,1807.691448,0.01907832,0.052345541,0.673846944,0.837396305
UBE2F,1714.935501,-0.018812822,0.051803211,0.674323842,0.837907505
DZANK1,76.00348046,-0.014823003,0.097183475,0.674466996,0.83800394
AICDA,14.65349244,0.009114204,0.101256552,0.674571675,NA
THAP5,459.5605569,0.022491814,0.071856233,0.674704442,0.838144988
RNF25,724.1242312,-0.020867073,0.063176262,0.674711632,0.838144988
LEAP2,15.3653785,0.009870369,0.100890197,0.674951603,NA
PIGN,1102.059561,-0.019751259,0.055639074,0.674989055,0.838363095
PARG,746.1285221,-0.021312744,0.065181197,0.675018358,0.838363095
MS4A2,9.756849285,-0.007173967,0.101920693,0.675401242,NA
DNAJA3,1419.956445,-0.020522285,0.06069843,0.675581459,0.838980957
TM4SF19-DYNLT2B,88.45855798,-0.016914484,0.095607833,0.675663363,0.839001175
MRFAP1L2,271.9602224,-0.021992439,0.076133037,0.67589823,0.839211312
CDC14C,19.88580833,-0.010797244,0.10022182,0.676000182,NA
HLA-F,1508.365669,0.021158993,0.069386542,0.676104509,0.839385914
SNU13,1567.608684,0.020179561,0.056397852,0.676179531,0.839386613
SYT12,42.95359831,-0.013787928,0.097947834,0.676275238,0.839386613
ITGA3,2443.401928,0.020901709,0.065784634,0.676302034,0.839386613
RD3,8.333123953,-0.007669006,0.101780057,0.67647427,NA
IGSF5,22.9343484,-0.011502124,0.099841173,0.676601205,NA
GNPDA1,2057.823618,-0.019317264,0.054483699,0.676711376,0.839765772
PDE4A,1913.629978,-0.021390599,0.069109642,0.676738893,0.839765772
SHMT2,7431.728126,0.020386149,0.051745348,0.676837029,0.839806038
NUDCD2,720.3131135,0.021834023,0.075047088,0.677025646,0.839815762
TOMM40L,858.9105172,0.021774973,0.064549675,0.677026554,0.839815762
ARHGEF35,92.1193731,0.018066458,0.092663056,0.677041929,0.839815762
MYH3,55.3083812,0.012512557,0.099245907,0.677129371,0.839842745
KCNK10,7.401061827,0.007133094,0.101977989,0.677134038,NA
ZFP3,71.1149266,-0.018221626,0.093335539,0.67723985,0.839898292
TOGARAM2,57.2255434,0.013503496,0.098306603,0.677435116,0.840058968
NCAPGP1,12.37473718,0.008413643,0.101490159,0.677443241,NA
KRT8P46,26.47297057,-0.012118035,0.099408813,0.677505002,NA
C1QL3,78.69490099,0.017905989,0.092891509,0.677556026,0.840116889
PKD2L2,11.45237329,0.007416809,0.101839751,0.677565135,NA
PCDHB9,19.1991145,0.007537969,0.101822833,0.677581381,NA
CHST7,633.539143,-0.021151696,0.064752283,0.677613246,0.840116889
TMC3,20.38932783,-0.010663629,0.100335783,0.677900418,NA
GYPE,5.640387143,-0.005250132,0.102454051,0.67801028,NA
MSH5-SAPCD1,69.54246209,0.013909231,0.098057062,0.678023697,0.840465773
PMFBP1,383.2248507,0.021641745,0.072122757,0.678026123,0.840465773
TPH1,17.60225324,-0.008239618,0.101516158,0.678043732,NA
ERCC6,723.1297241,-0.021632136,0.075880841,0.678183771,0.840483814
NINJ2,180.8972989,-0.019558592,0.088633982,0.678210446,0.840483814
CZIB,600.2805019,0.020924769,0.062137894,0.678252595,0.840483814
B3GNT8,59.38098481,-0.015105004,0.096562176,0.6783438,0.840483814
PDZD11,600.8878341,-0.021505188,0.061900372,0.678401594,0.840483814
LAMC1,2688.329615,0.021818679,0.069443029,0.678435116,0.840483814
RNF11,1681.62277,0.019647358,0.057131843,0.678575131,0.840575822
BIRC6,3224.843196,0.02012696,0.059746246,0.678715117,0.840601121
SLC22A25,156.8987274,0.020561491,0.085198624,0.678727053,0.840601121
ARMC2,64.49569424,0.014325975,0.096924665,0.678801716,0.84061216
PARD6B,61.99063142,0.014841354,0.096640152,0.678967513,0.840665774
NFKB1,2284.214069,0.020771306,0.062123513,0.679040269,0.840665774
NPTX1,20.02343498,0.010583775,0.100412972,0.679100486,NA
IFI27,7280.054858,0.020215947,0.059736219,0.679104272,0.840665774
SPATA18,261.4333398,-0.019937267,0.087067506,0.679108026,0.840665774
TMC5,13.40329999,0.009624741,0.10091087,0.67922158,NA
PTCHD1,14.64920015,0.00914744,0.101129732,0.679384582,NA
NFATC2IP,1701.093167,-0.01844237,0.053787321,0.679475547,0.841018794
STAG3L2,84.97443223,0.016993693,0.094190269,0.679567405,0.841018794
NCK2,1217.241988,-0.021204643,0.067699294,0.679590548,0.841018794
ZNF35,204.3932735,0.021023868,0.082602432,0.679838206,0.841070346
ZNF818P,59.96744403,0.016084977,0.095507106,0.679920284,0.841070346
CHI3L2,59.31222224,0.014695224,0.097103909,0.679930118,0.841070346
LRRC37BP1,47.09214807,0.01591143,0.095654275,0.679953326,0.841070346
ZNF346,344.1099905,0.020419658,0.083542985,0.679961134,0.841070346
MSANTD1,20.74732005,-0.011074528,0.099957369,0.680101738,NA
TIMM9,314.6820872,-0.021060671,0.080048473,0.680409239,0.841543207
TPTE2,9.689678522,0.007708397,0.101740195,0.680508701,NA
RBFOX3,16.62263004,0.008072478,0.101563268,0.680631905,NA
HEATR4,20.37032216,0.010280342,0.10044412,0.680842693,NA
ESCO1,665.8076183,-0.020570459,0.069955488,0.680869746,0.842031311
PDIK1L,375.6795021,0.020389454,0.084969937,0.68108069,0.842193925
FAM118B,491.2533522,-0.02126791,0.070815793,0.681132983,0.842193925
DUS3L,1093.915204,-0.021258008,0.071680779,0.681227074,0.842203289
CHSY1,1402.587866,0.021021403,0.082002454,0.681272305,0.842203289
SRGAP2D,67.26100481,0.014856582,0.097502135,0.681439603,0.842328659
HSDL1,642.4797971,0.021323566,0.07766409,0.68170043,0.842524393
ARL4C,364.4679533,0.020970732,0.079762133,0.68172975,0.842524393
ZNF610,54.78241867,-0.013293018,0.098221727,0.681799664,0.842529355
NBPF1,832.0301448,0.02006232,0.061508913,0.681959065,0.842644887
SYT7,19.19512575,0.008660416,0.10136033,0.682222619,NA
NF2,1268.628596,0.017918637,0.052501108,0.682242382,0.842845059
ALPK1,1611.410744,-0.018665655,0.05439245,0.682270639,0.842845059
RARRES1,329.9191075,0.021240156,0.079670913,0.682318839,0.842845059
SLC4A8,715.2017451,0.021129521,0.078259936,0.682397173,0.842860386
SPICE1,185.0969193,-0.01858157,0.090544957,0.68256845,0.842876366
DPYD,2260.664841,-0.020541888,0.06399332,0.682570054,0.842876366
ADGRE3,11.66557236,0.007529296,0.101746545,0.682586984,NA
BCL11A,50.92157331,-0.012735172,0.098691681,0.682615781,0.842876366
PRX,88.6364209,-0.011438694,0.099648083,0.682673818,0.842876366
GUF1,1035.407075,0.02089156,0.066602604,0.682979308,0.843172117
UBE2L6,5272.477514,0.021822137,0.070822875,0.683154784,0.84330732
CYB561,428.5314625,-0.02105596,0.07460967,0.683275048,0.843374348
TGFB3,23.2525039,-0.006188906,0.102075428,0.683286045,NA
ARHGAP4,7295.81844,0.021653173,0.062298424,0.683446178,0.84339509
CBY1,186.4198195,0.020583597,0.083421089,0.683447085,0.84339509
DFFB,174.1570015,0.018744608,0.089394597,0.683489756,0.84339509
ARHGEF38,9.794213726,-0.005955252,0.102229984,0.683609748,NA
DLGAP5,743.1433471,0.021097237,0.070566094,0.683614526,0.843444119
CMIP,4623.05771,0.020219493,0.061495685,0.683661432,0.843444119
PRRG2,13.67782027,0.008674167,0.101276751,0.683676977,NA
DIP2A,1741.05577,-0.019307197,0.058814156,0.684118541,0.843926625
RAB3GAP2,1744.200808,0.017781267,0.050361599,0.684420614,0.844217805
SRP9P1,23.33708791,-0.002633095,0.102899753,0.68456079,NA
EXO1,189.6831504,0.018392634,0.090926997,0.684590417,0.844345792
TMC2,40.09972641,0.01302177,0.098495692,0.684976644,0.844740657
SLC26A6,831.5166773,0.020988741,0.072194819,0.685066138,0.844769538
RCOR2,26.06655762,0.012167838,0.099771054,0.685172272,NA
ZSWIM1,334.6169513,-0.019804478,0.073252235,0.68525509,0.844921046
PLEKHH2,26.92346168,0.009390768,0.100964241,0.685339588,NA
RHNO1,648.3330187,-0.020946033,0.062374864,0.68540528,0.845024735
XKRX,15.66002116,0.010083295,0.1005411,0.68545651,NA
MMACHC,161.9280788,0.015438871,0.095864357,0.685718121,0.845262762
ZNF223,165.2135161,0.01892305,0.09023534,0.685730572,0.845262762
NFIB,7.264187208,-0.005198673,0.102412557,0.685826518,NA
INPP5B,1028.860142,0.020889993,0.068683203,0.685854082,0.845333504
ESRRB,10.67226695,-0.007845715,0.101576046,0.685909667,NA
ZNF880,97.30535797,0.016851254,0.093745112,0.685947852,0.845367582
TOB2P1,16.2685923,-0.009958921,0.100527029,0.686064481,NA
ZNF528,157.3605698,-0.016476901,0.094389737,0.686169515,0.845540639
GDPD3,40.90485636,0.014049624,0.097448659,0.686220545,0.845540639
QSOX2,414.5717171,0.021016883,0.073585503,0.686333431,0.845553953
C6orf62,10587.89949,0.016129594,0.044582499,0.686363624,0.845553953
FCRL6,100.8969992,0.018336312,0.090759617,0.686591123,0.845712791
GPAM,282.6778142,-0.021030814,0.074660744,0.686674903,0.845712791
CDK5RAP1,730.5094167,-0.020788354,0.070317732,0.686691004,0.845712791
ADPRHL1,13.11941608,0.007818072,0.101576385,0.686730107,NA
TAB3,929.9460582,-0.01859879,0.054949688,0.68682657,0.845798276
GABRG2,77.8450243,-0.015637176,0.095144577,0.687144978,0.846108884
RGPD6,566.3120803,0.013942392,0.097568096,0.68732843,0.846188669
DDHD1,1563.040867,-0.02094085,0.073874508,0.687359949,0.846188669
RPL26L1,454.8288014,0.020828738,0.078193152,0.687408331,0.846188669
RGPD3,27.19864689,-0.012045851,0.099016671,0.687422792,NA
MIDN,1677.52582,-0.020503253,0.070309903,0.687505916,0.846197853
IGFBP3,42.17312999,0.014138208,0.097250117,0.687548165,0.846197853
PRPF3,841.9764106,0.020354031,0.064969916,0.687703323,0.84626065
CRYGS,53.0568456,0.014494514,0.096817369,0.687731573,0.84626065
RBAK-RBAKDN,16.36329035,-0.009808674,0.100566147,0.687836999,NA
EFCAB14,3644.093507,-0.016382088,0.045759278,0.687885467,0.846368559
LEKR1,12.35702708,0.008213104,0.10139374,0.687959934,NA
AMIGO3,74.9919586,-0.013094979,0.098021501,0.688284439,0.846734874
CCDC144CP,11.12361124,-0.007576744,0.101642935,0.688303491,NA
PDHB,1772.662488,0.018868677,0.05567035,0.688315647,0.846734874
MRPL22,605.0164576,0.020768417,0.070993898,0.688392928,0.846748469
GPC6,92.31310062,-0.016120688,0.094462735,0.688634859,0.846964566
PYROXD2,36.22686878,-0.010983901,0.09979568,0.688704033,0.846968166
PATL1,3058.304353,0.018658702,0.055051091,0.688777553,0.84697711
MEAK7,368.5547317,-0.020781293,0.074253083,0.688895493,0.847040669
SEC61A1,8470.91591,-0.015733534,0.046038288,0.689227181,0.847367007
UQCC6,226.0372365,0.0207266,0.078636708,0.689365526,0.847420767
RBM47,5384.872532,0.01886735,0.05659614,0.689403473,0.847420767
MYO1G,231.0321798,-0.018757015,0.089137622,0.68951794,0.84747999
FANK1,11.2762478,-0.007457363,0.101651215,0.689522758,NA
HSP90AB2P,7.192420791,-0.006308914,0.102071744,0.689940853,NA
CRHR2,9.7952946,-0.006925513,0.101884928,0.689957243,NA
DPCD,231.7104528,0.020786399,0.076695031,0.690055288,0.847903496
RIMS3,583.8894502,-0.020564728,0.07843,0.690126769,0.847903496
MCC,201.7644398,-0.018203036,0.090890965,0.690186613,0.847903496
ARL8A,3222.734781,-0.017950797,0.053641255,0.690291865,0.847903496
SPATA24,33.99524178,0.012817276,0.097877521,0.690357573,0.847903496
GTPBP8,343.5844452,-0.021211049,0.074354666,0.690419482,0.847903496
GON4L,1104.001281,-0.017709108,0.057682796,0.690509164,0.847903496
UBAC2,1212.332324,-0.01964131,0.060404403,0.690571137,0.847903496
OTUB2,78.52287778,0.015627224,0.095205976,0.690578882,0.847903496
METTL16,914.1881006,-0.020482593,0.069940959,0.690582416,0.847903496
PSMD8,3940.300008,0.017954893,0.050698863,0.69059203,0.847903496
ZFP28,101.4147721,-0.017665462,0.091310092,0.690871908,0.848165676
CDH8,19.18167624,-0.008927697,0.100907397,0.690947937,NA
C1orf74,142.3323762,-0.019401077,0.086014528,0.691020038,0.848194775
MACIR,143.6613335,0.019636287,0.085459769,0.691082522,0.848194775
HYAL1,37.90540053,-0.010882583,0.099740807,0.69109464,0.848194775
C6orf52,13.31920567,-0.00905547,0.100915367,0.691167457,NA
PTPN3,29.95861934,-0.011057039,0.099651035,0.691173507,NA
PTPRC,8742.94389,-0.025888835,0.056372952,0.691222247,0.848269958
NAF1,380.8813996,-0.020519324,0.071321678,0.691546271,0.848586148
ANXA10,8.610271609,0.006261766,0.102110146,0.691763541,NA
ZNF469,439.147175,0.020688425,0.075037496,0.691833617,0.848857274
OLFML2A,11.02015541,0.008149688,0.10140417,0.692020636,NA
GOLGA2P10,9.405720032,0.006954651,0.101869544,0.692143759,NA
FERMT2,497.0950198,-0.019909238,0.080149428,0.692386223,0.849311266
NDRG1,1613.415075,-0.019889646,0.080848809,0.692388929,0.849311266
JDP2,2185.632811,-0.020053254,0.065028699,0.692402919,0.849311266
PLXND1,14778.52776,-0.01641685,0.046286314,0.692525807,0.84938051
LCN15,23.73405068,0.010558464,0.10009722,0.69258386,NA
PSMB3,2659.745873,0.019018385,0.058499695,0.692603828,0.849394718
WWC2,997.3119154,0.018889316,0.057690607,0.692883052,0.849655651
KRT8P45,11.5376695,0.007645341,0.101605606,0.692893948,NA
PMVK,797.3804403,-0.019285694,0.059334779,0.693050893,0.849770668
LAMA1,32.42903023,-0.011212728,0.099498478,0.693136501,0.849770668
ADORA2B,134.9008854,0.017827561,0.091030574,0.693176245,0.849770668
CERKL,9.21178955,0.00682351,0.101908502,0.693233127,NA
SLC35E1,2413.792722,-0.020005356,0.065863519,0.693303974,0.849773192
EME2,1470.794643,-0.019787568,0.084562541,0.693311237,0.849773192
AFDN,3599.80271,0.018199462,0.054918856,0.6935381,0.849969767
GABRG3,10.19163827,0.006922474,0.101842155,0.693587676,NA
CLTB,2082.363009,0.016208105,0.045566947,0.693712376,0.850050539
GOT1,1092.988839,0.020014851,0.064194342,0.693736983,0.850050539
MED26,384.390484,-0.020013773,0.080903638,0.69390037,0.85016926
CLUHP3,28.9060412,0.011153935,0.09963477,0.694008284,NA
SOX6,18.12351712,0.008505943,0.101189561,0.694038343,NA
MTCL3,40.808332,-0.010784891,0.099706617,0.69404103,0.850207055
FAM161B,114.8123798,-0.018615897,0.089334454,0.694135091,0.850207055
FBXO8,515.0204669,0.020614433,0.071812167,0.694147811,0.850207055
PTRH1,276.8493329,0.020030009,0.080404395,0.694248959,0.850207055
HYAL3,120.3999553,-0.017856858,0.090230207,0.694263719,0.850207055
CYP4X1,384.4189699,0.02042534,0.073137382,0.694412997,0.850308416
RNF185,1471.104388,-0.016948949,0.049349801,0.694647771,0.850457737
GAPDH,34309.57472,0.024731102,0.061592918,0.694667982,0.850457737
POPDC2,29.07774078,-0.009760047,0.100358356,0.694746118,NA
CENPL,272.5724803,0.020273945,0.082741334,0.695149917,0.850966267
PGRMC2,1231.909532,0.020073134,0.072416725,0.695220377,0.850971041
FCGR1CP,366.7970768,0.019934847,0.082050118,0.695353375,0.851036739
BTG1,7306.424849,-0.017964719,0.068931774,0.695407182,0.851036739
ZNF563,30.32099292,0.012336606,0.098550396,0.695668854,0.851267008
CEP97,236.6992613,0.020990118,0.082287186,0.695728508,0.851267008
FERMT1,50.66849048,-0.0116516,0.09899575,0.695861466,0.851348214
SLAIN1,42.71091937,0.013683532,0.097247714,0.695937824,0.851360165
LCA5,15.88431374,0.008197103,0.101289026,0.695968343,NA
SYNE4,9.934844147,-0.006022769,0.102050694,0.696092294,NA
ISM1,20.73542699,0.010075571,0.100274451,0.696170081,NA
ZNF227,336.5785636,0.020279435,0.079021009,0.696402224,0.851697678
DNAJC12,22.55624561,0.01073823,0.099835057,0.69640471,NA
L2HGDH,208.5159348,0.017501227,0.0911138,0.696457532,0.851697678
C1RL,466.0656464,0.020007493,0.080365505,0.696475495,0.851697678
IFT88,258.1162436,0.019791422,0.082452736,0.69648019,0.851697678
RELL2,935.7883924,0.022063782,0.074420501,0.696664703,0.851814282
RPH3A,14.61170572,-0.007670264,0.101458794,0.696677193,NA
FRS2,404.7840315,0.019101506,0.085558064,0.696762067,0.851814282
PROB1,32.08531499,0.012069039,0.098724814,0.696775421,0.851814282
LCMT2,187.6001104,-0.018672623,0.087379557,0.696910609,0.851834669
NOS3,39.60520183,0.010004446,0.100228516,0.696925353,0.851834669
ZC3H7B,3443.430527,-0.017086747,0.051061911,0.697004965,0.851850538
ACADM,3491.571967,-0.01870476,0.055967445,0.697269234,0.852092062
ANLN,1203.987769,-0.01885435,0.057835261,0.697577527,0.852387335
OR2A12,7.079354292,-0.006054969,0.102093403,0.697722703,NA
C1QTNF5,7.885360394,-0.006221961,0.102018125,0.697848048,NA
CCDC71,685.3242943,0.018793259,0.058406693,0.697876181,0.852600189
ZNF442,60.78729891,-0.015016161,0.095105946,0.697890018,0.852600189
IGF1,37.28528984,-0.00897435,0.100799181,0.697951785,0.852600189
KCNA7,16.55560681,0.009284981,0.100696214,0.698060321,NA
RAMACL,6.886927188,0.005558776,0.102279118,0.698083013,NA
PCDHAC2,24.8563648,0.007282846,0.101674383,0.698209163,NA
RPL8,23111.88221,0.014968776,0.041960505,0.698232913,0.852862118
CCT6P1,66.29041797,0.015590177,0.094551645,0.69840972,0.852961572
SBK2,13.46999372,-0.008635211,0.101006695,0.698445557,NA
TCOF1,1907.425734,0.022013836,0.082517767,0.698447766,0.852961572
DBT,832.0803937,0.020421713,0.077604886,0.698532882,0.85298404
EML4,8799.000293,-0.016882473,0.050061223,0.698700269,0.853099881
SRSF4,2566.970513,-0.016751251,0.051265016,0.698816893,0.853099881
SENP7,247.9486188,-0.016765268,0.092184736,0.698827928,0.853099881
RHOXF1,49.83842488,-0.012128167,0.098429481,0.698918686,0.853115086
ZC4H2,73.13030811,-0.013034322,0.098806819,0.698973838,0.853115086
GALR1,18.56227537,-0.009339738,0.100569464,0.699102289,NA
BLTP3B,1128.652443,-0.019948007,0.077312681,0.699295679,0.853426428
LRRC49,8.841185677,-0.006197617,0.101996023,0.699473737,NA
PLOD2,377.3346397,0.020986367,0.077673908,0.699583356,0.85369602
ZFPM2,47.85060733,0.014068664,0.096568479,0.699815224,0.853742404
C22orf15,10.46611893,0.0056685,0.102204317,0.699841785,NA
LSR,214.7203827,-0.018519318,0.085599178,0.699934516,0.853742404
BUD13,502.1101881,-0.020090057,0.064667106,0.699942974,0.853742404
ARHGAP27,2867.333682,0.018842661,0.061095907,0.699963447,0.853742404
KIAA1328,199.6707432,-0.019587252,0.081449635,0.699999421,0.853742404
UFC1,2033.115511,-0.01831531,0.057356795,0.700111161,0.853742404
STAMBP,1046.109231,-0.018429265,0.05816467,0.700126118,0.853742404
LRSAM1,1362.069715,-0.018588143,0.058765882,0.700267318,0.853742404
CHMP4A,1607.341196,-0.017792619,0.055745015,0.700300323,0.853742404
FABP4,66.14393429,0.01274049,0.097376021,0.700332689,0.853742404
PRRC1,2185.805074,-0.019813655,0.068290425,0.700355912,0.853742404
TRIM17,28.7443699,-0.010530655,0.099754631,0.7008106,NA
MTM1,751.4582727,-0.018942886,0.061041643,0.701070088,0.854531517
FBLN7,8.487529378,0.006477437,0.101863645,0.701086844,NA
MYH10,1751.288049,-0.016550959,0.082873022,0.7012334,0.854553834
ZNF174,266.5157529,0.019726663,0.082753459,0.701255238,0.854553834
FBN2,32.36963175,-0.010268782,0.099922088,0.701288919,0.854553834
ZNF385C,12.86538678,0.008759516,0.100924994,0.701303459,NA
LAPTM4A,6214.922212,0.016682651,0.046019855,0.701395414,0.854602151
TSHR,44.7394526,0.01284828,0.097796124,0.701514163,0.854633537
CBX4,1381.075616,-0.019674679,0.069071966,0.701554866,0.854633537
LCN12,16.33987632,0.00897698,0.100806424,0.701556818,NA
PRPF19,2463.371783,0.016550463,0.048889638,0.701634282,0.854648846
TMEM250,1608.585384,-0.018631551,0.058064235,0.70189996,0.854772676
FCRLB,340.6051554,0.019961513,0.074044412,0.701932076,0.854772676
GAS2L3,993.011643,-0.01968108,0.074531485,0.701936513,0.854772676
SMIM26,516.3609905,0.019940914,0.075317739,0.702060097,0.854841747
PSMB2,3202.585,-0.01988489,0.062394381,0.702181485,0.854908131
WDR72,10.52500918,0.006205272,0.102033984,0.702453787,NA
RPL32P3,11.32855991,-0.006586491,0.101857714,0.702524321,NA
ATP11B,1773.442543,0.018745658,0.060393142,0.702642978,0.855330745
FOXP4,1875.792834,-0.019464309,0.067882396,0.702675987,0.855330745
CP,23.82857229,-0.008115105,0.101149847,0.702722942,NA
SPG11,2459.450909,0.019167674,0.06209921,0.702729303,0.855330745
ACIN1,5992.6166,0.017826352,0.046744459,0.702894322,0.855450157
DCAF10,753.5258671,0.019083991,0.081209468,0.702979152,0.855459136
TROAP,777.7582148,0.019748464,0.070168139,0.703035521,0.855459136
CYP4A22,10.09210044,0.007971274,0.101291169,0.703382549,NA
ZDHHC11,14.67647199,-0.007286082,0.101484326,0.703412918,NA
TANC2,1325.961444,-0.019607997,0.075621941,0.70343127,0.85585923
PPFIA1,3055.277071,0.017608762,0.052870244,0.70354724,0.855891214
SSR4,2709.137784,-0.017338965,0.053399922,0.703591803,0.855891214
POP5,451.3567292,0.019771044,0.070821205,0.703658393,0.855891214
MRFAP1L1,1385.481253,0.016549318,0.049528505,0.703793809,0.855974491
SLC6A8,358.3254896,0.019894342,0.080522705,0.703874997,0.855991804
SYT16,12.79986009,-0.008429917,0.101005998,0.703891805,NA
LDLRAD3,385.3249957,-0.01963261,0.071814051,0.703958288,0.856011672
TG,14.19174457,-0.005394497,0.102165323,0.703990775,NA
RNA5SP296,14.86837538,-0.008207622,0.10111426,0.70406149,NA
SNURF,24.09688369,0.006523311,0.101903647,0.704078826,NA
PIGG,1933.211262,-0.01674272,0.051798006,0.704088809,0.856088961
CAPZB,8808.246168,-0.016457204,0.047971304,0.704231335,0.85615335
CDKL3,71.32778626,0.015055482,0.094828566,0.704275697,0.85615335
SVIL-AS1,11.38790597,0.007633286,0.101429459,0.704352959,NA
LONRF1,278.8720428,0.018255438,0.087223123,0.704495126,0.856315955
COLQ,98.19931198,-0.018365348,0.093052236,0.704606667,0.856315955
VARS2,804.5639805,-0.018577803,0.060463985,0.704610391,0.856315955
ADAMTS12,38.44041803,-0.011564485,0.098764865,0.704846711,0.856521737
IDO1,19.77344546,0.008243477,0.101139567,0.705020332,NA
SYT4,17.20276031,-0.007536275,0.101244782,0.705026321,NA
CNGB1,23.78270965,-0.006668345,0.101749056,0.705287135,NA
COL9A1,14.47591083,0.008046891,0.101225408,0.705532057,NA
LAMA2,160.5869784,-0.018339122,0.086482434,0.705569723,0.857108142
TWF2,8964.256115,0.012610267,0.03519604,0.705606623,0.857108142
HAPLN4,873.275667,0.019546355,0.069951466,0.705655569,0.857108142
NUDT22,818.3619843,-0.01743731,0.054471749,0.705656576,0.857108142
VPS41,2736.781223,0.018377618,0.062771269,0.705754634,0.857108142
GGTLC2,29.80781816,-0.010938295,0.09927936,0.705801482,NA
C15orf39,822.3037371,-0.01960439,0.073368398,0.705802106,0.857108142
MTERF3,259.3146276,0.01932597,0.079684215,0.705849535,0.857108142
KRBA1,207.3936048,-0.017014928,0.090272242,0.705885552,0.857108142
OXR1,1098.635141,0.018678331,0.062859843,0.705932635,0.857108142
PCDHB11,9.193910111,0.00671355,0.101808921,0.706029934,NA
MATN1,10.74693076,-0.006809453,0.101714283,0.706176567,NA
DGKH,652.1623364,0.019565112,0.077293373,0.706185384,0.85715971
DUSP13A,181.7482542,0.016772071,0.089878964,0.706190573,0.85715971
RIDA,211.244723,0.018802157,0.084368358,0.706212839,0.85715971
SYTL1,186.209731,0.016488038,0.091981635,0.706243284,0.85715971
NEGR1,76.73478702,0.009854475,0.100292087,0.706328311,0.857181534
BID,1921.765156,0.018619135,0.060561548,0.706465898,0.857267132
AMT,158.1213248,-0.01588959,0.093018031,0.706686597,0.857453558
ZNF493,170.1953728,-0.01869587,0.083700408,0.706820253,0.857488305
ABCB10,937.455279,-0.018943199,0.064883431,0.706849374,0.857488305
SAYSD1,441.3318615,0.019267221,0.067037869,0.706960717,0.857530863
RMND5B,1075.701724,-0.017999118,0.05835398,0.707253227,0.857530863
SDCBP2,31.65624922,0.011575134,0.098764805,0.707264656,0.857530863
PUS7L,282.3977151,-0.018784737,0.083211331,0.707268155,0.857530863
HACL1,441.7592013,0.019555241,0.077667698,0.70728622,0.857530863
ZNF408,345.5173385,0.018308288,0.073771462,0.707336947,0.857530863
ZBTB47,1474.230989,0.017199722,0.054100129,0.707353968,0.857530863
ECHDC3,165.3562441,-0.018990785,0.082452674,0.707544427,0.85768043
GRIN3B,27.12650505,-0.010688863,0.099370969,0.708099497,NA
RFT1,897.0192151,0.018220895,0.059443328,0.708144093,0.858325961
MTHFD1L,2283.033087,0.017331987,0.054565159,0.708273725,0.858388143
TMTC2,22.83168625,-0.008577892,0.100727912,0.708299764,NA
CAPS2,69.26415706,0.015600429,0.093536356,0.708329676,0.858388143
R3HDM4,1311.548458,-0.01702188,0.053658049,0.708529457,0.858409854
EPHX2,36.49040975,-0.010776517,0.099282094,0.708541104,0.858409854
MEST,69.00949457,-0.013535005,0.096627678,0.708602718,0.858409854
FLG,19.68364382,-0.009389374,0.100287499,0.708691115,NA
CPE,552.4648446,-0.018380889,0.08494621,0.708697674,0.858409854
IDNK,110.4425092,0.017290008,0.08958762,0.708697853,0.858409854
TMED5,4565.723181,0.017092041,0.053717671,0.708795671,0.858409854
MARF1,2902.500463,0.017429772,0.055001197,0.708878726,0.858409854
GRK3,3060.806396,0.015326992,0.045827398,0.708884727,0.858409854
SANBR,562.3871247,-0.019342335,0.066887352,0.709003052,0.858471827
SYS1-DBNDD2,18.12508241,-0.008186827,0.101031077,0.709044674,NA
DPY19L4,695.2395797,-0.01909672,0.077928493,0.709133251,0.858548164
GIN1,151.417195,0.016233374,0.092037289,0.709315428,0.858687411
IQCM,8.477345748,0.005699306,0.102134614,0.709713007,NA
NARS2,278.3446307,0.01946833,0.074891677,0.70972202,0.859098279
IRF7,3674.359364,-0.019321143,0.073281024,0.709830137,0.859147808
MFSD13A,728.4917044,-0.020511595,0.072834048,0.709954494,0.859216983
ZNF562,585.9266406,-0.018174687,0.085120347,0.710031304,0.859228606
ROR1,7.543324905,0.006436669,0.10186634,0.710080589,NA
AARSD1P1,25.22902277,-0.009678991,0.100059392,0.710108761,NA
GOT2,2409.008048,0.018200786,0.054787311,0.710444959,0.859575599
LDAH,647.6891034,0.019269004,0.072545575,0.710452511,0.859575599
ARNT,1535.464906,-0.018519072,0.063488228,0.710830663,0.859951744
BIN3,887.5310032,-0.01812557,0.060191646,0.710956493,0.860022591
INHBE,7.829784246,-0.005710437,0.10205005,0.711086981,NA
PHACTR3,15.45633895,0.008942726,0.100614167,0.711408821,NA
ADAMTSL3,50.43987826,-0.011344324,0.097878181,0.711493659,0.860521405
RPL38,4593.383941,0.017061548,0.054154054,0.711611844,0.860521405
DRAXIN,44.71357646,-0.01290299,0.097028202,0.711658541,0.860521405
STOM,4347.404608,-0.015874792,0.04035497,0.711685444,0.860521405
THOC5,1075.453183,-0.018836851,0.067644123,0.711705384,0.860521405
POLI,368.948593,-0.018093772,0.084865449,0.712120358,0.860941728
WRAP73,651.2642779,-0.022003866,0.077414464,0.712218835,0.860979369
ZNF106,4272.783149,-0.014656765,0.043307431,0.712747187,0.861536615
KLRC1,10.55407266,0.00766994,0.101249343,0.712747346,NA
ADCK5,364.5622225,-0.019111288,0.075847224,0.712818118,0.861540899
ZNF875,613.1007789,0.01966937,0.067815963,0.713007459,0.861688285
SLC15A1,17.01822067,0.008916936,0.100670356,0.713251813,NA
RPUSD4,702.6768411,-0.018799338,0.067072903,0.713480545,0.862178523
PPP4R1,1697.634686,0.018834648,0.066288338,0.713601471,0.862243154
TMEM182,169.2387991,-0.017884819,0.08556523,0.713749517,0.862340538
AKAP13,6317.769968,0.020156733,0.058224877,0.713898566,0.862426276
UBXN2A,561.7886407,0.019336923,0.071342781,0.713956917,0.862426276
SSR2,2964.832548,-0.014344227,0.042838665,0.71402285,0.862426276
PRR29,20.00717931,-0.008484049,0.10069403,0.714194903,NA
IRAK4,412.8471863,0.019068207,0.073778437,0.714301928,0.862681858
GPR135,46.76315014,0.013849695,0.095760953,0.714476047,0.862810642
RAB36,25.84853755,0.008425568,0.100808046,0.714604521,NA
TMEM199,1086.428637,-0.018670181,0.067638806,0.714615804,0.862854054
LGALS14,7.835346827,0.006043638,0.101961429,0.714755718,NA
WDR70,708.9532985,0.019087175,0.075087308,0.714826802,0.862854054
NONO,9398.442339,0.016414858,0.051830208,0.714882675,0.862854054
GALNT11,1008.776174,0.018335656,0.063469146,0.714906625,0.862854054
TTC19,1007.143585,0.018828976,0.067865512,0.714930605,0.862854054
TMEM192,1383.911308,0.017424839,0.056893011,0.714972505,0.862854054
NFX1,1727.105838,0.017838651,0.058547252,0.715013579,0.862854054
HSD11B1,250.0623441,0.016597174,0.090369866,0.715051912,0.862854054
NLRC4,1041.275781,0.017665568,0.05938201,0.715148882,0.862889624
KL,13.50353022,-0.007975336,0.101007726,0.715193122,NA
PCGF6,333.4298596,0.0189147,0.07977047,0.715244506,0.862923564
BPNT1,543.898372,0.021038454,0.071866631,0.715487819,0.863135664
TCEAL3,665.810074,-0.019007595,0.073090907,0.715602746,0.863192859
RNASE10,25.15933512,-0.009176961,0.100254148,0.715680118,NA
ZYG11A,8.5742064,0.006103792,0.101936103,0.715750688,NA
TMEM208,857.0207206,0.017783493,0.05974761,0.715982022,0.863568882
TIMM50,1708.792668,-0.017314447,0.057482737,0.716054994,0.863575427
HSD11B1L,54.96607189,0.014465445,0.095293975,0.71623337,0.863658254
BNIP3,380.7387644,-0.018791062,0.070566507,0.716258777,0.863658254
DCUN1D2,330.5026049,-0.018202692,0.082765981,0.716470353,0.863723401
QRICH2,58.86174037,-0.011355971,0.098386968,0.716483254,0.863723401
TRIM62,214.7428843,-0.018193439,0.083011007,0.716550202,0.863723401
AJM1,180.8339204,-0.017335646,0.087146709,0.716583036,0.863723401
WNT9B,7.619171934,0.00603459,0.101952038,0.716749821,NA
GMEB1,702.0480687,-0.018641745,0.068275983,0.716829362,0.863771504
FRAT1,293.5913082,-0.018583479,0.077866745,0.716933005,0.863771504
FAM171B,71.6697279,-0.013942303,0.095121332,0.716944664,0.863771504
ZNF25,292.0504305,-0.017763863,0.085172359,0.716948592,0.863771504
C10orf143,61.41106509,0.014643118,0.094185538,0.716960751,0.863771504
ZYG11B,1502.037598,-0.017382305,0.058143725,0.717029102,0.863772455
CDK10,1188.155633,-0.018565195,0.065460717,0.717145722,0.863793711
ANO9,54.09035602,0.005022338,0.102309197,0.71723143,0.863793711
MIF,3436.170984,0.01530171,0.044894547,0.717249436,0.863793711
IRGQ,823.9132712,0.017344412,0.056987479,0.717524524,0.86388505
AGAP13P,75.20757297,-0.015378993,0.092741673,0.717585052,0.86388505
SLC45A3,895.3105304,0.018032024,0.062529064,0.717593822,0.86388505
TBCB,1717.659564,0.016458831,0.054552241,0.717595559,0.86388505
ZBTB12BP,13.65246296,-0.00793476,0.100999576,0.717640277,NA
NUDT16,1722.24994,-0.015913049,0.051211122,0.717684284,0.863910514
GDA,9.678538011,0.0055478,0.102079648,0.717822463,NA
ADPRH,975.4784972,0.017447932,0.057993478,0.717927946,0.864079439
NOL8,1330.095389,0.018878642,0.062462189,0.718047586,0.864079439
FGD1,60.55156856,0.014408505,0.094568588,0.718092773,0.864079439
SGSM2,2353.0055,-0.018655013,0.066474773,0.718094958,0.864079439
USP42,575.6767439,-0.018741624,0.067981464,0.718262134,0.864199264
TOX4P1,6.809673309,-0.005262899,0.10218102,0.71866956,NA
EIF2AK1,3481.773868,0.016388052,0.052676779,0.718704764,0.864650457
PRRX1,10.88669899,-0.004276921,0.102399301,0.718786819,NA
CACNG5,12.94800057,0.008341594,0.100795188,0.718845409,NA
EPHA10,9.262547474,-0.005680065,0.101962354,0.718949982,NA
CLK3,1504.254981,0.017993148,0.064134147,0.719061735,0.864866416
FBXO16,38.01563837,-0.011153455,0.098480846,0.719134435,0.864866416
DDX50P1,20.20369339,0.00985113,0.099750544,0.719200871,NA
ZNF334,145.5336733,0.016713207,0.087883588,0.719206613,0.864866416
EXPH5,15.5646391,0.008561528,0.100537144,0.719314693,NA
UQCRFS1,1880.170293,-0.017743776,0.06015506,0.719361788,0.864866416
MME,334.9429422,0.015537589,0.092516329,0.719404447,0.864866416
UBE3A,2109.801963,0.015597748,0.049126402,0.719415809,0.864866416
MPI,982.5084646,0.018606719,0.07048,0.719459913,0.864866416
NOL12,457.727865,0.018631366,0.070134118,0.719463401,0.864866416
UBR7,1035.321808,0.017289292,0.058638824,0.719493094,0.864866416
HERC2P9,352.620156,0.018719108,0.073985301,0.719576006,0.864884764
VTA1,1189.368978,0.017421769,0.0595979,0.719982354,0.865291821
IMMT,3542.82314,0.016115659,0.052078168,0.720084178,0.865332852
ZBTB24,492.0603882,-0.01819245,0.07566193,0.720218213,0.86541258
RYK,664.1896987,0.018587714,0.077365156,0.720484551,0.865651253
RPL23AP7,57.01403266,0.009541344,0.09993847,0.720749994,0.865824864
MRM1,193.736746,0.018121213,0.082079083,0.720764492,0.865824864
ABI3BP,20.89480133,-0.008752019,0.100267452,0.720834821,NA
TMCC1,767.5016652,-0.018586771,0.073001399,0.720952551,0.865969407
EEPD1,1242.929997,-0.016942233,0.057560771,0.721201443,0.866165298
PDP2,548.5568659,-0.017401657,0.08493033,0.721251136,0.866165298
AKAP5,67.86526988,-0.01371867,0.095100603,0.721435572,0.866305418
FAXC,16.04735753,0.007927951,0.100968614,0.721496734,NA
CBR4,496.5007771,-0.018664927,0.063947441,0.721575431,0.866322017
EID2B,59.03841442,-0.011540319,0.098087429,0.721584917,0.866322017
TMEM59,3794.335375,0.015625019,0.049648749,0.721797116,0.866375766
EMC1,2271.864487,0.016895529,0.055666456,0.721805444,0.866375766
KIF4A,654.6830542,0.01794181,0.063604895,0.721832981,0.866375766
TIGD7,52.5043026,0.013171854,0.096043834,0.721927567,0.866382845
TUFM,6536.321167,-0.015099828,0.050465934,0.72197441,0.866382845
NHLRC4,16.87896564,-0.007925416,0.10091975,0.72199638,NA
NPIPB12,452.875901,-0.018035565,0.080928375,0.722236579,0.866603848
MOAP1,1331.636438,0.015570698,0.052211767,0.722294142,0.866603848
MON2,1288.762798,-0.018253705,0.064730327,0.722495693,0.866764327
MOCS3,378.2133643,0.018268849,0.06957178,0.722603104,0.866811849
TLE2,20.91655707,0.006638996,0.101613607,0.722652763,NA
ACTL10,36.99729104,0.011793115,0.097786359,0.722781724,0.866832761
GOLGA8M,20.09679762,0.009196125,0.100133425,0.722799082,NA
CDH4,13.42601596,-0.007772373,0.100969363,0.722803364,NA
TMEM154,110.4034814,-0.011823641,0.097508072,0.722876971,0.866832761
ZFC3H1,1723.181082,0.017167435,0.058942879,0.723029611,0.866832761
PDXDC2P,318.4081247,-0.018245221,0.077748825,0.723050109,0.866832761
ZNF461,139.479328,-0.015805951,0.090507495,0.723076861,0.866832761
TNFAIP8L3,658.0422485,0.018506726,0.073190492,0.723099815,0.866832761
ZNF783,748.7798087,0.018249853,0.068358656,0.723171595,0.866832761
SNX1,4085.786372,-0.015934999,0.052297601,0.72319584,0.866832761
BRAP,895.6473609,-0.017914523,0.065900296,0.723230744,0.866832761
PALMD,10.52365941,-0.006186494,0.10174983,0.723395941,NA
MAPRE3,316.9135186,-0.018221369,0.077509717,0.72341628,0.86697386
CDH2,26.81334456,-0.01020591,0.099151771,0.723761587,NA
DRD4,13.58913952,-0.006157156,0.101744807,0.724034591,NA
PELP1,1695.188767,-0.017319347,0.060813765,0.72417841,0.867805884
PANX2,44.14241585,0.013012473,0.095885937,0.724445701,0.868044825
GIPC3,163.7349174,0.016362393,0.089443813,0.724649318,0.868207435
BMS1P1,15.7465525,0.007335658,0.101281959,0.724715067,NA
TMPRSS9,36.82769674,0.009852065,0.099497181,0.724862664,0.868381668
PDGFRA,65.88821486,-0.013470638,0.095194362,0.724997025,0.868461254
SYN2,8.420255912,0.006225432,0.101767476,0.724999706,NA
GUSBP2,21.16916423,-0.009270193,0.099950361,0.725070318,NA
RPL18,8685.072863,-0.014713609,0.047298417,0.725188673,0.868462805
RAD51C,253.0543422,0.016226924,0.08760567,0.725232068,0.868462805
PCK2,9918.740988,-0.015123746,0.048897996,0.725329453,0.868462805
SIGLEC6,9.892497181,-0.007070803,0.101319699,0.72533146,NA
ALOX5,8617.974756,-0.016888829,0.058081984,0.725336674,0.868462805
GABRB2,54.97953322,-0.013550197,0.09503453,0.725337961,0.868462805
NTAN1,1249.202067,0.017635316,0.063274283,0.725413726,0.868472187
RBMS1P1,22.53846487,0.010072999,0.099336781,0.725425229,NA
CDHR5,9.769952383,-0.004799041,0.102236009,0.725442547,NA
PDE8B,46.08817296,0.012153486,0.097301199,0.725619735,0.868604128
PELI3,285.6821653,-0.01779404,0.079734223,0.725659812,0.868604128
ZNF48,281.0466623,-0.018149854,0.077842623,0.725863246,0.868766298
BEST3,16.31198698,-0.007805753,0.100900015,0.725917091,NA
ATP23,188.6939765,0.014833542,0.092844041,0.725957803,0.868798139
TSSK6,76.75364274,-0.014677865,0.092947725,0.72615989,0.868958648
ISCA2,431.8102195,0.017902118,0.081026569,0.72628751,0.869009163
HLA-DPA3,23.13810742,-0.009832546,0.099415514,0.72628792,NA
ZFP2,30.16976082,-0.010038348,0.099216581,0.726294138,NA
LIG1,1568.10599,-0.016324227,0.060859009,0.726373195,0.869009163
ATG101,1052.131162,-0.016406818,0.060987266,0.726406017,0.869009163
LENG9,141.4470653,0.017877691,0.090009478,0.726753692,0.869343746
CMTM2,9.071442588,0.006815702,0.101480114,0.726959013,NA
CREBBP,3844.990892,0.01538383,0.091177513,0.727257318,0.869864797
MAP4K1,23.66413956,-0.007081518,0.101258763,0.727540213,NA
NEURL2,292.7041043,0.018011847,0.078757545,0.727588104,0.870118363
TMEM25,27.07461627,0.009221194,0.099939622,0.727593084,NA
NFE2L2,2828.488536,0.015194596,0.048133776,0.72760543,0.870118363
BMP2K,6522.063531,0.014432479,0.045934903,0.727919395,0.870412408
NEDD9,1530.404337,-0.016763207,0.058973413,0.728003799,0.870431925
CD6,153.5702904,0.015685168,0.090381337,0.728161849,0.870539484
POTEF,39.0404425,0.011718956,0.097526487,0.72827213,0.870589918
MAP3K7CL,29.87878936,-0.009761266,0.099386768,0.728567112,NA
BANK1,15.04612012,0.006744783,0.101463247,0.728687237,NA
SEC14L6,21.75709967,-0.008711293,0.100202243,0.728786567,NA
DPYSL2,6536.919333,0.017286798,0.062612426,0.728863579,0.871203176
FXR1,2255.080877,0.016156919,0.055228488,0.728955402,0.871203176
YJEFN3,111.4437882,-0.016040157,0.088380027,0.728992206,0.871203176
STT3B,5130.221718,-0.014576681,0.048508236,0.729057707,0.871203176
SLC6A1,21.50125272,0.009136994,0.099965136,0.729245672,NA
ABCC11,9.402910374,-0.006466704,0.101578037,0.729353878,NA
PKD1P3,957.0087852,-0.016742512,0.086495537,0.729514037,0.871667006
SDHD,2579.947244,-0.016170872,0.056402409,0.729623999,0.871705567
ZNF99,9.964702828,-0.005795375,0.101857805,0.729663623,NA
UPK3B,37.86938977,-0.010678523,0.098544486,0.729682673,0.871705567
TNR,28.35345836,-0.009947772,0.099173764,0.729814102,NA
VAPB,1027.565809,-0.017449322,0.06469206,0.729822111,0.871790684
IGFBPL1,16.36842431,-0.008596983,0.100274334,0.72993412,NA
ADCY7,9163.165161,0.013856502,0.064362093,0.729964925,0.871879817
ZFP62,330.2309734,0.017822803,0.0785177,0.730165516,0.871947833
PCSK1N,51.03358821,-0.012415247,0.096372098,0.730205042,0.871947833
CDK8,659.8756993,-0.017394004,0.059944921,0.730226472,0.871947833
PPP1R7,1848.830034,0.016092258,0.05481842,0.730326179,0.871953437
ANKRD23,65.14872135,0.011857148,0.097263464,0.730367568,0.871953437
EIF3M,2358.318312,0.016815203,0.059737532,0.730719598,0.872292256
HTR3B,21.38776665,0.00875848,0.100182192,0.730734776,NA
CHADL,16.91546866,-0.007115317,0.101122688,0.730879419,NA
RAPSN,23.18474826,-0.009137712,0.099824349,0.731061281,NA
F5,13.87848386,0.00661545,0.101519782,0.731137821,NA
ZNF404,40.55827017,-0.010596298,0.098567299,0.731198283,0.872711555
DESI2,1078.852504,0.01616345,0.056435291,0.731207366,0.872711555
SPTBN5,322.3118388,-0.016177763,0.087754983,0.731434104,0.8727566
SLC15A2,97.13921445,-0.012341075,0.096293109,0.731440181,0.8727566
PRCP,2376.617501,0.017234115,0.063349119,0.7314499,0.8727566
LIN28A,14.38432566,0.007893794,0.100789146,0.731520937,NA
DIO1,20.03971018,-0.007761417,0.100781927,0.731637687,NA
RPL23P2,7.723880162,0.005638233,0.101953716,0.731828017,NA
LYVE1,10.73040084,0.005830385,0.101857472,0.731887604,NA
FDX2,455.7388792,-0.01756089,0.068936286,0.731898046,0.872840375
SUZ12P1,214.2415343,0.017317431,0.083686985,0.731912932,0.872840375
MRPL37,1747.231295,0.014065996,0.046060613,0.731970449,0.872840375
RPAP2,815.0571071,-0.015813762,0.087849141,0.732004629,0.872840375
METTL13,1449.382412,0.01591359,0.054240038,0.732004802,0.872840375
FBXL20,853.5373122,-0.01754301,0.079625148,0.732057921,0.872840375
OR2A20P,37.48209527,0.012041152,0.096883801,0.732147159,0.872840375
OR2A9P,37.48209527,0.012041152,0.096883801,0.732147159,0.872840375
ZNF668,410.450645,0.018693493,0.075709857,0.732158014,0.872840375
CKMT2,10.7485045,0.004923864,0.10220782,0.73217878,NA
C3orf38,837.5739917,0.016858689,0.060161732,0.732202817,0.872840375
GPR65,1577.824131,0.017821395,0.062944456,0.732455427,0.8730601
KEAP1,2310.670156,-0.013578525,0.044109123,0.732562696,0.873106559
ZFP42,8.519854343,-0.006283438,0.101593685,0.732752353,NA
EMILIN2,6739.808809,0.016285224,0.054920305,0.733125757,0.873623406
RWDD2A,344.9482124,-0.01765733,0.073767832,0.733133009,0.873623406
LAMC3,7.169691908,0.005503015,0.10199773,0.733382512,NA
ADAMTS9,5.9234701,0.004918811,0.102210526,0.733507687,NA
IMP3,1318.107468,-0.015697164,0.054188483,0.733893178,0.874350924
N6AMT1,122.7650381,-0.015171648,0.091427238,0.733896576,0.874350924
ALDH18A1,1109.29898,0.018829955,0.072046095,0.733948699,0.874350924
NPPA,9.9878801,-0.006600086,0.101430903,0.733959439,NA
ST6GAL2,12.5948842,0.007083814,0.101266913,0.734229451,NA
PCF11,1978.728601,0.024760091,0.062479908,0.734374877,0.874777118
SH3BP2,7339.309662,-0.017584,0.061897099,0.734474108,0.874797089
HSPA1L,61.49796554,0.013779451,0.093941519,0.734528491,0.874797089
SUPT3H,144.795923,-0.015366466,0.089789601,0.734830062,0.875074734
TENM3,14.20828463,0.004476181,0.102297498,0.735251399,NA
SCAMP1,1065.826912,-0.016870069,0.063230524,0.735291316,0.875542467
APOC1P1,15.73989925,-0.00812625,0.100453032,0.735688539,NA
RANBP3L,17.99473616,0.007681949,0.100789175,0.735914751,NA
ZNF787,1673.559168,-0.016208748,0.058512349,0.735916191,0.876204927
ARK2N,585.5819509,-0.017632778,0.062317126,0.736154328,0.876406843
LTB4R,693.3816718,0.017655165,0.074787292,0.73637734,0.876590716
SLC25A48,55.02652808,0.010679055,0.098147989,0.736660504,0.876756521
ZNF565,55.97634071,-0.013578251,0.093906676,0.736706171,0.876756521
ZNF284,113.0378867,-0.015978336,0.087669693,0.736722355,0.876756521
VWA5B1,9.014755545,-0.005716506,0.101809116,0.736766902,NA
GAS2,11.47735694,0.006128255,0.101647434,0.736976416,NA
ULK4,241.7190835,0.014621829,0.091595328,0.73708758,0.877109523
GTF2IP23,8.779016466,0.005823128,0.101818989,0.737190775,NA
SLC1A5,7663.73734,0.021931044,0.058464618,0.737215028,0.877179538
SRPK3,49.33317238,-0.010391065,0.098315112,0.737621064,0.877517607
CHRNB1,216.739069,0.017153212,0.0803497,0.737636427,0.877517607
TJAP1,950.1497359,-0.014733411,0.06152898,0.737796637,0.877571635
GPR183,728.299483,0.017389819,0.07667579,0.737819124,0.877571635
RHOA,16991.80671,0.017375858,0.051013482,0.737987431,0.877690168
ARHGAP20,418.2959771,-0.017262304,0.075848132,0.73834039,0.878028266
TUBGCP3,1409.941807,0.018083612,0.065066958,0.738504837,0.878042851
FGL2,599.377754,0.017168252,0.071156702,0.738600024,0.878042851
ZNF101,295.5884739,0.017365822,0.076301951,0.738607194,0.878042851
SNX16,152.1330021,0.015038274,0.090374017,0.738627365,0.878042851
C1orf43,5249.598714,0.01371869,0.04478464,0.73876825,0.878101198
BTNL8,22.17603174,0.0079005,0.100592735,0.738792868,NA
FYB1,5530.214931,-0.014759195,0.049969294,0.738813812,0.878101198
ASB4,24.89081279,-0.009069487,0.099639031,0.738860612,NA
RB1,3434.542647,-0.015424338,0.055029574,0.738889708,0.878109771
ZMYND19,569.3669063,0.017276449,0.071030241,0.738983539,0.878139655
TMEM92,12.45072321,-0.006130817,0.101523416,0.739019476,NA
CCNJL,32.39899175,0.009208696,0.099547121,0.739536411,0.87869785
OR13A1,12.58838705,-0.006586774,0.101335373,0.739584302,NA
HYKK,36.82851664,0.010535584,0.098323763,0.739664297,0.87869785
PARP11,441.8674454,0.017250911,0.075994002,0.739727263,0.87869785
C10orf88,207.0931731,-0.01409138,0.092377148,0.739728194,0.87869785
CACNA1F,14.86778114,-0.00700989,0.101057927,0.739777383,NA
AMACR,413.3626005,0.016759934,0.082455448,0.739903724,0.878822091
NDUFV3,1556.306576,0.015238532,0.052355223,0.739970263,0.878822091
ITGA1,23.47814639,0.007528042,0.100817319,0.740115229,NA
CALHM3,26.83870846,-0.010164468,0.098429956,0.740154653,NA
YTHDF2,1964.02136,0.014492039,0.049072714,0.740276734,0.879104407
RPL4,23563.04434,-0.012336177,0.043636667,0.740348344,0.87910779
ANKRD13C,956.4573341,-0.016778815,0.065050115,0.740522425,0.879232838
ZNF449,168.4493297,0.016865346,0.081323862,0.740665941,0.879249689
TMEM69,735.6858357,-0.016320522,0.06195898,0.740728935,0.879249689
ERN1,890.2615059,0.016868809,0.08133424,0.740742933,0.879249689
SH3RF2,18.53844791,0.006836307,0.101197761,0.740816985,NA
MRPS12,694.3589862,0.016725742,0.062029281,0.74083649,0.879279106
PLXDC1,24.99355732,0.005694311,0.101772028,0.740897532,NA
SLC13A4,35.21702518,-0.008719243,0.099822052,0.740945323,0.879326646
TBC1D1,4703.819843,0.013089077,0.043765519,0.741129237,0.879430597
TMEM50B,683.8259338,-0.016873643,0.070687307,0.741170488,0.879430597
YES1P1,15.78044263,0.008097812,0.100427372,0.741212823,NA
SPDYE21,8.926340809,-0.00553427,0.101853496,0.74121884,NA
RNF19A,1386.637192,-0.016648486,0.065108847,0.741240533,0.879431485
KMT5B,1117.765715,-0.016475052,0.062314472,0.7413136,0.879431485
MSL3,1376.563736,-0.01677989,0.06925639,0.741521342,0.879431485
KALRN,365.0944875,0.016350198,0.085911155,0.741569402,0.879431485
RABIF,526.5470569,-0.017121719,0.065406168,0.741675449,0.879431485
TMCC2,61.76290804,-0.011999135,0.096087327,0.741791962,0.879431485
CBX2,40.12655698,-0.009796854,0.098803535,0.741800557,0.879431485
IGF2R,19778.0884,0.02496282,0.051194079,0.741824153,0.879431485
POFUT1,1249.391279,0.015763461,0.055901914,0.74187807,0.879431485
SLC34A3,28.15830194,-0.010250687,0.098402246,0.741878104,NA
PARP10,3501.25256,0.017022166,0.070227414,0.741926235,0.879431485
DCTN4,1790.098837,0.017063367,0.068511802,0.741979766,0.879431485
NDUFB7,1465.526684,-0.015889649,0.058916992,0.74199667,0.879431485
AP1S3,120.1248382,-0.014002359,0.087964704,0.742080015,0.879448739
BAK1,1972.695045,0.012335838,0.04579973,0.742156327,0.879457656
ZC3H12B,13.62916932,0.005765762,0.101742106,0.742445232,NA
CARD16,419.8046924,-0.016980196,0.073068254,0.742454497,0.879688416
RNF24,487.9866493,-0.014564687,0.073263839,0.742592507,0.879688416
ADGRE4P,626.2760669,-0.016751641,0.068255068,0.742605652,0.879688416
AGO4,1760.597332,0.014032864,0.08278328,0.742630285,0.879688416
FRS3,135.7442194,-0.014794354,0.089960102,0.742746719,0.879688416
TMEM215,17.58756192,-0.008327724,0.100074095,0.742783618,NA
KLF13,4273.754198,0.014769413,0.055094866,0.742881967,0.879688416
ZNF654,511.3899972,0.01693484,0.078793227,0.742952488,0.879688416
TRABD,3386.704064,-0.014439067,0.049645434,0.742965867,0.879688416
PFN1P8,43.26946231,-0.010906394,0.097472776,0.742970318,0.879688416
ANKEF1,201.1640048,0.016270368,0.086578561,0.743388081,0.879895992
SLC1A4,2639.406647,-0.015125418,0.057485916,0.743425929,0.879895992
RARG,76.21977246,-0.0125667,0.094743683,0.743438813,0.879895992
LETM2,72.41548149,-0.013173784,0.093895586,0.743456212,0.879895992
SMC2,1511.029327,-0.015261524,0.055766311,0.743683968,0.879895992
FGFRL1,1249.305558,-0.014799088,0.062114561,0.74382757,0.879895992
TMEM97,278.1967917,0.016091174,0.083494019,0.743838504,0.879895992
APOBEC3G,558.6831956,0.017492152,0.069053399,0.743846457,0.879895992
CCN2,39.74036245,-0.009895093,0.098620686,0.743973757,0.879895992
MVK,380.2223643,-0.016921467,0.073974832,0.74399407,0.879895992
ZNF426,357.3013816,0.016885534,0.079034806,0.743997891,0.879895992
NDUFA4,2751.789117,0.015596871,0.058347669,0.744013855,0.879895992
COL4A2,777.7103336,0.016951074,0.0756152,0.744040326,0.879895992
TMEM106A,1630.499251,-0.016327497,0.06411851,0.744155494,0.879950795
SYNPO2,25.9887946,0.009371857,0.099237971,0.744238178,NA
NTMT1,675.3156339,-0.016636411,0.06784008,0.744478325,0.879999849
MMP17,11.9252237,0.006995202,0.101071616,0.744537505,NA
SURF6,1297.630156,-0.015059203,0.054616023,0.744574212,0.879999849
PTGR3,1089.602177,-0.016408358,0.065085776,0.744590686,0.879999849
NT5M,32.23966849,0.009058678,0.099431424,0.744594952,0.879999849
AMMECR1L,940.9822423,0.015965949,0.058603958,0.744667764,0.879999849
ZNRD2,348.1085459,0.016883815,0.074891574,0.744673859,0.879999849
BRMS1,1254.573421,-0.015081918,0.054775224,0.744678793,0.879999849
TMED10,7240.554811,-0.012516703,0.042185171,0.744809568,0.880073043
PPP5D1P,9.286888582,-0.006278535,0.101421683,0.744815837,NA
TRIM68,284.6473268,0.016761739,0.076883638,0.744919511,0.880121611
SMTN,345.8878598,0.015728811,0.08635813,0.745123974,0.880272345
ZNF649,251.0134901,0.016353373,0.082821573,0.745216351,0.880272345
SDHAF1,296.7145344,-0.016877413,0.07230722,0.745253645,0.880272345
SUMO4,17.32748002,0.007622241,0.100646256,0.745314282,NA
ACOT13,749.5584449,-0.016853381,0.076586316,0.745499787,0.880421668
TMEM131L,273.0513909,0.015883537,0.083901208,0.745517792,0.880421668
MTCL2,2276.967795,0.015410029,0.059079936,0.745624297,0.880466115
DPY19L2,27.20295958,0.009244818,0.099346084,0.745680761,NA
S100A5,16.92100638,-0.007845955,0.10034389,0.74574852,NA
CIB2,19.31393775,0.007984149,0.100370881,0.745804063,NA
SMPDL3A,411.8607889,0.016854228,0.073584527,0.746051426,0.880858732
TMEM41A,655.7660095,-0.016112997,0.062541835,0.746172565,0.880858732
ZMIZ2,3833.389669,-0.015421805,0.06767128,0.746191118,0.880858732
C11orf98,774.5298108,0.015661108,0.064946456,0.746275604,0.880858732
FSIP2,61.77168631,0.010038934,0.098456977,0.746301274,0.880858732
PEF1,1131.115318,-0.014983622,0.053337547,0.74645805,0.880962445
NEK5,26.99821899,-0.009200895,0.099116496,0.74664183,NA
NFU1,793.5434129,0.016114872,0.063438212,0.746668762,0.881128815
LYSMD3,654.7199299,-0.016701256,0.074354752,0.746736857,0.881128815
CRTC3,1572.6808,0.016540367,0.064735401,0.746813586,0.88113803
FAM201B,6.291518336,-0.004157842,0.102356405,0.747004807,NA
TGFBR1,10721.07586,0.01488999,0.055427555,0.747067198,0.881355921
KIF18A,220.5788298,-0.016249963,0.080228198,0.747377989,0.88156129
GABARAPL2,1750.290969,-0.014457321,0.052260057,0.747425832,0.88156129
PPM1M,4963.721189,-0.011633835,0.039697138,0.747448134,0.88156129
CNBD2,39.77355695,0.010679106,0.097680404,0.747566582,0.881613462
SLC4A1AP,1503.991673,-0.014028963,0.049559138,0.747630282,0.881613462
ATP5MGL,8.864234863,0.005808993,0.101695263,0.747781705,NA
WTIP,334.1210643,0.01475848,0.089718989,0.747795929,0.881727469
KCND1,19.56113773,-0.00689788,0.100914147,0.747895633,NA
SUN1,854.7944777,-0.016212482,0.076108226,0.747941972,0.881802044
TMEM242,410.9690881,0.016717405,0.073639646,0.747997119,0.881802044
TMEM98,14.96225709,-0.006454104,0.101245397,0.748298631,NA
RPS14,7803.58122,-0.014976787,0.055421164,0.748438496,0.882173502
CCDC127,702.8772913,-0.016504569,0.078150907,0.748484633,0.882173502
SLC4A11,345.0650957,-0.015557173,0.085772259,0.74865281,0.882173502
ATG4B,2184.822072,0.015352704,0.060342721,0.748695596,0.882173502
SIRT3,516.0252046,0.019047569,0.071601113,0.748787385,0.882173502
HTD2,207.0766378,-0.014539548,0.091074554,0.748902115,0.882173502
TMEM106B,916.9338039,0.016629065,0.076506344,0.748905694,0.882173502
LRRC18,17.4371282,0.007157906,0.100872147,0.748923816,NA
NALCN,14.79507338,0.006847184,0.101054086,0.748962693,NA
SLC25A51,390.3785101,0.016601548,0.073120981,0.748973806,0.882173502
CD5,18.0038786,-0.005650216,0.101745612,0.749028646,NA
ZNF90,78.41571236,0.013356272,0.093069137,0.749069914,0.882173502
ZBTB42,107.3012309,-0.013930925,0.091297411,0.74907777,0.882173502
CLEC3B,58.37759754,-0.012121641,0.095212071,0.749125258,0.882173502
KAT5,1427.827938,-0.016330847,0.061703424,0.74914022,0.882173502
ARMC1,797.7225237,0.016135481,0.06351513,0.749418391,0.882419794
RIT1,1481.924103,-0.014626767,0.052406996,0.749666668,0.882536472
USP39,1302.750828,-0.016014136,0.064417487,0.749713794,0.882536472
NFIA,109.7228211,0.012531756,0.094427879,0.749809323,0.882536472
CNKSR2,51.30119629,0.011534461,0.096321061,0.74984147,0.882536472
BDH1,434.3649153,-0.01649867,0.079722748,0.749862628,0.882536472
HHLA1,70.66940412,-0.012315836,0.094313927,0.750126918,0.882630447
ZNF20,36.04262427,-0.010579247,0.097418123,0.750206922,0.882630447
MGST2,803.654481,-0.015667725,0.063633533,0.750213236,0.882630447
CRYZL1,571.8224607,0.01647567,0.067624686,0.750218621,0.882630447
SLC4A5,53.87863645,0.00845619,0.099816822,0.750668653,0.883025423
GEMIN7,362.42948,0.015860663,0.072995341,0.750692478,0.883025423
PPIEL,15.15843428,0.006943741,0.100975735,0.750808977,NA
RGS8,11.40501323,0.0056777,0.101672481,0.750877066,NA
TREX2,12.26488869,-0.004343441,0.102234059,0.751032426,NA
SLC36A2,11.1004773,0.005157589,0.101919695,0.751115191,NA
RAB19,23.76674631,-0.008583866,0.099600834,0.751126897,NA
MYH14,31.93172506,-0.00899672,0.099195825,0.751155421,0.883421759
UBE2V2,989.6093364,0.016444532,0.070426674,0.751167614,0.883421759
DNASE1,386.1454265,-0.015354493,0.085490953,0.751320471,0.883520256
FBXO46,408.3826521,-0.015937003,0.077015034,0.751437704,0.883522967
NAPEPLD,276.7728257,-0.014533145,0.084333921,0.751460989,0.883522967
OR7C1,99.58799562,-0.013138878,0.092844967,0.751538969,0.8835334
PTMAP11,6.696164028,-0.004159357,0.102325516,0.751663403,NA
HSPA4,4895.703632,0.015587033,0.064479416,0.751769605,0.88372328
ZNF823,119.1116789,0.013672117,0.091733947,0.751870259,0.883760344
WDR86,14.19368138,-0.006570003,0.101044886,0.751880145,NA
HECW2,25.42251702,0.006541646,0.101167846,0.751945535,NA
ZACN,15.22830856,0.006752839,0.101144672,0.752068507,NA
LRRC9,11.36166852,0.006056567,0.101472465,0.752187935,NA
SUSD5,14.39680499,-0.00649955,0.101145001,0.752199978,NA
NGRN,1587.860189,0.014638684,0.054613789,0.752203483,0.883926531
TLL2,10.95423576,0.005954959,0.101522161,0.752286004,NA
ZNF211,243.5698139,-0.01616341,0.078761259,0.75229644,0.883926531
IDH3B,2295.16235,-0.012783561,0.043709118,0.752333096,0.883926531
SLC12A2,506.2969276,0.016243782,0.07925414,0.752333483,0.883926531
LATS1,1012.369019,-0.015725429,0.063297204,0.752371848,0.883926531
HNRNPA1L3,35.13714654,-0.010130977,0.097893561,0.752428202,0.883926531
LMBRD2,941.1472452,0.016350574,0.076701983,0.752598054,0.883926531
KMT5A,1358.633659,-0.015524115,0.061492091,0.75270822,0.883926531
ZNF737,182.771225,0.012477294,0.094368098,0.752712282,0.883926531
BANP,553.0917618,-0.016412432,0.071554185,0.752824485,0.883926531
GNB1,13773.43865,-0.014304369,0.052661858,0.752952473,0.883926531
PPP3CA,2097.009832,0.01383637,0.050146192,0.752972636,0.883926531
PPIF,3583.558073,-0.015130823,0.058297362,0.752987479,0.883926531
PCM1,3807.630906,-0.013456942,0.052219287,0.753043749,0.883926531
MAP3K5,1173.402601,0.015833599,0.064352659,0.753124338,0.883926531
PARD3B,35.88958078,-0.007261765,0.100563567,0.753153619,0.883926531
SHCBP1,1002.011929,0.016296676,0.070381703,0.753208475,0.883926531
ACBD7,33.47453247,0.009391953,0.098838678,0.75326067,0.883926531
TMEM101,749.1675721,-0.01505468,0.058047823,0.753443494,0.883926531
H4C12,55.10412804,-0.012166913,0.094715755,0.753504325,0.883926531
NAXD,1384.808997,0.013625742,0.049018357,0.753544299,0.883926531
MBNL1,4557.189219,-0.013370683,0.042809092,0.753552336,0.883926531
ZNF567,130.1564426,0.011349494,0.096324717,0.753601814,0.883926531
CIT,1115.918638,-0.015898097,0.072702327,0.753836209,0.88412035
HERPUD1,2435.322819,0.015339194,0.059563015,0.75394058,0.884161651
OR5AU1,21.79280833,-0.008768759,0.099268868,0.75399765,NA
GRIK2,21.57200226,-0.007957469,0.100019363,0.754294283,NA
PRPF38B,2686.164798,-0.014271639,0.053267529,0.7544521,0.884680373
TMEM11,845.7538642,-0.014838888,0.058518431,0.754728925,0.884812611
C3orf18,106.1165448,-0.013720541,0.090072252,0.75473987,0.884812611
PMS1,293.2522082,0.014838002,0.085865324,0.754790388,0.884812611
SMAD1,290.7315203,-0.015870798,0.079928741,0.754841701,0.884812611
RBAK,564.2332592,0.01617545,0.071568958,0.755234348,0.885191707
ACADL,17.79373656,-0.007581138,0.100323845,0.755434584,NA
GNAL,42.4406044,-0.010742714,0.096886709,0.755454517,0.885368594
CXCL12,20.36235131,-0.00760018,0.100301679,0.755524202,NA
SLC25A14,130.7493455,0.015051656,0.086432211,0.755632057,0.885489007
ZNF37BP,28.30376962,-0.009108862,0.098874283,0.755738035,NA
ZNF165,35.16317799,-0.009801755,0.098062371,0.755764717,0.885489007
POLR1HASP,9.744598252,0.005697845,0.101626127,0.755797899,NA
PKIG,133.8117763,0.014882651,0.087083589,0.755892099,0.885489007
LDLRAD4,2138.448992,0.014725075,0.056862684,0.755944634,0.885489007
TAS1R3,13.57916897,-0.006431544,0.101124765,0.755980949,NA
SASS6,191.4154431,0.018768474,0.080112695,0.755992531,0.885489007
NPM1P7,38.25352741,0.010151335,0.09779676,0.756021329,0.885489007
TRIM24,751.2282434,-0.015230124,0.061866498,0.75604208,0.885489007
BFSP1,25.95941262,-0.009013138,0.098833883,0.756133234,NA
HERC2P3,49.80093814,0.009620431,0.098447037,0.756365176,0.885711531
LRRC23,179.8317588,0.016117376,0.083513767,0.756398655,0.885711531
IFT122P2,9.736552204,-0.005569054,0.101630306,0.756504154,NA
,181044.1674,-0.015843935,0.074095782,0.75653853,0.885711531
DENND10,1037.901614,0.014908048,0.058093844,0.756590302,0.885711531
GRK4,136.8154149,-0.013293445,0.091718473,0.756639754,0.885711531
BRD8,1360.400475,0.015731525,0.062845931,0.756647739,0.885711531
CDHR3,14.2672011,-0.005308867,0.101728823,0.756747836,NA
RBM43,428.9771202,0.01763925,0.07099118,0.756838133,0.885853294
BMP8A,73.53227717,-0.013576633,0.091067681,0.75691734,0.885864902
BANF1P2,6.443608559,-0.004378945,0.1021942,0.757043761,NA
TNNI3,22.71663921,-0.008434227,0.09950406,0.757143352,NA
C18orf21,292.4628066,0.016096899,0.074099328,0.757183833,0.885970125
RAB43,2050.815336,0.016059559,0.075374578,0.757209679,0.885970125
CLXN,15.29630002,0.007101797,0.100802603,0.757233036,NA
ATPAF1,806.3211573,0.015341395,0.060291814,0.757245373,0.885970125
ALG10,127.1020859,-0.013265868,0.09169964,0.757284437,0.885970125
ADAM22,28.099059,0.007216139,0.100535806,0.757285889,NA
NR4A2,76.05309762,0.013097869,0.092448066,0.757368171,0.885975375
ODC1,1347.751066,0.014145424,0.066224696,0.757452371,0.885975375
C1orf53,44.31584168,0.010778732,0.096868343,0.757496819,0.885975375
SPRY3,96.82631324,-0.012723331,0.09299186,0.757731037,0.88616825
KCNAB3,17.90483177,0.007687473,0.100334142,0.757792855,NA
GLI4,334.1991994,0.015946858,0.077384025,0.757814991,0.886185371
DIXDC1,326.1587142,0.015154448,0.083376506,0.757973228,0.886264637
TMEM262,30.9612884,0.008554664,0.099463928,0.758021416,0.886264637
GPR39,28.03914364,-0.008105457,0.099694087,0.758265958,NA
SESTD1,715.4544052,0.015891474,0.069930528,0.758290713,0.886498424
ASGR2,66.64828055,-0.011732929,0.094992189,0.758470582,0.886627631
LAX1,17.5298776,-0.007230826,0.100497823,0.758542433,NA
TCF3,1769.342251,-0.014671617,0.058375966,0.758814181,0.88694819
CHURC1-FNTB,17.73459542,0.001805724,0.102929543,0.758983765,NA
KLHL7,544.7272035,0.015860687,0.066354796,0.759046658,0.887138818
ATP8A2,22.52743081,0.008094689,0.099829842,0.759155188,NA
NSMAF,4071.314083,-0.013096269,0.048495112,0.75919804,0.887234639
ABLIM2,8.283706542,-0.004472985,0.102078911,0.75933324,NA
CEBPG,3024.332644,-0.015648982,0.044292826,0.75944072,0.887414186
TMEM135,353.8250562,0.013689494,0.090920156,0.759490499,0.887414186
SKP2,487.0761508,-0.015811637,0.075226966,0.759617778,0.887481795
RASSF3,2249.216174,-0.015485946,0.065806732,0.759934076,0.887744468
FBXO36,32.37312793,0.009686108,0.098195139,0.759981478,0.887744468
P2RY2,51.98594489,-0.011024525,0.096088597,0.760064234,0.887760025
BEND6,23.05401864,-0.008556723,0.09911059,0.760149121,NA
PLEKHA3,475.9196841,0.013782686,0.090198235,0.760195951,0.887827815
PPP1R11,1205.68219,-0.014848958,0.062170373,0.760261159,0.887827815
IQCG,402.8331338,-0.015753147,0.072694113,0.760352699,0.887853617
IL17RD,13.98461404,-0.003856247,0.102279437,0.760419813,NA
PGA5,71.3172682,-0.009834087,0.097374484,0.760523587,0.88797206
ADAM1B,6.75866766,0.005109736,0.101861747,0.760573499,NA
FUT1,28.82243664,0.007916258,0.09974174,0.760599923,NA
HMGB1P5,279.8596247,0.014702766,0.086432786,0.760768401,0.888176788
STMND1,22.00487881,-0.007225046,0.100440147,0.760872481,NA
PROX1,37.2530181,0.006931501,0.100599814,0.760967236,0.888282829
OVCA2,991.7304146,-0.014271987,0.056020487,0.76107977,0.888282829
C6orf47,993.8008398,-0.014189139,0.055377401,0.761149266,0.888282829
NPFF,55.26560009,0.01219846,0.09405371,0.761169394,0.888282829
USF1,2367.777551,0.012371575,0.044932844,0.761206623,0.888282829
ZBTB44,1059.198713,0.014368087,0.073302445,0.761308207,0.888320291
TAC4,15.4915559,0.006472563,0.101078996,0.761309605,NA
ADGRG2,12.92768424,0.00703296,0.100619547,0.761420745,NA
SNPH,80.17164934,0.012028662,0.09437917,0.761557718,0.888469891
ZNF616,377.689115,0.013973484,0.088948352,0.761575404,0.888469891
RNF170,751.8874831,-0.015407953,0.066096106,0.761748419,0.888478002
MAT2B,2609.920349,0.01355049,0.052283657,0.761751376,0.888478002
CCDC170,1002.437121,0.015779422,0.07224758,0.761790838,0.888478002
LRFN1,20.91700413,-0.008086006,0.099658101,0.761953608,NA
DLG2,48.77084629,-0.011672126,0.094860885,0.761991319,0.888569824
TAPBPL,820.2991352,0.016095886,0.058533974,0.762077359,0.888569824
ALPL,80.78167001,0.012894811,0.092375769,0.762118025,0.888569824
TXK,31.54893678,-0.009516552,0.098243179,0.762214127,0.888569824
PNISR,2913.823827,0.012425938,0.044952096,0.762217072,0.888569824
BTBD8,114.401632,-0.012536439,0.092708474,0.762387923,0.888630656
FBXO28,1347.837626,0.015695975,0.075969592,0.762410955,0.888630656
FOXP2,32.94170156,0.009317922,0.098400841,0.7624952,0.888630656
ARG2,534.8541512,0.015481714,0.077191106,0.762575522,0.888630656
NMRK1,352.1023993,-0.011941109,0.075503865,0.762637452,0.888630656
VTN,31.57409569,-0.007955257,0.099640252,0.762686287,0.888630656
GDF6,15.20441555,0.007249207,0.10046833,0.762784322,NA
PIERCE2,16.33271086,-0.007227486,0.100394301,0.76282708,NA
FPGT-TNNI3K,59.06040513,0.00403462,0.102322854,0.762837657,0.888726029
TEKTIP1,534.4653512,-0.015691578,0.071461525,0.762910593,0.888730017
NPIPB14P,137.421874,-0.014960037,0.083638645,0.76311417,0.88882178
FNIP1,1575.430072,-0.01336562,0.051325119,0.763128407,0.88882178
RBKS,62.95298248,0.011550592,0.095134173,0.763222248,0.888850104
CHMP4B,6630.550565,0.011656505,0.043494664,0.763342934,0.888909683
COX14,637.6356371,-0.015713726,0.061979399,0.763493041,0.888972508
CLSTN3,287.083299,-0.013387739,0.090411266,0.763535949,0.888972508
CASP16P,7.457363264,-0.004706339,0.101960484,0.763613579,NA
WDR93,11.22900733,-0.005778283,0.101377091,0.763742175,NA
BOD1,482.4250657,0.016367771,0.071327103,0.763759977,0.889150237
ZNF16,148.1240229,0.014252177,0.087424179,0.763912788,0.889150237
NBPF3,176.8508542,0.013762091,0.089403555,0.763963474,0.889150237
PPP1R8,1124.454476,0.015162292,0.064992283,0.763966786,0.889150237
ZC3H12C,841.0160103,-0.015269654,0.066799684,0.764139651,0.889173745
GOLGA3,3520.627612,-0.014322061,0.055254888,0.764157231,0.889173745
FSCN1,5310.878245,-0.01503428,0.063722242,0.764195629,0.889173745
ZNF501,27.46908292,-0.008445385,0.099173824,0.764398706,NA
ZBTB41,345.8600658,-0.015479633,0.07380508,0.764490912,0.889436374
NOMO1,5781.127336,-0.013104588,0.050023925,0.764727626,0.889495907
PI4KAP1,241.9646899,0.015479233,0.078318467,0.764746368,0.889495907
AEBP2,905.0939318,0.014785543,0.061176667,0.764817194,0.889495907
UBE2E2,1096.743535,0.014438047,0.059862195,0.764820376,0.889495907
TNXB,19.76276059,0.002982469,0.102648977,0.764920525,NA
OVGP1,26.20998597,-0.008120827,0.099505747,0.764940801,NA
MTOR,2289.142318,-0.01436244,0.058433491,0.764970492,0.889565799
PER1,801.4997107,-0.010400772,0.096362438,0.765019629,0.889565799
RBM5,3406.553901,-0.012162771,0.046131816,0.765152041,0.889574774
SBF2,1408.078822,-0.015399192,0.075064086,0.765174709,0.889574774
ERMN,43.07913047,-0.00761399,0.099918963,0.765236086,0.889574774
RAD21,5209.437747,0.01410197,0.052473821,0.765480633,0.889749586
LRRN3,8.999355287,-0.005075517,0.101767959,0.7654863,NA
RNF13,5773.993802,0.01263978,0.049062239,0.765525651,0.889749586
C12orf75,25.32566976,0.008232348,0.099489273,0.765945972,NA
DOCK6,234.8321083,-0.008783738,0.098716549,0.76601069,0.890232403
NICN1,528.580189,0.015391665,0.072625404,0.766088585,0.890242007
EXTL1,24.30069782,-0.007210516,0.100257248,0.766435056,NA
BACH1,3634.107058,0.012555474,0.047959081,0.76655382,0.89070168
TAS2R4,18.10262717,-0.007345791,0.10020924,0.766589987,NA
CCDC180,46.86074771,-0.008861198,0.098580353,0.766960821,0.890987735
PMS2P6,70.98431989,0.012057354,0.093390544,0.767031551,0.890987735
DMC1,38.07077153,-0.007569349,0.09994886,0.767077825,0.890987735
TMEM26,301.0649551,0.014763442,0.083835703,0.767078764,0.890987735
GOLGA6L9,59.61700152,-0.008978133,0.098513772,0.767164432,0.891006292
OGN,28.02573712,-0.00629766,0.100943119,0.767301967,NA
HILPDA,200.931011,-0.014948511,0.080827252,0.767415325,0.891216725
PRB3,8.334812659,0.004156023,0.1022014,0.767526779,NA
INTS11,1923.323384,-0.013004052,0.051618939,0.767548869,0.891290852
PRTG,7.457590367,-0.003887108,0.102249043,0.767632507,NA
RGS18,114.4174014,0.011760002,0.094220266,0.76764896,0.891326125
ZDHHC4P1,13.41487905,-0.006285825,0.100979775,0.76766117,NA
BTNL9,10.35408309,-0.005280071,0.101596849,0.76777094,NA
OST4,1832.42982,-0.013450893,0.053572489,0.767951602,0.891596552
GID8,1736.08131,0.013605341,0.053862261,0.768215922,0.891750739
CHTF8,2242.580481,0.013593032,0.051293983,0.768223906,0.891750739
SMNDC1,679.6533024,-0.015034229,0.07012056,0.768385792,0.891751119
GPR160,116.9213792,0.012086069,0.09307313,0.76840582,0.891751119
TRABD2A,57.81357544,0.01036976,0.096553552,0.768433482,0.891751119
FGF7,24.28203614,-0.005278529,0.101511631,0.76856746,NA
ABHD3,1234.934872,-0.014588729,0.063241801,0.768740198,0.892026088
NEURL1B,14.22801853,-0.006429511,0.100833247,0.768866896,NA
WDR27,375.8294209,-0.014629496,0.082588722,0.769120706,0.892386625
FRG1JP,14.94950671,0.007071874,0.100407486,0.769175017,NA
STPG1,139.1056579,0.013510256,0.089077077,0.769414363,0.892646337
SYNJ2BP-COX16,38.04404526,-0.005735633,0.101284963,0.7696276,0.892787344
ELOF1,1201.377921,-0.013069337,0.051749258,0.769740958,0.892787344
MEIOC,41.83646312,-0.008647629,0.098658344,0.769745396,0.892787344
CACHD1,16.59178875,0.007237637,0.100239932,0.769999168,NA
CKMT1A,9.539481786,0.005030436,0.101774403,0.770001403,NA
BRAF,693.1540594,-0.013884745,0.087090377,0.770049037,0.892944755
CDYL2,131.6703338,0.011389603,0.094590202,0.770063071,0.892944755
ZNF670,42.12851987,-0.009691336,0.097421429,0.770090643,0.892944755
NUTM2B,37.19288644,-0.009144879,0.098085845,0.77016249,0.892947078
OR5A1,29.42138336,0.009138523,0.098210393,0.770279189,NA
MYO5C,15.20544783,-0.004361686,0.101977993,0.770302983,NA
SPATA1,45.18076245,-0.0089049,0.098373558,0.770421134,0.893134245
LRTOMT,14.04466661,0.005460867,0.101466289,0.770451104,NA
AHCYL1,5826.002925,-0.012555755,0.048744829,0.770463636,0.893134245
POLN,36.30674018,-0.007073325,0.100160748,0.770667805,0.893289926
TUBB1,12.92292317,-0.006339881,0.100857797,0.770738091,NA
SH3GL1P1,27.12326189,-0.00879764,0.098496276,0.770837201,NA
ZDHHC14,180.4630693,-0.013234997,0.088452535,0.771092177,0.893700796
PPWD1,722.6273638,0.014588742,0.067919024,0.771220866,0.893768924
ARFGAP3,1188.636111,0.014835435,0.066692832,0.771646754,0.894181433
IL9RP3,12.14213596,-0.005629187,0.10135165,0.771700153,NA
SCML2,22.40862757,-0.007423381,0.099941573,0.771729372,NA
CEP89,507.6596601,0.014829198,0.079941743,0.772154724,0.894607598
KLK1,30.37584627,0.008635505,0.098773026,0.77219905,0.894607598
MTHFSD,443.6341598,0.014974852,0.072068837,0.772224439,0.894607598
VARS1,3809.809379,0.014207705,0.060598679,0.772470505,0.89467547
DTD1,377.7744394,0.014996382,0.072629576,0.772549441,0.89467547
CLEC2B,396.9399123,-0.014909166,0.073974542,0.772558711,0.89467547
DDX49,1075.336695,0.014077678,0.060082206,0.77256294,0.89467547
POLDIP2,2718.877557,0.010939933,0.045664412,0.772684139,0.89473478
TRIM49D1,25.62555173,-0.007706672,0.099613329,0.772708738,NA
GALNT5,13.54361201,-0.006309733,0.100825543,0.772867742,NA
DAPK2,42.19430332,0.008827243,0.098464377,0.772872063,0.894871339
OR10H1,25.97750843,-0.008434674,0.098754186,0.773230995,NA
CEP350,2579.00889,-0.013457265,0.056449649,0.773304136,0.895214982
RANBP17,35.12174804,0.007403201,0.099961445,0.773361272,0.895214982
CIMAP1B,1419.484808,0.014327235,0.062107959,0.773378919,0.895214982
SPRED3,24.49344259,-0.006580935,0.10057872,0.77339732,NA
WBP2NL,8.63781116,0.004341609,0.102074273,0.773511491,NA
POGZ,1909.536105,0.014284944,0.058694187,0.773557472,0.895340601
MECOM,9.532571321,-0.004700666,0.101852157,0.773740571,NA
PMPCA,2204.605756,-0.014554511,0.065883143,0.773769804,0.895496912
S1PR3,20.64752571,-0.006363033,0.100729084,0.773799967,NA
PLAT,30.69864071,-0.00853979,0.098577606,0.773832607,0.895496912
NPM1P40,9.944669765,-0.005067539,0.101656467,0.774012885,NA
NRK,7.399319808,-0.004576221,0.10191539,0.774036013,NA
ANO5,44.08518479,-0.008741522,0.098384304,0.774050037,0.895667456
RAB4B,921.8924142,-0.013437938,0.055961314,0.774270274,0.895841218
ZBTB16,25.26183071,-0.00878977,0.098324891,0.774286059,NA
PTPRN2,20.86493504,-0.006298276,0.100806876,0.774581539,NA
ILKAP,644.7338307,-0.01428469,0.06274694,0.774711017,0.896192069
C3orf62,585.804752,0.014693607,0.079155326,0.774713707,0.896192069
TOR1AIP2,1984.448242,0.014026625,0.060169403,0.774796137,0.896206335
G6PC1,11.78802657,-0.005925277,0.101077081,0.774876216,NA
CRMP1,50.30529139,0.010557663,0.095787868,0.775005072,0.896366912
ACTG1P3,6.927421831,-0.004480143,0.101953734,0.775167868,NA
WDFY3,2811.83336,-0.014945904,0.069867756,0.775206002,0.896492285
PDCD6P1,41.43859608,-0.009978966,0.096409473,0.775253711,0.896492285
OPRD1,62.46140344,0.011708914,0.09329117,0.775399281,0.896579525
IQCK,130.0609529,0.012511472,0.090951979,0.775505054,0.896620737
SSXP10,22.97265397,0.00794396,0.099378187,0.775841254,NA
ADH5,2380.44897,0.014118225,0.061374376,0.775902319,0.896998928
SLFN12L,256.04956,-0.012485716,0.090773848,0.776060271,0.897100413
FBP2,33.09885347,-0.008582971,0.098565684,0.776296832,0.897250744
CFAP68,171.8743789,-0.011953839,0.092626661,0.776330679,0.897250744
TTF1,538.2063719,-0.014620153,0.072762056,0.776713386,0.897553594
PJA2,4335.879132,-0.01255167,0.051074984,0.776800012,0.897553594
IMPDH1P10,5.335502436,-0.000799706,0.103027158,0.776802978,NA
HYLS1,112.5447794,-0.013679402,0.087039148,0.776803325,0.897553594
C1QTNF9B,13.8507486,0.006190425,0.100908682,0.776922502,NA
XIAPP3,14.27265563,-0.005291448,0.101498287,0.776943366,NA
MAPKAPK2,3838.642185,-0.011404103,0.045047522,0.777133522,0.897853974
CD69,11.68365054,0.00515597,0.101599093,0.777518014,NA
GCDH,587.3760677,-0.014653506,0.073891713,0.77767227,0.898395227
KCNT1,21.29257038,0.005997422,0.101221064,0.777724447,NA
ALDH1L1,8.408672427,0.004795206,0.101740358,0.777787377,NA
PPP4R1L,129.2785568,-0.013535624,0.085599813,0.777821755,0.898433097
CLPB,1376.295043,0.014569633,0.069413848,0.777881568,0.898433097
MDM4,984.5482759,0.014655821,0.072352913,0.777945841,0.898433097
CMC1,575.9258955,-0.01445854,0.066063949,0.778088491,0.898433097
SPIDR,780.3685929,-0.013477311,0.067392432,0.778124719,0.898433097
EIF1,11178.80701,-0.011833422,0.053112701,0.778126686,0.898433097
CCDC6,1584.866086,0.012630182,0.051707999,0.778371957,0.898616791
CPT2,1503.752991,-0.013893268,0.060333276,0.778468687,0.898616791
FLOT1,5267.48864,0.016010838,0.058779119,0.778496643,0.898616791
TESPA1,22.45233027,-0.007623415,0.099385611,0.778507231,NA
LECT2,8.764099703,-0.005103671,0.101563714,0.778553469,NA
PCDHGA1,11.51453844,-0.004909985,0.101650849,0.778644864,NA
MPHOSPH8,1350.753606,0.014241349,0.065202091,0.778811643,0.898789331
SLC9A6,1596.40711,0.015044812,0.06880318,0.778842838,0.898789331
MCAT,392.1727681,-0.014364638,0.078147841,0.778934736,0.898789331
TTC23,630.2535185,0.014506133,0.075437253,0.778955995,0.898789331
NPIPP1,106.9237989,0.012854965,0.089350063,0.77899762,0.898789331
RBM4B,386.6058935,0.014536091,0.070785518,0.779457658,0.899124895
TMCO6,434.3469019,-0.01400928,0.081875773,0.779469439,0.899124895
ZNF285,46.4059901,0.007539613,0.099544424,0.77949944,0.899124895
KDM5A,2380.90895,0.014466735,0.070533435,0.779597105,0.899134239
PLCE1,70.1007758,-0.00979408,0.096432711,0.779648195,0.899134239
ELN,13.59361862,0.006510564,0.10063608,0.779831755,NA
ZNF441,73.08565025,0.010447716,0.095448987,0.779886791,0.899250859
CAMTA1,528.7831303,-0.014498754,0.072695378,0.779915781,0.899250859
BBOF1,49.95518398,0.010154624,0.096008178,0.779960327,0.899250859
SEMA5B,6.83220073,0.004588191,0.101882691,0.779963568,NA
PRKCZ,67.49672653,-0.01113865,0.093861353,0.780216291,0.89934008
GPR132,408.6750963,-0.014344898,0.078223938,0.780229171,0.89934008
SAMD4A,1480.371871,-0.014032003,0.078154701,0.780248742,0.89934008
TMEM256,326.7354919,-0.014195112,0.078328007,0.780451627,0.899492838
PLCB1,58.70194053,0.009134389,0.097520953,0.780800909,0.89981428
GUSBP1,11.90068741,0.00429862,0.10203161,0.780820892,NA
LIPT1,76.66752308,0.010040053,0.096024472,0.780927195,0.899878701
PTPN11P2,12.00144361,0.00566044,0.101233129,0.780975778,NA
ESR2,28.85515034,-0.008715107,0.098042746,0.781066868,NA
MYH11,78.15478431,0.011085777,0.093993952,0.781183549,0.900028971
BRD1,1184.466933,0.014162861,0.079855124,0.781198396,0.900028971
MPPED1,18.59185152,0.00746501,0.099649218,0.781216566,NA
H2AC13,8.951487031,-0.005258781,0.101409205,0.781283843,NA
MRPS18B,1421.299374,-0.01369614,0.052066768,0.781493305,0.90028761
SLC5A4,34.13804418,0.008956569,0.097824242,0.781585551,0.900312756
TIGAR,1591.539427,-0.014399359,0.075262989,0.781758865,0.900431269
RANGAP1,4078.080777,-0.009423363,0.039207203,0.781847447,0.900452176
HSP90AB3P,14.30758459,0.005968085,0.100982647,0.781979641,NA
FCF1P7,12.01064723,0.005853508,0.10106976,0.782085763,NA
CWF19L1,330.985713,-0.013745517,0.082455524,0.782218196,0.900771554
RRAGB,305.4119685,-0.01309236,0.087256797,0.782265668,0.900771554
PARL,1491.751618,0.011545582,0.048147458,0.782386862,0.900829974
CHD1L,1891.146762,0.011996342,0.048706113,0.78256535,0.900857018
IREB2,2790.134854,0.013627252,0.061089626,0.782678245,0.900857018
ZNF57,50.55212148,-0.008145005,0.098609807,0.782709733,0.900857018
MARK2,2492.273513,0.011843955,0.049407825,0.782802508,0.900857018
AURKAIP1,1902.560994,0.012163274,0.049635399,0.782818728,0.900857018
RPL13AP26,34.70587482,-0.009889119,0.096958537,0.782833122,0.900857018
TLE6,22.52401627,-0.007027821,0.099905232,0.782876929,NA
PLEKHO2,10574.47357,0.010345153,0.043934961,0.782948366,0.900908547
ZGRF1,224.0655918,0.012893361,0.087747125,0.783363192,0.90125004
H4C15,132.2139837,-0.011141215,0.093290009,0.783418123,0.90125004
EAPP,533.0472914,0.014220558,0.066745612,0.783456625,0.90125004
TVP23C-CDRT4,159.3868675,-0.011916281,0.090951312,0.783558391,0.901286013
UBE2H,2982.883985,-0.011345644,0.046942021,0.783698659,0.901324505
USP35,309.4447293,0.014109036,0.080120398,0.783732852,0.901324505
CLSTN2,37.64551519,0.009449352,0.096926245,0.783846613,0.901374253
METAP1D,90.7889359,0.009881556,0.096132116,0.783975835,0.901436954
SETX,4266.298615,-0.01184708,0.049580685,0.784042153,0.901436954
TBC1D25,537.5305191,-0.0140963,0.071957814,0.784325351,0.901681468
TBC1D32,64.36603057,0.00836845,0.098500113,0.784689256,0.901959812
USP37,503.8962054,-0.014097662,0.075565058,0.784708564,0.901959812
ISG20L2,357.6824423,-0.012441831,0.087585137,0.784850069,0.902041363
AQP6,9.759425822,0.00497656,0.101598074,0.785215104,NA
TBC1D8,874.2599319,-0.012935171,0.064503626,0.785322671,0.902503402
SLC9B1,15.35418804,-0.006087083,0.100690817,0.785398484,NA
ZNF707,439.2369886,0.01407773,0.07044117,0.785503494,0.90258661
SZRD1,5292.224433,0.010485034,0.04177869,0.785566245,0.90258661
CEP162,202.8321661,-0.013227936,0.085079212,0.785606867,0.90258661
ZNF717,91.72289255,0.011518616,0.092312911,0.785695479,0.902595006
CCDC61,255.3476313,-0.01365843,0.080529134,0.785835555,0.902595006
ITGAD,34.98849981,-0.008086488,0.09856301,0.785984412,0.902595006
CTSW,92.40950243,0.011781716,0.091488332,0.786002847,0.902595006
VIPR1,9.632262486,-0.005029305,0.101472482,0.78609445,NA
ZBTB8B,49.44796129,0.009596234,0.096521737,0.786102686,0.902595006
CFAP184,73.2860948,-0.010803578,0.093359685,0.786128992,0.902595006
ZNF530,103.3405869,-0.009184073,0.096872889,0.786145993,0.902595006
UMAD1,403.6957456,0.014166066,0.079141911,0.786195916,0.902595006
ZNF773,173.4632429,0.011753208,0.091445402,0.786259057,0.902595006
SEPTIN7P14,7.89618549,-0.004906822,0.101548063,0.786386979,NA
GCSH,293.6444044,0.013012536,0.085752823,0.786397575,0.902595006
LRRC37B,388.5819938,0.013995593,0.072553436,0.786440412,0.902595006
DAB2IP,53.74270969,0.007304467,0.099498239,0.78646135,0.902595006
STAG3L3,386.7717255,-0.014283939,0.069696049,0.786708511,0.902797623
TMEM138,1329.314662,0.013179598,0.059436335,0.78684741,0.902875977
STAM,751.4089892,-0.013605187,0.064560313,0.787197471,0.903010317
CSNK1G1,937.1320561,0.013810702,0.067389431,0.787219112,0.903010317
LRRC8B,820.164918,-0.013153949,0.062774531,0.787252057,0.903010317
SLC9A3,277.5408875,0.012669694,0.088234681,0.78725576,0.903010317
CFL2,313.9471671,0.013918087,0.079096247,0.787392666,0.903010317
MAP2K6,155.2158808,-0.013044843,0.085345787,0.787454723,0.903010317
RASA4EP,41.6556422,-0.009386409,0.096505551,0.787458899,0.903010317
ZNF302,452.9177507,0.013754608,0.077648426,0.787666333,0.903054388
CREBZF,1335.819572,0.01514201,0.069890617,0.787738191,0.903054388
CLIC2,9.693002417,0.004316743,0.101897191,0.787810817,NA
BAP1,3439.795086,-0.011424124,0.048427598,0.787856139,0.903054388
FCRL3,13.53874993,0.006056609,0.100726853,0.787935662,NA
PPT1,12864.70953,0.009534507,0.047492986,0.787949042,0.903054388
STT3A,3998.172098,0.012570197,0.056166493,0.787975732,0.903054388
ISOC1,366.6818188,0.013950271,0.076580876,0.787980965,0.903054388
PPIL6,38.2252659,-0.007405396,0.099262569,0.787991767,0.903054388
TF,657.9106729,0.013444947,0.062385596,0.788068074,0.903060888
H2BC18,17.63085419,0.006210337,0.100618555,0.788235966,NA
AP2M1,16911.85986,0.008914493,0.034752387,0.788258877,0.903070544
GPER1,88.37644086,-0.010730074,0.093512599,0.788282766,0.903070544
F8,111.5402185,0.011354673,0.092287293,0.788341284,0.903070544
HIF3A,31.12303912,0.008265699,0.098328269,0.788359041,0.903070544
OR1M1,12.27468032,0.005660424,0.10103537,0.788873546,NA
GUSBP15,8.660499433,0.001330581,0.102967434,0.788906888,NA
CORO7-PAM16,28.46631315,-0.002207525,0.102803696,0.788933831,NA
HS3ST3B1,456.0125306,-0.013798642,0.07295166,0.789116906,0.903495579
SNX14,1293.982154,0.013547916,0.064813853,0.789186137,0.903495579
PIK3CD,2722.017811,-0.015231445,0.068751801,0.789188218,0.903495579
TSPAN14,3146.105655,0.012002792,0.052471241,0.78919412,0.903495579
FAM50A,3292.181216,0.009821197,0.041112354,0.789225515,0.903495579
NUP93,1361.468825,0.013262366,0.060980735,0.789268554,0.903495579
PPP3CC,341.7868203,0.013506077,0.078505227,0.789278269,0.903495579
MTF1,879.7470899,0.013812046,0.076504383,0.789295434,0.903495579
OLA1P3,21.79638402,0.006853002,0.100000451,0.789375044,NA
PXMP2,215.1626834,0.013909065,0.076693408,0.789482075,0.90362832
SLC25A21,13.11668068,-0.005843509,0.100810063,0.789555534,NA
UBE2A,2494.667637,-0.010601265,0.044032226,0.78970861,0.903723066
RBMX,3256.92718,0.009922694,0.040427396,0.789803957,0.903723066
PTEN,1948.906534,0.011635509,0.050255018,0.789848507,0.903723066
CCDC169,75.03780829,0.009851759,0.095236141,0.789863461,0.903723066
EPB41,1172.799729,0.012477041,0.055402711,0.789918284,0.903723066
ZBTB7B,2869.021914,0.012841857,0.056026413,0.790026023,0.903765453
ENTPD7,434.598679,-0.013716547,0.075181356,0.790116485,0.90378807
YAE1,150.3390477,0.013264453,0.083604054,0.790209158,0.903813212
ATL1,197.0133556,-0.012356052,0.087766145,0.790456025,0.904014696
LRRC61,81.67465623,0.011119213,0.092545417,0.790554979,0.904046995
C3orf33,72.27132866,-0.009380365,0.096200318,0.790792723,0.904229275
ICAM2,149.1027183,-0.012736867,0.085706008,0.790855828,0.904229275
PMS2,687.1748922,-0.013329419,0.063098076,0.790932961,0.904236601
MYO3B,11.28824443,-0.004850456,0.101523352,0.790958146,NA
PIGCP1,100.6880969,-0.01318385,0.090445218,0.791051502,0.904261334
NSMCE3,537.9953609,-0.013792589,0.062475948,0.791096052,0.904261334
SMARCAL1,922.3803195,-0.01283388,0.059585498,0.791187542,0.904285064
ZNF81,273.8684016,-0.011046085,0.092301858,0.791399595,0.904446574
CEP76,265.6937561,-0.013593495,0.076355957,0.791524348,0.904508294
P3H4,63.08549529,-0.009394484,0.095970754,0.791729441,0.904635761
MACO1,870.8597269,-0.01285791,0.062182622,0.791777408,0.904635761
TMEM225B,9.154664235,-0.004190738,0.101871696,0.791821686,NA
SNRPGP14,9.576584632,-0.004524056,0.101692066,0.791932865,NA
ALOX15,8.806002288,-0.003418732,0.102260171,0.791995693,NA
OR2M4,19.46703913,-0.006537237,0.100048988,0.792068158,NA
FAM81A,20.10064279,0.005904746,0.10074387,0.792406189,NA
OR6C75,20.63179555,0.006051879,0.100632362,0.792564562,NA
SIM2,25.97004922,0.0073333,0.099392487,0.79276894,NA
TTC41P,8.460082514,-0.00426192,0.101852551,0.792774937,NA
ZNF417,224.4614885,-0.013246905,0.079724077,0.792914991,0.905854541
TACC2,429.0129627,-0.013535439,0.072922986,0.793022225,0.905890286
LHFPL6,18.01483036,-0.006510956,0.100060654,0.793037557,NA
HEBP2,417.3552369,-0.013450557,0.077229546,0.793087992,0.905890286
WNK3,18.32049821,-0.00637522,0.100196912,0.793279817,NA
MAPK8IP1,81.51821061,-0.009977473,0.094706107,0.793305627,0.905990979
STIP1,7314.381045,-0.009705221,0.040551409,0.793317874,0.905990979
C1QTNF4,7.256044503,0.003823232,0.102108729,0.793334784,NA
TTI2,295.909053,-0.013368841,0.078353634,0.793451063,0.906062151
C8G,21.03912644,0.006727115,0.099949976,0.793518949,NA
SLA2,14.58141149,0.005547844,0.100994486,0.793567515,NA
CAPN15,2500.135286,0.01319549,0.064517922,0.793908066,0.906497183
CAMK2D,1664.850853,-0.01133311,0.058213786,0.794077137,0.906497183
RNF34,887.4133455,0.013559137,0.065488713,0.794102252,0.906497183
HMMR,832.2345951,-0.013350604,0.074857969,0.794172783,0.906497183
CENPBD1P,424.153649,-0.013238642,0.066936108,0.794186543,0.906497183
DNAI4,68.48234873,-0.007084602,0.09933221,0.794296926,0.906542242
ALG14,293.6578974,-0.011458234,0.090525209,0.794393166,0.906547962
ATP8B1,68.86751655,0.008147433,0.098153971,0.794485718,0.906547962
MLLT6,4150.943297,-0.013601147,0.069987649,0.794514659,0.906547962
HSFX2,6.279810137,0.00107694,0.102987889,0.794621653,NA
SLC41A1,385.1186018,0.013363026,0.067759051,0.794631617,0.906600502
RTEL1-TNFRSF6B,383.5985695,-0.012145841,0.085562157,0.794877854,0.906667057
FASN,3069.541961,0.009127113,0.096354138,0.794941505,0.906667057
PSIP1,1165.086471,-0.012314689,0.05334937,0.794982295,0.906667057
ALS2,737.9388803,-0.013400158,0.074382277,0.7950856,0.906667057
MERTK,7325.79067,-0.011222753,0.049132472,0.795095684,0.906667057
STRBP,284.8885073,0.012465794,0.079404924,0.795115451,0.906667057
ZNF845,230.434628,-0.014146906,0.07870889,0.795304665,0.906801939
OR4D9,36.90006991,0.008631909,0.097336577,0.795514285,0.906851474
SCNN1A,9.754292327,0.00489929,0.101430322,0.795716339,NA
CPNE8,492.4882833,-0.01285436,0.075559161,0.795742296,0.906851474
XNDC1N-ZNF705EP-ALG1L9P,25.02927595,-0.005829923,0.100581939,0.795744957,NA
BOD1L1,3045.799685,0.013069311,0.060654365,0.795814766,0.906851474
PABPN1,5359.562193,-0.009480443,0.039610763,0.795898913,0.906851474
PGRMC1,1556.137717,-0.012027854,0.056093053,0.795943146,0.906851474
R3HDM1,986.1919915,-0.012858121,0.063492362,0.79594462,0.906851474
MED13,2427.297439,-0.011482752,0.051425604,0.795954589,0.906851474
USP6,80.34599638,-0.011285226,0.09078911,0.79610573,0.906851474
GFER,722.3733349,-0.012671523,0.083822623,0.796109213,0.906851474
ZNF641,1659.547304,0.013043613,0.064453594,0.796113201,0.906851474
FAM234B,204.5819518,-0.01298273,0.081048674,0.796197032,0.906851474
MYO15A,32.82965712,0.006677353,0.09997565,0.796280491,0.906851474
PTK6,18.92041348,0.006248688,0.100323628,0.796317699,NA
CENPT,1111.909982,-0.01307967,0.065537335,0.796388786,0.906851474
TMEM18,640.1163913,0.013209537,0.076935416,0.796458834,0.906851474
CUL2,1723.067787,0.011523389,0.0502896,0.79648334,0.906851474
MED13L,1996.573414,-0.012934227,0.066353504,0.796518369,0.906851474
KCNB1,58.72346162,-0.009068722,0.096206557,0.796567615,0.906851474
ZNF597,221.2637707,-0.012866037,0.082104397,0.796624866,0.906851474
DNASE1L2,19.84761203,-0.006936847,0.099452042,0.796747263,NA
OSER1,923.628106,-0.012985169,0.061733921,0.796781823,0.906949395
AFF4,3830.928335,0.015623264,0.055614011,0.79685619,0.906953297
LMAN2,4875.63456,-0.011413331,0.051592929,0.796927757,0.906954012
MOB2,758.7933867,0.014335763,0.059942541,0.797032771,0.906992788
SPNS2,37.92187769,-0.00827466,0.097590349,0.797341996,0.907194302
HHIPL1,67.56240449,-0.010508241,0.092848456,0.79735177,0.907194302
RRAS,1319.247304,-0.012429943,0.067094945,0.797568656,0.907315033
GARIN1A,146.9861648,0.012177745,0.087401944,0.797599817,0.907315033
TUBGCP4,562.8803993,0.012887165,0.079788448,0.797731305,0.907383873
NPIPB6,11.23577371,0.004908654,0.101393443,0.797921668,NA
DPY19L2P3,55.08731538,-0.009200345,0.095793016,0.797927808,0.907526645
DCTN3,1199.127785,-0.011684296,0.053449614,0.798012028,0.907541699
CCDC125,395.2174804,-0.013246125,0.077318175,0.798271156,0.907755646
PAIP2,2132.375311,0.012920611,0.064711791,0.798385996,0.907805493
QSER1,1325.575234,0.012708284,0.062239546,0.798557445,0.907919691
VEZF1,1168.856736,-0.012410044,0.054701575,0.798708821,0.907960649
JTB,2663.668505,0.011388453,0.050777532,0.798735504,0.907960649
GABRR2,60.47325438,-0.009090108,0.095977942,0.799004858,0.908186087
SRP72,3242.097434,-0.012212985,0.058104704,0.799133336,0.908251374
COL16A1,11.42037864,0.005172927,0.10116151,0.79929217,NA
CNPY4,216.2195122,-0.012459608,0.083300052,0.799387896,0.908423688
ARID4A,1653.883592,-0.010979644,0.049305189,0.799427056,0.908423688
CGN,13.5099888,-0.005222917,0.101010513,0.799568341,NA
GATAD1,1742.376922,-0.011512404,0.053105808,0.799666219,0.9086147
ZNF682,54.80211515,0.008475924,0.097787676,0.800187319,0.909125999
ARPC1A,923.045358,0.011796182,0.054718964,0.800289809,0.909161649
PFN1P4,8.676658533,-0.004609321,0.101509877,0.800345949,NA
IQGAP2,2370.49548,-0.01397849,0.073994931,0.8003708,0.909172872
TRIM74,19.47749877,-0.003852974,0.10197545,0.800407612,NA
VAC14,4907.05805,0.010906744,0.048645978,0.800728939,0.909437304
ZBTB37,618.8183542,0.013018827,0.074386914,0.800745853,0.909437304
TMEM30BP1,16.3983398,0.006137042,0.10033182,0.801001911,NA
USP46,510.2691958,-0.013024669,0.073341401,0.801043534,0.909601801
SPOP,1494.19214,0.012245462,0.059173029,0.801110315,0.909601801
SERF1B,124.5651937,-0.010117089,0.093237076,0.801170629,0.909601801
YAP1,94.25068753,-0.010896143,0.091075277,0.801175274,0.909601801
ARL5A,1729.015601,-0.012431061,0.062034221,0.801478744,0.909798439
ZNF763,47.66379422,-0.008853322,0.096212336,0.801537681,0.909798439
EP400P1,149.78949,-0.011346891,0.089371876,0.801624355,0.909798439
LRRK2,990.8728749,-0.012486192,0.062935536,0.801633118,0.909798439
PCDHGA6,9.574399519,-0.004468057,0.101606128,0.801684961,NA
NUP62,4265.64513,-0.008397469,0.04515554,0.80186858,0.909984893
SH3BGRL2,9.404471031,-0.003799176,0.102006637,0.801933593,NA
ZNF771,142.1061108,-0.012313037,0.085357421,0.801999296,0.910052454
PLAAT4,26.80899793,0.006472426,0.099875018,0.802178508,NA
BEND7,7.610683401,0.004328509,0.101709408,0.80237448,NA
CNTRL,1663.04878,0.012607275,0.064175578,0.80243291,0.910463681
ZNF568,156.6683759,-0.011754861,0.086671724,0.802505305,0.910465021
PIP4K2A,2143.844164,-0.010941136,0.050384206,0.802602392,0.910494373
HPS6,973.0964538,-0.011803288,0.059230922,0.802825269,0.910527626
KLHL12P1,12.94927573,0.005652386,0.100692504,0.802900174,NA
UTP25,639.3750473,0.01290834,0.06665932,0.802996228,0.910527626
BIRC2,1730.365614,0.011430622,0.052322126,0.803023851,0.910527626
CLP1,520.7653457,0.012469549,0.062879682,0.80308051,0.910527626
GSE1,1799.233079,-0.012763551,0.068466128,0.803124789,0.910527626
PABPC1L,310.4775834,0.012267265,0.084135745,0.803126428,0.910527626
FSBP,130.4109696,-0.010622275,0.091974007,0.803214061,0.910527626
NMNAT2,16.80298426,0.004593286,0.101470363,0.80325778,NA
TMEM185A,835.3984921,-0.011435967,0.057611836,0.803344851,0.910527626
RPL36AP37,987.1667291,-0.011102873,0.071247173,0.803399954,0.910527626
KLC2,486.4598564,0.012686455,0.080637456,0.803409648,0.910527626
DEPP1,201.3968285,0.011296585,0.089599017,0.80346225,0.910527626
TM2D3,694.9938729,0.012198735,0.061425185,0.803486326,0.910527626
AGGF1,1068.871505,0.012049353,0.0589127,0.803634853,0.910615226
POLR2J,1541.901363,0.012110642,0.058230123,0.80390465,0.910840212
ACTR3C,21.86066933,0.005369239,0.100853203,0.804160565,NA
C9orf43,10.46693213,0.004292127,0.101677748,0.804169061,NA
ZNF775,271.693343,0.01262083,0.081465608,0.804239038,0.911138334
TMED6,15.54287352,0.005675916,0.100631564,0.804486582,NA
CHRM5,13.77280632,0.005408605,0.100803875,0.804510121,NA
MAP1B,34.57504485,0.006438064,0.099801824,0.804731235,0.911615173
MYB,25.31832052,-0.006706396,0.099101878,0.805043956,NA
EEF1AKMT3,249.7715721,-0.012553581,0.078812748,0.805142916,0.912000725
PPP1R3G,26.40953931,-0.007125321,0.098729963,0.806076441,NA
KLHDC1,111.1879195,-0.010853351,0.090311401,0.806135815,0.913044507
RPL17P47,9.427071215,-0.004639679,0.101362207,0.806358109,NA
L3MBTL4,46.04310894,0.008372269,0.096623786,0.806434174,0.913150689
MED14,1561.544462,-0.011764667,0.056914935,0.806469158,0.913150689
OBSCN,103.6647055,0.009056004,0.095615631,0.806504896,0.913150689
PCDHA11,50.25126645,-0.007920855,0.097526729,0.806624494,0.913150689
LNPEP,2847.690113,-0.010411981,0.048561142,0.806640796,0.913150689
GON7,510.1552352,-0.013058338,0.064784133,0.806719901,0.913150689
TAF3,638.0380923,0.012221046,0.06087686,0.80672997,0.913150689
PARP8,1184.394565,-0.011130569,0.053394821,0.806800953,0.913150689
GPR143,8.501854785,0.004618794,0.101424147,0.807121234,NA
JAG1,758.7741772,0.012657677,0.07175192,0.807321847,0.913659362
ASPDH,56.12225048,0.008693302,0.0962526,0.807431335,0.913702392
ZNRF2P2,24.90749919,-0.007162807,0.098604579,0.807651731,NA
ZNF275,256.0153149,0.012294069,0.081603244,0.807694367,0.913793732
ZFAND4,160.6758339,0.011491285,0.087446173,0.807759313,0.913793732
STRC,33.79986539,0.006244136,0.099893023,0.807820746,0.913793732
ZNF627,190.5402131,-0.012318265,0.079533455,0.807857782,0.913793732
SMAD9,27.55892536,0.006217458,0.100079101,0.807863293,NA
UPB1,13.09252916,-0.005120417,0.100717699,0.807968252,NA
ZSCAN22,139.9030514,0.011671032,0.0862834,0.807983896,0.913793732
PCCA,808.7701912,-0.01172603,0.061181578,0.8079984,0.913793732
CLEC1A,78.2029402,0.009246201,0.094958741,0.808017206,0.913793732
NOTUM,8.650496606,-0.004194834,0.101637136,0.808070972,NA
RPS2P32,89.20514821,0.010486569,0.091621039,0.808100883,0.913793732
WASL,533.9784406,0.012351375,0.065081938,0.808157316,0.913793732
CDCA5,787.4503406,-0.012368916,0.063644863,0.80822679,0.913793732
ZMAT3,1935.41212,-0.011815824,0.060191146,0.808320439,0.913818801
PKD1L1,46.31199267,-0.007122277,0.098572488,0.808488824,0.913928348
ARGLU1,3191.13803,0.011496138,0.064394549,0.808618738,0.913994392
KDM7A,1172.118519,0.012390615,0.067115506,0.808800634,0.914119174
SPEF2,28.75780831,0.006495303,0.099517995,0.808963136,NA
GSG1L,32.47237495,0.007479416,0.09821083,0.809088011,0.914363142
GCN1,4369.252002,-0.012254312,0.066116429,0.809185721,0.914392738
KCNC1,7.1201987,-0.003545662,0.102050504,0.809190214,NA
SHISA2,9.786719076,-0.004229065,0.101611462,0.809300963,NA
ZNF544,414.7751842,-0.012304148,0.080426924,0.809658451,0.91481598
PIH1D1,1211.068577,-0.012084372,0.061563953,0.809703374,0.91481598
ZNF232,199.760019,-0.012237766,0.077520842,0.809928142,0.914989069
HSPA12B,27.3287337,0.006282308,0.099754945,0.810041379,NA
KPNA2P3,205.3450699,-0.012081817,0.079333145,0.810048527,0.915003755
SPR,1411.254726,0.012050236,0.062812547,0.810084279,0.915003755
GCNT2,155.7342995,-0.01061022,0.090263231,0.810165461,0.915007752
SPIN2B,99.16103272,0.010084342,0.092502489,0.810230955,0.915007752
DNAJC24,519.0614237,0.012436196,0.076016764,0.810399657,0.915117436
DMAC1,1075.642454,-0.012549562,0.075364341,0.810483728,0.915127521
SEPTIN6,1639.820826,-0.010817101,0.053073623,0.810603039,0.915127521
UBE3D,156.8100001,0.010755302,0.089926635,0.810623323,0.915127521
MESP1,17.28009699,-0.005768628,0.100171578,0.810761116,NA
ZNF718,104.2373345,-0.011170835,0.089051688,0.811009421,0.915447985
ITPKA,22.67341963,0.00506148,0.100997118,0.811103645,NA
WASHC4,4649.471181,0.010913885,0.056004427,0.811120843,0.915447985
MYADM,2766.093699,0.01209286,0.071304412,0.811177509,0.915447985
ACSM2A,79.01982873,0.008342235,0.096594929,0.811206795,0.915447985
ELFN1,36.85538235,0.006456562,0.099530706,0.811265207,0.915447985
CUBN,94.33514719,0.006482558,0.099442365,0.811351022,0.91546402
PTPN2,1140.969077,0.0119244,0.062633267,0.811489272,0.915539211
SELENOT,3537.483514,-0.010675227,0.054293015,0.811636537,0.915539316
CXXC1,1693.207262,0.011763243,0.06073214,0.811676625,0.915539316
BBS4,501.9895339,-0.012324029,0.071944748,0.811704196,0.915539316
CPD,2276.28226,-0.011783232,0.062747098,0.811841511,0.915613419
TIMM8AP1,11.12092152,0.004208044,0.101651942,0.811984986,NA
PYCR3,175.8711044,0.011880748,0.082506294,0.812092665,0.915769669
TRIM39,588.3757597,0.012708888,0.068051629,0.812123309,0.915769669
TRPM4,1064.729426,0.012025646,0.064703236,0.812312889,0.915902663
ZNF559-ZNF177,20.12504632,-0.004901676,0.100973855,0.812361052,NA
BEST4,28.59140448,-0.007068085,0.098472613,0.812412215,NA
LKAAEAR1,13.11404189,0.00536915,0.100673395,0.812492027,NA
EPHA6,7.517465412,-0.003901926,0.10178804,0.812495736,NA
SPATA12,40.1667658,0.007983576,0.097092771,0.812535916,0.91607334
BAMBI,46.36740021,0.008587168,0.095882295,0.812681846,0.916157076
VPS13B,1416.007507,-0.005901952,0.072491429,0.81275818,0.916162346
CFAP221,22.40635303,-0.005638992,0.100254612,0.812943689,NA
TEN1-CDK3,246.8969863,0.015471544,0.086291417,0.812948003,0.916282932
PYGO1,89.25487792,-0.00892811,0.095408509,0.813008493,0.916282932
ERCC6L2,776.575837,-0.011733951,0.063162564,0.813166954,0.916380741
NDUFB10,1673.923905,-0.010358044,0.050466065,0.813334846,0.91648916
ZNF420,128.1784204,0.009497553,0.093633117,0.813440421,0.916527345
IGFN1,12.16409371,0.004438285,0.101472139,0.813552306,NA
WASHC1,318.2696524,-0.011871398,0.080032587,0.813876303,0.916937657
MILR1,1267.650515,-0.011027221,0.055907416,0.814003962,0.916970634
KRBA2,218.5244974,-0.011307892,0.085346557,0.814049018,0.916970634
FAM110D,8.684804176,-0.004021799,0.101678929,0.814073188,NA
GMFG,2125.675026,-0.010892377,0.055287407,0.814122861,0.916973023
PRXL2C,539.2135814,0.0120538,0.066100823,0.814260804,0.917047602
VPS54,890.4500521,0.011203211,0.057856409,0.81444447,0.917145851
SNED1,42.6786631,-0.007314628,0.097911968,0.814491513,0.917145851
TNKS,1020.11697,-0.012816947,0.064716825,0.814703334,0.917303578
GOLGA8K,21.92561883,0.00462663,0.101265035,0.81477649,NA
LONP1,8946.966382,-0.009556845,0.047840474,0.814909844,0.917441404
PDE3A,339.078444,-0.011936843,0.076773975,0.814969263,0.917441404
ANKRD16,110.1525056,-0.009921078,0.091351921,0.81506155,0.917464512
MS4A15,11.11606772,0.004246481,0.101565954,0.815184717,NA
DNAJC19P5,10.12514248,0.004313685,0.101528297,0.815227647,NA
CNTF,20.10338407,-0.005774302,0.100028655,0.81542333,NA
QPCTL,346.4539817,-0.011861466,0.078545546,0.815629366,0.917979831
DLG1,850.801473,0.011981223,0.068029143,0.815662955,0.917979831
SBSPON,20.62487079,0.006523516,0.099212403,0.815735809,NA
OLFML2B,1315.586869,0.011546529,0.083827346,0.815794694,0.917991703
PLEKHA7,346.0864194,0.011720325,0.080474704,0.815817108,0.917991703
NBEAP2,25.49582364,-0.005567462,0.099264956,0.815826023,NA
EXOSC5,451.2154058,0.011955815,0.068012421,0.815899491,0.918003608
TUT7,1387.881034,-0.011646054,0.080613958,0.816129442,0.918161786
OR2AT4,108.2092773,0.010780077,0.088365015,0.816184772,0.918161786
TBC1D5,1768.371051,0.011840825,0.065870096,0.816281593,0.918161786
ABCB4,19.60883499,-0.005251227,0.10055074,0.816309897,NA
TIMD4,56.99354672,-0.008529557,0.095291987,0.816327338,0.918161786
THSD1P1,14.89511102,-0.005220839,0.100637816,0.81638264,NA
AP3S2,953.939059,0.011482541,0.060718869,0.816507535,0.918276507
UBE2F-SCLY,17.37119582,0.004202453,0.101433151,0.816577129,NA
MRPS31P5,29.84889522,0.006713637,0.0989067,0.816645699,NA
IMPDH2,2069.885156,-0.010604752,0.053988633,0.816650311,0.918276507
DSG3,8.233902493,-0.004121967,0.101550529,0.816653452,NA
RBMXL1,257.1276991,-0.011102989,0.085423856,0.816706817,0.918276507
FAT1,1019.053783,0.011619783,0.081643822,0.816716634,0.918276507
ZNF79,241.5540152,0.011897461,0.079135131,0.81686822,0.918366179
TMEM30A,8065.972604,0.011394064,0.051053393,0.817030442,0.91841652
ALDH7A1,1146.571512,-0.011865128,0.07504015,0.81705809,0.91841652
ZNF169,117.1318319,-0.01006524,0.090702433,0.817128504,0.91841652
USHBP1,23.07298911,-0.004962865,0.100638136,0.817161089,NA
RAB33B,294.9503229,-0.011370161,0.083286577,0.817473762,0.918620946
NTAQ1,140.1618115,-0.009084862,0.093630305,0.817513213,0.918620946
SMO,48.33499723,0.008912303,0.094586356,0.817583558,0.918620946
OR2F1,11.38068351,-0.004372105,0.101311176,0.817637234,NA
SCG3,68.50483222,-0.009216439,0.093565525,0.817646948,0.918620946
EEF1A1P11,9.51771815,-0.004182292,0.101521353,0.817664964,NA
TMEM236,737.8033371,-0.011594034,0.064562792,0.817681008,0.918620946
RAB3B,28.45090221,-0.006874317,0.098411295,0.817797085,NA
FBXL12,865.3410254,-0.011042945,0.058820588,0.817803543,0.918620946
CCDC32,657.6119316,-0.011534321,0.06322011,0.817813345,0.918620946
NPHS1,15.40268728,0.004559998,0.101230097,0.817815579,NA
LY6K,8.561307651,0.00400341,0.101661695,0.817837099,NA
ZBED6,1413.277836,-0.011535231,0.080401856,0.817974479,0.918721226
RPL28P2,13.26383989,0.004530977,0.101288997,0.818074516,NA
SHLD3,30.64404423,-0.006926479,0.09829228,0.818169209,0.918845408
CNOT4,700.9107842,-0.01142393,0.063376613,0.818228782,0.918845408
LMOD3,19.71296727,-0.005537136,0.100363817,0.818243567,NA
MPZL1,2421.993412,-0.011704453,0.04659739,0.818302501,0.918847486
THSD4,11.24320924,-0.00450226,0.101208204,0.818306292,NA
XPC,1916.487907,-0.0106345,0.049444874,0.818481402,0.918967658
SLC29A4,45.82076268,-0.007028808,0.098016221,0.81858396,0.919002101
ACP7,9.851386321,-0.004141297,0.101506056,0.818655153,NA
DECR1,1842.874369,0.01140315,0.064175144,0.818974451,0.91908542
RALGDS,3021.352014,-0.010812087,0.056842463,0.81900494,0.91908542
COX6A1,3242.657643,-0.009626295,0.047344084,0.819062656,0.91908542
CLDN18,34.6883311,0.007057834,0.098150608,0.819243,0.91908542
KATNA1,422.6596109,0.011721343,0.068134836,0.819265147,0.91908542
SULT1A1,218.2736459,-0.010565844,0.087341097,0.819273242,0.91908542
HIVEP2,395.2353069,-0.010833203,0.086134093,0.819322563,0.91908542
ETNK1,3477.30099,-0.011106792,0.058625033,0.819361507,0.91908542
PXDN,147.4972877,-0.008751292,0.094369555,0.819417869,0.91908542
TM9SF3,6438.425574,0.009854465,0.04916186,0.819444628,0.91908542
ATP10A,1019.961228,-0.005842338,0.07816371,0.819497263,0.91908542
CALCRL,25.74883809,0.00545289,0.100304072,0.819501377,NA
ZNF768,1432.984529,0.009535271,0.05076023,0.819555931,0.91908542
TRGV8,13.2120647,-0.004755639,0.100925724,0.819761599,NA
NUP210,2865.372106,-0.009108472,0.053961075,0.819799758,0.91908542
DNAJC25,436.4066819,-0.012056493,0.071487407,0.819803874,0.91908542
CCM2,1705.024839,-0.010539541,0.050665396,0.81980645,0.91908542
VAMP7,1220.527789,0.010925071,0.061557793,0.81980838,0.91908542
LDB3,16.76378662,0.004313722,0.101288144,0.820137928,NA
UQCRFS1P1,340.3330675,0.011757502,0.076403892,0.820177166,0.919418243
RPL23AP25,19.49716748,-0.003444798,0.101954035,0.820266285,NA
PKDREJ,9.003124969,-0.00404401,0.101570988,0.820348552,NA
ADAMTS17,10.92494402,0.00355795,0.101878202,0.820373258,NA
MICE,18.27536934,0.005419436,0.099691018,0.820726839,NA
ASPRV1,8.487957113,-0.003844461,0.101703701,0.820813066,NA
VTI1BP2,8.335662851,-0.003989844,0.101583691,0.820825724,NA
ATP1B2,13.01692974,0.005194196,0.100777968,0.820853339,NA
GDI1,3219.638604,0.011070014,0.054401374,0.820901135,0.92005833
CCDC121,48.81071465,-0.007810594,0.096433566,0.820923613,0.92005833
ARL6IP5,5666.345283,-0.009808144,0.057644207,0.820964647,0.92005833
NDUFB11,1354.883014,0.011017146,0.05725899,0.821036018,0.92005833
GPR176,16.18461518,0.003809024,0.101752136,0.821478133,NA
CCDC93,2719.666292,-0.011697724,0.069814172,0.821739133,0.92076554
ADRA2C,14.31910583,-0.004626946,0.101000511,0.821852907,NA
WNK1,7890.7654,-0.009969546,0.043750389,0.821859627,0.920819852
POU2AF1,86.75685585,0.009491267,0.092342588,0.822028677,0.920887383
PFN1P6,13.11674927,-0.004446421,0.101008448,0.822084852,NA
COPZ2,50.03502437,-0.008555563,0.094675712,0.82210716,0.920887383
COMMD1,533.7255883,0.011574872,0.071772143,0.822135987,0.920887383
CYP1A2,26.61774101,-0.006627442,0.098506093,0.822170649,NA
DLGAP2,17.46760929,-0.004807678,0.100786423,0.822247048,NA
ERCC4,606.1471433,0.011307337,0.070950071,0.822415376,0.921048992
CD320,195.5703367,0.011219673,0.082308183,0.822424348,0.921048992
A4GALT,28.61896297,0.005579587,0.099965763,0.822525045,NA
ARFGEF2,2904.566001,0.011829981,0.067947693,0.822694268,0.92127058
HDDC2,819.6214763,-0.010776252,0.061953693,0.82293234,0.921361132
EDC4,2372.74005,-0.009635827,0.053800948,0.822941174,0.921361132
FOXJ3,1176.593602,-0.010563196,0.056760401,0.822991328,0.921361132
RPS12P3,10.49481664,-0.004309749,0.101246249,0.823128045,NA
CYSLTR1,647.4654953,-0.011426591,0.066400087,0.823224801,0.921541816
GRIA1,7.064740784,0.003500919,0.101947759,0.823346486,NA
EFTUD2,4816.095332,0.010212579,0.053676271,0.823478986,0.92158136
ZNF761,434.9094213,0.011507048,0.072568012,0.823523378,0.92158136
GSG1L2,17.94910442,0.005801348,0.09984802,0.823559124,NA
PHRF1,2210.522165,-0.011169724,0.064137188,0.823580111,0.92158136
PLEKHG6,45.32253292,0.007443343,0.097179898,0.823627677,0.92158136
XKR5,9.680101401,-0.003649325,0.101785618,0.82366806,NA
TMEM212,68.67963603,-0.008782072,0.093576481,0.823695368,0.92158136
TMEM164,2363.070899,-0.010237741,0.067878963,0.823742187,0.92158136
HACD4,456.9385712,0.011545771,0.070391846,0.823764707,0.92158136
CLIC6,75.56512384,-0.00945569,0.09153757,0.824039973,0.921806303
ARMH1,86.18121929,-0.00925865,0.092108261,0.824109976,0.921806303
CALM2P2,10.9467337,0.004718577,0.10094546,0.824201965,NA
JAKMIP1,23.38709662,-0.006116797,0.099182919,0.824339239,NA
RND2,12.58485081,0.004269886,0.101316134,0.82454301,NA
GSK3A,2411.777817,-0.010882441,0.060985342,0.824626172,0.92222707
ENOX1,24.564271,0.006797164,0.098279947,0.824693971,NA
FAM24B,30.68662552,0.006966837,0.097944116,0.824788872,0.92222707
CALD1,84.8365116,-0.007596036,0.09653398,0.824864552,0.92222707
AP3B2,56.82647017,-0.008179128,0.095123191,0.82492857,0.92222707
ESD,1360.316952,-0.010808213,0.066667509,0.824937233,0.92222707
DHX32,954.1561794,-0.011014511,0.06329027,0.824986517,0.92222707
TSR2,1393.207056,-0.009496578,0.049068646,0.824991083,0.92222707
DTL,283.3244651,-0.009641135,0.090385737,0.82514202,0.922271032
GDF11,66.64019082,0.008941869,0.093437888,0.825179487,0.922271032
ASB14,56.90679131,-0.00714893,0.096959024,0.825246821,0.922271032
ZRSR2P1,10.37817074,-0.001112392,0.102944901,0.825391355,NA
FN1,429630.7373,-0.011082944,0.065701824,0.825426747,0.922391484
PPP3CB,1628.31854,-0.010197845,0.058187779,0.825525992,0.922421763
ZNF438,1233.537411,-0.010242239,0.055226766,0.825614141,0.922439639
TLCD3B,16.23201537,0.004906566,0.100676614,0.825688193,NA
SSH2,1936.79711,-0.01071053,0.058650995,0.825713582,0.922470128
TRAIP,157.5782542,0.010289648,0.088018665,0.82592308,0.922623554
SDHAP2,559.1974026,-0.011278985,0.07311394,0.826011946,0.92264221
RPL18A,16569.05172,-0.005978711,0.041086463,0.826212152,0.92264571
PLAGL1,1081.283582,-0.010626979,0.056760542,0.826249876,0.92264571
COLGALT2,58.88189128,0.008389379,0.094824615,0.826282797,0.92264571
ARHGEF2,7255.176701,-0.008880086,0.045203555,0.826303745,0.92264571
WNT10B,63.62208282,0.008620673,0.094169923,0.826405867,0.922675591
FOXP3,8.536904501,0.003975373,0.101519798,0.82641576,NA
REEP2,25.02313592,0.006069023,0.099252914,0.826497858,NA
TLK2,1555.887185,0.009826638,0.05160346,0.826519485,0.922675591
MYL11,19.60912716,0.005578768,0.099931788,0.82654233,NA
NEIL1,305.9951421,-0.010640603,0.074763291,0.826547012,0.922675591
ZNF24,2214.57422,0.008793212,0.044434739,0.827031328,0.923135632
FAM167A,23.93492544,-0.005021488,0.10039589,0.827040912,NA
ADA,381.9047858,0.01104128,0.069777864,0.827160955,0.923199722
CCDC103,84.15569593,0.007259673,0.097250669,0.827320619,0.923297321
PGM5,41.28712248,0.006197932,0.098972891,0.827415881,0.923323037
TXNDC11,2816.586487,-0.01149303,0.045482837,0.827515547,0.923353663
JAM3,9.518335858,0.00369022,0.101752989,0.827615675,NA
HOXA2,9.871772647,0.003902332,0.101563834,0.828124642,NA
ERLEC1,2320.859318,0.009346092,0.051779713,0.828459041,0.924325756
ENPP7P1,10.96289894,-0.00414715,0.101248114,0.828459726,NA
RPL13AP5,11.96285744,0.004680362,0.100865789,0.828638568,NA
NELFE,1250.176463,-0.00955678,0.05587692,0.828851189,0.924577664
ZNF425,99.491074,0.008658217,0.093608658,0.828885585,0.924577664
EDEM3,2194.169586,0.009706604,0.051049042,0.828901774,0.924577664
ATP5MC1,1294.247515,-0.010245324,0.057213236,0.829019491,0.924625949
H2BC12,739.5700427,0.012359002,0.068435497,0.829089705,0.924625949
ADH4,10.22979027,0.003541835,0.101831963,0.829142954,NA
AUTS2,29.12809483,-0.005411874,0.099882588,0.829169386,NA
DMWD,304.9905221,-0.010449155,0.081227006,0.829272361,0.92468744
CAPN11,119.7130162,-0.009098687,0.091706654,0.829289495,0.92468744
CCDC62,25.96323891,0.005823388,0.099440356,0.829362647,NA
GNE,323.5656167,0.011131164,0.076950144,0.829506748,0.924814938
PARP1,5046.866627,0.009927489,0.053755698,0.829548511,0.924814938
OTUD7A,16.12650263,0.004493528,0.101005256,0.829828056,NA
RNF5,1816.140202,0.010757428,0.064720019,0.829972836,0.925207317
PLAGL2,1304.885946,-0.009952535,0.053566521,0.830107908,0.92527721
NT5C1A,9.538488801,0.003813533,0.101618038,0.830238817,NA
ZNF605,323.5282198,-0.009367691,0.076483987,0.830439112,0.925507656
HPD,7.310816191,0.003338985,0.101946705,0.830475058,NA
PANK4,880.328787,0.010486117,0.059945102,0.830561634,0.925507656
POLR1G,247.9787666,0.011062477,0.077145252,0.830562572,0.925507656
POGLUT1,538.6812002,-0.010981913,0.075576095,0.830675631,0.925507656
SPDYE18,39.2959,0.007628351,0.096216262,0.830676601,0.925507656
TNFSF4,29.75878836,0.006601622,0.098147146,0.830749474,NA
CLDN12,574.6381337,0.01055721,0.078007644,0.831106142,0.925698434
COPS7B,1104.10783,-0.010477035,0.060039569,0.831236673,0.925698434
KRT18P5,7.753431791,-0.003607677,0.101668259,0.831251359,NA
COLEC12,3641.50834,-0.00804693,0.040346531,0.831362479,0.925698434
FAM20A,2193.825012,0.009640471,0.058457052,0.831365166,0.925698434
PARP6,1931.942397,-0.009311244,0.051046187,0.831384222,0.925698434
LEF1,7.111824204,0.003354255,0.101924176,0.831522173,NA
NDUFAF6,331.6633064,-0.010881641,0.077113751,0.831576176,0.925698434
ST13,6372.155739,0.012550823,0.062113153,0.831764669,0.925698434
POLD1,2696.273896,-0.01098581,0.063968646,0.831794743,0.925698434
CDC73,1907.12508,-0.010701044,0.059358532,0.831859625,0.925698434
CELF3,9.82834677,-0.004129791,0.10121467,0.83186309,NA
CIAO1,3092.721836,0.008633278,0.044848312,0.831866207,0.925698434
MUC20,99.45888627,-0.008573613,0.093011981,0.831916912,0.925698434
BEX3,2638.736917,0.008685979,0.052492869,0.831919801,0.925698434
TGFBRAP1,1480.591479,-0.009315037,0.050508821,0.831942643,0.925698434
CLK2,1212.062755,-0.009820683,0.05920598,0.832002225,0.925698434
VANGL2,11.58136213,0.004305462,0.101076459,0.832007281,NA
SLC27A4,1448.56523,-0.009777682,0.054219633,0.832076667,0.925698434
SYNRG,2003.933428,-0.009207368,0.049557219,0.832099149,0.925698434
LASP1NB,48.90788627,0.007940038,0.09526189,0.832134516,0.925698434
RNF121,668.451381,0.011732486,0.071251612,0.832151122,0.925698434
XYLT2,598.0474134,-0.010790721,0.068029632,0.83222826,0.925703698
UBA7,2464.393738,-0.010351289,0.068464584,0.832338643,0.925745937
NDUFA7,487.8469884,-0.010847335,0.069674995,0.832521222,0.925829438
SARS2,749.131792,-0.011072047,0.066065536,0.832568782,0.925829438
SLITRK5,24.67102439,-0.005487264,0.099635599,0.832585451,NA
YOD1,457.8528767,0.010860341,0.068032743,0.832665809,0.925829438
BABAM1,2169.07865,-0.008603487,0.04665288,0.832703379,0.925829438
CCL23,17.76894884,0.005157589,0.100247756,0.832850159,NA
BTN3A2,924.2726043,0.009985079,0.055400536,0.832870986,0.925935266
HTT,6717.232168,0.010736265,0.048984995,0.833285011,0.926315004
CXCR3,6.50575258,-0.002756519,0.102255978,0.833297639,NA
MORC2,1063.105448,-0.0105659,0.065253781,0.833574249,0.926322618
ACACB,149.0273296,0.009252407,0.090636247,0.833628215,0.926322618
GIMAP2,878.7445459,-0.009223472,0.065631188,0.833631849,0.926322618
GSTA4,52.56000806,0.00806686,0.094665081,0.833652156,0.926322618
MLANA,34.44825572,0.005256074,0.100004536,0.83365413,0.926322618
ATP6V1D,1797.539425,-0.010070247,0.060320909,0.833929854,0.926505154
ANKRD45,10.99681715,0.004151908,0.101225918,0.833957899,NA
SFT2D2,3837.543848,0.009837281,0.054533677,0.833963341,0.926505154
DIABLO,943.4780046,-0.010744969,0.062405065,0.834152764,0.926635076
ILDR2,7.745516137,0.003583784,0.101676303,0.8343729,NA
PCDHB2,235.1232522,0.009843029,0.086906865,0.834374878,0.926801287
ZNF366,253.5329465,0.00959128,0.088550569,0.834487683,0.926846063
SLC66A3,462.9678388,0.010853905,0.072509537,0.834572004,0.926859197
KRBOX4,191.1466367,0.010443166,0.082535765,0.834646675,0.926861612
COMMD3,954.9837661,0.010556105,0.059471307,0.83489096,0.926882519
CNBD1,8.987301396,0.003333028,0.101890704,0.834899431,NA
CC2D2A,223.5842819,0.010828587,0.082223174,0.834934627,0.926882519
SNRNP25,846.7329365,-0.010326371,0.062609001,0.834992999,0.926882519
FEZ2,1258.876717,-0.010136096,0.061741988,0.835017019,0.926882519
PRDM8,12.67868771,-0.004301946,0.100936818,0.83504798,NA
SAP30L,806.4786799,-0.010712638,0.070350819,0.83508015,0.926882519
ASCC1,606.8424518,-0.01069649,0.066759378,0.835100488,0.926882519
CNDP1,11.34093183,-0.004369862,0.100888752,0.835127955,NA
GNRH2,8.865526671,-0.003634062,0.101601181,0.835137175,NA
RPS12P20,25.13405981,-0.005496295,0.099491756,0.835292532,NA
CEP57,942.6718972,0.010657229,0.064540248,0.835432586,0.927170626
UGT1A1,21.79023531,-0.005687992,0.099039379,0.835489992,NA
NRN1L,9.292374093,-0.003521455,0.101662781,0.835572097,NA
NDUFB9,3288.311268,0.010777346,0.059076047,0.835596219,0.927217328
BAIAP2L1,61.7102591,-0.007762362,0.09484277,0.835619715,0.927217328
DCANP1,22.45143344,0.003252993,0.101958352,0.835680541,NA
WSCD1,130.1192234,0.009341528,0.088518914,0.83569559,0.927221046
VPS35,4634.791514,0.010994479,0.046665126,0.835842723,0.927303819
ECM2,19.71629742,0.004503692,0.100809968,0.836480963,NA
CLDN14,32.14761557,0.006268096,0.098300117,0.836544416,0.928001767
GREP1,18.90260943,-0.004749034,0.100388068,0.836631019,NA
ZDHHC2,758.1483062,-0.009962049,0.084521368,0.836657406,0.928046585
RPS9P1,21.79529448,0.005277507,0.099505034,0.836736935,NA
GLE1,1312.28856,-0.009876661,0.048625403,0.836760572,0.928080499
RPS5P2,7.145794198,0.00369113,0.101585516,0.836780296,NA
ARHGEF10,102.3385638,-0.006220857,0.098369937,0.836848395,0.928097391
SDF2L1,867.4086652,0.01043229,0.063570357,0.836973412,0.92814638
PDIA4,4954.014811,0.009697156,0.055843256,0.83703776,0.92814638
MAPT,35.48188406,0.006732169,0.097427513,0.837151523,0.928192023
VN1R83P,12.52020728,0.004399196,0.100734735,0.837526968,NA
DCDC1,31.79382958,0.005699912,0.099084855,0.837758904,0.928711393
PLD1,878.4210747,0.010617987,0.069038456,0.837765232,0.928711393
TRAF5,199.1699606,-0.009943789,0.088633409,0.837858519,0.928734279
NAT1,182.5283672,-0.00952709,0.08719017,0.838028548,0.928842219
ZNF607,79.89764,-0.007938015,0.094010146,0.838210364,0.928913156
PLCB3,1507.015546,0.007670364,0.052947887,0.838284741,0.928913156
PIK3R3,286.2935911,0.010457109,0.079252618,0.838310519,0.928913156
KRTAP5-9,8.624801498,-0.00350953,0.101624042,0.838348803,NA
ARL17B,456.1841051,-0.010488247,0.071515433,0.838438801,0.928974788
GNA11,1215.171835,0.010506784,0.076930601,0.838659721,0.929125293
HSD17B8,74.99073967,-0.008643857,0.09103725,0.838742876,0.929125293
ZNF26,497.60512,-0.010229103,0.080085125,0.838864006,0.929125293
ACBD5,1633.512037,-0.008719516,0.048997047,0.838865331,0.929125293
MSRB3,12.17269076,-0.003724597,0.10140396,0.838906566,NA
DNAAF5,1117.967226,-0.009534611,0.055979405,0.838970374,0.929155259
DNAJC1,853.6047716,-0.009611035,0.057120418,0.839037737,0.929155259
FIZ1,561.4587922,0.010527347,0.075260373,0.839237504,0.929295989
MYOZ2,7.93907761,0.003463632,0.10170525,0.839580771,NA
ZKSCAN8P1,15.73318016,0.003902564,0.101346465,0.839691058,NA
SPARCL1,41.44384594,-0.006193175,0.098039046,0.839930768,0.92995344
CRYBB2P1,123.8217482,0.009720404,0.086026306,0.839976717,0.92995344
GRIN1,10.92254441,-0.002577179,0.10222904,0.840087259,NA
ZNF319,651.4987758,-0.009754801,0.07089457,0.840101566,0.930011128
RPL32P29,25.63896712,0.005867577,0.098798053,0.840134246,NA
ARHGEF34P,10.58202694,-0.000770818,0.102990439,0.840261149,NA
AUH,495.4491575,-0.01069399,0.066388085,0.84029818,0.930053068
ZNF354A,211.7874005,-0.00929252,0.08881144,0.840414673,0.930053068
RPLP0,22698.08555,-0.00465886,0.045703063,0.840446707,0.930053068
RABEP2,1107.30848,0.010170996,0.064231588,0.840516321,0.930053068
SFXN2,254.6802004,0.009732102,0.080782075,0.840583129,0.930053068
RBMX2,444.3849513,0.010310073,0.067387715,0.840619233,0.930053068
NOM1,1079.726234,0.009623419,0.057421495,0.84064867,0.930053068
OR2G6,18.55769814,0.004967912,0.100138705,0.840938624,NA
ZNF658B,32.34315283,0.006016651,0.098426911,0.841156429,0.930534304
PARP12,4518.074574,0.009067377,0.052687642,0.841269857,0.930579263
SYT15,69.01813249,-0.006196505,0.097367328,0.841454784,0.930615759
ZNF540,29.12302912,0.006046355,0.09837463,0.841501139,NA
ARHGEF9,729.4200385,0.010467513,0.071346694,0.84151521,0.930615759
IFT52,349.7381818,0.01038698,0.072699137,0.841521219,0.930615759
COL4A5,9.596949252,0.002888391,0.102103857,0.841536067,NA
RAD54L2,1088.059509,0.010302391,0.076873664,0.842168895,0.931251455
RAB11FIP5,436.7135484,0.010272578,0.078275901,0.84225726,0.931267709
TMEM260,437.8632106,-0.010195574,0.075354841,0.842362566,0.931267709
DUSP18,275.627262,0.011133793,0.075352366,0.84242981,0.931267709
CD36,6409.387349,0.010062961,0.074553584,0.842556565,0.931267709
ZNF350,171.6519788,-0.008122094,0.092559808,0.842687928,0.931267709
KYAT1,159.620844,-0.008259958,0.091779594,0.842691263,0.931267709
CPXM1,31.38589945,-0.005988905,0.098186398,0.842693479,0.931267709
C18orf32,603.2251597,-0.009802746,0.082912483,0.842789012,0.931292785
GRIN2A,9.534147383,0.002579743,0.102246151,0.842980367,NA
NOL3,135.5729845,-0.009558007,0.084539266,0.843003114,0.931448865
LRRC25,3263.324716,-0.008459697,0.0480392,0.843112217,0.931488912
F12,25.91975228,-0.005144223,0.099542602,0.84313538,NA
GSDMB,69.61731576,0.00804934,0.093778708,0.843291792,0.931502442
ZNF276,1183.112603,0.010237212,0.070080983,0.843294412,0.931502442
PHC1P1,79.84289162,-0.007691279,0.093899752,0.84336689,0.931502442
BNIPL,13.06159148,0.003512063,0.10159646,0.843437079,NA
CREB3,1491.505775,-0.009162959,0.054801807,0.843450811,0.931502442
FBXO2,11.56338421,0.004033379,0.101084025,0.843521755,NA
HDX,64.75550493,-0.006100135,0.097822243,0.843528011,0.931502442
TP53BP2,1087.84793,-0.010209363,0.06910807,0.843561617,0.931502442
SPON1,15.28957081,-0.003513345,0.101466822,0.843823441,NA
TMEM45B,63.52734221,0.006934108,0.097064356,0.843984991,0.931824988
ANKRD36B,176.7212763,-0.008989509,0.088281518,0.844077354,0.931824988
ESR1,86.63663703,0.006429814,0.097434196,0.844106056,0.931824988
ZNF764,292.4526488,-0.009660018,0.082777749,0.844160324,0.931824988
GINS4,337.0483591,0.008875973,0.08917818,0.844218133,0.931824988
ZNF513,788.0779768,0.010455803,0.065138501,0.844409896,0.931956191
PLEKHM3,508.5477842,-0.009961874,0.068140971,0.844622571,0.932060104
RPS10,7944.461197,-0.008355492,0.04850644,0.844652172,0.932060104
UBAP2,1304.388264,-0.009166807,0.053844029,0.844722755,0.932060104
SAT2,973.1201879,0.009246817,0.056328166,0.844899228,0.932174372
APOBEC3F,190.3123053,-0.008355472,0.091110018,0.845202754,0.93229253
DISP1,622.4431838,-0.010012279,0.072320967,0.845214135,0.93229253
KIF21A,107.5478072,0.005946701,0.095592022,0.845292925,0.93229253
ZNF699,108.3837703,0.006412584,0.097359421,0.845298006,0.93229253
DBH,13.82966754,-0.004154787,0.100821505,0.845476242,NA
TNFSF8,10.35584962,0.003874042,0.101188162,0.845916877,NA
CTDNEP1P2,10.25273089,0.003832463,0.101212825,0.846064272,NA
TLK1,1370.508313,-0.009734781,0.065329838,0.846091325,0.933087
CCDC122,133.161045,-0.007693258,0.093359946,0.846198723,0.93312495
TMEM241,110.3005127,0.007781731,0.093537514,0.846273854,0.933127315
C17orf99,7.409622283,0.003033357,0.101903614,0.846389729,NA
KCNE4,57.70347176,-0.00719097,0.094955056,0.846446201,0.933236864
PIP4K2C,997.7877785,-0.009173236,0.058222862,0.84664327,0.933373648
YBX1P1,8.386787151,-0.003350901,0.101627599,0.846725591,NA
ZNF624,171.3907879,0.008659458,0.089913875,0.846778471,0.93344221
KRTCAP3,24.54796836,0.005289625,0.099366183,0.84683647,NA
DYNC2H1,224.9762994,-0.00835359,0.09298213,0.847085701,0.933700378
EEF2KMT,272.2311328,0.010830057,0.074339307,0.84726774,0.933820522
SLC7A5P2,82.00005798,0.007970932,0.092813092,0.847414136,0.933901365
ANO7L1,28.90586035,-0.005803094,0.098156792,0.847473222,NA
PFN2,26.87943734,-0.005204982,0.099136641,0.84755131,NA
PIWIL4,147.5279266,0.008307165,0.089903281,0.84764362,0.934073753
MRPS17P1,15.1085179,-0.004535388,0.100235049,0.847813954,NA
AMOTL2,7.345864146,-0.002615006,0.102110365,0.847855191,NA
EFCAB12,55.91032112,-0.006164975,0.097332357,0.847982752,0.934119158
GATD3,3067.380978,0.00743763,0.041775997,0.847998509,0.934119158
SCML4,31.36362558,-0.005752238,0.098223393,0.848065229,0.934119158
NT5DC1,678.0719704,0.00986344,0.077192695,0.848074192,0.934119158
DYNLT3,524.9840656,0.009658307,0.063585625,0.848101622,0.934119158
EMC4,1373.598087,-0.008896673,0.054558447,0.848123205,0.934119158
PNMA2,36.30214373,-0.005318136,0.098896923,0.848309262,0.934166011
PRMT6,724.173855,-0.009809503,0.070850191,0.84831188,0.934166011
IL17REL,16.03444474,-0.004109197,0.100747813,0.84834996,NA
DDAH1,11.45530286,-0.003302703,0.101561328,0.84840167,NA
SEC24A,1208.50276,-0.008628522,0.052793984,0.848455956,0.934244199
SH2D2A,5.24172878,0.002065751,0.102533828,0.848693432,NA
TMEM33,2679.844247,-0.008752568,0.054502872,0.848812408,0.934551665
SORBS2,13.52799388,0.003868877,0.10109215,0.848828483,NA
GOLGA6L10,35.80482169,-0.005667439,0.098330319,0.848933127,0.934551665
YIF1A,1740.961653,0.008920813,0.054027847,0.848971406,0.934551665
ZNF200,343.3971433,0.00989828,0.074387923,0.849041207,0.934551665
ELOVL6,150.1423325,0.003219654,0.101768937,0.849102357,0.934551665
NUMBL,152.3906071,0.007827169,0.092900648,0.849173773,0.934551665
ATP5F1E,2917.544935,0.009281026,0.060343634,0.849257451,0.934563308
AZIN2,280.381861,-0.007611495,0.092962636,0.849590109,0.934848915
RBM22P2,8.700159566,0.003090945,0.101820595,0.849655535,NA
SIGLEC22P,56.59189651,0.007494599,0.094067572,0.849760278,0.934955694
ZNF550,166.33589,0.009006965,0.086500809,0.849926876,0.93497152
PCDHA6,54.672001,-0.006318306,0.096847199,0.849988883,0.93497152
RAE1,691.5758144,-0.009446887,0.062720323,0.849994054,0.93497152
ZNF484,76.12265538,-0.008129489,0.090620717,0.850126055,0.934986317
DBF4B,548.4055882,-0.009076824,0.069772747,0.850178917,0.934986317
MEA1,1495.99931,-0.010853241,0.05349954,0.8502269,0.934986317
GAREM1,30.69899622,0.004745453,0.100081945,0.850399609,0.935050983
PDZD2,32.40255378,0.0051745,0.09921754,0.850431978,0.935050983
IRAG1,49.02996475,0.006674707,0.096192483,0.850615909,0.935097108
TRMT12,253.0989247,-0.009074114,0.08462796,0.850620209,0.935097108
DNAH11,33.78447771,0.005723716,0.09818619,0.850702188,0.935098126
GRK5,111.7348363,0.008837143,0.086861797,0.850806071,0.935098126
ACSM4,6.840889885,0.003131071,0.101782427,0.85082248,NA
TUSC3,19.24066968,0.004844636,0.099704294,0.850849505,NA
TULP3,335.7057198,-0.009079081,0.07254075,0.850927241,0.935098126
EHHADH,119.5325165,0.008426546,0.089764633,0.85096175,0.935098126
ECD,719.1095273,-0.009292989,0.062368062,0.850986836,0.935098126
CDC42EP4,163.0514737,0.008436451,0.09009117,0.851117021,0.935123961
GDE1,3070.915724,-0.008762538,0.058215684,0.851156631,0.935123961
PCDHA9,25.84009571,0.005248319,0.099177828,0.851334292,NA
FAM171A2,18.48139822,-0.004087136,0.10059834,0.851505674,NA
HOMEZ,492.9048965,-0.009672008,0.073588883,0.851535168,0.935402368
METTL21EP,10.52346776,0.003777555,0.101129437,0.851535457,NA
MED28,1535.323838,0.009959512,0.077106161,0.851556367,0.935402368
PRDM11,326.5859188,0.009098977,0.082360548,0.851702867,0.935423756
REXO5,155.3288579,-0.007757864,0.091968645,0.85172217,0.935423756
UMPS,714.7803763,0.009678316,0.075903628,0.851855343,0.93545732
TMLHE,333.1690478,0.009535111,0.079900353,0.851899067,0.93545732
KIR3DX1,22.46451636,0.004676582,0.099986093,0.851930894,NA
TTC22,7.613626331,0.003081905,0.101801809,0.852142888,NA
LRIF1,488.3242928,0.009443724,0.066701462,0.852364852,0.935817419
WDR53,196.183258,0.009090884,0.084725238,0.852382245,0.935817419
PRXL2B,2909.381176,-0.008866303,0.058107149,0.852516856,0.935817419
RASGRP1,294.7761936,0.009656445,0.072922158,0.852597375,0.935817419
ZNF19,70.58799831,0.00780514,0.092328078,0.852617093,0.935817419
SNX24,1130.146215,0.010852079,0.068183148,0.85266618,0.935817419
MOB3C,909.9337396,0.009995369,0.056169542,0.852967161,0.936067395
BCO2,41.25063039,0.005673712,0.098413496,0.853200875,0.936124869
MRPL30,748.6287891,-0.009436059,0.068470688,0.853213034,0.936124869
TMEM220,84.7891196,0.007691378,0.092503555,0.853282389,0.936124869
SEL1L2,32.77057472,0.005166118,0.099110225,0.853312415,0.936124869
ST6GALNAC4,1681.438059,0.009466042,0.05833679,0.853531179,0.936212545
NHEJ1,262.3262244,0.008287221,0.089711512,0.853544939,0.936212545
ZNF772,204.2771434,0.008856381,0.086252614,0.853612017,0.936212545
TASOR2,1263.481845,0.009510736,0.070240333,0.854076696,0.936596524
CACNA1A,103.6807322,-0.008449254,0.087862887,0.854108633,0.936596524
XIRP1,10.72165372,-0.003688772,0.101057182,0.854152926,NA
SLC2A14,25.1329436,0.004708079,0.099800842,0.854359265,NA
SOX13,103.5130444,-0.008047747,0.090153291,0.8543943,0.936730353
PLEKHM1P1,399.3714337,-0.009157269,0.079700085,0.854432146,0.936730353
KLF2P4,37.7854962,-0.006220759,0.096585299,0.854503269,0.936730353
GTF2A1,1270.713465,0.008766717,0.061088099,0.854523747,0.936730353
KLKB1,17.24577817,-0.00370305,0.101017442,0.854678177,NA
MIA-RAB4B,7.267531598,0.002405646,0.102256311,0.854836794,NA
TMEM229B,144.5854687,0.009087612,0.08460996,0.854885756,0.937046844
KLHL35,44.76465594,0.00639048,0.096417104,0.854981118,0.937071032
SMN2,582.5586874,0.009262298,0.077365206,0.855058341,0.937075337
CCDC146,163.6685382,0.007975825,0.09092901,0.855135012,0.937079038
STPG4,26.74234187,0.005382643,0.098578329,0.8552608,NA
TAF7,1814.658006,-0.008343158,0.054089689,0.85531233,0.937193018
MCUB,907.41618,0.009125785,0.063098156,0.855485568,0.93730251
KAT14,492.2302225,0.00921926,0.066183977,0.855578934,0.937324479
PAOX,95.03154722,-0.00806644,0.089323589,0.855758707,0.937394095
NOVA1,9.73243142,0.003262094,0.101541855,0.855772306,NA
TMEM38A,14.78941904,0.003663051,0.101102256,0.85578517,NA
WDR5B,221.1081627,-0.009248894,0.07719111,0.855850277,0.937394095
NCOA3,2461.853235,-0.005082243,0.042729154,0.855862438,0.937394095
CELF4,5.551551088,0.002208659,0.102386268,0.855903093,NA
KCNJ3,7.982199929,-0.002755363,0.101938856,0.855999443,NA
ZNF835,11.19318327,0.003948511,0.100943562,0.856078708,NA
KIAA0825,159.3099785,-0.00832499,0.087596571,0.856193294,0.937579383
DHRS7,1485.861897,0.008638766,0.051177039,0.856252414,0.937579383
CRYZ,433.0837393,0.009316893,0.071466961,0.856285298,0.937579383
TUFT1,240.009174,0.009093453,0.083147616,0.856376148,0.937579383
UQCRC2,4050.782046,-0.008137752,0.052319546,0.856398282,0.937579383
DBI,8067.593404,6.04E-05,0.062393877,0.856607907,0.937598041
BAD,435.3190673,-0.008355332,0.073444115,0.856657086,0.937598041
COA5,639.4977254,-0.009301475,0.071295121,0.856676807,0.937598041
DLG5,225.6820088,0.008663311,0.086391475,0.856708668,0.937598041
MTMR7,52.92348958,0.005128114,0.09890598,0.856823662,0.937615421
GPC2,58.73142108,0.006866158,0.094800015,0.856871222,0.937615421
CIAO3,1012.080587,0.009236131,0.066961949,0.85704002,0.937663544
TCP11L2,279.3751111,-0.009183905,0.07831366,0.857111907,0.937663544
P2RY8,74.43516046,0.007735588,0.091464249,0.857135224,0.937663544
ZDHHC11B,18.22071557,0.003955649,0.10078338,0.857336358,NA
ZNF337,364.9898493,0.009322253,0.074284552,0.857522008,0.937994922
ARGFX,50.86911986,-0.006678094,0.094828794,0.857584877,0.937994922
UFSP1,27.0021974,0.005243848,0.098716653,0.857609451,NA
LMNTD1,6.377179763,0.002886451,0.101824781,0.857670115,NA
GDF7,11.09088702,0.003731297,0.1010101,0.857746033,NA
GORASP2,1892.994329,-0.008445655,0.056274231,0.857763748,0.93809242
EMC6,766.4970146,0.008503972,0.05647548,0.857820765,0.93809242
NOD1,693.9330861,-0.009276018,0.069191753,0.857950095,0.938093837
ZNF160,427.5221713,-0.009155397,0.068678452,0.85796881,0.938093837
ABHD17C,21.36158294,0.004370957,0.100116641,0.858075652,NA
GLCCI1,355.9924072,-0.008861763,0.080636344,0.858210652,0.938273404
B3GLCT,429.4822424,0.009691409,0.070513386,0.858347388,0.938273404
ANKRD28,1379.13024,-0.008924039,0.064635557,0.858353206,0.938273404
S100A13,291.3481992,-0.008815222,0.08227313,0.858519068,0.93837448
OR6J1,14.7044814,0.00421671,0.10041084,0.858587807,NA
PGBD2,127.1397886,0.008599887,0.085615317,0.858673456,0.938459665
ZNHIT2,304.5104655,0.009265086,0.074887397,0.85874381,0.938459665
LRRC37A15P,14.86718228,-0.003555538,0.101054163,0.858809039,NA
CRIP2,71.95751255,-0.007301645,0.09188936,0.85889516,0.938544839
WNT5B,8.409180285,0.003022861,0.10172464,0.859218495,NA
CHKB-CPT1B,669.2956298,0.009245408,0.072098866,0.859246191,0.938848179
EEIG2,1465.96972,-0.008051746,0.053274148,0.859460397,0.938996798
KSR2,10.80418743,0.003791042,0.100874065,0.859571943,NA
RAX2,6.466864081,-0.002812099,0.101816419,0.859610584,NA
TMEM248,2341.816228,-0.008538047,0.066135327,0.859622878,0.938996798
ACOX3,663.8340764,0.009579791,0.067930714,0.859670194,0.938996798
ZNF564,201.2142799,0.008293862,0.088661231,0.859826958,0.938996798
NKIRAS2,2360.048424,-0.006937886,0.045788014,0.859891267,0.938996798
BUB1,891.0205714,0.008874575,0.063965075,0.859914284,0.938996798
HDDC3,291.8409232,-0.008064269,0.075117879,0.859980436,0.938996798
CCDC124,1329.991279,0.007773393,0.053371565,0.859982038,0.938996798
TMC1,29.83328345,0.00466186,0.099566105,0.860012434,NA
ZNF619,178.5042481,-0.008677759,0.088623198,0.860043215,0.938996798
MED31,204.8947082,0.0086044,0.084896399,0.860196377,0.939083825
NANOG,19.12493084,-0.004384124,0.099829734,0.860326535,NA
SZT2,2413.841392,0.00894889,0.062868794,0.860338328,0.9391586
TRIM6-TRIM34,7.907499424,-0.00056706,0.10300205,0.860479163,NA
COG4,1546.542298,0.00873427,0.067431428,0.860560576,0.939244813
F2R,76.10286041,-0.006662621,0.094472021,0.860633906,0.939244813
ATP8A1,284.0634943,0.008223917,0.08761615,0.860637699,0.939244813
TMBIM4,2467.413934,-0.00752127,0.049630187,0.860738624,0.939274779
MYOM1,17.3943807,0.003039502,0.101645834,0.860812081,NA
ADAMTS16,15.13018223,0.004002154,0.100557332,0.861030891,NA
NDUFC2-KCTD14,60.023116,0.005824822,0.09717331,0.861038689,0.939522032
KNDC1,29.8417851,0.004708942,0.099423472,0.86120536,NA
TRGV7,42.39915585,0.005978453,0.09674641,0.861211809,0.93960838
KIAA1210,26.75570685,0.005073018,0.098765651,0.861213503,NA
UPF3AP3,13.7488392,-0.003741336,0.100694795,0.861285593,NA
FGD6,1090.283936,0.008173904,0.055788588,0.861376347,0.93960838
APOO,446.8465057,0.008870302,0.080729756,0.861423883,0.93960838
GTF2B,860.9702088,-0.008909578,0.067451103,0.861439961,0.93960838
FMO5,111.8453953,0.007649733,0.090683855,0.86148529,0.93960838
DGCR6,68.61233652,-0.006378273,0.09514779,0.861559573,0.939609241
GCNT1,774.720222,-0.008923662,0.076120263,0.861762587,0.939750484
RTL8A,527.1873799,-0.008950154,0.073190339,0.861849799,0.939765431
COMMD2,878.7731486,0.009071643,0.073945641,0.862123279,0.939846812
PTPRS,126.5858278,-0.006881187,0.092921823,0.862161047,0.939846812
GPR82,1141.69364,0.008933912,0.074539773,0.862213269,0.939846812
ATP11A,4755.13613,-0.008773024,0.068810253,0.862218479,0.939846812
TMEM151B,9.671916471,0.002382214,0.102206384,0.862262193,NA
NBPF15,709.5209187,0.008354504,0.058315747,0.862312045,0.939868669
ZFYVE9,102.6230367,-0.006870364,0.093151272,0.862600802,0.940103253
LRRC75B,89.4375299,-0.007278479,0.091487722,0.862982751,0.940378667
RPRD1B,928.1647641,-0.008322131,0.059911062,0.863030922,0.940378667
GOLM2,1944.254364,0.007467346,0.056050555,0.863104021,0.940378667
PEX1,543.876903,0.008609255,0.080068279,0.863147724,0.940378667
CCDC80,138.9113118,0.008113239,0.087157127,0.863309039,0.940474272
DND1,11.26360318,0.002578123,0.102044916,0.863466743,NA
IFT140,447.7408787,0.008660131,0.082147226,0.863501591,0.940594791
TBC1D8B,220.9436297,0.00870412,0.085178663,0.863621887,0.940594791
PCYT1B,10.88975742,0.00359806,0.101038819,0.863627881,NA
TESMIN,50.65189708,0.005289399,0.098140365,0.863640379,0.940594791
DNAH7,19.17394548,-0.002812418,0.101668715,0.863804905,NA
ASH2L,1461.226861,-0.008687663,0.068039023,0.863815325,0.940646421
MTMR11,49.55944051,-0.00603243,0.095652446,0.863934294,0.940646421
TCTN1,371.3687605,0.009144892,0.077048815,0.863974108,0.940646421
H2BC11,20.12748137,-0.004070525,0.10003137,0.864045047,NA
TEDC2,114.5711768,-0.007302884,0.091864756,0.864106923,0.940646421
RNF214,552.2687666,0.00952208,0.06976099,0.864114154,0.940646421
COX19,685.591475,-0.008630647,0.062289667,0.864129231,0.940646421
ACTR1B,2102.892575,0.007862432,0.05188765,0.864465588,0.940932449
NSUN5P1,248.8047407,0.008459042,0.087261785,0.864546455,0.940940362
WDSUB1,361.1620887,-0.009498506,0.07060056,0.864968457,0.94128562
ZNF304,285.550503,-0.011270804,0.073616827,0.865010931,0.94128562
RPL13P8,13.99872418,-0.003382726,0.10108686,0.865083261,NA
ABTB2,113.2291726,0.007317879,0.091423306,0.865155793,0.941363133
MDH1B,8.099136346,0.002852103,0.101733257,0.865237127,NA
PALS2,49.34912172,-0.004845639,0.098557301,0.865369443,0.941507966
RTN4,17544.05836,-0.007919218,0.03691751,0.865449602,0.941507966
ZNF566,182.4450304,-0.007503319,0.089145877,0.865509825,0.941507966
PMS2P2,8.272143133,-0.00302396,0.101461879,0.865522453,NA
CEP63,687.9815774,0.008208472,0.066338581,0.865687578,0.941621208
PAPSS2,1551.738915,0.008206751,0.061526707,0.866029343,0.941912816
NSFL1C,2099.229107,-0.008112834,0.059128766,0.866219459,0.942039451
HRH4,9.602979116,-0.003013448,0.101470896,0.86632513,NA
CA14,22.42546578,-0.003794125,0.100391764,0.866389143,NA
CASP6,406.0194336,-0.008612093,0.072643476,0.866461011,0.942097522
LRGUK,36.20296869,-0.005362778,0.097022387,0.866588593,0.942097522
CTSV,82.82082409,0.007027239,0.092357387,0.866619903,0.942097522
MAPK9,1283.195358,-0.009262172,0.063291391,0.866686327,0.942097522
TONSL,521.0670373,0.008704749,0.075188841,0.866778208,0.942097522
RGL1,1203.357489,0.008141158,0.05853477,0.866913052,0.942097522
FILIP1,18.74463445,0.004411564,0.099595782,0.866983559,NA
FGD5,7956.431783,-0.007143616,0.050370613,0.866991591,0.942097522
PET100,909.7522757,-0.008251373,0.062821439,0.866998265,0.942097522
PPP1R14C,49.33394369,-0.006184775,0.094915723,0.867011584,0.942097522
ABCG2,341.872292,-0.007969012,0.085491596,0.867176533,0.942097522
DHX34,967.3829753,-0.008344278,0.063482774,0.867244994,0.942097522
GEMIN8,219.5825574,0.008658151,0.08522467,0.867413751,0.942097522
ZSCAN32,336.3674549,0.008472852,0.080427574,0.86741767,0.942097522
POLR3A,932.6968398,-0.00788614,0.05904094,0.867554779,0.942097522
SMDT1,733.3972168,0.008367147,0.061983578,0.867576191,0.942097522
REM2,12.22982798,0.003567533,0.100887119,0.867581982,NA
TRMT2A,1845.350452,-0.008214391,0.063277899,0.867610977,0.942097522
BRD9,1226.561099,-0.007368951,0.05772112,0.867651315,0.942097522
DDX12P,131.9067428,-0.00747889,0.088929526,0.867690865,0.942097522
TUBB2B,39.6117901,-0.004774409,0.099004293,0.867703641,0.942097522
TRNP1,99.37788521,-0.007264662,0.089620918,0.867809839,0.942097522
ERBB3,82.21280769,-0.005694332,0.096424358,0.867868161,0.942097522
WASHC5,1758.183255,-0.008364676,0.064892121,0.867893986,0.942097522
EID2,427.4587342,0.008450332,0.065800993,0.867968196,0.942098089
CYP2D8P,11.83005067,0.002599978,0.101861971,0.868070293,NA
PKD1P1,1114.272432,-0.006872783,0.09273938,0.868119398,0.942182216
PVRIG,14.75193897,-0.00370577,0.100483541,0.868395672,NA
SDHAF2,631.320062,-0.008414928,0.065353359,0.868422803,0.942431503
PGLYRP3,13.88224464,-0.003558321,0.100722974,0.868430345,NA
MUCL1,9.39879478,0.002719309,0.101757578,0.86847655,NA
PRRT1,12.71208827,0.003634927,0.100733675,0.868742076,NA
AMY2B,332.7730589,-0.008053302,0.083475118,0.868851483,0.942816688
CYTL1,24.22192185,0.004225883,0.099793993,0.869016872,NA
GPCPD1,4546.30688,0.008250765,0.065209601,0.869168805,0.943080978
ZNF888,108.4890096,-0.007254823,0.089580927,0.869286563,0.943128709
ANGPTL4,16.02028439,-0.002997652,0.101316116,0.869394182,NA
UCN,21.53736657,-0.004445804,0.099173562,0.8694028,NA
FLNA,61630.73918,-0.013635607,0.053758468,0.869456875,0.943210371
PIGU,404.1838154,-0.008806084,0.072835057,0.86950938,0.943210371
CHRM3,19.55277356,0.00400537,0.10009279,0.869625755,NA
ARPC4-TTLL3,85.95089433,0.00675047,0.092878912,0.869733296,0.943229352
FCER1G,7539.816829,-0.008004557,0.061357472,0.869811921,0.943229352
PRSS35,10.7402071,-0.00311513,0.101245843,0.86981892,NA
SIMC1P1,34.26178988,0.005013798,0.098214394,0.869855231,0.943229352
PCDH18,61.01974958,-0.005630408,0.096389515,0.869912451,0.943229352
POTEI,45.43758695,0.005295037,0.097614092,0.869920216,0.943229352
SEZ6,27.79311023,-0.004036813,0.099836627,0.869961262,NA
CCDC149,196.9703098,0.007080225,0.092362822,0.869969536,0.943229352
PCDHB16,14.99010994,0.004031901,0.100248898,0.870245236,NA
FAM86DP,10.48290771,0.003523714,0.100805814,0.870687018,NA
CDR2L,219.333453,0.00804099,0.081111652,0.870703587,0.943945167
PRKAB2,448.6896168,0.008112783,0.082903446,0.870854811,0.944029062
PPP4R2P4,15.55720577,0.003807874,0.100352584,0.870924851,NA
CCDC88C,120.8071743,-0.005470265,0.096444674,0.871091526,0.944109889
MTND5P11,17.69432514,-0.003936847,0.100025509,0.871103882,NA
METTL14,640.6674869,0.008167634,0.079074149,0.871116986,0.944109889
RGP1,1530.908178,-0.008336284,0.068971936,0.871150908,0.944109889
FZD6,21.34276557,0.003893615,0.100128829,0.871402816,NA
CHAD,92.82177502,0.007018978,0.09044417,0.871432543,0.944335062
OR2I1P,7.294178897,0.002525784,0.101918751,0.871561227,NA
RNF14,1595.773684,-0.007407262,0.055435947,0.871579373,0.944414127
NR4A3,234.7549152,-0.008093318,0.080879162,0.871724134,0.944490937
LRIG1,70.84523126,-0.006114099,0.09445567,0.871936387,0.944640853
GAPDHP35,10.09550546,0.002789412,0.101659523,0.872004362,NA
THSD1,20.40350194,0.004252541,0.099566758,0.872007047,NA
GEMIN6,246.2924161,0.008211242,0.080940355,0.87212734,0.944689581
ALG8,912.908564,-0.007544035,0.055914445,0.87214732,0.944689581
SFTPB,43.66567084,0.005269923,0.097401769,0.872239529,0.944689581
OR6C4,13.1415704,0.003564924,0.100666855,0.872289403,NA
NUDT18,227.2406919,-0.008054044,0.079361885,0.872289757,0.944689581
BRD3OS,296.68105,0.007903906,0.084467649,0.872350817,0.944689581
RTF1,1952.19591,0.008290529,0.077722793,0.872516334,0.944747625
ASPA,77.56874882,0.00643537,0.093559006,0.872552206,0.944747625
GALNT13,8.729723461,-0.001808555,0.10239929,0.872569187,NA
EGLN1P1,14.37764496,0.003131052,0.101247889,0.872918275,NA
ZNF397,551.924515,-0.003759602,0.074242571,0.873007253,0.945027715
FLOT2,4770.058207,-0.006680129,0.050489693,0.87304884,0.945027715
FBXO31,882.3751976,0.008089379,0.065469093,0.873139408,0.945027715
CATSPER3,17.78463274,0.004075672,0.099793758,0.87318603,NA
GOLGA6L5P,244.9714926,-0.007827291,0.083297498,0.873288488,0.945027715
TBC1D22B,522.9351047,0.008224947,0.069022341,0.873290138,0.945027715
SMIM19,508.1783597,-0.00836282,0.071835138,0.873314735,0.945027715
NUDT9,1428.57072,-0.008038735,0.069172553,0.873328311,0.945027715
ASB18,10.77608091,0.003209673,0.101121862,0.873375208,NA
CEBPZ,1257.029201,0.008282365,0.075940475,0.873424308,0.945045394
MAPKAPK3,6283.065758,0.005954376,0.0375,0.873492485,0.945045394
MMD,2432.135099,0.008099628,0.053869909,0.873686809,0.945175651
AGAP2,57.08303494,-0.005751139,0.095471168,0.873928246,0.945348019
DERPC,829.9779971,-0.00760287,0.064043825,0.873994023,0.945348019
RCAN1,789.8295775,0.008348328,0.061763246,0.874200658,0.945479092
NUGGC,23.09831763,-0.003911665,0.099801938,0.874281026,NA
NAGK,3871.24661,0.007397208,0.05442549,0.874302247,0.945479092
ECSCR,8.615915696,-0.002253779,0.102055398,0.874352821,NA
SEPTIN7P2,54.02431124,-0.005975292,0.094344266,0.87438401,0.945479092
TRUB2,976.9949527,0.007927028,0.062647438,0.874411011,0.945479092
MRPS22,898.2549622,0.00912223,0.062768482,0.874800803,0.945820572
ELAPOR1,26.82307438,-0.004038104,0.099241246,0.875064068,NA
VAMP1,296.1712297,-0.007927368,0.077366227,0.875498237,0.946492896
CICP16,18.11617571,0.004159405,0.099505586,0.875555187,NA
TEAD1,128.8913292,-0.006215321,0.093156551,0.875570707,0.946492896
CAMK1D,2449.990005,-0.006315644,0.045337146,0.875769128,0.946619687
TMEM185B,1331.822664,-0.006609331,0.048358793,0.875836079,0.946619687
PDS5A,2963.667922,0.002668269,0.04683334,0.876068085,0.946718807
ANKRD29,68.07083377,-0.005690419,0.095029638,0.876115053,0.946718807
F2RL1,9.952420768,-0.002614749,0.101668669,0.876168357,NA
ZZZ3,1235.76767,-0.007859447,0.065871551,0.876193813,0.946718807
ASPM,1428.065962,-0.006423089,0.054055456,0.876456736,0.946718807
AMZ2P1,41.43028475,-0.005132117,0.096752003,0.876506617,0.946718807
RPL10,14415.50724,0.00681164,0.052319219,0.876602482,0.946718807
CFAP119,151.8674485,-0.009076835,0.086090902,0.876673362,0.946718807
SMG8,547.5142008,-0.007858378,0.062346944,0.87680638,0.946718807
PGBD4,142.4997971,0.007676705,0.085193144,0.876820952,0.946718807
ST3GAL2,1942.916844,-0.007764341,0.064794412,0.876826853,0.946718807
BEND3,95.7423108,0.007075229,0.088432078,0.876875864,0.946718807
RPL36,3984.78363,-0.005986957,0.053511943,0.876908067,0.946718807
ZNF415,8.379371769,0.002626417,0.101717272,0.877028529,NA
PRPF31,1762.984345,-0.006778421,0.0508464,0.877042188,0.946718807
HNRNPH1P1,8.915718216,-0.002773052,0.101405534,0.877106488,NA
PYHIN1,39.47187442,-0.004901769,0.097429935,0.877209077,0.946718807
ELF5,40.40540877,-0.004740203,0.098024775,0.877328276,0.946718807
RPS26P19,11.09460809,0.001110523,0.102845392,0.877389049,NA
RACK1,15391.58127,-0.006501665,0.049711709,0.877434433,0.946718807
HTR2B,23.91827664,-0.00391021,0.099001042,0.877453758,NA
ETNK2,65.84114228,-0.004864142,0.097444945,0.877476173,0.946718807
VAMP3,2525.45124,0.006976398,0.052365528,0.877487913,0.946718807
NRXN3,8.788317306,-0.001919566,0.102275916,0.877511424,NA
FKBP4,1463.296144,0.008222576,0.069817562,0.877603361,0.946718807
STK38,1335.249734,-0.007176857,0.055558404,0.877607419,0.946718807
ABCA8,11.39816307,-0.002590361,0.101591722,0.877610683,NA
SAMD14,65.90287283,0.005911307,0.094864666,0.877646471,0.946718807
SRD5A1,947.653923,-0.007661583,0.063213193,0.877659307,0.946718807
MDN1,1430.387269,-0.007777217,0.06662233,0.87768948,0.946718807
GRAMD4,2780.69631,0.008150065,0.065424793,0.877792926,0.946718807
FLT3LG,63.99305995,-0.006058925,0.093271097,0.877817719,0.946718807
HSPE1-MOB4,98.08354541,0.005965099,0.094361101,0.877853067,0.946718807
RHOQ,3960.237752,0.007043904,0.052813523,0.878020513,0.946819523
SYNPO,77.92810078,-0.006131058,0.09305632,0.878163049,0.946893361
AIM2,9.149013164,-0.002971773,0.101160592,0.878216423,NA
ZNF460,66.83922324,0.005233552,0.096850512,0.878238319,0.946894663
CD300H,10.17722442,0.002793058,0.101494366,0.878303573,NA
SPRED1,11619.69131,-0.007039126,0.055184078,0.878390448,0.946940514
VPS53,2302.183618,-0.00659915,0.052736015,0.878428979,0.946940514
ATP5F1A,11892.126,-0.01148409,0.045517107,0.878627514,0.947074679
PDE4DIPP6,24.86413793,0.004211796,0.099186551,0.87869258,NA
RTEL1P1,13.41985435,-0.003364802,0.100571346,0.878709825,NA
TRAPPC2L,867.3168871,0.007872781,0.069394618,0.878934613,0.947257206
FOCAD,1118.938051,-0.007819339,0.069568393,0.878959226,0.947257206
TREX1,775.6183767,-0.00760563,0.064275123,0.879019123,0.947257206
CDCA3,439.922345,0.00789198,0.073221765,0.879162371,0.947331725
ZNF700,330.5887061,-0.007575532,0.079555283,0.87926046,0.947357575
PAX6,10.26947516,0.002791609,0.101463427,0.879287188,NA
TFAP2E,79.12343942,-0.005984679,0.09336742,0.879370262,0.94739604
GMFB,2560.320972,0.007985739,0.065956908,0.879738768,0.947713191
CHMP4C,32.78927723,0.004937495,0.097411733,0.879902981,0.94781023
SV2A,9.001657982,0.002562547,0.101710653,0.879998202,NA
GASK1B,3077.809854,0.007770757,0.057209294,0.88011643,0.947960283
UBE2L5,10.64715869,-0.002971301,0.101066782,0.880365236,NA
RASGEF1A,13.13650227,0.002602709,0.101617081,0.880457032,NA
ADAT1,864.9754942,0.007687983,0.066895189,0.880459348,0.948249748
FNDC1,10.52734521,0.002790832,0.101435213,0.880487605,NA
MOGAT1,8.622575286,-0.002598157,0.101516677,0.880548953,NA
TTLL11,181.0409043,-0.006998148,0.086685076,0.880851397,0.948534677
RABEP1,2933.212207,0.006797159,0.055285176,0.880872289,0.948534677
PNRC2,2382.343223,0.00666907,0.051018629,0.88100391,0.948553796
NCF4,2094.126594,-0.005915204,0.050275241,0.881062948,0.948553796
SKOR1,9.79859529,-0.002797954,0.101259074,0.881092721,NA
PTPN20,13.89545013,-0.003188292,0.100708559,0.881123338,NA
PPM1A,1559.076399,0.006477029,0.064476753,0.881179504,0.948553796
SFSWAP,1362.305824,0.006640505,0.052119718,0.881186815,0.948553796
PPM1J,23.1241849,0.003915399,0.099732458,0.881239848,NA
CDC40,1083.142102,-0.007255859,0.058664876,0.881394008,0.948696347
YWHAQP5,12.77321627,0.003015347,0.101109709,0.881439738,NA
ODF2,874.3452469,-0.006986805,0.0560528,0.881489914,0.948696347
B9D1,46.97857935,-0.00531722,0.0955199,0.881555978,0.948696347
TAF9B,173.5735165,-0.006577657,0.089459268,0.881651654,0.948696347
CS,4400.095486,0.006155121,0.043560696,0.881690261,0.948696347
ZFP91,2732.815363,0.005459193,0.045327346,0.882031795,0.948983969
RGS16,620.9548667,0.00805438,0.070869857,0.882256669,0.949146038
LEMD3,1042.151857,0.007575585,0.066137408,0.882371648,0.949189863
CCDC201,13.11656659,-0.003039047,0.100748035,0.882431146,NA
COQ7,538.4312289,-0.007811241,0.064321737,0.882524691,0.949267677
TMEM249,9.264292043,0.002112738,0.102128486,0.882534573,NA
CENPM,344.7940605,0.007670152,0.072380866,0.882608541,0.949267677
NUDT4B,257.6940014,-0.007369368,0.080569963,0.882740224,0.949267677
GTF2H2C,310.2002185,0.007297669,0.083476157,0.882740978,0.949267677
GIMAP6,2140.34228,0.005940246,0.052808635,0.882940134,0.949401986
LILRA6,882.9929172,-0.006747514,0.062298177,0.883056403,0.949408504
TBCC,591.2093758,-0.007655101,0.062021348,0.883094715,0.949408504
NCOA5,1395.894983,0.008233858,0.059531032,0.883177696,0.94941788
VSIG2,10.01108769,-0.002699169,0.101331605,0.883195712,NA
SCN3B,24.96101,-0.003899334,0.099048143,0.883199707,NA
RARB,12.4871001,-0.003009266,0.100917991,0.883202255,NA
TTR,26.65331894,-0.004282141,0.098386181,0.883520622,NA
TNS3,20620.29509,-0.006489444,0.048973539,0.883590351,0.949652281
MAPK1,4524.027918,0.005734437,0.042298956,0.883609136,0.949652281
PYGB,3154.869949,0.00690817,0.054582729,0.883618579,0.949652281
TMPRSS4,27.51910442,-0.003154552,0.10047299,0.883791187,NA
CTCFL,19.50885914,0.003719929,0.099782158,0.883942905,NA
IRAK3,1259.413713,-0.006626786,0.053507648,0.884055662,0.949944461
BPNT2,3153.82355,0.006294022,0.05082953,0.884065722,0.949944461
TATDN2P3,29.90612833,-0.004266474,0.098393672,0.884149803,NA
SHROOM4,13.51106777,-0.002968831,0.100911926,0.884190759,NA
MAGED2,1586.443616,-0.00697493,0.061035602,0.884213968,0.949944461
MAP3K21,72.76702458,0.005492931,0.094826769,0.884253196,0.949944461
SEC22B,3023.252692,0.006338207,0.051457556,0.884436089,0.949944461
TIMM8A,194.794643,0.007333029,0.080778391,0.884436264,0.949944461
SATB1,311.7441374,0.007234716,0.083026381,0.884441662,0.949944461
ANAPC13,843.3064924,0.007389411,0.066999394,0.884505367,0.949944461
HARBI1,147.4749297,-0.006908585,0.085246144,0.884559156,0.949944461
KRT78,8.259999741,0.002276082,0.101896511,0.884883447,NA
ELMOD2,583.5188323,-0.00699976,0.060482424,0.884955094,0.950257696
MYO5B,68.37573662,-0.00478818,0.096705884,0.884999483,0.950257696
FGF17,8.39888163,-0.002494367,0.101541387,0.885177082,NA
INO80D,1032.636826,0.008386109,0.0741231,0.885322741,0.95046817
NDUFS2,3890.851235,-0.005600858,0.043946534,0.885417639,0.95046817
ADGRF1,43.57465669,-0.005121108,0.095769085,0.88541853,0.95046817
PBX4,12.38752618,-0.002917827,0.100903596,0.885820538,NA
VSNL1,10.47969283,-0.002625225,0.101321203,0.885834062,NA
RAET1E,8.644858282,-0.002066611,0.101991372,0.885948882,NA
REPS1,891.8274356,0.007084346,0.061601235,0.885950267,0.950959127
CHCHD7,1477.911818,0.007105808,0.061348603,0.886120316,0.951061806
NLN,2622.034243,0.006090955,0.045589426,0.886390737,0.951178219
LNX2,176.2508623,0.007226951,0.080669734,0.886401996,0.951178219
CTNND1,8183.967702,0.006037174,0.047339559,0.886451973,0.951178219
ARMCX1,1148.527302,-0.006685365,0.05335846,0.886558881,0.9512131
STXBP5,849.5791034,-0.006417816,0.057247734,0.887036328,0.951645502
SULF2,123.1860263,0.004773506,0.097407765,0.887149147,0.951686679
IMPG1,9.971299255,0.001984698,0.102141606,0.887188163,NA
SH3YL1,448.4091458,0.006758614,0.080428058,0.88747927,0.951773187
SAP18,4065.650744,-0.007604151,0.064472263,0.887504244,0.951773187
IRF3,1497.422994,-0.006778895,0.057728423,0.887532108,0.951773187
EOLA1,429.5750586,0.007493055,0.070580338,0.887597275,0.951773187
SRSF11,4465.858529,-0.005166279,0.039746065,0.887627331,0.951773187
SLC25A4,433.6624261,0.007103457,0.071236988,0.887676455,0.951773187
EXOSC6,1190.192383,-0.008859285,0.052939651,0.887835863,0.951799325
STAU2,756.3997094,-0.007258418,0.069622658,0.88788862,0.951799325
PDE4DIP,3961.204064,0.006751126,0.056993713,0.887971173,0.951799325
GFRAL,14.38793793,0.003159141,0.100629756,0.887976727,NA
PTGES3L,23.19903018,-0.003106364,0.100584502,0.888000477,NA
CPEB4,3102.631982,0.00722188,0.066027721,0.888033653,0.951799325
CASD1,578.07142,-0.00735518,0.071344435,0.888073066,0.951799325
CINP,650.8782176,-0.007082839,0.064186453,0.888169838,0.95182325
LRRFIP1P1,24.6497312,0.00391327,0.0991344,0.888265905,NA
NRBF2,1299.241546,-0.006935473,0.063669152,0.888331095,0.951904133
NAALAD2,86.89700323,-0.005664841,0.092772735,0.888394221,0.951904133
RC3H2,1465.257032,-0.00687751,0.07561316,0.888700766,0.952152794
KLK4,76.99741947,-0.005141808,0.094785483,0.889170396,0.952576128
RND1,24.83244014,0.004160793,0.098410975,0.889236629,NA
PSMD4P1,27.83948571,-0.003715404,0.099227391,0.889383504,NA
C16orf46,8.209855414,0.002124656,0.101972007,0.889600229,NA
RFX2,369.9656941,0.006912483,0.087441073,0.889602882,0.952959601
PRSS16,19.23208866,-0.002547835,0.10129955,0.889739814,NA
XPA,392.5749617,0.007183654,0.071199267,0.890072823,0.953202741
ZNF516,820.3933419,0.006570128,0.079295881,0.890106439,0.953202741
FANCG,490.5299234,-0.007327834,0.077199133,0.890230087,0.953202741
RASA3,3170.658666,-0.005226642,0.042074351,0.890250813,0.953202741
VCL,2205.250205,0.006997984,0.060424016,0.890277626,0.953202741
TMEM120A,428.0702772,-0.007101488,0.071251453,0.890349394,0.953202741
SYCE1L,42.45750309,0.004431035,0.097567411,0.890351751,0.953202741
MPV17L2,487.5753426,0.007056241,0.073355406,0.890488834,0.95325241
SLFNL1,14.65572479,-0.002520288,0.101220548,0.890510977,NA
SPC24,223.4826541,0.007081911,0.07810514,0.890547265,0.95325241
PARVB,2217.597553,0.005305563,0.053463579,0.890623442,0.953254141
WFDC3,16.92630731,0.003495581,0.099803911,0.890705792,NA
PGAM1P7,9.416391875,0.002828186,0.101030093,0.890706285,NA
RPL8P5,11.11231848,0.002645969,0.101296322,0.890739731,NA
MMP25,61.15570853,-0.005483414,0.092979509,0.890780983,0.953342949
FNDC3A,4555.587507,-0.005646033,0.04966982,0.890866519,0.953354687
REXO4,1097.960961,-0.006113641,0.052682126,0.890950061,0.953364289
PPP1R26,927.1630081,-0.005434878,0.0568079,0.891134721,0.953482083
MSX1,15.26247972,0.00336229,0.100154799,0.891189938,NA
ZNF185,26.21964721,0.004109458,0.09838245,0.891272303,NA
PRR19,17.25323202,-0.003129129,0.100314809,0.891538567,NA
ZNF28,293.6537888,-0.003826183,0.098615431,0.891548709,0.953844199
TRMO,407.181019,0.007084086,0.073406793,0.891622372,0.953844199
IL1R1,154.3447942,-0.005629764,0.091793386,0.891868477,0.954027651
NOCT,101.1142686,-0.00495543,0.089476662,0.892056933,0.954149409
A4GNT,13.84380569,-0.002914871,0.100727071,0.892187087,NA
ZNF750,9.371678271,-0.002599217,0.101147341,0.892287835,NA
GPR89A,372.820168,0.007006203,0.078929924,0.892325144,0.954233652
HASPIN,207.8203804,0.006737349,0.083074825,0.892348035,0.954233652
RCBTB1,641.0312665,0.007141919,0.075587626,0.892454001,0.954233652
ZSCAN29,743.3310763,0.006882352,0.06480733,0.892496868,0.954233652
GALNT16,14.35971141,-0.002901447,0.100621042,0.892647551,NA
IRF1,1365.374812,-0.006573779,0.065383843,0.892651622,0.954233652
PPM1B,2128.271478,-0.006092887,0.05362912,0.892656211,0.954233652
RASL10A,471.2518389,0.006966741,0.070090913,0.892658152,0.954233652
FITM2,299.3269268,0.008951252,0.072118795,0.89277978,0.95428388
OLFM1,9.377707746,-0.002250437,0.101622756,0.892784363,NA
ATXN1L,1926.072207,-0.006023574,0.052425144,0.893259797,0.954596288
MMP8,2510.691004,0.006867551,0.070152406,0.893289055,0.954596288
RHOF,806.1249454,0.005692119,0.061214571,0.893298015,0.954596288
ZNF552,202.0541817,0.006844787,0.079763508,0.893370714,0.954596288
KCNK3,17.42835416,-0.003332851,0.100055654,0.893488328,NA
FAM47E,49.38502546,0.00486672,0.09540838,0.893566791,0.954692821
TSSK5P,32.66033412,-0.004246398,0.097379739,0.893630038,0.954692821
NKIRAS1,396.3088919,-0.006839597,0.073060407,0.893685075,0.954692821
IL31RA,11.27164495,-0.001856505,0.10203383,0.893849445,NA
FAM219B,1305.916059,-0.006466403,0.06642822,0.893932591,0.954877448
TMX1P1,6.779960988,0.002091672,0.101901234,0.893955747,NA
CAMLG,1074.596698,0.006881552,0.068668287,0.894131053,0.95500965
TBC1D3I,29.77906499,0.003451054,0.099722192,0.89422253,NA
KLRG1,82.04642249,0.005403158,0.093193438,0.894356005,0.955170122
SLC39A11,2187.130302,-0.005629761,0.049088493,0.894503182,0.955247509
BRSK1,15.95412985,0.002824008,0.100866398,0.894534976,NA
PRSS53,85.8009153,-0.004792226,0.095226879,0.894657935,0.955332974
FAM151A,45.94686666,-0.004687202,0.095086087,0.895155273,0.955724616
SEMA3A,111.6488353,-0.004802936,0.093907494,0.89517421,0.955724616
FOXD4,7.687215835,-0.002312167,0.101481571,0.895186446,NA
TYW1B,32.41070156,0.003833244,0.098688381,0.895253665,0.955729635
CLEC6A,7.965335146,0.001893296,0.102076818,0.895336718,NA
INO80E,1821.014057,-0.00631799,0.056922164,0.895425354,0.955771216
ARHGAP42,180.9405976,0.006258122,0.090372814,0.89544213,0.955771216
RAPGEF2,1055.149445,-0.006212697,0.08546366,0.895674975,0.955939941
TSPYL2,152.0165105,-0.005894049,0.084884702,0.895988203,0.956194422
CNN3,30.75492201,0.004209529,0.097472606,0.896527457,0.956666011
C9orf40,243.2479215,-0.00664519,0.080654128,0.896579753,0.956666011
CRKL,1991.426059,-0.005812902,0.055363101,0.89670682,0.956720725
MTG2,861.7809762,0.006588898,0.065347276,0.896780693,0.956720725
GAPDHP39,7.851735146,0.002196881,0.101694171,0.897245971,NA
MTCH1P2,7.086885028,-0.002025991,0.101790592,0.89728464,NA
GGN,13.78942081,0.002312323,0.101522515,0.897646244,NA
MAPK14,2491.820486,-0.005505338,0.058680104,0.897676,0.957482356
TBC1D20,1614.635615,0.006369437,0.055460014,0.897752099,0.957482356
FBXO43,30.24418394,-0.003983465,0.097674382,0.897759375,0.957482356
PERPP2,19.12625546,-0.00315328,0.09976775,0.897793377,NA
PPP2R5E,1311.539652,0.006402349,0.057217969,0.897794172,0.957482356
RCVRN,8.70678748,0.001991636,0.101899303,0.897815789,NA
TPT1,42200.00637,0.006846412,0.053810999,0.897997945,0.957569841
CEP44,312.6483781,-0.006301676,0.082349013,0.898085679,0.957569841
MLXIPL,3197.606661,-0.007663523,0.069283769,0.898100896,0.957569841
U2AF1L4,433.3521408,0.006518606,0.066343993,0.898198868,0.957594441
PIGC,528.2293936,0.006500166,0.071307245,0.898311588,0.957626663
CNRIP1,934.0510495,-0.005426716,0.053094283,0.898378896,0.957626663
GNL3L,1008.279855,-0.004794384,0.060572217,0.898552944,0.957732337
EML2,971.5762768,0.006755974,0.061149566,0.898682626,0.957790712
TP53TG5,33.40870958,0.002631035,0.100778419,0.899102763,0.958140121
ZNF217,1533.738806,-0.005540405,0.050542177,0.89917823,0.958140121
ZNF354C,95.76154563,-0.005536229,0.089423929,0.89930446,0.958140121
RFPL2,56.97758092,0.004512942,0.096097546,0.899440707,0.958140121
HHAT,118.4885112,-0.005199218,0.086828987,0.899453136,0.958140121
SNTB2,453.1889721,0.004176368,0.096945273,0.899560768,0.958140121
ST3GAL4,187.2019016,0.005874395,0.087602791,0.899564677,0.958140121
SUPT5H,6210.256893,-0.00607321,0.059338671,0.899610013,0.958140121
DNAH17,89.03946861,0.004321138,0.096254826,0.899756749,0.958216579
MARCHF3,161.2051838,0.005757492,0.088586163,0.899912914,0.958230936
NECAP2,4397.466843,-0.004585139,0.039835606,0.899920129,0.958230936
TECRL,13.15509467,-0.002703299,0.100644077,0.899994391,NA
ELP1,903.0695106,0.005023856,0.093560063,0.899999568,0.958235716
NMRAL1,711.824876,-0.005712231,0.060006126,0.900080318,0.958241891
DDX10P1,21.98600584,-0.003332658,0.099232901,0.900191939,NA
PGAP1,221.5476854,0.005453022,0.090844434,0.900252503,0.9583454
GRAPL,17.25917757,0.003049141,0.100275301,0.900362624,NA
SNX11,1211.052644,-0.005969582,0.058196794,0.900378195,0.958399402
CDK5R1,81.48352853,0.005107209,0.093007718,0.900477461,0.958403494
RCC1L,2367.955773,0.00511739,0.044955355,0.900531965,0.958403494
PPP1R3C,13.95915143,-0.002666865,0.100450415,0.900674983,NA
GNRHR,8.95462242,0.002390667,0.101297815,0.900726772,NA
CBFA2T2,786.2865681,-0.006363903,0.071600291,0.900739312,0.958543532
KDM5D,9.441342703,0.001917934,0.101962206,0.900741785,NA
ZC3H14,1252.727685,-0.005651876,0.053379284,0.900862086,0.958543532
SCRG1,28.12296702,0.003774814,0.098343429,0.900862808,NA
PTCD1,529.5552523,-0.006398586,0.074377615,0.900946436,0.958543532
CBS,3405.585871,0.005981924,0.057212259,0.900963443,0.958543532
TRIML2,8.894693927,0.002295574,0.101454496,0.901234626,NA
SAXO1,12.38495456,0.002571652,0.10097288,0.901313664,NA
MFSD14CP,128.2818494,-0.00573331,0.086104115,0.901337851,0.958714678
NANS,2250.943975,0.005096445,0.046863126,0.90134883,0.958714678
RDM1,20.80342088,0.003076316,0.099955808,0.901394166,NA
NDEL1,1229.152053,0.006174803,0.04886117,0.901405451,0.958714678
WASF1,90.19381714,0.004943236,0.093480015,0.90148352,0.958714678
EIF3K,2698.18469,-0.005998026,0.057547813,0.901523121,0.958714678
C12orf60,52.04259336,0.004526164,0.095634817,0.901574234,0.958714678
SIGLEC14,795.3238642,0.006300518,0.066431484,0.901673691,0.958715398
ZNF701,183.057205,-0.005920368,0.084385819,0.901724885,0.958715398
PIEZO1,7333.558824,0.006146779,0.061463583,0.901841147,0.958759276
MTUS1,1355.867922,-0.00599837,0.060674685,0.901991365,0.958839245
RNF14P3,6.550519879,-0.001849419,0.101936549,0.902055727,NA
MRPL16,916.6066664,0.006082945,0.057571887,0.902316132,0.958936579
SPCS1,1578.271896,0.00603658,0.057247587,0.902336674,0.958936579
PTPRN,29.83607897,-0.003456982,0.098581311,0.902343496,NA
TUBA4A,78.56721065,-0.004350683,0.095474791,0.902443039,0.958936579
SPATA2L,329.1968292,0.006219357,0.080656051,0.902500143,0.958936579
ANKRD52,3672.169359,0.003439533,0.056236392,0.902524494,0.958936579
NPHP1,50.03928676,0.00402891,0.096997257,0.902701644,0.958936579
WDPCP,250.6049835,-0.006172068,0.078422689,0.902725906,0.958936579
ALDH8A1,12.68566661,0.002164379,0.101488591,0.902737387,NA
SIL1,3061.595989,-0.005737751,0.061213094,0.902856223,0.958936579
PHETA2,14.54883442,-0.002656903,0.100550598,0.902871416,NA
HEY1,9.643026512,0.00221254,0.10147803,0.902896847,NA
TAF5,337.10142,0.006330795,0.070554267,0.902945533,0.958936579
PMF1,870.1094278,0.00580004,0.056274518,0.903016904,0.958936579
FAM86C1P,11.10282314,-0.002352964,0.101088933,0.903119066,NA
KIF18B,636.085945,0.006348194,0.076730876,0.903135597,0.958936579
TRIM6,271.9191474,0.005785442,0.086826078,0.903151873,0.958936579
NCOR1,4725.060214,-0.005902174,0.057401486,0.903155092,0.958936579
MEIKIN,77.4335002,0.00549445,0.092587913,0.903177317,0.958936579
ARHGAP11A-SCG5,58.82761924,0.004443126,0.095805085,0.903208001,0.958936579
ATP6V0CP1,26.24350006,-0.003399677,0.098788502,0.903238698,NA
IL5RA,8.338722574,0.00168613,0.102114256,0.903256126,NA
KCNH4,46.96913875,-0.004043643,0.096429049,0.903354927,0.958965758
FAM168B,3959.024989,0.004301652,0.040918998,0.903399207,0.958965758
CNN1,12.69249473,0.002268999,0.101372642,0.90343619,NA
LMNB2,2824.771125,-0.005833924,0.061300007,0.903460505,0.958965758
PTPN14,65.91192587,-0.004314398,0.095417555,0.903760663,0.959204722
FBXW9,150.3619014,-0.005963793,0.082198201,0.903840849,0.959210198
RBM6,1751.349526,-0.005495692,0.054593167,0.904212262,0.959524715
CATSPERE,20.84568496,-0.002602917,0.100530908,0.90421721,NA
AARS1,8788.307028,-0.005547314,0.052102935,0.904495721,0.959677484
LILRB3,623.7222949,0.006170393,0.065094392,0.904506349,0.959677484
SLC6A7,426.1682324,0.006182405,0.070474346,0.904632141,0.959731302
GNAT1,18.46471986,-0.003096124,0.09944249,0.904825069,NA
ZNF286A-TBC1D26,15.09276124,-0.002132075,0.101303792,0.905559602,NA
FCHSD2,1464.072811,0.005884305,0.057896607,0.905672246,0.960620726
LRRC51,80.25200087,-0.004555171,0.093827327,0.90567613,0.960620726
ESYT2,1899.606753,-0.005520957,0.055783461,0.905744841,0.960620726
RSPH3,698.5290169,0.005855323,0.061083547,0.905808074,0.960620726
NEK1,341.7725393,-0.006053569,0.070390501,0.905848807,0.960620726
PLA2G4D,11.42658315,0.00253284,0.100846301,0.905854681,NA
FPGS,1865.328187,-0.005068796,0.051284674,0.905921321,0.960620726
TRIP6,1400.000885,-0.005201106,0.048142994,0.906301857,0.960826781
MAGT1,2670.77216,0.005429982,0.053485186,0.906327224,0.960826781
NAT9,940.0686213,0.006027878,0.06642973,0.906341101,0.960826781
TNFSF12-TNFSF13,14.12357501,0.000613277,0.102951224,0.906500215,NA
GET4,1294.858493,-0.005362289,0.05432879,0.90653804,0.960955878
TLR9,12.99875628,-0.002649788,0.100384168,0.906585497,NA
ABCB5,11.92638378,-0.002190702,0.101070518,0.906690449,NA
TNKS2,3057.5401,-0.005578976,0.046484597,0.906733425,0.961083306
OGT,5700.382176,-0.004964991,0.048945976,0.906860831,0.9610939
C2orf88,33.40800974,0.003261605,0.099009012,0.906893767,0.9610939
SLC30A8,13.28385221,0.001604054,0.102170896,0.906920461,NA
TYK2,4249.039294,-0.005651051,0.056116784,0.907024182,0.961152438
FAS,545.6367445,-0.00591774,0.076283609,0.907230403,0.961291289
SPINK8,11.15830743,0.00241381,0.100998436,0.907326348,NA
SWSAP1,122.5142864,-0.004974947,0.08619274,0.907423846,0.96141658
CPN2,24.7228595,-0.003369602,0.098447098,0.90756229,NA
TGOLN2,12652.32748,0.004650068,0.043654158,0.907710567,0.961457591
TMEM52B,403.1109075,-0.005673602,0.082405225,0.9077358,0.961457591
FAR2,1141.756538,0.005912622,0.055088704,0.907761465,0.961457591
OR2M3,438.7545061,0.006422216,0.070412513,0.907764069,0.961457591
UBXN2B,1512.676866,0.0056592,0.060195218,0.907838564,0.961457591
MRPS14,380.0985632,0.00577812,0.068852584,0.907919334,0.961463487
OLFML1,12.01706262,-0.002229646,0.101077872,0.908001424,NA
ZNF891,192.4859624,0.005694619,0.085049919,0.908110792,0.961586589
RIPK2,1104.833356,0.006007983,0.068786217,0.908207507,0.961609356
STAT6,7697.018515,0.005456739,0.048494232,0.908307533,0.961635625
PGM2,1933.192033,0.005650161,0.060090042,0.908470838,0.961670177
GGCX,1854.111941,-0.00530738,0.055872222,0.908548645,0.961670177
ZNF738,222.5491622,0.00573802,0.081422553,0.908565825,0.961670177
PVALB,20.20618964,0.002869759,0.099926885,0.908908418,NA
ME3,129.7983418,0.005089557,0.089627596,0.908991334,0.962040911
FCRL5,69.1018801,-0.004256211,0.094516928,0.909418494,0.962335594
VASP,7122.308309,0.005931484,0.071688404,0.909420309,0.962335594
VCX3B,6.926778027,-0.000595805,0.102924206,0.909524501,NA
TTLL1,146.9438908,-0.005100942,0.08497207,0.909608302,0.962420417
BROX,1453.232974,0.005822461,0.066687979,0.909651023,0.962420417
EDIL3,24.8117759,-0.002863921,0.09961064,0.909651477,NA
DNAH1,620.5821862,-0.005264938,0.082251543,0.909747603,0.962439583
MARVELD3,63.55600855,-0.004507092,0.092814573,0.909819695,0.962439583
RCC2,7270.15728,-0.004619161,0.045276839,0.909910485,0.96245599
CHRNA10,22.72564864,-0.002856157,0.098905741,0.91007662,NA
GALR2,11.18563242,0.001986389,0.101599479,0.91011742,NA
REP15,39.97348299,-0.003698269,0.096856893,0.910221449,0.962532677
DLGAP4,1410.665433,0.005578968,0.063648271,0.910275925,0.962532677
ZNF273,119.8747758,0.005368101,0.086636963,0.910278605,0.962532677
RNF115,1030.54185,0.005688483,0.060891757,0.91028413,0.962532677
DOCK9,23.00814963,-0.001640112,0.102123008,0.910373306,NA
ING3,410.2538012,0.005868774,0.076323627,0.910557739,0.962742366
OR14L1,9.706596518,-0.002166965,0.101128353,0.910850232,NA
LY9,28.23848453,-0.002600611,0.100010029,0.910987648,NA
AK4,83.68234203,-0.004071494,0.094784726,0.911144774,0.963283382
USP40,1506.36603,-0.005417147,0.060913512,0.911427351,0.963468669
NHS,242.7820565,0.004017651,0.094839649,0.911470751,0.963468669
POTEM,32.98486639,-0.003656386,0.096782556,0.91159313,0.963518367
PDS5B,1024.147423,0.005384857,0.082000104,0.911769354,0.963558892
BTK,4038.688654,-0.003665314,0.045256338,0.911782203,0.963558892
NRL,70.23501668,0.005422353,0.093454275,0.911960942,0.963563851
DHRS11,175.4789729,0.005545798,0.082723462,0.911964496,0.963563851
SRP68,2240.532161,0.00518204,0.053815112,0.912020567,0.963563851
PRR14L,1556.892572,-0.004861655,0.053934009,0.912088363,0.963563851
RHBDF2,3047.515182,0.006332421,0.059477966,0.912245787,0.963650532
TELO2,1050.383785,-0.004911878,0.064249985,0.912491964,0.963830945
ABCA11P,29.7850838,-0.002554583,0.100128895,0.912587548,NA
SLC34A2,8.775571496,-0.001933339,0.101459512,0.912713483,NA
SAMD15,21.66254003,0.002706544,0.100071953,0.913009284,NA
AKT3,283.4685068,0.005628046,0.077531623,0.913079748,0.964372126
GDNF,12.25438663,-0.002126564,0.101071303,0.913123971,NA
CREBL2,4231.395809,-0.004749033,0.051032986,0.913249908,0.964472169
HSPA8P14,12.95661979,0.002346772,0.100855434,0.913313933,NA
RPS5,7209.70857,0.005419605,0.060855845,0.913448866,0.964558139
AP3M1,1779.875035,0.005126582,0.052266816,0.913482202,0.964558139
RASGRP2,99.99853021,-0.004119587,0.09388811,0.913713309,0.964658099
UCKL1,948.9793251,0.00710509,0.059019518,0.913727773,0.964658099
RHEB,3264.84377,0.005274208,0.053309078,0.913823263,0.964679252
CFAP298-TCP10L,166.2897549,-0.003812415,0.095406082,0.913915874,0.964697362
B3GAT1,10.03730366,0.00201139,0.101404951,0.913955038,NA
WDR97,80.81279179,-0.004504872,0.091256827,0.914094617,0.964734185
ITFG1,1832.765153,-0.004966071,0.065949489,0.914101675,0.964734185
CDC42BPB,4928.938233,-0.004898686,0.053070119,0.914283401,0.964780852
NUPR2,7.995094709,-0.001775866,0.101603713,0.91431005,NA
PCSK5,760.0816036,0.005394173,0.08333455,0.91437018,0.964780852
H2BC20P,44.82082994,-0.003592109,0.096484706,0.914372279,0.964780852
MEIS1,26.48685429,-0.002297054,0.100569559,0.914413888,NA
LSM10,1044.043741,0.004333455,0.05206979,0.914722996,0.965007522
NBDY,842.3304856,-0.004657231,0.05733199,0.914764731,0.965007522
CYP3A5,149.0977223,0.005252808,0.085607116,0.914813544,0.965007522
HSD17B4,5863.380491,-0.004762803,0.0524291,0.915340654,0.965483892
GREB1L,12.0258011,0.00154436,0.102050378,0.915514854,NA
CA5BP1,150.8058753,0.005353719,0.082713845,0.915784465,0.965810641
GSR,3000.669521,-0.005428166,0.054600174,0.915801518,0.965810641
IL20RB,23.10032701,0.002258322,0.100655919,0.915936032,NA
KIF6,22.5114005,0.002521251,0.100180953,0.916293214,NA
CYP2C19,11.58611094,0.002196569,0.100999207,0.916389957,NA
HOPX,15.89284026,-0.002522744,0.099942707,0.916435621,NA
ATG4C,682.2142277,-0.005400265,0.074410103,0.916662955,0.966639384
TMEM72,8.517292277,-0.001724761,0.101619704,0.916672201,NA
PPIL2,1724.147362,-0.004937922,0.059726426,0.916752473,0.966654051
NUDT1,388.3613662,0.005436177,0.071903575,0.916991236,0.966774233
PIGP,252.0606744,0.005049112,0.08480798,0.917073944,0.966774233
MCF2L2,71.62803549,-0.002988844,0.098410392,0.917093304,0.966774233
TARS3,181.0194037,0.004598804,0.090342788,0.917344261,0.966959055
SYNGR3,24.0392438,-0.002814571,0.099041613,0.917488152,NA
VANGL1,353.8201109,-0.005301261,0.074157929,0.917504138,0.966979252
CCDC192,12.9495893,0.002175464,0.100545673,0.917506161,NA
ATP6V0D2,958.22502,0.005284589,0.063880323,0.91753153,0.966979252
FTSJ1,548.6545416,-0.005360097,0.067829607,0.917590323,0.966979252
GJA9,9.135565867,-0.001589123,0.101828064,0.917887044,NA
VNN3P,10.99416636,0.002013433,0.101319128,0.918175452,NA
COA3,585.5567735,-0.00514113,0.064293585,0.918273607,0.967619556
PKD1P5,85.04924,0.004146104,0.093246081,0.918376511,0.967648236
TEX14,13.11161232,-0.00173382,0.101548054,0.918488296,NA
C11orf96,11.4374237,-0.001828437,0.101387067,0.91849648,NA
INCA1,58.44133119,0.004051717,0.093864523,0.918515824,0.967666042
PPP4R3A,2501.0598,-0.004508587,0.051434689,0.918544786,0.967666042
C16orf54,185.04876,0.00507065,0.082815304,0.918637471,0.967683947
POLR2J4,64.03194434,0.0042477,0.092011873,0.9187789,0.967734735
DMRTA1,16.26511224,-0.002439234,0.100046839,0.918857387,NA
GPX7,53.94509181,0.003822921,0.094943988,0.918907179,0.967734735
SIRT6,880.3170741,-0.004182296,0.057879594,0.918947512,0.967734735
RSC1A1,41.59774136,0.003281777,0.097798916,0.918988456,0.967734735
NPIPB9,11.73076598,0.002015975,0.101033193,0.919035758,NA
IDO2,9.752326626,-0.001831861,0.101376634,0.919065527,NA
KCTD21,383.6618139,0.005286466,0.073198886,0.919222972,0.967901968
ADNP,2463.680821,0.004293762,0.052554906,0.91953569,0.968151511
POC1A,319.0385958,-0.005044876,0.077945835,0.919745113,0.968218874
C1orf159,350.0440795,0.005190997,0.07411123,0.919751183,0.968218874
SNX21,206.7198117,0.004557529,0.089577424,0.919832991,0.968218874
TMEM230,463.4340808,0.005132061,0.079578641,0.919902594,0.968218874
TAS2R20,21.35590155,-0.002749145,0.09874685,0.919974453,NA
TIAL1,2208.011815,-0.004181859,0.049603897,0.920063944,0.96824926
IBSP,14133.75985,-0.005014148,0.060970076,0.92008293,0.96824926
SNX17,4750.639168,0.003721253,0.039469258,0.920260665,0.968356593
RALGAPA1P1,11.1885093,0.002005668,0.101119332,0.920429126,NA
RASIP1,11.11813617,-0.001848992,0.101288378,0.920534024,NA
RB1CC1,1502.956779,0.005006795,0.062122068,0.920541633,0.968537827
ICAM3,348.6342268,-0.005095262,0.075407151,0.920584409,0.968537827
PIK3AP1,8175.746517,0.004580966,0.04639999,0.921108574,0.96892687
CPZ,14.34830192,-0.002028654,0.101196727,0.921130749,NA
PIGZ,111.5101631,-0.004218973,0.089787896,0.921261639,0.96892687
SPRED2,1525.744334,-0.004987428,0.064058225,0.921263416,0.96892687
ATXN7L3B,2019.226591,-0.003893581,0.044597055,0.921288592,0.96892687
IFT43,165.1046968,-0.004666114,0.086037563,0.921350562,0.96892687
BRF1,862.3796663,0.005064333,0.078772104,0.921491396,0.96892687
ZNG1F,153.0389917,-0.003990401,0.092102739,0.921497661,0.96892687
NRG4,13.98631886,0.00116283,0.102403487,0.921509667,NA
ZNF252P,209.4995461,-0.004841968,0.0826258,0.92163414,0.96892687
PDHX,1196.816769,-0.00465395,0.058352662,0.921854695,0.96892687
TNK1,9.899702888,-0.001333995,0.102035172,0.921921674,NA
TSPYL5,285.1484543,0.005162942,0.077684414,0.921924632,0.96892687
PLPP6,303.132262,-0.005747548,0.077042385,0.921942481,0.96892687
SUCLG2,1565.83873,0.004853698,0.056581201,0.921961541,0.96892687
ZBED1,1309.553182,-0.003711913,0.056656363,0.922007118,0.96892687
ZNF892,112.8963775,-0.003986181,0.091953804,0.922032363,0.96892687
STAT2,7970.512939,-0.004734696,0.060817599,0.922091496,0.96892687
EPHB2,2789.99347,0.004651932,0.056310282,0.922169726,0.96892687
MCTP2,27.35254668,-0.002136929,0.100262258,0.922179181,NA
FBXO7,2868.749806,-0.003927034,0.045203111,0.922242556,0.96892687
UBR3,1548.741012,0.005311626,0.059106242,0.922568468,0.969058888
KIF24,236.2674939,0.004993972,0.078991734,0.922632515,0.969058888
MXRA7,807.2700769,0.004988769,0.067377635,0.922695768,0.969058888
PEX7,149.0577092,0.004670355,0.085790699,0.922788192,0.969058888
C14orf119,1545.258571,-0.004788267,0.064396417,0.922812372,0.969058888
IRF6,185.1045375,-0.004628573,0.084225902,0.922869296,0.969058888
KNSTRN,626.030084,-0.004826769,0.06777087,0.922986773,0.969058888
MCFD2,3749.353811,0.004536852,0.048404059,0.923002885,0.969058888
XPO7,2228.797971,0.004135739,0.058266321,0.923050382,0.969058888
LIMS2,22.14324305,0.002757725,0.098826923,0.923151244,NA
ANKH,5155.532746,-0.003672456,0.058881752,0.923590034,0.969330609
MFSD2B,13.83831677,-0.001718021,0.101327169,0.923678499,NA
SUV39H2,246.1982325,-0.004405212,0.08630469,0.923729637,0.969330609
CPEB1,70.57659008,-0.00357405,0.095257306,0.923758243,0.969330609
GALNS,1665.273695,0.004581129,0.058040666,0.923791123,0.969330609
CYC1,4568.32267,-0.002342817,0.036820981,0.923863212,0.969330609
ZNF473,177.3251151,-0.00475134,0.081766295,0.923895261,0.969330609
KDM5C,3992.744533,-0.004301887,0.052729059,0.923950505,0.969330609
CROCC,487.6452651,0.004937152,0.068545121,0.923979276,0.969330609
OR10AC1,42.09031462,-0.00326256,0.096169242,0.924006621,0.969330609
GLIS2,55.55002923,0.003752491,0.093837231,0.924067381,0.969330609
VMAC,218.6439388,-0.003581443,0.077574054,0.924262586,0.969455834
FGFBP3,44.70211675,0.00334514,0.09623348,0.924426018,0.969477622
MMUT,819.0576272,-0.004547746,0.059610857,0.92447299,0.969477622
EIF4E2,2672.451849,-0.003844186,0.044381047,0.924528023,0.969477622
IL17RB,71.06077641,-0.003850354,0.092352287,0.924586676,0.969477622
NF1P8,12.09610012,0.001953786,0.100990987,0.924738903,NA
AGA,698.7467622,0.004882481,0.068392224,0.924842358,0.969593296
VPS26C,2594.15504,0.003959854,0.047320553,0.92484867,0.969593296
PITHD1,1180.800854,0.004582794,0.058169091,0.924989714,0.96966165
TMPRSS13,26.47989154,-0.002673948,0.098496274,0.925209858,NA
POM121L7P,13.52057019,0.002158218,0.100469171,0.925294556,NA
ATAD1,945.4554871,0.004828661,0.06797241,0.925300393,0.969753923
SLC35B1,1097.346377,0.004856866,0.06737466,0.925324106,0.969753923
MRPL34,1387.865842,-0.00419093,0.051475053,0.925336803,0.969753923
DOCK8,9095.54384,0.003488497,0.043360364,0.925381139,0.969753923
ALDH1A3,26.15379453,0.002887829,0.098212065,0.925567171,NA
ZNF527,125.1063664,0.004321691,0.090776057,0.925741614,0.970052171
MYBPC3,25.55790014,-0.002014702,0.100275506,0.925859696,NA
SCIMP,2318.266195,0.004003207,0.060492071,0.926032453,0.970277406
C2CD2L,2023.485139,-0.004415238,0.066273704,0.926142895,0.970313604
RHBDL1,23.71520703,0.002720986,0.09841815,0.926448255,NA
ICE2,735.2963267,-0.004212995,0.086910077,0.926464017,0.970442921
S100A11,15258.67671,0.005410332,0.054370172,0.926469408,0.970442921
SLC17A7,82.23256021,0.003851243,0.092476994,0.926544435,0.970442921
SNN,1952.335703,0.003953968,0.046780655,0.926569945,0.970442921
ENPP7P11,10.74144844,-0.001854449,0.100919199,0.926665374,NA
LRRC63,35.96265367,-0.003836788,0.097894849,0.92672865,0.970504648
AGAP10P,14.82056941,0.001754521,0.101314445,0.926879963,NA
LDHAL6B,23.55125599,0.002709554,0.09854174,0.926886275,NA
ZBTB21,1089.382157,-0.004598986,0.066276474,0.92689314,0.970504648
MAIP1,333.3121537,-0.003883701,0.079977584,0.926912774,0.970504648
NPRL2,391.121483,-0.00465852,0.076202167,0.926932519,0.970504648
RPP14,644.6665121,-0.004727592,0.07255289,0.927012897,0.970509326
LRRC46,26.15513672,-0.002201799,0.09987645,0.927023587,NA
LYNX1-SLURP2,63.62683842,-0.003335149,0.094808146,0.927283042,0.970511425
TEX22,37.04437027,-0.00214385,0.099853058,0.927326166,0.970511425
MACROH2A2,165.8691752,0.00457062,0.082790579,0.927388307,0.970511425
GLA,5556.688033,-0.003919082,0.049636929,0.92740926,0.970511425
KLHL28,520.7682344,0.004635448,0.080445437,0.927421219,0.970511425
GPLD1,52.51839919,-0.002690962,0.098029509,0.927470363,0.970511425
TAMM41,218.3268066,-0.004770672,0.080621003,0.927603934,0.970571756
GAD2,10.54343928,-0.001693906,0.101224329,0.927798209,NA
CRB2,6.939007456,-0.001252977,0.10208043,0.927834224,NA
DUSP10,876.6773868,-0.004487499,0.061140896,0.92786893,0.970663668
APLP2,46691.06807,-0.006286555,0.031756365,0.927974009,0.970663668
NLRP2,860.607653,-0.004458249,0.071292659,0.928023016,0.970663668
ATP11C,620.6988866,0.004634057,0.065452142,0.928042684,0.970663668
BSDC1,2039.351203,0.004591026,0.064127383,0.928071387,0.970663668
CCNYL1B,11.89028567,-0.001874813,0.100751006,0.928072121,NA
CCDC14,682.2021938,0.004609336,0.074483706,0.928288826,0.970811272
PPP1R13L,118.7323306,0.002797176,0.096293844,0.928364381,0.970811272
ADARB2,11.26282668,-0.001627266,0.101458869,0.928405629,NA
VPS36,1565.525912,0.004716959,0.060348003,0.92860658,0.970985125
CHP2,21.77123398,0.002569041,0.098724347,0.928653375,NA
PLD5P1,12.77648073,0.001970564,0.100695793,0.928712791,NA
SAMD5,11.82551784,0.001719098,0.101285943,0.928715619,NA
NR3C1,2749.604923,-0.002414862,0.055888099,0.928834575,0.971144099
CNPY2,1760.861291,-0.003645338,0.056777551,0.928980454,0.971217197
TBX3,227.4946853,-0.003542681,0.084877794,0.929184511,0.971351101
MAPKAPK5,1432.58105,0.005383122,0.05872498,0.929380923,0.971370506
SLC25A46,1997.467355,-0.004149782,0.056668937,0.929444446,0.971370506
TBX21,10.79496335,0.001670021,0.101361338,0.929488011,NA
JOSD2,724.220429,0.004340608,0.061903786,0.929536916,0.971370506
TMEM186,237.9903636,0.00455253,0.078762621,0.929537134,0.971370506
GSTT2B,118.769182,0.003949835,0.089735092,0.929658146,0.971370506
TRIM25,4930.360024,-0.004626072,0.063348151,0.929710033,0.971370506
CCT6P3,56.35969393,-0.003165144,0.095502572,0.929734914,0.971370506
H3C14,14.67957196,-0.001172304,0.102119896,0.929802283,NA
IGF2BP2,1589.947355,0.004419153,0.063293221,0.930358426,0.971782022
TMEM81,23.88843773,-0.002215028,0.099566003,0.930380255,NA
SRFBP1,410.6154181,0.004581076,0.072102141,0.930380661,0.971782022
PODN,12.84996507,-0.001587484,0.101303428,0.930382762,NA
CEP68,418.4244311,-0.003757807,0.077626413,0.930408176,0.971782022
TCTA,968.2439526,0.004088688,0.053760782,0.93043283,0.971782022
C2orf42,302.3312847,0.00432931,0.083266545,0.930528472,0.971788481
OPHN1,489.7440629,-0.003897959,0.07788794,0.930591034,0.971788481
EIF2B1,1331.501569,-0.004382768,0.067695102,0.930689652,0.971812088
EIF4G1,16720.37591,0.002130909,0.048793138,0.930823929,0.971872922
TWIST1,7.715919279,0.001430244,0.101735294,0.930924203,NA
FBXO6,498.5191572,0.004481527,0.078614757,0.9310313,0.971876401
RPN2,7856.679563,-0.00280963,0.043218969,0.931104995,0.971876401
ZNF233,83.84908823,0.00369623,0.091650394,0.931197251,0.971876401
BCDIN3D,186.5683019,-0.004134838,0.083935255,0.931236138,0.971876401
PANO1,56.43530942,0.003473414,0.093037194,0.931252303,0.971876401
MED20,269.2840639,-0.00438616,0.075866946,0.931283362,0.971876401
GAPDHP61,9.855468145,0.001554228,0.101136307,0.931326396,NA
DAP,3010.666681,-0.004072058,0.052402926,0.931413509,0.971932886
RNF212,25.04764014,0.002235192,0.099613445,0.931416455,NA
PMS2P3,45.41457247,-0.002852476,0.095907928,0.931814273,0.972193312
PRR5,421.8998057,0.004237214,0.084098615,0.931969461,0.972193312
EXO5,215.9546545,-0.00434397,0.075990096,0.932034145,0.972193312
RO60,917.2590204,0.004465555,0.071957254,0.932051816,0.972193312
GJD3,485.6735471,-0.004330808,0.072973333,0.932064669,0.972193312
E4F1,960.5982803,-0.004273013,0.072653597,0.932168896,0.972193312
POLR1H,236.7594327,0.003756574,0.078027547,0.932195371,0.972193312
PID1,10.3521977,0.001443518,0.10163666,0.932400873,NA
KCNRG,25.16778,0.002324428,0.099436042,0.932406137,NA
ENDOU,7.659534046,-0.001348688,0.101729621,0.932417194,NA
FOSL2,1606.83484,-0.004039216,0.058968637,0.932547821,0.972481557
DKK3,11.07594627,-0.001599041,0.1012619,0.932608972,NA
KCNQ5,12.37361583,-0.001400196,0.101612581,0.932655533,NA
ISL2,14.1534085,0.001819741,0.100854172,0.932758922,NA
SRP14,4739.219925,-0.003288225,0.042562574,0.933017913,0.972848781
ATXN7,1021.153429,-0.0037148,0.076376435,0.933102137,0.972848781
GINM1,1192.046988,-0.003846166,0.055143961,0.933128244,0.972848781
TACO1,663.2704907,0.004205445,0.060300489,0.933261878,0.972908766
FTH1P23,11.2116425,-0.001663657,0.100936015,0.933435587,NA
SEC23B,2268.885258,-0.003481464,0.050834254,0.933492444,0.973069784
C1orf226,142.485967,-0.003864512,0.086342992,0.933582878,0.973084713
DNMBP,391.0240534,-0.004226981,0.072655512,0.933702143,0.973129689
MSANTD2,213.0001367,0.004065002,0.081033754,0.93378577,0.973137517
GCSHP3,6.32428122,-0.000472026,0.102895103,0.933919701,NA
MED12L,40.27153324,-0.002326769,0.098574764,0.933985534,0.973266366
DGKA,629.2201559,0.004292267,0.070097492,0.934114789,0.973321726
SPDYE1,59.1515231,-0.003277425,0.092725544,0.934279476,0.973413992
ALG2,1190.390487,0.005531611,0.060467378,0.934506451,0.973571136
SYDE2,50.30332288,0.002915484,0.096216062,0.934671417,0.973663657
SPATA31H1,37.39947838,-0.002438679,0.097979622,0.934765516,0.973682346
TLN2,673.761389,-0.003691299,0.087298385,0.934869489,0.973711318
SLC16A6P1,8.962059517,-0.001430668,0.101455491,0.934919516,NA
NPAP1,23.07452261,-0.0022291,0.099094925,0.934963285,NA
SBK1,32.01485896,0.002604901,0.097667862,0.934977385,0.973744369
PHB1P6,19.26732316,0.002149826,0.09974912,0.934991685,NA
IL17C,12.24914012,0.00160658,0.101232588,0.935128673,NA
UBAP2L,4875.236361,0.003630066,0.05216498,0.935131676,0.973754836
CHST10,225.659826,0.004641813,0.082699296,0.935146565,0.973754836
POLR2I,449.8544539,0.004275763,0.073443444,0.935215927,0.973754836
TPM3P9,39.15882796,0.002625976,0.097486739,0.935366515,0.973801386
ARL10,534.4846302,-0.003893109,0.083401276,0.93541297,0.973801386
ETV1,179.4085582,-0.003671647,0.087123443,0.935640105,0.973958536
HAAO,357.0466455,0.004190373,0.073343095,0.935823091,0.974069383
ADAMTS15,431.0449302,0.004218034,0.074208127,0.935898968,0.974069383
POLR2C,1236.485931,0.003665929,0.051723093,0.936138584,0.974198925
TPD52L2,6066.800203,0.003240184,0.039009861,0.936192412,0.974198925
SELENOM,57.1183846,-0.003072331,0.093876643,0.936292095,0.974198925
PP2D1,11.30973,-0.001555101,0.101138572,0.936351652,NA
PDHA1,2138.905582,-0.003416107,0.045983966,0.936358689,0.974198925
QNG1,274.3741484,0.004107101,0.078814235,0.936404426,0.974198925
AQP11,18.14492871,-0.001845861,0.099917581,0.936406871,NA
IRF4,8.815333895,-0.001146911,0.101845234,0.936450065,NA
HSPB6,7.701498386,0.001380207,0.101530036,0.936613065,NA
CUL5,1158.996117,-0.004088104,0.078883643,0.936619241,0.974301588
FRRS1L,50.69736439,0.002931508,0.095786526,0.93665552,0.974301588
SMG1P2,213.1384858,-0.003698605,0.086210175,0.936903476,0.97440443
GBP3,385.5504248,-0.00393893,0.078871539,0.937016966,0.97440443
ERCC6L,121.9464992,0.003547035,0.091242626,0.937154813,0.97440443
H4C14,119.8417757,0.003799972,0.090205561,0.937182092,0.97440443
TASOR,2878.197414,-0.003916437,0.062619001,0.937298056,0.97440443
ARHGAP19,510.8712582,0.004133486,0.076955502,0.937378839,0.97440443
CLYBL,225.5104613,-0.003961918,0.077362952,0.937394235,0.97440443
CAPN10,926.4646676,-0.004192258,0.068614208,0.937459662,0.97440443
MAPK10,139.8850907,0.003816805,0.088025305,0.937465637,0.97440443
DYRK3,156.1239868,-0.003473117,0.088651323,0.937516535,0.97440443
MPLKIP,520.3905359,-0.003923334,0.067489189,0.937898019,0.974721686
RILP,627.8863963,0.003938169,0.064200219,0.938324995,0.975060805
NDUFB5,2237.330045,-0.003454696,0.053672843,0.93837686,0.975060805
CD99,5386.355173,-0.00172628,0.053273987,0.938557641,0.975143753
SPATA31G1,15.87467842,0.001238851,0.101879217,0.938607466,NA
PHKB,2162.308097,0.003909194,0.049390204,0.938609232,0.975143753
ZNF266,460.8329626,0.004014922,0.073036206,0.938794025,0.975214639
LRRC34,42.55926865,-0.002604589,0.096798524,0.938830018,0.975214639
ANAPC7,1553.277453,-0.003289448,0.04959626,0.9390492,0.97536307
CLCF1,29.63432466,0.002150306,0.098995918,0.93949129,NA
THAP2,143.4251171,-0.003268718,0.089722391,0.939748221,0.97600983
RPL7P18,8.708601788,0.001327917,0.101581465,0.939756495,NA
LAMP3,53.63030345,0.002688063,0.096115183,0.939986385,0.976177884
NUPR2P1,10.15330546,0.001494897,0.101257818,0.940123981,NA
TFIP11,1324.301202,0.004427518,0.062731664,0.940281348,0.976404892
ONECUT1,26.015162,0.002155462,0.098785247,0.940415771,NA
HOGA1,7.89931649,0.001323102,0.101585679,0.940567112,NA
MRPL55,371.2103924,-0.003852285,0.070679338,0.940629437,0.976662692
KHDRBS1,3901.835211,-0.00290934,0.043161211,0.940682392,0.976662692
LIMCH1,20.72502358,0.001670433,0.100798218,0.940853385,NA
ZNF134,587.8750625,-0.003647798,0.07988917,0.940890807,0.976799754
TVP23A,41.18959154,0.002364358,0.0977341,0.940976888,0.976809802
CELSR3,115.7821735,0.003415854,0.093112925,0.941127732,0.976887071
ABCA10,21.16072107,-0.001472271,0.101153454,0.9412827,NA
TMTC1,256.5911798,-0.003762411,0.0846053,0.941376522,0.977065988
MICB,950.7443663,0.00349129,0.056030451,0.941674131,0.977295541
HCAR1,16.0870627,-0.001547765,0.100496336,0.941925155,NA
ZNF132,98.82940262,-0.003050949,0.08818007,0.941935625,0.977487578
RIPK4,6.320379186,-0.001046682,0.10196498,0.942042643,NA
PRMT2,3083.86358,0.002967358,0.039565558,0.942059652,0.977536941
LYG1,16.93087619,0.001715403,0.100176605,0.942368648,NA
NEXMIF,30.00328633,0.002162647,0.098477557,0.942482597,NA
PLAC8,38.32904602,-0.002094315,0.097758019,0.942680172,0.978101444
PRIM2,206.0845965,-0.003567655,0.079548161,0.942803604,0.978150132
WASHC2C,2440.445456,0.003229472,0.049967894,0.943086903,0.978364658
AMOTL1,22.22590444,-0.001750458,0.099656834,0.943382915,NA
MED30,203.4308121,0.003593994,0.081633024,0.943472383,0.978685145
LPGAT1,1953.204953,0.002616004,0.060096435,0.943597075,0.978725154
EIF2AK4,1751.127033,0.003347549,0.050740457,0.943754643,0.978725154
KLLN,24.78180333,-0.001968836,0.098539895,0.943758913,NA
WASHC2A,2179.458641,0.003583346,0.057545896,0.943930582,0.978725154
ZNF222,83.4086496,0.002927168,0.09192958,0.943971906,0.978725154
MIPOL1,211.863067,0.003759278,0.08286257,0.943976927,0.978725154
MCU,738.4708459,-0.004167903,0.06895786,0.944013535,0.978725154
RAD51AP1,753.2117078,-0.003533632,0.071638316,0.94417198,0.978725154
TMED7-TICAM2,275.1732029,0.003440789,0.083670378,0.944243446,0.978725154
NPR3,14.65087556,-0.001131779,0.101538097,0.944286082,NA
DEPDC4,27.11092068,-0.001744808,0.099553266,0.944349169,NA
AURKA,1239.568872,-0.003136029,0.053570038,0.944352257,0.978725154
IQCC,80.17258769,-0.002837371,0.090922755,0.944376525,0.978725154
DNHD1,577.0193699,0.003216625,0.077786676,0.944401083,0.978725154
TATDN2P2,105.1497448,0.003222745,0.088856834,0.944517069,0.978725154
FAR2P1,39.05257366,-0.002366283,0.096238271,0.944543523,0.978725154
TERF2IP,2031.69939,-0.003560347,0.046621649,0.944582689,0.978725154
SAP30BP,1572.903067,0.003846152,0.055667156,0.944661955,0.978727965
SIPA1L3,573.1124631,0.003723962,0.080749197,0.944940945,0.978840033
RAC2,6934.297565,-0.002904006,0.051848207,0.944941996,0.978840033
USP34,3441.425859,0.004340267,0.059007104,0.945030954,0.978840033
CASP2,765.4381572,0.003651642,0.077104388,0.945076368,0.978840033
FZD9,25.29242019,-0.001967223,0.098413735,0.945119544,NA
CICP27,168.857186,-0.002879328,0.084595122,0.945263777,0.978954831
TRPV2,6112.579423,0.003046896,0.051088812,0.945497982,0.979085976
SIMC1,327.6759072,0.003594318,0.069910451,0.945565607,0.979085976
CABP4,31.57878316,-0.00193823,0.098602328,0.945620151,0.979085976
CRX,14.02722226,-0.001452237,0.100524447,0.945684844,NA
DNAAF8,27.51346447,0.001780197,0.099975464,0.945815433,NA
COMTD1,368.1478304,0.003554597,0.071259446,0.945818628,0.979212176
RGS17,25.3504672,-0.001881895,0.098685255,0.94582031,NA
RPS10P7,9.371524709,-0.00124287,0.101246128,0.945854448,NA
ZNF695,26.49847596,-0.001442975,0.100352074,0.94604009,NA
RSPO2,7.714326914,0.000912435,0.10219855,0.946052896,NA
AP4B1,548.364803,0.003523521,0.069541706,0.946060244,0.979383014
DNAL1,256.5827517,0.002231012,0.098233797,0.946139232,0.979385482
TRIM72,73.46738037,-0.002540935,0.09380226,0.946300879,0.979473505
ASL,977.3786365,-0.002691394,0.057324275,0.946437739,0.979517096
ERGIC3,3454.716775,-0.002637389,0.044828217,0.946496222,0.979517096
GOLGA8VP,8.59632969,0.001176469,0.101623201,0.94672358,NA
SEMA7A,1387.496517,-0.003395012,0.059851685,0.94672841,0.979629065
SLC27A2,15.8300395,0.00152206,0.100473252,0.946757029,NA
IMMP2L,89.28696001,-0.00298319,0.09015508,0.946762543,0.979629065
HMGXB3,2386.109194,-0.004891691,0.051781347,0.946903835,0.979629065
DEDD,1290.476437,-0.004039353,0.047876044,0.94703689,0.979629065
NFIC,2587.356709,-0.003653297,0.061576869,0.947044007,0.979629065
LRRC47,1517.975865,0.003359973,0.064765804,0.947064157,0.979629065
PHB1P9,8.313991163,0.001110959,0.101750292,0.947168456,NA
PARD6G,26.57665415,-0.001655429,0.099518294,0.947387812,NA
C13orf42,10.60244038,0.001385414,0.101100409,0.947440679,NA
RAF1,2978.795745,0.003094454,0.054029469,0.947588258,0.980091072
YTHDC1,1834.254042,-0.002784306,0.048744769,0.94768157,0.980091072
ITGA11,174.7111653,-0.00254069,0.093020981,0.947740784,0.980091072
ZNF596,46.3733028,0.0023808,0.095708006,0.947987801,0.980153539
CYB5D1,294.99602,-0.004140538,0.076508708,0.948031176,0.980153539
TMEM209,354.1471748,0.003380892,0.075769972,0.948031182,0.980153539
TNFRSF13C,25.55913554,0.002018988,0.09842223,0.948091663,NA
EIF3D,4670.340192,-0.002334564,0.042942908,0.948223539,0.980209164
GJA1,50.32875281,-0.002185509,0.095755379,0.948258605,0.980209164
ARHGAP8,9.861079134,0.001194039,0.101244499,0.948318498,NA
IRGM,12.21015591,0.001277712,0.100771615,0.948344197,NA
MIER3,491.1618505,-0.002898561,0.089971499,0.948383131,0.980209164
SGTB,1377.691011,0.003208002,0.067943565,0.948391659,0.980209164
BCR,496.1063215,-0.003291086,0.078217359,0.948472983,0.980213975
JADE3,38.74165014,0.002111398,0.097688658,0.94861882,0.980285452
RABL2B,833.4734937,0.003223148,0.066013206,0.948901801,0.980424873
NKAPD1,818.6460354,0.003059051,0.083248097,0.948907108,0.980424873
OSGIN1,149.2429308,0.002944481,0.088702067,0.948984721,0.980425831
RSPO1,8.241526884,-0.001115965,0.101419563,0.949087437,NA
GPM6B,14.98629808,-0.001477864,0.100060774,0.949108769,NA
SLF1,147.6960973,-0.002183803,0.095622318,0.949290852,0.980589475
DNAJB11,2788.59009,0.002806237,0.052069699,0.949296514,0.980589475
ACTN2,26.89854759,0.001906794,0.098480998,0.949495845,NA
SMG1P7,67.25531972,-0.002436942,0.093300424,0.949552461,0.980759668
GAS8,206.5608196,-0.003009225,0.083705101,0.9496147,0.980759668
MTMR12,1156.277208,-0.003954576,0.057306066,0.950062987,0.98110064
CYSRT1,24.64380188,-0.001687423,0.09888047,0.950096976,NA
ZNHIT3,610.9850084,-0.00277454,0.068766451,0.950167359,0.98110064
OXSM,204.5794779,-0.003093953,0.080130124,0.950197777,0.98110064
SENP3-EIF4A1,67.61704074,0.00183641,0.098729426,0.950251797,0.98110064
SYNPO2L,11.13831427,-0.001244691,0.10070659,0.950459154,NA
C8orf58,349.3232792,-0.002675691,0.070458854,0.950471275,0.981248002
TPP2,1795.458566,-0.003027093,0.070778282,0.95068135,0.981313599
ZNF92,163.9176154,-0.002805009,0.081704701,0.950688325,0.981313599
PALM,10.87986599,0.001252444,0.10111864,0.950774263,NA
EIF3H,3460.952894,0.00316879,0.063763071,0.950866637,0.981378199
OCIAD1,2981.701642,-0.00265525,0.050192611,0.950906073,0.981378199
STX17,682.036106,0.003292057,0.076794239,0.951056213,0.981378199
CTNNB1,10545.82568,0.003397965,0.051556809,0.951110092,0.981378199
CCDC107,711.8943003,0.003104643,0.062253208,0.951134709,0.981378199
UNC119,893.9087684,-0.00298042,0.062606606,0.951573795,0.981752015
SMIM27,115.4197804,0.002929509,0.088883338,0.951734465,0.98176678
SYTL4,102.1263966,0.002736635,0.089500793,0.951861694,0.98176678
KBTBD2,1273.972229,0.002871262,0.061256223,0.951904734,0.98176678
PSTPIP2,518.1129747,0.003167807,0.076605066,0.951960137,0.98176678
CORT,10.22881607,-0.001069773,0.101236768,0.951989184,NA
P4HA2,604.1776625,-0.002562078,0.069540851,0.951993979,0.98176678
GPATCH8,2193.568179,-0.002675334,0.053736626,0.95209258,0.98176678
CCNG1,2021.754496,-0.003127297,0.065455339,0.95212564,0.98176678
MLF1,126.1553169,0.002693978,0.090065847,0.952322036,0.981863774
KHNYN,4597.863131,-0.002704058,0.056400196,0.952373301,0.981863774
ZNF519,132.4634719,-0.002959617,0.090133777,0.952684931,0.982008955
PUDP,699.7528637,-0.002992692,0.064989047,0.952762134,0.982008955
APLF,92.18822001,0.002594556,0.089706994,0.952764302,0.982008955
CROT,205.9638867,0.003046879,0.079605976,0.95282136,0.982008955
MED4,747.1548255,-0.002963157,0.069203633,0.952968136,0.982058669
DNAJC25-GNG10,342.1533511,-0.002959051,0.076197545,0.953131743,0.982058669
FAM53C,2271.55279,-0.002454118,0.048577343,0.95317299,0.982058669
B4GALT2,491.8022001,0.002967488,0.076714548,0.95317685,0.982058669
CTPS2,414.5922402,-0.003140714,0.070561767,0.953368359,0.98217683
FKBP11,368.2201626,-0.002758768,0.083336588,0.953521284,0.982253014
CLECL1P,42.07070841,0.001832919,0.097347537,0.953595964,0.982253014
TRIP12,7545.394765,0.002232282,0.039970782,0.95367948,0.982259901
HCG9P5,16.10614222,-0.001249647,0.100437359,0.953733426,NA
FBXO32,564.7800993,-0.002932525,0.075262811,0.953970408,0.982480398
FAM83F,26.91886194,-0.001497914,0.099217723,0.95414136,NA
ZNF814,408.3606976,-0.003060397,0.07603133,0.954171058,0.982494665
KRIT1,975.4657404,0.002722139,0.054370078,0.954195685,0.982494665
RPGRIP1,22.85419552,0.001291361,0.100646239,0.954207024,NA
ZBED4,1089.663007,-0.00255831,0.053260574,0.954214803,0.982494665
AKR1C1,8.706963819,0.000927138,0.101887538,0.954235267,NA
STAP2,13.73942221,-0.001169775,0.100796775,0.954377907,NA
PDE6D,400.3485538,-0.002867369,0.071555845,0.954515727,0.982725364
SLC25A1P5,48.13803805,0.002204308,0.094443729,0.954730152,0.982866978
MYBL1,48.61008337,0.001887011,0.09722694,0.954856322,0.982917719
ARHGAP9,3505.375221,-0.002457526,0.064935217,0.955164996,0.983066875
TSSK4,87.8745855,-0.002251171,0.092350017,0.955176716,0.983066875
MYT1L,66.15822236,-0.002284126,0.092126428,0.955231896,0.983066875
SHISA7,8.248827111,-0.000970234,0.10144877,0.955239273,NA
OR56A1,14.92899297,-0.001174298,0.100569488,0.955406316,NA
NXPH4,9.917177499,-0.000993515,0.101416145,0.955487882,NA
DENND4A,851.5797572,-0.001409962,0.064032026,0.955503249,0.983266986
SCARA3,6.458934307,0.000817979,0.102120468,0.955568323,NA
ACAD11,474.9062019,0.00293563,0.080786574,0.955741824,0.983421744
PRRT2,13.74707542,-0.001023489,0.101078889,0.955909702,NA
MIPEP,517.4603857,0.002756794,0.066452983,0.955911301,0.983421744
MRPL27,734.3198594,-0.002716244,0.058075657,0.955954188,0.983421744
SPIN2A,33.85507528,-0.001672574,0.09790431,0.955961317,0.983421744
IQANK1,28.48342895,0.001368355,0.100068413,0.956054769,NA
VASH1,13802.6168,0.002060614,0.048414046,0.956327892,0.983714199
C8orf34,14.76530331,0.001288352,0.100468558,0.956367373,NA
FOXRED1,782.632469,0.002423521,0.061507871,0.956472634,0.983714199
WDR54,81.57275782,0.002124433,0.094529345,0.956508636,0.983714199
UVSSA,1092.738221,-0.00270782,0.069626866,0.956553376,0.983714199
OR7E38P,81.30603736,0.00241644,0.090541415,0.956675778,0.983753076
TSNAXIP1,21.21830172,0.001399898,0.099839644,0.956740671,NA
ANAPC11,1355.420311,-0.00264922,0.053786257,0.956782658,0.983753076
DICER1,3923.69092,-0.00211959,0.041885672,0.956822018,0.983753076
TPPP,14.21550428,-0.001000677,0.100898128,0.956942824,NA
TNRC6A,1931.043252,-0.00236935,0.0570894,0.957206971,0.98397976
SYN3,103.6783388,-0.002229058,0.091038653,0.957291525,0.98397976
KREMEN2,56.39623144,0.002143128,0.09362253,0.9573049,0.98397976
NEDD4L,357.8253281,0.003103917,0.078406586,0.957362111,0.98397976
POLR3C,1224.715573,0.002558704,0.056390641,0.957427314,0.98397976
RNF149,5440.90238,0.002235173,0.046483471,0.957741561,0.984223604
GFRA2,23.17789836,-0.00086914,0.101499479,0.957828648,NA
TATDN3,567.6538241,0.002773691,0.076792799,0.958003151,0.984413301
SIGLEC16,719.3556565,-0.002559584,0.062839818,0.958227683,0.984494098
FZD4,37.5368139,-0.001699316,0.096671485,0.958235789,0.984494098
C1orf198,458.6988719,0.002697575,0.068373171,0.958339905,0.984521952
C19orf73,12.48246277,-0.000994952,0.101031458,0.958357707,NA
FAM210B,695.0153431,-0.002790216,0.071768284,0.958699962,0.984678636
CYP4F3,30.91769886,0.001035334,0.101666791,0.958702629,0.984678636
PKIA,110.4044561,-0.00215829,0.090899913,0.958723477,0.984678636
ZNF788P,11.99985447,-0.00080927,0.101717871,0.958766957,NA
HYDIN,19.30355186,-0.001011159,0.100823881,0.958894242,NA
AATF,1359.812933,-0.002534312,0.063784393,0.95900083,0.984839047
GNPAT,1167.330602,0.001324642,0.056043062,0.959046729,0.984839047
ZNF518A,1141.30822,0.002690515,0.073847951,0.959177313,0.984839047
CEP152,392.5669665,-0.002183027,0.087779982,0.959280157,0.984839047
ARHGAP21,2978.758917,0.002074544,0.046031756,0.95935281,0.984839047
ZNF394,813.1648696,-0.002533933,0.06636447,0.959400664,0.984839047
AMPD2,2847.487292,0.010619746,0.068332731,0.959418876,0.984839047
MAGED4,11.58230498,0.000796513,0.101993749,0.959608615,NA
CR1L,11.37615661,0.001022883,0.101025767,0.959682017,NA
G6PD,3502.720716,0.002470573,0.057957827,0.959878764,0.985232016
DOK4,41.52713423,-0.001345068,0.09873169,0.96006707,0.98534619
SMIM11,263.2505556,-0.002419948,0.077831633,0.960578254,0.985791698
PMS2P4,8.616329102,-0.000868601,0.101331139,0.96067288,NA
ARSI,10.42945773,-0.000840117,0.101483593,0.96069859,NA
KLHL41,27.64767448,-0.001410819,0.09934206,0.960706826,NA
SLC35A2,904.4584894,0.00271415,0.062825534,0.960779191,0.98591877
NPHP3,534.1956635,-0.002447132,0.077394273,0.960900579,0.985964197
DMXL2,8011.270592,-0.002049008,0.044824598,0.96104236,0.986021836
HRH2,396.3159115,-0.002536327,0.076522903,0.961110999,0.986021836
LINC01881,16.32887926,0.001251395,0.099842516,0.961179177,NA
DDN,7.494485721,-0.000794702,0.101646101,0.961181085,NA
RPS10-NUDT3,464.0436431,-0.002183997,0.086696235,0.96128954,0.986073414
ZC3H7A,1673.664117,-0.00216947,0.053818263,0.961315528,0.986073414
CERK,2050.332588,0.001592387,0.055068268,0.961435785,0.98611765
UBE2Z,4947.412094,-0.001901504,0.042176003,0.961800757,0.986320073
ABCD3,651.5210721,-0.00241841,0.07253758,0.961813585,0.986320073
NUDT2,159.6720491,-0.001804103,0.0933075,0.961864581,0.986320073
SPAG4,13.22779597,-0.000860944,0.101212298,0.961935872,NA
INO80B-WBP1,9.109579344,0.000549988,0.102475039,0.962142015,NA
SLAMF6,23.62851015,-0.00126076,0.099003088,0.962149605,NA
RABGEF1P1,101.2231663,0.002123207,0.090115685,0.962195071,0.986531987
SDF2,828.3316108,0.002777062,0.057066419,0.962225568,0.986531987
INMT,16.38579785,0.001162292,0.100193997,0.962316693,NA
ABCA9,103.418436,0.001853704,0.094487238,0.962564718,0.98673385
AIP,1437.904266,0.001272374,0.051372079,0.962576815,0.98673385
TDRD10,30.06298655,0.001105995,0.100461302,0.962621554,NA
CTR9,2168.064027,-0.001874084,0.058674779,0.963117938,0.987148082
FAM32A,2580.149484,-0.001815333,0.045709707,0.963185157,0.987148082
UPF3B,917.641494,0.002462295,0.073193326,0.963236586,0.987148082
ZBTB9,434.7018793,-0.002318047,0.074389888,0.963289752,0.987148082
BRF2,426.8042683,-0.002294939,0.073711524,0.963432854,0.987215599
EEF1A1P6,52.84633917,0.001707598,0.095366034,0.963767805,0.987383063
CABP1,9.990810849,0.000909487,0.101234178,0.963786362,NA
LANCL1,711.9060451,0.002304436,0.062029864,0.963824606,0.987383063
FIP1L1,1265.778698,-0.002066091,0.059216412,0.963827973,0.987383063
GSTO2,72.74087296,-0.001464461,0.093911347,0.963973231,0.987452152
LARP6,15.02959885,0.000765321,0.101859554,0.964064648,NA
PRKD3,1131.172771,-0.002168398,0.066625965,0.964077084,0.987452152
MPC1,1243.3341,-0.002046661,0.056259019,0.964250039,0.987452152
RGMA,77.27557945,-0.001437672,0.096418719,0.96427431,0.987452152
YPEL4,228.4501139,0.00213395,0.079253107,0.964281589,0.987452152
NR1I3,20.12174862,-0.001069823,0.099471037,0.964380495,NA
MRGPRX3,6.180591857,-0.000530969,0.102229624,0.964516871,NA
MLH3,402.18539,0.002115371,0.072806783,0.964543679,0.987641434
MED7,236.6428455,-0.002152657,0.076669493,0.964772296,0.987796412
EIF5A2,153.1761007,0.001153972,0.09974968,0.964987148,0.987920685
VWF,398.2727283,0.002210355,0.085061856,0.96510699,0.987920685
BLOC1S4,599.9454783,-0.002098678,0.060155147,0.965171366,0.987920685
POLA2,702.0500832,-0.002190802,0.065505976,0.965202759,0.987920685
SP6,9.232030352,-0.000755059,0.10138193,0.965404522,NA
TRIM66,1105.555225,0.002246193,0.071374703,0.965563393,0.988210693
ARSL,11.66989949,0.000902272,0.101072561,0.965687456,NA
KIF3C,380.6630174,0.00194351,0.090683484,0.965695235,0.988248715
TP73,33.92208364,0.001383326,0.097622402,0.965820228,0.988248715
HOXB5,62.94611537,-0.00159845,0.09352329,0.965832436,0.988248715
ATP6V1H,3836.660661,-0.002421729,0.059342406,0.966250522,0.988459506
SPDYE10,97.53240208,-0.001169704,0.093375657,0.966251677,0.988459506
ZSCAN9,217.6851132,0.002550006,0.080959109,0.966270388,0.988459506
HRG,16.57020616,0.001004348,0.101229558,0.966351224,NA
CASR,23.45089519,0.001190639,0.099098305,0.966436768,NA
GLB1L2,405.3465799,-0.002495752,0.070168247,0.966559563,0.988676215
CDKAL1,331.0589367,0.002206004,0.072288509,0.966670956,0.988711054
KPNA1,2220.041674,0.005330353,0.053193305,0.96682109,0.988785508
ZNF706,1938.577122,0.0016097,0.060536139,0.966902142,0.988789304
ETFDH,839.5268974,-0.002057554,0.072328906,0.967028418,0.988839345
TMEM114,5.944126331,0.000559247,0.102239256,0.967116189,NA
KLF10,1196.702029,0.002196883,0.068106202,0.967187766,0.988889529
VWCE,86.73670888,0.001780624,0.091767417,0.967232191,0.988889529
ERCC3,1424.299739,-0.001491425,0.051488128,0.967629559,0.989216689
RBM12,1575.310352,-0.001971711,0.059649601,0.967790369,0.989228466
BTBD3,685.3735192,0.002007734,0.079782202,0.967795828,0.989228466
CEP126,16.52203271,0.000922296,0.100629318,0.967937066,NA
ATM,3343.64688,-0.002050937,0.064986089,0.9680567,0.989416013
NOX4,15.03868622,-0.000826932,0.100520345,0.968117911,NA
LMTK2,531.8758557,0.002084385,0.068950558,0.968242882,0.989527198
B3GALT5,8.838975235,0.000716846,0.101609666,0.968361858,NA
CA6,11.3889922,-0.000653251,0.101025378,0.96841051,NA
TP63,12.37087215,0.000740353,0.101485783,0.968424696,NA
GUCY2F,14.10362524,0.001016807,0.100339492,0.968630382,NA
LRRN2,14.71818821,-0.000728324,0.101042057,0.968734188,NA
CEBPB,16869.78115,0.001880138,0.055582201,0.968870208,0.989970857
CD300A,780.4353235,0.001749823,0.064846866,0.968910105,0.989970857
AGBL2,8.69364257,-0.000583397,0.101773025,0.968914898,NA
PPP1R15B,2492.859262,0.002867849,0.053025783,0.968986066,0.989970857
KLHL26,534.5188443,-0.001893962,0.077465127,0.968993983,0.989970857
FMN2,15.44458582,-0.000780806,0.100688577,0.969034678,NA
ASXL2,2380.548807,0.001515986,0.08020795,0.969064159,0.989970857
ERCC1,2506.816955,-0.001319373,0.045209743,0.969423464,0.990206315
TPRG1,262.0624648,0.001945778,0.082731587,0.969471935,0.990206315
PCP2,23.76006807,-0.001013861,0.098880572,0.969481415,NA
DHRS2,21.96071006,-0.000956792,0.099552564,0.96958743,NA
CUEDC2,1131.106924,-0.001729389,0.05522537,0.969763738,0.990206315
PODXL2,68.61078795,-0.001406856,0.092967303,0.969900555,0.990206315
SMURF1,1377.640555,0.001852859,0.05841108,0.969943702,0.990206315
ZDHHC20,2543.119201,-0.001688556,0.051002106,0.969992864,0.990206315
KIZ,171.9681678,-0.001796481,0.082628799,0.970043694,0.990206315
PMS2P8,11.71347423,-0.00026237,0.102752992,0.970070077,NA
ALKBH6,412.2214352,0.001954868,0.069803963,0.970088141,0.990206315
EBI3,85.77314549,0.001461128,0.090706829,0.970131045,0.990206315
ATF7IP,1392.83694,0.001976726,0.066380102,0.970139166,0.990206315
GUSBP11,84.339332,0.002077354,0.090524778,0.970146602,0.990206315
SUV39H1,559.3521426,0.001870601,0.077027232,0.970321881,0.990306158
MAS1,25.57938211,0.001127612,0.098350636,0.970650467,NA
PRDM7,10.10729446,0.000751822,0.10113336,0.970782686,NA
VPS72,837.6876242,0.001893084,0.065908135,0.971033261,0.990772354
CLU,1668.563698,0.002063492,0.078857486,0.971064912,0.990772354
ZC3HC1,341.4214832,-0.001839259,0.082606806,0.97108619,0.990772354
SLC6A12,2275.478948,-0.001738259,0.063346848,0.971088648,0.990772354
NKPD1,12.2700857,-0.000710246,0.100718038,0.971180111,NA
PROSER1,1234.842813,0.001928652,0.066372368,0.971264051,0.990872239
WNT4,8.634065921,-0.00053505,0.101793061,0.971401705,NA
CREB5,586.6696891,0.001546825,0.08589909,0.971597535,0.991056941
UPRT,470.3786505,-0.001770807,0.06841375,0.971600132,0.991056941
BTN2A3P,48.65800897,-0.001216741,0.094759872,0.971815704,0.991157659
KLHL11,226.8430499,0.002746545,0.076358631,0.971863788,0.991157659
RPS19P3,12.80258945,0.000851041,0.100691954,0.971927955,NA
MED23,1138.333355,-0.001550417,0.057300629,0.971992537,0.991157659
TUT4,1351.070715,-0.001452017,0.059228193,0.972008974,0.991157659
ITPR1,1480.686087,0.001486582,0.053376613,0.972209144,0.991282711
NRAP,13.46595692,-0.000584735,0.101400709,0.972262649,NA
GNA13,4456.933967,0.002131128,0.050395672,0.97228998,0.991286076
PJA1,612.0512943,-0.001646975,0.064145808,0.972384285,0.991303173
TSNAX-DISC1,18.66314802,0.000709881,0.101039641,0.972716523,NA
BEGAIN,14.11772475,-0.000526259,0.10166798,0.972747736,NA
MTRFR,524.3068695,0.001732571,0.066614803,0.972852451,0.991640681
TMEM167B,1542.644144,0.001751206,0.052988539,0.972870478,0.991640681
SCD5,44.23351317,-0.001146915,0.095476663,0.97310198,0.991797578
NUDT7,62.74370203,-0.001200339,0.094296129,0.973224359,0.991843239
FOXD4L5,8.914095231,-0.000560372,0.101688333,0.973302899,NA
PHIP,2300.083983,0.001728324,0.069883715,0.973611626,0.991904696
VPS35L,1826.373836,0.002030295,0.067174393,0.973633851,0.991904696
GPR157,283.765629,-0.001241723,0.092599942,0.973738232,0.991904696
HDAC3,2314.508545,-0.001474879,0.05394361,0.973743937,0.991904696
PCDH12,52.95361789,-0.001029716,0.097786293,0.973755174,0.991904696
MUS81,1147.199684,0.001613402,0.057192482,0.973945345,0.991904696
SEL1L,6001.105275,-0.001018302,0.0740472,0.973954256,0.991904696
DESI1,1322.728053,0.001736354,0.070260131,0.973955394,0.991904696
UBE2D3,8385.547463,-0.0013615,0.047349998,0.973982914,0.991904696
NKAP,727.3093332,0.001758661,0.065139584,0.974105072,0.991950087
EMC3-AS1,9.701991648,0.000554414,0.101801429,0.974401541,NA
SAMSN1,1991.219388,-0.000671432,0.069502935,0.974448359,0.992220633
IYD,12.86385957,-0.000431003,0.101966075,0.97450403,NA
PARP4,5793.530904,0.001397772,0.050554115,0.974530098,0.992224839
FAM162A,700.9376683,-0.001573462,0.077195415,0.974696806,0.992315549
STN1,322.1582218,-0.001477416,0.078321514,0.975021336,0.992462231
RNF220,2888.192782,-0.000979577,0.048415828,0.975087276,0.992462231
MANEA,799.4358486,0.001309344,0.064877931,0.975291881,0.992462231
MSH5,343.9557837,-0.001534673,0.076726798,0.975364204,0.992462231
SNRNP35,479.3660735,-0.001531733,0.074006612,0.975442417,0.992462231
ZNF112,113.978164,-0.001310921,0.089116527,0.975516874,0.992462231
NCALD,36.08267512,-0.00078265,0.098876474,0.975707479,0.992462231
IHO1,26.20368405,-0.000735549,0.09896486,0.975730539,NA
ENTPD5,413.8876534,-0.001435566,0.07899671,0.975791759,0.992462231
RASGEF1B,2402.80494,0.00014362,0.060550337,0.975816795,0.992462231
C1orf50,302.3291507,0.001741147,0.083741218,0.975955474,0.992462231
ZNF611,232.6736354,-0.001672342,0.082321318,0.975985879,0.992462231
SDHAP4,151.0232307,0.001227778,0.082483032,0.976016323,0.992462231
ZNF815P,96.07539021,0.001237715,0.089994129,0.976049574,0.992462231
FBXW7,449.5364575,0.001518651,0.08095311,0.976052306,0.992462231
CORO1A,9034.844115,-0.000728971,0.059425987,0.976189759,0.992462231
RPL32,6921.961052,-0.002653183,0.06378466,0.976238061,0.992462231
RBISP5,19.35531141,0.000740025,0.099957337,0.976300681,NA
SERINC1,8860.236094,-0.001169686,0.051202294,0.976379903,0.992462231
ZNF821,347.9825087,-0.001024459,0.069423564,0.976414905,0.992462231
ZNF330,1446.843658,-0.001385723,0.058425182,0.9764204,0.992462231
UCP3,44.84979821,-0.001006506,0.095122648,0.976510193,0.992462231
XRN2,3370.877488,-0.001232651,0.049883267,0.976596983,0.992462231
ZFYVE28,78.12552693,0.001207512,0.095468105,0.976658213,0.992462231
GCC2,1834.797875,-0.001362396,0.058528577,0.976703793,0.992462231
VKORC1L1,1775.248993,-0.001301882,0.0546114,0.976817894,0.992462231
ATP5F1AP10,7.816574419,-0.000466137,0.101539446,0.976875661,NA
CLTA,5849.031804,0.001159671,0.049300022,0.976942992,0.992462231
CSNK2A1,3356.651872,-0.001200982,0.040177952,0.977037911,0.992462231
DYNC2I1,480.8031288,-0.001319879,0.082766272,0.977086863,0.992462231
C6orf89,2444.252676,0.001213693,0.050356862,0.977160938,0.992462231
RASEF,35.48312501,-0.000860548,0.097262532,0.977175204,0.992462231
MRPL2,751.9117898,0.001474988,0.059952598,0.977188328,0.992462231
EMC3,1586.620023,0.001224196,0.04943684,0.977355321,0.992462231
RAB11FIP1P1,230.4175432,-0.0013232,0.084095886,0.977383264,0.992462231
PTPDC1,232.4520084,0.001497486,0.082094267,0.977463336,0.992462231
SLC1A3,2437.053275,-0.000713932,0.064036531,0.977534463,0.992462231
ESPL1,1106.080596,0.001721598,0.081396624,0.977557832,0.992462231
XPNPEP3,515.731241,-0.001382324,0.069146335,0.977853417,0.992615258
MBNL3,800.7427507,0.00157553,0.068519965,0.978039109,0.992615258
CSGALNACT1,100.5593604,-0.001146218,0.090245793,0.978150847,0.992615258
GPRIN3,8408.293165,0.001238599,0.050248477,0.978192168,0.992615258
CCDC171,65.08905772,0.000736214,0.097234114,0.978275255,0.992615258
TRAPPC11,1728.212657,-0.001325939,0.060957478,0.978318254,0.992615258
POGLUT2,87.62405369,0.001118941,0.090323172,0.97838087,0.992615258
DCBLD1,427.9972702,0.001511621,0.081034979,0.978464912,0.992615258
TRAPPC2B,117.4925119,0.001271092,0.089178094,0.978542373,0.992615258
ITK,46.5186656,-0.000527145,0.098910755,0.978555853,0.992615258
CIBAR1,130.4592266,-0.001073188,0.090969909,0.97856259,0.992615258
KCND3,9.124708236,-0.000476056,0.101338617,0.978739529,NA
RPL13A,44705.16425,0.00100885,0.035280872,0.978922354,0.992736217
ZNF844,69.00254015,-0.000928078,0.094524528,0.978950877,0.992736217
TPI1,9350.098301,0.001223842,0.051334057,0.978972267,0.992736217
FN3KRP,755.6437899,0.001138296,0.066404622,0.978992431,0.992736217
ATAD3C,20.17365018,-0.000561937,0.100166165,0.979147554,NA
GLRA3,8.064632346,-0.000398441,0.101609436,0.979171975,NA
TMEM17,29.17261123,0.000815919,0.098230479,0.97955479,NA
FPGT,600.6282158,0.001514931,0.082956613,0.9795709,0.993244029
AIFM3,106.7939849,0.00103182,0.093657261,0.979744527,0.993295504
PPIE,748.1469148,0.001541237,0.063245343,0.979813566,0.993295504
UBTD1,1490.380081,0.001251421,0.057071288,0.979903372,0.993295504
SPATS2,493.208897,0.001270702,0.07691472,0.979932436,0.993295504
CST6,19.20135829,-0.000537538,0.099717212,0.979996028,NA
PTDSS1,3193.254898,-0.000902828,0.049409805,0.980014985,0.993300427
DCDC2B,25.7185535,0.000837215,0.09907075,0.980192722,NA
TMEM64,267.5721984,0.001259462,0.08345856,0.980264045,0.993443196
PKMYT1,754.3403833,-0.001200177,0.065349985,0.980618675,0.993443196
NXPE3,694.3484707,-0.001170752,0.067645937,0.980641771,0.993443196
MPC2,2175.680647,0.001004692,0.044926114,0.980648437,0.993443196
SYT5,45.20612016,0.000666749,0.099775009,0.980791143,0.993443196
RNASEH2B,869.6628003,-0.000263534,0.064514974,0.980881079,0.993443196
ZFP92,231.8638965,0.001184606,0.084167895,0.980897253,0.993443196
ANKRA2,360.3009746,-0.001190373,0.072153988,0.98091097,0.993443196
CIR1,1190.147594,-0.001085559,0.067896848,0.980933412,0.993443196
HOXB3,249.457316,-9.48E-05,0.083961098,0.981016753,0.993443196
DDX59,404.4399317,-0.001228372,0.071553655,0.981054713,0.993443196
THAP6,357.527257,-0.001121557,0.079487011,0.981088291,0.993443196
C9orf78,1750.497963,0.001170053,0.058768975,0.981274896,0.993553461
CFAP74,23.20546219,-0.000558833,0.098761682,0.98131937,NA
LRRC17,9.304693294,0.000373063,0.101884308,0.981351876,NA
MRPS7,1789.474116,-0.001033156,0.053559571,0.981514251,0.99363041
AKAP7,297.0219106,0.001447769,0.075921642,0.981542981,0.99363041
TRIM61,85.73308316,-0.001059748,0.090495684,0.98158405,0.99363041
CABYR,65.05729165,0.001063781,0.095655613,0.981726014,0.993635959
TMEM79,235.0386269,0.001211033,0.082261874,0.981851147,0.993635959
RPS3AP38,8.34443503,-0.00035262,0.101617341,0.981851872,NA
LRP2BP,37.25312822,0.000774757,0.097905527,0.981887843,0.993635959
TINCR,32.95495674,-0.000566902,0.099292771,0.981900407,0.993635959
TSGA10IP,19.54400649,0.000516353,0.099931342,0.981953699,NA
GPATCH2,346.4841297,-0.001057359,0.079254271,0.982394802,0.994057581
SEPTIN5,8.141306201,0.000388506,0.10182021,0.982442502,NA
GYG1,1517.853246,-0.001313181,0.053201872,0.982571184,0.994157374
NEB,56.46251715,0.000899142,0.094340236,0.982839714,0.994350379
BEX2,13.47728312,-0.000313849,0.101319917,0.982946671,NA
PTGER2,217.2876655,-0.000202735,0.08293207,0.983054209,0.99437366
WDFY1,3432.630897,0.000953686,0.057647497,0.983094471,0.99437366
ZNF316,3597.448462,-0.001557951,0.075970961,0.983096055,0.99437366
GPR119,20.85615849,0.000695034,0.09886072,0.983137834,NA
SNAI2,11.41866356,-0.00027351,0.101873658,0.983203746,NA
PPARGC1B,1664.839528,0.00111678,0.062540801,0.983272477,0.994416845
TMEM54,57.19013758,-0.000759564,0.095296468,0.983329574,0.994416845
PASK,447.0374762,-0.00100838,0.07533946,0.98337209,0.994416845
ZC3H11C,13.96783695,0.000457009,0.100946544,0.983437973,NA
MIPEPP3,23.85866655,0.000644336,0.098617004,0.983456643,NA
YDJC,739.6683376,0.000714054,0.068126656,0.983616128,0.994457576
WASH3P,153.6163983,0.000943163,0.084215136,0.983624022,0.994457576
EPPIN,17.70412656,-0.000550163,0.099946029,0.983701379,NA
CCNT2,964.3245688,-0.000991645,0.067830671,0.983953136,0.994457576
BCL7C,785.2597701,-0.000853923,0.058950811,0.984060236,0.994457576
KRT8P33,10.35051935,0.000451822,0.101152241,0.984060674,NA
NPEPPSP1,219.7687375,-0.000376933,0.082313928,0.984062078,0.994457576
EXOC1,1332.347238,-0.000631795,0.06542224,0.984073818,0.994457576
FANCM,255.4907301,0.001037749,0.08603115,0.984079358,0.994457576
PHC3,1584.363859,0.00184848,0.091166873,0.984199403,0.994457576
FGF23,130.8927707,-0.000554646,0.089339591,0.984199738,0.994457576
RYKP1,8.8584571,0.000436407,0.101358983,0.984208643,NA
RMC1,720.8570249,0.00105063,0.062747153,0.984268407,0.994457576
SKIC2,1113.303956,0.000964634,0.069927566,0.98431498,0.994457576
ZNF780B,526.9610607,-0.000882215,0.077010616,0.984345767,0.994457576
NUDT21,1621.396497,0.001144128,0.057400878,0.984450336,0.994484635
AS3MT,15.54284285,-0.000107599,0.102687589,0.984582973,NA
CFAP97D1,20.410972,-0.000419757,0.099714486,0.985038081,NA
STX8,448.1968958,-0.000872884,0.072690752,0.985479319,0.995151378
ARPIN,975.3673022,-0.000942733,0.065209103,0.985511194,0.995151378
PLXNA1,9656.768087,0.009522993,0.062808424,0.985524183,0.995151378
SMIM8,165.3942654,0.000927079,0.084659432,0.985604397,0.995151378
KCNC4,213.7392141,-0.000384618,0.098666679,0.985618805,0.995151378
ASB6,736.6089193,-0.000820167,0.059104257,0.985630474,0.995151378
RALGPS2,114.8346026,-0.000544844,0.097211843,0.985713673,0.995151378
ALK,44.06688396,0.000609661,0.097803688,0.985733051,0.995151378
LRRC2,18.47483033,-0.000403656,0.099584729,0.985909928,NA
ELOB,3547.762088,-0.000355607,0.047117819,0.985912422,0.995253874
H2AC20,12.60249877,0.000133077,0.101233028,0.986099681,NA
C16orf89,28.35994662,0.000901081,0.09889573,0.986108965,NA
CCDC78,83.71197093,0.000681433,0.091554821,0.986124136,0.995340197
INAFM2,3444.889682,-0.000752907,0.053243609,0.986153639,0.995340197
TNRC6B,1771.021475,0.000812383,0.06757128,0.986335385,0.995398761
C17orf49,888.995561,-0.00074815,0.059635753,0.986418185,0.995398761
NPIPA5,8.521079052,0.000250698,0.102535718,0.986423308,NA
NTPCR,492.0837877,0.000768343,0.067400078,0.986445233,0.995398761
TPSB2,29.46465342,-0.000391702,0.098923322,0.986527468,NA
STK24,3176.353254,0.00082413,0.054485425,0.986552764,0.995428702
TMEM39A,794.2014651,-0.000803443,0.066884162,0.986639922,0.995438084
RBPMS2,14.79015168,0.000558442,0.100406335,0.986792459,NA
ZFHX2,293.2946769,0.004540893,0.084749871,0.986872554,0.995587277
CCDC174,613.1282385,-0.000343097,0.083511741,0.987024622,0.995587277
B3GALT2,13.19423381,0.000426808,0.100263457,0.987026583,NA
ASTE1,173.3965615,-0.00080541,0.084198879,0.987078182,0.995587277
DCK,1212.761139,0.000968885,0.051386963,0.987168543,0.995587277
ZNF33B,282.1667077,-0.000520135,0.093897178,0.987177154,0.995587277
RP9P,130.4496662,0.001162704,0.087176573,0.987422341,0.995756005
CFAP44,166.4931606,0.000806505,0.082034811,0.988008478,0.99626508
ZNF208,11.02457662,-0.000199253,0.101624923,0.988104803,NA
MINDY2,1488.195391,-0.000732118,0.06648755,0.988155034,0.99626508
SPRYD4,434.9286502,0.000767425,0.072235497,0.988160929,0.99626508
SURF2,293.7269445,0.000930952,0.073151789,0.988249259,0.99627557
ZNF385D,26.02691775,0.000399349,0.100428034,0.988478497,NA
CHRAC1,798.5754446,-0.000712447,0.072109622,0.988509268,0.996459118
TFPI2,38.68036261,-0.00027315,0.100062645,0.988713372,0.99653218
RGS9,31.76597657,-0.000398188,0.098792996,0.988737638,0.99653218
SCCPDH,2236.546073,0.000721951,0.057243909,0.988844402,0.996561224
RPP21,309.3532957,4.28E-05,0.072957049,0.989014092,0.996653674
ZNF620,75.81763035,0.000571358,0.096233745,0.989174676,0.996736935
MYLIP,198.550417,0.000715447,0.082011816,0.989456719,0.996752717
FBXL4,423.7728796,0.000665175,0.071342868,0.989459214,0.996752717
CD33,1068.793681,-0.000660509,0.059820177,0.989488102,0.996752717
PBX1,36.67520595,0.000389898,0.099231982,0.989610243,0.996752717
HTR7,317.1359361,0.002291191,0.073229087,0.989641408,0.996752717
RBM14-RBM4,243.1130073,0.000677297,0.087801798,0.989658114,0.996752717
MCM9,505.7872557,0.000570927,0.067107813,0.989746394,0.996763107
H4C9,8.552731871,-0.000209986,0.101669942,0.989777612,NA
ZNF263,793.5351998,0.000436374,0.065063786,0.990088534,0.99701319
ZNF789,266.9869201,-0.00055753,0.080813782,0.990150682,0.99701319
CLCNKB,9.276313687,0.000277433,0.101187532,0.990237655,NA
HNRNPA1P16,15.12967848,0.000304035,0.100461461,0.990262593,NA
DNM1P47,108.2872181,-0.000448082,0.091280431,0.990309553,0.997020262
SOCS1,50.05292713,0.000541964,0.096121579,0.990321813,0.997020262
TIRAP,537.6737262,0.000663075,0.067782379,0.990466014,0.997020262
TCF7L2,1803.917979,0.000676774,0.065804112,0.99046964,0.997020262
PKD1P4,464.7710797,0.000741493,0.087210111,0.990604928,0.997077941
MRPL23,1118.120567,-0.000708467,0.053213956,0.990754785,0.997081183
POFUT2,847.3781744,-0.000460275,0.071323619,0.990764125,0.997081183
CPSF7,2098.319133,-0.00043034,0.05911627,0.991105721,0.997181952
TMEM70,1979.96357,-0.000477437,0.052169345,0.991159558,0.997181952
DHRS1,485.0145906,-0.000747561,0.063731636,0.991250308,0.997181952
ALX3,94.91108999,0.000608325,0.088633929,0.991284008,0.997181952
RSF1,1938.999247,0.000555782,0.060198052,0.991284589,0.997181952
CD27,118.7058623,0.000439752,0.088091953,0.991358118,0.997181952
PTCH1,148.4474117,0.000485714,0.09425319,0.991410231,0.997181952
TMEM88,9.864302712,-0.00013103,0.101861703,0.991467873,NA
DSEL,40.59158112,-0.000297562,0.097691945,0.991620849,0.997315336
PKD1L3,18.50520707,-0.000317127,0.09965186,0.991698021,NA
SHBG,11.90158944,0.000189101,0.102095196,0.991698029,NA
ZDHHC23,21.79226917,-0.000169144,0.10034821,0.991734448,NA
MAB21L3,274.010911,0.00134606,0.079882954,0.991880799,0.997432438
AP4S1,227.538611,0.000706619,0.08223321,0.992007423,0.997432438
NPAT,585.2759874,0.000335017,0.064464323,0.992040286,0.997432438
MAN2C1,3107.766303,-0.000410121,0.066186897,0.992049346,0.997432438
SNRPA,1096.709037,0.000495623,0.055573468,0.992240528,0.997470345
FAM186A,22.53497589,0.000417312,0.099415039,0.992339827,NA
LRRC32,144.0317099,0.000323283,0.088467489,0.99243102,0.997470345
PRDM4,1073.691158,0.000573319,0.062364453,0.992546247,0.997470345
TMEM117,406.7390925,-0.000380468,0.083583721,0.992571783,0.997470345
TRAPPC3,1775.276388,0.000422178,0.049117128,0.992574823,0.997470345
MS4A4A,2271.564363,0.002812795,0.059175327,0.992678823,0.997470345
ZNF155,177.1493003,0.002905772,0.08465982,0.992883189,0.997470345
KAZALD1,48.04395368,-0.000202001,0.097080155,0.99291552,0.997470345
CTC1,681.8248532,-0.00041081,0.077190829,0.99299602,0.997470345
MIA2,949.1603284,-0.000407747,0.069941301,0.993021509,0.997470345
ZNF813,228.7462885,0.000588585,0.083602422,0.993023211,0.997470345
RBBP4,2503.420624,-0.000575505,0.055995947,0.993084276,0.997470345
IFNAR1,4794.937177,0.00043878,0.052447343,0.993101292,0.997470345
CASC3,2306.699412,-0.000116999,0.050251121,0.993381364,0.99749728
NR6A1,51.05046651,0.000306705,0.098493847,0.99342779,0.99749728
ZNF767P,49.46674343,0.000341801,0.096854573,0.993447669,0.99749728
TRIM2,93.06076248,0.000367906,0.092754696,0.993543025,0.99749728
SNAPC4,859.7419625,-0.000435271,0.065508473,0.993596343,0.99749728
VPS37B,1595.636953,0.000414375,0.053633635,0.993610874,0.99749728
FAM120A,5297.64289,-0.000390905,0.039370235,0.993674255,0.99749728
CPLANE2,111.804156,0.000403434,0.089401423,0.993772133,0.997517211
HSPBAP1,622.0698563,0.000318511,0.068614689,0.99402031,0.997626493
MZT2A,1055.480037,0.000506234,0.055547418,0.994037066,0.997626493
ZNF816-ZNF321P,12.0856366,-8.90E-05,0.101105809,0.994090962,NA
RIPOR2,32.84136383,-0.000166788,0.099264068,0.994142404,0.997653896
FGF1,22.34352177,0.000311085,0.099042367,0.994153119,NA
INKA1,152.6509633,-0.000269355,0.085649675,0.994388791,0.997761786
CFAP251,81.77146722,0.000441396,0.093005771,0.994503086,0.997761786
ZNF137P,19.2466879,-0.000172048,0.100247036,0.994505089,NA
SNAP25,27.81277924,0.000195639,0.099029364,0.994507263,NA
TDRD3,2170.762697,-0.000294116,0.055941754,0.994566012,0.997761786
PRSS27,37.16640729,-0.000169777,0.096958334,0.994663905,0.997761786
PRKCB,1979.744708,-0.000263332,0.053210732,0.994677794,0.997761786
HPGDS,2786.743568,-0.000415254,0.055818016,0.994718164,0.997761786
BACH2,26.6935734,0.000247456,0.099872686,0.99472199,NA
IPPK,338.6866545,0.000432143,0.079759853,0.994891779,0.997857645
PEX5L,15.95178723,-8.12E-05,0.101202341,0.994966829,NA
PBX3,1030.912596,0.000362415,0.062822447,0.994981534,0.997869385
SLC44A5,8.776235927,0.000143472,0.101654439,0.995107561,NA
CYFIP2,98.75477969,-4.32E-05,0.094600636,0.995162708,0.997936089
FAM120AOS,1573.405438,-0.000184063,0.058589566,0.995228543,0.997936089
INTS12,369.9749512,-8.79E-06,0.075624977,0.995282211,0.997936089
RPL3L,24.04598187,-2.95E-05,0.10017233,0.995375316,NA
BIN2,1648.876291,0.000350332,0.071079418,0.995608559,0.998185024
ZCWPW2,30.10031754,-1.25E-05,0.098652389,0.995652561,NA
MCF2,154.5032936,3.53E-05,0.0828188,0.995691652,0.998190055
NPIPA6,993.5175491,-0.000163933,0.078811888,0.995785284,0.99820565
NPM1,12727.0735,-5.19E-05,0.055992153,0.995996438,0.99833904
CLEC17A,42.1042134,-0.000101143,0.096469049,0.996166057,0.998430781
CDIN1,143.5572863,0.000276792,0.088060497,0.996432665,0.998545384
IFT80,333.4006153,-0.000177916,0.087706481,0.996436607,0.998545384
PTPRB,120.3607315,-4.48E-05,0.09753884,0.996754926,0.998628142
CHD9NB,31.60726055,-5.29E-05,0.09878571,0.996800293,0.998628142
DERA,1022.109808,-5.27E-05,0.065504749,0.996800791,0.998628142
NR3C2,24.36291352,0.000166918,0.099747573,0.996819132,NA
KCTD7,743.1080373,0.000180444,0.069251529,0.996831627,0.998628142
MRLN,10.32180801,0.000122069,0.101253043,0.996881097,NA
C6orf163,25.8074352,0.00014183,0.09961199,0.997018258,NA
BCKDHB,306.4524107,-0.000131476,0.081234258,0.997067267,0.998726413
DCAF1,1072.143461,0.000265905,0.063556315,0.997152675,0.998726413
ZNF407,614.4583347,0.000218149,0.065524553,0.997253125,0.998726413
TFDP2,688.4105124,-3.87E-05,0.08108639,0.99733017,0.998726413
MMP21,12.52404917,-1.36E-05,0.101272454,0.997435276,NA
ANKRD26,507.9398172,-0.000130162,0.073774401,0.997442317,0.998726413
ATP6V1C1,3925.81057,-0.000114851,0.056988166,0.997528322,0.998726413
METTL17,1292.769247,-0.000567479,0.050288934,0.997539123,0.998726413
OR2B11,31.13529597,0.000167444,0.097970801,0.997554657,0.998726413
CDH6,14.23879033,0.000120232,0.100544164,0.997686451,NA
H2BC8,11.80616376,-6.90E-06,0.100805129,0.997746919,NA
ZNF724,28.31679735,-1.81E-05,0.097850492,0.997825719,NA
TPM2,997.614956,0.001478351,0.060705968,0.997918218,0.998965761
ESAM,11.69382551,-1.23E-05,0.101241925,0.997946391,NA
C1R,35.30226273,0.000128053,0.099753822,0.997953023,0.998965761
FAT2,73.3574406,-3.24E-05,0.095613014,0.998028132,0.998965761
BMS1P2,69.61345587,-0.000323574,0.095513052,0.998220849,0.998985106
EVI2A,1934.391879,0.000229073,0.077690965,0.998270618,0.998985106
NMT1,4318.026242,-0.000358014,0.054143822,0.998281871,0.998985106
RIBC1,13.69392977,9.69E-05,0.100508016,0.998299791,NA
LENG1,291.2883248,0.000159319,0.079115547,0.998439932,0.99906508
FAM241B,112.9824669,2.08E-05,0.087408017,0.998638679,0.99918575
PRDM14,8.269863618,4.53E-05,0.101769722,0.998823027,NA
AASDH,234.2693344,-0.000308295,0.08153087,0.999067215,0.999536298
NBPF2P,8.736402625,6.77E-05,0.101691086,0.999175959,NA
C18orf54,190.3356247,-0.000122935,0.081953942,0.999323581,0.999645578
FAF1,729.9748917,0.000103245,0.076496838,0.999332823,0.999645578
EIF2S2P1,10.81669416,1.39E-05,0.101346563,0.999395384,NA
LRP6,263.7620058,0.000193361,0.098699791,0.999602659,0.999837271
TRAPPC10,3330.315405,3.48E-05,0.05442061,0.999744316,0.999900734
OAZ3,46.02307444,6.29E-05,0.096780793,0.99987722,0.999945024
DDRGK1,2177.404661,0.000168083,0.054226578,0.999945024,0.999945024