,baseMean,log2FoldChange,lfcSE,pvalue,padj
GRN,60079.76145,-0.321529454,0.062140642,1.78E-08,0.000102216
CYB561A3,6108.238012,-0.253182276,0.048701275,2.02E-08,0.000102216
KCTD20,2658.87484,0.294269902,0.058594001,4.06E-08,0.000110261
TBC1D2,4508.009877,-0.268398451,0.053345776,4.35E-08,0.000110261
HSPG2,795.84445,-0.61063639,0.128211521,9.98E-08,0.000202484
MAP4K2,1314.02565,-0.366081489,0.079132472,2.47E-07,0.000359982
TSC2,2624.836005,-0.352994603,0.075482829,2.48E-07,0.000359982
CPSF1,4727.224227,-0.372304189,0.08267267,4.36E-07,0.000439485
IL6ST,3536.632694,0.236471741,0.051640186,4.79E-07,0.000439485
POLD4,2598.963279,-0.274730693,0.060490299,4.85E-07,0.000439485
CLEC11A,3132.189796,-0.245070575,0.054300307,5.51E-07,0.000439485
APBA3,522.8331629,-0.515524893,0.117143306,5.60E-07,0.000439485
MOB1A,7680.201076,0.225638256,0.049598889,6.06E-07,0.000439485
PTDSS2,1158.075743,-0.344810214,0.077613548,6.07E-07,0.000439485
CTSD,191407.7092,-0.257795866,0.058662825,7.38E-07,0.000463141
COL5A1,513.9268348,-0.519104134,0.120341036,8.50E-07,0.000463141
XPOT,5025.57521,0.254261246,0.057467521,8.97E-07,0.000463141
SLIT3,748.0598291,-0.393659793,0.090972343,9.04E-07,0.000463141
UNKL,431.0626096,-0.493319574,0.114867474,9.07E-07,0.000463141
FARP1,4532.107673,-0.303432689,0.06934733,9.37E-07,0.000463141
RAB21,2180.481156,0.263691618,0.060157976,9.85E-07,0.000463141
SORBS3,3539.568874,-0.454537364,0.106589519,1.05E-06,0.000463141
POR,2340.173751,-0.245822033,0.055946224,1.09E-06,0.000463141
NARS1,7032.832575,0.190361178,0.042544829,1.10E-06,0.000463141
ZNF358,1114.595348,-0.327943049,0.076653239,1.33E-06,0.000528576
FCSK,633.5607566,-0.4368531,0.103384278,1.35E-06,0.000528576
RRM2,1912.223756,0.305762012,0.071158443,1.48E-06,0.000556248
LRP3,1061.773403,-0.495301283,0.118781602,1.60E-06,0.000579863
TMEM65,955.6781303,0.443867537,0.107944839,1.70E-06,0.000594137
NDC1,1063.222042,0.269118559,0.063139944,1.76E-06,0.000596653
XPO1,5046.420636,0.261108366,0.061862053,2.13E-06,0.000653129
ATP6V0A1,6459.796729,-0.204770309,0.047785578,2.19E-06,0.000653129
NPIPB11,1158.803992,-0.310557756,0.074502481,2.21E-06,0.000653129
INTS15,963.1595731,-0.352310059,0.08511621,2.24E-06,0.000653129
GRINA,10492.87587,-0.221899993,0.05204148,2.25E-06,0.000653129
ITSN2,2890.722826,0.203341959,0.047576172,2.45E-06,0.000678414
HSPB1,7603.975424,-0.292602933,0.070469695,2.48E-06,0.000678414
ZNF444,660.7285708,-0.414744542,0.101507125,2.54E-06,0.000678414
SCAMP2,5880.503454,-0.224168843,0.053322361,2.91E-06,0.00075735
ZNF219,1573.731085,-0.334849955,0.082103329,3.11E-06,0.000788864
MIB2,832.1074471,-0.439037639,0.109493727,3.39E-06,0.000819187
YPEL3,809.8361518,-0.399160221,0.099288727,3.46E-06,0.000819187
SLC35A5,787.3652996,0.336515195,0.083188246,3.47E-06,0.000819187
COL1A1,2932.113196,-0.539815456,0.135953943,3.71E-06,0.000854647
CD2AP,1536.975111,0.29431625,0.072892466,4.01E-06,0.000857367
IFITM10,384.389212,-0.555495443,0.14136195,4.10E-06,0.000857367
DHX37,1132.331738,-0.308359824,0.076539804,4.12E-06,0.000857367
EEF2,49349.51436,-0.284445268,0.071075556,4.13E-06,0.000857367
FAM174C,1413.241064,-0.287367114,0.070909611,4.14E-06,0.000857367
PMEPA1,641.1793268,-0.483685169,0.122989713,4.23E-06,0.000858192
PSAT1,3953.639386,0.317189298,0.079212556,4.54E-06,0.000903647
MTATP6P1,10354.07809,-0.281078131,0.070590521,4.75E-06,0.000923441
HDLBP,13825.44371,-0.183527786,0.044991107,4.82E-06,0.000923441
AVPI1,486.4928915,-0.36988189,0.093890716,5.03E-06,0.000944294
NDUFS7,2693.488415,-0.247932837,0.06155388,5.40E-06,0.000996423
TAF1C,1753.559322,-0.387425772,0.099308255,5.70E-06,0.001032388
BAG6,7710.458884,-0.278864082,0.070249661,5.81E-06,0.001033267
ZSWIM8,3327.540237,-0.274567599,0.070059816,6.54E-06,0.001143728
ITPK1,3695.815795,-0.221167705,0.055130246,6.67E-06,0.001146954
PLD3,52068.83022,-0.262107253,0.066858429,7.30E-06,0.001234036
GAS6,1799.946655,-0.300192183,0.07750256,8.04E-06,0.001336948
CCPG1,3710.134971,0.205238007,0.051574631,8.34E-06,0.001356371
FERMT3,16724.92102,-0.217503554,0.05548724,8.54E-06,0.001356371
CAMTA2,2637.820549,-0.318515066,0.08309303,8.56E-06,0.001356371
MED12,2373.846937,-0.268556702,0.069269908,8.87E-06,0.001385045
CSNK1D,6202.150687,-0.267181357,0.069016009,9.30E-06,0.001429974
SLC52A2,2090.311879,-0.285697185,0.074653312,9.71E-06,0.00146953
MCOLN1,4095.085432,-0.267940501,0.06946933,1.01E-05,0.001502193
RPS6KA3,4943.545892,0.216587663,0.055452587,1.06E-05,0.001537595
POLR2M,1163.064933,0.405221242,0.108866136,1.06E-05,0.001537595
POU2F2,3743.271562,-0.270819366,0.07034406,1.11E-05,0.001581173
SPNS1,4572.067479,-0.240383761,0.062471652,1.15E-05,0.001622165
UCP2,6761.816767,-0.186480402,0.047363145,1.17E-05,0.001625689
CDK2AP2,1330.461628,-0.296369891,0.078517,1.20E-05,0.001643805
INPP5E,681.1742812,-0.466236305,0.127389745,1.28E-05,0.001736364
MVB12A,961.2615408,-0.258878531,0.068448783,1.35E-05,0.001795441
USP15,2169.104163,0.217770279,0.056655147,1.38E-05,0.001807828
UBR4,6451.244827,-0.246023967,0.064977602,1.39E-05,0.001807828
FBRS,4459.052159,-0.321581858,0.086821692,1.45E-05,0.001859313
ATP6AP1,17045.21041,-0.228678971,0.059420945,1.60E-05,0.00202659
ARPP19,3470.416327,0.20553197,0.053851645,1.63E-05,0.002041291
AOC1,388.3431283,-0.366682476,0.101592559,1.72E-05,0.002090096
NAGLU,2291.133682,-0.258545696,0.069424086,1.72E-05,0.002090096
GPX1,31211.7755,-0.193045316,0.050237981,1.75E-05,0.002090096
SDC3,1932.719152,-0.370732249,0.102101391,1.75E-05,0.002090096
NHP2,1087.674303,0.249876261,0.067378388,1.86E-05,0.002176678
ATN1,3733.670489,-0.290473364,0.079271318,1.88E-05,0.002176678
FAR1,3578.518171,0.225127591,0.060158941,1.89E-05,0.002176678
SLC28A3,894.4190412,0.258594858,0.070393433,2.03E-05,0.002308519
PNPLA6,6498.432447,-0.256449323,0.069722562,2.06E-05,0.002320922
PPP2R1A,6829.961604,-0.162214509,0.042227369,2.14E-05,0.002386053
BLOC1S6,2809.389452,0.191180046,0.050710068,2.25E-05,0.002480184
MTHFD2,9032.416561,0.25259775,0.069329325,2.33E-05,0.002528983
SEZ6L2,868.8939723,-0.276333157,0.076362576,2.34E-05,0.002528983
SPI1,23771.3718,-0.220125605,0.059821348,2.45E-05,0.002619688
PNPLA2,2979.893311,-0.375965094,0.106599578,2.55E-05,0.0026946
SOX12,1017.434436,-0.278178925,0.077560612,2.65E-05,0.00277153
TOM1,5173.602309,-0.252515485,0.07004524,2.78E-05,0.00287335
TCIRG1,15509.13508,-0.255204918,0.07292381,2.87E-05,0.002944343
ERBB2,295.095986,-0.437269499,0.127244665,2.96E-05,0.002997628
KIF2A,1631.020868,0.206097343,0.056302009,3.00E-05,0.003015718
VPS26A,3078.525786,0.247217753,0.069025107,3.03E-05,0.003015718
VPS28,2228.463984,-0.215179546,0.059150006,3.08E-05,0.003033497
SYVN1,2196.412245,-0.258620557,0.072834474,3.17E-05,0.003090778
CD74,25622.12396,-0.223735843,0.063630237,3.24E-05,0.003129397
IMPACT,1303.377075,0.279520759,0.079548503,3.28E-05,0.003140744
CYBA,22884.66663,-0.258925617,0.073993767,3.40E-05,0.003210838
C1QC,33478.60768,-0.235251325,0.064831285,3.42E-05,0.003210838
ANKRD42,503.862019,0.372511074,0.109011288,3.51E-05,0.003256426
TGFBR1,10721.07586,0.241435115,0.06797553,3.53E-05,0.003256426
LMTK3,93.04068989,-0.797062363,0.240058279,3.73E-05,NA
TFEB,2541.47959,-0.211833668,0.058948593,3.78E-05,0.003418017
HNRNPA3P6,52.54259683,1.056492161,0.322804249,3.81E-05,NA
RHBDD2,3070.621232,-0.232531335,0.065718925,3.81E-05,0.003418017
WDR7,1333.548319,-0.315099471,0.091510824,3.85E-05,0.003418017
UFL1,1489.684577,0.22307379,0.062660916,3.85E-05,0.003418017
MIIP,1199.728264,-0.300487057,0.08707517,3.87E-05,0.003418017
WDR81,5079.442102,-0.221719902,0.062304585,4.00E-05,0.00350166
IRF2BPL,3232.731897,-0.287934649,0.083348347,4.10E-05,0.003557241
MRPS10,888.1528731,0.285727631,0.082386881,4.27E-05,0.003657021
ARSA,2365.771912,-0.286814311,0.08318613,4.29E-05,0.003657021
TSKU,1264.632559,-0.331697334,0.097763934,4.36E-05,0.003662792
FOSL2,1606.83484,-0.262292953,0.075709721,4.37E-05,0.003662792
CLSTN1,4963.917954,-0.240720117,0.068872378,4.47E-05,0.00371671
CDC6,236.2420531,0.473897981,0.144080887,4.51E-05,0.00371671
MYBPH,1044.183772,-0.326286181,0.096569922,4.71E-05,0.003828873
C2,4463.474881,-0.230635712,0.066205969,4.72E-05,0.003828873
POGLUT3,606.5300154,0.314930182,0.093310236,4.76E-05,0.003828873
SLC15A3,18910.65109,-0.189450104,0.051864842,4.86E-05,0.003880309
RPS6KB1,1011.61396,0.29824147,0.088262243,4.97E-05,0.003938614
CXADR,2388.852065,0.225968206,0.064834226,5.04E-05,0.003959893
ATP6V0C,26074.81636,-0.207935385,0.061893367,5.22E-05,0.004069625
GRAMD1A,2915.384433,-0.240056702,0.068783336,5.57E-05,0.004313932
CFD,368.1939621,-0.428208033,0.131155822,5.62E-05,0.004320726
NECAB3,320.4846294,-0.396601255,0.12116744,5.67E-05,0.00432293
IPO7,4737.356546,0.237020961,0.069245129,5.72E-05,0.004330914
SSH3,843.7122279,-0.367134937,0.111868201,5.81E-05,0.004343553
ACSL4,5330.755376,0.247515571,0.073507978,5.86E-05,0.004343553
CD68,48150.39779,-0.24453046,0.071666796,5.89E-05,0.004343553
AMDHD2,2346.636952,-0.312427586,0.093785773,5.91E-05,0.004343553
PCNP,3179.774413,0.20837512,0.060149201,6.29E-05,0.004530362
ITPRID2,3155.818599,0.196089105,0.055668263,6.32E-05,0.004530362
EVA1B,934.0355976,-0.248984859,0.073569119,6.34E-05,0.004530362
TECR,3344.100302,-0.19247809,0.055089493,6.34E-05,0.004530362
PI4KA,5313.004058,-0.200368592,0.057747503,6.46E-05,0.00457865
HIBCH,563.4752069,0.372879838,0.115191515,6.50E-05,0.00457865
BCAR1,573.9731859,-0.342929671,0.104936004,6.59E-05,0.004612069
CACTIN,1049.408702,-0.242881087,0.071980264,6.69E-05,0.004624139
METTL2B,472.1086009,0.339767839,0.104508031,6.73E-05,0.004624139
RAPGEF6,719.5666624,0.319163243,0.097697388,6.75E-05,0.004624139
SLC2A8,807.858917,-0.254453852,0.075984804,6.87E-05,0.004674605
CD37,960.2832844,-0.267111402,0.080256557,6.97E-05,0.004714987
RTRAF,1440.241784,0.311781088,0.095647473,7.09E-05,0.004726133
RELA,2550.062303,-0.23545509,0.069816158,7.10E-05,0.004726133
ITSN1,1106.216284,-0.266281892,0.080182086,7.13E-05,0.004726133
POLR2A,10196.47638,-0.23788207,0.07074835,7.23E-05,0.004741404
TWF1,1689.440085,0.219772544,0.064792432,7.24E-05,0.004741404
SLC9B2,183.1974446,0.527598575,0.169362361,7.57E-05,NA
RTL8C,2276.003529,-0.261883428,0.079069437,7.65E-05,0.004968157
ARMT1,2138.960949,0.299489651,0.092328919,7.69E-05,0.004968157
DNAJC10,3762.501756,0.258910793,0.078452067,7.77E-05,0.004978777
MYADM,2766.093699,-0.336307565,0.104331128,7.82E-05,0.004978777
ATF6B,4806.680759,-0.289261491,0.088424279,7.89E-05,0.004978777
RNF114,2646.450379,-0.194754321,0.056870649,7.90E-05,0.004978777
INF2,3559.400344,-0.280759793,0.086017557,8.00E-05,0.004993709
ALCAM,21378.53098,0.172368416,0.049206651,8.02E-05,0.004993709
ABO,37.38053968,-1.291869171,0.424639181,8.08E-05,NA
MAP3K10,638.7184799,-0.255278271,0.077457847,8.30E-05,0.005133342
TAPBP,8204.451231,-0.332325578,0.107011531,8.48E-05,0.005214824
TIMP2,15596.26349,-0.157330405,0.045019526,8.56E-05,0.005231338
CITED2,5356.677417,-0.19156317,0.056279515,8.82E-05,0.005344366
HAGHL,775.8180807,-0.351975259,0.111093074,8.85E-05,0.005344366
IRS2,1605.279005,-0.272878482,0.083983753,8.92E-05,0.005354297
PCNX4,1229.019682,0.250573073,0.076632791,9.08E-05,0.005411256
TCEA1,2527.404289,0.226987449,0.068590527,9.12E-05,0.005411256
TBRG1,1835.597397,-0.26802319,0.082583864,9.23E-05,0.00544166
DEK,4594.055979,0.188249161,0.055688761,9.68E-05,0.005676956
TESK1,2410.503435,-0.266106279,0.082900638,9.96E-05,0.005808017
DYRK1B,452.3327108,-0.371669811,0.119326592,0.000101838,0.005903109
GAK,5647.566237,-0.205410423,0.062258505,0.000102503,0.005907906
P3H1,2189.651902,-0.299361799,0.094443089,0.000106616,0.006110213
ZNF687,1163.589273,-0.195167765,0.058706163,0.000111428,0.006350162
LARS1,3838.733748,0.221850579,0.068203254,0.000115238,0.006530571
PIGT,4164.285423,-0.225210803,0.069019713,0.000116415,0.006559143
AGAP3,6241.141584,-0.265984434,0.082794182,0.00011767,0.006559143
ATP6V0D1,10502.92192,-0.158738889,0.047372169,0.000117949,0.006559143
SH2B1,1920.512702,-0.358952162,0.116662327,0.000118544,0.006559143
NUCKS1,6866.136397,0.332830462,0.108020011,0.000118975,0.006559143
TBC1D17,1555.873807,-0.269269839,0.085171311,0.000121935,0.006650162
TRAF3,3165.687777,0.211739907,0.064882288,0.000121937,0.006650162
SHC1,2683.165862,-0.261162333,0.082519892,0.000124149,0.006713174
IER5L,4261.633809,-0.357649975,0.117087992,0.000124416,0.006713174
BAZ1B,4172.571274,0.15278576,0.044791759,0.000127154,0.006824582
CCDC92,2293.816421,-0.194964329,0.059313902,0.000127969,0.006831144
C1QTNF6,128.2595545,-0.53016642,0.178823414,0.00012847,NA
AHCTF1,1382.73999,0.251602121,0.079629446,0.000128623,0.006831144
TOMM70,1804.428996,0.237217746,0.073166909,0.000130297,0.006861534
FKBP8,7286.195127,-0.176420508,0.05292589,0.000130548,0.006861534
HVCN1,716.3465675,-0.241424978,0.076052559,0.000133332,0.006971759
TP53I13,1201.496281,-0.292798181,0.094599277,0.000135778,0.00705212
NUCB1,9627.869431,-0.208017048,0.064206555,0.000136259,0.00705212
MMP24OS,1965.993155,-0.28624728,0.092318702,0.000137844,0.007062579
C2orf49,420.7874049,0.340390987,0.112483846,0.000138478,0.007062579
SEPTIN10,1670.895811,0.200848807,0.061873475,0.00013855,0.007062579
PSMF1,2974.898938,-0.248074469,0.079386716,0.000141763,0.007190197
TBL3,942.0135536,-0.340437203,0.112577417,0.000144542,0.007280227
SDCCAG8,1981.675306,0.225175512,0.070839191,0.000144973,0.007280227
DOK3,7052.407522,-0.203388305,0.064308145,0.000146321,0.007311712
CSE1L,1454.299779,0.220111176,0.069232955,0.000147297,0.007324428
TMUB1,1088.379297,-0.300555091,0.098326501,0.000149167,0.007381214
LAMB2,2451.291428,-0.392110889,0.13165142,0.000150286,0.007400507
MFSD10,1942.356966,-0.213581322,0.067059225,0.000156537,0.007671073
PLBD2,5939.948705,-0.165712812,0.049822545,0.000161039,0.007853744
SLC25A40,1128.490277,0.249643467,0.080588454,0.000162895,0.00790626
AIDA,2139.101588,0.224343591,0.071808019,0.000167757,0.008103476
NOTCH2NLR,11.45955289,1.916949361,0.648223117,0.000168096,NA
BRAT1,1525.875068,-0.253177177,0.082168282,0.000169362,0.008119775
SH3GLB2,1460.038227,-0.206554495,0.064844716,0.000170181,0.008119775
STAG2,2946.697893,0.20242624,0.063745378,0.000170496,0.008119775
CTSA,11595.64162,-0.183737351,0.057168652,0.000174431,0.008268344
RBM3,5116.144317,0.213195042,0.067948687,0.000176282,0.008317233
NUMA1,8260.902154,-0.188993343,0.05909501,0.000177996,0.008345152
DGAT1,1419.829491,-0.232706911,0.07500686,0.000179402,0.008345152
SCAND1,1630.520677,-0.22026009,0.06954507,0.000180013,0.008345152
ZC3H15,2080.920052,0.226554533,0.072945788,0.000180164,0.008345152
SHOC2,1441.083763,0.268575314,0.088858955,0.000184203,0.008493421
HMGB1,7913.442602,0.212555089,0.067999009,0.000185145,0.008498224
C15orf48,4360.83208,0.330997619,0.112881892,0.000191422,0.008746767
ESCO2,403.967316,0.377900936,0.131453068,0.000200287,0.009110823
MFGE8,1271.287372,-0.244796422,0.080464616,0.000202332,0.009162743
ANXA3,82.00509638,0.632758722,0.228583454,0.000206164,NA
ASIC3,146.5622498,-0.602919307,0.215761042,0.000206761,NA
MAPK3,1353.158098,-0.256835483,0.08518842,0.000209096,0.009404744
ARMC5,609.3034087,-0.321909055,0.110041028,0.000210501,0.009404744
UBE2W,1295.7012,0.27072249,0.090911173,0.000212085,0.009404744
IARS1,5570.206719,0.259695353,0.086322989,0.000212222,0.009404744
C1orf21,353.1414818,0.376453443,0.13181183,0.000212311,0.009404744
PPDPF,1340.055666,-0.273075567,0.091295423,0.00021488,0.009408634
HEATR1,1447.942968,0.215144069,0.069963536,0.000214895,0.009408634
ITGB1,18187.34351,0.177794447,0.056168481,0.000215425,0.009408634
MAP3K11,5570.309348,-0.275582932,0.092726497,0.000217,0.009408634
STXBP2,7485.886297,-0.189112681,0.060037533,0.000217037,0.009408634
CALCOCO1,3257.04753,-0.244279344,0.08082115,0.000219775,0.009445927
GAS2L1,2157.164603,-0.245027364,0.081254896,0.000220148,0.009445927
SIRT2,1740.640481,-0.207614772,0.06707794,0.000221351,0.009445927
MRNIP,751.2335781,-0.215621123,0.070206735,0.000221622,0.009445927
NFATC1,1130.814017,-0.247713388,0.082169682,0.000224183,0.009515128
TMEM94,2728.711093,-0.380126261,0.133161106,0.00022785,0.00962667
TNS2,732.7916042,-0.447936335,0.159752382,0.000228709,0.00962667
CPED1,1705.92948,0.205123313,0.066835869,0.000237979,0.009975464
UCHL5,881.2831403,0.256128741,0.086570164,0.000239572,0.009998346
TMEM192,1383.911308,0.214397975,0.070524892,0.000243602,0.009998346
UBXN6,5318.08853,-0.167719214,0.052768358,0.000243667,0.009998346
HNMT,3984.837038,0.170062718,0.053747401,0.000244633,0.009998346
RTN4R,446.302276,-0.353937846,0.124720817,0.000244701,0.009998346
LIG3,510.7358755,0.256746602,0.086897261,0.000244804,0.009998346
JAK2,1630.214839,0.212955753,0.070204239,0.000245425,0.009998346
PTPN6,9007.192452,-0.17337536,0.055546893,0.00025094,0.010182122
NPAS1,92.51951,-0.630169337,0.232285274,0.000251992,NA
SPEN,3200.445745,-0.265200919,0.090277816,0.000253523,0.010235153
FAM111B,368.0043166,0.289335983,0.100292935,0.000254264,0.010235153
SYNGR2,7881.227983,-0.152474086,0.049222701,0.000258372,0.01027148
PLEKHM2,8268.520989,-0.218473014,0.072161186,0.000258382,0.01027148
RTN2,634.9013814,-0.239456305,0.080632512,0.000259976,0.01027148
DCAF15,1472.762517,-0.207559265,0.068321989,0.000260956,0.01027148
MAP1S,4429.721753,-0.360754701,0.127916548,0.000261191,0.01027148
SQSTM1,15379.0251,-0.185826433,0.060593397,0.000261242,0.01027148
CYCS,4164.895795,0.256892222,0.087852577,0.000262867,0.01029546
CALM2,12910.42146,0.252132471,0.083900572,0.000271523,0.010593572
GAA,12548.55695,-0.267961465,0.092420463,0.000277976,0.010732674
BCKDK,2139.171427,-0.182124302,0.059648903,0.000278447,0.010732674
AP1B1,18755.82739,-0.200389547,0.066131115,0.000278531,0.010732674
TOLLIP,3568.043876,-0.291445177,0.101836481,0.000279545,0.010732674
INTS1,5181.057882,-0.24583292,0.086292623,0.000280378,0.010732674
SLC43A2,974.6562306,-0.35368757,0.125710175,0.000282342,0.010767226
GTF3C3,1040.154231,0.265811872,0.092718208,0.000283956,0.010782628
SECISBP2L,2052.380194,0.231535114,0.079225435,0.000284872,0.010782628
SH3BP1,5957.112309,-0.255649883,0.086756146,0.000286495,0.010803746
NFKBIE,2969.200575,-0.215424126,0.072143669,0.000289536,0.010877992
DSTN,1995.783805,0.227612302,0.077258077,0.000295118,0.010908814
PHACTR2,1796.923677,0.19701417,0.065335919,0.000295558,0.010908814
RPS3A,9841.277837,0.292283178,0.102683753,0.000296136,0.010908814
SMIM13,772.5854587,0.230553764,0.078358782,0.000296154,0.010908814
ASF1A,572.841388,0.294956664,0.104560623,0.000298029,0.010908814
CAMSAP2,1601.035042,0.207032586,0.06918331,0.000299283,0.010908814
RNF20,1743.609597,0.236089136,0.08077727,0.000299853,0.010908814
HLA-DMA,1145.954152,-0.265828838,0.092415577,0.000300241,0.010908814
TPMT,1307.76873,0.230775303,0.078666081,0.000300341,0.010908814
RASSF8,866.0140326,0.369283507,0.1352377,0.000302762,0.010908814
ZFYVE19,908.508896,-0.225975583,0.076660123,0.000302796,0.010908814
ITGAL,9437.720647,-0.237710408,0.081946409,0.000303457,0.010908814
N4BP2,771.0089195,0.273785195,0.096115844,0.000304337,0.010908814
OGFRL1,5193.718067,0.212350046,0.071480771,0.000305777,0.010921833
AKT1S1,2067.400929,-0.217278399,0.073234163,0.000307941,0.010960529
IRF2BP2,3479.21081,-0.264075755,0.093721634,0.000310893,0.01099783
DGKZ,5197.294638,-0.199145248,0.066328074,0.000311157,0.01099783
PWWP2B,680.9418601,-0.277822807,0.097763328,0.000315034,0.011063583
USP19,2787.622034,-0.219112449,0.075029397,0.000315199,0.011063583
GRIN2D,1741.901272,-0.251124848,0.087066986,0.00031818,0.011101989
ARHGEF1,5464.511101,-0.311641019,0.111579188,0.000318957,0.011101989
SNAI3,1013.568785,-0.286008195,0.101284821,0.000320634,0.011101989
SRRM2,19449.90843,-0.27226623,0.093639819,0.000321439,0.011101989
HSPD1,5074.77713,0.221462621,0.07573709,0.000321924,0.011101989
GPR137,1011.161577,-0.228867731,0.078239563,0.00032286,0.011101989
MXD4,3196.744629,-0.2497724,0.086700301,0.00032404,0.011104931
PHF3,2230.248804,0.178979375,0.058796759,0.00032736,0.011153622
PAPSS1,6532.633777,0.190184237,0.063069961,0.00032766,0.011153622
HDAC7,2522.073647,-0.224711793,0.076961315,0.000329083,0.01116461
RPL36A-HNRNPH2,809.4828334,0.406793028,0.152161532,0.000331384,0.011181115
RERE,3349.205318,-0.274621871,0.097773423,0.000331774,0.011181115
GNPNAT1,668.9942788,0.277975069,0.098774654,0.000333784,0.011211616
LMAN1,2748.553908,0.174585823,0.057231818,0.000336002,0.011225621
AKT1,4676.648636,-0.165141685,0.053528061,0.000337113,0.011225621
DPH1,1067.768639,-0.28120937,0.099959033,0.000338369,0.011225621
SGSH,2536.888909,-0.298062561,0.106349315,0.000339248,0.011225621
FAM135A,1213.445002,0.24181201,0.084288489,0.000340333,0.011225621
PRPF40A,3052.828843,0.179269414,0.059119901,0.000340841,0.011225621
CLPTM1,6424.765695,-0.176978868,0.058216316,0.000342022,0.011228076
SENP6,1996.263477,0.221584464,0.076111495,0.000347505,0.011366715
PTPRO,3189.472855,0.166436497,0.054212508,0.000348487,0.011366715
PET117,103.7369662,0.566669285,0.218792481,0.000350006,NA
POM121C,2005.74703,-0.255095941,0.089879295,0.00035632,0.011512702
KRR1,821.6733357,0.226005601,0.078048242,0.000357134,0.011512702
GIGYF1,3345.276147,-0.32002184,0.116658134,0.000357708,0.011512702
MGLL,2537.327998,-0.259435724,0.091598636,0.000357971,0.011512702
OTULINL,1454.35504,0.32943157,0.120040466,0.000358637,0.011512702
CNPPD1,2913.015976,-0.210909774,0.072097593,0.000364075,0.011650389
DAG1,836.4306604,-0.269486885,0.096220504,0.000373484,0.011884193
UAP1L1,3797.221206,-0.230520141,0.080614343,0.000374007,0.011884193
SDAD1,1140.224759,0.216728733,0.074831887,0.000374896,0.011884193
FBXW11,2079.802804,0.195186639,0.066137238,0.000377258,0.011921821
NXF1,2493.187278,-0.202539291,0.068657212,0.000378767,0.01193233
MFSD12,16327.80244,-0.179673182,0.059746414,0.000380619,0.011953548
ARID5A,2909.168156,-0.197582341,0.067934744,0.000384029,0.012006562
FUBP3,2500.537476,-0.180459594,0.060670682,0.000384674,0.012006562
CRTC2,1696.269581,-0.211990215,0.072882003,0.000386116,0.012014592
LAT,235.5404848,-0.405683083,0.154022155,0.000390861,0.012125044
LYRM7,506.3448026,0.354981698,0.13347684,0.000392143,0.01212773
ANKRD9,609.9327768,-0.289860527,0.105546132,0.000394885,0.012175431
ELMOD2,583.5188323,0.223743384,0.078196912,0.000397811,0.012228479
ADSS2,1848.367247,0.245365782,0.087549145,0.00040269,0.012290631
PLD4,2745.427599,-0.360052492,0.135053587,0.000403066,0.012290631
TXNRD2,1332.516449,-0.18867783,0.063948985,0.000403468,0.012290631
SEH1L,846.2867888,0.215314085,0.075517916,0.000424073,0.012837616
GRPEL1,756.7923332,0.278215495,0.102138861,0.000424237,0.012837616
RAB11B,3562.747511,-0.206857167,0.0715067,0.000427219,0.012837616
SLC19A1,1573.980815,-0.240750003,0.086548402,0.000427226,0.012837616
YWHAZ,15718.86502,0.153594863,0.05051675,0.000427752,0.012837616
SEMA6C,33.74378,-1.065254533,0.43913859,0.000428578,NA
BTF3L4,1915.726754,0.191958816,0.065796334,0.000429524,0.012852787
CAPN15,2500.135286,-0.243322076,0.087522101,0.000432684,0.012874332
KIAA0930,18976.051,-0.163923186,0.054130865,0.000433966,0.012874332
ASCC3,1341.012142,0.255106664,0.092526561,0.000434052,0.012874332
INSYN1,13.037242,-0.038732397,0.095213963,0.000436378,NA
CDC42SE2,1330.003214,0.221814867,0.078403654,0.000439081,0.012915862
ATF6,2700.657703,0.16099547,0.053454859,0.000440517,0.012915862
MRPL3,1615.75077,0.218554088,0.077052748,0.000441373,0.012915862
RPL37,5425.692249,0.278148725,0.102371235,0.000441703,0.012915862
CUL9,1218.002789,-0.287140551,0.105922074,0.000441818,0.012915862
RLIM,1942.742654,0.182252152,0.062152221,0.000452744,0.013197228
PCED1A,1708.523083,-0.219413493,0.077226396,0.000457012,0.013283454
BLOC1S3,692.3994892,-0.277810693,0.102796526,0.000462638,0.013379547
SF3A3,2150.509272,0.209440332,0.074036677,0.000463729,0.013379547
OSBPL8,5291.156119,0.140922017,0.045790951,0.000464275,0.013379547
MDH2,5017.710725,-0.178599059,0.060685332,0.000466099,0.01339407
RAG1,27.63968896,1.192070675,0.507018974,0.000466315,NA
AEBP2,905.0939318,0.224646109,0.079698593,0.000468342,0.013420525
RANBP1,1663.734283,0.204455891,0.072402735,0.000475892,0.013596488
EHD1,1454.892773,-0.28275086,0.10549163,0.000477266,0.013596488
RUSF1,2085.623694,-0.198709107,0.069298271,0.000478504,0.013596488
RPS26,2566.886674,0.274978958,0.10242409,0.000480077,0.013603077
CYB5R3,5245.442616,-0.236029668,0.08552789,0.000482528,0.013613287
ARHGAP18,5341.512935,0.181052947,0.062236545,0.000483121,0.013613287
HSPE1,1418.501944,0.296869685,0.111690351,0.000494824,0.013904403
BTBD2,1815.184956,-0.220640035,0.078718883,0.000496596,0.013915672
ROCK1,4427.503568,0.185122031,0.064064429,0.000498201,0.013922165
AXL,6413.033993,-0.23683258,0.085901541,0.000501793,0.01395341
CORO1B,8550.546518,-0.17429216,0.059560197,0.000502245,0.01395341
MYH9,32104.97045,-0.192521739,0.066560367,0.000504332,0.01395341
HNRNPDL,6308.593388,0.202918641,0.071624712,0.000506347,0.01395341
ECSIT,927.6779323,-0.209966176,0.074837952,0.000507363,0.01395341
SPTAN1,9203.0356,-0.139508108,0.045650479,0.000507572,0.01395341
TMX1,2364.695229,0.232146598,0.084396107,0.00051077,0.013988599
EMP1,7855.222517,0.227124429,0.082334061,0.000513514,0.013988599
DPP7,5566.307821,-0.167702092,0.057514289,0.000513612,0.013988599
PI4K2B,981.9510763,0.239000539,0.087498524,0.000514368,0.013988599
SLC39A8,988.3441026,0.301027556,0.114245776,0.000516664,0.014013473
CNOT3,1557.249587,-0.207602927,0.073773986,0.00052182,0.014115574
ABTB1,1034.051605,-0.269131132,0.1004639,0.00052505,0.014130138
ABHD17A,3969.550969,-0.199198787,0.071642077,0.000525144,0.014130138
MSR1,12762.72052,0.183811215,0.063958625,0.000532349,0.014250244
TEX264,1668.975311,-0.191693814,0.067363814,0.000532417,0.014250244
OTUD6B,473.968865,0.294559026,0.11248695,0.000534529,0.014269115
RPS18,11915.32625,0.225032364,0.081876176,0.000538069,0.014325921
TRIM22,5700.092491,0.203612213,0.07234968,0.000539722,0.014332312
ZNF385A,8824.936159,-0.166739806,0.05694551,0.000545358,0.014415727
LRRK2,990.8728749,0.229108875,0.083845701,0.000547069,0.014415727
RAB10,4906.580185,0.180862596,0.06305543,0.00054851,0.014415727
MST1,222.7657562,-0.434847814,0.175159454,0.000549403,0.014415727
PRKCA,3710.511682,0.186738445,0.065223886,0.000549969,0.014415727
TMEM214,2141.753779,-0.189517418,0.066558988,0.000552163,0.01443592
GPX8,439.3725935,0.435326609,0.177531551,0.000558142,0.014554724
ZYX,29212.41455,-0.193853419,0.067015817,0.000561733,0.014610821
FTH1,182568.4966,-0.146051423,0.048721671,0.000574892,0.014859234
CMTM7,1105.515377,-0.207681149,0.074768684,0.000577036,0.014859234
SCYL1,2687.776981,-0.150405531,0.050600761,0.000577067,0.014859234
SEPTIN2,11400.03775,0.137104772,0.042555891,0.000578228,0.014859234
TOB1,1724.885751,-0.244581083,0.090648048,0.000578608,0.014859234
SCP2,2960.878676,0.226002945,0.083001057,0.000584424,0.014913861
RBM12B,551.5050415,0.325107486,0.128089227,0.00058448,0.014913861
SLC37A2,12986.37605,-0.165361171,0.058237966,0.00058636,0.014913861
CHUK,1035.997583,0.184491854,0.064937299,0.000587983,0.014913861
TAOK1,4326.079704,0.155614289,0.053266523,0.000588898,0.014913861
LACC1,2871.412909,0.243020558,0.090911742,0.000589556,0.014913861
KIF11,1247.992107,0.19163598,0.068119057,0.000592233,0.014944311
CENPU,496.4771044,0.267020628,0.101682987,0.000596042,0.015003095
CHRM4,86.66683527,-0.631406224,0.265451434,0.000607727,NA
C3AR1,9072.295858,-0.203455188,0.07223491,0.000608399,0.01524631
PRPF18,820.6662167,0.243915557,0.091577421,0.000609811,0.01524631
SH3GLB1,4343.470787,0.190240711,0.06772207,0.000610213,0.01524631
HDAC6,1810.008496,-0.158869181,0.054600746,0.000626452,0.015613595
USP11,1863.070695,-0.208609485,0.07586668,0.000631226,0.015694011
LIMD2,4057.305482,-0.179020008,0.063228251,0.000635504,0.015724173
RIOK3,1946.061028,0.152329355,0.052024141,0.000638106,0.015724173
VPS9D1,1365.801559,-0.221201108,0.081986262,0.000638434,0.015724173
RGPD5,1089.506968,-0.315590971,0.124423493,0.00063864,0.015724173
PACS2,2381.00369,-0.16686549,0.058026519,0.000642841,0.015736327
TNFSF12,865.2711703,-0.218591982,0.080855267,0.000643854,0.015736327
SSB,4019.174647,0.256650127,0.09438598,0.000644732,0.015736327
LENG8,10413.10395,-0.414868145,0.170131579,0.000645338,0.015736327
CD58,1163.024986,0.24542436,0.093386587,0.000658055,0.015973003
UFM1,2044.581517,0.206931649,0.075742155,0.000658194,0.015973003
ACTG1,52326.07446,-0.163968331,0.058192499,0.00066362,0.01602251
CSF1R,30752.63839,-0.237525783,0.09512427,0.000664869,0.01602251
MARCHF2,1827.255391,-0.159670085,0.055313555,0.000664972,0.01602251
ZDHHC20,2543.119201,0.171661712,0.060521007,0.000670755,0.016123551
ZBTB14,510.6823406,0.251671572,0.09645668,0.000676399,0.01622078
C6orf132,61.20940714,-0.739117577,0.323024366,0.000677926,NA
USP9Y,106.3079857,0.506317089,0.215940083,0.000690728,NA
PNKD,5788.695775,-0.155804035,0.053876377,0.000692922,0.016540059
MICAL1,6259.381488,-0.204792562,0.074936874,0.000692974,0.016540059
BCAT1,5937.350337,0.179398472,0.063959822,0.000700007,0.016668703
SLC11A1,12874.28497,-0.236270929,0.08726147,0.000703965,0.016723713
PACS1,2938.463723,-0.160864652,0.056142999,0.000710103,0.016830098
PCLAF,642.620902,0.309537319,0.124995437,0.000718476,0.016978982
FCHO2,3184.802746,-0.180816982,0.064595126,0.000719732,0.016978982
PEPD,4570.215415,-0.136030571,0.046001053,0.000724665,0.0170557
ALDH3B1,2293.753439,-0.175908912,0.063402132,0.000729753,0.017135692
IDE,1231.020356,0.243868568,0.094142374,0.000737152,0.017269443
LRP8,553.1952119,0.303467143,0.122402239,0.000740357,0.017273758
HSPA13,1385.911586,0.23436976,0.089805908,0.000740742,0.017273758
USF2,8903.394154,-0.15141603,0.052967465,0.00075556,0.017515097
PKD1,1741.469203,-0.276703547,0.109721452,0.000759223,0.017515097
SUCO,702.8044754,0.221167254,0.083771124,0.00076015,0.017515097
NOL4L,1763.514949,-0.169244448,0.06027471,0.000762131,0.017515097
ZNF195,518.784278,0.239357885,0.092388674,0.000762528,0.017515097
GRWD1,1047.80562,-0.204821469,0.076026929,0.000763025,0.017515097
SET,7758.689085,0.216238083,0.081668053,0.000764722,0.017515097
HSD17B14,1264.839837,-0.251229964,0.097830759,0.000765254,0.017515097
SPTSSA,1160.482923,0.216744066,0.081926062,0.000768849,0.017515097
KPNB1,10889.24144,0.158251636,0.055378431,0.000769228,0.017515097
CRTC1,1110.486818,-0.301726369,0.121252309,0.000770084,0.017515097
KPNA3,2015.977642,0.197142025,0.073076067,0.000778361,0.017637571
MLEC,6809.214069,0.151373583,0.052794055,0.000778946,0.017637571
ILVBL,1676.337281,-0.178682242,0.064615512,0.000780979,0.017644218
JMJD1C,1976.685482,0.290314156,0.117347264,0.000784621,0.0176563
C1QB,21150.9004,-0.158909656,0.056894862,0.000787389,0.0176563
AGRN,7895.968217,-0.2400302,0.09635707,0.000787805,0.0176563
BZW1,4144.425843,0.184269666,0.067042047,0.00078858,0.0176563
EPHX1,1113.455502,-0.212797571,0.080205626,0.000790217,0.0176563
TOR4A,3250.761601,-0.205330588,0.076162794,0.000792742,0.0176738
BRIX1,500.0809847,0.271721973,0.108676631,0.000801506,0.017810309
DDX21,3371.607731,0.219446972,0.083796329,0.000802377,0.017810309
CIZ1,2923.148875,-0.15741401,0.055548173,0.00080745,0.017883793
R3HDM2,1361.643586,-0.256094773,0.100848635,0.00081358,0.017963768
TBC1D10B,3415.490959,-0.182605012,0.06667101,0.000816945,0.017963768
MTX1,2537.35787,-0.155286577,0.054684873,0.000817923,0.017963768
FAM241A,863.1875159,0.240316869,0.094079154,0.000821348,0.017963768
ZNF33A,594.6766539,0.324429514,0.135020507,0.000821502,0.017963768
VPS18,3067.18207,-0.192496668,0.071637833,0.000821687,0.017963768
AASDHPPT,961.0176348,0.209667324,0.079436098,0.000823494,0.017964572
SPARC,21565.56189,-0.214472185,0.081883624,0.000826328,0.017987717
CHCHD3,1358.33795,0.202567113,0.076249364,0.000831901,0.018070237
ADRM1,3580.321168,-0.155398066,0.054547943,0.000834675,0.018078502
NSA2,1504.763219,0.196399325,0.073203254,0.000835846,0.018078502
PPBP,123.2730028,0.672586003,0.307323734,0.000837926,NA
ADGRE5,5670.582738,-0.174508107,0.0633119,0.000840289,0.018132275
DNASE2,6696.114619,-0.165951395,0.059416874,0.000841907,0.018132275
RIPOR1,5800.21291,-0.215537492,0.084241077,0.000849823,0.018264
NUAK2,197.2120119,-0.325884951,0.135924722,0.000857403,NA
ZNF703,908.8871651,-0.23439599,0.091310311,0.00085946,0.018432058
EXD3,327.4128977,-0.303779631,0.123296356,0.000863723,0.018484396
FKTN,528.7736728,0.321981337,0.135192,0.00087249,0.018621287
RPS13,5291.051117,0.215401641,0.08291961,0.000873791,0.018621287
OTUD5,2517.429601,-0.15931819,0.056966643,0.000882746,0.018772696
ZDHHC24,982.8423336,-0.22682877,0.088114979,0.000886373,0.018810399
C3,43519.86801,-0.178429955,0.070552147,0.000891093,0.018834047
GK5,383.8326604,0.315595347,0.132438113,0.000891201,0.018834047
G3BP1,4662.192539,0.20770591,0.079633493,0.000904025,0.019065337
KIF5B,6396.67281,0.156058423,0.055827927,0.000909433,0.019105998
PAPOLA,4794.439795,0.140121414,0.04893995,0.00090972,0.019105998
HNRNPA1,18442.38854,0.18252375,0.067693339,0.000917427,0.019228051
WBP1,1614.924931,-0.186645623,0.069989866,0.000931279,0.019469431
FCGRT,14031.52399,-0.208561737,0.079465935,0.000932782,0.019469431
RAB1B,7335.867944,-0.135360835,0.050894357,0.000940177,0.019525724
MLYCD,783.6241237,-0.216272344,0.083721931,0.000940982,0.019525724
SF3A1,4782.05399,-0.227768414,0.089459727,0.000944721,0.019525724
GNG10,2037.03157,0.239907808,0.095764064,0.000945124,0.019525724
SHKBP1,3094.796357,-0.253414499,0.101620445,0.000946094,0.019525724
COX7B,1332.181787,0.33975586,0.147004498,0.000947572,0.019525724
LTBP3,493.620017,-0.252927739,0.101958521,0.000948953,0.019525724
DIAPH2,1202.945154,0.190041593,0.071768927,0.000957983,0.019603467
HECTD3,2279.92086,-0.16027276,0.057996822,0.000959942,0.019603467
BAIAP2,2130.493382,-0.224254462,0.088685088,0.000961053,0.019603467
SBDS,1274.32175,0.208146511,0.080405278,0.000961475,0.019603467
USP1,1166.982176,0.202770301,0.077824293,0.000963178,0.019603467
BSG,13649.59202,-0.157576132,0.057741745,0.000968745,0.019603467
GABRE,405.7084385,-0.360452797,0.155946986,0.000969372,0.019603467
ZER1,1358.128105,-0.219531342,0.085594098,0.000970126,0.019603467
HDAC5,2918.888472,-0.18546292,0.069577276,0.000971916,0.019603467
SMAD6,1702.219582,-0.217588331,0.08497438,0.000980097,0.019603467
H3-3A,9227.098353,0.195431991,0.07457507,0.000981126,0.019603467
RRP15,486.239651,0.39226042,0.174606144,0.000981382,0.019603467
ATP13A3,7058.532091,0.19950447,0.076924007,0.000981643,0.019603467
ATXN2L,6649.069138,-0.190820739,0.072389885,0.000983435,0.019603467
TMBIM1,12257.8576,-0.133708333,0.046770545,0.000984061,0.019603467
PSMA3,1691.977046,0.23762986,0.095296724,0.000984093,0.019603467
PLSCR3,568.1845703,-0.261422979,0.106788539,0.000985584,0.019603467
ABCC5,2758.73525,-0.242729406,0.097444997,0.000994339,0.019738886
ANXA1,16746.25972,0.195319419,0.074592037,0.000996792,0.019748941
ADAMTS10,169.4089792,-0.492247838,0.222262124,0.000998695,NA
TMEM267,310.0586958,0.313506927,0.134011996,0.001003851,0.019850031
CYRIB,3748.277951,0.163507413,0.059934692,0.001009911,0.019930998
IL18,568.2240719,0.241761585,0.097853987,0.001024277,0.020175265
RNASE4,178.5797824,-0.488363164,0.224725178,0.001029098,NA
GGCT,998.5268803,0.19736962,0.076094006,0.001031675,0.020281612
SCAP,2296.541838,-0.191872041,0.073286718,0.001038455,0.020364216
GARRE1,1335.541629,-0.234824637,0.094264024,0.001039892,0.020364216
IGF2,176.5030265,-1.049446307,0.501843009,0.001045324,NA
SELENOO,1129.57389,-0.18863569,0.071811574,0.001045683,0.020438159
JMJD8,1442.124201,-0.17352632,0.064458295,0.001051137,0.020505259
PIMREG,222.1645548,-0.313933015,0.134580924,0.001056093,0.020534273
CD81,42459.48431,-0.177005869,0.067677286,0.001056673,0.020534273
ALDH16A1,2367.149395,-0.210903266,0.083193032,0.001059467,0.02054527
MTIF2,1419.037727,0.149128146,0.053668572,0.00106129,0.02054527
MTMR6,1547.599348,0.205274136,0.079358223,0.001066353,0.020603974
PPP4R3B,2561.536047,0.184678751,0.07030726,0.001070056,0.020627452
VPS52,1354.238396,-0.235193322,0.094380414,0.001071635,0.020627452
CDK5RAP3,3572.411562,-0.174126261,0.065341224,0.001076365,0.020652975
PEX13,1109.150684,0.18728171,0.07160775,0.001077033,0.020652975
MICOS10-NBL1,125.4611362,-0.513973743,0.236857519,0.00107716,NA
TMEM259,8952.393966,-0.193199968,0.074805382,0.001080565,0.020681599
SAMD1,1541.057241,-0.210451355,0.082570416,0.001085092,0.020709828
MRI1,673.7940871,-0.274477507,0.114799816,0.001088067,0.020709828
TNFRSF14,4815.817291,-0.217077445,0.086716102,0.001088164,0.020709828
FASTKD2,701.1832803,0.259331729,0.108429188,0.001094873,0.020798481
EXOSC8,763.2374323,0.254615107,0.105745479,0.001101114,0.020877941
SLC25A24,2989.585412,0.177917852,0.067826113,0.001103881,0.020891356
LMF2,2761.773103,-0.196385433,0.076985063,0.001115791,0.02107743
C1QBP,2400.627378,0.165179505,0.06190362,0.001117966,0.021079271
CENPN,799.6512523,0.2399128,0.098594949,0.001126193,0.021189436
PTBP3,3289.658327,0.15813557,0.058334401,0.001127987,0.021189436
G6PD,3502.720716,-0.181809477,0.073585396,0.001130607,0.021199405
REC8,449.5638553,-0.256326222,0.106916965,0.001141313,0.021330769
LPCAT1,1324.740043,-0.180530088,0.068841631,0.001145478,0.021330769
HMOX1,4645.322002,-0.175003136,0.066213329,0.001147171,0.021330769
KIAA0232,1734.040279,0.230586464,0.094002397,0.001148155,0.021330769
TMC6,7384.519305,-0.202438091,0.080884169,0.001148955,0.021330769
RIF1,1559.05327,0.18373608,0.06987046,0.001151361,0.021330769
OSCAR,3493.777723,-0.23356718,0.094443916,0.001152333,0.021330769
CAPZA1,8047.185608,0.186156263,0.07176322,0.001158857,0.021409476
SPSB3,863.0766978,-0.250820673,0.104165146,0.001162661,0.021409476
CYSLTR1,647.4654953,0.226715126,0.092004456,0.001162916,0.021409476
SENP5,1275.783398,0.219242689,0.088305384,0.001167909,0.021462447
ATXN7L2,209.2172271,-0.317176629,0.139643683,0.001181337,0.02166995
NOTCH1,5773.264203,-0.257088445,0.107701129,0.001190487,0.021798371
MMS22L,308.4610945,0.320240422,0.142371281,0.001196325,0.021865805
RCN3,1204.9114,-0.210493868,0.084123335,0.001201301,0.021908136
RPL26,7999.701032,0.224710864,0.091813133,0.001204395,0.021908136
PIK3R6,445.9953124,-0.25979733,0.109538242,0.00120512,0.021908136
ACSF2,2076.706388,-0.158126861,0.059000983,0.001213975,0.022029636
ZNF579,955.7669371,-0.320247385,0.142281921,0.001228366,0.022223966
ERH,2864.761653,0.219086945,0.089165223,0.001229066,0.022223966
ASNS,1287.670734,0.244523544,0.101537332,0.001231419,0.022226888
NDUFA4L2,71.9088733,0.533863451,0.259787185,0.001237024,NA
PTP4A2,5091.131391,0.160462227,0.060145659,0.001239216,0.022327893
ACTR2,26873.83109,0.137141135,0.04964689,0.001258066,0.022566157
PRAM1,4561.997339,-0.22419894,0.091753962,0.001258878,0.022566157
CAD,2551.242138,-0.248639694,0.104557419,0.00125956,0.022566157
COL1A2,2087.081962,-0.298962059,0.131118607,0.001261449,0.022566157
PEX6,940.7332559,-0.215880067,0.088237428,0.001263562,0.022566157
TRIM28,7765.015933,-0.195690181,0.077747251,0.001272819,0.022691523
ATP5F1C,3227.406068,0.192478419,0.075082374,0.001284931,0.02284552
ZNF721,441.5457245,0.270063829,0.116426439,0.001285961,0.02284552
AP1S2,2550.563927,0.273413895,0.118722794,0.001296975,0.022959215
EPC2,823.9207585,0.182124152,0.070965197,0.001297553,0.022959215
SF3A2,1953.112189,-0.229588061,0.095001535,0.001300052,0.022959215
BOLA2,424.360467,0.296134633,0.131489463,0.001303489,0.022959215
MYBBP1A,1670.21692,-0.258425427,0.110206291,0.001303678,0.022959215
DBP,539.8003148,-0.266119557,0.116231542,0.001308871,0.022978407
COA7,1250.02902,0.180984459,0.070572499,0.001312694,0.022978407
RASA4B,2760.928524,-0.284787809,0.12445418,0.001312754,0.022978407
CEP350,2579.00889,0.179867893,0.070050206,0.001313828,0.022978407
HSPH1,2541.264657,0.166951254,0.063722534,0.001316973,0.022993757
PPRC1,1480.537044,-0.177704808,0.068823145,0.001326474,0.023116229
GABPA,1291.167854,0.168747844,0.064674715,0.001328545,0.023116229
FBXW5,5089.864366,-0.164066836,0.063304164,0.001343492,0.023336266
TMEM87B,5490.996893,0.156852222,0.059105488,0.001350059,0.023400773
MEF2D,2935.561516,-0.222521378,0.091724545,0.001351819,0.023400773
TFEC,5194.387557,0.175909363,0.068982179,0.001357307,0.023455746
ATP13A1,5459.602207,-0.224207067,0.095623802,0.001371182,0.023647227
GHDC,837.8366031,-0.17696123,0.068823893,0.00137305,0.023647227
RFC4,381.8282755,0.257027346,0.11117605,0.00138534,0.023794805
HGH1,851.5952561,-0.279375493,0.122028959,0.001386615,0.023794805
VPS54,890.4500521,0.184019249,0.072675818,0.0013894,0.023794805
BLOC1S1,1142.509335,0.212069795,0.087303199,0.001391002,0.023794805
RASA2,619.4544262,0.231376386,0.097566301,0.00139911,0.023893212
SRSF10,2240.995027,0.151076669,0.056742844,0.00141445,0.024074918
DCK,1212.761139,0.159739966,0.060812676,0.001417754,0.024074918
UBALD1,1650.205897,-0.207018016,0.084631364,0.001417799,0.024074918
RTEL1-TNFRSF6B,383.5985695,-0.366646826,0.175211191,0.001419243,0.024074918
ACE,3543.295448,-0.239380481,0.099451499,0.001424429,0.024108293
NADK,6076.4389,-0.170634394,0.066010744,0.001425964,0.024108293
ACP2,8013.359654,-0.156882183,0.059557517,0.001430629,0.02414693
FEN1,971.1082401,0.180535366,0.071775676,0.001438446,0.024238529
VPS29,2692.425064,0.205831798,0.084289359,0.001443095,0.024266189
CHST12,995.6960019,-0.254090617,0.109820427,0.001444872,0.024266189
MAD2L1,687.3396765,0.265799565,0.117855054,0.001452543,0.02435471
PRMT7,805.9976088,-0.213986372,0.086695167,0.001461141,0.024458439
UEVLD,841.0951322,0.198675411,0.080854535,0.001463741,0.024461595
REXO1,1801.148256,-0.214660991,0.089118642,0.001468477,0.0244938
NHERF1,990.9709047,-0.211846051,0.08760707,0.001470497,0.0244938
SBF1,3943.934935,-0.216346158,0.09187165,0.001484458,0.024685805
HAT1,1186.18172,0.184296852,0.075593711,0.00149767,0.024810778
AZIN1,3123.423006,0.16042142,0.061740408,0.001497922,0.024810778
HSPA9,11671.04803,0.16977857,0.066367167,0.001503976,0.024810778
TRAM1,7300.465482,0.13085785,0.047809206,0.001505127,0.024810778
LRPPRC,3751.139327,0.185877098,0.07458771,0.001505552,0.024810778
MBTPS2,895.1491999,0.199018307,0.081449754,0.001506648,0.024810778
SLC12A9,2276.945334,-0.198319868,0.081262874,0.001512399,0.024817007
LARP4,1767.350824,0.206510533,0.085525368,0.001514104,0.024817007
SKIC3,1956.179163,0.167814925,0.06541387,0.001514916,0.024817007
PPTC7,1697.906494,0.14922781,0.056333985,0.001516812,0.024817007
SCUBE2,39.64286585,0.732971575,0.396890248,0.001520548,NA
FAM193B,1214.844237,-0.259828348,0.114265893,0.001523296,0.024882957
NPAT,585.2759874,0.210647345,0.087690766,0.001527855,0.02491581
ZMYND11,2094.44092,0.166274526,0.064755322,0.00153022,0.02491581
FAM89B,1837.429987,-0.209230888,0.086764309,0.001536063,0.024970876
RUNX3,1994.37231,-0.321888407,0.151589445,0.001542534,0.025035952
ANAPC2,1600.440016,-0.23192791,0.09857335,0.001546811,0.025065256
EXOC4,2515.287443,0.18613552,0.075057531,0.001550178,0.025079753
MBD3,3459.214199,-0.183105179,0.07321796,0.001554479,0.025109292
STAG1,1214.280321,0.156080979,0.059959361,0.001566452,0.025262463
MGAT1,18294.70537,-0.19522007,0.080110369,0.001570093,0.025280994
YJU2B,840.8397311,-0.201550706,0.083179586,0.001574759,0.025315929
IPCEF1,148.1468912,-0.427576487,0.212837274,0.001576668,NA
CASP8AP2,586.7827961,0.214915276,0.090593119,0.001584344,0.025429719
CUX1,4415.419453,-0.192488542,0.080480497,0.001589142,0.025466441
DPP9,5087.431762,-0.186758146,0.074583342,0.001598284,0.025535959
ZDHHC12,1233.297983,-0.191641603,0.078025846,0.001598515,0.025535959
DENND1C,1182.126132,-0.221898765,0.094349627,0.001603318,0.025572417
NR1H3,6731.649921,-0.137580397,0.051468372,0.001605878,0.025573035
DYM,970.7554678,0.230108658,0.100116933,0.001609343,0.025583644
CHST11,9636.799822,-0.275072073,0.119236362,0.001616103,0.025583644
CCDC22,1016.029212,-0.192097762,0.078241875,0.001618301,0.025583644
ADAM32,245.2236127,0.34706645,0.167223619,0.001622823,0.025583644
TARS1,5210.006196,0.182359636,0.073681908,0.001625928,0.025583644
POLRMT,2170.318311,-0.205088333,0.085491642,0.001627238,0.025583644
COL6A2,23082.86499,-0.184794761,0.07514068,0.001631427,0.025583644
FHIP2B,1481.431468,-0.210625161,0.089130984,0.001631662,0.025583644
TOP2A,4298.108511,0.126760852,0.046818401,0.001632248,0.025583644
SLC4A7,1988.964196,0.202247193,0.084299174,0.001634188,0.025583644
COG3,674.4816189,0.283739712,0.130585214,0.001634286,0.025583644
U2AF2,5940.215874,-0.189494486,0.075919797,0.001638549,0.025610842
H2AZ1,6984.130275,0.151850365,0.05942204,0.001646688,0.02566446
HCFC1,4049.105559,-0.216149389,0.094835811,0.001647039,0.02566446
BOLA2B,194.1312884,-0.513430096,0.266527371,0.001648906,NA
RENBP,3234.860936,-0.145183098,0.055080347,0.001658033,0.025759104
TRPT1,374.9693061,-0.255004985,0.114048036,0.001658192,0.025759104
VLDLR,192.009292,0.381056948,0.189293636,0.001680766,NA
MARCHF9,459.8833883,-0.2320531,0.101040024,0.001692157,0.026221479
SLX1A,1638.478067,-0.200830378,0.083731462,0.001693126,0.026221479
NKD1,41.25686506,0.966925516,0.580095304,0.001702731,NA
KLHL24,2747.579232,-0.228364539,0.099014933,0.001703415,0.026274443
CHERP,1709.705528,-0.212911294,0.090359376,0.00170343,0.026274443
BTBD19,1239.525146,-0.268545199,0.121708217,0.001706252,0.026274443
CCDC90B,936.8006192,0.187152902,0.076809822,0.001706906,0.026274443
DLD,2420.882755,0.180390812,0.073205015,0.001713027,0.026328702
SIRT6,880.3170741,-0.182703515,0.074086556,0.001718349,0.026346687
STXBP5,849.5791034,0.178265683,0.071655549,0.001719391,0.026346687
KIAA2013,3520.493945,-0.136252597,0.052748215,0.001723214,0.026365428
MT-ND4L,11886.73773,0.207662302,0.087164145,0.001729044,0.026414799
CDC20,1263.201593,-0.229877491,0.100254127,0.001736467,0.026478888
IRF8,5119.609651,-0.141553303,0.053835511,0.00173846,0.026478888
YIF1B,1763.770388,-0.151635523,0.05851021,0.001741932,0.026491992
CCL1,43.15766154,0.743527626,0.409402799,0.001745824,NA
TRPV1,625.2129277,-0.233931203,0.102891006,0.001752465,0.02661229
ANKRD22,189.4231916,0.497845591,0.26608135,0.001752537,NA
DCUN1D1,1193.346879,0.195560285,0.081889028,0.00175967,0.026642046
SNW1,1666.587876,0.148251992,0.057043951,0.001761841,0.026642046
EHD2,99.44431489,-0.474749383,0.246830887,0.001761938,NA
PPIP5K2,2158.167733,0.210947136,0.090213855,0.001762304,0.026642046
ZNF335,1272.884024,-0.169161668,0.067355287,0.001766937,0.026666683
SLC22A17,12.57714785,-0.052551277,0.107522998,0.001767426,NA
AKAP11,1979.852624,0.167254759,0.066708068,0.0017701,0.026666683
ARHGAP5,1782.896168,0.197250789,0.082714964,0.00177182,0.026666683
RPL23,9563.152423,0.180573412,0.073848812,0.001785808,0.026837387
FXYD5,5118.844075,-0.167284991,0.06690805,0.001790942,0.026867883
VAT1,15050.19316,-0.1325675,0.049463267,0.001796345,0.026867883
WFS1,1690.333301,-0.221908276,0.095643082,0.001796923,0.026867883
CYGB,511.9420145,-0.223739213,0.097427311,0.001798432,0.026867883
PNP,2213.520329,0.208030627,0.088867123,0.001804778,0.026923039
FABP5,10102.25174,0.220636925,0.095925351,0.001812447,0.026970193
CHPF,1586.133723,-0.20545386,0.087232068,0.001815111,0.026970193
GNB2,7246.133077,-0.126941306,0.047536772,0.001815915,0.026970193
LDB1,4199.042475,-0.192994434,0.081389846,0.001821469,0.027003978
MBOAT7,2267.152237,-0.202465977,0.085924646,0.001825389,0.027003978
ANP32E,2442.84523,0.168376598,0.067638082,0.001828455,0.027003978
PEX16,785.661529,-0.207744785,0.088746007,0.001828838,0.027003978
SLC4A2,7766.931454,-0.187234756,0.077661736,0.001831638,0.02700601
SEC63,3461.417006,0.175313048,0.071454496,0.001854214,0.027299199
OTUD1,1410.699791,-0.172533743,0.070036507,0.001872026,0.027521496
TUBA4A,78.56721065,-0.57831523,0.31789964,0.001872601,NA
RIOK2,628.4373622,0.351947885,0.177885465,0.001878203,0.027527121
AP5Z1,2733.982676,-0.172728554,0.070261353,0.001878683,0.027527121
AP5B1,4599.951082,-0.192453951,0.080820134,0.00188055,0.027527121
SLC29A1,9983.55255,-0.147019297,0.057034976,0.001888787,0.027607858
ICAM1,6161.21144,-0.213464568,0.096120053,0.0019103,0.027845915
JUP,2984.911783,-0.220631041,0.09602303,0.001910564,0.027845915
DKC1,1526.228147,0.203225266,0.087163678,0.001928034,0.027999878
PLXNB2,18160.14,-0.165844847,0.072805573,0.001928228,0.027999878
RAB14,4828.488123,0.144527911,0.055645673,0.001929408,0.027999878
NDUFB6,832.4754111,0.1972292,0.083966516,0.001936466,0.028062163
YEATS4,437.0198648,0.210809335,0.091632024,0.001942188,0.028104931
CABIN1,3008.674489,-0.225110387,0.102826619,0.001946737,0.028130623
ACTMAP,562.2727874,-0.220745517,0.097276288,0.001952622,0.028175537
RPS12,8788.137543,0.193099706,0.081887872,0.001958838,0.028225071
SLC27A3,1845.981462,-0.198301459,0.084473571,0.00196514,0.02827572
HNRNPH3,3959.321961,0.163153216,0.065684568,0.001975498,0.028384496
TRIM11,1058.625196,-0.238669152,0.107696467,0.001991141,0.028546991
RETREG2,3578.740563,-0.150142706,0.058933908,0.001992793,0.028546991
DONSON,334.207119,0.252041094,0.117068536,0.00199525,0.028546991
NOP14,1754.153449,0.156750018,0.062457784,0.002003057,0.02858757
MARK4,942.6363338,-0.321533398,0.158613819,0.002003723,0.02858757
GGA1,4489.080163,-0.213940454,0.093907554,0.002006546,0.028587639
HYAL4,8.815012997,0.029404575,0.089092648,0.002006582,NA
KLF16,2013.061426,-0.149777045,0.058918617,0.002011929,0.028624134
ANKRD18A,87.93709818,-0.473614701,0.256239583,0.002030048,NA
ZNF414,375.9539937,-0.334659314,0.169045578,0.00203491,0.028848133
TMEM123,6416.076997,0.182875644,0.076557527,0.002035715,0.028848133
NUP107,1115.510145,0.172715266,0.071068978,0.002036205,0.028848133
ENG,30214.9536,-0.176874476,0.07236222,0.002040861,0.028861995
ADAM10,8518.987317,0.143999645,0.055018188,0.002042874,0.028861995
ASB7,563.1251734,0.243888075,0.111856544,0.002054212,0.028981821
TAOK3,3751.312899,0.121980116,0.045516487,0.002059394,0.029014577
PPIF,3583.558073,-0.179830126,0.073677826,0.002063954,0.029038494
PC,2297.787952,-0.19154531,0.082016826,0.002071289,0.029101328
SMIM29,699.041383,-0.183077104,0.076924461,0.002078319,0.029159706
COL6A1,26817.39389,-0.178206935,0.074431133,0.002091657,0.029267272
STIM1,2615.553121,-0.142827486,0.055673151,0.002091756,0.029267272
IRF2BP1,672.3253092,-0.242355492,0.111577404,0.002113255,0.029468766
NAA60,2130.203899,-0.201158435,0.088205763,0.002116435,0.029468766
SERPINH1,1567.630045,-0.173012943,0.071673447,0.002116903,0.029468766
NACC1,4874.98128,-0.199288102,0.087827607,0.002119084,0.029468766
B4GALT7,1057.054462,-0.183726419,0.077244122,0.002121222,0.029468766
MCRIP2,2148.20437,-0.157621375,0.063412718,0.002124625,0.029468766
TUBE1,301.6901889,0.272046915,0.131063492,0.00212989,0.029468766
TXNDC17,651.1206512,0.265937914,0.12782314,0.002131376,0.029468766
MOGS,2948.041878,-0.179824615,0.07556018,0.002132302,0.029468766
ASPH,6512.62225,0.15977864,0.064800257,0.002141769,0.029558988
SH3TC2,26.24112017,1.026288172,0.693837289,0.002144324,NA
MGAT4B,4736.969466,-0.164435611,0.067708788,0.002145667,0.029558988
INSR,478.3697325,-0.322737555,0.164052385,0.002147572,0.029558988
GLMP,2858.341491,-0.120564378,0.045157829,0.002152078,0.029580872
DNAJC3,3249.272791,0.134831601,0.051632907,0.002164887,0.029716669
TMUB2,1499.533775,-0.169015153,0.069789073,0.002170569,0.02975418
TTYH3,33124.22058,-0.169773118,0.072443253,0.002173487,0.02975418
NAPRT,1395.182873,-0.190896428,0.081744847,0.0021832,0.029846872
MARCHF1,3510.015711,0.153224509,0.061548349,0.00220296,0.030029691
CAND1,2375.537212,0.133572131,0.051632587,0.002204865,0.030029691
RHOBTB2,3550.735327,-0.183225879,0.077684705,0.002205712,0.030029691
JUND,6077.303856,-0.206935206,0.091157019,0.002210461,0.030029691
LRP1,48006.96514,-0.174285399,0.083559851,0.002211374,0.030029691
C1D,628.6265374,0.188017681,0.080519343,0.00221556,0.030046312
FRY,79.10351105,-0.77208076,0.4660141,0.002219988,NA
SH3BP5L,1516.42629,-0.152360017,0.060978756,0.002221734,0.030089814
SPPL2B,1441.699335,-0.2502144,0.117703712,0.002234531,0.030181414
ENTREP3,829.6863579,-0.237469343,0.109860175,0.002237426,0.030181414
ERC1,1523.547944,0.159837504,0.065024668,0.002238658,0.030181414
RAP1GAP2,639.8165967,-0.299527525,0.147019925,0.002240761,0.030181414
RTN1,3294.604422,-0.163187684,0.066475138,0.002243374,0.030181414
HSPA8,12299.15984,0.162514862,0.065108193,0.002253852,0.03025767
KLHL7,544.7272035,0.207043366,0.092091008,0.002255008,0.03025767
EXT2,1968.337398,-0.183135013,0.077868325,0.002259322,0.030275508
CES3,69.94365256,-0.455768626,0.254107797,0.002274021,NA
TSEN15,987.5640223,0.174820688,0.073606599,0.002275754,0.030424997
KYAT3,853.3110473,0.186686472,0.079897093,0.002279175,0.030424997
PLTP,16942.31581,-0.146783002,0.058386928,0.002279475,0.030424997
RNF11,1681.62277,0.16976798,0.070879781,0.002283063,0.030428983
SMC3,1715.147583,0.161652458,0.066449811,0.002285773,0.030428983
RPL36A,2109.946946,0.398606202,0.210925888,0.00229073,0.030454999
SNRPD1,839.4055827,0.2878254,0.143073284,0.002310112,0.030672477
HERC4,1497.153497,0.179446217,0.076461982,0.002324911,0.030826884
RP2,2085.278161,0.173494655,0.073147862,0.002327819,0.030826884
THNSL1,115.9549821,0.361671109,0.193183563,0.002336521,NA
DDX42,3624.969746,0.120604574,0.045547714,0.002337719,0.030917623
PIK3IP1,891.9992129,-0.22923943,0.106159531,0.002344968,0.030966854
RPS27A,6238.140784,0.187875569,0.081341591,0.002347546,0.030966854
MED25,2988.055844,-0.205101533,0.091310095,0.002360934,0.031103003
HCN3,164.8686212,-0.351155822,0.185841034,0.00236306,NA
ARID1A,5219.671771,-0.271863728,0.128635787,0.002376874,0.031249862
NOC2L,2690.640348,-0.142118539,0.056818429,0.002378243,0.031249862
NELFA,996.6691534,-0.20652591,0.092674897,0.002412956,0.031664979
SLC44A2,3003.568812,-0.15683174,0.065586903,0.002422173,0.031742735
XRCC1,1404.969869,-0.154335886,0.062964634,0.002426371,0.031742735
RANBP2,5916.949839,0.147418588,0.05897278,0.002428269,0.031742735
MCM4,1444.876442,0.255610751,0.124741919,0.002437743,0.03182557
KIAA1614,397.1321596,-0.245715997,0.117383188,0.002447185,0.031881166
GPAA1,2972.675856,-0.164146193,0.068369546,0.002448288,0.031881166
WDR76,274.2637498,0.265658258,0.13055573,0.002455885,0.031939102
PLCXD2,10.47327413,-0.021314566,0.085388497,0.002456574,NA
YME1L1,4008.890666,0.153535513,0.06283839,0.002468466,0.03206161
FRMD8,1050.657622,-0.211431856,0.096133724,0.002482131,0.032197873
ITGA7,209.1571857,-0.331776232,0.175898912,0.002496501,0.032342924
RAP1A,6118.941594,0.164758172,0.069164514,0.00250509,0.032412796
ARL8A,3222.734781,-0.156054179,0.064374385,0.002518908,0.032550065
STRIP2,164.6516216,-0.461107984,0.268362271,0.002521751,NA
FCGBP,15341.20002,-0.245927126,0.118818326,0.002525457,0.032559316
ABHD12,5209.088823,-0.115929589,0.043952139,0.002527236,0.032559316
ZNF430,283.6282815,-0.270737004,0.135162256,0.002529253,0.032559316
OTULIN,1168.990833,0.225312609,0.104885431,0.002534537,0.032585983
MAST3,1485.942851,-0.215240324,0.09858923,0.002547541,0.032711714
ANKRD13D,1832.506588,-0.186817019,0.081809664,0.002559361,0.032725502
WHAMM,928.4056327,-0.160317221,0.066748612,0.002559554,0.032725502
RAP1B,8193.255788,0.177272437,0.077106228,0.002562199,0.032725502
EPOR,226.0629782,-0.289717001,0.149082984,0.002567423,0.032725502
EPRS1,6386.061253,0.150691935,0.061678664,0.002567662,0.032725502
COX6C,1344.694136,0.19753534,0.088741687,0.002571192,0.032725502
EHMT2,1896.876011,-0.184516758,0.080572972,0.002579786,0.032725502
MROH6,186.9185151,-0.328000898,0.176113081,0.002580212,NA
ARL15,472.3616829,0.308611707,0.161986987,0.002581563,0.032725502
PNPLA7,2087.500893,-0.262728226,0.129851314,0.00258286,0.032725502
ABCD4,2264.648048,-0.121927592,0.046938802,0.002583318,0.032725502
TSNAX,1530.61519,0.168942933,0.071838687,0.002584102,0.032725502
ARFGAP1,3651.297979,-0.182371052,0.078870902,0.00259246,0.032776691
HERC2,4418.826978,-0.211201411,0.095968614,0.002597608,0.032776691
ARRB2,10396.69695,-0.126983733,0.049698236,0.002600433,0.032776691
CELSR2,267.9487886,-0.326378995,0.174565983,0.002601068,0.032776691
TMEM176B,6242.676179,-0.142107033,0.057133581,0.002605046,0.032786088
PHF6,843.3151283,0.210767654,0.09808048,0.002609836,0.032800745
MRPL42,844.7504521,0.174842061,0.074927141,0.002612678,0.032800745
TMED7,2516.552255,0.183545012,0.080575679,0.002623545,0.032896467
MRPL1,425.0767669,0.255437975,0.12629929,0.002629554,0.032931101
PIGF,273.7440361,0.297273132,0.155720725,0.002636105,0.032969909
ARHGAP39,183.5952217,-0.325086728,0.17457164,0.002640299,NA
STC2,620.9263112,0.286972898,0.149730251,0.002644475,0.032969909
HELLS,464.509208,0.242235953,0.118248244,0.002644716,0.032969909
POM121,3423.20377,-0.144934324,0.059367836,0.002645653,0.032969909
APBB1IP,6571.23965,-0.123745509,0.04798756,0.002649709,0.032979938
COX16,961.9692093,0.233688938,0.112600481,0.002655462,0.033011043
ATG2A,1807.072842,-0.190773971,0.084797016,0.002660898,0.033038127
AHSA1,1484.522557,0.191812755,0.08603691,0.002686483,0.033315019
PPP1R37,1506.552522,-0.226146865,0.107066821,0.002694919,0.033378827
PRR12,2415.181489,-0.222531932,0.10807348,0.002702777,0.033435324
SPOUT1,960.2765112,-0.264324287,0.131858738,0.00272239,0.033636941
ZNF282,1286.277036,-0.208636527,0.095591936,0.002728679,0.033652942
APOE,274280.3471,-0.123462461,0.048045712,0.002730321,0.033652942
SUMO1,2131.119518,0.179244505,0.078693037,0.002745148,0.033794634
MAU2,2507.151585,-0.208367783,0.096057132,0.002748939,0.033800282
PIGQ,1555.689457,-0.239196998,0.116326583,0.002764791,0.033954044
MRPL24,658.2647882,0.195506506,0.086166868,0.002773678,0.033964084
CIMAP1B,1419.484808,-0.185494164,0.082400456,0.002774585,0.033964084
AK1,372.4676493,0.342343024,0.192692413,0.002775653,0.033964084
LBR,2963.693479,0.150049615,0.061260188,0.002782748,0.034001098
MOB1B,1573.181494,0.176845147,0.077197065,0.002786421,0.034001098
KIF13A,1732.759926,0.153333659,0.06397942,0.002788734,0.034001098
TMEM126A,469.9198864,0.224017256,0.107063313,0.002800779,0.034106962
HS3ST3A1,47.30683859,-0.598561822,0.395018367,0.002808626,NA
PDCD5,796.3926482,0.239909579,0.118941629,0.002810047,0.034161035
PRELID3B,1668.524587,0.154260826,0.064629965,0.002812912,0.034161035
SCG5,386.5266355,0.382269563,0.224671494,0.002815322,0.034161035
ADAMTSL4,10489.36332,-0.204428883,0.094394711,0.00282094,0.034185349
CAB39,3824.620054,0.153732722,0.064243902,0.002824066,0.034185349
DMAC2,1532.221309,-0.127789302,0.050528147,0.002831338,0.034213033
DDX60L,4719.693195,0.197221423,0.090372547,0.002833098,0.034213033
DGKQ,1408.742699,-0.227456565,0.108661913,0.002863677,0.03448818
ZNF865,1024.171558,-0.234370595,0.11407939,0.002863966,0.03448818
MADD,3894.817085,-0.146513953,0.060396501,0.002866082,0.03448818
RPS27,6209.425041,0.209228407,0.097457647,0.002877348,0.034582723
FEM1B,2958.647429,0.177710279,0.078539343,0.002883674,0.034617744
FGR,2989.260947,-0.145282757,0.060323298,0.002904243,0.034823448
C19orf44,82.59719696,-0.51352339,0.325504191,0.002911286,NA
PLEKHA5,130.4518059,0.36608244,0.213292638,0.002921317,NA
TYROBP,15625.19832,-0.122593744,0.048215557,0.002925721,0.035039564
FARSB,724.3910048,0.201933483,0.094491647,0.002965712,0.035444785
CLEC4A,346.8752307,0.263076606,0.136112561,0.002966544,0.035444785
ZHX1,890.9116217,0.236675639,0.117965345,0.002981606,0.035523961
STING1,1960.116155,-0.182995488,0.081733745,0.00298202,0.035523961
SULT1A4,21.32943628,-0.055810525,0.110896093,0.002982695,NA
PPP6R2,2923.860526,-0.15691639,0.06712538,0.002983677,0.035523961
PFKL,12423.65153,-0.128070884,0.051061089,0.002993698,0.035601496
GSDMD,1150.222474,-0.149153011,0.062250824,0.003011469,0.035770891
RAB31,9824.447382,0.113542873,0.043608866,0.003015228,0.035773658
GPR65,1577.824131,0.184232717,0.083321873,0.00302767,0.035860703
MAPK13,4108.801166,-0.133938505,0.054387489,0.003029636,0.035860703
SDR39U1,1065.442229,-0.244724861,0.120324607,0.003034809,0.035880068
SLC22A23,232.2736666,-0.411662343,0.248921719,0.003041388,0.035915998
HNRNPAB,4747.535157,0.150428767,0.063306362,0.003056023,0.036009778
IFNGR1,5250.385932,0.138021816,0.054945935,0.003056429,0.036009778
DOT1L,2851.352121,-0.179052682,0.080732947,0.003062466,0.036033533
PTPN23,2611.668109,-0.199259363,0.092775754,0.003069819,0.036033533
CDIPT,3100.072021,-0.153690963,0.064876346,0.003072386,0.036033533
FGL2,599.377754,0.217960379,0.105693982,0.003072654,0.036033533
RBBP9,355.5775722,0.224723544,0.110111115,0.003080172,0.036041187
RNF122,461.0630693,-0.212652255,0.101605185,0.003080413,0.036041187
SEC23A,1634.043678,0.142215862,0.059507892,0.003101199,0.036242589
RBMS1,4465.72617,0.116497231,0.046386319,0.003121279,0.036435276
PLRG1,1240.659727,0.195339272,0.090912521,0.003126479,0.036453496
POLB,372.0065039,0.22495523,0.110678193,0.003130027,0.036453496
MCTP1,1174.253554,0.153125321,0.065060579,0.003134347,0.036461946
GDF15,1196.44246,-0.18014984,0.081133864,0.003141606,0.036476576
THEM6,1298.22988,-0.177850958,0.079590378,0.003142796,0.036476576
CISD3,1143.942896,-0.142951097,0.059404485,0.003150821,0.036527913
PIP5K1C,5004.075862,-0.185152601,0.08444462,0.003155713,0.036542871
HNRNPF,5277.520718,0.10423924,0.039640246,0.00316089,0.036561079
WDR13,2590.359823,-0.153137308,0.06490874,0.003168673,0.036609363
CLOCK,926.1949064,0.236431549,0.119194066,0.003174294,0.03663258
GPRIN3,8408.293165,0.141573289,0.05879215,0.003185199,0.036716654
PML,3473.923248,-0.227754614,0.112567358,0.003189536,0.036724922
TOMM20,3258.363137,0.160522294,0.069077889,0.003208091,0.036896689
DYNLT5,405.7607534,0.282608995,0.154636613,0.003215075,0.036935131
C11orf71,190.0613978,-0.279766403,0.151542791,0.003237852,NA
SLC66A1,1829.443462,-0.165934969,0.073924023,0.003266794,0.03739086
ZNF524,562.1418514,-0.200476951,0.094865882,0.003267173,0.03739086
CMTM6,5844.811347,0.161570771,0.070573681,0.003268001,0.03739086
UQCRB,4479.688873,0.166847126,0.073875107,0.003272659,0.03739086
GTF3C6,1562.595807,0.208487362,0.100881662,0.003274177,0.03739086
CIC,3827.131905,-0.206049839,0.098474897,0.003276861,0.03739086
MIB1,1293.632209,0.200528809,0.095266581,0.003281567,0.037402484
ISOC2,1095.533417,-0.177774741,0.080331808,0.003303599,0.037611342
CLIP1,3582.047122,0.139766127,0.058325908,0.003311056,0.037624593
PLPPR2,168.7549208,-0.355020193,0.210819529,0.003312324,NA
HOOK3,2035.520472,0.167864135,0.074578415,0.003313209,0.037624593
FGFR1,5289.791717,-0.15848703,0.068770412,0.00331589,0.037624593
MFHAS1,2251.976257,0.233038434,0.118602615,0.003323537,0.037669226
CRYBG1,1573.861614,0.223598444,0.111797754,0.003334871,0.037736961
GTF2H1,1452.982215,0.164905666,0.072436814,0.003338478,0.037736961
RHOT2,2824.879235,-0.19577943,0.0922471,0.003340673,0.037736961
SUZ12,1653.375622,0.175844243,0.07812053,0.003346815,0.037740876
CPTP,665.8101173,-0.176958518,0.080325977,0.003348461,0.037740876
BRK1,4666.183393,0.16179807,0.071101134,0.003359702,0.037825546
USP16,1217.354441,0.17507867,0.079237914,0.003369296,0.037891503
MED15,4239.286349,-0.148394941,0.063014225,0.003380777,0.037975173
RPS15A,6034.73381,0.209221281,0.101622456,0.003385073,0.037975173
FAM110B,316.2261428,-0.235070396,0.118017154,0.003387966,0.037975173
TOR2A,1053.219531,-0.193809746,0.091168938,0.003401835,0.038076898
CSPG4,3036.650997,-0.195687645,0.091590531,0.003404549,0.038076898
SLC9A1,3617.883812,-0.176590903,0.079367225,0.003418044,0.038185727
SFXN3,3229.08763,-0.158201432,0.069334906,0.003436398,0.038326682
HOXB6,976.8207904,-0.176036448,0.079741783,0.003438218,0.038326682
ANTXR2,1742.523419,0.162354739,0.071641794,0.003455108,0.038469854
PHETA1,1087.871808,-0.16440569,0.072852465,0.003464719,0.038469854
TACC1,3726.425695,0.12205647,0.049075058,0.003465283,0.038469854
GSKIP,602.2208286,0.181784376,0.084002088,0.003466231,0.038469854
SARNP,1186.851099,0.174118309,0.079233575,0.003486503,0.038652556
S100A10,4342.776203,0.187930978,0.088341213,0.003497372,0.038730725
UXS1,1433.539652,0.160810633,0.0710054,0.003504224,0.038764279
SRC,2049.963835,-0.165571248,0.073897614,0.003522604,0.038925154
CBX3,4214.663328,0.155779481,0.068092979,0.003531551,0.038981555
ULK1,1629.611873,-0.26805782,0.145855605,0.00354825,0.03912331
ADIPOR2,2675.567396,0.131558919,0.054003137,0.003568527,0.039219598
WDR24,656.8089741,-0.212672087,0.105414599,0.003569941,0.039219598
SCRN1,2588.180674,0.15667888,0.068283447,0.003572802,0.039219598
CCND2,756.0798509,0.170767761,0.077584675,0.003577881,0.039219598
PCMTD1,2022.618509,0.129771863,0.053398975,0.003578698,0.039219598
CTSL,29761.30974,0.165996957,0.073990824,0.003583964,0.039219598
NUP54,694.4526566,0.20780338,0.104604621,0.003584046,0.039219598
SLC12A4,1194.841885,-0.205493512,0.100301058,0.003588974,0.039231195
PSMD14,1919.886299,0.183057575,0.082423203,0.003613165,0.039433843
ACSM2B,35.45553625,0.990272621,1.208902809,0.003614644,NA
NDUFB5,2237.330045,0.149624708,0.064705619,0.003615287,0.039433843
ZNF598,1467.809911,-0.183220244,0.085274224,0.003619859,0.039441298
MED6,698.5243543,0.18957931,0.090110812,0.003626457,0.03944519
NUF2,441.5323744,0.2230225,0.114295904,0.003630837,0.03944519
ZNF791,570.2860077,0.300590906,0.176178741,0.003631882,0.03944519
DIRAS1,2182.951716,-0.130612616,0.055030167,0.003637632,0.039465392
SMPD4,2280.016759,-0.151258203,0.06590636,0.003645995,0.039480821
CALHM2,1536.572582,-0.180742674,0.084486373,0.003646838,0.039480821
XRCC3,550.8098704,-0.215342613,0.108012195,0.003667845,0.039665911
TNFAIP1,755.5304241,-0.187493589,0.088586272,0.00368135,0.039733623
EDEM3,2194.169586,0.14096912,0.059932774,0.003681941,0.039733623
ZCCHC7,466.2571565,0.235552283,0.124112901,0.003695748,0.039840242
LSM5,426.8681984,0.320253331,0.196692583,0.00370261,0.039871843
MAGOH,828.2290699,0.16644919,0.075064897,0.003709366,0.039873392
PITPNM1,2600.964738,-0.234573746,0.124854748,0.003710615,0.039873392
P2RY11,2655.081171,-0.161790428,0.072024783,0.003716316,0.039892394
RBM27,794.2545643,0.195184122,0.095282767,0.003721001,0.039900463
SMIM30,1477.103606,0.204755668,0.101031712,0.003731572,0.03992438
MZT1,541.6844245,0.254668411,0.138734357,0.003733323,0.03992438
TNFAIP2,3972.800023,-0.20409968,0.099867889,0.003736987,0.03992438
SMC5,830.3324805,0.223178926,0.113590311,0.00374133,0.03992438
FBXL3,1796.700612,0.132790733,0.055491246,0.003744756,0.03992438
CDC45,260.2472211,0.259084514,0.142862671,0.003746846,0.03992438
RFC2,813.5687277,0.162937794,0.073228656,0.003762702,0.04003319
PCNA,2160.077978,0.170724471,0.078297323,0.003765374,0.04003319
ATP5PD,2453.209741,0.172726885,0.079624687,0.003768898,0.04003319
WBP2,5931.005967,-0.143845199,0.06173239,0.003774238,0.040047984
CD180,1167.182775,-0.175758347,0.081002323,0.003796621,0.040226621
RUFY2,275.5858502,0.258520916,0.142912539,0.003799016,0.040226621
LNPEP,2847.690113,0.132873624,0.055651084,0.00380297,0.040226621
TCF25,5507.061426,-0.110043791,0.044550809,0.003827108,0.040323655
TAF6,1448.015147,-0.167833994,0.076280794,0.003836951,0.040323655
SPTBN5,322.3118388,-0.32590423,0.197742156,0.003837974,0.040323655
PLK1,1838.07504,-0.153897811,0.067395151,0.003839054,0.040323655
JUNB,5254.086219,-0.127728071,0.052900831,0.003840013,0.040323655
RAB12,1064.769843,0.147269914,0.064008032,0.003842215,0.040323655
UNC93B1,6662.178159,-0.151196038,0.067031223,0.003846039,0.040323655
ABCF3,1775.643212,-0.14194451,0.060908317,0.003847232,0.040323655
HNRNPA2B1,23732.6101,0.138594415,0.058966413,0.00384792,0.040323655
HIGD1A,2030.58154,0.178576979,0.083935132,0.003863332,0.040443383
AGPAT1,1770.828478,-0.150368169,0.065882362,0.003873811,0.040491322
HLA-DRB1,2604.679821,-0.162250335,0.074416148,0.003875895,0.040491322
IFFO1,2343.988726,-0.145204411,0.062735913,0.003894283,0.040641567
B3GNT7,933.9742811,-0.180525784,0.085155047,0.003905405,0.040715756
CHD3,3648.677328,-0.185306401,0.088358499,0.003912705,0.040749974
MTREX,1831.55536,0.172927364,0.08052254,0.003935898,0.040926059
SNX15,742.7965806,-0.218089649,0.111897329,0.003937681,0.040926059
EPC1,831.4281072,0.163959721,0.074395912,0.003949477,0.040976034
TPP1,12453.00497,-0.124503892,0.051443359,0.003953717,0.040976034
UHMK1,3495.263611,0.1612117,0.072955753,0.003958217,0.040976034
SLC66A2,2714.741759,-0.150050146,0.066051724,0.003958647,0.040976034
LRP10,8655.34936,-0.158661683,0.073335665,0.003967922,0.041006642
N4BP1,2379.793469,0.19572031,0.097363687,0.003969789,0.041006642
SVIP,164.5623435,0.314393985,0.194659842,0.003977619,NA
GPR108,2260.414985,-0.132875399,0.056077885,0.003978241,0.041006642
LSM8,970.5419808,0.259342595,0.147196675,0.003981423,0.041006642
TRAPPC1,2421.751812,-0.128374636,0.053557913,0.003983794,0.041006642
ANGEL1,1517.243408,-0.193600362,0.093338128,0.003985859,0.041006642
TGFB1,12609.13655,-0.133322477,0.056109745,0.003991469,0.041022753
GGACT,237.7429888,0.272660954,0.157560841,0.0039986,0.041054453
STARD3,2731.534131,-0.160957358,0.072905678,0.004006809,0.041065614
UBB,20052.7223,-0.12892265,0.052163437,0.004007784,0.041065614
TPRA1,1967.891832,-0.14134445,0.06097489,0.004022525,0.041164875
ATPAF2,1055.975902,-0.164263216,0.074873298,0.004025587,0.041164875
RABAC1,2454.07014,-0.160784611,0.073758619,0.004033123,0.041200406
CAPN1,5383.355323,-0.154582706,0.06856015,0.004037391,0.041202509
OSBP2,68.3772047,0.38480091,0.263913261,0.004038432,NA
ATF5,4282.074511,-0.126727404,0.052791495,0.004048385,0.041273179
SAFB,3729.289184,-0.159870944,0.072476272,0.004063313,0.041383782
RAD23B,3988.525763,0.126839857,0.053188293,0.004072115,0.041417145
CD86,4428.477236,0.156194209,0.070300741,0.004074755,0.041417145
CLCN2,131.6560252,-0.375128422,0.253701662,0.004079133,NA
CPNE1,1887.074376,-0.147155693,0.064711233,0.004101529,0.041601965
COQ10B,709.4517668,0.185439652,0.089692115,0.004102658,0.041601965
PPP2R3B,340.2453508,-0.265835796,0.152108713,0.004105241,0.041601965
UBE2V1,3078.526951,0.154752219,0.069531461,0.004110243,0.041611081
SNRPB2,1122.686038,0.20022032,0.09979007,0.004119344,0.041651597
EIF4E,2088.795717,0.167563302,0.076192118,0.004122603,0.041651597
TXN,2025.923616,0.212469293,0.11001195,0.004132731,0.041651597
ARHGAP1,1807.860589,-0.171698034,0.08041573,0.004136723,0.041651597
NDUFAB1,1030.109678,0.204714041,0.103960575,0.004138806,0.041651597
TBCA,2006.399251,0.241409751,0.131787401,0.004138881,0.041651597
HNRNPH2,2268.051454,0.144264423,0.062627597,0.00415969,0.041737588
DOCK5,3057.081535,0.122972147,0.050989861,0.004162572,0.041737588
HIRA,2168.210614,0.150048293,0.06691669,0.004163054,0.041737588
IPO11,472.837852,0.211764553,0.108676845,0.004163884,0.041737588
CEP170B,926.202062,-0.238699533,0.1263187,0.004174284,0.041800534
SYMPK,2787.50656,-0.170338746,0.079180207,0.004182917,0.041827151
ATP2B4,4719.689882,0.143840987,0.062640809,0.004185189,0.041827151
PRR14,1027.236705,-0.204246681,0.103585145,0.004193237,0.041866331
NDC80,567.5919298,0.214565565,0.111531445,0.004222789,0.042118315
TBC1D23,1170.650527,0.201750086,0.101131181,0.004226779,0.042118315
GPR82,1141.69364,0.228184593,0.12076931,0.00424369,0.042245331
OPLAH,574.7432193,-0.241554979,0.132816603,0.004257865,0.042344881
LRRC3,371.588419,-0.214842232,0.112893326,0.004280521,0.042528502
PXK,1003.280042,0.17018133,0.080381026,0.00429667,0.042647182
OSGIN2,1489.419797,0.174096156,0.083099156,0.004310174,0.042739398
MYL12B,4396.52537,0.18592516,0.09140473,0.004338524,0.042978504
CHCHD10,1736.949824,-0.146162722,0.064699787,0.004353666,0.04303868
RARA,663.7331666,-0.185143675,0.090448183,0.00435569,0.04303868
CDK1,1333.559335,0.17507289,0.083788057,0.004365575,0.04303868
ACTN4,9825.525843,-0.149559842,0.071412143,0.004366817,0.04303868
TAF15,5998.867099,0.185954172,0.091503688,0.004369559,0.04303868
TICAM1,1103.391516,-0.184086643,0.090664324,0.004378049,0.04303868
NARF,1241.864404,-0.149909405,0.067175189,0.004378227,0.04303868
SRP9,2991.292027,0.132773925,0.057173022,0.004378541,0.04303868
PEX14,1677.529118,-0.195151389,0.097394258,0.004400831,0.043215909
HAS3,29.58501726,-0.054364587,0.108801177,0.004415466,NA
RSRP1,2120.40018,-0.187944354,0.091732996,0.004432868,0.043456877
RAN,7115.74697,0.136807079,0.059427589,0.004439059,0.043456877
ZC3H18,1864.758658,-0.145273531,0.064534121,0.004444553,0.043456877
PSMA2,2101.557733,0.156994319,0.072001987,0.00444487,0.043456877
RASA1,3441.044673,0.159213179,0.073886923,0.00444679,0.043456877
TMEM150B,336.2287582,-0.247260042,0.139136117,0.00445816,0.043494868
UNC5B,1406.76596,-0.187884267,0.091996998,0.004459253,0.043494868
RPAP3,835.9086446,0.223208663,0.120986256,0.004481973,0.04367448
MRPS2,805.5150803,-0.178969616,0.086809229,0.004505506,0.043861663
PTGER4,1560.611449,-0.191390233,0.09671941,0.004536695,0.044077219
TBCD,1864.359697,-0.148801239,0.066415227,0.004538377,0.044077219
HMG20B,3722.755523,-0.140954849,0.063990841,0.004541187,0.044077219
ZC3H3,835.9976285,-0.197154194,0.099900042,0.004545348,0.044077219
OLA1,1115.135141,0.181128326,0.088997799,0.004549374,0.044077219
RPL9,6312.683138,0.173898468,0.081266287,0.004572346,0.044199793
FURIN,12891.19522,-0.144962594,0.060280877,0.004581683,0.044199793
BORCS8,751.8318861,-0.180805694,0.08858383,0.004582885,0.044199793
MAP3K2,3012.401169,0.140964372,0.057602866,0.004587959,0.044199793
ZNF580,1008.098611,-0.216505682,0.115631206,0.00459615,0.044199793
SLC26A11,2624.673236,-0.206254646,0.107276347,0.004600174,0.044199793
LMBR1L,1012.546085,-0.174111257,0.083879213,0.004600409,0.044199793
RTL5,719.3980708,-0.207375946,0.108495251,0.004600573,0.044199793
WAPL,2841.299265,0.117622903,0.048927979,0.00460124,0.044199793
TMEM37,478.7196141,-0.191849917,0.096504451,0.004607064,0.044213871
ARHGEF18,2014.651752,-0.160067732,0.074419524,0.004634629,0.044436364
LPCAT2,6136.300908,0.126449484,0.053298623,0.004649329,0.044535217
NDUFB3,891.8327525,0.215076542,0.116449499,0.004693553,0.044916421
CCNA2,1238.27599,0.160272563,0.075036278,0.00470088,0.044944131
CTR9,2168.064027,0.159604861,0.07459043,0.004736085,0.045102752
CCDC106,881.1623739,-0.162805348,0.076908345,0.004738951,0.045102752
KIFC2,963.228911,-0.21639975,0.116347654,0.004740538,0.045102752
HINT1,3027.996972,0.160584743,0.071437201,0.004741223,0.045102752
SP140L,1124.812017,0.197428932,0.105149112,0.004742772,0.045102752
MEPCE,2209.062724,-0.152922296,0.069859715,0.004744148,0.045102752
RELB,1409.129898,-0.179138122,0.087642742,0.004750121,0.045117256
MRPL35,871.3430277,0.226033309,0.126176425,0.004769088,0.04517863
PSMA1,3112.73174,0.165663412,0.079082773,0.004780641,0.04517863
KMT5C,507.9032861,-0.225572267,0.124367493,0.004780811,0.04517863
ATP5MK,1790.31581,0.191803737,0.098213463,0.004793019,0.04517863
PEDS1-UBE2V1,522.8550797,-0.299162361,0.191966561,0.004793303,0.04517863
SNRNP70,8660.428488,-0.181345891,0.09239057,0.004796937,0.04517863
ZNF518B,642.5767792,0.208344237,0.111195701,0.004797237,0.04517863
PTGDS,486.8151569,-0.194026372,0.099357851,0.00479785,0.04517863
RNH1,5429.398547,-0.113942928,0.047750009,0.004805864,0.04517863
TTK,429.9279048,0.219842461,0.120585978,0.004807985,0.04517863
HMGB1P6,525.9604505,0.299597171,0.199104767,0.004810182,0.04517863
SBNO2,4645.205079,-0.177849757,0.088941727,0.004811799,0.04517863
GPD1L,479.5532277,0.204468691,0.107636373,0.004836545,0.04517863
HMGA2,1938.179316,0.379283374,0.304593309,0.004838843,0.04517863
UNC50,1030.353778,0.159665775,0.075018889,0.004839947,0.04517863
ANP32A,4088.943169,0.145968737,0.065321106,0.004841106,0.04517863
STK11,2884.748472,-0.128939833,0.055851533,0.004841121,0.04517863
TPRN,541.7420959,-0.186599957,0.093840704,0.004843448,0.04517863
U2SURP,2052.140882,0.189726526,0.096703879,0.004846105,0.04517863
TYW3,633.2296982,0.1906081,0.097894086,0.004847655,0.04517863
GNAS,34635.24936,-0.108347859,0.043353551,0.004850703,0.04517863
SCARB1,3800.774217,-0.123299273,0.053155363,0.004858954,0.04517863
ZSCAN2,253.2571155,-0.263482864,0.157893014,0.004859019,0.04517863
NPIPB7,412.6999652,-0.237173922,0.135286358,0.004864423,0.045187456
HNRNPH1,11322.63101,0.108615966,0.044570877,0.004881925,0.045275377
THADA,837.9970831,-0.242907609,0.140731645,0.004882814,0.045275377
DDX19A,1532.513786,0.150010245,0.068871265,0.004920109,0.045543949
KLC4,725.3896218,-0.184581263,0.092843542,0.004920758,0.045543949
PDK2,934.2674666,-0.204801303,0.108824912,0.004968575,0.045944599
CHTF18,899.3839443,-0.260166522,0.157407254,0.004999169,0.046185399
EARS2,538.5760192,0.174150579,0.085840596,0.005018197,0.046289642
ATP11B,1773.442543,0.16190722,0.077214325,0.005019579,0.046289642
COG2,1137.710489,0.199907581,0.105850163,0.005029239,0.046317611
ZNF574,493.5845015,-0.200711922,0.105901304,0.005033255,0.046317611
GARS1,5402.325554,0.169025176,0.082146169,0.00503631,0.046317611
EPN1,4088.606211,-0.161309045,0.07631476,0.005060999,0.046502512
ADAM9,11377.34502,0.128755726,0.056108126,0.0050862,0.046689405
AXIN1,1381.89583,-0.194630284,0.101468533,0.005090544,0.046689405
HINT3,1363.701172,0.152468236,0.0709951,0.005098253,0.046703786
RNASET2,3881.234785,-0.123399519,0.052987901,0.005102709,0.046703786
KIAA0040,194.8318329,0.317102278,0.22819444,0.005108099,NA
ACADVL,10198.98351,-0.169230773,0.083299748,0.005110489,0.046703786
RASSF7,637.3055828,-0.18009622,0.090224308,0.005110529,0.046703786
TUT1,657.031503,-0.197185653,0.103636032,0.005116484,0.046716121
ARHGAP11A,897.8213487,0.262118662,0.166224976,0.00512828,0.046781721
CNPY3,5282.584036,-0.123622959,0.053376718,0.005133264,0.04678511
ASDURF,6.538444429,0.012134865,0.082716887,0.005142312,NA
CSAD,413.361651,-0.205278117,0.111769979,0.005149001,0.046884285
PRELID3A,441.8220945,-0.195811348,0.102828533,0.005156757,0.046884285
NR1H2,2334.027533,-0.123913199,0.053283394,0.005158011,0.046884285
ZNF644,1049.627043,0.17009056,0.083341525,0.005163811,0.046894987
PTCRA,315.0290582,-0.229058127,0.13109608,0.005183206,0.047026179
TRIP6,1400.000885,-0.127310205,0.05535949,0.005187529,0.047026179
SNX18,3376.67273,-0.202221582,0.105219263,0.00521559,0.047238344
CD151,4703.116757,-0.12977459,0.056900305,0.005233294,0.047305311
ALDH1A2,3532.693676,0.173005795,0.085127907,0.005237717,0.047305311
BICRAL,736.9385938,0.155966152,0.073699317,0.005240194,0.047305311
SCAMP4,3178.104017,-0.154326036,0.07220362,0.005244929,0.047305311
MBIP,416.8539892,0.198669459,0.106804537,0.005246301,0.047305311
SOCS4,761.8350549,0.243872209,0.14742617,0.005259385,0.047381172
DLG4,1630.914817,-0.187643294,0.095855845,0.005293118,0.047497389
YWHAG,8694.33521,0.127693107,0.055947178,0.005293423,0.047497389
YIPF2,1490.961634,-0.168015114,0.085145046,0.00529536,0.047497389
IRF5,4597.048327,-0.164329997,0.079873246,0.005296762,0.047497389
FAM110A,680.6115321,-0.197597333,0.104809991,0.005298554,0.047497389
TAFAZZIN,1024.133474,-0.17392974,0.086509429,0.005300379,0.047497389
IST1,4301.801599,-0.108268988,0.045082982,0.005313352,0.04754228
DALRD3,678.9926811,-0.181071878,0.091916424,0.005314762,0.04754228
ATG16L2,2199.165486,-0.191572146,0.100162168,0.005322373,0.047568413
GPX4,7582.542869,-0.137703361,0.059434887,0.005336205,0.047650054
NRAS,3050.142919,0.135232798,0.059981502,0.005356349,0.047787871
WASH8P,721.7598501,-0.191685497,0.100828513,0.005363768,0.047812004
NAPA,5193.341313,-0.125220956,0.054483301,0.005393494,0.048034766
RCN2,819.5267308,0.183163336,0.094457144,0.005410139,0.048140744
BAZ1A,2431.71262,0.190214757,0.100274562,0.005433867,0.04821641
ZNF770,960.2611925,0.160252776,0.077511529,0.005436876,0.04821641
CEBPD,535.2328154,-0.185598735,0.095937877,0.005439597,0.04821641
NFAM1,4738.422881,-0.152483753,0.071834787,0.005441486,0.04821641
CRTAP,4419.728259,-0.122590218,0.053645381,0.005442408,0.04821641
TRMT2A,1845.350452,-0.171157832,0.084979935,0.005448708,0.048230097
EFR3A,4635.768203,0.131754923,0.058891928,0.005465162,0.048252236
FASTK,2274.307365,-0.173981417,0.087343071,0.005469533,0.048252236
HLA-DMB,5071.702525,-0.181268296,0.096619529,0.005469784,0.048252236
BZW2,880.618043,0.165004564,0.08023664,0.00547471,0.048252236
CTBP1,4999.281188,-0.165441926,0.08057151,0.005474992,0.048252236
MIGA2,822.7829442,-0.193413394,0.101801037,0.005494642,0.048383376
EEF1B2,4716.048429,0.156600958,0.074968786,0.005501497,0.048401726
TSSC4,883.9080805,-0.152992287,0.072328674,0.005542744,0.048722354
DHX30,2744.977305,-0.132383468,0.060207225,0.005554034,0.048757348
POLR2J3,2206.830046,-0.143102602,0.065939321,0.005562416,0.048757348
RPS28P7,1531.885931,-0.172207108,0.085940368,0.005562535,0.048757348
COPE,3564.008673,-0.118627201,0.052252382,0.005570408,0.048757348
PTP4A1,2282.935518,0.180484363,0.093162673,0.005570758,0.048757348
SFT2D1,1681.801533,0.132092859,0.060325179,0.005598475,0.048923057
NDUFAF4,394.6327326,0.217320087,0.128379629,0.005599336,0.048923057
ZFR,2981.920377,0.135301286,0.061087467,0.005614236,0.049011022
BLZF1,902.5823719,0.189340263,0.100541082,0.005619468,0.04901452
BMP7,49.54984371,-0.41778619,0.419477201,0.005627834,NA
NPIPB3,2237.138909,-0.143230897,0.066345878,0.005629982,0.049064034
CD46,5664.324101,0.126760027,0.05599373,0.005636855,0.049081767
CALM3,8396.534596,-0.11556747,0.049504437,0.005655693,0.04918898
CD300LF,1233.300015,-0.167831671,0.083362555,0.005661818,0.04918898
WASH7P,675.3794404,-0.25359331,0.159742276,0.005666746,0.04918898
CLSPN,645.2494278,0.18263031,0.095259032,0.005668564,0.04918898
ZNF641,1659.547304,0.17264873,0.087426252,0.005674747,0.049200545
ARHGAP45,5835.446867,-0.16736764,0.080983849,0.005688069,0.049273929
PTOV1,1551.394868,-0.171607759,0.08477102,0.005695023,0.049292078
SLC8B1,3718.115327,-0.145182423,0.068623438,0.005713366,0.049408686
PLAA,1350.272484,0.16872889,0.084725943,0.005741607,0.049610612
ZMIZ2,3833.389669,-0.18118006,0.095724031,0.005748132,0.049615809
TMPO,3222.271472,0.133290181,0.060277777,0.005753802,0.049615809
OSTM1,3272.731017,0.122051701,0.054359508,0.005756882,0.049615809
STIL,490.3649296,0.214617762,0.12383098,0.005762033,0.049618047
SNX2,6177.303186,0.116934021,0.050445756,0.005773142,0.049671549
LINC01145,20.44502076,-0.044114835,0.098778656,0.005818859,NA
ZNF514,487.027375,-0.182474093,0.095678946,0.005824988,0.050027851
RPL27A,11700.16232,0.166109214,0.083285864,0.005825058,0.050027851
DHX34,967.3829753,-0.169910859,0.085918477,0.005829349,0.050027851
FCHSD1,1026.761967,-0.182479761,0.095541173,0.00583895,0.050059481
RAVER1,1776.516708,-0.159545537,0.077890663,0.005842905,0.050059481
CXCL16,10594.91424,-0.145570069,0.067942255,0.005858161,0.050147837
VBP1,815.0564346,0.209900017,0.118599703,0.005865272,0.050166376
NDRG1,1613.415075,-0.239705941,0.146596963,0.005887687,0.050246647
IBTK,2412.391304,0.152942532,0.073151303,0.005896747,0.050246647
SLC12A7,3534.013984,-0.164963227,0.083507588,0.005900304,0.050246647
RBM42,2781.872498,-0.160676731,0.07845241,0.005903935,0.050246647
ASNSD1,638.0094265,0.179462063,0.093614855,0.005906812,0.050246647
LYPLA2,1679.310673,-0.133711164,0.061033542,0.00590782,0.050246647
CBX6,3273.128016,-0.148441588,0.070611823,0.005911403,0.050246647
WTAP,2246.503529,0.133236058,0.059829819,0.005914284,0.050246647
NUP42,964.9210664,0.150358781,0.071876914,0.005923254,0.050250604
SS18L1,635.4208745,-0.189301301,0.101413498,0.005924657,0.050250604
SLC38A10,4895.303214,-0.152744225,0.073348518,0.00595093,0.050431271
TMEM161A,478.8136967,-0.213334623,0.122665403,0.00596897,0.050511443
ZMYND15,884.5732719,-0.177537218,0.092155287,0.005974358,0.050511443
TTC33,324.4279728,0.231013747,0.141351912,0.005975328,0.050511443
KCNAB2,6401.194612,-0.144779002,0.068361436,0.005981559,0.050522014
NUS1,2748.961418,0.144618674,0.068179549,0.005988163,0.050535713
SPINT1,3842.109677,-0.121133487,0.052923617,0.005994272,0.05054522
C18orf32,603.2251597,0.254714001,0.169282766,0.006000711,0.050557483
FCF1,1276.953761,0.145919226,0.069109229,0.006029011,0.050753765
CRAT,559.3460594,-0.20127348,0.112293626,0.006040084,0.050804818
ATAD2,1286.009925,0.173703204,0.085111745,0.006048742,0.050807428
UBE2Q2,1108.48328,0.18727193,0.09997246,0.006050411,0.050807428
ID3,2760.058503,-0.181409279,0.097228719,0.006066624,0.050901433
LMBRD2,941.1472452,0.216982317,0.128645581,0.006072348,0.050907351
SNAPC2,467.3714449,-0.213079117,0.123291052,0.00607955,0.050915192
PADI2,1147.110513,-0.255607149,0.167038063,0.006083321,0.050915192
AP2A1,4312.740038,-0.176046558,0.091592503,0.006095943,0.050978766
SLC22A18,842.9700612,-0.190241932,0.101496843,0.006110657,0.051027003
MIDN,1677.52582,-0.18972914,0.102841267,0.006111771,0.051027003
RBL1,520.3383636,0.201672597,0.113381373,0.006121126,0.051031461
LILRA6,882.9929172,-0.167354223,0.083311123,0.006122367,0.051031461
DNAH14,108.7274027,0.298416735,0.229496623,0.006142384,NA
RPS6KA1,9165.453295,-0.117462593,0.050811416,0.006148809,0.051209789
SUMO2,4424.652045,0.139791425,0.064533431,0.00616508,0.051303173
LDAH,647.6891034,0.200216464,0.110337248,0.006185882,0.05143409
RAPH1,2227.748826,0.164433104,0.083033468,0.006194151,0.051460662
CCDC47,3358.38547,0.143643254,0.06799774,0.006208219,0.051535332
ETV5,2902.536757,0.150677534,0.073083039,0.006214893,0.051547812
NR2F6,1153.857418,-0.156179277,0.076955128,0.006221457,0.051547812
TLR1,1557.975752,0.168418363,0.085581259,0.006235697,0.051547812
ACRBP,127.0270566,-0.290954992,0.214981081,0.00623877,NA
ABHD4,1319.53556,-0.154793876,0.075763138,0.006245874,0.051547812
LIAS,368.8981943,0.219415895,0.132164896,0.006248575,0.051547812
MTA1,2457.517166,-0.206430381,0.119783321,0.006248615,0.051547812
ABCE1,3000.989334,0.149881969,0.072482883,0.00624916,0.051547812
TOPORS,799.8256193,0.162723827,0.08179353,0.006254032,0.051547812
OSBPL9,1976.752933,0.128908392,0.058664473,0.006255457,0.051547812
SLC12A5,434.5751829,-0.187843306,0.102063301,0.006281716,0.05171588
ZHX2,469.9384316,-0.186862249,0.101167913,0.006286049,0.05171588
NRGN,669.8471991,-0.190446676,0.104366907,0.006312245,0.051825184
TRIAP1,734.7915747,0.184753824,0.100051586,0.00632115,0.051825184
ZMPSTE24,2308.91475,0.13880082,0.065487094,0.006321772,0.051825184
TBKBP1,738.8605048,-0.206720885,0.118830485,0.006322335,0.051825184
PTPN13,1202.928707,0.204353336,0.118261478,0.006327253,0.051825184
ACO2,5994.245766,-0.115411791,0.050328746,0.006329988,0.051825184
RRM2B,2018.775375,0.154929254,0.077722179,0.006351497,0.05195934
COX4I1,7833.315985,0.143750651,0.076337414,0.006358894,0.051977934
NOP58,1329.446048,0.162603429,0.082118467,0.006364807,0.051984379
PARVG,4784.212633,-0.118946775,0.052510137,0.006373354,0.052012308
ASPSCR1,1147.9394,-0.172046822,0.089031743,0.006389439,0.052101663
DDX51,638.6067068,-0.209228951,0.121471366,0.006411538,0.052239871
CD44,16677.15104,0.139242938,0.065048817,0.006425216,0.052309299
CCT6A,4018.297231,0.143059438,0.06803602,0.006431557,0.052318935
NCAPG,1242.609351,0.136208995,0.063638919,0.006440508,0.052346038
ATG7,2577.316816,-0.110722332,0.047793712,0.006445209,0.052346038
TATDN1,348.6260411,0.216153375,0.130010678,0.006451402,0.052354414
DDTL,22.70642931,-0.037748137,0.093933292,0.00648363,NA
PPP1CA,7223.817117,-0.114260667,0.050383033,0.006495302,0.052668539
DVL3,5295.70505,-0.170090995,0.088228943,0.006536897,0.052963486
ERCC8,344.3441086,0.199607749,0.115599253,0.006546935,0.053002482
CFAP20,466.1296583,0.19259643,0.108175673,0.006561761,0.05308015
ZFPM1,238.4071664,-0.311530528,0.255888685,0.006575718,0.053150664
CACNA1D,73.32415343,-0.345708656,0.331449858,0.006586252,NA
PSMA4,3391.523754,0.164956578,0.085020123,0.006630998,0.05353878
RPL22L1,623.5554428,0.238826752,0.158253301,0.006634291,0.05353878
C10orf95,79.70561126,-0.30475527,0.250836442,0.006636814,NA
PCDHGC3,2928.632154,-0.154774091,0.076963346,0.006654509,0.053659252
XRN1,1805.339255,0.2071974,0.124457231,0.006689706,0.053832806
CCAR1,3083.242621,0.113015933,0.049436634,0.006690012,0.053832806
DCUN1D5,882.335964,0.1605303,0.08176173,0.006691953,0.053832806
MBNL3,800.7427507,0.182335533,0.099605075,0.006706942,0.053872136
SNAPC4,859.7419625,-0.173719181,0.091653648,0.006707463,0.053872136
NPEPL1,1524.881215,-0.160189444,0.081045176,0.006728148,0.053995519
IDH1,9695.239072,0.114808672,0.050650537,0.006740482,0.054046414
ME2,3759.964279,0.154618255,0.077272493,0.006749446,0.054046414
HSP90AA1,20594.41843,0.150139874,0.073733749,0.006750474,0.054046414
NELFB,2571.993246,-0.111115941,0.04841431,0.00677323,0.054185841
STRN,1605.603776,0.194874743,0.111835895,0.006779169,0.054190613
CYTH3,2544.404724,-0.191958256,0.107202997,0.006802374,0.05430891
SUCNR1,2000.233024,0.162107346,0.083240779,0.006804675,0.05430891
LDHB,9813.786221,0.140782175,0.067408145,0.00681942,0.054344621
NCKAP5L,2530.504299,-0.156720154,0.078957379,0.006819864,0.054344621
AKT2,3570.803539,-0.138628501,0.0691398,0.006830463,0.054386355
WDR90,808.6242143,-0.226821738,0.144021004,0.00685031,0.054501603
WDFY4,7588.194483,-0.123112523,0.055701446,0.006862194,0.054553365
MATR3,4896.650104,0.134999447,0.06356302,0.006869056,0.054565153
ACAP3,1605.093766,-0.213231713,0.129434049,0.006881737,0.054584193
CWC15,933.1598072,0.146157635,0.071343551,0.006882214,0.054584193
RPS29,4621.834997,0.166974466,0.077792053,0.006896694,0.054656301
LTN1,834.6540899,0.200135954,0.11504931,0.006906472,0.054691067
SGO2,391.3102105,0.206798689,0.124322504,0.006913286,0.054702318
XRCC2,169.199068,0.262574083,0.193194286,0.006944443,NA
MTPN,6730.405122,0.120701154,0.054460133,0.006949217,0.054933164
LYRM2,1482.113464,0.178861493,0.097747136,0.006953291,0.054933164
PIF1,307.3717083,-0.208227088,0.125476796,0.006959305,0.054937892
MPHOSPH9,606.033096,0.178464067,0.097397021,0.006966443,0.054951475
TRDMT1,222.1140152,0.273122015,0.218464559,0.006988016,0.055078818
CRLS1,1155.063624,0.15179752,0.075794758,0.006995637,0.055085512
ITPA,1868.057754,-0.121020513,0.0545342,0.006999726,0.055085512
FNTB,471.7883158,-0.208571643,0.126242751,0.007027385,0.055260302
NUDT5,1697.888467,0.156182755,0.079368984,0.007054495,0.055430517
ACTR3,13913.09334,0.100892588,0.043592707,0.007069271,0.055470314
NRM,407.0459706,-0.189691117,0.110392885,0.007070496,0.055470314
FZD7,187.012563,-0.244485489,0.16760486,0.007080948,NA
TBC1D9B,6035.270199,-0.149515414,0.074687666,0.007124218,0.055848581
NOC4L,726.8603501,-0.155622222,0.079397156,0.007138704,0.055871684
SNRPG,1167.038169,0.161134741,0.083607622,0.007142811,0.055871684
ENGASE,1266.825812,-0.196663853,0.115055038,0.007143688,0.055871684
VPS8,1581.879526,0.162864621,0.08499887,0.007161554,0.055968265
APH1B,951.8592414,-0.185448354,0.102607435,0.007168566,0.055979937
RSL1D1,3130.406265,0.143062253,0.069998116,0.007181204,0.056035483
UBLCP1,1090.963117,0.19182977,0.111346429,0.007198156,0.056047657
CERS6,1989.580302,0.129085531,0.060170219,0.007199288,0.056047657
RUNDC1,861.9265024,-0.156124202,0.078849756,0.007199339,0.056047657
SLC25A35,418.3389225,-0.189054698,0.10820891,0.007217111,0.056142923
GSTCD,347.5639173,0.225415867,0.147824528,0.00723037,0.05620297
UGGT2,532.657291,0.205248079,0.125109495,0.007241813,0.056248815
MSANTD3,577.9985301,0.197892505,0.11781414,0.007249886,0.056268432
TMOD3,2230.440295,0.144919709,0.070697451,0.007272933,0.056401093
NUDT15,295.8226085,0.198296148,0.116457272,0.00728258,0.056401093
DAGLB,1509.240761,-0.164009578,0.08592329,0.007283659,0.056401093
GCHFR,2738.219509,-0.175225676,0.095346235,0.007296625,0.056458402
CDS2,3420.048326,-0.144036085,0.073415234,0.007305602,0.056484775
SIGLEC5,834.5266503,-0.170241875,0.091284272,0.007332087,0.056638265
PQBP1,1367.018998,-0.154647069,0.078879751,0.007336621,0.056638265
SFMBT2,3236.409704,0.14462626,0.07006338,0.007342214,0.056638342
S100A4,12147.91583,0.150221744,0.075671434,0.007352074,0.056667586
LRRFIP2,882.3373257,0.157722902,0.081539037,0.007357178,0.056667586
CREBL2,4231.395809,0.127505311,0.05943569,0.007375159,0.056762982
HNRNPA3,8434.374648,0.147209327,0.07350762,0.007393265,0.05684448
NOL7,1690.34921,0.145587821,0.071121428,0.007396955,0.05684448
CLCN7,11693.37035,-0.165141795,0.094578079,0.007406758,0.056876724
TIPRL,1014.108,0.164753309,0.087466259,0.007429408,0.057007501
CMTM3,6615.096576,-0.108926076,0.047115922,0.007440793,0.057027336
RNF166,2916.541785,-0.179533074,0.099802845,0.007443237,0.057027336
PCDHGB7,373.3085022,-0.204553634,0.124698273,0.007467571,0.057170598
HMGN4,1246.056635,0.196825629,0.118811289,0.007481362,0.057199718
DPH7,455.7026687,-0.185056393,0.105335841,0.007487953,0.057199718
CCDC50,1841.978455,0.129010368,0.060755111,0.007488509,0.057199718
BRWD1,1662.469749,0.139821188,0.067273584,0.00749393,0.057199718
MAP3K20,582.9209286,0.177096777,0.098522878,0.007510501,0.057283101
MAT2B,2609.920349,0.129758498,0.061246629,0.007530009,0.057388737
PLVAP,35.73932912,-0.072946639,0.133127467,0.007532356,NA
CCDC9,614.9695376,-0.195501749,0.11596554,0.007542607,0.057441596
TRMT6,556.1761511,0.184800313,0.106467351,0.007561679,0.057508591
CEBPA,15072.0668,-0.194196605,0.122128154,0.007563992,0.057508591
KIN,483.617994,0.239982246,0.172893096,0.007572447,0.057508591
BLOC1S2,2169.562401,0.176659144,0.098578114,0.007576468,0.057508591
CYB5R4,1334.423329,0.155829718,0.080608288,0.00757975,0.057508591
CTU1,297.6638301,-0.199192365,0.12022386,0.007585534,0.057509457
CEACAM21,104.1182327,-0.275530298,0.228566127,0.007608355,NA
RECQL5,716.6051234,-0.166432162,0.088928637,0.007618334,0.057672713
RPL17,10258.17518,0.138105067,0.067773752,0.0076239,0.057672713
IP6K1,1929.077167,-0.152618966,0.076106992,0.007624123,0.057672713
CD164,17895.75723,0.120207617,0.055555086,0.007671552,0.057988247
CMTM4,194.5508647,0.249812938,0.189216432,0.007695127,NA
SRGAP2C,866.953957,0.221569826,0.146114053,0.007712936,0.058131727
CMAS,1358.347971,0.135580931,0.065675196,0.007713272,0.058131727
SCAF1,3998.638711,-0.19071128,0.112141077,0.007714283,0.058131727
SLC35C1,1051.671326,-0.142662368,0.070459012,0.007715258,0.058131727
MRM2,1197.630669,0.135116397,0.065415026,0.007720834,0.058131727
TBL1X,358.3210517,0.204949962,0.1278869,0.007724918,0.058131727
LIMK1,10249.56384,-0.133866598,0.064403675,0.007749555,0.058273897
DAGLA,1543.66913,-0.18938073,0.108658641,0.007759715,0.058282954
MTCO1P12,251.0600316,-0.286403848,0.254116158,0.007762251,0.058282954
CDV3,7329.230915,0.105068075,0.045768355,0.007770239,0.058299779
PBX1,36.67520595,0.054538259,0.108385515,0.007779371,NA
FLII,9974.000564,-0.139057257,0.068041373,0.007784351,0.058342581
GRK3,3060.806396,0.113006101,0.050869514,0.007799745,0.058342581
AP3M1,1779.875035,0.129284338,0.061396917,0.007809523,0.058342581
SCOC,731.4315443,0.22710274,0.156711667,0.007810946,0.058342581
SLCO2B1,26678.30265,-0.184335303,0.101412351,0.007813539,0.058342581
ECPAS,3883.889827,0.117144906,0.054653839,0.007814244,0.058342581
MAPK8IP3,2806.252879,-0.195575386,0.111889841,0.007816203,0.058342581
SUB1,1795.930711,0.177640569,0.100653605,0.007836702,0.058452579
VKORC1,2063.584863,-0.108117851,0.048205659,0.007846795,0.058484854
LSM14A,2908.719007,0.1377609,0.067013042,0.007876085,0.058660063
CEP170,4363.451166,0.113939258,0.051560269,0.007888397,0.058708655
PRKCSH,6961.745042,-0.141785058,0.070933273,0.007934484,0.059008361
REPS1,891.8274356,0.154414635,0.080727172,0.007949372,0.059043065
LTBR,3135.676243,-0.1351282,0.065644402,0.007950791,0.059043065
RNF31,1962.829334,-0.13945834,0.0692923,0.007969386,0.059137861
TMED5,4565.723181,0.133118118,0.063665639,0.00799044,0.059250749
DMXL2,8011.270592,0.110265917,0.049601715,0.008004562,0.05929741
EXOSC9,569.3520384,0.168398574,0.092577282,0.008011462,0.05929741
PLAU,2621.20758,0.144717122,0.072947264,0.008014269,0.05929741
CTNNBIP1,572.6513078,-0.185975513,0.108655714,0.008022014,0.059311452
FAM3A,759.7771929,-0.174776267,0.098741153,0.008063113,0.059571903
SETD1A,1497.843985,-0.158853744,0.084011563,0.008077016,0.05958955
SYPL1,1436.071541,0.158818371,0.084455172,0.008077914,0.05958955
MPST,1374.359421,-0.150567812,0.077505039,0.008084492,0.05958955
RPAP1,877.3260172,-0.217710447,0.144084969,0.008088999,0.05958955
LONP1,8946.966382,-0.117601331,0.054046402,0.008121313,0.059784181
CCNG1,2021.754496,0.165416033,0.090458893,0.008131261,0.059813868
AIMP1,1205.632095,0.134334289,0.065488931,0.008137139,0.059813868
MFSD2A,358.4963803,-0.204913067,0.130529241,0.008174855,0.060047595
LYPLAL1,743.4084334,0.191939762,0.116682332,0.008195062,0.060152464
RPS24,9552.929681,0.183266434,0.103519335,0.008229919,0.060322703
BCL10,795.5960081,0.174196872,0.098900335,0.008230148,0.060322703
FBXL5,1894.856505,0.122991399,0.05785073,0.008255591,0.060440484
SLC30A9,1689.366102,0.147322011,0.074815221,0.008258134,0.060440484
SUPT4H1,2292.139778,0.179327553,0.107145761,0.008274066,0.060513426
CRBN,615.3564403,0.171519959,0.096449119,0.00828729,0.060566478
OGFR,6027.66791,-0.119168096,0.055303521,0.008319345,0.06075697
NME7,265.8149738,0.213631211,0.143770274,0.008355473,0.060976916
BBS7,201.772414,0.278449585,0.290943697,0.008381489,NA
BAG5,1233.699045,0.125810058,0.059923575,0.008386522,0.061157399
PTPN12,5263.024493,0.165394688,0.091190448,0.008394728,0.061157399
SNX24,1130.146215,0.172615274,0.097680806,0.008405601,0.061157399
URM1,1672.828884,-0.151056621,0.078671937,0.008407361,0.061157399
CCDC120,227.6912225,-0.256113278,0.203634735,0.008410348,0.061157399
GTF2F2,685.9439276,0.198720218,0.126304121,0.008428496,0.061197324
MTHFD1,2426.292971,0.134209657,0.065899776,0.00843364,0.061197324
TBC1D10A,982.346926,-0.14395848,0.072847322,0.008441812,0.061197324
EMC7,2378.124181,0.13926776,0.067950446,0.008442957,0.061197324
LANCL1,711.9060451,0.153761878,0.081190705,0.008451925,0.061197324
ZBTB7A,4397.258784,-0.156607479,0.084356915,0.008452677,0.061197324
SAMSN1,1991.219388,0.18087152,0.102904449,0.008465914,0.061197324
SH3D21,815.8204367,-0.218684704,0.149094759,0.008467672,0.061197324
ATG12,1147.228511,0.166377275,0.092343853,0.008470134,0.061197324
GDPD5,166.9088949,-0.260785574,0.226272,0.008474267,NA
SKP1,1906.363186,0.201890525,0.130006052,0.008498795,0.061360695
C6orf120,1440.078829,0.117648952,0.054636025,0.008515417,0.06143698
GIPC1,3272.620736,-0.146522117,0.074002571,0.008544865,0.06160562
SLC7A8,3075.789312,-0.130822215,0.0635202,0.008563627,0.061679808
TSPAN4,2185.928613,-0.108807392,0.049145601,0.008572709,0.061679808
PRXL2B,2909.381176,-0.143121162,0.072598019,0.008573396,0.061679808
CDC5L,1503.055523,0.134804625,0.066644895,0.008586324,0.061717827
EGR2,2808.341676,-0.152594047,0.079855329,0.008590849,0.061717827
TMEM9B,2288.032558,0.137213628,0.068432256,0.008606224,0.06177931
GPC1,89.63227601,-0.262870425,1.382094554,0.008608667,NA
ABCA7,1364.59229,-0.184877701,0.11314238,0.008611588,0.06177931
MLST8,1562.94885,-0.134062189,0.065610249,0.008639747,0.061937522
TBXA2R,105.0858048,-0.268920142,0.251737465,0.008640855,NA
CNN2,1397.568117,-0.120014227,0.056255865,0.008648076,0.061953447
GPBP1,1329.470891,0.145483458,0.07547053,0.008657765,0.061966294
BICRA,610.1340945,-0.21861567,0.148508247,0.008666151,0.061966294
HPS1,4377.022299,-0.121565489,0.05716851,0.008668195,0.061966294
HACD3,2248.42882,0.125843489,0.060151781,0.008678113,0.061993506
RSKR,611.1746108,-0.194894442,0.121806094,0.008713447,0.062160843
MCM8,434.4106471,0.165152431,0.091933312,0.008713793,0.062160843
GIT1,2293.898274,-0.145688082,0.074989684,0.00872267,0.062180437
DNAJC15,143.6647187,0.276675055,0.393233717,0.008725684,NA
MAPRE1,5152.070967,0.127761999,0.060938489,0.008730218,0.062190545
KAT2B,852.2148565,0.144058809,0.07401843,0.008740871,0.062222736
THOC7,619.9565271,0.195057118,0.123977426,0.008758928,0.062307553
EMG1,609.1943205,0.238620685,0.192690484,0.008766396,0.062316976
CCDC6,1584.866086,0.125193912,0.060084611,0.008775581,0.062338582
FNDC10,627.373556,-0.205249217,0.134467701,0.008787155,0.06237712
SEC11A,3751.529623,0.136738073,0.067910651,0.008806717,0.062451528
TBC1D5,1768.371051,0.163340626,0.090835091,0.00880995,0.062451528
RELCH,1029.362253,0.16276062,0.090653729,0.008821486,0.062489629
SPHK2,782.6912016,-0.156311031,0.084337962,0.008838799,0.062568583
PGAP6,5253.824191,-0.167958915,0.092800712,0.008852364,0.062620904
TSPAN32,344.5935191,-0.23634982,0.181933405,0.008881811,0.062785431
EIF2B3,593.8618335,0.189336453,0.119304425,0.008902762,0.062889706
ATP13A2,1518.86455,-0.190284343,0.119015592,0.00890988,0.062896189
CDC25A,197.6888539,0.24026772,0.197084405,0.008932913,NA
RPS27L,1725.236708,0.171701512,0.099254047,0.008934174,0.063009208
GMIP,6513.868112,-0.126278886,0.061581825,0.008938313,0.063009208
LILRA4,57.725255,-0.105138222,0.209162962,0.008962789,NA
IKBIP,755.941667,0.186910964,0.114175506,0.008964255,0.063148193
WDR18,829.7377826,-0.178559588,0.104132524,0.008977769,0.063199504
DOCK11,2301.054858,0.110217947,0.050544419,0.008993395,0.063265605
FBXO10,664.5346741,-0.184187034,0.111679306,0.009003994,0.063296271
CD109,2125.434846,0.148486203,0.078280576,0.009054512,0.063607322
BORCS6,847.5112043,-0.151821624,0.081327884,0.009096332,0.063856882
GOLGA4,2810.783054,0.147914937,0.07811826,0.009125487,0.06399787
DDX20,607.2969091,0.154841597,0.083958027,0.009129034,0.06399787
UVSSA,1092.738221,-0.177554518,0.103182847,0.00915382,0.06408747
PUM2,2824.191436,0.114639373,0.053558071,0.00915445,0.06408747
MGST2,803.654481,0.154755059,0.083995062,0.009162197,0.064097465
TRIM34,868.2547864,0.160812801,0.090062963,0.009169225,0.064102424
IKBKG,1281.51018,-0.145654334,0.075948708,0.009176443,0.064108705
SHPRH,610.3220909,0.185410095,0.115938274,0.00918901,0.064152318
ARL11,875.2321254,0.17961761,0.108864092,0.009202483,0.06420219
MAN2B1,29257.80162,-0.114955932,0.055003663,0.009211307,0.064219589
HACD2,1570.151261,0.146497456,0.077812803,0.009218556,0.064225987
SF3B6,868.9809392,0.179404576,0.108782697,0.00923656,0.064281521
DOC2A,184.5766355,-0.230785855,0.179174815,0.009248413,NA
FZR1,1831.310591,-0.159468946,0.088137936,0.009249381,0.064281521
PTBP1,8832.663605,-0.161560318,0.092548987,0.009251576,0.064281521
ARAP1,24498.7922,-0.134518537,0.065799104,0.009253879,0.064281521
ALOX5,8617.974756,-0.142489221,0.07182829,0.009258212,0.064281521
RAI14,2167.682461,0.192790503,0.123924864,0.009287043,0.064424484
GHITM,7216.614179,0.111427772,0.051428871,0.009291504,0.064424484
IL18R1,12.1726978,0.024164919,0.08632304,0.009292016,NA
PBK,177.5936088,0.244684185,0.21901644,0.009308508,NA
BCORL1,593.8855847,-0.21505447,0.153724085,0.009311282,0.064499353
FUCA2,4448.223743,0.112426725,0.052523898,0.009315019,0.064499353
INPPL1,6913.143162,-0.161098381,0.094614969,0.009334667,0.064591309
VPS13C,2490.566021,0.145882396,0.076862464,0.009346237,0.064623345
RAC1,9838.309502,-0.110023641,0.049919113,0.009352038,0.064623345
MYO9B,18063.75708,-0.164519553,0.093079899,0.009371163,0.064711418
MACROH2A1,12663.14683,-0.110918559,0.045750216,0.009405187,0.064888981
ISYNA1,1152.781609,-0.181274446,0.108290204,0.009414612,0.064888981
YY1,4129.195341,0.142716071,0.074447101,0.009417243,0.064888981
ITGB1BP1,1462.378144,0.159465404,0.088535626,0.009422463,0.064888981
ATP5MF-PTCD1,142.9750866,-0.146432582,0.476533677,0.009425356,NA
DRC3,97.70958825,-0.266389672,0.358522604,0.009446843,NA
TLE5,10561.60205,-0.117896256,0.056240431,0.00945499,0.064995789
FAM3C,1177.884659,0.167967606,0.098545955,0.009457102,0.064995789
FKBP3,1345.881378,0.169230433,0.095562516,0.009457195,0.064995789
MYO1B,685.1518112,0.185357915,0.118001841,0.009487456,0.065159613
CCT5,4990.504955,0.135250295,0.068454125,0.009498459,0.065191051
ELL,1011.806101,-0.153845303,0.08385555,0.009508591,0.065216464
SLC16A7,288.8671706,0.202700101,0.139380741,0.009543803,0.065413738
FAM199X,1424.15017,0.162067556,0.092937701,0.009562627,0.065498507
FNBP1L,564.0783314,0.159558855,0.089376507,0.00957406,0.065532564
YBX3,3385.152612,-0.111519534,0.051683964,0.00959343,0.06559581
ST6GALNAC3,52.35782004,0.0634573,0.118444376,0.009597686,NA
FBXL15,832.0416211,-0.166175909,0.095607273,0.009606443,0.06559581
TRABD,3386.704064,-0.118879784,0.056750479,0.009615776,0.06559581
SPON2,213.4376549,-0.237166603,0.198389227,0.009616064,0.06559581
TXNDC9,509.000331,0.171421167,0.10149696,0.009617663,0.06559581
FBXL6,675.7813895,-0.187478918,0.118396081,0.009627448,0.06559581
RILPL2,2000.365331,0.112438879,0.052654673,0.009636845,0.06559581
PCMT1,2087.527059,0.130073662,0.06501904,0.009636883,0.06559581
CCT2,2495.359187,0.135032403,0.06876447,0.009641498,0.06559581
CDK10,1188.155633,-0.158635935,0.088700775,0.009656016,0.065650556
RPL36AL,3099.556998,0.163327054,0.093714201,0.009663988,0.065660746
SMARCA4,4185.095469,-0.146327774,0.078171841,0.009689884,0.065792625
GASK1B,3077.809854,0.137116117,0.070543257,0.009711783,0.06583612
WSB2,2922.239242,-0.13017955,0.06603501,0.009718239,0.06583612
SHTN1,3747.421747,0.11926834,0.057107784,0.00972007,0.06583612
P4HTM,467.3789435,-0.166998529,0.096867351,0.009724801,0.06583612
TPST2,1587.225865,-0.154532686,0.085323516,0.009732244,0.06583612
WDR41,985.1972529,0.146137886,0.077905705,0.009735231,0.06583612
LHFPL5,118.8398176,0.255540086,0.286865303,0.009762502,NA
DDAH2,1001.776012,-0.155081593,0.085662718,0.009764411,0.065989463
FRMD4B,1636.436672,0.139578719,0.070320869,0.009778104,0.066017019
LGALS3BP,8909.758598,-0.162110013,0.09160308,0.009781504,0.066017019
MEN1,1030.649759,-0.133104567,0.067331757,0.009822072,0.066246742
BEX4,2345.686709,0.132775348,0.067387906,0.009863668,0.066483086
PBRM1,3778.378319,0.106880652,0.049357724,0.009877965,0.066535244
SLAIN2,1467.239063,0.185111982,0.118894367,0.009892867,0.06657863
FH,1538.404236,0.157936874,0.089071304,0.009900624,0.06657863
RFK,738.4062904,0.149462897,0.081202511,0.009905974,0.06657863
MYO9A,540.8890876,-0.182679653,0.116679052,0.009913105,0.06657863
NCOR2,13178.36854,-0.192321246,0.126271991,0.009917223,0.06657863
CNNM3,744.3187107,-0.189472348,0.124617999,0.009930548,0.066623994
RPS7,5757.187548,0.157306846,0.089235931,0.009960286,0.06676639
NCBP1,911.9325253,0.172693378,0.104721664,0.009971123,0.06676639
USO1,3284.514641,0.124272749,0.061282906,0.009971518,0.06676639
PPP1R16A,953.9211103,-0.198673987,0.128808727,0.010013157,0.067000966
IRF7,3674.359364,-0.177455838,0.11244325,0.010026954,0.067018874
POLK,1033.960434,0.142202003,0.075226959,0.010029047,0.067018874
OR2C3,134.3153663,0.236352984,0.212307393,0.010037563,NA
TLE3,6614.051058,-0.139647416,0.072648847,0.010050747,0.067089726
BIN3,887.5310032,-0.143587881,0.076312933,0.010054299,0.067089726
TPM4,11859.76536,0.139264287,0.072939849,0.010059491,0.067089726
PPIA,23857.59195,0.140807318,0.074242156,0.010068938,0.067108614
UBE2T,193.7339132,0.212407954,0.161114511,0.010070371,NA
PPP1R35,497.1149623,-0.183371947,0.115731624,0.010086581,0.067148881
PIK3C2A,1170.985907,0.184216307,0.118563952,0.010088219,0.067148881
CD47,3101.973407,0.168518973,0.100648624,0.010108163,0.067237514
RSRC2,2092.310417,0.123066898,0.060504862,0.010119826,0.067260743
RSPO4,93.86217262,-0.250288576,0.309055106,0.010121278,NA
ST3GAL6,2200.342382,0.126072779,0.062728427,0.010124917,0.067260743
IGFBP2,2561.860076,-0.115625925,0.055277502,0.010142705,0.067334818
RPL34,3155.003249,0.156829549,0.08881766,0.01016423,0.067433582
MAP7D1,10897.16265,-0.147973342,0.081586928,0.010182153,0.067508342
WWC3,593.3088478,-0.169975254,0.102001204,0.01020342,0.067583403
RABGGTA,1498.069101,-0.137227238,0.071411723,0.010206799,0.067583403
PLOD1,7155.484205,-0.119333303,0.057956812,0.010217724,0.067587033
NRROS,1935.721536,-0.134456603,0.068815045,0.010220673,0.067587033
SLC35C2,1936.1641,-0.167392464,0.097418429,0.010233175,0.067625617
APEH,3076.926064,-0.136326291,0.071318217,0.01024331,0.067648527
SLC39A9,1679.553702,0.119600533,0.058264446,0.01025034,0.067650908
MCM6,1094.745697,0.152404036,0.084811034,0.010313527,0.067979536
HMGB2,2108.660936,0.1224004,0.060329861,0.010313536,0.067979536
PLXNA3,2535.868493,-0.190698485,0.128591831,0.010333667,0.068067997
AGPAT5,831.1501839,0.161393331,0.09401285,0.010355791,0.068169463
UBE2G1,1676.927998,0.114254659,0.054645174,0.01037721,0.068266161
NCL,13823.51826,0.125033857,0.062380271,0.010388012,0.068292933
FUS,9908.854691,0.144359184,0.080598755,0.010399958,0.068327183
NKRF,39.6233784,0.016175887,0.083648548,0.01042228,NA
CYB5B,1703.851219,0.13786357,0.072590614,0.010499509,0.068936584
ELP3,1283.490543,0.131364129,0.067356939,0.010514903,0.068948979
SRRM1,2106.144668,-0.1318111,0.067732617,0.010516911,0.068948979
PAPSS2,1551.738915,-0.146517618,0.079764474,0.010521788,0.068948979
CISH,1315.274423,-0.142632723,0.076571157,0.010529658,0.068956005
KMT2D,5840.878769,-0.150524533,0.085159402,0.010540081,0.068979733
FBXO17,102.7025057,-0.240994625,0.255112686,0.010576621,NA
CBX7,540.3915434,-0.177187273,0.110094651,0.010607226,0.06935078
MAN1A1,7082.667652,0.102520062,0.04698797,0.010610451,0.06935078
REEP3,1741.028369,0.139669156,0.073944027,0.010630437,0.069372625
PJA2,4335.879132,0.119948825,0.058908794,0.010642264,0.069372625
DICER1,3923.69092,0.099252547,0.045271256,0.010647184,0.069372625
MPHOSPH6,497.1606993,0.179553517,0.115097681,0.010649988,0.069372625
UPK3BL1,581.0038184,-0.202100057,0.14585331,0.010652797,0.069372625
UBE2D1,692.2898913,0.165937509,0.099714631,0.010659324,0.069372625
MRPS18C,657.9771304,0.188786704,0.12885015,0.010661664,0.069372625
WIPF2,1979.778564,-0.165097439,0.094771715,0.010678579,0.069438147
REPIN1,4198.25686,-0.112799205,0.052837412,0.01069365,0.069489254
RPL7L1,2889.419293,0.141370172,0.074979528,0.010700139,0.069489254
GDI2,9869.360295,0.139692364,0.074357419,0.010717009,0.069554283
RPS6KA4,3665.843887,-0.160971504,0.094002968,0.010727909,0.069580504
PRUNE2,700.7904212,0.193758567,0.136262821,0.010734768,0.069580504
CYBC1,2946.702183,-0.130690211,0.066757354,0.010761135,0.069706864
BRCC3,1207.483123,0.12960205,0.066442559,0.0108144,0.069948283
C2orf69,586.3939526,0.168804447,0.105988905,0.010818869,0.069948283
ZNF24,2214.57422,0.104301137,0.04872161,0.010819091,0.069948283
TMC8,1397.040235,-0.184423983,0.121737273,0.010845244,0.070036793
VMP1,3739.390843,0.16319023,0.097513309,0.010846589,0.070036793
METTL25B,689.2033636,-0.156093942,0.089739028,0.010853528,0.070037014
TENT4A,1060.673004,-0.172060631,0.104913123,0.010870882,0.070080173
CD84,12289.69546,0.124976664,0.068093368,0.010874941,0.070080173
VPS4B,2163.13635,0.109742855,0.049777662,0.010880942,0.070080173
CYC1,4568.32267,-0.086780144,0.038777558,0.010922407,0.0703026
TMEM104,1659.573716,-0.175185957,0.112409488,0.010949274,0.070430837
PRRT3,157.1088515,-0.218477825,0.1864209,0.011040055,NA
MSMO1,593.8177741,0.20062325,0.147645266,0.01105188,0.071045798
TFDP2,688.4105124,0.20498942,0.161226827,0.011076975,0.071121895
GLRX2,857.9827149,0.162952391,0.098006675,0.01107774,0.071121895
COX5A,2504.148265,0.153227169,0.088344474,0.011086548,0.071132349
TNFSF13,3260.967805,-0.109278082,0.052153989,0.011098606,0.071132349
NMI,1047.046363,0.163282431,0.101024161,0.011100746,0.071132349
ATIC,1843.525342,0.157101331,0.092941293,0.011107417,0.071132349
SLC25A29,1254.089657,-0.149277968,0.083314473,0.011125062,0.071200396
ADAMTSL5,52.95260372,-0.099427329,0.1863969,0.011129178,NA
MED24,2092.906844,-0.143589656,0.07893214,0.011133852,0.071211727
TSC22D4,2694.798419,-0.152327508,0.086275689,0.01116175,0.071272206
ARID3A,3936.062227,-0.184119158,0.116701325,0.011165374,0.071272206
PDE4B,305.8331914,0.221205467,0.203318631,0.011169825,0.071272206
LILRB3,623.7222949,-0.154306742,0.089189732,0.011171412,0.071272206
DUT,1277.909755,0.136045069,0.072247023,0.011191471,0.071355299
PIGO,1670.468742,-0.160340106,0.093601128,0.011216869,0.071472271
ARHGEF10L,4308.17579,-0.136749921,0.072798061,0.011223908,0.071472271
WASH6P,2071.810131,-0.134266906,0.070632884,0.011234463,0.071494601
ZFPL1,729.5049714,-0.162510447,0.0961913,0.011257594,0.071576311
TNKS2,3057.5401,0.108390704,0.05170117,0.011261415,0.071576311
TMEM53,641.049907,-0.1687708,0.104389198,0.011294804,0.071743574
SNX6,3510.810664,0.114976405,0.056196824,0.011346514,0.072026933
STK36,646.4074888,-0.228488755,0.229938916,0.011381205,0.072109279
G6PC3,2413.936815,-0.12954477,0.067286545,0.011387308,0.072109279
CENPT,1111.909982,-0.154057887,0.08969106,0.011389339,0.072109279
RPL39,4725.772642,0.134979258,0.072017821,0.011393503,0.072109279
ORC3,462.3181946,0.182102484,0.123453345,0.011404558,0.072109279
TAF13,1007.235167,0.162607399,0.097396464,0.011415565,0.072109279
CCDC186,857.6101711,0.151477341,0.086922521,0.011425846,0.072109279
CCDC88B,1665.417483,-0.12710736,0.065179566,0.011431583,0.072109279
DDR1,542.8602884,-0.182322273,0.12148303,0.011435946,0.072109279
POLH,608.8871377,-0.22690386,0.229589766,0.011440536,0.072109279
HAUS1,401.5659799,0.186425871,0.129855648,0.0114435,0.072109279
TEPSIN,1170.210537,-0.202579412,0.167596826,0.011444789,0.072109279
TRIQK,620.8872178,0.15733265,0.09288493,0.011462434,0.072175624
IRF1,1365.374812,-0.15520403,0.089859986,0.011481763,0.072252484
FMNL2,7504.16907,0.116025215,0.055752071,0.011506473,0.072335281
TMEM134,588.3314145,-0.189613035,0.133111701,0.011509182,0.072335281
ZNF575,108.1540952,-0.224567393,0.308456025,0.011511875,NA
RXRB,1821.153589,-0.115800073,0.057108983,0.011570479,0.072675502
TPRG1L,1889.918645,0.118466225,0.059301976,0.011589379,0.072749174
SUCLG2,1565.83873,0.132346733,0.069024442,0.011615032,0.07276192
AKAP17A,2215.595686,-0.151684051,0.087543268,0.011617588,0.07276192
KLHL21,1892.82428,-0.162177568,0.097774559,0.011618193,0.07276192
NIT2,957.1279821,0.133402045,0.070403026,0.011620102,0.07276192
CWC22,716.972464,0.140559207,0.077033826,0.011631778,0.072790105
RTN3,6026.04686,-0.143363932,0.081247853,0.011638983,0.072790288
LYL1,1073.293699,-0.144894379,0.080389768,0.011651389,0.072822979
ARHGEF6,1909.611278,0.107583941,0.051525258,0.011659251,0.072827241
GNPTG,4322.63258,-0.104052794,0.049182265,0.011668472,0.072839987
MYPOP,407.1959274,-0.182553237,0.123418929,0.011683804,0.072850083
PSMC4,4338.010628,-0.106662289,0.050998714,0.011684452,0.072850083
KCP,1503.446084,-0.15199087,0.087790833,0.011703859,0.072926255
EIF1AX,1833.135841,0.133840569,0.071450575,0.01171538,0.072953231
IPO5,2377.841652,0.131770198,0.069783375,0.011728011,0.072987085
SMARCAD1,1283.405595,0.150524613,0.081137996,0.011736612,0.072995828
WASH9P,255.2548773,-0.188853977,0.134510228,0.011758947,0.073089925
DNAJB2,1921.916573,-0.142572424,0.078353699,0.011775551,0.073142532
CTNNAL1,443.3816855,0.177815672,0.119366378,0.011781831,0.073142532
AK6,490.4421094,0.159483437,0.096313733,0.011800729,0.073215045
SPRTN,415.128571,0.181343271,0.123808174,0.011808657,0.073219446
TLR3,355.3203842,0.175391635,0.115442525,0.011828874,0.073299997
CYP27B1,153.5536183,-0.219977182,0.22205024,0.011842823,NA
NUDT12,270.8668661,0.198535083,0.154505116,0.011858017,0.07343573
CLEC7A,11113.66241,0.117955088,0.058921668,0.011879804,0.073488171
MYCBPAP,25.28084827,-0.056640075,0.109999541,0.011886229,NA
TRIM8,3125.403657,-0.126530361,0.064991563,0.011886366,0.073488171
ARHGAP10,1426.395141,0.11817159,0.058931402,0.011895046,0.073488171
LYNX1,901.9371687,-0.210249005,0.176029771,0.01189817,0.073488171
RPL22,6817.269038,0.146151524,0.082984401,0.01190724,0.073488171
PMEL,622.4475521,-0.1503041,0.087044978,0.011917133,0.073488171
C4orf46,261.1021843,0.181005378,0.124062863,0.011917196,0.073488171
MUC6,66.45714778,0.047818749,0.101313005,0.011933655,NA
UTP23,436.0726703,0.197571216,0.156465667,0.011943655,0.073606585
FN3K,239.6992388,-0.220042192,0.204922788,0.011979766,0.07375057
EIF2S1,1927.641249,0.151414893,0.088257993,0.011988961,0.07375057
COPB2,4076.504499,0.103216159,0.049554227,0.011995453,0.07375057
MCUR1,702.7681979,0.149758957,0.08665041,0.011999202,0.07375057
RNF126,1105.384239,-0.13206671,0.070544224,0.012003371,0.07375057
APOBEC3C,2286.986687,-0.11366026,0.055620943,0.01202282,0.073825352
XAB2,1669.936913,-0.128764212,0.067509201,0.01203406,0.073849668
MEF2B,65.69593126,-0.116879729,0.238565138,0.012047569,NA
DHX29,1166.813426,0.135552107,0.073388137,0.012057824,0.07386289
NDUFV1,4151.702824,-0.100095211,0.047322708,0.012059231,0.07386289
NME3,625.1804536,-0.148494094,0.085493657,0.012059681,0.07386289
DPM2,817.6785272,-0.138560882,0.075155372,0.01207226,0.07386289
GSTM4,1224.550351,-0.116810206,0.057738551,0.01207422,0.07386289
CANT1,2377.176637,-0.170500737,0.110131442,0.012079903,0.07386289
BCL6,2961.194054,-0.118547328,0.060075962,0.012126618,0.07409343
TMEM126B,823.3412632,0.150425248,0.088067817,0.012132215,0.07409343
DCTN6,943.7750717,0.14076517,0.078253403,0.012187572,0.074386721
SMIM10,67.11922677,0.196779534,0.433560354,0.012220149,NA
MLF2,4913.839078,-0.118373101,0.05976027,0.012237119,0.074644216
SCNN1D,33.73676041,-0.050275923,0.103559225,0.012259213,NA
SLC25A36,1497.334261,0.132393923,0.071065191,0.012269073,0.0747931
YIPF3,2549.37942,-0.114325918,0.056915261,0.012278504,0.0747931
BBIP1,222.256696,0.195614768,0.155698528,0.012283646,0.0747931
ECHDC1,2007.846116,0.154937161,0.092752208,0.012293098,0.074805752
UBE2O,913.6017519,-0.189413218,0.137307138,0.012304146,0.074828092
PHF12,1883.104166,-0.144815808,0.08172985,0.012331659,0.074950476
AKIRIN1,3438.450347,0.100419672,0.047984842,0.012352626,0.075032958
TBC1D3K,254.1185646,-0.200903894,0.164593336,0.012364377,0.075059389
MROH7,293.2192138,-0.184712471,0.130511004,0.012390481,0.07517287
GPR180,561.159882,0.156005795,0.094301652,0.012410016,0.075246386
MAN2A1,2617.265258,0.110947521,0.05457499,0.012419197,0.075257068
SLC18A2,19.72241018,0.046006314,0.09976784,0.012447671,NA
POMP,2917.782149,0.156443464,0.095577293,0.012459951,0.075458948
CREB3L1,132.3726322,-0.21777474,0.247710051,0.01251986,NA
VASN,237.4619109,-0.214479681,0.22290666,0.012522101,0.075765142
TTYH2,216.4326818,-0.203492514,0.175502251,0.012536037,0.075765142
IQSEC1,2764.269123,-0.134346008,0.072689374,0.012540404,0.075765142
RND3,1093.604092,0.170197246,0.112488146,0.012543252,0.075765142
NIP7,824.9986544,0.1479366,0.086249472,0.012547855,0.075765142
DHRSX,883.9782619,-0.145244976,0.083360659,0.012569219,0.075848995
SLC31A1,7476.062433,0.094666986,0.044037016,0.012579909,0.075868368
SNX10,6210.772544,0.130832815,0.070344945,0.012659723,0.076290484
MAP2K4,1020.557783,0.134072899,0.073064402,0.0126664,0.076290484
DDX1,2226.972271,0.134553495,0.073692133,0.012672463,0.076290484
U2AF1,2169.157336,0.123638586,0.064518868,0.012680627,0.076294354
PHF1,1079.102401,-0.144388944,0.082252626,0.012698706,0.07635784
AMBRA1,1516.866827,-0.191237881,0.146331141,0.012707593,0.076366009
COLQ,98.19931198,-0.199773357,0.387842206,0.012709986,NA
FZD2,592.8584371,-0.183385929,0.131702733,0.012717675,0.076381348
STRAP,2327.242322,0.138670407,0.077514849,0.012732082,0.076393911
SAP25,343.5941564,-0.205373601,0.181814238,0.012745184,0.076393911
ACTN1,2509.749756,-0.066006542,0.121228101,0.012745813,0.076393911
COL3A1,2145.720835,-0.195301355,0.150369493,0.012749891,0.076393911
MRPL20,1418.49542,0.129599277,0.069489013,0.012759104,0.076403987
CEPT1,2138.323722,0.130793196,0.070507456,0.012779042,0.076478231
AEBP1,81.06443748,-0.121432676,0.251833023,0.012820476,NA
ZNF287,41.27746111,-0.052197856,0.105281072,0.012832456,NA
STRADA,2153.505756,-0.103663046,0.049905136,0.012848722,0.076816674
RPL21,6933.88161,0.156032098,0.095296016,0.012850739,0.076816674
ARHGDIA,13269.83737,-0.128231231,0.069861753,0.012881394,0.076896549
HDAC10,1547.709465,-0.161711068,0.101983974,0.012884677,0.076896549
UNC45A,1943.563068,-0.119588102,0.061403821,0.012886843,0.076896549
HECTD4,2002.859004,-0.176752997,0.125080314,0.012903852,0.076941806
ARMCX5,401.5314968,0.160050824,0.099707754,0.012909597,0.076941806
STEAP1B,58.85078653,0.085521719,0.152710804,0.012917397,NA
SIN3A,1539.907092,0.137673479,0.076715564,0.012930197,0.076960998
KCTD13,806.3334027,-0.163340626,0.104703475,0.012933038,0.076960998
RGL2,2796.616566,-0.141982514,0.081912876,0.012935578,0.076960998
EIF2AK3,623.0191876,0.172929033,0.119182245,0.012951303,0.077009391
DHX15,2655.973896,0.12061167,0.062432342,0.012987902,0.077150296
SSBP4,2904.214649,-0.143429354,0.082233849,0.012990212,0.077150296
ZCCHC14,1999.839437,-0.168895638,0.112274444,0.013013953,0.077244969
UBXN11,1970.14287,-0.148317036,0.08646746,0.013021382,0.077244969
SGO1,174.1355845,0.209371596,0.227744643,0.013033747,NA
INTS3,1722.123845,-0.126484097,0.066945971,0.013072836,0.077495802
DDIT4L,6057.233905,0.123745362,0.063969297,0.013085204,0.077495802
TMEM45A,238.5209867,0.193294583,0.157046789,0.013086584,0.077495802
PDZD8,652.4316126,0.156687496,0.097219712,0.013097033,0.077512428
PITX2,21.19252664,-0.047143217,0.100625021,0.013098891,NA
NDUFS4,699.9739052,0.158781089,0.100079726,0.013124375,0.077628958
LYPLA1,2076.322184,0.118143842,0.060697324,0.013150814,0.077736284
ZNF22,497.1682165,0.149508203,0.089145681,0.013157847,0.077736284
KCTD12,13225.00364,0.093279783,0.044075829,0.013168962,0.077756668
ST6GALNAC4,1681.438059,-0.132639403,0.072393119,0.013190681,0.077839596
USP28,539.5795631,0.172542187,0.119965997,0.01320519,0.077879913
BORCS7,527.7625795,0.167612827,0.112856418,0.013228621,0.077968464
MON1B,2914.73575,-0.163359925,0.105014836,0.013242468,0.077968464
TMEM39B,364.4546446,-0.182306818,0.132298695,0.013243263,0.077968464
MBD5,392.7007992,-0.191791976,0.153937495,0.01329912,0.078241543
FPGS,1865.328187,-0.116550116,0.05948092,0.013305073,0.078241543
SHROOM1,174.0645578,-0.207544016,0.210214056,0.013309216,NA
BMPR2,3505.763909,0.104363889,0.050796456,0.013337256,0.078378224
PRPS2,980.6469222,0.135733839,0.076062347,0.013343769,0.078378224
MLH1,1139.132764,0.129491784,0.070305712,0.013362789,0.078444522
SPTBN2,337.2043814,-0.200082735,0.335002734,0.013376988,0.078482454
PFDN5,3403.126819,0.136034721,0.076362755,0.013414199,0.078610066
SLIRP,427.8505594,0.171960138,0.119009094,0.013414237,0.078610066
RPS25,7778.673146,0.13083055,0.071623041,0.01342286,0.07861518
LPAR5,2502.539538,-0.13450282,0.074800398,0.013450541,0.07871735
NDOR1,1332.992793,-0.168015652,0.112256417,0.013455825,0.07871735
MED16,1260.695838,-0.162810649,0.11138782,0.01350138,0.078918808
UTP18,1650.141078,0.10811238,0.053640459,0.013505821,0.078918808
LIN28B,522.6834835,0.169734042,0.114875512,0.013521674,0.078965953
RILP,627.8863963,-0.146059008,0.086895141,0.01359216,0.079331914
TTLL5,464.5448238,0.192693744,0.165896483,0.013602132,0.079340259
MAPK1IP1L,2026.77508,-0.186562879,0.137453803,0.013609232,0.079340259
TCP1,2846.008717,0.114265435,0.058379603,0.013638164,0.079463262
APC2,103.4784084,-0.207242776,0.236354869,0.01365407,NA
FHL3,1357.296464,-0.128544235,0.069672669,0.013659778,0.079543506
ZNF271P,410.1453781,0.172334046,0.121179165,0.013675997,0.079592262
AP3D1,7254.858242,-0.100646226,0.049416068,0.013693152,0.079646408
NRIP1,3087.766766,0.132328417,0.07346465,0.013712853,0.079663524
CARD8,1736.657604,0.110157926,0.055411359,0.01371798,0.079663524
LRRFIP1,6028.856705,0.097303569,0.04724714,0.013719655,0.079663524
LIMS1,8676.153317,0.105650308,0.052102132,0.013735035,0.079707205
WAS,3739.934783,-0.129610326,0.070862577,0.013787806,0.079886972
SERINC2,862.5704987,-0.132196685,0.073529279,0.013789145,0.079886972
SLC24A1,641.404206,-0.149431901,0.090504285,0.013790893,0.079886972
UBR7,1035.321808,0.130564361,0.072001606,0.013797513,0.079886972
ARPC3,8665.477301,0.129881004,0.071233731,0.013848378,0.080110962
KTN1,3621.844531,0.133501427,0.074544793,0.01385593,0.080110962
TPGS1,815.7670912,-0.134348558,0.074645414,0.013865512,0.080110962
LDHA,9771.750787,0.124445788,0.06648917,0.013874569,0.080110962
AP3S1,1494.950704,0.13490474,0.076081751,0.01387785,0.080110962
ST13,6372.155739,0.141267327,0.080462054,0.013883584,0.080110962
WDR43,1458.995168,0.14810525,0.089810861,0.013905342,0.080190895
BLVRB,1279.204737,-0.150284488,0.090687056,0.013913994,0.080195202
WDR82,3852.745833,0.090236004,0.042118569,0.013975027,0.080468805
RNF135,1789.797897,-0.120306255,0.063021267,0.01397733,0.080468805
HRAS,718.7876509,-0.150345394,0.09267356,0.014051612,0.080850571
CEP120,746.8143449,0.136948002,0.078299292,0.014076426,0.080912911
CTDSP1,4025.171819,-0.144974521,0.085946251,0.014084314,0.080912911
FMC1-LUC7L2,677.4557863,-0.169227252,0.116911144,0.014086376,0.080912911
RINT1,421.818335,0.152119886,0.094624702,0.014116629,0.081040797
STAT2,7970.512939,-0.135346488,0.077436593,0.014138547,0.081118847
SSH2,1936.79711,0.131462245,0.072445041,0.014146219,0.081118847
VAMP7,1220.527789,0.137219498,0.078877613,0.014163928,0.081145564
RIC8A,3395.881201,-0.1281249,0.072181211,0.014166876,0.081145564
CENPP,338.397093,0.181176169,0.142381697,0.01419566,0.081225131
TIMM17B,979.2710576,-0.135840647,0.076986882,0.014196782,0.081225131
EPN2,535.6360172,-0.148378093,0.090942584,0.014230491,0.081372099
BIN1,2723.346252,-0.118703826,0.06239001,0.014251175,0.081383444
TRPM2,3257.882557,-0.148857819,0.091172648,0.014254143,0.081383444
EMILIN2,6739.808809,-0.121735585,0.064933596,0.014256544,0.081383444
MYLIP,198.550417,0.190356337,0.164436853,0.014300634,NA
ITGA9,406.1909541,-0.200511393,0.207533731,0.014300849,0.081590447
CCZ1B,1315.744576,0.147919203,0.092961145,0.014328648,0.081703092
SGK3,2022.98178,0.132970505,0.074994262,0.014362933,0.08185111
DLC1,562.9451429,-0.188964285,0.158008134,0.014370744,0.08185111
CUL2,1723.067787,0.111649421,0.057137587,0.01438905,0.081909382
PPARD,8367.961754,-0.116733076,0.061109447,0.014438494,0.082144747
PPFIBP1,855.1385583,0.166713239,0.114899546,0.014497069,0.082431764
OSTF1,3565.922647,0.12476313,0.068002103,0.014509154,0.082454264
PAK1,2705.686375,0.110302366,0.056204694,0.014524492,0.082495212
CC2D1A,1527.997692,-0.131827758,0.074003861,0.014534648,0.082506698
TNPO1,5608.773384,0.118908314,0.062465365,0.014553218,0.082565906
MPHOSPH8,1350.753606,0.144844779,0.087718698,0.014562407,0.082571858
ACSL3,4045.779061,0.154479005,0.100675152,0.014606011,0.082728712
NEU1,4081.837718,-0.104064964,0.051631226,0.014613623,0.082728712
RPL11,10358.3797,0.131008925,0.073452463,0.014614536,0.082728712
SUN2,10176.18656,-0.126176617,0.071674919,0.014657688,0.082926707
SHC3,211.9817249,0.18359174,0.311246201,0.014676446,0.08298655
WIPF1,10085.03282,-0.097479167,0.044884713,0.014690996,0.083022541
P4HA1,1552.710695,0.129590349,0.072388935,0.014706607,0.083033985
THBS3,1476.623524,-0.142977536,0.085594945,0.014709392,0.083033985
MTHFR,3110.029675,-0.155401087,0.100694224,0.014727142,0.083042758
MRPS35,1672.039173,0.140456719,0.083242287,0.014727319,0.083042758
ZNF76,1198.265073,-0.137024702,0.07976707,0.014750333,0.083126322
NF1,2048.005263,0.166474006,0.117227937,0.014795459,0.083334334
LRRK1,3238.75483,-0.162284543,0.109978407,0.014805085,0.083342275
COMMD6,663.8655056,0.178338458,0.141320092,0.014813599,0.083343955
ABRACL,1316.457509,0.157791733,0.103342001,0.014861135,0.083565052
MTF1,879.7470899,0.173801443,0.128436272,0.014905053,0.083765571
SMPD1,1066.029654,-0.143704615,0.087177821,0.014961795,0.084037899
GSAP,1514.33704,0.118769509,0.063293879,0.014972919,0.084053842
COPS9,760.0376636,0.135187259,0.078290321,0.014998899,0.084147861
SPG7,2836.657762,-0.103847921,0.051810765,0.015006258,0.084147861
CAPG,32033.34133,-0.085143032,0.039933295,0.015032701,0.08424957
EPS15L1,890.7204631,-0.146640554,0.090268034,0.015056766,0.084312996
P4HB,25248.21656,-0.091778502,0.050188508,0.015064188,0.084312996
RHBDF2,3047.515182,-0.13081044,0.074435576,0.015068953,0.084312996
ZNF146,1249.681454,0.162795722,0.113392491,0.015088948,0.084378327
RWDD4,599.3982547,0.177351955,0.144856336,0.015098595,0.084385757
ELOVL7,74.02171249,0.085383471,0.151117602,0.015115098,NA
TIMM13,1908.530275,-0.129228753,0.072502271,0.015124735,0.084485306
BTBD1,3191.264858,0.107415727,0.054654867,0.015238777,0.085062946
NFE2L3,526.1062334,0.179547246,0.145408877,0.015244917,0.085062946
SLC25A38,798.4687602,-0.127477149,0.071231856,0.015268517,0.085147791
FBLN5,26.1255344,-0.046754721,0.100076768,0.015271567,NA
SELL,21.43195186,0.033488325,0.090794504,0.015273999,NA
BRD7,2099.047711,0.127406668,0.071484378,0.015331567,0.085447546
FAM72A,290.1441318,0.170885162,0.127952329,0.015339115,0.085447546
ZNF326,945.1933694,0.144731897,0.088733919,0.015370615,0.085576026
UBA1,9129.182356,-0.107238697,0.054877336,0.015424133,0.085826881
PNMA8B,158.2753889,-0.12060125,0.233958311,0.015432485,NA
SLC37A3,83.08028832,0.104926947,0.191736003,0.015442309,NA
HSD17B12,3070.556566,0.133340043,0.07238253,0.01544482,0.085894876
ZC3H11A,2591.157159,0.108861779,0.055976142,0.015465948,0.085965247
TOMM7,1019.074457,0.148558011,0.094459606,0.015477316,0.085981321
NUDCD1,422.3289222,0.16719209,0.122897275,0.015530537,0.08620969
TDRD3,2170.762697,0.122530307,0.067261636,0.015535421,0.08620969
IFITM2,591.7105731,-0.170630831,0.12272005,0.015565893,0.086304331
C8orf82,1243.05516,-0.141349311,0.084961743,0.015577363,0.086304331
MUS81,1147.199684,-0.125527963,0.070082832,0.01559254,0.086304331
MRPL13,542.2274954,0.16568788,0.120683481,0.015599775,0.086304331
ANTKMT,739.2814776,-0.140555607,0.084095151,0.015602985,0.086304331
PPP1R18,6778.090828,-0.104763798,0.053240445,0.015603524,0.086304331
KIF14,603.1616004,0.137959674,0.082214072,0.015646652,0.086495714
MAF,5267.764219,-0.109977215,0.056604809,0.01566546,0.086552519
SSBP1,1540.333319,0.139670138,0.082723457,0.015683227,0.086603512
FGD4,1856.279384,0.129319637,0.073620873,0.015695533,0.086624315
HNRNPK,13898.80065,0.095275872,0.04643321,0.015712364,0.086669561
NFATC2,1075.718177,-0.14610351,0.092349645,0.015720819,0.086669561
COPS8,878.8339757,0.120042767,0.065330004,0.015735363,0.086702617
GTF3C5,1652.706808,-0.115871692,0.061564853,0.015752534,0.086750112
PRAG1,1753.780234,-0.137563932,0.082476924,0.015791454,0.086917261
ANAPC1,1388.875899,0.169452665,0.126662546,0.01588738,0.087397819
CRELD1,836.1952369,-0.160134199,0.109221194,0.015927068,0.087568658
KDM8,166.0132926,-0.186228664,0.187583692,0.015935951,NA
DPH2,701.551234,-0.141263736,0.086541912,0.015946216,0.087626444
QSOX1,9518.656483,-0.113503993,0.059192684,0.015956956,0.087637986
METTL5,411.5887033,0.160513142,0.112320583,0.015969671,0.087660361
SETD3,2663.845171,0.12164757,0.065863069,0.015991695,0.087733779
KRAS,957.7769676,0.122894812,0.069064548,0.016017738,0.087753155
ZNF330,1446.843658,0.127227972,0.072119267,0.016023985,0.087753155
RAB40B,301.5300616,-0.165630302,0.123720125,0.016027229,0.087753155
GRK2,7650.908052,-0.123732195,0.068675084,0.01602983,0.087753155
ANKRD6,303.8929623,0.173066245,0.138549164,0.016039534,0.087758917
SLC25A39,3215.367838,-0.104950781,0.053534673,0.016061893,0.087777623
NUFIP2,4596.193687,-0.172788487,0.13288672,0.01606741,0.087777623
TADA3,2377.333869,-0.113583959,0.059955848,0.016068912,0.087777623
AP5S1,646.8318831,-0.154383606,0.103550088,0.01614287,0.088134164
ZNF213,672.5918872,-0.146786846,0.092809259,0.01616597,0.088156271
SH3BP2,7339.309662,-0.135267509,0.078789126,0.016167708,0.088156271
RGS19,3991.723957,-0.127655936,0.070897122,0.016183374,0.088156271
SECISBP2,901.9768452,0.124351574,0.069694195,0.016186249,0.088156271
NACA,7177.099534,0.133818081,0.079623443,0.016190465,0.088156271
ABI1,4025.408394,0.113679134,0.060199907,0.016199062,0.088156271
ZFP41,432.2588057,-0.160235078,0.113577572,0.016215639,0.08818941
SH3BGRL3,23166.71322,-0.097744601,0.048969913,0.016222539,0.08818941
CRELD2,1011.161913,-0.119082349,0.064905887,0.016243847,0.088257943
RPL23AP7,57.01403266,0.0460079,0.099488863,0.01627506,NA
EMC10,8911.838998,-0.088564026,0.042562226,0.016310681,0.088536028
DYRK1A,1507.467564,-0.133437305,0.079990327,0.016312484,0.088536028
FCGR1BP,295.0906442,0.174322294,0.144445433,0.016326587,0.088565184
MED29,1505.26435,-0.124948082,0.070810635,0.016348415,0.088636197
SLC6A20,25.11161658,-0.023098222,0.085850366,0.016401892,NA
CCDC82,1301.42872,0.169431395,0.113563928,0.016407869,0.088911015
COPB1,4260.149412,0.132317311,0.07738429,0.016427459,0.088969644
TMBIM6,27259.65637,-0.089986959,0.043628263,0.016465048,0.08912564
C15orf40,795.5177694,0.141991159,0.088682084,0.016476272,0.08913883
ZBTB17,1173.952771,-0.125237411,0.070754898,0.016491068,0.089171318
UBE2N,1378.191963,0.130714383,0.076270008,0.016538651,0.089380968
DIAPH1,7014.532172,-0.124481155,0.070348631,0.016548345,0.089385734
ERGIC2,1014.378089,0.141578025,0.088341079,0.016568931,0.089449303
ADCY4,255.4877565,-0.168933862,0.131856559,0.016581468,0.089469367
MTMR2,1008.080524,0.140364052,0.08719715,0.016607062,0.089500936
SLC7A11,268.3314049,0.178368184,0.16425598,0.016611294,0.089500936
BAG3,1229.149091,-0.142957379,0.090180655,0.016617149,0.089500936
TYSND1,489.6991101,-0.152038182,0.101837398,0.016622611,0.089500936
SPPL3,1283.40584,-0.128311223,0.073868573,0.01664247,0.089560017
RPS8,14832.50833,0.120585387,0.066802015,0.016651241,0.089560017
FBXO45,604.768494,0.14492288,0.092855923,0.01667768,0.08965468
SLTM,3253.163959,0.11572452,0.06274201,0.016738162,0.089932158
NEDD1,506.7026155,0.156764524,0.110246707,0.016757064,0.089986056
GTF2H2B,144.3981947,0.179530621,0.228192081,0.016865271,NA
PSMD7,3068.726723,0.124428869,0.070605593,0.016875446,0.090553969
CST3,12082.10095,-0.104566635,0.054377394,0.016893656,0.090553969
CLEC5A,1830.16652,0.171755721,0.147056842,0.016902624,0.090553969
MYO1F,18096.00706,-0.115419328,0.06260719,0.016902733,0.090553969
SAMD9L,4032.424594,0.156870627,0.111564648,0.016907454,0.090553969
MYSM1,1484.347626,0.11523771,0.061532686,0.016956737,0.090750865
NBN,1804.560486,0.136088937,0.082903483,0.016977604,0.090750865
TMEM63B,1432.277587,-0.114405898,0.061846842,0.016987403,0.090750865
HMMR,832.2345951,0.162179921,0.119892389,0.016994195,0.090750865
CNIH1,1810.729135,0.153819007,0.106723725,0.016997051,0.090750865
MELTF,1613.939244,-0.162494719,0.115638911,0.016997895,0.090750865
CECR2,128.6038009,-0.180584949,0.19840873,0.017020783,NA
GPNMB,76483.29347,-0.081636251,0.038592164,0.017022355,0.090833649
NPAS2,237.801754,-0.179777463,0.200336826,0.017067022,0.090998872
TXNL1,1295.326966,0.134411153,0.081526615,0.017072836,0.090998872
DHRS4,1655.17572,-0.106085743,0.055255691,0.01708023,0.090998872
RPL17-C18orf32,1063.735386,0.163512334,0.118008757,0.017098492,0.091043456
PLEKHG5,303.8184494,-0.175228058,0.155733643,0.017106548,0.091043456
DDX6,4319.001898,0.097847099,0.049072619,0.017129887,0.091119863
NAA20,2462.53506,0.125311683,0.072055832,0.017168075,0.091263048
ST7L,436.414164,0.156050456,0.109532639,0.017181224,0.091263048
WDR89,266.2360317,0.168581139,0.137002552,0.017192624,0.091263048
RUSC2,810.1620236,-0.126944941,0.073405673,0.017192792,0.091263048
PSD4,1900.90414,-0.129416178,0.076015846,0.017217686,0.091342287
GSTM1,149.0346556,-0.178063932,0.171168999,0.017223577,NA
RTL8B,407.182491,-0.145922601,0.095274316,0.017225729,0.091342287
TMEM30A,8065.972604,0.108739319,0.058164221,0.017272838,0.091544238
BATF3,172.2603574,0.178409626,0.221251156,0.017274269,NA
CYLD,2728.823987,0.113623923,0.060680153,0.017300311,0.091641961
MLIP,8.517775069,-0.024888184,0.086550783,0.01731047,NA
SEMA6B,784.0416685,-0.161043127,0.118807588,0.017346118,0.091836649
REEP6,129.6618936,-0.178474232,0.200070997,0.017410319,NA
LGALS9,22058.56074,-0.098503673,0.050006513,0.017416031,0.092158696
PTTG1IP,9115.982659,0.104038627,0.054032844,0.017527308,0.092699171
SMAD2,2180.493439,0.130753846,0.07793559,0.017556376,0.092804524
RNF207,296.3940804,-0.176355002,0.164197215,0.017567763,0.092816346
PNRC1,1834.564315,-0.119441804,0.066521772,0.017577093,0.092817299
NFKB2,3170.922867,-0.145627648,0.090498779,0.017604485,0.092913578
AP1G2,2364.14192,-0.138215329,0.092165237,0.017665963,0.093169449
CARMIL1,484.020486,0.157307295,0.112538261,0.017671335,0.093169449
MIOS,749.5995278,0.142619223,0.092530542,0.017724507,0.093401245
SLC30A6,921.182163,0.125396861,0.073026785,0.017734361,0.093404652
CENPK,357.5000768,0.155472176,0.115276029,0.01774526,0.093413556
LILRB4,2915.388375,-0.116485588,0.064371851,0.017774416,0.093516179
CRK,2942.965037,0.101806209,0.052550589,0.017783193,0.093516179
DSE,4782.100425,0.111970829,0.060274542,0.017795597,0.093532919
CHM,1030.94086,0.140730889,0.090715116,0.017823316,0.093630097
RPLP2,6223.57696,0.129348194,0.07707947,0.017837383,0.093655496
COX5B,2307.075893,0.128448635,0.076209794,0.017857009,0.093710038
PRXL2A,2837.23804,0.118514602,0.066391108,0.017868386,0.093721258
STARD3NL,1247.706792,0.124365063,0.071946303,0.017893928,0.093806719
CDK6,1250.73352,0.156744705,0.118734167,0.017908544,0.093820032
DIAPH3,322.021852,0.158165623,0.116477761,0.017921432,0.093820032
CALM1,14979.96223,-0.103973344,0.054729806,0.017931038,0.093820032
EP400,4910.482379,-0.114490368,0.062987561,0.017939219,0.093820032
RPL6,11190.50396,0.112290996,0.060995807,0.017942711,0.093820032
FOXN3,2697.743035,-0.126830723,0.075183919,0.018022777,0.094154396
RFNG,763.7714222,-0.155569277,0.113666435,0.018025221,0.094154396
CLN3,3028.90809,-0.121414335,0.069638534,0.01804973,0.094233895
PDCD10,1353.66767,0.140660085,0.091072198,0.018074323,0.094255342
GTPBP10,433.5436119,0.171173477,0.157070605,0.018079957,0.094255342
DMWD,304.9905221,-0.17238021,0.157413635,0.018081713,0.094255342
NOL10,620.394174,0.1356483,0.089417936,0.018108595,0.094346988
BTF3,6425.061544,0.131726999,0.079777173,0.018157529,0.094553376
GOSR1,2279.196421,0.129165529,0.077534365,0.01819946,0.094723102
TBC1D3L,454.560616,-0.170861711,0.150886432,0.018222387,0.094793793
TCHH,160.0314072,0.1724741,0.16235382,0.018241815,NA
MICOS10,2254.005367,0.144562161,0.096547776,0.018243089,0.09485284
PBX2,3234.855085,-0.117022284,0.064442211,0.018255786,0.094868816
KIF20B,785.7889986,0.165861971,0.141483357,0.018269743,0.094868816
ESYT2,1899.606753,0.118402628,0.066635778,0.018274218,0.094868816
NUDT4,1517.783494,0.148774178,0.102977153,0.018295743,0.094929221
MLLT1,1726.836859,-0.129052662,0.077361208,0.018307421,0.094929221
CLCN6,1894.513941,-0.128174333,0.076441454,0.018322762,0.094929221
MS4A14,839.8060114,-0.136572764,0.086047428,0.018323286,0.094929221
PDE4D,48.59500127,0.051913315,0.104463619,0.018371467,NA
RANBP10,903.1957788,-0.144458552,0.096238417,0.018375764,0.095073291
MCRIP1,1928.230262,-0.11767331,0.065866622,0.018386482,0.095073291
PIK3R5,3608.576958,-0.132749038,0.079769323,0.018388379,0.095073291
PTPN18,3418.552262,-0.107201337,0.057088632,0.018388584,0.095073291
ADAT3,185.7311332,-0.171004558,0.218874924,0.01842022,NA
NRP1,19263.22124,0.102992242,0.054504585,0.018435084,0.09526515
HAPLN3,85.87503034,-0.141889368,0.251869438,0.018454413,NA
SDF4,7855.314808,-0.10053301,0.052410902,0.018483397,0.095466181
RPL22P1,13.29341241,0.002257393,0.081477576,0.018502354,NA
OXNAD1,379.0399959,0.15017513,0.106232673,0.018503252,0.095520093
GNAI3,3040.371764,0.10972968,0.059348957,0.018517552,0.095545292
STX16-NPEPL1,148.5315644,-0.173798168,0.1968067,0.018525646,NA
RNF41,1804.457075,0.10160276,0.053070001,0.01853,0.095560916
PPP2CA,4562.078119,0.116409751,0.065370366,0.018576622,0.095713979
XRCC5,6912.805634,0.115742169,0.06462209,0.018578551,0.095713979
UNK,1644.928153,-0.126369881,0.074978138,0.018688338,0.096230399
RPL19,12032.36066,0.126879943,0.070519182,0.018697764,0.096230399
CCNYL1,889.4430772,0.127566571,0.076401282,0.018715489,0.09627278
UQCRQ,1489.931518,0.126508512,0.075354224,0.018728712,0.096286774
ACER3,4095.05987,0.09063044,0.045192427,0.018737568,0.096286774
ARL13B,322.1501511,0.166894065,0.147566134,0.018746686,0.096286774
TMEM147,1590.305401,-0.124299936,0.072726018,0.018769227,0.096353765
OBSL1,1093.285859,-0.136111791,0.086376125,0.018786367,0.096392973
WDR26,5659.334681,-0.11491554,0.064111739,0.018828864,0.096526704
KLF4,880.7329074,-0.130948462,0.081621589,0.018831462,0.096526704
HS1BP3,1199.635058,-0.118152245,0.067031896,0.018863991,0.096644608
SLC2A4RG,843.1608837,-0.170360081,0.162333403,0.018912696,0.096845224
FBXO11,2160.641759,0.09679994,0.048537173,0.018939859,0.09684825
EML3,1936.308902,-0.120122123,0.067444445,0.018943097,0.09684825
ZNF689,822.6164564,-0.14836468,0.104139327,0.018943616,0.09684825
ZSCAN20,237.9410188,-0.159562007,0.130052962,0.018951476,0.09684825
GPSM1,133.2007299,-0.161906594,0.235826501,0.019002283,NA
HNRNPR,3778.187486,0.100745346,0.05264112,0.019006953,0.097068867
CKLF,2570.589765,0.125146881,0.074436301,0.019014436,0.097068867
GLB1L2,405.3465799,-0.148195483,0.103920003,0.019028476,0.097068867
PRR5,421.8998057,-0.172481755,0.184492464,0.019032923,0.097068867
PIPOX,281.8539885,-0.169839593,0.15718212,0.019055945,0.097130206
CUL4B,1728.99967,0.099766779,0.051911854,0.019064101,0.097130206
TERF1,574.6616799,0.141910132,0.094932341,0.019127371,0.09740364
VAMP4,673.379063,0.136278159,0.087394292,0.019176886,0.097540057
HSF1,3012.577519,-0.120596858,0.07031382,0.019180556,0.097540057
FANCI,1027.703372,0.146264473,0.102000768,0.019193511,0.097540057
ENOX2,473.1077309,0.138418552,0.090021588,0.019201127,0.097540057
MPND,952.2022617,-0.124457575,0.07363012,0.019209616,0.097540057
HAUS6,601.2506616,0.146472145,0.102416252,0.019211853,0.097540057
MFSD1,9422.969479,0.083538052,0.040702806,0.019238264,0.097616643
MELK,580.4377781,0.136297064,0.087638837,0.019255303,0.097616643
SF3B4,2046.873339,-0.112648595,0.062495374,0.019255807,0.097616643
MT1X,254.5099832,0.16671505,0.203135512,0.019279421,0.097643846
NDUFA12,1022.357906,0.141343428,0.094632353,0.019283936,0.097643846
PRCC,2083.589992,-0.104663023,0.055843431,0.019300095,0.097643846
ZDHHC5,4475.675166,-0.102124442,0.053739116,0.019303135,0.097643846
LZTS2,2156.27662,-0.13312672,0.083711067,0.019312073,0.097643846
SELPLG,4294.32381,-0.131399375,0.080502486,0.019318927,0.097643846
EHBP1L1,9457.32293,-0.120810878,0.070353793,0.01933579,0.097680407
TMEM67,152.7462184,0.169767156,0.173787891,0.019346426,NA
METAP2,2703.576419,0.103421502,0.055434781,0.019370963,0.09780938
DSN1,410.8017124,0.154258625,0.116650652,0.01941142,0.097964896
PLAT,30.69864071,-0.053810064,0.106116631,0.019425818,NA
MPG,1095.651366,-0.117628629,0.067359434,0.019459846,0.098109153
ELOC,2106.842683,0.128409124,0.078354943,0.019460056,0.098109153
SCARB2,14110.22876,0.108726472,0.05915277,0.019469019,0.098109153
MAD1L1,1142.622262,-0.153400054,0.119538538,0.019490674,0.098119056
VTI1A,950.3112807,0.119107987,0.068782343,0.019495263,0.098119056
GAL3ST4,2586.305248,-0.139496586,0.093186146,0.019500002,0.098119056
STAM2,1016.701017,0.1259852,0.075959666,0.019527234,0.098207368
HEPH,11.44834362,0.025575276,0.086790454,0.019552403,NA
RNF6,1862.335592,0.127267282,0.077056057,0.019569279,0.098370054
CCR1,4691.18836,0.117774442,0.069474057,0.019631012,0.098631493
ATP2C1,3968.928138,0.102188663,0.054011079,0.019642226,0.098638983
KDM2A,4036.402681,-0.087975534,0.043711958,0.0196587,0.098672859
TIMM23,1064.287209,0.126106644,0.076362919,0.019722403,0.098943648
CAPN5,142.7916874,-0.16760831,0.195239751,0.019737429,NA
USF3,886.3681661,0.161365989,0.140506606,0.019737949,0.098972691
SLC45A3,895.3105304,-0.129461399,0.080177956,0.019752385,0.098996142
PRAF2,179.5008049,-0.167225785,0.165438791,0.0197595,NA
TIGD5,491.2088203,-0.146068568,0.102602246,0.019811087,0.099206325
PABPC1,40763.07896,-0.085987178,0.043577153,0.019819528,0.099206325
XPO7,2228.797971,0.121199408,0.071304907,0.019823661,0.099206325
GNG12,1646.806723,0.122817854,0.07285024,0.019841305,0.099207942
TDP1,615.1420462,0.151288875,0.116253398,0.019859066,0.099207942
SPIN4,266.2228533,0.159203089,0.131929522,0.019863745,0.099207942
BPGM,220.0756068,0.15917606,0.130518677,0.01987523,0.099207942
MS4A4E,200.6660673,-0.173769662,0.214257598,0.019884847,NA
NAA35,861.2436784,0.142127197,0.097429337,0.019887164,0.099207942
TTC14,1011.174754,0.117582884,0.067737459,0.019890323,0.099207942
XRN2,3370.877488,0.10461347,0.056289735,0.019892444,0.099207942
TNFRSF9,554.5448743,0.149802869,0.11087249,0.019926983,0.099304705
HLA-DRB4,910.2482121,-0.137834142,0.094107301,0.019931792,0.099304705
AAAS,1154.897686,-0.127698216,0.07766166,0.019949943,0.099304705
NDUFAF2,308.453456,0.1606859,0.138384602,0.019965941,0.099304705
TMEM218,544.4928467,0.143349838,0.100010195,0.019967866,0.099304705
ARHGAP27,2867.333682,-0.125321145,0.076116436,0.019975714,0.099304705
CACYBP,1568.434657,0.126879626,0.077510349,0.019989572,0.099304705
DNAJC8,3210.981663,0.110089344,0.061045053,0.019990162,0.099304705
FOLR2,526.3966209,-0.148513058,0.10773871,0.020019028,0.099365443
MGME1,1025.498694,0.124717228,0.075237332,0.020032536,0.099365443
FAAP100,1191.886868,-0.142531627,0.100406169,0.020041757,0.099365443
DPEP2,907.2298423,-0.159659475,0.132928732,0.020048995,0.099365443
MMP7,7878.069794,0.165239352,0.206333649,0.020051366,0.099365443
KANK3,48.82434369,-0.072149396,0.127805426,0.020065977,NA
EIF5B,3916.069254,0.125566165,0.076098441,0.020085391,0.099471913
VRK2,648.2310292,0.131871275,0.083638721,0.020092463,0.099471913
BMPR1A,784.9017711,0.126858568,0.077825971,0.020167933,0.099796835
COPS2,1524.563014,0.131731477,0.083136246,0.020187521,0.099845057
USE1,545.05085,-0.130189198,0.080274249,0.020222176,0.099967717
KLHL9,1113.33148,0.121509656,0.072691461,0.020251376,0.100063302
ABCD1,3679.243154,-0.124820188,0.075704354,0.020278642,0.100149241
KLHDC10,1180.704909,0.147118188,0.107885524,0.020300016,0.100159112
GOLGA5,1165.517949,0.126499789,0.077749828,0.020300388,0.100159112
CYP2R1,313.6938896,0.163306436,0.160382278,0.020368482,0.100446224
TNFAIP8L1,1068.259398,-0.120094662,0.070680941,0.020457435,0.100835872
SYS1,1576.197865,-0.136826227,0.090185262,0.020488563,0.100908155
LSM1,699.5635908,0.143623114,0.105697358,0.020491995,0.100908155
SMS,4456.790497,0.110794829,0.062179175,0.020529155,0.100988595
NADK2,626.253819,0.132423849,0.085049089,0.020529667,0.100988595
BOLA3,405.5683365,0.149283916,0.111740343,0.020538197,0.100988595
MOSPD2,1149.121637,0.138768998,0.094125086,0.020571547,0.101058389
GPSM3,3817.671264,-0.10034783,0.053496692,0.020576214,0.101058389
LTBP4,815.6355012,-0.13795703,0.09233529,0.020582278,0.101058389
DSC3,16.01563853,-0.030247635,0.088920993,0.020677038,NA
DBN1,265.0460406,0.161201763,0.1892775,0.020681913,0.101498462
RFC3,425.9158591,0.154270993,0.124164475,0.020700283,0.101539492
PKNOX2,31.16729514,-0.038011809,0.093403843,0.020701623,NA
HS3ST2,492.0036119,-0.147756644,0.111349996,0.020738428,0.101635735
NFATC2IP,1701.093167,-0.111022963,0.062313363,0.020739942,0.101635735
SLC39A1,6457.010703,-0.082560936,0.04085984,0.020809133,0.101925564
MID1IP1,4174.057232,-0.120353121,0.069330427,0.020873108,0.102109241
RPL23A,4175.6576,0.142752386,0.101823116,0.020876045,0.102109241
MAN2B2,3795.458906,-0.115591644,0.066464826,0.02087683,0.102109241
SERINC1,8860.236094,0.105937211,0.058380172,0.020920114,0.102259559
PHLPP1,457.648993,-0.162810606,0.155292516,0.020927725,0.102259559
TMX3,2060.571161,0.127527052,0.080155766,0.020945141,0.102275641
MALT1,953.6094843,0.12832046,0.080749361,0.020951181,0.102275641
SHARPIN,1595.272366,-0.118324624,0.069516379,0.020972209,0.102329047
DNAJC2,752.4972698,0.131508406,0.084935134,0.021004373,0.102436712
OBI1,346.6605089,0.147881549,0.112221214,0.021016698,0.102447566
RAB13,9005.199548,0.129069777,0.080591776,0.021059605,0.102607414
AGL,886.0822261,0.1277826,0.077949928,0.02107531,0.102612392
RHBDD3,619.6163271,-0.130390619,0.083420327,0.021080858,0.102612392
HGS,3357.960871,-0.156302097,0.128058241,0.021107642,0.102672436
RECQL,2164.577969,0.115273443,0.066905808,0.021113437,0.102672436
ERF,2615.830577,-0.123874609,0.076822209,0.021166934,0.102883267
ADCY3,3726.644393,-0.133851338,0.087942895,0.021217818,0.103081201
RSBN1L,915.5030505,0.138242172,0.094525931,0.021240805,0.103143479
KCTD9,831.481328,0.141621147,0.101192333,0.021406726,0.103899437
ANP32B,5986.143609,0.125865354,0.078288435,0.021419756,0.103912961
CHD9,2730.320722,0.139125897,0.096679057,0.021430715,0.10391643
VDAC3,2117.665733,0.112365096,0.065049175,0.02145352,0.103977309
MLH3,402.18539,0.148249844,0.111835201,0.021468294,0.103999224
BAIAP3,12.12580074,-0.026058844,0.086975579,0.021470774,NA
NIPA2,2396.710637,0.107024782,0.062721313,0.021483996,0.104025613
BCKDHA,2611.270732,-0.135910448,0.092721562,0.02149724,0.10404008
APOBEC3H,12.04064546,-0.029302331,0.088466256,0.021521116,NA
ARHGAP23,99.50496806,-0.080597025,0.138914174,0.021612827,NA
VDAC2,2761.930488,0.113162388,0.065309286,0.021637176,0.104600313
EIF2S2,4285.40265,0.129427276,0.084613411,0.021640144,0.104600313
ZDHHC8,1911.393359,-0.140250571,0.096721843,0.02164821,0.104600313
KLHDC8B,1891.030139,-0.124435209,0.07517401,0.021654245,0.104600313
ITM2C,692.5057638,-0.144639421,0.105484297,0.021674028,0.104646044
LSM12,1187.186598,0.137619762,0.096693986,0.021701718,0.104720568
CKAP4,1558.95834,0.123865465,0.076180805,0.021719692,0.104720568
PINK1,2638.137108,-0.111798429,0.063946955,0.021720433,0.104720568
TCEAL8,1218.067622,0.127021414,0.080448942,0.021741848,0.104774019
JKAMP,1487.038711,0.118532216,0.070923158,0.021778777,0.104902142
TMOD2,781.2717832,0.123752498,0.076597724,0.021800083,0.1049425
DNM2,11492.08782,-0.109354984,0.061766227,0.021810937,0.1049425
NXT2,303.6492805,0.153811324,0.130964116,0.021818191,0.1049425
MRPL40,657.6812397,0.139615346,0.093228382,0.021851594,0.10505335
RIC3,10.20521415,-0.028457345,0.088058084,0.021886884,NA
LMBRD1,2302.433313,0.117359131,0.069993107,0.021906252,0.105262002
TRIM66,1105.555225,-0.145658603,0.105870444,0.021915748,0.105262002
COX7A2L,2164.550563,0.145053856,0.117067605,0.021949746,0.105375399
WDR97,80.81279179,-0.11175087,0.191476504,0.021970272,NA
GPR162,187.6021159,-0.156196507,0.139870521,0.021977583,NA
ADAM15,1949.935085,-0.132857598,0.088406388,0.021977818,0.105460257
RGS18,114.4174014,0.091264723,0.155298413,0.021978634,NA
KAT2A,1415.222765,-0.13764705,0.094057657,0.022000697,0.105464876
PLD2,2738.708076,-0.132407407,0.086523542,0.022015525,0.105464876
DNAJC5,7305.555414,-0.092716677,0.048570362,0.022017567,0.105464876
SCFD1,1494.326667,0.126143681,0.079168812,0.022020367,0.105464876
SUCLA2,895.2445164,0.119400908,0.07213052,0.022076329,0.105683003
LY96,1045.635316,0.146563966,0.113716205,0.022135764,0.105917541
TMEM184A,14.9025007,-0.022806193,0.085619651,0.022153616,NA
CPSF3,1202.175344,0.141488067,0.101649569,0.022162827,0.105997038
MPHOSPH10,750.9254637,0.131423539,0.08650224,0.022206939,0.106157961
ALG12,957.4671595,-0.153019111,0.123640903,0.022257666,0.106336762
BTG1,7306.424849,0.136371668,0.095752654,0.022265308,0.106336762
SEC14L2,219.7518412,0.108148384,0.182542274,0.022342694,0.106640416
CLASRP,1910.797056,-0.126486574,0.080085579,0.022349914,0.106640416
PPIL4,884.9572305,0.118436964,0.071594659,0.022369365,0.106657115
MRPS30,878.0858778,0.135507546,0.093115185,0.022374442,0.106657115
COX7A2,2149.894184,0.126023858,0.083434199,0.022385959,0.10666189
MBLAC1,67.91715662,-0.091587258,0.155639314,0.022394893,NA
CTPS1,772.4489739,0.146271509,0.12032866,0.022426787,0.106806257
NOS3,39.60520183,-0.042653748,0.096480853,0.022450737,NA
CYP4X1,384.4189699,0.14360627,0.107612626,0.022460125,0.106914831
C11orf68,1103.315348,-0.123081977,0.075908578,0.022475279,0.106936787
MCMDC2,161.7018844,0.151314279,0.195570732,0.022518466,NA
ADGRD1,679.827379,-0.15345111,0.150647208,0.022521094,0.107104539
PURB,2257.51149,0.096904692,0.051937364,0.022572532,0.107265891
TTN,26.58092086,0.011560992,0.08251877,0.022575943,NA
STXBP3,1659.827652,0.137182594,0.096866455,0.022576171,0.107265891
MAEA,2533.874985,-0.125063497,0.079036303,0.022613536,0.107283507
RAD1,493.5193713,0.129145993,0.084547346,0.022614181,0.107283507
RPL14,8552.039787,0.110900264,0.064049001,0.022614345,0.107283507
TP53INP2,828.1563936,-0.138687936,0.096881688,0.022624597,0.107283507
PIGA,271.6295737,0.155098468,0.17767958,0.022632759,0.107283507
LCAT,119.257912,-0.151621279,0.205611455,0.022635542,NA
SGTA,2728.138534,-0.113441786,0.066725165,0.022649184,0.107311222
HCFC1R1,1386.527189,-0.133857406,0.090143157,0.022721805,0.107605038
MYO7B,35.76945079,-0.037983822,0.093283256,0.022725816,NA
MRPL4,1929.927857,-0.10666846,0.06006077,0.022759832,0.107730203
IL4I1,3240.361476,-0.121026324,0.075393025,0.022769475,0.107730203
NDUFA5,1591.599763,0.127818698,0.078126531,0.022792137,0.107776504
TMEM161B,598.5041513,0.142180827,0.109489509,0.022803163,0.107776504
KANSL1,1462.60038,-0.126523059,0.082304854,0.02281383,0.107776504
SLC49A3,1532.206565,-0.131494236,0.086445607,0.022832148,0.107776504
TIMM8B,1073.007108,0.128264645,0.083690907,0.022832384,0.107776504
PICALM,9053.664655,0.108741599,0.06248437,0.022844845,0.107785167
GTF3C1,2667.241551,-0.148241195,0.11866562,0.022885305,0.107925863
ALDH2,6676.539352,-0.130814394,0.085393116,0.022960607,0.108189264
SRSF3,3712.792134,0.128410793,0.084482595,0.022962489,0.108189264
FBXO22,817.968015,0.135836731,0.095209657,0.02299155,0.108235646
HOOK2,440.4680168,-0.143839262,0.110385719,0.022993673,0.108235646
ASXL1,2339.610756,-0.138226583,0.09717466,0.023067042,0.108485264
SASS6,191.4154431,0.153365792,0.138031954,0.023072727,NA
ADSL,1480.242552,0.120904037,0.075126721,0.023077137,0.108485264
ZNF100,273.9099245,0.153734438,0.166628015,0.023078785,0.108485264
GTF3A,2213.835236,0.127922587,0.083258567,0.023111329,0.108509126
SUPT16H,3098.786084,0.094501904,0.050424852,0.023114607,0.108509126
IER5,2512.708525,-0.103563895,0.057788148,0.023120329,0.108509126
ZNF653,133.3724705,-0.140595773,0.208276115,0.023128195,NA
TAX1BP1,4193.44272,0.10228144,0.055957227,0.023128212,0.108509126
SLC35A3,556.5526718,0.142674726,0.111142534,0.023137346,0.108509126
TK2,2291.578736,0.12179623,0.075804153,0.023155577,0.108544442
PHF14,691.8495257,0.120651074,0.075004397,0.023254245,0.108956611
IL12RB1,216.4292562,-0.154217145,0.16244505,0.023300629,0.109123539
PAG1,2834.031148,0.13527232,0.096027773,0.023333178,0.109202339
CNOT7,1650.119957,0.151930663,0.139466775,0.023350414,0.109202339
TMEM62,772.9507988,0.127294562,0.084984299,0.023370491,0.109202339
KMT2A,1812.691379,-0.131788053,0.089527893,0.023371068,0.109202339
SLC26A6,831.5166773,-0.142922058,0.105474035,0.023377743,0.109202339
PDE3A,339.078444,0.149114859,0.125127837,0.023382047,0.109202339
FLNA,61630.73918,-0.108060512,0.062018469,0.02342229,0.10933995
PEX2,731.4114833,0.133792443,0.093250866,0.023437152,0.109359
PSMD10,1352.357219,0.114272471,0.068287954,0.023469252,0.109458432
PSMA5,2588.759891,0.113874911,0.06799771,0.023492157,0.109491632
ACP5,24371.16167,-0.09946558,0.054808912,0.023497958,0.109491632
KPNA4,2872.534625,0.105191503,0.059594811,0.023559206,0.109726624
PKD2L1,172.8540912,0.13537664,0.210197394,0.023565824,NA
RNPS1,2507.934504,0.092369806,0.047305238,0.023576306,0.109755876
ANO6,2611.222191,0.099868176,0.055061864,0.023597464,0.109803979
LY6E,11574.88536,-0.14045258,0.097887177,0.023611424,0.109818563
RNPEPL1,4212.407046,-0.113090213,0.068630599,0.02363739,0.109840927
CNBP,7996.008309,0.099510715,0.054809564,0.023637889,0.109840927
MDFI,14.33633281,-0.033866045,0.090796489,0.023668024,NA
BRD4,4147.777385,-0.115187238,0.069011832,0.023710951,0.110119401
SH3TC1,5832.716842,-0.098173127,0.053660893,0.023719528,0.110119401
VPS11,2086.213021,-0.102493174,0.057167591,0.023735147,0.110141506
STK10,6592.921513,-0.082990579,0.042341044,0.023770834,0.110256672
SLC36A4,1024.2998,0.135350355,0.09646658,0.02380069,0.110344696
COLEC12,3641.50834,0.083088299,0.042541933,0.023836688,0.110461106
TRIM59,418.2466931,0.151676151,0.14846339,0.023903126,0.110718406
TNFRSF25,105.0287064,-0.080419612,0.137467439,0.023936354,NA
C16orf86,59.77483184,-0.070001657,0.123396863,0.023953811,NA
TIMELESS,1463.125518,0.112094447,0.06617302,0.023954074,0.110903753
C6orf62,10587.89949,0.090214414,0.047988611,0.02399987,0.11106509
ITGAX,12554.46728,-0.108672225,0.06424973,0.024054668,0.111267921
PTGES3,5323.023946,0.106367612,0.060163204,0.024090694,0.111336519
RLF,613.3316399,0.127873742,0.085375764,0.024097501,0.111336519
C1QA,9618.302189,-0.078931932,0.039156991,0.024110382,0.111336519
BMF,3433.328737,-0.148791324,0.129312434,0.0241134,0.111336519
SNX13,1574.767474,0.12581104,0.082713659,0.02415359,0.111471343
RCOR3,903.1084213,-0.119976382,0.075459391,0.024210846,0.11159213
C18orf21,292.4628066,0.142393378,0.112036728,0.024215649,0.11159213
ARL5B,575.9313669,0.134714257,0.096385446,0.024217946,0.11159213
STXBP4,138.1932091,0.060369929,0.112107695,0.024223458,NA
PSMA6,3905.295712,0.114469777,0.069547821,0.024223765,0.11159213
PRCP,2376.617501,0.124123705,0.080776284,0.024244671,0.111637739
NAA80,202.5615999,-0.149636799,0.136347242,0.02435092,NA
GCNT3,21.25854279,-0.029460813,0.088488922,0.024357317,NA
COLGALT1,17856.85456,-0.120806145,0.083944123,0.02435743,0.112004648
TAF1D,1248.492333,0.130112983,0.090709637,0.024359766,0.112004648
ZSCAN26,243.923918,0.150348007,0.150883474,0.02436968,0.112004648
NUP62,4265.64513,-0.093123645,0.049092302,0.024371799,0.112004648
NOSIP,1142.103199,-0.111170461,0.065661676,0.024379561,0.112004648
RBM28,957.283689,0.1418817,0.112934335,0.024522243,0.112575491
RNF19B,2003.185583,-0.102343853,0.057721089,0.024526009,0.112575491
TNIK,822.8171271,0.118987196,0.07459398,0.024555113,0.112619793
BCAS2,1044.759223,0.122209128,0.078580755,0.024567505,0.112619793
ATP5IF1,2029.015329,0.109384672,0.064458143,0.024568967,0.112619793
LAMTOR3,1378.171767,0.14181201,0.11365298,0.02461795,0.112793353
ZNF43,182.7897644,0.095242785,0.158532678,0.024636631,NA
VTI1B,3154.669206,0.085491528,0.044133827,0.024656402,0.112845875
FCGR3A,21160.65841,0.116534422,0.074167293,0.024657679,0.112845875
PA2G4,3610.913702,0.098645701,0.054267851,0.024662786,0.112845875
FSTL3,221.7792346,-0.150384741,0.179132599,0.024675227,0.112851895
CLPP,1395.162829,-0.111360695,0.066822449,0.024740282,0.113093196
MYOCOS,12.09904759,-0.026299481,0.087019513,0.024759322,NA
PFDN2,1107.875628,0.126067375,0.084219375,0.024764189,0.113093196
CTDP1,1487.60408,-0.115238034,0.070584059,0.024774223,0.113093196
MTIF3,650.3695434,0.122611949,0.079911237,0.024783366,0.113093196
MEF2A,5034.352493,0.086013933,0.045040103,0.024796727,0.113093196
MRPL15,1223.486289,0.127517869,0.08655002,0.024806666,0.113093196
NCDN,1082.56302,-0.110280124,0.065507277,0.024810049,0.113093196
PTGFRN,1309.335098,0.100914976,0.05705135,0.024817178,0.113093196
DERL3,75.06458044,-0.096987411,0.162071205,0.024872021,NA
IFNAR1,4794.937177,0.104650257,0.0600818,0.024879348,0.113293657
SH2B2,788.2817355,-0.150333244,0.140274874,0.024883504,0.113293657
GMPPA,1029.292354,-0.119145568,0.074925426,0.024914303,0.113337532
IQGAP1,14939.30167,0.103880686,0.059558532,0.024926896,0.113337532
RMND5B,1075.701724,-0.114713893,0.070268832,0.024931959,0.113337532
ABHD8,1384.539389,-0.129076687,0.086902118,0.024937832,0.113337532
OGFOD2,602.2074,-0.131848347,0.093055806,0.024994856,0.113511545
SLC4A5,53.87863645,0.041670923,0.095697324,0.024997719,NA
RAB11FIP2,818.8805413,0.118110104,0.073842586,0.024998501,0.113511545
SMBD1P,36.28177639,-0.059616253,0.111274833,0.025025088,NA
PEA15,12511.13096,0.076658166,0.038701777,0.025041977,0.113658084
RNF141,842.3830673,0.134124583,0.097736766,0.02512819,0.11399837
NIPBL,2840.725599,0.118879007,0.074928941,0.025147014,0.114007001
MZF1,1074.01084,-0.142775514,0.117952326,0.02515257,0.114007001
TAB3,929.9460582,0.107878001,0.063471156,0.025165086,0.11401279
NIPSNAP3A,902.1549241,0.133446103,0.096512584,0.025176515,0.114013649
MXD1,1030.96981,0.144723626,0.123225605,0.025192596,0.11403556
TACSTD2,124.234875,0.137218726,0.198292263,0.025201098,NA
DBNDD2,970.6192762,-0.107296553,0.062906719,0.025219921,0.114068098
DPYSL2,6536.919333,-0.122214228,0.078787066,0.025222274,0.114068098
OSTC,1716.15489,0.116643052,0.072947049,0.025274776,0.114254601
SRGN,1735.225482,0.141032915,0.11811977,0.025331877,0.114461718
ZBTB45,633.7304255,-0.133314038,0.094943372,0.025349463,0.114466901
GRHPR,2045.031576,-0.084636366,0.045487212,0.025366756,0.114466901
TPCN2,1489.374649,-0.132751279,0.093728609,0.025377836,0.114466901
LIF,224.6005373,-0.135874776,0.196499991,0.025378161,0.114466901
EVI2A,1934.391879,0.146037054,0.132010073,0.025394411,0.114470115
PDCL3,462.607987,0.138311258,0.106816128,0.025419944,0.114470115
GLUL,18744.64647,-0.12103008,0.074421952,0.0254341,0.114470115
RASGRP3,3862.718676,0.091597655,0.049466745,0.02544141,0.114470115
FCHSD2,1464.072811,0.113684993,0.069709326,0.025442616,0.114470115
PALLD,4429.498317,-0.09183208,0.04918357,0.02544658,0.114470115
AP2A2,4148.627348,-0.108808776,0.064086051,0.025459242,0.114476308
ZNF503,1834.117799,-0.134972748,0.096849081,0.025495642,0.114589185
STK38,1335.249734,0.109255635,0.0651908,0.025589481,0.114960007
EIF4A1,16433.32977,-0.087907217,0.046612752,0.025634598,0.114994313
USP45,235.0260231,0.138265886,0.185402896,0.02564925,0.114994313
FRG1,806.8848367,0.127997639,0.091644015,0.025655841,0.114994313
CCT4,2924.231342,0.125963043,0.089354316,0.025656153,0.114994313
ZNF268,629.4063504,0.142300032,0.166406318,0.02566475,0.114994313
RTF2,2145.989826,0.119495389,0.077076115,0.025665135,0.114994313
RAB11A,3215.613491,0.113829575,0.068713837,0.025681566,0.115017131
MPV17,2055.996952,-0.091223704,0.049336249,0.025709685,0.115030605
ARID3B,627.7208849,-0.128745292,0.089354301,0.025709757,0.115030605
E2F3,1234.368015,0.118502584,0.075184587,0.025718594,0.115030605
CORO7,3926.158089,-0.1112603,0.069266316,0.025733766,0.115047739
PPOX,317.1581203,-0.142474588,0.184511946,0.025823918,0.115399921
FSTL1,143.9255413,-0.133173875,0.194449417,0.025828876,NA
TCF7,28.6770461,-0.041016549,0.095193079,0.0258833,NA
SGF29,341.000364,-0.13776784,0.107409599,0.025990629,0.116093764
MDFIC,3419.926323,0.126606545,0.087009334,0.026002983,0.116097825
JAK3,668.8784013,-0.133944871,0.09802518,0.026023421,0.116137959
TMEM167A,2803.172386,0.117689961,0.075140345,0.026039871,0.116160269
RHEBL1,48.91019904,0.066913624,0.119094523,0.026070771,NA
INA,120.9217292,0.069780056,0.122540081,0.026074365,NA
MYO1D,2757.043535,0.093023311,0.051020733,0.026099423,0.1163649
SMC6,911.0301711,0.131437648,0.094736757,0.026110254,0.1163649
NMNAT2,16.80298426,0.026291061,0.087009191,0.026119816,NA
CYP27A1,15068.83853,-0.10142155,0.057558855,0.026120158,0.1163649
COMMD8,622.5355362,0.137743939,0.108841444,0.026143677,0.116418553
ZNF280C,94.21544749,0.115970714,0.184485459,0.026158378,NA
ECH1,2968.403437,-0.123037063,0.081751257,0.026172835,0.116470532
CNOT6L,1568.110723,0.124776986,0.084116436,0.026178314,0.116470532
ALKBH4,288.3307408,-0.141285761,0.119159224,0.026222924,0.116617861
SEC62,3905.088237,0.113875129,0.069761643,0.026277084,0.116759923
ITFG1,1832.765153,0.124469226,0.087645184,0.026277889,0.116759923
DSG2,15.82887339,0.03582006,0.091852843,0.026297916,NA
TOMM5,1454.441425,0.118707272,0.076697916,0.026319806,0.116866578
AP4E1,788.9527859,0.113431274,0.070042317,0.026336192,0.116866578
PAQR3,385.1320769,0.142986986,0.127268565,0.026336455,0.116866578
DCLRE1A,267.4388093,0.138215738,0.182745789,0.026395079,0.117075504
AHDC1,820.8448424,-0.140843802,0.11312918,0.026408243,0.117082698
AMFR,2780.125679,-0.109066463,0.065868311,0.026483517,0.117365138
MUC1,126.3089851,-0.090526575,0.150638196,0.026507602,NA
EFEMP2,96.12516122,-0.071481665,0.124448493,0.026513607,NA
DOK2,1241.824925,-0.142375133,0.120736623,0.026528606,0.117488202
NSMF,1249.050234,-0.130778728,0.099133613,0.026534451,0.117488202
EXOC3,2210.826538,-0.116160924,0.074499602,0.026558132,0.117499811
WDR11,3642.498639,0.106046621,0.062578832,0.026574058,0.117499811
TCEAL9,1396.549889,0.11811493,0.076260917,0.026578078,0.117499811
RAP1GDS1,1446.617821,0.116004087,0.073703176,0.026583406,0.117499811
FAM78A,3730.180555,-0.101119292,0.05797622,0.026595457,0.117501882
YJU2,602.3823787,-0.124816863,0.085862046,0.026611347,0.117520897
GPATCH11,491.582652,0.141255702,0.121259558,0.026625957,0.117531683
CLDN10,13.0011026,0.028619106,0.088052344,0.026629538,NA
PRSS36,623.7149391,-0.144626698,0.132948034,0.026636962,0.117531683
TFAM,858.4334839,0.122878228,0.082896841,0.026656948,0.117535414
RMND1,758.0584575,0.125755152,0.087076016,0.026668609,0.117535414
PPA2,846.2294384,0.142572195,0.130959815,0.026675509,0.117535414
SPHK1,2741.378935,-0.091812673,0.050150853,0.026706017,0.117535414
LTV1,1075.550819,0.117488894,0.075594913,0.02671497,0.117535414
ANKRD46,411.7873775,0.143304966,0.131364489,0.026718432,0.117535414
PHAX,1093.142613,0.132859858,0.099668901,0.026728256,0.117535414
AMDHD1,375.2019173,-0.14015185,0.180332421,0.026731989,0.117535414
DHRS3,3809.13442,-0.103023572,0.059336788,0.026742088,0.117535414
MT1G,216.0935375,0.110093954,0.17487721,0.026755608,0.117543911
ANK1,111.6417005,-0.099937275,0.163732763,0.02678355,NA
PCNX3,2717.759718,-0.139731969,0.110937412,0.026798094,0.117545479
SCRN3,434.5453187,0.138383078,0.112842707,0.026800732,0.117545479
CARS1,2461.791682,0.094207178,0.052262845,0.026805234,0.117545479
BRI3,10899.40658,-0.108317784,0.065236738,0.026812783,0.117545479
AGPAT4,2330.968855,-0.141751145,0.115642147,0.026813904,0.117545479
ACADM,3491.571967,0.109070228,0.06546294,0.026861452,0.117672279
SP100,3886.085469,0.099733574,0.057110694,0.026866029,0.117672279
GIMAP5,344.8920294,0.097358193,0.159305911,0.026905435,0.117753334
PANK4,880.328787,-0.116057351,0.073886469,0.026907751,0.117753334
LMNTD2,178.0550105,-0.137724205,0.183360089,0.026909468,NA
UBXN7,1826.313789,0.096984681,0.054706878,0.026939208,0.117840159
RAB6A,4652.56477,0.092160182,0.050657379,0.0269654,0.117903887
C2CD5,1539.711181,0.12064383,0.078852235,0.027010351,0.118001881
SH3BGRL,7749.693953,0.10629481,0.063462387,0.027011077,0.118001881
MOV10,3083.344144,-0.117197539,0.075592681,0.027039668,0.118075934
TRIM36,500.1083742,-0.148897012,0.151897592,0.027065781,0.118139107
SLC1A7,17.78688955,-0.036277574,0.092126123,0.027086088,NA
RMI2,311.9701908,0.14132056,0.125552433,0.02708843,0.118187113
GTDC1,656.9498846,0.133074485,0.101559975,0.027159951,0.118448212
BOLA2-SMG1P6,394.4109127,0.143637446,0.139791456,0.027199701,0.118570593
FANCL,834.3521174,0.120472725,0.080060493,0.027236234,0.118661043
TUSC1,336.1713326,-0.136072084,0.108153612,0.027243846,0.118661043
LPCAT4,784.114752,-0.129599724,0.094478755,0.02728488,0.11878226
DNAJA2,2266.230267,0.094694135,0.052890522,0.027295095,0.11878226
FLCN,2302.023338,-0.139539658,0.111375618,0.027315137,0.118808733
SLC26A2,831.1767205,0.116170393,0.074646171,0.027324603,0.118808733
GPI,7905.325676,-0.096067807,0.053676061,0.02738816,0.119034061
TREX2,12.26488869,-0.01884077,0.084297009,0.027400164,NA
NR1D2,1421.688202,0.107432774,0.065053541,0.027415867,0.119103451
MNT,1183.059203,-0.135814737,0.108228236,0.027447285,0.119188894
USP2,1576.585149,-0.117134272,0.074973934,0.027473719,0.119252636
BBOF1,49.95518398,0.070287149,0.122616454,0.02748438,NA
ZNF805,191.1690387,0.14172834,0.15763814,0.027516232,NA
PDLIM2,551.0609859,-0.143630438,0.145051277,0.027530341,0.119447297
PPP6R3,1998.740655,0.105759875,0.062150507,0.027583596,0.119627189
CD93,172.2678179,0.092575111,0.153252695,0.02759858,NA
DPH6,108.0213155,0.097850534,0.159823357,0.027600332,NA
TRA2A,1394.544528,0.108721515,0.066455469,0.027622184,0.119719838
MCMBP,2276.087397,0.106351287,0.064303965,0.027628563,0.119719838
ADAMTS6,33.98493793,-0.034529941,0.091030543,0.027636267,NA
CDK3,136.1256399,-0.134929617,0.181464839,0.027637058,NA
SSBP3,1674.262232,-0.128480359,0.092235281,0.027660184,0.119805682
VAV3,999.3315231,0.137364568,0.115128559,0.027699527,0.119924883
ALG3,1334.146245,-0.116837725,0.076143029,0.027716694,0.119948015
IMPDH1,2670.094541,-0.114027722,0.072184323,0.027734223,0.119972688
RPS6,17054.11111,0.096036272,0.054577373,0.027773543,0.120091569
EIF2A,2107.685498,0.131900532,0.100683001,0.027789407,0.120108968
RIN3,4008.518116,-0.132620468,0.099173208,0.027843579,0.120291851
NOXO1,8.115903943,-0.026435563,0.087055298,0.027845107,NA
MAP2K7,1929.836493,-0.122132867,0.082666263,0.0279326,0.120599784
ACMSD,13.61887577,0.034637214,0.091129274,0.027933224,NA
GMNN,467.3872503,0.127427126,0.091941281,0.027950548,0.120599784
EBAG9,482.2818431,0.131201655,0.099977003,0.027955277,0.120599784
HIKESHI,417.7201484,0.135110041,0.108688148,0.027962411,0.120599784
PPAN-P2RY11,515.9783766,-0.128412543,0.183399353,0.028012315,0.120763674
MAP3K4,737.1245027,0.13980793,0.126965509,0.028032158,0.120797879
CAP1,15684.55858,0.082584381,0.043759169,0.028092089,0.121004734
WIZ,1401.393685,-0.13811197,0.123029371,0.028110485,0.121006365
ENTR1,1053.983042,-0.117407694,0.076683887,0.028121925,0.121006365
CYP2S1,1060.726153,-0.115410405,0.07406283,0.028128254,0.121006365
DHFR,1389.953199,0.120463814,0.081630961,0.028166285,0.121096521
SCAMP3,2138.295714,-0.099351287,0.057432959,0.028173087,0.121096521
CTSS,31709.38998,0.100299664,0.058527472,0.028209638,0.121202271
DENND1B,1178.961559,0.1411656,0.117206113,0.028231326,0.121244103
ACP1,1955.362019,0.107928528,0.066801927,0.028317467,0.121519384
GTPBP4,1375.589274,0.135929044,0.117947452,0.028339866,0.121519384
SPDL1,717.5243784,0.125449997,0.089790074,0.028341239,0.121519384
TRAF2,526.6307886,-0.137818449,0.116928287,0.028347506,0.121519384
C5orf34,93.95500731,0.099350253,0.160948382,0.028347895,NA
BTBD7,1391.379138,0.110131029,0.069051046,0.028355322,0.121519384
FANCE,828.3697254,-0.130560416,0.099440474,0.028420834,0.121748708
NDUFS6,1424.109924,0.093702729,0.052487189,0.028445474,0.12179373
ZNF766,286.3818861,0.115200227,0.175732154,0.028455357,0.12179373
BCCIP,868.2889694,0.123160795,0.086128471,0.02849254,0.121869652
TMEM205,677.3326469,-0.118573013,0.07932353,0.028501526,0.121869652
MTMR9LP,462.8323531,-0.137542985,0.118443268,0.028509137,0.121869652
TCF7L2,1803.917979,-0.123939779,0.087186476,0.028527993,0.121898889
ZNF214,7.958779232,0.01476519,0.083182818,0.028597176,NA
RYBP,91.88916644,-0.047478975,0.099843786,0.028600407,NA
POLR2D,872.4345654,0.122180793,0.085697823,0.028603987,0.122172145
ECHDC2,1098.523212,-0.114432697,0.073695225,0.028626122,0.122215228
AKAP8L,2046.015095,-0.122778805,0.084752536,0.028743573,0.122655227
USP12,2242.080123,0.117362527,0.077570492,0.028757178,0.122655227
GATAD1,1742.376922,0.102207478,0.060619208,0.028769864,0.122655227
LRRC25,3263.324716,-0.093732862,0.052949585,0.028777547,0.122655227
FKBP1A,10962.34311,0.07972216,0.041677279,0.028801237,0.122704639
SPART,1833.747149,0.116466877,0.076792791,0.028849741,0.122859686
POP4,834.5641534,0.128339678,0.097921655,0.028869662,0.122892929
PIGS,2431.050299,-0.100269023,0.058791507,0.028908337,0.12298419
ZNF576,302.7931864,-0.141876932,0.139548612,0.0289228,0.12298419
ARHGEF2,7255.176701,-0.089580042,0.048865097,0.028930688,0.12298419
IL17RC,617.9311096,-0.11972994,0.081509552,0.028939596,0.12298419
FAM220A,267.1319038,-0.140551685,0.139420069,0.029002944,0.123152461
TSPAN13,2639.927585,0.114930473,0.075148596,0.029003473,0.123152461
TAPT1,777.3183149,0.127074682,0.094018797,0.029030897,0.123217328
GOLGA6L5P,244.9714926,-0.138510688,0.16110858,0.029049648,0.12324535
TLCD5,54.40666734,0.070600068,0.122677404,0.029064167,NA
ARMCX2,129.4205596,0.082586344,0.137596101,0.029125924,NA
AP5M1,1395.159147,0.114345497,0.074649287,0.029154082,0.123636711
FUNDC1,319.0207613,0.137135566,0.151626779,0.02917348,0.123667273
ZNF23,206.7089024,0.126387823,0.173894692,0.029215176,0.123792292
CCT8,4192.396242,0.109977785,0.068802246,0.029242758,0.123857426
CLDN15,193.2519531,-0.127964046,0.177871546,0.02925327,NA
H6PD,5489.745558,-0.123616068,0.0881934,0.029256948,0.12386581
GGA2,5270.305688,-0.121794563,0.088958686,0.029382906,0.124269709
IL10RA,4926.794478,-0.118018482,0.078988531,0.029391387,0.124269709
WDR6,4718.779081,-0.079357774,0.042004415,0.029397508,0.124269709
NUP214,1793.336741,-0.146781457,0.131595531,0.029412287,0.124269709
CCDC97,1600.803928,-0.115867996,0.07664149,0.029413601,0.124269709
CDR2L,219.333453,-0.138827098,0.147940875,0.029466163,0.124439948
CSTF2T,956.8925626,0.113575193,0.073847339,0.029497884,0.124522072
ATP5PF,1663.316545,0.118990832,0.081481242,0.029511139,0.124526206
CNIH4,1441.696265,0.11714647,0.078767413,0.029526397,0.124538784
CAPZA2,4557.639747,0.075928302,0.040823255,0.029538741,0.124539064
ZNF787,1673.559168,-0.109982066,0.070059314,0.029564622,0.124596397
PHF23,2104.524192,-0.098629337,0.057638968,0.029585828,0.124633988
ARHGEF11,3777.003376,-0.103497528,0.062680597,0.029611987,0.1246924
SMC2,1511.029327,0.106417532,0.064926928,0.029630186,0.124717265
SLFN13,174.7392087,-0.120813379,0.177384426,0.029648529,NA
VSIG10L,297.8008519,-0.138494308,0.133258586,0.029657621,0.124780965
SPATA17,29.05043429,0.036465009,0.092064317,0.029692375,NA
EP300,5981.867457,-0.102575578,0.061716356,0.029703578,0.124915059
COPS7A,2208.565107,-0.089043419,0.049543413,0.02971412,0.124915059
EMSY,562.5729821,0.136257829,0.13506762,0.029810503,0.125226516
TNFSF13B,1710.322447,0.131932179,0.107994708,0.029812898,0.125226516
RHOF,806.1249454,-0.115617019,0.076698976,0.029827384,0.125235506
UBA7,2464.393738,-0.12894128,0.093981245,0.029894671,0.125466093
ACADS,635.3363993,-0.125699001,0.092323153,0.02991799,0.125512033
GGT7,552.276964,-0.133282054,0.111126022,0.029943167,0.125565724
PRDX3,4922.327752,0.100344248,0.059507249,0.029976711,0.125603054
RIOK1,615.8839436,0.126686009,0.095908448,0.029976833,0.125603054
ZBTB4,3125.36359,-0.096100732,0.055538269,0.030037698,0.125806116
NT5C2,2552.459712,0.116376139,0.079634266,0.030118167,0.126091081
ZFYVE16,2804.277182,0.115990207,0.081071561,0.030131367,0.126094302
KAT8,1141.959334,-0.095839538,0.055555567,0.030153413,0.126134525
MRPL38,1369.553695,-0.109860411,0.069943346,0.030186061,0.126156107
NAA30,951.1281696,0.118032001,0.081249319,0.030198217,0.126156107
NAGPA,2077.088237,-0.10666048,0.068881284,0.030202378,0.126156107
ATP5PB,3822.372814,0.125085238,0.092808935,0.030208319,0.126156107
BCL3,531.6261239,-0.137103222,0.128862008,0.030227595,0.126184659
PNPT1,1586.91084,0.131001467,0.106715004,0.030250765,0.126229437
FNDC3B,5912.965062,0.083394052,0.045165778,0.030314882,0.126444969
SLC25A32,621.7751152,0.126705262,0.096197232,0.030463552,0.126972068
SAFB2,3228.240832,-0.118573162,0.081201182,0.030478123,0.126972068
TEX9,227.7598217,0.1352229,0.150717964,0.030487602,0.126972068
METTL23,481.9151765,0.122308594,0.087930338,0.030502114,0.126972068
KCTD17,796.9761751,-0.121918933,0.086495724,0.030503838,0.126972068
ZNF276,1183.112603,-0.128426048,0.098498207,0.030528881,0.127024188
CENPS-CORT,22.08835542,-0.025760185,0.086732833,0.030529236,NA
FOXP4,1875.792834,-0.124533229,0.090457121,0.030570879,0.127146781
TIMM21,592.0507183,0.12705697,0.098169909,0.030605179,0.127222716
RHPN1,475.2957442,-0.131810313,0.166728987,0.030617745,0.127222716
FAM229A,203.9469865,-0.128891533,0.198844596,0.030617888,NA
BTK,4038.688654,0.086353258,0.048716948,0.030626762,0.127222716
LMLN,574.8297199,0.13416067,0.122586821,0.030662843,0.127320457
SEM1,1161.370223,0.115716567,0.078407367,0.030756041,0.127650324
ABHD13,591.6092223,0.125200799,0.094034886,0.030775722,0.127650324
RESF1,2141.041788,0.120249227,0.085177053,0.030780037,0.127650324
EXOC6,561.8076855,0.124594601,0.092892204,0.030827649,0.127753456
TMEM150A,834.3277222,-0.111493331,0.072533718,0.030840816,0.127753456
GAMT,336.7206689,-0.13518042,0.122506506,0.03085862,0.127753456
TM9SF4,2581.992709,-0.103925617,0.063858478,0.030890164,0.127753456
MCL1,12819.47296,-0.106632596,0.065354672,0.030890164,0.127753456
SAYSD1,441.3318615,0.121677993,0.087622912,0.030892783,0.127753456
FAM83H,1199.34263,-0.118065958,0.08193148,0.030895716,0.127753456
ZFP36L1,5422.859994,-0.130203301,0.105140437,0.030905657,0.127753456
CEP57L1,409.8736634,0.131224289,0.147169164,0.031009539,0.128129415
RCN1,2545.421153,0.103657018,0.063861344,0.031032698,0.128129415
ZGPAT,1167.140455,-0.115193236,0.077140034,0.03103564,0.128129415
CDS1,378.6161967,0.133874191,0.120443682,0.031047131,0.128129415
ROGDI,751.8401815,-0.118027465,0.082175783,0.031099348,0.128292713
APAF1,762.6285864,0.119770379,0.08519276,0.031178769,0.128568061
CCDC43,831.7044457,0.124126579,0.08764653,0.031228856,0.128722272
THOC2,1773.412245,0.116429522,0.079879881,0.031286704,0.128908339
ALDOA,31397.57203,-0.108669526,0.064075955,0.031306964,0.128939442
ABCB8,1644.78611,-0.105501875,0.066010413,0.031336488,0.129008657
ATP8B3,106.865565,-0.070866808,0.122448684,0.031349678,NA
MILR1,1267.650515,0.104663699,0.065081945,0.031378405,0.129128818
ZNG1B,875.8851161,0.119841519,0.084573397,0.0314449,0.129342663
NMD3,1350.962198,0.113802931,0.07656697,0.031455871,0.129342663
CASTOR2,377.2797055,-0.131580451,0.159422116,0.031503173,0.129467895
RNF44,4075.818002,-0.120328432,0.084089259,0.031511853,0.129467895
AGPAT2,2557.608103,-0.098222636,0.058529713,0.031611356,0.129824129
TSPOAP1,73.15061547,-0.062547954,0.113255741,0.031652899,NA
B4GALT5,3753.461884,0.091444529,0.05250582,0.031689999,0.130094436
BCL2L15,43.78982587,0.042326976,0.095788135,0.031707572,NA
SAMD4B,1869.188681,-0.112053858,0.074241662,0.031707848,0.130105509
PSMD5,1008.931378,0.113597009,0.07654809,0.031718348,0.130105509
MT1E,55.80349194,0.059633748,0.110325004,0.031737969,NA
WDPCP,250.6049835,0.133627184,0.128725138,0.031792531,0.130310202
PLPP1,317.1580319,-0.128550107,0.103938944,0.031793942,0.130310202
RPL24,6431.775254,0.107838526,0.069091689,0.031813188,0.130336422
ZG16B,9.313240385,-0.026822327,0.087158383,0.031817233,NA
RASSF6,9.259457551,-0.025491562,0.086573224,0.031920657,NA
ZZEF1,3493.248546,-0.101764414,0.063183685,0.031931466,0.130714868
PIK3CA,1155.137006,0.113349525,0.076626098,0.031944168,0.130714868
TNFSF15,1167.880316,0.124800729,0.093913858,0.031944219,0.130714868
GFAP,29.64241429,-0.037344457,0.092617499,0.031966251,NA
PKN1,9811.47347,-0.100096955,0.066760149,0.031978637,0.130778306
LMF1,465.4193727,-0.131775026,0.111756807,0.031985506,0.130778306
RALY,4977.135619,-0.090720075,0.052028412,0.032035373,0.130929419
SOCS5,515.4070803,0.120836863,0.088279164,0.032066182,0.130981425
PLA2G15,5035.957394,-0.095790055,0.056610924,0.032073922,0.130981425
GADD45GIP1,887.8720668,0.116582606,0.0811581,0.032104113,0.131051961
BCAP29,1035.961983,0.108339931,0.070030159,0.03212457,0.131068667
TGDS,335.89315,0.131195834,0.115830393,0.032134047,0.131068667
ZBTB10,442.925493,0.124197985,0.094702733,0.032171384,0.131168216
SNRPE,803.3857611,0.128181456,0.106662939,0.032232857,0.131366052
SOWAHD,627.3742222,-0.113396128,0.076915597,0.032247819,0.131374249
HARS1,1874.215032,0.094638689,0.055730754,0.032295629,0.131516204
TNS1,1944.026474,-0.131194838,0.109494795,0.03232661,0.131550364
PRNP,4153.711895,0.102403565,0.062602341,0.032329954,0.131550364
DNAJA1,5104.956404,0.099927167,0.060949268,0.032448022,0.131874878
MAPK7,1030.923726,-0.123048247,0.092675573,0.032459306,0.131874878
DDHD2,882.2218129,0.129476204,0.110947605,0.032461769,0.131874878
ATG4D,583.5372803,-0.127165949,0.104375151,0.032473596,0.131874878
MAST2,2335.915651,-0.112412323,0.075121275,0.032474709,0.131874878
HIP1,76.68578131,-0.044363288,0.097205464,0.032495393,NA
SERF1A,130.2220327,0.117449968,0.166775561,0.032504695,NA
MRPS6,5554.883208,0.121223091,0.090050493,0.032507699,0.131956024
TTC3,4530.689406,0.110458634,0.070759975,0.032569838,0.132155374
MROH1,3077.359821,-0.116015375,0.080785997,0.032638927,0.132382756
ARC,46.31454137,-0.035146597,0.091294915,0.032645458,NA
SMIM15,1919.620248,0.117753791,0.084139002,0.032667802,0.132415923
SRP19,966.4308525,0.112631852,0.076527988,0.03267849,0.132415923
SPCS1,1578.271896,0.105870079,0.067675792,0.032686265,0.132415923
AMPD3,3487.50348,-0.0904568,0.051899007,0.03270184,0.132423627
CCDC9B,899.219916,-0.113618,0.077754485,0.032714275,0.132423627
MCM10,227.0899833,0.06083285,0.111120881,0.032749441,0.132513097
COP1,1364.67811,0.096416766,0.057534446,0.032812368,0.132667343
TRIP11,1272.617954,0.125896161,0.098692733,0.032813719,0.132667343
GTPBP6,1726.262098,-0.094637343,0.055526267,0.032835308,0.132701738
EIF3J,2090.201349,0.125955176,0.104180923,0.032851666,0.132714973
MT1H,80.16327942,0.061311721,0.111779722,0.032882593,NA
TNFRSF10A,222.5490646,0.103960159,0.158551079,0.032883057,0.132788907
SLC2A10,30.4660239,-0.043619178,0.096658892,0.032906691,NA
PYROXD2,36.22686878,-0.040959812,0.094820499,0.032918981,NA
TLK1,1370.508313,0.11533873,0.084244676,0.032930809,0.132928821
BNIP2,3139.722485,0.106363509,0.068208652,0.032974295,0.133051412
PNKP,1260.536015,-0.108229925,0.07039625,0.033029586,0.13321722
FAAP20,682.6410829,-0.114350357,0.079211566,0.033041653,0.13321722
TMEM268,969.0497288,0.102493044,0.064152196,0.033075632,0.133301235
PAK1IP1,460.4486533,0.130587992,0.120560986,0.033125512,0.133449243
MCRS1,1549.657836,-0.103479656,0.064997597,0.033166739,0.133520813
RBPJ,3946.235368,0.103832078,0.066023098,0.033169603,0.133520813
GPR150,61.88882403,-0.070420201,0.121492987,0.03323606,NA
CHMP1B,2592.160299,0.095753058,0.057290496,0.033269911,0.133871471
LYN,7247.544368,0.092320917,0.053996564,0.033306165,0.133912439
DIP2B,3062.532644,0.083541641,0.047074606,0.033306495,0.133912439
SLX1B,990.7198635,-0.120903375,0.091083072,0.033343811,0.134009359
SNRNP200,7446.32474,-0.090182682,0.052501494,0.033360643,0.134023906
ATG9A,2093.658028,-0.119515462,0.088326732,0.033397948,0.134120657
FRMD3,10.6950783,0.025242341,0.086482526,0.033418969,NA
CCNL2,3971.997831,-0.097486232,0.059014903,0.033469436,0.134354552
PPIL2,1724.147362,-0.109690583,0.072459254,0.03349283,0.134395282
ATXN7L3B,2019.226591,0.084738636,0.047751232,0.033521739,0.134405909
CCDC88A,15839.41896,0.100317143,0.062373504,0.033521979,0.134405909
ZNF688,528.9765761,-0.133819304,0.1243314,0.033570108,0.134503569
FAM98C,393.9382808,-0.120204383,0.162616152,0.033572855,0.134503569
TARBP1,737.4162884,0.129690234,0.136648218,0.0336064,0.134584809
FOXJ2,948.0072423,-0.113046943,0.076061822,0.033626339,0.134611515
TBXAS1,4003.115861,-0.10264303,0.064181668,0.033654447,0.134670893
STON1,57.42853756,-0.075864425,0.12785716,0.033661659,NA
N4BP2L2,2925.972608,0.101091207,0.063251783,0.033669589,0.134678358
CDC34,1548.195129,-0.090991982,0.053055834,0.033692934,0.134713218
WDTC1,2423.913018,-0.103810099,0.066326239,0.033704865,0.134713218
LRRC58,1740.387953,0.112065393,0.07664277,0.033745038,0.134819688
ATP6V1F,14354.82809,-0.087615792,0.050292995,0.033758084,0.134819688
XPO4,849.0037651,0.112888043,0.077553042,0.033783076,0.134866399
MLXIP,3790.21198,-0.116417203,0.084129298,0.033846345,0.135065826
ZUP1,290.6103781,0.128345257,0.113706245,0.03387734,0.135136349
SMPD4BP,202.9979855,-0.126008527,0.157111615,0.033936352,NA
ARFIP1,1095.550839,0.107879849,0.071417992,0.034011562,0.135580079
SLC16A1,1174.100285,0.108539208,0.07207586,0.03401531,0.135580079
FADS3,1179.998809,-0.098584947,0.061091045,0.034051119,0.135669502
CUL3,2020.481496,0.122242378,0.095429984,0.034069011,0.135687493
VGLL4,1838.538126,-0.121330704,0.094765026,0.034082732,0.135688866
TSPAN6,164.0312388,0.121499029,0.15889437,0.034089723,NA
EXOC5,2514.292234,0.102477498,0.064927312,0.034098863,0.13569983
SUPT6H,7101.365326,-0.084198912,0.047706698,0.034154262,0.135866994
MICOS13,1145.412642,-0.119655266,0.089847835,0.034207688,0.13602618
RASGRP4,180.1136663,-0.097318005,0.153570987,0.034223017,NA
CSRP1,2051.984719,0.108709331,0.072339591,0.034275145,0.136238011
PHYKPL,1216.952799,-0.117178119,0.085493475,0.03428782,0.136238011
KCNK12,14.8497758,-0.029591537,0.088362123,0.034294545,NA
STK3,355.6702913,0.128392086,0.120258954,0.034324767,0.136331418
EIF3G,4347.413584,-0.097451876,0.058913959,0.034402527,0.136586165
TCEAL4,1614.264671,0.103130939,0.065859815,0.034415836,0.136586165
G3BP2,4241.333693,0.091193041,0.056345374,0.034441149,0.136633169
C1orf127,106.7647409,-0.089781152,0.143808449,0.034514202,NA
CACFD1,198.4837351,-0.127780717,0.143770046,0.034518777,NA
FBXO44,301.7255163,-0.129161856,0.123355078,0.034553751,0.137026288
LRRC41,2006.255415,-0.096288581,0.058554983,0.034575937,0.137060692
JPT1,1784.723725,-0.112086121,0.077771825,0.034590325,0.137064163
TRMT10C,512.2091498,0.12739872,0.113032484,0.034633416,0.137181326
TFE3,3308.817996,-0.100536627,0.063337335,0.034717311,0.137459956
PIN1,1809.084135,-0.097038066,0.05932148,0.034810853,0.137730172
ZYG11B,1502.037598,0.105103024,0.068440704,0.034812713,0.137730172
ARFGAP2,2766.241458,-0.094828087,0.056323105,0.034826698,0.137731785
CCDC200,370.1888369,-0.127503191,0.118137196,0.034880106,0.137889241
SEPTIN7,4119.894215,0.089312522,0.051733532,0.034964772,0.1381701
COPRS,1154.803605,-0.096760342,0.059873444,0.034988721,0.1382109
DHX33,621.2470984,0.115557366,0.083806523,0.035031276,0.138325133
CNOT11,1126.571652,0.102894292,0.06607106,0.035071671,0.138415527
USP25,2576.661801,0.101552503,0.064474035,0.035089963,0.138415527
ARMC7,530.4478525,-0.12108798,0.092659279,0.035095104,0.138415527
OR4K13,8.664845405,-0.026187016,0.086857553,0.035141312,NA
TBC1D10C,696.7925468,-0.126816076,0.11237124,0.035146493,0.138564332
TESK2,654.935849,-0.123425762,0.101437121,0.035186949,0.138669933
RBM10,1448.367787,-0.108483286,0.073220729,0.035246772,0.138851751
SPPL2A,3084.875919,0.096561403,0.058830364,0.035305293,0.138953069
TXNDC12,2798.961061,0.096836062,0.059630824,0.035307468,0.138953069
UBE3A,2109.801963,0.091125821,0.053860265,0.035313586,0.138953069
MFSD5,1026.109433,-0.108776092,0.073499287,0.035363043,0.139093723
PTRHD1,640.0582676,0.122383768,0.107556479,0.035387245,0.139108622
STRN4,3088.477564,-0.10949366,0.074799831,0.035394258,0.139108622
PTER,834.1300307,0.125016163,0.108044046,0.035422614,0.139127383
KLHL17,422.9204652,-0.128156769,0.140705385,0.035426462,0.139127383
ELP5,1095.083579,-0.107648644,0.072049121,0.035465335,0.139226146
GIMAP8,1079.091727,0.110600405,0.076588754,0.035502519,0.139318204
SLC35A4,2274.636696,-0.093731377,0.056565823,0.035579451,0.139566107
ICMT,2470.220255,0.102911267,0.066874246,0.035598114,0.139585339
SAXO4,74.78325769,-0.086775988,0.139090945,0.035612961,NA
RIMBP3B,97.1334229,-0.09794041,0.15115254,0.035656953,NA
DIRAS2,100.5689179,0.086345803,0.138944745,0.035718919,NA
NPEPPS,3728.021938,-0.107879517,0.072986029,0.03574769,0.140117684
ALOX5AP,11457.61929,0.115485755,0.087361096,0.035778696,0.140132161
SLC35F2,593.6088575,0.114146652,0.082971486,0.035785202,0.140132161
BTBD6,1213.85821,-0.093550564,0.056275468,0.035792826,0.140132161
LPAR6,2048.039097,0.113447922,0.08150185,0.035896657,0.140484449
DUSP13B,73.36367729,0.055220143,0.105737435,0.035956068,NA
COPS4,750.2341167,0.108520963,0.074167441,0.035959698,0.14067689
RHBDL2,31.80875905,-0.042428909,0.095698098,0.035984157,NA
FANCF,198.9432185,0.125443743,0.141245762,0.036088284,NA
CIAO2A,2010.747737,0.125297324,0.11385779,0.036133538,0.141302472
ZFTRAF1,1834.000638,-0.107642916,0.072826676,0.036166536,0.141377011
SEPTIN9,8870.316853,-0.094963853,0.058005835,0.036182099,0.141383362
ZW10,562.758644,0.120271076,0.096135464,0.036225434,0.141498191
FKBP6,42.75047924,-0.054218438,0.104850735,0.036237469,NA
RGL3,660.4820119,-0.120472671,0.17078638,0.036247932,0.141516425
POC1B,632.6421193,0.122752687,0.108133943,0.036263407,0.141516425
PRICKLE3,404.2151707,-0.12671626,0.125532512,0.036271954,0.141516425
POLR1A,1753.756894,-0.126745658,0.132413394,0.03631143,0.141555545
ELF4,2882.501357,-0.091289067,0.05493842,0.036314413,0.141555545
SLC25A33,388.5791043,0.12228702,0.101730833,0.036323845,0.141555545
MRPL54,835.6915061,0.110883412,0.077972448,0.036376977,0.141708163
FAM131A,642.063683,-0.113062123,0.0811986,0.036428836,0.141842997
ADARB1,1569.351342,-0.114191127,0.082576548,0.036439555,0.141842997
SAMD9,2564.694077,0.124297479,0.114260272,0.03646342,0.141881445
SETD7,2788.410083,0.0943184,0.057791776,0.036564248,0.142219222
PARP9,5976.616175,0.111369861,0.079527245,0.036609296,0.142339862
E4F1,960.5982803,-0.122921378,0.1050983,0.036623694,0.142341286
TBCCD1,335.6329783,0.125544887,0.116101757,0.036650909,0.142343263
CYB561,428.5314625,-0.123967265,0.108594353,0.036652268,0.142343263
ZHX3,664.8370742,-0.124588947,0.141333794,0.036693555,0.14240616
LRRC37A3,395.6527819,0.124251257,0.138920499,0.03669654,0.14240616
CCDC65,69.6585661,-0.072174277,0.122372453,0.036705085,NA
CEP295,626.0815947,0.11118438,0.078681595,0.036787521,0.142666438
NCLN,3714.254382,-0.102441334,0.066877676,0.036791739,0.142666438
RPL5,10211.4884,0.099532268,0.062170236,0.036829396,0.142743204
DDX3X,11822.73424,0.071798284,0.043556674,0.036839679,0.142743204
RASGEF1B,2402.80494,0.111631866,0.074472034,0.036861771,0.142774267
EIF3E,4748.209275,0.10133442,0.065764481,0.036908465,0.142890455
CHID1,2010.426381,-0.105558041,0.070799336,0.036919941,0.142890455
RBX1,1721.596482,0.10387802,0.068308147,0.036982614,0.143061203
TRUB1,370.5752505,0.121490849,0.144175541,0.037015981,0.143061203
HNRNPL,11136.50462,-0.079887049,0.043875602,0.037025707,0.143061203
RNF13,5773.993802,0.089800073,0.053755366,0.03703276,0.143061203
PPIL1,614.5262374,0.121014428,0.107471938,0.037045339,0.143061203
WRN,373.8920347,0.116347162,0.152089069,0.037048677,0.143061203
CYTH2,2420.692192,-0.092134279,0.055566021,0.037064128,0.143066405
RER1,3258.197295,0.073467359,0.040295476,0.037083844,0.14308806
SPINK5,65.69176188,-0.047327648,0.099090159,0.037104642,NA
MFSD14A,1406.196866,0.098193621,0.062214175,0.037120579,0.143175345
ZNF286A,187.5452903,0.085716113,0.136779709,0.037127596,NA
DOK1,2405.175532,-0.10504956,0.070673046,0.037154915,0.143209247
METTL2A,412.1783669,0.123101617,0.107751914,0.03716953,0.143209247
THOC1,736.248293,0.105727159,0.071049837,0.037171722,0.143209247
ZFP69,129.0133952,0.108649671,0.154251059,0.037222562,NA
LRRC40,441.2722253,0.124817796,0.118290795,0.037225472,0.143315239
MYL12A,9095.529986,0.112533959,0.07780277,0.037236046,0.143315239
CTDNEP1,3768.257561,-0.103711356,0.069004211,0.037255573,0.143315239
EIF4ENIF1,710.5975827,0.119920874,0.097483138,0.037256363,0.143315239
POLR2J2-UPK3BL1,376.6924404,-0.106956075,0.151426979,0.037269874,0.143315239
RFC5,333.0999802,0.123209962,0.107728746,0.037321477,0.14345929
NDUFB8,3027.241075,0.100439774,0.064656518,0.037343254,0.143488625
ORC4,606.7532678,0.124664922,0.126273074,0.037369227,0.143534056
DR1,2180.972675,0.085502009,0.050081769,0.037413811,0.143551124
PRKCI,579.7030448,0.111630588,0.153741906,0.037416226,0.143551124
ZNF664,2602.172881,0.093895549,0.057909541,0.03742255,0.143551124
RPL37A,10539.92635,0.098141169,0.062301225,0.037430276,0.143551124
VEGFB,2203.291628,-0.09489849,0.058982076,0.037507037,0.143791152
UNC13D,1167.557185,-0.113052036,0.083147487,0.037544235,0.143864648
SGSM3,1687.636542,-0.114123045,0.084478336,0.037554573,0.143864648
ASPM,1428.065962,0.095494163,0.061273914,0.037600483,0.143986145
GYS1,1643.840354,-0.113855843,0.084077208,0.037636943,0.144071378
SLC27A1,1734.963461,-0.124735632,0.106090403,0.037682351,0.144190783
IARS2,3260.807903,0.093111908,0.057221507,0.03773656,0.144296762
GNL3,1314.821607,0.109032214,0.076765472,0.037738496,0.144296762
DTX2,1897.755829,-0.108776185,0.075965139,0.037775439,0.144383593
TMEM87A,1470.124534,0.10688721,0.073710888,0.037814254,0.144477512
ARF1,12846.65097,-0.08338821,0.048921043,0.037831258,0.144488057
PTPRN,29.83607897,-0.041982535,0.095264958,0.03783652,NA
PTPRJ,6982.870933,0.076816167,0.042967545,0.037906227,0.144719897
MRPL47,717.5957041,0.123637612,0.115208349,0.037929421,0.144753968
KCNMB1,503.1022177,0.122242426,0.108181731,0.037963828,0.144829595
NUTM2A,100.1699229,-0.080547585,0.131005516,0.037967681,NA
PPP1R13B,935.5468043,-0.120649146,0.099236394,0.037977792,0.144829595
PPP2R3A,359.3309682,0.123708579,0.12512303,0.038018505,0.144885809
DPY19L1,573.4470897,0.119946678,0.100547191,0.038021099,0.144885809
DIPK2A,706.5603643,0.111745402,0.081868235,0.038043968,0.144918517
MYL4,6.924476564,-0.02085805,0.084837923,0.038110285,NA
GET4,1294.858493,-0.098717609,0.062478292,0.038148105,0.145260653
MMP23B,13.83586343,-0.031556983,0.089245172,0.038160705,NA
PLPP4,318.6156107,0.111268321,0.152724437,0.038185793,0.145349598
PSMD3,4709.825407,-0.083458737,0.049445539,0.03826166,0.14558375
MAP1LC3A,199.7925358,-0.116290231,0.150980552,0.038323739,NA
MMP14,41496.02016,-0.092717892,0.054927913,0.038373194,0.145953384
MNDA,1279.621977,0.118009438,0.095488826,0.038404346,0.14597356
PIK3C2B,1148.942202,-0.111499952,0.082082007,0.038407278,0.14597356
EFL1,703.7731332,0.119087358,0.097990745,0.038431963,0.145986717
PSMD13,2670.283429,0.099917271,0.065210616,0.038440133,0.145986717
MANEA,799.4358486,0.111891882,0.082881681,0.038453915,0.145986717
VPS35,4634.791514,0.084446915,0.050262031,0.038510149,0.146060582
MSANTD4,545.4556131,0.114623196,0.087559812,0.038510304,0.146060582
PKIB,364.5163021,0.105683175,0.153211615,0.03852674,0.146060582
CFAP36,544.9579811,0.113594354,0.085347724,0.038530966,0.146060582
ERLIN1,1154.171931,0.101241375,0.066858285,0.038575445,0.146136583
B3GNT5,3333.426165,0.096776156,0.061044667,0.038579828,0.146136583
PRR5L,659.8836176,-0.118628008,0.0962942,0.038626427,0.146258484
PAICS,1385.235105,0.118092811,0.096355259,0.038643682,0.146269219
TLR5,135.0263351,-0.062972725,0.112577459,0.03868274,NA
VAMP8,6090.27145,0.092307471,0.056880427,0.038689895,0.146389516
GSPT1,3886.728119,0.101090881,0.06704716,0.038752539,0.146571871
PDE1B,1912.35265,-0.123478631,0.119902197,0.038783025,0.146591429
SH3RF1,381.3271421,-0.120869704,0.100618126,0.038793793,0.146591429
ITGB2,74214.03532,-0.092687556,0.050003084,0.038806724,0.146591429
AGGF1,1068.871505,0.103858326,0.069841012,0.038827526,0.146591429
FIS1,2279.905104,-0.096682388,0.061965832,0.038873108,0.146591429
ENKD1,216.8847878,-0.120821138,0.124326465,0.038879861,0.146591429
SERTAD3,841.8276817,-0.108599775,0.076561749,0.03890109,0.146591429
IGFLR1,524.0523648,-0.123494181,0.1228307,0.038906106,0.146591429
SERPINB8,1498.164358,0.10449266,0.071359277,0.038918444,0.146591429
RALGDS,3021.352014,-0.100691377,0.066291559,0.038923483,0.146591429
TMEM51,2993.508008,-0.086653423,0.051541891,0.03894063,0.146591429
GUSB,7849.253331,-0.071736938,0.039619565,0.038948596,0.146591429
C20orf96,255.0550003,-0.123364341,0.123580401,0.038949342,0.146591429
TANK,1735.41795,0.110997466,0.081700033,0.038960025,0.146591429
SRPK1,703.163243,0.121761658,0.130731587,0.038997201,0.146676903
SPATA33,165.4452034,-0.118216234,0.148332667,0.039113916,NA
TRADD,844.5785437,-0.103660642,0.070217493,0.039124096,0.147051266
STK25,2282.492875,-0.105975531,0.072433462,0.039125726,0.147051266
LIN9,157.5696013,0.11603974,0.148019452,0.039151455,NA
FAM20B,1319.690954,0.094715724,0.059316111,0.039161188,0.147094852
MEX3C,955.8785646,0.103669873,0.070498936,0.0391737,0.147094852
TDRD6,2084.880118,0.118437052,0.096676543,0.039192798,0.147094852
SIAH2,655.7436356,-0.118854888,0.132273661,0.039195326,0.147094852
MARK2,2492.273513,-0.089435662,0.054361722,0.039214222,0.147111344
NUPR2P1,10.15330546,-0.024669236,0.086214387,0.039221303,NA
MBD4,2455.530426,0.097616704,0.062896696,0.03924191,0.147160788
TIMM17A,1798.761417,0.102041211,0.06864114,0.039276264,0.147220065
CFAP410,1157.373309,-0.102658335,0.06904753,0.039286743,0.147220065
TDO2,3355.938003,0.116867621,0.102352068,0.039317149,0.147279601
PRDX2,1771.885709,-0.09302359,0.059337165,0.039353478,0.147361271
CTSC,30193.20899,0.097977245,0.063528118,0.039374571,0.147385847
LIN7C,521.5855423,0.108627219,0.077717538,0.039483489,0.147739031
GDI1,3219.638604,-0.097092236,0.062069814,0.039507095,0.147759633
BCOR,1596.785554,-0.100877118,0.06672775,0.039518127,0.147759633
HMGN3,1622.469922,0.105679868,0.074014492,0.039555778,0.147837834
NSUN5P2,155.4281117,-0.117095613,0.147468922,0.039569864,NA
LXN,325.6315381,0.121584197,0.115376855,0.039582365,0.147837834
MRPS21,1316.305126,0.116646151,0.086914645,0.039582764,0.147837834
CHAC2,60.89914562,0.071395601,0.12099902,0.039603069,NA
TANGO6,395.4666445,0.121689839,0.1223019,0.039618727,0.147885952
SPAST,729.5155867,0.102644816,0.069374279,0.039624805,0.147885952
GOLT1B,1072.659078,0.099463829,0.065423178,0.039649915,0.147913376
COG1,765.0498081,-0.106138939,0.074291265,0.039661315,0.147913376
GALNT10,1873.606686,0.114216559,0.089342143,0.039702375,0.147979087
DTWD1,289.3696541,0.120381964,0.108953585,0.039708111,0.147979087
NDUFA6,1509.982053,0.102093651,0.068748865,0.039741099,0.148009637
CORO1C,13979.23323,0.0836596,0.049235218,0.03974549,0.148009637
CCR5,2882.363784,0.09264238,0.057893959,0.039797685,0.14814962
LASP1,17645.53046,-0.078409238,0.046827157,0.039820228,0.148179159
FRG1HP,74.77775081,0.081074671,0.131022635,0.039851276,NA
RPS21,3965.07806,0.104301989,0.072044267,0.039881533,0.148352868
IQCB1,424.7621598,0.119843879,0.106070282,0.039947884,0.14854521
SNX11,1211.052644,0.101818104,0.068680627,0.040011952,0.148728925
GFM1,1884.158309,0.088572017,0.054291103,0.040091529,0.148970137
CHCHD5,599.1092515,-0.111773184,0.083408875,0.040129046,0.149002893
BBC3,583.9572762,-0.116226101,0.087860809,0.040129722,0.149002893
ABI3,4835.228259,-0.105567896,0.073840401,0.040167404,0.149088235
TAOK2,2891.716646,-0.103385016,0.070848976,0.040201233,0.149159221
BBLN,1345.262073,-0.092310506,0.057462179,0.040223106,0.149185808
SH3KBP1,4489.060933,0.10709369,0.075538592,0.040248257,0.149224533
SPDYE10,97.53240208,-0.07082433,0.120078907,0.040287058,NA
INTS10,1484.972552,0.100466441,0.066981647,0.040289408,0.149300949
OPA1,1749.630893,0.111405485,0.083712372,0.040298304,0.149300949
CEP83,161.3327279,0.080828373,0.130687092,0.040316487,NA
PIDD1,463.2292149,-0.120191481,0.130499693,0.040331666,0.149363753
TMEM198B,230.8858175,-0.12075853,0.124363891,0.040353697,0.149363753
SERPINF1,314.3131132,-0.121492461,0.122577422,0.040359429,0.149363753
ZNHIT6,570.2160448,0.110868717,0.08311744,0.04040706,0.14948549
FAM98B,642.5211994,0.120601425,0.125670672,0.040434293,0.149531704
FOXK1,1762.123212,-0.104760038,0.073407746,0.040467161,0.149598717
TOP2B,3578.33712,0.083272028,0.049258958,0.040487015,0.149617588
E2F2,359.3220744,0.114317465,0.144487822,0.040506844,0.149636355
MRPL41,1972.561813,-0.093431401,0.059025984,0.040536426,0.14969112
NEURL4,1293.200091,-0.118229072,0.103769086,0.040664338,0.150085259
MARVELD1,1907.618158,-0.097864104,0.063715188,0.040675986,0.150085259
KLHL38,54.88457184,-0.071862843,0.121257198,0.040688286,NA
RANGAP1,4078.080777,-0.071762442,0.040757343,0.040708651,0.150085259
HPGDS,2786.743568,0.098724584,0.064579593,0.040709284,0.150085259
RAB11FIP3,567.5306944,-0.119767152,0.097492726,0.040727571,0.150085259
KCTD10,2127.247499,-0.103627863,0.071963297,0.040731932,0.150085259
MGRN1,3262.843715,-0.11943814,0.096169604,0.040765332,0.150153786
SGSM2,2353.0055,-0.112104111,0.084938427,0.040836793,0.150362406
SKIC8,776.6062914,0.104444029,0.073095731,0.040896617,0.15052804
DHPS,1164.128135,-0.093089562,0.058965366,0.040922134,0.150532947
STAT6,7697.018515,-0.088376314,0.053007133,0.040927629,0.150532947
MOSMO,200.3626804,0.120771461,0.130186827,0.04094741,NA
GATD1,1253.513345,-0.116790707,0.10510028,0.040976347,0.150657509
GFOD3P,302.8919187,-0.120998482,0.113121738,0.041036155,0.150822736
ZNF606,171.3374947,-0.109129823,0.146412254,0.041046641,NA
SEC16A,4919.538837,-0.118927875,0.092871991,0.04106817,0.150885736
HUNK,23.27055847,-0.0414783,0.094857205,0.041134212,NA
VPS37A,1164.050156,-0.106474389,0.076076354,0.041187804,0.151243926
AGO4,1760.597332,0.115082512,0.136489059,0.041207207,0.151243926
CCL2,4534.269187,0.045581901,0.097702949,0.041210392,0.151243926
PAK4,605.0264735,-0.120683452,0.115790189,0.041246556,0.151273902
HERC1,3660.293162,-0.107850043,0.078754855,0.041251953,0.151273902
SHB,755.7101531,-0.107531233,0.078462594,0.041263297,0.151273902
C1GALT1C1,607.7364205,0.114058051,0.091998472,0.041294541,0.151300445
STRADB,490.9040134,0.119711049,0.1127231,0.041300368,0.151300445
ZNF441,73.08565025,0.062435972,0.11158499,0.041306799,NA
MTMR9,454.1628462,0.111549676,0.085980896,0.041318502,0.151312231
UBE2K,2816.768396,0.096848113,0.063819855,0.041400598,0.151500161
B3GALNT2,673.1728816,0.119460502,0.113794388,0.041400831,0.151500161
HNRNPU,12061.03925,0.085532847,0.051602198,0.041414624,0.151500161
RRM1,1392.899326,0.11752959,0.105861452,0.041444123,0.151531012
SRGAP3,239.1389966,-0.11576607,0.139033227,0.041452934,0.151531012
MRPS9,419.0345982,0.118531089,0.106735608,0.041472441,0.151547711
HLCS,581.8771464,0.114750335,0.095995313,0.041488123,0.15155042
JMJD7-PLA2G4B,381.9694073,-0.098407448,0.144900848,0.04151594,0.151597443
ACCS,193.655708,-0.101216046,0.145410343,0.041516252,NA
GPN3,1078.721813,0.100629181,0.068321251,0.041597087,0.151839099
HECW2,25.42251702,0.026800027,0.087004671,0.041618841,NA
DDX52,1168.437782,0.110361473,0.084123228,0.041638911,0.151907713
EDEM1,2808.208601,0.102635551,0.071420955,0.041645835,0.151907713
EBNA1BP2,961.3905141,0.094072884,0.061645131,0.041713635,0.152100328
AADAT,34.53823439,0.051487237,0.10209742,0.041727141,NA
MYCBP,519.7941015,0.116159751,0.099551086,0.041772126,0.152244339
GALM,3196.572099,0.09176411,0.05802545,0.041794396,0.152244339
DDX47,1024.215725,0.096527272,0.063632695,0.041798155,0.152244339
PSMD1,3045.579736,0.094619999,0.060994889,0.041857769,0.152392383
GAB1,292.7401914,0.107068694,0.145365941,0.041868846,0.152392383
CSF3R,894.4756742,-0.118651999,0.109216195,0.041973242,0.152717563
USP47,1943.430889,0.102380939,0.070943276,0.042000236,0.152760986
BCAT2,690.9123154,-0.112122216,0.087303221,0.042032015,0.152767548
ARHGEF40,3550.985309,-0.097771428,0.064557863,0.042041202,0.152767548
UBE2I,3624.383159,0.099303598,0.066624081,0.042047219,0.152767548
LRFN4,1502.038388,-0.110419254,0.084681186,0.042085584,0.152852189
MTSS1,1613.700071,-0.106195015,0.076199691,0.042139454,0.152993063
PRPSAP2,539.6756588,0.115069781,0.09780135,0.042216577,0.153218233
PARP2,629.6138064,0.115833084,0.099848287,0.04225136,0.153289628
CCDC34,235.7264752,0.11756946,0.127008689,0.042298698,0.153406504
PRKCE,176.5985636,-0.106038841,0.147445473,0.042346201,NA
NDUFA13,3200.218438,-0.083450667,0.04976417,0.042363977,0.153588342
ZCCHC4,270.6434071,0.117139873,0.129799361,0.042466405,0.153904684
ANG,88.94991541,-0.094703053,0.141555746,0.042471661,NA
CLIP3,40.77054411,-0.037244429,0.092215632,0.04254083,NA
LYAR,999.0769037,0.109963111,0.084721597,0.042547238,0.154142566
PHACTR1,825.926747,-0.113630417,0.092595534,0.042576119,0.154192128
GSTP1,5466.238267,-0.079051546,0.046441901,0.042606439,0.154229155
PRPF6,2793.32913,-0.076881158,0.052511852,0.042616751,0.154229155
ANKS1B,12.41086056,-0.029034017,0.08798123,0.042629632,NA
JOSD2,724.220429,-0.105653868,0.076265061,0.042640304,0.154259359
GIMAP2,878.7445459,0.109513679,0.083398145,0.042705018,0.154438397
CLIC4,8265.060207,0.100721097,0.069537213,0.042728267,0.15445384
FDX1,3274.335667,0.101679606,0.070078095,0.042739741,0.15445384
SLC48A1,776.9110072,-0.114350146,0.095723223,0.042789588,0.15451377
MSH6,1203.492109,0.094374658,0.061926759,0.042803114,0.15451377
FER,537.1711673,0.115692684,0.126776787,0.042804312,0.15451377
TTLL3,1017.04595,-0.117556342,0.108075364,0.042822616,0.15451377
NPL,4281.968498,-0.0827457,0.050406704,0.042832484,0.15451377
ZBTB18,335.1899688,-0.117253155,0.106686843,0.042886963,0.154655297
GTPBP3,471.8462768,-0.113536593,0.093460804,0.04294331,0.154781346
MRC2,8922.108461,-0.118412517,0.118662005,0.042952434,0.154781346
CCDC183,113.1224296,-0.092689621,0.139541422,0.043012012,NA
ZNF710,5614.382407,-0.089365136,0.056282876,0.04314064,0.155379898
HAPSTR1,3600.538016,0.087469473,0.054495335,0.04316218,0.155379898
MT-CYB,110538.8642,-0.090749296,0.054636889,0.043164487,0.155379898
PIAS3,512.940887,-0.109739162,0.091687921,0.043194095,0.155431323
PLXND1,14778.52776,-0.082282473,0.049472033,0.043239269,0.155484181
TSPO,4407.488284,-0.084619459,0.051074567,0.043239439,0.155484181
EAF2,108.7137769,0.092584745,0.138361096,0.043269229,NA
ZDHHC7,3989.408113,-0.083136813,0.050309631,0.043356454,0.155849705
STK38L,1994.219544,0.101725497,0.070531429,0.043385566,0.155852038
KMT2C,2874.059588,0.100632604,0.069937443,0.043387831,0.155852038
SIPA1,5545.750661,-0.112369594,0.092204358,0.043466441,0.156079141
TRAPPC14,1670.651288,-0.110856941,0.085795327,0.043483199,0.156084066
NPRL3,1258.697648,-0.098067812,0.066679591,0.043525114,0.156179257
MIER2,1162.320912,-0.117014248,0.105463883,0.043597333,0.156356012
SUCLG1,1247.737418,0.099134558,0.067896387,0.043609639,0.156356012
TREX1,775.6183767,-0.107639578,0.081000311,0.043635114,0.156356012
PARP10,3501.25256,-0.111802736,0.093193469,0.043641325,0.156356012
DLGAP5,743.1433471,0.112664024,0.093563019,0.043651442,0.156356012
REEP4,1775.124684,-0.09415006,0.061362565,0.043721255,0.156550798
B3GNT9,163.7293363,-0.111639201,0.139139075,0.043736996,NA
CCDC112,494.3686019,0.113465929,0.133467302,0.043744878,0.156580115
DNAJB6,3761.058624,0.103806684,0.074104503,0.043807037,0.156731423
SCLT1,484.086676,0.115759846,0.103159299,0.043818052,0.156731423
CLDND2,12.51925153,-0.029508682,0.088162906,0.043891465,NA
CTC1,681.8248532,-0.116672533,0.117249394,0.043909833,0.156926659
ARL2,739.5699022,-0.104077024,0.0754472,0.043937626,0.156926659
GOPC,1151.166105,0.098929337,0.06789483,0.04395244,0.156926659
TMEM187,275.227707,-0.105662053,0.142893334,0.043953412,0.156926659
UBR2,1786.946977,0.088430149,0.056047829,0.043966182,0.156926659
MDK,345.3286362,-0.114129312,0.099483582,0.043978561,0.156926659
OLFML3,422.1950867,-0.116357691,0.127361401,0.043980924,0.156926659
ZNF611,232.6736354,-0.11297545,0.135232359,0.044045923,0.157103321
SNCB,7.34814775,0.016516425,0.083543556,0.044061898,NA
CFL2,313.9471671,0.116650729,0.121802256,0.044065236,0.157116961
DNAJC28,67.40527131,0.076070074,0.124423681,0.044104229,NA
TELO2,1050.383785,-0.107264402,0.080730792,0.044110666,0.15722368
IDH3G,2252.512166,-0.086864773,0.054005415,0.044180886,0.157418655
TAF6L,748.5804234,-0.11227494,0.091960894,0.044228378,0.157532537
LSM2,350.0026164,0.116108833,0.120348156,0.044252092,0.157561677
DGCR6,68.61233652,-0.06098617,0.109930811,0.044278968,NA
PRKACB,891.5890097,0.103586107,0.07495682,0.044281795,0.157612115
EID1,2907.373571,0.082894294,0.050371449,0.044382586,0.157915452
MED10,839.5364986,0.098359299,0.068566406,0.044447805,0.158033943
MEGF6,3930.859447,-0.109146963,0.08503803,0.044456914,0.158033943
ACAT1,1998.168708,0.101353047,0.078735667,0.044462626,0.158033943
TMA7,2308.596736,0.104328021,0.073703275,0.044510604,0.158149059
ATG5,801.8337621,0.11683809,0.101552187,0.044544763,0.158215011
LYRM1,206.8363797,0.111838004,0.139091225,0.044631478,0.158467521
NME1,1458.892977,0.111158511,0.08884795,0.044701684,0.158624355
SCAMP1,1065.826912,0.104577304,0.077201838,0.044706923,0.158624355
ZNF280B,78.8565249,0.076732114,0.125003115,0.044723174,NA
FTSJ3,1589.339831,0.08974456,0.057195805,0.044748376,0.158715917
RABL2A,376.3321187,-0.114915435,0.104870743,0.044775424,0.158756345
BCL2A1,1449.151807,0.113967289,0.101593737,0.044807014,0.158763115
MCF2L,204.5706151,-0.100679276,0.142292379,0.044808636,0.158763115
PROC,138.1437841,-0.091084456,0.137532739,0.044825601,NA
ARPC5L,1218.715778,0.105766468,0.079330525,0.044894993,0.158956956
SELENOI,1065.172265,0.104937899,0.078124291,0.044900141,0.158956956
GANC,1058.61973,0.10683942,0.080468631,0.044910355,0.158956956
SLBP,1401.084983,0.099110152,0.068865511,0.044940167,0.158998962
ADD1,4607.788435,-0.084082885,0.051934796,0.044953571,0.158998962
CSK,4766.213908,-0.067653359,0.038147159,0.045085152,0.159408778
GCNT1,774.720222,0.115817306,0.112841211,0.045108257,0.159434897
ZMYND10,34.48494531,-0.041226318,0.094551826,0.045118205,NA
GALK2,475.815311,0.113602934,0.10044191,0.045126221,0.159442839
HPS5,2443.752012,0.084552718,0.052305502,0.045149788,0.159470559
HAX1,1527.616827,0.088766292,0.056565537,0.045210109,0.159628034
KLF15,143.6206609,-0.083973916,0.131167703,0.0452825,NA
CHML,149.5675252,-0.062029802,0.110695817,0.045287786,NA
PCIF1,1333.196304,-0.10639412,0.080983587,0.045326819,0.159938599
PUM3,586.8064255,0.112729868,0.095733719,0.045329601,0.159938599
UPF2,1587.585477,0.095542536,0.064442714,0.045346333,0.159942005
GAD1,7.472175131,-0.023597411,0.085723767,0.045355696,NA
CRIP1,842.2623504,0.099687149,0.070450196,0.045363965,0.15994858
CLVS1,14.03433446,0.021049657,0.084853469,0.045381531,NA
FAM136A,1163.595122,0.095681126,0.06471753,0.045406399,0.16004257
DDX50,651.4350698,0.110182914,0.090878747,0.04542917,0.160067211
SIGLEC11,665.2174623,-0.10648492,0.082693558,0.04545209,0.160092362
COX20,1034.576343,0.109312304,0.08881027,0.045506936,0.160208014
FCMR,745.8871072,-0.106385351,0.081377798,0.045516512,0.160208014
LCLAT1,329.1898408,0.113304637,0.119329452,0.045584325,0.160391048
SLC46A2,171.835247,-0.10345583,0.140102321,0.045613051,NA
MAN1B1,3877.593277,-0.083553605,0.050557096,0.045632778,0.160505858
PHKG2,1097.075324,-0.096160978,0.065392901,0.045752359,0.160810111
MMP12,261.278771,0.086993888,0.131308729,0.045754289,0.160810111
CHMP2B,1206.627783,0.105072752,0.079035124,0.045766837,0.160810111
BAX,4161.622125,-0.100001845,0.069855422,0.04583831,0.1609538
FBXL12,865.3410254,-0.098867652,0.06960686,0.045853793,0.1609538
IFT20,494.6375886,0.111089227,0.093215893,0.045866449,0.1609538
IKBKB,2273.217539,-0.10977259,0.088699573,0.045871198,0.1609538
EPHA10,9.262547474,-0.020114698,0.084539847,0.045922401,NA
PTPN21,143.0098851,0.071842191,0.11957434,0.045944699,NA
ADAP2,3215.854889,0.08603043,0.05409343,0.0460263,0.161433433
FES,1878.607467,-0.108613454,0.087103138,0.04603972,0.161433433
ZC3H8,347.1903213,0.106352178,0.134935145,0.04609497,0.161527057
NEK8,239.7003936,-0.109765434,0.13392743,0.046098268,0.161527057
APOL4,745.3824291,-0.107579231,0.13497089,0.04612981,0.161581766
GNB4,5713.3033,0.092202677,0.06005856,0.046215134,0.161824755
ZNF57,50.55212148,-0.043542189,0.096009163,0.046217731,NA
LIN52,227.0472451,0.110072066,0.133182298,0.046283047,0.162006634
TNNT2,17.56999967,-0.030325783,0.088500673,0.046318567,NA
DCTN5,1872.116022,0.101215187,0.073924626,0.046321475,0.162085217
SULT1A3,493.5699141,-0.114434572,0.123165745,0.046368033,0.16215661
ACOT2,3062.884786,-0.087304993,0.05534555,0.046373849,0.16215661
POLA1,541.7497116,0.111284606,0.096309942,0.04641244,0.16222031
PSMB10,2284.91022,-0.082530464,0.050749087,0.04642405,0.16222031
CREBZF,1335.819572,-0.110614215,0.092509567,0.046448695,0.162231388
FAM120C,385.0604854,0.111167691,0.095325806,0.046464681,0.162231388
MAPK6,1207.756049,0.111178068,0.095423145,0.046475198,0.162231388
AGER,186.6021388,-0.111020306,0.129215576,0.04648395,NA
RBM8A,2943.647975,0.094818589,0.064467256,0.046524177,0.162346493
SACM1L,2498.288272,0.08783162,0.056991425,0.046555935,0.162370384
ACTA2,256.3400439,-0.113238607,0.104666168,0.046563037,0.162370384
CAMK2A,15.36475196,0.029086499,0.087942928,0.046568355,NA
TRIM62,214.7428843,-0.110348879,0.131078858,0.046740579,0.162933483
MEAF6,1180.724129,0.107412483,0.085644441,0.046785714,0.162992919
CACNB3,373.7611129,-0.114204928,0.115112074,0.046789765,0.162992919
LMAN2L,477.0662401,-0.10886877,0.089038607,0.046893858,0.16329945
DHX57,444.2661809,0.113365612,0.128970857,0.046943989,0.163414898
ST14,6523.151328,-0.106909473,0.088255915,0.046964887,0.163414898
MBD1,2043.995205,-0.091475327,0.060381071,0.046975339,0.163414898
AKAP6,573.2305596,0.103670908,0.135100463,0.047027929,0.163541759
MICAL3,768.1017043,-0.112550271,0.102406777,0.047070054,0.163580562
CSGALNACT2,2846.130077,0.09449415,0.064116054,0.047071339,0.163580562
B3GALT6,947.0186261,-0.099329404,0.070495626,0.047102873,0.163634091
SDCBP,12380.18411,0.100105632,0.068267625,0.047119808,0.163635709
CHCHD1,667.1723378,0.109238717,0.090761705,0.047138287,0.163635709
PSMD6,1754.121081,0.097449598,0.068938585,0.047151733,0.163635709
ARF6,5355.134178,0.068593989,0.039323322,0.047171852,0.163649543
APC,1627.312486,0.090373457,0.061506866,0.047350259,0.164212316
TCEANC2,518.9066336,0.113018921,0.122981641,0.047391648,0.164299686
SPRY1,271.1043776,-0.11313725,0.114482988,0.047407924,0.164299959
MTRF1L,768.2553724,0.108399492,0.089222219,0.047434075,0.164302689
OS9,15527.15637,-0.091062716,0.058295944,0.047441106,0.164302689
RB1,3434.542647,0.092701778,0.062213274,0.047465984,0.164332745
LPXN,2767.292437,0.089694227,0.057941289,0.047568149,0.164630265
NAA15,1344.119586,0.109432625,0.092452017,0.047665982,0.164884076
SLC30A7,1129.048918,0.103087004,0.077686052,0.047673994,0.164884076
SPRYD7,473.2982946,0.113028793,0.113262765,0.047691412,0.164888098
BOK,247.0079353,-0.101234841,0.137166425,0.04772872,0.164944394
IRAK2,289.7933576,-0.110007959,0.128554401,0.047743057,0.164944394
UBXN2B,1512.676866,0.099362454,0.071603031,0.047769262,0.164944394
MRPL50,445.582664,0.11021263,0.094108772,0.047772736,0.164944394
CELSR1,3242.23942,-0.102418287,0.07616219,0.047812708,0.16499329
UBA2,2168.569568,0.098115543,0.06970009,0.047819428,0.16499329
DNAJC7,3049.697966,0.076471781,0.046009187,0.04787008,0.165067979
FAF2,2003.437932,0.086441814,0.05525455,0.047876881,0.165067979
FIZ1,561.4587922,-0.112825319,0.108345824,0.047889892,0.165067979
VGF,15.48325037,-0.030473535,0.088567858,0.047890628,NA
ZNF420,128.1784204,0.067319722,0.11487514,0.047941892,NA
MAFG,2801.08502,-0.089250381,0.058423193,0.047961379,0.165258229
INTS5,720.3604636,-0.108301837,0.0896329,0.047986845,0.165289831
AGO2,1348.302468,-0.116106078,0.11021364,0.048021935,0.165354552
SCO2,642.1803215,-0.108865133,0.09339531,0.048067111,0.165453943
FCGR1A,3790.064655,0.101905721,0.078454876,0.04808345,0.165454041
CRYBB1,339.0481586,-0.112105809,0.105061773,0.048154548,0.165553411
ANKS3,279.0823454,-0.109428264,0.130215828,0.048162696,0.165553411
ARHGAP33,357.273817,-0.08437385,0.130288326,0.048165637,0.165553411
LRPAP1,8891.224353,-0.07871948,0.047971195,0.048177609,0.165553411
SLA,6783.343619,0.078112039,0.047130139,0.048250187,0.165746664
CASTOR3P,20.80640342,-0.037438441,0.092184832,0.04825732,NA
SIDT2,1990.514679,-0.111772766,0.098286068,0.048399,0.166201576
GPR34,4932.917295,0.102118262,0.077828204,0.048422644,0.166226497
RNF215,356.2789562,-0.103556069,0.134779537,0.04847179,0.166338915
EDA,278.4661418,-0.111980572,0.11094936,0.048552896,0.166560897
RMDN1,1140.830092,0.101498461,0.075745246,0.048658918,0.16684019
INPP5D,6779.027547,-0.089810484,0.056331996,0.048667205,0.16684019
TSEN54,391.495439,-0.111443841,0.10476034,0.048688456,0.166856654
ATG9B,366.0102647,-0.048651382,0.099490471,0.048733526,0.166954707
NOL6,1639.971389,-0.089614153,0.059130716,0.048751447,0.166959715
DNAJC9,1187.314552,0.09994741,0.073405128,0.048780829,0.166997561
PLCL1,496.402807,0.103173636,0.078828791,0.048795423,0.166997561
ZFP36L2,9645.893762,-0.110190224,0.09479959,0.048869422,0.167194406
FLT1,384.4285561,0.111604572,0.113088184,0.048890833,0.167211263
MYL6,17249.48762,0.075331674,0.046003791,0.048907491,0.16721186
NUDT16L1,731.3279631,-0.108187344,0.088915244,0.048949509,0.167299129
DDX54,2536.870793,-0.10754778,0.089488732,0.048985554,0.167322855
BET1,429.0326481,0.11148608,0.110916269,0.04898944,0.167322855
FRMD6,182.695826,-0.099982205,0.135480731,0.049001601,NA
SLC39A13,3183.885896,-0.092621595,0.062976373,0.049024933,0.167387722
TRAPPC12,2311.791318,-0.08210634,0.051398175,0.049051837,0.167423227
EAPP,533.0472914,0.105736613,0.084277601,0.049082169,0.167470407
ZBTB43,758.7222645,0.105957065,0.0869897,0.049179361,0.167716537
DIP2C,1090.934302,0.107475784,0.090254197,0.049201624,0.167716537
FUNDC2,861.7005875,0.107400154,0.089760957,0.049203905,0.167716537
LAMA3,96.0025923,0.050124724,0.100466004,0.049209302,NA
FAT3,11.02816602,-0.018794689,0.084091724,0.04921969,NA
SYNGR1,268.5124578,-0.10721723,0.130848964,0.049300584,0.167989628
PITX1,12.78973002,-0.029859448,0.088255552,0.049330695,NA
DUSP11,674.070075,0.104515486,0.082782327,0.049346394,0.168042703
NBPF14,2050.926928,-0.095516774,0.06717728,0.049349291,0.168042703
CHMP1A,2683.560926,-0.093281127,0.064266385,0.049374563,0.168072339
MREG,1901.80191,0.10896586,0.096230275,0.049427033,0.168164814
CYB5D2,508.529959,-0.107003338,0.088266434,0.049434885,0.168164814
AHRR,154.0884693,-0.064143639,0.112149006,0.049439067,NA
CHST13,136.9083756,-0.094648744,0.134673377,0.049449113,NA
SLC29A3,2975.890768,-0.07442437,0.04454653,0.049456784,0.16818291
CHKB,1216.419187,-0.11022805,0.096732191,0.049628719,0.168711033
CTRL,24.10727833,-0.036322445,0.091473826,0.049760525,NA
FASTKD1,799.5281587,0.106685748,0.088388743,0.049770116,0.169033214
HNRNPUL2,6010.249258,0.089312693,0.05904088,0.049770343,0.169033214
HDHD2,687.8492045,0.109332204,0.094663442,0.049773483,0.169033214
SLC30A1,3665.556824,0.079161056,0.049015875,0.049824411,0.16914954
FBN1,121.5300901,-0.055740621,0.104775576,0.049892516,NA
MORF4L2,3220.77239,0.092010458,0.063062095,0.049933605,0.16946353
HPF1,324.7500081,0.106413544,0.122907961,0.049994583,0.169572432
NEIL1,305.9951421,-0.111972123,0.107413224,0.050009701,0.169572432
C17orf75,212.0548412,0.107991831,0.125985325,0.050015844,0.169572432
RPL10,14415.50724,0.08806631,0.058124761,0.050107585,0.16979664
PIGP,252.0606744,0.100415838,0.132983395,0.050118195,0.16979664
IFRD1,1015.797918,0.105374566,0.087175459,0.050158241,0.16979664
CUTC,319.2545919,0.10878574,0.097560647,0.050170409,0.16979664
B3GALNT1,363.0348343,0.110506932,0.106631804,0.050186043,0.16979664
ZBTB33,1357.211308,0.082284444,0.052014869,0.050191305,0.16979664
THG1L,396.2406281,0.109897875,0.116331995,0.050202172,0.16979664
SCML1,373.682228,0.108707267,0.097440865,0.050215883,0.16979664
ZNF404,40.55827017,0.044699215,0.096611902,0.050222211,NA
BTG2,3683.482772,-0.097683058,0.071115379,0.050272048,0.169929907
EEF1AKMT4,211.2105977,-0.110223645,0.123848087,0.050306536,0.169989841
HPN,8.011037668,-0.023821662,0.085763189,0.050366529,NA
YWHAQ,4749.284731,0.095858566,0.068391155,0.050367711,0.170053209
POLR1F,528.6402844,0.109749481,0.097090427,0.050375479,0.170053209
RPL30,7062.874383,0.091343644,0.062151692,0.050392177,0.170053209
SLC9A9,314.4158058,0.109947379,0.108815755,0.050392345,0.170053209
CEBPB,16869.78115,-0.099744291,0.064222144,0.050460428,0.170226331
CPZ,14.34830192,-0.024210147,0.085894961,0.050503444,NA
TIGD6,269.879841,-0.11017206,0.115465586,0.050520454,0.170371981
ATP5MG,3959.027679,0.08931682,0.059073924,0.050555828,0.170371981
KIAA0586,583.7598594,0.109750234,0.106590904,0.050562333,0.170371981
COMT,6583.742645,-0.077044671,0.047073051,0.050570784,0.170371981
ZNF592,3238.176528,-0.089684272,0.059577599,0.050652835,0.170591752
BEAN1,403.0905408,-0.111113383,0.113581706,0.05068295,0.170636523
UBXN4,4400.654302,0.082186971,0.053635738,0.050736282,0.170691398
SH3GL1P3,41.41303947,-0.054641403,0.103909729,0.05075678,NA
SCRN2,528.5243556,-0.10535229,0.084750504,0.05075807,0.170691398
PARP15,247.0093818,0.102180463,0.130858311,0.050760817,0.170691398
E2F6,557.8424606,0.102500159,0.080128197,0.050770269,0.170691398
PTPRA,4255.910975,0.067838621,0.040014357,0.050783383,0.170691398
CDCA7L,841.7066857,0.109666447,0.105676266,0.050873384,0.170758489
TMEM68,341.2835262,0.109452434,0.115390599,0.050885979,0.170758489
PREX1,7301.098225,-0.082922731,0.053472326,0.050903215,0.170758489
ACBD5,1633.512037,0.083122822,0.053084318,0.050907985,0.170758489
BACE2,612.7759679,-0.106678064,0.090305203,0.050917409,0.170758489
TLR6,1433.427398,0.096956261,0.070356518,0.05092417,0.170758489
MAF1,4440.053425,-0.082184067,0.052346254,0.050932157,0.170758489
PIGG,1933.211262,-0.086766096,0.057005227,0.050954742,0.170758489
SF3B5,1738.265724,-0.08267895,0.052300083,0.050954845,0.170758489
HOOK1,12.36030152,-0.017148411,0.08361677,0.050956879,NA
CKAP2L,493.2445242,0.107913641,0.123983423,0.051051231,0.171024997
MSH2,765.4846652,0.103058898,0.081608108,0.051113067,0.17116101
RPL31,8058.190016,0.092129697,0.063710941,0.051125578,0.17116101
ADH5,2380.44897,0.098486874,0.073167303,0.051168183,0.171247129
NXF3,56.31242815,-0.055834873,0.104703122,0.05121147,NA
CCDC25,767.15103,0.110177831,0.101249791,0.051221844,0.171370179
LRCH4,3387.812146,-0.102299891,0.080250709,0.05126652,0.171463098
ATOX1,1096.592577,0.097584199,0.071912356,0.051322618,0.171594145
NOP9,1966.584971,0.081199792,0.051397098,0.051389938,0.171719883
NDUFV2,1904.716643,0.104706991,0.084676317,0.051394082,0.171719883
SPN,5291.634973,-0.101054709,0.074532379,0.051451258,0.171854319
CDK11A,1742.227913,-0.092699124,0.064612961,0.051499118,0.171957557
HPGD,344.8486103,0.102567872,0.130946326,0.05164212,0.172364652
PIK3R1,2763.284619,0.081887736,0.050596248,0.051670113,0.172364652
DARS2,930.2966752,0.09778259,0.072254096,0.051684909,0.172364652
MINK1,20664.09839,-0.108973331,0.0896827,0.051695912,0.172364652
H2AZ2,4545.561978,0.070897894,0.042538377,0.051705997,0.172364652
SLC38A7,1954.199611,-0.096120186,0.069971244,0.051739276,0.172418928
LAMP2,7358.862717,0.072519319,0.04367202,0.051799757,0.172563788
CD226,50.11483176,0.033741039,0.090069935,0.051996863,NA
CDC40,1083.142102,0.095120032,0.06826052,0.052013133,0.173138798
C4orf3,2354.508386,0.091771725,0.065061001,0.052021487,0.173138798
IL1A,119.0398148,0.056920067,0.105464965,0.052031426,NA
TCEA2,299.4112425,-0.107669676,0.105256903,0.052045864,0.173138798
ZNF777,651.0875676,-0.105298235,0.088293256,0.052049491,0.173138798
CEP85,683.1334194,0.104593367,0.084951334,0.052057702,0.173138798
NPIPA5,8.521079052,-0.011720186,0.082493239,0.052141444,NA
ATP6V1G1,4061.494516,0.082624432,0.053129073,0.052160995,0.173328577
UBE2J1,5044.593469,0.086742296,0.057828309,0.052164999,0.173328577
EIF3H,3460.952894,0.100498374,0.078366632,0.052186864,0.173328577
AUP1,4409.550581,-0.07694216,0.047611988,0.052191191,0.173328577
AGAP6,632.9017442,-0.107127816,0.088512474,0.052221835,0.173328577
GCA,1304.493499,0.093857422,0.066658098,0.052224557,0.173328577
ALDH1L2,1941.107712,0.102979861,0.082937388,0.052234371,0.173328577
EMC2,869.8193393,0.100213608,0.073677252,0.052270574,0.173391989
ZNF112,113.978164,0.082472234,0.125179883,0.052283852,NA
UACA,510.2110695,0.104147092,0.08580332,0.052333189,0.173542946
MTX2,655.5172749,0.106211376,0.085981869,0.052364946,0.173560782
RNMT,1539.601224,0.104920024,0.089047441,0.052372787,0.173560782
ZDHHC6,1031.972614,0.106262036,0.092318056,0.052492701,0.173856339
NHSL1,505.8441161,-0.108152213,0.114398009,0.052496251,0.173856339
ACTR10,1717.628835,0.098064581,0.085746206,0.052541623,0.173949812
PDCD7,764.4686565,0.102999894,0.083713873,0.052594583,0.174068337
EFCAB5,40.60150592,-0.050100943,0.100199784,0.052687786,NA
APEX1,5602.926081,0.068591534,0.040685808,0.052724371,0.174398131
TRNT1,995.3676129,0.096439946,0.070989757,0.052728615,0.174398131
CIP2A,473.2351244,0.106161419,0.094519302,0.052777323,0.174502335
MAPK9,1283.195358,0.099386912,0.076867428,0.052802879,0.174529945
ANKIB1,1351.632221,0.096754197,0.071711562,0.052910855,0.174829873
RAB5B,3313.904269,0.078322067,0.049320664,0.053015767,0.175119486
ARHGAP19,510.8712582,0.106282501,0.111134094,0.053044865,0.175158564
ZFYVE27,1031.758919,-0.100001608,0.077548716,0.053119968,0.175312089
DYNC2I2,698.1733596,-0.101530358,0.080840538,0.053136174,0.175312089
TRIM47,1117.494991,-0.088169225,0.059894668,0.053143205,0.175312089
NIN,2621.097412,0.093865,0.067348849,0.053168785,0.175339452
EEFSEC,623.5951708,-0.098689828,0.07551698,0.053254389,0.175564682
MTM1,751.4582727,0.096679512,0.071774228,0.053280854,0.175594862
HSD17B1,539.2425234,-0.103340124,0.085432987,0.053329941,0.175699552
FUT2,23.06475996,-0.02997551,0.088218491,0.053429797,NA
PSME1,2548.216443,0.094687783,0.068970487,0.053649123,0.176639497
LARP4B,3997.067382,-0.078257066,0.049292633,0.053664033,0.176639497
HDAC8,611.9509266,0.104014565,0.090201333,0.053667481,0.176639497
PCDH9,10.31681978,-0.021398459,0.084891539,0.053703678,NA
CSF1,7547.539205,-0.099518088,0.074595901,0.053728727,0.176735848
RREB1,3790.407877,-0.094968293,0.069056316,0.0537316,0.176735848
EIF4G1,16720.37591,-0.083348889,0.052926057,0.053801296,0.176865458
PDGFB,458.0146607,-0.090991013,0.131064483,0.053805876,0.176865458
GPA33,54.40721456,-0.059653901,0.107559653,0.053809041,NA
HSPA1B,1230.105647,-0.1069444,0.096182685,0.053835965,0.176867237
TYW1,253.8487768,0.105905405,0.121036137,0.053858445,0.176867237
RPUSD1,994.8459775,-0.104551337,0.089799787,0.053858724,0.176867237
RPS6KB2,1918.974307,-0.087128514,0.058845015,0.053899334,0.176904535
SERP1,4722.320665,-0.094890457,0.069460853,0.05390496,0.176904535
ZNF638,2472.065992,0.093905912,0.068421103,0.053948767,0.176991038
COPS6,1899.979261,0.087010903,0.058971025,0.053981729,0.177041921
SWSAP1,122.5142864,-0.092403374,0.129729965,0.054013465,NA
UBALD2,4530.810172,-0.095218085,0.069999838,0.054019388,0.177096179
MT-ND4,202331.9242,-0.074844349,0.046257896,0.054033189,0.177096179
IL5RA,8.338722574,0.016672644,0.083536234,0.05404305,NA
ZNF628,334.5675096,-0.10309345,0.124428425,0.054065831,0.177145928
CHD2,4535.67043,0.101489081,0.083154713,0.054149076,0.177319252
B2M,74522.97731,0.082518019,0.052836956,0.054153691,0.177319252
ITGB3BP,180.4795143,0.09183154,0.128997663,0.054245622,NA
DENND1A,1409.158952,-0.10532785,0.088550831,0.054253429,0.177506528
ADCK1,534.8122339,-0.107096781,0.103033554,0.054253852,0.177506528
MTCH1,7066.320738,-0.065891364,0.038239601,0.054263382,0.177506528
CFAP157,39.99578208,0.037973011,0.092271303,0.054297893,NA
ROCK2,1075.371664,0.101556665,0.082123418,0.054331934,0.17767348
STAG3L3,386.7717255,-0.104601062,0.091329231,0.054515483,0.178216261
DLX4,89.16704866,-0.071738784,0.117339722,0.054530471,NA
CEBPZOS,751.9541001,0.104787908,0.115476273,0.054593791,0.178414759
CTBS,848.451509,0.095537907,0.071103021,0.054662203,0.1785808
CENPQ,165.6274786,0.09828837,0.127618358,0.05471584,NA
LY75,2409.637254,0.094571973,0.069368284,0.054727311,0.178735944
TRPC5,5.416631006,0.015867407,0.083352274,0.054828092,NA
KIF2C,1017.320475,0.092265608,0.066125244,0.054886747,0.179041238
CEP104,952.5093993,-0.107250102,0.100578636,0.054946569,0.179041238
TRIM23,273.5322478,0.103199568,0.12041784,0.054961887,0.179041238
TRIB3,739.5974169,0.10588066,0.117231744,0.054962896,0.179041238
NETO2,762.3916365,0.103243561,0.121777521,0.054977844,0.179041238
STT3B,5130.221718,0.08229614,0.052293,0.0549856,0.179041238
PGRMC2,1231.909532,0.105028172,0.096047289,0.054998767,0.179041238
ATOSA,707.2969214,0.098500915,0.076685001,0.05499932,0.179041238
DYSF,8623.486008,-0.099336869,0.079861687,0.05500269,0.179041238
VPS45,1068.608533,0.097308013,0.074406952,0.055007131,0.179041238
HEBP1,1434.399582,0.097433013,0.0745568,0.055026547,0.179041238
ZNF234,268.5622578,0.103972343,0.11861979,0.055032589,0.179041238
NRBF2,1299.241546,0.102787438,0.078372856,0.055067675,0.179097948
SMG7,1715.016592,0.094035099,0.071094081,0.055142931,0.179281914
ZNF746,1157.83017,-0.103637266,0.088318011,0.055159587,0.179281914
ENOPH1,1060.032296,0.099842634,0.08011318,0.055210813,0.17939093
ULBP3,53.31791114,0.054887239,0.103580179,0.055310055,NA
GNPDA2,329.7660945,0.105835262,0.111453315,0.055339064,0.179565233
MYO1C,3883.734078,-0.097473066,0.073464417,0.055341851,0.179565233
TMEM14B,1312.910927,0.087589728,0.060031596,0.055354379,0.179565233
DUSP2,237.1678818,-0.105644185,0.111343548,0.055358803,0.179565233
BPNT1,543.898372,0.104584335,0.094149338,0.055371914,0.179565233
TET2,1701.132606,0.097706549,0.074366313,0.055380296,0.179565233
MAN2A2,2480.229771,-0.101989522,0.084484358,0.055388369,0.179565233
TGFBI,29845.02489,0.087966427,0.059338131,0.055408948,0.179568291
KSR1,804.5414861,-0.104146467,0.090791376,0.055444547,0.179568291
KDM6B,1160.708679,-0.068044741,0.11507683,0.055466811,0.179568291
TRAPPC6B,901.6598201,0.103644867,0.091341973,0.055479036,0.179568291
LRRC8A,1486.803086,-0.092156977,0.065747312,0.05550751,0.179568291
DENND5B,754.7404951,0.106076696,0.102619257,0.05551061,0.179568291
TOMM6,2260.2984,0.079283466,0.055040831,0.055513226,0.179568291
PTBP2,276.9539262,0.104737994,0.11496611,0.055630912,0.179891608
ANKRD40,2160.386217,0.079153124,0.051789636,0.055652766,0.179904926
ABL1,3356.924908,-0.079419904,0.051105423,0.055748852,0.180148815
ZNF300,51.92312352,0.059691457,0.107328172,0.055751192,NA
ST18,469.455684,0.104646322,0.096169962,0.05577829,0.180148815
UBTD2,624.0976366,0.105443581,0.092264398,0.055781489,0.180148815
CD276,9292.210143,-0.079555273,0.051372352,0.055844736,0.180191878
GGPS1,576.0914273,0.104014889,0.098371336,0.055846777,0.180191878
ZDHHC17,795.9918825,0.099121518,0.079553768,0.055848114,0.180191878
PSPN,76.79470708,-0.061687537,0.108905137,0.05585877,NA
REPS2,257.7084312,0.090572246,0.127192794,0.055881104,0.180240992
ZNF319,651.4987758,-0.104238745,0.093783338,0.055941594,0.180378743
CENPW,208.9837745,0.102715673,0.119220069,0.056054463,0.180647063
FDXR,331.7368734,-0.104243776,0.103682484,0.056069914,0.180647063
TRIM3,364.9539871,-0.105754948,0.105416078,0.056079026,0.180647063
MEX3D,512.9993982,-0.106216472,0.102629224,0.056110387,0.180647063
COPS3,1261.56315,0.099384147,0.078199772,0.05611385,0.180647063
CENPB,3603.310582,-0.077366647,0.049560162,0.056259971,0.181060008
ABCC3,3074.997313,-0.102779717,0.088593797,0.056285042,0.181066815
SLC7A1,2721.807384,0.088689893,0.062086772,0.056303575,0.181066815
CD48,777.7870918,0.10530647,0.113130899,0.056315635,0.181066815
STK4,3200.572991,0.067546105,0.040599098,0.056335681,0.181073876
RTL8A,527.1873799,-0.103931752,0.099398558,0.056420759,0.181289888
L3HYPDH,203.8860133,0.102653194,0.116688851,0.056440929,NA
TMEM254,462.8310152,-0.104375449,0.113023353,0.056443128,0.181304335
PDXP,385.8673856,-0.105337832,0.113474305,0.056523282,0.18146924
PNPLA8,942.7709339,0.103398323,0.092142254,0.056530244,0.18146924
PLEKHF1,545.4608513,-0.102816704,0.088455143,0.056569267,0.181502979
IPMK,588.8097107,0.10079065,0.08760837,0.056590923,0.181502979
PSMC3,3294.21219,0.083559725,0.056007343,0.056594432,0.181502979
LAMTOR5,1792.093915,0.103835789,0.093246289,0.056778305,0.182035122
LILRB5,230.4540197,-0.099492014,0.124025211,0.056823649,0.182122938
MYOM1,17.3943807,-0.021244704,0.084839982,0.056863296,NA
DLL1,36.49260604,-0.033875968,0.089990168,0.056878785,NA
SGTB,1377.691011,0.101814373,0.086907868,0.056943112,0.182448175
CENATAC,424.1233391,-0.10189385,0.093947834,0.056992345,0.182548261
LSP1,8494.804911,-0.093038077,0.067278191,0.057222501,0.183227605
MND1,89.36090694,0.059546399,0.106993153,0.057258871,NA
LPAR2,407.2806308,-0.085536426,0.125184536,0.057274971,0.183288126
ARHGEF7,1909.864647,-0.099721527,0.081032449,0.057277539,0.183288126
NEFM,11.03083891,-0.020129681,0.084482395,0.057292298,NA
MRPS23,1224.734542,0.088903452,0.062894115,0.057322844,0.183343839
SENP2,1134.253607,-0.091481608,0.066538434,0.057343878,0.183343839
DENND4B,5029.649563,-0.102539554,0.082296173,0.057349172,0.183343839
DPAGT1,1220.872753,-0.104762881,0.105677256,0.057491711,0.183741624
HIC1,112.2788509,0.067174293,0.112970393,0.057561075,NA
YDJC,739.6683376,-0.101709391,0.087575687,0.057586363,0.183955781
CAPNS1,7281.015453,-0.086496644,0.059664538,0.05759636,0.183955781
SEMA7A,1387.496517,-0.09345754,0.070225872,0.057613365,0.183955781
DEPDC1,356.7083174,0.0833565,0.123506642,0.057660061,0.183955781
SAMD11,98.82814676,-0.064316788,0.110773295,0.057673769,NA
DPYD,2260.664841,0.091219497,0.075291953,0.057696386,0.183955781
GFOD2,456.5796446,-0.105596506,0.11824343,0.057704612,0.183955781
CLEC1B,40.28635861,0.047794633,0.098270752,0.057736259,NA
MKKS,466.7166153,0.103170884,0.114687687,0.057752292,0.183955781
BAHD1,1350.969954,-0.101374329,0.088185864,0.057767863,0.183955781
F8A2,312.3700456,-0.105303846,0.100374434,0.057780961,0.183955781
F8A3,312.3700456,-0.105303846,0.100374434,0.057780961,0.183955781
OARD1,612.4657444,0.097282974,0.077055267,0.05778497,0.183955781
CDK16,2217.126874,-0.094137752,0.070656865,0.057787985,0.183955781
BCL9,183.0757863,-0.089869329,0.125676148,0.057793583,NA
HERC5,2515.329585,0.102586981,0.114172507,0.057800677,0.183955781
SVOP,14.63377343,-0.024193913,0.085797482,0.057802951,NA
MCM5,3522.034926,-0.091311778,0.066608538,0.057825422,0.183955781
PARPBP,265.2579564,0.084931863,0.120665531,0.057830736,0.183955781
TMEM143,351.7923361,-0.099627728,0.123236063,0.057876634,0.184044068
PUS10,421.9644119,0.104626273,0.099805399,0.057905352,0.184077683
ETNK2,65.84114228,-0.045029378,0.096438846,0.057913679,NA
SMTN,345.8878598,-0.092974256,0.126173465,0.057997367,0.184312434
PSCA,14.05513179,-0.029548942,0.087979572,0.058015406,NA
AJM1,180.8339204,-0.089915745,0.125552622,0.058075135,NA
CENPE,881.0070345,0.103371337,0.099753121,0.058087268,0.18454032
NR1D1,169.6619104,-0.098754872,0.122722659,0.058148563,NA
ENPP4,442.8906055,0.101953261,0.090315018,0.058159654,0.184659084
SCRIB,2028.455039,-0.103280271,0.092626619,0.058161058,0.184659084
SPOCD1,1428.596947,-0.100206497,0.084348766,0.058202842,0.184733926
PDZD7,126.2551552,-0.068882092,0.1141685,0.058251325,NA
CATSPER2,217.2947881,0.088820575,0.12560082,0.058325603,0.185065661
TMSB4X,114889.6694,0.093719401,0.0698269,0.05837341,0.185159435
XRCC6,6518.090253,0.086435374,0.06028203,0.058509379,0.185532712
HSD3B7,2179.172821,-0.095877467,0.074704187,0.058545604,0.185589563
HBS1L,991.5371865,0.092607582,0.069094134,0.058574857,0.185624289
CFAP97,646.761133,0.102836097,0.086527395,0.058598419,0.185640964
FOXRED2,474.8111844,-0.102467481,0.086654174,0.05863975,0.1857139
IDUA,968.0258802,-0.105262315,0.114169237,0.058712978,0.18588778
ALDH4A1,446.0400814,-0.100221241,0.119214871,0.058776441,0.186030645
DCP1A,900.6861003,0.102696795,0.102416544,0.05879879,0.186043333
SART1,2845.841054,-0.100304433,0.083739898,0.058820375,0.186053597
SFXN1,764.9177436,0.100763622,0.102098145,0.058874444,0.186120884
NAP1L1,13520.61144,0.087338277,0.061601455,0.058878344,0.186120884
GINS2,176.4840424,0.087276634,0.124513172,0.058906263,NA
CTAGE8,10.29428369,0.015594666,0.083270129,0.058912162,NA
SYNCRIP,4335.611882,0.089688498,0.065493522,0.05898166,0.186370489
BABAM1,2169.07865,-0.076938338,0.049779703,0.05899405,0.186370489
PIK3R4,583.1423957,-0.102715084,0.095702251,0.059040885,0.186460381
SULT1A2,82.46748595,-0.06922537,0.114184989,0.059044403,NA
AFG2B,368.6461348,-0.102197169,0.097439794,0.059205519,0.186902593
CCL7,366.1872976,0.030677938,0.088478564,0.059217758,0.186902593
MTHFD1L,2283.033087,0.085019067,0.060442183,0.059244419,0.18692858
PDSS1,266.6968476,0.103756398,0.103970889,0.05927695,0.186973067
PON2,591.7594849,0.098389802,0.087636936,0.059397844,0.187296153
NT5C3A,564.6484686,0.10175834,0.111286049,0.059434556,0.187353678
SERPINA10,33.18779052,0.043152963,0.095181582,0.059454595,NA
HTATSF1,1258.951718,0.092879178,0.070377251,0.059566565,0.187641287
TLR10,58.66883272,0.037665232,0.091964877,0.059578393,NA
CSNK1G2,3021.124727,-0.099697725,0.086349527,0.059579579,0.187641287
MFNG,1253.764555,-0.093362742,0.071556347,0.059581288,0.187641287
URI1,1004.696901,0.094957691,0.074151792,0.059631169,0.187740093
TST,620.863336,-0.094767409,0.074556963,0.059665029,0.187788414
PAQR8,706.7327999,0.092132299,0.069171885,0.059728372,0.187886794
CHMP5,2335.152313,0.093828752,0.069322285,0.059743171,0.187886794
RBMXL1,257.1276991,0.090998777,0.123817242,0.059751853,0.187886794
SLC35E4,138.0580505,-0.084208972,0.123883698,0.059772523,NA
HOMER1,299.6351175,0.090520713,0.124744663,0.059772692,0.187894076
TRA2B,2697.738816,0.077739604,0.050853048,0.059841646,0.188017747
ATF7IP,1392.83694,0.098581943,0.082837803,0.059849104,0.188017747
RANBP6,627.935207,0.101535434,0.092796767,0.059901099,0.188050962
RPL32,6921.961052,0.097498966,0.077757149,0.059916906,0.188050962
PARP3,156.106725,-0.076909287,0.119344574,0.05994514,NA
ZNF252P,209.4995461,0.09722756,0.121171019,0.059947484,0.188050962
CHPF2,2769.789816,-0.091904845,0.068148551,0.059949365,0.188050962
DOLK,586.8706862,-0.093951616,0.072096846,0.059952367,0.188050962
WDR31,70.2933545,-0.059557101,0.106705508,0.059990712,NA
PANX2,44.14241585,-0.053153585,0.101911157,0.060028019,NA
STYX,775.0449703,0.097580714,0.08083919,0.060066408,0.18835043
GART,2025.859226,0.099543444,0.0852827,0.060134978,0.188507175
RELL2,935.7883924,-0.102579869,0.099066763,0.060178083,0.18858402
SRSF9,3786.880745,0.07099339,0.044433781,0.06024352,0.18871159
PCBD2,671.8158728,0.100301494,0.088537088,0.060255998,0.18871159
FGD1,60.55156856,-0.059611627,0.106667185,0.060267186,NA
RPL6P27,56.68617705,0.040684239,0.093675148,0.060291596,NA
ATP7B,109.1156165,0.052248499,0.101251586,0.06039139,NA
PALMD,10.52365941,-0.02089303,0.084695532,0.060401465,NA
GNAI1,196.887502,0.075927829,0.118267584,0.060413524,NA
MAD2L2,514.3761737,-0.102236961,0.090025483,0.06043281,0.189142005
NRBP2,577.6196897,-0.102188713,0.109460412,0.060433443,0.189142005
TMEM175,1107.647247,-0.100236608,0.09186703,0.060449367,0.189142005
NSD1,3032.214069,0.079525109,0.052882009,0.06054542,0.189384133
DERL2,584.1329401,0.098520467,0.082718921,0.060609215,0.18952524
TNFAIP8,1114.77801,0.093891181,0.07320973,0.060740786,0.189831675
PGM3,1141.451956,0.091622516,0.069164632,0.060744639,0.189831675
UBN1,2632.9819,-0.079311632,0.052780769,0.06081804,0.190000998
DLX3,477.6277068,-0.089319243,0.123781138,0.060836282,0.190000998
CSNK1A1,7138.313077,-0.08904801,0.06503663,0.060887075,0.190101105
ARHGEF12,1388.971536,0.089499067,0.065737016,0.060980818,0.190335207
ZBTB6,314.0771889,0.101087212,0.093976942,0.061009346,0.190365673
RABL3,726.3388291,0.098609899,0.084027521,0.061040241,0.190403508
NAALAD2,86.89700323,0.0644312,0.109765469,0.061078553,NA
PRPS1,1513.691949,0.078873634,0.052541211,0.061126411,0.190590357
RPA2,1115.591459,0.090606779,0.067614093,0.061137719,0.190590357
TK1,1581.843647,-0.090086355,0.066975275,0.061161238,0.190605098
ADAMTS13,84.158266,-0.057939081,0.10533658,0.061164745,NA
EEF1E1,263.5541475,0.10081577,0.115248779,0.061187669,0.190628906
TMEM14C,3165.894392,0.092825571,0.071419818,0.061221007,0.190674209
DEPDC4,27.11092068,0.033489378,0.089809797,0.06126944,NA
SPCS2,2354.016236,0.099257364,0.086002984,0.061307215,0.190884098
NCBP2,2117.755512,0.093718531,0.072754553,0.061403547,0.191089463
NHLRC2,693.3196587,0.098584124,0.085511854,0.061410849,0.191089463
NDUFA8,1173.82457,0.086036908,0.062045402,0.06144303,0.191130971
PLA2G2C,14.99793302,-0.024897488,0.086006851,0.061599686,NA
YES1,694.4780368,0.100710182,0.099638507,0.061644092,0.191697629
NAA25,1075.657691,0.095223894,0.076272732,0.061749298,0.191965944
KLHL36,1751.548634,-0.089657905,0.066473766,0.061777221,0.191993912
GLO1,1371.43273,0.0988233,0.08648859,0.061822599,0.19204126
FAM91A1,2479.803148,0.084138154,0.058937825,0.061830319,0.19204126
PROSER3,535.7089344,-0.09821686,0.116665174,0.06184929,0.192041382
CD244,33.58647164,0.043719745,0.095439373,0.061882174,NA
INCENP,1342.61578,-0.100010375,0.090198525,0.061915107,0.192186917
BIVM-ERCC5,7.099762757,0.007157665,0.081768929,0.062032879,NA
C2orf68,1063.207327,-0.088377374,0.06469238,0.062079268,0.192637534
SUGT1,1240.890603,0.08612996,0.062271784,0.062147466,0.192790181
GOLGA3,3520.627612,-0.08686722,0.061783115,0.062180808,0.192834644
YPEL1,32.88365519,-0.0337439,0.089807104,0.06224822,NA
CNTRL,1663.04878,0.095663529,0.077438642,0.062268085,0.193046287
RTN4RL1,9.068883055,-0.021244364,0.084789895,0.06236771,NA
PRC1,1488.247441,0.095756751,0.078758094,0.062398904,0.193392755
S100A8,195.8003197,0.092938624,0.121279464,0.06241224,NA
NEDD4,351.9360906,0.097540226,0.115603665,0.062442822,0.193425215
DYNLL2,2195.762018,0.086428834,0.062346063,0.062447514,0.193425215
CABLES1,1353.144753,-0.099469669,0.091090772,0.062583776,0.193778184
PRLR,8.730992248,0.018226761,0.083887352,0.062588404,NA
TNRC18,6730.005842,-0.084023194,0.059061093,0.062610183,0.193778184
RPS23,10199.65019,0.092437353,0.071030058,0.062635425,0.193778184
EPS8L1,407.62354,-0.094831787,0.120541532,0.062637881,0.193778184
PSMB1,2238.155639,0.096020873,0.07914686,0.062667463,0.193810592
H2BC5,146.9865192,-0.092638503,0.120771684,0.062727904,NA
CASP3,1265.15897,0.093294206,0.074125774,0.062731337,0.193949004
STK31,9.435897942,0.019934988,0.084388177,0.062752925,NA
CDAN1,623.5894717,-0.096618845,0.118352681,0.062827583,0.194187387
NDUFAF1,654.9991082,0.097342755,0.083967497,0.062859701,0.194227477
AP3M2,428.9958484,0.100134564,0.096655918,0.062993473,0.194581545
INAFM1,202.3103497,-0.096431782,0.11795726,0.062999977,NA
NKIRAS2,2360.048424,-0.074403727,0.048459811,0.063028217,0.194629599
SFR1,122.0816141,0.080518353,0.12005741,0.063037806,NA
SLC25A43,490.3385691,0.096720173,0.083433074,0.063095157,0.194777016
TARBP2,993.6077606,-0.095627101,0.079584337,0.063191773,0.195015924
DAPP1,818.3911571,0.093926906,0.075049162,0.063239843,0.195089891
STIMATE,1632.9168,-0.089880149,0.068022683,0.063262642,0.195089891
BLTP2,8748.385872,0.071373794,0.045760232,0.063273437,0.195089891
ECT2,752.6208734,0.09718618,0.084173538,0.063407843,0.195399639
FLOT1,5267.48864,-0.08925307,0.067036092,0.063412422,0.195399639
RBBP7,2980.945141,0.08155137,0.056397432,0.063452938,0.195465107
SMG5,5273.027638,-0.072033711,0.046681909,0.063605996,0.195877117
G0S2,1610.956062,0.08907222,0.067241446,0.063646704,0.195912067
CHURC1,2140.113438,0.090196368,0.069019433,0.063655971,0.195912067
SETD1B,1975.876488,-0.101926557,0.094449725,0.063706114,0.196006921
ERBIN,2338.216746,0.096903203,0.07901119,0.063727457,0.196013135
P2RX4,3557.968214,-0.07983384,0.054611758,0.063897842,0.196390245
ESS2,727.9381564,-0.097708229,0.08568501,0.0638987,0.196390245
HYAL2,1420.682843,-0.090939229,0.070436125,0.063908143,0.196390245
QRSL1,580.8387181,0.093401074,0.073867897,0.06394602,0.19644713
PSD,178.2145821,-0.092984916,0.1196081,0.063962444,NA
NDE1,902.7633682,-0.090786529,0.069594051,0.06398188,0.196497787
INO80C,524.896831,0.09967193,0.093756166,0.064006106,0.196510614
USP53,807.4046933,0.099185768,0.106637233,0.064042344,0.196510614
YWHAH,6995.538612,0.08217449,0.057467994,0.064044173,0.196510614
CPPED1,2305.387893,0.086274721,0.063118617,0.064236574,0.197041368
FBXO9,1336.27353,-0.093771895,0.076327467,0.064263271,0.19706367
LONP2,1522.041678,0.092070895,0.070842785,0.064396214,0.197356194
D2HGDH,702.0776253,-0.099270254,0.095289107,0.064397575,0.197356194
MICALL1,2339.630266,-0.094557903,0.077803004,0.064463278,0.197466247
TNFRSF1B,7524.243189,-0.071573484,0.04682529,0.064472418,0.197466247
S100A6,3653.244965,0.086176796,0.067701135,0.064546644,0.197633913
COL7A1,211.391817,-0.092037102,0.119364171,0.064569112,0.197643051
KCNAB1,158.6993869,-0.081066577,0.119905415,0.064623624,NA
PDCD1LG2,207.2705825,0.088043986,0.120199752,0.064645643,0.197775285
HSDL2,823.2105044,0.096617542,0.084353679,0.064670203,0.197775285
TGM2,41456.06767,-0.090146587,0.076591282,0.064670803,0.197775285
VAMP5,118.1583996,-0.087094886,0.119834369,0.064686236,NA
ABCF2-H2BK1,349.0417223,0.099201494,0.098583727,0.064731673,0.197887743
TUBGCP6,1948.608646,-0.102518108,0.104289144,0.064746591,0.197887743
MLF1,126.1553169,0.073696026,0.116121369,0.064747887,NA
CRIM1,612.5949796,-0.085670184,0.120800771,0.064795315,0.197977011
LIN7B,140.4460938,-0.091135944,0.119761739,0.064896972,NA
PLA2G4A,566.2729082,0.095745925,0.08107304,0.064897691,0.198230105
RBSN,856.1021035,0.097466252,0.085575633,0.064968949,0.198333098
VWA5A,3237.986402,-0.078651099,0.053669263,0.064970618,0.198333098
HPCAL1,4412.416346,-0.074433627,0.048326002,0.064990065,0.198333098
ZNF136,193.8299,0.079987602,0.118096328,0.06502631,NA
ZBTB22,811.71363,-0.092785478,0.07590432,0.065040732,0.198369552
MAN1C1,2744.590262,-0.08791133,0.065210502,0.065070729,0.198369552
YBX1,35995.56664,-0.067671769,0.043111346,0.065084558,0.198369552
CSNK1G1,937.1320561,0.094668821,0.082796701,0.065092442,0.198369552
TMEM130,15.67560592,0.022599501,0.085168413,0.06510454,NA
RUBCNL,764.8854835,0.095567311,0.080555703,0.065113729,0.198369552
DUS1L,2407.361237,-0.085954337,0.062830504,0.065119342,0.198369552
CILP,27.61606258,-0.04033477,0.093330109,0.065196782,NA
MFAP2,12.89419717,-0.024198783,0.085757202,0.065202867,NA
TREM2,9637.421158,-0.075663969,0.050409388,0.065205255,0.198526861
ZSCAN12,230.087678,0.098033767,0.109377853,0.065210124,0.198526861
CAPN10,926.4646676,-0.097251638,0.086947696,0.06537846,0.198979627
WDFY2,936.9454721,0.099806414,0.107565734,0.065460355,0.199169119
UNC5CL,18.00500245,-0.024005069,0.085679097,0.065472099,NA
CDC25C,137.4164107,0.082141219,0.118829345,0.065496134,NA
TEX261,2205.041415,-0.098756449,0.098402502,0.065544004,0.199363831
MTCL1,297.0886181,-0.089126093,0.11970347,0.065642221,0.199602723
CCS,704.3593672,-0.096167739,0.08254042,0.065878853,0.200262237
TFPI,798.6797408,0.096865862,0.106399047,0.065923916,0.200339186
PGLS,1379.642168,-0.082643159,0.058654043,0.065945899,0.200345972
ARL2BP,1526.664747,0.085438977,0.062398148,0.06600414,0.200462874
C15orf62,89.1703203,-0.068987387,0.112515698,0.066030505,NA
CCT3,4902.175597,0.079949472,0.055548497,0.066056762,0.200562645
MED23,1138.333355,0.086901516,0.064957136,0.066150347,0.200691522
ZNF362,1130.094581,-0.094853844,0.080553452,0.066159264,0.200691522
C19orf25,1016.275415,-0.093630565,0.077669297,0.066159627,0.200691522
ZNF785,397.4547704,-0.099321278,0.099395953,0.066178346,0.200691522
CEND1,17.8136401,-0.026774538,0.086707445,0.066321169,NA
LIN54,781.1949248,0.093352689,0.077949953,0.066370712,0.201036277
NFKBIB,838.1704446,-0.086309551,0.064349563,0.066379132,0.201036277
CDK17,1303.47742,0.095664936,0.078133189,0.066442063,0.201036277
PGAP2,438.3645412,-0.096486236,0.086810078,0.066464599,0.201036277
RSL24D1,2672.112364,0.090784961,0.071914923,0.066466084,0.201036277
CLK2,1212.062755,-0.087916024,0.068133886,0.066473253,0.201036277
TAB2,4521.564188,0.07619422,0.051321982,0.066476623,0.201036277
C5AR2,500.3977335,-0.099890121,0.09823708,0.066477708,0.201036277
LYSMD2,710.8024389,0.097205157,0.107696274,0.06647882,0.201036277
IPO8,1448.309186,0.089639011,0.06960746,0.066496559,0.201036277
RRP7A,1844.78972,0.087206166,0.065363715,0.06651003,0.201036277
COBL,20.2936443,0.026769261,0.086708981,0.066548842,NA
RPGR,307.5893204,0.091107602,0.117687059,0.066560388,0.201128559
SPMIP1,191.5232412,-0.093027094,0.116121411,0.066608135,NA
RAMAC,923.6477461,0.091879061,0.073784462,0.066620517,0.201229124
CCL24,555.6333269,0.093266303,0.114183406,0.066633343,0.201229124
PTTG1,439.3282423,0.097271331,0.091684406,0.066664567,0.201263503
PPP6C,1429.811427,0.094031661,0.079153338,0.066687768,0.201273644
ARRB1,7672.249471,-0.094286435,0.079393697,0.066762141,0.201431064
TSN,1798.854334,0.082729371,0.059630407,0.06677964,0.201431064
ERAP2,1688.832412,0.086140275,0.064185622,0.066853243,0.201563431
PLK4,372.0484511,0.087520873,0.118384299,0.066863263,0.201563431
PLEK2,1013.476769,0.094733053,0.082141563,0.066949877,0.201764573
NCAPH2,1378.324519,-0.082734646,0.059812091,0.06697477,0.201779646
MORN2,98.97882431,0.066563452,0.109545022,0.067002684,NA
ELF3,11.74313528,0.018312938,0.083889665,0.067086107,NA
ANXA7,2403.835865,0.079850613,0.055756781,0.067106883,0.202117643
GK,4477.137454,0.084148569,0.061466603,0.067129127,0.202124625
KIFC1,964.8469481,-0.090814523,0.071435185,0.067178252,0.202212519
TJP2,351.384426,-0.098229388,0.10116083,0.067198419,0.202213219
ICA1,517.4057604,-0.096570592,0.105637199,0.067347209,0.202600858
GCLM,357.4974475,0.093916644,0.114782223,0.067386049,0.202657599
CRY2,619.0533137,-0.098249936,0.103673614,0.067420488,0.202701075
RNF144A,37.70898187,0.034552535,0.090134461,0.067467705,NA
IL7R,2781.844634,0.091978115,0.074925691,0.067502325,0.202833456
SNRPA1,796.1638231,0.094895314,0.084841996,0.06750451,0.202833456
RPS6KA5,436.3339956,0.096618223,0.108479028,0.067534916,0.202844839
UNG,627.1732534,0.097891167,0.088094988,0.067551181,0.202844839
NEDD9,1530.404337,-0.087843307,0.067107648,0.067581691,0.202844839
ATPSCKMT,270.255973,0.096458666,0.109481255,0.067588284,0.202844839
C22orf23,282.423648,-0.097732341,0.101207902,0.067667895,0.203023698
SETDB1,1626.884295,-0.082293924,0.059029019,0.067719743,0.203119181
CIART,45.33670759,-0.047306077,0.097376296,0.067744275,NA
ASGR1,117.3241638,-0.080782784,0.117338051,0.067792913,NA
FUZ,370.893436,-0.090249679,0.116975046,0.06785385,0.203458322
NUP58,1179.775427,0.091396948,0.073851726,0.067872926,0.203458322
EIF3FP3,22.56916496,-0.036745123,0.091243996,0.067925085,NA
TMEM184B,2161.531349,-0.088331623,0.067976427,0.067935625,0.203586109
CENPI,233.9351229,0.060949132,0.106680937,0.068013277,0.203758618
GXYLT1,1209.044773,0.083897773,0.061392621,0.068172203,0.204174439
PRMT3,383.8889811,0.096456897,0.092727479,0.068216669,0.204247313
NFKBID,379.0374746,-0.096440711,0.092341559,0.068262884,0.204325376
FLT4,26.48654227,0.033847692,0.089753768,0.068330625,NA
PRRG3,68.36928626,0.047508076,0.097486486,0.068335908,NA
TXLNG,487.1927236,0.094268915,0.081102617,0.068383377,0.204625656
PKD1P1,1114.272432,-0.066117322,0.111587095,0.068422988,0.204671692
NOP53,5394.240532,-0.066589318,0.042750864,0.068470758,0.204671692
ATG101,1052.131162,-0.089606709,0.070762332,0.068473873,0.204671692
TRABD2A,57.81357544,0.048383863,0.098024623,0.068497474,NA
SRSF7,1931.512553,0.084023282,0.062104235,0.068519447,0.204671692
CCNC,727.9012579,0.094621773,0.084193496,0.068519456,0.204671692
PRKAR2B,204.163062,0.087449129,0.117363751,0.068519821,0.204671692
LRRC69,51.31955798,0.047212154,0.097299458,0.068552955,NA
SEPTIN7P14,7.89618549,-0.020501569,0.08452682,0.068626574,NA
LARP1B,320.6317513,0.090849086,0.116917183,0.068639089,0.204967595
ARAF,2070.5684,-0.08755644,0.067861288,0.068701869,0.205094692
NASP,1607.492577,0.083111746,0.06514519,0.068739961,0.205148032
FGF14,27.95664796,0.025466688,0.086144891,0.068741449,NA
SCCPDH,2236.546073,0.085843796,0.06476558,0.068793663,0.205200451
CIITA,1044.727719,-0.061513646,0.106909922,0.068797982,0.205200451
EIF1AXP1,96.57087362,0.073530913,0.114287126,0.068828616,NA
CDO1,44.81893416,0.048100167,0.09783592,0.068848868,NA
CFAP298,744.7317301,0.094445231,0.084833394,0.068917263,0.205495801
PAFAH2,988.1542598,-0.093523546,0.080258888,0.068980294,0.205623303
B3GAT3,1088.776901,-0.090874456,0.073503936,0.06908232,0.205865347
HACE1,434.2041014,0.096714805,0.101718622,0.069102081,0.205865347
OR4F17,50.37597024,0.043175824,0.0947668,0.069168986,NA
YARS1,5761.125109,0.083718805,0.061783212,0.069172031,0.206013235
ZNF599,58.44873175,-0.058909834,0.105017127,0.06918408,NA
AGAP4,246.623196,0.08993641,0.115295332,0.069248635,0.206148936
ZNF320,256.1361648,-0.062123582,0.107501615,0.069258239,0.206148936
SMARCA1,393.5927894,0.097542755,0.098036803,0.069316312,0.206261269
KY,8.701116236,-0.022070116,0.085009478,0.069366217,NA
OMG,154.0795485,0.069645518,0.1121217,0.069366509,NA
GMEB2,490.6029647,-0.095882761,0.090150143,0.069426696,0.206483723
MRPL51,1583.763636,0.087118294,0.066651385,0.06943178,0.206483723
VWA8,1631.443209,0.090618335,0.074461511,0.069619986,0.206943413
IFI16,7306.634229,0.092449916,0.076006637,0.069627156,0.206943413
GSTM3,156.7270454,0.071343198,0.112958463,0.069662675,NA
METAP1,1178.26833,0.089788584,0.070308771,0.069749609,0.20720279
USP14,1687.084262,0.090071608,0.073190227,0.069755277,0.20720279
GHR,14.28002079,-0.02477989,0.085930456,0.069760484,NA
MPC2,2175.680647,0.074078189,0.047357257,0.069812414,0.207311806
NACC2,1211.745953,-0.087449453,0.067864918,0.069862878,0.207400946
LCP1,28607.22612,0.083002297,0.061163037,0.0699341,0.207502173
PKDCC,202.7001667,-0.07293628,0.113711335,0.069935447,NA
FAM156A,696.3434513,-0.053498594,0.101030124,0.069956064,0.207502173
MYCBP2,3462.821442,0.072316925,0.048222958,0.069958343,0.207502173
LSMEM1,11.58441492,-0.024267214,0.085710068,0.069961761,NA
HGF,41.58905257,-0.036895984,0.091198728,0.069970489,NA
TPM2,997.614956,-0.089061913,0.070786515,0.070011431,0.207598934
PRSS53,85.8009153,-0.051567474,0.100025666,0.070059948,NA
PIM3,1997.106358,-0.088627873,0.070097363,0.070082114,0.207662104
OCIAD1,2981.701642,0.077520371,0.05412174,0.070092086,0.207662104
HAMP,416.0285592,-0.093960793,0.11025232,0.070094149,0.207662104
IGFL4,116.2083271,0.073688201,0.113956468,0.070145502,NA
DYNLL1,3095.064042,0.080048504,0.057257831,0.070160999,0.207799467
PPIL6,38.2252659,0.034047967,0.089799251,0.070268383,NA
ZNF181,224.8397007,0.089766773,0.11462454,0.070292855,0.208129225
SIN3B,1875.720982,-0.094591242,0.085385029,0.070339892,0.208207723
RIN1,374.0542327,-0.093904536,0.106351294,0.07038971,0.208260966
POLR2K,1019.216507,0.085597466,0.064986479,0.070417944,0.208260966
SYT11,204.7111736,0.087633494,0.115779666,0.070419471,0.208260966
UCP3,44.84979821,-0.050569611,0.099337754,0.070441014,NA
P3H2,933.9361652,0.062357747,0.107532057,0.070510136,0.208468323
RHNO1,648.3330187,0.089596544,0.072091563,0.070541646,0.208500715
CEP55,824.8785679,0.095189038,0.08934307,0.070634146,0.208713305
TM7SF2,168.5866138,-0.081524674,0.11628338,0.070702366,NA
TP53I11,4189.183039,-0.083479835,0.062227818,0.070740244,0.208929031
RAD18,272.9944766,0.078006384,0.113151989,0.070748346,0.208929031
MTCH2,2111.166205,0.085360467,0.065201085,0.070780693,0.20893451
CMPK1,3481.535879,0.073193046,0.050170041,0.070791395,0.20893451
DCAF17,314.7053604,-0.095790145,0.104141566,0.070842137,0.209023456
ATP6V1E1,4240.205938,0.085206474,0.064196794,0.070875109,0.209059933
MAP3K14,888.9003616,-0.091800637,0.077629672,0.07091361,0.209105378
CLDN1,1695.082156,0.066116186,0.109809747,0.070931743,0.209105378
DNAJC5B,8.414414991,0.015157877,0.08311034,0.071023269,NA
PDK1,339.0833883,-0.093282292,0.10878917,0.071024723,0.209147888
BRPF3,1437.826513,-0.089998961,0.073551897,0.071029065,0.209147888
ZNF813,228.7462885,0.087927013,0.116136704,0.071041218,0.209147888
ZMAT2,1892.862503,0.088356031,0.071686724,0.071062957,0.209147888
RPL7A,15090.65446,0.076617188,0.053504887,0.071068956,0.209147888
SBNO1,1908.328827,0.078097283,0.055590193,0.071069871,0.209147888
ABCA9,103.418436,-0.054219625,0.101695095,0.071137607,NA
MYEF2,76.28096618,0.06091707,0.106095493,0.071177543,NA
SMIM5,20.04016603,-0.026881007,0.086680335,0.071177633,NA
WASHC1,318.2696524,-0.09393833,0.111013073,0.071190983,0.209443541
CDC42EP2,20.17719746,-0.02560336,0.08621625,0.071204075,NA
ABHD2,12693.3008,0.067757963,0.043532409,0.071221548,0.209444526
TMEM117,406.7390925,0.086851345,0.115401914,0.071232612,0.209444526
TMEM70,1979.96357,0.078363107,0.056695708,0.071311125,0.209614621
PASK,447.0374762,-0.095196844,0.100602838,0.071373226,0.209736387
CEBPZ,1257.029201,0.096912443,0.102818374,0.071404443,0.209767353
S100A1,156.32426,-0.07919336,0.115764479,0.071429138,NA
CROT,205.9638867,0.093028239,0.108695665,0.071450231,0.209791994
LLPH,1258.170043,0.092146838,0.079508655,0.071454194,0.209791994
DNAJC30,534.7794683,-0.094419662,0.087711468,0.071475324,0.209793313
PI4KAP2,455.3977599,-0.094473695,0.106294604,0.071574937,0.210024925
ABTB2,113.2291726,-0.065341494,0.108950263,0.071603086,NA
CPB1,18.59167986,-0.031281061,0.088526614,0.071635344,NA
WDR77,1208.385632,0.081111534,0.060061676,0.071677938,0.21026634
SIGLEC1,14244.58989,-0.095238131,0.096177516,0.071763635,0.210456869
ATAD1,945.4554871,0.093264699,0.084145755,0.071834156,0.210556596
ETF1,4036.957553,0.0830179,0.062379871,0.071848445,0.210556596
ZNF197,558.0607662,0.094091169,0.08858858,0.071859911,0.210556596
EIF3CL,134.4191865,0.021459988,0.084817143,0.071875532,NA
LMO4,2310.99633,0.091493481,0.078300932,0.07191188,0.210648025
PCDHGC5,15.76118503,-0.02876865,0.08744179,0.071952499,NA
SHFL,2541.632213,-0.080947681,0.059032075,0.072060818,0.211023364
MASP1,8.228320161,0.017791314,0.083719248,0.072088074,NA
C2orf76,156.7967095,0.082060832,0.115798423,0.072102771,NA
PRDM6,27.88435987,-0.010528617,0.08225854,0.072111756,NA
SESN3,144.5926918,-0.070373949,0.111891428,0.072182903,NA
TNFRSF8,48.56072719,-0.052805015,0.10063446,0.072187583,NA
TRAK2,1581.039631,0.087528067,0.063064907,0.072256811,0.211526588
MED4,747.1548255,0.093531942,0.086696173,0.072274365,0.211526588
RPL35,8294.120651,0.079171135,0.05678182,0.072295978,0.211528815
SLK,2589.101927,0.09094084,0.07947594,0.072322716,0.211546029
USP8,2161.937136,0.085355074,0.076699963,0.072351331,0.211568723
UQCRH,2921.390068,0.087937699,0.070607684,0.072379709,0.21157896
GREB1,378.813215,-0.094602534,0.098098438,0.072404853,0.21157896
KDM7A,1172.118519,0.092306189,0.081701109,0.072417404,0.21157896
C1orf54,382.7926945,0.093916286,0.098875841,0.072506338,0.211708385
GNG5,2364.958276,0.09027361,0.076497654,0.072517561,0.211708385
RBAK,564.2332592,0.093893818,0.090472845,0.072524314,0.211708385
CNTROB,1265.227311,-0.093780458,0.087544863,0.072739261,0.21226572
AP1M1,2112.242241,-0.091178733,0.077633669,0.072757089,0.21226572
CARD14,337.5833867,-0.091769409,0.108622256,0.072811612,0.212297544
ABCC10,1515.815164,-0.093093267,0.098850577,0.072856359,0.212297544
CASKIN2,330.3852332,-0.093362747,0.107218037,0.072865664,0.212297544
ST8SIA1,40.99365777,0.041652354,0.093764098,0.072868306,NA
HNRNPLL,1483.488363,0.089469358,0.072425002,0.072869957,0.212297544
WDFY1,3432.630897,0.084376689,0.06514271,0.072894216,0.212297544
RPL35A,5145.437365,0.070694074,0.047515688,0.072901484,0.212297544
MORF4L1,7734.279175,0.075538532,0.052950857,0.072914496,0.212297544
PDGFA,357.2586895,-0.091424136,0.111706392,0.072953236,0.212338783
EEF1A1,163209.1655,0.086263607,0.064183541,0.072988531,0.212338783
UCHL3,682.7356477,0.094332013,0.092700833,0.072991457,0.212338783
RPL15,15765.16027,0.080017399,0.05823179,0.073077913,0.212491974
OTUD4,3070.369476,0.085103655,0.06677032,0.073086011,0.212491974
GPR75,59.89540745,-0.055321778,0.102225953,0.07308788,NA
TRIM25,4930.360024,-0.090128258,0.074913948,0.073170215,0.212675834
ZNG1A,1150.431633,0.092126041,0.082341266,0.073198439,0.212696402
CENPS,236.7755795,0.091834996,0.108244712,0.073219227,0.212696402
MT1F,212.3676467,0.076630135,0.114124665,0.073247506,0.212717636
STX1B,97.32901105,-0.056316667,0.10322994,0.07325867,NA
MAFF,1082.249095,-0.089279469,0.074403219,0.073312975,0.212846828
VEZT,1504.49296,0.090992811,0.079107934,0.073360831,0.212924827
PROX1,37.2530181,-0.027618622,0.086906988,0.073387777,NA
ATAD2B,592.6100711,0.095454961,0.097169307,0.073415761,0.213023305
SDS,766.5252264,-0.089387228,0.075341116,0.073500596,0.213193063
TMEM128,583.6946282,0.090232901,0.07687558,0.073516299,0.213193063
BCL2L12,495.943024,-0.095192389,0.09109337,0.073542622,0.213208447
CARMIL3,66.79532189,-0.054895588,0.101934922,0.073615242,NA
WDR33,2095.723981,0.088645508,0.072635665,0.073665198,0.21350279
ZNF418,48.7092871,0.041812201,0.093775725,0.073716178,NA
NEMF,2189.470084,0.081601814,0.061677986,0.073724324,0.213584347
LARP7,1662.206823,0.089599999,0.075801893,0.073735448,0.213584347
CKS1B,1134.75252,0.085789834,0.067189124,0.073766843,0.213612838
ATG4B,2184.822072,-0.086263249,0.068947616,0.073801403,0.213612838
NSUN2,2387.405225,0.069417616,0.046422192,0.073808458,0.213612838
KIF7,18.3548576,-0.027501403,0.086887531,0.073863718,NA
TDP2,1940.145265,0.081947519,0.061161077,0.073920937,0.213877348
RAD23A,3984.538966,-0.081805626,0.061253474,0.073951506,0.213904785
ZNF471,68.17004347,-0.050406228,0.098950028,0.074012373,NA
DNAJC19,425.5388249,0.093291561,0.090878237,0.074059028,0.214082949
IL11RA,224.5330375,-0.08431887,0.114328002,0.074065491,0.214082949
NDUFAF5,281.4687017,0.093813396,0.100883678,0.074076415,0.214082949
CANX,20576.07364,-0.079914438,0.061827971,0.074171181,0.214295773
CD99L2,2164.495886,-0.079643508,0.058327183,0.074257481,0.214464093
RNASEH1,1057.991803,0.09055042,0.078534334,0.074283448,0.214464093
DCAF13,872.0505536,0.093784833,0.091429324,0.074314003,0.214464093
PARP6,1931.942397,-0.077193179,0.055138908,0.074335017,0.214464093
CPT1B,616.4634991,-0.092489673,0.084018959,0.074335149,0.214464093
MCAM,28.603528,-0.020878352,0.084576658,0.07433901,NA
ATOH8,205.5820034,-0.087119017,0.116617431,0.074442303,0.214712177
MYT1,8.045202667,-0.020151753,0.084377763,0.074513604,NA
FAM124A,31.43793277,-0.031561004,0.088587172,0.074572991,NA
NUDT21,1621.396497,-0.083211939,0.064534863,0.074624456,0.215132038
MOSPD3,434.4485738,-0.093427098,0.090694311,0.074634515,0.215132038
DCTD,2222.650629,0.087613682,0.071241663,0.074651496,0.215132038
GLRX5,1399.606988,0.077838031,0.056196193,0.074722747,0.215194786
RTN4,17544.05836,-0.061622534,0.037703535,0.074728059,0.215194786
MCM9,505.7872557,0.091288088,0.081821345,0.074736912,0.215194786
LIMA1,1245.858568,0.092055295,0.087424341,0.074775717,0.215245425
TXNDC5,3287.656243,0.069385929,0.046210957,0.074803701,0.21524876
PITPNA,2928.402576,0.076222937,0.054098369,0.074819315,0.21524876
SEC11C,1067.436996,0.089675531,0.08627492,0.074941007,0.215459825
TADA2A,336.0461226,0.09256103,0.103558311,0.074942917,0.215459825
AKAP9,3282.622358,0.076061789,0.055975368,0.0749564,0.215459825
MATN2,22.94618599,-0.028696195,0.087323317,0.075018325,NA
NATD1,556.2646612,-0.090977141,0.080757454,0.075092289,0.215789286
XDH,10.71984744,0.014812898,0.083025646,0.075096369,NA
RPS4X,9878.824326,0.084952409,0.066971759,0.075172422,0.215958383
UTP3,1144.349701,0.090682835,0.080037019,0.075204671,0.215988079
ODR4,551.0211656,0.092089743,0.085472869,0.075229566,0.215988079
ARL1,1706.515602,0.089113602,0.075660304,0.075246635,0.215988079
PIK3R2,2504.042693,-0.083838817,0.064737641,0.075301826,0.216085354
RAB9A,642.3095492,0.092482615,0.087831076,0.075358546,0.21618696
EEA1,1507.54216,0.098820364,0.097123357,0.075468911,0.216442361
DYNLT1,1402.499772,0.086770799,0.072057638,0.075495867,0.216458471
ZNF586,228.6886924,-0.085216168,0.113392708,0.075536618,0.216462032
LIG4,867.6276602,0.083902344,0.065343867,0.075541077,0.216462032
POLR2B,2979.047365,0.074836497,0.05267897,0.075586045,0.216462032
NOP16,389.2633302,0.091619079,0.091849665,0.075591874,0.216462032
PCNX1,3267.088209,0.07590019,0.053920853,0.075603803,0.216462032
CD7,13.07054125,-0.026174974,0.086377752,0.075626107,NA
TYK2,4249.039294,-0.08204721,0.062434604,0.075713048,0.216713647
KRT8,170.5662646,0.086152913,0.112463937,0.07572277,NA
VMA21,692.338791,0.09219374,0.085666197,0.075737983,0.216723864
PDK4,388.9109732,-0.033997555,0.089685191,0.075852934,0.216991585
ZCCHC10,468.4288048,0.092459869,0.089231165,0.075881612,0.217012425
AP1S1,1981.218353,0.080401354,0.059956017,0.075940497,0.21705989
ENY2,1973.484986,0.084189124,0.066127259,0.075941004,0.21705989
SLC39A4,167.0880586,-0.079688295,0.114076541,0.075954995,NA
CYRIA,670.5635692,0.091216549,0.104014028,0.075982449,0.217117173
ANKRD39,250.0822343,0.091947076,0.102756587,0.07600427,0.217118366
MS4A4A,2271.564363,0.084808724,0.06740458,0.076049998,0.217187833
MKNK2,2808.753502,-0.089359017,0.076327502,0.076088867,0.217237677
RAB2A,3064.779656,0.069427115,0.046967975,0.076208067,0.217516778
SLC7A5,14035.54641,0.086839148,0.076621539,0.076246333,0.217562638
PLPP5,584.8615504,-0.091477379,0.084376302,0.076267029,0.217562638
NUP155,712.4911796,0.089617516,0.078042289,0.076318238,0.217647514
ABHD14A-ACY1,36.0875061,0.027524783,0.086870785,0.076332904,NA
RSPRY1,750.4414822,0.092118703,0.097222352,0.07647461,0.218005531
ATP6V1C1,3925.81057,0.082868672,0.063913862,0.076486759,0.218005531
SCX,134.6596799,-0.066022886,0.108585912,0.076551577,NA
HYPK,780.600258,0.090034201,0.106327237,0.076572741,0.218189293
ELOVL5,2340.323719,0.087569328,0.078358041,0.076605811,0.218222227
TCERG1,1592.965281,0.091716931,0.07726702,0.076636503,0.218248367
CCDC194,104.2683486,-0.062543561,0.105949075,0.076694407,NA
TNIP2,1186.853172,-0.078676732,0.058026111,0.07672746,0.218446073
ID2,11610.32683,-0.070091123,0.048809333,0.076790015,0.218520836
PAQR5,1831.330739,0.090684022,0.08085437,0.076796804,0.218520836
APOL6,5426.298545,0.087475108,0.073652676,0.076851483,0.218615099
RB1CC1,1502.956779,0.085466966,0.071929408,0.076994814,0.218961422
SMG1,4708.36846,0.08189417,0.061612385,0.077041462,0.218992318
SIPA1L3,573.1124631,-0.090787301,0.111232095,0.07706427,0.218992318
FBXL19,1764.705586,-0.083432683,0.065285552,0.077070443,0.218992318
CXXC1,1693.207262,-0.085750813,0.069665934,0.077151986,0.219162629
SLC35F5,3243.940862,0.086020245,0.069466428,0.077312719,0.219557732
HECTD2,469.4951904,0.092056471,0.102970286,0.077422579,0.219753236
HS2ST1,2624.942542,0.07875457,0.058764222,0.077424888,0.219753236
RRN3P1,121.3789511,-0.073286942,0.110879988,0.077473162,NA
ATP5PO,2653.312324,0.081149118,0.060810203,0.077618869,0.220234494
TMX2,1940.137442,0.07702058,0.056534455,0.07763787,0.220234494
QSER1,1325.575234,0.085994082,0.071929084,0.077674904,0.220277951
SUMO3,4416.767033,0.067917837,0.045524531,0.077703268,0.220296801
PDAP1,3126.664548,0.074667607,0.053334426,0.077826971,0.22058586
VWA1,45.93015026,-0.04628692,0.096165089,0.077830442,NA
ZBTB48,1055.714627,-0.089137664,0.10850852,0.077951242,0.220833603
RUNX2,412.5727455,-0.075990788,0.113865829,0.077990378,0.220833603
ISY1,853.010383,0.090649926,0.084197981,0.077998961,0.220833603
MYO5A,4223.089595,0.077853023,0.057393069,0.078001459,0.220833603
KRBOX4,191.1466367,0.085933289,0.110407256,0.078156614,NA
RNGTT,447.1498918,0.091963983,0.100716976,0.078226127,0.221407878
UBTD1,1490.380081,-0.082251995,0.064052683,0.078540944,0.222236914
ZNF778,243.4637939,-0.026575723,0.086503237,0.078564284,0.222240964
KCNH2,8.424595253,-0.018147443,0.083788203,0.078592099,NA
MLLT6,4150.943297,-0.091331952,0.08641021,0.078609549,0.22226999
KIF15,358.8842403,0.086713824,0.108988128,0.078618368,0.22226999
ATP5MJ,1091.611609,0.081768462,0.063261754,0.078703157,0.222353477
DRAM2,2130.975836,0.071130649,0.049460061,0.078705342,0.222353477
ALDH3A2,1748.561326,0.075511573,0.054953203,0.078713657,0.222353477
MRE11,780.6672078,0.088296437,0.077891505,0.078804411,0.222442404
SLC20A2,1020.837121,0.081825438,0.063348045,0.078815069,0.222442404
ZNF510,362.5454227,0.08372657,0.110078422,0.078819835,0.222442404
IGF1R,255.1369336,-0.032728728,0.089081401,0.078832851,0.222442404
OTUB1,3278.625924,-0.069375426,0.047654883,0.078953229,0.22272012
SPNS3,15.14296225,0.025475185,0.086085551,0.07899238,NA
UQCC1,1064.948728,-0.081123779,0.062910241,0.079019373,0.222743518
COIL,471.6749761,0.088584691,0.077561102,0.079025115,0.222743518
OSBPL11,2844.269715,0.071191313,0.049888513,0.079027398,0.222743518
PYGO1,89.25487792,0.050038147,0.098419572,0.079131561,NA
GCAT,78.14960125,-0.0590568,0.103740888,0.079137472,NA
RRN3,965.2218174,0.082430764,0.064728224,0.079176651,0.223102207
CHRM3,19.55277356,-0.028356511,0.087163716,0.079247599,NA
LGALS3,5856.277932,0.08765778,0.076259156,0.079338896,0.223497295
KIF26B,67.34409745,-0.036929803,0.091012782,0.079361255,NA
SHC2,181.9314406,-0.072158668,0.110940364,0.079363966,NA
STUB1,2269.600243,-0.07613458,0.055627373,0.079488906,0.223805212
KLF9,405.9559556,0.088891306,0.081429117,0.079492328,0.223805212
DCTN1,4723.354842,-0.07821252,0.058544097,0.079772257,0.2244723
DNAJC18,242.2398155,0.080688895,0.110864635,0.079773525,0.2244723
MACROD1,150.9894529,-0.081516802,0.111573421,0.079854918,NA
PLEKHJ1,1770.207311,-0.079486231,0.060281126,0.079890039,0.224737813
PAOX,95.03154722,-0.068706188,0.109070436,0.079918942,NA
UNC80,89.86403222,-0.064295383,0.106870759,0.079929418,NA
LHX4,56.69170237,0.050842706,0.09887349,0.07999591,NA
HDHD5,1240.402879,-0.082680198,0.065621552,0.080005155,0.224899667
LTB4R,693.3816718,-0.091690991,0.095634748,0.080029507,0.224899667
PFKFB3,2022.020154,-0.088884443,0.09548086,0.080029712,0.224899667
SMG9,1325.178388,-0.081303077,0.063404919,0.080036258,0.224899667
HSPA14,366.663932,0.090367811,0.0994103,0.080101933,0.22502188
ACAP2,3375.603442,0.078900243,0.05978833,0.080193172,0.225215817
SLC6A6,10953.03088,-0.084957121,0.067912397,0.08026443,0.225353549
PCGF2,1273.312892,-0.086460907,0.073950949,0.08034939,0.225507464
ACTL6A,899.2810835,0.088812673,0.080562825,0.080363711,0.225507464
UBE2B,1656.375775,0.09253559,0.102143247,0.080450585,0.225688809
RAD54B,138.6443507,0.063974461,0.106459852,0.080593657,NA
CXCL8,4410.897522,0.086442777,0.099098174,0.080623447,0.226111209
C1QL3,78.69490099,0.063345286,0.106355494,0.080695696,NA
ERVW-1,268.4692924,-0.090084851,0.101875266,0.080717457,0.226312295
XPNPEP1,2176.189157,0.084898315,0.070251996,0.080762586,0.226376255
USP46,510.2691958,0.090344775,0.092683159,0.080824992,0.226488595
PLCB4,191.2285923,0.068070674,0.108553938,0.080832365,NA
WDR37,2002.769969,-0.070837647,0.04938785,0.080938916,0.226745198
IFT27,633.2705526,-0.089462994,0.085211989,0.080974511,0.226782287
SAV1,1772.374399,0.071748891,0.051423961,0.081036508,0.226893276
SMIM26,516.3609905,0.089743546,0.095276867,0.081097586,0.22696595
VDAC1,6289.300116,0.067379182,0.04605661,0.081107213,0.22696595
ANKRD55,16.39155212,0.025207385,0.0859413,0.081107367,NA
GBP1,398.2976139,0.070233651,0.109304705,0.081155998,0.227039835
SLC25A1,2029.723523,-0.084445599,0.069712827,0.081210709,0.227079602
C1GALT1,839.3224549,0.087151015,0.082268743,0.081214984,0.227079602
MFSD14B,3290.71267,0.07120228,0.050835892,0.081279431,0.227197175
SMARCD1,1686.130277,-0.084426255,0.069746055,0.081364988,0.227314424
ATAT1,204.218412,-0.085150781,0.108403093,0.081366194,0.227314424
TMEM102,829.7846747,-0.08604542,0.072692868,0.081458266,0.227508989
RPUSD3,740.5590851,-0.081709782,0.064901995,0.081493485,0.227521403
NAMPT,1666.712807,0.091870379,0.101233029,0.081507569,0.227521403
MTDH,6747.096049,0.07858852,0.059774574,0.081579774,0.227563939
DDX23,2608.373852,-0.07016792,0.049117096,0.08158564,0.227563939
FAM107B,3520.323401,0.080735504,0.063119428,0.081590107,0.227563939
ARSK,234.8046641,0.086836603,0.105979353,0.081658276,0.227691467
MAP2K5,480.5693601,-0.088949609,0.08376955,0.081714247,0.22778492
FGFRL1,1249.305558,-0.085126922,0.071449564,0.081785348,0.227920488
FBXW4,980.6758535,-0.088230641,0.082615236,0.081810451,0.227927826
TMEM8B,33.03477522,-0.027608756,0.086816512,0.081836517,NA
TPSD1,7.098947913,-0.01788635,0.083730165,0.081906437,NA
PCYT1B,10.88975742,-0.022065835,0.084915104,0.081907745,NA
RPSAP9,8.176996326,0.018773975,0.08396784,0.08198868,NA
IER3IP1,1274.165216,0.084463772,0.072029241,0.082017581,0.228436764
SPTY2D1,891.2766851,0.085658505,0.074623278,0.082038164,0.228436764
TUSC2,1170.833419,-0.087348475,0.077485158,0.082129955,0.228629601
SLC52A1,8.469734964,0.018349885,0.083845308,0.082131402,NA
H2AC11,15.60226598,-0.027469993,0.086787806,0.082190832,NA
MLKL,1579.177179,0.087546813,0.078928023,0.082213302,0.228798829
NUDT14,1042.991766,-0.085239766,0.071789548,0.082260933,0.228820358
GPX3,8026.513813,-0.068710728,0.047889431,0.082266152,0.228820358
DUSP8,264.6911544,-0.064551012,0.106534515,0.082328533,0.228931096
HHIP,17.78504254,-0.022932505,0.085145658,0.082539976,NA
TROAP,777.7582148,-0.089578095,0.085614454,0.082576828,0.229483025
APOC4-APOC2,402.6893592,-0.089571105,0.094726373,0.082593296,0.229483025
EIF3A,12403.97411,0.060471626,0.040051031,0.082645904,0.229483025
SERPIND1,6.514575946,-0.017797443,0.083708575,0.082659524,NA
NOD1,693.9330861,0.088321115,0.084352836,0.082667943,0.229483025
PPP1R9A,24.48369083,0.032457236,0.088825124,0.082668908,NA
ESF1,843.533745,0.089684761,0.092271052,0.082672066,0.229483025
ZNF747,447.7824231,-0.089944948,0.096255543,0.082678975,0.229483025
CISD2,1258.693762,0.091333585,0.092216253,0.082685376,0.229483025
RARS1,1837.542459,0.079404997,0.06175624,0.082727493,0.229537115
CSTF3,863.5363737,0.088730403,0.085638961,0.082757879,0.229558633
CCNF,918.1189408,-0.088233761,0.081340354,0.08284428,0.229735476
CDIN1,143.5572863,-0.069804457,0.108347291,0.082872249,NA
EDN1,22.92386826,-0.032881526,0.089014295,0.082896576,NA
WDR83,344.2575573,-0.089995281,0.092434066,0.08289856,0.229823173
ICAM5,77.88593885,-0.055875383,0.101598362,0.082978121,NA
SLC22A4,236.8027497,0.070105345,0.108967599,0.083018183,0.230091926
DMC1,38.07077153,-0.029664532,0.087597214,0.08307208,NA
ARGFXP2,13.72300902,-0.025756598,0.08613814,0.08308919,NA
VAMP2,1232.506389,-0.080551136,0.063824899,0.083098447,0.230245064
UBE2G2,2610.761495,0.068862489,0.048033577,0.083124706,0.230245064
MTX3,333.4451866,0.090671167,0.097579998,0.083141529,0.230245064
GPALPP1,436.9186217,-0.089867808,0.092257931,0.083245292,0.230408829
BRIP1,436.2550623,0.079615635,0.1060576,0.083246092,0.230408829
PRKG1,12.92568231,0.016164403,0.08326802,0.083251794,NA
THAP12,1385.868411,0.079265428,0.062270043,0.083273221,0.230421045
CDKN1A,7098.886552,-0.065998514,0.045208078,0.083310001,0.230459954
GALC,2872.575049,0.079163856,0.059539653,0.083446943,0.230775842
NIFK,630.2661206,0.089087579,0.096182898,0.083498709,0.230830009
DBT,832.0803937,0.088068351,0.098914093,0.08351204,0.230830009
SERPINF2,304.3867421,-0.088262403,0.100785347,0.083544053,0.23085559
LATS2,922.0680777,-0.086207456,0.075468246,0.083577928,0.230886302
MMADHC,2546.533134,0.082145203,0.068215255,0.083677692,0.231093939
UBE2E1,2344.132837,0.088468893,0.082838399,0.083708683,0.231093939
SMN1,570.5759776,0.074515669,0.109902015,0.083721434,0.231093939
SH3GL1,2968.496917,-0.072643783,0.052651615,0.083811766,0.231280348
RMI1,355.9086869,0.085360591,0.101237138,0.083896456,0.231451087
FAM222B,740.4034121,-0.087127729,0.080605474,0.083929456,0.231479175
EME2,1470.794643,-0.082630502,0.109787198,0.083973138,0.231536698
PTGS2,41.72462486,0.044449715,0.094970703,0.08409301,NA
EPAS1,5470.259027,-0.088460134,0.087877734,0.084234833,0.232145926
CLPTM1L,3371.857779,-0.065291558,0.044699588,0.084239861,0.232145926
DHRS13,102.1132643,-0.067400305,0.107322112,0.084262622,NA
RPL41P2,22.13864905,0.029051368,0.08737766,0.084298629,NA
DBI,8067.593404,0.079418485,0.070906443,0.084343055,0.232367177
ARHGAP12,993.7994797,0.090956115,0.105522217,0.084412068,0.232454601
TPT1,42200.00637,0.07610965,0.058495542,0.084420618,0.232454601
PCOLCE,75.65229922,-0.057852381,0.102535107,0.084473224,NA
ENDOG,469.6493086,-0.084472223,0.076200044,0.084479687,0.232554125
BRCA1,854.6634734,0.084173486,0.071497355,0.084590706,0.232739487
NAPEPLD,276.7728257,0.078353591,0.107203413,0.084614127,0.232739487
LRSAM1,1362.069715,-0.081196252,0.065541969,0.084630989,0.232739487
FBLIM1,35.19743214,-0.033264028,0.089123201,0.084638295,NA
ARID4B,1710.618142,0.082910012,0.069150192,0.084638798,0.232739487
PLEKHG3,166.8220502,-0.058413106,0.102935079,0.084665529,NA
POLL,820.6096614,-0.087087484,0.080029508,0.084680692,0.232791583
FMC1,138.7248148,0.075574441,0.113675607,0.084694256,NA
MTAP,1208.819796,0.088176617,0.091765483,0.084792777,0.233036556
USPL1,710.6220293,0.085401385,0.075436401,0.084872287,0.233172188
KCNA3,199.9365695,-0.07293274,0.109475652,0.084873469,NA
NMRK2,25.4667551,-0.032578949,0.088837767,0.084875825,NA
MRPS33,690.669132,0.085897771,0.088696112,0.0848881,0.233172188
ZC2HC1C,72.39223071,-0.046245364,0.095696571,0.084947903,NA
SLC16A5,353.0040069,-0.087652505,0.099312139,0.084971431,0.23333125
RPRD1B,928.1647641,-0.082866954,0.068034848,0.084992012,0.23333125
NDUFS8,1818.89106,-0.066855213,0.046681013,0.085049546,0.233363281
VARS2,804.5639805,-0.082328509,0.068360617,0.085067935,0.233363281
NSF,2039.162243,0.078844975,0.061613329,0.085072695,0.233363281
OSBPL2,1323.742673,-0.080371214,0.064624887,0.085100789,0.233377239
GCK,9.091410783,-0.020766917,0.084490359,0.085189417,NA
TRIT1,395.9012072,0.088153484,0.083582926,0.085213667,0.233623631
ATMIN,1563.50908,0.081066182,0.067953598,0.085334699,0.233892242
CSTPP1,339.937948,-0.086952866,0.100724033,0.085396848,0.233993093
CHCHD4,384.1560758,0.088063083,0.089425638,0.085427536,0.233993093
USP30,574.9388459,-0.086828992,0.100403253,0.085448647,0.233993093
B3GALT4,334.9255435,-0.088215512,0.095592661,0.085463763,0.233993093
JAKMIP2,439.7267931,0.084701793,0.104481523,0.085525515,0.234098982
CBX4,1381.075616,-0.087297248,0.08278547,0.085665525,0.234418959
TMEM92,12.45072321,-0.020253886,0.084318426,0.085669882,NA
KIFC3,4260.381888,-0.076848597,0.059103697,0.085729201,0.234483104
METTL26,803.7586485,-0.08659021,0.079735381,0.085735196,0.234483104
FBRSL1,2173.218731,-0.087134807,0.095911362,0.085810366,0.234598514
WDR91,2450.587589,-0.082175024,0.068151502,0.085823648,0.234598514
KLHL8,650.4805925,0.090987545,0.093572762,0.085907699,0.234747223
USP10,2165.237721,0.081276553,0.063689977,0.085924334,0.234747223
TEC,267.5109179,0.084802221,0.102941458,0.085990923,0.234865892
IMP4,1388.977998,-0.075304793,0.056833724,0.08605028,0.234964749
TMEM200A,183.3284029,0.070453902,0.108338039,0.086112881,NA
RUNDC3A,26.87740178,-0.025072453,0.085859489,0.086120654,NA
MASTL,549.3648786,0.088730141,0.089006773,0.086208216,0.235332654
RNA5-8SP6,448.1398778,-0.032086881,0.088636993,0.086322027,0.235544257
RALB,2790.664451,0.084505917,0.065049986,0.086332172,0.235544257
NDUFB4,1353.524521,0.084523315,0.074318351,0.086388705,0.235635123
THUMPD1,1136.45695,0.082993856,0.070994363,0.086482866,0.235828546
SMARCC2,2964.239634,-0.084453643,0.072120972,0.08653221,0.235899688
ETFA,2824.662869,0.077794836,0.060038718,0.086667995,0.236206379
ITGA4,1527.774817,0.083518621,0.07274613,0.086762844,0.236401367
CBARP,80.34690538,-0.050100209,0.097827494,0.086855714,NA
NCAPH,1316.047942,0.089425084,0.085458034,0.086887418,0.236624497
AP3S2,953.939059,0.082194108,0.068853183,0.086893512,0.236624497
IVNS1ABP,4360.398194,0.08563424,0.082147449,0.086935481,0.236624497
PPP1R12C,4294.305754,-0.07189372,0.052622806,0.086938042,0.236624497
ZNF519,132.4634719,0.063143143,0.105208387,0.086998525,NA
PPT1,12864.70953,0.068050397,0.049774924,0.087012101,0.23676254
POTEE,36.55845626,-0.037906342,0.09128075,0.087040253,NA
KANSL1L,338.7316069,0.076343903,0.108299748,0.087073445,0.236865923
CUL7,1689.595867,-0.079665696,0.06398668,0.087120538,0.236915493
TARS2,1442.343652,-0.08022276,0.065192471,0.087171416,0.236915493
TRMT1L,909.1442112,0.086166789,0.089377843,0.087179383,0.236915493
TMEM80,698.752838,-0.082248657,0.069208609,0.087198141,0.236915493
FFAR2,111.0146272,0.043754178,0.09428522,0.087203294,NA
PYM1,959.3321864,0.077106857,0.05996219,0.087208444,0.236915493
ALG6,187.9430218,0.081471829,0.107089621,0.087228948,NA
ADGRA2,77.42155586,-0.04770034,0.096513503,0.087232133,NA
SMAD3,63.98142744,-0.04203481,0.0933626,0.087245137,NA
TMEM163,187.3714936,-0.080511892,0.10704923,0.087293261,NA
PICK1,1145.083424,-0.078941869,0.066652304,0.087353858,0.237246997
USP33,1479.344867,0.084134382,0.07471785,0.087417747,0.237294834
C9orf72,851.2922747,0.085987165,0.083963685,0.087418257,0.237294834
ETAA1,202.8167822,0.083605114,0.10405506,0.08746163,NA
POLQ,456.9181087,0.072516668,0.10775088,0.087528246,0.237529837
SNRPD2,2057.00896,0.068843324,0.049785132,0.08758106,0.23756725
RYR3,41.17877871,0.013671367,0.082771821,0.087596302,NA
CAMK2D,1664.850853,0.07990165,0.064849201,0.087610168,0.23756725
CZIB,600.2805019,0.08257182,0.070243335,0.087612291,0.23756725
DCP2,1833.749553,0.084752936,0.079073153,0.0876417,0.237583486
QRICH1,2623.543154,-0.067041588,0.047360931,0.087796854,0.237924081
FGFR1OP2,1493.280421,0.080008162,0.0648018,0.087828954,0.237924081
CPNE8,492.4882833,0.087330797,0.095745427,0.087837705,0.237924081
NSUN3,395.7400158,-0.083138922,0.10416609,0.087926434,0.23810084
SLC25A3,8754.161864,0.069379843,0.049878951,0.088107454,0.238527359
UBAP1L,100.7161864,-0.05465615,0.100456912,0.088167065,NA
CHAF1A,912.1219407,-0.08673444,0.09897314,0.088196251,0.238658878
MVP,5485.845652,-0.074887666,0.057505912,0.088216857,0.238658878
LETM1,1663.775412,-0.086690315,0.094330837,0.088234727,0.238658878
TRIM27,2211.213443,-0.087557989,0.089920982,0.088250143,0.238658878
SLC25A17,303.9427246,0.085709229,0.098972673,0.088379439,0.238944838
POMT1,1123.833396,-0.088961736,0.103468413,0.088404531,0.238948991
ZNF587B,345.4422889,0.08572112,0.098067755,0.088541577,0.239195727
PSEN1,4906.482376,0.068921272,0.049555346,0.088542977,0.239195727
RRP36,1024.803622,0.080609758,0.067233669,0.088615124,0.239326895
ZFAND1,508.4319654,0.085686227,0.080346413,0.088691372,0.239393739
NDEL1,1229.152053,-0.070815866,0.05192997,0.088710641,0.239393739
TNFRSF1A,4946.446996,-0.061356023,0.041800016,0.088710673,0.239393739
FBXO38,1529.384674,0.086580911,0.085328625,0.088820722,0.239461412
TTBK2,620.5628653,0.075417093,0.109080593,0.088821035,0.239461412
TNK2,3889.024621,-0.086877162,0.090688873,0.088839277,0.239461412
VPS4A,2014.974145,-0.066182202,0.046642884,0.088843743,0.239461412
BTBD10,792.806939,0.082170847,0.069669218,0.088853781,0.239461412
APTX,723.6874104,0.086521753,0.085463256,0.088955886,0.239656448
OPRL1,427.944808,-0.08762617,0.08265302,0.088998478,0.239656448
GSTT1,276.9824189,-0.081184009,0.106939626,0.089009769,0.239656448
TM2D1,585.1344469,0.083993789,0.081609149,0.089020652,0.239656448
KCNRG,25.16778,0.031233216,0.088195558,0.089037672,NA
NCK1,3038.363949,0.081827782,0.069171734,0.089045477,0.239659675
DOLPP1,329.4497538,-0.086627666,0.09251894,0.089121001,0.239754713
RPS20,12471.13544,0.075949713,0.059991854,0.089128058,0.239754713
SYT7,19.19512575,-0.023163185,0.085203994,0.089157368,NA
ADA2,1926.813784,-0.080395695,0.067027245,0.089283158,0.24010826
RTKN,443.3797044,-0.086474238,0.094848206,0.089530657,0.24071004
FXR1,2255.080877,0.076356861,0.060043947,0.089570621,0.24073448
CHCHD7,1477.911818,0.08238613,0.070054074,0.089601577,0.24073448
MLX,2561.334244,-0.066851842,0.04760668,0.089610942,0.24073448
COMTD1,368.1478304,-0.084656391,0.087562621,0.089683611,0.240865913
DNPEP,1341.895216,-0.086758672,0.088654461,0.089709856,0.240872626
RNF7,1775.803957,0.075053461,0.057391638,0.089746371,0.240900129
PHRF1,2210.522165,-0.083097421,0.074185599,0.089767595,0.240900129
EOGT,808.0863645,0.081598892,0.069784253,0.089850524,0.241058903
MVD,1101.394044,-0.086112507,0.085577573,0.090030211,0.241353882
EIF2AK4,1751.127033,0.072326489,0.05410078,0.09005377,0.241353882
RASSF4,14657.87341,-0.066179229,0.047017792,0.090090257,0.241353882
RCAN1,789.8295775,0.081540827,0.070270856,0.090092121,0.241353882
LMNTD1,6.377179763,-0.016425068,0.08334238,0.090101876,NA
TPRKB,392.6250814,0.085889861,0.085341903,0.090116553,0.241353882
SKAP2,2870.543347,0.076792314,0.05964196,0.090119455,0.241353882
ZNF75A,348.8131418,0.081939582,0.10157073,0.090133049,0.241353882
SAAL1,258.0959591,0.082102185,0.102514488,0.090154245,0.241353882
UBE2Z,4947.412094,-0.062682114,0.043478058,0.090228189,0.241353882
USP20,832.8982902,-0.081536006,0.069934856,0.09024937,0.241353882
TTLL12,1545.426644,-0.076265197,0.059831587,0.090253265,0.241353882
ACOT13,749.5584449,0.086195088,0.096879125,0.090288159,0.241353882
CPSF2,2045.68569,0.078383316,0.063795647,0.090291819,0.241353882
ZFP91,2732.815363,0.067232974,0.047253619,0.090293571,0.241353882
SLC44A1,1500.733499,0.082790062,0.073860938,0.090334843,0.241400592
PPP4C,3644.188228,-0.06841324,0.049617208,0.09044441,0.241567984
SNX4,1372.645687,0.084612295,0.094890263,0.090445111,0.241567984
RTKN2,91.76738705,0.063240974,0.104619366,0.090479153,NA
IBSP,14133.75985,0.080722529,0.0691918,0.090487122,0.241616575
CRTAM,16.00341606,0.019167979,0.084024001,0.090558643,NA
STAP1,29.31493677,0.03332995,0.089058188,0.090645787,NA
RIGI,2034.539602,0.063024893,0.103241413,0.090670319,0.24204203
YJEFN3,111.4437882,-0.069667724,0.106893231,0.090679302,NA
WWC2,997.3119154,0.078303994,0.063443671,0.090723298,0.242066754
CRCP,990.5554593,0.084229038,0.078506709,0.090727306,0.242066754
SPG21,4056.104482,0.06131821,0.041886732,0.090774508,0.242097513
RSC1A1,41.59774136,0.037925233,0.091222204,0.090786552,NA
PDCD11,1526.862642,0.074581897,0.057633843,0.090786567,0.242097513
CSTA,306.4911461,0.082730082,0.102075883,0.090856697,0.24222085
PDE7A,427.9960122,0.085530292,0.084778265,0.090955989,0.242421847
NDUFB1,996.8656741,0.085101549,0.0829043,0.091082565,0.242695439
ZNF837,75.13930609,-0.0567341,0.101090618,0.091106191,NA
KCNC3,1216.810922,-0.077629916,0.062586802,0.091117947,0.242725959
TOP3A,1000.647291,0.079122571,0.065360229,0.09119674,0.242872073
ANKRD30BL,125.2043854,-0.063962968,0.104717762,0.091220948,NA
SMUG1,507.8152678,0.085647374,0.093086232,0.091268688,0.242999886
HLA-DPB1,728.9609892,-0.085682413,0.088288532,0.09131075,0.243048083
EFNA4,125.43844,-0.069942239,0.106583432,0.091385445,NA
OGDH,4912.558307,-0.068808559,0.050275159,0.091433847,0.243280454
DKK2,919.823769,-0.081751111,0.072156851,0.091446015,0.243280454
S1PR2,1450.888719,-0.077319983,0.06189939,0.091532786,0.243447451
FBXO33,750.4299101,0.080231783,0.066899274,0.091581995,0.243514484
KLHL26,534.5188443,-0.08442018,0.099127305,0.0916841,0.243722095
MIER1,1100.378222,0.083994067,0.078199506,0.091751553,0.243837503
SCN8A,25.04421599,0.034404801,0.089512782,0.091892605,NA
MRPL33,527.2129879,0.085070074,0.08383771,0.091904361,0.244179633
ERV3-1,215.8348259,0.081184865,0.103663598,0.091951055,0.244239722
TMEM44,501.6448025,-0.08185665,0.072791225,0.091979964,0.244252553
POC5,205.8981854,0.078867967,0.105057965,0.092110479,0.244535121
STAU2,756.3997094,0.084327947,0.083541687,0.092134781,0.244535642
TREM1,106.1860971,-0.037878428,0.091096843,0.092164269,NA
PLCB2,18124.48932,-0.071783253,0.054272626,0.092171381,0.24456879
SSR3,2968.223104,0.086279323,0.086167596,0.092197748,0.244574779
ZNF808,156.4350059,0.060741086,0.102951862,0.092225028,NA
FHIP2A,774.2668463,-0.08525252,0.097315319,0.092228985,0.24459368
RAB5IF,4476.618012,0.066903032,0.048283176,0.092409421,0.244971792
DDB1,7270.392405,-0.067891151,0.049127057,0.092459922,0.244971792
UPF3A,1671.279214,0.076233895,0.060681581,0.092461478,0.244971792
TRPC4AP,4535.494533,-0.067416419,0.04887447,0.092482521,0.244971792
TLK2,1555.887185,0.072317616,0.055077134,0.092492307,0.244971792
LZIC,831.5788907,0.085006939,0.088720741,0.092569267,0.245111628
TONSL,521.0670373,-0.085229676,0.094661118,0.092630952,0.245149373
RDH13,363.6618555,-0.08332243,0.100741852,0.09267541,0.245149373
CTNS,3663.638737,-0.070910988,0.053175681,0.09268118,0.245149373
FBXL18,747.9162699,-0.084624685,0.092160185,0.092712792,0.245149373
CXCL1,240.7367152,0.067546381,0.105814639,0.092715784,0.245149373
KDM5C,3992.744533,-0.07366637,0.056783089,0.092746281,0.245149373
GLTP,835.9089786,0.081087051,0.070222245,0.092765497,0.245149373
ODC1,1347.751066,0.082056241,0.076972973,0.092776857,0.245149373
RAD21,5209.437747,0.073021331,0.056183762,0.092806271,0.245163233
NPIPB6,11.23577371,0.02161608,0.084694983,0.092942528,NA
MYO15B,1803.411905,-0.085745987,0.092663736,0.093044383,0.245728254
UBP1,2365.503397,0.07266723,0.055426788,0.093135275,0.245904276
REST,1585.781071,0.080989348,0.063059517,0.093177444,0.245951597
SLC9A7P1,44.63161607,0.036069245,0.090252881,0.093254951,NA
TPTEP2-CSNK1E,77.50562781,-0.056492084,0.100658175,0.093317743,NA
FNDC3A,4555.587507,0.069739459,0.052535312,0.093321145,0.246195411
ZNF467,828.0945515,-0.084845447,0.095678228,0.09334629,0.246195411
TOGARAM1,630.1011116,0.07473614,0.105623428,0.093361361,0.246195411
ZMAT3,1935.41212,0.079567282,0.067476727,0.093401741,0.246195411
ZFAND2B,533.4494538,-0.084344817,0.082397997,0.093414862,0.246195411
GIMAP1-GIMAP5,227.9251478,-0.027475209,0.086656563,0.093427344,0.246195411
COPZ1,2808.624979,0.083959886,0.080102579,0.093439701,0.246195411
H2AX,2555.423961,-0.08238387,0.075010612,0.093485857,0.246253061
KRT10,829.8876763,0.079526506,0.071298891,0.093600077,0.246489921
SLAMF7,949.9035366,0.08577421,0.087425451,0.093660363,0.246584667
COTL1,12337.23235,-0.060614185,0.042106192,0.093728762,0.246700716
ERAL1,1006.36242,-0.084606948,0.085006394,0.093887621,0.24705474
DDX46,2671.029218,0.074732688,0.059061181,0.094042872,0.24739909
PTPN22,1035.890757,0.084328509,0.084775396,0.094099007,0.247482584
C17orf58,202.9295628,0.078498547,0.104580625,0.094144434,NA
GPR68,496.8487296,-0.08466869,0.09203619,0.094184715,0.247643791
MIF,3436.170984,-0.065420494,0.046568739,0.094272784,0.247664991
AFTPH,1876.857011,0.072981028,0.056914111,0.094282569,0.247664991
CALU,9908.151204,0.055837535,0.043192874,0.094288763,0.247664991
TMEM106B,916.9338039,0.083845403,0.095159489,0.094290437,0.247664991
PRSS23,90.26446628,0.053782609,0.099349539,0.094487155,NA
ABHD3,1234.934872,0.079970708,0.071790023,0.094513946,0.248187799
CCDC152,64.78133398,0.042601768,0.09347028,0.094601447,NA
PABPN1,5359.562193,-0.058752318,0.04040955,0.094611165,0.248318134
IFI30,41571.85714,-0.07188573,0.055060113,0.094612538,0.248318134
SLC41A2,1126.078338,-0.083840399,0.080721078,0.094682469,0.248377501
FEM1A,1787.52179,-0.071779347,0.056436545,0.094684128,0.248377501
RND2,12.58485081,0.020854043,0.084459898,0.094697252,NA
ZNF341,244.1792461,-0.076991541,0.103378489,0.094726122,0.248423418
FBXW2,1846.120802,0.069239397,0.051622155,0.094760629,0.248449682
NFATC3,1275.612983,0.079110437,0.067336001,0.094814778,0.248527417
FERMT1,50.66849048,-0.034881539,0.089631347,0.094945468,NA
CORIN,27.41276187,-0.033413007,0.088985572,0.09502303,NA
BMP2K,6522.063531,0.066075572,0.047694939,0.095034114,0.2490015
SLC39A3,943.6665395,-0.079804335,0.066323113,0.095078169,0.2490015
PPIC,852.4111027,0.081461708,0.073081686,0.095100966,0.2490015
PKP4,431.3581859,0.081786222,0.100400717,0.095113801,0.2490015
BCLAF1,3430.34733,0.070354132,0.053207405,0.095142351,0.2490015
SIGLEC10,2298.456212,-0.082647926,0.074910846,0.095142923,0.2490015
RNF227,53.25785282,-0.038065568,0.091243714,0.095190943,NA
DNM1L,1667.868404,0.085062976,0.075923728,0.095191323,0.24906391
CFAP126,98.85909039,0.061514134,0.102896494,0.095283647,NA
IQCE,946.0850364,-0.083735409,0.087689446,0.095301405,0.249222779
SNRPF,461.0625786,0.083976767,0.083916972,0.095315447,0.249222779
INHBA,101.2573046,0.05826295,0.103588121,0.095318098,NA
DNTTIP2,1343.790758,0.082073363,0.079799917,0.095328819,0.249222779
E2F4,2479.954695,-0.070816272,0.053768613,0.095350316,0.249222779
CYP2E1,21.37934725,-0.017741513,0.083570301,0.095502495,NA
SH2D3C,300.181383,-0.060560789,0.102522714,0.095616423,0.24985394
PGA3,64.53134958,-0.043823556,0.094003677,0.095701422,NA
ZNF561,888.5871391,0.087874927,0.09153617,0.095726793,0.24990292
NGDN,603.9551456,0.081046171,0.072414785,0.095741248,0.24990292
,181044.1674,0.130857564,0.10970552,0.095749293,0.24990292
GBA1,5072.607804,-0.066846516,0.049026398,0.095760873,0.24990292
ZNF513,788.0779768,-0.081714524,0.075653789,0.095779314,0.24990292
DMAC1,1075.642454,0.083123245,0.093411343,0.095782981,0.24990292
ABHD14B,512.1550507,-0.085355062,0.087269913,0.095869961,0.250065541
JSRP1,41.18167814,-0.040171878,0.092128188,0.095918192,NA
CD320,195.5703367,-0.077286819,0.103472315,0.0959392,NA
DAZAP1,4362.693419,-0.076012147,0.061804184,0.095946478,0.250097417
LAMTOR2,1696.98114,0.074189572,0.058591121,0.095948838,0.250097417
LRMDA,232.8033905,0.066671434,0.101519128,0.095956146,0.250097417
TAMALIN,114.1192172,-0.050938008,0.097697449,0.095967039,NA
CLUH,4941.837034,-0.082747197,0.080699459,0.096000724,0.250149331
SHLD2,935.8827635,0.079903941,0.069806774,0.096150745,0.2504759
CCDC40,163.6470284,-0.070892942,0.105275901,0.096189501,NA
NAIF1,377.9370992,-0.080989608,0.080709252,0.096211949,0.250570992
C6orf89,2444.252676,0.070234426,0.05337443,0.096345382,0.250854095
B4GALT1,4542.057724,0.066258706,0.045393887,0.096382879,0.25088733
ZNF66,163.2749567,0.070629319,0.106536553,0.096402841,NA
GRSF1,2445.408321,0.077659499,0.06474494,0.096471184,0.250912677
KMT2B,2912.007475,-0.083417847,0.082728788,0.096503824,0.250912677
SLC5A3,7530.57681,0.080411973,0.073347973,0.096521687,0.250912677
RBBP6,1738.353099,0.072592825,0.055251219,0.096523048,0.250912677
GKAP1,65.44748948,0.04555137,0.094808609,0.096530681,NA
RASA4,4209.525521,-0.080623041,0.071703945,0.096553896,0.250912677
ZNF800,595.0099781,0.080093098,0.07322961,0.096570622,0.250912677
ABHD16B,299.5437594,-0.081923319,0.09920338,0.096584457,0.250912677
MTHFSD,443.6341598,-0.084454306,0.087673549,0.096590497,0.250912677
PRDX6,3249.41811,0.077057865,0.065072142,0.096650646,0.251004647
RNF8,422.2470642,0.083151999,0.080128598,0.096734062,0.251109767
HNRNPC,12186.0117,0.063700782,0.045864651,0.096740632,0.251109767
GNG7,178.2302458,-0.070217162,0.105099142,0.096788406,NA
SLCO4C1,26.33909192,-0.033581893,0.089046336,0.096824134,NA
FAIM,252.9560348,0.081793975,0.098491442,0.096941122,0.251538873
ARHGAP20,418.2959771,0.083651505,0.093468468,0.09695554,0.251538873
SKA3,253.5124391,0.061885715,0.102770118,0.097005933,0.251605262
PITPNC1,679.7131557,-0.08325222,0.084076205,0.097125902,0.251852033
CYFIP1,20758.51524,-0.068593332,0.051257272,0.09716175,0.251880601
RCE1,601.8386452,-0.083645895,0.087690646,0.097385075,0.252395043
AAGAB,681.1481704,0.082031546,0.078200989,0.097557296,0.252776811
AHCY,4714.745614,-0.05974843,0.04217231,0.097588132,0.252792138
NTN1,15.13210668,-0.022888498,0.085035429,0.097614193,NA
RITA1,396.9706937,-0.081981391,0.096338208,0.097668033,0.252934522
TMEM63A,3306.180743,-0.075019666,0.061032932,0.097791767,0.253190324
EMC1,2271.864487,-0.074432705,0.060198266,0.097822612,0.253205557
ZNF12,664.3976451,-0.071032166,0.102819422,0.097914127,0.253377782
CPT1A,922.4404778,-0.072957381,0.10339051,0.097996892,0.253448752
POLE3,1566.348351,0.074320887,0.056741387,0.097997172,0.253448752
RNF123,1271.705422,-0.07764143,0.065885097,0.098029889,0.253448752
NDUFA1,1710.111841,0.076645212,0.064689221,0.098041493,0.253448752
ZFAND4,160.6758339,0.068576798,0.104481817,0.098074267,NA
MYOF,10357.80948,0.07261469,0.055634142,0.098088792,0.253506423
RGMB,344.7458924,0.08116087,0.09647705,0.098159069,0.253623432
HDAC2,2696.721751,0.072654069,0.057451399,0.098242875,0.25377533
SSPN,146.4691789,0.061197816,0.102963691,0.098456782,NA
PPL,355.9712079,-0.082168894,0.095369464,0.098481102,0.254325941
SSX2IP,185.439694,0.070050975,0.104451518,0.098484418,NA
GPR35,361.5383607,-0.079003283,0.100505114,0.098573824,0.254500604
ACSS1,1133.863247,-0.076300858,0.06396298,0.098656997,0.25465053
EFHD2,9102.516605,-0.066116389,0.048429649,0.09882994,0.255032031
CFL1P1,7.530865464,-0.017437258,0.083537933,0.098849234,NA
IZUMO4,22.95346372,0.023386283,0.085174653,0.098855435,NA
GBF1,3095.006453,-0.05226618,0.097269409,0.098878358,0.255092082
ALAD,1359.450153,-0.07933263,0.070564603,0.098932883,0.255167853
TNNI1,19.3649006,-0.02382026,0.085304426,0.098971923,NA
MYEOV,45.69356829,0.035239083,0.089660022,0.099079919,NA
MLXIPL,3197.606661,-0.082133072,0.08224622,0.099130564,0.255573497
CNOT4,700.9107842,0.079694317,0.072022654,0.099140547,0.255573497
STUM,125.821168,-0.04508708,0.094465586,0.099213514,NA
DOK7,10.60551048,0.019040803,0.083915705,0.099261287,NA
F8A1,770.6240086,-0.082498417,0.086961848,0.099307187,0.255850159
ISY1-RAB43,783.2908922,-0.046906532,0.095442136,0.099308744,0.255850159
DGCR2,1985.839692,-0.077301454,0.065838165,0.099323534,0.255850159
CES4A,309.6374502,-0.071813555,0.104046813,0.099527953,0.256311641
MBOAT2,17.34045398,-0.021466624,0.084558987,0.099535405,NA
SETD9,132.1959425,0.07032614,0.102712473,0.099558516,NA
TMEM199,1086.428637,-0.082279837,0.078879506,0.099563821,0.256323342
FAM72D,187.9101729,0.074111215,0.103737368,0.099563957,NA
ZNF211,243.5698139,0.081067298,0.097401513,0.099583033,0.256323342
TNF,78.39373397,0.049879232,0.096882096,0.099589781,NA
PANK3,3082.964814,0.081464331,0.083636819,0.099616355,0.256344065
ITGA10,19.32231002,-0.02591387,0.085992631,0.099961113,NA
GFUS,976.9195379,-0.07749018,0.066816315,0.100005936,0.257281313
TTC12,164.2519456,-0.066284085,0.103345717,0.100084633,NA
GALNT4,249.4665501,0.071652403,0.103953951,0.100090033,0.257432377
CLSTN3,287.083299,-0.061502269,0.10213982,0.100150342,0.257522196
SLC25A11,2935.048841,-0.07389641,0.058426556,0.10023866,0.257683975
TBPL1,242.1825226,0.077130935,0.1004658,0.100376756,0.257973603
HLA-A,14757.70617,-0.07876097,0.063262314,0.100452588,0.258103104
MED14,1561.544462,-0.075023484,0.062131982,0.100498072,0.258154582
TMEM256-PLSCR3,6.798067132,-0.014334595,0.082846772,0.100571716,NA
AK4,83.68234203,-0.046031661,0.094836414,0.100576692,NA
KCTD6,139.2518355,0.068052253,0.103726537,0.100633268,NA
KDELR2,2623.406254,0.073497242,0.059726305,0.100673025,0.258486503
DCAF5,2291.360029,-0.073585528,0.059744443,0.100685188,0.258486503
TRMO,407.181019,0.082043192,0.089431933,0.100703732,0.258486503
CITED4,35.51498374,-0.039819613,0.09178954,0.10070426,NA
POLD3,665.928458,0.076171334,0.064510341,0.100830873,0.258742022
BUD31,1233.78426,0.08043207,0.07382927,0.100864195,0.258742022
IL13RA1,4979.433457,0.061454565,0.044187176,0.1008798,0.258742022
ZNF239,48.27551684,0.041191403,0.092457631,0.100930585,NA
PLPBP,1076.771377,0.081278961,0.079564928,0.100971721,0.258912319
C5orf15,1852.815898,0.076282169,0.064998012,0.101171544,0.259359145
RICTOR,1341.364255,0.079243255,0.072304561,0.101217345,0.25936207
THRA,1285.564813,-0.077092224,0.066395184,0.101245162,0.25936207
ANKRD17,3238.158434,0.069760823,0.054617153,0.101249389,0.25936207
RNF139,955.9064663,0.078667759,0.070181969,0.10129796,0.259420982
ZNF804A,501.6020969,0.079900171,0.077932389,0.101367897,0.259534564
IFT70B,123.982645,0.063241404,0.102564374,0.101430943,NA
TDG,1037.273655,0.078002406,0.068997454,0.101452931,0.259639393
ATP5F1B,18017.60459,0.06581388,0.04994811,0.101460031,0.259639393
APIP,1685.571701,0.075691928,0.063746786,0.101643446,0.260043157
SORBS2,13.52799388,0.021274283,0.084499782,0.101653186,NA
ZBTB8OS,333.4713913,0.081917688,0.089100771,0.101725035,0.260186273
SKI,7244.186681,-0.069781314,0.106677532,0.101823304,0.26036404
PRR13,4314.245405,-0.061821576,0.045114347,0.101845871,0.26036404
BTG3,451.2494516,0.081621693,0.08663037,0.10190537,0.260396455
ITGB1BP2,13.25224688,-0.024171318,0.08541214,0.101934833,NA
GALNS,1665.273695,-0.075650168,0.06403693,0.101935512,0.260396455
UTP6,2014.762184,0.083775963,0.081169326,0.10193556,0.260396455
DNAJC4,1066.438294,-0.079261099,0.072624971,0.102084085,0.260709938
MOCS2,698.7255827,0.079895416,0.074459761,0.102109679,0.260709938
BDH2,406.6300672,0.08120355,0.093394698,0.102154145,0.260757839
S100Z,28.72976756,-0.023297053,0.085128596,0.102167953,NA
INTS13,695.0231682,0.080898566,0.085909236,0.102189569,0.26078264
PKD1P3,957.0087852,-0.068987596,0.102181092,0.10231788,0.26104441
CLN6,2632.92245,-0.067378727,0.050424555,0.102411722,0.261208866
HMGN2,9915.435115,0.073751737,0.061992213,0.102451284,0.261208866
NSDHL,524.3007316,-0.080488161,0.078129816,0.10245959,0.261208866
CTBP2,830.840369,-0.077780785,0.0990074,0.102571752,0.261429108
PDE9A,153.6253027,-0.075075018,0.101911476,0.102652637,NA
MKRN2,1205.513783,0.078899842,0.071498426,0.102677371,0.261632568
RBIS,369.4856954,0.079923433,0.095407725,0.102737262,0.261697512
PFKP,7492.700643,-0.063044746,0.049356347,0.102770906,0.261697512
PRKD2,811.2288336,-0.073846986,0.104244372,0.102780253,0.261697512
DTWD2,564.3985553,0.080462348,0.078512631,0.102849777,0.261808818
GRK4,136.8154149,-0.057249524,0.100018728,0.102904766,NA
DMAP1,841.2021585,-0.081806403,0.084270964,0.102954334,0.262009224
RGPD4,25.08132305,0.031284303,0.087965619,0.103065693,NA
WDR48,1038.287221,0.076079537,0.072862082,0.103138515,0.262412112
CD72,154.2636748,-0.073938187,0.101961767,0.103155817,NA
NOXA1,495.4433191,-0.079314073,0.097435949,0.103234463,0.262549628
NPM3,503.9519919,0.079059921,0.074241267,0.103244328,0.262549628
TASOR,2878.197414,0.079563943,0.071321359,0.103328038,0.262696646
RBMS3,16.62687701,0.019442788,0.084001939,0.103342548,NA
CLCN3,2467.999561,0.06675852,0.050806383,0.103359636,0.262711136
CHEK1,461.4729094,0.076248366,0.099471111,0.103410947,0.262744014
CTSF,211.1720968,-0.073183223,0.102360348,0.103424374,0.262744014
FSBP,130.4109696,-0.05580547,0.099562646,0.103526343,NA
CD63,25515.39252,0.070454833,0.054348874,0.103539945,0.262971758
SLC20A1,5907.032036,0.07769337,0.069065059,0.103613306,0.262975858
KLHL5,2916.831457,0.079684747,0.072093894,0.103620031,0.262975858
IGSF8,577.8674836,-0.079794126,0.087900243,0.103629223,0.262975858
ZNF761,434.9094213,0.080970265,0.087250502,0.103645256,0.262975858
EIF4A2,5041.900281,0.069131067,0.054092424,0.103703133,0.26305691
CAMK2B,551.8722491,-0.080785659,0.089782991,0.103766993,0.263109047
MICAL2,1401.221212,0.078073291,0.069203631,0.103775561,0.263109047
TRAF6,621.6914145,0.077584851,0.069463471,0.103850172,0.263232419
FRS3,135.7442194,-0.061212548,0.101225832,0.103864601,NA
SMARCD2,2074.516864,-0.069684875,0.054877125,0.103899966,0.263248916
LLGL1,697.5802206,-0.080180431,0.078994992,0.103940188,0.263248916
PLAG1,508.9545035,0.071481991,0.100312184,0.103946328,0.263248916
DCAF12,2408.082563,0.071220036,0.056906596,0.103960485,0.263248916
ZNF367,204.5064823,0.07771367,0.098857814,0.104010231,0.263309154
PPP2R5C,3162.588952,0.074707932,0.063264951,0.104156754,0.26360263
BCKDHB,306.4524107,0.079118641,0.103334051,0.104178129,0.26360263
LEMD2,1978.252527,-0.074747678,0.063463611,0.104204924,0.263604677
PLEKHO2,10574.47357,-0.059616746,0.045041886,0.104235544,0.263616394
OVOL1,136.4010399,-0.050430861,0.096808617,0.104285879,NA
SULF1,29.92042776,0.024194778,0.085369256,0.104313121,NA
PRR33,203.7848472,-0.066880823,0.103238988,0.10432523,NA
AP3B1,2924.993296,0.070683992,0.051990085,0.104335348,0.263803033
HECTD1,4943.006492,0.07572121,0.069000913,0.104443086,0.264009635
SMG6,1245.009635,-0.081418487,0.088941886,0.104486511,0.264053604
SCARF1,582.6022677,-0.080855167,0.087855401,0.10451961,0.264071463
CLCN4,428.8183262,-0.061586109,0.101259067,0.104563635,0.264116911
CSNK2B,2837.743823,-0.066457475,0.050912529,0.104613842,0.264128307
TMTC4,221.9669268,0.063294857,0.101861308,0.104620222,0.264128307
NOA1,810.6968984,-0.078884576,0.074795347,0.104790563,0.264486094
SERPINB9,561.6394008,0.077695105,0.096976659,0.104814087,0.264486094
DNASE1L1,1957.718126,-0.067153325,0.051223752,0.104853256,0.264498034
EPS8,2865.756775,0.068911061,0.050200457,0.104870967,0.264498034
PLOD3,4198.472886,-0.072309353,0.059330459,0.104910031,0.264530786
PHLPP2,317.9051511,0.07233318,0.101766656,0.104990225,0.264590033
MRPS25,1973.717389,0.078119086,0.067097396,0.105010341,0.264590033
FKRP,672.7877967,-0.080134093,0.094737015,0.105028379,0.264590033
IFT25,404.8072586,0.080319538,0.090218731,0.105037861,0.264590033
MBD6,2759.588248,-0.080965686,0.087320241,0.105103481,0.264634063
BAZ2B,2090.631545,-0.070959828,0.057349303,0.105107516,0.264634063
IFNAR2,1762.671225,0.073186985,0.062057802,0.105293616,0.264927912
PIGH,431.0023407,-0.081932066,0.081669823,0.105301463,0.264927912
FAM20C,11736.66723,-0.075013737,0.061464318,0.1053132,0.264927912
TMEM18,640.1163913,0.07767727,0.093230581,0.105328694,0.264927912
PRKAR2A,2588.806243,-0.06222896,0.102114017,0.105424691,0.265093794
TMC7,229.7913685,-0.053228595,0.098054478,0.105454844,0.265093794
DLAT,1613.280307,0.077734096,0.062259969,0.105473043,0.265093794
WDHD1,306.3948407,0.060313537,0.100756736,0.105509334,0.265119317
PALM2AKAP2,182.5995347,0.045041946,0.094048064,0.10561769,NA
ATG3,2095.178428,0.067812585,0.052401658,0.105639657,0.26531597
ZFAND6,2181.059017,0.075894928,0.058193783,0.105647036,0.26531597
ZBTB7B,2869.021914,-0.072600106,0.060546503,0.105666061,0.26531597
TMEM151A,49.12147257,-0.047613561,0.095311274,0.105744419,NA
PAIP2,2132.375311,0.082551969,0.074982719,0.105746088,0.265450956
CAAP1,572.0593573,0.08335302,0.088606227,0.105773152,0.265450956
IFIH1,3560.939524,0.08086246,0.085225678,0.105811054,0.265450956
FEM1C,954.0830172,0.07527422,0.065005528,0.105824494,0.265450956
SNRNP25,846.7329365,-0.07776178,0.070582997,0.105877584,0.265508096
SPIRE2,306.2565287,-0.07612384,0.099842449,0.105899621,0.265508096
SRRM4,15.77053685,0.01975149,0.084066645,0.105962106,NA
SLC46A1,1193.459225,-0.080649694,0.084903024,0.105977951,0.265558069
NSMCE4A,568.3220179,0.079790604,0.081194546,0.105990064,0.265558069
NPC1,8460.548914,-0.071603784,0.058561981,0.10599809,0.265558069
GATAD2A,2644.924339,-0.078282293,0.073187321,0.106043259,0.265605634
ADPRHL1,13.11941608,-0.019842965,0.084091929,0.106170242,NA
SORL1,8225.775531,-0.077258031,0.075767051,0.106171209,0.265811529
COX11,571.3318721,0.080125288,0.088668072,0.10617787,0.265811529
PRMT5,1169.972211,0.07611536,0.067034358,0.106330966,0.266129118
ZNF382,213.5901813,0.072565108,0.100823219,0.106408347,0.266257098
H2AC8,11.6007366,-0.020942192,0.084403483,0.106459496,NA
CCDC14,682.2021938,0.080270809,0.090890404,0.10651435,0.266456614
ASB16,163.7968702,-0.074596216,0.10007521,0.106524384,NA
MIS18BP1,1814.281053,0.075127827,0.064797849,0.106544242,0.266465678
CASP4,1905.072649,0.070464702,0.055898129,0.106632319,0.266620222
NEXN,77.02050405,0.030237121,0.087479718,0.10670341,NA
METTL15,239.4865647,0.073155906,0.100592468,0.106714154,0.266759087
ABRAXAS2,1026.419963,0.073847318,0.062242836,0.106742446,0.266764072
FSD1L,245.8889349,0.072920909,0.10077447,0.106789239,0.266815281
CABYR,65.05729165,-0.042084259,0.092574674,0.106830273,NA
SLC38A1,37.82886897,0.035376782,0.089546704,0.106848206,NA
GTF2IRD1,436.391332,-0.076342831,0.098917616,0.106944516,0.267137447
CUBN,94.33514719,0.028599312,0.086850743,0.106961244,NA
EGLN1,1807.158711,0.079807415,0.07318008,0.107089106,0.267432765
UTS2R,63.82927156,-0.046054627,0.094476881,0.10710044,NA
TBC1D2B,4041.595407,0.069737551,0.056105057,0.107182613,0.267600401
DYNC1I2,2835.646899,0.074051675,0.062985731,0.107329344,0.267900803
MRFAP1L1,1385.481253,0.066815749,0.051799681,0.107508381,0.268281678
ESRRA,1907.897995,-0.068133331,0.053669198,0.107563996,0.268354444
TRAPPC6A,569.2623767,-0.079907455,0.08273607,0.107601513,0.268382038
PPP2R3C,970.1821183,0.077459472,0.071045752,0.107830672,0.268684569
GINS3,270.0820077,0.079569382,0.089656666,0.107835009,0.268684569
APOOL,778.6669142,0.07670057,0.069241187,0.10784587,0.268684569
FHOD1,3402.2232,-0.076179599,0.067968134,0.107852867,0.268684569
PDZK1,9.521844265,0.017573045,0.083508869,0.107861209,NA
PEX26,1704.903957,-0.079359353,0.079859365,0.107868445,0.268684569
AACS,462.8887413,-0.079159258,0.079976371,0.107901118,0.268684569
CHEK2,332.3776787,-0.077897834,0.09047324,0.107924649,0.268684569
SNRPD3,1835.685246,0.075086528,0.066480126,0.107934702,0.268684569
GPR174,14.84659315,0.025373626,0.085748253,0.10798888,NA
EPHX2,36.49040975,-0.032051241,0.088175078,0.10805207,NA
CXCL3,93.21866387,0.03757748,0.090508871,0.108053,NA
H1-10,4872.676981,-0.067083416,0.051865203,0.108103835,0.268991844
KRCC1,861.8826963,0.079103321,0.080023696,0.108111174,0.268991844
PGBD5,5445.016802,-0.072692946,0.061458068,0.108323268,0.269453465
LRRC42,384.2312969,0.078249647,0.091971701,0.10835394,0.269463684
MAP7,345.0182705,0.079151778,0.088605352,0.108442826,0.269618633
VASP,7122.308309,-0.079761108,0.085318532,0.108531719,0.269749201
DCAKD,556.4761692,-0.079046898,0.080081347,0.108548525,0.269749201
GGCX,1854.111941,-0.072268069,0.060523312,0.108627644,0.269831636
TYMP,14247.94214,-0.071198977,0.059190627,0.108634898,0.269831636
ARHGEF39,257.2435092,-0.076644984,0.095937266,0.108680935,0.269879904
GSN,48122.88186,-0.067233526,0.052860882,0.108724228,0.269921333
ZNF639,394.248293,0.078331193,0.092558411,0.108775616,0.269982836
FAAP24,190.5208843,0.066130573,0.101344571,0.108828947,NA
KCTD5,1794.138875,-0.068184911,0.054250332,0.108947756,0.270343943
GSTO1,6266.216063,0.066589774,0.051627674,0.109031479,0.270485528
ADD3,998.1489489,-0.078176268,0.076785882,0.109100485,0.270568115
EXTL2,406.2531091,0.078017404,0.089090907,0.109118115,0.270568115
CASD1,578.07142,0.077773594,0.083937295,0.109224677,0.270766158
VRK1,537.1847873,0.079191552,0.086294532,0.109314919,0.27092366
DHODH,192.0983834,0.062207597,0.100790962,0.109332145,NA
CLPX,1978.674054,0.067462671,0.053212739,0.109346824,0.270936538
ADGRD2,11.58615796,-0.022070618,0.084694011,0.109391628,NA
ZNF558,81.9249075,0.040577261,0.091806307,0.109396385,NA
C4orf19,17.49737105,-0.022008433,0.08466499,0.109417184,NA
EPHA1,239.5578269,-0.077428776,0.094512684,0.10945833,0.271064596
SH2D6,12.13553309,-0.019323378,0.083920174,0.109481589,NA
RHOXF1P3,32.30254129,-0.035503767,0.089556408,0.109491972,NA
NOL11,787.1039928,0.07523915,0.065916132,0.109498057,0.271064596
RNF26,1418.250278,-0.073126991,0.062903673,0.109500811,0.271064596
RIC1,1448.321514,0.077156619,0.072040267,0.109505394,0.271064596
ZSWIM7,491.5238379,0.07825695,0.077530147,0.109566923,0.271150737
SLC43A1,160.2403613,-0.058983734,0.099799025,0.10961328,NA
NRG1,22.65280846,-0.025257572,0.085637102,0.109622175,NA
RAD9A,421.0288188,-0.075331551,0.097338661,0.109755975,0.271552343
DNAJB14,1608.449415,0.078534523,0.083606135,0.10997515,0.272028267
HNRNPA0,5401.181688,0.050157406,0.034621957,0.110073165,0.272083998
CLNS1A,1331.707741,0.068267839,0.0546785,0.110073383,0.272083998
BMI1,884.9615279,0.075207865,0.067666887,0.110096206,0.272083998
PPIG,3341.147137,0.074699648,0.063722252,0.110104969,0.272083998
CLIP2,3147.543437,-0.073703486,0.064148894,0.110262229,0.272390174
TOP6BL,115.9228241,0.055576996,0.098637924,0.110273304,NA
BMAL1,793.0953229,0.078155474,0.089687059,0.110293016,0.272390174
PMPCB,1854.774556,0.070217321,0.05684216,0.110309428,0.272390174
CTNNA3,7.370073371,0.016639907,0.083309861,0.110324024,NA
ITPKB,2248.998588,-0.078346277,0.077445452,0.110389509,0.272521581
BANP,553.0917618,-0.07853517,0.084117893,0.110419483,0.272529255
PCDHB3,11.34126582,-0.013217457,0.082609064,0.110439037,NA
ZNF224,747.5515598,0.07698228,0.074491474,0.110517323,0.272612481
COQ8B,594.2003713,-0.075355381,0.096520606,0.110523119,0.272612481
MME,334.9429422,0.053572803,0.097559269,0.110533826,0.272612481
MIX23,297.6166218,0.078855659,0.089038232,0.110576294,0.272650931
EML2,971.5762768,-0.07612639,0.068548318,0.110752946,0.273020141
CYP2D6,28.2353738,-0.034273888,0.089017234,0.110845478,NA
ATXN3,740.915496,0.07741956,0.07518716,0.110872538,0.273205986
ESYT1,4545.515382,-0.068447341,0.055445739,0.110882201,0.273205986
STBD1,334.1190092,0.076762375,0.097469367,0.111095439,0.273664919
PTK7,160.882747,-0.064911239,0.101204371,0.111133456,NA
PAX8,589.3191174,-0.078126513,0.089221182,0.11113458,0.273694873
NECTIN1,360.3540958,-0.07683374,0.093437386,0.111205083,0.27380203
SERBP1,7918.629692,0.068989902,0.060582832,0.111257578,0.273864806
PIKFYVE,2508.8523,0.072068477,0.060962567,0.111367984,0.274070071
ANTXR1,660.2438472,-0.078702634,0.085260772,0.11139632,0.274073314
FKBP5,3107.914453,0.072881888,0.065403572,0.11144495,0.274126473
B4GALT3,966.4699126,-0.078334375,0.078536178,0.111549479,0.274317071
SH3BGR,48.43367617,-0.044779303,0.09364475,0.111591021,NA
KLF2,40.78006592,-0.029645331,0.087175069,0.111605241,NA
TMEM91,210.6074974,-0.07535528,0.095980727,0.111702922,0.274616845
CPN2,24.7228595,-0.031292135,0.087802728,0.111741319,NA
DCTN4,1790.098837,0.075069978,0.077821933,0.111741425,0.274616845
NAP1L5,59.56578409,0.044885815,0.093711912,0.111755324,NA
CASP10,728.8786846,0.077035118,0.075291981,0.111776953,0.274616845
WDR4,375.5560869,0.078222974,0.090569839,0.111779668,0.274616845
VTA1,1189.368978,0.073898632,0.06509205,0.111862732,0.274754372
CARD10,40.91405287,-0.032557917,0.088250582,0.111891541,NA
PRDM5,47.27318223,-0.038786344,0.090897267,0.11194418,NA
THOC3,1063.183371,0.070077404,0.057982774,0.111968125,0.274946661
METTL9,1553.258117,0.072549341,0.064463483,0.112002917,0.274965534
PLIN3,6058.896089,-0.056747904,0.041194636,0.112039218,0.274988102
SPOCK1,11.7734838,-0.014877472,0.082923448,0.11210038,NA
KBTBD2,1273.972229,0.075074829,0.068272874,0.112121648,0.275014301
TP53I3,1342.884738,-0.068892595,0.05620451,0.112131579,0.275014301
HLA-E,18572.40116,-0.060016471,0.045712027,0.112156327,0.275014301
FZD5,454.4038625,-0.078376109,0.085417531,0.112158336,0.275014301
ULBP1,129.283461,0.064306542,0.099332021,0.112301412,NA
PLCB3,1507.015546,-0.068935581,0.056535231,0.112317948,0.275339116
RAMP1,598.3740494,-0.077535528,0.090285863,0.112422071,0.275527782
DUSP23,841.3613252,-0.075802708,0.071140798,0.112464662,0.275565588
DNMT3B,109.7262733,-0.044850147,0.09360089,0.112539253,NA
C11orf58,5115.628154,0.069867377,0.05735072,0.112542335,0.275689312
NLRC4,1041.275781,0.073443298,0.064716906,0.11259019,0.275739954
OSGEP,1097.685402,0.071966216,0.061445175,0.112665876,0.275795507
PXN,4863.357752,-0.069868382,0.058859889,0.112688642,0.275795507
DGUOK,678.3756115,0.073515357,0.066078635,0.112694438,0.275795507
PPP2R5B,566.4044022,-0.075203072,0.095562258,0.112772559,0.275920126
AMD1,2347.940785,0.044210944,0.093365749,0.11283903,0.276016184
OR4D1,12.28469283,-0.02205784,0.084671584,0.112867343,NA
PSPH,538.9380311,0.080316768,0.083586002,0.112957499,0.276239362
FCGR3B,114.157532,0.055818688,0.098144722,0.11297445,NA
CFH,127.5955945,0.069332467,0.100095362,0.113263211,NA
CCL13,1007.928497,0.04754977,0.09457224,0.113568892,0.277667591
TOMM34,614.5378899,0.07649007,0.073911738,0.113609615,0.277700225
BCAM,135.2661148,-0.053170293,0.097174057,0.113673304,NA
BCAP31,11730.89001,-0.058964659,0.042863425,0.11367761,0.277795326
ABHD16A,1900.909599,-0.065228456,0.050841775,0.113703292,0.277795326
AAR2,920.2033084,-0.070378443,0.059532924,0.113831496,0.278041582
PHF13,692.736929,-0.074912562,0.095169226,0.113897767,0.278136482
TTC5,421.4978766,0.077440668,0.087448085,0.114007797,0.27833817
ARPC1B,21379.59448,-0.050304548,0.033403257,0.114187412,0.278709601
SPEF2,28.75780831,0.028165238,0.086584263,0.114188015,NA
KCTD1,130.5502366,-0.053156443,0.095662027,0.114245313,NA
ADAM8,166.6473841,-0.061055695,0.099904757,0.114366792,NA
ZNRF2,1044.072992,-0.074854646,0.068890132,0.114375949,0.278997329
SELENON,14586.11909,-0.07459004,0.073513193,0.114376038,0.278997329
CDC42BPA,990.6724144,0.078945779,0.087299456,0.114387805,0.278997329
SHMT2,7431.728126,-0.066382681,0.054098691,0.114460689,0.27903816
DNAJC13,3531.812396,0.061719039,0.046574998,0.114476788,0.27903816
SUSD3,1105.718959,-0.077576559,0.090656087,0.114524545,0.27903816
TNRC6A,1931.043252,0.071727427,0.062061598,0.114531286,0.27903816
SNRPA,1096.709037,-0.070711508,0.060094492,0.114542084,0.27903816
RAD51AP1,753.2117078,0.077765469,0.084732321,0.114720677,0.279406134
SHISA9,37.2542844,0.040068273,0.091425585,0.114921429,NA
TMEM176A,2125.405837,-0.070682814,0.060513006,0.114949676,0.279850293
OSBPL3,1683.684944,0.075545687,0.061521234,0.114958219,0.279850293
FAM131B,321.9658795,0.076429767,0.090895623,0.115089079,0.280101635
LRRC17,9.304693294,0.015605963,0.083057168,0.115132058,NA
PDGFC,1536.671176,0.067943907,0.054226955,0.115162497,0.280139694
ALAS1,5495.996029,-0.065633282,0.052701068,0.115185658,0.280139694
SNX8,4045.892596,-0.067631895,0.055148326,0.115187565,0.280139694
VAMP3,2525.45124,0.067967409,0.055488824,0.1152468,0.280178161
COQ8A,1455.077601,-0.074353535,0.068028237,0.115264295,0.280178161
PEX11G,69.25271802,-0.052299584,0.096706849,0.115306522,NA
RFXANK,870.4382663,-0.077147337,0.080545667,0.115313191,0.280178161
SKIC2,1113.303956,-0.077479753,0.0818397,0.115313863,0.280178161
FGF23,130.8927707,0.058165843,0.098689777,0.115327268,NA
NRBF2P5,7.561258458,0.016661663,0.083293436,0.115387926,NA
GALT,546.8621411,-0.076972268,0.080232685,0.115489921,0.280538736
SPIDR,780.3685929,-0.075634955,0.076412114,0.115692365,0.280963214
ASPN,11.29033458,0.017282166,0.083424981,0.115733519,NA
TMED8,1305.752369,0.068753869,0.056797344,0.11573928,0.280966269
AVEN,306.7825685,0.073417373,0.095727427,0.115749018,0.280966269
PCSK4,67.62756243,-0.044978492,0.09356954,0.11576027,NA
PI4KB,2012.076572,-0.070049394,0.060949313,0.115790275,0.280999176
ACTN2,26.89854759,-0.030946505,0.087568208,0.115801735,NA
CHPT1,794.0920521,-0.071845852,0.062966332,0.115908022,0.281141464
YIF1A,1740.961653,-0.069027314,0.057739053,0.115948574,0.281141464
FLYWCH2,399.9211464,-0.076890499,0.082997404,0.115995304,0.281141464
TMEM223,350.9871263,-0.075701458,0.081616981,0.116000768,0.281141464
IMMT,3542.82314,0.067159642,0.054804052,0.116000998,0.281141464
FLNB,3123.688696,0.079040798,0.087776132,0.116015198,0.281141464
PDCD2,1149.233322,0.071643924,0.0627746,0.116119195,0.281326275
GALNT2,6163.757922,-0.062706536,0.048920115,0.116187011,0.281423363
AFDN,3599.80271,-0.069693307,0.058449732,0.116219972,0.281435997
KIF4A,654.6830542,0.073681858,0.070408076,0.116254122,0.281450146
PLGRKT,458.4851926,0.075617342,0.088741882,0.116281306,0.281450146
ID4,30.61463718,0.034156357,0.088824318,0.116307439,NA
PMFBP1,383.2248507,0.076667542,0.083156324,0.116369588,0.281580209
AZI2,1451.159771,0.075241535,0.07128839,0.116390558,0.281580209
NPW,24.81643664,-0.028579747,0.086734632,0.1165256,NA
ADM2,421.4638125,0.076085652,0.090684648,0.116538842,0.281836783
RGPD6,566.3120803,0.038169972,0.090570933,0.116552179,0.281836783
SDHAF3,170.6685823,0.059481151,0.099023337,0.116615142,NA
TMED4,1819.585273,-0.071634489,0.062642031,0.116700894,0.28212914
PCDH12,52.95361789,0.033867292,0.088677485,0.1167896,NA
MT-ND1,91006.02716,-0.071652024,0.050289328,0.116948944,0.282661446
ALKBH5,2101.645949,-0.06639122,0.053953564,0.117094721,0.282928362
IQSEC2,2018.419661,-0.075449994,0.073376838,0.117115161,0.282928362
SKA2,681.5451806,0.075886235,0.076071247,0.117180597,0.283019042
ARHGAP4,7295.81844,-0.075151693,0.068566336,0.117247391,0.283112957
TLE2,20.91655707,-0.01928018,0.083886367,0.117458108,NA
KSR2,10.80418743,-0.020485824,0.084204893,0.117465481,NA
IL10,59.58160364,0.047026731,0.094373324,0.117554636,NA
ILK,3289.011573,-0.067199745,0.055730714,0.1176135,0.283929402
PILRB,783.7556834,-0.074639309,0.071179332,0.117689739,0.283997091
RFX1,973.1683782,-0.076797167,0.088987646,0.117697532,0.283997091
RBFOX2,977.4919744,0.076081529,0.073839903,0.117784861,0.284120255
MAPKAPK2,3838.642185,-0.059484374,0.046240714,0.117804593,0.284120255
USP38,990.1395558,0.076392995,0.07267021,0.117848667,0.284153618
RTCA,1363.453422,0.065900964,0.053296106,0.11787445,0.284153618
SZT2,2413.841392,-0.073846287,0.069939334,0.118052037,0.284514105
FAM216A,227.5118227,0.069019683,0.097857973,0.118087284,0.284531452
KLHL30,72.24691179,-0.046217719,0.093942475,0.118095908,NA
ESD,1360.316952,0.073138138,0.074995199,0.11818387,0.284691078
ZNF671,212.5712284,-0.067991069,0.098393964,0.118209663,0.284691078
DCAF8,3385.729004,-0.069666635,0.059638134,0.118368388,0.285005679
DIMT1,492.3691735,0.076317129,0.086120551,0.118410104,0.28501544
DCXR,639.3727461,-0.075804675,0.075283099,0.118439864,0.28501544
MLPH,246.1070853,-0.074846871,0.091964706,0.118456732,0.28501544
PAN2,1022.750088,-0.074761027,0.071951038,0.118543746,0.285157164
LRRC37A4P,423.5596477,0.074185118,0.091496592,0.118583796,0.285171546
TANGO2,1807.194074,-0.077321138,0.082287683,0.118631061,0.285171546
NT5DC1,678.0719704,0.075912261,0.092857355,0.118634062,0.285171546
ANKHD1-EIF4EBP3,1052.605206,-0.075244545,0.086139751,0.118698952,0.285259931
RPL29,10380.06606,0.075329051,0.057488731,0.11874349,0.285276638
XPR1,1713.929354,0.068513289,0.057363459,0.118762149,0.285276638
MICU3,12.03382808,-0.017435177,0.083416148,0.118847221,NA
MBTPS1,3303.9729,0.061345383,0.051179952,0.1189451,0.285648461
CLDN20,9.355743127,-0.017863895,0.083537938,0.119007602,NA
TGFBR2,6761.211226,0.056896708,0.043082292,0.119039764,0.285808133
CCDC88C,120.8071743,-0.038427016,0.090452358,0.119116818,NA
HNRNPD,5884.481888,0.070514911,0.057303861,0.119133587,0.285900445
STX11,1129.307041,-0.068270592,0.05779561,0.11913458,0.285900445
NLK,874.312912,0.073161918,0.068077046,0.119182071,0.285946766
MAT2A,6098.604749,0.059377235,0.043328601,0.119222575,0.285976307
PRPF3,841.9764106,-0.074606786,0.072524219,0.11935292,0.286221282
PKN3,145.2764275,-0.068268524,0.098592054,0.119398651,NA
TMEM151B,9.671916471,-0.012736421,0.08250394,0.119430244,NA
ARV1,475.7502532,0.074233066,0.071053163,0.119615717,0.2867837
IGSF10,77.18685776,-0.030324241,0.087195621,0.119785658,NA
EGFL7,438.180607,-0.073440085,0.091737678,0.119803446,0.287160278
PTPRF,1282.449781,0.073748368,0.079751366,0.119829402,0.287160278
H2AC6,683.7311944,-0.074552536,0.072791906,0.119887417,0.28717951
TKFC,501.6841522,-0.075321477,0.08590317,0.119894048,0.28717951
TMED10,7240.554811,0.056713351,0.04287447,0.119945218,0.287187784
ALDH6A1,320.0160629,-0.070611471,0.096662792,0.119974437,0.287187784
ACSL5,585.9220141,0.074553074,0.077998309,0.119982436,0.287187784
SF3B2,5428.258045,-0.068017683,0.057920864,0.120130416,0.287474154
SRP54,1593.90675,0.073135259,0.069208381,0.120283836,0.287748338
RNASE6,1417.681695,0.072547309,0.066459105,0.120301725,0.287748338
PPWD1,722.6273638,0.075064477,0.077170748,0.12034265,0.287778368
ZNF221,39.74911188,0.040062065,0.091168757,0.120460297,NA
PLB1,397.857975,0.071260169,0.093953313,0.120476015,0.288029388
STX7,5045.033173,0.063730568,0.051062769,0.120557223,0.288155625
ATP5F1D,1500.363088,-0.070454204,0.0624815,0.120611492,0.288217426
PAX3,8.242110855,0.016293946,0.083191987,0.120789412,NA
WNK3,18.32049821,0.02517881,0.085512591,0.120875336,NA
SLC11A2,3996.177605,-0.061342684,0.048099247,0.120977887,0.289024891
PLOD2,377.3346397,0.074115899,0.090827912,0.121111879,0.289276878
IL3RA,350.9584757,-0.07402975,0.090986274,0.121221498,0.289468661
BTN3A2,924.2726043,0.068776195,0.059219792,0.121249245,0.289468661
GADD45A,260.5556942,0.066605012,0.098075683,0.121282666,0.28948032
RFFL,1299.416016,-0.07272897,0.066383087,0.121377699,0.289638998
P2RX7,7102.344381,-0.06380682,0.051804214,0.121467661,0.289785501
IBA57,374.2768765,-0.056431386,0.097326019,0.121513569,0.289805995
BCL2L2,1374.816735,0.069950296,0.061281123,0.121545423,0.289805995
DEDD2,1445.184582,-0.063693783,0.051383809,0.121571011,0.289805995
ELK1,435.6939593,0.074560693,0.091874381,0.121590528,0.289805995
SEMA3A,111.6488353,0.045248289,0.093317202,0.121735828,NA
MTMR7,52.92348958,0.029322083,0.086868487,0.121831942,NA
TMEM198,54.03175451,-0.042875554,0.092355878,0.121876944,NA
ZNF554,135.296671,-0.065086345,0.098217963,0.121924087,NA
SF3B3,3055.3249,-0.070600618,0.06237282,0.122072849,0.29088724
DESI2,1078.852504,0.069317613,0.060242184,0.12215601,0.291017041
HS6ST1,954.7643683,-0.074904022,0.077876797,0.122256766,0.291188691
EPDR1,190.1552381,0.06922703,0.097262815,0.12240292,NA
RABEPK,852.2021289,0.073511737,0.07113181,0.122525358,0.291759914
CACNB2,131.7457813,0.065225025,0.097976609,0.12264307,NA
CTF1,34.5583379,-0.028939182,0.086764397,0.122739337,NA
TMEM183A,1728.437222,-0.07169893,0.065966113,0.122741134,0.29220513
RBPMS,26.09452742,-0.026437308,0.085896441,0.122769477,NA
EGLN2,3171.534872,-0.065087314,0.053540375,0.122934889,0.292597728
KIFBP,938.4503694,0.070580754,0.063651063,0.123049713,0.29280232
FOCAD,1118.938051,0.07472281,0.080028289,0.123154424,0.292980957
EDC4,2372.74005,-0.067200493,0.057059094,0.123210984,0.292980957
MAPRE3,316.9135186,-0.073120602,0.090907766,0.123211431,0.292980957
C14orf132,52.34536745,0.03713263,0.08984082,0.123243534,NA
HNRNPUL1,8171.413514,-0.064968155,0.053091172,0.123360448,0.293224821
SQOR,5536.266087,0.067529594,0.059843648,0.1233718,0.293224821
TBCEL-TECTA,10.2308917,0.017434361,0.083455296,0.123374832,NA
NTAN1,1249.202067,0.072980436,0.069841193,0.123406956,0.293239672
DBF4B,548.4055882,-0.07473119,0.080387971,0.123527211,0.29345668
FSCN1,5310.878245,-0.07265164,0.070389463,0.123591784,0.293524267
SPIN3,338.2681873,0.073891175,0.087980729,0.123613532,0.293524267
RAB39A,221.0370108,0.071618537,0.093311723,0.123733177,0.293655496
ALPK3,4523.07234,-0.074591751,0.083160428,0.123742312,0.293655496
TTLL4,3009.857294,-0.068366997,0.059338704,0.123755643,0.293655496
RPS2P5,3269.817656,-0.065702784,0.055383465,0.123789082,0.293666148
ARFGEF1,2319.46256,0.066523358,0.055804469,0.123859092,0.293763532
RNF146,1185.965149,0.074961744,0.076601708,0.123908216,0.293769572
CDH24,37.2375682,-0.034429128,0.088770188,0.123921117,NA
VPS51,2752.754385,-0.071388678,0.066040827,0.123922119,0.293769572
RNASEL,621.9660433,0.071942517,0.067336693,0.123948518,0.293769572
OLFM2,833.7177318,-0.065360937,0.097514231,0.123997692,0.29381747
MACF1,8243.069155,-0.071237553,0.066199713,0.124074819,0.293931567
AFF4,3830.928335,0.063765064,0.058465037,0.124231292,0.294233534
GOLM1,807.1437803,0.07295802,0.070540428,0.124264642,0.294243821
BAG2,248.2224128,0.070967634,0.093323134,0.124380121,0.294393813
YWHAB,7895.292023,0.062947381,0.054776246,0.124386029,0.294393813
SNRK,794.306934,0.07481352,0.080747648,0.124480589,0.29454889
GORAB,598.3148827,0.073473185,0.0751932,0.124748795,0.295049418
MTA2,2473.522673,-0.063943276,0.050468097,0.124750291,0.295049418
RNF208,116.5460564,-0.052431387,0.096262341,0.124781595,NA
TMEM115,1521.727665,-0.066262748,0.056126667,0.124810053,0.295121952
IGSF9B,14.61572019,-0.010486648,0.082149521,0.124905528,NA
AQP3,440.9645249,-0.067894565,0.096701922,0.124938514,0.295310886
PHF10,687.4127106,0.071992269,0.069034508,0.124948179,0.295310886
HADHB,3835.026246,0.063669649,0.051964981,0.125068799,0.295527114
RPL12,11131.47646,0.06155802,0.049228214,0.125114677,0.295566672
UBL4A,1134.635203,-0.074224459,0.07694224,0.125149233,0.29557947
PPP2R5D,1305.55944,-0.069105164,0.061373708,0.125204662,0.295641549
TTC7A,6756.774234,-0.07106674,0.065057136,0.125255078,0.295685929
SEC14L1,6868.793009,-0.06431688,0.052657459,0.125281755,0.295685929
LTO1,615.5458203,-0.07230337,0.068465224,0.125361364,0.295804996
CYP3A43,7.853911849,-0.016054636,0.083116683,0.125363904,NA
GAS8,206.5608196,-0.065273994,0.096673067,0.125415365,0.295863596
PANX1,1029.151966,0.07013094,0.062735418,0.125475911,0.295937605
BPNT2,3153.82355,0.064324694,0.053208246,0.125720191,0.29644482
HDAC4,452.1667546,-0.059349272,0.097586824,0.125855435,0.296621367
PHGDH,1884.719973,0.074185611,0.08579038,0.125886201,0.296621367
ZC2HC1A,203.7223621,0.069362206,0.094311387,0.125888452,NA
DDX41,2659.109316,-0.06462147,0.053701892,0.125911435,0.296621367
RIPK2,1104.833356,-0.073787663,0.078453272,0.125912028,0.296621367
DHX36,1653.335193,0.067928061,0.059427042,0.126028783,0.296827485
PPFIA4,91.45212891,-0.037103906,0.089750983,0.126058779,NA
TRIP10,835.2343974,-0.072090473,0.068736943,0.126084342,0.296889408
GALNT7,1679.531298,0.065001885,0.054359512,0.126150625,0.296920255
KATNBL1,686.9480672,0.074704032,0.091792242,0.126155984,0.296920255
SLC25A42,43.75846187,-0.029901804,0.087022043,0.126156592,NA
RAB42,2186.020259,-0.072849025,0.070931627,0.126219263,0.296958196
GOLPH3L,829.6506675,0.072749476,0.078104686,0.126230653,0.296958196
GGT1,80.48460142,-0.040219053,0.090986754,0.126321792,NA
IFI44,2494.721769,0.070176077,0.090865597,0.126342165,0.297139093
C2orf42,302.3312847,0.071639823,0.101007512,0.126379139,0.297139093
CDK4,2195.973352,-0.068792497,0.06030263,0.126395424,0.297139093
LRP12,793.0223261,0.07418263,0.083399884,0.12644442,0.297170536
PTPN2,1140.969077,0.072307417,0.069107151,0.12646739,0.297170536
ARHGAP11A-SCG5,58.82761924,0.039854798,0.09087124,0.126510178,NA
PRR15L,13.73811104,-0.022402742,0.084658029,0.126556275,NA
BLCAP,3471.004168,-0.059625312,0.047159821,0.126604843,0.297280211
ZNF605,323.5282198,0.072467098,0.089509801,0.126638434,0.297280211
SLC37A4,1002.314645,-0.072290186,0.068956968,0.126696673,0.297280211
MMD,2432.135099,0.066517899,0.05705678,0.126711441,0.297280211
KATNIP,820.1745892,0.070268785,0.090855671,0.126726713,0.297280211
STAB1,21570.576,-0.074047037,0.076802798,0.126742522,0.297280211
FABP3,2520.219233,-0.069487414,0.06308245,0.126783917,0.297280211
MGAT2,2248.261041,0.061838709,0.049388224,0.12678619,0.297280211
BIRC7,232.532201,-0.068013492,0.096475291,0.126808372,0.297280211
TMEM129,1694.038646,-0.067114638,0.058125286,0.126808863,0.297280211
CALR,37978.91697,-0.074377216,0.070704914,0.126858781,0.297280211
CDCA7,103.9669094,0.055919278,0.096879609,0.126887636,NA
HACD4,456.9385712,0.073852558,0.080432918,0.126897689,0.297280211
STX8,448.1968958,0.073545237,0.084409167,0.126925471,0.297280211
TRMT11,342.5088973,0.073512234,0.091383833,0.126933485,0.297280211
MTHFD2L,212.7856845,0.067215055,0.095746252,0.126953655,0.297280211
TCF3,1769.342251,-0.069620329,0.062895905,0.126986,0.297287327
ASRGL1,415.5485893,-0.072253502,0.089730329,0.127032509,0.297327589
THYN1,548.3968975,0.073573175,0.077715148,0.127081794,0.297363319
NAXE,1158.902418,-0.070798235,0.06675432,0.127106403,0.297363319
ANKMY1,556.5975517,-0.072268218,0.089002954,0.12718313,0.297436797
RSAD1,821.2879362,-0.073321644,0.076680207,0.127196453,0.297436797
ZNF117,165.8594794,-0.05729294,0.096992465,0.127332733,NA
MAP3K15,13.33232392,-0.018845745,0.083730675,0.127367262,NA
MCFD2,3749.353811,0.062448569,0.050251339,0.127426327,0.297844434
ATP2A2,8295.260422,-0.050069794,0.039828193,0.127430572,0.297844434
UBXN2A,561.7886407,0.073652484,0.081101242,0.127513413,0.297844434
ZNF425,99.491074,-0.046386894,0.0933867,0.127538493,NA
IGF2BP1,4652.879832,0.076282389,0.074728908,0.127544732,0.297844434
PSME3,3757.58881,0.064681179,0.054525089,0.127550808,0.297844434
CD4,12980.86237,-0.065193312,0.052272602,0.127559361,0.297844434
LRRC75A,2044.25162,0.05786505,0.046298934,0.127576308,0.297844434
PYGL,2414.550796,0.066090243,0.056710269,0.127620927,0.297880046
TRAF7,3855.410424,-0.071975135,0.06947105,0.127705408,0.298000287
MAP3K5,1173.402601,0.072343275,0.07107922,0.127731195,0.298000287
AQP9,6009.041289,0.072697818,0.066645748,0.127856393,0.298223788
PPHLN1,1541.309154,0.072890634,0.074108623,0.127903093,0.298264132
ENTPD6,2236.390417,-0.063337822,0.052414167,0.127934767,0.298269428
ZNF826P,23.7466008,0.027546249,0.086217955,0.127965758,NA
TRAPPC9,885.695264,-0.07300762,0.076779663,0.128204286,0.298781655
POLD1,2696.273896,-0.072838874,0.07106545,0.128213382,0.298781655
NEK1,341.7725393,0.073173869,0.080138528,0.12850721,0.299397596
SLC16A2,26.70865713,-0.031159282,0.087451896,0.128558465,NA
LSAMP,20.26885383,0.013903912,0.082657145,0.128681579,NA
OR11A1,10.24955818,0.018256682,0.083591237,0.128693803,NA
PPP1R9B,7465.24808,-0.062509222,0.051732919,0.12870302,0.299728268
KLK2,9.908284476,0.019273506,0.083830153,0.128726179,NA
RPS6KC1,541.9227964,0.071911997,0.090570773,0.12875086,0.299728268
POLR3D,705.6841492,0.071884531,0.074132179,0.128757175,0.299728268
ACLY,4956.896639,-0.066665927,0.058332937,0.12881152,0.299728268
DPP4,3664.370974,0.069138087,0.062774367,0.128824978,0.299728268
ECI1,1223.127609,-0.067722934,0.060019767,0.128826424,0.299728268
INSIG2,874.6464579,0.072980284,0.087597954,0.128928435,0.299896518
CADM1,2667.276911,-0.070033459,0.065692636,0.128957868,0.299896518
RBM43,428.9771202,0.073099111,0.080562865,0.129356395,0.300754359
SUMO4,17.32748002,0.023854462,0.085052423,0.129508117,NA
SPA17,152.3218297,0.040417416,0.090887235,0.129589778,NA
STARD4,1096.313657,0.073931846,0.079766492,0.129605272,0.30126395
KIF17,146.2599942,-0.057886783,0.096512121,0.129620973,NA
SMIM14,1588.462698,0.068942648,0.064739789,0.129659016,0.301304082
CTSO,812.9747958,0.071383735,0.067629178,0.129681942,0.301304082
NOMO2,4963.939806,-0.071569756,0.073128725,0.129738341,0.301366093
MCU,738.4708459,0.072863176,0.078392648,0.129938579,0.301707569
KANK4,96.07930799,0.03983488,0.09070335,0.129961838,NA
SLCO3A1,718.3772606,0.071907072,0.072130318,0.129979512,0.301707569
HDHD3,319.5801087,-0.073255164,0.084062519,0.130007993,0.301707569
SRSF2,4241.620371,-0.055953286,0.043262326,0.130020369,0.301707569
RGS1,757.5019385,0.059238138,0.096464127,0.130034059,0.301707569
ENPP1,48.32397395,-0.031321057,0.087420273,0.130138323,NA
PGRMC1,1556.137717,0.067347775,0.059694278,0.130181648,0.301980937
ZBTB2,641.3997186,0.07108316,0.06655731,0.130242293,0.302052543
LGALS9B,11.32955159,0.017850047,0.083478367,0.130309292,NA
ARPC2,19713.79342,0.057985648,0.04186788,0.130368973,0.302213493
TERF2,826.6271139,-0.071429121,0.091298042,0.130371278,0.302213493
PHKB,2162.308097,0.063247467,0.051424524,0.130404076,0.302220459
NCAPGP1,12.37473718,0.020217865,0.084041875,0.130487046,NA
EIF4E3,101.1716703,0.043599232,0.092103748,0.130536192,NA
DENND4A,851.5797572,0.072177068,0.071117476,0.130557529,0.302381376
P2RY13,371.4902377,0.068687615,0.091386006,0.130559885,0.302381376
SERPINB1,2366.871505,0.065871272,0.056680229,0.130562937,0.302381376
TRNAU1AP,523.3325595,0.072989134,0.08159232,0.130710523,0.302654086
TBC1D15,1512.825705,0.072516329,0.071720299,0.130898693,0.303020617
SNX25,366.0277622,0.071539714,0.087964122,0.130960869,0.30309538
NUP88,894.8236915,0.072351438,0.084257676,0.130990897,0.303095726
BRSK2,36.82169285,-0.032688182,0.087929136,0.131102268,NA
TMEM86B,112.3770568,-0.046289087,0.093173516,0.131103092,NA
LEPROT,2849.356919,0.064310774,0.054800399,0.131130401,0.303349324
KLHL3,61.88804287,0.026443157,0.085770407,0.131154614,NA
LACTB,4127.083909,0.064389483,0.051758398,0.131180194,0.303395322
ZNF286A-TBC1D26,15.09276124,-0.018538143,0.083625519,0.131288671,NA
S100A9,1521.917961,0.074664768,0.087510776,0.131337205,0.303620469
MIGA1,405.6362433,0.069805392,0.09172106,0.131337403,0.303620469
CAPRIN1,5904.662852,-0.055161776,0.042722728,0.131404017,0.303658258
CDC42SE1,5458.220927,0.047999546,0.035622037,0.131413619,0.303658258
CEBPG,3024.332644,0.056853452,0.045083708,0.131452272,0.303678398
REXO5,155.3288579,0.049037166,0.094096556,0.13152314,NA
MAN2C1,3107.766303,-0.071973045,0.074150812,0.131539105,0.303809809
ROBO3,44.82332787,-0.034862697,0.088689089,0.131609419,NA
NAPG,672.9880906,0.072026554,0.085323722,0.131625338,0.303891762
CNNM2,335.7972473,-0.066637452,0.097087883,0.131644919,0.303891762
P2RX1,71.48711574,-0.048142613,0.093777055,0.131660433,NA
PDLIM7,7229.044649,-0.066434068,0.058770839,0.131664461,0.303891762
CDK18,1513.937224,-0.071429461,0.071318576,0.13170393,0.303913708
EDEM2,2462.145235,-0.058196957,0.046410606,0.131746467,0.303942725
EIF2AK2,4921.778291,0.076408754,0.084693414,0.131794235,0.303983794
UNC79,29.0931579,-0.034174097,0.088483871,0.131864938,NA
IDH2,5232.81264,-0.060330653,0.049288324,0.131880619,0.304052357
RHOU,851.9985921,0.069667684,0.065456694,0.131883909,0.304052357
SYNJ2BP,1118.118965,0.069842152,0.066854629,0.131962918,0.304165382
AAK1,2664.087605,-0.066124403,0.058188809,0.132102273,0.304417415
SLFN12,199.5460872,0.067837853,0.093144912,0.132146888,NA
AMPD2,2847.487292,-0.072512009,0.076950163,0.132243519,0.304673691
LPIN3,718.1085471,-0.071907639,0.088306326,0.132333848,0.304812569
VPS33B,559.2044084,-0.072135035,0.07688463,0.132373957,0.304835737
HERC2P2,3258.033477,-0.071475616,0.071095258,0.132464001,0.304973861
BCL2L1,3620.765876,-0.053566733,0.040161567,0.132535409,0.305069024
ZNF445,599.877858,0.068199484,0.093117004,0.132658336,0.305282704
CCDC136,39.81267427,-0.026910102,0.085934314,0.132741421,NA
GLMN,188.2553558,0.061064853,0.096604486,0.132793253,NA
NPHP1,50.03928676,0.034758788,0.088629529,0.132797215,NA
DGLUCY,1998.959248,-0.067583448,0.061666403,0.132821556,0.305588992
GPS1,2456.517874,-0.066297166,0.058907568,0.132870897,0.305633193
CNNM4,1016.031397,-0.070688429,0.089463627,0.133002717,0.305815296
SLC15A4,1330.50004,-0.063894287,0.053965224,0.133010359,0.305815296
SPATA6,72.15037738,-0.03670024,0.089368215,0.133039539,NA
ZNF480,313.569207,0.070049966,0.090894589,0.133058362,0.305856338
FUT10,224.8730714,0.050968448,0.094403361,0.133094657,0.305870458
WWTR1,170.71065,-0.060194993,0.096212255,0.133133994,NA
ABR,21557.2512,-0.072535575,0.076362556,0.133329264,0.306298284
ZMIZ1,10754.52372,-0.070506882,0.066535236,0.133341209,0.306298284
TBX1,15.63921546,-0.024743508,0.085240019,0.133395728,NA
CXCL2,71.09649139,-0.038268801,0.089986194,0.1334166,NA
ARL8B,4258.662382,0.058217807,0.046679318,0.133513219,0.306623974
STAT1,16695.61319,0.071693487,0.083719426,0.133690222,0.306960981
NNMT,34.00961976,-0.030794816,0.087181363,0.133850419,NA
SERF1B,124.5651937,-0.046051798,0.092877257,0.133891656,NA
GLUD1,6630.542849,0.053597735,0.042819643,0.133900472,0.307374154
ANKRD13B,88.36888776,-0.046672012,0.092868579,0.133907505,NA
RIC8B,240.5631643,0.059507844,0.095626718,0.134022906,0.3075856
ALG14,293.6578974,0.052344468,0.094854867,0.134088556,0.307609046
ACAA1,2469.969582,-0.056690045,0.044961007,0.134096656,0.307609046
TAF7,1814.658006,0.065143196,0.057049403,0.134129079,0.307609046
RBM48,336.9580918,0.066334099,0.094023863,0.134154418,0.307609046
RAB4A,1064.499766,0.069993432,0.06778267,0.134223667,0.307631941
LGR4,366.7335495,0.067437804,0.091833463,0.134225056,0.307631941
FAM227B,37.82702717,0.029116633,0.086606918,0.134316915,NA
FBXL14,570.2883202,-0.071999184,0.084663601,0.134361697,0.307875549
CHRNA5,27.78312397,0.026839716,0.085886558,0.134436404,NA
LRCH1,1910.292804,0.061303961,0.052131792,0.134571239,0.308206929
MDH1,4689.437687,0.065365619,0.058604366,0.134629154,0.308206929
RASAL3,1367.027226,-0.070926773,0.072746924,0.134649803,0.308206929
AATK,221.786353,-0.065529699,0.094304532,0.134649989,0.308206929
PELP1,1695.188767,-0.069226085,0.065690269,0.134701519,0.308206929
DPP8,1695.088281,0.067035266,0.06072152,0.13474393,0.308206929
GAR1,447.0554632,0.071599827,0.082715785,0.134749441,0.308206929
ATP5MC3,4763.251008,0.067810851,0.06270667,0.134762444,0.308206929
CCDC117,670.5673783,0.071026808,0.072731574,0.134779765,0.308206929
PXMP4,187.3101093,-0.059965841,0.095736309,0.134859527,NA
MAP2K2,3026.747408,-0.069151548,0.066463863,0.134864234,0.308277096
CDKL5,215.9168038,0.06693181,0.094023186,0.134872689,0.308277096
TEP1,3240.827391,-0.070671128,0.074008145,0.13490162,0.308277096
ZNF625-ZNF20,54.23808982,0.034714799,0.088612295,0.134933742,NA
EIF1B,1225.346114,0.074672618,0.069358616,0.13503006,0.30840779
TFB2M,434.3159342,0.071649724,0.081143678,0.135036667,0.30840779
VOPP1,4365.12166,-0.057724173,0.045381116,0.135067021,0.30840779
FMNL1,8390.031953,-0.066831019,0.061904106,0.135080423,0.30840779
ASCC1,606.8424518,0.07051144,0.074283881,0.135138781,0.308422616
ZC3H14,1252.727685,0.064541588,0.056207944,0.135175121,0.308422616
DEXI,988.6863022,-0.065428545,0.057891648,0.135178384,0.308422616
KCNK6,2611.125975,-0.066961756,0.061265137,0.13524028,0.308422616
TOR1AIP2,1984.448242,0.068620253,0.064931286,0.135250091,0.308422616
JADE2,2126.72834,-0.070652253,0.072318134,0.135272276,0.308422616
MBP,2695.964471,-0.071304648,0.085188005,0.135310604,0.308422616
RAB1A,8251.555791,0.064216866,0.05576131,0.135331096,0.308422616
ASB14,56.90679131,0.035261934,0.088747714,0.13534927,NA
ERI2,533.2176012,0.06928172,0.085128311,0.135360557,0.308422616
VSTM2L,18.37400997,-0.024363739,0.085110277,0.135428448,NA
FBXO7,2868.749806,0.056844105,0.046195739,0.135453881,0.30856595
BSDC1,2039.351203,-0.070401497,0.070830654,0.135545717,0.308678509
CDK5,1386.378929,-0.065214021,0.057561719,0.135564152,0.308678509
TNNI3,22.71663921,0.028808683,0.0865119,0.135569089,NA
ZNF177,32.87272621,0.024599244,0.085200966,0.135602918,NA
PBXIP1,1893.270378,-0.071052601,0.073468547,0.135618717,0.308730804
POP1,213.557305,0.065409073,0.092118785,0.135647988,0.308730804
SLC17A7,82.23256021,-0.046517574,0.092947926,0.135739307,NA
MAP1LC3B,3348.332608,0.065262391,0.057854528,0.135892439,0.309200497
EYA2,566.936323,-0.071278878,0.076157856,0.135920287,0.309200497
SERHL2,36.56559947,-0.033517206,0.088121666,0.135961028,NA
GSPT2,228.7035685,0.068220984,0.091956563,0.135989895,0.309200497
TUBB,19057.36014,0.061307359,0.051451694,0.136013539,0.309200497
ORC6,629.2695326,0.068323417,0.065201785,0.136019355,0.309200497
UBA5,1156.871083,0.065677747,0.058885414,0.136037245,0.309200497
CCDC134,433.4658628,0.055791143,0.095317485,0.13608296,0.309235114
MT2A,845.7688988,0.06024209,0.094857211,0.13611953,0.309248938
ACBD4,200.0145345,-0.063149041,0.095326172,0.136304332,NA
NHERF2,56.1146327,-0.041019749,0.090909491,0.136308852,NA
FAM234A,2319.862655,-0.06239422,0.053133944,0.136320506,0.309636187
ADGRL3,23.21108615,-0.019066114,0.083717186,0.136331515,NA
HSP90B1,22650.97212,0.06670448,0.062367999,0.136368655,0.309676211
PIP4K2A,2143.844164,0.062113031,0.052280063,0.13643636,0.309760616
WNT2,16.84452745,-0.018805028,0.083662438,0.136439339,NA
PRIM1,352.1298604,0.071951794,0.090556957,0.136555371,0.309903774
PAIP1,1862.933668,0.062751382,0.053208809,0.136560516,0.309903774
KNTC1,772.4668545,0.07005606,0.071272492,0.136758631,0.310283954
CDH3,9.553865734,0.015350404,0.082916421,0.136763666,NA
ARAP2,477.9147913,0.05981445,0.095750703,0.137012439,0.31079029
PNN,2862.771416,0.060986392,0.051738957,0.137044383,0.310793254
PODNL1,35.81242617,-0.024257513,0.085063142,0.137094318,NA
ZNF182,269.9090997,0.070645237,0.086043071,0.137200465,0.311077674
NPIPA3,35.34731873,-0.036532389,0.089185657,0.137269361,NA
BET1L,2169.282088,-0.067388657,0.062712156,0.137327516,0.311296161
GGA3,2526.286866,-0.068388479,0.065617314,0.137432303,0.311459138
MRPS12,694.3589862,-0.069081373,0.067569907,0.137479673,0.311459138
CDC123,3072.716266,0.063844999,0.055460832,0.137491524,0.311459138
TSPAN33,1422.93787,-0.07005238,0.074637698,0.137578189,0.311585878
FAM13A,546.3380287,-0.070206969,0.082797808,0.137685017,0.311758218
CD2BP2,2115.289908,0.067605642,0.063529341,0.137733148,0.311797602
PTCHD1,14.64920015,0.02206623,0.084482601,0.137780631,NA
UBQLN4,1736.116714,-0.065658108,0.059341206,0.137827224,0.311940954
LOXL1,45.19782178,-0.036737657,0.089259879,0.137866974,NA
ZNF736,198.0095228,-0.055807251,0.095092704,0.137921734,NA
C4orf33,376.8436822,0.07025215,0.086032886,0.137933583,0.312112039
RAD54L,295.8038236,0.063223693,0.094318789,0.137978918,0.312144992
OR6Y1,39.80881366,-0.033961282,0.088320703,0.137988164,NA
SEMA3B,11.23713405,-0.019739913,0.083854483,0.137999317,NA
HIVEP3,1753.084575,-0.071264199,0.08454574,0.138071806,0.312285484
SWAP70,3742.850949,0.051033979,0.039334424,0.138122078,0.312327708
GBP3,385.5504248,0.067738289,0.09101528,0.138152053,0.312327708
PPARGC1B,1664.839528,-0.069064236,0.068454081,0.138285281,0.312559245
CDC42EP5,25.22224082,-0.027731233,0.086120948,0.138299541,NA
MTFR1L,1310.153337,-0.07070668,0.075020214,0.138532077,0.312960639
SREBF2,5106.431256,-0.069878756,0.072469901,0.138534953,0.312960639
PTEN,1948.906534,0.061393376,0.052027636,0.138578433,0.312960639
KIF5A,12.44331566,0.017428745,0.083344182,0.138604416,NA
NPDC1,388.3585621,-0.054314257,0.091983214,0.138604738,0.312960639
FAM168B,3959.024989,0.052939599,0.0413934,0.138617128,0.312960639
CLEC19A,21.2475523,0.024717029,0.085208655,0.138635438,NA
TMED3,2519.34416,0.061801096,0.052870455,0.138684381,0.313023366
KARS1,3053.180893,0.067574822,0.061912397,0.138708069,0.313023366
VNN1,513.2183781,0.070172491,0.086295522,0.138737485,0.313023366
ACAT2,1004.927547,0.070531208,0.079994612,0.138804675,0.31310532
ANAPC15,638.2034345,-0.070885402,0.074908026,0.138932776,0.313297211
ALKBH8,314.8636547,0.0691268,0.088831497,0.138951513,0.313297211
SDC2,3324.972329,0.069400445,0.070282031,0.1390009,0.313338917
CLINT1,2341.346013,0.059980951,0.050228834,0.139090674,0.313471627
ATP6AP1L,24.80184745,-0.029737499,0.086756339,0.139196538,NA
ENO3,560.5580608,-0.070140401,0.083818431,0.139249828,0.313760607
MRPS31P4,87.71560814,0.052513891,0.094190644,0.139366739,NA
MSC,182.9293124,0.039934928,0.090388235,0.139401117,NA
ZNF496,1103.381273,-0.069570463,0.087273784,0.139459836,0.314147074
RNF25,724.1242312,-0.068981472,0.068652997,0.139483283,0.314147074
ZNF696,298.0550041,-0.067514439,0.090925581,0.139593538,0.314297963
GNL3L,1008.279855,-0.068094877,0.065772855,0.139627239,0.314297963
FBXO21,915.7965012,0.064964825,0.092905195,0.139655168,0.314297963
NBPF12,839.5541288,-0.067005592,0.062730457,0.139674213,0.314297963
ZNF816-ZNF321P,12.0856366,-0.018021038,0.083466199,0.139685596,NA
LDLR,902.9493939,0.059311239,0.095455641,0.13975872,0.314364913
CD36,6409.387349,0.069820109,0.085328188,0.139765946,0.314364913
CEP20,617.7528658,0.06727608,0.089707807,0.139829556,0.314438266
DEAF1,1273.987248,-0.067250017,0.062368106,0.139937307,0.314591588
STAT5A,3757.488143,-0.063236803,0.054393001,0.139959763,0.314591588
CICP15,10.16958065,-0.009480331,0.082020345,0.139993129,NA
TTC1,1397.321717,0.068480625,0.067380696,0.140007711,0.314629646
R3HCC1,542.1424816,-0.069804298,0.072888645,0.14010821,0.314767321
LMNB2,2824.771125,-0.068216267,0.066552215,0.140131035,0.314767321
PRPF8,10928.66242,-0.061024761,0.0539349,0.140178593,0.314804438
SLC25A14,130.7493455,0.059575413,0.094810248,0.140220083,NA
MED19,292.3200539,0.070634336,0.083050448,0.140226918,0.314843263
GSE1,1799.233079,-0.070286047,0.076335304,0.140337011,0.315020721
TOP1,3136.946727,0.063198,0.055874807,0.140371388,0.315028176
RNF121,668.451381,0.070009688,0.080427633,0.140426745,0.315082704
TRMT10A,129.3447765,0.053339307,0.094326476,0.140431681,NA
C21orf58,319.0079293,-0.069678584,0.086247057,0.140624112,0.315405271
FBXO34,860.5171081,0.06715297,0.063732552,0.140632693,0.315405271
BVES,193.109649,0.058967483,0.095322581,0.14083701,NA
FRYL,1466.640634,-0.069228367,0.07113684,0.14086271,0.31585131
PTGES3L-AARSD1,11.00921939,-0.014937668,0.082841947,0.140939167,NA
GOLGA7,1605.606148,0.074016513,0.072328253,0.141006488,0.316103827
ANXA5,23308.20129,0.063333809,0.053575123,0.141140185,0.316209641
ZFYVE1,1083.219192,-0.068497393,0.088820526,0.141150155,0.316209641
TMEM170B,830.1682424,0.06589199,0.060961231,0.1411684,0.316209641
LIG1,1568.10599,-0.067746562,0.065496592,0.141178378,0.316209641
MMP2,4485.164036,-0.067634406,0.065454875,0.141369471,0.316567752
HMGN1P1,9.218475895,0.016894962,0.083226152,0.141471926,NA
DRP2,7.104582573,-0.014883775,0.082825528,0.141522401,NA
HSPA2,41.08518501,-0.031742603,0.087277969,0.141527213,NA
LINGO3,136.4566035,-0.052954668,0.094314398,0.141806712,NA
MAFK,1996.233458,-0.066779011,0.060415188,0.141996451,0.317901568
PLCXD1,739.4277039,-0.065028157,0.092793995,0.142133813,0.318138879
PAWR,15.52287723,-0.020428843,0.084001718,0.142205426,NA
NAP1L4P1,16.99172533,0.022102034,0.084445849,0.14232314,NA
FAM111A,2645.162279,0.060654371,0.051897851,0.142541633,0.318981319
TMEM131L,273.0513909,0.062115745,0.093491261,0.14261578,0.31902327
MRPS27,1125.026342,0.070185356,0.082258854,0.142623278,0.31902327
ZNF155,177.1493003,-0.06019922,0.094317359,0.142630424,NA
KLHL6,6827.772915,-0.061328392,0.053722676,0.142697241,0.319071504
ABHD15,750.536214,-0.067865232,0.067470684,0.142717075,0.319071504
MECP2,2298.001972,-0.068376346,0.07537875,0.142739204,0.319071504
RYKP1,8.8584571,-0.016544469,0.083147113,0.142741355,NA
ZNF565,55.97634071,-0.04432593,0.091772281,0.142763657,NA
CARNMT1,464.300492,0.069973589,0.082795827,0.142776838,0.319085316
TUBA1A,4815.293923,0.065743379,0.06787185,0.14299334,0.319498775
ZNF570,145.3247704,-0.053284013,0.094022114,0.143005733,NA
B3GAT2,20.41148113,0.024071156,0.084959178,0.143009158,NA
XYLT1,1254.687868,-0.069889986,0.083092995,0.143100209,0.319667148
CRYBG3,958.9649675,0.068100972,0.08866401,0.143262312,0.319904559
ZNF256,98.28791619,0.055341457,0.094366542,0.143266168,NA
TBC1D1,4703.819843,0.05496858,0.044415751,0.14326956,0.319904559
TUBG2,432.4719499,-0.069893514,0.08225003,0.143325091,0.319940388
CCNY,2588.684089,0.068240846,0.071176837,0.143353356,0.319940388
TOM1L2,762.2021364,-0.06359813,0.093330883,0.143408164,0.319940388
GPBP1L1,2962.317446,0.059121522,0.049892704,0.143411765,0.319940388
ZNF701,183.057205,0.058837603,0.092550821,0.143644554,NA
YBEY,315.3784079,0.065283978,0.087696497,0.143651879,0.320405598
CTDSPL2,811.6636914,0.069728704,0.081887406,0.14372389,0.320495744
TM9SF2,8114.236982,0.06021149,0.051716764,0.143783204,0.320549667
IFT52,349.7381818,0.069964883,0.082224413,0.143811271,0.320549667
TRRAP,3144.464808,-0.066246401,0.062874389,0.143912817,0.32070554
BCL2L13,2642.911194,0.06222982,0.055024717,0.144104894,0.321063045
ROBO2,10.34407036,-0.017739623,0.083371467,0.144131164,NA
GEMIN6,246.2924161,0.064455443,0.091843561,0.144143511,0.321078562
KCNG1,328.5580583,0.061606782,0.094210816,0.144271485,0.321293073
ATP8B4,1582.68218,0.076333323,0.090060256,0.14436895,0.321439559
ANKRD49P2,32.38240332,0.029813998,0.086678506,0.144418689,NA
ATL3,1753.689719,0.064661634,0.059561963,0.144495755,0.321567536
FAM83G,501.4770992,-0.070381841,0.080675877,0.144509061,0.321567536
JRK,810.4273491,-0.069445062,0.081828907,0.14452153,0.321567536
ELFN1,36.85538235,0.025768047,0.085431846,0.144568776,NA
ALDH7A1,1146.571512,0.068261428,0.085048381,0.144634127,0.321747496
ZNF124,660.803556,0.068471745,0.070692844,0.144691415,0.321804366
SAMD12,98.37425275,0.048993492,0.092952512,0.144716844,NA
DYNLT2,29.46192396,0.027755507,0.086033163,0.144766552,NA
CAPN7,924.5493465,0.06649978,0.077306339,0.144796667,0.321949239
PPP6R1,6661.096194,-0.067258731,0.066298865,0.144820029,0.321949239
ATP5MC2,3208.287647,-0.063617641,0.056518861,0.144860166,0.321967906
GDF1,20.07817088,-0.025668969,0.085413438,0.144953723,NA
HSPA4,4895.703632,0.069226634,0.070563674,0.144990614,0.322187248
HSPA4L,68.17705868,-0.033706641,0.087930361,0.145030229,NA
MLLT11,242.3466115,0.055958229,0.094496103,0.145073891,0.322301698
KRT8P12,122.6029493,-0.056816898,0.093937024,0.145121722,NA
KCNMB4,37.51921288,-0.031849976,0.087331988,0.145212713,NA
RASSF2,2679.130358,0.060937094,0.052815862,0.14522141,0.322488061
EPPIN,17.70412656,0.023994654,0.084875346,0.145226316,NA
DST,2515.929157,-0.06275534,0.056305725,0.14522864,0.322488061
PARP12,4518.074574,-0.061835267,0.054920251,0.14525315,0.322488061
ASAH2,30.03231587,0.00998597,0.082055857,0.145295878,NA
NET1,255.9285119,0.06776895,0.087448052,0.145393901,0.32272992
RELT,2625.074215,-0.065966444,0.063508157,0.145595629,0.323106991
AK5,43.32049436,-0.026079991,0.085483765,0.145652411,NA
RAB5A,1670.04687,0.067559253,0.068766075,0.145706749,0.323228897
CWC27,1044.161911,0.068219213,0.068484589,0.145714289,0.323228897
GUF1,1035.407075,0.068048426,0.072463466,0.145986633,0.323762222
SHISA4,28.12648551,-0.026574983,0.085669147,0.146074099,NA
TNIP1,3448.712882,-0.062557426,0.056412232,0.146102906,0.323808388
UQCRFS1,1880.170293,0.066673021,0.064248512,0.146111945,0.323808388
DYNLRB1,2748.814899,-0.065697748,0.062641919,0.146125599,0.323808388
BRCA2,483.7857564,0.063138013,0.091799697,0.146135134,0.323808388
CHMP6,694.6104497,-0.067593461,0.068401141,0.146234365,0.32388096
ATXN10,1600.746921,0.061943997,0.054240534,0.146258584,0.32388096
MOSPD1,773.1072985,0.067896992,0.069591587,0.146263671,0.32388096
PATZ1,796.4291162,-0.067786524,0.069219682,0.146423537,0.324164198
DNAJC1,853.6047716,0.064521038,0.060420072,0.146465047,0.324185346
ERVK3-1,1263.17405,0.063409842,0.057893722,0.146525283,0.324247921
MAMDC4,157.5530879,0.044867253,0.091655949,0.146547217,NA
CPE,552.4648446,0.060374406,0.093069807,0.146694383,0.324551325
CPM,11930.67268,-0.065084324,0.06047589,0.146846531,0.324758453
ADGRA3,45.30732639,0.028365887,0.086194145,0.14684745,NA
TTC7B,1449.731193,-0.068271747,0.073716693,0.146852033,0.324758453
SLC5A6,1546.362939,-0.069202041,0.076055828,0.146891336,0.324774567
RAPGEFL1,76.69792802,-0.034807792,0.088291535,0.146996144,NA
BRPF1,1741.789935,-0.063974294,0.05883277,0.147041598,0.324979555
KANSL2,547.441964,-0.069584468,0.078804607,0.147063226,0.324979555
ITGB5,8442.424542,-0.050526317,0.043654247,0.14708016,0.324979555
DENND6B,164.4309396,-0.046254548,0.092143573,0.147186304,NA
CALHM6,249.105689,0.060077479,0.092901428,0.147202857,0.325179831
PPP2R5A,1061.939166,0.061175054,0.055686484,0.147236568,0.325183486
PRKRA,900.201428,0.067587966,0.076733834,0.147359914,0.32538506
ERRFI1,354.6705637,0.062187618,0.092807393,0.147464845,0.325545896
PLEKHA3P1,11.34683612,-0.020384411,0.083963297,0.147512813,NA
NLRC5,962.1260777,-0.063331288,0.088553684,0.147599928,0.325736973
EEF2K,2678.255075,-0.061209657,0.054747473,0.147641472,0.325736973
ADAT2,264.3689816,0.059335359,0.093535427,0.147647733,0.325736973
IRS1,29.84118251,0.025736942,0.085390995,0.147687604,NA
CYREN,1433.86331,-0.066474441,0.085938226,0.147719551,0.325776194
SMPDL3A,411.8607889,0.068368347,0.082313983,0.147729741,0.325776194
BCL9L,2461.161363,-0.06485659,0.090183353,0.147763451,0.325779711
NOMO3,4429.828681,0.068062853,0.077540818,0.147923637,0.326046466
NDUFA9,1555.00638,0.069865898,0.071259855,0.147948727,0.326046466
CCDC149,196.9703098,0.053072854,0.098138381,0.148033377,NA
TRHDE,247.3586843,-0.024289146,0.084988268,0.148073204,0.326226726
MIEF2,323.6600592,-0.05630985,0.093598276,0.148094842,0.326226726
ZKSCAN7,63.24012812,0.040248391,0.090026805,0.148155155,NA
PTPRC,8742.94389,0.06227001,0.05849549,0.148207391,0.326403771
ACP3,274.6449607,0.059555582,0.093842307,0.148380277,0.326713594
FAM117A,155.0788531,-0.057324376,0.093466049,0.148386095,NA
CERCAM,723.8405506,-0.068028541,0.080883878,0.148487981,0.326877784
PCDH7,10.81510371,-0.019147596,0.083675491,0.148500301,NA
DDX5,17010.98976,0.048949368,0.03785972,0.148519293,0.326877784
RPP14,644.6665121,-0.068550817,0.08208141,0.148574504,0.326928365
CEP57,942.6718972,0.068172046,0.070500117,0.148690794,0.327113297
RPS2P46,8.312839765,-0.015239206,0.082868718,0.148832774,NA
ALG1,1151.492171,-0.063024306,0.057643978,0.148844704,0.327380894
SMTNL2,25.28431102,-0.015840797,0.082942988,0.148875505,NA
CAMP,201.7977043,-0.060568095,0.093054426,0.148919409,NA
STMP1,982.8673352,0.068159883,0.073504867,0.149078622,0.327824311
MTSS2,104.4889495,-0.037946035,0.089222742,0.149251982,NA
BDP1,1241.96327,0.068723029,0.072366593,0.149263215,0.328120844
RGS10,2193.86798,0.068253446,0.072522126,0.149298829,0.328120844
HELQ,270.8116774,0.064127706,0.089685603,0.149340017,0.328120844
NR4A3,234.7549152,-0.063005304,0.090783054,0.149342856,0.328120844
HLA-DQB1,66.56063275,-0.036360663,0.088744817,0.14949783,NA
SYNGAP1,1010.241394,-0.040915386,0.090199515,0.149559994,0.328441246
COX8A,3137.310178,-0.058851827,0.050970749,0.149575554,0.328441246
DECR1,1842.874369,0.067231016,0.069792313,0.14958582,0.328441246
ZNF93,86.34908412,0.041224175,0.090353343,0.149664171,NA
FPR2,11.74969998,0.015114269,0.082830949,0.149679529,NA
CCP110,676.9908233,0.06560241,0.087520551,0.149720244,0.328665257
GPAT4,2948.646426,0.057536957,0.049123795,0.149955722,0.329110956
KLC3,14.45377269,-0.020498462,0.083987924,0.150053233,NA
PSMC1,2333.399394,0.063671258,0.059718444,0.150077454,0.32923477
ZC3HAV1,2571.436209,0.064290126,0.060541715,0.150088431,0.32923477
NUPR1,9717.364769,-0.066967092,0.070487534,0.150109504,0.32923477
FOXO4,594.0883477,-0.064431717,0.088704474,0.150316259,0.329616975
ARMC8,1173.571762,0.067755476,0.071466742,0.150350646,0.329621127
MSTO1,601.3436833,-0.068484011,0.076460543,0.150511351,0.329853423
NPIPB12,452.875901,-0.064158986,0.090212125,0.15052416,0.329853423
TTC17,1742.701395,0.06522416,0.062705168,0.15058033,0.329853423
STK17A,446.7076299,0.069013073,0.084844445,0.150586672,0.329853423
PGK1,13081.94102,0.065120949,0.062941754,0.150674761,0.329975124
CUEDC1,1599.879781,-0.066561246,0.067807212,0.150814857,0.330210643
PFN4,16.24439108,-0.019972505,0.083865225,0.150850124,NA
SMIM3,1082.745554,-0.061635432,0.055920431,0.150851443,0.330219472
DCLRE1C,779.9414326,0.065598326,0.064510593,0.151085584,0.3306024
TMEM203,951.3177997,-0.061804401,0.056513165,0.151091554,0.3306024
TAF12,904.3674854,0.067535025,0.073202637,0.151169084,0.330644538
IDI1,1286.707547,0.066460657,0.085290233,0.151201213,0.330644538
NID2,10.04489853,-0.01333488,0.082495881,0.151214023,NA
SPOPL,852.0058014,0.06799446,0.079880983,0.151222451,0.330644538
GPCPD1,4546.30688,0.068362907,0.071658946,0.151241192,0.330644538
SNX17,4750.639168,-0.049508045,0.039738564,0.151343735,0.33076849
FABP2,15.4346384,0.021584611,0.08424353,0.151359889,NA
ITPKC,399.81344,-0.068037522,0.078739657,0.151363104,0.33076849
IL2RG,705.9300822,-0.06721414,0.07479428,0.151706062,0.331446541
GRAMD2B,146.7189841,0.048909885,0.09235988,0.151755447,NA
KCNAB3,17.90483177,-0.022617152,0.084473547,0.151777657,NA
TMEM131,1813.751494,-0.059399072,0.052516051,0.151789068,0.331538087
FBXL13,23.09951894,-0.025167375,0.08516386,0.151801249,NA
PGP,1585.880822,-0.06441975,0.061817231,0.151813329,0.331538087
ZNF782,99.85640767,0.033229471,0.087611678,0.15190414,NA
NSFP1,125.6182604,0.028660835,0.086201048,0.152019374,NA
ZDHHC1,65.74996857,-0.041239326,0.090280566,0.152150117,NA
UTP4,853.8171408,0.055114216,0.093240297,0.152194325,0.332298586
CBLL1,740.2070481,0.067804413,0.076667343,0.152252734,0.33235458
ARHGAP42,180.9405976,0.049958116,0.093112261,0.152514027,NA
PPIAP41,15.49961765,0.022181929,0.084385658,0.152562161,NA
WWP2,2611.10109,-0.062200761,0.057410995,0.152588662,0.332991858
NOC3L,426.3679815,0.067077794,0.082988929,0.152610326,0.332991858
NDUFC2-KCTD14,60.023116,-0.032502794,0.08738094,0.152656321,NA
PSTPIP1,1020.723374,0.06760614,0.079375946,0.152829769,0.333398963
UBE2V2,989.6093364,0.066355085,0.077293791,0.153113206,0.333945466
LCA5L,24.26208363,-0.02365042,0.084748658,0.153147953,NA
DDX39A,2506.728741,-0.051748419,0.042077454,0.153284031,0.334225479
CBFA2T2,786.2865681,-0.067573395,0.079897211,0.153321711,0.334225479
PIGC,528.2293936,0.067198015,0.079515619,0.153340435,0.334225479
UBE3C,2344.140144,0.055047759,0.046343878,0.153461334,0.334417138
ZNF417,224.4614885,-0.064018565,0.088969946,0.153495856,0.334420524
SLC9A3,277.5408875,-0.053319085,0.092486038,0.153546745,0.334459563
MAP1B,34.57504485,0.024358013,0.084923235,0.153568994,NA
NUDT1,388.3613662,0.067147098,0.080248742,0.153605687,0.334516121
SPECC1L,1794.629981,0.059687041,0.053213653,0.15377311,0.33480885
SPATA2L,329.1968292,-0.06231911,0.090083018,0.153926809,0.335071578
LMAN2,4875.63456,-0.059976336,0.05335878,0.153993617,0.335145086
SPINK6,74.91978188,0.040469168,0.089951495,0.154035734,NA
CHST6,25.95843533,0.026280339,0.085473651,0.154090501,NA
NICN1,528.580189,0.066986903,0.080432424,0.154093255,0.335235085
INSL6,19.26336257,-0.023044627,0.084568597,0.154094807,NA
ZNF845,230.434628,0.065453304,0.088052014,0.154101065,0.335235085
UQCR11,2868.852291,-0.060795819,0.055357695,0.154181642,0.335338459
ZNF106,4272.783149,0.052493574,0.043702804,0.154300467,0.33552496
GABPB1,425.0205872,0.06706027,0.077725478,0.154364592,0.335592461
MAPK15,10.56318862,-0.017842588,0.083358419,0.154384281,NA
SETD4,418.1136586,-0.06667264,0.082179786,0.154404834,0.335608021
RSPH9,17.96025839,-0.023646596,0.084733883,0.154440666,NA
NHSL3,397.922843,-0.064057008,0.08772964,0.154453911,0.335642775
LRIG1,70.84523126,0.039634665,0.08962113,0.15446252,NA
CCNB1IP1,536.3430184,0.066789226,0.080587569,0.154494434,0.335648521
ZCCHC9,839.3668675,0.066767966,0.070348322,0.154526354,0.335648521
MFSD13A,728.4917044,-0.06744667,0.080399734,0.15457339,0.335648521
RBM7,635.963048,0.066827931,0.084110811,0.154588909,0.335648521
PLXNB3,15.65439627,-0.013257544,0.082479614,0.154600362,NA
TRAPPC11,1728.212657,0.064920298,0.06538526,0.154692025,0.335800535
NPIPA2,19.7366265,-0.026284988,0.085468695,0.154701873,NA
RFPL2,56.97758092,-0.034787728,0.088000381,0.154707622,NA
RPP25,1218.206432,-0.061806865,0.056875581,0.154755246,0.335838082
IL17RD,13.98461404,-0.012572215,0.082399942,0.15475885,NA
OAT,3062.587885,0.058518577,0.051496413,0.154775536,0.335838082
ZNF264,550.9697716,-0.061144576,0.090968092,0.154813796,0.33584926
HTT,6717.232168,0.058333272,0.050342317,0.154956279,0.336057618
CDC42EP3,522.3364706,-0.06272947,0.08999825,0.154976098,0.336057618
RPS17,10295.31025,0.056998043,0.049658219,0.155197744,0.336466321
POTEM,32.98486639,-0.032567981,0.087353186,0.155267363,NA
KCTD11,430.7129982,-0.065629101,0.072640434,0.155340733,0.336652926
TADA1,224.930193,0.062737284,0.089652213,0.155350192,0.336652926
ZNF583,98.57595792,-0.030962747,0.086800988,0.155421974,NA
MMP15,372.8549898,-0.058048597,0.092167755,0.155484936,0.336799476
CD52,1313.846069,0.052539028,0.096183462,0.155487014,0.336799476
ITGAE,381.9064542,0.067233411,0.079674056,0.155517424,0.336799476
CXCR2,128.2180858,-0.048924612,0.091973631,0.155538584,NA
HES4,44.74370136,-0.032632179,0.08737414,0.155569248,NA
GNPDA1,2057.823618,0.060578905,0.056406552,0.155596196,0.336898146
RPS5P2,7.145794198,-0.01516686,0.082833539,0.155662328,NA
TEX2,1875.549652,-0.06279145,0.059879018,0.15569996,0.337050873
POLR2J4,64.03194434,-0.044057347,0.090863529,0.156173237,NA
BNC2,311.8565551,0.055812626,0.092295483,0.156202524,0.337953562
ACAA2,2583.029513,-0.063341421,0.06157635,0.156209117,0.337953562
SERPINA1,11121.58363,-0.06522945,0.066969591,0.156216902,0.337953562
SPATC1L,106.1879568,-0.056298076,0.094251449,0.156258149,NA
MIA3,1658.526713,-0.065889031,0.071630202,0.156269508,0.337995286
RAB19,23.76674631,-0.025180848,0.085118922,0.156284861,NA
XBP1,2063.367149,0.062903897,0.063329567,0.156314431,0.338013556
PDLIM3,25.89934005,-0.027720403,0.085836128,0.156322139,NA
CCDC85B,1030.52497,-0.059874752,0.054468989,0.156344598,0.338013556
KIDINS220,3217.128504,0.05182764,0.042943827,0.156399581,0.338060377
CNOT10,505.4561611,0.066481292,0.082015135,0.156559621,0.338172223
OPN3,769.7041432,0.066534046,0.074033648,0.156581031,0.338172223
THUMPD3,902.4101033,0.059711692,0.086526602,0.156581458,0.338172223
CCNE2,138.2943791,0.053075553,0.092456693,0.156581512,NA
XPC,1916.487907,-0.057781646,0.050888932,0.156587592,0.338172223
TMEM154,110.4034814,0.032882859,0.087421384,0.156616018,NA
WDR36,887.4801952,0.06635276,0.072470135,0.156618011,0.338172223
TRIM41,1957.941902,-0.063017714,0.061453639,0.156733903,0.338273944
TRMT44,297.0324682,-0.060533977,0.090687256,0.156761687,0.338273944
TMEM242,410.9690881,0.066267848,0.081393995,0.156807662,0.338273944
CSNK2A2,2116.429188,-0.062686588,0.058379498,0.15683119,0.338273944
GCC2,1834.797875,0.064257458,0.06216977,0.15685317,0.338273944
CDR2,842.008772,0.065909425,0.073563743,0.156865204,0.338273944
MARK3,2180.05189,0.059638001,0.052944243,0.156967089,0.338421712
ZNF582,65.03345403,-0.040699035,0.089898305,0.15700159,NA
AFG3L2,2784.902066,0.059874842,0.054507476,0.15714597,0.338703027
SPAG9,3561.12482,0.060403188,0.054462582,0.157164348,0.338703027
CLYBL,225.5104613,0.064437216,0.08646167,0.157336709,0.339002458
FBXO8,515.0204669,0.066337839,0.078485571,0.15737447,0.339011812
ACSBG1,49.31938437,-0.036401869,0.08849217,0.157438633,NA
GPX2,9.670050772,0.013633464,0.082561258,0.157655545,NA
PCDHA5,13.00403218,-0.018746202,0.083531297,0.157696279,NA
ZNF862,310.6520281,-0.055119346,0.092044007,0.157740372,0.339727883
NR3C1,2749.604923,0.065491119,0.059349486,0.157882202,0.339961168
ATP8B2,474.5145524,-0.063496268,0.0880076,0.158043492,0.340207773
EVL,14543.22582,-0.065064285,0.067661326,0.158063805,0.340207773
TIAM2,76.89456785,0.042380768,0.090251599,0.158156987,NA
TMEM35B,511.096267,0.065826935,0.068266698,0.158175735,0.340376465
MED18,581.5102611,-0.065306312,0.068530147,0.158260819,0.340487328
NAPSA,12.90466056,-0.017886085,0.083333543,0.15836037,NA
SLC16A13,139.5824626,-0.066134503,0.099624602,0.15853548,NA
MOB4,881.8023922,0.062881796,0.085716623,0.158597024,0.341088104
VKORC1L1,1775.248993,0.060850495,0.057053948,0.158607314,0.341088104
TMX4,1763.713343,-0.066609544,0.085908547,0.158734828,0.341289973
ZNF296,142.8884665,-0.059241936,0.091789816,0.158874433,NA
TAGAP,1335.46957,-0.065171135,0.068821756,0.158938732,0.341655965
ACSL1,7242.840738,0.057641114,0.051278298,0.158998125,0.341711225
ARRDC1,1182.150526,-0.065512485,0.071756384,0.159064568,0.34178161
ZNF543,125.5591706,-0.05221797,0.092052843,0.159147175,NA
ANKFY1,3755.646633,0.056072687,0.048863976,0.159175856,0.341803228
MTMR3,2840.25749,-0.066246682,0.070111282,0.159179965,0.341803228
NKPD1,12.2700857,-0.018769407,0.083526349,0.159206188,NA
SINHCAF,1008.535565,0.060967495,0.0572693,0.159252083,0.341803228
GLCE,808.1184096,0.064047693,0.064373504,0.159267524,0.341803228
VPS37C,1419.032999,-0.061574965,0.058471227,0.15927329,0.341803228
ZNF41,272.5692436,-0.060430179,0.090077863,0.1592768,0.341803228
HMGN5,381.697768,0.060532721,0.089935016,0.159338036,0.341862318
KANSL3,2112.327452,-0.062324552,0.059977321,0.15939148,0.341895687
CLCC1,1052.388501,0.064244178,0.064498465,0.159437514,0.341895687
USP49,235.9592939,-0.055921875,0.091823187,0.159454702,0.341895687
KDELR1,4019.335809,-0.048149978,0.038894195,0.159527759,0.341980048
BBX,1489.502606,0.065951097,0.080153964,0.159584495,0.342029392
SLMAP,1272.198637,-0.066186023,0.08170995,0.159626125,0.342046348
GGNBP2,2072.034622,0.061013667,0.057571061,0.159708088,0.342142462
SPIN1,3500.728303,0.060190712,0.055222855,0.159738437,0.342142462
PMS2P2,8.272143133,-0.015767906,0.082927897,0.159768003,NA
NXN,192.2403245,-0.054961271,0.091729431,0.159793813,NA
SUPT5H,6210.256893,-0.063145882,0.062867604,0.159822295,0.342203645
L2HGDH,208.5159348,0.048978867,0.091772409,0.15988502,0.342203645
NDUFS5,2354.62458,0.062251502,0.06048586,0.159890467,0.342203645
PIGY,695.8307308,0.064534309,0.066537264,0.159935674,0.342203645
PYURF,695.8307308,0.064534309,0.066537264,0.159935674,0.342203645
NDUFV3,1556.306576,0.059205684,0.054071581,0.160055626,0.342388079
PTPN20,13.89545013,-0.019557266,0.083704482,0.160068234,NA
H3C6,113.6426187,-0.044196568,0.090657688,0.160167394,NA
SNX14,1293.982154,0.065552504,0.070059088,0.16028281,0.342739631
COMMD7,1882.092475,0.058747636,0.053401279,0.160289634,0.342739631
TAB1,1030.510655,-0.066371328,0.073659506,0.160321328,0.342739631
KXD1,2049.192382,-0.059356311,0.054694634,0.160364548,0.342759792
KREMEN1,139.5694695,0.040616795,0.089659436,0.160418467,NA
PRELID2,43.6813994,0.025219244,0.085070511,0.160469299,NA
RNF128,1443.164171,0.059449292,0.060176726,0.160599294,0.343189223
DCST1,12.89235046,-0.018443137,0.083457624,0.160632395,NA
UFSP2,468.4280349,0.063297424,0.081673702,0.160756082,0.343402653
TMEM236,737.8033371,0.065012365,0.069531731,0.160772378,0.343402653
ACY1,595.8186744,-0.064602795,0.085763675,0.160843541,0.343402653
MAPK1,4524.027918,-0.050515716,0.042588093,0.160863103,0.343402653
SLC41A3,741.863405,-0.06527253,0.071587326,0.160868435,0.343402653
MERTK,7325.79067,0.056618404,0.05029568,0.161008119,0.34362852
LPCAT3,1274.423659,-0.063120379,0.062371292,0.161069135,0.343632757
KDM5A,2380.90895,0.065611995,0.077323814,0.161077855,0.343632757
ZNF90,78.41571236,0.043840736,0.090528811,0.161092921,NA
C14orf119,1545.258571,0.065134521,0.06968822,0.161156834,0.343728958
GAREM1,30.69899622,-0.022730138,0.084420584,0.161267522,NA
ST3GAL5,2134.271459,0.061613213,0.059368407,0.16131479,0.343993531
CA2,2827.71828,-0.056893349,0.050563137,0.161482313,0.344278392
NAA50,3590.396514,0.062966762,0.060782158,0.161529214,0.344306019
POMK,634.3704241,0.030502959,0.086631132,0.161572392,0.344324181
TPM3,18842.28811,0.055714152,0.053395775,0.161605622,0.344324181
SLC2A1,165.8826088,0.049862743,0.091977269,0.161682409,NA
SRGAP2B,1708.343358,0.065448743,0.079537334,0.161858278,0.344790083
TLNRD1,2035.178174,-0.06074281,0.057449035,0.1619136,0.344835514
SRCAP,3416.484113,-0.066483155,0.083693868,0.162077594,0.345076253
RBM38,1122.888173,-0.065296636,0.081020737,0.162094671,0.345076253
DIP2A,1741.05577,-0.062468603,0.061693934,0.162272616,0.345382589
KIF21A,107.5478072,0.035786422,0.088141988,0.162283838,NA
SOX6,18.12351712,-0.019077524,0.083572147,0.162343959,NA
P2RX5,29.37833537,0.026167378,0.085331413,0.162371938,NA
SEC24D,2169.754521,0.054926209,0.0496669,0.162416813,0.345535063
MEF2C,3767.951809,0.068321324,0.07888382,0.162436376,0.345535063
NME4,1178.90244,-0.062731876,0.062087894,0.162446443,0.345535063
WBP4,638.5783357,0.064562678,0.082351019,0.162529049,0.345571357
RHOT1,1586.488797,0.056434479,0.050077521,0.162547642,0.345571357
BCL2,430.0385824,0.065384015,0.07840075,0.162565705,0.345571357
FBXO3,500.4951207,0.06265153,0.085570556,0.162649503,0.345664063
TRIP4,797.5883057,0.065112898,0.073358048,0.162677468,0.345664063
PMM2,1253.004151,0.059714605,0.056557599,0.162892923,0.345959261
NCAPG2,1058.207266,0.063648238,0.073057352,0.162905691,0.345959261
EHHADH,119.5325165,0.048995219,0.091353033,0.162916062,NA
TES,962.552215,0.065506449,0.077812534,0.16291871,0.345959261
OBSCN,103.6647055,-0.03708029,0.088711573,0.162931365,NA
FLVCR2,2378.263901,-0.065215345,0.06958672,0.162998779,0.346032526
FIGNL1,212.5715236,0.064275613,0.091896557,0.163021435,0.346032526
CKAP5,3298.301923,-0.062699707,0.062713984,0.163141922,0.346215829
BBS5,465.0332609,-0.064194423,0.083494502,0.163198686,0.346263851
HS3ST1,1439.74315,-0.058502313,0.090149842,0.163421939,0.346550063
EXOSC3,579.8961603,0.064991676,0.07889164,0.163434965,0.346550063
UBE4B,2727.049846,-0.058688959,0.054032249,0.163436071,0.346550063
CCL4,181.782863,0.046092249,0.09072794,0.163457612,NA
SPINT2,3298.583247,-0.061159498,0.057216641,0.163568288,0.346757933
CAPNS2,13.28089882,0.017299124,0.083203318,0.163582467,NA
FBP2,33.09885347,0.029283404,0.086206313,0.163615639,NA
NOVA1,9.73243142,0.016368268,0.083017649,0.163713719,NA
IRF3,1497.422994,-0.061864139,0.060834258,0.163858931,0.347262996
LRP11,271.9962797,-0.056713316,0.090816066,0.163874996,0.347262996
NRDC,4289.688801,0.055609257,0.04939691,0.163962746,0.347360565
FAM118B,491.2533522,0.065267325,0.076671082,0.163989525,0.347360565
SPDYE12,10.49881756,-0.016341736,0.083017392,0.164064942,NA
UBXN8,361.7624748,0.063139504,0.084700114,0.164085297,0.347490868
EXOG,327.0092492,0.064915119,0.078376142,0.164128172,0.347509117
MS4A15,11.11606772,0.016258573,0.083003277,0.164172355,NA
MEGF11,15.21394384,-0.017663449,0.083239725,0.164173145,NA
NPIPA6,993.5175491,0.061348804,0.087203286,0.164209042,0.347607789
SF1,6195.053629,-0.055814996,0.049606131,0.164434194,0.348011781
ARAP3,1609.754328,-0.064937621,0.073778098,0.16452349,0.348091396
SEPSECS,687.2206902,0.064483692,0.069769199,0.164540442,0.348091396
RBM14-RBM4,243.1130073,-0.051922517,0.091895002,0.164798184,0.348563966
TUBB2B,39.6117901,-0.025971449,0.085257021,0.16506728,NA
BCAR3,851.3534624,-0.065474402,0.071238852,0.165092564,0.349113814
TEX10,623.6176207,0.062675792,0.063338528,0.16512883,0.349117727
NOTCH2NLC,374.0959839,-0.060604481,0.088553983,0.165182148,0.349122253
CARD11,621.0131852,-0.056809299,0.090724518,0.165199804,0.349122253
GOLGA2,2487.113934,-0.061437997,0.060459644,0.165240813,0.349136181
SNX16,152.1330021,0.04867962,0.091118898,0.165418841,NA
KLHDC4,945.4408049,-0.064147466,0.06661412,0.165458697,0.349334147
SRM,1553.43133,-0.063396379,0.067072594,0.165469435,0.349334147
INPP5K,1256.276479,-0.062482899,0.062702143,0.165483305,0.349334147
PLEK,8322.067896,0.056346861,0.050626704,0.165501312,0.349334147
ESCO1,665.8076183,0.065369594,0.075570124,0.165511823,0.349334147
FAM53B,2419.373222,-0.057643457,0.052828484,0.165541132,0.349334147
ZNF681,41.39081863,0.024825174,0.084899328,0.1655432,NA
C2CD2L,2023.485139,-0.064250173,0.071761505,0.165634233,0.34941754
MTARC2,47.46064172,-0.027651298,0.085647839,0.165641059,NA
CYBB,50354.37677,0.056222681,0.049262149,0.165649542,0.34941754
ACTRT3,9.223075015,0.013897172,0.082587306,0.165749289,NA
PHLDA3,3796.945336,-0.052381213,0.0450076,0.165834397,0.349734745
PLAGL1,1081.283582,0.061075653,0.059436463,0.165948944,0.349903502
SIK3,1432.860488,-0.064044248,0.069356758,0.165983404,0.349903502
UPF1,4534.601199,-0.0581017,0.053849922,0.166131901,0.350103238
LDLRAD3,385.3249957,0.065189589,0.078313043,0.166147179,0.350103238
ENDOV,160.6354533,-0.053183107,0.091239225,0.166227521,NA
TWSG1,2396.601632,0.057719489,0.052694791,0.166254102,0.350255785
SEC22B,3023.252692,0.057777242,0.053030023,0.166333054,0.350320924
TOMM22,1237.806769,0.064197131,0.067204108,0.166375519,0.350320924
RRS1,625.5272568,0.06377265,0.068190852,0.166388625,0.350320924
FOXL2NB,23.70721163,0.023956442,0.084703758,0.166400183,NA
ZNF395,436.5593899,-0.054982766,0.091023161,0.166441203,0.350358904
PROX2,28.80170467,-0.02190221,0.084164131,0.166467374,NA
ABCF2,778.6180998,0.061477714,0.086654173,0.16649014,0.350389208
CREB3,1491.505775,-0.059790269,0.057120094,0.166594548,0.350536216
PANO1,56.43530942,-0.040497211,0.089371076,0.166751774,NA
SMOC1,48.29600384,0.028350775,0.08585566,0.166939474,NA
CASP7,975.6256514,0.064201075,0.071783345,0.167035079,0.351390262
CD80,118.3526127,0.045095325,0.090370918,0.167110994,NA
TMEM81,23.88843773,-0.023143036,0.084471637,0.167230692,NA
C8orf44-SGK3,67.83095125,-0.03922457,0.08896764,0.167330508,NA
MSH3,644.44197,0.065778146,0.070526717,0.167433657,0.352155715
ZFP14,188.5979507,0.048839815,0.091028665,0.167471794,NA
GPR3,21.8697807,0.022030784,0.084213205,0.167486102,NA
TRAPPC8,1738.49611,-0.064692657,0.081543218,0.16750203,0.352192515
HES6,311.1646836,-0.064233426,0.079236714,0.167534386,0.352192515
DUSP7,1332.1808,-0.064271126,0.074421469,0.167555311,0.352192515
MAP3K7,1272.686894,0.059477715,0.056783563,0.167729397,0.352327919
SIVA1,765.0661463,0.064217229,0.070389115,0.167781343,0.352327919
GTF2I,10025.50485,-0.057121394,0.052594996,0.167818655,0.352327919
DUS2,531.7814368,-0.064280743,0.073378215,0.167821829,0.352327919
TJAP1,950.1497359,0.06290015,0.065352943,0.167845911,0.352327919
ZNF281,1003.313006,0.060518025,0.058591626,0.167861962,0.352327919
ZNF398,441.5273972,-0.061095076,0.087116313,0.167862858,0.352327919
MXRA8,268.8860174,-0.055546873,0.091616777,0.168032688,0.352584251
MAPK12,535.1100447,-0.064230206,0.080838119,0.1680545,0.352584251
ETS1,763.3912263,0.062726518,0.064113573,0.168110669,0.352629162
MAMSTR,13.46841813,-0.020775811,0.083912054,0.168148381,NA
WDR59,603.6898645,-0.064256498,0.076595821,0.168262325,0.352874307
CSGALNACT1,100.5593604,-0.046469056,0.09063458,0.168322229,NA
MED21,412.6251447,0.061664699,0.085556779,0.168393756,0.353013796
SARS1,4961.270989,0.057161951,0.052398302,0.168398438,0.353013796
NEUROG3,88.57130274,-0.046446882,0.090554379,0.168480924,NA
NAT8L,517.6472725,-0.064336049,0.075613268,0.168491135,0.353135138
IPO13,1700.29929,-0.059533417,0.057094371,0.168537988,0.353160369
SLC9A8,864.3662239,-0.063502198,0.0688275,0.168604047,0.353225827
PM20D2,449.89446,0.064197216,0.076668279,0.168724179,0.353404516
PLK3,1721.849538,-0.063447461,0.068961692,0.168800784,0.353491981
DRAP1,4825.098942,-0.057862833,0.054319401,0.168877319,0.353579263
SPCS2P4,37.24235711,0.005698194,0.081638021,0.168930999,NA
NSRP1,1466.213499,0.062715704,0.065193155,0.16906543,0.353900066
ZNF548,213.0706445,-0.038982565,0.088959443,0.169110043,0.353920419
RHBDF1,131.5364635,-0.041165888,0.089415223,0.169115233,NA
RFT1,897.0192151,0.061614414,0.062330506,0.169179376,0.353992489
SAC3D1,514.9264066,-0.064061326,0.076732513,0.169274638,0.354118773
PRRX1,10.88669899,-0.010471712,0.082050355,0.169374049,NA
FGD3,672.6818396,-0.061362778,0.087146732,0.169376739,0.354259308
MRPL32,748.8147755,0.063456115,0.072834773,0.169475836,0.354393503
GALNT18,91.82463646,0.038792063,0.08880161,0.169535639,NA
ODAD1,15.50270627,0.021613108,0.084089033,0.169579217,NA
PPM1H,947.3003371,0.068485243,0.073058175,0.169605614,0.354591787
ST6GALNAC6,3419.978803,-0.063663885,0.074781701,0.169653891,0.354619631
GPN1,1019.39066,0.061359899,0.061066027,0.169714572,0.354632592
PPP1R7,1848.830034,0.059038325,0.056660812,0.169730011,0.354632592
NCF4,2094.126594,-0.056375233,0.051647669,0.170056058,0.355240661
CD300H,10.17722442,-0.015144666,0.082756486,0.170088739,NA
MAIP1,333.3121537,0.057792235,0.086367333,0.170096258,0.35525148
DDX11,1194.580349,-0.062966021,0.067416947,0.170178739,0.355350583
SNX7,731.4286434,0.062010764,0.063405273,0.17027354,0.355475364
TEX30,151.3622475,0.050053673,0.090760395,0.170531896,NA
BTAF1,1820.855996,0.054581374,0.05286829,0.17055376,0.355987106
UVRAG,1022.773528,0.058667103,0.056077817,0.170626648,0.356032925
ZNHIT2,304.5104655,-0.062569376,0.082479992,0.170679054,0.356032925
MAP3K6,553.748874,-0.06250576,0.083028647,0.170681005,0.356032925
ZC3H7A,1673.664117,0.058793698,0.055837393,0.170722046,0.35604532
FAM13B,1642.099474,0.057832706,0.066470028,0.170775934,0.356084497
CASP6,406.0194336,0.06396579,0.079869508,0.171009983,0.356381279
MITF,2721.456907,-0.059944268,0.059359501,0.171016918,0.356381279
USP54,502.8774916,-0.060402662,0.085922406,0.171023666,0.356381279
TGFA,154.4321727,0.030531859,0.086390305,0.171058597,NA
POMGNT2,339.7003729,-0.063577196,0.076626064,0.17110507,0.356477681
CMAHP,106.7953892,0.050452148,0.090707425,0.171116681,NA
HLA-H,7.00887321,-0.012834849,0.08240246,0.171192094,NA
ZDHHC16,1046.822318,-0.059525988,0.058080688,0.171452923,0.357066871
MRPL14,932.5876767,0.059217493,0.057454714,0.171458274,0.357066871
VSNL1,10.47969283,0.01711968,0.083127783,0.17168569,NA
SACS,745.2977037,0.064105507,0.075266717,0.171847388,0.357803756
ATP1A3,7.893002045,-0.014638462,0.082677103,0.171908279,NA
FAHD1,1006.439327,0.058902934,0.054117439,0.171922546,0.357886787
CPNE9,19.54502199,-0.021814516,0.084112609,0.171935466,NA
KLHL18,1229.833753,0.061343598,0.084870113,0.172036377,0.358050268
PARK7,3848.187259,0.058344825,0.05542163,0.172091186,0.35809087
PDIA6,8066.139567,0.056277727,0.052129459,0.172194873,0.358101013
NPIPA9,286.3933653,0.049886649,0.090728794,0.172199187,0.358101013
TMTC1,256.5911798,0.054919719,0.09012852,0.172201966,0.358101013
VDR,3500.757898,-0.059368688,0.057563636,0.172269235,0.358167478
RIMS2,24.56493795,-0.023974869,0.084609046,0.172324985,NA
R3HDM4,1311.548458,-0.058193336,0.055385817,0.172436373,0.358441509
ARHGAP31,3076.232687,0.060122192,0.059771124,0.172497184,0.358494454
PTMS,9816.675944,-0.060368661,0.054562132,0.172616801,0.358669569
P4HA3,97.8633218,-0.045680612,0.089997688,0.172780493,NA
FARSA,2948.281125,-0.059310568,0.058037652,0.172869149,0.359120345
EFCAB7,48.63056419,0.033103338,0.087114496,0.172888844,NA
GPR153,237.4547356,-0.059482248,0.089671683,0.173013789,0.359227673
GTF2IRD2,101.2966338,0.027713127,0.085571461,0.17302469,NA
TAGLN,273.5398844,-0.057094216,0.088507757,0.173045067,0.359227673
FKBP9,962.8337295,-0.063394712,0.072848291,0.173049583,0.359227673
LAMTOR1,2923.524116,-0.056184224,0.052068996,0.173062464,0.359227673
SMTNL1,21.64558246,-0.02443394,0.084732467,0.173075603,NA
CDON,37.86618786,-0.030374219,0.086291831,0.173159977,NA
ZBTB47,1474.230989,-0.058055549,0.055850514,0.173180441,0.359399017
CASP1,2173.560543,0.065399752,0.067861287,0.173334062,0.359632972
HYI,237.7908991,-0.057241644,0.087659387,0.173364081,0.359632972
CD300E,371.6119819,0.040970158,0.08909108,0.173648223,0.3601005
ZFAND5,7211.310726,0.051260724,0.045190131,0.173660454,0.3601005
NLRP1,865.6825673,-0.060195903,0.085803786,0.17374437,0.360200876
CROCCP3,63.84112374,-0.038076146,0.088441169,0.173748375,NA
TMED1,1201.655842,0.058761588,0.057191981,0.173832825,0.36031062
TEF,465.8284482,-0.053336433,0.090536776,0.17399465,0.360572367
PECR,231.0305103,-0.05869289,0.087411771,0.174139161,0.36079813
GTF2H3,979.4929221,0.062263501,0.068209662,0.174236461,0.360916174
CD59,8573.422031,-0.043777449,0.035962625,0.174267293,0.360916174
VPS39,2990.287502,-0.061319067,0.064857706,0.174302949,0.360916333
TIMM29,459.1986376,0.063183821,0.07744248,0.174452424,0.361104661
PDXDC2P,318.4081247,-0.061079816,0.084282328,0.174465097,0.361104661
IGLON5,56.8984189,-0.041416023,0.089199328,0.174479431,NA
ZNF440,159.3434155,0.055538839,0.08938194,0.174510807,NA
AP1G1,3088.71389,-0.05782644,0.055588459,0.174576602,0.361187955
PCGF1,442.9720457,0.062066122,0.081129638,0.174593967,0.361187955
GTF2A2,910.0090313,0.062869945,0.073024546,0.174623757,0.361187955
ATP8A1,284.0634943,0.050052663,0.090031039,0.174647764,0.361187955
PIANP,12.84353643,-0.019586162,0.08359816,0.174667731,NA
KLHL11,226.8430499,0.059748568,0.082604796,0.174738068,0.361301052
UROD,2173.278284,-0.051028733,0.044739804,0.17481966,0.361396093
USB1,2056.179344,-0.062962241,0.074811722,0.17510824,0.361918904
SAMD14,65.90287283,-0.036327505,0.087904502,0.175114986,NA
OCIAD2,62.88717908,0.036750639,0.087997284,0.175145413,NA
SUOX,643.4017133,-0.063045434,0.069920413,0.175309853,0.362235717
PCDH20,107.8570296,-0.049014659,0.08987105,0.175328158,NA
SP1,3288.643443,-0.054523927,0.049870523,0.175332942,0.362235717
LRRC46,26.15513672,0.022218312,0.084181689,0.175341245,NA
RFESD,26.23070195,0.021197046,0.083936118,0.17544414,NA
SP8,11.09712708,-0.014959304,0.082719451,0.175518676,NA
DNM3,86.2580816,-0.034137807,0.087278583,0.175561166,NA
GPATCH4,991.3120696,0.062610082,0.071632283,0.17556818,0.362647855
SURF4,6504.882271,0.047841815,0.040742861,0.175622844,0.362686915
ZNF670-ZNF695,38.77834766,0.029948041,0.086165753,0.175740456,NA
MFF,862.3354192,0.058919224,0.057901523,0.17581141,0.362980741
FAM210B,695.0153431,0.062831872,0.078358403,0.17585935,0.362980741
MMS19,1496.931649,-0.058806726,0.05784915,0.175872471,0.362980741
AP2B1,3968.159698,0.055066548,0.050822337,0.176271815,0.363704019
CCDC157,128.2940979,-0.043559382,0.089499548,0.176287911,NA
LEO1,732.6297538,0.061720902,0.067767129,0.176294624,0.363704019
RASA4CP,54.94832897,-0.032417594,0.086838382,0.176317563,NA
TFCP2,1104.908038,0.0605877,0.062143573,0.176398549,0.36382609
GINM1,1192.046988,0.058444712,0.057185532,0.176425526,0.36382609
SGMS1,1802.620091,-0.059310007,0.060986678,0.176625202,0.364163832
CIRBP,4885.745997,0.050102493,0.0439636,0.176740176,0.364326833
PIR,223.8634759,0.059610631,0.085587834,0.17677921,0.36433326
TRPM7,2126.446334,0.062908161,0.06618951,0.176931205,0.364529622
RCSD1,2531.299805,-0.060692394,0.063268091,0.176946358,0.364529622
GET1,347.036591,0.061582697,0.080998139,0.177012294,0.364591413
UHRF2,771.7211413,0.062145661,0.069163564,0.177103121,0.364704437
NPHP4,482.4785315,-0.056125962,0.088620572,0.177283504,0.365001798
BMAL2,684.2385361,0.058810885,0.085997326,0.177470898,0.365176917
MEGF8,2653.911935,-0.062385497,0.072969414,0.177494417,0.365176917
TPSAB1,15.95437306,-0.019791106,0.083624593,0.177542478,NA
SLC25A20,535.9048917,-0.061904604,0.079373014,0.177548431,0.365176917
RPL10A,8785.189835,0.056322371,0.05290362,0.177548742,0.365176917
CORO2A,859.2250771,-0.062611405,0.075168261,0.177598089,0.365176917
SLC2A6,776.4060013,-0.061725407,0.07971687,0.177634207,0.365176917
ABCD3,651.5210721,0.060779042,0.078463596,0.177656534,0.365176917
TPD52,260.5378866,0.05114016,0.089802448,0.177669409,0.365176917
PLEKHG1,22.66157762,-0.02652515,0.085198809,0.177698861,NA
TTLL13,12.62197552,-0.018790206,0.083406169,0.177709297,NA
CTU2,313.8132791,-0.06057907,0.083994216,0.177722684,0.365176917
PFN2,26.87943734,-0.02465706,0.084708498,0.177723412,NA
GNA13,4456.933967,0.055079253,0.051539181,0.177728553,0.365176917
RRP12,1192.119025,-0.060275781,0.060765243,0.177943933,0.365509059
PFDN4,297.1272637,0.057483649,0.087576288,0.177962268,0.365509059
FCN1,123.319166,0.045998492,0.089794354,0.178007502,NA
TENT2,2575.19467,0.063036339,0.064598365,0.178162838,0.365846929
GTF2E2,695.5930646,0.061761244,0.069650753,0.178203526,0.36585642
SERPING1,1128.915835,-0.06221405,0.071957292,0.17837019,0.366020439
HTR7,317.1359361,0.061744938,0.079599332,0.178389329,0.366020439
IFIT5,1051.575098,-0.061581892,0.082129779,0.178391665,0.366020439
PIP4K2C,997.7877785,-0.059541659,0.060896728,0.178527089,0.366224225
PRRC2C,8360.111605,0.055210366,0.051823051,0.178588134,0.366275381
SNURF,24.09688369,0.014197994,0.082583114,0.178638022,NA
MBOAT1,967.8474969,0.061004115,0.064128794,0.178738618,0.366429213
INTS6L,553.6578643,0.060573082,0.080726041,0.178767476,0.366429213
STK19,372.9077281,-0.062372645,0.07614035,0.178771508,0.366429213
PLEKHH3,311.2429864,-0.056399162,0.088161232,0.178853339,0.366518046
DEPP1,201.3968285,-0.04752923,0.090098298,0.178859135,NA
TRGV5P,11.74339857,0.017660189,0.083195959,0.178896793,NA
NINL,917.8836046,-0.060016947,0.06224923,0.178920393,0.366518046
TXNL4B,231.6666164,0.059178159,0.086637053,0.178937738,0.366518046
FAM89A,699.0075682,-0.060910635,0.082329314,0.178962899,0.366518046
ATG4C,682.2142277,0.061214051,0.080992616,0.178995505,0.366518046
BTNL9,10.35408309,-0.015471897,0.082787245,0.178998024,NA
FAM135B,37.67127271,0.018441289,0.083323372,0.179025526,NA
GABRD,11.5951704,-0.019083566,0.083466769,0.179033494,NA
NCKAP1,469.2726207,0.056205419,0.088329165,0.17908711,0.366631613
PTPN4,194.3639784,0.041543868,0.088976258,0.179109083,NA
TBX20,10.40854819,-0.015802353,0.082841545,0.179163439,NA
ILF2,3052.977799,0.05587593,0.053061818,0.179393941,0.36714478
DHX9,4185.217463,0.056179622,0.05357175,0.179410161,0.36714478
ABCC1,2474.490041,-0.060707339,0.064522365,0.179525144,0.367184928
IPPK,338.6866545,-0.057442498,0.085944384,0.179533323,0.367184928
CDC42,5823.487667,0.063064433,0.064187988,0.179558699,0.367184928
CNOT8,1781.286935,0.056788352,0.054871324,0.179574569,0.367184928
MRO,54.73210113,0.029046856,0.085851718,0.179633785,NA
EIF5,4921.801474,0.05803821,0.058662873,0.179635786,0.367236077
MTCH1P2,7.086885028,-0.013266051,0.082440087,0.179681166,NA
KLHL41,27.64767448,0.023036067,0.084321213,0.179727184,NA
DPH3,1251.521076,0.061796872,0.0707474,0.179799523,0.367496748
DGKA,629.2201559,-0.062148919,0.07608115,0.179859041,0.367544342
HIC2,718.2701288,-0.062236789,0.079557483,0.179996037,0.367750211
OR56A1,14.92899297,-0.018774465,0.083403629,0.180000419,NA
UTP11,824.7046865,0.061012356,0.071128224,0.180117112,0.367895019
ENC1,664.6570414,0.062191698,0.081539349,0.180160622,0.367895019
MLLT10,1124.022016,0.064974264,0.078396609,0.180175715,0.367895019
NOL9,541.694549,-0.06131137,0.080637044,0.180221322,0.367914085
OXER1,91.21516302,-0.045899824,0.08954459,0.180239448,NA
ZNF540,29.12302912,-0.026446573,0.085116397,0.180248513,NA
HOMER2,780.8174935,-0.049096311,0.088336769,0.180265594,0.36793042
PPP4R2P4,15.55720577,0.021011898,0.083868786,0.18038583,NA
ESR1,86.63663703,0.029683827,0.085985628,0.180424366,NA
JAG2,158.6217503,-0.047468071,0.089970891,0.180428399,NA
GPAT3,256.8104669,0.0429026,0.089186272,0.180451385,0.368191455
HEXD,690.4038965,-0.06284844,0.075870219,0.180485138,0.368191455
ARHGAP32,828.0863089,-0.062066562,0.073608919,0.180502376,0.368191455
FAM3B,24.09490868,-0.021371297,0.083920706,0.180532679,NA
KALRN,365.0944875,0.052104944,0.088855154,0.180696776,0.368513891
GPC5,36.98187822,0.023835335,0.084474156,0.180731272,NA
GDE1,3070.915724,0.059421376,0.060806469,0.180825447,0.368702177
MED1,2015.640736,0.054556929,0.050801075,0.1808718,0.368712046
TKT,6529.252422,-0.059821012,0.063896384,0.180902982,0.368712046
PXDC1,1954.989643,-0.056799233,0.056585272,0.180943745,0.368721042
CYP27C1,15.77007239,0.018526414,0.083348012,0.181010144,NA
GPN2,902.0209954,-0.0598446,0.083644225,0.181021561,0.36875985
MRPS34,2054.094547,-0.052861695,0.048808644,0.181035494,0.36875985
CRIP2,71.95751255,-0.041900195,0.088971664,0.181059188,NA
PLXNA1,9656.768087,-0.061108899,0.066279782,0.181146107,0.368770021
TRMT61A,516.5689334,-0.061801358,0.072749677,0.181176758,0.368770021
CLTA,5849.031804,0.054122532,0.050280143,0.181183539,0.368770021
SCML4,31.36362558,-0.027116587,0.085310209,0.181184449,NA
RAD51,297.5274981,0.060641138,0.080907492,0.181194507,0.368770021
ABHD10,816.9878042,0.06182933,0.068754072,0.181222255,0.368770021
IFITM3,4104.991044,-0.058257964,0.084544163,0.181273897,0.368789542
UNC119,893.9087684,-0.060582058,0.066353052,0.181304559,0.368789542
ANKS6,325.9894648,-0.057294784,0.087703089,0.181381924,0.368872942
HCN2,43.69482399,-0.035179583,0.087412058,0.181425989,NA
MUTYH,340.6448588,-0.061449459,0.077079309,0.181463037,0.368963929
ADAMTS17,10.92494402,-0.013393169,0.082410744,0.1815435,NA
ZNF343,199.4800901,0.05178835,0.089303416,0.18157382,NA
TSSK6,76.75364274,-0.041427124,0.088831349,0.181595964,NA
ZNF397,551.924515,0.058851114,0.07969362,0.181875577,0.369728628
PMAIP1,189.8098274,0.052477039,0.089167069,0.181919039,NA
MRPS31,306.448165,0.05836508,0.084478593,0.181939557,0.369784586
ZNF69,58.47746683,0.035805857,0.087517429,0.181962328,NA
SMIM10L3,261.1211269,-0.060217069,0.082329371,0.182018355,0.369870632
STARD10,437.5671283,-0.057694585,0.083552695,0.182060462,0.369882101
ADGRF1,43.57465669,-0.033372488,0.086881194,0.182251584,NA
ANXA11,8880.361117,-0.047535477,0.045765195,0.182275213,0.370207909
GEMIN2,141.3744161,0.049354442,0.089647234,0.182291989,NA
LYSET,1860.694892,0.056478052,0.056105347,0.18229382,0.370207909
PATJ,19.32246109,-0.016000092,0.08285249,0.182303966,NA
SASH3,5062.770224,-0.047448443,0.041068026,0.182462782,0.370476874
LRRC37B,388.5819938,0.060914577,0.077970582,0.182523999,0.370527004
KICS2,186.1952072,0.057294732,0.088642633,0.18272622,NA
TRIM73,147.3002437,-0.048007857,0.089542939,0.182738818,NA
HLTF,658.3571999,0.05781014,0.082106803,0.182910428,0.371237172
CUEDC2,1131.106924,-0.057680916,0.057341735,0.182966834,0.371277369
C3orf38,837.5739917,0.059710486,0.062668123,0.183056896,0.371330413
PPM1M,4963.721189,-0.045990846,0.039674457,0.183066187,0.371330413
UPK3B,37.86938977,-0.027807686,0.085407223,0.183183311,NA
NLN,2622.034243,0.051047147,0.046007335,0.183204855,0.371537394
THAP1,303.4217914,0.057036617,0.084158392,0.18335353,0.371764582
DNAAF5,1117.967226,-0.058136121,0.058182786,0.18354747,0.372083441
PTPRH,95.18785457,0.040564208,0.088527652,0.183611511,NA
NDUFC2,2284.292862,0.061792617,0.068243619,0.183666977,0.372251313
UPRT,470.3786505,0.061223632,0.073355294,0.183746203,0.372337493
SCARF2,9.732046572,-0.016456456,0.082941862,0.183885695,NA
IRAK4,412.8471863,0.060902142,0.078887959,0.183951379,0.372678807
VPS13A,862.2683503,0.049325696,0.085765595,0.184124071,0.372954189
EEF1A1P13,7.655829637,-0.014104747,0.082547836,0.184160445,NA
NIPSNAP2,1800.692836,0.060210234,0.063362471,0.184184666,0.372968989
PEDS1,1450.302792,-0.057778127,0.05793621,0.184217002,0.372968989
ACTR6,400.8176247,0.056148629,0.086342653,0.18424168,0.372968989
TMEM59,3794.335375,0.053953407,0.050417146,0.184343554,0.37310076
STRIP1,1425.03112,-0.05571985,0.053937697,0.184505651,0.373331216
IRAK1,9839.023001,-0.038446518,0.032810512,0.184531025,0.373331216
TUBB4A,63.75675802,-0.034794392,0.087157988,0.184744569,NA
MCOLN3,1381.104919,0.058675605,0.060459122,0.184775466,0.373691719
HCLS1,9086.763915,0.053281889,0.049785878,0.184782893,0.373691719
CMSS1,326.4055453,0.060266244,0.079454287,0.184864537,0.373782312
KLHL28,520.7682344,0.056743503,0.086343642,0.184946772,0.373874063
CLEC12B,102.7108129,-0.043017431,0.088838063,0.184966299,NA
UNC13A,19.56485571,0.012425783,0.082291466,0.185000082,NA
HSPB7,51.96362054,-0.030933762,0.08614618,0.18505995,NA
UCKL1,948.9793251,-0.058979006,0.061824832,0.185065538,0.374039613
C16orf87,346.1183064,0.055239407,0.087048556,0.18518329,0.374203046
HCST,388.0642442,0.061295121,0.079072238,0.185235777,0.374234558
GPC2,58.73142108,0.035924575,0.087464091,0.185268586,NA
TIGD2,202.1485607,-0.058544694,0.084965656,0.18528257,NA
PSKH1,1201.458638,-0.060760413,0.070360966,0.185335118,0.37433074
SYF2,1709.735399,0.057073387,0.055812942,0.185357187,0.37433074
CDC26,539.6210222,0.061153336,0.074410679,0.185398759,0.374340169
SOD1,2285.128471,0.058653943,0.06410741,0.185455189,0.374379589
NFILZ,61.95782484,0.027928818,0.085389345,0.185541307,NA
SON,9938.613628,-0.05435612,0.051689837,0.185550933,0.374498342
CCDC28A,645.8157587,0.059472076,0.067529899,0.185644202,0.374589391
LMX1B,6.652454987,-0.014127323,0.082560369,0.185648317,NA
KRT18P5,7.753431791,-0.014246947,0.082585794,0.185665317,NA
TRIM63,10.06726188,0.015295466,0.082733459,0.185674846,NA
SLC25A18,54.84800132,-0.033105362,0.086813372,0.185687722,NA
ANKRD50,772.7135977,0.059978844,0.066766661,0.185687798,0.374589391
DESI1,1322.728053,-0.061198998,0.075780284,0.185706826,0.374589391
BRICD5,86.68496052,-0.042091561,0.088613707,0.185713673,NA
SMG1P5,129.6445697,-0.037924655,0.087923325,0.185733507,NA
EEF1AKMT2,324.3347281,0.059471912,0.084501918,0.185785934,0.374609061
HMBOX1,569.4679194,0.059318762,0.07714246,0.185790436,0.374609061
NPM2,58.66359328,-0.035856968,0.0873653,0.18601168,NA
ZNF750,9.371678271,-0.015986627,0.082836002,0.186024035,NA
PTPN7,2770.499817,0.05515675,0.053320688,0.186046777,0.375051372
IWS1,1672.873135,0.058072125,0.058739765,0.186104084,0.375092356
QARS1,5454.403266,-0.060469535,0.064865786,0.186299936,0.375412506
SH3D19,115.4976019,0.034026034,0.086881739,0.186408734,NA
ARL5A,1729.015601,0.059595697,0.065009991,0.186447482,0.375635205
TTI1,482.7913612,0.056844736,0.079084941,0.186531308,0.375729466
H2AJ,1387.035761,0.057739014,0.058679532,0.186619649,0.375832781
WWC1,483.8742079,-0.05559099,0.087097737,0.186678712,0.375877106
TSSK3,34.63950263,0.026699328,0.085123003,0.186738093,NA
IL9R,16.00011287,-0.005885683,0.081638814,0.186803695,NA
TRIP12,7545.394765,0.046332261,0.039995628,0.186902767,0.376253555
APPL1,3112.511102,0.055551459,0.053412636,0.186957225,0.376288511
TMEM169,67.29827721,0.034841851,0.087132003,0.187026067,NA
FAM76A,313.9995146,0.055978017,0.086181466,0.187145731,0.376593194
C8orf88,10.64147228,0.016675489,0.082969019,0.187184014,NA
NUDT4B,257.6940014,0.0560609,0.085744867,0.187203326,0.376596881
CEP89,507.6596601,-0.056821394,0.084770671,0.187221813,0.376596881
BARD1,319.6712424,0.059003633,0.08137052,0.187277635,0.376634483
CXCR4,1377.047345,-0.05675288,0.085545674,0.187364463,0.376678691
MRTO4,1129.931455,0.057901735,0.059500496,0.187373883,0.376678691
TMEM107,386.8939508,-0.059800938,0.080543598,0.18747378,0.376804839
SDR42E2,8.219106233,0.01360948,0.082473725,0.187484926,NA
HHLA2,22.21248246,-0.019789889,0.083549645,0.187630465,NA
C19orf81,33.64539193,-0.028874538,0.085626414,0.187680241,NA
PTPN14,65.91192587,0.033334449,0.086699322,0.187872799,NA
NMT2,292.5382076,0.055885136,0.086653727,0.18791755,0.377576335
CENPBD1P,424.153649,0.059027657,0.070366301,0.18793207,0.377576335
ZNF708,159.0464543,0.044605139,0.088965908,0.187971399,NA
HMGN1,4452.887271,0.05937446,0.064868148,0.188005067,0.377648198
HNRNPM,7946.481353,0.053730759,0.050437191,0.18824602,0.377975959
QPCT,992.9179453,0.059437858,0.067874192,0.188271632,0.377975959
LBHD1,380.3488285,-0.056908588,0.084978362,0.18828002,0.377975959
PRKN,52.97156877,-0.031084047,0.086104805,0.188576014,NA
PPID,814.8923059,0.060086032,0.072509818,0.188808696,0.37896229
TRIM16,197.3366831,-0.054777347,0.086773079,0.188835277,NA
BRINP2,8.338241685,-0.012938066,0.082341193,0.188865707,NA
CDK20,124.7593655,0.044947925,0.088712085,0.189033079,NA
VWA5B1,9.014755545,-0.013876466,0.082495808,0.189064199,NA
CKLF-CMTM1,66.68435569,0.027478171,0.085284721,0.189117479,NA
RIMKLBP2,24.05332531,-0.025046697,0.084660444,0.189230677,NA
CYP2U1,207.3808297,0.057248688,0.08378831,0.189424405,0.380122882
CHRNA3,158.1137613,0.059951742,0.092281444,0.189428292,NA
ERLEC1,2320.859318,0.052131501,0.052551006,0.189601578,0.380372624
NHEJ1,262.3262244,0.044893464,0.088753822,0.189623852,0.380372624
EPCAM,16.91279495,0.017040644,0.083009466,0.189660332,NA
WTIP,334.1210643,0.045876095,0.088788591,0.189697183,0.38042396
LATS1,1012.369019,0.060121411,0.066494699,0.189748618,0.38042396
DERA,1022.109808,0.059544619,0.06938486,0.189793435,0.38042396
C6orf136,398.6211788,-0.06034012,0.077757485,0.189799454,0.38042396
C5orf58,21.85331151,0.021281085,0.083826102,0.189828438,NA
CCNI,5047.715509,0.055759024,0.054329279,0.189868883,0.380487939
DBR1,929.4787335,0.05606628,0.056807592,0.189911371,0.380497916
ZNF512B,1112.550239,-0.059873999,0.068612423,0.190097261,0.380795145
HSD11B2,21.59267363,-0.023236105,0.084251327,0.19010907,NA
MARK2P8,11.741664,-0.018641021,0.083306986,0.190173961,NA
TCF4,2122.852111,0.058809018,0.077241706,0.190175066,0.380875788
PAPOLG,552.4508006,-0.04588171,0.088644091,0.190266675,0.380939755
BBS4,501.9895339,0.05984859,0.076785414,0.190282112,0.380939755
DDIT4,1755.953732,0.053800231,0.087254815,0.190339135,0.380954923
ECM1,2415.374947,-0.060013229,0.078553944,0.190364798,0.380954923
RPL13AP26,34.70587482,-0.030560855,0.085979681,0.19036546,NA
DIDO1,2251.568675,-0.054727138,0.053224562,0.190429,0.38100824
OGFOD1,1048.918145,0.05707468,0.072487337,0.190571391,0.381217944
ZP3,21.09594024,0.02185548,0.083947387,0.190663073,NA
CNOT2,1505.807323,0.062922383,0.066761699,0.190767611,0.381517632
FAM200B,418.4189293,0.05783801,0.083509062,0.190825647,0.381517632
PIK3CB,957.9266359,-0.060145093,0.074067194,0.190834036,0.381517632
SYNJ2BP-COX16,38.04404526,-0.016696609,0.082952526,0.190895002,NA
PLEKHA8P1,47.87306088,0.033484653,0.086705657,0.190920784,NA
KHDRBS3,326.5531332,0.046832916,0.087438852,0.1910098,0.381735168
LRRC8C,2414.40033,0.051549606,0.047884212,0.191034222,0.381735168
EFCAB14,3644.093507,0.050097922,0.045976899,0.191055742,0.381735168
SIRPA,22997.29661,-0.042365661,0.03129127,0.191164155,0.381876563
MSANTD7,458.487224,0.059424282,0.078305771,0.191253921,0.38198066
ZBTB42,107.3012309,-0.042721578,0.0883878,0.191326046,NA
PPIH,643.4585789,0.057954571,0.062857516,0.191411163,0.382219455
TYMS,2271.801483,0.05694192,0.058510077,0.191555626,0.382408845
KMT5A,1358.633659,-0.058874563,0.064140859,0.191581403,0.382408845
SMARCA2,3896.637247,0.05839111,0.060856752,0.191627582,0.382425771
SLC24A2,30.45453874,-0.026219979,0.08492479,0.191857676,NA
EXTL3,1186.988813,-0.059139401,0.074496964,0.191976788,0.382920391
AP4M1,335.1591811,-0.059255417,0.085608408,0.191978161,0.382920391
SLC35D1,517.5059179,0.059749025,0.072129461,0.191988674,0.382920391
GLS,3068.60416,0.056435504,0.057617723,0.192052344,0.382972081
PTK2B,3165.799794,-0.058193291,0.063792202,0.192162324,0.383116079
RNF187,3832.364803,-0.056836038,0.059363695,0.192214897,0.383145591
CRISPLD2,32.47637644,-0.023940029,0.084378156,0.192296866,NA
SPC25,262.9895783,0.053760821,0.086718439,0.192482865,0.383566782
CHST10,225.659826,0.05223156,0.08639659,0.192501823,0.383566782
DNAJA3,1419.956445,-0.05813705,0.06283482,0.192562832,0.383612994
CLCNKA,31.06773804,-0.019348136,0.083428033,0.192603888,NA
TBCEL,618.5400529,0.059004972,0.067926916,0.192677738,0.383761606
MRPL30,748.6287891,0.061361586,0.073403851,0.192730914,0.383761606
FAM185A,108.8800025,0.041554109,0.088321902,0.192743034,NA
HIF1A,12360.64973,0.057565179,0.058473199,0.192777563,0.383761606
POLR1E,297.8719259,0.057283779,0.082986051,0.192788757,0.383761606
ARL6,81.77569838,0.029083804,0.085554587,0.192791562,NA
RCOR1,1846.725815,0.051095978,0.04768674,0.192935755,0.383908311
BPHL,275.3181835,-0.058062249,0.082007046,0.192938148,0.383908311
TLR2,4098.307074,0.062480973,0.075714652,0.193074821,0.384061955
ACOT9,1498.227631,0.055734445,0.056357263,0.193091085,0.384061955
PIGBOS1,225.3493794,0.056425083,0.083478943,0.193170674,0.384144936
HLA-F,1508.365669,-0.059567104,0.072896374,0.193402289,0.384530149
CNR1,54.08432829,0.026391848,0.084960716,0.193483436,NA
UBA6,1466.528327,0.053067462,0.082071991,0.193495914,0.384640907
ZMYND8,1869.507732,0.057389566,0.083650427,0.193613624,0.38479949
NAP1L4,1822.011764,0.056304733,0.057153767,0.193801048,0.385096538
PDHB,1772.662488,0.055411373,0.056881402,0.194113679,0.385586967
UPF3B,917.641494,0.058712701,0.078464499,0.19412388,0.385586967
ZDHHC4P1,13.41487905,-0.017536965,0.083077725,0.194194342,NA
GMDS,190.4668557,-0.053252342,0.085587568,0.194200757,NA
CAMK1D,2449.990005,0.049461386,0.045566266,0.194230257,0.385722734
WNT9B,7.619171934,0.014198411,0.082534608,0.194437653,NA
ACSF3,1407.964181,-0.058986734,0.069309633,0.194554038,0.386242803
OSBPL7,476.0128093,-0.046945912,0.088320276,0.194568289,0.386242803
UCN2,9.814241613,0.014550553,0.082585709,0.194571819,NA
ZIK1,115.2794738,-0.042687747,0.088214799,0.194792249,NA
ZNF566,182.4450304,0.044861259,0.088068442,0.194817276,NA
XRCC4,258.389812,0.055771613,0.084427869,0.194961226,0.38694711
DDX31,420.2840305,0.057829184,0.08041317,0.195052526,0.387052586
PGAM1,13051.81891,0.056598878,0.056322001,0.195157904,0.387185953
GLI4,334.1991994,-0.059627546,0.083294766,0.195231128,0.387255488
EOLA1,429.5750586,0.059307587,0.075355685,0.195350117,0.387402742
COL18A1,256.524095,-0.052848056,0.086498955,0.195392868,0.387402742
DGKH,652.1623364,0.057485028,0.081532807,0.195419936,0.387402742
INO80E,1821.014057,-0.056634608,0.058850952,0.195590302,0.387664717
GPT2,649.6271071,0.045705281,0.088300385,0.19584503,0.388093765
FAM133B,459.1573109,0.059103081,0.077261294,0.195895078,0.388117124
NIPAL4,67.3647214,-0.036982659,0.08725972,0.195930674,NA
DIS3L2,545.3745721,-0.058368096,0.065539432,0.195943339,0.388136932
CD101,1978.727267,-0.059072387,0.076023672,0.196163413,0.388497005
CEP41,250.8573561,0.052058223,0.087247627,0.196203164,0.388499882
ZNF385D,26.02691775,0.018857742,0.083286999,0.19622801,NA
PAFAH1B2,2306.836933,0.052334888,0.050639105,0.196269342,0.388555075
OXLD1,635.4054993,-0.059602204,0.073248462,0.196327398,0.38859417
SMIM12,1196.618104,0.055477489,0.056927808,0.196445356,0.388718834
KRBOX5,452.8916568,0.057193197,0.086126355,0.196467021,0.388718834
WASH5P,50.62001066,-0.027438476,0.085152711,0.196532304,NA
ZNF626,98.37700525,0.034182378,0.086646937,0.196815751,NA
SYNPO2L,11.13831427,-0.017259036,0.083015969,0.19684507,NA
CBX1,1439.615974,0.057623942,0.062809647,0.196887143,0.389474099
NOLC1,1367.825418,0.060125947,0.065605339,0.197201353,0.38995941
PMP22,3995.781108,0.052584455,0.050750653,0.197209363,0.38995941
OVCA2,991.7304146,-0.055891932,0.05769033,0.197401201,0.390262675
CMTM1,172.1060795,-0.048159963,0.087894752,0.197528968,NA
PLEKHH2,26.92346168,0.018643873,0.083236661,0.197683712,NA
CD99P1,74.2522447,-0.038227082,0.087423109,0.197757792,NA
ZNF121,461.0555499,0.058797565,0.076938314,0.197758648,0.39087437
PUS3,193.219896,0.05297175,0.086135955,0.197775157,NA
MAPKBP1,719.9392113,0.058149189,0.078452645,0.197796749,0.39087437
GSTM2,336.6556473,-0.057008747,0.082294745,0.197826204,0.39087437
CAMKK1,894.5143208,-0.058826287,0.069891518,0.198010888,0.391163087
ALDH9A1,1952.104271,0.055206982,0.056816386,0.198156691,0.391374898
BRMS1L,303.0964135,0.051427711,0.086072031,0.198203967,0.391392067
SLC3A1,10.36879407,0.014767742,0.0826018,0.198271931,NA
GTPBP1,1988.357089,-0.058613137,0.068387099,0.19829191,0.391489517
PABPC4,7611.437573,-0.054811627,0.05604631,0.198521474,0.391825235
COMMD9,2026.70703,-0.053209555,0.052243376,0.198539206,0.391825235
FLVCR1,280.5499222,0.03932376,0.087665433,0.198600444,0.39186985
ADGRG6,51.61536768,0.025729444,0.084707348,0.199039641,NA
SRD5A1,947.653923,0.058016525,0.066262485,0.199216923,0.39289351
TSEN34,443.8982986,-0.05861755,0.07304662,0.199218226,0.39289351
SP3,2398.935808,0.055069203,0.056499386,0.199235431,0.39289351
SMURF2P1,35.62240442,0.030066704,0.085698124,0.199273367,NA
SPATA6L,57.8256447,0.027721528,0.085145962,0.199377878,NA
LRRC4,549.3453855,-0.052664178,0.086141484,0.199396946,0.393135592
NBR1,3525.479709,0.048667897,0.042840654,0.19948077,0.393224433
ADTRP,48.03055847,0.030410542,0.085763116,0.19952977,NA
TSR1,1405.906508,0.053496893,0.051830907,0.199557138,0.393298544
PIEZO1,7333.558824,-0.057669718,0.064071904,0.199660241,0.393425308
SPSB2,259.2257971,-0.055902713,0.082841902,0.199899934,0.393762896
DNAAF10,252.1952032,0.055218923,0.084211069,0.199929085,0.393762896
TRIM65,1263.806187,-0.055119261,0.057166782,0.199948016,0.393762896
HMCN1,41.52449428,0.016876577,0.082925525,0.199948587,NA
DZIP1,36.80528503,0.019326876,0.083334759,0.199959329,NA
PITPNB,2444.249732,0.055733516,0.058477343,0.200113651,0.393957252
KIF13B,2686.660321,-0.05665615,0.060354329,0.200124381,0.393957252
KBTBD8,661.6139019,0.055009586,0.082367809,0.200304053,0.394234443
HCG9P5,16.10614222,-0.018309412,0.083176018,0.200339352,NA
FCGR2B,479.9000014,0.045733298,0.088062857,0.200378958,0.394305364
PRKAB1,714.0638545,-0.05868187,0.069731882,0.200547962,0.394494347
RGS12,6660.040699,-0.054830563,0.056612411,0.200552775,0.394494347
SMG1P4,21.72522565,0.017328485,0.083014348,0.200571126,NA
ZNF248,80.92926315,0.03239559,0.086098678,0.200599655,NA
TMEM238,68.56192279,-0.040598562,0.087608599,0.200752194,NA
ARPC4,8291.465724,0.041329963,0.040266339,0.200764509,0.394834272
LGI4,9.662927589,0.014084056,0.082487831,0.200792493,NA
DLK1,13.71504344,-0.012405255,0.082253346,0.200835325,NA
DDIAS,160.6450919,0.041096318,0.087341857,0.200883828,NA
HTATSF1P2,140.3614806,0.048164673,0.087378569,0.200931304,NA
PKMYT1,754.3403833,-0.058346556,0.069087348,0.201069057,0.395356565
USP4,2320.38274,0.054204247,0.054451152,0.201144891,0.395403001
COASY,1926.451771,-0.049371541,0.046530076,0.201170632,0.395403001
RNF167,2296.030133,-0.046758728,0.042836113,0.201277014,0.39543634
SCMH1,683.0493622,-0.057578574,0.065261375,0.201312341,0.39543634
WASF2,8911.979275,-0.041622158,0.036613124,0.201350429,0.39543634
MGMT,211.4024216,-0.054564499,0.083846107,0.201352558,0.39543634
APOBR,11178.24022,-0.056559717,0.059823059,0.201382505,0.39543634
MMACHC,161.9280788,0.034249302,0.086527891,0.201403684,NA
SEPTIN1,66.92205773,-0.038864486,0.087375202,0.201420701,NA
ZBTB37,618.8183542,0.05830154,0.079025244,0.201511455,0.395612967
NUBPL,180.3919818,-0.043608737,0.088006059,0.201528501,NA
GCDH,587.3760677,-0.057719644,0.07818743,0.201591108,0.395634273
SSU72,2807.121043,-0.048641084,0.045545629,0.201600311,0.395634273
DYNLT3,524.9840656,0.05893225,0.06677407,0.201654835,0.395664729
CCDC163,68.5197683,-0.032956767,0.086218743,0.201680807,NA
PCNX2,561.2679138,-0.051269076,0.086175188,0.201707211,0.39569096
FITM1,13.61848473,-0.019688818,0.083413655,0.201791855,NA
TMEM86A,3066.432626,-0.053427619,0.054988524,0.201822465,0.395840503
ADGRV1,170.055442,-0.054373066,0.084727105,0.201915033,NA
ALG10B,456.0817745,0.052419209,0.085307824,0.20194961,0.396013308
ZDHHC21,832.207466,0.057070934,0.079157541,0.202039026,0.396112076
PCSK1N,51.03358821,-0.032034352,0.086063105,0.202056194,NA
TMCO1,2088.296257,0.053811048,0.055630172,0.202140772,0.396234975
TLE4,1253.300136,-0.05827639,0.068312648,0.202199543,0.3962663
LRRC49,8.841185677,-0.012999106,0.08230385,0.202227896,NA
SERPINB6,3273.176172,0.049826772,0.047576484,0.202234881,0.3962663
PDPR2P,105.1043367,-0.044373489,0.08775821,0.202351881,NA
UTP20,497.0090194,0.058181554,0.073741411,0.202457359,0.3963534
GON7,510.1552352,0.059326271,0.067971844,0.202506386,0.3963534
RAB3GAP2,1744.200808,0.051907963,0.050872641,0.202542044,0.3963534
ADHFE1,34.8013285,-0.025399826,0.084575035,0.20255866,NA
DDOST,9173.153759,-0.040087658,0.035110287,0.202565926,0.3963534
KCNMA1,2686.062803,-0.053372926,0.053788856,0.202567424,0.3963534
RABGGTB,1985.50836,0.056112116,0.059958588,0.202591617,0.3963534
PIN4,507.265695,0.053987384,0.08411185,0.202591668,0.3963534
GTPBP2,4421.448276,-0.052237936,0.05169456,0.202591914,0.3963534
JOSD1,1788.187859,0.052833281,0.053053459,0.202657097,0.396404471
ZSCAN18,158.1908356,-0.047063045,0.087442757,0.202695174,NA
LAMA5,114.9764489,-0.029228628,0.085329893,0.202712879,NA
C11orf21,579.0546178,-0.05746365,0.078664678,0.202747621,0.396489865
OCSTAMP,153.626228,0.047558233,0.087750164,0.202774352,NA
RGPD2,16.12424427,0.011434075,0.082139273,0.202775763,NA
PSMG1,699.7245174,0.058000397,0.068811809,0.202778925,0.396489865
SYT4,17.20276031,-0.017624311,0.083044361,0.202787785,NA
FZD9,25.29242019,-0.024353161,0.084318977,0.202829887,NA
RPL13AP5,11.96285744,-0.016922704,0.082924245,0.202839654,NA
RPS6KA6,20.13887992,-0.023045852,0.084076011,0.20300872,NA
TET1,15.39716646,0.017104157,0.082960285,0.203107424,NA
RPS3,19353.20065,0.049182644,0.046198115,0.203289419,0.39728613
ATP11A,4755.13613,-0.058667513,0.07276417,0.203320512,0.39728613
WDSUB1,361.1620887,0.057564423,0.074388966,0.203337365,0.39728613
FBXO46,408.3826521,-0.056792348,0.081374705,0.203342822,0.39728613
SP4,117.2633307,-0.029912606,0.08551892,0.203445879,NA
TUBB3,434.4741326,0.054797478,0.083229438,0.203515138,0.397475744
PRIM2,206.0845965,0.054492844,0.083836974,0.203518239,0.397475744
DVL1,1075.165799,-0.059286652,0.074352172,0.203726146,0.397805203
SLC2A5,4168.550071,-0.057771389,0.07527766,0.203906589,0.39791911
MFSD3,497.1181499,-0.057744595,0.075871025,0.203919182,0.39791911
DDX60,2182.790265,0.057986185,0.078201484,0.203941169,0.39791911
ELK4,1282.621201,0.057168584,0.07757706,0.203941389,0.39791911
LAMA2,160.5869784,-0.04925525,0.087238763,0.203943712,NA
STYXL2,69.4940856,-0.038059433,0.087052189,0.203966072,NA
BRAP,895.6473609,0.057591236,0.068530384,0.203987283,0.397932116
CAB39L,784.6515974,0.056981082,0.078510329,0.204074926,0.398026544
GFOD1,1018.242052,0.05558055,0.059692349,0.204130717,0.398058822
MTG2,861.7809762,-0.058891933,0.069084057,0.204212041,0.398083622
PGGHG,432.1340545,-0.048153046,0.087279053,0.204238868,0.398083622
CX3CR1,1245.914845,-0.057959183,0.07246524,0.204310626,0.398083622
FANCA,800.7664767,-0.056871446,0.079497696,0.204370835,0.398083622
ERCC6L2,776.575837,0.057233954,0.065677663,0.204399995,0.398083622
EXT1,387.7950456,0.052979269,0.08184006,0.204435145,0.398083622
GLYCTK,525.1614167,-0.057616462,0.068335893,0.204441077,0.398083622
PIAS4,998.2922117,-0.052477864,0.06891238,0.204457381,0.398083622
PLA2G6,134.1353359,-0.032082096,0.085990824,0.20461144,NA
FEZ2,1258.876717,0.058109056,0.064414734,0.20462592,0.398335316
STX12,2139.813192,0.056438417,0.058344058,0.204718269,0.398399138
DCAF16,669.2592305,-0.056821219,0.076833021,0.204737254,0.398399138
ANXA2,41617.52459,0.054517494,0.057160403,0.204792123,0.398429478
ACSL6,10.55415925,0.014412416,0.082529329,0.205005873,NA
PGAM1P7,9.416391875,-0.015666743,0.082702684,0.205063167,NA
RILPL1,454.0593144,-0.057655351,0.075519877,0.205134755,0.39901955
ENTPD1,3028.043131,0.054380436,0.056847805,0.205319744,0.399208347
DERL1,2666.185143,-0.056588648,0.065620936,0.205348633,0.399208347
TMEM181,1351.832463,0.056809285,0.064799292,0.205349877,0.399208347
PACSIN2,4971.970471,0.043773238,0.038912761,0.205438653,0.399304406
FANCD2,630.0618419,0.046898736,0.087147493,0.205527782,0.399401116
CHORDC1,835.1536537,0.057515374,0.076501891,0.205573912,0.399414243
SPAG1,169.6557232,0.040451744,0.087299474,0.205656673,NA
COCH,77.69819182,-0.040659615,0.087361669,0.205666772,NA
PLCL2,731.8838748,0.056744089,0.064327062,0.205768749,0.399716236
QPRT,3055.132702,-0.056668478,0.070289421,0.205988706,0.400046505
RBBP5,631.6133239,0.05770799,0.067888009,0.20601764,0.400046505
POLG2,324.1282602,0.056782144,0.08118734,0.2060973,0.400049485
IL18BP,378.6752764,-0.05288163,0.084002706,0.206098049,0.400049485
CASP12,35.03503679,-0.02902459,0.085298956,0.206275739,NA
SLAMF6,23.62851015,0.023783459,0.084201817,0.206292361,NA
E2F8,323.0066043,0.053698791,0.082239765,0.206360758,0.400482787
ADAMTS2,17.92376562,-0.019399504,0.083296514,0.206437019,NA
ZNF789,266.9869201,-0.053142065,0.084681551,0.206756939,0.401103855
KAT6A,2055.800054,0.053921614,0.056112303,0.206769938,0.401103855
PECAM1,8358.201887,-0.055759228,0.060408753,0.206863118,0.401103855
GMFG,2125.675026,0.054507794,0.056584895,0.206870501,0.401103855
GGH,620.4855104,0.063141471,0.072460619,0.206878486,0.401103855
CACNG8,81.30069318,0.039634415,0.086800168,0.206917178,NA
ZNF763,47.66379422,-0.03109745,0.085710681,0.20696054,NA
FAM204A,852.7247965,0.056360416,0.069165327,0.206987775,0.401239058
RBMX2,444.3849513,0.057261049,0.070542691,0.207226048,0.401624195
CPLANE1,582.4712904,-0.057349791,0.07511797,0.207334163,0.401756972
JHY,87.31709569,-0.043425528,0.088043556,0.207359715,NA
SYNJ1,856.8805747,0.059828317,0.075324052,0.207448874,0.401902478
ARHGEF5,253.7808153,-0.045160237,0.087545096,0.207621472,0.402160055
JPH2,18.79800175,-0.021518882,0.083711194,0.207647642,NA
NIT1,687.191387,0.057332943,0.067270032,0.2077069,0.402248721
DRAXIN,44.71357646,-0.030291726,0.08554281,0.207743732,NA
PRDM8,12.67868771,-0.016695613,0.082859653,0.207829833,NA
PCBP1,10462.25646,-0.037656567,0.033097152,0.207847041,0.402372875
WDR62,577.0336264,-0.057459682,0.078089063,0.207850342,0.402372875
B4GALT2,491.8022001,-0.055292382,0.081112925,0.207908624,0.402376362
PTCD3,1164.462489,0.054129514,0.058612954,0.207950253,0.402376362
PGM1,461.8991056,-0.05710964,0.069039269,0.207996084,0.402376362
MRPL21,702.2175655,0.056410031,0.064495696,0.208010809,0.402376362
CCDC13,60.41142251,0.032902269,0.086030755,0.208037797,NA
RALGPS2,114.8346026,0.027618192,0.084957997,0.208056324,NA
COX17,642.936778,0.057171993,0.069909293,0.208191075,0.402611708
EDC3,948.8547373,-0.056363,0.06452127,0.208211851,0.402611708
SLC7A5P2,82.00005798,-0.036888432,0.086551189,0.208264591,NA
IGFBP7,51.11963881,-0.035324633,0.086524206,0.208427105,NA
ARMH1,86.18121929,-0.038747044,0.086982015,0.208545534,NA
ARMC2,64.49569424,0.031429501,0.085772462,0.208588044,NA
C1QTNF3,21.36702332,0.020096992,0.08342949,0.208681539,NA
FGD2,2812.725802,-0.056749554,0.066286599,0.208712405,0.403464764
RAB27A,492.1697354,0.052345942,0.084389275,0.208732559,0.403464764
ZMYM1,269.8766724,0.045743066,0.087219308,0.208810492,0.403470752
GBGT1,1235.651929,-0.057328588,0.063475242,0.208815206,0.403470752
LRRC37A6P,33.32455748,-0.025754706,0.084534755,0.208880306,NA
NBPF19,2372.294745,-0.055470475,0.062909193,0.208895838,0.403549683
YWHAE,9916.223926,0.05880214,0.055176251,0.209015327,0.403658956
SIPA1L2,1974.724265,-0.056996539,0.078868335,0.209031989,0.403658956
DLST,3421.833314,0.042792497,0.039018416,0.209127349,0.403757519
PRRC2A,9544.328783,-0.051944357,0.052846193,0.209162635,0.403757519
CDH23,629.8481787,-0.056232199,0.076758365,0.209258965,0.403775222
DPP3,2462.392244,-0.054010192,0.057207818,0.209265511,0.403775222
DSCC1,112.9771741,0.042331091,0.087656142,0.209281457,NA
SPATA2,392.8085258,-0.056636779,0.077906314,0.209322382,0.403775222
BACH1,3634.107058,0.050043327,0.048249941,0.20934216,0.403775222
ELP2,927.8274813,-0.052380412,0.084008783,0.209370827,0.403775222
OTOA,175.9838501,-0.04752241,0.086045526,0.209414267,NA
CDC23,904.5630416,0.057184481,0.069023182,0.209471768,0.403893104
ZEB1,50.06885693,0.022957038,0.083942567,0.209562126,NA
COX14,637.6356371,0.056095158,0.063817499,0.209569085,0.404003952
TTC21A,171.7947096,-0.040271492,0.087036472,0.209638985,NA
VCPKMT,184.9595675,0.04976065,0.085714853,0.209640136,NA
LAIR2,13.19710147,0.01730176,0.082955877,0.20974702,NA
NCOR1,4725.060214,0.055473098,0.059178813,0.209863868,0.404495359
MPV17L2,487.5753426,-0.056261623,0.077552584,0.209928004,0.404509432
STX5,1276.016643,-0.055814711,0.063071602,0.209974578,0.404509432
KBTBD11-OT1,13.77469285,-0.006253527,0.081649976,0.210014886,NA
CARM1,2207.8573,-0.049867349,0.049038678,0.210025643,0.404509432
DSC2,2498.236633,0.049466929,0.048390445,0.210048078,0.404509432
TNFRSF10C,248.5144012,-0.054029573,0.082328139,0.210070553,0.404509432
SGIP1,60.67510411,0.02273575,0.0839333,0.21008233,NA
GPR141,547.259817,-0.055832846,0.078734726,0.210123161,0.404533943
EPGN,12.34623692,-0.01551439,0.082649903,0.210182056,NA
LRRC45,407.1652844,-0.055096239,0.080920537,0.210239316,0.404680764
PCGF5,1439.863671,0.055021446,0.059962299,0.210338525,0.404757917
TARDBP,3383.343295,0.052270419,0.054015227,0.210359201,0.404757917
PRR22,41.26074941,-0.027623705,0.08488479,0.210453687,NA
ARSG,239.6469329,-0.054466517,0.081476497,0.21049067,0.404934071
MFSD9,410.633806,-0.048237305,0.086413672,0.21054607,0.404963848
GATAD2B,1609.185067,-0.052796991,0.08445896,0.210614194,0.405018082
ESPN,16.4512279,-0.014673101,0.082523873,0.210679952,NA
ULK2,997.6323774,-0.05700009,0.072048103,0.210776149,0.405252701
ABCC2,17.85043486,0.017810703,0.083007403,0.210786158,NA
CTTN,2100.909878,-0.054684799,0.059878679,0.210876798,0.405369384
TASP1,139.6732014,0.046438108,0.086441292,0.211267775,NA
CLEC2D,417.1245099,0.057463916,0.07513906,0.211284214,0.405953556
SPAG7,1653.743072,0.049470702,0.048362211,0.21130006,0.405953556
TNFRSF11A,2172.094333,0.058009807,0.070604354,0.211300747,0.405953556
LSM7,856.4122916,-0.055563297,0.065826212,0.211379805,0.406028544
PCGF3,1424.012288,-0.057039085,0.069974967,0.211449557,0.406085631
VAPA,3145.48596,0.049984747,0.049135406,0.211584994,0.40614197
ZMYND19,569.3669063,-0.057597081,0.074712893,0.211634853,0.40614197
SMAD7,3692.834919,-0.056581587,0.069970204,0.211635155,0.40614197
SNIP1,468.6200297,-0.049409293,0.084742114,0.211639043,0.40614197
TFDP1,2251.602392,0.053321872,0.05725699,0.211701698,0.406177157
WDR74,768.3020808,-0.055183182,0.059084605,0.211767379,0.406177157
ZNF143,475.6422386,0.054483307,0.080710301,0.211805619,0.406177157
SMC1A,3954.82424,-0.055872319,0.064153757,0.211817544,0.406177157
S100PBP,666.6562774,-0.056328853,0.066424294,0.211904876,0.406267826
NAB1,899.171912,0.056672597,0.072782237,0.212025664,0.406422588
PKD1P6,252.394152,-0.048173987,0.086511383,0.212123764,0.406515878
ELAC1,237.2428187,0.058434311,0.08993325,0.212154481,0.406515878
INTS7,503.077549,0.056774225,0.077014298,0.212214421,0.406553935
HCCS,823.2827743,0.056691134,0.07515547,0.212362658,0.406761104
GIMAP7,18.51808129,-0.021053519,0.083583206,0.212366617,NA
RPS11,21316.86913,0.050739355,0.04859509,0.212432686,0.40681842
CTTNBP2NL,1237.668604,0.052674076,0.05460203,0.212523644,0.40690214
YTHDF2,1964.02136,0.048269867,0.049197141,0.212556629,0.40690214
KIAA1328,199.6707432,-0.052165149,0.083382653,0.212646245,NA
VSTM4,18.14177942,0.017550758,0.082957195,0.212781427,NA
BMS1,1523.833777,0.04911762,0.048300101,0.212784837,0.407262148
PRKAG2,916.0903265,0.055297731,0.062288936,0.213147383,0.40787909
NME1-NME2,64.86416885,0.025073882,0.084384864,0.213175137,NA
TMEM160,433.4290441,-0.056479846,0.073043673,0.213238948,0.407889721
SUPT7L,1469.78182,-0.048668593,0.047673184,0.213273293,0.407889721
RING1,1968.572814,-0.048734301,0.047766353,0.213276973,0.407889721
SLC35B1,1097.346377,-0.056360798,0.070504732,0.213313778,0.407889721
RPP38,325.8958727,0.055853447,0.078929781,0.213661627,0.408390128
SIRT1,984.3575132,0.056284654,0.067848801,0.213665655,0.408390128
CSF2RB,2813.966095,-0.051206986,0.052293353,0.213742738,0.408390128
PRIMPOL,221.5894004,-0.044162531,0.086799906,0.213750223,0.408390128
CDIP1,1054.869594,-0.054007446,0.062304286,0.213776772,0.408390128
USP51,139.8807485,0.049028795,0.085503184,0.213811415,NA
MORC2,1063.105448,-0.056613953,0.068083082,0.213823994,0.408403425
FAU,4268.009741,0.051961495,0.055843298,0.213945076,0.408557765
ARHGAP27P2,42.16338767,-0.027895069,0.084900776,0.21404249,NA
LONRF3,491.0162514,-0.056410852,0.071299972,0.214096719,0.408770397
PRPF4,1109.17419,0.054439938,0.05882241,0.214170929,0.408835134
MST1P2,19.90227622,-0.017629927,0.082970395,0.214186405,NA
FAM3C2P,169.3426808,0.045132244,0.086654171,0.214206619,NA
RASL10A,471.2518389,-0.05642927,0.074042775,0.214227458,0.408861139
TLR4,4334.702529,0.051776065,0.053530677,0.214265163,0.408861139
ALG2,1190.390487,0.055029695,0.062454846,0.214337473,0.408922197
VAMP1,296.1712297,-0.05386394,0.081056811,0.214382321,0.40893085
ZNF470,197.0128139,0.051671515,0.08393173,0.214403117,NA
TMEM177,97.41966727,0.042174056,0.086848869,0.214491759,NA
CAPZB,8808.246168,-0.049689149,0.048182603,0.214554343,0.409182037
ACOX2,111.0223444,0.038194423,0.086671175,0.214598474,NA
DENND11,3391.983398,0.048483384,0.046787184,0.214653244,0.409293705
ERMN,43.07913047,-0.020936029,0.08352693,0.214654422,NA
ETNK1,3477.30099,0.054875076,0.060215651,0.214765224,0.409357085
HLA-DRA,3709.552867,-0.05653342,0.073896391,0.214767193,0.409357085
CACNA1G,16.68644376,-0.016766176,0.082816398,0.214821793,NA
SLC7A6OS,894.836135,0.054804776,0.061458426,0.214854419,0.409446408
HESX1,87.38027429,0.032810586,0.085820964,0.21489315,NA
INKA2,376.46601,0.047915335,0.085899622,0.214923511,0.409465229
PARS2,204.6155884,-0.052033199,0.083595631,0.214949234,0.409465229
RRAD,38.02562358,-0.027737949,0.084871766,0.214970708,NA
LAPTM5,83720.17459,-0.048934091,0.045501372,0.214988412,0.409465229
CDC27,1789.408121,0.053728637,0.075302631,0.215025757,0.409465229
GSG1,17.47519833,0.018152941,0.083054554,0.215083436,NA
ANO10,482.1895134,-0.055915413,0.07572918,0.215203074,0.409725973
PPIB,7052.12027,0.053392309,0.058077338,0.215478037,0.410172492
ZNF428,934.3370062,-0.054917008,0.06186699,0.215615994,0.410325486
WRNIP1,1085.155293,0.054617054,0.063523793,0.215667102,0.410325486
DCDC1,31.79382958,0.023207754,0.08398853,0.215687127,NA
SLFN5,5061.234156,0.059603503,0.065056056,0.215742665,0.410325486
RAB4B,921.8924142,-0.053202202,0.057189846,0.215746009,0.410325486
MAVS,4777.166122,-0.048529648,0.047762629,0.215760661,0.410325486
FBXO24,27.68532439,0.025002672,0.084349011,0.215764636,NA
LRRCC1,125.1953806,0.046416631,0.08663344,0.215859357,NA
LAGE3,636.2224301,-0.0567128,0.071510301,0.215910881,0.410534205
TMC4,60.35847061,-0.032825737,0.085774197,0.216117125,NA
PRAP1,16.28537182,-0.020196529,0.08340336,0.216142996,NA
OSBPL1A,1928.471738,0.052460422,0.055264418,0.216249488,0.411056123
LAMC1,2688.329615,0.057278097,0.072235642,0.216266417,0.411056123
SHOC1,59.88795738,0.031012258,0.085454235,0.216310138,NA
WASHC3,368.7699395,0.055311128,0.077129525,0.216313096,0.411067824
GNS,13139.77517,0.042327979,0.041266272,0.216361274,0.411082368
WBP2NL,8.63781116,0.011630025,0.082120076,0.216482908,NA
FFAR4,1831.498967,-0.053199693,0.084103476,0.216499167,0.411267332
RPL3,23977.6826,0.041835805,0.03800876,0.21657246,0.41129891
HOXB7,385.4476542,0.054932887,0.077289935,0.216596883,0.41129891
ZFHX2,293.2946769,-0.047853078,0.085678728,0.216689881,0.411398494
CHRND,9.792883052,-0.009685322,0.081894194,0.216991918,NA
CACUL1,3014.055845,-0.051066443,0.052744132,0.217048371,0.412001998
USP24,2460.446301,0.050599215,0.052888624,0.217223526,0.412257333
ASB8,855.1690745,-0.056162583,0.070968176,0.2172948,0.412315461
CCL23,17.76894884,0.019863957,0.083336379,0.217298485,NA
LIME1,180.7930412,-0.038310104,0.0865151,0.21746945,NA
ZNF731P,480.0233437,0.056116052,0.071336742,0.217527853,0.412654743
YEATS2,2043.08758,0.054716606,0.061608055,0.217554965,0.412654743
SEC24C,3895.19605,-0.043159066,0.040191437,0.217713543,0.412878328
SDHA,4575.559411,-0.042976472,0.040999356,0.217816552,0.412996468
RSRC1,706.0484817,0.055153441,0.064552545,0.217863749,0.413006911
ZGRF1,224.0655918,0.04478857,0.086377283,0.217947991,0.413006911
SIGLEC16,719.3556565,-0.054891168,0.065273868,0.217952079,0.413006911
ACTR1A,3875.434674,-0.041246382,0.037460158,0.217984918,0.413006911
MTO1,671.0437445,0.055654201,0.069326709,0.218039423,0.413033036
KCNG4,10.33709325,0.014660045,0.082506955,0.218120324,NA
CENPL,272.5724803,0.050648655,0.083817245,0.218146118,0.413157995
ADGRE3,11.66557236,0.014376169,0.082462714,0.218173501,NA
MC1R,254.5590943,-0.050176181,0.084736535,0.218206224,0.413194687
ENPP2,661.1296628,0.055473844,0.072454106,0.218293715,0.413283211
TRIM71,7.954947898,0.012837936,0.082269335,0.218316567,NA
MRPL43,1212.511722,-0.053050299,0.057789057,0.218335016,0.41328427
PER3,630.8285572,-0.047892975,0.084169713,0.218385575,0.41330285
ALG13,801.5151878,0.0497987,0.084357557,0.218631178,0.41369048
KDM6A,951.1821432,0.051440441,0.053831337,0.218699941,0.413743417
PGBD1,134.2271038,0.044087205,0.086338621,0.218705527,NA
GSK3A,2411.777817,-0.054519747,0.06269988,0.218827706,0.413890248
CS,4400.095486,0.045484519,0.043521373,0.218859157,0.413890248
BCS1L,509.9802746,-0.055352896,0.074592481,0.218923812,0.413925506
RIDA,211.244723,0.049502015,0.085014164,0.218959411,0.413925506
FBLN2,31.07803955,-0.021655204,0.083620685,0.219014402,NA
DTX2P1,170.6994556,-0.046321968,0.085672607,0.219041053,NA
PYCARD,3143.241124,-0.048817927,0.049009565,0.219071201,0.414002255
RAB18,1396.722121,0.05568425,0.070613543,0.219099082,0.414002255
SLC10A3,838.1174379,-0.055462552,0.06734757,0.219122448,0.414002255
USP21,603.1812016,-0.054624546,0.063078074,0.219173362,0.414021337
C15orf39,822.3037371,-0.055593324,0.076143897,0.219223451,0.414038854
LRCH3,1432.683275,-0.048638448,0.084981089,0.21928651,0.414064941
POM121B,27.2735227,-0.024692877,0.084216912,0.219294259,NA
PHOSPHO1,563.3394109,-0.050672187,0.084089684,0.219318901,0.414064941
TBCB,1717.659564,-0.052096286,0.055378545,0.219456943,0.414235527
RPL36,3984.78363,0.051199391,0.054297833,0.219490927,0.414235527
AKNA,2806.264744,-0.052502974,0.057382865,0.219591867,0.414274471
EIF5A,10366.36697,0.056064127,0.057507833,0.21959324,0.414274471
PLA2R1,14.88400142,0.018453925,0.083085512,0.219669307,NA
CPT1C,14.50072693,-0.014434664,0.082448331,0.219733596,NA
A1BG,404.3224914,-0.054625421,0.077773105,0.219778089,0.414546101
ADNP,2463.680821,0.053747267,0.053657232,0.219822302,0.414552413
SRPK3,49.33317238,-0.025711145,0.084324263,0.219904537,NA
CSF2RA,725.334828,-0.055424233,0.072529032,0.219909397,0.414639577
FHIP1B,708.1338801,-0.055233297,0.070905464,0.220068691,0.414758117
SMARCA5,3270.718629,0.054981092,0.071607607,0.220074555,0.414758117
BMT2,999.1674544,0.051914614,0.081804682,0.220094928,0.414758117
EMB,61.1558667,0.035855323,0.086163233,0.220234144,NA
CYTH4,7082.153695,-0.048815427,0.049716251,0.220273222,0.415017007
EFNA3,34.70768265,-0.02404427,0.084018222,0.220280758,NA
MADCAM1,41.40615852,-0.021067478,0.083504,0.220345546,NA
PTN,9.435609117,0.012712633,0.082242478,0.220384925,NA
C1orf159,350.0440795,-0.054306843,0.077750654,0.220503391,0.415373518
KCNJ11,6.76189567,-0.011104091,0.082046056,0.220546061,NA
ALYREF,1743.400879,0.051423286,0.053806239,0.220581794,0.415444062
SCART1,52.80105135,0.032255663,0.085610618,0.220585238,NA
TMT1A,2205.785998,-0.054851946,0.077345951,0.220718809,0.415624948
MYCL,37.59903922,-0.028759003,0.084935098,0.220925993,NA
TMEM204,6.239390977,-0.011835441,0.082132333,0.220933278,NA
EXD2,727.3275405,0.054445823,0.06334489,0.220965923,0.415806564
ANO8,817.5779628,-0.054802621,0.076756189,0.22099264,0.415806564
TCAIM,987.0811422,0.055103734,0.067629223,0.220998951,0.415806564
DOCK10,8405.978231,0.052295489,0.066979601,0.221034711,0.415806564
CUTA,1979.035171,-0.052140094,0.05636727,0.221038329,0.415806564
OR2W3,7.167980985,-0.013730774,0.082373868,0.221042695,NA
DNAAF2,267.9081819,0.056333587,0.078961725,0.2211141,0.415806564
RUVBL2,1303.325015,-0.05260482,0.057559856,0.22113602,0.415806564
ARG2,534.8541512,0.053215694,0.079826878,0.22114318,0.415806564
PSMC3IP,175.0381498,0.050873208,0.083086592,0.2211748,NA
UBE2Q2P1,25.972999,0.022095523,0.083662095,0.221215434,NA
SLC35E2B,2664.788564,-0.052574507,0.05790234,0.221260747,0.415950523
ADPRS,1520.980969,-0.053440254,0.060024193,0.22135504,0.41605068
ACTR3B,104.3921756,-0.039401253,0.086236299,0.221418718,NA
SMG1P2,213.1384858,0.045488863,0.085808151,0.22148374,0.416215462
ZNF80,16.69864092,-0.019517353,0.083236149,0.221523991,NA
LRRC47,1517.975865,-0.054949217,0.067189121,0.221553072,0.416268635
EIF3K,2698.18469,0.052977538,0.058841003,0.221632481,0.416340719
ECE1,312.0134559,0.053703594,0.077048209,0.221698355,0.416387356
RPL23AP42,3190.856488,0.055633866,0.065134024,0.221900871,0.416582284
CHAMP1,680.5967282,0.052803635,0.08050489,0.221903482,0.416582284
KATNA1,422.6596109,0.053287071,0.070077395,0.221925342,0.416582284
GMCL1,426.8873881,0.04719821,0.084458107,0.221968526,0.416586258
CASP9,437.1505545,-0.054895061,0.067448316,0.222172121,0.41689123
XK,44.18321877,0.029521367,0.08497946,0.22221192,NA
CDCA5,787.4503406,-0.054559883,0.065709165,0.222252443,0.416964819
CHD1L,1891.146762,0.048186485,0.048935424,0.222358556,0.417086759
NPR1,7.774802642,0.010958992,0.082028743,0.222499136,NA
MRPS22,898.2549622,0.054459988,0.064719215,0.222592508,0.417408114
NUP153,1831.287606,0.050134068,0.051805125,0.222612174,0.417408114
MRPL11,698.3419922,0.05491667,0.070754305,0.222725366,0.417543173
HES1,43.61683694,-0.030246512,0.085147604,0.222851014,NA
TNFSF10,309.4856944,0.042332602,0.086238383,0.222889874,0.417713947
VCPIP1,1513.805329,0.053849332,0.056726971,0.222898816,0.417713947
ZDHHC23,21.79226917,-0.018186853,0.082987317,0.223087976,NA
DRC12,45.70939857,-0.030325711,0.085150071,0.223463675,NA
PBDC1,1275.991185,0.054627566,0.067603843,0.223473404,0.418713374
POLR3B,394.2121431,0.048547308,0.084079163,0.223557437,0.418793469
CRNKL1,985.834084,0.055018116,0.071274611,0.223673004,0.418932598
DYRK4,1407.445197,-0.051135676,0.05469729,0.223795357,0.419084382
IFNLR1,910.7567432,-0.05165416,0.081063942,0.223894893,0.419193391
STAG3L4,39.71839845,-0.029721688,0.085041424,0.224021487,NA
SHCBP1,1002.011929,0.054654618,0.072899194,0.224151855,0.419597051
MTBP,125.5023006,0.034118535,0.085675402,0.224195581,NA
ITPR2,5087.709784,0.052946759,0.059066551,0.224256623,0.419715716
SELENOF,5231.446819,0.054409507,0.053122359,0.224330872,0.41977723
MTCO2P12,13.90211807,-0.018076531,0.082982515,0.224335553,NA
CDKN2AIPNL,349.929155,0.054336822,0.075383355,0.224446544,0.41991622
MRTFA,2770.629509,-0.053986892,0.062923749,0.224611636,0.420147601
SLC35F6,1898.476196,-0.049713395,0.051825792,0.22469478,0.420225636
ABLIM1,11.72749324,-0.010875811,0.082001591,0.224881511,NA
RXFP4,13.80078527,0.016136162,0.082690539,0.225032358,NA
MSRB3,12.17269076,0.014257226,0.0824009,0.225244083,NA
LINGO1,20.6419037,-0.017909403,0.082945812,0.225337491,NA
TFAP2C,118.6470096,-0.043961711,0.0859377,0.225351598,NA
MNAT1,161.1323951,0.038117226,0.085889167,0.225568153,NA
NOX5,26.57627318,0.024465444,0.084074896,0.225678221,NA
TRPV2,6112.579423,-0.048694559,0.051442742,0.225753204,0.422127281
CCER2,8.702516045,-0.013912862,0.082375386,0.225841608,NA
SAMD3,8.026916261,-0.012313543,0.082173136,0.225932937,NA
RHOA,16991.80671,0.048604848,0.051098066,0.225940815,0.422400225
SWI5,131.8524921,-0.045550421,0.085446683,0.22600722,NA
CIR1,1190.147594,0.054116382,0.070479423,0.226007861,0.422447714
VAV2,780.9911302,0.053103874,0.061313427,0.226049896,0.422448442
GPRC5B,124.8442925,-0.03334617,0.085515379,0.226259902,NA
PDE4DIPP2,211.924631,-0.048308885,0.08410316,0.226389756,0.423005651
CADM4,31.05564467,-0.020853589,0.083373389,0.226549161,NA
RAB8B,1940.587727,0.054775734,0.069903042,0.226569074,0.423262741
ARID2,832.8040487,0.052113022,0.080109189,0.226665657,0.423365204
SSRP1,3161.570472,0.044618742,0.043469473,0.226885136,0.423697132
ARK2C,9.119689752,0.012897718,0.082246436,0.226916331,NA
FAXDC2,631.4338003,-0.058027165,0.076080082,0.226949534,0.423701894
PIGK,747.6575404,0.052580363,0.079059154,0.226971224,0.423701894
CDH12P2,16.19946935,0.017570837,0.082893824,0.227026695,NA
TRAC,59.20556523,0.033452794,0.085599421,0.227128536,NA
C8orf34,14.76530331,-0.017085122,0.082809595,0.227323922,NA
RPSA2,610.4079448,-0.053635221,0.063705416,0.22735061,0.424332031
SBSPON,20.62487079,-0.021419038,0.083501428,0.227455092,NA
RPL35P2,7.371607586,0.012796252,0.082232131,0.227492444,NA
MYO6,2651.221918,-0.053197816,0.061270482,0.227506334,0.424459874
MARCHF7,2294.007465,0.052981744,0.0598014,0.227525375,0.424459874
CHMP4B,6630.550565,0.041696101,0.043102935,0.227544637,0.424459874
PMPCA,2204.605756,-0.053900197,0.067693489,0.227630038,0.424537084
TMCO4,473.0537349,-0.053652994,0.06465704,0.227708653,0.424537084
MBNL1,4557.189219,0.045246031,0.042686939,0.227719208,0.424537084
NPIPB2,318.6304412,-0.051988093,0.08092955,0.227753432,0.424537084
PLCD4,23.57192474,0.020496602,0.083353819,0.227783546,NA
EXOC1,1332.347238,0.055103913,0.068026541,0.227868191,0.424672961
UQCR10,1475.502086,0.053328035,0.05649498,0.227996092,0.424833276
PPP1CC,3761.511566,0.050109864,0.053256808,0.228231696,0.425194184
LUC7L3,3134.680586,0.056679502,0.064021552,0.228315665,0.425236743
SYCP3,24.52566193,-0.022750922,0.083711656,0.228316137,NA
JAK1,3730.244911,-0.050202534,0.052482559,0.228338381,0.425236743
UGT3A1,9.720991773,-0.0142468,0.082381419,0.228357655,NA
TBC1D19,43.6973031,0.027545421,0.084554457,0.228617443,NA
RBM15B,2258.259464,-0.048682446,0.050683407,0.22866009,0.425757701
ZNF853,12.27439689,-0.016175944,0.082660068,0.228702661,NA
PARP4,5793.530904,0.04859858,0.050909871,0.228768863,0.425827596
EXOC8,696.2507611,0.05341366,0.06241765,0.228781585,0.425827596
SAMD8,1017.806557,0.053861917,0.073796182,0.228859534,0.42583171
RDH14,478.4004167,0.054134418,0.068537664,0.228867753,0.42583171
SMAGP,69.13353708,0.030555764,0.085043586,0.22897039,NA
FOXM1,1481.417266,-0.053610268,0.061636214,0.228993669,0.425987856
NFYB,460.890601,0.052291841,0.078027493,0.229047528,0.426009924
MGAT4C,15.70780454,0.014354509,0.08241104,0.229109196,NA
CNR2,13.45937724,-0.015431588,0.082553106,0.229141683,NA
KCTD3,570.7161082,0.050644943,0.08178402,0.229373667,0.426471406
CKS2,864.8573026,0.053824463,0.067085814,0.229417472,0.426471406
CXXC5,4496.56542,-0.044315915,0.043596652,0.229421773,0.426471406
RASAL1,45.95426712,-0.02811693,0.084589605,0.229442301,NA
IFI27L1,153.1304261,-0.047929231,0.083907524,0.229522401,NA
DUSP1,784.4321397,-0.053852672,0.072332103,0.229770261,0.427040955
DUSP12,572.6724139,0.052967668,0.06227573,0.229837428,0.427053562
THBD,417.496526,0.053690752,0.081600854,0.22987738,0.427053562
CSTF1,847.8131478,0.053485098,0.064819462,0.229920981,0.427053562
ZNF783,748.7798087,-0.054185457,0.070380394,0.229945441,0.427053562
MEIS1,26.48685429,0.016529551,0.082677288,0.229950409,NA
BMP8A,73.53227717,-0.039282712,0.086101734,0.229998374,NA
GAL,835.9586182,0.052307833,0.07529119,0.230194888,0.427438577
SLC25A6,16948.76149,-0.040025662,0.037218563,0.230299994,0.427555479
LSM3,880.1828148,0.052650085,0.060440888,0.230590859,0.42801714
ALKBH2,127.5305857,0.046114103,0.084793605,0.230658602,NA
SARM1,168.6969244,-0.030382719,0.084947803,0.23070706,NA
CPNE3,1469.407803,0.055135245,0.066086629,0.230731195,0.428199276
ILRUN,3806.90331,0.049976938,0.053549405,0.230805605,0.428259019
SYNC,199.2360471,0.03733315,0.085743118,0.230936751,NA
GNB1L,159.0545093,-0.046133867,0.084942731,0.230947743,NA
TWF2,8964.256115,-0.036934479,0.034840196,0.230989366,0.428505415
KCNJ2,1245.197467,-0.053780698,0.069989629,0.23102756,0.428505415
KCTD2,1259.496451,-0.049258427,0.05238958,0.231065124,0.428505415
UFSP1,27.0021974,-0.022512407,0.083645918,0.23120182,NA
DRG1,1138.875854,0.049258736,0.051807013,0.231377719,0.428968997
SNX32,60.59528432,-0.033730961,0.085415746,0.231410724,NA
ZNF767P,49.46674343,-0.027012066,0.084451404,0.231447218,NA
FAM50B,113.7655212,-0.041542984,0.085768674,0.231448395,NA
GTF3C2,2388.351027,-0.051131572,0.056563362,0.231517057,0.428968997
FKBP15,7820.798532,-0.047837369,0.048597962,0.231577535,0.428968997
GTF2H2,582.4971086,0.04955987,0.079382353,0.231590478,0.428968997
DTNB,778.1521851,-0.053549826,0.075802568,0.231602294,0.428968997
WBP11,2461.980962,0.051926711,0.077234592,0.231606811,0.428968997
PUF60,2599.667034,-0.045542895,0.045944815,0.231611119,0.428968997
TMEM191B,54.31530861,-0.026658666,0.084337723,0.231752254,NA
MRPL9,994.9063912,0.053424745,0.065334905,0.231819665,0.429276868
MORN4,98.40211351,0.035535791,0.085534281,0.23187618,NA
ZNF843,30.10889937,-0.024983882,0.084053756,0.231976512,NA
SLC18A1,9.974063956,-0.012669212,0.082181062,0.232095361,NA
CD1A,59.27307633,0.030243848,0.084946933,0.232193986,NA
HARBI1,147.4749297,-0.045180196,0.084706209,0.232290665,NA
ACHE,14.85561048,0.018126484,0.082924725,0.232336533,NA
KEAP1,2310.670156,-0.044400693,0.043984817,0.232351372,0.430182938
KCNC1,7.1201987,-0.010859937,0.081990472,0.232463423,NA
DEPDC7,80.80697512,0.035838023,0.085630382,0.232490632,NA
HAAO,357.0466455,-0.052901809,0.076333882,0.232497692,0.43037529
PDE11A,20.52762286,-0.018893267,0.083022191,0.232605136,NA
RUBCN,2114.301549,-0.046859117,0.048068727,0.232709667,0.430669588
CASS4,222.8238947,0.049437944,0.085038012,0.232764018,0.430669588
TM9SF3,6438.425574,0.047481859,0.049283354,0.232784045,0.430669588
PSMD12,1571.543049,0.053504925,0.068845391,0.232833494,0.430682524
STYXL1,553.4056474,0.053175233,0.066517601,0.232908356,0.430724998
CCNB1,1537.224867,0.052060047,0.058889609,0.232941378,0.430724998
IRAG2,674.379331,0.053538476,0.075067745,0.233031799,0.430813663
FTCDNL1,114.2699889,0.040378092,0.08591714,0.233220576,NA
IFT57,148.7494021,0.041281458,0.085645636,0.233233429,NA
SUGP1,997.5037288,-0.053334603,0.071094891,0.233235019,0.431110792
SREBF1,3533.891477,-0.054210725,0.073834106,0.233372618,0.431253052
RPL32P29,25.63896712,0.023304068,0.083776211,0.233414287,NA
KCNQ1,440.6933566,-0.048328348,0.08338319,0.233426875,0.431253052
OXSR1,1332.289292,0.052989473,0.06469616,0.233477395,0.431253052
RRAGA,1376.640242,0.051681712,0.055132358,0.233523474,0.431253052
PEAK1,1782.588614,-0.052486937,0.074569623,0.233555161,0.431253052
CPSF1P1,375.0682097,-0.051419662,0.08005575,0.23359183,0.431253052
ARMCX4,227.9479074,0.039633231,0.085812388,0.233609574,0.431253052
ASTE1,173.3965615,0.046164612,0.084216972,0.23368039,NA
NINJ1,3604.60657,-0.05291782,0.064006571,0.233783355,0.431425248
TMEM219,2159.230917,-0.047936455,0.050156279,0.233796464,0.431425248
HEYL,18.31971177,-0.018383067,0.082971599,0.233829907,NA
L3MBTL1,302.3987427,-0.045899916,0.084259957,0.233830443,0.431425248
COL28A1,9.86237133,-0.01210765,0.082124451,0.233868716,NA
CFL1,28922.01065,-0.045293733,0.045946404,0.234223236,0.432071377
SLC15A2,97.13921445,0.029686325,0.084746349,0.234406569,NA
EIF2S2P1,10.81669416,0.014416237,0.082407454,0.234593457,NA
ADGB,74.44153873,0.035969941,0.085554268,0.234625371,NA
IL23A,32.65598326,-0.024279052,0.083902898,0.234742053,NA
VSIR,2152.434064,-0.052415205,0.077652122,0.234787172,0.432922046
TCF19,1128.269522,0.05276343,0.062580773,0.234816823,0.432922046
TFCP2L1,524.7855108,-0.042804157,0.085303951,0.234827752,0.432922046
GPR183,728.299483,0.051969381,0.07846305,0.234855089,0.432922046
HSBP1L1,61.921891,-0.034538779,0.085350844,0.234909876,NA
PDE6B,193.8465073,-0.040549973,0.084936477,0.234953547,NA
DNAJC27,179.1643316,0.039421794,0.085372449,0.235157413,NA
CCDC162P,122.9918198,0.041512108,0.08546835,0.235256903,NA
UQCC6,226.0372365,0.051179958,0.079937321,0.235304536,0.433671732
RAD52,293.5836876,0.045572596,0.084313445,0.235460216,0.433812665
RUSC1,896.7219324,-0.053170388,0.068854404,0.235476462,0.433812665
MBLAC2,179.7563264,0.048295766,0.083095799,0.235479283,NA
PSME3IP1,1945.975289,0.054133404,0.062444819,0.235509301,0.433812665
MIF4GD,845.6479156,-0.053824986,0.066821618,0.235753356,0.434183377
FGL1,1285.544676,0.051058498,0.057325296,0.235813369,0.434215069
PRICKLE1,44.50204131,-0.025125911,0.084002096,0.235920095,NA
YIPF4,2435.744355,0.046401507,0.052203632,0.235934779,0.434359783
FAM217B,609.9751428,0.055249014,0.079537417,0.235979948,0.434364107
SMAD1,290.7315203,-0.050100919,0.081229325,0.236069398,0.434449923
TIMD4,56.99354672,0.031388341,0.085003482,0.236189709,NA
DUSP3,4361.907145,-0.043303025,0.04277539,0.236202675,0.43461635
CRMP1,50.30529139,-0.02993986,0.084756796,0.236205506,NA
PGF,94.21229643,-0.041454456,0.085277533,0.23629512,NA
HEATR4,20.37032216,-0.019274777,0.083030588,0.236305939,NA
ZNF678,107.8975176,-0.037455298,0.085418034,0.236319402,NA
ZDHHC18,1370.929997,-0.053229807,0.071316703,0.236360668,0.434828186
NREP,376.9165315,0.052985178,0.075988079,0.236486419,0.434980641
FAM72C,76.11907806,0.024127999,0.083866585,0.236507788,NA
STK17B,390.6710981,0.046335811,0.083908444,0.236674686,0.435248008
EP400P1,149.78949,-0.040265195,0.085295156,0.236799544,NA
ARHGEF9,729.4200385,0.052953756,0.07357902,0.236980251,0.435730954
LPO,9.101878464,-0.012730314,0.082178529,0.237113225,NA
BRD2,7385.255266,-0.050790102,0.056283205,0.237156766,0.435976483
KDM5B,1162.73419,-0.050514718,0.056620298,0.237230826,0.436022956
EIF3L,5397.137083,0.048050645,0.051919942,0.237268012,0.436022956
TRIP13,333.2860924,0.047781707,0.08261583,0.23748587,0.436344261
FBXW8,457.2157305,0.052923249,0.071937752,0.237678834,0.436619719
TPCN1,2318.960228,-0.052941692,0.064968886,0.237736408,0.436632894
JUN,4400.453232,-0.049219768,0.053659727,0.237824955,0.436632894
NKAPD1,818.6460354,0.048055733,0.084468404,0.23785506,0.436632894
ANXA4,3634.23753,-0.043897747,0.044069188,0.237858179,0.436632894
LHX2,256.6805595,0.047918736,0.082534271,0.237977203,0.436772345
H4C3,9.048660342,0.01092773,0.081993471,0.238001434,NA
GCN1,4369.252002,-0.052936035,0.067741497,0.238173665,0.437053845
ANAPC7,1553.277453,0.047421393,0.049786939,0.238287176,0.437183056
MUL1,1419.240395,-0.048595259,0.052784664,0.238398524,0.437307646
SERPINE1,1342.482779,0.051580043,0.062148507,0.238447544,0.437307646
ELOVL1,3204.437741,-0.044671902,0.045170457,0.238516021,0.437307646
ACAD8,1284.653832,-0.050282101,0.056766631,0.238527524,0.437307646
USP5,2733.035511,-0.05140272,0.059153132,0.238638051,0.437431224
WASF1,90.19381714,-0.033279568,0.085116305,0.238716041,NA
PDE10A,22.23093219,-0.021516801,0.083415801,0.238720783,NA
LSM6,1053.461015,0.053989756,0.072180749,0.238725674,0.437469988
PLEKHG4,313.9784128,-0.044993631,0.084360431,0.238745451,0.437469988
COA8,588.715412,0.052951265,0.069032267,0.238980272,0.43779982
EIF2AK1,3481.773868,0.050618119,0.053120556,0.239023634,0.43779982
NPHP3-ACAD11,39.74643501,-0.006595815,0.081647527,0.239085509,NA
TAF9,1059.035096,0.052788274,0.068250067,0.239097941,0.43779982
GADD45G,534.1727774,-0.052815926,0.073858535,0.239107811,0.43779982
MTHFS,480.8033551,0.050384122,0.079313653,0.239186099,0.43779982
ZBTB5,378.5918973,0.052443348,0.071875529,0.239267935,0.43779982
IL17RA,7529.932578,-0.05116011,0.069047396,0.239337164,0.43779982
FANCC,223.8007708,0.047029926,0.082926242,0.239356683,0.43779982
NUTM2B,37.19288644,-0.024764068,0.08390895,0.239360213,NA
GCH1,300.2053491,0.043019641,0.084733337,0.239409754,0.43779982
CERS4,345.7850873,-0.051717504,0.076220148,0.239434953,0.43779982
ZNF346,344.1099905,-0.04750852,0.082779255,0.239444979,0.43779982
KIAA1191,2024.439663,0.044540897,0.045293365,0.239465441,0.43779982
PIP4P1,1642.688522,-0.04778939,0.05321525,0.239486514,0.43779982
SLFN14,25.21648394,-0.021826595,0.083447838,0.239499396,NA
DDIT3,1309.497397,0.056222248,0.062639139,0.239541212,0.437820911
CDKL1,173.4491744,0.026945197,0.08424235,0.239569533,NA
DMXL1,2318.22533,0.050641295,0.083059278,0.239730107,0.437998813
SMIM19,508.1783597,0.052231259,0.073981872,0.239755165,0.437998813
RACK1,15391.58127,-0.046955797,0.049756378,0.239768081,0.437998813
TOX4,1822.341404,-0.047214973,0.04864654,0.239859519,0.438066931
MRPL36,324.8766533,0.051278632,0.077533796,0.239933692,0.438066931
STMN1,4146.831536,0.055498967,0.068518789,0.239934924,0.438066931
TRPA1,35.77963283,0.021472305,0.083396095,0.239937024,NA
SNX33,1210.62242,-0.052038918,0.064092654,0.240315147,0.438682176
OR7G2,9.536204516,0.014044696,0.082331854,0.240321908,NA
ZNF555,125.2334968,-0.03317617,0.084949039,0.240355263,NA
IQANK1,28.48342895,0.018253359,0.082878102,0.240371684,NA
BDH1,434.3649153,-0.049413313,0.080448116,0.24045383,0.438856361
RPS15,7854.701544,-0.043945566,0.046065459,0.24051719,0.438893034
TVP23B,813.0943199,0.052579686,0.065695991,0.240561142,0.438894284
TATDN2P3,29.90612833,0.023773239,0.083772849,0.240581417,NA
CORO6,47.11868406,-0.021805355,0.083367152,0.240667182,NA
RPS19,12347.14599,-0.047727517,0.050737808,0.24088108,0.439398971
ZNF542P,165.2882267,0.042121359,0.085292508,0.240906272,NA
TFIP11,1324.301202,0.051918351,0.064246609,0.241019387,0.439572216
RNF175,93.08291542,0.035527048,0.085182256,0.241068345,NA
TPM4P2,15.7972484,0.016885041,0.0827111,0.241177214,NA
RBM18,843.3654779,0.055572029,0.072630287,0.241181047,0.439787982
SP140,153.0226215,0.033360461,0.084988463,0.241202037,NA
POLM,500.8885859,-0.045468869,0.082547234,0.241349301,0.439951113
RASGRP2,99.99853021,-0.03242013,0.084909103,0.241355808,NA
S1PR1,276.5371638,-0.03729409,0.084830696,0.24135725,0.439951113
ELOCP19,14.99755643,0.018109144,0.08286993,0.241411836,NA
PITPNM3,343.818376,-0.035547409,0.085198836,0.241484843,0.440104608
AFAP1L1,261.7677785,0.047478387,0.082139183,0.241539592,0.440125314
NOX4,15.03868622,-0.016187379,0.082588745,0.2415539,NA
LIMS2,22.14324305,-0.021259295,0.083308169,0.241558506,NA
RBM41,748.182101,0.052469624,0.067416524,0.24176966,0.440460664
NEURL2,292.7041043,-0.04985827,0.079863696,0.241823059,0.440460664
ORC5,409.8285719,0.046621218,0.082771999,0.241853894,0.440460664
NNAT,44.92675195,-0.025854365,0.084033465,0.241921219,NA
TEN1-CDK3,246.8969863,-0.043895625,0.084160596,0.242123638,0.440872767
SMIM20,495.9959648,0.050757375,0.074302738,0.242172917,0.440883357
GAREM2,41.91286257,0.015751904,0.082540478,0.242226189,NA
SLF2,1840.254048,0.050035766,0.056915653,0.242467696,0.441340805
B4GALNT2,327.4242865,0.048228879,0.081108784,0.242535904,0.441385757
QTRT2,873.3549202,0.05000391,0.067189604,0.242596469,0.441416785
FYCO1,1179.952434,0.050263487,0.057737495,0.242680545,0.441490575
CAMLG,1074.596698,0.052163556,0.070567329,0.242763953,0.441563123
SRSF9P1,14.7219085,-0.017064327,0.082699844,0.242806053,NA
NAMPTP1,37.84062869,0.023695045,0.083699062,0.242821295,NA
GDPGP1,220.3519399,-0.04750558,0.081920756,0.242873488,0.441683159
SRRD,531.7873481,0.052292939,0.076806147,0.242922695,0.441693461
CLIP4,1950.573989,0.051445952,0.062287714,0.242984129,0.441725986
SDHAP1,649.2208179,-0.047612506,0.075076822,0.243240853,0.442053502
TMEM106C,673.4553044,0.052133152,0.069913868,0.243251444,0.442053502
ACSM5,517.5734918,-0.049305277,0.079573923,0.243386314,0.442185264
PATL2,268.5543335,-0.050785467,0.077536969,0.243412698,0.442185264
AGPS,2859.660855,0.042282204,0.045439764,0.243454722,0.442185264
RPL39L,69.18009224,0.035268777,0.085037774,0.243607763,NA
ZNF823,119.1116789,0.037041882,0.085059496,0.243930623,NA
ANKRD36,613.3388158,0.051985112,0.069540884,0.243941928,0.442786949
MYL5,703.9460574,-0.051449099,0.073869343,0.243951273,0.442786949
RPN1,7005.912472,-0.041729192,0.040725577,0.244004851,0.442786949
PER1,801.4997107,-0.028780199,0.084399457,0.244016496,0.442786949
POT1,410.9969449,0.046867652,0.082327902,0.2440204,0.442786949
STOM,4347.404608,0.040601578,0.039928137,0.244047894,0.442786949
TXNL4A,1665.099961,0.050828866,0.058693414,0.244163023,0.442916614
MTRFR,524.3068695,-0.052036552,0.068625706,0.244436906,0.443334163
SPDYE11,15.2453312,0.004408666,0.081531941,0.244459017,NA
SPDYE9,15.2453312,0.004408666,0.081531941,0.244459017,NA
BAZ2A,3859.49001,-0.051771659,0.065723453,0.244500153,0.443346673
FOXP1,926.4903398,0.050823639,0.060128595,0.244539685,0.443346673
SEC24B,1260.948499,0.047380782,0.051023831,0.244574919,0.443346673
RGS8,11.40501323,0.013369234,0.08223147,0.244602378,NA
STK26,216.3988628,0.046399659,0.082755048,0.244640474,0.443386272
ZNF714,432.4125979,0.053036103,0.07097971,0.244736056,0.443448331
ATP6AP2,12181.18068,0.037510098,0.036580203,0.244762146,0.443448331
MRPS17,230.2189232,0.047662308,0.081486993,0.244822737,0.443478901
AVPR2,30.17627232,0.02283965,0.083569929,0.244908736,NA
BRD9,1226.561099,-0.050239928,0.058634188,0.244911818,0.443561058
LRRC4B,24.43528995,-0.021373908,0.083315999,0.244961385,NA
EMC9,440.2620205,-0.051845351,0.068746489,0.2451826,0.443972205
TMEM216,144.2100479,0.043630937,0.083891034,0.245446329,NA
INTS11,1923.323384,-0.047484515,0.051783415,0.245450502,0.444342849
SFT2D2,3837.543848,0.048918959,0.054920544,0.245474894,0.444342849
CCDC102A,31.86496206,-0.023489566,0.083627972,0.245541422,NA
CLDN3,12.67777093,-0.015718425,0.082519345,0.245594401,NA
ERI3,693.4369366,-0.052110673,0.0677668,0.245688206,0.444594785
DPM1,835.7529685,0.051723387,0.070837687,0.245701732,0.444594785
SOD3,25.42060375,-0.023298655,0.083582926,0.245740751,NA
P3H3,87.98563399,-0.031639711,0.084686916,0.245749757,NA
SGCB,230.3299112,0.039000697,0.084887199,0.245974688,0.444886019
SLC17A5,2370.675895,0.046369594,0.049504797,0.245976251,0.444886019
DRG2,800.9139166,-0.051412895,0.065477921,0.245994251,0.444886019
TBX19,162.6004444,-0.042214357,0.083993424,0.246015276,NA
TATDN2P2,105.1497448,-0.039244451,0.084886764,0.246062549,NA
TRIOBP,2300.240911,-0.049725615,0.058519962,0.246109304,0.444942564
PBLD,193.1127401,-0.048406236,0.080464365,0.246130985,NA
MDM2,2930.91282,0.055533286,0.066923116,0.246153393,0.444942564
HEMK1,611.9654875,-0.051645626,0.066300176,0.246157104,0.444942564
POGLUT2,87.62405369,0.038157493,0.085206191,0.246198106,NA
R3HCC1L,816.5825275,0.050406223,0.060181999,0.246336005,0.445078723
PCDHA11,50.25126645,0.026136984,0.084014981,0.246374388,NA
CHRNG,8.188801786,-0.013069431,0.082194517,0.246385376,NA
TAF1,1269.177187,0.046412874,0.08066207,0.246387721,0.445078723
FAM193A,1276.648503,-0.049270998,0.056770054,0.24638775,0.445078723
AQP7,11.20571355,-0.01258175,0.082124919,0.246400155,NA
ZZZ3,1235.76767,0.051431791,0.067205289,0.246416258,0.445078723
PIGW,347.3055763,0.049181604,0.076008365,0.246451813,0.445078723
ZFAND3,2921.637462,-0.049298313,0.056884832,0.246571271,0.445215196
KYNU,2259.981394,0.051930747,0.063433341,0.246669192,0.445312739
CUX2,14.23656821,-0.018133256,0.082834652,0.246741957,NA
LTA4H,31609.81219,-0.044710422,0.046228106,0.246748509,0.445376668
ARL14EP,478.502856,0.045252753,0.082917362,0.246878945,0.445525621
EVC2,45.44798218,-0.027320999,0.084149677,0.246968253,NA
PLCG1,1349.359729,0.051220739,0.063919635,0.246987458,0.445525621
HLA-B,52099.20713,-0.050244697,0.060045312,0.247015416,0.445525621
ZBED1,1309.553182,-0.049403968,0.05736163,0.247025891,0.445525621
ATP1B3,6730.626876,0.052954277,0.060731423,0.247050633,0.445525621
COLGALT2,58.88189128,0.031035206,0.084680687,0.247142854,NA
MIEF1,2494.084252,-0.043788857,0.045284987,0.247214093,0.445741158
CFAP263,44.19675325,0.02415729,0.083711403,0.247267078,NA
ACOX1,3314.269767,-0.048027658,0.054210513,0.247368658,0.445940585
JRKL,257.3184269,0.049323641,0.077107738,0.247419291,0.44595261
ITGB4,16.11951766,-0.012381874,0.082115067,0.247558799,NA
COMMD10,575.7379787,0.051410618,0.071588135,0.247596256,0.446090147
GYG1,1517.853246,0.050931705,0.053946079,0.247602405,0.446090147
RNF2,510.8762157,0.051513784,0.068728357,0.247627526,0.446090147
TBC1D30,293.9419558,0.039846495,0.084637373,0.247676322,0.44609883
GOLGA8A,1968.430333,-0.051604608,0.066522238,0.247869545,0.446291008
IFIT3,6100.152598,0.036306674,0.086704472,0.247871012,0.446291008
SENP1,466.0277863,0.049099676,0.078296167,0.2479933,0.446389103
BNIP3,380.7387644,0.051191659,0.071481177,0.248064082,0.446389103
CEP43,642.6510052,0.050894465,0.073841332,0.248097195,0.446389103
UBE2J2,1705.536224,-0.047289509,0.052245494,0.248101514,0.446389103
IGHMBP2,621.9917694,-0.045796987,0.082621351,0.248175316,0.446442703
DRAM1,3196.167527,0.052437686,0.068989843,0.248340626,0.44666087
SOWAHC,1036.241911,0.050701973,0.061331789,0.248401602,0.44669134
RNF152,9.251464381,0.007614545,0.08168953,0.248421745,NA
MRPL58,432.4753526,0.052380448,0.074494441,0.248525075,0.446813638
SNX5,3460.247864,0.052891891,0.060628513,0.248574305,0.446813638
DNAJC11,2384.315026,-0.05297884,0.069265297,0.248601752,0.446813638
FBLN1,94.68639396,-0.035577596,0.084368671,0.248756711,NA
PRPSAP1,800.09778,-0.050494176,0.067706696,0.248897378,0.447265722
LAMB1,89.84114431,-0.027548795,0.084129996,0.248984648,NA
RGPD8,549.5452459,0.053251527,0.080278137,0.249345286,0.447991248
UCK2,1008.934996,0.049315507,0.078827418,0.249509897,0.448207614
ASCC2,1903.594454,-0.051079307,0.063936301,0.249573858,0.448243133
GPR37L1,27.12761355,-0.017094522,0.082667246,0.249598907,NA
OTOAP1,37.66544474,-0.019102495,0.082942068,0.249651086,NA
TSPAN19,15.94239362,0.016700299,0.082602831,0.249690199,NA
RGL1,1203.357489,0.049775848,0.059219138,0.249774803,0.448524625
GLRX3,1631.90163,0.047959332,0.053810984,0.249867811,0.448574319
CALHM3,26.83870846,-0.023227546,0.083447995,0.249868966,NA
PRKDC,4452.876409,0.047835158,0.053493986,0.249890918,0.448574319
PEAK3,74.13301515,-0.034666553,0.085247025,0.249895644,NA
OAZ1,20580.939,0.035780853,0.034070016,0.250068561,0.448793345
GNL2,1494.304089,0.050643862,0.069294249,0.250106637,0.448793345
APBB3,891.1982493,-0.05024249,0.07624317,0.250164591,0.448793345
MAP3K7CL,29.87878936,-0.02075971,0.083052831,0.25016657,NA
GDAP1,317.0454097,0.049263338,0.078126298,0.250189902,0.448793345
NSUN7,153.9464103,0.032381232,0.084701168,0.250241936,NA
TSNARE1,244.339699,-0.04402675,0.082219589,0.250280377,0.448876263
PLSCR1,4886.624439,0.051041935,0.071864209,0.250342218,0.448907807
TMEM235,9.109572562,0.009685704,0.081859764,0.250411428,NA
PDLIM4,1709.979225,-0.05024258,0.061923721,0.250545502,0.449192926
PGGT1B,1119.128469,0.048107317,0.077270926,0.250798979,0.449514322
CD33,1068.793681,0.04979995,0.060714888,0.250813393,0.449514322
RAP2C,2014.971849,0.044023425,0.05281557,0.250892163,0.449576065
TSTD1,12.17572523,0.015195429,0.082428317,0.251139055,NA
SNCA,2074.461838,0.054312871,0.063138455,0.251278393,0.450153285
ARID1B,2637.092522,-0.050218279,0.063533942,0.251362368,0.450153285
COL8A2,2171.330383,-0.051418143,0.066839421,0.251409648,0.450153285
TSPYL1,2432.528051,-0.044061234,0.046405747,0.251451948,0.450153285
RFWD3,1076.185519,-0.050138598,0.061133696,0.25147105,0.450153285
WDR3,668.649667,0.0489382,0.079528695,0.251500435,0.450153285
DCBLD1,427.9972702,0.046498196,0.08138103,0.251525931,0.450153285
TOPBP1,1505.71071,0.052029422,0.063686628,0.2515693,0.450153285
TOR3A,2552.554614,-0.043324611,0.045275574,0.251842122,0.450561991
B9D1,46.97857935,-0.028448201,0.084163076,0.251965402,NA
CBFA2T3,55.92758622,-0.017580203,0.082702724,0.251985148,NA
CMPK2,2630.216116,0.035308294,0.083901467,0.252018327,0.450797726
PFDN6,751.5892305,0.050621645,0.065429264,0.252090901,0.450848042
THAP4,953.294504,-0.049738011,0.059924302,0.252322918,0.451183444
FOXD4L5,8.914095231,-0.011713368,0.082034913,0.252454151,NA
KLHL22,455.8719932,-0.050831894,0.070559362,0.252578199,0.451515143
PARVA,391.649599,0.04073672,0.08425267,0.25259744,0.451515143
ACE2,13.08889625,0.015637103,0.082471372,0.252762193,NA
IFIT1,5906.632698,0.029912079,0.084369234,0.252764758,0.45173462
CDC25B,2284.683422,-0.048738626,0.058439556,0.252842786,0.451794472
NLGN2,55.33798703,-0.027795435,0.084129614,0.252865038,NA
PRMT1,2789.284896,-0.045062234,0.04773228,0.252914421,0.451842883
ZMAT1,172.1864191,0.046907776,0.080801671,0.252915609,NA
FCGR2A,3930.499023,0.050516777,0.058716378,0.253051086,0.452007434
WHRN,127.3690029,-0.032878865,0.084492694,0.253093541,NA
SUN1,854.7944777,0.049299095,0.07689267,0.253156143,0.452115478
SNRNP40,817.8425571,0.050140751,0.064149574,0.253311167,0.452285309
GPATCH2,346.4841297,0.047210145,0.079963224,0.253375753,0.452285309
HLA-DPA1,841.2352709,-0.049805172,0.075971929,0.253384997,0.452285309
IL21R,1599.909284,-0.046180638,0.080674292,0.253646525,0.452643269
LAPTM4A,6214.922212,0.04284886,0.045579532,0.253674782,0.452643269
LDHD,73.46758837,-0.031378184,0.084475365,0.253759766,NA
CHD1,1551.218166,0.050807978,0.067421966,0.253782189,0.45275528
FCRL6,100.8969992,-0.037905212,0.084452101,0.25383224,NA
UBE2Q2P13,7.52041715,0.010838632,0.081947069,0.253951048,NA
ISL2,14.1534085,-0.014960146,0.082373463,0.254020318,NA
GPATCH3,741.648406,-0.050016506,0.061974234,0.254039667,0.453134935
SURF6,1297.630156,-0.047816332,0.054764513,0.254103221,0.453168614
CDKN2B,648.7640383,-0.050484899,0.065593614,0.254299024,0.453438091
LRRN4,11.58612857,0.015336198,0.082426378,0.254301324,NA
GOT2,2409.008048,0.04799102,0.054795241,0.25436655,0.453478785
FANCB,76.39793007,0.031738503,0.084469814,0.254372018,NA
MYOZ1,1232.841332,-0.049595596,0.062147426,0.254413423,0.453482651
GTF2H2C_2,367.2375474,0.046106849,0.081463612,0.254491725,0.453542526
FABP4,66.14393429,0.0265873,0.083918534,0.254531686,NA
CD27,118.7058623,-0.039172734,0.084179227,0.254559859,NA
SLC12A2,506.2969276,0.047701757,0.079236535,0.254708613,0.453774219
QRICH2,58.86174037,-0.024394567,0.083598396,0.254712601,NA
TTC39B,585.6797349,0.049068348,0.076651893,0.254754757,0.453774219
ARHGAP9,3505.375221,-0.050609885,0.066120836,0.254755933,0.453774219
PKM,60858.12093,-0.049561701,0.064198257,0.254874489,0.453905692
TUBB2A,1046.139302,0.049686604,0.061889751,0.255007195,0.454062312
FZD4,37.5368139,-0.025586169,0.08374573,0.255311377,NA
TDRD7,1069.411404,0.050500031,0.069593993,0.255371786,0.454631695
ZNRF2P2,24.90749919,-0.022096458,0.083300234,0.255426663,NA
PHTF2,1936.030414,0.045451395,0.052291398,0.255450952,0.454664612
CLCN1,30.95785211,-0.022701127,0.083341936,0.255472379,NA
CCSER2,905.0526954,0.049194973,0.071360866,0.255479918,0.454664612
GLIPR1,3687.601447,0.055565003,0.062353404,0.25560714,0.454750275
NOPCHAP1,699.7787991,0.04939411,0.075487524,0.255617712,0.454750275
C1orf74,142.3323762,0.043382385,0.082822187,0.255678423,NA
RNF138,639.4493651,-0.041113415,0.083274632,0.255792624,0.454981654
LRRC1,30.13646139,-0.022542728,0.083304321,0.255833957,NA
SLC38A2,8995.176753,0.045369011,0.049630053,0.255862312,0.455025823
TRIM46,114.6084499,-0.032443807,0.084389407,0.256053124,NA
PLIN2,5731.018951,-0.049343596,0.074063719,0.256071573,0.455249662
BLOC1S5,547.784105,0.050331339,0.071423852,0.256077935,0.455249662
PIGR,157.0437914,-0.036963371,0.084401951,0.256089939,NA
UBE2A,2494.667637,0.042180525,0.043684912,0.256136462,0.455264975
PTPN9,3267.819712,0.050596533,0.064564419,0.256188189,0.455264975
PPME1,748.0849441,-0.049488677,0.060955804,0.256221189,0.455264975
ACOT4,105.9682337,-0.03672174,0.084363439,0.256335628,NA
DPF2,1400.164642,0.050336046,0.065238748,0.256356925,0.455350614
PTRH2,477.7083505,0.049583129,0.074731915,0.256359164,0.455350614
GPR137C,105.1210054,-0.035189796,0.085194457,0.256371843,NA
KIRREL1,277.003734,-0.044530721,0.082132076,0.256447548,0.455427859
BLMH,1164.981442,-0.049334764,0.062024258,0.256557753,0.45545876
PHPT1,1875.567895,-0.044172963,0.047188516,0.256740464,0.45545876
COA6,569.0190111,0.050222887,0.071593123,0.256752014,0.45545876
GNAL,42.4406044,-0.026577148,0.083825988,0.256760894,NA
CENPC,480.1413964,0.047661121,0.075922825,0.25678065,0.45545876
LY6G5C,71.57393664,-0.034882729,0.084489586,0.2567848,NA
NOM1,1079.726234,-0.048732562,0.057987525,0.256794804,0.45545876
LINS1,329.3671124,-0.047555848,0.076957749,0.256848417,0.45545876
PIK3R3,286.2935911,0.048389578,0.080065802,0.256855287,0.45545876
RNPEP,4928.289437,-0.039197494,0.039635319,0.25688845,0.45545876
RALGPS1,74.83833492,0.030125744,0.08423789,0.256888533,NA
TINF2,1351.939911,0.049185654,0.059746035,0.256890185,0.45545876
TDRD9,257.657545,-0.040291749,0.084003015,0.256913942,0.45545876
PCDHGB4,155.9847948,-0.044256625,0.082210083,0.256922365,NA
CNN3,30.75492201,-0.024539629,0.083577223,0.257018809,NA
SEC22A,269.2982229,0.0425472,0.083109693,0.257114148,0.455734041
TREML2,64.06476287,0.02966,0.084246831,0.257131212,NA
NAE1,512.8209404,0.051075496,0.068391292,0.257172119,0.455757158
CCNT1,859.2937865,0.0496393,0.068316547,0.257228845,0.455778062
SEMA6A,69.64998577,-0.028291222,0.084045941,0.257302117,NA
DGCR6L,854.2593989,-0.047248355,0.055219416,0.257354018,0.455920217
TEKTIP1,534.4653512,-0.050047016,0.072433366,0.257400462,0.455922872
MAGOHB,181.2787676,0.043691479,0.082620616,0.257477738,NA
CSDE1,13984.56845,0.046397922,0.0499998,0.25748044,0.455984913
MOB3A,1306.474882,-0.050286289,0.069799474,0.257566366,0.455990288
AMOT,106.5178745,-0.034807261,0.084507403,0.25756756,NA
KIF20A,881.5575642,-0.04907679,0.059857584,0.257573379,0.455990288
ZNF8,238.1209899,-0.048137136,0.078528078,0.257691489,0.45611978
DACT3,127.3591108,-0.041926046,0.083300067,0.257723119,NA
CHFR,2534.855842,-0.043328424,0.046247104,0.257765732,0.456171595
C1orf115,36.46889608,-0.026599573,0.083837009,0.257787866,NA
SEC61G,920.5510669,0.051026119,0.07372502,0.257850383,0.456193866
CDA,23.17447697,0.019987164,0.08299093,0.257854721,NA
GFM2,647.3242405,0.046152646,0.075930191,0.25786826,0.456193866
C16orf46,8.209855414,-0.010726542,0.081918656,0.25792464,NA
PIM2,213.8131716,-0.046497551,0.080433311,0.257992403,0.456333903
MOBP,10.57614171,-0.014275826,0.082279605,0.258084422,NA
KCNIP2,118.3899919,-0.039689173,0.083904035,0.25815633,NA
ADORA1,567.5753972,-0.049076443,0.07577788,0.258176569,0.456551349
MT-ND6,99476.41152,-0.049937285,0.064585834,0.258205352,0.456551349
BTN2A1,1161.68906,-0.048846516,0.059542946,0.258324074,0.456566385
PCDHGA10,538.4066034,-0.049464804,0.076639013,0.258346515,0.456566385
AKR1C1,8.706963819,-0.010390139,0.081872921,0.258418054,NA
HINFP,697.6700509,-0.050652803,0.068074786,0.258420443,0.456566385
LMBR1,540.3119117,0.053891558,0.077994159,0.258454042,0.456566385
SIMC1,327.6759072,0.049733902,0.071123871,0.25847009,0.456566385
ANKLE1,110.980608,-0.033355233,0.084363687,0.258527215,NA
TANC2,1325.961444,-0.048386156,0.075421617,0.258548498,0.456566385
PRDX1,12150.59812,0.046369435,0.049577472,0.258601363,0.456566385
TRIB1,1396.222826,0.050259207,0.071714907,0.25864801,0.456566385
KIFAP3,357.2466457,0.049803043,0.07291889,0.258663481,0.456566385
ARHGAP15,353.7375284,0.048562697,0.076953109,0.258663941,0.456566385
SNRNP27,615.9314415,0.049824142,0.072331158,0.258741179,0.456623264
NRIP2,85.9806271,-0.034112353,0.084315721,0.258767876,NA
PTCH1,148.4474117,-0.030324637,0.08412519,0.258857882,NA
METRN,97.99246819,-0.031090335,0.084266451,0.2590123,NA
CAPN2,2558.341805,0.049967349,0.06665079,0.259162188,0.4572867
CGRRF1,233.4583627,0.041424603,0.083195879,0.259292957,0.457437871
RASGRF1,96.51183265,0.031038075,0.084170053,0.259297397,NA
RPP21,309.3532957,-0.04918308,0.074533534,0.25937205,0.457470725
IFT140,447.7408787,-0.044661579,0.081073166,0.259401775,0.457470725
ZFP69B,80.63391707,0.036931702,0.084271259,0.259415325,NA
SPACA9,62.18851895,-0.025215313,0.083635605,0.259417488,NA
TXNDC16,233.2876928,0.039579441,0.083829532,0.259569986,0.457687804
NELFE,1250.176463,-0.047795073,0.056225519,0.25967007,0.457784705
ZNF225,200.7113555,0.044668814,0.081594679,0.259853325,NA
LAMP3,53.63030345,-0.026613736,0.083766055,0.259959309,NA
OR2A5,23.4933164,-0.011019655,0.081915127,0.260249339,NA
THAP11,1017.071031,-0.049014179,0.061382022,0.260407567,0.458917238
BFAR,1548.998461,0.045892135,0.052070603,0.260456298,0.458917238
XXYLT1,427.9325492,-0.049691451,0.072006652,0.260457828,0.458917238
REV1,656.5266941,0.049890644,0.072027952,0.26049344,0.458917238
RNA5SP283,63.27767461,-0.029684518,0.08409322,0.260560726,NA
SYK,8397.212908,-0.042442467,0.044791618,0.260627388,0.459033666
CMKLR1,3089.182314,-0.050481896,0.064836436,0.260650031,0.459033666
L3MBTL4,46.04310894,0.02653127,0.083719322,0.260836062,NA
PRELID1,3279.926548,-0.04812837,0.057532645,0.260861078,0.459325598
RPL6P8,7.161204248,-0.01077215,0.081920612,0.260985022,NA
RAB15,82.37061857,-0.034814025,0.084340675,0.261030631,NA
RBMX,3256.92718,0.039501643,0.040044804,0.261117883,0.459697988
TMEM249,9.264292043,-0.009665528,0.081829065,0.261197112,NA
AXIN2,10.15820952,-0.014673106,0.082305218,0.26124168,NA
GCNT2,155.7342995,0.036498414,0.08405539,0.261258739,NA
CLNK,8.494665921,-0.011605997,0.081982517,0.261375659,NA
SRFBP1,410.6154181,0.049533699,0.073283445,0.261390169,0.460097497
WASHC4,4649.471181,0.047491096,0.056134316,0.26156814,0.460304751
ZNF184,195.6810569,0.041419637,0.083118576,0.261578173,NA
HDDC2,819.6214763,0.049243151,0.062538956,0.261598668,0.460304751
RPL41,21731.79016,0.049899093,0.052910354,0.261665898,0.460343196
EDNRA,12.34829726,-0.013872987,0.082202913,0.261993163,NA
S100A11,15258.67671,0.049242332,0.054883035,0.261994068,0.460840614
MXD3,428.0167535,-0.04493131,0.079695982,0.262044272,0.460849011
CHRNE,16.30632232,-0.018705226,0.082780326,0.26216909,NA
PAPLN,1296.763386,-0.049825079,0.070264917,0.262319526,0.461253124
AIM2,9.149013164,-0.013717923,0.082203688,0.262465545,NA
CYP4A22,10.09210044,-0.014299478,0.082270511,0.262574241,NA
PWWP2A,702.7539856,0.049284163,0.062746982,0.262606667,0.461627866
TEX14,13.11161232,-0.01202128,0.081992019,0.262619547,NA
LITAF,9910.112238,-0.038757183,0.039034586,0.262623661,0.461627866
SNAPC1,182.6337875,0.046371894,0.082002966,0.262629968,NA
ZNF485,55.19830023,0.026977463,0.083795076,0.263015857,NA
GNL1,1863.671388,-0.047987505,0.058333159,0.263109855,0.462402351
REP15,39.97348299,0.02567996,0.083631206,0.263111172,NA
ANGPTL6,237.1243158,-0.035891974,0.084883682,0.263188842,0.462461045
GAPDHS,70.29304756,-0.033730235,0.084167213,0.263310702,NA
KRT8P39,8.441183699,0.011842731,0.082015993,0.26333034,NA
PPP1R3D,395.3431371,-0.04910485,0.073130706,0.263655212,0.463200288
TOGARAM2,57.2255434,0.02412654,0.083413312,0.263727816,NA
OR1F1,59.68998235,-0.030219432,0.084013085,0.263827734,NA
NABP2,670.6405443,0.047366652,0.059865112,0.263886705,0.463526707
ZBTB1,1573.486884,0.04961844,0.066862429,0.264178825,0.463959488
CLN5,1338.393672,-0.049133636,0.064749875,0.264290325,0.464074962
BTF3L4P2,55.28185869,-0.022495395,0.083253741,0.26438737,NA
OXR1,1098.635141,0.04842428,0.062873827,0.264425966,0.464232779
MFAP1,1053.840332,0.049535746,0.067501862,0.2645774,0.464418264
SNTA1,115.7850441,-0.040607079,0.083140554,0.264594252,NA
ARL17B,456.1841051,-0.049526492,0.0725474,0.264758753,0.464628021
UCK1,1096.178409,-0.04822015,0.059782438,0.264788505,0.464628021
DDX55,826.83386,0.049299951,0.063249173,0.264887827,0.464721916
GCLC,3578.176045,-0.044874821,0.050529029,0.265036563,0.464902454
ESYT3,15.1069994,0.012646323,0.082074613,0.26508452,NA
CEP295NL,55.9633165,-0.025656963,0.083552218,0.265255328,NA
PHF21A,1514.109698,-0.045168223,0.052322414,0.265369619,0.465406193
ITGA6,5726.541398,0.045412509,0.056523949,0.265498127,0.46555108
FERP1,9.072039689,0.010962932,0.081924712,0.265652388,NA
CLEC1A,78.2029402,0.029541087,0.083923616,0.265763573,NA
ZNF439,43.20113101,0.024512427,0.083424339,0.26582202,NA
KAZN,304.8406296,-0.045373648,0.080340352,0.265863333,0.466110896
CTAGE4,9.583085061,-0.009097464,0.081777745,0.266079058,NA
TBC1D20,1614.635615,-0.046825605,0.055600451,0.266123317,0.46636921
TSC1,1417.488729,-0.048188917,0.059952783,0.266148689,0.46636921
NOL12,457.727865,-0.049138247,0.070633283,0.266155131,0.46636921
REV3L,886.5811455,0.049241463,0.068706077,0.266194571,0.46636921
RPL4,23563.04434,0.041181469,0.043209321,0.266387225,0.466598637
GPR107,3430.32338,0.050645377,0.057266068,0.266509425,0.466598637
HDGFL3,1280.609931,0.049226454,0.065116669,0.266549223,0.466598637
TNFSF14,582.2541439,-0.042858278,0.072521122,0.266553162,0.466598637
ME1,795.720716,0.046027769,0.078902614,0.26655815,0.466598637
RCCD1,645.8555919,-0.049582398,0.067156002,0.266623214,0.466598637
PSAP,282999.4934,-0.043344879,0.04739785,0.266652633,0.466598637
CLK3,1504.254981,-0.048610269,0.064222973,0.266693503,0.466598637
KBTBD4,380.0692583,-0.044627196,0.080527202,0.266858325,0.466806492
SLC25A27,16.02783358,-0.013941951,0.082182915,0.266912109,NA
MESD,1951.489578,0.045868754,0.047335924,0.266994858,0.4669648
EMC6,766.4970146,-0.047229838,0.056876848,0.267075935,0.467026079
PDIA5,326.7595671,-0.047813975,0.076947796,0.267203644,0.467168867
TAX1BP3,2417.852144,-0.042177916,0.045587849,0.26728977,0.467186741
MS4A7,8154.637861,-0.047090979,0.057223146,0.267305978,0.467186741
KLHDC2,745.30023,-0.047989816,0.059635481,0.267415004,0.467296779
TRERF1,579.5055549,0.04913103,0.072169809,0.267488503,0.467320574
PEF1,1131.115318,-0.045731473,0.053182802,0.267520759,0.467320574
LILRA5,297.439535,0.04476366,0.08054547,0.267881612,0.467791149
MAP3K13,409.8279763,0.048993313,0.073460775,0.26791584,0.467791149
SAMHD1,25088.85695,0.034486524,0.034258271,0.267936702,0.467791149
MOGAT3,11.82231586,-0.01398598,0.082204898,0.267937219,NA
KLC2,486.4598564,-0.045541661,0.079825142,0.268009398,0.467791149
EIF3D,4670.340192,0.040169177,0.04252567,0.268020718,0.467791149
ATP10B,29.63357993,0.02142584,0.083044998,0.268096526,NA
PARVB,2217.597553,-0.045892036,0.053495122,0.268098005,0.467804256
PSMG4,275.5986368,0.047161222,0.077000412,0.268123156,0.467804256
TMEM140,1220.162221,-0.044879912,0.051550922,0.268166576,0.467804256
TPH1,17.60225324,0.013961308,0.082205715,0.268217364,NA
KDM3B,3294.740954,0.042896883,0.045410241,0.268270195,0.46790455
FTH1P8,6.681237363,-0.011509981,0.081967928,0.268329736,NA
TMCC3,293.1020801,0.032237892,0.084031876,0.26837711,0.468010556
TMEM106A,1630.499251,0.048355477,0.064295425,0.268473354,0.468092288
ABHD18,502.7387719,-0.048863439,0.069940385,0.268516268,0.468092288
ENHO,37.90672286,-0.025134129,0.083460832,0.268520938,NA
SANBR,562.3871247,0.048931274,0.067120365,0.268584818,0.468110174
FASN,3069.541961,-0.028166316,0.084156764,0.268618821,0.468110174
ZC3H7B,3443.430527,-0.044817375,0.050712109,0.268741736,0.468243932
INTS4,797.1001137,0.048192053,0.061138109,0.268845922,0.468293975
RAD51C,253.0543422,0.039764423,0.082955305,0.268901614,0.468293975
MRPS18B,1421.299374,0.045312809,0.051812777,0.268926936,0.468293975
ADCY6,1146.142782,-0.045502966,0.079936195,0.268955116,0.468293975
AVIL,105.2786034,-0.03252476,0.083909519,0.268989096,NA
MRPL46,392.3504773,0.049950401,0.073922488,0.269116255,0.468445367
GNAQ,4021.694874,-0.047181638,0.057636533,0.269134424,0.468445367
RPS21P4,8.292065303,0.011930196,0.082010475,0.269257087,NA
LMNB1,1811.530742,0.044558451,0.050604941,0.269313598,0.46858953
PPT2,464.3762762,-0.041111514,0.082781148,0.269405197,0.46858953
APPL2,766.6991127,0.048854126,0.067879678,0.269452305,0.46858953
STX17,682.036106,0.0464128,0.077021565,0.269457454,0.46858953
NDUFA4,2751.789117,0.047422298,0.058326135,0.269481877,0.46858953
RBM23,1917.195674,-0.047096751,0.057778462,0.269494413,0.46858953
THEM5,12.04513297,-0.013119199,0.0821008,0.269515839,NA
RASL11B,101.8440001,-0.03567057,0.083881734,0.269558141,NA
UBQLN1,3768.660009,0.043641964,0.048836644,0.269591328,0.468623128
CCDC159,215.3058242,-0.043039101,0.08132049,0.269606129,0.468623128
NDUFC1,585.8067882,0.047709905,0.072150668,0.26965663,0.468630607
ATAD3B,885.3737444,0.048798337,0.065404199,0.269844053,0.468846976
NPM1,12727.0735,0.04149367,0.05524344,0.26987357,0.468846976
YY1AP1,1405.579538,-0.047751941,0.060435061,0.270202392,0.469337853
ARHGAP28,49.85595393,-0.025873524,0.083505448,0.270268792,NA
B3GNT2,2242.388905,0.046063205,0.051789307,0.27044143,0.469672635
FAM200A,154.8518593,0.043788133,0.080644112,0.270489472,NA
CHRD,13.02840106,-0.014480591,0.082231849,0.27054041,NA
SDHAP3,26.34457158,-0.022916202,0.083195068,0.270553617,NA
MYLK2,8.58601233,0.011698102,0.081981576,0.270573335,NA
PDCD6P1,41.43859608,0.027320614,0.08367258,0.270661196,NA
CNEP1R1,703.6536509,0.048481425,0.063503705,0.270954662,0.470483412
MINDY1,392.9544926,-0.04748773,0.074164386,0.271013205,0.470504528
RPTOR,1791.820871,-0.048491574,0.063822014,0.271120796,0.470610773
ZSCAN21,159.6930405,-0.04340794,0.080990294,0.271247413,NA
UTP14A,565.6323915,0.048785593,0.067128373,0.271325767,0.470885984
AIMP2,564.4987683,0.049084438,0.06250808,0.271496728,0.471079423
RHOXF1,49.83842488,-0.023497347,0.083229878,0.271508526,NA
DENR,2537.369393,0.040911572,0.043774793,0.271530105,0.471079423
VANGL2,11.58136213,-0.014042645,0.082171063,0.271600008,NA
INVS,426.6409049,-0.047583333,0.074521059,0.271685951,0.471269201
USP48,1297.526059,0.048423584,0.06519023,0.271755228,0.471308777
IGSF3,69.64339791,-0.026717092,0.083496258,0.271779647,NA
CHSY3,41.70226513,-0.019766067,0.082763299,0.272039187,NA
CEP135,591.4261333,0.048525964,0.069005617,0.2720959,0.471818943
BASP1,568.6076773,-0.048499331,0.068259737,0.272204826,0.47192715
MOGAT1,8.622575286,-0.012084917,0.082007356,0.272331781,NA
ZNF254,277.8301757,0.040804892,0.082158289,0.272392697,0.472153564
ERP29,4992.715551,0.042929995,0.048748739,0.27242851,0.472153564
RTL10,751.7843489,-0.049080138,0.06750872,0.272480931,0.472163745
DAB2IP,53.74270969,0.019235486,0.082741161,0.272659072,NA
C17orf113,27.243886,-0.022348388,0.083092152,0.272821166,NA
ZNF114,93.28232211,0.029383312,0.08369973,0.273014814,NA
TOM1L1,246.2461557,0.03868746,0.08300119,0.27304257,0.473056162
SEL1L3,1508.337521,0.044691319,0.051629204,0.273147971,0.47315796
OIP5,121.2364613,0.038757463,0.083215209,0.273174369,NA
GRB2,13987.10253,-0.044784749,0.052178148,0.273423977,0.473498886
CHD7,1012.026382,0.044081686,0.080451937,0.273438138,0.473498886
RNF14P3,6.550519879,0.011060689,0.081921133,0.273458657,NA
ORC1,263.4851655,0.045662203,0.07823236,0.273516179,0.473553186
ZNF473,177.3251151,0.043245584,0.080430672,0.27359898,NA
NALCN,14.79507338,0.0148466,0.082258764,0.27372253,NA
NBPF9,1462.916631,0.032684549,0.083895187,0.27388552,0.473997774
KHSRP,10017.64307,-0.04285361,0.047903696,0.273901263,0.473997774
BOP1,1147.507632,-0.046976446,0.065049229,0.273913146,0.473997774
CUL1,1929.02004,0.046069094,0.053532017,0.274018709,0.474032019
ARIH2,2513.207953,0.044676664,0.053333439,0.274026396,0.474032019
MCTS1,734.5580389,0.048420083,0.065778476,0.274287528,0.474402844
NOP10,2745.950511,0.048678364,0.054983744,0.274347002,0.474424819
KPTN,344.1809329,-0.047064718,0.075216472,0.274402897,0.474440597
LANCL3,49.86056473,-0.022590865,0.083075565,0.274504637,NA
PTAR1,1158.191524,0.046528616,0.07010561,0.274514746,0.474509396
PMM1,407.5136042,0.046397984,0.073502617,0.274536243,0.474509396
CFAP184,73.2860948,-0.031235957,0.083675565,0.274566718,NA
BSCL2,430.8506715,-0.04807909,0.072982635,0.274618372,0.474570489
ZNF600,237.8334914,-0.04059486,0.082203171,0.274681236,0.474598273
CEP70,73.92748514,0.028239266,0.083585398,0.27474669,NA
UBA3,1492.326309,0.047164449,0.058626789,0.274811646,0.474742735
SP2,987.8832941,-0.047749454,0.063169591,0.274916587,0.474843156
TUFT1,240.009174,-0.04233409,0.081040704,0.275176611,0.475211362
KLK1,30.37584627,-0.021074974,0.082945226,0.275182711,NA
SBDSP1,155.3913474,0.037098133,0.083238502,0.275195012,NA
CBX5,3130.880913,0.047301891,0.060561762,0.275228247,0.475219631
SPINDOC,1092.418578,-0.045385909,0.052924489,0.275551079,0.475696076
USP22,6151.43175,0.035548259,0.03653757,0.275634528,0.475720929
PDK3,768.2729896,0.048317533,0.072802089,0.275659269,0.475720929
PYCR3,175.8711044,-0.043101023,0.080889107,0.275816766,NA
HSD17B11,1358.139801,0.048516095,0.066203828,0.275840148,0.475952111
PCYT2,697.6126199,-0.04863301,0.068498149,0.275944962,0.476051988
A4GNT,13.84380569,0.015567889,0.082332561,0.276104794,NA
MYH3,55.3083812,0.021302659,0.082933106,0.276321547,NA
NSUN5P1,248.8047407,-0.03836369,0.082610352,0.276346201,0.476663129
ZMYM4,1527.226923,0.048288026,0.066869646,0.27660731,0.476918742
EVI5L,467.6035824,-0.04611355,0.076828645,0.276607635,0.476918742
TBL2,3406.919973,0.041351175,0.045895497,0.276635438,0.476918742
RPF1,906.2110668,0.04779952,0.065360421,0.276952812,0.477384762
WDR55,1696.529288,-0.044222194,0.051551773,0.277154564,0.477640724
VANGL1,353.8201109,0.046609667,0.074209204,0.277230383,0.477640724
TOP1MT,729.8327487,-0.04803544,0.06995142,0.277307907,0.477640724
NDUFB9,3288.311268,0.046999828,0.0591581,0.277335636,0.477640724
HLA-C,29969.07194,-0.042009933,0.046965954,0.277336738,0.477640724
GNAI2,24202.13098,-0.039065102,0.042847333,0.277399108,0.477667043
CREBRF,1291.028535,0.046413398,0.05718645,0.277512142,0.477778219
BID,1921.765156,-0.047110691,0.060311277,0.27763527,0.477778219
NPTXR,875.471287,-0.04775322,0.064774332,0.277650165,0.477778219
PUS7L,282.3977151,0.042860027,0.080316878,0.27765207,0.477778219
MRPL45P2,72.16906826,0.032428222,0.083643116,0.277695972,NA
BRD3,1434.13974,-0.047665359,0.063542608,0.277776809,0.477911797
FAAH,99.09067716,0.03620005,0.083277008,0.277839165,NA
ARPC4-TTLL3,85.95089433,-0.031384721,0.083568613,0.277865167,NA
EME1,176.5198268,0.036867425,0.082996204,0.277890635,NA
SNN,1952.335703,-0.041946074,0.046531892,0.277897273,0.478037974
SYCE2,11.91481426,0.013427791,0.082089957,0.277919702,NA
MYNN,282.894642,0.039055462,0.082352741,0.277979987,0.478099184
TNFRSF10D,560.1005206,0.045547049,0.06118953,0.278096453,0.478218413
TFPT,657.999228,-0.047176579,0.061715518,0.278254384,0.47838456
MINDY3,519.0457709,0.045734635,0.076731101,0.278287391,0.47838456
ACOT1,237.2026568,-0.045499247,0.077181077,0.27841459,0.478522128
ACER2,66.43081187,-0.030715817,0.083589318,0.278504079,NA
MIEN1,747.6411715,-0.046912214,0.060180185,0.278529443,0.478638433
NOTUM,8.650496606,-0.011604497,0.08193098,0.278557325,NA
BLOC1S4,599.9454783,-0.047002389,0.060643458,0.278665362,0.478790892
SECTM1,187.123937,-0.034413023,0.083025698,0.278792578,NA
QPCTL,346.4539817,-0.045086906,0.077723494,0.278816012,0.478937715
C10orf67,17.57452263,0.016354566,0.082392552,0.278842873,NA
STN1,322.1582218,0.044422116,0.077640055,0.278845243,0.478937715
CRYBB2P1,123.8217482,-0.039718126,0.082428687,0.278872919,NA
APMAP,6366.817973,-0.044234445,0.051783147,0.278930112,0.478969417
ADAMTS15,431.0449302,-0.047369287,0.074843498,0.278985889,0.478969417
KDM1B,1187.790455,0.047357904,0.071366768,0.279005352,0.478969417
RHOB,732.0493728,-0.046976067,0.060705769,0.279148975,0.479134891
COL9A2,431.1971541,-0.035680612,0.083171902,0.279384407,0.479394639
PSME2,3220.625913,0.047257876,0.065378133,0.279394825,0.479394639
XPA,392.5749617,0.04889521,0.072071252,0.279465535,0.479434869
RND1,24.83244014,0.021411588,0.082910841,0.279466411,NA
ZNF333,474.7420533,0.047794786,0.068371696,0.279549916,0.479462831
ANXA6,502.1090125,0.039152109,0.082317174,0.279639945,0.479462831
CLEC16A,1112.186563,-0.04753958,0.071952413,0.279640516,0.479462831
TXNRD1,4865.978428,0.041651989,0.046642316,0.279670896,0.479462831
SETDB2,1598.884814,0.0470299,0.061319089,0.279771463,0.479478209
COQ4,967.3228778,-0.044880494,0.054304131,0.2797744,0.479478209
H1-0,4139.092309,0.047767572,0.058621159,0.279861426,0.479546335
CYP4F8,16.56031598,0.017240288,0.082471281,0.280150095,NA
ADPRM,147.7442841,0.040186662,0.082854943,0.280252095,NA
ERP44,2474.732439,0.043990795,0.050898174,0.28030775,0.480156157
SNHG33,167.8803476,0.043822492,0.079662259,0.280308573,NA
NCKAP5,673.2405989,0.047065399,0.074576314,0.280311984,0.480156157
SCIMP,2318.266195,0.046898338,0.060702885,0.280446479,0.480305433
ING4,640.693664,-0.047880825,0.065185309,0.280566439,0.480429769
OCLN,93.53031588,0.030574574,0.083507652,0.280636001,NA
THBS4,7.933747988,-0.010883572,0.081863157,0.280734809,NA
TPRG1,262.0624648,0.041316718,0.080353067,0.280935138,0.480903878
AGTPBP1,666.3368539,0.047410511,0.0677462,0.280946234,0.480903878
PALB2,593.8708475,0.047356349,0.070000265,0.281014981,0.480903878
HTRA4,886.6833118,-0.047555985,0.066441222,0.281032944,0.480903878
CD1B,24.6471261,0.017804667,0.08252692,0.281158605,NA
TRMT1,1037.819005,-0.046033952,0.071786153,0.281258375,0.481208459
INSYN2B,25.63706461,0.01782415,0.082506291,0.28134114,NA
MITD1,640.1636586,0.047300988,0.067960172,0.281365104,0.481309884
SPATA7,130.8129763,0.036962002,0.082809672,0.281457669,NA
PAQR7,265.3417526,-0.046444318,0.074622058,0.281660895,0.481734635
MAPT,35.48188406,0.023370841,0.083075466,0.281696105,NA
ZNF692,410.2318008,-0.045103253,0.0775108,0.281808728,0.481906227
ZC3H11C,13.96783695,0.014362703,0.08218101,0.281917123,NA
SIGIRR,295.0814237,-0.04545227,0.077144248,0.28194271,0.482030905
ARRDC3,424.7074564,0.041536405,0.080713345,0.281976675,0.482030905
AGAP12P,6.032214772,0.008395273,0.081705857,0.282060307,NA
OR5AU1,21.79280833,-0.019920625,0.082773162,0.282071377,NA
LY6K,8.561307651,0.012217669,0.081989213,0.282155273,NA
TIFAB,328.314699,-0.038426038,0.08191427,0.282195491,0.482323683
GOLPH3,3673.500189,0.038681817,0.041786687,0.282278303,0.482383946
RNF150,19.96169584,0.014888656,0.082216355,0.282319916,NA
ADGRG2,12.92768424,-0.015565797,0.082291427,0.282390018,NA
DYNC2I1,480.8031288,-0.043308915,0.081257091,0.28258572,0.482776912
ZNRF2P1,20.43969922,-0.016684279,0.082399336,0.282638725,NA
LCNL1,51.58073883,-0.023626975,0.083061493,0.282639986,NA
NNT,3092.639839,0.04237165,0.048025568,0.282647841,0.482776912
GPR137B,2145.923005,-0.045264562,0.054619679,0.282651033,0.482776912
SAP18,4065.650744,0.048118649,0.065001762,0.282751073,0.482866479
IFT81,130.6612645,0.033806996,0.083331138,0.282976779,NA
UBFD1,1549.413105,-0.047035714,0.071613775,0.283051756,0.483298606
SLCO1A2,11.47319222,-0.009569895,0.08176641,0.283102896,NA
ADNP2,814.2029125,-0.02798907,0.083380894,0.283132303,0.483321913
GARIN5A,11.41794571,-0.015094004,0.082225622,0.283137206,NA
CNOT6,1195.571551,0.043185733,0.077786918,0.283208733,0.483321913
CDC7,107.3195223,0.031933511,0.083408982,0.283250555,NA
ARHGAP17,3271.648218,-0.041627871,0.047270277,0.283254742,0.483321913
DPF1,25.62629952,0.015478854,0.082257179,0.28328618,NA
ZNF250,148.2649619,-0.034658564,0.082929816,0.283293381,NA
CCNK,2652.603557,-0.043279872,0.050662808,0.283296238,0.483321913
COL4A2,777.7103336,-0.046090882,0.074854653,0.283303637,0.483321913
ADAP1,2361.619837,-0.043456105,0.051071527,0.283398965,0.483403245
IPO9,2338.187798,-0.045792437,0.074919526,0.283542544,0.483461732
MYO18A,4005.553097,-0.046536634,0.058395147,0.283558053,0.483461732
DDX10,512.2460196,0.046207906,0.07261061,0.283581595,0.483461732
CEP19,131.8915613,0.038320654,0.082656981,0.28362328,NA
PSMC6,1480.412798,0.044516782,0.053770963,0.283623893,0.483461732
C2orf74,330.2600802,0.046294042,0.072815636,0.283729703,0.483560838
TMEM60,534.2390105,0.047125664,0.066600358,0.2838985,0.483767241
CFAP45,13.57147743,0.013505223,0.082101111,0.283946381,NA
PRR7,13.64006427,-0.015178383,0.082247685,0.283946556,NA
UQCRC1,6215.053237,0.046545948,0.05952307,0.284204222,0.484206858
TRPM8,144.6832887,-0.039833718,0.081416298,0.284271495,NA
LRWD1,569.3514559,-0.047921121,0.066143865,0.284691026,0.484954788
RALA,4011.10212,0.04672623,0.061996982,0.284748034,0.484970459
NECAB1,8.717958673,0.009566486,0.08177574,0.284765285,NA
RD3,8.333123953,-0.012155817,0.081968634,0.284769594,NA
MRFAP1,6771.917599,0.044203554,0.046959507,0.284843004,0.485050769
CCR2,34.19221087,-0.01733914,0.082404162,0.284943211,NA
MYO5C,15.20544783,-0.010380919,0.081796415,0.284967135,NA
ASIC1,76.96042841,-0.021785305,0.082855985,0.28525591,NA
NDUFS3,1500.311419,0.044231116,0.054036751,0.285334251,0.485785975
ZNF329,205.0560701,0.033438732,0.083224161,0.285370527,0.485785975
GNLY,22.70441354,-0.018883641,0.082577967,0.285396619,NA
PHF8,988.3849841,-0.04700153,0.067074413,0.285537975,0.485844694
RAPGEF3,630.3108829,-0.042296346,0.079953982,0.285576788,0.485844694
TMA16,382.2341927,0.045091751,0.075812618,0.285586249,0.485844694
ARL6IP5,5666.345283,0.044595142,0.057321483,0.285625561,0.485844694
NGRN,1587.860189,0.044542115,0.054244357,0.285644495,0.485844694
GLOD4,2033.461663,0.043202008,0.052037522,0.285764049,0.485966558
RAB22A,1792.372193,-0.04484777,0.055748854,0.28582971,0.485996745
PCDHGA11,14.10403677,0.012515463,0.08198664,0.286032232,NA
CD274,377.5786209,0.041646235,0.080165943,0.286112947,0.486396804
PAN3,1109.948625,0.046248747,0.059092229,0.28635076,0.486719522
CA5BP1,150.8058753,-0.041731665,0.080750363,0.286454468,NA
TASL,1008.828825,-0.044700298,0.055177237,0.286581437,0.487001804
MTFR1,393.6453204,-0.046197485,0.074076095,0.286639154,0.487001804
ARIH1,2693.684424,0.04304926,0.049375712,0.286726488,0.487001804
ZNF207,5107.709347,0.037837283,0.040846892,0.286742823,0.487001804
POU2AF1,86.75685585,-0.031340227,0.083129367,0.286774236,NA
ZNF764,292.4526488,-0.041433997,0.080111105,0.286791331,0.487001804
C9orf50,7.909595023,0.010798139,0.081852019,0.286792954,NA
EIF2B5,1661.186031,0.042626957,0.04970068,0.286804887,0.487001804
COL5A2,202.3860841,-0.034537786,0.08297405,0.286895741,NA
WRAP53,286.0179486,-0.043459988,0.07806535,0.287058617,0.487351064
PTK6,18.92041348,-0.016143044,0.082311726,0.287167654,NA
POLR2E,4461.82306,-0.043237638,0.05153054,0.28749655,0.488012886
CCDC191,123.6517177,-0.037212286,0.082442082,0.287581076,NA
USP27X,124.5427914,-0.038462117,0.081977207,0.287610436,NA
UXT,761.2582655,0.046547312,0.063906427,0.287610755,0.488125063
INCA1,58.44133119,-0.028755783,0.083272974,0.288021649,NA
LSM10,1044.043741,-0.043610175,0.051974047,0.288148123,0.488955263
SYN3,103.6783388,-0.032365647,0.083059707,0.288264876,NA
CETN3,198.1775296,0.041979121,0.081721663,0.288420109,NA
TCN2,124.1925406,-0.033347765,0.083011194,0.288420501,NA
HTR2B,23.91827664,0.019841301,0.082642864,0.288735753,NA
PCNT,2388.016321,-0.043998377,0.052981217,0.288762271,0.489915449
H2BC4,58.12497017,-0.029317655,0.083211803,0.288820594,NA
ANKS1A,1156.759583,-0.046134197,0.062866489,0.289236426,0.490637844
NPR2,49.81793004,0.01760799,0.082473318,0.289319288,NA
GABRA3,47.52036324,0.018606734,0.082534216,0.289440997,NA
GTF2F1,3500.441968,-0.040604306,0.046404194,0.289545361,0.491079777
ARHGEF4,8.235142579,-0.011157898,0.081860065,0.289553571,NA
RHEBP2,4.351725282,0.004390227,0.081511285,0.289847958,NA
CDK2AP1,1303.082632,-0.04629255,0.0627853,0.289931742,0.49165289
ZNF654,511.3899972,0.041811127,0.07605666,0.290002403,0.49169052
CMTR2,1097.071034,0.043756561,0.051917474,0.290091348,0.491759129
CFAP418,81.97034418,0.03078959,0.083201777,0.290245606,NA
DNAJB11,2788.59009,0.043105,0.05172175,0.290245726,0.491849099
ST7,749.5176902,0.045467296,0.058946371,0.29028491,0.491849099
AKAP8,1339.277383,-0.047533545,0.066481438,0.290291791,0.491849099
KCNIP3,210.4943877,-0.041276145,0.080011895,0.290338368,0.491849099
MMGT1,981.1112166,0.04440278,0.05524892,0.290521139,0.492076546
C1orf167,37.34008374,-0.007123561,0.081624709,0.290558549,NA
GPRASP1,30.35806819,0.017896186,0.082439028,0.29064731,NA
NISCH,2965.202991,-0.045127934,0.058227513,0.29070624,0.49221858
JMY,639.6695558,0.045577169,0.072523839,0.29074928,0.49221858
COQ6,412.9660737,-0.045348451,0.074117665,0.290771425,0.49221858
SAP130,961.4587778,-0.045347018,0.063880545,0.290799088,0.49221858
EPSTI1,2478.780649,0.044672858,0.073965622,0.290884238,0.492280565
LTC4S,123.3660411,-0.039247585,0.081297237,0.290971766,NA
SPTLC1,1797.784022,0.045363776,0.057829366,0.291109439,0.492579507
KCNJ5,251.6695029,-0.038557243,0.080655461,0.291212152,0.492671126
RPS16,11010.11108,0.043866079,0.05408257,0.291317078,0.49271879
CARD9,1796.691717,-0.045023094,0.057989201,0.2913525,0.49271879
YOD1,457.8528767,0.046336466,0.067879405,0.291386043,0.49271879
TP53BP2,1087.84793,-0.045751534,0.06881658,0.291439811,0.492727574
BMP8B,26.52936487,-0.018598251,0.082500287,0.29152418,NA
ZSCAN5A,182.461517,-0.038532853,0.081366249,0.291565935,NA
NOS1,32.90290695,0.022965128,0.082914266,0.291805445,NA
RPS18P9,15.06004656,-0.017106185,0.082381978,0.292018792,NA
AFAP1,1294.44612,-0.044758815,0.057115144,0.292102983,0.493745036
UBAC1,2052.705677,-0.038065601,0.042627728,0.29213897,0.493745036
ZNF493,170.1953728,0.040086399,0.079294806,0.29220797,NA
NLRP2,860.607653,-0.045967913,0.071205363,0.292254712,0.49385837
KLLN,24.78180333,0.020822551,0.082703566,0.292363541,NA
PEBP1,3375.887515,0.041661759,0.048916876,0.292500283,0.494191018
ZFAT,360.9562394,-0.044289435,0.074699994,0.292682576,0.494416661
MUCL1,9.39879478,0.011356551,0.081880119,0.29269435,NA
TTC23L,14.49041716,0.014260567,0.082105667,0.292710706,NA
RECQL4,732.1893967,-0.046410476,0.070681231,0.292749516,0.494442305
CYB5A,841.5971254,0.046042161,0.064724404,0.292795241,0.494442305
MRC1,15917.72796,0.045009811,0.060592973,0.2928822,0.49450683
ELN,13.59361862,-0.014913382,0.082158553,0.292972123,NA
SUMF1,1535.218465,0.044476125,0.056032652,0.292997824,0.494619725
CEP131,291.8382886,-0.040430309,0.080296351,0.293097175,0.494705115
MGST3,3445.45105,0.043857724,0.05466636,0.293159208,0.494727501
CFTR,127.1971107,-0.025532421,0.083000982,0.293176042,NA
LRRC56,42.06245612,-0.026800949,0.08312331,0.293313512,NA
PLBD1,2510.728539,0.042962873,0.052515086,0.293325539,0.49492586
MYRF,102.9664256,-0.036702607,0.081909208,0.293376488,NA
PISD,1814.319164,-0.045985652,0.063647013,0.293453007,0.495058591
ZNF776,430.6399559,-0.041790474,0.078618936,0.293580508,0.495191333
MRPL55,371.2103924,-0.046258551,0.071027797,0.293809158,0.495439813
ZDHHC3,3993.211029,-0.044944165,0.060438811,0.293872366,0.495439813
OGG1,1159.744525,-0.046052309,0.068494189,0.29388875,0.495439813
C1orf122,1453.030979,-0.044317326,0.075501857,0.293923185,0.495439813
MVK,380.2223643,-0.045371416,0.073177296,0.293993732,0.495476394
OSGEPL1,199.0797873,0.04068266,0.080329115,0.294050563,NA
SH3GL1P2,12.50355176,-0.014540426,0.082126393,0.294096138,NA
EGLN3,11.09950937,0.012115585,0.081918648,0.294099265,NA
FADS6,11.32369532,-0.012037309,0.081917803,0.294110734,NA
RBMS2,1258.173801,-0.044740185,0.073395928,0.294123515,0.49561278
RPIA,405.072642,0.045813163,0.069225994,0.2942442,0.495733793
CRIPT,397.7364004,0.044566633,0.075689651,0.294326637,0.49573717
HNRNPUL2-BSCL2,3192.351304,-0.04135965,0.049676896,0.294359148,0.49573717
NEDD4L,357.8253281,-0.043146123,0.077114349,0.294392815,0.49573717
POLN,36.30674018,-0.016726652,0.082269815,0.294497671,NA
NEURL3,50.40644112,-0.023949564,0.082822403,0.294573747,NA
CCND1,3929.170193,-0.04526102,0.066416604,0.294577113,0.49593461
MRPS18A,756.7417,-0.046197561,0.062028552,0.294636532,0.49593461
TLE1,282.2758283,-0.041200791,0.079187651,0.294656732,0.49593461
ELMO1,1581.733841,-0.046425179,0.064339716,0.294793989,0.495974435
TCTN1,371.3687605,0.04396835,0.075949735,0.294843423,0.495974435
ZNF682,54.80211515,-0.022493014,0.082762882,0.2948487,NA
JDP2,2185.632811,-0.045834734,0.064292133,0.294850662,0.495974435
KRT78,8.259999741,-0.009800154,0.081745513,0.294874681,NA
ORMDL1,1178.639004,0.046322298,0.063831096,0.294875968,0.495974435
PGBD4,142.4997971,0.038954822,0.081075469,0.294899854,NA
CHCHD2,3234.953599,0.043675696,0.053848903,0.295098063,0.496187309
LRG1,101.0495917,-0.033849896,0.082700204,0.295098647,NA
MR1,2320.699765,-0.044827506,0.057753935,0.295105194,0.496187309
TMEM97,278.1967917,0.040875523,0.079910445,0.295177268,0.496187309
PAK2,4686.108102,0.044918645,0.058633959,0.295241622,0.496187309
MDP1,206.2249148,0.041690354,0.077871869,0.295247102,0.496187309
HNRNPA1L3,35.13714654,0.023105882,0.08285729,0.295286485,NA
BBS9,155.8488177,-0.036258729,0.08194535,0.295339888,NA
MSI1,10.43198194,0.012481467,0.081955358,0.295349669,NA
DTYMK,1087.160765,0.044077199,0.052827805,0.29544456,0.496416656
SNAPC5,679.7606887,0.045425346,0.061036966,0.295481444,0.496416656
H3C10,28.50124484,-0.021058587,0.08264758,0.295543184,NA
H2AC20,12.60249877,-0.012387782,0.081941622,0.295602153,NA
TNR,28.35345836,-0.019782475,0.082567562,0.295628754,NA
CEP128,259.8800323,0.033956608,0.081851648,0.295642299,0.496530734
SS18L2,334.9120255,0.044862194,0.074750501,0.295647243,0.496530734
FBXW9,150.3619014,-0.040809547,0.079768744,0.295665056,NA
PTMAP11,6.696164028,-0.008517633,0.081688283,0.295729626,NA
SNRPN,2486.92543,-0.039482553,0.04525084,0.295780665,0.496672582
ZNF774,69.91871458,-0.021150794,0.082630972,0.295932874,NA
SMG1P7,67.25531972,0.02959661,0.083026095,0.296094285,NA
AMZ2,859.8746261,-0.045351074,0.061586864,0.296109937,0.497143198
C2orf88,33.40800974,0.018958368,0.082479082,0.296357427,NA
PTP4A3,96.05224184,-0.029879046,0.082987738,0.296533078,NA
LAPTM4B,534.8315285,0.045944026,0.069045792,0.296560296,0.497816919
ODAD4,16.77071652,0.014288521,0.082086452,0.296810348,NA
TESMIN,50.65189708,0.020978147,0.082647124,0.296930397,NA
PDCD4,3400.275495,-0.042629215,0.052222585,0.297063064,0.498504909
CDC37,7839.496107,-0.034197302,0.035871966,0.297068432,0.498504909
TMEM42,253.467442,-0.043997786,0.076769288,0.297126173,0.498519334
MPLKIP,520.3905359,-0.045658996,0.067586759,0.297192919,0.498548862
DOC2GP,28.4747033,-0.021715289,0.082722391,0.297239845,NA
NMUR1,29.79342026,0.021031394,0.082620249,0.297294766,NA
LRRC27,145.1338481,0.033472284,0.08250833,0.297330196,NA
SPRYD3,1532.946148,-0.045740158,0.065824588,0.297445299,0.498889734
MAK,36.61600641,0.021920455,0.082714487,0.297484881,NA
SMPD5,16.92606998,-0.016140871,0.08223054,0.297515751,NA
CENPH,172.6875978,0.039836445,0.07999421,0.297680975,NA
ZNF726,23.89428976,0.01759272,0.082358677,0.297810871,NA
ARL3,274.1236197,0.042570394,0.077119868,0.297843764,0.499341419
RCC2,7270.15728,-0.040207371,0.044779998,0.297868247,0.499341419
PREP,1392.957822,0.044303942,0.056033059,0.297891509,0.499341419
ZNF497,340.2712331,-0.042831325,0.076835504,0.29799815,0.499341419
IER3,1110.738718,0.043757199,0.075563478,0.298063682,0.499341419
UQCC2,634.1096691,0.040919135,0.069521973,0.29806942,0.499341419
ATP6V1H,3836.660661,0.044837804,0.059166644,0.298087333,0.499341419
INO80B,678.0210576,-0.045636979,0.064741917,0.298108403,0.499341419
CES2,1765.203088,-0.045574378,0.063288805,0.298165835,0.499355164
AGT,56.11323899,-0.027821415,0.082895283,0.29821801,NA
MYPN,10.5775705,-0.012071207,0.081919667,0.298297582,NA
SULT1B1,72.46100365,0.025580333,0.082906521,0.298423214,NA
SNX22,66.1643895,-0.029739257,0.082879312,0.298513407,NA
PHKA2,611.8371134,-0.045394803,0.071626384,0.298592984,0.499983967
ATG2B,840.8288084,-0.029344398,0.082771306,0.298639872,0.499983967
CASZ1,43.28442608,-0.017720185,0.082447246,0.298661407,NA
HMGB1P3,20.30160043,-0.017670664,0.082363781,0.298779079,NA
ZNF384,1652.182319,-0.045686422,0.064253997,0.298842939,0.500241381
MESP1,17.28009699,0.016938085,0.082307105,0.298853225,NA
NSG1,7.873879934,-0.010719292,0.081817582,0.298873904,NA
KHDC1,30.73465973,0.019259113,0.082470771,0.299107194,NA
MDN1,1430.387269,-0.045975748,0.066473263,0.299285134,0.500898928
SMPD3,18.53654653,-0.017063625,0.082291392,0.299487292,NA
DHFR2,375.8743266,0.04187965,0.076262478,0.299505056,0.501184311
ZNF532,680.6511054,-0.043811232,0.071967849,0.299648328,0.501341356
HEXA,8685.14661,-0.031905706,0.0321074,0.299728224,0.501350209
ANKRD26,507.9398172,0.04744373,0.074360096,0.299752466,0.501350209
CEP63,687.9815774,0.045177827,0.066036911,0.299894847,0.50150566
SRGAP1,482.3774409,-0.037117151,0.081363687,0.300189504,0.501915663
PPM1A,1559.076399,0.045003769,0.064186886,0.300487626,0.502331325
MUC20,99.45888627,0.029928667,0.082819583,0.300501838,NA
ZNF396,60.88589153,0.021230079,0.082574815,0.300561084,NA
NSD2,2590.848783,-0.042492401,0.052301914,0.300624713,0.502378286
KRTCAP2,1416.232689,-0.041906017,0.050997952,0.300643596,0.502378286
GAB2,2357.885275,-0.043222054,0.051861445,0.300813426,0.502378286
ZFP36,1146.516345,-0.022442877,0.08268639,0.300823355,0.502378286
TMEM132A,801.3683559,-0.045296225,0.069853341,0.300827109,0.502378286
DELE1,1998.814022,-0.043358577,0.055340219,0.300833756,0.502378286
LTBP1,8.780918896,-0.010480337,0.08176945,0.30085262,NA
ADGRL1,465.6706927,-0.042842045,0.078013822,0.300909085,0.502378286
TXN2,1921.619353,-0.041915263,0.051262003,0.300956266,0.502378286
LSM4,3016.442689,0.040351471,0.047716512,0.300961439,0.502378286
RBM22,1633.005522,-0.044214387,0.058441149,0.301066088,0.502470286
CNTNAP1,54.71545014,-0.01970016,0.082478156,0.301223397,NA
UBE2F,1714.935501,0.041836272,0.050981458,0.301303169,0.502673153
PTGES2,1694.038314,-0.040606722,0.04827623,0.301307939,0.502673153
ICE1,1184.517778,0.042702503,0.052941854,0.301336302,0.502673153
WDR35,206.615451,0.035820352,0.081991351,0.301440424,0.502700935
SUPV3L1,682.9259755,0.043225442,0.076727902,0.301452069,0.502700935
ZNF716,8.337436803,-0.011765309,0.081873801,0.301479965,NA
SMO,48.33499723,-0.027058417,0.082823935,0.301526478,NA
KIAA1671,943.779789,0.044613486,0.058388018,0.301677952,0.502994929
CLEC10A,46.08999734,0.024726223,0.082602181,0.301795561,NA
NKAP,727.3093332,0.044223677,0.064778988,0.301829626,0.503098015
PSMD11,1999.49943,0.045002589,0.061759576,0.301845092,0.503098015
IL33,16.75184917,-0.01597054,0.082186927,0.301900669,NA
HYOU1,3996.794373,0.044262967,0.065232672,0.30192141,0.503098015
GOLM2,1944.254364,0.04644291,0.056084315,0.301938162,0.503098015
SLC8A2,41.47297125,-0.01415442,0.082033505,0.301970871,NA
UBOX5,353.1924429,-0.043042239,0.075679628,0.302078986,0.503249997
CMBL,178.5284953,0.031001032,0.082677098,0.302125595,NA
IKZF4,375.4252952,-0.042377098,0.076896063,0.302184149,0.50334253
NDN,253.9461744,-0.044330831,0.073497109,0.302281658,0.503422285
BIRC6,3224.843196,0.044546867,0.058951617,0.302393797,0.503526376
SRF,1676.447093,-0.040168223,0.047574094,0.302534295,0.503677645
TMEM116,178.9191905,0.040676983,0.078668273,0.302649912,NA
GFI1B,10.06772958,0.010775209,0.081812406,0.302769632,NA
ACVR1,900.3604801,0.045305266,0.066452416,0.302788719,0.504018505
RETREG3,1653.66678,-0.043730151,0.05712468,0.302968562,0.504235126
ZNF607,79.89764,0.02805325,0.082779455,0.302976802,NA
CLUL1,14.5038591,-0.012951243,0.081953594,0.303001222,NA
RAC2,6934.297565,-0.042568766,0.051389945,0.303029732,0.5042542
FAM171B,71.6697279,0.027841494,0.082780679,0.30305619,NA
SLC26A8,14.69574629,0.012296296,0.081897705,0.30322302,NA
C9orf43,10.46693213,-0.011660583,0.081868888,0.303319147,NA
ING5,714.1340112,0.044960687,0.074752738,0.303456853,0.504882126
EFNB2,22.51593714,-0.015274162,0.082140457,0.30356832,NA
SSR1,4618.928347,0.040512983,0.048423744,0.303592255,0.505024571
COX6B2,8.339183638,-0.010554911,0.08179564,0.303705824,NA
CARNS1,56.40841219,-0.01832651,0.082335556,0.303941305,NA
H4C15,132.2139837,-0.029915316,0.082803416,0.303976951,NA
WASH4P,35.86415099,-0.01893362,0.082414005,0.304010586,NA
CGGBP1,2624.82927,0.040944191,0.051590526,0.304068432,0.505733756
HES2,323.7137086,-0.035298402,0.081482779,0.304183745,0.505833766
MAFB,11162.49133,-0.040820396,0.049008958,0.304247365,0.505833766
PRSS16,19.23208866,0.012147512,0.081875406,0.304268055,NA
ACD,224.6957404,-0.041088479,0.078188618,0.304278159,0.505833766
AOC2,20.76691622,-0.018576454,0.082378431,0.304306118,NA
RRAS,1319.247304,-0.04565801,0.066743454,0.304390945,0.505938349
MRPL18,967.7200633,0.042681535,0.05422673,0.304529371,0.506085509
TTC39A,33.44006475,0.021104194,0.082552658,0.304684048,NA
SSNA1,1838.714238,-0.040813669,0.048440485,0.304704476,0.506293563
WDR86,14.19368138,-0.013715173,0.081999398,0.304942912,NA
PPP1CB,4011.722715,0.040414553,0.045017143,0.304948183,0.506615521
ZSCAN16,89.05583746,0.033564696,0.082236963,0.305209849,NA
DDX11L1,7.007862586,-0.008443096,0.081670824,0.305461608,NA
TMEM138,1329.314662,0.045514374,0.05913944,0.305633372,0.507670693
WASH3P,153.6163983,-0.038089043,0.080317284,0.30563861,NA
KIAA0513,1131.137401,-0.044757819,0.064976918,0.305687267,0.507677085
CCNB3P1,11.02517814,0.012368768,0.0819043,0.305701045,NA
ORAI3,1135.733046,-0.044168597,0.060139289,0.305877274,0.507850767
FMR1,1086.669272,0.04322813,0.055039357,0.305891974,0.507850767
ZBTB11,888.3986508,0.042476175,0.053039002,0.306102814,0.508117648
NEIL3,95.91130713,0.031925484,0.082444953,0.306192191,NA
ERCC2,825.7368718,-0.042405547,0.074288224,0.306229632,0.508244992
APBB1,11.68875621,-0.011382191,0.081829751,0.306384626,NA
HSCB,270.3840714,0.043819862,0.073800548,0.306473808,0.508555853
IP6K2,1123.641492,-0.042031333,0.052950862,0.306517201,0.508555853
MCM3,1861.670455,0.041762671,0.051570398,0.306630455,0.508630793
CCDC66,313.135741,0.041615797,0.077502086,0.306662651,0.508630793
MCF2L2,71.62803549,0.019583005,0.082407662,0.306834663,NA
ERICH6B,7.979494209,-0.01098857,0.081808462,0.307111529,NA
PALS2,49.34912172,0.019456437,0.082358806,0.307353494,NA
ATP7A,1112.405655,0.044895467,0.059504771,0.307444195,0.509758854
SLC16A3,27293.1419,0.040413839,0.04777442,0.307490657,0.509758854
HAUS2,845.3692338,0.04436586,0.06946458,0.307493536,0.509758854
CD1C,186.84147,0.033770229,0.081984668,0.307515266,NA
PLA2G12A,383.3343568,-0.022928178,0.082581984,0.30759328,0.509840887
RNF130,5778.866399,-0.036633691,0.041874874,0.307712736,0.509955562
CCNH,799.5411591,0.044768071,0.067298912,0.307850636,0.510100759
MARCKS,6939.745822,-0.042389488,0.051974231,0.308035755,0.510324138
FAM186A,22.53497589,-0.016981053,0.08219165,0.30809733,NA
TRMT9B,57.06494229,0.022651574,0.082557566,0.308376234,NA
PGAP3,614.6962512,-0.044590883,0.069238922,0.308412353,0.510775458
PRDM10,388.9703971,0.039771134,0.078708066,0.308449581,0.510775458
NUDT6,205.3568097,0.039214545,0.079187131,0.308459232,0.510775458
CCSER1,44.06072124,0.021317064,0.082535327,0.30850163,NA
C7orf57,14.15577637,0.013775105,0.081986552,0.30854589,NA
RASL12,7.342685116,0.009529132,0.081716204,0.308654797,NA
PELI2,64.97428052,-0.021371084,0.082507955,0.308669443,NA
METTL1,483.4470835,-0.04415793,0.0699491,0.308690527,0.51103171
USP37,503.8962054,0.04278525,0.073700418,0.30871474,0.51103171
HACL1,441.7592013,0.042573273,0.075199286,0.30940073,0.512083701
DUSP13A,181.7482542,-0.034269066,0.081940788,0.309522933,NA
MAPK11,65.79278276,0.028519968,0.082594881,0.309526172,NA
CEP76,265.6937561,0.042742844,0.074640681,0.309591517,0.512260916
BAIAP2L2,30.98338386,-0.021111053,0.082485504,0.309620799,NA
DHDDS,1628.165552,-0.043716255,0.055463414,0.309645498,0.512260916
RPL27,10111.37579,0.042267295,0.051836415,0.3096593,0.512260916
BROX,1453.232974,0.043803661,0.066003899,0.309742997,0.512315826
DYDC2,11.08517079,0.0120859,0.081864694,0.309743278,NA
IFT70A,63.88086321,0.029291752,0.082567147,0.30996098,NA
SATL1,37.02713878,-0.024306309,0.082725272,0.309966074,NA
ZNF697,784.27314,0.044324059,0.067163015,0.310013782,0.512680111
KCNH6,19.73712344,0.016799178,0.082205126,0.310332209,NA
APOL2,2302.790615,0.04047606,0.049871788,0.31055643,0.513414227
SCLY,461.0248346,-0.044040831,0.068876512,0.310558921,0.513414227
CASKIN1,16.73855609,-0.007061537,0.081552464,0.310561059,NA
NANOS3,8.757499369,0.011086775,0.081808229,0.31060038,NA
OR2L2,20.22718689,0.016884791,0.082206852,0.310602152,NA
CDPF1,147.1781768,0.034973354,0.081294809,0.310702949,NA
RPS19BP1,1961.114777,0.040709379,0.0501598,0.310729903,0.513613188
NFIB,7.264187208,-0.007222141,0.081554134,0.310851832,NA
RMND5A,2085.795083,0.040566552,0.050021618,0.310914877,0.513835209
IGF1,37.28528984,-0.015580213,0.082104171,0.310999733,NA
RRAGD,2525.974217,0.043034275,0.057981012,0.311121763,0.514050691
SREK1,2222.374636,0.044157959,0.059569202,0.311188107,0.514050691
RPL26L1,454.8288014,0.042341032,0.075355546,0.311197289,0.514050691
LUC7L2,2156.399494,-0.043302131,0.060100159,0.311374708,0.514245192
GPAT2,12.47931979,-0.014214396,0.082002348,0.311435629,NA
ALDH5A1,357.6241015,0.040876691,0.077657581,0.311446468,0.514245192
HSBP1,1817.360109,0.040211226,0.049262199,0.31150212,0.514245192
MMUT,819.0576272,0.043669424,0.059110722,0.311517814,0.514245192
RPP40,66.40040395,0.028166792,0.082565106,0.31162775,NA
FLAD1,826.4223668,-0.044174241,0.054855898,0.311672236,0.514365486
EXOC2,1123.058028,0.043555998,0.060070271,0.311692098,0.514365486
GORASP1,1573.39368,-0.042511106,0.055836378,0.311964195,0.514656429
MCM3AP,4337.523554,-0.042928436,0.056629162,0.311969872,0.514656429
ADGRG1,43.22123961,-0.014769958,0.081988408,0.312049973,NA
TRIM59-IFT80,27.99292061,0.016900494,0.082197562,0.312106944,NA
WDR27,375.8294209,-0.039558084,0.078732896,0.312110904,0.514805367
SETX,4266.298615,0.042268255,0.049057504,0.31228935,0.515015959
MANEAL,113.1360346,-0.035019569,0.081261069,0.312311659,NA
DNASE1L2,19.84761203,-0.01772983,0.082232411,0.312366669,NA
SNRPB,3641.961161,0.039778475,0.047701032,0.312527648,0.515325173
SHISA2,9.786719076,-0.011191157,0.081807618,0.312770051,NA
CCDC74A,53.32272002,-0.02506544,0.082391617,0.312878116,NA
SLC44A5,8.776235927,-0.010521923,0.081771679,0.312899862,NA
ZNF385C,12.86538678,-0.014181464,0.081992243,0.313100484,NA
PHB1P9,8.313991163,0.010692287,0.081783692,0.313111351,NA
MPC1,1243.3341,0.042105669,0.055627747,0.313200973,0.516351482
CD5,18.0038786,0.010504663,0.081737804,0.313212214,NA
EPG5,1522.407815,-0.042286531,0.072933714,0.31342478,0.516627503
ITPRIPL2,6302.17364,-0.040130403,0.049737876,0.313470256,0.516627503
RALGAPA2,940.5244245,0.044145026,0.061457515,0.31361069,0.51677499
GPR18,18.94366775,0.01625304,0.082143614,0.313638233,NA
FUBP1,1810.325141,0.043438176,0.059205436,0.313663713,0.516778416
CHIC1,101.9732924,0.031955245,0.082078997,0.313845857,NA
CTXN1,15.13622735,-0.014994774,0.082048108,0.314009127,NA
RBM26,1539.614814,0.038740211,0.047614554,0.31408048,0.517381031
FOXRED1,782.632469,-0.043108744,0.060974749,0.314134179,0.51738547
PPARA,950.8581366,-0.042090034,0.074868682,0.31433961,0.51748988
FMN1,809.8146277,0.038256598,0.076275538,0.314355138,0.51748988
CPSF4,836.1606642,-0.043604204,0.062659555,0.3143955,0.51748988
ZNF174,266.5157529,0.03954402,0.078289159,0.314401629,0.51748988
GEMIN8P4,19.14722453,-0.017778388,0.082211209,0.314537513,NA
STPG1,139.1056579,-0.033683144,0.081449845,0.314685619,NA
NRF1,540.3836761,-0.04372324,0.067265785,0.314762582,0.517929052
TBC1D8B,220.9436297,0.036781094,0.08000204,0.314770564,0.517929052
STRBP,284.8885073,0.040815883,0.076715859,0.31484259,0.517963547
GCOM1,39.13701272,0.015262745,0.082066793,0.314895529,NA
EIF4H,8391.922272,0.03166654,0.03471583,0.314920168,0.518007164
SSC5D,83.54806295,-0.029516498,0.082321839,0.314990745,NA
DNAJC12,22.55624561,-0.017682476,0.08220191,0.315049836,NA
TMEM64,267.5721984,0.038067639,0.079434235,0.315185058,0.51834105
ENTREP1,10.4044881,0.013118201,0.081922498,0.315191824,NA
UGP2,3044.665074,0.039131646,0.047280998,0.315247079,0.51834105
ZNF839,409.5510348,-0.043317726,0.071773878,0.315276447,0.51834105
LRRC74B,17.30400759,-0.014209316,0.081954669,0.315366187,NA
SPINK8,11.15830743,-0.012736513,0.081894701,0.315547536,NA
BRI3BP,850.7144343,0.045242145,0.068612863,0.315605313,0.518736624
BORA,242.2043456,0.04757696,0.079471506,0.315619326,0.518736624
PCDHGA1,11.51453844,-0.011057341,0.081780857,0.315675275,NA
CSNK1E,1404.098155,-0.042398464,0.058170112,0.315884409,0.51906633
SRRT,3256.820644,-0.042891069,0.058545873,0.315922272,0.51906633
ADAMTS4,47.14111265,-0.019366802,0.082294556,0.316063685,NA
ZKSCAN8P1,15.73318016,0.012081393,0.081843181,0.316075587,NA
FAM86B1,58.63320066,-0.02482034,0.082448676,0.316245778,NA
F2RL3,20.91510304,0.016245882,0.082124296,0.316291116,NA
SPATA24,33.99524178,0.022300404,0.082409637,0.316443966,NA
TLCD4-RWDD3,19.9666078,-0.017138111,0.082150218,0.316522337,NA
SMAD4,1387.794119,-0.042232313,0.065783991,0.316530735,0.519981826
FAM120B,1089.996004,0.042567156,0.057413444,0.31658593,0.519988289
PCM1,3807.630906,0.040745285,0.051356803,0.316661013,0.520027411
ERVH48-1,24.05399312,0.01865113,0.082258838,0.316665566,NA
PPCDC,273.8120385,-0.04085557,0.076416231,0.316714923,0.520031755
AGAP10P,14.82056941,0.012062305,0.081849596,0.317010982,NA
SKA1,258.3599037,0.03712465,0.080216403,0.317089723,0.520458663
PROCR,3035.797259,0.045140116,0.0677195,0.317099064,0.520458663
TAF10,2286.900405,-0.043936098,0.056705529,0.317146122,0.520458663
SPRY2,1197.724506,0.043677176,0.065349589,0.31718744,0.520458663
STIMATE-MUSTN1,449.6875654,0.043776351,0.071752879,0.317231458,0.520458663
EFCAB10,13.81780548,-0.012062141,0.081826735,0.31747261,NA
ANKRD63,231.6567365,-0.04110929,0.078566659,0.317531235,0.520866243
CFLAR,5233.911166,0.038417202,0.046562976,0.317694205,0.520925938
CRKL,1991.426059,-0.04161051,0.054676867,0.317715563,0.520925938
SULT1A1,218.2736459,0.034620892,0.080712855,0.317721686,0.520925938
METTL18,98.45590221,0.032504754,0.081763179,0.317877728,NA
MOK,74.06504977,-0.026241166,0.082368246,0.317921215,NA
MORN1,103.6746133,-0.030707905,0.081129959,0.318156035,NA
RNASE2,194.5661704,0.032051204,0.081624367,0.318165061,NA
RCAN3,669.3908511,-0.040770309,0.076272081,0.318193808,0.521615706
API5,2749.145511,0.040594901,0.051653533,0.318310553,0.521722774
TRIM6-TRIM34,7.907499424,-0.001843929,0.081448553,0.318420656,NA
KDM4B,1256.985318,-0.041552537,0.074824963,0.318543257,0.521930924
ZBTB24,492.0603882,0.041948062,0.073296709,0.318676106,0.521930924
SEPTIN7P2,54.02431124,0.02697858,0.082429356,0.31871517,NA
ITGA5,7521.799429,-0.039867922,0.052136442,0.318742154,0.521930924
WDR45,1579.396289,-0.041573682,0.054936846,0.318745196,0.521930924
TOB2,1727.493027,-0.042690054,0.07123149,0.318786102,0.521930924
DTL,283.3244651,-0.031748398,0.081726417,0.318796814,0.521930924
AKAP10,1355.772574,0.043956274,0.063542663,0.31881398,0.521930924
NME6,1066.7994,-0.042610648,0.058287728,0.318857145,0.521930924
SLC17A9,2440.043951,-0.040057125,0.061896427,0.318900618,0.521930924
STAMBPL1,147.8989629,0.0353145,0.080363953,0.318933196,NA
EEF1A2,45.4912187,-0.025073965,0.082400427,0.318979015,NA
FBXW7,449.5364575,0.039909737,0.078159533,0.319046927,0.522086148
CASP5,100.523738,0.025394962,0.082437652,0.31913914,NA
PSEN2,1607.601769,-0.040242485,0.050959039,0.319167127,0.522142618
TBX3,227.4946853,-0.036055431,0.079660574,0.319191673,0.522142618
ZWINT,1172.695212,0.040446041,0.051469177,0.319235855,0.522142618
RNF113A,649.5059776,0.043261099,0.065002811,0.319590758,0.522638828
HDGF,6764.28726,0.036310247,0.04304419,0.319666176,0.522650969
GPSM2,615.1904169,0.043214618,0.067448277,0.319719236,0.522650969
KIF18A,220.5788298,0.040219509,0.076686011,0.319819306,0.522650969
PSMB6,2694.88433,0.039374477,0.048473949,0.319865379,0.522650969
PAGR1,1125.482761,0.042879773,0.059825101,0.319936521,0.522650969
FYB1,5530.214931,0.039348425,0.049062354,0.319960782,0.522650969
FAM227A,54.20937311,0.017329911,0.082121099,0.319978064,NA
ANAPC16,1462.090595,0.042585989,0.05846934,0.319988296,0.522650969
ESPL1,1106.080596,-0.038682238,0.077819105,0.320014517,0.522650969
TMEM127,2445.648437,-0.037962236,0.045942381,0.32006189,0.522650969
KLC1,2891.246339,-0.039307284,0.049043962,0.320191069,0.522745841
PPP1R3B,331.5755641,0.04239951,0.07037895,0.320223054,0.522745841
LEPR,335.4067044,0.042426375,0.072880876,0.320355598,0.522878068
IQCC,80.17258769,-0.030380515,0.081961337,0.320454305,NA
TIMM23B,265.8372937,-0.041299767,0.073889797,0.320540811,0.522984362
SENP3-EIF4A1,67.61704074,0.018483884,0.082213019,0.320547966,NA
RGS3,434.7923517,-0.040515259,0.076314536,0.320558769,0.522984362
RPP30,598.5627055,0.042730638,0.060056179,0.32057539,0.522984362
VILL,134.5744026,-0.034469685,0.080642017,0.320665679,NA
RIMKLA,11.71834011,0.012429254,0.081844675,0.32080791,NA
PEAR1,8.483731775,-0.008835,0.081627275,0.320816626,NA
TVP23A,41.18959154,-0.020477392,0.082305643,0.320951743,NA
TUBGCP5,581.5912509,0.042638871,0.071637572,0.320960924,0.523487426
GPATCH2L,1963.621387,0.041744236,0.069380022,0.320986966,0.523487426
TJP3,35.09904649,-0.016320402,0.082028523,0.32101287,NA
CYP20A1,845.4600255,0.041334362,0.071026661,0.321064368,0.523529489
CLBA1,107.7748684,0.028421968,0.082083069,0.321249303,NA
FOSB,23.6016099,-0.016925335,0.082092324,0.321610288,NA
RDH5,17.17455501,-0.014613733,0.081972551,0.321638984,NA
BRD8,1360.400475,0.042832895,0.061749627,0.321667034,0.524427901
FOXJ3,1176.593602,0.04224302,0.056030488,0.321782484,0.52453182
MANSC1,41.107898,0.017061199,0.082104968,0.321794433,NA
HYLS1,112.5447794,0.03581289,0.080532008,0.32187696,NA
GEMIN5,357.2682781,-0.042143158,0.071933062,0.322182853,0.525100075
PRR29,20.00717931,-0.014322937,0.081906813,0.322208988,NA
DYNC1H1,11278.98532,-0.035151308,0.042316635,0.322344526,0.525279176
IL17RE,30.77834118,0.020692028,0.082284651,0.322602756,NA
ABLIM2,8.283706542,-0.008935443,0.081631184,0.322625465,NA
ACYP1,130.9241025,0.032572781,0.081286855,0.322649854,NA
CFAP69,72.03121923,-0.024446727,0.082293656,0.322675994,NA
RGS14,1165.59331,-0.042876468,0.069765326,0.322783152,0.525867326
AGAP9,395.9800356,-0.04152022,0.07355759,0.322809133,0.525867326
ESRRB,10.67226695,0.012202628,0.081833351,0.322859514,NA
ARHGAP11B,173.5079016,-0.035883404,0.079568494,0.322983681,NA
PAAF1,378.9338193,0.041143946,0.07431003,0.32316995,0.52637058
ZXDC,1372.174419,-0.041320388,0.05520058,0.323286413,0.526475738
SEC14L5,8.88798683,0.010818525,0.081750465,0.323321181,NA
CHST2,956.6208427,0.042673292,0.070573612,0.323348779,0.526490352
AVL9,1574.931254,0.043457649,0.064980324,0.32339919,0.526490352
TSFM,816.77734,0.042887158,0.064236333,0.323490727,0.526554867
TPH2,83.55669761,-0.025287449,0.082257357,0.323492941,NA
EFNA4-EFNA3,10.20563661,0.009302768,0.081681086,0.323503964,NA
ADAMTS12,38.44041803,0.020076077,0.082218999,0.32351409,NA
SWT1,197.5897282,-0.036565011,0.079254982,0.323578052,NA
ZNF17,96.36490603,0.029906576,0.081572927,0.323625979,NA
ILF3,7805.449606,-0.036636573,0.044641816,0.323672026,0.526765447
SNORC,10.47503327,-0.009855865,0.081681307,0.323731775,NA
PRUNE1,279.5814141,-0.041193053,0.074123913,0.32373949,0.526790725
SELENOS,1019.664613,0.042898603,0.061509952,0.323823522,0.526842952
RANBP3,2374.246811,-0.041117993,0.05437006,0.323945402,0.526904816
KATNB1,669.7845777,-0.042255643,0.059699607,0.323965431,0.526904816
TMEM183BP,56.3282133,0.022749396,0.082337989,0.324011738,NA
LSR,214.7203827,-0.036476816,0.07950774,0.324071525,0.526928311
PUSL1,358.8954606,-0.0422291,0.068173952,0.324083767,0.526928311
CA6,11.3889922,-0.012345443,0.081831274,0.324121565,NA
GLRX,2074.829161,0.043157349,0.0664806,0.324180417,0.527000986
SCAF11,4273.411012,0.031059286,0.040082518,0.324350094,0.527128847
FAM24B,30.68662552,0.020731364,0.082259316,0.324354224,NA
FTO,795.9844138,-0.042707748,0.066253181,0.324370322,0.527128847
CDK12,2144.183742,-0.040498244,0.053087746,0.324414964,0.527128847
ROMO1,999.4931603,0.044633031,0.065040222,0.324467961,0.527130525
FKBP14,352.8946062,0.036601005,0.079527878,0.324539141,0.527160403
KDR,29.209679,-0.018541562,0.082152415,0.324602381,NA
MT-CO1,374620.6669,-0.040088529,0.047861607,0.32462265,0.527160403
HAUS4,1226.662292,-0.041185279,0.055223825,0.324642256,0.527160403
DLK2,26.47458725,-0.019042833,0.082200564,0.324758959,NA
PTPRS,126.5858278,-0.028169338,0.082067345,0.325009931,NA
CCDC201,13.11656659,-0.013244542,0.081866819,0.325024473,NA
BMS1P2,69.61345587,-0.024095423,0.082304456,0.325036702,NA
ROR1,7.543324905,-0.009976227,0.081686791,0.325169157,NA
CAPS,278.8886833,-0.039152834,0.077319134,0.325266455,0.528023589
ABCB9,548.2220169,-0.042166696,0.071263336,0.325277938,0.528023589
TBX18,444.66837,-0.037616022,0.078423837,0.325341202,0.528041784
PITPNM2,57.89788482,0.020551149,0.082235875,0.325376629,NA
SLC35E2A,52.02031545,-0.02144446,0.082256118,0.325626827,NA
KLK11,10.19062028,-0.012520961,0.081829005,0.325653045,NA
PRDM11,326.5859188,-0.038329353,0.078314743,0.325671554,0.5284934
TNNT1,711.5088656,0.036232755,0.080008069,0.325812516,0.528557415
RCC1,1368.910313,0.041761528,0.060152475,0.325941244,0.528557415
ZNF593,341.8414356,0.04245596,0.070154235,0.325945117,0.528557415
CTDSPL,395.1405562,0.040960474,0.074531865,0.325959808,0.528557415
MTFMT,567.642171,0.0426775,0.065315042,0.325971529,0.528557415
C2orf15,21.03059025,0.017670879,0.082130477,0.326120914,NA
CCDC127,702.8772913,0.04032911,0.075055425,0.326150358,0.528762862
SAMD10,155.4692503,-0.035659226,0.079893547,0.326226639,NA
CAMSAP3,42.22449226,0.016008688,0.082024321,0.32623519,NA
SRI,976.8559236,0.042275578,0.062112929,0.326267168,0.528837036
NUP210,2865.372106,-0.040326604,0.053069532,0.326300375,0.528837036
OR8G5,75.58169984,-0.025661137,0.082221568,0.326336044,NA
ACP6,282.6226054,0.034050186,0.08046133,0.326401109,0.52887717
TBC1D13,1413.16391,-0.041610174,0.058607824,0.326429412,0.52887717
TFAP2A,52.40489601,-0.019922942,0.082073518,0.326496726,NA
GINS1,386.8254907,0.035210291,0.080249947,0.326501174,0.528908959
AURKA,1239.568872,0.039131611,0.052636455,0.326709614,0.529162115
KLHL29,23.84161537,-0.017800587,0.082146741,0.326763453,NA
TBPL2,9.270973197,0.011720836,0.081785694,0.326860083,NA
ZNF589,1439.866374,-0.039953654,0.051477724,0.327048714,0.529544714
ERMAP,925.4675875,-0.041155323,0.066813555,0.32705024,0.529544714
KRT8P33,10.35051935,0.012457779,0.081823961,0.327186105,NA
KIF3B,1207.689918,0.041595552,0.057690972,0.327287511,0.529844321
KGD4,454.533174,0.041476192,0.071855543,0.327375846,0.529902757
POLR1G,247.9787666,-0.040445261,0.074745164,0.327629609,0.530131236
THAP7,465.0372035,-0.041133531,0.073388098,0.327646969,0.530131236
PPA1,637.0348644,0.039062854,0.076957141,0.327685523,0.530131236
DNAJC14,1253.143101,-0.041064883,0.056233238,0.327726043,0.530131236
GPATCH1,320.6777038,-0.041137757,0.073142156,0.327886114,0.530227502
RBM39,4952.659754,0.03879157,0.049372458,0.327890095,0.530227502
DNAJC17,432.6680836,-0.042240505,0.068398024,0.327947509,0.53023582
ILDR2,7.745516137,0.010943964,0.081740654,0.32807301,NA
EXOSC4,695.1427027,-0.041862848,0.058373248,0.328134297,0.530424463
SRPRB,1265.567572,-0.042413635,0.063956636,0.328223937,0.530424463
DNAJB13,27.73416002,-0.018116684,0.082098176,0.328275964,NA
IFI44L,5198.647157,0.031715449,0.081118065,0.328283337,0.530424463
ZNF724,28.31679735,-0.019674406,0.082147419,0.328286164,NA
EMD,632.7404077,-0.042862457,0.066950736,0.328313288,0.530424463
TUBA1C,6756.709006,0.040432226,0.054191822,0.328325631,0.530424463
ZRANB3,152.9727213,0.023794004,0.082211031,0.328344652,NA
ZNF727,8.329237179,-0.010153653,0.081699796,0.328476136,NA
FCGR2C,587.7800832,0.034030031,0.080075201,0.328676423,0.530717249
SEPTIN5,8.141306201,-0.009365383,0.081652724,0.328684634,NA
TMEM144,1151.135465,0.042783416,0.060967068,0.32868831,0.530717249
PES1,1999.397669,0.039324075,0.050523346,0.328704745,0.530717249
HSPA1A,2134.250042,-0.042770298,0.069835144,0.328716135,0.530717249
FAM153A,23.81392555,0.009335616,0.081649689,0.328751036,NA
NDUFS1,3308.047637,0.03904103,0.050357434,0.328919019,0.5309603
POPDC2,29.07774078,-0.016002864,0.08197975,0.329193462,NA
CXCL5,230.6001617,0.016120495,0.082010273,0.329219382,0.531312951
ZDHHC11B,18.22071557,-0.013003996,0.081815116,0.329232936,NA
ARNT,1535.464906,-0.04155237,0.061876674,0.329242233,0.531312951
SPATS2L,2969.373257,-0.040435658,0.056189842,0.329614029,0.53182833
TTC31,941.6344489,-0.042245619,0.067963187,0.329727331,0.531926534
DPY19L2P5,17.84311376,-0.014922678,0.081918345,0.329818795,NA
ZNF749,90.79841905,-0.02565612,0.082152357,0.329900341,NA
DNAJC21,1197.239761,0.043978299,0.060266949,0.3299045,0.531972963
MOCS3,378.2133643,-0.042095684,0.068006414,0.329952346,0.531972963
PLEKHG2,1305.379895,-0.0265312,0.082056433,0.330027184,0.531972963
CICP14,327.4151197,-0.039432869,0.076420536,0.330027205,0.531972963
WDR45B,2067.422924,0.036593859,0.044826369,0.330076837,0.531972963
TMEM179B,992.2358133,-0.04092804,0.055994,0.330088681,0.531972963
PDLIM5,2302.934397,-0.041304695,0.056908871,0.330123206,0.531972963
ZFP42,8.519854343,-0.011219078,0.081736346,0.330218626,NA
NFKBIA,2696.979265,0.039759108,0.051896489,0.330319372,0.532204528
ST3GAL2,1942.916844,-0.042306617,0.063811482,0.330459758,0.532346163
RIMBP3C,13.37356322,-0.008683063,0.081625102,0.330527569,NA
BRAF,693.1540594,0.034300493,0.080119878,0.330642661,0.532556233
KLB,7.895063615,-0.010669495,0.081717196,0.330922897,NA
MYH10,1751.288049,-0.036051698,0.077157653,0.330926921,0.53281759
DCTPP1,1138.0481,0.040644407,0.05558717,0.3309445,0.53281759
MTF2,1051.449365,0.040193605,0.054817186,0.330992812,0.53281759
RFC1,1233.771793,0.040721443,0.073533796,0.331015029,0.53281759
FUT8,834.3136031,0.044762632,0.070837756,0.331225594,0.533071939
NEK3,273.0437198,0.038365072,0.077345936,0.331358944,0.533201955
KCNE4,57.70347176,0.025049478,0.08210867,0.331841588,NA
TMED7-TICAM2,275.1732029,-0.036500414,0.078739502,0.331847647,0.533884414
BATF,56.21989216,-0.025725508,0.082052692,0.331848395,NA
ARHGAP26,2121.196957,-0.041574807,0.068714819,0.331888319,0.533884414
DCN,123.9980912,-0.027177924,0.081925647,0.332004897,NA
REL,1720.597281,0.040414521,0.054788261,0.332026594,0.534022162
PBX4,12.38752618,-0.01258791,0.081792562,0.332078934,NA
DUSP18,275.627262,0.040807582,0.073034916,0.332144864,0.534127695
ICAM4,78.10046461,-0.028395977,0.081930461,0.332152937,NA
TXLNB,201.115099,0.037847166,0.077734944,0.332449043,NA
RASSF1,1810.264048,0.036875021,0.045726831,0.332468093,0.534562742
SLC23A3,18.68629642,-0.016390143,0.081971251,0.332545464,NA
RBL2,1784.490403,0.039822918,0.052749539,0.332570365,0.534642438
ACTR3C,21.86066933,-0.013501926,0.081834688,0.332587598,NA
ARRDC2,1471.47185,-0.040603418,0.05560679,0.332640912,0.534652067
PPIP5K1,1169.208194,-0.041514561,0.068530222,0.332684726,0.534652067
MRPL22,605.0164576,0.041840895,0.068810956,0.332734474,0.534652067
PTPRCAP,7.975103095,-0.003888218,0.08147829,0.332779533,NA
FBXW10B,15.09587006,-0.011733227,0.081728946,0.332781646,NA
FOXO1,448.5047873,0.040399966,0.07465576,0.332837302,0.534732592
RDH10,1009.696588,-0.039250793,0.074934623,0.332929152,0.534758145
HMGB3,1312.876815,0.040792474,0.056930141,0.33295864,0.534758145
TUG1,2745.472478,0.039790482,0.052153942,0.333136906,0.534959756
AFG2A,199.4280826,0.036494861,0.078646948,0.333201022,NA
ITGA2,48.23012176,0.021902997,0.08215006,0.333205852,NA
SLC16A8,8.022374636,0.008797319,0.081616177,0.33349929,NA
TYW1B,32.41070156,0.01834065,0.082045287,0.333581605,NA
CUTALP,28.88267212,0.018161233,0.082049491,0.33358389,NA
ATP6V1G2,17.73799826,-0.014107592,0.081844005,0.33359371,NA
NFAT5,2110.854385,0.040326288,0.069965188,0.333620484,0.535651502
NOTCH2,5595.801763,-0.04169469,0.061989883,0.333711785,0.535713301
NCF2,11049.30804,0.031636515,0.036726778,0.333810501,0.535728063
FYTTD1,2937.830143,0.041939488,0.053297462,0.333861114,0.535728063
TGS1,512.3378053,0.038117907,0.071885047,0.333887987,0.535728063
MED8,1235.184855,0.041113642,0.05740957,0.33393223,0.535728063
SLC35B3,725.2801652,0.041428397,0.061583317,0.334117408,0.535940383
ANAPC4,802.2449707,-0.041083489,0.05836073,0.334214989,0.536010603
ITPR3,116.5148641,-0.029908455,0.081306015,0.334262606,NA
TRIM14,3400.103611,-0.042237005,0.064724462,0.334301408,0.536010603
WASHC5,1758.183255,0.041764446,0.063716519,0.334319705,0.536010603
JMJD7,236.5097143,-0.037068959,0.078192519,0.334433923,0.536108994
IL6R,3219.704726,-0.040433906,0.055474267,0.334634584,0.536292338
ARCN1,4683.294643,0.037335395,0.047027456,0.334654032,0.536292338
CSPP1,502.5410349,0.042079856,0.063246003,0.334780563,0.536410367
C19orf47,409.7349623,-0.039102119,0.075370339,0.334888712,0.536498909
FZD8,43.65308401,-0.023709546,0.082063858,0.334976072,NA
DENND2B,1819.803767,-0.043582988,0.072407682,0.335065967,0.536698115
SARS2,749.131792,-0.041697409,0.064748021,0.335336884,0.537047261
ARHGEF37,35.72140252,-0.014590301,0.081878231,0.335417957,NA
SLC30A4,332.4115332,-0.036986112,0.07805719,0.335488236,0.537175614
PMS2CL,65.41416363,0.026494431,0.081948078,0.335494607,NA
OSMR,21.50151417,0.012112352,0.081760047,0.3355075,NA
TMEM26,301.0649551,0.036689476,0.07840354,0.335548575,0.537175614
MAMDC2,32.59332691,0.014625156,0.081871778,0.335567527,NA
C22orf39,683.4910372,-0.042177632,0.06482162,0.335575894,0.537175614
ZBTB12BP,13.65246296,-0.013396021,0.081825267,0.335629998,NA
NPNT,15.31373307,0.008460004,0.081595156,0.335742068,NA
GGTLC2,29.80781816,-0.018138262,0.082012097,0.335882521,NA
AMT,158.1213248,0.0286125,0.081661677,0.335894734,NA
PSTPIP2,518.1129747,0.039805071,0.074135834,0.335901035,0.53761125
ZNF253,111.9644957,0.020195794,0.08208225,0.335929702,NA
ZDHHC15,73.86316527,0.026616552,0.081696147,0.335932178,NA
F12,25.91975228,-0.016559734,0.081956294,0.33596147,NA
CHI3L2,59.31222224,0.02317863,0.082041011,0.336065876,NA
ANXA10,8.610271609,0.009723138,0.08166483,0.336201316,NA
ALOX12,148.0295452,0.032333463,0.080767235,0.336207617,NA
TSTD3,211.7841058,0.039188544,0.075286095,0.336279404,0.538131925
FCHO1,212.7697647,-0.038048716,0.076722008,0.336383416,0.538213465
CASP2,765.4381572,-0.039721448,0.074427278,0.336453201,0.538240225
METTL14,640.6674869,0.040326665,0.076450801,0.33663686,0.538449118
KLHDC1,111.1879195,-0.030623045,0.081115522,0.336689519,NA
MAP4,6401.90412,-0.03709176,0.046931659,0.336771724,0.53857991
TMEM74B,39.79844466,-0.019108907,0.082023769,0.336812487,NA
LCA5,15.88431374,0.012964985,0.081807891,0.336847565,NA
DUSP28,260.2729896,-0.039946793,0.073622991,0.336958814,0.538794169
DYNC1I1,19.07806878,-0.016669034,0.081927345,0.337001725,NA
ARHGAP44,51.3331601,0.023936283,0.082042497,0.33705067,NA
RABEP2,1107.30848,-0.042191509,0.063218138,0.33709939,0.538888938
NEK6,8479.844942,-0.04093932,0.059274751,0.33712433,0.538888938
NCR3LG1,208.5131829,0.03475417,0.079628078,0.337186122,0.538902793
CTSH,6412.925277,0.037558056,0.048877558,0.337461365,0.539163816
SOS2,1543.0978,0.039265218,0.049901894,0.337510584,0.539163816
ERN2,12.83876665,-0.013299482,0.08179217,0.33751894,NA
UBL5,2110.597396,0.041166327,0.060059563,0.337528542,0.539163816
RBCK1,2547.792666,-0.03866247,0.051152622,0.337562046,0.539163816
METTL8,475.2177308,0.040322875,0.072926464,0.337755838,0.539381994
B3GLCT,429.4822424,0.041283307,0.068791378,0.337804989,0.539381994
PIBF1,196.1052477,0.031413544,0.080896342,0.337838868,NA
TMEM248,2341.816228,-0.041533455,0.064783262,0.337958027,0.539538387
CREB5,586.6696891,-0.034520599,0.07982065,0.338009311,0.539538387
MACIR,143.6613335,0.035547937,0.078847923,0.338027953,NA
CTSW,92.40950243,0.029673485,0.08139857,0.338064527,NA
PRSS51,33.12937841,-0.016555307,0.081924868,0.338376702,NA
FZD3,49.4686246,-0.014820712,0.081844548,0.338533079,NA
GUSBP11,84.339332,-0.029603978,0.081338612,0.33886891,NA
EDNRB,481.989648,-0.041319215,0.065006683,0.338898427,0.540872505
CD160,16.27802549,-0.010836857,0.08166634,0.338913803,NA
DDX12B,215.8289535,-0.035279422,0.079485498,0.339005289,0.540886601
PLEKHM1P1,399.3714337,-0.037379421,0.075719404,0.339080148,0.540886601
SMOX,1160.135738,-0.041509581,0.0674565,0.339150585,0.540886601
CD55,1137.994729,0.0407972,0.069484706,0.339175038,0.540886601
ABT1,802.9608431,0.040713903,0.058510118,0.339187673,0.540886601
ARMH3,1154.790174,0.042966316,0.059126314,0.339227184,0.540886601
CCNYL1B,11.89028567,-0.012766182,0.081778208,0.339306164,NA
AGK,764.0794053,0.040077892,0.058439953,0.339348142,0.54099443
EGFL8,112.2699206,0.026726491,0.081621443,0.339428118,NA
SPAG5,1115.417221,0.040844224,0.05671333,0.33943309,0.541023683
CFAP119,151.8674485,-0.034205381,0.07959874,0.339487933,NA
MEIKIN,77.4335002,0.028067614,0.081812975,0.339511527,NA
ALDH18A1,1109.29898,-0.040460916,0.069360351,0.339521879,0.541023683
SSR2,2964.832548,-0.034433879,0.042001584,0.339526495,0.541023683
BRD3OS,296.68105,-0.045793661,0.084062352,0.339599363,0.541054804
DDN,7.494485721,-0.009896938,0.081655826,0.33971881,NA
PDE2A,36.93225471,0.01737444,0.081963837,0.33972479,NA
PCTP,705.8251724,0.040697734,0.058109065,0.33974094,0.541160754
DLEU7,211.1651902,0.036202791,0.078149978,0.339772559,0.541160754
SOS1,1511.679633,-0.040585165,0.058408437,0.33982957,0.541166587
DNAH7,19.17394548,-0.010182681,0.081655328,0.339985285,NA
NUDT9,1428.57072,0.041304303,0.067655368,0.340003888,0.541359196
BAG4,934.2756829,0.041496821,0.06363371,0.34038601,0.541773545
TRIM39,588.3757597,0.041105887,0.066419571,0.340427261,0.541773545
PPP1R10,2417.289249,-0.045958355,0.076233549,0.34045318,0.541773545
ZC3H12D,557.50728,-0.041120498,0.066188553,0.340477756,0.541773545
RIPOR3,76.06086943,-0.027509951,0.081605535,0.340493013,NA
AMMECR1,320.6751702,0.035456158,0.078680409,0.3405862,0.54177958
SREK1IP1,942.4244969,-0.041751405,0.065496997,0.340588366,0.54177958
VN1R83P,12.52020728,0.013659319,0.081812327,0.34061032,NA
EI24,1887.827756,0.039088304,0.052605662,0.340842339,0.542098571
LRRC8B,820.164918,0.041042685,0.061445212,0.341016982,0.542291311
SEMA4C,704.4761472,-0.040761981,0.069285811,0.341118938,0.542368418
DLG1,850.801473,0.041135735,0.06639572,0.341308402,0.542584615
ASCL2,134.6284845,-0.034131818,0.079507687,0.341386655,NA
PIP5K1B,18.79194938,0.014720152,0.08185269,0.34165037,NA
CKM,9.142591527,-0.011082005,0.08168609,0.34197205,NA
PSMC5,3049.447541,0.037121921,0.04794019,0.342045751,0.543546171
JPH4,62.74782116,-0.02481709,0.08179182,0.3420515,NA
FBXO5,368.0938445,0.040631767,0.06951584,0.342064119,0.543546171
PSMB5,1986.706981,0.038241447,0.050649299,0.34207401,0.543546171
MATN1,10.74693076,-0.011022395,0.081701632,0.342075629,NA
EIF5A2,153.1761007,0.015257089,0.081870413,0.342137759,NA
NUP43,532.592147,-0.040997409,0.064299899,0.342527785,0.544181965
SLC27A5,159.5435734,-0.033279747,0.079710648,0.342707903,NA
SLC25A19,2426.850654,-0.038822803,0.052458272,0.342799647,0.544528596
CYP4F27P,32.86413308,-0.02009636,0.081988205,0.342821723,NA
RRP9,415.0920349,-0.041170977,0.065861108,0.342860955,0.544540712
REXO4,1097.960961,-0.038468539,0.051789545,0.342994809,0.544592393
TIFA,363.2028291,-0.039390927,0.073523675,0.343000867,0.544592393
DBF4,405.586202,0.0355113,0.07870739,0.343224338,0.544861922
NLRC3,17.10850775,0.014914317,0.081840226,0.343249101,NA
EREG,35.62745463,0.019113239,0.081933216,0.343249825,NA
METTL24,29.78231956,0.018144354,0.08173795,0.343449643,NA
RAB29,2046.00704,0.032911214,0.043881016,0.343517008,0.545241203
SEPTIN14P19,6.099765288,0.008546227,0.081600833,0.343574642,NA
DUSP6,1438.368124,0.037821724,0.075876467,0.34367866,0.545311094
CDC20B,15.45976065,0.014231545,0.081820058,0.34374823,NA
RARRES1,329.9191075,0.038508154,0.075034999,0.34375643,0.545311094
MCM2,1093.445402,-0.040837382,0.062910308,0.343795078,0.545311094
BMS1P10,13.36947913,-0.014129727,0.081793568,0.343858006,NA
ARPC1A,923.045358,0.038966174,0.05356257,0.343926413,0.545311094
GSK3B,1814.787529,0.037994679,0.075264672,0.343942444,0.545311094
WWOX,285.7830741,-0.037000144,0.076568254,0.343960062,0.545311094
RPF2,589.8952356,0.039776493,0.072028151,0.344016873,0.545311094
ZNF784,201.4441939,-0.037255355,0.076440444,0.344030349,NA
TOP3B,782.4934469,-0.041695356,0.065178734,0.344033623,0.545311094
ICOSLG,3994.102151,-0.040297641,0.062977839,0.344044854,0.545311094
SCFD2,453.2095948,-0.040621575,0.068543297,0.344103806,0.545319326
NUP205,1715.431326,0.040169705,0.057910571,0.344182148,0.545358281
RETN,92.2954737,0.029929005,0.081648245,0.344257287,NA
ABCA1,2912.208184,0.037881505,0.050055707,0.344329538,0.545386348
GSR,3000.669521,-0.038913584,0.053516092,0.344388225,0.545386348
TACO1,663.2704907,0.03905296,0.058943557,0.344393231,0.545386348
NFE2L2,2828.488536,0.036637205,0.04710207,0.34441492,0.545386348
PERP,62.21877906,0.026803638,0.081618177,0.344446925,NA
METAP1D,90.7889359,-0.023071045,0.08188152,0.344473584,NA
RGS2,170.8748922,0.035803395,0.078280194,0.344590439,NA
MICALL2,736.9813778,-0.040923701,0.066693596,0.344637496,0.545653622
NAIPP1,32.3814407,0.017202676,0.081902916,0.344672267,NA
NAIPP3,32.3814407,0.017202676,0.081902916,0.344672267,NA
FAM117B,113.5920565,-0.031955178,0.080249919,0.344919657,NA
NSMCE3,537.9953609,0.040930374,0.061026929,0.344938854,0.546045526
GJC1,61.75624773,0.014850663,0.08182766,0.345167986,NA
SLC4A3,13.18763407,0.012950816,0.081750397,0.345186356,NA
PLEKHD1,19.64518517,0.015688514,0.081859529,0.345334948,NA
ARSB,3871.903798,0.034208803,0.042081363,0.345423959,0.546689571
EDRF1,427.559348,0.038635085,0.07184739,0.345453485,0.546689571
KDM1A,1611.961096,-0.039395527,0.057388042,0.345646045,0.546842681
DUSP10,876.6773868,-0.039194866,0.059891246,0.345658051,0.546842681
CDC42BPG,26.30961999,-0.013741969,0.081773997,0.345868301,NA
U2AF1L4,433.3521408,-0.040624299,0.065060185,0.345979399,0.547265714
RPL23P2,7.723880162,-0.009345529,0.08161286,0.346002473,NA
PRELID2P1,16.23617871,-0.014676425,0.081796553,0.346036749,NA
SYNJ2,541.4147495,-0.03582621,0.077648098,0.346040476,0.547276986
LINC00674,11.67426052,0.012434509,0.081735727,0.346095105,NA
EIF3M,2358.318312,0.039817414,0.058215513,0.346256374,0.547444983
ADAM12,1046.325917,0.03967099,0.055803273,0.346281931,0.547444983
RAB24,998.8465025,0.036890012,0.062364456,0.346358369,0.547444983
PHTF1,791.0735739,-0.040141458,0.058282059,0.346400909,0.547444983
DNMT3L,8.099785881,-0.008266739,0.081577655,0.346404228,NA
ENSA,7642.007746,0.034528369,0.043109,0.346436892,0.547444983
C8orf33,1527.733681,0.038707009,0.052937295,0.346491711,0.547444983
FAM149B1,484.7897125,0.039014802,0.072417935,0.346524471,0.547444983
FBXL8,128.7589531,-0.033397655,0.079290215,0.346541176,NA
ARMCX3,2000.212231,0.036839929,0.047828039,0.346763288,0.547736965
ZC3H12A,594.0941563,-0.036503438,0.076193946,0.346890968,0.547853337
ZNF507,73.48530293,0.026967029,0.081480736,0.346918041,NA
RPL18A,16569.05172,-0.032963937,0.040269392,0.347176101,0.548218302
ZNF468,304.4026179,0.03654739,0.076633553,0.347272028,0.548284429
PCDHB14,11.91099362,0.01206453,0.08170227,0.347416397,NA
FBXL2,144.0335211,-0.031772538,0.080239998,0.34744321,NA
IQGAP2,2370.49548,0.03989467,0.071352848,0.347487656,0.548398429
THAP10,46.27071295,0.020647215,0.081884305,0.347499172,NA
ADCY7,9163.165161,-0.039471778,0.06235502,0.347512298,0.548398429
COG7,498.1503232,-0.039614213,0.0733844,0.34754906,0.548398429
MRPS5,1719.072769,0.037288964,0.048531061,0.347563444,0.548398429
MEIS3P1,96.69633923,0.029531106,0.080952529,0.34757859,NA
TMEM243,783.7894743,0.039311133,0.055589015,0.347619001,0.548398429
TMEM250,1608.585384,-0.039575843,0.056558372,0.347668602,0.548398429
SHMT1,501.1747495,-0.039657342,0.070841593,0.347773796,0.548446637
PSMB4,3345.62707,0.036268146,0.043232155,0.347807297,0.548446637
HAUS1P1,15.33235531,0.011908266,0.081708136,0.347956075,NA
ETFBKMT,91.22511538,-0.021877,0.08174293,0.348011385,NA
CYP4F3,30.91769886,-0.009812921,0.081584612,0.348044716,NA
GLB1,6394.351254,-0.03353185,0.041269105,0.348070567,0.548766931
YLPM1,2117.998769,-0.038326136,0.052421319,0.348143955,0.548766931
IFNAR2-IL10RB,549.4482575,-0.040397557,0.067213065,0.34817271,0.548766931
POLR3F,258.7078813,0.037968861,0.075021613,0.348361751,0.548874439
DEPTOR,170.922592,-0.035813823,0.077617041,0.348415874,NA
HMOX2,1597.560728,-0.039814019,0.058337782,0.348447077,0.548874439
SLU7,1833.910732,0.040251463,0.06732009,0.348452667,0.548874439
TRMT12,253.0989247,0.034541133,0.078679564,0.348457353,0.548874439
PPP1R26,927.1630081,-0.039490482,0.055896423,0.348515198,0.548880325
PHF11,650.0119168,0.040263164,0.066469167,0.348581634,0.548899735
WARS1,19927.35177,0.038033312,0.050444204,0.348654295,0.548928941
ACACB,149.0273296,-0.029463728,0.080766127,0.348660489,NA
H4C14,119.8417757,-0.029649183,0.080955549,0.348666271,NA
OSGIN1,149.2429308,-0.031844575,0.080907507,0.348734016,NA
MYBL2,1281.062898,0.040610501,0.061993968,0.348899186,0.549229259
RAB30,114.3389258,-0.030780683,0.080456883,0.348957635,NA
PYGB,3154.869949,-0.038599327,0.053461966,0.349004761,0.549269123
ATG4A,502.0805347,0.040473232,0.063739337,0.349032804,0.549269123
PRSS12,16.44668741,0.010802856,0.081639041,0.349087753,NA
ANKRD23,65.14872135,0.021457464,0.081876854,0.349256174,NA
CHCT1,15.70737392,-0.011082501,0.081660617,0.349343011,NA
FAM47E,49.38502546,0.023228982,0.081819469,0.3493488,NA
PLEKHA4,72.45505705,0.025916595,0.081544888,0.349362304,NA
BCL7B,1829.372542,-0.039275847,0.056244252,0.349439624,0.549824034
GAS1,49.98213487,-0.022091559,0.081828807,0.34949466,NA
FRRS1L,50.69736439,-0.022396344,0.081806815,0.349692815,NA
KCNE3,1959.235376,-0.040455881,0.057150656,0.349771419,0.550260743
NF1P8,12.09610012,0.012372025,0.081712045,0.349802531,NA
SETMAR,197.6631823,0.035368765,0.079709628,0.349870094,NA
CCL4L2,131.0420943,0.029434139,0.080876826,0.349960822,NA
AUNIP,63.87666533,0.021178591,0.081851819,0.350022021,NA
ORAI1,1511.195748,-0.039789722,0.05883453,0.350150572,0.550771809
HLA-DPA3,23.13810742,0.0169886,0.081738325,0.350350651,NA
TRIM44,4004.267841,-0.037844933,0.05152512,0.350443108,0.551146494
SHOX2,340.8564763,0.038909256,0.069635574,0.350619566,0.551269341
BUD23,1637.996087,0.035720323,0.046209553,0.350629908,0.551269341
TAF11,850.5681835,0.039965969,0.064929604,0.35070557,0.551302852
NEDD8,3142.579596,0.039763808,0.057675872,0.350912927,0.551543342
NUCB2,419.7001814,0.036512437,0.076090545,0.351041574,0.55157856
RNASE1,1211.939958,-0.039884271,0.069613031,0.351044083,0.55157856
PINX1,212.5743238,0.036302012,0.077050002,0.351142942,0.551648443
ZNF517,183.8518229,-0.034512013,0.07764158,0.351232126,NA
CSTB,13870.10381,0.040051548,0.061428893,0.351294479,0.551799406
SND1,7335.577132,-0.039386881,0.057193094,0.351374918,0.551799406
ARSI,10.42945773,0.010587075,0.081641607,0.351418898,NA
RABL6,4278.256077,-0.038109242,0.052094823,0.351453863,0.551799406
ALKBH6,412.2214352,-0.039962645,0.068239784,0.351456621,0.551799406
DDX18,1787.970117,0.039843019,0.059361721,0.351578766,0.551807851
DNA2,186.7391855,-0.029188843,0.081072207,0.351602876,NA
HAVCR2,8133.139594,0.031509658,0.036070231,0.35161018,0.551807851
IREB2,2790.134854,0.039767769,0.059540031,0.351625192,0.551807851
NICOL1,226.2324408,-0.037443042,0.075698372,0.352076477,0.552430592
RAX2,6.466864081,-0.009231169,0.081596452,0.352078061,NA
DACT1,97.03229834,-0.026709983,0.081449386,0.352079322,NA
FAM83D,207.4179954,-0.036248905,0.076583379,0.352189311,0.552482913
CEP97,236.6992613,0.036469776,0.076309214,0.35221875,0.552482913
CHCHD6,194.9213206,-0.036085606,0.075329708,0.3522849,NA
CYFIP2,98.75477969,-0.024302017,0.081601735,0.352511388,NA
RGS4,21.73762285,0.013965271,0.081749067,0.352512628,NA
ENOSF1,2286.978308,-0.041647346,0.065293389,0.352624915,0.553034499
MGST1,209.4929791,0.036642841,0.07617343,0.352702335,0.553070411
NOD2,437.7119657,0.031164498,0.080108638,0.353027492,0.553255941
LUC7L,987.2268905,-0.037073052,0.05184496,0.353038588,0.553255941
SNX1,4085.786372,0.03772037,0.051021484,0.353144534,0.553255941
PRORP,714.7989758,0.038504391,0.069223851,0.353163461,0.553255941
IER2,1559.823632,-0.040440398,0.064044352,0.353164021,0.553255941
DNAJC25-GNG10,342.1533511,0.038388979,0.073162116,0.35319998,0.553255941
KLHL12,1177.151416,0.037344198,0.050522012,0.353202432,0.553255941
ZCCHC8,1031.086798,0.037492128,0.050928612,0.353305589,0.553332083
MPZL2,12.98725899,0.01354367,0.081733254,0.353349653,NA
MMP24,56.59281711,-0.023564265,0.081650372,0.353396618,NA
EPOP,414.3466265,-0.038959684,0.070839848,0.353425486,0.553362649
TULP4,2536.624193,0.041283357,0.061936575,0.353434207,0.553362649
PROM2,47.88157072,0.021578015,0.081784041,0.353813207,NA
PXYLP1,46.64412289,0.019830383,0.081799516,0.353937504,NA
FLI1,2127.686587,-0.038421802,0.054311982,0.353979778,0.554131306
P2RX6,26.92438501,-0.012257871,0.081657325,0.35399811,NA
ZNHIT3,610.9850084,0.039652132,0.066900245,0.354077085,0.55419811
TM4SF19-DYNLT2B,88.45855798,-0.024562308,0.081531373,0.354199931,NA
ZNF334,145.5336733,0.032314291,0.079512928,0.354282026,NA
RAB43,2050.815336,0.038529624,0.071964946,0.354794833,0.55523585
YY2,54.94974992,0.023856774,0.081641756,0.354887018,NA
TBC1D22A,1334.264877,-0.038783553,0.056492325,0.354966616,0.555418996
USP3,1249.83379,0.040343616,0.060967655,0.355114002,0.555563917
HROB,192.2687823,-0.035599942,0.076205038,0.35518149,NA
ZNF658B,32.34315283,0.018383217,0.081805211,0.355236203,NA
WASHC2A,2179.458641,0.037669186,0.056118049,0.355285419,0.555618328
PPM1L,558.8811466,-0.039602432,0.068747412,0.355307454,0.555618328
RHOBTB1,1709.5301,-0.029966702,0.061300186,0.355313101,0.555618328
SLC35G1,82.3420704,0.026645717,0.081318872,0.355370145,NA
NAA38,695.3029615,0.040908288,0.064999139,0.355453879,0.555728283
ARMCX1,1148.527302,0.037611148,0.052181656,0.355492984,0.555728283
WDR70,708.9532985,0.038526667,0.071418168,0.355582286,0.555782236
PRELP,25.04268683,-0.0169848,0.081777184,0.355811645,NA
SMARCD3,112.6742274,-0.028687833,0.080730202,0.355898526,NA
MPDZ,1551.758183,-0.038769318,0.071548392,0.355922605,0.556228456
PGM2L1,613.8044331,0.037699977,0.072659202,0.356053334,0.556347046
PLK2,63.93005255,-0.022424855,0.081658341,0.356071154,NA
PCYOX1L,359.4201177,-0.038048587,0.073489082,0.356112243,0.556353394
IGSF22,136.9791126,-0.02913801,0.080629999,0.35624192,NA
SLC6A12,2275.478948,-0.039686889,0.06187625,0.356301441,0.556563261
VMAC,218.6439388,-0.037444286,0.074262393,0.356372934,0.55658923
AKIP1,1275.41663,-0.038170349,0.054078515,0.356453671,0.556629625
TMEM54,57.19013758,-0.0225676,0.081615426,0.356644629,NA
DAP3,2033.017872,0.041087132,0.057398811,0.356673587,0.556887312
ZSCAN25,391.9483956,-0.037115714,0.070015041,0.356854846,0.557084573
FAP,57.27932454,-0.023214833,0.081571428,0.356920462,NA
TMED2,5632.18981,0.034183425,0.044067682,0.357065501,0.557284449
WSB1,4868.909331,-0.03595983,0.050060518,0.357092756,0.557284449
UBE2L5,10.64715869,-0.011416114,0.081638673,0.357205087,NA
AKAP13,6317.769968,0.03795966,0.056340624,0.357224657,0.557358564
CEP164,1045.41464,-0.039413622,0.061418368,0.357250137,0.557358564
RYR1,60.38838928,-0.015483888,0.081757549,0.357375316,NA
POPDC3,158.454825,0.028908121,0.080733414,0.357472338,NA
STX1A,271.8957172,-0.032693423,0.078210913,0.357487029,0.557642384
TNC,1187.009751,0.033657231,0.078442347,0.357557369,0.557666351
TGFBR3L,18.18432514,-0.014762618,0.081718844,0.357654504,NA
RPL10P16,19.89013461,-0.013970496,0.081708464,0.357749688,NA
MRPS11,820.0523342,0.039501551,0.066623787,0.357787892,0.557908649
ABCA11P,29.7850838,-0.014038397,0.081700444,0.357833368,NA
CYP51A1,1419.41698,0.038681329,0.071879174,0.357845648,0.557908649
ZBTB3,127.1031131,-0.027666723,0.081054677,0.357858008,NA
SLC37A1,345.0771445,-0.036977005,0.074001168,0.357910923,0.557908649
BUB1,891.0205714,0.039272818,0.062198176,0.357932718,0.557908649
PODXL2,68.61078795,-0.025633358,0.08132403,0.358096543,NA
ABAT,300.1629126,-0.035607159,0.076501708,0.358146538,0.557984544
SNAPIN,978.1972968,0.037973315,0.054594432,0.358161212,0.557984544
PAF1,1694.776299,-0.037243799,0.051876427,0.358165897,0.557984544
ZC3H10,475.9952772,-0.034345861,0.077782806,0.358201434,0.557984544
MEAK7,368.5547317,-0.039251357,0.070702723,0.358292949,0.558010018
CCL18,308.1355267,0.036351791,0.075708531,0.358404377,0.558010018
MAP2K3,1684.242205,-0.038803307,0.057600006,0.358408194,0.558010018
FSCN2,8.241594984,-0.01030499,0.081607204,0.358422229,NA
RUFY1,1525.887537,0.039905118,0.063326953,0.358437823,0.558010018
GJA1,50.32875281,-0.021622544,0.081567282,0.358589563,NA
SRP14,4739.219925,0.033132127,0.041706246,0.358623922,0.558214066
KLK4,76.99741947,-0.023350802,0.081517844,0.358796529,NA
ORMDL2,874.1024639,0.039300667,0.06755886,0.358810301,0.558240951
GPC3,523.5459267,-0.039357895,0.066952683,0.358833654,0.558240951
ZNF26,497.60512,-0.036792749,0.075773395,0.358880289,0.558240951
SRP68,2240.532161,0.037697711,0.05266416,0.35889829,0.558240951
PPP1R3F,101.2632704,-0.023948375,0.081426797,0.358903666,NA
CYP19A1,496.2256576,0.032597133,0.079255613,0.358960182,0.558240951
MRPL28,1141.902027,-0.038198891,0.054681686,0.358998418,0.558240951
ALPK1,1611.410744,0.03775671,0.052802486,0.359026416,0.558240951
DDX11L2,115.9561105,-0.029384637,0.080336013,0.35907216,NA
RCVRN,8.70678748,0.00904319,0.08157139,0.359145225,NA
AASDH,234.2693344,0.035499796,0.076630455,0.359174261,0.558344394
EFR3B,584.1620058,0.039347058,0.067402234,0.359203028,0.558344394
PKD1P4,464.7710797,-0.030233731,0.078981719,0.359324957,0.558448348
CDRT4,28.00176196,0.005449738,0.081498308,0.359341165,NA
ULK3,1343.645805,-0.03886072,0.058981261,0.35952622,0.558590645
EHD3,119.1463447,-0.031601661,0.079331682,0.359553938,NA
BECN1,2109.81098,0.03625696,0.04842645,0.359568355,0.558590645
SEPTIN8,1181.204554,-0.037768361,0.051735612,0.359581715,0.558590645
AAMDC,174.5040303,0.03644237,0.075520768,0.35963806,NA
EXOSC10,2229.75034,0.037337641,0.053509601,0.359658279,0.558624036
RAB3IL1,1225.304665,-0.039182045,0.061049446,0.360123898,0.559261608
NRXN2,9.116189451,0.009336255,0.081561885,0.360211429,NA
SGCE,24.85073093,0.01419774,0.081678362,0.360225553,NA
TUBB4B,3264.550996,0.038249679,0.055345357,0.360352116,0.559483884
CDH5,7.719527119,0.007990777,0.081536626,0.360371233,NA
EEF1AKMT3,249.7715721,-0.038526137,0.075195393,0.360377336,0.559483884
ZC3H12C,841.0160103,0.046773812,0.066594576,0.360577492,0.559708963
CLEC6A,7.965335146,0.008282023,0.081546609,0.360726216,NA
FAN1,762.4797129,0.038686412,0.06260849,0.360742065,0.55987875
ACTR5,176.1630751,-0.035516435,0.076321482,0.360788918,NA
PIM1,8737.118121,-0.036865005,0.051379366,0.360911742,0.560036677
ZNG1E,564.2066651,0.039092315,0.067712162,0.361012104,0.560036677
RPS28,5459.342944,-0.033689415,0.04361097,0.361035288,0.560036677
MOB3B,1161.080593,0.039572993,0.0609023,0.361118007,0.560036677
TSG101,1377.816056,0.036455033,0.054736405,0.361124688,0.560036677
ERICH1,614.4998163,0.037740733,0.068701254,0.361175073,0.560036677
CADM3,12.62676273,-0.010357158,0.081589747,0.361230817,NA
SIT1,108.4353705,-0.030288718,0.080130243,0.361386912,NA
RNASEK,6332.135094,-0.030852649,0.038919724,0.36142156,0.560325767
EPHB4,15.42554966,0.012943928,0.081641704,0.361422383,NA
GJD3,485.6735471,-0.038537497,0.070459066,0.361511134,0.560325767
MPDU1,1990.764655,0.038194994,0.055417906,0.361527222,0.560325767
ATP5F1E,2917.544935,0.038852099,0.058835875,0.361637174,0.5603331
UBE2E3,876.5119842,0.03875854,0.058611588,0.361642429,0.5603331
PLD1,878.4210747,0.038905726,0.066679138,0.361756116,0.560423648
SRSF4,2566.970513,0.036436859,0.04994491,0.361895238,0.560553565
ALDH8A1,12.68566661,0.01036392,0.081611169,0.361956626,NA
ZNF830,477.2433836,0.039087802,0.067730082,0.361971059,0.560579208
PLA2G7,8357.110077,0.040930353,0.062086678,0.362022318,0.560579208
CCR3,21.99966627,0.013213866,0.081654806,0.362126801,NA
PREB,2019.051098,-0.033124651,0.042668284,0.36214201,0.56066812
SENP7,247.9486188,0.027945807,0.080699238,0.362190279,0.56066812
SHQ1P1,33.03473487,0.018117521,0.081683365,0.362205155,NA
GLIPR2,3819.835595,0.039316415,0.06188071,0.362247478,0.560671105
CROCCP4,7.063032301,0.005446472,0.08148865,0.362378641,NA
ZNF236,512.5222142,0.03091,0.079603656,0.362507809,0.560977184
EIF2B4,1059.557878,-0.037529795,0.053634822,0.362555838,0.560977184
MDH1B,8.099136346,0.009862758,0.081590003,0.362558537,NA
TFG,1622.426807,0.038053536,0.053148964,0.362746091,0.561109606
ARID4A,1653.883592,0.035612706,0.048128573,0.362758254,0.561109606
NABP1,3763.103869,0.038284544,0.056851549,0.362807364,0.561109606
HMGCS1,1021.425187,0.037678857,0.070891656,0.362944039,0.561235416
ALPL,80.78167001,-0.026100201,0.080519323,0.363079621,NA
NFKBIL1,450.6704847,-0.036070436,0.074991032,0.363135385,0.561445717
HIPK2,3848.843599,0.038686368,0.05802657,0.363231562,0.561508833
XKR6,166.1047167,-0.032995432,0.078298647,0.363312789,NA
AMD1P4,13.25541349,-0.011591302,0.081620944,0.363319307,NA
MED27,415.9594965,0.036710307,0.074147191,0.363347584,0.561602604
SIGLEC8,18.75959644,-0.013825427,0.081657303,0.363563832,NA
SIGLEC7,994.8216326,0.038616938,0.057835978,0.363576793,0.561871266
ENDOD1,148.0214371,0.030583135,0.079958644,0.363639936,NA
DUS4L-BCAP29,259.4851383,0.037113278,0.073727076,0.363655662,0.561907546
SNX21,206.7198117,-0.029232033,0.080208976,0.363828144,0.562088439
OR1M1,12.27468032,0.012396356,0.08164858,0.363884372,NA
ALG9,581.6521975,0.040176742,0.060562244,0.363950875,0.562192428
PTMA,25226.10465,0.03943155,0.057889253,0.36402025,0.562213979
APH1A,5821.153826,-0.03026575,0.037723404,0.364083799,0.562226527
CEP290,443.3104931,0.036804793,0.070776238,0.364326185,0.562451648
FCER1G,7539.816829,0.039656299,0.05997778,0.364340475,0.562451648
SORD2P,11.84530739,0.010999958,0.081605718,0.364384343,NA
FGF13,233.6011667,0.031875512,0.078710575,0.364463353,0.56255573
KITLG,86.75743793,0.021203925,0.081571298,0.364567534,NA
MAGED1,1404.299889,-0.038011871,0.058473953,0.36458917,0.562664315
ADCY9,259.75122,-0.027745987,0.07734964,0.364764707,0.562849588
SOX8,38.70072269,-0.020572611,0.081585042,0.36492988,NA
SUFU,1249.87334,-0.037629859,0.056389585,0.365296427,0.563464617
EFNB1,1179.401004,-0.038813692,0.064991353,0.365344489,0.563464617
TRAF3IP3,324.8847296,0.038226215,0.069638962,0.365375281,0.563464617
SLC25A45,364.0606711,-0.036831457,0.073635382,0.365385475,0.563464617
CWF19L2,409.0638365,0.038820075,0.0639508,0.365481246,0.563502775
TBRG4,1655.651207,-0.036255821,0.050793895,0.365521319,0.563502775
MMP10,183.1668477,0.032973496,0.078289883,0.365676835,NA
EWSR1,7665.096939,0.02934626,0.036103579,0.365741472,0.563755121
YTHDC2,822.7719217,0.040041456,0.068695691,0.365796156,0.563755121
EHMT1,1937.173298,-0.025457914,0.081016378,0.365969257,0.563936221
NKAIN4,12.42881016,-0.012499436,0.081582075,0.366042423,NA
PFN1,35530.3458,-0.033789832,0.041567825,0.366121234,0.564084721
UGCG,3786.216753,0.036729363,0.051359465,0.366388191,0.564410298
TMEM164,2363.070899,-0.038287731,0.065479455,0.366567282,0.564600442
VWF,398.2727283,-0.03267844,0.078259305,0.366662606,0.564661527
RGS9,31.76597657,0.016432367,0.081650632,0.366783808,NA
PGA4,100.679063,0.023208907,0.081383655,0.366947737,NA
ATP10A,1019.961228,0.03645182,0.07422771,0.366953088,0.565002389
RABGAP1,1529.532027,-0.037972463,0.060328978,0.367016661,0.565002389
RRP1,1288.206845,-0.038156909,0.057454038,0.367051039,0.565002389
PDRG1,656.3382212,0.038707111,0.062813333,0.367169885,0.56501887
UBE2Q1,2558.096907,-0.037724309,0.066370888,0.36721646,0.56501887
BIVM,466.4962107,-0.038550074,0.067156015,0.367232967,0.56501887
ZNF347,172.9127869,0.030075689,0.079794159,0.367279269,NA
MTPAP,580.3430764,0.034914295,0.071955943,0.367327731,0.56501887
ZNF438,1233.537411,0.035646296,0.053547007,0.367395778,0.56501887
SLC22A5,277.7825828,0.033765314,0.076328354,0.367398218,0.56501887
HTATIP2,1045.413835,0.042583783,0.063673719,0.367472195,0.56501887
DNAAF3,26.25233386,-0.013877261,0.081597905,0.367510484,NA
DHX8,2251.007805,-0.037336687,0.055279781,0.367545975,0.56501887
HGSNAT,2499.354469,-0.038320958,0.06035895,0.367569922,0.56501887
CCDC30,183.6527169,0.023960177,0.081240496,0.367594588,NA
CCNQ,507.8767607,0.038717446,0.062874909,0.36765475,0.56501887
BAG1,2738.962648,0.03149312,0.040225666,0.367674444,0.56501887
CCDC91,650.7070323,0.037382422,0.071285991,0.367792264,0.565114317
UPK3BL3P,27.81779488,-0.016736503,0.081654187,0.367792722,NA
EEIG2,1465.96972,0.036564003,0.05198407,0.368128403,0.565475059
SUMF2,5010.365166,-0.034244828,0.045602531,0.368138534,0.565475059
SPDYA,17.61965672,0.012907814,0.081595615,0.368319589,NA
PRPF19,2463.371783,-0.034162878,0.047558966,0.368491629,0.565873857
RP9,251.0180467,0.036118045,0.074576538,0.36850973,0.565873857
CCDC28B,149.4986994,0.031221318,0.079571774,0.368701823,NA
TMEM109,2931.490645,-0.036108255,0.050521706,0.368723326,0.566066474
QDPR,1219.694935,0.039468985,0.061351895,0.368746773,0.566066474
PIK3C3,1206.608671,0.03699073,0.071896617,0.368831628,0.566111066
DPY19L2P3,55.08731538,0.022456452,0.08141475,0.369202042,NA
CYP46A1,96.76680453,0.026948002,0.080552119,0.36961306,NA
SSTR2,116.8402794,-0.027967486,0.080252232,0.369678298,NA
PRPF40B,111.4205073,0.024731832,0.081075028,0.369735629,NA
NIPA1,657.9878638,-0.038833168,0.065072049,0.369996605,0.567813247
LURAP1,69.12619439,-0.027097507,0.0805597,0.370090754,NA
HPRT1,623.393497,0.035395174,0.073269713,0.370129505,0.567931281
ELMO2,2093.515259,-0.036489959,0.052237115,0.370188993,0.567936652
C16orf95,96.730915,-0.029657246,0.079771236,0.370274494,NA
ABHD17B,366.8749233,-0.037362551,0.070423558,0.370316269,0.568046006
GPX7,53.94509181,0.02306287,0.081382724,0.37033674,NA
ASIP,77.15603778,-0.027330243,0.080472186,0.370506292,NA
TULP3,335.7057198,-0.037766056,0.069897711,0.370522876,0.568276997
RTCB,3890.850174,0.037244243,0.056059073,0.370590871,0.568295358
ROBO1,346.215409,0.018497312,0.081610537,0.370742052,0.568378354
DENND6A,887.5049103,0.036567053,0.074264487,0.370757055,0.568378354
ATP8B1,68.86751655,-0.018376417,0.081566945,0.370805896,NA
TUBD1,138.1191317,0.029415157,0.079729002,0.370869796,NA
LOX,312.8349184,-0.032347188,0.078119169,0.370977506,0.568556068
IGF2BP2,1589.947355,0.03829855,0.061544291,0.371055554,0.568556068
UCHL1,1887.361839,0.037628236,0.062463884,0.371059716,0.568556068
ZNF28,293.6537888,-0.017067736,0.081589069,0.371113931,0.568556068
PACRGL,216.0328043,0.034106381,0.076600991,0.371153222,0.568556068
NTPCR,492.0837877,0.037629327,0.065095415,0.371221579,0.56857492
AK9,110.2420688,-0.025637546,0.080809565,0.371298104,NA
C18orf54,190.3356247,0.03433976,0.076387822,0.371311384,NA
PCSK6,449.0099433,0.033655745,0.076790164,0.371322602,0.568643791
AARS2,680.7731085,0.038422117,0.062377554,0.371385522,0.5686543
A2ML1,13.80162016,-0.012319498,0.081591124,0.371682451,NA
ZNF646,1456.742195,-0.037881904,0.072833554,0.371683386,0.568983015
SEMA4A,311.6915172,-0.030072856,0.079414572,0.371761669,0.568983015
ANOS1,2663.314499,0.036776557,0.05246414,0.371768476,0.568983015
GPR63,20.21257211,0.014390625,0.08161754,0.371789209,NA
PLEKHA7,346.0864194,-0.034184877,0.074933375,0.371827283,0.568987171
ZNF443,25.3708481,0.016884505,0.08162648,0.371864392,NA
PDE4A,1913.629978,-0.038343864,0.06598519,0.371970952,0.569078094
DMAC2L,234.9636382,0.033787454,0.076859743,0.3719989,0.569078094
CMC1,575.9258955,0.038316391,0.06384663,0.372095067,0.569139379
PRKAG1,1550.743054,0.036355661,0.053076962,0.372199936,0.569213952
SYNE1,2070.073198,0.037960318,0.059154993,0.372456797,0.569520914
TRMU,1028.597576,-0.038001507,0.058548473,0.372524096,0.569537969
B3GNT8,59.38098481,-0.021970287,0.081323446,0.372619513,NA
CHAF1B,213.4589696,0.03320098,0.077193239,0.372957207,0.570029688
MAPK14,2491.820486,0.037727245,0.05718648,0.372958107,0.570029688
ANAPC10,275.3304778,0.034434924,0.075378975,0.373034622,0.570060741
NFKB1,2284.214069,-0.037544088,0.059702741,0.373189017,0.570210783
ZNF695,26.49847596,-0.012872963,0.081554939,0.37333546,NA
C7,10.11041432,0.009436702,0.081534291,0.373382488,NA
TMOD4,15.47236827,0.012799073,0.081592841,0.373389936,NA
MSI2,737.5940027,0.031404508,0.078712857,0.373393701,0.570437606
ATF7,1223.132016,-0.038058781,0.064977575,0.373498281,0.570511453
CDKN2AIP,1062.795282,-0.038108119,0.061286619,0.373751624,0.570739492
HDAC3,2314.508545,-0.036024549,0.052561183,0.373760099,0.570739492
UBR3,1548.741012,0.037514814,0.057452716,0.373897427,0.57086326
CYP2D8P,11.83005067,-0.008803653,0.081531001,0.374004881,NA
NONOP2,53.61704747,-0.023599587,0.081109315,0.374025336,NA
ZNF37A,504.0345344,-0.039702045,0.073615409,0.374157453,0.571151498
LY6G5B,395.3124092,-0.037313996,0.070058039,0.374198822,0.571151498
EDIL3,24.8117759,0.014568701,0.081591767,0.374267178,NA
C19orf48P,551.1586242,-0.038034918,0.064187236,0.374392139,0.571284018
VPS37B,1595.636953,-0.036163329,0.052373791,0.37439828,0.571284018
ABCB6,133.2775565,0.029282418,0.079597952,0.374549526,NA
EFTUD2,4816.095332,-0.0357717,0.052156248,0.374708557,0.571548841
DGKE,109.7748096,-0.024213616,0.080996568,0.374742334,NA
SUDS3,1152.330582,-0.037713178,0.057470107,0.374782924,0.571548841
PPAT,303.5395775,0.032845634,0.077398218,0.374814177,0.571548841
BRME1,21.78439824,-0.011393213,0.081559363,0.374829415,NA
PPP1R1A,366.6684369,-0.036983749,0.070966773,0.374853836,0.571548841
RNF144B,525.6895163,-0.030784162,0.079221991,0.374895148,0.571548841
YARS2,694.4035193,0.038094113,0.062663478,0.374909896,0.571548841
E2F7,96.63601934,0.028996842,0.080043883,0.37503337,NA
NUGGC,23.09831763,-0.014284789,0.081572656,0.375183701,NA
MSANTD3-TMEFF1,41.93533215,0.018988135,0.081520341,0.375202709,NA
EVA1C,14.82072345,0.010353285,0.081548409,0.375268145,NA
FAM234B,204.5819518,0.034893375,0.075444326,0.375316365,0.572014957
KLF7,496.433403,0.036098214,0.071188839,0.3753584,0.572014957
RPL38,4593.383941,0.03720156,0.052648948,0.375434617,0.572014957
BIRC3,209.2694448,0.033398588,0.076538305,0.375470918,0.572014957
GANAB,8342.327964,0.038423933,0.053826263,0.375497595,0.572014957
MTMR10,2057.489165,0.034546858,0.047748413,0.375605414,0.572093291
CCR10,8.721543049,-0.007815041,0.081499751,0.375727552,NA
RBM25,4018.171327,0.039004836,0.056140343,0.376052112,0.572687677
TCEAL1,534.3438363,0.037838352,0.065787379,0.376146743,0.572745806
RSPO2,7.714326914,0.007434391,0.081492017,0.37627678,NA
KBTBD11,9.439195734,-0.009495819,0.081528025,0.376297353,NA
DPY30,571.702828,0.037682084,0.067396952,0.376361549,0.572986875
PILRA,2573.036059,-0.035811496,0.06392344,0.376420899,0.572991237
CCNJ,507.1081984,0.037674855,0.061417211,0.376583978,0.57315347
MRPL48,262.9058056,0.031617998,0.078295472,0.376700698,0.573245107
NBAS,912.0854787,0.0382421,0.064044253,0.376815623,0.573333985
THBS1,128.1094332,0.02485097,0.080979729,0.376886378,NA
ZNF707,439.2369886,-0.037373257,0.067639999,0.376897293,0.573372246
FILIP1L,626.4334324,0.035562444,0.074039293,0.377034938,0.573495638
CORO7-PAM16,28.46631315,-0.004222023,0.081461033,0.37708697,NA
C17orf99,7.409622283,0.008703395,0.081512872,0.37713159,NA
ARL4D,256.1453263,0.034897212,0.074753457,0.377158762,0.573597973
KIAA1549,38.35339336,0.020665851,0.081410011,0.377167069,NA
CICP16,18.11617571,-0.014726847,0.081572338,0.377253069,NA
FMO4,111.0862726,0.031323996,0.078456783,0.377619617,NA
TSR3,1169.459298,-0.03662217,0.052174688,0.377720322,0.574365904
KLRA1P,16.60215043,0.013675273,0.081587086,0.377791941,NA
MPL,19.4419806,-0.010201983,0.081492152,0.377804301,NA
ANKRD61,23.27334917,-0.01676203,0.081538733,0.377821293,NA
KIF27,132.9802361,-0.029876175,0.079200616,0.37786144,NA
MYOM3,21.51160302,0.008840793,0.081506228,0.377880646,NA
PHF5A,577.0535274,0.037792777,0.061221856,0.377929988,0.574501747
ALKAL1,12.25101317,-0.011365763,0.081543987,0.377950355,NA
ATF1,706.3656269,0.037835797,0.060918729,0.37799219,0.574501747
ERBB3,82.21280769,-0.020356954,0.081345445,0.378104066,NA
ICAM3,348.6342268,0.035940889,0.071581571,0.378112166,0.574501747
ATRIP,357.8526877,-0.035427394,0.073841051,0.378114197,0.574501747
TNKS1BP1,2097.047661,-0.0372627,0.061047532,0.37813049,0.574501747
SEMA4B,988.4679962,0.039391953,0.067353458,0.378149464,0.574501747
GNAT2,21.73203387,0.013564514,0.081555435,0.378158198,NA
CDH11,26.87183026,-0.015320766,0.081544556,0.378192069,NA
IL1B,627.9550911,0.023460279,0.081564494,0.378297807,0.574641053
TOMM40L,858.9105172,0.037619953,0.061776421,0.378479395,0.57483081
TRANK1,1315.494714,0.035457248,0.069341649,0.37855854,0.574864945
PABIR3,268.3031374,-0.031562639,0.078055265,0.378637837,0.574899299
GTF2IP4,1203.061125,0.037337915,0.066324643,0.378819631,0.575020001
YKT6,4448.508364,0.030503764,0.039443369,0.378830704,0.575020001
PGBD2,127.1397886,0.031590371,0.078017655,0.378993952,NA
ALKBH7,952.0621424,-0.035785589,0.051417147,0.379010452,0.575206766
SHROOM3,10.52288981,-0.008738521,0.081496735,0.379096543,NA
MED20,269.2840639,-0.036071368,0.072175224,0.379184295,0.575330782
ATAD5,269.100717,0.035586694,0.073055219,0.379261618,0.575330782
ANAPC13,843.3064924,0.037512306,0.064688797,0.379293148,0.575330782
CCSAP,1690.856706,0.0463912,0.059186842,0.379319033,0.575330782
TIGAR,1591.539427,0.03673592,0.071425038,0.379390777,0.575353572
SRP9P1,23.33708791,-0.003547367,0.081453773,0.379473669,NA
DAP,3010.666681,0.03572435,0.051087833,0.379524001,0.575469576
MAPK8IP2,36.42196713,-0.018829472,0.081425329,0.379825157,NA
THAP6,357.527257,0.034796777,0.074695791,0.37996442,0.576010432
MTND2P28,557.085452,0.035614654,0.073547195,0.380018396,0.576010432
WDR5,1012.330021,0.037508603,0.060378817,0.380051047,0.576010432
CDKN2C,1166.32608,-0.037364588,0.059051722,0.380206131,0.576159396
ASPHD2,161.3284712,0.030334302,0.07905827,0.380287254,NA
NUP188,2407.963359,-0.037638338,0.064101605,0.380342927,0.576280606
PCBP3,9.137544264,0.01024188,0.081510879,0.380354391,NA
LHFPL6,18.01483036,-0.013983921,0.081552638,0.380535502,NA
SLAMF8,8470.85039,0.030691204,0.041287845,0.380693725,0.576725978
LRRC9,11.36166852,-0.010660887,0.08152872,0.380815832,NA
MTURN,399.9798303,0.034203248,0.074122207,0.380860886,0.576893061
ATP5PDP4,13.47315688,-0.012641259,0.081531128,0.380875724,NA
GNG4,14.56440787,-0.012325566,0.081532022,0.380974264,NA
CR1,874.0659164,0.03621536,0.070248792,0.381108401,0.577059815
USP32P3,22.09623895,-0.014897818,0.081524642,0.381129283,NA
ZNF292,860.9921369,-0.037731642,0.064266301,0.381186655,0.577059815
MYC,1427.404117,0.037312024,0.064710574,0.381190405,0.577059815
TRIM26,2205.724071,-0.037900263,0.061934957,0.381198523,0.577059815
SERINC5,1409.358352,0.035565227,0.051900557,0.381513787,0.577383726
CDCA2,348.6015379,0.036323043,0.068061174,0.381526333,0.577383726
MAML1,1298.167118,-0.036158964,0.052808829,0.381818262,0.577739327
ZNF235,128.22905,-0.025484871,0.080488694,0.381836291,NA
ERGIC1,3894.123745,-0.03469086,0.049755318,0.381961343,0.57786963
UBE2L3,3330.113669,0.045470035,0.058303434,0.382018894,0.577870513
NANP,325.762671,0.036582522,0.067601466,0.382192183,0.577993521
COX6B1,2969.567537,-0.034418703,0.048858305,0.382216549,0.577993521
RAB3GAP1,2411.97891,0.039832485,0.051330472,0.382271149,0.577993521
FGD6,1090.283936,0.036594799,0.054231388,0.382411199,0.578119107
FOXD2,33.95197091,-0.019720456,0.081344671,0.38242549,NA
EVC,210.24229,0.027073537,0.080199603,0.382583942,0.578294071
C20orf144,16.08261602,-0.013629243,0.08153217,0.382584034,NA
CLPB,1376.295043,-0.037214491,0.066390989,0.382759025,0.578472519
GNRH1,24.51028711,-0.015769978,0.081491441,0.382762613,NA
MIPEP,517.4603857,0.038406046,0.064511599,0.382847921,0.578520678
VAC14,4907.05805,-0.033867213,0.047344339,0.382922057,0.578546521
TLCD3B,16.23201537,-0.012055408,0.081519418,0.382973731,NA
PLCB1,58.70194053,-0.01895245,0.08134517,0.383060947,NA
P2RY1,547.9217417,0.037234402,0.063993711,0.383088634,0.578677555
ANXA13,14.23919867,-0.012469201,0.081515253,0.383126511,NA
NES,2805.529072,0.037273501,0.064649034,0.383170823,0.578677555
ACBD3,2123.512001,0.035161362,0.052030352,0.383179923,0.578677555
AOC3,25.13444108,-0.014047344,0.081499619,0.383214827,NA
FBXO28,1347.837626,0.035940751,0.071582001,0.383296983,0.578688193
NLGN3,167.9544317,-0.029152736,0.07904871,0.383298575,NA
CPD,2276.28226,0.037306637,0.060621072,0.383305884,0.578688193
TENM4,34.19233288,0.010309635,0.081505185,0.383322454,NA
MT-ATP6,115919.0015,-0.035849718,0.053620302,0.383358109,0.578688193
H2BC20P,44.82082994,-0.019879254,0.08136604,0.383400871,NA
TWNK,476.8159105,0.037001372,0.067563752,0.383507445,0.578827484
BEST1,1183.631324,-0.036897004,0.058581993,0.383683327,0.579006794
CA5B,230.3976143,0.032168879,0.076669802,0.383771379,0.579053527
MOCOS,95.48436234,0.021668547,0.081077731,0.38385161,NA
COPA,8818.583048,0.029402667,0.038495309,0.383909556,0.579175868
RAB37,27.6256845,0.01411182,0.081520279,0.383926491,NA
DPYSL3,194.060977,0.023380919,0.080891176,0.384051978,NA
REXO2,759.0790655,0.037150842,0.06360527,0.384175725,0.579419054
ACSS3,118.9669611,0.02853073,0.079426171,0.384177426,NA
DAAM1,631.9515025,0.038282252,0.068981571,0.384222343,0.579419054
DHRS11,175.4789729,0.032641284,0.076442429,0.384240485,NA
SLC2A9,499.4261795,-0.037079234,0.066684591,0.384242111,0.579419054
GEM,266.5513617,0.032654684,0.076715624,0.384418094,0.579598267
ZNF775,271.693343,-0.033587471,0.075525246,0.384564871,0.5797334
NBPF2P,8.736402625,-0.00894158,0.081500074,0.384710265,NA
MACC1,382.8309698,0.031196606,0.078518322,0.384827392,0.580014817
LYVE1,10.73040084,0.009404517,0.081496949,0.384837456,NA
FAM156B,545.764268,0.011432545,0.081530861,0.384923038,0.580014817
PRRC2B,6407.60631,-0.035825074,0.065658525,0.384959703,0.580014817
CHKB-CPT1B,669.2956298,-0.036812041,0.068844091,0.384980261,0.580014817
CCDC174,613.1282385,0.032163931,0.077048971,0.385049984,0.580033716
GRPEL2,441.9944932,0.034519959,0.07476306,0.385143314,0.580088163
SEPTIN6,1639.820826,-0.035252474,0.05153274,0.385243274,0.580152578
SELENOM,57.1183846,-0.023010483,0.0808893,0.385591106,NA
CEP15,147.4368722,0.031074963,0.077912704,0.385608414,NA
CADPS2,21.10895208,-0.01496219,0.081477934,0.385703123,NA
KIZ,171.9681678,0.032898193,0.076393568,0.385746416,NA
CGAS,372.7044173,-0.036805031,0.067643881,0.385764412,0.58085115
LILRA1,32.05391674,0.018362107,0.081392475,0.385881029,NA
FGF17,8.39888163,-0.009621803,0.081497128,0.385973584,NA
FDXACB1,116.5266331,0.026234566,0.080280587,0.385973893,NA
UTRN,2237.92806,-0.036823024,0.058427009,0.385982029,0.581092565
KCNJ15,41.60965133,0.013495489,0.081484743,0.385990912,NA
RPUSD2,283.7731353,0.035078624,0.073241702,0.386066504,0.581133493
CA14,22.42546578,-0.012597181,0.081469518,0.386132481,NA
PTCD2,246.2332708,0.029546257,0.078590823,0.386210115,0.581263413
KLF6,5660.763206,0.030418639,0.038162328,0.386398382,0.581460493
BMS1P1,15.7465525,-0.011093061,0.081503317,0.386541939,NA
NQO2,735.7689977,0.036097219,0.056957964,0.38659025,0.581662934
ZFP82,165.9991061,0.032726267,0.076457377,0.386591859,NA
AASS,26.45456908,-0.016517354,0.081433832,0.386620178,NA
ATP6V1D,1797.539425,0.036675777,0.058386133,0.386705333,0.581749799
GUCY2C,22.34361845,0.0161686,0.081464831,0.38686153,NA
RBP1,21.83311142,0.012256349,0.081500283,0.386938218,NA
PROS1,1167.273592,0.037397133,0.061388062,0.387003321,0.582111757
ZNF92,163.9176154,0.032962765,0.075622369,0.387016242,NA
MED12L,40.27153324,0.016360426,0.081444802,0.387033552,NA
ADAM19,73.66224299,0.021389484,0.081126383,0.387149653,NA
IKZF5,441.060438,0.030553155,0.07809962,0.387219208,0.582350133
LAP3,12214.48022,0.038084622,0.061442954,0.387352112,0.582395125
NCS1,1424.248209,-0.037360648,0.065854327,0.38736395,0.582395125
NRBP1,3878.715803,-0.031073877,0.041545581,0.387752012,0.582892177
CNPY4,216.2195122,-0.032363447,0.076475309,0.387951936,0.583106303
SLC22A3,6.095809333,-0.008829071,0.081486409,0.388003237,NA
CD69,11.68365054,0.009983016,0.081499429,0.388103961,NA
PRKAR1A,9472.558485,-0.034409716,0.050055449,0.388215907,0.583416616
L1CAM,12.19166084,0.009858879,0.08147141,0.388364595,NA
APPBP2,1198.898284,0.036729976,0.061008431,0.388366706,0.583556787
SZRD1,5292.224433,0.030542514,0.040780448,0.388432716,0.583569531
XKR4,23.22802305,-0.016041636,0.081406821,0.388433036,NA
MEA1,1495.99931,-0.034750353,0.051985857,0.388701541,0.58387717
OR6B1,10.01099246,-0.010692088,0.081492796,0.388707579,NA
DIXDC1,326.1587142,0.033718106,0.076846237,0.388752603,0.58387717
FBXL16,29.73164429,-0.013982985,0.081454958,0.388834969,NA
FAM86B2,40.61988493,0.016875436,0.08141343,0.389009065,NA
POTEF,39.0404425,-0.019012857,0.081254235,0.389229524,NA
ITGB8,104.8535217,-0.025437558,0.080256337,0.389258291,NA
TOMM40,4021.072303,-0.032398173,0.045017124,0.389263463,0.584557894
SHOX,24.12712018,0.010431854,0.081493495,0.389387694,NA
ADGRG5,267.7537346,0.030276256,0.078227755,0.389436007,0.58473044
MEX3B,74.69180107,-0.025246493,0.08028791,0.389629674,NA
MTFR2,165.6938173,0.030912875,0.077773528,0.389756567,NA
P2RY12,660.7867701,0.036703913,0.061383517,0.390169212,0.585744633
PHACTR2P1,7.24295717,0.008189967,0.081479651,0.390172525,NA
SNX3,7116.774734,0.031348313,0.04276115,0.390287598,0.58583566
ARMC9,669.3820449,0.033731208,0.074513094,0.39045962,0.586007158
PCSK1,40.75864587,0.019821014,0.081184274,0.390493249,NA
CNN2P9,15.80378711,-0.012610352,0.081471449,0.390531176,NA
LRRC8E,64.0289062,-0.017832314,0.081299247,0.39058573,NA
ASS1,6371.5099,-0.037729642,0.065190778,0.39060096,0.586132565
FGFBP3,44.70211675,-0.01965687,0.081162933,0.390752005,NA
NUDT4P2,144.9554335,-0.030916125,0.076639572,0.390796195,NA
EIF4G3,2975.942334,-0.034030501,0.04940137,0.390986417,0.586624199
SPICE1,185.0969193,0.027773566,0.079377475,0.391055538,NA
SLC19A2,247.6939285,0.033181561,0.075340383,0.391191931,0.586845747
SLITRK4,148.8738318,0.02992262,0.078919658,0.391222508,NA
FGF11,99.73894759,-0.025238766,0.080164375,0.391692505,NA
NRXN3,8.788317306,0.006788415,0.081462149,0.391703837,NA
GLT8D1,818.798593,0.036685726,0.059408766,0.391741487,0.587518312
TRAF1,336.4184719,-0.034757729,0.071747187,0.391756098,0.587518312
AK2,3171.624985,0.035481898,0.054375847,0.391914966,0.587643112
EPS15,2438.627789,0.03141392,0.043989797,0.391955175,0.587643112
ANKRD36C,320.3916898,0.033698637,0.074368575,0.392392211,0.588211407
VCAM1,27.42533507,0.015374747,0.08142504,0.392486956,NA
WDR12,662.3737758,0.032625542,0.075904689,0.392672282,0.588423227
PRDX4,1687.911629,0.033962117,0.047525062,0.392721965,0.588423227
LAMTOR4,1352.262764,-0.03585097,0.056309407,0.39274415,0.588423227
ACIN1,5992.6166,-0.032418433,0.045344442,0.392765543,0.588423227
CD79A,11.26566166,0.010106055,0.081484902,0.39280497,NA
NANOG,19.12493084,-0.013667604,0.081397496,0.392885658,NA
ZNF564,201.2142799,-0.028543438,0.079053678,0.393000657,NA
DDX28,712.1836697,-0.036381019,0.061384096,0.393022206,0.5887208
RABGEF1P2,19.60219168,0.013978112,0.081459456,0.393023623,NA
POLR2F,823.2867967,-0.0365594,0.056591446,0.393088352,0.588728978
CFAP61,9.575185697,0.009345743,0.081472189,0.39312024,NA
EIF4A3,3397.809835,0.040757403,0.05562748,0.39314374,0.588728978
NT5E,59.48721566,0.016506118,0.081367617,0.393234187,NA
GPATCH8,2193.568179,-0.034726971,0.052165748,0.393275245,0.588781896
MKNK1,3616.113398,0.033324109,0.047616034,0.393295163,0.588781896
FAM177A1,778.171504,0.036613626,0.063111984,0.393394478,0.588843675
NUTM2D,174.0099136,-0.031001056,0.078095778,0.393406915,NA
AQP6,9.759425822,0.009523087,0.08146084,0.39341783,NA
DKK3,11.07594627,-0.009918878,0.081448935,0.393531406,NA
BUD13,502.1101881,-0.037045347,0.062072781,0.393538964,0.588973037
EVI2B,5707.349233,0.035198102,0.056548259,0.393834543,0.589328456
MGAT3,36.66209591,0.015856476,0.08138318,0.393885932,NA
MTR,2023.820932,0.036215469,0.056112631,0.394207676,0.589799803
SLC22A31,6.948672442,-0.008466653,0.081463361,0.394251758,NA
HOXB4,186.7121554,-0.03117641,0.077104228,0.394302248,NA
AAMP,2447.868933,-0.031444743,0.043699042,0.394431516,0.590047676
WARS2,275.7669031,-0.034827507,0.07270924,0.394495241,0.59005599
TMEM212,68.67963603,0.023637654,0.080528592,0.394497473,NA
SYP,458.1796366,0.035752351,0.069375891,0.394780358,0.590395394
S100A3,20.24933022,-0.01370361,0.081427485,0.394790969,NA
EEF1A1P5,94.61559698,-0.022525198,0.080777389,0.394957607,NA
GTF2IP23,8.779016466,0.009417519,0.081477632,0.395046978,NA
PDPR,2745.993131,-0.035823174,0.057618765,0.39512618,0.590790414
BOLA1,144.2906022,-0.030334305,0.077787974,0.395136321,NA
PPM1J,23.1241849,0.014171571,0.081414268,0.395156508,NA
SLC30A5,1607.744029,0.036214519,0.06134144,0.395160978,0.590790414
COL12A1,74.93272788,-0.018685549,0.08117426,0.395367923,NA
COG8,787.1117002,-0.035725935,0.057243259,0.395380475,0.591014569
ARID5B,1026.050898,-0.036191628,0.061357172,0.395427433,0.591014569
PPP5C,1995.960421,-0.042204254,0.056212014,0.395508599,0.591031091
ZMYM2,1542.127661,-0.03564868,0.056186772,0.395555015,0.591031091
MTMR8,44.0116067,0.016982063,0.081318764,0.395719636,NA
AREL1,1676.559974,0.03408522,0.051984556,0.395730274,0.591205876
LYG1,16.93087619,0.013061119,0.081441858,0.395733646,NA
ZNF969P,13.49363356,-0.011864018,0.08144211,0.39583802,NA
ZNF277,496.7098061,-0.03541367,0.070287612,0.396102212,0.591661198
CHD6,1323.638897,0.036325793,0.064691982,0.396151701,0.591661198
FIGN,16.39482735,0.00883036,0.081451049,0.396159458,NA
VCF1,825.2088024,-0.035514177,0.068340616,0.396291673,0.591783119
SRSF12,18.36724863,-0.01102515,0.081448722,0.396322882,NA
TBC1D14,4331.555216,-0.030912784,0.042505469,0.396475005,0.591969746
RAB11FIP5,436.7135484,-0.033947948,0.073163729,0.396765606,0.592316455
ZNF37BP,28.30376962,0.016722977,0.081345631,0.396816042,NA
ARK2N,585.5819509,-0.03594389,0.059823459,0.396898973,0.592428368
FNIP2,5270.542953,0.03474699,0.048469477,0.397163961,0.592736682
OR52K3P,93.4484052,0.026610209,0.079689036,0.397279936,NA
GCFC2,233.9027839,0.029139301,0.078158555,0.397309773,0.592867069
ZNHIT1,1609.822529,-0.032077941,0.045707292,0.397570073,0.593119808
STK40,5176.34381,-0.031830638,0.045361544,0.397596086,0.593119808
RGS20,35.15355352,-0.014776533,0.081391942,0.397620887,NA
SLC45A1,22.13919932,-0.01561032,0.081345308,0.397812974,NA
PPEF2,72.95689141,-0.00920168,0.08145103,0.39793503,NA
LRRN1,10.84365366,-0.006886262,0.081420026,0.398155427,NA
VPS37D,29.01256179,0.014708315,0.0814014,0.39834786,NA
LRRC8D,1264.966399,0.036232631,0.066298772,0.398434376,0.594234606
HERC3,1237.894191,0.03526743,0.065557003,0.398460547,0.594234606
LRRC2,18.47483033,-0.013761219,0.081393901,0.398583606,NA
SDSL,1303.351121,-0.035966193,0.058360512,0.398878798,0.594770913
VN1R1,9.025807331,-0.009446578,0.081454784,0.398908097,NA
ROR2,34.24772078,0.018601296,0.081244736,0.398950923,NA
ZNF616,377.689115,-0.028058583,0.078657776,0.399054878,0.594946015
TTC32,98.25525427,0.024738725,0.080099387,0.399192722,NA
PANK1,176.9434086,0.029458829,0.078113418,0.399202294,NA
AMY2B,332.7730589,-0.03122003,0.076355701,0.39921482,0.595097007
USP9X,5537.965707,0.031828189,0.041526572,0.399393622,0.595276066
PLEKHO1,5339.915394,-0.032743457,0.048238435,0.399674689,0.59560747
TBC1D3I,29.77906499,-0.013713229,0.081391706,0.399703133,NA
CTH,46.89566371,0.017704976,0.081151831,0.399811743,NA
ZNF567,130.1564426,0.020117405,0.08087466,0.39983288,NA
LPL,10996.56678,0.041584626,0.066216529,0.399929283,0.595899331
SEMA3D,19.29161452,-0.011748147,0.081410986,0.40035883,NA
DEGS1,2947.481083,0.031057544,0.044197278,0.400366225,0.596462768
TMEM186,237.9903636,0.033441651,0.073553713,0.400563446,0.596594921
ZNF609,2738.876094,-0.035007674,0.055335716,0.400572556,0.596594921
KRT8P45,11.5376695,-0.009941491,0.081440668,0.400696506,NA
PEX5L,15.95178723,0.009984879,0.08142868,0.400739441,NA
POLR2L,1574.894757,0.03483471,0.054301405,0.400773252,0.596770175
ZNF738,222.5491622,-0.032094308,0.075323754,0.400863932,0.596770175
SMU1,1341.652342,0.03338032,0.048977193,0.400909819,0.596770175
TM2D3,694.9938729,0.03568452,0.059193883,0.400925546,0.596770175
KLHL25,92.25381009,0.027069297,0.079196315,0.401028353,NA
PKDREJ,9.003124969,0.009809814,0.081452506,0.401201521,NA
CHD8,3465.279545,-0.035341321,0.057292544,0.401214988,0.597074599
CES1,284.8804779,-0.028589196,0.078319606,0.401247786,0.597074599
UBXN10,30.03367494,0.017372553,0.081229052,0.401252814,NA
LGALS8,2393.376533,0.033377205,0.049262476,0.401346123,0.597133335
RGP1,1530.908178,-0.036272644,0.066009773,0.401513421,0.597294639
LMNA,5638.485442,-0.035322571,0.055856421,0.401585903,0.597314867
MYB,25.31832052,0.015612133,0.081323536,0.401608863,NA
RGS16,620.9548667,-0.035388372,0.067562946,0.401699775,0.597386163
UIMC1,530.340854,0.032722816,0.074238714,0.401751617,0.597386163
CCL20,61.49128205,0.020156221,0.08088288,0.402053644,NA
TBX21,10.79496335,-0.009357878,0.081423878,0.402056921,NA
LYRM9,158.7928217,-0.02943324,0.077839434,0.402067225,NA
UBE2H,2982.883985,0.0318554,0.045567734,0.40216433,0.597912203
FHL2,16.66412977,0.00908967,0.081425368,0.40228631,NA
FERMT2,497.0950198,0.033127577,0.073649385,0.402478251,0.598291234
FOXD4,7.687215835,-0.00925912,0.081442495,0.402499871,NA
LACTB2,623.7292542,0.036353736,0.059466675,0.402572387,0.598343487
TGFBRAP1,1480.591479,0.0330352,0.048991364,0.40269095,0.598417082
ZNF318,1346.581801,0.030998427,0.055111171,0.402809063,0.598417082
KIF23,719.263893,0.037525335,0.064648146,0.402892505,0.598417082
PTGR2,480.062592,0.033342421,0.073094704,0.402916295,0.598417082
CDC16,1617.862033,0.033804191,0.051606085,0.402916864,0.598417082
SCYL3,374.1568118,0.034736142,0.070295274,0.402992366,0.598441598
ZBTB41,345.8600658,0.037214801,0.070077957,0.403084429,0.598490697
MTMR11,49.55944051,0.020356139,0.0808762,0.403192575,NA
NBEAL2,2850.924763,0.035879995,0.058961021,0.403265132,0.598565237
TBC1D7,343.9596546,0.032875225,0.069450508,0.403280471,0.598565237
RPL10P19,18.018022,-0.013494474,0.081371576,0.403295102,NA
MYO15A,32.82965712,-0.013699115,0.081363685,0.403307092,NA
AHSA2P,718.6815171,-0.03602124,0.065272363,0.403311652,0.598565237
MS4A6E,9.048658963,-0.009515122,0.081435989,0.403338741,NA
ZNF662,25.70386685,0.01328937,0.081364031,0.403406036,NA
CCR4,15.38176441,0.013219015,0.081407235,0.403423104,NA
RASIP1,11.11813617,0.009640514,0.081428125,0.403607564,NA
TRIM2,93.06076248,-0.023586845,0.080202014,0.403686023,NA
NUBP2,1342.610368,-0.035169122,0.0574828,0.40371035,0.598967362
RSAD2,1601.81537,0.021029159,0.080834938,0.403753793,0.598967362
MAP3K1,1432.813158,0.034807413,0.052276777,0.403759742,0.598967362
ZNF284,113.0378867,-0.028694447,0.078094497,0.403853409,NA
CRYZ,433.0837393,0.037055965,0.068395545,0.40389096,0.599074412
VPS26C,2594.15504,-0.031767074,0.046002445,0.404129248,0.599340218
CA8,34.84397401,-0.013656031,0.081349839,0.404250321,NA
SNX9,3049.669673,0.030311576,0.043101009,0.404260821,0.599370759
TIMM50,1708.792668,-0.034673942,0.055337886,0.404320308,0.599370759
RNF145,4717.237461,0.036030324,0.063475437,0.40434064,0.599370759
TYW5,286.309485,0.031449863,0.075804452,0.404386186,0.599370759
NPTN,6654.231682,-0.033855247,0.051977925,0.40461108,0.599616479
DNAH3,9.196265796,-0.009936627,0.081421997,0.404760745,NA
DPYSL4,9.772162854,0.008647576,0.081442507,0.404775017,NA
KMT2E,2547.131229,-0.034966156,0.056134051,0.40478719,0.599789842
TNK1,9.899702888,-0.007307664,0.081416354,0.404793375,NA
MFSD14CP,128.2818494,-0.029065076,0.077788972,0.40491865,NA
ATP5ME,1384.43616,0.035035919,0.058011998,0.404948492,0.599941215
ZWILCH,459.5149104,-0.031601653,0.075151686,0.405136523,0.600132139
MYOM2,8.267457167,-0.008289241,0.08142578,0.405731605,NA
KPNA2,4849.810175,0.033309421,0.051244239,0.405777755,0.600980263
PHF20L1,1522.091115,0.034876595,0.056204058,0.405827563,0.600980263
ZNF844,69.00254015,0.021371409,0.080595365,0.40588631,NA
SLIT1,11.23531151,0.004869938,0.081430058,0.405958055,NA
MARF1,2902.500463,-0.0338419,0.052883599,0.406092207,0.601267844
FBXO2,11.56338421,-0.010093966,0.081406111,0.406132522,NA
GALE,1294.096479,0.033283935,0.051965601,0.406140306,0.601267844
TANC1,199.929373,-0.032198105,0.074247998,0.406224701,NA
TMEM38A,14.78941904,-0.010430892,0.081403704,0.40630122,NA
STK33,102.8992903,0.023872676,0.080095651,0.406302084,NA
EXOSC6,1190.192383,-0.033549798,0.051391979,0.406308857,0.6014296
SETBP1,14.40472302,0.011192807,0.08140805,0.406363368,NA
SLC5A4,34.13804418,-0.017214674,0.08111594,0.406460502,NA
DYNC2LI1,170.8480393,0.031335762,0.075972144,0.406605221,NA
ARRDC4,1209.068773,0.034702825,0.059428537,0.40665302,0.601839744
LHPP,247.4887854,-0.033736454,0.071769876,0.406704599,0.601839744
SCAMP5,206.3315503,-0.027903823,0.078354491,0.406910207,0.601926525
CYB5RL,347.4787157,-0.033392444,0.072464425,0.406935482,0.601926525
NVL,668.0492602,0.034362711,0.070086278,0.406941257,0.601926525
SRD5A3,1243.298307,0.035493767,0.064326953,0.407081749,0.602046546
GSTT2B,118.769182,-0.026025005,0.079198187,0.407183155,NA
COX7C,3744.12278,0.031167936,0.0448775,0.407335635,0.602334211
ZFAND2A,320.6030853,-0.034984849,0.067161608,0.407410665,0.602357352
ANKRD49,318.1769752,0.033460099,0.070605091,0.407478139,0.602369315
MAP7D3,175.0903515,0.025454945,0.079516719,0.407514542,NA
XKR8,654.4909407,-0.035388689,0.063370656,0.407647061,0.602531223
FAM200C,76.48683086,0.024671666,0.079562795,0.407835105,NA
C1orf53,44.31584168,0.019268086,0.080931853,0.40788134,NA
SFI1,685.9292345,-0.034814152,0.067688697,0.407917027,0.602789556
FBXO15,316.1361952,-0.033628634,0.072411333,0.407940684,0.602789556
IL17REL,16.03444474,-0.011328353,0.081396891,0.40803273,NA
HEXB,13047.76861,-0.028898461,0.039707101,0.408069933,0.602844059
CTIF,758.4631548,-0.035781614,0.064356632,0.408122247,0.602844059
SLC25A25,563.7801337,0.034975303,0.066895374,0.408155856,0.602844059
PTPRU,66.12697041,-0.016809312,0.081125216,0.40823276,NA
PACC1,965.9551639,-0.033961906,0.053125756,0.408464635,0.603212295
RFX4,20.17811152,0.011465494,0.081397129,0.40850003,NA
GTF2IP1,480.1545216,0.03260653,0.073790701,0.408755811,0.603504749
CBLB,1801.4493,0.03520257,0.058575361,0.408781657,0.603504749
CCDC32,657.6119316,0.03461768,0.060565958,0.408894205,0.603583065
NRK,7.399319808,-0.008276972,0.081430698,0.409028771,NA
DLGAP2,17.46760929,-0.011705797,0.081369859,0.409224716,NA
POLR3C,1224.715573,0.034447353,0.054653748,0.40929709,0.604019063
DNMT3A,1943.937646,-0.033381086,0.068101013,0.409364651,0.604019063
ADA,381.9047858,-0.034879224,0.066592113,0.409368204,0.604019063
RFPL3,8.726857323,-0.009662813,0.081409754,0.409426831,NA
OR14J1,81.06992272,-0.023983621,0.079865088,0.409501418,NA
FDPS,2061.134053,0.035338229,0.064594644,0.409546938,0.604194902
GDPD1,99.84397963,0.02460884,0.079302319,0.409560867,NA
ADAMTS14,79.7380119,0.023757263,0.08004831,0.409593317,NA
NIPAL2,778.4855974,0.033518319,0.071775966,0.409612564,0.604203846
DDO,26.64594149,-0.016295977,0.081179248,0.409787373,NA
POLDIP3,2288.603088,-0.034585017,0.067553668,0.409825922,0.604430671
SDE2,645.2699824,0.035027577,0.06107113,0.410123393,0.604736798
TBC1D9,3262.122088,0.030152118,0.042789517,0.410152718,0.604736798
PHETA2,14.54883442,0.012072499,0.081372233,0.410224319,NA
SAPCD1,36.02040526,-0.016721783,0.081102201,0.410435245,NA
GOLGA8M,20.09679762,0.013739794,0.081320476,0.410483798,NA
MARCO,5414.360861,-0.032674249,0.069652362,0.410531904,0.605207911
UBR5,4417.569554,0.037274615,0.056758697,0.410643944,0.605285115
OR10H5,33.48404728,-0.016745865,0.081064293,0.410702806,NA
MAMLD1,392.5942857,0.03419891,0.068591135,0.411243411,0.606080657
CELSR3,115.7821735,-0.022460772,0.080236568,0.411295708,NA
ZNF534,11.63862526,-0.011043175,0.081395961,0.411374003,NA
TAS2R5,11.19150407,-0.010589593,0.081394942,0.41155031,NA
BICD2,2351.526231,-0.030421298,0.041719449,0.411559233,0.606376007
ZNF597,221.2637707,0.031422398,0.07507911,0.411563368,0.606376007
ATP1A2,9.761812815,0.006918851,0.081407909,0.411702143,NA
ZNF366,253.5329465,-0.027152895,0.078480633,0.411743107,0.606552727
CDK11B,1967.166848,-0.031140944,0.044454926,0.411860633,0.606637762
LAMP1,13439.88545,-0.028330871,0.041061873,0.411983015,0.606729922
ODAPH,18.89705784,0.011223478,0.081347874,0.412086955,NA
NEK4,788.0085862,-0.034668435,0.059999723,0.412116984,0.606839118
NPAP1,23.07452261,0.014859811,0.081252107,0.412143235,NA
ZNF891,192.4859624,0.029395288,0.077101566,0.412383113,NA
NEURL1,11.96639527,0.00921869,0.081407618,0.412398871,NA
VPS72,837.6876242,-0.034451618,0.063105235,0.412473381,0.607231943
EZH2,915.7841295,0.03446965,0.057554683,0.412559685,0.607231943
ETS2,2085.194175,-0.033041849,0.051315235,0.412563343,0.607231943
SHC4,32.22378015,0.014279404,0.081273975,0.412709037,NA
ZNF267,810.2483882,0.039740127,0.075714767,0.412810118,0.60744283
ABITRAM,397.2262652,0.033555958,0.070084859,0.412826387,0.60744283
PTGIS,17.00480423,-0.012455558,0.081337037,0.412908496,NA
SENP8,67.31701352,0.023854791,0.079848245,0.412964159,NA
PAIP2B,22.9195206,-0.015920223,0.081161467,0.413229778,NA
NME2,7710.923165,0.026709964,0.045140336,0.413338353,0.608094685
TBC1D25,537.5305191,-0.034042246,0.067888394,0.413389289,0.608094685
TMEM269,18.30757369,0.01270086,0.081336358,0.413476455,NA
VASH1,13802.6168,-0.031758105,0.046974387,0.413636753,0.608283102
DFFA,1175.680521,0.034866409,0.063332713,0.413637307,0.608283102
TCAP,13.72204952,-0.011841484,0.081350438,0.413714054,NA
PLXNA2,622.3454831,0.029123301,0.077372028,0.413716489,0.608296112
ZNF131,717.9728361,0.035903206,0.065909581,0.413766086,0.608296112
SRBD1,358.8121121,0.028377091,0.077142865,0.413883494,0.608380549
SLC2A13,673.6144099,0.034768069,0.062115217,0.414123926,0.608644928
SMURF2,2661.669892,0.033919046,0.054447374,0.414183354,0.608644928
NUFIP1,184.9036401,-0.032083367,0.073516123,0.414298701,NA
ALS2CL,173.2411231,0.021538016,0.080359545,0.414477838,NA
LYPD5,41.89576161,-0.016310195,0.081036078,0.414581999,NA
BEND3P3,63.11056785,-0.022319697,0.080206945,0.41462044,NA
TIMM22,384.492753,0.034306597,0.068187591,0.414886451,0.609552878
TGIF2,733.8980201,-0.031809471,0.070102862,0.414921394,0.609552878
CCDC142,431.6335705,-0.032835235,0.071926843,0.415179889,0.609844308
TXNDC15,728.3580101,-0.034303569,0.061652673,0.41524231,0.609847689
KBTBD12,6.956170436,0.008050643,0.081417791,0.415475335,NA
ANKRD44,1282.678442,-0.02405766,0.079713671,0.415509703,0.610042918
TRIM69,1441.951941,0.034171473,0.067568584,0.415511282,0.610042918
PDIK1L,375.6795021,0.030076098,0.076100961,0.415555655,0.610042918
ZNF230,113.4425884,0.023646927,0.079802999,0.415608759,NA
SPATC1,17.81955794,0.012535293,0.081329287,0.415637632,NA
CENPBD2P,123.8016869,-0.024224788,0.079722677,0.415871051,NA
CCDC27,29.50961545,-0.01692104,0.081014248,0.415982589,NA
USP40,1506.36603,0.034730825,0.058688233,0.416098977,0.61073698
IQCK,130.0609529,0.025331294,0.079198674,0.416120783,NA
RAB17,55.28432878,0.016485038,0.081076008,0.416128587,NA
COL11A1,88.25540146,0.018743152,0.080764341,0.416151865,NA
SEC23B,2268.885258,0.032715771,0.049345551,0.416164637,0.61073698
NECAP1,922.8276485,0.033312804,0.069704463,0.416209064,0.61073698
TNFAIP8L3,658.0422485,0.034848794,0.068745708,0.416341215,0.610842535
ZSCAN31,52.96563484,-0.015284758,0.081139451,0.416569208,NA
ORC2,403.7488293,0.029044323,0.076916062,0.416675248,0.61123677
COBLL1,22.00770186,0.010741998,0.081368492,0.416708789,NA
PLXDC2,22189.4684,0.03069422,0.047926159,0.416730432,0.61123677
RPL21P115,8.933609393,0.008638216,0.081401072,0.416859602,NA
MON1A,307.6518454,-0.033778105,0.068673936,0.416859857,0.611338209
FAM120A,5297.64289,0.026950358,0.038388116,0.416927942,0.611349673
DRC7,15.76115376,-0.011476457,0.081328137,0.416983795,NA
HECA,2884.870219,0.030914611,0.046193314,0.416988252,0.611349736
WBP1LP2,7.732859392,0.008816995,0.081403848,0.417099164,NA
SIRT3,516.0252046,0.034110725,0.067201853,0.417141538,0.611486092
YIPF1,924.9573433,0.034269838,0.059383808,0.417221269,0.611514601
CRTC3,1572.6808,-0.034260352,0.061583367,0.417398818,0.61168645
ZNG1DP,12.42133489,0.008371149,0.081409737,0.417511037,NA
VCP,10710.7827,-0.031786301,0.048655791,0.417619601,0.611921599
HAUS7,288.0631631,-0.034469018,0.07113385,0.417917422,0.612269545
SV2B,20.11130333,0.012977562,0.081288951,0.417918662,NA
FPGT,600.6282158,0.031165298,0.076209533,0.41803221,0.612349277
STAR,27.41073281,-0.015337748,0.08113763,0.418045099,NA
NFIC,2587.356709,-0.034293768,0.059153013,0.418128097,0.612401301
EPM2AIP1,748.7689339,0.034266913,0.065703604,0.418257889,0.612502963
TMEM50A,4463.71264,0.03104795,0.05167049,0.418370095,0.61251833
SLFN12L,256.04956,-0.02522053,0.07907819,0.418389147,0.61251833
ECI2,869.0266735,-0.034279519,0.062973706,0.418461083,0.612535241
F5,13.87848386,0.009540628,0.081370684,0.418545503,NA
ZSCAN4,10.15603857,0.010333657,0.081372544,0.418698864,NA
AHNAK,20822.69351,0.039363448,0.058726163,0.418834537,0.612924536
INAFM2,3444.889682,0.032520026,0.051498714,0.418847879,0.612924536
SLC25A15,142.4121595,0.027749075,0.077624581,0.418896785,NA
ZMYM3,2042.684433,-0.034190865,0.057418425,0.418908302,0.612924536
HACD1,91.76689626,-0.01994478,0.080560392,0.418940676,NA
TRIM45,37.28706885,-0.016534563,0.080990193,0.419040629,NA
MKI67,6261.455225,-0.030841265,0.045800061,0.419075174,0.613080266
ASPRV1,8.487957113,0.009030329,0.081399506,0.419266085,NA
SAPCD2,977.2334888,-0.034064201,0.068161651,0.419308623,0.613333333
DMP1,13.22335939,0.010513607,0.081367581,0.419439679,NA
MAGED4,11.58230498,-0.007307223,0.081397451,0.419706131,NA
EML6,39.68929166,-0.011229159,0.081286321,0.419711528,NA
MRPL10,1106.915463,-0.032930099,0.070990262,0.419758877,0.6138596
MFSD6,829.6730602,-0.034235579,0.063700932,0.419789436,0.6138596
MAP10,83.22632692,0.024480826,0.079352899,0.419985781,NA
ANXA2R,54.17195718,-0.020731768,0.080394189,0.420005143,NA
ZNF408,345.5173385,-0.032881273,0.068895719,0.420057626,0.61416324
KCTD15,12.35410254,-0.006853292,0.081401161,0.420168972,NA
EIF4EBP3,151.2099601,-0.029357189,0.076374959,0.420236442,NA
IRAK3,1259.413713,0.032821928,0.051712545,0.420381831,0.614518723
MYL6B,420.296809,-0.033580664,0.069199231,0.420421918,0.614518723
GLDC,23.35693367,-0.014787421,0.081229896,0.420580764,NA
TAF2,927.3608648,0.034318103,0.05738655,0.420618919,0.61464176
IFT80,333.4006153,0.026901437,0.078155789,0.420627277,0.61464176
ANKRD13C,956.4573341,0.034287587,0.061835387,0.420798243,0.614803021
TMCC1,767.5016652,0.033681424,0.068318357,0.420939605,0.61492099
STAC2,74.94555401,0.024011516,0.079699683,0.420971859,NA
HMCES,767.6533128,-0.034531973,0.061575397,0.421029028,0.614963061
HAUS3,469.5431906,0.034552232,0.068074382,0.421211878,0.615102365
SUV39H1,559.3521426,-0.035757806,0.072919119,0.421253269,0.615102365
ACBD6,814.9888478,0.034134812,0.06207957,0.421306312,0.615102365
GFI1,28.00890175,0.010783639,0.081328275,0.421325165,NA
PSIP1,1165.086471,0.032401778,0.051466713,0.421509776,0.61531086
ANKRD27,665.8617394,0.034155266,0.064072719,0.421713047,0.615519014
MAP2K6,155.2158808,0.029172923,0.076604035,0.421774911,NA
LZTR1,1941.476457,-0.033981229,0.063217278,0.422011495,0.615852719
NSFL1C,2099.229107,-0.033757639,0.056896221,0.422063102,0.615852719
SLC2A14,25.1329436,-0.012926948,0.081185822,0.422206752,NA
FAM50A,3292.181216,-0.027602193,0.0400432,0.422277007,0.616040401
ERCC4,606.1471433,0.034033775,0.067012967,0.422329692,0.616040401
STARD7,4110.426036,-0.029929522,0.043618053,0.422373914,0.616040401
ITGA11,174.7111653,-0.02234245,0.0799378,0.423159208,NA
CHD4,11877.10424,-0.030358625,0.045741484,0.423388419,0.617402919
SUSD1,2551.309689,0.028858243,0.041214339,0.423429821,0.617402919
ANKRD24,70.06320362,-0.019853021,0.080451105,0.423536486,NA
SNRPGP14,9.576584632,-0.0086893,0.081378374,0.423610342,NA
ST6GAL2,12.5948842,-0.010190811,0.081337877,0.423753924,NA
LNX2BP,402.1804657,0.032947656,0.068698132,0.423814394,0.617850226
MKRN2OS,21.1398107,-0.013377902,0.081159363,0.423848552,NA
RGCC,7096.093376,-0.027732284,0.041180878,0.423858411,0.617850226
PRSS35,10.7402071,-0.009588175,0.081357094,0.423944237,NA
PWWP3A,1060.434502,-0.032562703,0.071501156,0.423976655,0.617860928
PLEC,22848.02117,-0.03398683,0.058971879,0.424031536,0.617860928
ITCH,2158.492038,0.033184776,0.055291176,0.42404848,0.617860928
HRK,116.3175577,0.019633473,0.08053166,0.424095493,NA
VCL,2205.250205,0.03325628,0.057955347,0.42412729,0.617870261
ZRANB2,1819.460724,0.033085661,0.054601268,0.424176705,0.617870261
IQCM,8.477345748,0.007780035,0.081400432,0.424441572,NA
PNPLA1,11.0945863,0.009732582,0.081360182,0.424483787,NA
BAHCC1,138.100629,0.020587338,0.080180882,0.424579851,NA
TRAF4,241.1579544,-0.029071552,0.076106822,0.424587183,0.618379381
THRB,38.12339722,0.01193795,0.081223648,0.424592679,NA
MATCAP1,438.3492071,0.032837162,0.069675547,0.424779799,0.618498313
GORASP2,1892.994329,-0.032883292,0.054202203,0.424790787,0.618498313
TWIST1,7.715919279,-0.008073959,0.081373019,0.425030353,NA
POLR2C,1236.485931,0.031610631,0.050037257,0.425384116,0.619273318
THOC6,881.8628663,-0.033401304,0.059859179,0.425524759,0.619389174
LRRC24,15.86803901,-0.010742316,0.081319898,0.425582417,NA
HSD17B1P1,33.00572092,-0.017418911,0.080959876,0.4255955,NA
NPPA,9.9878801,-0.009681922,0.081344878,0.425789065,NA
OR13A1,12.58838705,0.010319693,0.08133639,0.425886941,NA
COL24A1,18.25919798,0.008356998,0.081384493,0.425923424,NA
PPAN,1275.816535,0.030861847,0.049542909,0.426224939,0.620237421
KCND3,9.124708236,0.009551059,0.08135967,0.426246271,NA
SLC12A6,2728.916268,0.034180683,0.059954508,0.426255134,0.620237421
TEFM,301.939309,0.028147439,0.077122585,0.42629094,0.620237421
ZNF625,31.41023208,-0.015998186,0.080974848,0.426392156,NA
CPSF7,2098.319133,-0.033307192,0.05687002,0.426458902,0.620392816
LGALS14,7.835346827,0.008413928,0.081380567,0.426607421,NA
PGAP1,221.5476854,0.023989868,0.079216083,0.426643975,0.620507399
MARS1,6603.553213,-0.03131578,0.048769212,0.426664119,0.620507399
SPIRE1,2322.836763,0.033565552,0.062988086,0.426727001,0.620507399
SLC6A4,9.809586998,0.007343399,0.081390703,0.426741962,NA
TAF5L,1024.729471,0.033502456,0.066265863,0.426782347,0.620507399
SCN2A,61.17407489,0.019456429,0.080530664,0.426847853,NA
YPEL4,228.4501139,-0.031026434,0.073401868,0.426903339,0.620594363
ZNF879,72.20791579,0.019440071,0.08044722,0.427038415,NA
SCARA3,6.458934307,-0.006748728,0.081398749,0.427137688,NA
ZMYM5,349.5065864,0.032672235,0.070201595,0.427284577,0.621059572
PCDHGB5,12.76407409,0.00934032,0.081369918,0.427322317,NA
OMA1,344.1040149,0.030895101,0.073764897,0.427370723,0.62109579
TMEM39A,794.2014651,-0.033012868,0.063610212,0.427468062,0.621148263
HOXA1,21.95500944,0.012866757,0.081212505,0.427563751,NA
PHLDB3,127.7728916,-0.02573038,0.078389222,0.42756537,NA
KIAA0319L,2216.45735,-0.030487529,0.046802108,0.427570595,0.621208267
MED26,384.390484,-0.030351287,0.073256353,0.427718707,0.621334465
AKR1E2,8.738439956,-0.008476073,0.081361673,0.427784612,NA
RPS26P19,11.09460809,-0.003390508,0.08143051,0.42788957,NA
MECOM,9.532571321,-0.008131833,0.081376059,0.42789963,NA
COPZ2,50.03502437,-0.020702022,0.080215197,0.427951072,NA
H2BC21,144.1701679,0.028582688,0.076278278,0.428057129,NA
TRAK1,1974.098595,-0.031341157,0.04657929,0.428103669,0.621804641
NEUROD1,10.34241331,-0.009788902,0.081335076,0.428119858,NA
UFC1,2033.115511,0.03306252,0.054884445,0.428239057,0.62191224
TECPR2,893.6343375,-0.031478917,0.072377215,0.428396156,0.622051333
PIWIL4,147.5279266,-0.025043381,0.078648928,0.428528851,NA
TRAF3IP2,456.0980007,-0.031275088,0.074477689,0.428596516,0.622205414
ZNF44,320.8869642,-0.031963131,0.071374069,0.428667293,0.622205414
SCAPER,272.2111897,-0.020754789,0.080245166,0.428703402,0.622205414
EEF1A1P11,9.51771815,-0.00895331,0.081354445,0.428732018,NA
MFAP3L,18.52558601,0.008629458,0.081334903,0.428898103,NA
RPL17P47,9.427071215,-0.009361472,0.08133979,0.428941375,NA
ABCF1,2984.110202,0.032905615,0.063227196,0.428941937,0.622205414
CHSY1,1402.587866,0.030549108,0.07404386,0.428978444,0.622205414
IFT172,481.0422419,0.032856372,0.070100613,0.429057125,0.622205414
AGFG1,1659.326624,0.033054386,0.056661785,0.429076589,0.622205414
GADD45B,438.3784045,-0.028733991,0.076181022,0.429115804,0.622205414
CHST3,25.75357304,0.014593443,0.081107897,0.429137404,NA
NUP160,1503.540224,0.034105119,0.063307989,0.429138979,0.622205414
KDM4C,675.8530729,-0.033768416,0.063237477,0.429141281,0.622205414
PCYOX1,1503.446633,0.033615278,0.058384002,0.42917698,0.622205414
GATB,907.2871501,-0.033552073,0.060772874,0.429296359,0.62228955
OPA3,1155.549032,-0.034462169,0.061501793,0.429789938,0.622851341
POLE,1192.348565,-0.031999696,0.071284632,0.429806722,0.622851341
WDR75,597.530465,0.030743691,0.07363471,0.429919618,0.622925954
FCRL3,13.53874993,0.011451447,0.081270222,0.429950306,NA
ADCY2,20.77488155,-0.012673142,0.081178766,0.429952435,NA
PFN1P6,13.11674927,0.010695089,0.081308607,0.430013478,NA
NAALADL2,23.97359131,0.014957831,0.081043626,0.430273268,NA
GPBAR1,90.46121563,-0.025748801,0.07851281,0.430436832,NA
GRAPL,17.25917757,0.012136508,0.081239685,0.430504712,NA
ZNF527,125.1063664,-0.023599846,0.078932453,0.430578399,NA
CHKA,1006.489529,-0.033237577,0.060080767,0.430651875,0.623897832
CPNE7,92.51361828,-0.02328394,0.079364286,0.430658989,NA
ABLIM3,968.7318543,0.033487622,0.062725968,0.430740872,0.623937656
FOXO6,9.222803089,-0.009144668,0.081339993,0.430745298,NA
FAM86DP,10.48290771,-0.010443369,0.081310892,0.430751388,NA
GPR143,8.501854785,0.009390635,0.081333745,0.430857463,NA
ZNF740,1528.467218,0.033119756,0.057141929,0.430984659,0.624201654
BEX3,2638.736917,0.029935048,0.050478558,0.431117997,0.624305633
BTBD8,114.401632,0.023120678,0.079437536,0.431176636,NA
ZNF549,198.4177289,-0.030963236,0.072773605,0.431240364,NA
CDADC1,169.3443894,0.027252011,0.077244044,0.431249358,NA
EEF1AKMT1,120.1233031,0.026281457,0.077953319,0.431431042,NA
TCF7L1,28.17513658,-0.014280293,0.080917006,0.431521535,NA
DTD1,377.7744394,0.032221745,0.067772157,0.431538819,0.624825832
KNL1,823.601869,0.032985641,0.064864581,0.431639325,0.624846042
COX10,682.2049062,0.033211433,0.058849944,0.431675973,0.624846042
CHN1,21.5330838,-0.014392981,0.081053403,0.431756568,NA
TMEM11,845.7538642,-0.032684411,0.056075976,0.431758812,0.62485567
PDE8A,1814.726041,-0.033099619,0.056219858,0.431835079,0.62485567
MFN1,698.7753461,0.033300294,0.061658435,0.431867419,0.62485567
HNRNPA1P54,100.102661,0.026230191,0.077945328,0.431896838,NA
DCLRE1B,832.6077753,-0.033064657,0.061105766,0.431936009,0.624865784
DNAI4,68.48234873,0.014072449,0.081098616,0.43193602,NA
KIAA1586,156.7510591,-0.0250972,0.078264234,0.431945689,NA
RHOBTB3,1293.058001,0.033438369,0.061676039,0.432291839,0.625291375
ABCG1,1817.146685,-0.033240446,0.063779177,0.432504391,0.625509629
ZBED10P,41.55500285,-0.01841158,0.080561405,0.432514521,NA
ZNF691,305.7682847,-0.031556034,0.0719778,0.432615326,0.625580879
SMG8,547.5142008,-0.033147194,0.059750074,0.432717952,0.625640095
NUDCP1,21.82399545,-0.01359277,0.081055981,0.432750195,NA
NLRP10,19.175364,0.012431949,0.081193763,0.432770573,NA
TMEM276,168.300563,-0.030454339,0.073489575,0.43291378,NA
IRF9,3067.989417,0.030769873,0.048061842,0.432997184,0.625954601
SPTBN4,28.53722676,0.011657162,0.081233642,0.433065361,NA
CLTCL1,87.98047264,-0.019537091,0.079992222,0.433122944,NA
TMEM209,354.1471748,-0.032261256,0.070800418,0.433208502,0.626170853
CRISPLD1,20.48572899,-0.011117977,0.081230949,0.433296786,NA
ANKDD1A,719.298635,0.031803209,0.065953293,0.433510736,0.626518437
GOLGA2P5,29.05107857,-0.014992617,0.080986766,0.433532979,NA
GPER1,88.37644086,-0.021877658,0.079886431,0.433543726,NA
GALNT14,11.37351522,0.009075906,0.081330898,0.433584109,NA
PARL,1491.751618,0.03007709,0.046587918,0.433767405,0.626725073
RXYLT1,437.4693562,-0.032031367,0.070065846,0.433777281,0.626725073
ENOX1,24.564271,-0.015263353,0.08095505,0.433778742,NA
CETP,9.977380946,-0.008735446,0.081339214,0.433886874,NA
RCHY1,541.6287713,0.033319078,0.067434762,0.433906437,0.626822401
SLC6A8,358.3254896,-0.030990462,0.073192425,0.434066147,0.626856613
TUBGCP2,3096.241526,-0.031434603,0.050930661,0.434107838,0.626856613
DCHS2,15.46929009,0.010203341,0.081258763,0.434182635,NA
HSD17B4,5863.380491,0.031175864,0.050556984,0.434234832,0.626856613
THEMIS2,2663.646812,-0.031836149,0.053850682,0.43426641,0.626856613
PPM1K,1416.482342,-0.033058105,0.060321863,0.434293642,0.626856613
TRIM38,2867.986118,0.029883722,0.045848556,0.434356653,0.626856613
TF,657.9106729,0.032715113,0.059452259,0.43436269,0.626856613
MIS12,376.5649727,0.032964935,0.066680509,0.434481961,0.626939546
TSPEAR,107.0414881,-0.02290498,0.079352185,0.434516614,NA
GABRG3,10.19163827,0.008713631,0.081341402,0.434523994,NA
ID1,501.8231972,0.031261972,0.072121429,0.434581091,0.626993398
CRHR2,9.7952946,0.008449488,0.081350419,0.434639031,NA
ARHGAP21,2978.758917,0.028644202,0.044579392,0.434655408,0.627011442
VCX3A,9.668137608,-0.007993283,0.081359109,0.434741266,NA
DOCK4,4155.826573,-0.031622284,0.051132978,0.434837886,0.627185485
OR8B8,7.631365233,0.008005542,0.081360384,0.435060339,NA
FIP1L1,1265.778698,0.032643089,0.056860177,0.43507168,0.627433484
NTRK3,38.25569609,-0.013225873,0.081075084,0.435131537,NA
MEP1A,17.15343196,-0.011888429,0.081204053,0.435286377,NA
CCT6P3,56.35969393,-0.01877102,0.080422607,0.435290289,NA
SPSB1,1297.560535,-0.031784829,0.052839315,0.43550335,0.627736855
SNX29,1536.055385,0.032878261,0.059394266,0.435535717,0.627736855
BYSL,342.7008234,-0.031441217,0.071205529,0.435536512,0.627736855
RGS5,43.01181873,0.014680751,0.08098435,0.435585076,NA
INPP4A,1581.359082,0.032489527,0.056934442,0.435603693,0.627736855
LIMK2,1158.838835,0.032167547,0.064006557,0.435635509,0.627736855
CLN8,2980.268265,-0.03306858,0.060403268,0.435653338,0.627736855
UBE3B,1554.846565,-0.032810092,0.064157185,0.435923508,0.628036936
ATP13A4,11.41094212,-0.006807019,0.081356204,0.435984051,NA
BTBD3,685.3735192,-0.029037002,0.072871515,0.436019675,0.62808628
RPL13P5,42.13348596,0.018667834,0.08046703,0.436067941,NA
PROB1,32.08531499,-0.015530887,0.080905396,0.43611843,NA
CLTC,14181.21018,0.03053277,0.049178431,0.436145881,0.628178875
DOCK8,9095.54384,0.028098148,0.042114534,0.436272459,0.62827198
UBE2D3,8385.547463,-0.029549031,0.045839059,0.436421639,0.628397602
ZFP37,32.76934064,0.014984313,0.080945971,0.436515899,NA
KNOP1P3,10.37733707,0.010413227,0.081284463,0.43653302,NA
CARHSP1,616.1234406,0.032814722,0.064373724,0.436548046,0.628490402
LGI2,116.424683,-0.021173741,0.079811962,0.436567649,NA
KLF10,1196.702029,0.032967049,0.064634726,0.436745091,0.628684859
KLF1,12.76251873,0.010435316,0.081277504,0.437073581,NA
CEP112,168.7587176,0.026084563,0.077779446,0.437079341,NA
KIF3A,207.964928,-0.023552198,0.078896484,0.437103063,0.62903233
EBP,830.4373678,-0.032870709,0.066554596,0.437110498,0.62903233
SERGEF,321.9915241,0.028869313,0.075309632,0.43719404,0.629063311
ATXN2,1423.185291,-0.03083456,0.049897179,0.437619942,0.629441579
CMIP,4623.05771,-0.032516207,0.058238713,0.437708424,0.629441579
ZNF148,1167.20984,-0.032454522,0.05735808,0.437741088,0.629441579
ETHE1,1060.705318,-0.0317599,0.053453091,0.437746675,0.629441579
NIF3L1,442.8364403,0.032634616,0.063297314,0.437767186,0.629441579
MCF2,154.5032936,-0.028951165,0.075437324,0.437816368,NA
ZNF208,11.02457662,-0.007905815,0.081320987,0.437959548,NA
CAMKK2,1426.289852,-0.034191622,0.06281124,0.438014107,0.629707355
FAM98A,1321.175922,0.032810015,0.063047776,0.43822251,0.629917691
NPIPA7,73.91979246,0.019857792,0.080175171,0.438242537,NA
CDKN2D,145.6550811,0.024952058,0.078277005,0.438511661,NA
ZNF581,555.3017684,-0.033147358,0.071092085,0.4386225,0.630403321
B4GALNT1,8.664550467,-0.006462284,0.081360762,0.438628392,NA
PHF20,1241.169243,-0.032633199,0.064868211,0.438725717,0.630462342
CIROP,7.037277281,0.006719022,0.081372686,0.438747329,NA
PAX5,12.82974819,-0.010405585,0.081253939,0.438814527,NA
SH3YL1,448.4091458,0.029676799,0.073597851,0.438872197,0.630583509
PSTK,111.2497463,0.026259906,0.077453167,0.438978411,NA
CCDC126,156.7205856,0.026321836,0.076945952,0.4390683,NA
KLHL2,1226.468526,0.032830808,0.061826098,0.439135908,0.630873057
LRP2,47.36682487,0.017154183,0.080653408,0.439183229,NA
DTX3L,4354.446956,0.033174714,0.061686027,0.439308381,0.631031467
LMO2,3162.407907,0.031623762,0.0535743,0.439540521,0.631275527
PGA5,71.3172682,-0.017007367,0.080644328,0.439577123,NA
ZNF229,68.77711779,-0.019206131,0.08016945,0.439739389,NA
AGAP2,57.08303494,-0.018776168,0.080315101,0.439757851,NA
LRRC10B,14.86150442,-0.010792197,0.081229623,0.439844,NA
YTHDF3,3355.582598,-0.032350533,0.057825044,0.439921937,0.631687951
SMIM10L1,673.655961,-0.017153009,0.08060917,0.439952226,0.631687951
MFSD11,1100.666199,-0.031859174,0.053388526,0.440022352,0.631689412
TPP2,1795.458566,0.03197951,0.066635983,0.440131559,0.631689412
CLIC1,9072.842411,0.030322994,0.050355805,0.44014006,0.631689412
ATF7-NPFF,13.15211469,-0.006806128,0.081373922,0.440271043,NA
RANGRF,491.4271957,-0.032730809,0.062129672,0.440475191,0.632080965
CYB5D1,294.99602,-0.031266921,0.071201914,0.440605055,0.632177889
ADCY1,18.81974966,0.010059925,0.081256202,0.440710232,NA
AGBL5,353.0108295,-0.031630014,0.069908945,0.440752909,0.63227036
FAR2,1141.756538,0.031532466,0.052917953,0.440794163,0.63227036
COL4A3,20.51992306,-0.012771166,0.081074194,0.440830399,NA
ACACA,1042.05039,0.032411725,0.062165499,0.440865422,0.632283167
UBR1,821.9703643,0.028839241,0.074789171,0.441160286,0.632616616
FGFR2,16.20780931,-0.010144326,0.081245695,0.441267749,NA
PDXDC1,4056.801715,-0.030206531,0.048827611,0.441346427,0.632793653
COA1,836.586948,0.032317056,0.056431698,0.441439173,0.632793653
QTRT1,598.2288575,-0.033115976,0.060450334,0.441470887,0.632793653
CALB1,16.74975134,-0.009003522,0.081291149,0.441479116,NA
TECTA,14.71483042,0.011149567,0.081202292,0.44164045,NA
ZHX1-C8orf76,33.29713065,-0.016598826,0.08069129,0.441785128,NA
ZFP91-CNTF,23.47203894,-0.005158625,0.081399386,0.442035441,NA
RBBP8,416.2286934,0.0278863,0.076030126,0.442043761,0.633525277
H2BC19P,15.06711876,-0.007423388,0.081356327,0.442058704,NA
ST8SIA6,12.88725627,-0.008384267,0.081295674,0.442310585,NA
HIVEP1,556.0637308,0.032332368,0.065558846,0.442342214,0.633863458
MTRES1,274.6632806,0.029877608,0.071862753,0.44245423,0.633934422
NWD1,12.6106469,-0.008630881,0.081305967,0.442514975,NA
C12orf57,417.9340214,0.034919623,0.066352111,0.442541714,0.633970222
UHRF1,1034.18479,0.032289868,0.063527201,0.442695789,0.634101395
STAC3,934.078049,0.032644836,0.062398544,0.44283611,0.63412353
DHX40,821.9545483,0.031675387,0.065767247,0.442836266,0.63412353
CFAP44,166.4931606,0.028452703,0.074506008,0.442860761,NA
TCN1,7.254606657,0.006186458,0.081387373,0.442882334,NA
CERK,2050.332588,0.031547024,0.053020575,0.443022312,0.634290107
CPEB4,3102.631982,0.03310055,0.062783797,0.443077651,0.634290107
PIGB,288.5803776,-0.03027949,0.072351168,0.443184429,0.634353442
ACSM3,49.05776535,-0.01782248,0.080452256,0.443283928,NA
DISC1,594.7756201,-0.032353071,0.060296487,0.443368899,0.634527951
INHBE,7.829784246,-0.007774598,0.081327038,0.443675037,NA
HNRNPA1P14,7.978612066,-0.008342619,0.081319061,0.443756841,NA
C16orf54,185.04876,-0.028299765,0.075116516,0.443784671,NA
IL10RB,2277.270183,-0.029075093,0.045750231,0.443880477,0.635033536
CREM,515.006796,0.031603474,0.06785741,0.443909588,0.635033536
ZXDB,242.1823033,0.030435895,0.072501233,0.443914131,0.635033536
SIGLEC18P,57.28893143,-0.018937943,0.080196595,0.443915902,NA
MS4A6A,2335.387149,-0.028469968,0.070559299,0.443972579,0.635033536
SLC25A16,437.309618,0.029448994,0.073519774,0.444280784,0.635384783
CD6,153.5702904,0.024145083,0.078151834,0.444306454,NA
TMEM255A,91.19667491,-0.025004931,0.078502979,0.444320791,NA
TRIM16L,28.13438002,-0.014754229,0.080851658,0.444387356,NA
KCNK7,13.38491666,-0.010059574,0.081260557,0.444423455,NA
GPR85,517.3153438,0.031322734,0.069520343,0.444608909,0.635681619
SDHD,2579.947244,0.031730494,0.053946786,0.444613672,0.635681619
KCNJ14,50.26550841,-0.018365319,0.080302796,0.444667498,NA
TIMM10B,901.2740412,0.032319575,0.062719712,0.444696658,0.635710668
SYAP1,1541.251695,0.032420677,0.066434341,0.445022647,0.636087042
MORC3,1548.393538,0.031949337,0.05707532,0.445229381,0.636292877
NANS,2250.943975,0.030234532,0.045489333,0.445583008,0.636562045
PPM1E,8.169549595,0.007700704,0.081343481,0.445637742,NA
TOR1B,2547.968246,0.031560191,0.069885774,0.445639305,0.636562045
C1orf198,458.6988719,-0.032117656,0.064779052,0.445684561,0.636562045
SH3PXD2B,3407.945766,-0.030146732,0.049313621,0.445706978,0.636562045
ELK3,1641.217236,-0.030146639,0.049446121,0.445731487,0.636562045
ZC3HAV1L,68.68521874,0.020652143,0.079761759,0.445865554,NA
FBLN7,8.487529378,0.00821377,0.08130981,0.445925666,NA
ANKZF1,860.0985467,-0.030518663,0.053167048,0.446055337,0.636934872
PPP1R26P1,11.4931978,-0.008973938,0.08128844,0.446173566,NA
DHRS7,1485.861897,0.030082524,0.049303515,0.44627185,0.637100666
NKTR,2049.769996,0.031483257,0.062764,0.446315217,0.637100666
TRIM52,494.1764199,0.032087563,0.059997793,0.446364847,0.637100666
ZDBF2,116.7841517,0.023939764,0.078414078,0.446394022,NA
AGO1,3687.5815,0.029950997,0.048212407,0.446422667,0.637100666
FMO5,111.8453953,0.023460417,0.078655691,0.446493564,NA
SLC24A4,24.84879263,0.012832076,0.081037497,0.446504252,NA
SLC45A4,855.64728,-0.031867426,0.066661892,0.446563024,0.63715911
FECH,2139.131986,-0.02896297,0.046006068,0.446589242,0.63715911
SEMA3G,42.18289748,-0.012846447,0.081065928,0.446647591,NA
PCDH1,61.63497529,-0.01921432,0.080073709,0.446727058,NA
CDC14C,19.88580833,-0.012646719,0.081050809,0.446733284,NA
FBXO31,882.3751976,-0.032281387,0.062163264,0.446894031,0.63744501
CHST14,380.843812,-0.032065823,0.065630397,0.44693212,0.63744501
CD22,507.8235332,-0.029326042,0.073430677,0.44697815,0.63744501
CPEB3,344.7193881,0.031202754,0.069846354,0.447290197,0.637800359
SMARCB1,2207.355399,-0.0303456,0.051281194,0.447355904,0.637804398
SRPK2,1135.15507,0.031816905,0.060350623,0.447466233,0.637872045
CAMK4,77.4329648,-0.018186629,0.080218768,0.447674749,NA
HERC6,2163.062686,0.031481993,0.068668443,0.447703946,0.638060428
CEP78,495.7300321,0.032070637,0.065086714,0.447724184,0.638060428
TACR2,28.68419708,0.015256255,0.080833075,0.447922661,NA
TMEM14A,122.2988646,0.026217517,0.076855945,0.447939121,NA
IFT88,258.1162436,0.028948014,0.073988617,0.448040997,0.638367971
DCDC2,22.12068846,-0.012382064,0.081067605,0.448064707,NA
MPZL1,2421.993412,0.029070485,0.045041415,0.448065847,0.638367971
RAE1,691.5758144,0.031966956,0.059688182,0.448218504,0.638495788
SSPOP,29.46644721,-0.014771013,0.080840382,0.44824806,NA
METTL25,143.1212536,-0.022109143,0.079032946,0.448349531,NA
PTS,278.9995305,0.029498625,0.073053382,0.448416781,0.638688546
DYNLT4,81.42875349,0.022300471,0.079071304,0.448501788,NA
ENO1,33372.84721,-0.030622587,0.057689681,0.448566923,0.638760535
LOXL2,45.79799999,-0.016930942,0.08047615,0.4486056,NA
DHRS2,21.96071006,0.01279704,0.081036221,0.448699629,NA
ZNF32,300.2692031,0.02833821,0.074689342,0.448716658,0.638760535
CDK13,2046.709132,0.029526111,0.047230206,0.448746698,0.638760535
TMEM52B,403.1109075,0.027758603,0.074508823,0.448768161,0.638760535
CATSPERG,65.82698331,-0.020046926,0.079753662,0.448823608,NA
CCZ1,1592.565502,0.031715631,0.05569464,0.448842606,0.638760535
SLC25A12,439.2605796,0.029709135,0.071065363,0.448894487,0.638760535
PTPMT1,2170.325848,0.031353839,0.04802762,0.448940222,0.638760535
GTSE1,1193.125294,-0.031350107,0.054342773,0.448971078,0.638760535
FAM86B3P,98.47206607,0.020551233,0.079711677,0.44914241,NA
PCDHA3,9.72875417,-0.007955578,0.08131712,0.449275216,NA
CETN2,412.1632261,0.03091585,0.068188828,0.449457416,0.639362786
ZFHX3,3877.819943,-0.029725485,0.048770714,0.449750045,0.639689352
MRM1,193.736746,-0.02844533,0.073888322,0.449811167,NA
FAM53C,2271.55279,-0.029114031,0.047011364,0.44985832,0.639711174
POMZP3,324.8306106,-0.031681512,0.066047354,0.449919715,0.639711174
PNRC2,2382.343223,0.029780639,0.049168947,0.449954577,0.639711174
POLE2,72.29877697,0.019084595,0.080027265,0.449956424,NA
OTUB2,78.52287778,-0.019896434,0.079794183,0.450075012,NA
GPR160,116.9213792,0.021676111,0.079311625,0.450274902,NA
MRPL53,713.0518872,-0.031641901,0.057985002,0.450323669,0.639908982
PCF11,1978.728601,0.031692553,0.058669012,0.450333495,0.639908982
GPR132,408.6750963,-0.030040585,0.071665293,0.450349665,0.639908982
ZNF518A,1141.30822,0.031232202,0.068944249,0.450397084,0.639908982
ADPRH,975.4784972,0.03131402,0.055301885,0.450409122,0.639908982
TALDO1,6527.736504,0.029288106,0.04705671,0.450493083,0.639934886
FAM184B,9.831952678,0.007011308,0.081353555,0.450601416,NA
TNFAIP3,1578.487619,-0.031220595,0.055821834,0.450614496,0.639934886
GSDME,3055.884034,0.029227684,0.048139092,0.45061661,0.639934886
CLUHP3,28.9060412,-0.013440904,0.080926792,0.450672914,NA
PLCXD3,14.45061851,-0.010652091,0.08117914,0.450711555,NA
BCL2L11,628.600375,-0.03380359,0.066982449,0.450745971,0.640028993
FAM8A1,1326.169728,0.03006552,0.054969171,0.450898844,0.640156456
LRRC32,144.0317099,-0.024275404,0.07789533,0.451231095,NA
INO80,1711.247467,-0.030563459,0.052347764,0.451243261,0.640278286
CHI3L1,141983.1578,-0.025832246,0.039164233,0.451261652,0.640278286
NAGA,5212.89384,-0.027915699,0.043711691,0.451266445,0.640278286
INTS9,525.1704031,0.030740456,0.068604606,0.451323313,0.640278286
ATP11C,620.6988866,0.03195217,0.062087077,0.451425056,0.640278286
TCOF1,1907.425734,-0.028818349,0.073615966,0.451441427,0.640278286
PAXX,405.4342146,-0.031031745,0.068472569,0.451458033,0.640278286
GCNA,48.05491905,0.018767655,0.080092403,0.451501333,NA
SRSF5,5907.605277,0.031570726,0.053331975,0.451540907,0.640278286
AIFM1,2008.71769,0.025754942,0.043428186,0.451552727,0.640278286
LANCL2,554.6048742,0.03023585,0.069930048,0.451676243,0.640363915
SS18,1764.998415,0.030011436,0.049826541,0.451779706,0.640421093
KLHL15,458.0732924,0.032461644,0.06447422,0.45186611,0.640454076
ZNF667,63.91483002,0.017967362,0.080255029,0.451978156,NA
AEN,628.7241577,-0.032413255,0.062294339,0.452201858,0.64084041
SOX11,14.53923917,-0.011182548,0.081132116,0.452244153,NA
MRPL34,1387.865842,-0.029790418,0.049670214,0.452282768,0.640854092
SNAP47,435.1985556,-0.031457026,0.065870441,0.452337864,0.640854092
JAML,229.5366246,0.02877986,0.073600458,0.45252466,0.640988722
MBTD1,688.523103,0.031550663,0.064661417,0.452559269,0.640988722
PHKA1,200.4239697,0.030454172,0.071688984,0.452651892,NA
FDX2,455.7388792,-0.031562867,0.064487575,0.452749643,0.641168838
KNSTRN,626.030084,0.031650543,0.064031004,0.452942643,0.64135262
LLGL2,338.2599978,-0.027938954,0.073933706,0.453091349,0.641473643
L3MBTL3,166.0360497,0.023012216,0.078519837,0.453094439,NA
MAGEF1,1123.095279,0.031369329,0.053900352,0.453261842,0.641625471
MTMR12,1156.277208,0.030790747,0.054823838,0.453331273,0.641634217
TAF5LP1,8.075526529,-0.008490564,0.081274454,0.453608017,NA
WDR45P1,10.72090502,-0.009260929,0.081247399,0.453628867,NA
EXOSC5,451.2154058,-0.031523663,0.064154563,0.453728049,0.642106212
BEST3,16.31198698,-0.010574452,0.081144379,0.453811734,NA
PDE6D,400.3485538,-0.031123884,0.067134669,0.453995629,0.642395266
SCGB2B2,53.76401247,-0.014899224,0.080711671,0.454221704,NA
MIS18A,263.9726182,0.028851403,0.07173388,0.454294356,0.642728306
PTCHD4,78.83842875,0.021721005,0.078960002,0.45432617,NA
MICE,18.27536934,0.012746076,0.081010961,0.45445628,NA
FBH1,1403.549995,0.031321175,0.057743499,0.454558519,0.64297668
VPS26B,1939.866974,-0.029611654,0.050088155,0.454596683,0.64297668
SARDH,185.5866352,-0.026295588,0.076259826,0.454612354,NA
POGZ,1909.536105,-0.030525033,0.055817424,0.45477847,0.643144123
CC2D2B,52.9612552,-0.016458888,0.080468572,0.454804974,NA
ANKLE2,2495.213314,-0.027523115,0.043510385,0.454915607,0.643248385
ELAVL1,1806.08759,0.030554805,0.051542522,0.455208954,0.643573468
ST20-MTHFS,275.0009107,0.030452966,0.069836166,0.455642846,0.643740275
SLC23A2,3024.609432,0.027023317,0.042418491,0.455677583,0.643740275
CABP4,31.57878316,0.01396507,0.080858551,0.455687718,NA
TRMT13,329.7148235,0.028619262,0.073536476,0.455710847,0.643740275
VARS1,3809.809379,-0.031175904,0.057540035,0.455712275,0.643740275
PIP4P2,341.3276819,0.030077643,0.070389622,0.455749511,0.643740275
MAP2K1,3135.404004,-0.027333303,0.043208331,0.455754887,0.643740275
SULT1C2,229.2797495,-0.027290578,0.074953184,0.455771161,0.643740275
RAB2B,603.4679426,0.03164741,0.063419272,0.455959534,0.643855606
KAT14,492.2302225,0.031052561,0.062444263,0.455979759,0.643855606
CLDN23,421.9148248,-0.031357912,0.063205778,0.456070247,0.643858019
NSMAF,4071.314083,0.028691218,0.046737794,0.456159019,0.643858019
ATRX,2561.55879,0.021566306,0.078744961,0.456180118,0.643858019
KMO,778.1034111,0.029956027,0.070545407,0.456235355,0.643858019
HM13,12219.58385,-0.028009817,0.04905206,0.456486661,0.644123061
FXYD2,121.2717887,0.01825428,0.079916274,0.456692608,NA
FGD5,7956.431783,-0.029198859,0.048491834,0.456723149,0.644367124
ALG10,127.1020859,-0.022427455,0.078592877,0.45672386,NA
BAK1,1972.695045,0.027707607,0.044278221,0.456875405,0.644492297
TSC22D1,4104.54248,0.027082716,0.045713973,0.456999983,0.644578396
CACNA1C,25.4942918,-0.008950126,0.081220304,0.457158277,NA
GLDN,2957.343461,-0.028813407,0.064430279,0.457312354,0.644929309
PIP5KL1,10.7580651,0.006893123,0.081315373,0.457344364,NA
SLC7A7,11643.09611,-0.023250719,0.03772171,0.457841459,0.645585733
SEMA3C,681.1647156,0.033102572,0.068692433,0.458069093,0.645816939
TPTEP2,8.817809046,-0.00698257,0.081315714,0.458101748,NA
ZFYVE9,102.6230367,0.020602385,0.07938059,0.458275059,NA
SLC39A14,486.4831645,0.029956147,0.07044217,0.458370897,0.646152637
EPHX4,6.198081837,0.006487565,0.08134241,0.45840286,NA
ZBTB26,197.3186745,0.028106083,0.073831389,0.458803952,NA
TMEM101,749.1675721,0.030659175,0.055263516,0.458847374,0.646631225
CP,23.82857229,0.009912275,0.08115617,0.458874273,NA
NUP50,2007.681638,-0.031857555,0.059768805,0.458923783,0.646631225
JMJD6,696.9787449,-0.031520512,0.061538451,0.458945721,0.646631225
TCHP,880.3885491,0.031245278,0.061884979,0.458965381,0.646631225
AGTRAP,1611.198233,-0.029122467,0.051131219,0.459183824,0.646849147
PLK5,10.4464065,-0.008723516,0.081237214,0.459318851,NA
ARB2A,339.9614041,-0.029039125,0.071655453,0.459327988,0.646962387
NDUFAF7,356.7340836,-0.030043691,0.069569447,0.459392964,0.646964074
MYH7B,33.81184707,-0.014732064,0.080689963,0.459393131,NA
IFTAP,141.7112846,0.024250286,0.077522451,0.459424621,NA
FN3KRP,755.6437899,0.031253974,0.062794332,0.459530838,0.64706841
MYLK3,101.6051665,0.021931928,0.078684289,0.459751996,NA
GIGYF2,2646.599183,0.030843513,0.055168516,0.459975816,0.64760509
BNIPL,13.06159148,-0.007996737,0.08125016,0.460147717,NA
ZFP64,409.8189314,-0.030620954,0.065423706,0.46039194,0.648101005
ZNF141,435.2331168,-0.028751734,0.072174819,0.460523694,0.64811776
EPB41L3,4577.043749,0.031887304,0.054950227,0.460531626,0.64811776
ZSCAN9,217.6851132,0.028143539,0.073626972,0.460800731,0.648345831
MKRN1,3284.852421,0.031030007,0.056670814,0.460821514,0.648345831
ACYP2,365.5499811,0.030283891,0.066260462,0.460946057,0.648358146
STAT5B,1603.867111,0.028011074,0.048767535,0.461022131,0.648358146
CCDC24,135.0372523,-0.026523879,0.075769901,0.461129029,NA
MAP4K3,965.5621485,0.029521144,0.071020201,0.461160851,0.648358146
SDHAF1,296.7145344,-0.030728094,0.067169466,0.461210379,0.648358146
ODF2,874.3452469,-0.030220764,0.053766661,0.461304722,0.648358146
PARP1,5046.866627,0.029911465,0.051550061,0.461353201,0.648358146
KHDC4,1149.012399,-0.030319291,0.064714679,0.461397225,0.648358146
NIPSNAP1,899.8554305,-0.030871251,0.05770291,0.461492294,0.648358146
PBX3,1030.912596,0.029986181,0.059477812,0.461510974,0.648358146
XYLT2,598.0474134,-0.031741542,0.064155965,0.46153291,0.648358146
ATP6V0B,7598.519817,-0.02482083,0.038416289,0.461533337,0.648358146
MISFA,17.40778801,0.011651795,0.081048104,0.461679728,NA
ALPK2,15.6065614,0.008106151,0.081236607,0.461692911,NA
C17orf49,888.995561,-0.030954403,0.057102528,0.461779087,0.64861355
NCK2,1217.241988,-0.031021371,0.063121747,0.462090123,0.648924387
SLC38A5,138.2969689,0.02541341,0.076210047,0.462134147,NA
TSPYL5,285.1484543,-0.029572767,0.071606509,0.462165184,0.648924387
EIF2B2,788.0303064,-0.031018452,0.060276518,0.4621923,0.648924387
C3orf70,74.74058817,0.01890326,0.079832797,0.462196432,NA
FKBP4,1463.296144,-0.032611273,0.065829275,0.462404994,0.648978381
IGF2R,19778.0884,0.031800791,0.048986406,0.462439651,0.648978381
RPL13,17732.2337,-0.026870804,0.045128837,0.462492554,0.648978381
MTERF4,883.7689649,0.030834149,0.059113638,0.462552466,0.648978381
PPFIBP2,841.4196746,-0.03072494,0.063432889,0.462613001,0.648978381
CD99,5386.355173,0.030778347,0.051315029,0.462614617,0.648978381
TMEM71,93.9201725,-0.019219274,0.079634172,0.462733613,NA
SMPD2,635.732692,-0.030620074,0.056735854,0.46275876,0.649090827
BEGAIN,14.11772475,0.007441986,0.08127104,0.462876016,NA
CTNNB1,10545.82568,-0.029047032,0.049551747,0.462979087,0.649261539
HFE,547.9472261,0.029220355,0.070244253,0.463008476,0.649261539
ERI1,672.6497056,0.02743003,0.07409176,0.463146074,0.649307609
FMNL3,8497.103731,-0.027983892,0.045608096,0.463202172,0.649307609
POLR2H,849.9677581,-0.030185866,0.058896372,0.463233356,0.649307609
ACOT6,7.059256367,-0.007391751,0.081293778,0.46327223,NA
PEMT,288.2426816,-0.029949237,0.068877601,0.463324726,0.649345955
CELF3,9.82834677,-0.00889898,0.081208173,0.463469195,NA
AURKC,30.43462689,0.014092243,0.080738483,0.463681946,NA
ILKAP,644.7338307,-0.030669024,0.059392434,0.463847519,0.649988843
DNAI3,53.2562391,0.017652047,0.080039079,0.464040747,NA
BST2,8204.520538,0.030626634,0.061417292,0.464128874,0.650289304
DLGAP4,1410.665433,-0.030901106,0.060361812,0.464190147,0.650289304
NDUFB11,1354.883014,0.030140983,0.054648832,0.464396786,0.650488953
MGA,1317.190457,0.030792302,0.055374544,0.464544717,0.65060122
PABIR1,643.6005795,-0.030662722,0.057982312,0.464605209,0.65060122
RNF181,1492.294047,-0.029638591,0.052350126,0.464702269,0.650647317
FAM149A,33.07104407,-0.011522121,0.080990061,0.464745022,NA
TSHZ3,72.24208595,-0.021139348,0.078901983,0.464914073,NA
CHMP7,1136.909602,-0.030427965,0.062074001,0.465009784,0.650883454
ELAVL4,15.03398727,0.010684502,0.081077365,0.465012479,NA
PVR,1754.209811,0.029546065,0.053810802,0.465047735,0.650883454
CLUAP1,298.6108856,-0.025953407,0.075586337,0.465063414,0.650883454
KIAA0825,159.3099785,0.024600151,0.076948454,0.465438376,NA
FRAT2,1065.206798,-0.030030635,0.055135842,0.46548381,0.651355246
NDUFB10,1673.923905,0.028637772,0.048526851,0.465528937,0.651355246
C19orf38,70.1567016,0.018493788,0.079853359,0.465537431,NA
ZNF350,171.6519788,-0.020996046,0.079025162,0.465720476,NA
PABIR2,1221.181627,-0.031244242,0.063700686,0.465720906,0.651533978
SPDYE5,40.10466098,-0.01531115,0.080510568,0.465787413,NA
ZNF552,202.0541817,0.028174426,0.072769862,0.466083689,NA
TRAPPC4,1115.766263,0.031320673,0.058584829,0.466101249,0.651976155
GAPDHP43,8.627658384,-0.008632708,0.081212801,0.466130938,NA
CRACD,58.38162239,-0.014777329,0.080559975,0.466174431,NA
ZNF614,164.6576999,-0.027194751,0.074059563,0.466223196,NA
FKBPL,163.9668019,-0.025176782,0.076280162,0.466590787,NA
RBFA,375.596035,0.030591917,0.06723896,0.466636605,0.652635009
HAUS5,409.4752133,-0.031118922,0.069441396,0.466924836,0.652948103
SAMD4A,1480.371871,-0.028458208,0.07106222,0.467101837,0.653105587
TFAP2E,79.12343942,-0.01976543,0.079395407,0.467124372,NA
EIF5AL1,53.0045617,0.018164931,0.079860685,0.467280617,NA
ERC2,10.09555562,-0.006576087,0.081297344,0.467357411,NA
GOLGA8J,12.12724717,-0.008235889,0.081234355,0.467512286,NA
BFSP1,25.95941262,-0.014009171,0.080684324,0.467848309,NA
LRRC57,741.5063744,0.030501732,0.062349951,0.467900657,0.654017601
GPKOW,665.1039433,-0.030488926,0.058563219,0.467909167,0.654017601
SPATA20,2371.531034,-0.02761573,0.045982338,0.46794753,0.654017601
MXRA7,807.2700769,0.030512565,0.063443549,0.468026559,0.654037941
PLIN4,73.50862809,-0.017846407,0.079930507,0.468250721,NA
TMEM222,1149.868654,-0.029449481,0.052471985,0.468252237,0.654263181
GRM6,19.34140443,0.011185272,0.08103926,0.468397345,NA
COX6A1,3242.657643,-0.027409861,0.045676966,0.468436896,0.654431052
RDH16,31.09075203,0.014485687,0.080623168,0.468438942,NA
HELB,99.2132222,-0.02131803,0.078592282,0.468478904,NA
RAP1GAP,88.10260921,-0.020907166,0.078925336,0.46897658,NA
GOSR2,1481.431978,0.028840622,0.050070785,0.469020423,0.655156041
PLCE1,70.1007758,-0.016933062,0.080090366,0.469093577,NA
OR7A17,14.50428169,0.010595248,0.081082708,0.469124252,NA
PPP1R13L,118.7323306,-0.0165934,0.080205487,0.469473481,NA
BZW1P2,88.04226367,-0.012147162,0.080891256,0.469538208,NA
NUDT2,159.6720491,0.019676132,0.079353852,0.469556866,NA
LRAT,17.94151013,0.011452698,0.081003285,0.469594723,NA
GRIK4,41.51432868,-0.016795989,0.080111339,0.469794326,NA
BBS10,580.7154653,0.026534257,0.066911994,0.469801014,0.656156063
ATP2A3,102.6514553,0.017552632,0.079969188,0.469808456,NA
BMERB1,470.6027228,0.034054883,0.066677365,0.4700187,0.656369727
IDO1,19.77344546,-0.009744836,0.081105,0.470056758,NA
TMEM262,30.9612884,-0.01283961,0.080810471,0.47006349,NA
MAP2,109.3602399,-0.021087737,0.078770253,0.470136513,NA
SMARCE1,2191.08727,0.028172947,0.050875582,0.470418648,0.656822136
ESR2,28.85515034,-0.014796583,0.080546617,0.470435621,NA
CHIT1,61799.75655,-0.025704841,0.043803261,0.470472165,0.656822136
ZNF34,118.6699621,-0.02488657,0.076238755,0.470540637,NA
INTS14,939.5619529,0.030294266,0.05819996,0.470726838,0.6569485
FAM174B,208.8722014,-0.024118252,0.076757309,0.470739576,0.6569485
DPY19L4,695.2395797,-0.028828085,0.070526283,0.470756964,0.6569485
PYROXD1,394.7247111,0.023096891,0.077977542,0.470824271,0.65695205
WNT10B,63.62208282,0.019169121,0.079442883,0.47094422,NA
LRRC23,179.8317588,0.02645522,0.07421617,0.470983832,NA
HSFX1,20.91457608,-0.010715385,0.081092703,0.471115529,NA
FLYWCH1,1115.84371,-0.03010637,0.06423247,0.471198895,0.657384348
CARD6,1267.676158,0.029578037,0.053046174,0.471605236,0.657860769
MAP3K9,186.2866712,-0.022301171,0.078019216,0.471610986,NA
FUT1,28.82243664,-0.012098545,0.0808872,0.471623141,NA
ACO1,2152.820929,0.030226532,0.059191099,0.471674317,0.657866667
MZT2A,1055.480037,-0.029521233,0.05331448,0.471820124,0.657979562
WIPF3,638.1701851,-0.028386696,0.06413428,0.471969188,0.658096968
GALNT16,14.35971141,-0.010228817,0.081076702,0.471982222,NA
ZNF670,42.12851987,0.015930865,0.080308763,0.471993608,NA
BIRC2,1730.365614,-0.028618444,0.050151103,0.472108158,0.658184181
BSND,9.605895256,0.007012494,0.081289534,0.472135865,NA
ZNF460,66.83922324,-0.015970908,0.080242838,0.472151179,NA
HINT2,558.3821135,-0.030229596,0.059892488,0.472188752,0.658184181
TMF1,1677.607685,0.029870878,0.055911134,0.472226387,0.658184181
RNF39,9.180220683,0.008069614,0.081231543,0.472467521,NA
ALKBH1,336.5931892,-0.029835652,0.066401142,0.472537466,0.658527278
BUB3,2322.798653,0.027993213,0.048082369,0.472639973,0.658579655
TBX6,24.38949089,-0.013047312,0.080739925,0.472656077,NA
GALK1,716.2445536,-0.030422326,0.064273348,0.47285431,0.65878782
DMRTA1,16.26511224,0.011349664,0.080982253,0.47298772,NA
ANGPT2,44.70023802,0.017329404,0.079835046,0.47305508,NA
GRIN3B,27.12650505,-0.013391994,0.080730143,0.473072769,NA
RIBC2,7.619770219,0.005767964,0.081330756,0.47312502,NA
CC2D1B,1973.069072,-0.031385676,0.06041495,0.473202075,0.659181797
VPS35L,1826.373836,-0.030528628,0.063212049,0.473294553,0.659189799
STOML1,239.514909,-0.027110151,0.072209294,0.47336266,0.659189799
DNAAF4,286.5646682,0.027713989,0.072484326,0.473402769,0.659189799
SHISA5,7460.489313,-0.029086181,0.052075158,0.473500834,0.659235857
LIAT1,45.64995301,0.016271945,0.080228571,0.473588778,NA
STX18,1276.565362,0.029706989,0.054621194,0.473851547,0.659633607
RNF169,732.7382045,0.029999176,0.057880455,0.47392213,0.65964134
DISP2,169.8243825,-0.009635698,0.081092891,0.474020729,NA
BICD1,648.4029995,0.029231021,0.066360507,0.47433845,0.6601277
ATOSB,1939.710891,0.02998796,0.060431725,0.474433062,0.6601277
ZNF200,343.3971433,0.029181997,0.068601645,0.474466785,0.6601277
CIBAR1,130.4592266,0.021545107,0.078385885,0.47457497,NA
SLC25A10,283.2011135,-0.026505676,0.07415577,0.474771298,0.660460785
TLR9,12.99875628,-0.010277002,0.081055246,0.474905803,NA
GMPS,1280.101797,0.030025138,0.059996308,0.47491418,0.660568962
CPLANE2,111.804156,-0.022566813,0.077732909,0.474923715,NA
ELOVL6,150.1423325,0.007364894,0.081274261,0.474971296,NA
ETV7,22.29967301,0.012390954,0.080850498,0.475274382,NA
MT-ND3,24636.4705,0.024649572,0.060776408,0.475288373,0.660932404
NEK7,2061.15574,0.029352925,0.053683653,0.475305785,0.660932404
MTRF1,253.7836118,0.02716779,0.073284749,0.475622906,0.661282725
SYCE1L,42.45750309,-0.01487318,0.080439061,0.475650042,NA
GLIS2,55.55002923,-0.01805656,0.079258337,0.475858393,NA
TAF5,337.10142,0.029141615,0.065628157,0.476131481,0.66171325
AP1AR,1131.831175,0.030151402,0.060906386,0.476221521,0.66171325
SLC38A6,1199.243112,0.031890136,0.057376181,0.476223661,0.66171325
TMEM185A,835.3984921,0.029775686,0.054907435,0.476274829,0.66171325
TMPRSS13,26.47989154,-0.013453177,0.080657104,0.476312701,NA
CBLN3,217.9383303,-0.024167925,0.07663163,0.476348798,0.66171325
PIGZ,111.5101631,-0.022271557,0.077877147,0.476365166,NA
AMER1,223.0263616,0.027554828,0.072584157,0.476380392,0.66171325
PRMT9,259.3193781,0.026532116,0.072152331,0.476429694,0.66171325
GEMIN8,219.5825574,-0.025069217,0.075574316,0.476454415,0.66171325
ZNF217,1533.738806,0.027641404,0.048546361,0.476638827,0.661878749
SYNM,36.19269507,0.014898886,0.080443562,0.476790126,NA
NDST2,1166.080255,-0.029594479,0.064004175,0.476823339,0.66204434
ZNF84,523.7870113,0.028701666,0.069524099,0.476912413,0.662077394
TPSB2,29.46465342,-0.012702208,0.080765923,0.476950174,NA
TMEM158,107.8513909,-0.020834486,0.078548509,0.477182842,NA
METTL13,1449.382412,0.028585887,0.051755353,0.47721344,0.662404644
ZNF7,491.8648759,0.030321972,0.061153068,0.47728023,0.662406712
PRR16,6.633407074,0.006037176,0.081318593,0.477359195,NA
LDLRAP1,1020.018345,-0.02925828,0.067409459,0.477543907,0.662599064
PSME4,3230.482797,-0.027275599,0.044708339,0.477549463,0.662599064
CSKMT,86.07299278,-0.020222915,0.078798901,0.477635368,NA
HELZ2,3980.114761,-0.021396939,0.078217569,0.477767539,0.662810983
SHROOM4,13.51106777,0.009451401,0.081110717,0.477940557,NA
L3MBTL2,1332.512422,-0.02957314,0.056675664,0.477945126,0.662896835
REM2,12.22982798,-0.009243521,0.081115984,0.47799663,NA
EPHB3,246.2189131,-0.013273373,0.080666366,0.478036308,0.662896835
CAST,5018.164731,0.026851757,0.047096881,0.478060614,0.662896835
NR2C2,1776.09824,-0.022269602,0.077821311,0.478090817,0.662896835
FBXO32,564.7800993,0.032473665,0.070414997,0.478212033,0.662974288
TGIF2-RAB5IF,29.30060311,-0.012635255,0.080757368,0.478310743,NA
YPEL2,1051.730078,-0.029615293,0.057551522,0.478351397,0.663076875
FAS,545.6367445,0.028971211,0.070190289,0.47848081,0.663165642
ZNF391,47.50526169,0.017477477,0.079830834,0.478497668,NA
TRIM74,19.47749877,-0.006855437,0.081273069,0.478540223,NA
GIMAP6,2140.34228,0.027580507,0.050574653,0.478618893,0.6632664
ARHGEF26,13.64956376,-0.010058396,0.081051344,0.478742043,NA
RMDN3,3584.549904,-0.030438795,0.066184395,0.47882714,0.663378907
RNFT1,1207.718169,0.029908058,0.060063066,0.478830871,0.663378907
NDUFA3,1138.950696,-0.028887264,0.053551456,0.479564652,0.664229761
PRR15,372.5194101,-0.020089492,0.078698029,0.479575983,0.664229761
TTC28,573.1962077,-0.015214037,0.080269159,0.479691337,0.664298828
SAG,53.24814758,-0.017659659,0.079697595,0.479811094,NA
BTN2A2,155.4902728,-0.026446357,0.073498548,0.479821912,NA
PPCS,1356.207966,0.0291222,0.054893291,0.479992447,0.664625086
NBPF3,176.8508542,-0.022716797,0.077246307,0.480012784,NA
SPATA12,40.1667658,0.015716789,0.080204504,0.48010088,NA
TMEM41A,655.7660095,0.02946395,0.058846774,0.480311728,0.664930188
DERPC,829.9779971,0.029799781,0.060445856,0.48034389,0.664930188
CD38,24.22594083,-0.009157612,0.08108055,0.480373644,NA
SUZ12P1,214.2415343,0.026184743,0.074190537,0.480439346,0.664971582
PCDHGB2,12.59847704,-0.009709337,0.081088954,0.48048098,NA
SCML2,22.40862757,0.011790259,0.080860025,0.480646106,NA
ANPEP,5770.798803,-0.028291351,0.051263018,0.48066922,0.665124186
PPM1F,1646.358113,-0.029653143,0.060169778,0.480680738,0.665124186
PTPN11P2,12.00144361,-0.008775589,0.081150033,0.480690976,NA
PLEKHA8,459.02553,0.026906384,0.07041286,0.480804675,0.665204941
CRYZP1,8.419074297,-0.007082743,0.081258108,0.480873223,NA
PERCC1,7.83176291,-0.007085196,0.081260975,0.480879425,NA
NCOA2,1183.21704,-0.029591251,0.056361786,0.480882526,0.665221921
RPL14P1,13.99357235,-0.009332359,0.08108847,0.481107682,NA
CR1L,11.37615661,0.008836208,0.081145289,0.481120538,NA
RAB11FIP4,743.3479389,0.029925449,0.06372232,0.481150383,0.665464647
GLULP5,21.42429738,0.011149216,0.080938918,0.481179925,NA
UBE4A,2134.504411,-0.026320339,0.044644038,0.481189194,0.665464647
FASTKD3,171.1069906,0.027004327,0.072747865,0.481553214,NA
HAVCR1,57.45895291,0.013576494,0.080606425,0.481590299,NA
HHEX,958.611193,-0.032805634,0.052710378,0.481854268,0.666093146
ZNF18,265.8536248,-0.028761427,0.069269416,0.481882969,0.666093146
NPFFR1,35.82158373,0.01500854,0.08030254,0.481907694,NA
HSPA1L,61.49796554,0.019515616,0.079035193,0.481912455,NA
MRPS24,1084.045631,-0.028988298,0.054559294,0.48193931,0.666093146
SIX5,98.68823213,-0.022253905,0.077647074,0.481943281,NA
XNDC1N-ZNF705EP-ALG1L9P,25.02927595,0.010038027,0.081015382,0.481963533,NA
SIK2,1282.192067,-0.028870886,0.066167446,0.481968767,0.666093146
METTL6,339.2371174,0.026964333,0.072607904,0.482018446,0.666093146
FAM210A,425.5130407,0.028971721,0.0660514,0.482037636,0.666093146
GABRR2,60.47325438,-0.016820833,0.079774718,0.482072166,NA
BABAM2,862.7971505,-0.029434116,0.064326519,0.482197406,0.666165994
ADAMTSL3,50.43987826,0.015306208,0.080294586,0.482246422,NA
ATL2,784.8295018,0.028823179,0.061366091,0.482321895,0.666165994
ZSWIM6,1701.125374,-0.026435611,0.044974301,0.482351092,0.666165994
YTHDC1,1834.254042,0.027587656,0.046961963,0.482353039,0.666165994
SRSF6,3886.743886,0.026485492,0.045239136,0.482703182,0.666558819
SYCP2L,48.87268448,0.012830501,0.080695008,0.482720248,NA
BEST4,28.59140448,-0.013455659,0.080535977,0.482838595,NA
ZNRD2,348.1085459,-0.028523491,0.068634705,0.483056472,0.66695588
TTC41P,8.460082514,-0.007078403,0.081242297,0.483336315,NA
KIAA1958,342.6692534,0.028750519,0.068399777,0.483344866,0.667263245
CERKL,9.21178955,0.007657396,0.081224762,0.48340264,NA
PARD3B,35.88958078,0.010384718,0.080980746,0.483407468,NA
GOLGB1,3428.213709,0.030830424,0.05813696,0.483459579,0.667330789
DENND4C,3341.185052,0.029071258,0.053759823,0.483692391,0.667561308
ZFP62,330.2309734,0.027662137,0.070843351,0.483814076,0.667638415
RANBP9,1807.214955,0.030460575,0.058360686,0.483890768,0.667639544
MAPKAPK5,1432.58105,-0.029045354,0.055900974,0.483946527,0.667639544
NME9,37.03859109,0.015279738,0.080240026,0.48399013,NA
RNF168,958.1608635,0.029280497,0.059425786,0.484083124,0.667737178
BSN,42.32846844,0.01335665,0.080613683,0.484252758,NA
CIAO2B,1298.375774,-0.028435689,0.052638271,0.484328382,0.667898769
STEAP2,11.50087218,0.008198087,0.081175258,0.484362723,NA
BACE1,3081.685697,-0.029099399,0.058025247,0.484366501,0.667898769
TNFAIP6,69.90238432,0.019348454,0.078958763,0.484391453,NA
SLC35A2,904.4584894,-0.028627227,0.059406529,0.484458503,0.667898769
B3GNTL1,262.1937568,0.025981894,0.073806814,0.484477195,0.667898769
NT5C1A,9.538488801,-0.007641397,0.081221457,0.484481282,NA
SQLE,1168.016319,0.026911077,0.073294616,0.48452948,0.667898769
SPIB,15.82229859,-0.010232633,0.080981925,0.484654085,NA
GLIS3,88.15401473,0.01391535,0.080591122,0.484773797,NA
TUBA1B,18754.92546,0.043651492,0.052314913,0.484773994,0.668048384
ZNF660,53.78215552,0.014137615,0.080449938,0.484845148,NA
WDFY3,2811.83336,0.029745001,0.064995997,0.484849154,0.668048384
ADI1,2654.831524,0.026902884,0.045664975,0.484850412,0.668048384
ASXL2,2380.548807,-0.026950426,0.072583464,0.484958682,0.668048384
PTPDC1,232.4520084,0.026012045,0.073791945,0.484967301,0.668048384
NFIX,22.52763042,0.010585957,0.080970947,0.485175952,NA
STX3,2344.173998,0.030166787,0.050673766,0.485298978,0.668414506
KRT79,345.7446598,-0.024990257,0.074108976,0.485549394,0.668668619
RASSF5,2933.875543,-0.028143141,0.051973501,0.485659846,0.668729941
TDRD1,31.94118243,0.014424076,0.080416061,0.485920494,NA
PEX10,598.7914179,-0.028821116,0.066553568,0.485945779,0.669032842
PIH1D1,1211.068577,-0.029326604,0.058215693,0.486014238,0.669036292
ZFP3,71.1149266,-0.02030291,0.078555954,0.486023356,NA
LIMS4,20.34156543,0.012303644,0.080743425,0.486214528,NA
GET3,2132.401124,-0.02611006,0.04493281,0.486248252,0.669267607
SLC5A12,7.694719742,-0.006857457,0.081253642,0.48628001,NA
PLEKHA6,49.37589805,-0.01536591,0.080141465,0.486317036,NA
THAP3,263.1451848,-0.028018436,0.069307464,0.486418157,0.669289402
HEATR5B,1227.763131,-0.028915475,0.060942924,0.48643778,0.669289402
ARL6IP6,871.8588045,0.029094022,0.057962754,0.486462023,0.669289402
FIG4,1432.415777,-0.029031293,0.055924024,0.486686459,0.669507383
PRICKLE4,10.88647438,-0.008839092,0.081111386,0.486764142,NA
C4A,52.0369738,-0.012027584,0.080726633,0.486965097,NA
IL20RB,23.10032701,0.009678105,0.081045724,0.48696904,NA
UNC119B,700.6605463,0.029063761,0.056679689,0.487019826,0.669786163
ZNF585B,266.0026273,-0.022775135,0.077056202,0.487021169,0.669786163
OR8D1,20.24110148,-0.010141304,0.080973198,0.487042859,NA
ODCP,8.300845549,-0.00726085,0.0812313,0.487205711,NA
SIRPB1,1115.139092,-0.028515034,0.067790096,0.487512185,0.670370558
MMP1,131.3519051,-0.023577617,0.078207364,0.487560307,NA
PTX3,14.2757874,0.010167066,0.08100276,0.487568921,NA
ZFTA,558.256095,0.028506364,0.066134522,0.487582502,0.670376375
ZNF818P,59.96744403,0.018176824,0.07936031,0.487652124,NA
TAF4B,85.37366656,0.020798878,0.078342107,0.487756361,NA
PNPLA4,279.4994323,-0.0266595,0.072159145,0.488050827,0.670850008
SORD,570.488124,0.028775816,0.066893479,0.488059253,0.670850008
GUK1,2694.262652,-0.025067017,0.044029634,0.488128902,0.670854841
SCAF8,1323.937415,0.028914945,0.054160866,0.488303991,0.671004563
NRCAM,43.34392017,0.011517589,0.08082809,0.48833153,NA
LIPT1,76.66752308,0.016806022,0.079767998,0.488559843,NA
SDHAP2,559.1974026,-0.029482421,0.067690869,0.488602192,0.671323396
CBS,3405.585871,-0.02841559,0.054421914,0.488714347,0.671386557
LRFN1,20.91700413,-0.011906111,0.080766426,0.488800639,NA
RAB3IP,125.4372872,0.018955432,0.078974513,0.488927806,NA
GPR37,12.66926304,-0.009292559,0.081056807,0.489011972,NA
SUPT20HL2,29.25587326,0.013159896,0.080557495,0.489012043,NA
EFCAB6,18.22298931,0.00924621,0.081063145,0.48904979,NA
OSBPL6,98.57207251,0.017408041,0.07955874,0.489128464,NA
EAF1,1074.238496,0.028836651,0.053147276,0.489194799,0.671955591
DDX12P,131.9067428,-0.022141933,0.077208336,0.489386858,NA
BCL2L2-PABPN1,248.7936979,0.023932687,0.075856732,0.489526266,0.672319855
LRRC39,625.7388816,0.031444511,0.069296768,0.489662019,0.672415259
ZNF563,30.32099292,0.014004638,0.080436299,0.489832896,NA
NCKAP1L,16765.6159,-0.023627495,0.039228419,0.490014379,0.672808048
RAPSN,23.18474826,0.012005992,0.080732707,0.490093392,NA
PCDH18,61.01974958,0.01590232,0.079980068,0.490122654,NA
TXLNA,2472.005755,-0.025120401,0.042087104,0.490277916,0.672911743
SLC25A46,1997.467355,0.028614188,0.054014683,0.49039879,0.672911743
ITFG2,844.0394666,-0.028760269,0.059691574,0.490422307,0.672911743
ING1,371.6278598,-0.028491596,0.06651785,0.490437183,0.672911743
ATP6V0D2,958.22502,0.02894549,0.060205075,0.490458188,0.672911743
CEACAM4,11.49275429,-0.008815634,0.081094669,0.490470032,NA
PPP2CB,2130.206602,0.026713527,0.046794756,0.490487917,0.672911743
YWHAQP5,12.77321627,0.008854182,0.081110309,0.490528587,NA
RBM15,457.2174561,-0.027102494,0.07096986,0.490571204,0.672934996
TATDN2,2042.168996,-0.027564559,0.050770324,0.490919307,0.67332145
CXCL9,12.53741984,-0.00907677,0.081062813,0.491114778,NA
ANKS4B,8.007365262,0.007352411,0.081212895,0.491123816,NA
SLC51A,93.24124511,-0.022350578,0.077241816,0.491147752,NA
TRIO,7083.222632,-0.028230346,0.0545751,0.49122892,0.673655018
SLC14A2,9.247113324,-0.007906254,0.081164687,0.491332429,NA
COL27A1,97.43162539,-0.01792199,0.079303866,0.491375651,NA
INPP1,332.53726,0.028088164,0.066880821,0.49144954,0.673866469
GJB6,31.81597313,-0.013430634,0.080488935,0.491541357,NA
HAUS8,398.0386183,0.027668347,0.068112436,0.491583332,0.673958821
NBEAL1,473.0324135,0.027176705,0.070882481,0.491814206,0.67418423
CYTL1,24.22192185,-0.011018143,0.080819132,0.491902145,NA
ZSWIM5,10.72061279,-0.005162237,0.081291563,0.491915362,NA
PGLYRP3,13.88224464,-0.009340852,0.081032685,0.49200408,NA
ZNF630,30.6968496,-0.012798165,0.080650843,0.492140167,NA
AMIGO3,74.9919586,-0.014940936,0.08017949,0.492153162,NA
SRPX2,665.9010654,0.028551478,0.062347938,0.492277813,0.674424254
YIPF6,1176.191343,0.028129114,0.068686316,0.492279715,0.674424254
SPRN,11.76268062,-0.008588298,0.081101668,0.492338538,NA
RPUSD4,702.6768411,-0.029397961,0.062451227,0.492343478,0.674424254
APOBEC3G,558.6831956,0.028687522,0.063966637,0.492348677,0.674424254
FBXO30,1038.729777,0.028813065,0.055976263,0.492378874,0.674424254
SMCR8,2705.717937,-0.026490894,0.048383439,0.492388212,0.674424254
SLC4A11,345.0650957,-0.024594843,0.075329317,0.492621825,0.674590153
FBL,1576.306755,0.030859282,0.060212242,0.492642336,0.674590153
LMCD1,30.81391908,-0.012816996,0.08053761,0.492918788,NA
IRGM,12.21015591,0.009320072,0.081042924,0.493177154,NA
GOLGA6L9,59.61700152,0.013619596,0.080458337,0.493293106,NA
HERC2P10,67.73367848,0.018238518,0.079170757,0.493366109,NA
WDR83OS,1039.556311,-0.028595509,0.05864894,0.493449461,0.675604175
CRY1,299.9192929,-0.025764547,0.069371294,0.493676001,0.675794486
PRDM4,1073.691158,0.028938693,0.058967445,0.493721701,0.675794486
PAPPA2,21.46574635,-0.005857554,0.081262425,0.493746804,NA
ANLN,1203.987769,0.028177589,0.054542585,0.493805658,0.675818213
TTC9,78.10017066,0.018339584,0.079059288,0.493979209,NA
SETD2,2487.087061,0.02513779,0.043409425,0.493990042,0.675979359
ZNF316,3597.448462,-0.030208689,0.07031464,0.494287021,0.676294516
ARFIP2,1091.798447,-0.026825747,0.054632465,0.494400115,0.676358027
CD24,18.05671262,0.010537074,0.080896826,0.494720301,NA
NUDT16,1722.24994,0.026951671,0.048853842,0.494788976,0.676682336
WNT11,8.932483566,-0.006436462,0.081233561,0.494809404,NA
IFI35,2176.688364,0.026120148,0.070466824,0.49487883,0.676682336
ALMS1,376.5912202,0.024231938,0.074703509,0.494937474,0.676682336
COMMD4,1161.660745,-0.02818011,0.0579294,0.494969623,0.676682336
ARHGAP30,7976.543784,0.022021859,0.035765602,0.494970715,0.676682336
SENP3,1793.709659,0.024502762,0.041800965,0.495057744,0.676710114
CTCFL,19.50885914,0.01129604,0.080812925,0.495207731,NA
BRMS1,1254.573421,-0.027612728,0.052111397,0.495240362,0.67686853
RPS4XP16,8.910576032,-0.008215476,0.081122175,0.495382332,NA
AJUBA,36.20115924,-0.013106921,0.080488795,0.495383254,NA
IRAK1BP1,52.94649614,-0.013438422,0.080434631,0.495456129,NA
RAB7A,16648.21557,0.024256295,0.041565193,0.495597038,0.677264766
KBTBD3,68.31976735,-0.017835738,0.079152807,0.495643057,NA
LBX2,130.6693815,-0.020492247,0.077954969,0.495926146,NA
PNMA8A,678.7375595,-0.028876996,0.058577725,0.496096052,0.677855382
ZCCHC3,1433.180212,-0.026268927,0.047245488,0.496352211,0.677942353
DPP6,9.230759467,0.00823724,0.081125174,0.496358083,NA
JTB,2663.668505,0.026732043,0.048605731,0.496359368,0.677942353
FCRLA,256.2857781,0.025685864,0.073119156,0.496360199,0.677942353
C1orf216,719.5252476,0.027622604,0.068435826,0.496474333,0.678006952
GNPTAB,4658.300154,0.025923636,0.045724642,0.496601097,0.67806902
HCK,8993.368019,-0.026912174,0.049999961,0.49668459,0.67806902
LPP,3559.802638,0.028420363,0.060419731,0.496720316,0.67806902
PTPRN2,20.86493504,-0.009524294,0.080975222,0.496720542,NA
KCNC4,213.7392141,-0.012597878,0.080537624,0.496922209,0.678253349
SLC19A3,38.0043453,0.011511893,0.080736194,0.497118689,NA
MYBPC3,25.55790014,-0.010023045,0.080922285,0.497176564,NA
SPOP,1494.19214,0.027477668,0.055889837,0.497253751,0.678614563
FXYD6,392.6616684,-0.026263573,0.071659309,0.497353393,0.678659243
NUPR2,7.995094709,-0.007171676,0.081193858,0.497529387,NA
PDP1,726.1402012,0.026700957,0.069801623,0.49767671,0.679009085
CACNG5,12.94800057,-0.0096251,0.080971769,0.497744772,NA
OR5AN1,15.70446413,0.010164311,0.080932856,0.497745602,NA
RGL4,340.8799102,-0.02551766,0.07249135,0.497862429,0.679113896
GPHN,280.2530296,0.024519847,0.074615819,0.497887426,0.679113896
NUDT3,4753.6363,0.025176805,0.047092136,0.497982274,0.679151948
AICDA,14.65349244,0.00927785,0.081020223,0.498001397,NA
CCDC154,82.1561154,-0.01537972,0.079913199,0.498104685,NA
TRAIP,157.5782542,-0.022315857,0.076512984,0.49811846,NA
SALL4,131.2774395,-0.019088739,0.077501332,0.498201582,NA
IGSF1,7.898592531,0.006037949,0.081261431,0.498310263,NA
ELAPOR2,154.4779681,0.01965223,0.078375762,0.498313203,NA
ODAD3,14.07855302,-0.00909276,0.081030355,0.498507881,NA
NOS1AP,68.18647368,-0.018422158,0.07882586,0.498676708,NA
TNNI2,234.9835993,0.027895488,0.070411197,0.499007123,0.68045816
UQCC5,425.6068236,0.027387281,0.068758036,0.49911588,0.680514985
RNF157,18.20003523,-0.009769893,0.080912021,0.499418767,NA
PHLDB1,1221.921255,-0.028842597,0.060679795,0.499458582,0.680890721
GOLGA6L10,35.80482169,-0.013158614,0.08042678,0.499495657,NA
NEK10,37.8578036,-0.011387345,0.080693552,0.499510158,NA
ELAPOR1,26.82307438,-0.011822862,0.080654117,0.499581842,NA
ASMTL,423.4083343,-0.028081624,0.063596171,0.499645955,0.680973323
EIF2B1,1331.501569,-0.028573815,0.063258172,0.499660364,0.680973323
HCAR3,61.68697058,-0.016434649,0.079534934,0.499688544,NA
LDLRAD4,2138.448992,-0.027564241,0.053792128,0.499720566,0.680973323
ZFX,1262.396582,0.027740893,0.065726427,0.499816701,0.681012843
CASC3,2306.699412,-0.026278438,0.048236551,0.500127218,0.681344413
TRIM33,1954.635309,-0.026107292,0.047494119,0.500217061,0.681375301
SFMBT1,379.1640395,0.026751966,0.070447068,0.500625146,0.681839619
SH3BP5,847.3662666,0.027806575,0.063227587,0.500694899,0.681843074
LYST,1141.354433,0.027234723,0.051920818,0.500908974,0.681984323
RIPK1,1705.089924,0.026984765,0.050474307,0.500933083,0.681984323
F8,111.5402185,0.019686295,0.07823013,0.501077866,NA
ZNF383,296.6112095,-0.023964387,0.074408125,0.501102125,0.682122914
SPAG8,23.51966325,-0.011492515,0.080680669,0.501129011,NA
FOSL1,114.4909943,-0.021028559,0.077388711,0.501158995,NA
NEPRO,1058.746995,0.028143043,0.060533036,0.501181604,0.682139567
EPB41L4A,63.471985,-0.016654951,0.079485686,0.501216517,NA
TENT5B,9.011191836,-0.007763217,0.081135691,0.501312045,NA
EPHA7,64.50345787,-0.017506914,0.079143879,0.501356747,NA
NFIA,109.7228211,0.017879752,0.078998357,0.501466015,NA
PKNOX1,511.4777574,-0.027236079,0.068353108,0.501546866,0.682545131
THBS2,119.1070824,-0.018385347,0.078806751,0.501592219,NA
POLR3K,395.2661892,0.027914786,0.066035099,0.501648567,0.682591961
DDX25,10.39552828,0.007273175,0.081172778,0.501762731,NA
BGN,24.29393649,-0.012271678,0.080538001,0.50177163,NA
LRRC37A17P,220.5685305,0.026113862,0.07273686,0.502000963,0.682888252
CRABP2,1909.479511,-0.027438249,0.052611269,0.502028225,0.682888252
FJX1,415.1721403,-0.027852288,0.064797527,0.502068275,0.682888252
OPHN1,489.7440629,0.026406687,0.070703957,0.50215345,0.682912535
USP34,3441.425859,-0.027717755,0.055848248,0.502462284,0.683210432
HPDL,25.63711539,0.012013181,0.080612102,0.502490783,NA
FIRRM,234.3139124,-0.024642314,0.072804978,0.5025072,0.683210432
NUDT5P1,15.15549199,0.010096487,0.080907222,0.502736618,NA
ZNF668,410.450645,-0.027055995,0.068691798,0.502749381,0.6834481
LY75-CD302,184.1401348,0.011794046,0.080692183,0.502974186,NA
CCNA1,80.03262332,-0.018571997,0.078785065,0.503014159,NA
TIMMDC1,1528.86555,0.028261853,0.054187316,0.503033495,0.6837427
PAK6,37.4700673,-0.0134218,0.080309547,0.503170915,NA
C2CD3,1281.481123,0.028035652,0.061141932,0.503287263,0.683995981
E2F5,108.7052941,0.01734405,0.0791904,0.503347674,NA
ABCB4,19.60883499,0.01006288,0.080881937,0.503519832,NA
BCLAF3,360.1595071,-0.024435485,0.073177907,0.503521543,0.684106278
KDSR,1759.526099,0.027511315,0.054127386,0.503563499,0.684106278
TSPAN14,3146.105655,0.026675006,0.050048219,0.503593959,0.684106278
DEF8,2538.319435,-0.02660173,0.050169314,0.503638179,0.684106278
SIRPD,24.07876372,0.011145049,0.080746294,0.503947218,NA
PHOSPHO2,33.5775246,0.013369686,0.080331536,0.504130937,NA
INTS8,798.0462888,-0.027833003,0.063186579,0.504217057,0.684800887
CALHM5,22.07023371,0.010375125,0.080846586,0.504286419,NA
ABHD6,713.9467547,-0.028061797,0.06642279,0.504488391,0.685077676
ADD2,24.33651792,-0.008431766,0.08100718,0.504518405,NA
SLC36A2,11.1004773,0.006963419,0.081189899,0.504662058,NA
TMEM217,106.4184487,0.020254579,0.07757766,0.50468885,NA
UQCC3,242.9329124,-0.026468016,0.069987336,0.504731398,0.685247278
SFXN2,254.6802004,0.025423692,0.072450318,0.504748389,0.685247278
GREM1,236.2819202,0.016829703,0.079308798,0.504880377,0.685334744
GABPB2,512.4766059,-0.026562812,0.073248617,0.505069422,0.685479207
RBM6,1751.349526,-0.02686296,0.05209874,0.505121951,0.685479207
CCL28,13.02285208,-0.008649824,0.081020746,0.505320317,NA
PKD2,1982.340451,0.026400171,0.049661664,0.505377292,0.685733982
SOAT1,5292.298353,0.025799587,0.047258683,0.505634387,0.685991068
C15orf61,135.7688599,-0.02116402,0.077009841,0.505720898,NA
OAZ2,1717.693285,0.026370219,0.049729083,0.505940453,0.686314516
RLIG1,173.2922969,0.021599871,0.076713584,0.506162157,NA
UNC5A,169.0723721,0.020260904,0.07768615,0.506204887,NA
SLC41A1,385.1186018,-0.027741137,0.062860776,0.506418764,0.686871499
TRIM17,28.7443699,-0.0116942,0.080620046,0.506645806,NA
MYLK,221.9783432,0.021675973,0.074767786,0.506771876,0.68699979
PNPO,1914.522895,0.02721403,0.05126309,0.506833329,0.68699979
PEX3,241.6164186,-0.024329487,0.073981127,0.506836343,0.68699979
FRS2,404.7840315,-0.023614261,0.074405187,0.506855193,0.68699979
PARP14,10641.33723,0.024275588,0.061127023,0.506859313,0.68699979
PODXL,353.2496445,-0.026956663,0.067809001,0.5069197,0.68699979
PPP1R15A,2277.599641,-0.026846501,0.052926323,0.507000768,0.687017871
SIGLEC6,9.892497181,-0.008450269,0.081052932,0.507017382,NA
GPR176,16.18461518,0.006916196,0.081173863,0.507474296,NA
PIK3CD,2722.017811,-0.028781983,0.063798403,0.507510974,0.68761738
BCAS1,33.41475865,-0.014333657,0.080029199,0.50751677,NA
SORCS1,123.7246602,-0.018096,0.078703599,0.507539147,NA
NRP2,6316.245676,-0.025730717,0.048536266,0.507649271,0.687681285
TTC22,7.613626331,-0.006688025,0.08120779,0.50768673,NA
PDIA3,11697.17225,0.029395336,0.051945532,0.507693725,0.687681285
RABEP1,2933.212207,0.02665226,0.052561589,0.508097482,0.688096292
EEF1G,25025.25038,-0.022885414,0.040175684,0.508139964,0.688096292
PLEKHF2,819.8072159,0.027814835,0.059844234,0.50820361,0.688096292
VAV1,4761.02913,0.021985967,0.037507333,0.508453711,0.688343046
SUSD4,8.6929789,-0.007670875,0.081114798,0.508561468,NA
ARSL,11.66989949,-0.007989657,0.081076377,0.50856392,NA
TACC2,429.0129627,-0.027088715,0.06684433,0.508582248,0.688425183
HDAC9,698.1736723,0.032148541,0.070888282,0.508654628,0.688431294
TUBA8,370.1285689,-0.024660409,0.073023805,0.508858893,0.688604988
RPS6KA2,1704.757119,-0.015725252,0.066871534,0.50891873,0.688604988
RSF1,1938.999247,-0.027398379,0.056809017,0.509089697,0.688744449
CDPF1P1,25.59391843,-0.012604815,0.080383809,0.509279651,NA
PJVK,20.56393538,-0.009793682,0.080860837,0.509290571,NA
SAT1,15545.21753,-0.02679062,0.053282989,0.509322711,0.688967806
TVP23C,172.109004,0.022263169,0.076084552,0.509504266,NA
ANO7L1,28.90586035,-0.013017623,0.080317192,0.50959053,NA
CCDC107,711.8943003,0.027687402,0.058661302,0.509677101,0.689355269
LONRF2,14.23595203,-0.009815812,0.080866645,0.509852218,NA
SELENOK,626.9717523,0.027471099,0.064555157,0.509913698,0.689551963
PAFAH1B3,312.3572779,0.026572106,0.068057175,0.509958481,0.689551963
TUBG1,1200.522936,-0.027348729,0.055319661,0.510119602,0.6896455
ZFP90,555.1379959,-0.024652885,0.073337211,0.510194053,0.6896455
FAM72B,212.4727771,0.022639196,0.075590904,0.510231612,0.6896455
NLRX1,1171.030996,-0.027372318,0.055465553,0.510306401,0.689654694
ALG1L13P,13.79370786,-0.009249705,0.08093999,0.510558779,NA
WSCD1,130.1192234,0.021481834,0.076633807,0.510653825,NA
ATCAY,20.42241923,-0.011357239,0.080629186,0.510677813,NA
CENPF,2567.377178,0.026310141,0.062229938,0.510736279,0.690057369
PCDHGA8,18.86455716,-0.010168643,0.080809483,0.510752737,NA
IFIT2,3622.418453,0.016369048,0.079419174,0.510797788,0.690057369
LHFPL2,15676.35656,0.022601245,0.040207066,0.510808437,0.690057369
TAF9B,173.5735165,0.020795229,0.077125102,0.511008772,NA
MT-ND2,103874.9289,-0.019369333,0.048539087,0.511141584,0.690385194
RNF170,751.8874831,0.026693193,0.061196545,0.511187223,0.690385194
GLI1,30.46440503,0.009549552,0.0808972,0.51147092,NA
AMH,46.40534952,-0.011579138,0.080573738,0.511597831,NA
DNHD1,577.0193699,-0.025914702,0.070581889,0.511625603,0.690885266
OR10G3,69.56762105,-0.016549976,0.079242807,0.511745706,NA
WDR1,14667.17872,0.024468259,0.044365139,0.511766361,0.690903433
TBC1D4,2692.441893,-0.026861004,0.067044433,0.511775275,0.690903433
DHX58,1600.59017,-0.027188917,0.065554561,0.511851167,0.690913937
TRGV5,11.3334342,0.008301841,0.081045515,0.511881922,NA
PORCN,169.7774053,-0.023908839,0.073928277,0.51190603,NA
TRMT61B,215.6819715,0.024652365,0.070945687,0.51198269,0.690999522
TTF1,538.2063719,-0.027608573,0.066740901,0.51208691,0.691048239
TBC1D22B,522.9351047,0.027584057,0.064093894,0.512229677,0.691148954
PHACTR4,1562.921772,-0.027075418,0.055103489,0.51249549,0.691358084
EHBP1,365.9032227,0.025163125,0.071596789,0.512585921,0.691358084
PIP5K1A,1456.727715,0.027407024,0.058942853,0.512589132,0.691358084
TRGV7,42.39915585,0.014805134,0.079863256,0.51270028,NA
THSD1,20.40350194,0.011127465,0.080666083,0.512843022,NA
ARMC10,825.1007528,0.0275404,0.064296008,0.512846253,0.691556012
RPP25L,378.3538242,-0.026077113,0.069293509,0.512898158,0.691556012
PRADC1,619.4951371,-0.027369477,0.060397121,0.512940402,0.691556012
OR2AT4,108.2092773,-0.021491749,0.076569909,0.512989799,NA
PIEZO2,48.19484187,0.015834677,0.079527339,0.513358163,NA
ZIC3,9.729616694,-0.007661353,0.081080761,0.513364552,NA
SNUPN,629.7600645,0.02729614,0.059955781,0.513436416,0.691913651
RTEL1,658.1906285,-0.02359741,0.071665915,0.513465221,0.691913651
CD163L1,304.9258869,-0.018340723,0.078389204,0.513471938,0.691913651
RPL7,15101.98249,0.024768949,0.047346087,0.51354678,0.691913651
SLC29A2,168.5343729,-0.019915179,0.077484188,0.513590404,NA
C5AR1,9804.868162,-0.025727245,0.049157753,0.513635577,0.691913651
ATP1B1,4201.932209,0.024940078,0.051709578,0.513676826,0.691913651
CD28,244.7202608,0.023988586,0.073270082,0.513683134,0.691913651
CPS1,96.88940152,0.017825174,0.078702808,0.513693286,NA
CLDN7P1,19.67821729,-0.011094677,0.08062702,0.513700268,NA
EIF4EBP2,5476.293039,-0.024310927,0.044512867,0.513780037,0.691952296
AMIGO2,502.130519,0.023999687,0.073681064,0.513889291,0.692007563
PRKCZ,67.49672653,0.017772448,0.078626178,0.513916264,NA
GPS2,1330.858162,-0.025793261,0.04911337,0.514144318,0.692259088
SEPTIN4,22.57382454,-0.011878594,0.080496341,0.514302733,NA
ESAM,11.69382551,0.007950645,0.081056687,0.514530341,NA
COQ7,538.4312289,0.027258547,0.060180792,0.514541286,0.692701634
PLXDC1,24.99355732,-0.00704969,0.081114721,0.514552504,NA
COA3,585.5567735,0.027278855,0.060241959,0.514646554,0.692751413
HEXIM2,234.5854633,-0.024862423,0.071143003,0.514741107,0.692786757
FAM83E,14.33370404,0.009537394,0.080885771,0.514774464,NA
MLANA,34.44825572,0.01042721,0.080763256,0.514870862,NA
DDX24,3274.783162,0.025742344,0.049428361,0.515035993,0.693091684
LGALS1,16377.03101,-0.026203225,0.053310866,0.515256852,0.693296924
CASTOR1,115.4424023,-0.021444138,0.076264374,0.51543726,NA
LSG1,1254.986061,0.026976032,0.056388249,0.515590384,0.693653695
STAT3,6152.105656,-0.022847552,0.040642336,0.515870411,0.693864502
C1QTNF5,7.885360394,0.006992712,0.081154619,0.515931344,NA
SELENOT,3537.483514,0.026331953,0.051621287,0.515936246,0.693864502
ATP23,188.6939765,0.018879908,0.078090954,0.515950069,NA
EMC8,808.8301089,0.026160892,0.067016595,0.515952281,0.693864502
PYY2,16.1485903,-0.008934663,0.080935517,0.516063744,NA
ATP5F1AP10,7.816574419,0.007337642,0.081125311,0.516189318,NA
BAALC,24.5503114,0.009809987,0.08082601,0.516249679,NA
MRPS15,1131.81064,0.026400745,0.056229337,0.516264353,0.694192152
FUT11,714.3909949,0.0280354,0.056877107,0.516502671,0.694420557
SYNDIG1,18.81173979,-0.010021685,0.080788475,0.516526843,NA
OGFOD3,994.5076509,-0.027044194,0.062652093,0.516602697,0.694462994
PUS1,888.3457575,0.027030809,0.057823119,0.516674294,0.69446721
PKD1L2,44.37610904,0.013749065,0.080030136,0.516756634,NA
ITK,46.5186656,-0.011599686,0.080492755,0.516828078,NA
PAFAH1B1,4543.36645,0.023045188,0.043514374,0.517016463,0.694835056
RFX3,217.5744979,0.02096238,0.076566253,0.517118136,0.694879636
WNT2B,185.1941252,-0.023552159,0.073790879,0.517160869,NA
WDR5B,221.1081627,0.025688065,0.069830939,0.517343778,0.695019874
IFRD2,1471.809381,-0.025268591,0.048126242,0.51735953,0.695019874
XKR5,9.680101401,-0.006667004,0.081170905,0.517408533,NA
UGT1A1,21.79023531,-0.011333638,0.080452106,0.517541186,NA
STX4,5505.277648,-0.026072134,0.05248355,0.517554834,0.69519018
INPP5B,1028.860142,0.027004211,0.063099652,0.517701263,0.6952104
AIRIM,310.1254649,-0.025640727,0.069414771,0.517706956,0.6952104
KCNH1,13.79942936,0.007050712,0.081123115,0.517775499,NA
ACTR8,974.3410466,0.027087863,0.05707846,0.517800921,0.695232448
LRP5,142.9798632,-0.013603943,0.080029155,0.517813015,NA
TLCD3A,197.9620134,-0.021127608,0.07648818,0.517831846,NA
PTGER3,9.166537349,-0.00677274,0.08115342,0.517851877,NA
NEMP1,1168.191649,0.026317029,0.059476099,0.517860447,0.695232448
OR5A2,99.14929042,0.020537426,0.07683234,0.517935965,NA
AMN1,130.8814421,0.022339734,0.075181566,0.517937378,NA
ACTG1P10,13.17507839,0.008586076,0.080960594,0.518054355,NA
BAP1,3439.795086,-0.024718505,0.046377808,0.5181113,0.695342251
FAM161A,81.92302896,0.019920014,0.077369362,0.518128287,NA
CNDP1,11.34093183,-0.008645009,0.081023279,0.51822659,NA
GDF11,66.64019082,0.017600901,0.078624626,0.518232318,NA
FBXL7,270.2253016,0.026313816,0.06739821,0.51828274,0.695342251
CSNK2A1,3356.651872,-0.022065168,0.03895798,0.518310876,0.695342251
ATF2,1298.457032,0.025273858,0.052510421,0.518328969,0.695342251
MINDY2,1488.195391,0.026253143,0.061857881,0.518331136,0.695342251
ZNF410,818.3500064,0.026833364,0.058955703,0.518353519,0.695342251
ZNF407,614.4583347,0.02701236,0.061246826,0.518590687,0.695568416
PCDHGB6,328.8459064,-0.022893659,0.074419531,0.518747123,0.695676106
C12orf76,405.6605937,-0.026898231,0.062275793,0.518894918,0.695676106
NAGS,52.75042228,0.015859812,0.079378117,0.518907709,NA
BEND3P2,55.15453454,-0.01646778,0.079122086,0.518929383,NA
ZNF280D,268.7543761,0.019060447,0.078370791,0.518938813,0.695676106
MCCC2,1783.962026,0.029387583,0.055165409,0.519006488,0.695676106
SNX12,1910.200155,0.025190923,0.047807892,0.519057516,0.695676106
ENTPD5,413.8876534,0.025609024,0.071367858,0.519082458,0.695676106
SMYD2,987.1336729,0.026961083,0.054683376,0.519203093,0.695745862
ATXN7L3,3083.183146,-0.027965485,0.054214918,0.519361445,0.695825343
CCHCR1,290.0084268,0.02299557,0.074489188,0.519399596,0.695825343
RPS19P3,12.80258945,-0.008613616,0.080955708,0.519527903,NA
TMSB15C,7.299296493,-0.006686321,0.081167056,0.519597809,NA
AIP,1437.904266,-0.025242769,0.049195962,0.519606589,0.696000751
FAM219A,739.0749899,-0.026666672,0.057024409,0.519667753,0.696000751
INPP4B,99.91439787,0.015041558,0.079651181,0.519893247,NA
FASTKD5,501.5653218,0.026666379,0.062306739,0.519894746,0.696189478
ZNF324,324.248519,-0.025732999,0.068786717,0.519945927,0.696189478
RPL32P3,11.32855991,-0.006957822,0.081132357,0.520057325,NA
CCDC87,8.242284562,-0.006759306,0.081151068,0.520185071,NA
DCAF7,6551.686187,-0.025624489,0.051160927,0.520297599,0.696542364
KCNA10,25.56735307,-0.012578821,0.08027028,0.520316488,NA
GLP2R,64.12239212,-0.012136933,0.080345957,0.520320397,NA
SCD,17836.32577,0.025392301,0.067635147,0.52034681,0.696542364
SLC38A9,1271.054698,-0.027233618,0.056811551,0.520589867,0.696775777
CCDC115,1236.672318,-0.025733114,0.051044565,0.52069754,0.696789757
EHD4,3127.073671,0.024954736,0.047180757,0.520737692,0.696789757
VIPR1,9.632262486,-0.007400174,0.081079433,0.520949365,NA
GUCY2F,14.10362524,0.009562026,0.08083706,0.520965088,NA
LRR1,309.5826198,0.025512322,0.070079221,0.521083648,0.696857622
SIGLEC14,795.3238642,-0.026876988,0.062022631,0.521104963,0.696857622
GRIPAP1,2368.681629,-0.025578372,0.050597689,0.521137594,0.696857622
LETMD1,1020.230536,-0.0265304,0.055432321,0.521258396,0.696857622
ERCC5,2242.871868,-0.025314134,0.049457823,0.521269776,0.696857622
GNB5,213.4873211,0.024737008,0.073088186,0.521376851,0.696857622
ARL17A,667.7115671,0.027836646,0.065664849,0.521432457,0.696857622
OR2B11,31.13529597,-0.01259962,0.080227222,0.52145062,NA
HUWE1,9330.289686,-0.022896445,0.041902652,0.521508516,0.696857622
DECR2,276.2451893,-0.023926655,0.072624538,0.521553827,0.696857622
ABCC4,1168.306665,-0.027245194,0.058963063,0.521658354,0.696857622
SEC23IP,2169.00884,-0.026778695,0.06001099,0.521670893,0.696857622
MEMO1,1023.730409,-0.026521541,0.059182491,0.52167447,0.696857622
PSMD8,3940.300008,-0.024999324,0.048252188,0.521681465,0.696857622
SPRING1,4360.226953,-0.026593697,0.054283401,0.521809137,0.696936391
NR2C2AP,187.1327659,0.024195704,0.072391848,0.521882838,NA
BRD1,1184.466933,-0.024832655,0.071271018,0.522083119,0.697100359
ETV6,2256.519049,0.026650149,0.049109125,0.52215852,0.697100359
SFXN4,507.7806721,0.028489955,0.065555184,0.52223516,0.697100359
MYCN,8.17579329,-0.006781854,0.081135026,0.522299582,NA
NYAP2,16.92198429,-0.009707888,0.080774472,0.522300386,NA
NPEPPSP1,219.7687375,-0.023472866,0.073299856,0.522318304,0.697100359
UGDH,647.6982028,0.026628576,0.065992582,0.522390456,0.697100359
FAM228B,222.4497495,-0.022881659,0.074283007,0.522418305,0.697100359
MRFAP1L2,271.9602224,-0.025879515,0.068414078,0.522597835,0.697100359
CHN2,687.4698267,-0.018545396,0.06403557,0.522601289,0.697100359
MRRF,825.9319947,0.026292975,0.065967419,0.522616094,0.697100359
CEP152,392.5669665,0.020977,0.076261097,0.522619108,0.697100359
SNAI2,11.41866356,-0.00609961,0.081184085,0.522633908,NA
FER1L6,20.19501992,0.009453946,0.080844759,0.522812462,NA
ANKMY2,655.8553829,0.027181998,0.06371824,0.522926242,0.697418327
NFE2L1,14160.73258,0.023294372,0.043438348,0.523115142,0.697578547
CNOT9,1460.033601,-0.024995564,0.048535455,0.523384926,0.697691928
COL26A1,115.7117179,-0.018912759,0.077717815,0.523390349,NA
FSIP2,61.77168631,0.012863743,0.080176534,0.523424625,NA
ZNF621,919.7421816,-0.029477411,0.066691753,0.5234598,0.697691928
MBD2,2574.971125,-0.027582688,0.064460076,0.523473182,0.697691928
XPO5,1358.142055,0.026550705,0.057736107,0.523528329,0.697691928
LFNG,1054.597379,-0.026373731,0.058689052,0.523607813,0.697691928
MPEG1,969.4565252,0.02647074,0.063949944,0.52361284,0.697691928
GUSBP9,39.81213599,0.013578708,0.080005914,0.523642584,NA
TUBGCP4,562.8803993,0.024569352,0.07129135,0.523723972,0.697748354
USP35,309.4447293,-0.024426368,0.071533239,0.523843928,0.697816521
TSNAX-DISC1,18.66314802,0.008129509,0.08100899,0.523908505,NA
SURF2,293.7269445,-0.025883912,0.067234826,0.523933928,0.69784477
TTC21B,430.4007896,0.024658677,0.071333689,0.524033988,0.697886408
ZNF737,182.771225,0.017187034,0.078730219,0.524263211,NA
MFSD6L,10.51585665,-0.007479968,0.08106635,0.524287102,NA
PRSS27,37.16640729,-0.013714967,0.079964275,0.524292581,NA
IVD,2258.166866,0.026447984,0.062487197,0.524570455,0.698509149
IMPDH2,2069.885156,0.025554429,0.051305817,0.5247494,0.698655718
CD300A,780.4353235,0.026169736,0.060555815,0.525065385,0.698984681
UBE2D2,3079.403377,-0.025659788,0.052358925,0.525301311,0.699206993
SYNRG,2003.933428,0.023235748,0.047262268,0.525468551,0.699337836
C17orf114,15.81932847,-0.009513177,0.080789984,0.525537012,NA
F2RL1,9.952420768,0.006874542,0.08113231,0.525680718,NA
GREB1L,12.0258011,0.005673043,0.081218203,0.525819669,NA
CDC73,1907.12508,0.028097806,0.056134864,0.525863556,0.699771731
HIGD2A,2063.213233,-0.024522495,0.047444034,0.526074448,0.699960545
AMZ1,85.79002398,-0.013983849,0.079762988,0.526190027,NA
ZNF649,251.0134901,0.02357625,0.072940139,0.52636428,0.700254329
ZNF138,66.51419876,0.017578981,0.078388957,0.526615642,NA
PLP2,3613.475041,0.025645082,0.058608119,0.526738185,0.700659868
TSPAN9,63.53693079,-0.015884957,0.079276652,0.526833502,NA
GJA3,20.39687068,-0.010396186,0.080637312,0.526934882,NA
GIMAP1,1401.784466,0.025790395,0.051182176,0.526937066,0.700769827
XAF1,3843.972559,0.026492397,0.064891328,0.526959014,0.700769827
DNAL1,256.5827517,-0.01232908,0.080219298,0.5270475,0.700795627
EXPH5,15.5646391,-0.009519223,0.080789844,0.527213582,NA
NCSTN,7305.520445,-0.023133343,0.05644158,0.527230395,0.700876548
PLAAT3,707.3984179,0.024529503,0.068947046,0.527246544,0.700876548
GCSH,293.6444044,0.021879294,0.074692037,0.527657249,0.701330599
USP39,1302.750828,-0.025663585,0.059735727,0.527792099,0.701404013
GSTK1,3709.026688,-0.02313843,0.043249411,0.527850773,0.701404013
RBKS,62.95298248,0.016098304,0.079051585,0.527916617,NA
FAHD2CP,9.592934671,-0.007028182,0.081108976,0.52791748,NA
ZNF665,25.83685943,0.011321285,0.080452372,0.52792411,NA
TIPIN,123.2709128,-0.020510108,0.076247179,0.528086531,NA
ZNF462,552.238237,0.022879725,0.074303633,0.528277395,0.701878964
SLC1A5,7663.73734,-0.025985297,0.054668229,0.528360477,0.701897417
BCO2,41.25063039,-0.012249758,0.080230806,0.528686986,NA
DUSP19,26.49950079,0.011523297,0.080407244,0.528712848,NA
CARD19,2432.060525,-0.025720052,0.052724908,0.52892761,0.702505854
SLC39A7,4995.699578,-0.020242266,0.036782079,0.528956991,0.702505854
NCAM1,36.23249386,-0.010637033,0.080527573,0.529306884,NA
GPRIN1,142.2363377,-0.021734869,0.07494052,0.529499527,NA
CDHR2,10.23746475,-0.004310659,0.081303881,0.529662587,NA
AURKAIP1,1902.560994,-0.024309715,0.047485328,0.529749523,0.703466313
SYNE4,9.934844147,0.0061778,0.081152598,0.529815639,NA
GNAT1,18.46471986,-0.010509656,0.08059231,0.529902073,NA
WDR47,711.5413245,-0.026082411,0.058884426,0.529990878,0.703660899
CNDP2,9898.081213,-0.021125754,0.049835809,0.530034792,0.703660899
IQCN,18.00825779,-0.006901929,0.081066275,0.530254657,NA
TMEM220,84.7891196,-0.017692583,0.07808927,0.530302033,NA
SOX13,103.5130444,-0.0192545,0.077140917,0.530411499,NA
NSUN5,893.9581167,-0.025797475,0.053593207,0.530519297,0.704126702
EPHB6,309.9369232,-0.023687784,0.072103078,0.530524485,0.704126702
HSD17B2,48.24667716,0.015079678,0.079431685,0.530720133,NA
FHOD3,9.57414885,0.006652902,0.081122955,0.53074854,NA
GDF6,15.20441555,-0.009259139,0.080786737,0.53084414,NA
TAF1A,97.96548285,0.020256265,0.076407167,0.530849159,NA
BEX1,11.19104933,0.007901618,0.080999013,0.530979832,NA
ARF4,3438.121382,0.025193691,0.051921024,0.531212939,0.704948202
MGAM,87.28972596,0.013767671,0.079810774,0.531290315,NA
NSUN6,127.7584519,-0.020766947,0.075922778,0.531291396,NA
CPEB1,70.57659008,-0.015178817,0.079254571,0.531306232,NA
CAVIN1,2043.452674,-0.0258259,0.058983555,0.531315011,0.704991428
GAD2,10.54343928,0.007751028,0.081013761,0.531441464,NA
RNF103,939.2431,0.025469155,0.054349597,0.531599076,0.705276095
PARGP1,36.42389491,0.014183552,0.079596112,0.53160359,NA
EIF2D,1003.304639,-0.025199697,0.051162966,0.531921566,0.705577894
RRP8,472.3715905,-0.024265034,0.070383592,0.531965668,0.705577894
GRPR,11.04034549,0.007620731,0.08102062,0.532251624,NA
ZMAT5,340.6736091,-0.025257507,0.067549535,0.532310159,0.705942509
TMEM276-ZFTRAF1,13.66002657,0.005851765,0.081217709,0.532322759,NA
FAM181B,13.14207498,0.008096052,0.080962709,0.532396892,NA
BCL7C,785.2597701,-0.025938741,0.055776182,0.532722669,0.706397222
GREP1,18.90260943,-0.009317928,0.080807224,0.532900913,NA
HABP4,334.0000355,-0.025095543,0.063129075,0.532958854,0.706569019
LSP1P4,73.57774605,-0.017942591,0.07785133,0.53300963,NA
GRTP1,27.10416903,-0.011815405,0.080270538,0.533023453,NA
PRDM1,510.2819818,-0.022389531,0.073939216,0.533066973,0.706569019
NSD3,1918.767011,0.026705125,0.057081968,0.533159643,0.706569019
SIGLEC9,2053.56456,0.023592146,0.045353866,0.533185162,0.706569019
MRPL39,489.1568323,0.025749715,0.064973953,0.5332343,0.706569019
RIMS3,583.8894502,0.024249271,0.069608707,0.533270151,0.706569019
H3-7,294.2474265,0.023690214,0.071239825,0.533403735,0.706653714
RBAK-RBAKDN,16.36329035,-0.009560059,0.080718139,0.533660265,NA
NTMT1,675.3156339,-0.025829948,0.062566495,0.533691603,0.706942755
RPS2,17178.02636,-0.02073637,0.037342502,0.53379671,0.706989663
NRN1L,9.292374093,-0.006655573,0.081117544,0.533823282,NA
ISCA1,490.1872674,0.027372404,0.063851921,0.533875231,0.70700135
IGIP,157.0814136,0.020705756,0.075776784,0.534064365,NA
SASH1,3609.371715,0.022501434,0.04243436,0.534577815,0.707839363
RPN2,7856.679563,0.021196597,0.041613825,0.53469011,0.70789565
AIFM3,106.7939849,-0.01640023,0.078665866,0.534778857,NA
PID1,10.3521977,0.006598143,0.081120527,0.534876057,NA
ZNF222,83.4086496,0.017871625,0.077992575,0.534913599,NA
CNKSR3,259.9631356,0.024541661,0.069870286,0.534937506,0.708130766
CFAP298-TCP10L,166.2897549,0.015054557,0.079291517,0.53522164,NA
PKIA,110.4044561,0.018538605,0.077523257,0.535237004,NA
PCLO,242.0532837,0.018791713,0.077324123,0.535346473,0.708579674
USP18,1678.359666,0.018880856,0.077036609,0.535420951,0.708585796
GJA9,9.135565867,-0.006071719,0.081162133,0.535491535,NA
SYT14,16.15792842,0.007802332,0.080993907,0.535781613,NA
SEC31B,471.9448933,-0.021269617,0.074699733,0.535817243,0.709017755
POC1B-GALNT4,41.96521399,-0.012423912,0.080056085,0.53596637,NA
TPM3P9,39.15882796,0.013043013,0.079968211,0.536012639,NA
ZYG11A,8.5742064,0.00654947,0.081127627,0.536033117,NA
DTNA,919.1098107,-0.025956501,0.063390895,0.536104055,0.7091694
RAB11FIP1P1,230.4175432,0.022053233,0.074055194,0.536125362,0.7091694
CKAP2,1489.493835,0.026157563,0.059072362,0.536141574,0.7091694
OLIG2,138.9413855,0.01917052,0.076902857,0.536229752,NA
F2R,76.10286041,0.016068735,0.078840476,0.536339933,NA
OR52K1,33.78254812,0.012354282,0.080126494,0.536445465,NA
HOXB1,14.18945008,0.007903225,0.080964578,0.536483234,NA
ARL16,419.989283,-0.025022132,0.066387058,0.536494794,0.709465631
NEK9,2811.664217,0.025113384,0.053067476,0.536505408,0.709465631
TSPAN11,19.46018396,-0.007666398,0.080951001,0.536624527,NA
HOMER3,1418.66214,-0.025825219,0.060993244,0.536635977,0.709545797
PRR11,1442.415437,0.02494193,0.051830403,0.536894569,0.709588771
BBS1,421.9682287,-0.025464349,0.064717244,0.537044862,0.709588771
TRIM58,86.07074705,-0.017487735,0.078035876,0.537048455,NA
C8G,21.03912644,-0.009922566,0.080629257,0.537048795,NA
OR2A42,20.14596154,0.010264812,0.08059267,0.537052641,NA
OTUD7B,532.1190426,0.023667098,0.071291722,0.53707034,0.709588771
ELP6,580.9190358,-0.02574476,0.059727038,0.537124931,0.709588771
C21orf91,227.0965335,0.018749829,0.077246522,0.537160626,0.709588771
PTGS1,6843.52336,-0.024264941,0.051105006,0.537173547,0.709588771
UBL3,2653.713676,0.02259726,0.043183581,0.537181042,0.709588771
ZNF780B,526.9610607,0.024345415,0.069618087,0.537228091,0.709588771
ANKRD52,3672.169359,-0.024302952,0.053149441,0.53734226,0.70960578
HMGB1P5,279.8596247,0.021268346,0.074852462,0.537380876,0.70960578
RASGEF1A,13.13650227,-0.006789535,0.081105813,0.537398016,NA
PRODH,10.42449742,0.007417703,0.08100934,0.537491372,NA
WRAP73,651.2642779,-0.024520623,0.068920009,0.537549058,0.709651684
CHTF8,2242.580481,-0.02409347,0.04875033,0.537555554,0.709651684
TTPAL,413.1053086,0.025324755,0.065726924,0.53767733,0.709720083
ISLR2,10.93860445,0.005835575,0.081154725,0.537726086,NA
RNF149,5440.90238,-0.022999091,0.044619519,0.537748913,0.709722218
TRPS1,946.6759656,0.025339548,0.066625689,0.538082419,0.710009805
CNIH3,957.2401025,0.025621618,0.063080525,0.538124144,0.710009805
PCK2,9918.740988,-0.023587249,0.046629025,0.538176793,0.710009805
SPIN2A,33.85507528,-0.012224416,0.080109482,0.538430298,NA
KYAT1,159.620844,-0.01748213,0.077550452,0.538477586,NA
CDKL4,10.09168315,0.006857,0.081069261,0.538654436,NA
WIPI1,1748.134618,-0.024633346,0.05083394,0.538722657,0.710551715
ARF3,9346.552864,0.022505047,0.043367749,0.538784748,0.710551715
RC3H1,1190.577863,0.025329896,0.059838955,0.538797692,0.710551715
MTCO1P11,7.858244719,0.006177851,0.081150689,0.538997736,NA
SLC7A6,1684.795815,-0.025611698,0.060836618,0.539064831,0.7108116
GFRAL,14.38793793,0.008800727,0.080848826,0.539088979,NA
C21orf140,9.464567361,0.006781441,0.081088257,0.539171994,NA
MSX1,15.26247972,0.009552689,0.080707649,0.539194633,NA
PLAC9,31.05303481,0.01133082,0.080335299,0.539223339,NA
ISCU,4276.45323,-0.022214423,0.044488453,0.539250275,0.71096371
RTN4RL2,43.86632445,0.013204902,0.079804738,0.539299558,NA
EGR1,669.6989721,0.011722381,0.080237729,0.539461011,0.711074574
ZNF275,256.0153149,-0.023466611,0.072433353,0.539486831,0.711074574
SCRG1,28.12296702,-0.011571683,0.080196313,0.53952557,NA
GTF2H5,582.7565502,0.025218136,0.065308441,0.539629232,0.711074574
LCOR,1668.691826,0.01780088,0.077662505,0.539713559,0.711074574
CD302,612.5349667,0.024926134,0.067030403,0.539762835,0.711074574
SDAD1P1,24.58619512,-0.011788172,0.08017329,0.539792807,NA
RPLP0,22698.08555,0.023111074,0.043925617,0.539847092,0.711074574
FAM76B,508.0548397,0.023738207,0.071967414,0.539860107,0.711074574
SPDYE2,409.4495232,-0.023451593,0.071186453,0.539895147,0.711074574
BDNF,16.72434874,-0.009335744,0.080707247,0.540049438,NA
NBEAP2,25.49582364,0.01094872,0.080412239,0.540253412,NA
JADE1,491.5717268,0.024720429,0.066850542,0.540282622,0.711492525
STARD5,155.409173,-0.017471383,0.075693189,0.540295667,NA
EIF3C,12816.4553,-0.023353943,0.046332944,0.540491671,0.711561636
KLHL42,507.2057161,0.023043939,0.068014772,0.540521218,0.711561636
C11orf96,11.4374237,-0.006982528,0.081047784,0.540524422,NA
ZNF85,137.108992,0.018801557,0.077056434,0.540535486,NA
OAS2,6692.017782,0.023664243,0.068896418,0.540545541,0.711561636
SLC35F4,10.07602416,0.004518201,0.081273398,0.540551093,NA
GRK6,2675.686305,-0.024436503,0.048890339,0.540698277,0.711573116
ATF4,11928.06934,0.025347456,0.046293188,0.540722746,0.711573116
CCDC51,345.7223694,0.024656496,0.064554133,0.540764703,0.711573116
KCNN4,2489.749829,0.025434493,0.062459076,0.541167211,0.7120104
RPS20P33,12.15019398,-0.007904572,0.080927259,0.541195715,NA
IGLV5-52,30.92756313,-0.011551828,0.080231788,0.54132421,NA
GLA,5556.688033,0.023271643,0.047414999,0.541497176,0.71235214
GOLGA8VP,8.59632969,0.006634679,0.081095804,0.541643869,NA
VEGFA,285.4768839,0.020079955,0.075765302,0.541755705,0.712599827
RIMBP3,145.3650059,-0.019322076,0.076488996,0.541890229,NA
STX16,3757.06739,0.023675665,0.04764597,0.541901076,0.712698628
RPS9P1,21.79529448,0.010515021,0.080491167,0.541955456,NA
LGALS12,127.5720719,0.015694619,0.078836378,0.541962173,NA
ADAMTSL2,7.731721615,-0.005924893,0.081158168,0.542008233,NA
IFI27,7280.054858,-0.022824545,0.055411284,0.542098834,0.712846348
TMPPE,127.8421021,-0.019996155,0.07589523,0.542113618,NA
PRB3,8.334812659,0.00542271,0.08120832,0.542116941,NA
PRKCD,7432.811815,-0.019922429,0.039759428,0.542153941,0.712846348
CCDC150,89.99501787,0.016211617,0.078353878,0.542171933,NA
GPR161,94.08843686,0.012717654,0.079925114,0.542287374,NA
TECRL,13.15509467,-0.008319583,0.080856265,0.542364786,NA
METTL21A,282.7825699,0.024550807,0.067713757,0.5423873,0.713060753
WDR54,81.57275782,0.015370621,0.078913331,0.542397386,NA
LRRC75B,89.4375299,-0.017994665,0.077596643,0.542637201,NA
ZNF684,131.956606,0.019595906,0.075547893,0.542738417,NA
ZNF883,330.964724,0.024782596,0.067487566,0.542744172,0.713378303
OR5A1,29.42138336,-0.012197736,0.080048068,0.542766607,NA
MPP1,4006.452624,-0.023410889,0.047038614,0.542769493,0.713378303
ICA1L,64.68577627,-0.011526826,0.080200851,0.542829747,NA
GCNT7,12.20865098,-0.007656412,0.080947949,0.542874201,NA
DUSP15,16.32722585,-0.009366654,0.080687578,0.543072807,NA
PARD3,120.8695234,-0.017964495,0.077386357,0.543153922,NA
CTBP2P10,34.80383243,0.012523367,0.079968543,0.543530144,NA
CTBP2P9,34.80383243,0.012523367,0.079968543,0.543530144,NA
DNLZ,198.06262,-0.021293923,0.074334105,0.543571679,NA
SNAP23,2020.982919,0.024612541,0.061126294,0.543593552,0.714368829
PIGAP1,10.77348563,-0.007394324,0.080985088,0.543627782,NA
BLTP3B,1128.652443,0.02365801,0.068821592,0.543701599,0.714418267
GVQW3,128.5617244,0.019524156,0.076840243,0.543930346,NA
SIAE,932.8049417,-0.024818799,0.05402589,0.544058768,0.714794993
RFX5,1547.224693,0.024479166,0.052199414,0.544134491,0.714801901
ZKSCAN3,189.3277458,0.022798307,0.072053739,0.544192596,NA
C12orf43,487.8498128,0.025132996,0.05982936,0.544443448,0.715107591
RPL13P8,13.99872418,0.007894914,0.080936266,0.54449184,NA
ZBED5,964.3179804,0.025176269,0.05896303,0.544508185,0.715107591
CD209,62.64274422,-0.014054202,0.079386443,0.544708196,NA
R3HDM1,986.1919915,0.025127623,0.059037978,0.544821835,0.715389836
ESRP2,31.20508112,-0.010685607,0.08044739,0.544896383,NA
TRIM32,341.5807765,0.022464826,0.072701614,0.544931112,0.715389836
IQGAP3,1470.912148,-0.023724646,0.0619973,0.544934667,0.715389836
PLEKHN1,24.95917832,-0.009024717,0.080768075,0.544960346,NA
NEDD8-MDP1,6.836477049,-0.003652382,0.081331831,0.545157209,NA
SIRT4,24.03883516,-0.010371348,0.080454862,0.54552536,NA
XIAP,2543.593444,-0.025149872,0.058062024,0.545579244,0.716003668
POMT2,747.4375109,0.023944004,0.069018423,0.545581433,0.716003668
DDX17,12052.05885,-0.021182289,0.046449686,0.545648187,0.716003668
PWP1,1114.654198,0.025231162,0.061880546,0.545743963,0.716003668
LSM14B,998.5939311,-0.024402086,0.054222659,0.545755162,0.716003668
HAP1,13.71186269,0.0073478,0.080987159,0.545894182,NA
MSANTD1,20.74732005,-0.010427416,0.08044269,0.545958362,NA
ZNF14,86.58163541,0.01791681,0.077367282,0.546088535,NA
CCM2L,11.92885537,0.007592663,0.080950498,0.546109093,NA
AKR1B15,59.09160992,0.016209641,0.078515381,0.546242517,NA
SLC31A2,1579.531122,-0.024053532,0.051897788,0.546333274,0.716669434
RPL3P2,20.34124099,-0.009531926,0.080633952,0.546404245,NA
FTH1P23,11.2116425,-0.00771697,0.080928286,0.546504594,NA
NUDT22,818.3619843,-0.024200582,0.051509815,0.546550396,0.716814465
ZFP30,265.5923064,-0.021786587,0.073408255,0.546585162,0.716814465
SLC27A2,15.8300395,0.008448949,0.08080973,0.546728131,NA
ARHGAP29,57.69896542,0.016245494,0.078420749,0.546870685,NA
THAP5,459.5605569,0.024527413,0.06487497,0.546874702,0.717101471
GOLGA8Q,56.67391816,-0.012170654,0.079911374,0.547002727,NA
ERCC1,2506.816955,-0.02212335,0.043508193,0.547076498,0.717194393
MAGT1,2670.77216,0.024154113,0.050768659,0.547154362,0.717194393
SMAD5,948.7781657,0.024832578,0.064333002,0.54715767,0.717194393
SLC36A1,2884.54193,-0.025276459,0.057479927,0.547251326,0.717224477
ATP8A2,22.52743081,-0.010006287,0.080504365,0.547292249,NA
DHRS9,821.1209724,-0.022750771,0.067584327,0.547390899,0.717276685
PRPF39,584.3311455,0.023064777,0.070737422,0.547530771,0.717276685
DNM1P47,108.2872181,0.017680158,0.077503814,0.547548979,NA
BRF2,426.8042683,0.024349879,0.067205371,0.547555323,0.717276685
FANCM,255.4907301,-0.019682914,0.074779365,0.547573999,0.717276685
LAMP5,54.89134758,-0.013775524,0.079438064,0.54769264,NA
MRGPRX3,6.180591857,-0.00481829,0.081243746,0.547703945,NA
CHRNA1,204.6081228,-0.022086534,0.072754551,0.547736921,0.717322033
CD9,19411.33113,0.024696185,0.056652765,0.547750046,0.717322033
SHANK3,180.2482223,0.007741197,0.080938693,0.547773526,NA
TMEM17,29.17261123,0.011761701,0.080146982,0.547971645,NA
ASLP1,35.95741948,-0.013608916,0.07949499,0.548115805,NA
DUX4L50,24.51661516,-0.010838023,0.080325528,0.548214062,NA
VPS53,2302.183618,-0.023715509,0.050129436,0.548326602,0.717984387
NRL,70.23501668,-0.016199183,0.078343947,0.548513776,NA
RHOC,4624.039084,0.024764106,0.04808042,0.54862628,0.718257387
AGPAT3,3841.699817,0.02214418,0.043689937,0.548676705,0.718257387
NUTM2E,550.9757826,-0.024345225,0.067348477,0.548863838,0.718409648
EIPR1,882.5076974,0.025251381,0.060614978,0.549090896,0.71861412
ADAL,220.5975888,0.021499247,0.073533231,0.549190896,0.718652276
CTSV,82.82082409,-0.016946845,0.077819714,0.549392399,NA
MARCKSL1P2,7.456329354,-0.006004568,0.081134822,0.549428107,NA
FAM185BP,23.28804203,0.010991523,0.0803124,0.549429678,NA
BTBD18,15.73815559,0.008455388,0.080832833,0.54953263,NA
TEX22,37.04437027,-0.009240651,0.080620279,0.549587631,NA
TBC1D8,874.2599319,-0.024829194,0.059867887,0.549662525,0.719171538
POLR2J,1541.901363,-0.024607043,0.054784102,0.549729506,0.719171538
CHRNA10,22.72564864,0.010882722,0.080318643,0.549819355,NA
MMP17,11.9252237,-0.007883606,0.080876611,0.549966218,NA
PTGR1,1305.282934,0.025759525,0.055366325,0.550031955,0.719474423
FLACC1,20.88652063,0.00891203,0.080714441,0.550251821,NA
FBXL9P,75.44534043,0.017754894,0.077367588,0.550349977,NA
PATL1,3058.304353,0.018809869,0.051383029,0.550396896,0.719828431
KRI1,860.8963704,0.024928332,0.062600601,0.550452276,0.719828431
OR2F1,11.38068351,0.007539909,0.080942697,0.550481659,NA
HNRNPA1P16,15.12967848,0.008634163,0.080767069,0.5505231,NA
MPP7,17.38883375,-0.007342261,0.08092321,0.55058728,NA
KHDRBS1,3901.835211,0.021510867,0.041601106,0.550593969,0.719828431
CRACR2B,211.4206423,-0.021512619,0.073341438,0.550649244,0.719828431
LAT2,5452.905708,0.023959785,0.051362271,0.550657396,0.719828431
SYT12,42.95359831,-0.012965567,0.079643504,0.550729501,NA
GNA15,1503.233138,0.02467642,0.056515209,0.550833169,0.719878072
GRAMD4,2780.69631,0.024835237,0.060768718,0.550837302,0.719878072
EPB41L1,748.1457516,-0.02447348,0.063679865,0.5509528,0.719936262
GZF1,595.826336,-0.01989834,0.075354434,0.551057391,0.719980187
LTBP2,5633.388566,-0.025445736,0.057575204,0.551220808,0.72000809
ERO1B,409.8633378,0.022193486,0.072337602,0.551236602,0.72000809
PGM2,1933.192033,0.024727505,0.056430915,0.551291684,0.72000809
FAM83B,15.69304541,0.008676235,0.080756642,0.551303667,NA
ACKR2,18.1799421,-0.009729141,0.080518937,0.551381146,NA
DDX49,1075.336695,-0.024404363,0.056216068,0.551457738,0.720132247
MRPS18AP1,18.17974253,-0.009233032,0.080648951,0.551484246,NA
SHQ1,286.3209681,0.015908326,0.078452454,0.551538307,0.720144754
PSMG3,399.665213,0.0246361,0.065298157,0.551795564,0.720387928
ZNF850,90.22746854,0.010826367,0.080297456,0.551852264,NA
KRTCAP3,24.54796836,0.010527188,0.080379492,0.551868432,NA
DYRK3,156.1239868,-0.018973134,0.076321676,0.551900254,NA
CLXN,15.29630002,0.008647136,0.080759262,0.551940968,NA
SLC23A1,10.69109903,-0.006510151,0.081062942,0.551984808,NA
RPS14,7803.58122,0.02416189,0.052275246,0.552072896,0.720657246
RAB3D,32.20366439,0.010590656,0.080339786,0.552140129,NA
NBPF11,522.250137,-0.025379552,0.064436324,0.5521528,0.720668811
FAM229B,10.8761345,0.005955233,0.081113962,0.552180088,NA
MRPL19,918.619351,0.024952226,0.059345691,0.55227249,0.720732296
EFCAB3,15.97539921,0.008710415,0.080752509,0.552338266,NA
IDO2,9.752326626,0.007102131,0.081002528,0.552443552,NA
DND1,11.26360318,-0.005416499,0.081176579,0.552506841,NA
YTHDF1,1843.548473,0.0228259,0.04628134,0.552571595,0.720983498
ZSWIM9,364.2586983,-0.020405864,0.074847107,0.552607127,0.720983498
CCDC148,5.389581056,0.004250674,0.081282275,0.552668159,NA
RAD17,596.6340624,0.024657525,0.062115593,0.552798874,0.721140918
GXYLT2,12.56352392,-0.006598774,0.081035683,0.552826657,NA
SVBP,427.2077226,0.023896424,0.067014337,0.55313481,0.721307685
TFAP4,325.1701421,-0.021169258,0.073404359,0.553183029,0.721307685
CHST7,633.539143,-0.024619864,0.059680661,0.553194086,0.721307685
CSRNP1,536.2420307,-0.024199118,0.063495271,0.553243904,0.721307685
CCDC71L,1167.308696,-0.02399517,0.048696278,0.553336962,0.721307685
HMGXB4,769.6578448,0.024451952,0.060985142,0.553353352,0.721307685
RETSAT,995.6122691,0.02497083,0.060092312,0.553476669,0.721375733
ELF5,40.40540877,-0.011761776,0.080010045,0.553676514,NA
MAK16,505.9676729,0.024269967,0.064988745,0.553958536,0.721911021
MINPP1,592.8739697,0.025295112,0.061031853,0.55419586,0.722023628
KCND1,19.56113773,-0.008465815,0.080747014,0.5542116,NA
ZNF81,273.8684016,-0.01701758,0.077577546,0.55422715,0.722023628
DPCD,231.7104528,0.023606037,0.068250227,0.554258477,0.722023628
PRP4K,2401.145957,0.024431089,0.050892735,0.554348341,0.722047632
LRATD2,492.4306588,-0.023152022,0.069741774,0.554419263,0.722047632
HORMAD1,89.39452157,0.019152602,0.076216163,0.554508845,NA
GALNT11,1008.776174,0.024569987,0.058756114,0.554602421,0.722193448
TIMM8AP1,11.12092152,0.006540272,0.081056491,0.55471658,NA
POLI,368.948593,0.021159489,0.073461086,0.554726138,0.722261834
PNO1,458.0479393,0.023818897,0.067376089,0.554991806,0.722515001
MTCL2,2276.967795,-0.024286445,0.055297054,0.555155299,0.722635102
ATM,3343.64688,0.022727241,0.06011702,0.555284338,0.722710332
GCC1,1206.068316,0.02361118,0.049736239,0.55537295,0.722732932
C13orf46,21.03883987,0.006993105,0.0809912,0.55555971,NA
KPNA5,347.0709329,0.021921366,0.072888326,0.555625391,0.722965121
ZFP28,101.4147721,-0.018114545,0.076697864,0.555644653,NA
RAB5C,10025.05029,-0.020340935,0.039879119,0.55573957,0.722965121
MMP19,2049.691762,-0.022709526,0.04721086,0.555765183,0.722965121
PSRC1,653.2229128,-0.023963152,0.066366471,0.555944896,0.72310617
SPECC1L-ADORA2A,29.05144401,-0.004235707,0.081268691,0.55610979,NA
PIGX,413.84667,0.022436135,0.068079152,0.556208517,0.723356307
GRIN2C,14.55228012,-0.007962292,0.080824178,0.556267945,NA
CYB561D1,613.794802,0.024287607,0.064639753,0.556284953,0.723362975
GBP5,44.12461293,-0.015090447,0.079338507,0.556336345,NA
HK2,3681.09058,-0.022352599,0.046228978,0.556495558,0.723544083
NPFF,55.26560009,-0.015673367,0.078365633,0.556686963,NA
NUSAP1,949.90671,-0.024490847,0.059331127,0.556767308,0.72372793
WDR19,519.7314857,-0.023693553,0.068135205,0.55677965,0.72372793
OR1I1,45.02467196,-0.013524906,0.079375341,0.556871612,NA
RBP4,307.0920612,-0.02388905,0.067015895,0.557098041,0.724049011
TENM3,14.20828463,0.004901701,0.081204924,0.557122193,NA
LOXL3,996.3272278,-0.024253203,0.056057064,0.557251026,0.724155061
ARHGAP25,2200.733715,-0.023128018,0.049577119,0.557367196,0.724174396
BHLHE40,3410.029925,-0.021708174,0.043925152,0.557408683,0.724174396
STX2,989.7992325,0.024410878,0.057362244,0.557602788,0.724333805
TSNAXIP1,21.21830172,-0.009293918,0.08057479,0.55761741,NA
LPIN1,999.7404505,-0.022403465,0.07068443,0.557699416,0.724366566
MTCYBP18,8.882590309,-0.005904938,0.081111549,0.557782254,NA
SPTLC2,1666.300817,0.023540366,0.06334687,0.55782769,0.724440416
FCGR1CP,366.7970768,0.022444538,0.071819026,0.557924915,0.724473929
ADM,175.0275968,0.019907154,0.074996906,0.558052921,NA
STAG3,251.2183856,-0.018653614,0.076104367,0.558152535,0.724600433
ITGB1P1,67.27488557,-0.003186241,0.081340448,0.558184049,NA
SMAP2,2104.873582,0.024191256,0.054721487,0.558208693,0.724600433
FGFR3,11.73045049,0.005957855,0.081078064,0.558234151,NA
EOLA2,476.0503173,0.024390644,0.060427714,0.558236631,0.724600433
PLPP6,303.132262,0.022263415,0.06908768,0.558426477,0.724754117
USP42,575.6767439,-0.024303622,0.062225247,0.558545548,0.724815918
C6orf163,25.8074352,0.009807877,0.080466059,0.558581893,NA
HDAC1,2137.652659,-0.023227137,0.050242671,0.558661097,0.724873134
MIA-RAB4B,7.267531598,0.004795668,0.081226123,0.558819542,NA
AP4S1,227.538611,0.028896325,0.074762157,0.558954298,0.725160814
NCAPD2,2797.641755,-0.023099349,0.049432411,0.559149369,0.725321126
KAT6B,1111.678693,0.024771439,0.050717256,0.559323674,0.725454462
RPH3A,14.61170572,-0.007391894,0.080899603,0.559369834,NA
AKR7L,22.86997377,-0.009923491,0.08040988,0.559461321,NA
H2BN1,18.41980997,0.00903882,0.080633034,0.559468271,NA
WHAMMP3,8.850092423,-0.0072374,0.080928024,0.559468573,NA
DNAJC24,519.0614237,0.02332022,0.068298082,0.559611603,0.72573512
IGSF21,12.58761247,0.008275716,0.08076755,0.559628643,NA
CHP1,3015.886182,-0.025402172,0.052530883,0.55973535,0.725755579
URB1,697.7195273,0.023270554,0.064003141,0.559853798,0.725755579
THUMPD2,229.4555402,0.018752503,0.076065465,0.559878067,0.725755579
TSTD2,656.7695061,0.024283571,0.059432535,0.559973507,0.725755579
NINJ2,180.8972989,-0.019485677,0.075282161,0.560008579,NA
DBNL,7524.109907,0.015118832,0.051111607,0.56004676,0.725755579
RAB8A,2796.201193,0.023684495,0.053160697,0.560056651,0.725755579
CYSRT1,24.64380188,0.010718208,0.080264796,0.56024965,NA
CHMP4A,1607.341196,0.023428058,0.052368628,0.560340724,0.726030949
TAC4,15.4915559,0.007854713,0.080842496,0.560439986,NA
IK,3347.229001,-0.020793573,0.041591646,0.560525706,0.726112212
ATRN,2580.520344,0.022040013,0.045577548,0.560546602,0.726112212
ZFPM2,47.85060733,-0.013914276,0.079097865,0.560776607,NA
RHD,45.3107189,-0.014254186,0.078926624,0.560829856,NA
PPP1R11,1205.68219,0.023841816,0.057753466,0.561411161,0.727139278
PLEKHM3,508.5477842,-0.024097104,0.062659056,0.561529691,0.727199947
ADAM11,11.23768464,0.006203315,0.081074852,0.561533515,NA
TTL,2981.226959,0.020701581,0.041461003,0.561771009,0.727419596
ONECUT2,13.80507849,0.006460218,0.081038473,0.561813194,NA
ME3,129.7983418,-0.021966106,0.077708489,0.562009534,NA
KIRREL3,10.3683791,0.006286203,0.081050141,0.5620123,NA
NUB1,2681.905826,0.023770146,0.05458796,0.562122369,0.727781661
SRXN1,975.6998523,0.023788372,0.055090599,0.562380912,0.728023478
PLGLB2,16.84773711,-0.005025557,0.081182344,0.562391042,NA
KIF9,86.34913124,-0.016177998,0.077835194,0.562547508,NA
SLC30A10,8.382491694,-0.005527051,0.081133042,0.562558316,NA
PPP1R3C,13.95915143,0.008458503,0.080687493,0.562638688,NA
CCDC144CP,11.12361124,-0.006891113,0.08096483,0.562691706,NA
CPNE2,1612.93072,-0.024049131,0.060737804,0.562909141,0.72859365
PDF,411.6233768,-0.023061054,0.068001112,0.562965007,0.72859365
CDK14,303.5335995,-0.02068437,0.073345272,0.563149944,0.728705766
CHMP3,3030.790399,0.022725927,0.048230144,0.563203213,0.728705766
PXMP2,215.1626834,-0.022538035,0.068743204,0.563267145,0.728705766
GRB10,216.8641476,0.018199642,0.076324086,0.563435039,0.728830022
TBC1D32,64.36603057,0.011405229,0.080003878,0.563557695,NA
SIPA1L1,646.7159696,-0.023823521,0.065781816,0.563605506,0.728957574
SLC1A4,2639.406647,0.023779588,0.053936984,0.563779903,0.729090175
ABI2,841.9440585,0.024517687,0.066180123,0.563898151,0.72915014
PDLIM1P4,59.17981998,0.015350051,0.07836705,0.563948955,NA
CRLF1,55.75300243,-0.014732314,0.078641195,0.563957114,NA
PRPF31,1762.984345,-0.022710483,0.048461885,0.564074664,0.729285418
TMEM217B,8.26143612,-0.004998487,0.081181128,0.564220852,NA
HEBP2,417.3552369,-0.022663052,0.069085092,0.564221657,0.729382501
PIK3CG,3781.125889,0.020181813,0.040168529,0.564300764,0.729391814
LRP4,15.35698733,-0.007128814,0.080883277,0.564380359,NA
WDR20,702.8359847,0.022388578,0.064023704,0.564628504,0.729643168
RAB35,3455.581488,-0.022226654,0.046951897,0.564639084,0.729643168
ARMC1,797.7225237,-0.0235261,0.058722558,0.564744904,0.729686958
MROH7-TTC4,63.73179965,0.011620828,0.079943645,0.564903172,NA
GRIK2,21.57200226,-0.009422368,0.080474633,0.565012705,NA
RPL12P16,13.61358085,0.008649862,0.080669128,0.565023254,NA
FMOD,10.42699148,0.006018936,0.081066685,0.565141639,NA
OR2I1P,7.294178897,0.005700245,0.081123924,0.565171072,NA
PPP1R8,1124.454476,0.023943585,0.060026202,0.565351563,0.730377771
FBXO36,32.37312793,0.0118747,0.079805726,0.565438673,NA
KRT18,431.4631891,0.022940207,0.066086595,0.565471264,0.730384731
CPT2,1503.752991,0.023729998,0.056289276,0.56551978,0.730384731
MB21D2,255.3320201,0.021924333,0.070126006,0.565615384,0.730384731
NKX3-1,20.96100468,0.009531829,0.080479819,0.565616846,NA
TMEM79,235.0386269,-0.020981123,0.072537494,0.565644957,0.730384731
MYZAP,148.4192797,-0.018074833,0.076265303,0.565664375,NA
PCDHAC1,9.414110017,0.006860785,0.080969321,0.565841568,NA
ATP6V1B2,16809.69422,0.021344278,0.04262512,0.565886339,0.730567103
GAS2L3,993.011643,0.023053071,0.066725069,0.565930234,0.730567103
SLC25A22,345.6252598,-0.0193311,0.074516827,0.566069493,0.730653892
DARS1,1694.124375,0.023691684,0.056425596,0.566237228,0.73077741
NFRKB,728.1006464,-0.023620373,0.063026202,0.566387753,0.730878688
FSD2,53.55497815,-0.01208259,0.079624887,0.566497942,NA
RAP2A,6023.193279,0.024316974,0.053804371,0.566682727,0.731161732
UTP15,343.7258466,0.022913348,0.065656605,0.566751252,0.731161732
PRKCH,325.0435881,0.020971304,0.072587366,0.566831276,0.731171981
LINC02210-CRHR1,8.671798482,-0.005760455,0.081080123,0.567023201,NA
AARS1,8788.307028,-0.021806368,0.049378549,0.567438157,0.73186175
HPS3,1109.599021,0.024044258,0.06396185,0.567650466,0.732042503
GP1BA,56.04785934,0.014263972,0.078790459,0.567651025,NA
MYDGF,5662.09989,0.0202749,0.052677601,0.567764296,0.732096228
RPS10P7,9.371524709,-0.00677053,0.080960713,0.567768637,NA
RPL7AP16,20.37005395,-0.010051415,0.080251604,0.567894701,NA
ZNF48,281.0466623,-0.022447987,0.069121348,0.567963971,0.732260615
FXN,252.3445734,0.021743511,0.071141907,0.56814579,0.732401943
KREMEN2,56.39623144,-0.014999638,0.078366246,0.568247199,NA
HP,28.72751615,-0.007300076,0.080859311,0.568254949,NA
HSPA7,572.0660654,-0.01890295,0.075384394,0.568270246,0.732469298
SLC12A8,210.1716978,-0.019699449,0.07430608,0.568413804,0.732561254
C20orf204,9.189433316,-0.006222513,0.081003979,0.56855155,NA
SBK1,32.01485896,0.011703923,0.079800069,0.568602462,NA
CCDC192,12.9495893,0.008179045,0.080723826,0.568674198,NA
SPTA1,11.88599793,0.005397142,0.081135566,0.56891904,NA
HTN3,8.68643832,-0.005701744,0.081099276,0.56898694,NA
RPS10-NUDT3,464.0436431,-0.018694971,0.074824682,0.569083775,0.733250605
SGPP1,3813.098055,-0.020030312,0.040772426,0.569093259,0.733250605
SPDYE6,48.29580583,0.013086281,0.079226925,0.569120835,NA
STKLD1,23.00937504,-0.008737071,0.080564209,0.569254839,NA
SLC39A6,1178.91188,0.023320331,0.054511285,0.569288741,0.73340932
ELF1,3573.721888,0.022139365,0.047796375,0.569438485,0.733421032
PHC3,1584.363859,-0.017008449,0.077207691,0.569516737,0.733421032
TLN2,673.761389,0.01882971,0.075326918,0.569586768,0.733421032
ADGRE4P,626.2760669,-0.023347153,0.062390451,0.569591971,0.733421032
FAM90A1,6.94490317,0.005181457,0.081161085,0.569656982,NA
RARS2,715.1842521,0.023652795,0.056698646,0.569659336,0.733421032
C9orf85,262.8246201,0.022073049,0.069053519,0.569806887,0.733517901
INTS6,1208.892886,-0.023659982,0.061054628,0.570079777,0.733701484
CCDC59,470.9679726,0.022752656,0.067659685,0.570094154,0.733701484
SPATA18,261.4333398,-0.019608784,0.074245245,0.570324371,0.733904658
PRKXP1,64.03515335,-0.014992303,0.078241108,0.570340675,NA
ABCC11,9.402910374,-0.006682183,0.080958456,0.570418139,NA
B3GALT9,133.9189449,-0.018546003,0.075430169,0.57070238,NA
FLRT2,1445.090593,0.023209415,0.06771794,0.570733773,0.734222977
RPL23AP25,19.49716748,-0.005472774,0.081115203,0.570738313,NA
SNTN,14.67747674,0.007049931,0.080916972,0.570748477,NA
GJB2,867.1259918,0.021435946,0.067096889,0.570788466,0.734222977
ADCY10P1,49.51104533,-0.013915636,0.078634528,0.570882831,NA
SAE1,2464.166398,0.021319102,0.045583174,0.570912908,0.734222977
POFUT1,1249.391279,0.022973123,0.052555754,0.570928343,0.734222977
CORO1A,9034.844115,-0.023959217,0.0557556,0.57093364,0.734222977
ZNF134,587.8750625,0.021549675,0.071038786,0.571008798,0.734226549
TUBB1,12.92292317,-0.007846015,0.080758721,0.571044409,NA
TRDN,39.3435594,-0.012143922,0.07958389,0.571247289,NA
ZMYM6,939.0359304,0.022596411,0.06785011,0.571408104,0.734646871
PADI1,24.47090644,-0.009781256,0.080301205,0.571443208,NA
RBM33,1906.486111,-0.016850661,0.076974365,0.571540728,0.734724261
ZNF385B,35.12065229,-0.012467045,0.079458986,0.571616882,NA
ACOXL,8.251293494,-0.006284986,0.081007379,0.571623039,NA
PRDM2,1051.89979,0.023266807,0.061421791,0.571659614,0.734783974
PSMA7,6108.499699,-0.020146741,0.041396005,0.571810837,0.734885231
FAM221A,117.0798529,0.016967421,0.076916162,0.571868707,NA
ASF1B,619.3111182,0.02309267,0.064155254,0.571905002,0.734913141
ARHGEF17,584.0591624,-0.023447778,0.061782343,0.572079867,0.735044734
LRRC59,4711.268194,0.022772644,0.052365229,0.572305743,0.735241826
TIGD7,52.5043026,0.01452237,0.078827714,0.57235014,NA
SLC25A1P5,48.13803805,0.01446973,0.078573094,0.57237967,NA
CMTM2,9.071442588,-0.006773123,0.080935471,0.572428903,NA
BMP2,66.3509672,-0.015872895,0.07769408,0.57259641,NA
NTHL1,111.3915671,0.017618553,0.076367444,0.572621057,NA
PARD6BP1,7.193182677,0.004346471,0.081237851,0.572957691,NA
PCDHA2,14.76810031,-0.007487555,0.080802136,0.573346523,NA
DUS3L,1093.915204,-0.023205315,0.064666915,0.573541882,0.73673659
HYCC1,926.6467036,0.021373853,0.07107861,0.573622724,0.73674714
DNAJC16,597.4761653,0.022150828,0.067430086,0.573756821,0.736826079
SPR,1411.254726,-0.023406358,0.058318287,0.573878024,0.736874734
CCDC74B,21.8671006,-0.007047199,0.080862687,0.573902661,NA
PI4K2A,6947.542835,-0.018751699,0.037087731,0.573939991,0.736874734
CAMSAP1,1930.31677,-0.022444267,0.067684623,0.574014239,0.736876795
FXYD3,8.472150652,0.00649187,0.080975835,0.574139623,NA
PMF1-BGLAP,46.26471481,-0.011102869,0.079892031,0.574261397,NA
ABCG2,341.872292,0.019052474,0.0740544,0.574440259,0.737302306
NAAA,934.8859218,-0.023013031,0.053914459,0.574491071,0.737302306
TIE1,178.3674215,-0.017218351,0.077009053,0.574501659,NA
SRGAP2D,67.26100481,0.012641564,0.079221979,0.574623897,NA
BUB1B,1018.536519,0.020900293,0.072024073,0.574718994,0.737501514
ZGLP1,54.3340236,-0.015187263,0.077991646,0.574861878,NA
DGKG,43.39407417,0.009256452,0.080402935,0.574874799,NA
ZNF2,171.1660798,-0.018679629,0.075012177,0.574956286,NA
N6AMT1,122.7650381,0.016958484,0.076814213,0.575077935,NA
SSUH2,36.54569191,-0.011573372,0.07971591,0.575103699,NA
CAMK1G,44.56127068,-0.010314769,0.080107134,0.575184426,NA
ZBTB16,25.26183071,-0.0110746,0.079836777,0.575233625,NA
ZSWIM4,672.9917014,-0.021288644,0.070979156,0.575250993,0.738090826
ZNF446,174.9517228,-0.01867195,0.075011451,0.575365218,NA
ANKRD10,3676.827548,0.022563969,0.056920661,0.575489334,0.738303251
ZNF622,2172.397038,-0.020891812,0.044659568,0.575801065,0.738609762
RADX,56.7224715,0.010250706,0.080161184,0.576101925,NA
SMAP1,845.2387633,0.02303956,0.055764077,0.576246382,0.738998241
MRPL57,799.362873,-0.022767035,0.054309246,0.576249614,0.738998241
TMEM119,1211.953597,0.015378859,0.077902221,0.576345812,0.739028178
KCNK5,8.184206585,0.006199765,0.081010921,0.576491892,NA
LZTFL1,335.28891,0.02131098,0.070606162,0.576526637,0.739166608
FCF1P7,12.01064723,-0.007148976,0.080823704,0.576730156,NA
PMS2P4,8.616329102,-0.006407684,0.080967101,0.576920759,NA
NCCRP1,8.591452614,0.006329055,0.080991663,0.577042867,NA
ZNF780A,723.7761697,0.021770864,0.069259591,0.577104457,0.739813928
DGCR8,956.7096684,0.0232183,0.061785009,0.577197086,0.739839176
PHB1P6,19.26732316,-0.008904223,0.080488233,0.57744603,NA
XKRX,15.66002116,-0.0085705,0.080560887,0.577500249,NA
FBXO16,38.01563837,0.011409084,0.079765009,0.577502866,NA
HTRA1,5531.131082,0.022368144,0.066449483,0.577539903,0.740185064
P2RY2,51.98594489,-0.013468952,0.078892662,0.577623002,NA
PIAS1,2015.541399,-0.023036082,0.061284209,0.577670377,0.740258755
UBE2L6,5272.477514,-0.021785861,0.0636036,0.578181972,0.740820756
SLC6A9,80.59533828,-0.015006841,0.077989657,0.578356713,NA
SPON1,15.28957081,-0.006452506,0.080947798,0.578380128,NA
DNTTIP1,1718.233662,-0.02050622,0.045187606,0.578622198,0.741291182
HEY1,9.643026512,0.006199301,0.080995457,0.57872293,NA
RC3H2,1465.257032,0.021658737,0.067916057,0.578894197,0.741545995
NT5DC3,87.39435698,-0.015093408,0.077867823,0.578918329,NA
ENPP7P1,10.96289894,-0.006769359,0.080898778,0.578931367,NA
TENT4B,556.1012343,0.02372972,0.064092448,0.579143643,0.741697655
CASP8,1203.061451,0.022686198,0.053999824,0.579181984,0.741697655
LGMN,12396.54948,-0.023146102,0.053677556,0.579231943,0.741697655
KCNF1,163.7007341,-0.019107547,0.07419698,0.579239367,NA
ARHGEF28,89.92220036,-0.010713823,0.079942094,0.5793759,NA
SMIM8,165.3942654,0.01949638,0.073713975,0.579510922,NA
TMEM141,505.6996137,-0.022945152,0.058226736,0.579513795,0.741964904
DDAH1,11.45530286,0.006284224,0.080984047,0.579599445,NA
SYT5,45.20612016,-0.008750966,0.080439209,0.579600481,NA
RDM1,20.80342088,0.008694106,0.080522813,0.579777413,NA
PDE4DIPP6,24.86413793,0.00982181,0.080235943,0.579790207,NA
GRK7,11.51848665,-0.007241694,0.080814454,0.579825657,NA
CAND2,7.639325014,-0.005991626,0.081012075,0.580365173,NA
NFYA,1162.456898,-0.021926969,0.050964147,0.580373214,0.742971464
NOTCH2NLB,138.9931121,0.016680416,0.07682794,0.580463494,NA
CALCOCO2,954.6730801,0.022170448,0.066398205,0.580532041,0.743081012
CLHC1,210.35605,0.018351921,0.075003207,0.58088864,0.74343233
ZNF83,690.4828007,-0.021554808,0.069204183,0.580953083,0.74343233
CD3G,9.717728395,0.006484039,0.080953631,0.581031534,NA
TXNIP,10961.24856,-0.021319485,0.053347188,0.581049933,0.743462477
SLC40A1,158.5294234,-0.015523746,0.077540046,0.581173497,NA
FAM228A,8.098625794,0.005181478,0.081126104,0.581183012,NA
BCR,496.1063215,-0.021146949,0.069769123,0.581222302,0.743589234
CDH26,14.52856549,-0.006655358,0.080862103,0.581365833,NA
RIPOR2,32.84136383,0.009522523,0.080301487,0.581381777,NA
NRTN,13.12385617,-0.007690211,0.080710052,0.58138478,NA
CEACAM1,23.64552765,0.007997382,0.080651959,0.581415942,NA
COL23A1,93.664813,-0.017621585,0.075734254,0.581459102,NA
GINS4,337.0483591,-0.017442278,0.075906788,0.581583868,0.743899934
FCRLB,340.6051554,-0.022231723,0.066351759,0.58165871,0.743899934
EEF2KMT,272.2311328,0.022133016,0.066963277,0.581685161,0.743899934
PCDHB11,9.193910111,-0.00597501,0.081015914,0.581753827,NA
RFX2,369.9656941,-0.018166048,0.075108242,0.581875059,0.744030781
ZNF189,486.7939584,0.021783478,0.060624305,0.581934169,0.744030781
BRF1,862.3796663,-0.021851123,0.070231542,0.582044486,0.744050709
CD83,6241.315671,-0.021874654,0.05056721,0.582096453,0.744050709
G6PC1,11.78802657,-0.007224429,0.080804635,0.582239619,NA
TSPAN7,17.52592348,-0.008554226,0.080510653,0.582312325,NA
CALCRL,25.74883809,0.008286604,0.080570461,0.582329138,NA
CCN1,11.2490779,-0.005651229,0.081043385,0.582502615,NA
LAMB2P1,18.36443399,-0.009107544,0.080340006,0.582553075,NA
OR6R2P,20.56476693,-0.010159857,0.080433081,0.582701684,NA
CFAP251,81.77146722,0.014843244,0.077960891,0.58280341,NA
ZNF469,439.147175,-0.021972588,0.066904127,0.582888068,0.744771926
NRN1,254.6042333,-0.020541588,0.069625985,0.582896695,0.744771926
CDC14B,416.4775459,0.022102775,0.065604543,0.582931618,0.744771926
CPQ,904.535611,0.022725222,0.057751802,0.582973577,0.744771926
EDF1,4056.511261,0.022336397,0.052596053,0.583064625,0.744771926
SLC18B1,913.931144,-0.020193642,0.054879145,0.583135524,0.744771926
CLIC6,75.56512384,-0.016357224,0.077202162,0.583141072,NA
GUCD1,3172.513757,0.022287112,0.052881945,0.583198242,0.744771926
CCDC80,138.9113118,-0.018226198,0.074974411,0.583223761,NA
ADRA2C,14.31910583,-0.007152517,0.080801752,0.583226822,NA
MCM7,3124.077676,0.022358828,0.053367657,0.583248046,0.744771926
CCT7,4623.834355,-0.022664489,0.059765416,0.583455779,0.744943414
PYCR2,1505.667291,0.020691761,0.045275072,0.58360019,0.745015732
NAV3,77.63397674,-0.013873783,0.07851,0.583620322,NA
IKBKGP1,237.9553012,-0.021098401,0.070750979,0.583665322,0.745015732
CDK5RAP2,1702.153023,-0.022191133,0.058181935,0.583762628,0.745015732
DUSP14,346.5179984,0.022045455,0.066347061,0.583873776,0.745015732
CARS2,1345.155784,0.022106848,0.050438658,0.58387964,0.745015732
KCNQ5,12.37361583,0.005857507,0.081037525,0.584015092,NA
AIRE,9.168144926,-0.0067947,0.080865416,0.584220426,NA
AS3MT,15.54284285,-0.002970383,0.08132809,0.584357444,NA
SLITRK5,24.67102439,0.009187414,0.080374302,0.584358858,NA
MCTP2,27.35254668,-0.008063952,0.080580341,0.584375668,NA
SLC39A10,1082.211752,0.022756382,0.066988856,0.584594009,0.745689328
VPS16,1278.615693,-0.022207372,0.053259588,0.584688426,0.745689328
ZNF511,564.3079836,0.022657597,0.061803082,0.584694352,0.745689328
RAMACL,6.886927188,-0.004714061,0.081165333,0.584776709,NA
TSC22D2,1000.968065,0.021038993,0.065081175,0.584843437,0.745689328
CTNNBL1,1555.110148,-0.022573691,0.058944041,0.584915623,0.745689328
DZIP1L,465.9668147,0.02176591,0.06747583,0.584948088,0.745689328
SORT1,11487.6093,0.018642525,0.039014338,0.58495833,0.745689328
MMAA,255.0803101,0.018446676,0.074925806,0.58499563,0.745689328
TP53,2550.910882,-0.021888833,0.050711761,0.585334271,0.745914455
TCTN2,285.9441656,0.020022004,0.072281807,0.585394177,0.745914455
MPPED1,18.59185152,-0.009154266,0.080340369,0.585410157,NA
VPS25,1205.452741,-0.021942701,0.050829206,0.585411071,0.745914455
TTC27,338.9840965,0.02115453,0.069076276,0.585520742,0.745914455
TLN1,31923.8544,-0.022482436,0.056760401,0.585539906,0.745914455
SYT15,69.01813249,0.011545572,0.079556565,0.585686407,NA
NTAN1P2,16.68633731,0.008693336,0.080480928,0.585701598,NA
ZKSCAN2,253.3094873,-0.021511137,0.067340288,0.585855722,0.746174132
RCN1P2,36.28385435,0.010666461,0.079908771,0.585879389,NA
TAF1B,356.0803954,0.02100223,0.069909263,0.585899682,0.746174132
CIAO3,1012.080587,-0.022534969,0.061520741,0.586004591,0.746174132
UBAP1,2372.368374,0.019937948,0.044341069,0.586095237,0.746174132
HSD17B7,210.8744869,-0.021126498,0.069305632,0.586111542,0.746174132
TNFSF8,10.35584962,0.006871981,0.080857616,0.586166289,NA
SOCS3,594.0109104,0.021222121,0.070811811,0.586204604,0.746198959
ALDH1L1,8.408672427,-0.005813454,0.081004133,0.586373335,NA
FAT1,1019.053783,-0.020361247,0.071571842,0.586402017,0.746263624
CARF,261.3695548,-0.017170921,0.075943263,0.586402538,0.746263624
KLRD1,109.0373842,-0.011237368,0.079646772,0.586537155,NA
NENF,756.8790881,-0.022234193,0.054717143,0.586615322,0.746440771
OR52E4,13.03367835,0.007031903,0.080846025,0.58695987,NA
NBPF1,832.0301448,0.022364675,0.056853241,0.587171936,0.747055327
FLOT2,4770.058207,-0.021046035,0.047946379,0.587465972,0.747335693
THAP9,80.75160265,0.013311533,0.078732689,0.587515289,NA
NDUFA2,1272.684048,0.021414264,0.050697674,0.58757822,0.747384761
COG4,1546.542298,0.022460703,0.061892753,0.587731077,0.747485462
DDB2,1100.462755,0.022082033,0.061398817,0.587978513,0.747642507
RNF40,3563.201527,-0.020988809,0.0474932,0.588001964,0.747642507
SDCBP2,31.65624922,-0.010525246,0.079804896,0.588091773,NA
SYNPO2,25.9887946,0.009945786,0.080124609,0.588107009,NA
ZNF132,98.82940262,0.017527288,0.075488111,0.58812387,NA
ST3GAL3,282.8110552,0.021425616,0.06810768,0.588266267,0.747878874
CFAP68,171.8743789,0.015631502,0.077429157,0.588323227,NA
GIT2,4114.125267,0.020854832,0.046942094,0.588335313,0.747878874
ZNF506,294.988098,0.018765891,0.073529955,0.588479301,0.747966561
ZNF717,91.72289255,0.015651321,0.077212491,0.588489731,NA
PRXL2C,539.2135814,0.022796889,0.060818884,0.588551764,0.747966561
MICU2,1103.88005,0.02191052,0.053424444,0.588710323,0.748074347
DDX39B,6204.933645,0.021048636,0.049323967,0.588801906,0.748097011
SPTLC3,138.3806721,0.015769399,0.0771451,0.588982232,NA
CCDC85A,87.2921888,-0.016859024,0.076054858,0.588984907,NA
CILP2,11.36189878,-0.007376421,0.080717272,0.589012679,NA
MAGED4B,15.6976619,-0.00636887,0.080922361,0.589056758,NA
PDE8B,46.08817296,0.013043239,0.079427687,0.589088683,NA
HIRIP3,795.5756763,0.022221998,0.055131915,0.589104434,0.748387649
EVI5,797.3350404,0.022148683,0.06369033,0.589554544,0.748865677
ZNF578,82.45358267,-0.015413602,0.077385397,0.589582854,NA
UQCRFS1P1,340.3330675,0.02133637,0.068235738,0.58965624,0.748883177
GID4,583.5369425,-0.022403901,0.060450787,0.589715972,0.748883177
FOLR3,59.29739408,0.013514759,0.078545874,0.589762799,NA
PPM1G,2874.433124,0.021673065,0.051264273,0.589832245,0.748918385
NUDC,2121.914138,0.021088403,0.047452741,0.589891354,0.748918385
PDE4C,27.68373442,-0.009551796,0.080143764,0.590045942,NA
AKR7A2,1052.310602,0.021717356,0.056048199,0.590075209,0.748922617
LCORL,693.8531769,-0.022275395,0.061987732,0.590090122,0.748922617
PALD1,3023.781134,-0.022787222,0.058411133,0.590116174,0.748922617
DRD4,13.58913952,0.006042789,0.080972847,0.590185536,NA
HCFC2,357.6908722,0.021110185,0.068717651,0.5903535,0.749130086
MRPL45,956.2572761,0.022605849,0.059280961,0.59045908,0.749153464
HSD17B6,10.45153656,0.004815786,0.081143166,0.590499042,NA
JAKMIP3,11.91110308,-0.006517386,0.080879417,0.590597241,NA
CARD16,419.8046924,0.021523662,0.065565238,0.590604896,0.749153464
IKBKE,2230.624395,0.020226448,0.044244567,0.590632459,0.749153464
NFIL3,1063.135544,0.022594222,0.056054262,0.590667331,0.749153464
C2orf50,35.88442507,-0.011276144,0.079560036,0.590677053,NA
RNASE10,25.15933512,-0.008676895,0.080411794,0.590683546,NA
NPIPB14P,137.421874,-0.019400347,0.07261638,0.590694423,NA
DROSHA,1130.388211,0.022064767,0.058724578,0.590870693,0.749312315
TRAFD1,1703.092379,-0.017457472,0.055987907,0.590940312,0.749312315
TSC22D3,1021.444683,-0.021867093,0.057840171,0.591126234,0.749454383
RNASE3,9.061962243,0.0052843,0.081082414,0.591159894,NA
LRFN3,333.5184073,-0.017628864,0.074776753,0.591354242,0.749649766
LPAR3,14.88655496,0.008044546,0.080581843,0.591455502,NA
LAX1,17.5298776,0.008285036,0.080534457,0.591860483,NA
VSIG2,10.01108769,-0.006303493,0.080921988,0.591875281,NA
CHTOP,1870.09067,0.021389341,0.049968189,0.591892145,0.7502379
BNIP3P11,7.126190304,0.004866216,0.081139419,0.591952392,NA
MYL9,98.20027618,-0.017583961,0.075193829,0.591969722,NA
NPHP3,534.1956635,-0.016609364,0.068291884,0.591992212,0.750270989
MED31,204.8947082,0.018750488,0.073612951,0.592224981,0.750472231
KCNS3,7.902709487,0.005513451,0.081044145,0.592378625,NA
DDX59,404.4399317,0.021439825,0.064980179,0.592430825,0.750639307
ZNF91,320.39455,0.01892513,0.073456879,0.592649976,0.7508232
CHADL,16.91546866,-0.007147288,0.08074164,0.592717869,NA
FBXO6,498.5191572,-0.020543877,0.06990142,0.592835299,0.75095659
TTC8,480.9437163,-0.020608976,0.0671321,0.592969677,0.75095659
SHLD1,204.2854103,0.019443895,0.0724769,0.593006446,0.75095659
SEC61A2,224.0227248,-0.019900099,0.071279855,0.593051384,0.75095659
ZNF274,696.5814991,0.022112648,0.058112748,0.59317018,0.751013269
ATL1,197.0133556,-0.017000771,0.074769179,0.59318206,NA
IGFBP6,126.334414,0.01817577,0.074312918,0.593184334,NA
CAP1P1,40.92149256,-0.011843126,0.079228645,0.593211443,NA
CCL22,677.5880447,-0.021981181,0.061571632,0.593264245,0.751038625
SYTL1,186.209731,-0.015837409,0.076729117,0.593353406,NA
CNP,3946.118376,-0.022286841,0.058433915,0.593405003,0.751107652
CEP85L,218.899854,0.017766414,0.075134838,0.59346686,0.751107652
PLCD3,167.761432,0.013722878,0.078348485,0.593897279,NA
CA13,46.95601647,0.01036549,0.079854889,0.593937729,NA
ATP6V1E2,59.87670407,-0.013447467,0.078397887,0.594054558,NA
NEIL2,315.9411691,0.0221298,0.064664698,0.594133509,0.751857574
BATF2,283.8810468,-0.017149634,0.075411828,0.59430099,0.751975707
NTNG2,32.91258991,0.010655439,0.079754624,0.594309806,NA
APOBEC3D,37.15583111,-0.010869102,0.079632555,0.594383553,NA
RFXAP,105.0978172,0.015302784,0.077232386,0.594528426,NA
CHRM5,13.77280632,0.007385995,0.080680707,0.594574968,NA
MAOA,282.8311649,-0.018921936,0.072891495,0.595074336,0.75268073
GALNT1,4008.24246,0.021882016,0.059865593,0.595111541,0.75268073
ZNF431,717.7508142,-0.022243814,0.060556487,0.5951494,0.75268073
SELENOP,6668.61248,-0.021489572,0.06086861,0.595170784,0.75268073
TRPV4,231.5892291,-0.019372028,0.071912253,0.59523628,0.75268073
HEG1,1457.135843,-0.022479136,0.059535476,0.595303381,0.75268073
BPTFP1,85.25129257,-0.015052471,0.07736596,0.595324138,NA
IRF4,8.815333895,-0.00507732,0.08108087,0.595448099,NA
TMEM30BP1,16.3983398,-0.007986159,0.080549967,0.595456206,NA
NECTIN2,3353.612325,-0.019559859,0.043700572,0.595595332,0.752808959
SERINC3,4762.648983,-0.020122754,0.045915839,0.59570512,0.752808959
PCYT1A,3940.316211,-0.021074851,0.049230804,0.595723372,0.752808959
KIR3DX1,22.46451636,-0.008210473,0.080473289,0.595741293,NA
PLEKHM1,1958.198036,0.022003985,0.060061274,0.595766472,0.752808959
COPS5,1262.106695,0.02115793,0.05027604,0.59577586,0.752808959
KCNJ3,7.982199929,0.005235191,0.081080489,0.595906775,NA
PPFIA1,3055.277071,0.021055937,0.049781848,0.59594695,0.752931356
FAR2P1,39.05257366,0.012246312,0.079094554,0.595958925,NA
FAM241B,112.9824669,-0.01727646,0.075183113,0.596088679,NA
TEN1,562.7198904,-0.021929458,0.061761139,0.596464793,0.753491764
SLC4A1AP,1503.991673,0.020487011,0.047034882,0.596691555,0.753684365
GUCY1B1,40.71903426,-0.011838745,0.079225205,0.596727193,NA
DEDD,1290.476437,-0.021028468,0.045786704,0.596812012,0.753742661
EML1,99.80605237,-0.010910599,0.079579564,0.597031973,NA
RIMOC1,896.8670566,0.022152673,0.051047702,0.597061671,0.753964097
SNHG32,3621.358805,-0.019626954,0.0444945,0.597198097,0.754042506
RPGRIP1L,72.5973633,0.012175495,0.079081742,0.597270325,NA
GPR39,28.03914364,0.009114545,0.080234491,0.597355391,NA
PRKAB2,448.6896168,0.019224346,0.07236234,0.597555767,0.754400212
KLHDC3,3796.674817,-0.019792959,0.039421196,0.597780145,0.75458957
CFHR2,8.800381106,0.005586272,0.081011924,0.597813012,NA
RARG,76.21977246,0.013678049,0.078163923,0.598072706,NA
ACOT8,550.1968169,-0.021792442,0.061288787,0.598112448,0.754915102
SEC14L3,7.457571747,0.005464729,0.081034755,0.598335743,NA
SEPTIN11,4887.142249,0.021666366,0.06028592,0.598435387,0.755195472
RPLP1,15021.30616,-0.021490149,0.050152738,0.598483478,0.755195472
ETV4,21.83429147,-0.006832951,0.080743382,0.598523578,NA
RCBTB2,2753.702425,0.022389659,0.062189713,0.598634984,0.755292696
FER1L5,18.19378576,0.00837735,0.080433334,0.598715246,NA
CRPPA,25.91557368,0.007399893,0.080667005,0.598849135,NA
ACTR1B,2102.892575,-0.020731064,0.049157211,0.599189248,0.755897989
POU5F1,17.0650978,-0.006226756,0.080875816,0.5992383,NA
TSHR,44.7394526,-0.011417596,0.079313781,0.599251147,NA
HSPD1P11,8.262585113,0.006009384,0.080938519,0.599306041,NA
TPR,3335.698347,0.02253867,0.053929915,0.599399739,0.75595084
NPIPB4,702.8056849,0.020893026,0.063800099,0.599425396,0.75595084
CLDND1,1060.26603,0.021138944,0.051673815,0.599454708,0.75595084
SLC47A2,9.266536309,-0.005855471,0.080953147,0.59945817,NA
SPCS3,3735.563316,-0.018372658,0.040724339,0.599774251,0.756119228
ERCC6L,121.9464992,0.015433661,0.076926992,0.599835204,NA
TUFM,6536.321167,-0.022563009,0.047919404,0.599851284,0.756119228
KNOP1,568.4152284,0.019774128,0.069237403,0.599893445,0.756119228
HASPIN,207.8203804,0.019019992,0.072518022,0.599896675,0.756119228
AQR,1284.254931,-0.021335472,0.058017939,0.599960929,0.756119228
C2CD4D,10.92292354,-0.006092964,0.080909335,0.600050284,NA
SCG2,32.62854871,0.011608908,0.079265878,0.600084891,NA
ZNF706,1938.577122,-0.021604742,0.056440942,0.600134191,0.756243631
AGBL2,8.69364257,0.005385131,0.081037968,0.600266602,NA
FOXO3,2062.009566,0.018746164,0.044537439,0.600285328,0.75627836
MFN2,4289.177892,0.019803297,0.045954459,0.600310859,0.75627836
MORN3,51.13989506,-0.011563504,0.07918704,0.600342759,NA
PLEKHB1,30.17309304,-0.00963427,0.080000029,0.600363814,NA
ZNF180,187.3118098,0.018462706,0.073559854,0.600366435,NA
P2RY6,1457.025018,-0.020698202,0.067763923,0.600656777,0.756620184
NOL8,1330.095389,0.021651346,0.057552221,0.600798478,0.756704713
AARSD1P1,25.22902277,-0.008770719,0.08028757,0.600851868,NA
NOTCH3,58.15947127,0.008523192,0.08036926,0.600985019,NA
RTP4,98.24455246,0.015074224,0.077132752,0.601016395,NA
TMEM41B,700.5637546,-0.021159717,0.0630029,0.601167825,0.756889576
CSPG5,21.95597299,-0.00948036,0.080046383,0.601168987,NA
LAMC2,25.41151744,0.009903462,0.079989089,0.601182692,NA
FRMD4A,4588.224296,-0.01904855,0.044149595,0.601197926,0.756889576
FHL1,51.32962358,0.0126319,0.078523628,0.601220161,NA
GSTZ1,581.4035405,-0.021617178,0.060946699,0.601223048,0.756889576
LAS1L,903.7027246,0.021613266,0.056715371,0.601243711,0.756889576
MRPS31P5,29.84889522,0.009705255,0.080000421,0.601294217,NA
SYNGR3,24.0392438,0.009248435,0.080137434,0.60130957,NA
RPAP2,815.0571071,0.01745389,0.07472224,0.601324845,0.756897783
SERPINE2,341.0496255,-0.019990715,0.069860037,0.601430759,0.756937174
OR5AS1,152.1502573,-0.018374181,0.073285085,0.601454041,NA
AKAP3,104.0732208,-0.014927265,0.077156902,0.601473197,NA
CPB2,19.08722462,-0.007483558,0.08059053,0.601534633,NA
OCEL1,374.6228102,-0.01480907,0.06677811,0.602180774,0.75777137
RPRD2,2564.030584,-0.021196012,0.051724594,0.602300107,0.75777137
RSPH3,698.5290169,0.021624068,0.056848382,0.602356403,0.75777137
ACAD9,1342.835369,-0.020879779,0.050363519,0.602412295,0.75777137
TMX1P1,6.779960988,-0.00492921,0.081089075,0.602495448,NA
SDHC,2582.139171,0.021783246,0.057653167,0.602521843,0.75777137
SLC25A5,7373.396202,0.019972758,0.046665638,0.602541786,0.75777137
HSPB8,74.10517652,-0.014906533,0.076928317,0.602609992,NA
CCT8P1,13.83835142,-0.007158774,0.080680953,0.602821196,NA
PSMB8,2005.74767,0.021449047,0.056703096,0.60291133,0.758142127
B3GALT2,13.19423381,-0.007523701,0.080586939,0.60314995,NA
PRSS22,53.48926122,-0.013322069,0.07832604,0.603186795,NA
RINL,409.2298516,0.019537701,0.070681439,0.603245746,0.758468623
DCAF4L1,32.40654735,-0.010933445,0.079451085,0.603406303,NA
PRRG4,200.4771197,-0.018927695,0.072022968,0.603504818,NA
EID2,427.4587342,0.021582052,0.06053522,0.603519486,0.758718759
ABCG8,20.27080513,-0.008492014,0.080323984,0.603608429,NA
VIM,91970.72366,0.021136137,0.053398687,0.603811286,0.758882465
MPV17L,549.9283435,0.020674801,0.064327078,0.603815002,0.758882465
SERAC1,459.4313376,-0.021536648,0.062961427,0.603874139,0.758882465
ETV1,179.4085582,-0.017195041,0.074771124,0.603930764,NA
PTGES3L,23.19903018,0.007427964,0.080637296,0.604034517,NA
GUCA1B,28.7229967,-0.010041381,0.079810001,0.604047175,NA
KTI12,373.4638712,-0.021714834,0.063904895,0.604116732,0.759011842
ARPC5,11464.32667,-0.015834032,0.033485526,0.604126736,0.759011842
FOXP2,32.94170156,0.010310248,0.079696744,0.604252074,NA
ZNF773,173.4632429,0.015452696,0.076684151,0.604336515,NA
NPTX2,110.2704334,-0.016608375,0.075237895,0.604338129,NA
NKG7,75.97437325,0.0136271,0.077974912,0.604381563,NA
TIMP1,5825.518821,0.016742725,0.075715043,0.604385844,0.759243343
CNBD2,39.77355695,-0.010935897,0.079425453,0.604481868,NA
VIRMA,1333.220736,0.02120159,0.066485623,0.604487071,0.759276479
NFS1,533.565094,0.020630344,0.065881346,0.604949495,0.759688908
HMG20A,920.6235182,0.021635417,0.055912493,0.604965201,0.759688908
BANF1P2,6.443608559,-0.004565044,0.081134258,0.605006688,NA
ITGAV,13757.54244,0.022618169,0.047612906,0.60511908,0.759702486
CLMN,850.4977667,-0.020735027,0.067037765,0.605125797,0.759702486
MTA3,498.7312949,0.02068724,0.065793868,0.605274953,0.759795708
NPC2,16120.82437,0.019983717,0.043150164,0.605389647,0.759845655
NEGR1,76.73478702,0.008293775,0.08036176,0.605504652,NA
NKIRAS1,396.3088919,0.020794129,0.065814013,0.605525025,0.759921546
UBASH3B,3277.344458,-0.018056132,0.066539266,0.60562183,0.759949016
HCG4,9.836574211,0.00575533,0.080948121,0.605682055,NA
NDUFS2,3890.851235,0.018972518,0.042181839,0.605751145,0.760017268
MSRB1,549.5424955,0.021291228,0.059241507,0.605933842,0.760152472
EMID1,7.317961652,0.005034106,0.081067603,0.605947734,NA
PLA2G2D,36.65079831,-0.011213394,0.079290955,0.605958918,NA
KIF26A,10.9025034,-0.00645441,0.080817239,0.605977642,NA
TDRKH,289.1133048,0.023270425,0.072141983,0.606195421,0.76038659
MCAT,392.1727681,-0.019227374,0.068936728,0.606451833,0.760614168
OR10AC1,42.09031462,0.011939682,0.078979734,0.606484538,NA
OPRD1,62.46140344,-0.014091971,0.077586894,0.606611257,NA
ZBTB49,148.2049261,-0.016181903,0.075659178,0.60670213,NA
LRRC63,35.96265367,-0.010119052,0.079695832,0.60678093,NA
MISP3,60.50434754,-0.012369723,0.078673461,0.606823281,NA
THEM4,488.0578978,0.021064851,0.063803162,0.606882931,0.760963954
RNFT2,128.1235326,-0.015192915,0.076783087,0.60692289,NA
DDI2,2700.938835,0.02110752,0.051984004,0.606942214,0.760963954
HADHA,7590.005479,-0.021446686,0.048423181,0.606975504,0.760963954
DHRS7B,474.3854954,-0.020794724,0.063141479,0.607030788,0.760963954
TRGV8,13.2120647,-0.006843481,0.080723871,0.60718272,NA
MPZL3,122.3685101,0.014636505,0.077171007,0.607247842,NA
JADE3,38.74165014,-0.010426877,0.0796267,0.607279352,NA
PTPRG,2372.144175,0.020333231,0.044937097,0.607392465,0.761323263
HPSE,379.206153,0.016587789,0.075074291,0.607852166,0.761802604
LEMD3,1042.151857,-0.021372618,0.060709143,0.607925087,0.761802604
EDDM13,19.4813885,-0.008314244,0.080325081,0.607996721,NA
MALSU1,410.1167553,0.020493038,0.066041215,0.608240199,0.762103332
SUPT3H,144.795923,-0.01629215,0.07553482,0.608252116,NA
BEND3,95.7423108,-0.016301412,0.075450796,0.608288418,NA
RPL8,23111.88221,0.017617307,0.040261094,0.608571858,0.762424717
JAKMIP1,23.38709662,-0.009000834,0.08007674,0.608572346,NA
OR6C75,20.63179555,0.007453353,0.080586958,0.608613817,NA
CD1E,137.4588978,0.016132157,0.075975077,0.608713997,NA
MANBAL,615.2187655,-0.020875701,0.059509579,0.608714209,0.762464421
MDM1,281.5391881,0.017165279,0.074178245,0.608753879,0.762464421
SLC22A15,561.6666086,-0.021419284,0.066400606,0.608912912,0.762569454
EGF,10.1383942,0.004755427,0.081085427,0.6089183,NA
MROH8,42.39891574,0.011575072,0.079108227,0.609297884,NA
RAB23,155.4833307,0.016673143,0.074868869,0.609574476,NA
THAP2,143.4251171,-0.015783968,0.076017576,0.609606499,NA
ECHS1,2458.80742,0.01901812,0.044509211,0.609698873,0.763410122
PPP1R3E,248.8483269,-0.019152062,0.070877578,0.60980921,0.763410122
PLXNC1,2210.480215,0.02099019,0.054282063,0.609809959,0.763410122
INO80B-WBP1,9.109579344,0.003483586,0.081259709,0.609918238,NA
CDHR3,14.2672011,0.005543935,0.080970684,0.609934579,NA
DTNBP1,618.4735881,0.020912491,0.064472052,0.610036118,0.763599011
ADCY5,10.82071009,-0.004904802,0.081061513,0.61004369,NA
ANAPC1P4,83.6106812,0.01507834,0.076844184,0.610146674,NA
HBP1,2290.881003,0.020575273,0.050881976,0.610481548,0.764042963
RAET1E,8.644858282,0.004774483,0.081086192,0.610533056,NA
NGLY1,845.3714647,0.020941247,0.057600503,0.610541429,0.764042963
USF1,2367.777551,-0.019275244,0.043046002,0.61070551,0.764154027
POLR3G,62.38806281,0.011471393,0.079113372,0.610802471,NA
CRYZL1,571.8224607,0.020975483,0.061460236,0.610860491,0.764253678
CYP1B1,3331.652374,0.020973295,0.056538965,0.610993972,0.764292942
DYRK2,1803.921697,-0.021220899,0.058959709,0.611042563,0.764292942
ZNF500,336.6859228,-0.020053772,0.067714816,0.611124805,0.764301568
PLD6,36.60102326,-0.011376322,0.079118931,0.611223944,NA
SPNS2,37.92187769,-0.010804946,0.079376458,0.611263939,NA
CCDC102B,365.0169963,0.020550896,0.065680271,0.611874738,0.765145136
LNX2,176.2508623,0.018853305,0.07084822,0.611910043,NA
ZNF652,850.0984213,-0.020146314,0.067680555,0.612080427,0.7652244
C1orf35,754.040042,0.020863415,0.059058701,0.612088997,0.7652244
HCAR1,16.0870627,-0.007127924,0.080615567,0.612110252,NA
MTG1,1082.85809,-0.020943608,0.054056625,0.612390685,0.765507222
ZNF550,166.33589,-0.01702837,0.074132665,0.612530543,NA
NUP133,1012.846018,-0.018784263,0.069565412,0.612598091,0.765652527
UBAC2,1212.332324,0.020851268,0.055764804,0.612657882,0.765652527
FNBP1P1,22.72870771,-0.009263887,0.079962843,0.612675793,NA
RWDD1,870.4094091,0.020952221,0.058981141,0.612846874,0.765794369
DHDH,105.0320622,-0.015780973,0.075785934,0.612863321,NA
OSBPL10,44.44742321,-0.008838007,0.080076995,0.612919044,NA
HP1BP3,4405.983832,-0.025515535,0.054990086,0.61292875,0.765802346
RPGRIP1,22.85419552,0.007056567,0.080634594,0.613090275,NA
GRAP,86.75707066,-0.014320527,0.077159424,0.613214936,NA
LYRM4,496.2380804,0.020213989,0.06536157,0.61321612,0.766067034
PTPRB,120.3607315,-0.010392039,0.079491395,0.613252392,NA
MED11,340.9477138,-0.020347257,0.06562932,0.613318006,0.76609997
RPL6P10,37.23023999,-0.010332108,0.07952583,0.613762634,NA
FICD,274.7325199,0.016776244,0.074890229,0.613813089,0.766623981
TRPM4,1064.729426,0.022503729,0.059729035,0.613939817,0.766687862
TNFRSF13C,25.55913554,-0.009288855,0.079865445,0.614036955,NA
MAPK10,139.8850907,0.016414639,0.075186564,0.614104727,NA
PUM1,3478.243692,-0.018908726,0.045146776,0.614391371,0.76715732
RBPMS2,14.79015168,-0.007244286,0.0805707,0.614628659,NA
POLR1D,1633.346282,0.02076806,0.056879122,0.614642707,0.767273128
CASP16P,7.457363264,-0.004964043,0.081043244,0.614697172,NA
PARP11,441.8674454,0.020028808,0.067232529,0.614705657,0.767273128
EEIG1,374.9718424,-0.014016617,0.07693244,0.614788791,0.767273128
ZNF559,148.0271705,-0.014670994,0.076611714,0.61487996,NA
MTMR1,1295.39367,0.020760672,0.056594678,0.61489841,0.767273128
FUT4,1023.77935,0.021001385,0.059393363,0.61495971,0.767273128
ASAH1,31212.19491,0.014742859,0.046730642,0.615009627,0.767273128
SMCO4,1039.358591,0.020651882,0.063422515,0.615013585,0.767273128
GP6,15.73921781,-0.006614173,0.080708225,0.615130482,NA
RGS7,28.54369323,0.009579473,0.079849495,0.615183516,NA
NCOA1,1407.283836,-0.0222858,0.061977605,0.615187197,0.767395343
ZCWPW1,150.7052318,-0.015446964,0.075961741,0.615333317,NA
VTN,31.57409569,-0.008801145,0.080101947,0.615474526,NA
TMEM145,28.05089643,-0.007196028,0.080549376,0.615688544,NA
STAMBP,1046.109231,0.020587131,0.054033171,0.615788213,0.768050613
NPHS1,15.40268728,0.00630258,0.080798368,0.61592885,NA
ZNF433,30.64329784,0.008274421,0.080297839,0.616129537,NA
RABIF,526.5470569,-0.020503731,0.059828728,0.616391198,0.768708178
DAB1,8.806320793,-0.00456547,0.08106887,0.616571718,NA
CCDC146,163.6685382,0.014983563,0.076494593,0.616604611,NA
PLS1,59.64032346,0.009243041,0.07990135,0.616787591,NA
ZNF562,585.9266406,0.01764627,0.072877146,0.616797106,0.769037266
CREBBP,3844.990892,-0.014547102,0.075949903,0.616806703,0.769037266
ASPDH,56.12225048,-0.011744873,0.078847272,0.616881405,NA
IFT56,55.1766887,0.009824282,0.079734878,0.616917784,NA
THOC5,1075.453183,0.020437422,0.061330199,0.61698029,0.76909094
C1orf174,803.6726688,0.018568955,0.059058046,0.617001387,0.76909094
SLFNL1,14.65572479,-0.005958295,0.080842867,0.617275692,NA
ZFYVE26,3672.215484,-0.018575375,0.05011709,0.617336909,0.769370382
COL22A1,399.5212381,0.017807498,0.072747732,0.617377258,0.769370382
CFAP92,52.56411132,-0.012151811,0.078538706,0.617520675,NA
TRAPPC2,247.5866409,0.020182515,0.066999819,0.61756514,0.769509984
GARNL3,30.72870106,-0.006193482,0.080756269,0.617631674,NA
PKD1L3,18.50520707,0.008264196,0.080285022,0.617688251,NA
DNMT1,7641.391266,0.020685176,0.059634388,0.617732939,0.769624532
IL6,40.33740544,0.009269374,0.079927548,0.617772974,NA
CHRAC1,798.5754446,-0.020006568,0.065104604,0.617950601,0.769801166
SRR,199.0692764,0.018030138,0.072196447,0.618196779,NA
SERF2,12488.49943,0.019228244,0.048851491,0.618241518,0.770069003
TTC9C,676.6090416,-0.020648326,0.056990055,0.618346004,0.770104587
EBPL,155.9042288,0.016492442,0.074523448,0.618420211,NA
WASHC2C,2440.445456,0.019256641,0.047392267,0.618539028,0.770178304
SPRED2,1525.744334,-0.020989716,0.059118589,0.618557043,0.770178304
ATPAF1,806.3211573,0.020554039,0.05582241,0.618657149,0.770208409
MARCKSL1,176.3557319,0.015021114,0.076327442,0.618715475,NA
NPLOC4,4210.968515,-0.019346113,0.048296749,0.618854627,0.770359717
AQP1,56.11031921,0.009631196,0.07973751,0.618924929,NA
DMD,150.2138678,0.017477439,0.073244568,0.619002623,NA
DNAAF11,38.01889371,0.010045436,0.079606276,0.619185027,NA
KCNB1,58.72346162,-0.011598986,0.078790632,0.619253138,NA
PPFIA3,206.5567122,0.017179077,0.073218854,0.61930741,0.770737999
KCMF1,1541.040417,-0.018733312,0.045125426,0.619339952,0.770737999
KCTD18,607.9921216,0.022866342,0.063478397,0.619386452,0.770737999
ADAMTS8,17.92099421,0.007836512,0.080385151,0.619488202,NA
HHAT,118.4885112,-0.016326328,0.074520244,0.619560389,NA
AHI1,415.139859,0.01907463,0.070623572,0.619611018,0.770922871
CDK19,1514.114458,0.020906059,0.050568434,0.619703966,0.770943958
MUC21,178.8425115,-0.018948029,0.072667532,0.619807075,NA
CDH1,26.17231121,-0.005266069,0.080952636,0.620137836,NA
NBDY,842.3304856,0.020385924,0.053653751,0.620278477,0.771376932
PFAS,760.5840511,-0.013023052,0.07811364,0.620310777,0.771376932
PKD1L1,46.31199267,0.009477381,0.079793056,0.620387174,NA
CPOX,1282.748009,0.021431798,0.05411389,0.620406868,0.771376932
PPP2R1B,422.6372639,0.014349956,0.076931202,0.620412314,0.771376932
CDK7,551.0862511,0.019757889,0.06625135,0.620432215,0.771376932
PLPP3,631.1117999,-0.020078128,0.064878922,0.620533785,0.771384555
ARL10,534.4846302,0.017734496,0.072553437,0.620590433,0.771384555
ANKRD35,58.25198222,0.011882868,0.078654405,0.620611361,NA
RASGEF1C,33.54924534,-0.009542734,0.079727839,0.620649795,NA
PRDX5,3587.878015,-0.018593148,0.045608702,0.620759595,0.771466965
UBE2S,1797.55082,-0.016592302,0.061768693,0.620808836,0.771466965
FAM32A,2580.149484,0.018294359,0.043720967,0.621084927,0.771677631
UBE2E2,1096.743535,0.020992147,0.055623787,0.621130507,0.771677631
PRKACA,3542.93494,-0.01845071,0.045208967,0.621236779,0.771715147
NARS2,278.3446307,0.019768257,0.066386473,0.621462128,0.771900554
CMYA5,29.2284832,0.008553337,0.080103272,0.621595504,NA
RARB,12.4871001,0.006565831,0.080706625,0.621599658,NA
TPI1,9350.098301,0.019090454,0.048571731,0.621735645,0.772145737
LRTOMT,14.04466661,0.00560143,0.080873032,0.621934821,NA
SDHAP4,151.0232307,-0.018649865,0.07227933,0.621939862,NA
ARL6IP1,9124.514742,-0.018994329,0.048613198,0.622174504,0.772596177
MS4A2,9.756849285,-0.005431288,0.080934397,0.62243654,NA
OR7E38P,81.30603736,-0.014561681,0.076431023,0.622438556,NA
GIPC3,163.7349174,-0.015808986,0.075252289,0.622569901,NA
KLRG1,82.04642249,-0.013240623,0.077611359,0.622781026,NA
SLIT2,61.0775165,-0.009645357,0.079637805,0.622850711,NA
C1R,35.30226273,0.007632095,0.080321062,0.622894912,NA
NDRG2,3234.206998,0.020296308,0.055220443,0.622939929,0.773287746
TNFRSF12A,1096.370512,-0.020333216,0.054262298,0.622948163,0.773287746
AGAP5,289.9890781,-0.017625664,0.072306273,0.62296012,0.773287746
MNS1,74.55254818,0.014086072,0.076971643,0.623015552,NA
EID2B,59.03841442,-0.010274029,0.079372279,0.62302259,NA
GBP4,80.73317114,0.012582797,0.078123288,0.623076982,NA
TTR,26.65331894,-0.009302832,0.079802485,0.623197653,NA
KIF24,236.2674939,0.018934059,0.069752418,0.623308648,0.773536332
NAA16,377.9172823,0.017786894,0.072256248,0.623312892,0.773536332
TMEM38B,1037.753777,0.020166895,0.065917891,0.623394542,0.773543026
GUSBP18,10.17006484,-0.005652318,0.080880406,0.623453733,NA
ZNF25,292.0504305,-0.016976831,0.072714491,0.62367743,0.773799394
CCDC81,12.65751009,-0.006022466,0.080784298,0.623684155,NA
ATR,1350.689247,0.019364291,0.065256791,0.623958301,0.774053199
PKP2,25.47740815,0.009687349,0.079773818,0.624023819,NA
PCSK7,1775.431923,-0.019522273,0.051180282,0.624346157,0.774408703
BAD,435.3190673,-0.019902122,0.065968759,0.624435396,0.774408703
CEP192,911.9357488,-0.019015187,0.058160918,0.624473895,0.774408703
RXRA,5629.891589,-0.019063311,0.04696853,0.62455888,0.77441942
SEPTIN14,61.08036631,-0.013593837,0.077220141,0.624638492,NA
IHO1,26.20368405,-0.008756196,0.080001859,0.624639219,NA
TMC5,13.40329999,-0.006934698,0.080563339,0.624673097,NA
TMEM201,386.3843422,-0.019201939,0.067454913,0.624776321,0.774594354
HDAC11,151.8134244,-0.015318465,0.075511291,0.624823023,NA
DHCR7,887.6479638,-0.016526058,0.073767836,0.625055043,0.774845211
GNB1,13773.43865,-0.018697298,0.049477144,0.625389025,0.7751645
CKMT1B,12.74916926,0.004476634,0.081091351,0.625512619,NA
ZNF432,189.9204358,-0.01723968,0.07272784,0.625525218,NA
F11R,3405.833396,-0.020474895,0.062792047,0.625651686,0.775395321
GADL1,45.92725622,-0.011794899,0.078525535,0.625695415,NA
PCDHA6,54.672001,0.010893435,0.079072494,0.625872595,NA
ONECUT3,17.13743803,0.007381435,0.080458235,0.626182553,NA
DYNLT2B,118.8520552,0.015906513,0.074694928,0.626281179,NA
ELP4,301.3367429,-0.016012033,0.074636027,0.626385023,0.776209342
UBE2Q2P16,14.37633523,0.006915104,0.080586269,0.626403803,NA
MYOZ2,7.93907761,0.005243544,0.080955347,0.626779861,NA
CYP4V2,807.2378276,0.019274251,0.064852126,0.627014178,0.776845095
SFPQ,5950.866136,0.018925957,0.048545764,0.627051226,0.776845095
CDKN1C,102.0666921,-0.01306878,0.077547603,0.627080287,NA
LRP5L,112.439095,-0.015343905,0.075228353,0.62710831,NA
PLPP2,32.85423596,-0.008565333,0.080044551,0.627122176,NA
FAM91A2P,9.319789836,0.005485048,0.080915927,0.627203562,NA
NCOA3,2461.853235,-0.013663376,0.040940458,0.627503907,0.77727956
ARMCX6,1166.894829,0.020799659,0.05647924,0.627626362,0.77727956
SELENOW,1841.425385,0.018262399,0.045124354,0.62763179,0.77727956
FRK,169.6742227,0.016597089,0.073748781,0.627791796,NA
TRIM56,4088.792326,-0.019178533,0.054996153,0.627797189,0.777372018
SAR1A,2639.445322,0.017928903,0.050168683,0.627864425,0.777372018
MBNL2,672.7412967,0.018741866,0.062471182,0.627986072,0.777372018
PLCD1,300.2416218,-0.01880914,0.06879851,0.628012982,0.777372018
GARIN1A,146.9861648,0.01637323,0.07455465,0.628085932,NA
SPRED3,24.49344259,0.007107708,0.080506652,0.628182013,NA
LETM2,72.41548149,0.013168205,0.077534627,0.628340046,NA
PRR3,320.5478738,0.017785831,0.071567269,0.628482485,0.77774515
S100B,1678.428877,0.018764392,0.067366898,0.628495926,0.77774515
CORT,10.22881607,0.005951196,0.08081467,0.628531382,NA
PTDSS1,3193.254898,-0.018555992,0.04690016,0.628544434,0.77774515
SLC66A3,462.9678388,0.019305059,0.064988807,0.628624761,0.777749674
TCP11L1,422.8453687,0.018845091,0.068485374,0.62878796,0.777762682
ARHGAP35,3833.656908,-0.019632591,0.05383994,0.628881247,0.777762682
GTF2B,860.9702088,0.019902831,0.061534971,0.628912769,0.777762682
PGS1,984.6749432,-0.019087244,0.057127334,0.628941964,0.777762682
PCDHGC4,13.88800733,-0.006818104,0.080572717,0.628980268,NA
CDH8,19.18167624,-0.00686327,0.080552099,0.629089777,NA
DUSP16,748.1328599,0.019568867,0.066202772,0.629187475,0.777971446
CYP2T1P,27.0041839,0.009363347,0.079748864,0.629285148,NA
TAFA3,44.84399225,0.011336872,0.078741519,0.629357375,NA
ZNF525,164.0502668,0.014448408,0.076394459,0.629576701,NA
MAZ,6895.956959,-0.018637756,0.047980648,0.629655774,0.778455597
SRCIN1,55.29997989,-0.011758711,0.078386278,0.629876851,NA
HERC2P3,49.80093814,0.009658493,0.07959219,0.629992918,NA
STOML2,1356.264756,0.019441853,0.051743186,0.63008588,0.778892416
NUP35,128.2788041,0.012988031,0.077642055,0.630218156,NA
NCEH1,9462.980747,-0.02084997,0.060133659,0.630241038,0.778989288
SLC29A4,45.82076268,-0.009619806,0.07952066,0.630411721,NA
CD40,2426.918075,0.020790942,0.051109983,0.630550448,0.779228841
VPS33A,1365.125378,0.019840543,0.056971139,0.630588481,0.779228841
TCAF2,57.64146666,-0.011751295,0.078403299,0.630644296,NA
NPIPB5,4182.955392,0.019570944,0.052056016,0.630773323,0.779362313
PNPLA3,315.768339,-0.018156094,0.069990557,0.631085308,0.779652828
IL1RN,5722.538733,0.013783862,0.054831032,0.631252018,0.779763818
PLLP,177.8098701,0.018414609,0.070849469,0.631360841,NA
HIPK1,2751.085934,-0.017567565,0.042938163,0.631422546,0.779879496
GGT5,17.28918195,-0.006376352,0.080666419,0.631501827,NA
POSTN,19.998399,-0.005895002,0.08076701,0.631541821,NA
PCDHA9,25.84009571,0.008522596,0.08001255,0.631595886,NA
CIAO1,3092.721836,-0.017370631,0.04286039,0.631622056,0.779910417
EIF3F,3077.231659,0.019139566,0.050097826,0.631738454,0.779910417
TRIM21,1768.511554,0.019599645,0.059009726,0.631887281,0.779910417
IRGQ,823.9132712,-0.020282517,0.053266518,0.631934188,0.779910417
MAX,2975.67146,-0.01999385,0.058845041,0.631953475,0.779910417
DEPDC1B,287.6818177,0.018612285,0.067881483,0.631975739,0.779910417
BLM,314.1065562,0.017852797,0.071428344,0.632035772,0.779910417
CCDC77,301.4722055,-0.015471039,0.074873806,0.632101939,0.779910417
TSPAN31,707.4241061,0.019716561,0.055282648,0.632145159,0.779910417
IGF2BP3,1954.067293,0.019691297,0.061388661,0.632216419,0.779910417
LINC01881,16.32887926,0.007692159,0.08030099,0.632274405,NA
MRPL44,1056.381784,-0.019149355,0.051539064,0.632430562,0.780079721
SERPINI1,124.8248988,0.016105621,0.074105908,0.632564772,NA
SYT17,525.1541333,-0.019691985,0.060340519,0.632646491,0.780172082
ADISSP,925.499974,-0.019290829,0.059341049,0.632659262,0.780172082
PDHX,1196.816769,-0.020070362,0.054505956,0.632768601,0.780212069
ZNF75D,427.8137349,-0.01890416,0.066775564,0.633303878,0.780777168
C1QTNF4,7.256044503,-0.004388777,0.081077508,0.633366444,NA
AREG,12.70419046,-0.005950998,0.08076882,0.633471386,NA
RRAGC,2194.274131,0.019129251,0.051598296,0.633485688,0.780906407
VRK3,844.2063866,-0.019646371,0.058204779,0.633564172,0.780908258
TNFRSF10B,2734.604249,0.017761476,0.044375167,0.633655246,0.780925625
VEZF1,1168.856736,0.018984093,0.05126096,0.633734475,0.780928391
ZNF551,168.9972172,0.012619821,0.077053906,0.633859301,NA
RGPD3,27.19864689,-0.009228747,0.079669119,0.633880849,NA
FBXO25,566.473832,0.017578898,0.071291459,0.63395147,0.781039077
DDA1,1724.055963,0.019494761,0.054926342,0.633978288,0.781039077
TSSK5P,32.66033412,-0.009835385,0.079342081,0.634007871,NA
RALGAPA1P1,11.1885093,0.006017726,0.080759531,0.634081026,NA
OST4,1832.42982,0.018853281,0.050296484,0.634113963,0.781111358
IGFBP3,42.17312999,-0.010769095,0.078935293,0.634159281,NA
BAMBI,46.36740021,-0.011199308,0.078621754,0.634168536,NA
SAXO1,12.38495456,0.006254771,0.08069822,0.634316864,NA
YRDC,369.3461441,0.018229163,0.069472531,0.634317662,0.781198551
MAP4K5,760.1954837,0.018729858,0.06419672,0.634338768,0.781198551
ASAP2,35.73697294,-0.005524115,0.080828422,0.634374031,NA
HSPBAP1,622.0698563,0.020971172,0.062698401,0.634428786,0.781214567
SCN7A,25.51338563,-0.007459954,0.080304272,0.634447043,NA
CHRNA7,60.88668314,-0.010237075,0.079169265,0.634500526,NA
CLMP,39.87769047,-0.008006249,0.080131259,0.634504785,NA
CDC42EP1,343.3527883,-0.01829258,0.068933697,0.634678656,0.781378236
VPS41,2736.781223,0.018678176,0.057399227,0.634715759,0.781378236
MFSD2B,13.83831677,0.005666818,0.08082248,0.634910943,NA
OR2T33,9.527959042,0.006078259,0.080734601,0.634937401,NA
C7orf50,1485.891375,-0.019189558,0.052988648,0.634965098,0.781557457
TTPA,9.71069453,-0.00481587,0.081012296,0.635010313,NA
C14orf93,237.1042346,0.017917457,0.071106748,0.635015434,0.781557457
SLC4A10,20.79375858,-0.006262991,0.080640077,0.635117142,NA
BLTP3A,2831.660242,-0.017965026,0.04568015,0.635143351,0.78162006
MACO1,870.8597269,0.019554071,0.057259837,0.635242271,0.781646968
PATE4,10.61641309,0.005546183,0.080863241,0.635491944,NA
WNT5A,2069.848079,0.019483961,0.069460866,0.635587848,0.78188474
COL6A3,375.8430869,-0.01738962,0.071629892,0.635681121,0.78188474
GTF2H2C,310.2002185,-0.016917048,0.072252554,0.63569804,0.78188474
RAD54L2,1088.059509,0.018196744,0.068005016,0.635743822,0.78188474
ALDH1A1,583.9597844,0.018086359,0.069322287,0.635893353,0.781973836
FUT9,6.98510359,0.004541752,0.0810489,0.636192535,NA
PCDHB1,65.06146005,0.012611804,0.077651465,0.636209463,NA
TOE1,300.955116,0.018615504,0.067652387,0.636243406,0.782277165
EPB41,1172.799729,-0.019109211,0.051851652,0.636294252,0.782277165
YAE1,150.3390477,0.017040421,0.072117831,0.636523663,NA
TPD52L1,228.3015635,-0.016901735,0.072127761,0.636696792,0.782677201
DDRGK1,2177.404661,0.018856928,0.051000007,0.636861889,0.78278529
FAM86EP,8.202595753,-0.004987367,0.080947712,0.636862394,NA
GLB1L3,34.8941261,-0.009854547,0.079409987,0.636916566,NA
CENPNP1,8.333150659,-0.00563714,0.080807622,0.636939638,NA
DAB2,14130.07968,0.013533253,0.033687276,0.63711752,0.782957335
PI4KAP1,241.9646899,-0.018321665,0.068868411,0.63717234,0.782957335
ZNF223,165.2135161,0.015096074,0.075209722,0.637198788,NA
GABARAP,8607.610665,0.017224345,0.043948248,0.637233415,0.782957335
CCDC103,84.15569593,-0.010013497,0.079109452,0.63735233,NA
ITIH5,32.35143533,0.010123013,0.0792233,0.637393074,NA
USP36,1720.187058,-0.01919666,0.054474203,0.637486581,0.783173535
SLC30A3,62.30301157,0.010990092,0.078721609,0.637812596,NA
FUT7,50.47480523,0.010846732,0.078621576,0.637999744,NA
ELOA,2201.952733,0.017702818,0.048171119,0.638025437,0.78355251
ST6GALNAC2,29.59925472,-0.006891912,0.080455934,0.638029357,NA
PAXIP1,400.481819,0.017457737,0.069170187,0.638033924,0.78355251
TMEM114,5.944126331,0.003911883,0.081154338,0.638081067,NA
GNPAT,1167.330602,0.018902366,0.052456936,0.638124538,0.78355251
ZNF700,330.5887061,0.017999089,0.069904647,0.638170013,0.78355251
STARD8,994.0058241,-0.018359159,0.055492492,0.638181273,0.78355251
CREG1,8601.474154,0.017113025,0.043014727,0.638268759,0.783565084
CAMTA1,528.7831303,0.01877583,0.065023326,0.638462401,0.783707961
GALR1,18.56227537,-0.007193977,0.080362053,0.638562003,NA
FGGY,206.1676482,0.0114284,0.078440461,0.638575196,0.783751578
EFCAB11,230.7161796,-0.016751433,0.072145932,0.638931244,0.784024532
MKLN1,1344.977928,0.018815833,0.065302096,0.638952685,0.784024532
ISG15,6043.326552,0.013484144,0.076860898,0.639029458,0.784024532
INAVA,46.34722694,-0.008967552,0.07967863,0.639165509,NA
PNISR,2913.823827,0.017141357,0.042932888,0.63936378,0.784339846
ARFGEF2,2904.566001,0.022456864,0.062147226,0.639568436,0.784496036
ABHD1,15.24793265,0.00661891,0.080541009,0.640102224,NA
AMER2,12.54133171,0.0062296,0.080665387,0.640115582,NA
NEK5,26.99821899,-0.008623514,0.079824843,0.640168054,NA
TMEM255B,281.6580637,0.018406717,0.068253514,0.640316734,0.78531894
EFCAB12,55.91032112,-0.010014707,0.079222648,0.640324506,NA
ZNF205,416.4900692,-0.01888944,0.064295314,0.640404998,0.785332241
ITPRIP,2189.07637,0.019162248,0.053545627,0.640508055,0.785363679
CATIP,53.27192718,0.011946672,0.078022419,0.641051784,NA
SOCS2,222.3832042,-0.016354498,0.073053049,0.641055107,0.78588517
HERPUD2,1311.347003,0.01887117,0.053371521,0.641088307,0.78588517
ZDHHC14,180.4630693,0.015184296,0.074733887,0.641223324,NA
C19orf12,1041.0018,-0.017656854,0.056874173,0.641256466,0.785996326
KLF2P4,37.7854962,-0.010405733,0.078937012,0.641266235,NA
DOCK1,1583.980187,-0.018622642,0.051996537,0.641386945,0.786061274
S100A2,48.88432446,-0.010489362,0.078882501,0.64139649,NA
CALCR,33.3982763,0.008982423,0.079685842,0.641460294,NA
DOK6,8.819050373,0.003544468,0.08119147,0.641639075,NA
TMEM225B,9.154664235,-0.004662669,0.080983698,0.6417046,NA
TP73,33.92208364,-0.009514568,0.079403831,0.641798839,NA
PHEX,7.903861752,-0.004566494,0.081000224,0.641809146,NA
PSD3,1367.814779,0.019946376,0.062929186,0.641829431,0.786415301
SEC31A,3545.093476,0.01831607,0.048246586,0.641830863,0.786415301
TMEM156,188.6726015,0.014298272,0.075874333,0.641987444,NA
PPM1B,2128.271478,0.018499181,0.050422086,0.642052819,0.786592246
PPP2R2A,1168.371258,-0.018654549,0.052158531,0.642146464,0.786611971
PIGL,258.0347178,-0.017468777,0.070148564,0.642353723,0.786767402
F13A1,170.8097853,0.011871076,0.078064746,0.642367415,NA
NMNAT1,598.3319707,0.01862988,0.06385049,0.642508082,0.786767402
NIBAN1,6201.329895,0.01847419,0.049155189,0.642544261,0.786767402
APOC1,33349.86486,0.01840361,0.049896169,0.642583589,0.786767402
ZBTB39,385.6905403,-0.018574042,0.067757928,0.64275482,0.786882077
RP1L1,28.21679846,-0.008949116,0.079652355,0.642843,NA
CEMIP2,2181.971479,-0.019001838,0.060689452,0.642934276,0.787006793
TRUB2,976.9949527,-0.019003877,0.057705733,0.643107931,0.787124379
CCDC169,75.03780829,0.011597375,0.078152586,0.643139506,NA
ERCC6,723.1297241,-0.020314834,0.066905697,0.643280394,0.787179306
CYBRD1,1499.638003,0.017894462,0.047312089,0.643308009,0.787179306
ZNF165,35.16317799,-0.009414007,0.079343623,0.643466531,NA
TRGV4,8.233773626,-0.005055021,0.080906883,0.643578713,NA
FBXW12,48.99852971,0.011084796,0.078516282,0.643895731,NA
GPLD1,52.51839919,-0.009017793,0.079553532,0.643952304,NA
ACBD7,33.47453247,0.008908228,0.079692366,0.64406987,NA
ANKRD33B,176.3043136,0.015519559,0.074021839,0.64407916,NA
KCNN1,58.78377642,-0.008045161,0.079999506,0.644356226,NA
C17orf67,41.12428549,-0.009482488,0.079296704,0.644570886,NA
AKAP1,1042.5158,-0.01838634,0.063222983,0.64458767,0.788650021
ANGPTL4,16.02028439,-0.005472035,0.080804405,0.644660532,NA
COQ5,654.4418442,0.019313328,0.061154393,0.644687819,0.788677428
PRKAG3,39.6572785,-0.008534283,0.079768837,0.644893298,NA
GUSBP1,11.90068741,-0.004430654,0.081034602,0.645002578,NA
RCC1L,2367.955773,-0.017489736,0.043073775,0.645031571,0.789002804
KPNA1,2220.041674,0.017497403,0.049963524,0.645150669,0.789053339
BEND3P1,8.074422645,0.004717259,0.080978156,0.645185331,NA
TRIR,5419.880636,-0.015554042,0.038499171,0.64529255,0.789070803
TATDN3,567.6538241,-0.01772818,0.068050022,0.645320523,0.789070803
H2BC26,33.45013969,-0.00724439,0.080244228,0.645521735,NA
TAS2R20,21.35590155,-0.008362954,0.079875332,0.645532766,NA
LAMC3,7.169691908,0.004620986,0.081001011,0.645640616,NA
YAF2,345.812014,-0.016777453,0.070723152,0.645654248,0.789383716
NOTCH2NLA,489.8267388,-0.017255376,0.070069005,0.646354262,0.790144328
DCAF11,2601.426784,-0.020117101,0.058359935,0.646450462,0.790166706
VSIG4,15363.59466,-0.018169783,0.0526624,0.646543819,0.790185603
ATRAID,1832.954132,-0.018482716,0.052956422,0.646637583,0.790204993
MOB2,758.7933867,-0.01875995,0.055495204,0.64688412,0.790336045
RBM5,3406.553901,-0.016921062,0.043939458,0.646932727,0.790336045
LONRF1,278.8720428,0.015657414,0.073712535,0.646978561,0.790336045
CTNNA1,8041.506383,0.014087928,0.045870053,0.647173466,0.790478945
ETV3,1020.480157,-0.018371488,0.052910479,0.647286763,0.790522144
ZNF569,131.0622698,0.012052172,0.077710542,0.647529206,NA
CDC37L1,317.7098983,0.017392631,0.066520325,0.647575821,0.79077996
MAGIX,59.10727048,0.011006006,0.078446979,0.647612765,NA
GLUD2,17.51811592,0.007544651,0.080199229,0.647646985,NA
CNTLN,432.8537874,0.019162248,0.061210037,0.647661367,0.790789229
C1orf131,362.5269566,0.018067174,0.064659893,0.647777413,0.790835729
CD300LB,82.47766801,0.013603345,0.076302517,0.647835224,NA
NMB,461.5400059,-0.018881313,0.061727242,0.647927989,0.790924371
CCDC138,49.37058214,-0.011510328,0.077944874,0.647961186,NA
TOB2P1,16.2685923,0.007385622,0.080243442,0.648056941,NA
DNAJA4,195.0871451,0.015250887,0.07397386,0.648103628,NA
NT5DC4,12.01588749,-0.004931319,0.080899284,0.648248464,NA
ZNF512,678.7151557,-0.018081352,0.066996651,0.648287388,0.791132494
BRWD3,669.2463694,0.018401423,0.063914298,0.648302241,0.791132494
ZNF154,154.7887026,-0.015404973,0.073712513,0.648336677,NA
HRH2,396.3159115,-0.017101965,0.067795549,0.648371666,0.791132494
PCDHA10,77.50232202,-0.01216251,0.077514239,0.648375472,NA
PRKRIP1,997.6898462,0.018336864,0.052301051,0.648424778,0.791132494
ZNF544,414.7751842,0.016833499,0.070106424,0.648508758,0.791132494
METTL22,488.1242438,0.01859242,0.060523879,0.648627473,0.791132494
SPATS2,493.208897,-0.016895857,0.067995701,0.648644416,0.791132494
PER2,274.3622981,0.017369887,0.069477513,0.648937624,0.791394958
TMED9,7705.067752,0.017805695,0.044786601,0.649416421,0.791883661
DOCK9,23.00814963,0.004026885,0.081091981,0.649430476,NA
LEAP2,15.3653785,-0.006575473,0.080464958,0.649479713,NA
TRIM49D1,25.62555173,0.007946364,0.08001332,0.649636965,NA
UBE2M,3203.154004,0.017053368,0.044885049,0.649675923,0.792104876
MKS1,427.537541,-0.01854759,0.063820495,0.649813328,0.79217719
MAP6D1,58.88754909,-0.011468321,0.077925736,0.649820538,NA
TRMT10B,237.1024795,0.016820108,0.071798561,0.650149946,0.792492315
C2orf92,123.8246397,-0.015291383,0.076585123,0.65023293,NA
TRPV3,22.94179638,-0.007789722,0.080024745,0.650523764,NA
GPRC5C,24.89425585,0.007639021,0.080123093,0.650600451,NA
TXK,31.54893678,0.009418433,0.079351604,0.650775212,NA
SLC47A1,144.5231169,-0.013048799,0.076565536,0.650776183,NA
MRPL2,751.9117898,0.019162214,0.055787977,0.650871016,0.793210784
RPSA,10756.59222,-0.01607093,0.040984905,0.650997937,0.793210784
ABCA8,11.39816307,0.005092664,0.080868599,0.651026586,NA
HEATR5A,1079.063006,-0.017474742,0.068509926,0.651034479,0.793210784
SLC35B2,1325.34757,-0.017481656,0.047203106,0.651052148,0.793210784
GSTT2,11.07027821,0.003678341,0.081153132,0.651296349,NA
PPP1R14B,2043.119745,0.018433177,0.054138608,0.651364948,0.793496581
USP50,24.73279319,0.006724944,0.080403971,0.651681838,NA
RIT1,1481.924103,-0.018566395,0.049274705,0.651790945,0.793920191
GALNT5,13.54361201,0.006483471,0.080505992,0.651832971,NA
PHIP,2300.083983,0.018409729,0.063220766,0.651897399,0.793954522
FILIP1,18.74463445,0.007610194,0.080113963,0.651918332,NA
DAD1,2755.373639,0.018429988,0.054719686,0.651981728,0.793961902
DOHH,579.4025733,-0.017720761,0.063868113,0.652071861,0.793976348
GAPDHP35,10.09550546,-0.004805894,0.08092892,0.652151952,NA
NDFIP2,689.3636196,0.017596337,0.067292181,0.652241009,0.794052821
ETFRF1,267.4218156,0.01644043,0.071451665,0.652291223,0.794052821
ZNF799,65.60173126,0.01147825,0.07813676,0.65242391,NA
CEP126,16.52203271,0.006175512,0.080561265,0.652428845,NA
PCDHB2,235.1232522,-0.015025794,0.073933553,0.652499049,0.794108285
RDH11,3359.462085,0.017628642,0.047780571,0.652504063,0.794108285
PNMA2,36.30214373,-0.008093129,0.07984897,0.652571492,NA
SELENOH,1822.538614,0.018805084,0.054765838,0.652585817,0.794108285
PAPPA,14.40574619,0.005845357,0.080681931,0.652616087,NA
MTMR4,981.8206716,-0.018979078,0.059407837,0.652649919,0.794108285
OR2V1,44.25983637,0.010333241,0.078747648,0.65287104,NA
TUSC3,19.24066968,-0.007217984,0.080213413,0.65293338,NA
GMFB,2560.320972,0.018376201,0.060172305,0.653029148,0.794474416
GPR156,20.81418302,-0.007746893,0.079994618,0.653111484,NA
WLS,512.5895192,-0.017912779,0.065678657,0.653198476,0.794556243
GON4L,1104.001281,-0.018176657,0.053516482,0.653253062,0.794556243
PLS3,77.37622119,0.007674959,0.08004956,0.653526845,NA
SOD2,20289.67174,0.014667194,0.054606582,0.653606294,0.794748425
NMRAL1,711.824876,0.018971257,0.055737428,0.653633316,0.794748425
CCDC71,685.3242943,-0.018240712,0.054162463,0.653646107,0.794748425
GPR146,139.0450372,-0.014395619,0.074749819,0.653732235,NA
GPD2,2777.285295,0.020145789,0.063175359,0.653738664,0.7947657
ADCK2,1430.260646,0.0182122,0.052969241,0.653842596,0.794796799
SLC7A5P1,21.74783072,0.007081666,0.080267327,0.653877528,NA
JPH3,7.632371126,-0.004922016,0.080887494,0.653903352,NA
EMILIN1,155.6558434,-0.01621282,0.071497705,0.653995373,NA
NHLRC3,2080.392582,0.018089176,0.051266889,0.654112332,0.795029415
N4BP3,26.23636269,0.007489879,0.080119237,0.654130186,NA
DIPK1B,99.19540641,0.013525974,0.075994472,0.654172476,NA
CXCL10,362.9952571,0.00670241,0.080292886,0.654386573,0.795267449
ZNF202,219.1673797,0.016104942,0.072124202,0.654591776,0.795421535
ERVMER34-1,34.54180209,0.009241653,0.079349947,0.654624113,NA
RECK,361.5233495,0.018020746,0.064430133,0.654877757,0.795602996
CNPY2,1760.861291,0.018066283,0.05310829,0.654897971,0.795602996
UFD1,1552.160447,-0.018586004,0.050029114,0.654996553,0.795627473
C17orf100,21.6586427,-0.007878741,0.079933113,0.655166727,NA
SHLD3,30.64404423,0.008805059,0.079525064,0.655346057,NA
VASH2,18.1807849,-0.00680272,0.080349122,0.655348194,NA
IL27,8.480567042,0.004940276,0.080885839,0.655355092,NA
OR7C1,99.58799562,0.012710032,0.076798978,0.655374153,NA
LYZ,30983.9479,0.013444753,0.055757064,0.655446169,0.796078297
CBX2,40.12655698,-0.008565458,0.079604054,0.65556551,NA
EEF1DP2,8.240896349,0.005037231,0.080872097,0.655692159,NA
IDH3B,2295.16235,-0.014453745,0.041779613,0.655829632,0.796387709
PTCD1,529.5552523,0.017718975,0.066330013,0.655891265,0.796387709
ZBTB21,1089.382157,0.018238644,0.060529058,0.655936446,0.796387709
MTERF2,157.4962179,-0.012289207,0.076984954,0.65608246,NA
JAGN1,734.5638543,0.018287816,0.060013832,0.656352768,0.796797808
BCDIN3D,186.5683019,-0.015614959,0.072472334,0.656382761,NA
ZNF557,278.7895095,-0.017621412,0.065202996,0.65668524,0.797106028
C1QTNF12,17.27271873,-0.007005766,0.080236095,0.656782601,NA
ERMP1,1902.534156,-0.017621818,0.059713492,0.65684795,0.797175128
VPS13D,2175.25307,-0.01797984,0.054311814,0.656899339,0.797175128
LIPE,45.1337117,-0.009297576,0.079188151,0.657265615,NA
SEMA4F,162.6030333,0.010720052,0.078532395,0.657308143,NA
MRPS17P1,15.1085179,-0.006697716,0.080361524,0.657329887,NA
MRGBP,506.8667089,-0.017692699,0.059203898,0.65753992,0.797709853
TERF2IP,2031.69939,0.01640287,0.04441123,0.657556669,0.797709853
NID1,9.328881666,-0.005426993,0.080739722,0.657569562,NA
CEP250,1881.832674,-0.018203412,0.060115563,0.657608042,0.797709853
MFSD8,596.8784194,0.017973752,0.064381877,0.657725604,0.797709853
PITHD1,1180.800854,0.018058407,0.054156695,0.657733164,0.797709853
CRYZL2P,69.93620267,0.011820005,0.077505982,0.65777237,NA
SATB2,176.5186479,-0.015103906,0.073321615,0.657791111,NA
MAP1LC3C,22.27926784,-0.007697192,0.079911191,0.658032492,NA
TIRAP,537.6737262,-0.01813415,0.061655638,0.658099221,0.7980507
TEX35,21.19566133,-0.007329722,0.080118404,0.658152824,NA
LILRB1,1461.153096,0.018173522,0.055927604,0.658196181,0.7980507
CFB,246.7206854,-0.017091284,0.068933251,0.658255543,0.7980507
DOK4,41.52713423,0.008083483,0.079790359,0.658371045,NA
DNAL4,280.776049,-0.016923948,0.068190488,0.658378178,0.7980507
DXO,308.1091507,0.017463809,0.067209305,0.658407562,0.7980507
FAM151A,45.94686666,-0.010722033,0.078266132,0.658474495,NA
MINDY4,18.60754145,-0.007204459,0.080150726,0.658580978,NA
BLNK,1478.450447,-0.01820052,0.053786713,0.65864025,0.79823736
ZFYVE21,919.3096366,0.017297552,0.053662365,0.658802815,0.798338998
HLA-J,9.401395137,0.005540683,0.080741624,0.658816184,NA
RNF32,50.68507258,-0.010197742,0.078618367,0.658851712,NA
FYB2,8.618504286,0.005085533,0.080840801,0.658896786,NA
MARS2,391.7615929,-0.018026928,0.063004392,0.658941356,0.798340689
POLR3H,1115.208192,0.018147537,0.060819843,0.658961612,0.798340689
HSPB6,7.701498386,0.004888613,0.080879516,0.659080431,NA
RHOQ,3960.237752,-0.017007114,0.04962035,0.659124355,0.798442495
RET,17.56340626,0.006126321,0.080529474,0.659302123,NA
LENG9,141.4470653,-0.013981807,0.075095938,0.659328154,NA
RALBP1,3623.666703,0.016984075,0.046412626,0.659337849,0.798522626
EIF4B,10666.87369,-0.016351316,0.044084683,0.659371773,0.798522626
MAGI1,544.3600165,-0.016603154,0.068925093,0.65942666,0.798522626
LY86,1858.621196,0.018810767,0.05054079,0.659621662,0.798663421
HILPDA,200.931011,-0.016441806,0.070167295,0.659874762,NA
TNFSF4,29.75878836,0.008939536,0.079409908,0.659887411,NA
PERPP2,19.12625546,0.007250247,0.080164025,0.659953517,NA
TAS2R4,18.10262717,0.007092835,0.080218233,0.660004228,NA
CMTR1,2356.895083,-0.01788227,0.056005202,0.660007982,0.7990358
MEIS3P2,10.88330362,-0.005710577,0.080634165,0.66005916,NA
EPB41L2,9033.380836,0.016620996,0.047448826,0.660192782,0.79916415
CLK1,1773.333636,-0.016301933,0.070098695,0.66043195,0.799291267
MAPK8IP1,81.51821061,-0.011217431,0.07781816,0.660466756,NA
LAIR1,13473.17437,-0.014983139,0.038987707,0.660512374,0.799291267
SIGMAR1,2132.28781,-0.017044805,0.048037933,0.660534177,0.799291267
UGT8,8.016522962,0.004685502,0.080930044,0.660575635,NA
CCDC180,46.86074771,-0.008570149,0.079568157,0.660694532,NA
FCAR,26.68574914,0.007322504,0.08011982,0.660761609,NA
LPIN2,2842.572881,0.017213485,0.048917701,0.660771747,0.799483373
TNFAIP8L2,1307.20771,-0.017033737,0.048162438,0.660919498,0.799566773
CDH6,14.23879033,-0.006101085,0.080530032,0.660967042,NA
P2RY10,119.7450497,-0.014726041,0.073676788,0.661124578,NA
INIP,897.6874385,-0.016183812,0.070611781,0.661179381,0.799675764
PSMB9,1014.718561,0.017296967,0.066860546,0.661233543,0.799675764
TMCO3,1926.457027,-0.017055182,0.048292631,0.661246087,0.799675764
CFAP221,22.40635303,-0.006643218,0.08029993,0.661368484,NA
SPRYD4,434.9286502,-0.018086344,0.064984453,0.661655517,0.800075524
DUSP8P5,97.85832361,-0.012246243,0.076844899,0.661757794,NA
SCUBE1,17.40420572,-0.004082546,0.081008271,0.661837908,NA
HSPA12A,86.5083381,-0.011941885,0.077032192,0.6620239,NA
JAM3,9.518335858,-0.004571501,0.080915686,0.662173741,NA
CSMD1,9.39347721,-0.004298617,0.080960355,0.662354844,NA
LECT2,8.764099703,0.005129656,0.080806159,0.662493815,NA
PRRG2,13.67782027,-0.005724757,0.080616276,0.662527412,NA
ANKRD60,9.793960955,-0.005153008,0.08077877,0.662536751,NA
GOLGA7B,753.5728527,0.017868741,0.062231797,0.662541022,0.80097118
STRN3,559.2279416,0.016000493,0.070893511,0.662554138,0.80097118
RAB33B,294.9503229,-0.015532423,0.07161906,0.662759007,0.801123376
DLEC1,32.0378737,0.006632261,0.080285735,0.662811955,NA
KANK2,333.1093299,0.014970524,0.073250137,0.662846979,0.80113425
TMEM245,2036.493579,0.01591464,0.048227321,0.662991999,0.801214062
ZNF613,142.9147476,0.013328252,0.07561164,0.663147097,NA
COMMD3,954.9837661,0.017869043,0.055075686,0.663330194,0.801472842
RASGRP1,294.7761936,0.017518904,0.065276074,0.663364155,0.801472842
FA2H,49.40481154,-0.008344512,0.078205165,0.663453366,NA
RPS5,7209.70857,0.016798129,0.056129234,0.663554633,0.801607503
YAP1,94.25068753,-0.013000961,0.075945373,0.663587076,NA
ANGPTL2,42.29439736,-0.006847374,0.080216081,0.663945078,NA
KLHL20,564.2899484,-0.017913804,0.060548468,0.66395846,0.80188277
EXOSC7,965.9923816,0.017891741,0.059196231,0.664025042,0.80188277
SOCS7,654.5390441,0.018086725,0.06185649,0.664082506,0.80188277
ZBTB9,434.7018793,-0.017287132,0.066323479,0.664098694,0.80188277
TP53BP1,1272.960851,-0.016963299,0.068072264,0.664189676,0.801897176
DHTKD1,736.7766549,0.017934772,0.060744842,0.664334938,0.801977105
DHRS12,164.967438,0.014658218,0.073589692,0.664527351,NA
BANK1,15.04612012,0.005384664,0.080727128,0.664549909,NA
NDFIP1,3584.856595,-0.017447254,0.049751048,0.664845395,0.802497821
SLC25A13,1104.036628,0.017841315,0.056844878,0.664995657,0.802583693
ONECUT1,26.015162,-0.007797553,0.079821788,0.665031535,NA
ZNF528,157.3605698,0.011647175,0.077236428,0.665259672,NA
SLC39A11,2187.130302,0.01705806,0.046541929,0.665315127,0.802821918
SLC6A7,426.1682324,-0.018034465,0.063671715,0.665406586,0.802821918
ABHD12B,38.25226218,0.009764443,0.07881015,0.66542068,NA
DEF6,1763.894588,0.017215115,0.050842415,0.665438071,0.802821918
IMPA2,183.3933518,0.015583424,0.072215267,0.665441661,NA
GPR155,641.0706134,-0.01499443,0.072700241,0.665565402,0.802821918
POLG,2224.193307,-0.018855745,0.059679646,0.665588755,0.802821918
RNF220,2888.192782,-0.016240797,0.045928034,0.665900181,0.803102061
CFAP74,23.20546219,-0.007747388,0.079813044,0.665983137,NA
PRPS1P2,20.67528257,-0.007003185,0.08014843,0.666040708,NA
PRPF38B,2686.164798,0.017056765,0.049887621,0.666187266,0.803175786
TENT5A,1047.403843,-0.018070538,0.065985253,0.66627599,0.803175786
GFPT1,2351.229618,0.01735637,0.052973602,0.666310928,0.803175786
JAZF1,467.4924492,0.017400453,0.063726388,0.666349029,0.803175786
PEX7,149.0577092,-0.014495792,0.073378388,0.666406263,NA
RHOG,3431.608681,-0.016931156,0.048762389,0.666414021,0.803175786
CCNT2,964.3245688,0.017628639,0.061611497,0.666449351,0.803175786
MVB12B,104.1593982,-0.012673663,0.07670925,0.666489848,NA
MGAT4A,3333.823444,0.017787141,0.059863796,0.666573562,0.803175786
HNF4A,28.9007967,-0.007375883,0.079998206,0.666730439,NA
FAF1,729.9748917,0.016750979,0.067702731,0.666782473,0.803175786
CHST15,2571.681529,0.017753924,0.058939665,0.666808095,0.803175786
SRPRA,4237.176298,-0.016777732,0.044931482,0.666863199,0.803175786
CAVIN3,15.96464673,-0.006104651,0.080458864,0.666909751,NA
BCAN,93.32871416,0.011807196,0.077134624,0.66692206,NA
NFKBIZ,831.6274917,0.014827944,0.069389508,0.66697504,0.803175786
OXSM,204.5794779,0.016135841,0.070083236,0.66699134,0.803175786
GABRB2,54.97953322,-0.011036977,0.0776482,0.667022251,NA
NT5C,671.2831312,-0.017707053,0.056699792,0.667025411,0.803175786
TRIM13,874.8991166,-0.015965687,0.059049252,0.667069795,0.803175786
DAPK3,1210.017355,-0.01730244,0.052391179,0.667220997,0.803262496
ENAH,100.3354245,-0.012719508,0.076020946,0.667360436,NA
APRT,1357.610784,0.018227507,0.054014987,0.667407397,0.803391556
TNS3,20620.29509,-0.016496952,0.046367182,0.667782349,0.803747526
ADAMTSL1,12.91709917,0.003266078,0.081154849,0.667816522,NA
TMEM208,857.0207206,-0.016365995,0.055017856,0.667866583,0.803753543
MUC5B,14.8453358,0.002802205,0.081212431,0.667896416,NA
DYNC2H1,224.9762994,-0.011867213,0.07702546,0.668261731,0.804133689
SPAG16,102.0486917,0.012596866,0.076179201,0.668504199,NA
GRIK1,16.14125854,0.005496816,0.080667772,0.66856268,NA
EMC4,1373.598087,0.017101158,0.051075826,0.668581119,0.804422591
UPF3AP3,13.7488392,-0.00588053,0.080529317,0.668630233,NA
CHRNB4,15.15560126,0.006185433,0.080453558,0.668926277,NA
PPP1R36,12.19325246,0.005546724,0.080644685,0.669234714,NA
CDHR5,9.769952383,0.003715608,0.081075698,0.669305973,NA
KLKB1,17.24577817,-0.005481817,0.080624463,0.669322963,NA
ZNF595,45.09467296,0.009405006,0.07891623,0.669442649,NA
ZBTB46,676.8281198,-0.014619788,0.066404356,0.669456955,0.805343025
HMGA1,13214.32514,-0.016433336,0.046944972,0.669504902,0.805343025
MARK2P17,9.652841245,0.004956658,0.080804158,0.669641553,NA
ZNF486,124.1613477,0.011962308,0.076742884,0.669663711,NA
UQCC4,185.8886442,0.015766853,0.070686954,0.669994549,NA
NPIPA1,1599.05123,-0.017660783,0.059381036,0.670042932,0.805722516
SPG11,2459.450909,-0.017752051,0.056741771,0.670049449,0.805722516
PSMB2,3202.585,0.0230203,0.057641473,0.67005867,0.805722516
TRO,13.52249857,-0.005360154,0.080664088,0.670063648,NA
CLDN18,34.6883311,0.008585827,0.079386214,0.670294844,NA
LRRC19,16.85421921,0.005470353,0.080663874,0.670606111,NA
MRPL12,1401.567019,0.017946401,0.047818156,0.670643129,0.806329727
C16orf96,19.1586188,0.006556231,0.08031605,0.670743193,NA
SMIM1,15.70590476,0.006610476,0.080287987,0.670883893,NA
MAML3,440.0444111,-0.016539263,0.067546406,0.670972797,0.806630487
USP6,80.34599638,-0.012759285,0.075794716,0.671019189,NA
C1orf162,796.6709556,0.017404454,0.054437995,0.671181211,0.806785425
RUNX1,2279.309683,-0.018226955,0.062117906,0.671401826,0.806868733
HSPBP1,863.8884446,-0.01628546,0.059007224,0.671515322,0.806868733
ORAI2,2209.309793,-0.016537428,0.067775591,0.671542431,0.806868733
OLR1,17711.54283,0.017753959,0.059611299,0.671579783,0.806868733
EFCAB2,305.8666135,0.015081588,0.071964226,0.671648223,0.806868733
PRH1,17.87337366,0.006097256,0.08046925,0.671851123,NA
VCX3B,6.926778027,0.001367645,0.081389165,0.671851354,NA
DIPK1A,108.0673066,0.012327257,0.076165259,0.67190026,NA
SLC22A1,29.1239294,-0.007734667,0.079715687,0.672195112,NA
GPC6,92.31310062,0.011485048,0.077216204,0.672198591,NA
GTF3C4,994.1063379,0.017409419,0.056069741,0.672270301,0.807520418
CCL5,788.3875405,0.015560669,0.068379641,0.672379104,0.807555486
CDYL2,131.6703338,0.011050383,0.077626639,0.672411482,NA
BLK,9.332523699,0.004258449,0.080974661,0.672441959,NA
RBM44,31.23067937,0.007078125,0.080060916,0.672678048,NA
ERGIC3,3454.716775,0.015352777,0.042793719,0.67276245,0.807913471
KCNT1,21.29257038,-0.005356426,0.080659835,0.672785728,NA
RPS9,20070.45618,0.014923468,0.040797528,0.672863454,0.807913471
DVL2,1201.167615,-0.017428345,0.060687298,0.672916099,0.807913471
TLE6,22.52401627,0.006987031,0.080109667,0.673019582,NA
NBPF26,499.6704468,0.017016296,0.064243377,0.673029434,0.807953915
SH2D2A,5.24172878,0.002854401,0.081229692,0.673092232,NA
ANKRD54,803.1375196,-0.01679435,0.053033439,0.673302711,0.808186333
GIN1,151.417195,0.012578786,0.076051416,0.673453922,NA
SV2A,9.001657982,-0.004369421,0.080923625,0.673521356,NA
PRRC1,2185.805074,-0.017877583,0.061361159,0.673577757,0.808343414
ZNF618,1859.875187,0.019757611,0.057532992,0.673616855,0.808343414
EXTL1,24.30069782,-0.006449599,0.080247437,0.673688336,NA
IPO4,825.748562,-0.016919362,0.056627264,0.673747728,0.808343414
HIVEP2,395.2353069,-0.014361802,0.073278803,0.673752323,0.808343414
ANO9,54.09035602,0.003654439,0.081094112,0.673900357,NA
DIS3,1407.797125,0.017304221,0.056214955,0.674310565,0.808843432
NIPAL3,843.7164894,0.017192901,0.056295634,0.674369434,0.808843432
LPAR1,485.1292991,0.016326105,0.067863083,0.674408295,0.808843432
CCR6,8.966769038,0.001719615,0.081359998,0.674684383,NA
MTND1P23,140.4836437,0.013366541,0.074993393,0.674907295,NA
TYRO3,86.60387116,-0.009925619,0.078283737,0.675011196,NA
RACGAP1,1228.112713,0.017022074,0.053577503,0.675103279,0.80952491
MYO7A,1806.971132,0.021456564,0.061372693,0.675138061,0.80952491
CCDC39,138.4703182,-0.010335193,0.078087865,0.675155614,NA
TMEM88,9.864302712,-0.004151465,0.08099217,0.675226876,NA
MCOLN2,251.3187753,0.013842728,0.07406897,0.675328573,0.80952491
ZNF556,29.1953627,0.008225226,0.079442581,0.675407821,NA
PDS5B,1024.147423,0.013241193,0.070752885,0.675440529,0.80952491
RPE,1395.953192,0.017431972,0.052912293,0.675516639,0.80952491
POU2F3,7.259432624,0.003903539,0.081031532,0.675539323,NA
MSL2,896.5407571,-0.017197517,0.056639472,0.675549688,0.80952491
METTL16,914.1881006,-0.016654301,0.062309118,0.675568542,0.80952491
RUFY3,1079.1553,-0.016603548,0.066340375,0.675614933,0.80952491
HIF3A,31.12303912,0.008301658,0.079431999,0.675713535,NA
GOLGA6L22,18.8110524,-0.00628707,0.080263234,0.675716518,NA
NCOA6,1632.573468,0.01561896,0.044677513,0.675838127,0.8096967
FLNC,58.92391703,-0.010273067,0.078067843,0.675926964,NA
ZNF266,460.8329626,0.016794787,0.065303553,0.676063614,0.809747641
ERLIN2,1297.675616,-0.018053672,0.057634846,0.676065249,0.809747641
C11orf24,781.8454426,-0.017006179,0.058064764,0.676120122,0.809747641
INPP5A,200.2569786,-0.016537221,0.071600756,0.676180683,NA
PRPF38A,977.3641291,0.016968353,0.063323618,0.676330589,0.809904084
TMEM232,11.85297508,-0.004556405,0.080849273,0.676387831,NA
GOLGA8H,132.4962412,0.013406686,0.074813529,0.6764263,NA
STAG3L5P,11.33652857,-0.004923891,0.080769529,0.676506249,NA
ABCC9,33.53494788,0.008721363,0.079143255,0.676586143,NA
JAM2,28.04482374,-0.007775551,0.079647123,0.676610348,NA
NOX1,13.87928675,0.005297544,0.080663974,0.676661515,NA
GDAP2,542.1802737,-0.016124178,0.067913173,0.67685905,0.810441242
OR4E1,7.619220704,0.004252866,0.08096539,0.676892696,NA
ASAH2B,130.7666567,0.010431588,0.078068548,0.677010558,NA
KCNV1,24.40366152,0.007053394,0.079995761,0.677053208,NA
ZNF793,47.58770725,-0.00865756,0.079153603,0.677102317,NA
TRPC5OS,29.48372438,0.007260779,0.079911805,0.677336448,NA
COMMD1,533.7255883,0.016629469,0.064141333,0.677355611,0.810940083
SCN9A,741.6199385,0.01662328,0.063480734,0.677658229,0.811167142
RPL23AP64,11.62822038,0.005005267,0.080752952,0.677671759,NA
TPPP,14.21550428,-0.005410172,0.080625963,0.677695561,NA
ATP10D,816.9269136,0.015783937,0.061566337,0.677705198,0.811167142
TRIM4,765.6276452,-0.01724005,0.058962467,0.677922852,0.811247348
FKBP11,368.2201626,0.016366893,0.072244493,0.677932154,0.811247348
LRRC61,81.67465623,-0.01166833,0.076685914,0.677935701,NA
BAAT,67.49154784,-0.011340138,0.076985562,0.67794948,NA
LSS,2235.503789,-0.016689469,0.054640653,0.678033472,0.811272887
H2BC15,50.48510338,0.008825653,0.079055387,0.67814551,NA
TMEM43,2093.553731,0.01486275,0.041530323,0.678239579,0.811337498
MSANTD2,213.0001367,-0.016420752,0.070797998,0.678247435,0.811337498
H4C8,83.97665484,0.008995543,0.078829759,0.678277575,NA
SKIDA1,15.13024639,-0.005246828,0.080630106,0.678311197,NA
WFDC3,16.92630731,-0.006625029,0.080156593,0.678316066,NA
SYT15B,99.68367465,-0.012306133,0.075437562,0.678346847,NA
HTR3B,21.38776665,-0.006633626,0.080158636,0.678395627,NA
ZNF416,105.8726666,0.014203662,0.073810063,0.67844074,NA
SIRPB2,829.427739,0.016079153,0.063902082,0.678816496,0.811902946
NOB1,1016.069958,0.016555933,0.051108236,0.678880204,0.811902946
CLDN11,14.98709427,-0.005890725,0.080429829,0.67896309,NA
ADAR,13501.24189,0.019013318,0.047439608,0.679066926,0.81203052
ANGPT4,56.91801799,0.010067451,0.078177805,0.679125217,NA
KATNAL2,222.0545558,-0.014409997,0.072448027,0.679229715,0.812129447
MPPE1,568.4853833,0.017019959,0.058629523,0.679323498,0.812145853
SCAND2P,42.29021511,0.009584191,0.07856162,0.679331053,NA
PIERCE2,16.33271086,0.006421593,0.080245742,0.679657165,NA
HSP90AB1,19538.46701,0.018202491,0.051165834,0.679714963,0.812479194
POTEB3,23.06537451,-0.007102178,0.07991923,0.679717043,NA
NHSL2,76.41057432,0.008829905,0.079026979,0.679738336,NA
ADORA3,946.4970598,-0.017150079,0.061253997,0.679809112,0.812479194
PTCH2,108.1606689,0.01230227,0.075861748,0.679818948,NA
NDST1,5428.35238,-0.015412329,0.046127782,0.679890985,0.812479194
HTD2,207.0766378,0.012596071,0.075641952,0.679922701,0.812479194
MPP3,35.48421458,0.007487003,0.079762251,0.680013144,NA
POTEI,45.43758695,-0.008426985,0.079197649,0.680166124,NA
SYNE2,41.93533202,0.006793981,0.080099882,0.680227267,NA
CIDEB,31.23217371,-0.006571073,0.08012204,0.680369221,NA
ZNF322,559.7788897,0.016513482,0.063883574,0.680424964,0.812983609
CPSF6,1921.446422,-0.016907985,0.058867891,0.680516689,0.812997443
NCALD,36.08267512,0.007382431,0.07976599,0.680564439,NA
SMARCAL1,922.3803195,-0.016668053,0.055003073,0.680645945,0.8130513
MACROH2A2,165.8691752,0.014742641,0.07165817,0.680669722,NA
GLCCI1,355.9924072,-0.015299491,0.070023678,0.680835593,0.8130513
HSPA6,402.2114484,0.015752965,0.069095008,0.680865226,0.8130513
DLG5,225.6820088,0.014218861,0.073581613,0.680882373,0.8130513
IGFBP5,46.47620316,-0.008853185,0.078919637,0.681069842,NA
LRP2BP,37.25312822,-0.008093424,0.079401902,0.681320328,NA
MT-CO3,74929.80463,0.01657202,0.052252516,0.681420585,0.813531127
TIAM1,2498.581268,-0.015665803,0.046126537,0.681545434,0.813531127
CD1D,347.2607663,-0.014252218,0.072442129,0.681601385,0.813531127
WDR73,1099.413988,0.016961871,0.057021576,0.681693378,0.813531127
SCNM1,1517.20212,-0.016118168,0.051217535,0.681770588,0.813531127
SIL1,3061.595989,0.016849845,0.056431176,0.681836689,0.813531127
TMCO6,434.3469019,-0.015061897,0.070613639,0.681845588,0.813531127
CELF5,12.27378722,0.004819581,0.080756402,0.682052873,NA
GIMAP4,2988.569997,0.01590124,0.047155923,0.682158591,0.813553915
ACTB,147159.1721,0.017141326,0.048542189,0.682397192,0.813553915
POLE4,620.2069771,0.016110823,0.063936812,0.682417202,0.813553915
DNAJB4,314.1148378,0.016376378,0.065800917,0.682515083,0.813553915
EIF3I,3332.436805,0.019628856,0.053401519,0.682611715,0.813553915
PAM,569.9612918,0.016071451,0.066091099,0.682694192,0.813553915
FBXL4,423.7728796,0.016687494,0.06401895,0.682698514,0.813553915
NDRG3,746.8350511,-0.016823903,0.058177844,0.682711128,0.813553915
CTSZ,68698.80431,-0.012094048,0.030058405,0.682760254,0.813553915
CNTD1,32.58619453,0.008242492,0.079244733,0.682776424,NA
C1orf52,530.3636384,-0.016265756,0.064619358,0.682822041,0.813553915
SIRT5,419.36648,0.01483882,0.066939649,0.682853901,0.813553915
NOTCH4,47.56063735,-0.009559315,0.078454906,0.682915959,NA
UTP25,639.3750473,0.017737685,0.060526683,0.682960976,0.813553915
SLC33A1,1293.486717,-0.016752756,0.054752538,0.682999582,0.813553915
STAP2,13.73942221,0.005465671,0.080559055,0.683041269,NA
FANCG,490.5299234,0.015428832,0.06793568,0.683103639,0.813553915
TICAM2,214.3175471,0.013171402,0.074575624,0.68311739,0.813553915
ACOX3,663.8340764,0.016956199,0.061476646,0.683147895,0.813553915
CLEC18A,37.99900894,-0.008546743,0.079076418,0.683245675,NA
NAT10,1211.030477,-0.016540665,0.053877675,0.683441668,0.813808226
PCSK5,760.0816036,-0.014238999,0.071726748,0.683552721,0.81384493
RCL1,377.524874,-0.01661903,0.062023172,0.683697966,0.813878786
UBA52,12905.9568,0.017128533,0.052546043,0.683741622,0.813878786
MOAP1,1331.636438,0.015743241,0.04896313,0.68389076,0.813960797
RGS17,25.3504672,0.007556668,0.079683001,0.684002552,NA
CEP68,418.4244311,0.017394831,0.068650067,0.68405982,0.814022835
FBXO42,1388.35944,-0.016652992,0.059650328,0.684138933,0.814022835
IGFN1,12.16409371,-0.00448703,0.080816252,0.684145344,NA
CSNK1G3,727.7606745,0.016645909,0.064801516,0.684221326,0.814022835
ZNF227,336.5785636,-0.01558927,0.068325255,0.684265809,0.814022835
CEP44,312.6483781,-0.014513772,0.071142857,0.684344119,0.814022835
KLHL33,32.83228972,-0.007107654,0.079864287,0.684400742,NA
CASP14,10.93617534,-0.004458679,0.080830898,0.684445151,NA
PKD1P5,85.04924,0.011003365,0.077196733,0.684520249,NA
AP1M2,33.67106746,-0.006807263,0.079994551,0.684601228,NA
ASH1L,1884.664193,-0.018693244,0.054702041,0.684606429,0.814151564
DUSP22,1273.271317,-0.016413064,0.052746074,0.684612859,0.814151564
DUS4L,135.2775123,-0.013433618,0.073836055,0.684680183,NA
ZNF529,307.4822582,0.015606928,0.068737376,0.684875833,0.814368826
AMZ2P1,41.43028475,0.00902041,0.078776902,0.684910225,NA
MTRR,767.6008447,-0.013467849,0.066234577,0.685022403,0.814447639
ADCY10,130.2279594,-0.012865935,0.074746731,0.685092231,NA
ADGRE2,4671.897309,0.016831024,0.050494697,0.685194099,0.814464607
PDIA4,4954.014811,-0.01684559,0.052049341,0.685200273,0.814464607
RNASEH2B,869.6628003,-0.015255717,0.05878988,0.685289168,0.814464607
RNF214,552.2687666,0.01649016,0.062701981,0.685357836,0.814464607
RHBDD1,854.5198341,-0.016392364,0.064014741,0.685568993,0.814620108
PRR4,55.88523404,0.008760723,0.078903685,0.685836767,NA
PYGM,10.91666081,0.00401152,0.08094595,0.686074434,NA
POLR1C,543.573683,-0.016547136,0.061272735,0.686162399,0.815147161
RBM22P2,8.700159566,0.004138344,0.080935101,0.686191048,NA
CILK1,395.3925563,0.016274244,0.063903828,0.686207975,0.815147161
TIMP3,11436.84951,-0.013671879,0.054318489,0.686253624,0.815147161
ZNG1F,153.0389917,0.011399951,0.076656,0.686264481,NA
RAB11FIP1,2123.088527,-0.016595428,0.056257967,0.686448044,0.815282632
ZNF880,97.30535797,-0.011178475,0.076704786,0.686586344,NA
SLC4A8,715.2017451,-0.015667393,0.067814991,0.686684195,0.815467627
CFAP54,52.81165652,0.009045255,0.078736141,0.686690446,NA
PDHA1,2138.905582,0.014676158,0.043790119,0.686954908,0.81547737
HOXB2,269.2568393,-0.015289803,0.068969469,0.686997904,0.81547737
CDK5R1,81.48352853,0.010953032,0.077041635,0.687055415,NA
POU2F1,1047.697986,-0.016569562,0.058455208,0.687095921,0.81547737
TM9SF1,2087.787815,-0.016324004,0.052866433,0.687118413,0.81547737
STX10,2063.51252,-0.015399774,0.046633051,0.68712173,0.81547737
RIPK3,966.3304843,0.015061737,0.054332463,0.687174739,0.81547737
TCFL5,149.7277287,0.014523494,0.071461729,0.687185426,NA
UBE3D,156.8100001,0.012458335,0.075250753,0.687226321,NA
HSD17B13,9.867941494,-0.004396166,0.080862146,0.687245774,NA
PPIEL,15.15843428,0.005537994,0.080510301,0.6873164,NA
AUH,495.4491575,0.015112131,0.060000755,0.687331604,0.815493428
EIF1,11178.80701,0.016799029,0.049796174,0.687369012,0.815493428
AGAP1,380.519467,0.013377239,0.073824639,0.687429447,0.815493428
TMEM72,8.517292277,-0.004361395,0.080865971,0.687760156,NA
NAXD,1384.808997,-0.015378093,0.046405497,0.687882674,0.815935669
ALDH1A3,26.15379453,-0.007749266,0.079425635,0.688308771,NA
NFXL1,207.2816006,0.014253428,0.071995424,0.688441429,0.816502964
ZNF233,83.84908823,-0.011399943,0.076434268,0.688583205,NA
ACSS2,1573.271179,-0.015628764,0.048756348,0.688641262,0.816568193
DGKD,502.6332278,-0.013739593,0.072720202,0.688657422,0.816568193
XNDC1N,57.76340395,-0.009481012,0.07826433,0.688933909,NA
CIMAP1C,16.25929407,0.005440352,0.080543628,0.689211462,NA
HK1,7074.682043,-0.015759899,0.048091241,0.68924582,0.81702271
DENND3,5841.95382,-0.016460078,0.058777464,0.689291283,0.81702271
RMC1,720.8570249,0.016543996,0.057598978,0.689402524,0.81702271
SNX27,2827.934734,-0.015312308,0.047002811,0.689490758,0.81702271
OCRL,975.6247675,-0.01617507,0.057680759,0.689500477,0.81702271
COL4A5,9.596949252,0.003611585,0.081044145,0.689566319,NA
CLEC12A,730.0671387,0.016428529,0.059982535,0.689580243,0.81702271
SDHAF4,171.2382508,0.013745548,0.073089974,0.689591921,NA
CC2D2A,223.5842819,-0.01454317,0.070943199,0.689604539,0.81702271
SLC22A25,156.8987274,0.014194968,0.072046806,0.689736512,NA
EMCN,9.797059551,0.004256945,0.080868778,0.689908012,NA
H2BC12,739.5700427,-0.016174821,0.061673204,0.689951584,0.817261711
ANAPC5,2794.231464,0.015429481,0.046353513,0.689967399,0.817261711
AANAT,16.56269736,-0.005402699,0.080503312,0.690168896,NA
ZNF10,116.6758204,0.009780833,0.077968756,0.690205281,NA
RWDD2A,344.9482124,0.015992595,0.065096605,0.690272768,0.817527958
GNE,323.5656167,0.015538894,0.067528751,0.690354318,0.817529092
PROKR2,11.48200805,-0.004451113,0.080801777,0.690455251,NA
ARFRP1,1157.454812,0.01649124,0.048088125,0.690507992,0.817615627
RASSF3,2249.216174,0.016405738,0.059608901,0.690999619,0.817920101
RBM17,1794.033893,-0.015634866,0.050356172,0.691033486,0.817920101
KIF1C,4673.722432,0.01756457,0.049134852,0.691040301,0.817920101
LARP1,7490.680791,-0.015687428,0.049617054,0.691087656,0.817920101
EGLN1P1,14.37764496,0.004896285,0.080703252,0.691486598,NA
NUDCD3,1662.938236,-0.016206752,0.057256969,0.691500679,0.818201865
IL17RB,71.06077641,0.011177993,0.076681729,0.691512475,NA
BMP6,19.50888076,-0.005758665,0.080341251,0.691524265,NA
IFFO2,186.7720172,-0.010626622,0.077127939,0.691545222,NA
PDP2,548.5568659,-0.013714582,0.071963417,0.69156397,0.818201865
ZNF584,281.7251385,-0.015290201,0.067846796,0.691567704,0.818201865
FAM86C1P,11.10282314,-0.004972217,0.080668378,0.691582656,NA
NOSTRIN,25.79150255,-0.005249162,0.08050639,0.691602505,NA
CACNB4,32.19336874,0.006339385,0.080133305,0.691643134,NA
DPF3,25.1093457,-0.005613023,0.080389925,0.691666581,NA
TCAF1,1116.57448,0.016133546,0.061563967,0.691828028,0.818390692
C1QTNF9B,13.8507486,0.005460728,0.080492144,0.691833207,NA
TMEM231,179.9342185,0.010874502,0.076958465,0.691850158,NA
AGA,698.7467622,0.016251928,0.061747524,0.691888661,0.818390692
GPR119,20.85615849,-0.007036934,0.079792654,0.691936691,NA
ADARB2,11.26282668,-0.004361033,0.080825875,0.692140909,NA
ATP6V1C2,27.41989829,-0.006116308,0.080229245,0.69265451,NA
GABRP,62.74352633,-0.010933389,0.076920081,0.692699022,NA
ZRANB1,1301.266905,0.016708782,0.052403002,0.692892138,0.819431007
DAXX,1792.133889,0.015918498,0.059398093,0.69292973,0.819431007
CEP162,202.8321661,-0.013498296,0.072374952,0.693073023,NA
SCYL2,1546.952331,0.016132958,0.061887317,0.6930788,0.819511756
THAP12P3,60.11580684,-0.010674866,0.077067148,0.69309251,NA
PAX6,10.26947516,-0.004510601,0.080784727,0.693109658,NA
ANKRD40CL,12.72643297,-0.005630744,0.080466588,0.693117184,NA
TRAPPC3L,96.27971568,0.012136453,0.075427336,0.693151045,NA
CCDC15,62.21534936,-0.009975082,0.077683535,0.693443544,NA
PDE6A,35.02643481,0.008112036,0.079190662,0.69362492,NA
HRG,16.57020616,0.004749497,0.080702658,0.693668989,NA
NPIPB13,1439.519107,-0.01683657,0.062955287,0.693715756,0.820049791
UROS,1178.645931,0.015901961,0.050975823,0.693717598,0.820049791
RBP7,22.62820875,0.007088159,0.079775946,0.693755705,NA
WWP1,1442.637881,-0.016389566,0.057064337,0.693776351,0.820049791
AMMECR1L,940.9822423,0.016002793,0.054098661,0.693908664,0.820110624
P2RY8,74.43516046,-0.01133623,0.076221623,0.693974257,NA
NTRK2,24.60028854,0.007314722,0.079663515,0.693991267,NA
SMCHD1,1826.78319,0.016155851,0.057110368,0.69405586,0.820189032
NAPSB,7.685978278,-0.004110658,0.080896092,0.694201191,NA
COX18,658.0257451,0.016279915,0.060463653,0.694325477,0.820299795
EIF1AD,721.7421052,-0.015989508,0.061858003,0.694460641,0.820299795
ATE1,1046.288891,0.01612812,0.05732334,0.694470402,0.820299795
DAPK1,5953.402275,0.016175533,0.053057357,0.694473052,0.820299795
EPS8L2,33.31750578,0.007314929,0.079627781,0.694564605,NA
OXTR,15.6661372,-0.005428231,0.080462208,0.694668582,NA
ZNF502,28.74937858,0.007302716,0.079632046,0.694946597,NA
RAD9B,105.7170631,0.012107751,0.075061375,0.695090624,NA
FNIP1,1575.430072,0.014787519,0.048166046,0.695093087,0.820936579
ROM1,46.61630001,-0.009057774,0.078383392,0.695179517,NA
RNF217,938.8959223,-0.015461253,0.065798784,0.695258235,0.820989651
VHL,1486.863002,0.01554453,0.050779193,0.695299891,0.820989651
BHMT2,7.073431185,0.003175446,0.081105336,0.695364444,NA
SLC16A6P1,8.962059517,0.004522532,0.080791479,0.695384332,NA
PPP3CB,1628.31854,-0.015448541,0.053824033,0.695668071,0.821277329
SLC35G2,174.6016029,-0.013453755,0.072726964,0.695693395,NA
ANKHD1,2757.971976,0.01492171,0.04640339,0.69570545,0.821277329
CCNL1,2559.368566,0.014978473,0.0497337,0.696022393,0.821555871
IFITM1,418.5406985,0.011224203,0.076156284,0.696204465,0.821675171
GNRH2,8.865526671,-0.004272942,0.080834086,0.696423875,NA
ZNF875,613.1007789,0.01644399,0.060966728,0.696424991,0.821771327
ATP5MC1,1294.247515,-0.015810594,0.053104947,0.696455377,0.821771327
ELL3,40.82276441,-0.008245904,0.078991557,0.696513334,NA
KCNE1,310.3475086,0.015066479,0.069545951,0.69652897,0.821771327
TRIM54,84.94621657,-0.01080813,0.076595527,0.696597526,NA
MARK1,51.00386917,-0.00997256,0.077636319,0.696605801,NA
OLFML2A,11.02015541,0.00506592,0.080611645,0.696741795,NA
LRRC7,47.30597621,-0.007520673,0.079430528,0.696827782,NA
SCPEP1,4662.269405,0.013937001,0.041111531,0.697203285,0.822471232
GUSBP2,21.16916423,-0.006539208,0.079969294,0.697296384,NA
ZNF483,100.8924684,-0.010640745,0.076789412,0.697548866,NA
ZNF77,52.54343151,-0.009593621,0.077873464,0.697602109,NA
GYPE,5.640387143,-0.003069109,0.081122464,0.697709905,NA
PLEKHA2,2946.429357,0.015452196,0.050224937,0.697745292,0.82293596
PTAFR,9481.387296,-0.009695045,0.040224188,0.697803056,0.82293596
STPG3,10.98162178,-0.004942825,0.080597561,0.697839814,NA
POGK,2517.424302,-0.015360419,0.049909212,0.697840608,0.82293596
SIGLEC17P,13.06453925,-0.004969652,0.080605104,0.69784575,NA
ELOVL3,10.71406135,0.00514633,0.080569619,0.69800754,NA
NUP37,356.0750207,0.015464604,0.063175953,0.69821843,0.823241907
ST3GAL1,3582.447892,0.015272672,0.044444468,0.698262358,0.823241907
KIAA0753,442.3229825,0.014814701,0.068294132,0.698422284,0.823334765
CROCCP2,177.5415923,0.013808883,0.071903098,0.698659081,NA
LYSMD3,654.7199299,-0.015920545,0.065470109,0.698684638,0.823392713
CTCF,2109.610209,-0.014916385,0.04738765,0.698703623,0.823392713
ERCC3,1424.299739,0.015311218,0.04852347,0.698714952,0.823392713
MLLT3,99.78022662,0.009579545,0.077912015,0.698733742,NA
CRX,14.02722226,-0.005387286,0.080450876,0.698736218,NA
PARD6B,61.99063142,0.00918307,0.078245444,0.698869057,NA
ADSS1,44.54323561,0.008207289,0.078947376,0.698890672,NA
LIPA,50370.54592,0.016743717,0.048067711,0.698925604,0.823451806
SAP30,361.4389068,0.015444835,0.065219517,0.698987666,0.823451806
KIF21B,1176.155295,-0.015787653,0.05665471,0.699008626,0.823451806
NUTM2G,56.66865016,0.009951908,0.07772982,0.69939068,NA
SFTPB,43.66567084,-0.008107849,0.078988985,0.699505913,NA
SMN2,582.5586874,0.014956273,0.067868374,0.69957162,0.823987515
MAP3K21,72.76702458,0.009449607,0.077803843,0.699667552,NA
WDR53,196.183258,0.013367878,0.072370997,0.699674698,NA
STON2,451.7385,0.014755855,0.068741308,0.699801235,0.823987515
METTL17,1292.769247,-0.01546889,0.047563484,0.699804881,0.823987515
RAB33A,10.71530077,0.004479675,0.080773516,0.699808315,NA
TRMT5,592.7142237,0.015277645,0.064956191,0.699855908,0.823987515
ASB3,512.9620991,0.016547425,0.061761117,0.699869522,0.823987515
LILRA3,95.93549675,-0.010243283,0.077088173,0.699880444,NA
NPM1P7,38.25352741,0.008219866,0.078990685,0.699905458,NA
TECPR1,1945.752019,-0.011564156,0.067961145,0.699963314,0.824002305
SC5D,1642.712027,0.015836695,0.058172868,0.700134495,0.824108183
BPI,18.15756981,-0.004452036,0.080762505,0.700247677,NA
ADAMTS16,15.13018223,-0.005383924,0.080427406,0.700602118,NA
ATP6V0A2,1125.063019,-0.015524147,0.05102875,0.700621622,0.824585884
TEAD4,33.28313941,0.007056234,0.079723944,0.70073818,NA
INTS2,424.5819974,0.013829534,0.070784938,0.700739948,0.82462947
KCNS1,7.756171846,-0.004311631,0.08079944,0.700810733,NA
AGAP13P,75.20757297,0.011124043,0.076232853,0.701156583,NA
COQ10A,130.4885374,-0.012903342,0.073658547,0.701244337,NA
REELD1,8.377658304,0.003486961,0.081027286,0.70130433,NA
ETFB,1502.189669,0.016262181,0.051525499,0.701381371,0.825288554
SPDYE2B,43.19564069,-0.005995979,0.080153319,0.7013925,NA
GSDMB,69.61731576,-0.010172692,0.077221398,0.701455566,NA
CWC25,683.7154311,-0.015619823,0.055597987,0.701476624,0.825304903
UBE2C,761.0174346,-0.015847908,0.057147948,0.70159546,0.825348991
NCBP2AS2,461.7752903,-0.015073512,0.058572724,0.701889204,0.825514711
DHRS4L2,353.3232098,0.013992882,0.070380046,0.70191666,0.825514711
ITGAM,11850.88956,-0.015253786,0.049674595,0.702046304,0.825514711
PRDM7,10.10729446,0.004702998,0.080686554,0.702130499,NA
SHE,177.5114149,-0.011723025,0.075100622,0.702136861,NA
EXOC7,4110.251792,-0.015600404,0.053895701,0.702142329,0.825514711
CCDC137,1010.049146,0.015765703,0.059774737,0.702183151,0.825514711
TRIM5,858.6799002,0.014282758,0.069612413,0.70226001,0.825514711
HAGH,1656.44085,-0.014916006,0.049285509,0.702365301,0.825514711
GPD1,3260.002841,-0.010517482,0.07659339,0.702387369,0.825514711
S100A5,16.92100638,-0.005935667,0.080180353,0.702399722,NA
IMP3,1318.107468,-0.015380496,0.050559847,0.702500196,0.825551666
DNAJC6,37.45605486,0.00731929,0.07949723,0.7026226,NA
SMAD9,27.55892536,-0.006010081,0.080137185,0.702688212,NA
TMEM185B,1331.822664,-0.014203358,0.045843178,0.702765952,0.82576831
IL15,121.4860381,0.01119178,0.075828146,0.702808524,NA
PDGFRB,31.5796823,-0.004932828,0.080556515,0.702819088,NA
GOLGA8O,28.33771412,-0.002013852,0.081281453,0.703512994,NA
SNTB2,453.1889721,-0.008416786,0.078806427,0.703615772,0.826671113
SYT6,26.51449388,-0.005840673,0.080193592,0.703628172,NA
TLCD2,427.9609926,-0.015081567,0.065781704,0.703709829,0.826685872
CENPM,344.7940605,0.015260336,0.064512299,0.704055121,0.826995733
SKOR1,9.79859529,-0.004539423,0.080711061,0.704130055,NA
DNAJB9,850.490434,0.015227677,0.063292172,0.70429757,0.827184734
CRADD,160.0483906,0.012476538,0.073952208,0.704308665,NA
ULK4,241.7190835,0.011235906,0.075779428,0.704512973,0.827341931
PFKM,759.8839483,-0.016017129,0.063709248,0.704651577,0.827408913
H4C5,7.301911016,-0.003957115,0.080880009,0.704763786,NA
LMOD3,19.71296727,-0.005674277,0.080268486,0.704845957,NA
ATP9A,2056.242422,-0.01601892,0.061396727,0.705037829,0.827717534
TNRC6C,207.1991037,0.010738175,0.076729615,0.705077603,0.827717534
ZNRF3,57.86669731,-0.008880308,0.07822826,0.705105928,NA
CRACDL,158.6066342,-0.010401372,0.076682285,0.705252404,NA
TTI2,295.909053,0.013894162,0.068156803,0.705279124,0.827742402
TBC1D31,401.9722429,0.014420543,0.068814472,0.705334075,0.827742402
CELF1,3653.8065,-0.013986823,0.062924319,0.705343585,0.827742402
RP9P,130.4496662,-0.012364764,0.07396937,0.705423748,NA
OLFML2B,1315.586869,0.012624319,0.071575002,0.705842521,0.828232103
CAVIN4,12.29338059,-0.005079999,0.080492248,0.705978679,NA
TIMM10,600.5557119,0.014304908,0.057324151,0.706101456,0.828440107
LZTS3,238.6961524,-0.014517058,0.066840521,0.706307188,0.828585649
LIPG,71.72935081,0.008436886,0.078655639,0.706352497,NA
TBC1D3B,76.50234581,0.009445017,0.077791546,0.706412783,NA
OSBP,2472.684807,-0.014700623,0.048965658,0.706511894,0.828669805
SLC25A34,76.55268776,-0.008268892,0.078462042,0.706516605,NA
TIGD1,306.2872926,0.015211589,0.064658694,0.706542305,0.828669805
RPL8P5,11.11231848,-0.004465361,0.080725164,0.706601538,NA
ERP27,13.91663573,-0.005120338,0.080465079,0.706697898,NA
ZNF140,303.3875246,-0.014788962,0.066432267,0.706702387,0.828761735
CIB2,19.31393775,0.005892891,0.080157536,0.706862425,NA
VGLL3,54.37071191,-0.006571114,0.079774927,0.706877644,NA
RABGEF1,984.3621696,0.015143498,0.050683039,0.707036109,0.828882979
CLU,1668.563698,0.012180111,0.068648874,0.707081663,0.828882979
NOP2,1354.992404,0.015625486,0.059101869,0.707158025,0.828882979
BOD1,482.4250657,-0.014966712,0.063418607,0.707207165,0.828882979
PCBP2,12160.37843,-0.012971641,0.036854486,0.707214332,0.828882979
TINCR,32.95495674,-0.006387602,0.079834876,0.707219277,NA
OTUD7A,16.12650263,0.004891708,0.08057989,0.707244188,NA
NPIPB9,11.73076598,0.004842366,0.080604755,0.707452797,NA
RAB3A,67.35598908,0.009695269,0.07753103,0.707628978,NA
ASPA,77.56874882,0.010056649,0.077160007,0.707688605,NA
IRAG1,49.02996475,0.008713428,0.078404184,0.707779291,NA
ZBTB20,314.8422674,-0.006491859,0.079956155,0.708152826,0.829887046
SLC25A28,791.0712236,-0.015074495,0.055366786,0.708338307,0.830008523
HSPA8P15,10.65160115,-0.004419728,0.080718501,0.708495419,NA
ELMOD3,594.8384847,-0.015296172,0.060956461,0.708559134,0.830078247
ANAPC11,1355.420311,0.014883419,0.050369217,0.708570253,0.830078247
GLI3,8.657479987,-0.003226159,0.081037713,0.708576574,NA
ATP6V0E1,5514.050669,-0.013668952,0.045845093,0.708643298,0.830078247
MYO3B,11.28824443,0.004414854,0.080740791,0.708668633,NA
ACOT7,533.8181135,-0.015298853,0.060793939,0.709004584,0.830405554
MYT1L,66.15822236,-0.010441094,0.076556094,0.709019965,NA
RHOQP1,10.5472163,-0.004324495,0.080736205,0.709118787,NA
EIF4EBP1,3374.767948,-0.01410598,0.045749945,0.709189663,0.830516403
RNF115,1030.54185,0.015498125,0.056054131,0.709262973,0.830516403
CREG2,50.80638817,-0.009380986,0.077649002,0.709294608,NA
GUSBP13,39.46436203,0.008560085,0.078454352,0.709430852,NA
SH3BGRL2,9.404471031,0.003603212,0.08097419,0.709453181,NA
SMYD3,218.6723483,-0.013297337,0.071125216,0.709502103,0.830700523
PCDHA12,20.51029173,-0.006068113,0.080035812,0.709545968,NA
KCNMB3,35.64907061,-0.006958609,0.079476614,0.709720607,NA
MFSD13B,23.09502051,-0.006082433,0.080016895,0.710050186,NA
KDELR3,126.3122963,0.012254983,0.073968198,0.710225725,NA
PDXK,8316.875637,-0.01331207,0.045311345,0.710244491,0.831381548
MAP3K8,417.9865333,0.013982764,0.069539176,0.710247683,0.831381548
DNASE1,386.1454265,0.01293361,0.072436616,0.710459473,0.831507492
STPG4,26.74234187,0.007077457,0.079524546,0.710499918,NA
MAML2,1753.90636,0.014983377,0.047981825,0.710525006,0.831507492
TTC23,630.2535185,0.014270443,0.066235307,0.710673966,0.831507492
CTSK,1495.025653,0.014919294,0.062173436,0.710785561,0.831507492
GNGT2,408.6726605,-0.014888243,0.062618364,0.710793673,0.831507492
OVGP1,26.20998597,-0.006437756,0.079785049,0.710826374,NA
PPP4R3A,2501.0598,-0.014380079,0.04832392,0.710854561,0.831507492
TJP1,747.9828056,0.01528644,0.059763801,0.710929069,0.831507492
SIK1,73.1002633,0.007503236,0.07919477,0.711014564,NA
LCN12,16.33987632,-0.00541452,0.080313136,0.711026926,NA
CCDC167,142.0663786,0.012553893,0.073158458,0.711092839,NA
KBTBD6,193.6364003,0.013470413,0.070806372,0.711134269,NA
PLGLB1,82.93468149,0.010816909,0.07603419,0.711189666,NA
RAPGEF5,10.21405219,0.003188107,0.081048421,0.711314614,NA
RPRD1A,861.4021766,0.015260741,0.059438223,0.711641913,0.832245281
FAM167A,23.93492544,0.005395479,0.08033085,0.711889326,NA
MYO1E,7530.395818,0.014239962,0.046404618,0.711899645,0.832450721
RHBDL1,23.71520703,0.007019446,0.079497508,0.711959407,NA
SBK3,19.85844494,0.005508875,0.0802851,0.712136527,NA
GUSBP15,8.660499433,-0.001124177,0.081386844,0.712276241,NA
KAZALD1,48.04395368,-0.007659805,0.078946861,0.71270045,NA
ZNF71,328.044518,-0.014804352,0.063918811,0.712777198,0.833380809
GNB3,16.71533338,-0.004737889,0.080564146,0.71285032,NA
IQCH,8.28854959,0.003418587,0.080999305,0.71297927,NA
DCPS,416.5527856,-0.013311251,0.069166155,0.713009404,0.833556229
ZNF658,71.70300717,-0.008679388,0.07826288,0.713037809,NA
TM4SF19,2121.219151,0.019333228,0.059662933,0.713119382,0.833588731
EXOC3L2,16.26761577,-0.005548243,0.080211476,0.713124645,NA
CSRP2,35.36174632,0.006675161,0.079633193,0.713410063,NA
PCBP4,46.87556152,0.007540699,0.079122253,0.713412107,NA
TSPAN12,18.75056287,0.005577541,0.080213932,0.713424648,NA
RAB26,9.384581876,0.004093171,0.08083756,0.713471935,NA
ANK2,682.492914,0.014303863,0.067395902,0.713492152,0.833928378
ARF5,2110.400534,-0.014697927,0.047130931,0.713642733,0.834008281
CRLF3,744.9653303,0.015156746,0.057474281,0.713742174,0.834028409
PSMD4P1,27.83948571,-0.006298341,0.079830065,0.71374556,NA
SFSWAP,1362.305824,0.014384242,0.048994609,0.713916652,0.834136204
ZNF394,813.1648696,-0.014993194,0.060243267,0.714024339,0.834143603
GOT1,1092.988839,0.01578437,0.058160348,0.714087446,0.834143603
B4GALNT3,36.58656044,-0.006710198,0.07961523,0.714324315,NA
SPAG4,13.22779597,-0.004324595,0.080683085,0.714380152,NA
ZNF487,35.55184613,-0.007035767,0.079371215,0.714438573,NA
SURF1,903.8792304,0.014705539,0.053477053,0.714652364,0.834707379
RABGAP1L,1209.716509,0.014698886,0.062728509,0.714746956,0.83472175
HSPA5,18553.75577,-0.010051777,0.051297627,0.715128055,0.835070679
CHRNB1,216.739069,-0.013683496,0.069263001,0.715215183,0.835076291
ZNF20,36.04262427,-0.008028913,0.078604927,0.715251142,NA
UBE2F-SCLY,17.37119582,0.004250591,0.080747564,0.715317815,NA
SH2D3A,53.21516473,-0.007745911,0.078884621,0.715384216,NA
SLC7A14,19.30183127,-0.005520275,0.080213885,0.715507268,NA
SBK2,13.46999372,-0.005124346,0.080389965,0.71559173,NA
ACAD10,619.7328716,-0.014710753,0.066094274,0.715710175,0.835506465
GRM1,292.3058109,0.012509441,0.072772726,0.715748342,0.835506465
LIN28A,14.38432566,-0.005167739,0.080373096,0.715821871,NA
NLRP12,372.0599444,0.008087872,0.078685095,0.715855582,0.835528576
TRAPPC13,578.9534753,0.014813066,0.06134396,0.715932018,0.835528576
ZNF354C,95.76154563,0.011322033,0.074987265,0.71603804,NA
CCDC121,48.81071465,-0.008196702,0.078472011,0.71614667,NA
TMCC2,61.76290804,0.008747118,0.078094289,0.716248171,NA
FOLR1,86.62987356,-0.008498594,0.078051284,0.716404102,NA
CYTH1,4778.079981,-0.013907901,0.047057787,0.716411075,0.835897958
ASAP1,4483.264306,-0.013709595,0.045230703,0.716413333,0.835897958
C2orf81,11.07490453,0.004212723,0.080731509,0.716426183,NA
SIKE1,716.2175044,0.012807019,0.071905872,0.716659361,0.836061557
DOCK3,869.5441141,-0.013905383,0.06793287,0.716718385,0.836061557
ZNF573,75.87433568,0.010387714,0.07626817,0.716743817,NA
SYN2,8.420255912,-0.004007746,0.080793396,0.716969474,NA
CRYGS,53.0568456,0.008665264,0.078174329,0.717033157,NA
MRPS14,380.0985632,-0.014710615,0.062077131,0.717048849,0.836328502
CCDC8,536.5589893,-0.014852945,0.059176448,0.717133728,0.836328502
STK11IP,1277.59061,-0.014328186,0.06593351,0.717287791,0.836328502
ARL6IP4,2770.56393,-0.013646768,0.045890251,0.717411492,0.836328502
LARP6,15.02959885,0.003499301,0.080952268,0.717414222,NA
TBCC,591.2093758,0.014846857,0.056845312,0.717427457,0.836328502
LIX1L,711.3733931,-0.01490666,0.055550396,0.717441899,0.836328502
OAZ3,46.02307444,0.007898304,0.078768031,0.717522577,NA
CDK9,2605.197767,0.014693004,0.054124516,0.717542355,0.836349494
TGFB1I1,68.44056779,-0.008140676,0.078489376,0.717561347,NA
LIMCH1,20.72502358,0.004854156,0.080482852,0.717592496,NA
TBC1D24,226.3416086,0.008432588,0.077975927,0.718060641,0.836857438
ACADL,17.79373656,-0.005574206,0.080151574,0.718062973,NA
GUSBP4,8.404305327,-0.003916869,0.080823465,0.71813454,NA
GLYR1,3722.244328,-0.013634763,0.04502811,0.718339231,0.837061328
NSUN4,732.6012443,-0.014396239,0.06724927,0.718400623,0.837061328
PDE5A,57.24665687,-0.008505202,0.07812596,0.718461274,NA
DLGAP1,13.89672055,-0.003987726,0.080813069,0.718527049,NA
SCN1B,129.4506428,0.011197627,0.074980538,0.718531554,NA
RBFOX3,16.62263004,-0.004495675,0.080633878,0.718559072,NA
SLC49A4,1189.060412,-0.014107971,0.049717288,0.718628835,0.837183283
TRIM37,419.0571994,0.014316089,0.065667798,0.718731259,0.837183283
FPR3,1642.356686,0.016167728,0.062890546,0.718752879,0.837183283
UST,333.6845098,-0.013261203,0.069501491,0.718868886,0.837215813
NHLRC4,16.87896564,-0.005071508,0.080381491,0.718922683,NA
CIB1,2120.618493,-0.012808168,0.043607537,0.719021277,0.837215813
IGFBP4,2265.34503,-0.013929021,0.063632928,0.719028407,0.837215813
DEPDC5,992.4467212,-0.014616123,0.061682311,0.719201169,0.83728289
PHYH,362.475355,0.01663568,0.066209903,0.719251095,0.83728289
ADCY8,111.439862,0.009208563,0.077476745,0.719310643,NA
CLK4,547.4483043,-0.013650161,0.06676742,0.719368644,0.83732364
PHC1P1,79.84289162,-0.00944553,0.077215541,0.719602132,NA
TADA2B,1290.84331,0.014512261,0.052916576,0.719731746,0.837615655
LARS2,996.7350604,-0.014862062,0.060437019,0.719784668,0.837615655
ADAMDEC1,2931.449755,0.013738948,0.063943693,0.719965286,0.837624563
GRAMD1B,559.519697,0.013853505,0.067393554,0.720013323,0.837624563
DLG2,48.77084629,0.009257835,0.077414336,0.720056945,NA
C3orf80,37.13538068,0.007703696,0.078851422,0.720063929,NA
ZFYVE28,78.12552693,-0.008550629,0.078111324,0.72009218,NA
DDHD1,1563.040867,0.014193642,0.064767397,0.720145445,0.837624563
OAS1,7381.926717,0.016522054,0.061390054,0.720183357,0.837624563
CERS2,5658.987923,0.012228209,0.038750106,0.720285309,0.837624563
LRRC18,17.4371282,0.005041046,0.080401551,0.720313408,NA
DHX32,954.1561794,0.014682024,0.057694336,0.720320083,0.837624563
LRRTM2,11.53167737,0.003331456,0.080985098,0.720339955,NA
NAA10,1436.696338,-0.014211205,0.050878648,0.720448618,0.837624563
ZNF263,793.5351998,-0.014564466,0.059232858,0.72045291,0.837624563
TIMP4,10.30959047,0.004203337,0.080740311,0.720559021,NA
ITM2B,16198.85828,-0.013172535,0.041227771,0.720611527,0.837644977
AMACR,413.3626005,-0.013088985,0.07037365,0.720635618,0.837644977
PEBP4,21.10848369,-0.005704106,0.080054407,0.720757786,NA
CFAP107,10.71531564,0.004278304,0.080685168,0.720764891,NA
ITGB7,1004.334771,-0.01480121,0.061376866,0.720822984,0.837688688
WAC,4144.685357,-0.014600869,0.044957497,0.720838383,0.837688688
CALM2P2,10.9467337,0.004810286,0.080501551,0.721027389,NA
PTPRK,80.67505733,0.00674522,0.079455948,0.721113073,NA
PTPN11,3710.20326,0.013243614,0.041444771,0.721223189,0.837987525
LRRC37A16P,384.2623166,-0.014535544,0.064116332,0.721272694,0.837987525
CEP72,109.8985336,-0.011302816,0.074345408,0.721334761,NA
C5orf22,576.0752707,-0.013870622,0.067038344,0.721343362,0.837987525
C5orf24,1410.807356,0.014670761,0.057954789,0.721440339,0.838004213
RIN2,2525.749509,-0.012988814,0.04352137,0.721604567,0.838099008
GHRL,50.83055914,-0.007349528,0.078990783,0.721661785,NA
SATB1,311.7441374,-0.012749162,0.071177888,0.721868627,0.838209223
NXPE3,694.3484707,0.014813811,0.061156054,0.721941479,0.838209223
HBEGF,1698.60102,0.014343295,0.058989513,0.721947356,0.838209223
DSG3,8.233902493,-0.00396607,0.080777932,0.722128954,NA
TYRO3P,11.58251711,-0.004346318,0.08064474,0.722277264,NA
MT-ND5,141647.3694,-0.003555858,0.042682045,0.722443743,0.838649793
ZNF99,9.964702828,-0.003749389,0.080847175,0.722498153,NA
ZNF35,204.3932735,0.012830487,0.070176376,0.722543566,0.838649793
OLIG1,27.70160853,-0.006393554,0.079631544,0.722563002,NA
CXCL6,13.18064687,-0.004513535,0.080582345,0.722569918,NA
PRR14L,1556.892572,0.014405173,0.050410859,0.722574841,0.838649793
EPHA6,7.517465412,0.003716303,0.080884356,0.722617163,NA
APLP1,6.741286623,-0.00255197,0.08117366,0.722657459,NA
HARS2,870.0130516,0.014657435,0.05856914,0.722862312,0.83877159
AMOTL2,7.345864146,0.003067027,0.08103569,0.722927633,NA
N4BP2L1,344.89235,-0.014328256,0.063203121,0.72295919,0.83877159
CCNB2,803.9042632,0.014646386,0.058817134,0.722991954,0.83877159
OFD1,462.7750652,-0.01449215,0.060290183,0.723169147,0.83877159
CIT,1115.918638,-0.012735626,0.064049377,0.723189332,0.83877159
ZDHHC11,14.67647199,0.004476197,0.080617012,0.723244912,NA
KIF3C,380.6630174,-0.010417894,0.075660413,0.723252157,0.83877159
DSTYK,662.4239186,-0.016108305,0.053672041,0.723258586,0.83877159
HMGXB3,2386.109194,-0.01377907,0.048663337,0.723372977,0.838796897
C9orf40,243.2479215,0.013371046,0.069865366,0.723445786,0.838796897
TTF2,913.2296405,0.014409688,0.065023564,0.723709868,0.838976822
BAIAP2L1,61.7102591,-0.008782844,0.077734548,0.723729561,NA
GOLGA1,768.3805583,0.014455291,0.058042093,0.723766381,0.838976822
RPA3,329.6304247,0.012941036,0.070438496,0.723959231,0.839104483
DENND2D,1889.982617,0.013262934,0.044369896,0.724126707,0.839202709
USP13,711.3762936,0.011602709,0.073784418,0.724533603,0.839474839
TNPO2,2051.176872,-0.017732555,0.059335914,0.72455074,0.839474839
RWDD2B,361.9408187,0.012845377,0.070048392,0.724609788,0.839474839
ZSWIM3,140.654677,-0.011723161,0.073230097,0.724629706,NA
RASA4EP,41.6556422,-0.008042337,0.078368865,0.724806955,NA
SLC25A48,55.02652808,-0.007184578,0.079049468,0.724867375,NA
STEAP3,2161.793249,-0.013839316,0.066019632,0.724872168,0.839623746
UBAP2,1304.388264,-0.014085862,0.050341191,0.724903861,0.839623746
TARS3,181.0194037,0.010618928,0.075406339,0.725280777,NA
NHLRC1,70.01621476,-0.010544897,0.075770859,0.725534133,NA
LDHAL6B,23.55125599,-0.006477163,0.079533342,0.725623493,NA
ATXN1L,1926.072207,0.014551467,0.049165795,0.725652071,0.840394407
LRRC37A,110.1844952,0.011644442,0.075073541,0.725800033,NA
PIGV,410.7833472,0.01429367,0.062367346,0.725950122,0.840548908
MAGI3,93.85751262,0.00975091,0.076658513,0.725998177,NA
PDE12,1128.559631,0.013723387,0.048780325,0.726067037,0.840548908
MED7,236.6428455,0.013799491,0.067282543,0.726081017,0.840548908
CELF2,4035.504843,0.015739784,0.043554012,0.726116924,0.840548908
SPATA25,50.16384566,-0.008559022,0.077822773,0.726305156,NA
PTPRVP,11.2782284,0.004429367,0.080601745,0.726316682,NA
PFDN1,2102.675764,-0.014211198,0.053494518,0.726721162,0.841127046
TMEM120A,428.0702772,-0.014852426,0.063632909,0.726782192,0.841127046
FAT2,73.3574406,-0.008200025,0.07812025,0.72687261,NA
C22orf15,10.46611893,-0.003300936,0.080959469,0.727241923,NA
UPB1,13.09252916,-0.004824349,0.080398787,0.727402384,NA
LGSN,14.17192084,0.004873535,0.080389986,0.727480911,NA
ALDH1B1,214.3911666,0.013376041,0.068377201,0.727562262,0.841933788
CGN,13.5099888,-0.00455822,0.080507868,0.727592962,NA
SLC6A17,34.8491124,-0.007232565,0.078980044,0.727649187,NA
CHMP4C,32.78927723,0.007341136,0.078933224,0.727682754,NA
SIM2,25.97004922,0.005898315,0.079718474,0.727890041,NA
PCBD1,1006.258324,0.014532625,0.056376469,0.727916826,0.842248007
IFNGR2,4686.860279,0.013075418,0.045575881,0.728039421,0.842293782
ACTG1P3,6.927421831,-0.003444865,0.080922934,0.728104764,NA
ZNF852,50.86378655,-0.008152083,0.078170158,0.7287812,NA
ACSM2A,79.01982873,-0.007771077,0.078461108,0.728902089,NA
TFR2,33.61797775,-0.006823727,0.079169821,0.729084439,NA
KDM2B,1872.957408,0.014142224,0.059339969,0.729137475,0.843467961
OR2A1,10.0800647,-0.003088725,0.081007029,0.729169353,NA
PMS2P8,11.71347423,0.001756146,0.08131594,0.729185079,NA
C4B,14.04279771,-0.004597303,0.080467287,0.72941911,NA
CDK5RAP1,730.5094167,-0.013948647,0.062319602,0.729438485,0.843719954
ARVCF,176.2442126,-0.013342604,0.071655827,0.729589534,NA
PCMTD2,1453.086895,0.014106239,0.051572706,0.729654966,0.843723301
SCAF4,1369.315704,-0.013546162,0.049284445,0.729727485,0.843723301
TSPAN15,4752.857268,0.013032406,0.04504441,0.729737162,0.843723301
DCX,5.339210895,-0.00253034,0.081148154,0.729847994,NA
TLR7,2762.152996,0.012499465,0.057236537,0.729856543,0.843723301
LGALSL,244.4511394,0.011231488,0.073992562,0.729902443,0.843723301
NAF1,380.8813996,0.013795475,0.062947921,0.729940427,0.843723301
PALM,10.87986599,0.004308214,0.080617244,0.729962285,NA
PRRT1B,15.11417197,0.004270196,0.080637,0.730012933,NA
FKBP2,1389.200851,0.014213962,0.055733419,0.730159406,0.843818871
NEO1,275.3296315,-0.009995812,0.074246896,0.730189477,0.843818871
MARVELD3,63.55600855,0.009471532,0.076699225,0.730230037,NA
PHLDB2,9.866012676,-0.003607377,0.080844105,0.730255636,NA
GAPT,38.27385189,-0.006369083,0.079505724,0.730277496,NA
ACVRL1,817.2722505,0.014147765,0.064642202,0.730307959,0.843831593
PACSIN3,36.92941136,0.0069269,0.07930135,0.730312987,NA
SUSD5,14.39680499,-0.004607854,0.080461872,0.730321083,NA
MPRIP,2346.399227,0.014898641,0.057750738,0.730366856,0.843831593
GNG2,1510.543927,0.00962505,0.076532718,0.730508792,0.843899463
DGKI,343.4666534,-0.009536621,0.076462907,0.730679078,0.843988563
PYHIN1,39.47187442,-0.00718337,0.078921651,0.730709397,NA
PMS1,293.2522082,-0.01174482,0.072385685,0.730752321,0.843988563
DLX6,19.65974528,-0.005402324,0.080038343,0.730763151,NA
SOCS1,50.05292713,-0.007676263,0.078406765,0.730962654,NA
BOC,12.25114485,-0.002856529,0.081050769,0.731027596,NA
PINLYP,119.6112994,0.011302069,0.073655988,0.731219,NA
PREPL,870.4779927,0.013460259,0.068017071,0.731491373,0.844745957
SMG1P3,435.825187,0.011028568,0.07465929,0.731642785,0.844766469
GATM,1487.337971,0.013323707,0.052971368,0.73167569,0.844766469
BEX2,13.47728312,0.004027298,0.08071614,0.731736352,NA
MAD2L1BP,612.2059292,-0.014021242,0.057179264,0.732191237,0.845265495
IFT122P2,9.736552204,-0.00389615,0.080748756,0.732436631,NA
YES1P1,15.78044263,-0.005168423,0.080186367,0.732544529,NA
NUP93,1361.468825,0.014693275,0.055965401,0.73266589,0.845689039
CAPRIN2,545.5754705,-0.012820788,0.068916072,0.732724858,0.845689039
RPL7P18,8.708601788,-0.003907915,0.080848797,0.732818493,NA
UCN,21.53736657,-0.005956223,0.079742772,0.732890244,NA
ACSM4,6.840889885,-0.003348611,0.08092075,0.733168547,NA
COQ3,75.96112951,0.00942002,0.076701692,0.733433745,NA
AGAP11,148.1520458,-0.01043149,0.074916131,0.733524862,NA
PRDM15,391.1011124,-0.004267651,0.073613824,0.733639771,0.846648673
SAMM50,1585.477995,0.013542789,0.050730715,0.733767322,0.846699546
SFXN5,651.7800428,-0.013769156,0.061688877,0.734029333,0.846905545
RAI1,657.8477213,-0.011888127,0.069509761,0.734123952,0.846918386
IL7,25.53225179,-0.005329027,0.080076182,0.734164935,NA
A2M,53910.95086,0.01327363,0.048405198,0.734283071,0.846946047
MRPL52,765.0879896,-0.013751584,0.053968434,0.734314914,0.846946047
COL16A1,11.42037864,0.004340396,0.080584218,0.73439897,NA
APOBEC3F,190.3123053,-0.009811831,0.07562853,0.734761722,NA
DCP1B,330.5952539,-0.013633501,0.063165864,0.734771485,0.847232326
KPNA2P3,205.3450699,-0.012732262,0.068775903,0.734827485,0.847232326
BEND7,7.610683401,0.003715993,0.080817215,0.734905064,NA
MPI,982.5084646,-0.014402034,0.062544484,0.735006727,0.847232326
TSHZ1,626.5765591,-0.015589296,0.055798377,0.73502161,0.847232326
MSRB2,380.2039727,-0.012847746,0.06851563,0.735061159,0.847232326
MX2,3047.650291,0.010051963,0.075589366,0.735110322,0.847232326
NBPF8,524.46146,-0.01377302,0.061310512,0.735147766,0.847232326
SUSD6,3939.159682,-0.01349463,0.050371474,0.735453906,0.847488859
BCAS3,527.5044759,0.014764174,0.06297029,0.735714365,0.847692699
NXPH4,9.917177499,0.003786605,0.080757703,0.73583166,NA
CCDC124,1329.991279,-0.013489954,0.049960152,0.735944991,0.847862123
PDCD6,2220.31804,0.012996938,0.047294714,0.736199395,0.848036224
NUAK1,1301.631846,0.015544434,0.061176317,0.736263311,0.848036224
SLC34A3,28.15830194,0.00696097,0.079028126,0.736429645,NA
IRS4,29.01745718,0.006274706,0.079533242,0.736493816,NA
TRIM9,12.75886802,0.003248294,0.080926649,0.736643711,NA
ANKRD29,68.07083377,0.008329468,0.077720281,0.736657105,NA
EXOC3L1,25.07712178,-0.005713056,0.079795593,0.736695019,NA
CLDN7,770.3861949,-0.012740265,0.055239262,0.736916453,0.848641433
RTF1,1952.19591,-0.012862341,0.067764128,0.736956071,0.848641433
MARVELD2,27.10534744,0.006268998,0.079491045,0.737093838,NA
PMF1,870.1094278,-0.01347419,0.052345711,0.737188444,0.848812665
APCDD1L,9.131127063,-0.00328063,0.080931803,0.737618459,NA
EEF1A1P3,12.04747006,-0.004315108,0.080543298,0.737688781,NA
FAM174A,358.6016683,0.013134096,0.062084723,0.737794945,0.849414586
PEX11A,61.59419776,-0.006952255,0.078903127,0.737829147,NA
SPP1,970178.1796,-0.013625578,0.057174849,0.738091218,0.849659251
GCSHP3,6.32428122,0.001212231,0.08136921,0.73815286,NA
FBXO4,179.0524285,0.011863045,0.071615165,0.738167725,NA
ADGRB1,25.97298484,-0.003682858,0.080749636,0.738275334,NA
RBISP5,19.35531141,-0.005138934,0.080127233,0.738391202,NA
OSBPL5,111.8961925,-0.009841383,0.075224947,0.738412547,NA
OR8A1,38.37422681,0.005934679,0.07968045,0.738469634,NA
MTERF1,286.3425121,-0.011669414,0.071087111,0.738603583,0.850152587
NBL1,295.0635675,0.012788894,0.068072192,0.738690958,0.850156692
ZC3H13,3836.861541,-0.012382118,0.044934062,0.738933915,0.850339834
C1S,193.453113,0.011039165,0.073398748,0.739137065,NA
TMEM191C,50.82130603,-0.006877345,0.078768986,0.739154732,NA
PRMT6,724.173855,-0.013494826,0.063161263,0.739180791,0.850527444
SSBP2,214.5420728,-0.011912719,0.069158434,0.739386024,0.850667101
TRPC2,13.72082916,0.004822435,0.0803138,0.739711012,NA
NCOA4,12108.71148,-0.012074449,0.04424309,0.739889756,0.851150112
GNG3,19.23907271,-0.004836402,0.080250316,0.739940128,NA
FBXO43,30.24418394,0.006837946,0.079004666,0.740014099,NA
IQCD,8.387526366,-0.003858715,0.080711347,0.740031151,NA
SOBP,414.5147452,0.011953335,0.071313631,0.740063193,0.851174732
LRIG3,686.3219271,-0.013438113,0.065222576,0.740147739,0.851174732
RPS12P3,10.49481664,0.004200272,0.080594243,0.74017476,NA
PPP2R2B,13.60860763,0.004140899,0.080614462,0.740192111,NA
RELN,9.936005823,-0.003789187,0.08072592,0.740194515,NA
TIMM9,314.6820872,0.011860075,0.068452714,0.740230566,0.851174732
MICA,656.9482967,-0.013465018,0.05645663,0.740246795,0.851174732
TCF23,17.15704492,-0.005165855,0.080119112,0.740284256,NA
PARM1,226.2697508,0.010793766,0.070520415,0.740519279,0.851391541
FOXH1,8.438782239,-0.003055331,0.080958712,0.740591325,NA
POLDIP2,2718.877557,0.012134441,0.043368306,0.740644752,0.851439298
ADAM22,28.099059,-0.004893525,0.080182265,0.740692531,NA
CRACR2A,141.8861939,-0.010832437,0.073542415,0.740836727,NA
GPC4,6794.395208,0.013498818,0.056820135,0.740842576,0.851570209
SAMD13,9.656995836,0.00334471,0.080899823,0.740932623,NA
DDX50P1,20.20369339,-0.00565448,0.079789048,0.74107346,NA
NCKIPSD,905.9961574,0.013542794,0.056477676,0.741141917,0.851817767
MIA2,949.1603284,0.013393573,0.062609752,0.741273677,0.851872684
LEF1,7.111824204,0.003336468,0.080911542,0.741478071,NA
C3orf33,72.27132866,0.007835542,0.07813077,0.741538625,NA
MAP4K4,6669.503864,-0.011154245,0.037849834,0.741569337,0.852054102
PDCD6-AHRR,13.64480498,0.001249793,0.081363325,0.741589241,NA
INPP5F,770.2864664,0.013213726,0.063071939,0.741599533,0.852054102
ANGEL2,692.9470334,0.01319522,0.063189655,0.741926763,0.852333532
TRMT112,1874.270349,0.012212613,0.043970359,0.742134534,0.852475678
NME8,35.96145807,0.006463326,0.079264923,0.742350041,NA
ZNF816,120.8011228,-0.008850232,0.076748252,0.742586973,NA
C12orf60,52.04259336,-0.007658648,0.078079612,0.742865363,NA
FBXO27,129.0024387,-0.009054829,0.076447943,0.743114689,NA
MGP,12.33697541,-0.003715397,0.080726665,0.743208067,NA
FAM83F,26.91886194,0.005719278,0.079758871,0.743361877,NA
MAP1A,122.9020598,0.009925322,0.07522944,0.743627001,NA
FAM114A1,461.9743551,0.013118504,0.065076394,0.74364174,0.854093242
LTB,54.54429521,-0.008027571,0.077675794,0.743651345,NA
AMIGO1,60.66529797,-0.00736941,0.078371813,0.743705392,NA
NYNRIN,273.7015407,-0.010778544,0.073098821,0.74371112,0.854093242
CIBAR2,9.922499147,-0.003716609,0.080716195,0.743763976,NA
ZNF888,108.4890096,-0.010000495,0.074831007,0.743782071,NA
MATK,3466.991666,-0.012552091,0.049633539,0.743956358,0.854242096
SYTL3,1203.466706,-0.013254723,0.056755865,0.74400916,0.854242096
ZNF137P,19.2466879,0.004887087,0.080230277,0.744100294,NA
AFF3,23.95554896,0.00439511,0.080450828,0.744103223,NA
FBXO48,127.3693564,0.01085886,0.073184746,0.744323379,NA
DNPH1,1642.727159,0.012463963,0.046778913,0.744366156,0.854555261
KDM4A,1744.235298,0.013213731,0.053207376,0.744509215,0.854622776
ERO1A,2139.987926,0.013413107,0.050863103,0.744622216,0.854655777
PPP1R3G,26.40953931,-0.006415567,0.079438379,0.74462566,NA
IZUMO1,11.85467598,0.004161621,0.080546903,0.744754981,NA
LRBA,1059.149226,0.013189389,0.062383966,0.744800792,0.854764027
SCAI,164.6384733,-0.006859456,0.07863979,0.744851131,NA
BORCS8-MEF2B,88.48217951,-0.005757072,0.079618755,0.744866647,NA
SLX9,691.738565,-0.013363759,0.060245865,0.745082345,0.854918035
SMARCC1,2696.141943,0.01300667,0.051861597,0.745103544,0.854918035
CDC14A,214.0955424,0.00989189,0.075138809,0.74530465,0.855052066
CDCA3,439.922345,-0.011785939,0.064776515,0.745614913,0.855246061
TVP23C-CDRT4,159.3868675,-0.009636582,0.075338637,0.745641745,NA
MRPL49,1139.771141,-0.013191559,0.047936714,0.745766663,0.855246061
PMS2P1,55.4564178,0.008624004,0.077028485,0.745811686,NA
GDNF,12.25438663,-0.004002015,0.080587031,0.745828126,NA
METRNL,2703.784792,0.01323065,0.055152144,0.745838095,0.855246061
GAN,329.2849065,-0.009991576,0.074716427,0.745859283,0.855246061
ACADSB,509.583844,0.012324785,0.068509865,0.745895298,0.855246061
BMS1P4,86.4791068,0.009303065,0.076118778,0.745920127,NA
NOL3,135.5729845,-0.011103457,0.072066226,0.746139452,NA
TRAP1,3311.870766,-0.011930421,0.043826293,0.74620253,0.855442939
CENPA,312.0313955,-0.013057202,0.064594733,0.74634173,0.855442939
SUV39H2,246.1982325,0.011270666,0.073177186,0.746357102,0.855442939
GOLIM4,3442.857706,0.012740826,0.049919115,0.746404323,0.855442939
ZNF429,136.9301184,-0.009478037,0.075572295,0.746525806,NA
PPIAP53,32.41583761,-0.006269531,0.079240563,0.746931659,NA
DND1P1,42.37702941,-0.008455028,0.078622397,0.746968063,NA
TNRC18P1,9.668241396,-0.003675608,0.080726363,0.74712888,NA
NIBAN3,56.73827359,-0.007239376,0.078349367,0.747135763,NA
ASB13,1039.821531,-0.012866081,0.053012987,0.747290522,0.856014099
RPA1,2276.064175,0.011976929,0.063620246,0.747295714,0.856014099
ERG28,434.6151707,0.012858942,0.064467755,0.74734493,0.856014099
ARHGEF3,2369.145741,-0.012246959,0.049030587,0.747410741,0.856014099
EYA3,1213.657067,0.013467276,0.059556042,0.747446491,0.856014099
HS3ST3B1,456.0125306,-0.013128768,0.06447566,0.747477903,0.856014099
HDDC3,291.8409232,-0.012599135,0.066120709,0.747493385,0.856014099
ABHD17AP1,8.537194169,0.003299587,0.080885515,0.747500271,NA
CCDC188,13.84105864,-0.004237509,0.080480524,0.747538506,NA
SHANK1,15.42834362,0.004434874,0.080420519,0.747685083,NA
PELO,491.2578079,0.012974835,0.063556966,0.747685822,0.856137824
HOMEZ,492.9048965,0.012750434,0.065020245,0.747900544,0.856287034
HSD11B1,250.0623441,0.010018191,0.074704639,0.748038321,0.856348124
TEAD1,128.8913292,-0.008714887,0.076726115,0.748119047,NA
KIF1B,3209.239616,-0.012960867,0.053866247,0.748247866,0.856457613
ABCA6,207.809084,0.010747,0.073377694,0.748302822,0.856457613
ENTPD7,434.598679,-0.012567245,0.06595077,0.748494634,0.856580502
CERS1,73.8810135,-0.009385356,0.075614305,0.748623506,NA
PGD,8653.277001,0.014085674,0.055337247,0.748735832,0.856596882
PHF19,1681.077685,-0.011911493,0.046960535,0.74874285,0.856596882
NUDCD2,720.3131135,0.012646664,0.065246613,0.748762279,0.856596882
MED30,203.4308121,0.011280298,0.070326753,0.748771467,NA
SLX4IP,214.7400738,0.012135928,0.069176073,0.748993775,0.856765094
DPY19L2,27.20295958,-0.005680078,0.079624488,0.749067356,NA
PKIG,133.8117763,-0.010182629,0.073062709,0.749136638,NA
DOCK6,234.8321083,-0.006107108,0.079293177,0.749175269,0.856876077
MYORG,122.395832,0.009037609,0.074415441,0.749408288,NA
PHKG1,25.43090053,0.004613976,0.080249751,0.749517557,NA
SNRPC,1549.001424,-0.012229381,0.050977576,0.749581934,0.857244548
TFRC,16776.45411,-0.012428796,0.056764456,0.749741611,0.857330504
AUTS2,29.12809483,-0.005068498,0.079981728,0.749974045,NA
EMP2,85.96017074,-0.008949713,0.076211146,0.750023376,NA
CWF19L1,330.985713,0.011152559,0.070426364,0.750356682,0.857650351
WDR17,30.74136768,0.005817446,0.079537724,0.750419885,NA
CDKN2A,2074.370585,-0.012266094,0.047990526,0.750432789,0.857650351
IDH3A,1510.17949,0.013083937,0.059110174,0.750433861,0.857650351
C11orf65,24.59087879,0.005401988,0.079817396,0.75053089,NA
LUZP1,1924.698566,-0.011689016,0.043219377,0.750652486,0.857650351
ZNF814,408.3606976,-0.01233501,0.066720257,0.750667013,0.857650351
CALB2,11.56419698,0.003820932,0.080651445,0.750681516,NA
NRARP,17.90323299,-0.005358331,0.079813657,0.750708668,NA
GMEB1,702.0480687,-0.012964651,0.06087512,0.750728588,0.857650351
CCDC170,1002.437121,0.012751922,0.063699847,0.750751573,0.857650351
ZNF608,28.25311986,0.005896611,0.079508577,0.750770814,NA
SKIL,2985.638536,0.012886594,0.060188223,0.750771445,0.857650351
TRIM61,85.73308316,0.00949611,0.075433528,0.750780298,NA
HOXB3,249.457316,-0.010754608,0.071675814,0.750782247,0.857650351
IFITM3P6,10.03629377,-0.00334199,0.080821182,0.750954474,NA
SLC16A10,1074.457652,-0.012450495,0.06611687,0.750984981,0.857785345
TSPYL2,152.0165105,-0.010896778,0.072334434,0.751189339,NA
GMPPB,1010.479065,0.01319646,0.054252291,0.751282762,0.85802886
CHRFAM7A,62.95789839,-0.007007161,0.078488717,0.751284919,NA
KCTD19,12.26348199,0.002537167,0.081075357,0.751438103,NA
ARHGAP6,292.3886531,-0.011952908,0.068445953,0.751471078,0.858147317
NCF1,1636.347956,0.012311784,0.068095194,0.751633425,0.858236095
SCHIP1,20.30250565,0.003575536,0.080745038,0.75169342,NA
ETFDH,839.5268974,0.012613315,0.064284072,0.751766936,0.858254556
TMEM9,577.016899,-0.012922888,0.057120047,0.751818807,0.858254556
TOX2,13.41321181,0.004121339,0.080524919,0.752020796,NA
FKBP10,101.0856094,-0.009039348,0.076256232,0.752210558,NA
CYP2C19,11.58611094,-0.004003507,0.080549243,0.752240092,NA
LDB3,16.76378662,0.003878021,0.080606853,0.752365295,NA
OR2A7,23.71017848,-0.005086101,0.07994475,0.752442824,NA
BST1,137.6132652,0.010186405,0.073885462,0.752480794,NA
TNKS,1020.11697,0.0129586,0.058512528,0.752500376,0.858935954
PLA2G4D,11.42658315,-0.004099926,0.08049362,0.752685928,NA
SEPHS2,4225.763928,0.011406069,0.041222439,0.752837383,0.85913796
SLFN11,3142.785795,-0.012042064,0.046812509,0.75284674,0.85913796
ASB4,24.89081279,-0.005436997,0.079704541,0.752897361,NA
RPS3AP38,8.34443503,0.003421906,0.080809552,0.753064164,NA
ECM2,19.71629742,0.004280232,0.080415211,0.75308319,NA
RAPGEF1,13176.82303,0.012146354,0.043637279,0.753099575,0.859306304
CRB2,6.939007456,0.00284322,0.081007967,0.753162875,NA
ARFGAP3,1188.636111,0.012938458,0.059966311,0.753194341,0.859306304
ZNF501,27.46908292,-0.005644391,0.079562349,0.753254803,NA
PLA2G4B,105.3407357,0.0077847,0.077705177,0.753259312,NA
SCG3,68.50483222,0.008488235,0.076791835,0.753305089,NA
MEGF9,935.2820209,0.0130842,0.058260452,0.753331863,0.859306304
WIPI2,3614.026957,-0.01111714,0.040734778,0.753360661,0.859306304
NOXRED1,20.13447522,0.00501037,0.080059581,0.753374584,NA
DNAJB12,2580.720977,-0.012214667,0.047780699,0.753504418,0.859306304
M6PR,13921.63869,-0.010105658,0.038665566,0.753557502,0.859306304
NOMO1,5781.127336,-0.011255126,0.046941276,0.753587232,0.859306304
CASR,23.45089519,0.005549731,0.079691054,0.753594689,NA
MKRN3,11.43441179,0.003589042,0.080757386,0.753630616,NA
CTSB,173591.6367,0.011495978,0.043014439,0.753765879,0.859413406
MASP2,50.5935796,0.007530782,0.077950435,0.753767881,NA
CBFB,2733.390626,0.012627681,0.053220832,0.753948111,0.859524571
DNAJC22,17.74497236,-0.004482967,0.080285462,0.754017503,NA
OMD,12.7019719,0.004263576,0.080414864,0.754081825,NA
ZNF442,60.78729891,0.008203679,0.077246704,0.754131357,NA
PRRG1,188.2079206,-0.008265551,0.076910066,0.754171977,NA
BMS1P3,26.80373172,0.005977773,0.079414451,0.754244495,NA
FAM83A,21.90309862,-0.002718503,0.080999448,0.754293094,NA
CLASP1,1466.112537,0.012772083,0.055687629,0.754652088,0.860150827
QSOX2,414.5717171,-0.012746724,0.064458624,0.754701702,0.860150827
DCANP1,22.45143344,-0.003006451,0.080923812,0.754734663,NA
AKTIP,314.4509108,-0.011568095,0.069044307,0.754751825,0.860150827
PDPN,911.7806003,0.012539858,0.064455019,0.754894905,0.860217245
C5,240.0993215,-0.011275911,0.068950826,0.755094791,0.860348372
EPB41L5,22.09288625,-0.00361059,0.080673763,0.755417748,NA
SLC27A4,1448.56523,-0.012308665,0.050568195,0.755462664,0.860583392
NR2C1,511.6534543,0.012409138,0.063785601,0.755538015,0.860583392
ABCA2,1216.452031,-0.012278971,0.066889998,0.755555568,0.860583392
RPL21P118,31.57286852,0.005921422,0.079381984,0.755609023,NA
ZC3H12B,13.62916932,0.003487809,0.08076298,0.755885997,NA
TTC4P1,15.12074856,-0.004538539,0.080225113,0.756032414,NA
STAT4,58.51883581,0.007284589,0.078091772,0.756061351,NA
CDCA8,622.2616454,0.014011277,0.06150862,0.756270493,0.861169662
HRH1,237.979398,-0.011426802,0.069635561,0.756296909,0.861169662
CCT6P1,66.29041797,-0.008353559,0.07695405,0.756300617,NA
FERRY3,1034.523249,0.012598526,0.062996389,0.756324972,0.861169662
PANK2,1575.469059,0.012675469,0.05334415,0.756514378,0.861215726
LIMD1,1359.658256,-0.012501266,0.063285771,0.756592857,0.861215726
NDUFAF6,331.6633064,0.012110392,0.06723828,0.756750203,0.861215726
TMEM170A,874.5172019,-0.01274193,0.061694388,0.756798725,0.861215726
DNASE2B,125.4827732,0.009059369,0.074349841,0.756839912,NA
NBPF20,287.1441684,-0.011752348,0.068151105,0.756883248,0.861215726
GTF2IRD2B,301.5082527,-0.011986231,0.066830102,0.756885997,0.861215726
TMPRSS9,36.82769674,-0.005443752,0.079600843,0.756893786,NA
DNMBP,391.0240534,-0.012588383,0.064492106,0.756959722,0.861215726
PLEKHH1,88.45760356,0.007423909,0.07793516,0.757148605,NA
HLA-DQA1,764.3827556,-0.010591354,0.066630131,0.757192196,0.861376254
FN1,429630.7373,-0.012575508,0.059263825,0.757270646,0.861376254
ASGR2,66.64828055,-0.007811352,0.07736105,0.757729768,NA
PSPC1,1449.907191,0.011664184,0.04736222,0.757974845,0.861978838
BNIP1,204.2370415,0.011927431,0.068870594,0.758092307,0.861978838
GFER,722.3733349,-0.011373417,0.07129202,0.758123964,0.861978838
SNCG,94.77318245,0.008464447,0.076741787,0.758186443,NA
SAP30L,806.4786799,0.012589783,0.062576306,0.758226302,0.861978838
OR9H1P,19.7870565,0.005091017,0.079901196,0.758284118,NA
NEURL1B,14.22801853,-0.004448482,0.080253239,0.758297729,NA
ZNF33B,282.1667077,0.008053358,0.077184232,0.758309459,0.861978838
FDFT1,2084.434816,-0.012768305,0.060943194,0.758483014,0.861978838
IFT22,260.7490479,0.010588185,0.072194477,0.758548074,0.861978838
GID8,1736.08131,0.012292693,0.050112547,0.758558135,0.861978838
C3orf18,106.1165448,-0.009395511,0.074737101,0.758618049,NA
SLC13A4,35.21702518,0.005115038,0.079859535,0.758638052,NA
RIMKLB,436.9205197,0.010577308,0.072189181,0.758647422,0.861978838
E2F1,550.330753,-0.012384342,0.06327894,0.758650145,0.861978838
SYS1-DBNDD2,18.12508241,-0.004307527,0.080318155,0.758711064,NA
OR6C74,37.5332141,0.006528496,0.078777194,0.758998833,NA
CYP2D7,67.16942777,0.008405672,0.077073553,0.759002171,NA
DPM3,531.1182039,-0.012354687,0.062722332,0.759349447,0.86267676
PCID2,607.4100409,0.011667251,0.056592457,0.759453816,0.862698713
POLR1B,613.509985,-0.011695994,0.064780508,0.759556782,0.862719068
GRHL1,41.99323656,-0.005421531,0.07958761,0.759792944,NA
KLRC1,10.55407266,-0.003914296,0.080516534,0.75981965,NA
IL1R1,154.3447942,-0.008664658,0.076029868,0.759959146,NA
DUSP5,482.296739,0.012418207,0.061608409,0.760044649,0.863176547
SLC26A7,8.083669624,-0.002517229,0.0810291,0.760093815,NA
STIM2,524.247975,0.012175966,0.063701352,0.760222874,0.863190017
C3orf62,585.804752,0.011810542,0.068358772,0.760226696,0.863190017
GPM6B,14.98629808,0.004734693,0.080099942,0.760245149,NA
CLP1,520.7653457,-0.012469561,0.057266229,0.760432339,0.86328625
TASOR2,1263.481845,0.012369162,0.062611695,0.760481658,0.86328625
MYL11,19.60912716,0.00492461,0.079981085,0.760663644,NA
SMYD5,479.8143435,-0.011844513,0.066591877,0.760716319,0.863439697
WDCP,206.5900619,-0.010629265,0.071275657,0.760850014,0.863439697
ABHD5,833.7276102,0.012265194,0.063660305,0.760872186,0.863439697
RHOH,50.8146829,-0.007651853,0.077543092,0.760887372,NA
POLR2G,1221.676445,-0.012266834,0.054048651,0.76104102,0.86349381
CYSTM1,1058.422382,0.012270114,0.05503887,0.761090117,0.86349381
TRIM72,73.46738037,-0.00783628,0.077130366,0.761344746,NA
CST6,19.20135829,-0.004824167,0.079993276,0.761368051,NA
LRIG2,556.4398598,0.012171798,0.063882403,0.761398458,0.863747031
TNFSF9,357.7417745,-0.012897615,0.065052963,0.761603479,0.863883002
HIPK3,3954.701774,0.013322947,0.05730049,0.761692812,0.863887733
PCDHAC2,24.8563648,-0.003473348,0.080698337,0.761700797,NA
RPL36AP37,987.1667291,-0.012209308,0.063247964,0.761839671,0.8639577
GGCTP1,12.36889223,0.004145178,0.080415006,0.76186574,NA
FAM47E-STBD1,16.12133989,0.003979997,0.080491331,0.76197299,NA
SLC1A3,2437.053275,-0.01231192,0.05816727,0.762026333,0.864072784
TMPRSS4,27.51910442,-0.004262518,0.08028095,0.762217338,NA
PGPEP1,3072.625402,-0.012375039,0.05230324,0.76226759,0.864249741
ATG16L1,669.7862749,-0.011512707,0.067900689,0.76260259,0.864405678
METTL3,729.7491184,0.012243216,0.053588722,0.76264063,0.864405678
RNF34,887.4133455,-0.013241794,0.059126068,0.762717567,0.864405678
APBA2,49.43688181,0.007106578,0.078084342,0.762741305,NA
LARGE1,217.029561,-0.011264184,0.068963767,0.76274598,0.864405678
ALG5,665.2112226,0.012469979,0.05991506,0.762854504,0.864432092
UNC13B,1448.900937,0.010908602,0.043721786,0.762975435,0.864472559
TMEM182,169.2387991,-0.010426753,0.071938816,0.763150549,NA
MYH14,31.93172506,-0.00544815,0.079485245,0.763190313,NA
DFFB,174.1570015,-0.009488519,0.073827458,0.763195835,NA
MTOR,2289.142318,-0.012561858,0.053690973,0.763346006,0.864795833
HNRNPA1L2,113.2597977,0.009222185,0.074904257,0.763396111,NA
VNN3P,10.99416636,-0.003489971,0.080681329,0.763458414,NA
CEBPE,30.44118295,0.005722102,0.07934601,0.763743711,NA
GGN,13.78942081,-0.003307787,0.080743534,0.764026418,NA
GALNT12,1837.183677,-0.011909539,0.059747363,0.764036523,0.865481462
TUBG1P,10.48410418,-0.003442655,0.080690934,0.764090883,NA
IL27RA,982.9277072,0.012599485,0.054920753,0.764179099,0.865546313
HSD17B8,74.99073967,-0.008793023,0.075493982,0.764262748,NA
CSTF2,472.1453891,-0.012194909,0.062852525,0.764438011,0.865742903
TBL1XR1,2162.839305,0.008491163,0.075194115,0.764895428,0.866164236
JCAD,10.98829435,0.002628533,0.080979662,0.765043265,NA
FAM110D,8.684804176,0.003317916,0.080772501,0.765264473,NA
OASL,999.0285674,0.007775219,0.077179,0.765344177,0.86657566
NAT1,182.5283672,0.010058462,0.073334519,0.765599251,NA
PRRT1,12.71208827,-0.004057722,0.080380897,0.765762226,NA
ADCK5,364.5622225,-0.010657074,0.065813676,0.765764289,0.86695457
DSP,117.5669913,0.007098875,0.077952103,0.766167475,NA
HK3,7783.26267,-0.009826212,0.041864624,0.766167647,0.867314431
MFAP5,32.37797126,-0.005625282,0.079321767,0.766205601,NA
COL15A1,194.9318744,-0.010592537,0.071350097,0.766472587,NA
ARHGAP8,9.861079134,-0.003571026,0.08060431,0.766515552,NA
CLTB,2082.363009,-0.010860048,0.043224188,0.766575683,0.867679506
PJA1,612.0512943,0.013303221,0.058413731,0.766690826,0.867713013
LRRN3,8.999355287,0.003245782,0.080777867,0.767546255,NA
KIF22,1434.080752,0.011577639,0.049129935,0.767574452,0.868616158
ZBTB25,351.9115183,0.011938377,0.062483084,0.767728268,0.868693313
TSPYL4,381.8091004,0.011230689,0.066363974,0.767823366,0.868704018
ZKSCAN5,506.2143929,0.012090591,0.059184374,0.7680774,0.868894518
ZNF615,186.9081029,-0.009557498,0.07347241,0.768184852,NA
COQ2,717.9491046,0.010637005,0.055065389,0.768214615,0.868952838
FAM238C,7.821785553,-0.003278276,0.080721476,0.768242941,NA
ENPP6,13.34030744,-0.004020811,0.080367374,0.768278261,NA
ANKRA2,360.3009746,0.011830225,0.064104558,0.768382319,0.869040565
PPM1N,123.5235083,0.00986886,0.072836924,0.768426051,NA
REEP2,25.02313592,-0.005144619,0.079658167,0.768443813,NA
PYGO2,1065.53853,-0.011762626,0.059996248,0.768463512,0.869040565
VNN2,172.9457716,-0.009485371,0.073169906,0.7685548,NA
SEL1L2,32.77057472,0.005239608,0.07962421,0.769033163,NA
SOX7,15.65816556,-0.00389806,0.080419279,0.769201027,NA
PLCG2,2098.568618,-0.011595521,0.050052741,0.769278889,0.869802402
COG5,997.2975277,-0.011547059,0.068708061,0.769330703,0.869802402
CELF4,5.551551088,-0.002107451,0.081142439,0.769342502,NA
PDGFRA,65.88821486,-0.007396646,0.07732264,0.769360369,NA
RNF10,3771.914446,0.011452214,0.045634393,0.769428695,0.869802402
PDE3B,1352.190176,-0.010858548,0.06896522,0.769535686,0.869802402
SPTBN1,1230.342654,0.01156166,0.048702267,0.769565907,0.869802402
TRIM68,284.6473268,-0.011337262,0.066675319,0.769694801,0.869851166
STXBP6,16.49676163,0.004466317,0.080120225,0.769853333,NA
NR4A2,76.05309762,-0.008254367,0.076010795,0.769862936,NA
RAB20,1745.993523,-0.011439075,0.049261124,0.770110976,0.870224545
SAXO2,69.84899157,-0.007827693,0.076941875,0.770184758,NA
POC1A,319.0385958,0.01121771,0.067865792,0.770287843,0.870327454
MSS51,67.88021105,-0.007590531,0.077017766,0.77029959,NA
PRCD,49.37838522,0.007482779,0.077309279,0.770375074,NA
SUCLG2P4,9.30781367,0.003484356,0.080651043,0.770464604,NA
HEATR3,927.9823154,0.011806302,0.063027882,0.770637251,0.870454433
SESN2,2136.509546,0.010974789,0.045753767,0.770649548,0.870454433
CEP95,573.0979928,0.01038321,0.05640477,0.770690257,0.870454433
NR1I3,20.12174862,0.004734299,0.079859866,0.770735735,NA
ASL,977.3786365,-0.011383634,0.053141817,0.770743466,0.870454433
TRAPPC3,1775.276388,-0.011074569,0.046349103,0.77097298,0.87061671
MSL3,1376.563736,-0.011350553,0.061504015,0.771211888,0.870698164
TACC3,2874.395814,-0.011013577,0.049624809,0.771216778,0.870698164
METTL4,264.2482917,-0.010403761,0.070621443,0.771341997,0.870718325
STK32C,221.5820215,0.011116803,0.068874744,0.771406308,0.870718325
ZNF829,59.36416163,0.007574844,0.077266345,0.77152788,NA
ADAMTS19,13.71831819,0.002467017,0.081033726,0.771749425,NA
SDF2,828.3316108,-0.011650778,0.052828087,0.771769305,0.871031134
SCUBE3,36.01010333,-0.006145799,0.078697872,0.771944604,NA
GSS,1490.287228,-0.011252464,0.047930423,0.77201003,0.871163675
NT5DC2,1395.314929,-0.014626165,0.059598639,0.772084389,0.871163675
TLR8,1855.02787,-0.011749747,0.059141786,0.772144381,0.871163675
PEX19,1983.075141,-0.011772638,0.053900664,0.772258077,0.87117156
CYP4F62P,16.44503682,-0.004366825,0.080115253,0.772327251,NA
PIK3AP1,8175.746517,-0.009934558,0.043940774,0.772398541,0.87117156
CABP1,9.990810849,-0.003423551,0.0806469,0.772404147,NA
MTERF3,259.3146276,-0.010810668,0.068323504,0.772409012,0.87117156
SLC26A1,142.4233224,0.009781822,0.072772716,0.772444219,NA
LNPK,1097.118383,0.010604389,0.0692778,0.772725559,0.871431692
DCHS1,123.5451512,-0.008071216,0.078539187,0.772738441,NA
HDX,64.75550493,0.00577036,0.078941088,0.772741082,NA
ECHDC3,165.3562441,-0.010519929,0.069937158,0.772785304,NA
HSF2BP,17.10422393,-0.004149411,0.080160507,0.772854347,NA
ARGLU1,3191.13803,0.009807626,0.058135183,0.772965836,0.871605763
LYNX1-SLURP2,63.62683842,-0.007183021,0.077581779,0.77306033,NA
ITPR1,1480.686087,-0.011170553,0.049883584,0.773213085,0.871787655
WDR46,1186.24499,0.011571476,0.051887057,0.773317341,0.871808302
LUM,75.83753251,0.00500097,0.079707498,0.773357651,NA
DCTN2,2600.634906,0.011232357,0.054596858,0.773582568,0.871938142
TUBGCP3,1409.941807,-0.015973449,0.05892724,0.773604424,0.871938142
PMS2P7,60.79621204,-0.007266147,0.077332366,0.773872273,NA
CX3CL1,10.590728,-0.003534153,0.080595462,0.77387499,NA
C11orf98,774.5298108,-0.011537103,0.058596693,0.773942255,0.872141104
NMNAT3,379.3285319,-0.010770972,0.068220995,0.773956449,0.872141104
AGBL1,14.82036648,-0.002730942,0.080890805,0.774122856,NA
SPRY4,65.03218217,0.005350165,0.079447416,0.774197329,NA
TRIM24,751.2282434,0.01168864,0.056260931,0.774433579,0.872520638
MRAS,2734.414061,-0.013665968,0.060249023,0.774592805,0.872520638
TLDC2,192.4948308,-0.010347173,0.070444984,0.774770565,NA
NMRK1,352.1023993,0.01128216,0.065870298,0.774820612,0.872520638
XPO6,3766.058997,0.01109965,0.046216591,0.77492157,0.872520638
IAH1,611.1344822,-0.011570818,0.061434793,0.775009196,0.872520638
FHDC1,19.85832138,-0.004882936,0.079710578,0.775045342,NA
ADAM1B,6.75866766,-0.00290784,0.080854944,0.775117128,NA
RBM12,1575.310352,0.011654973,0.054831459,0.775141782,0.872520638
RALGAPB,1695.855983,0.011333495,0.050411498,0.775226847,0.872520638
A4GALT,28.61896297,-0.004450518,0.07998281,0.775231621,NA
SMNDC1,679.6533024,0.011537138,0.06219919,0.775323087,0.872520638
PLEKHA3,475.9196841,-0.008555446,0.074591979,0.775366755,0.872520638
STK16,589.7045797,-0.011708602,0.06252581,0.775374427,0.872520638
HUS1,458.3231078,-0.01108685,0.066215831,0.775391944,0.872520638
ZNF3,472.1513504,-0.012705839,0.065505624,0.775529166,0.872520638
CFDP1,853.4088717,-0.011698515,0.058124922,0.775547855,0.872520638
ADK,1065.333741,-0.011797132,0.054064295,0.775556539,0.872520638
POLR1HASP,9.744598252,0.003291855,0.080709807,0.775579882,NA
ZCRB1,918.2773872,-0.01235567,0.055930654,0.77564611,0.872520638
SERTAD2,1224.797724,-0.011416229,0.052262391,0.775669471,0.872520638
ZNF260,413.9758123,-0.010192154,0.070644192,0.77578571,0.872554634
RPS2P53,11.34958068,-0.00380226,0.08041948,0.775886478,NA
NALF1,8.198094771,-0.002854989,0.080842369,0.776033553,NA
DMPK,237.6644539,-0.010028847,0.071397944,0.776040471,0.872744405
SMKR1,73.94498942,-0.007004712,0.077581788,0.776081768,NA
RTL6,842.9843628,-0.010709203,0.053220191,0.776137406,0.872756662
TEDC2,114.5711768,-0.008064244,0.075921003,0.776201385,NA
THTPA,641.3472258,-0.015148105,0.05502603,0.776252822,0.872789694
RBM45,245.0027208,0.009231432,0.073484927,0.776431733,0.872839656
NFU1,793.5434129,0.012043408,0.057473666,0.776469347,0.872839656
APLF,92.18822001,-0.00861827,0.074834968,0.776483963,NA
ISG20,112.5309727,0.008117758,0.075939414,0.776597891,NA
ANKRD36B,176.7212763,0.009093373,0.073956212,0.776675046,NA
OR5H14,8.528388039,-0.003111475,0.080686712,0.776764014,NA
FAM186B,34.93280284,-0.005934508,0.078756332,0.776799265,NA
ZKSCAN4,362.2002767,-0.011040199,0.066171271,0.776811539,0.87307147
JAG1,758.7741772,-0.011790455,0.063516183,0.776847702,0.87307147
SLC25A37,912.4286582,-0.00995023,0.07006109,0.777129236,0.873291123
AK3,1026.565712,-0.011849969,0.05865314,0.777299372,0.873385559
HSFX2,6.279810137,0.000750179,0.081396974,0.777332965,NA
LEPROTL1,1473.484822,0.011524164,0.057863152,0.777390284,0.873390967
SMYD4,570.7898209,0.011202604,0.064503762,0.777515084,0.873434442
DPRXP4,16.17171466,0.004510681,0.079985475,0.777870577,NA
BACH2,26.6935734,0.004458598,0.08000985,0.778040158,NA
TINAGL1,12.96810927,-0.003910788,0.080311167,0.778097442,NA
PNMA1,2645.797024,-0.010354418,0.043112248,0.778125904,0.873956645
EMC3,1586.620023,0.010493449,0.046578842,0.778152249,0.873956645
STAG3L2,84.97443223,0.00743193,0.076454057,0.778155024,NA
DNAAF1,14.54667841,-0.003775365,0.080364246,0.778263038,NA
TESC,57.1090321,-0.006195306,0.078493198,0.778365938,NA
WDR72,10.52500918,0.002725126,0.080900696,0.778468352,NA
GABARAPL1,5831.697452,-0.010255987,0.045427033,0.778516734,0.874269207
FLT3LG,63.99305995,-0.007479191,0.076638645,0.778669473,NA
NCAPD3,1271.892361,-0.010979699,0.047184166,0.778670541,0.874345138
SNAI1,8.772693494,0.002959603,0.080822658,0.778900038,NA
THSD1P1,14.89511102,-0.003933383,0.080281946,0.778973753,NA
SNRNP35,479.3660735,-0.011066308,0.065253657,0.779133855,0.874732666
DYNC1LI1,1350.815573,0.011437553,0.055002926,0.779188128,0.874732666
ZSCAN32,336.3674549,-0.010344437,0.069282524,0.779301718,0.874763375
DNAH12,15.08634591,-0.004156528,0.080149882,0.779538804,NA
SEPHS1,1052.344115,0.011663033,0.057140258,0.779619322,0.874894862
ARSD,1700.867898,-0.011391414,0.057655162,0.779624893,0.874894862
NUBP1,997.2786973,-0.012251682,0.049435634,0.779677598,0.874894862
TMTC2,22.83168625,0.004190143,0.080154952,0.779842014,NA
RASA3,3170.658666,-0.009794609,0.040261902,0.779935418,0.875087366
IFT46,317.2325121,0.010662586,0.068649082,0.780247585,0.875340798
ABI3BP,20.89480133,-0.004349875,0.079931876,0.78040163,NA
ZNF70,230.0201857,-0.009502759,0.072255769,0.780431161,0.875449928
SRSF1,4225.397284,-0.010638094,0.049735863,0.780579752,0.875519793
B9D2,225.7049263,-0.01033921,0.069138478,0.780692562,0.875549513
ZNF516,820.3933419,0.010467645,0.068648332,0.780837632,0.875615404
ARMCX5-GPRASP2,9.525422838,0.002051532,0.081143993,0.780871814,NA
NECTIN4,493.1768168,0.010705815,0.067584813,0.780948865,0.875643339
KLF5,24.44261842,0.004490295,0.079971417,0.781086462,NA
ZNF718,104.2373345,-0.008704797,0.074212141,0.781445061,NA
MZT2B,2068.120576,-0.01064241,0.047237568,0.781506197,0.876013797
PTPN1,3346.142032,0.010921927,0.047961237,0.78154438,0.876013797
ABRAXAS1,291.5150045,-0.010005124,0.070356729,0.781563356,0.876013797
MGAT5,2868.618798,0.011334296,0.059232605,0.781624692,0.876013797
CYTIP,677.1266848,0.011306979,0.057932441,0.781843882,0.876156424
TIAL1,2208.011815,0.011350675,0.046696165,0.781924695,0.876156424
PPARG,1926.357964,-0.011268076,0.054179781,0.782122208,0.876280945
LAG3,23.76215559,-0.004862722,0.079567185,0.782238777,NA
TLCD1,32.26516869,0.005684361,0.07891069,0.782252492,NA
C6orf226,105.6031691,-0.009224251,0.072829317,0.782275136,NA
THSD4,11.24320924,-0.003431189,0.080550851,0.782350042,NA
RHBG,9.112345204,-0.002631715,0.08089789,0.782368294,NA
PARD6A,39.90468566,-0.006327733,0.078136248,0.782571819,NA
HHIPL1,67.56240449,0.007731507,0.076243534,0.782724051,NA
TCP11L2,279.3751111,-0.008568509,0.067921785,0.782730969,0.87672204
TMEM230,463.4340808,-0.01025837,0.068832365,0.782759824,0.87672204
PALS1,746.287066,0.011466964,0.058022592,0.782892596,0.87672204
EED,683.5392516,-0.010922383,0.066296911,0.782957383,0.87672204
RBM4,1721.038296,0.011962681,0.054762999,0.783078842,0.87672204
TMEM266,103.4373163,0.008337866,0.074498417,0.78319764,NA
IGBP1,1125.560684,-0.011146131,0.058703445,0.783204347,0.87672204
CYSLTR2,18.49546954,-0.00316713,0.080660791,0.783205972,NA
EIF4E2,2672.451849,-0.0099374,0.042270851,0.783213688,0.87672204
GEN1,605.8134,-0.011086711,0.061746533,0.783223952,0.87672204
TBCE,421.7860557,-0.010281401,0.068641629,0.783293755,0.87672204
ARMH4,99.14870047,-0.007911164,0.07546767,0.783605522,NA
RHEB,3264.84377,0.010880654,0.049748407,0.783620856,0.876943659
PTPA,4360.487161,-0.010430014,0.046418695,0.783664656,0.876943659
ARHGEF38,9.794213726,0.002586722,0.080942948,0.783678395,NA
CHAD,92.82177502,-0.008337515,0.075224491,0.783707293,NA
SLA2,14.58141149,0.003659712,0.080428821,0.783801638,NA
ZNF419,176.5947005,-0.009732108,0.070918474,0.783825062,NA
NDUFAF3,998.8273323,0.011403196,0.052765373,0.783949298,0.87708711
PHB2,3340.121045,-0.009566634,0.039968194,0.783972745,0.87708711
ZRSR2,891.2709514,0.011206171,0.059589326,0.784131657,0.87708711
NPTX1,20.02343498,-0.004377683,0.079941498,0.784175758,NA
POLR3GL,931.4768425,-0.010422534,0.051585959,0.784186408,0.87708711
RMDN2,196.9805538,0.009498888,0.071929498,0.784226611,NA
AKR1B1,8105.082929,0.011239767,0.057082121,0.784241148,0.87708711
TMPRSS5,25.16466377,0.004163964,0.080100923,0.7843015,NA
APP,17719.25267,0.014853983,0.05626173,0.78431163,0.87708711
CDC42EP4,163.0514737,-0.008082454,0.074835893,0.784839831,NA
APBB2,667.2688239,0.010874413,0.064299163,0.784880289,0.877626285
ZBP1,22.35845948,-0.004413305,0.079878361,0.784937967,NA
KIT,22.1193508,0.0033811,0.080559988,0.784992019,NA
PPP1R14C,49.33394369,-0.006394691,0.077478341,0.784999184,NA
SHLD2P1,5.910853413,0.002283849,0.081039928,0.785192722,NA
TCEANC,89.55131092,0.006884697,0.077371483,0.785214546,NA
PIGU,404.1838154,0.010937765,0.064301605,0.785332121,0.877969763
NEFH,735.1184489,0.010989851,0.059766857,0.785360571,0.877969763
C1orf116,10.61475699,0.003333972,0.080600117,0.7853655,NA
HYDIN,19.30355186,0.003660206,0.08041733,0.785715114,NA
CLASP2,1526.555658,0.012205992,0.064971338,0.785766369,0.878326617
TMED6,15.54287352,0.00392139,0.080258176,0.785794601,NA
PTGIR,67.06161493,-0.006461755,0.077801967,0.785848356,NA
FADD,1057.903435,-0.011017798,0.053643357,0.785878967,0.87835569
LRRN2,14.71818821,0.003349874,0.08058545,0.785992614,NA
GPT,89.48212597,0.006741566,0.077551263,0.786231336,NA
ELMO3,123.7363223,-0.007963637,0.07522668,0.786296096,NA
EML4,8799.000293,-0.009700544,0.04682254,0.78630621,0.878689767
IDS,5203.58123,-0.005691797,0.051236794,0.786351115,0.878689767
OR1D2,77.13027952,0.00981728,0.075490495,0.786440649,NA
PRMT2,3083.86358,0.008750523,0.038009534,0.786555713,0.878821584
NT5C3B,310.0572282,-0.010472996,0.066538528,0.786657484,0.878838493
FNTA,1891.247638,0.010553979,0.055708298,0.78678002,0.878878595
SEPTIN3,312.383428,-0.010464918,0.066051461,0.786937722,0.878957967
IL1R2,13.83201793,0.003528713,0.080477635,0.787098297,NA
PHC2,3597.277255,0.010427486,0.047267957,0.78712386,0.879069078
TRIM31,11.03614605,-0.00334898,0.080549746,0.787322125,NA
NR4A1,66.62131134,-0.007457402,0.076245368,0.787474003,NA
AR,162.3808106,0.009429055,0.07188613,0.787491138,NA
DCAF6,1862.632341,0.011131652,0.057198737,0.787588328,0.879413468
TMEM237,281.6517381,0.010275464,0.070064664,0.787605614,0.879413468
RNF4,2560.908003,-0.009247461,0.046294569,0.787708483,0.879431527
HSP90AB2P,7.192420791,0.002782798,0.080844233,0.787736038,NA
TXNRD3,268.4150811,0.01054324,0.067158741,0.787826748,0.87946677
PLAC8,38.32904602,0.005466406,0.0789771,0.787926879,NA
TSPAN17,1617.093695,0.010084864,0.044876564,0.788170649,0.879753859
RPL18,8685.072863,-0.009380945,0.044586028,0.78835978,0.879796606
SLC35B4,1032.050155,0.010863378,0.063689394,0.788382408,0.879796606
TM7SF3,2063.581772,-0.011585579,0.06080086,0.788633051,0.879979503
ZNF185,26.21964721,0.005155242,0.079263432,0.788711952,NA
NT5M,32.23966849,0.004826908,0.079529251,0.788731685,NA
CERT1,4826.653411,0.010767573,0.054022028,0.788830603,0.880103128
KL,13.50353022,0.003834004,0.080291424,0.789006221,NA
ZBTB2P1,12.2481819,0.003470625,0.080496532,0.789008622,NA
SMPDL3B,9.125350271,-0.003277752,0.080570102,0.789085645,NA
SDC4,1244.421143,0.010868989,0.054297602,0.789307239,0.88043159
CHMP2A,1633.128301,0.010744994,0.05191636,0.78931942,0.88043159
CD163,17805.0123,0.020964986,0.056006904,0.789428342,0.88043159
MARCHF5,1129.298037,-0.009800117,0.066376221,0.789607832,0.88043159
DCLK2,330.9955169,-0.008518306,0.073252597,0.789629061,0.88043159
ZNF490,206.7456852,-0.00823218,0.0744059,0.789751932,0.88043159
OAS3,13435.76948,0.010652585,0.065797927,0.789753992,0.88043159
RPL39P40,26.23017084,-0.00482203,0.079465975,0.789826272,NA
FOXK2,2491.057851,0.012219982,0.051233229,0.789874062,0.88043159
AP4B1,548.364803,0.013067238,0.062423662,0.789906141,0.88043159
ARHGEF10,102.3385638,0.005204506,0.079167328,0.789972799,NA
COL5A3,221.0950017,0.008420889,0.074190096,0.790068297,0.880515579
DDX10P1,21.98600584,-0.00457446,0.079665528,0.790131668,NA
ZCCHC2,2556.875272,-0.010798955,0.055583564,0.790175269,0.880538057
RTEL1P1,13.41985435,0.003827542,0.080260355,0.790258838,NA
NAV2,27.81384086,-0.003051514,0.080660177,0.790304907,NA
CACNA2D2,10.0556291,-0.003072954,0.080654744,0.790331955,NA
JMJD4,461.4393853,0.010732473,0.06279207,0.790421436,0.880657036
ENO2,351.5836751,-0.010259206,0.06667837,0.79045567,0.880657036
SAR1B,1282.065609,0.010859407,0.056916071,0.790629643,0.880706514
SDHB,2669.808583,-0.009174767,0.039660264,0.79067372,0.880706514
PPP4R2,1395.675294,0.010846478,0.057953572,0.791018043,0.880993305
KIF16B,809.8149056,0.010133627,0.069147219,0.791142733,0.881035446
COL8A1,16.90048412,-0.003736858,0.080245179,0.791235352,NA
TCF12,2289.283261,-0.010873651,0.055006892,0.791301297,0.881115297
ZNF451,1081.345033,0.010850621,0.061276434,0.791433075,0.881142453
SMC4,2982.190862,0.010740253,0.050494901,0.791499411,0.881142453
TMEM213,24.60629565,0.004868967,0.07945045,0.791643398,NA
CERS5,1392.863802,-0.013920595,0.056479648,0.791646063,0.881209005
XPNPEP2,15.1869889,0.004059155,0.080085554,0.791772738,NA
H1-2,247.3449256,0.008369076,0.072666451,0.791810525,0.881234136
B4GALT4,446.6636788,0.010655549,0.063293188,0.791881502,0.881234136
KCTD21,383.6618139,0.010555314,0.064521946,0.792059461,0.881234136
SLC6A16,18.74632268,0.002842454,0.08078254,0.792072414,NA
TNPO3,2445.466597,0.00967622,0.043211995,0.792079796,0.881234136
ELL2,3772.555525,0.010890655,0.057035964,0.792103002,0.881234136
MMP25,61.15570853,0.007140512,0.076603201,0.792128262,NA
TSACC,11.10978728,0.003211775,0.080594209,0.792168146,NA
AKAP5,67.86526988,0.006837107,0.077096757,0.792297156,NA
BBS2,718.4067164,-0.012135569,0.051558723,0.79253383,0.881529358
AKR1A1,5410.04944,0.008381976,0.035701028,0.792626689,0.881529358
LRIF1,488.3242928,0.010676134,0.059928668,0.792629069,0.881529358
MXRA5,202.1187691,-0.008475591,0.073294763,0.792803791,NA
ZNF232,199.760019,0.010256617,0.067337901,0.792902366,NA
PHLDA2,95.89473304,0.006841868,0.077019858,0.793156307,NA
AFG1L,213.4900138,0.009153446,0.071622495,0.793264348,0.882139175
SIMC1P1,34.26178988,-0.005065299,0.079137835,0.793307872,NA
SGPL1,4025.566433,0.009911946,0.049314391,0.793676611,0.882500882
PRKAA1,1742.701576,0.010797742,0.052008127,0.793897864,0.882541428
KANTR,238.7380644,-0.009283532,0.070747119,0.793960851,0.882541428
ANKAR,55.84583536,0.00641457,0.077662926,0.793990428,NA
LILRB2,1333.436986,-0.010605687,0.056219228,0.7940116,0.882541428
DAZAP2,6887.461877,0.009792667,0.044584447,0.794061082,0.882541428
APEX2,908.9865726,0.01069037,0.056676789,0.794253887,0.882625049
RAD50,1466.612727,0.01067779,0.05790597,0.794310338,0.882625049
NQO1,139.9762164,0.008191665,0.074242024,0.794376272,NA
CNTNAP3,22.79208423,-0.001498381,0.08123053,0.794459164,NA
MAGEH1,301.0065663,-0.010037577,0.066662866,0.794610124,0.882861457
IGFBPL1,16.36842431,0.004245632,0.079903969,0.794651442,NA
UNC93B2,8.223651203,-0.002668936,0.080810959,0.794786344,NA
ZNF436,428.9234738,-0.009829089,0.067777733,0.794890097,0.883056682
GPR84,883.2969875,0.010080584,0.069359239,0.794959939,0.883056682
CPEB2,1154.901401,-0.010657058,0.055037832,0.795262365,0.883295898
PPP5D1P,9.286888582,0.003266395,0.080540353,0.795399969,NA
CHIC2,502.5762305,0.010615455,0.058923976,0.795796623,0.883792528
DDX19B,912.6379834,-0.010577634,0.054184961,0.795928029,0.883805821
RAP2B,6604.819565,-0.009757398,0.034527715,0.795982845,0.883805821
DMGDH,8.356634969,-0.00260728,0.080836145,0.796063336,NA
SPDYE21,8.926340809,0.002767449,0.080785775,0.796349779,NA
AHR,2776.05938,0.010919083,0.050468792,0.796521888,0.884307544
INSYN2A,14.26495523,-0.003604655,0.080290148,0.796563602,NA
DNALI1,76.32686978,-0.007194003,0.075973706,0.796609696,NA
MED9,479.1230452,-0.010462929,0.059613548,0.796957347,0.88469417
H2BC6,19.36410682,0.003958626,0.080074465,0.796984085,NA
TGFB2,136.4586598,0.008113268,0.074047281,0.797147015,NA
GRIN3A,129.8047851,0.007939858,0.074619822,0.797225175,NA
TTLL1,146.9438908,0.008767805,0.072018259,0.797572412,NA
KHNYN,4597.863131,-0.01003734,0.052151093,0.797619998,0.885332888
RSPO1,8.241526884,-0.002878092,0.080698863,0.797754398,NA
MAP3K3,2790.398364,-0.009306054,0.042654714,0.797760708,0.885392191
AK3P3,7.296307996,-0.002622869,0.080814707,0.797833248,NA
FRA10AC1,337.0140458,0.009623927,0.06871558,0.797898668,0.885448429
CTAGE7P,7.998230518,0.002702982,0.080804878,0.798024746,NA
PARG,746.1285221,-0.010666607,0.05838148,0.798026969,0.885493937
FITM2,299.3269268,0.01028572,0.063783357,0.798271404,0.885668284
CCDC69,916.6107313,0.010398974,0.062071232,0.79836555,0.885675868
KIF18B,636.085945,-0.009800948,0.066929602,0.79848955,0.885716566
SHBG,11.90158944,0.002227225,0.080992937,0.798547361,NA
RHPN2,37.56463939,-0.005087262,0.078950214,0.798707105,NA
RRAGB,305.4119685,-0.008417052,0.072959108,0.798747849,0.885863467
ITGA3,2443.401928,-0.010521112,0.05878678,0.798796642,0.885863467
LDOC1,22.92604763,-0.003942731,0.079973235,0.79887079,NA
KLF8,96.18236217,0.006567451,0.076469455,0.798907616,NA
LYSMD4,249.0332453,-0.008841543,0.071190941,0.798929149,0.885913564
FZD1,550.7217371,-0.010249371,0.062452568,0.799161781,0.886074665
ZNF704,196.9003974,0.003362642,0.080457276,0.799256099,NA
PRTFDC1,69.10452545,0.006201654,0.077634783,0.799378087,NA
IMPDH1P10,5.335502436,-0.000444873,0.081414096,0.799441266,NA
STT3A,3998.172098,-0.010100927,0.051842813,0.799537725,0.886394611
TAF4,661.4372098,0.00991081,0.065753206,0.799634082,0.88640456
LCN15,23.73405068,0.004306411,0.079755091,0.799670118,NA
MAP9,17.40430653,0.003036737,0.080614128,0.799818574,NA
MARCHF8,1233.190269,-0.010410631,0.061999884,0.799820656,0.886471106
RNF216,1805.834844,-0.010086611,0.052855284,0.799868891,0.886471106
GPR83,15.1805837,0.003704879,0.08019977,0.799970585,NA
H4C12,55.10412804,-0.006481174,0.077022242,0.799974598,NA
TCF20,1346.745598,0.010386455,0.058339219,0.799990176,0.886508667
SEC16B,89.99448132,0.007250047,0.07596601,0.800186413,NA
FAHD2A,565.6061196,0.011044054,0.060740165,0.800345345,0.886805372
SLC26A4,9.349253233,-0.002367369,0.080926013,0.800377281,NA
RANBP3L,17.99473616,0.003614441,0.080231701,0.800398314,NA
VIPAS39,875.4741456,0.010330654,0.055703164,0.800520178,0.886902215
KLHL23,23.87839594,-0.003327263,0.080408581,0.800539709,NA
SGK1,8411.637444,-0.009175413,0.045299709,0.800726722,0.887034167
HLA-DOB,20.33789372,0.004211763,0.079794787,0.800939453,NA
MEIS2,49.73462104,-0.005287798,0.078633783,0.80099849,NA
MICU1,1457.784334,-0.010067561,0.053426992,0.801336592,0.887454966
PIGM,535.2079442,0.010286097,0.05671711,0.801396621,0.887454966
LST1,3503.523622,0.009580666,0.045361775,0.801422402,0.887454966
DIPK2B,29.18733443,-0.004965862,0.079041813,0.801453429,NA
OXCT1,238.8896805,0.008806227,0.071573775,0.801456521,0.887454966
PLAAT4,26.80899793,-0.004037342,0.079860248,0.801563616,NA
TICRR,253.3549786,-0.009335735,0.068925999,0.801619783,0.887538865
CASK,584.404103,-0.010241082,0.060059218,0.80171412,0.88754644
TUT7,1387.881034,0.009355652,0.069133733,0.802001254,0.887767429
FTH1P7,7.419076274,-0.002783879,0.080718716,0.802112241,NA
UBE2CP5,39.13487235,0.005803001,0.078006821,0.802414041,NA
LCP2,5271.85653,0.010096508,0.052647097,0.802448583,0.888165676
TENT5C,8.673505675,-0.00262894,0.080786625,0.802464158,NA
SSXP10,22.97265397,0.004471412,0.079553678,0.802540342,NA
KLHL35,44.76465594,0.005671931,0.078122422,0.802584199,NA
POM121L7P,13.52057019,0.003622373,0.080238189,0.802856766,NA
H2AC13,8.951487031,-0.002969102,0.08059965,0.803092769,NA
SDHAF2,631.320062,-0.009901143,0.058994274,0.803139676,0.88883361
LYPD1,217.3572005,-0.007213551,0.075383035,0.803705887,0.889311248
WHAMMP4,75.05502046,-0.006866108,0.076242243,0.803711938,NA
MSH5,343.9557837,-0.009527364,0.066978907,0.803746601,0.889311248
PXDN,147.4972877,-0.006364265,0.077049592,0.803787361,NA
SLF1,147.6960973,-0.005926723,0.077859421,0.804037943,NA
BBS12,122.6282692,0.008409908,0.072433913,0.804057427,NA
DNAH2,8.437834668,-0.002603927,0.080786644,0.804070846,NA
CXorf38,1248.743901,-0.010031915,0.057082185,0.804076291,0.889407456
NAPB,401.6876997,0.009795028,0.065514493,0.804084139,0.889407456
ZBTB44,1059.198713,0.009716965,0.064178581,0.804096587,0.889407456
EGR3,113.7749784,-0.007560954,0.074677908,0.804302187,NA
KAT7,1352.087585,-0.010105163,0.050689676,0.804328112,0.88953054
SRGAP2,3510.54895,0.008973115,0.053504061,0.804383245,0.88953054
INMT,16.38579785,0.00374499,0.080114753,0.804424503,NA
RPS10,7944.461197,-0.009556421,0.045690024,0.804613311,0.889594535
KATNAL1,308.2410439,0.00930399,0.068598809,0.804616508,0.889594535
WDR88,11.1276057,-0.003077419,0.080531592,0.804625617,NA
HYKK,36.82851664,-0.004952213,0.07891188,0.80467159,NA
GOLGA8N,273.1238626,0.006682263,0.076464879,0.804922583,0.88983595
ITPKA,22.67341963,0.00329495,0.080424912,0.805068399,NA
PRDM14,8.269863618,0.002529301,0.080843299,0.805077402,NA
TCP10L,61.95649087,-0.005802297,0.077801709,0.80510525,NA
UMODL1,135.9766035,-0.007242876,0.075326694,0.805108977,NA
SMURF1,1377.640555,0.010014315,0.05376903,0.805138523,0.88997768
SHPK,742.9488777,-0.009796264,0.052784512,0.805233809,0.889986027
SPATA31H1,37.39947838,0.004955906,0.079031731,0.805529001,NA
PSMB7,3184.183005,0.009035354,0.042550422,0.805535903,0.890222921
GATD3,3067.380978,-0.008530525,0.039960868,0.805707272,0.890276051
BTNL8,22.17603174,0.003735526,0.080109007,0.805736503,NA
MX1,16750.08613,0.007158676,0.075688067,0.805759505,0.890276051
ITIH4,112.4328714,-0.006711365,0.076272237,0.805771988,NA
CCDC62,25.96323891,-0.004249368,0.079597293,0.805940025,NA
LGMNP1,8.032121493,0.002769702,0.080719729,0.805948478,NA
SHISA7,8.248827111,0.002821023,0.080686207,0.80606795,NA
FBN2,32.36963175,0.004273968,0.079671867,0.806108833,NA
ABCB10,937.455279,0.010078551,0.058203243,0.80640179,0.890888669
DSEL,40.59158112,0.004958534,0.078916327,0.806549826,NA
NSL1,891.7212053,0.010035142,0.058143961,0.806620616,0.89103338
SLC10A7,367.64383,0.008241417,0.07259726,0.807042551,0.891351823
PAXBP1,958.1638653,-0.009931461,0.058700125,0.807139379,0.891351823
SIDT1,195.5031069,0.008645057,0.070761722,0.807168073,NA
EPM2A,354.2674261,-0.008535063,0.071148668,0.807172501,0.891351823
MID1,53.02685086,-0.006228943,0.077091331,0.807647754,NA
FAM120AOS,1573.405438,0.009934004,0.053905438,0.807651803,0.891659594
H3-3B,9931.734838,0.010503351,0.048349444,0.807722453,0.891659594
KCNQ3,792.5429747,-0.009582452,0.067008077,0.807798371,0.891659594
MARCHF6,3629.123119,-0.008835156,0.042806448,0.807802807,0.891659594
CBR1,1015.325128,0.010618882,0.054816029,0.8080555,0.89175857
ING3,410.2538012,0.009292092,0.066564697,0.808068294,0.89175857
FAH,662.7554641,-0.009690191,0.063385131,0.808432517,0.891910233
AFMID,355.2260395,0.009586112,0.065314342,0.808454408,0.891910233
IKZF1,3265.777912,0.011541333,0.053366783,0.808469498,0.891910233
STMN3,37.10849879,-0.005436009,0.078143545,0.808523884,NA
TRNP1,99.37788521,-0.007150598,0.074553515,0.808674249,NA
TRPM3,9.676703167,0.002777075,0.080705652,0.808709512,NA
SLC14A1,12.04387588,0.002969314,0.080581747,0.808727325,NA
OR14L1,9.706596518,0.003069658,0.080520039,0.808731557,NA
CMC4,235.0623111,0.009025717,0.068192648,0.808973829,0.892369566
WNK1,7890.7654,0.008680217,0.041610933,0.809097581,0.892409031
CCL8,109.3121991,0.00328436,0.080350455,0.809150734,NA
STS,867.4625592,0.009774975,0.057109249,0.809206107,0.892431698
PFN1P8,43.26946231,-0.005236344,0.078455686,0.809271578,NA
TMC3,20.38932783,0.00393582,0.079788571,0.809409897,NA
SEC61A1,8470.91591,-0.008668342,0.043487005,0.809496259,0.892569404
SLC35E1,2413.792722,-0.009754674,0.05883088,0.809558813,0.892569404
PET100,909.7522757,-0.009724714,0.057110425,0.809594941,0.892569404
ZNF711,56.06391266,-0.00563324,0.07782291,0.810143293,NA
FNDC5,22.05280378,-0.003785334,0.079905719,0.810164922,NA
ADPGK,5677.954598,0.009642352,0.039373098,0.810420098,0.893382034
SGPP2,16.48664008,0.003716325,0.080032643,0.81055781,NA
RAPGEF2,1055.149445,0.008106666,0.072218164,0.810642963,0.893530612
ZNF354B,197.5752779,-0.008572793,0.070170227,0.810659298,NA
PIP4K2B,1746.058735,-0.009721629,0.056626936,0.810914796,0.893733126
SPC24,223.4826541,-0.009124729,0.067725086,0.811174814,0.893922576
HSH2D,24.8301971,0.003557575,0.080105283,0.811225223,NA
TAFA2,24.85764801,-0.004063591,0.079656572,0.811329271,NA
HPS4,1403.92927,-0.009487064,0.051662575,0.811583529,0.894126842
PPP1R12B,322.7694354,0.006990825,0.075428234,0.811602971,0.894126842
MRPL27,734.3198594,0.009473278,0.053543616,0.811624602,0.894126842
AZIN2,280.381861,-0.00639836,0.076294983,0.811782137,0.894203279
ADAMTS9,5.9234701,0.002103019,0.080980198,0.812023978,NA
STARD9,482.8144354,0.009447665,0.064867308,0.81212783,0.894431994
RTTN,485.0504215,0.009183664,0.066714025,0.812244403,0.894431994
SH2B3,6674.421139,-0.008591244,0.042876522,0.812254291,0.894431994
DNAJB1,2501.694299,0.00909101,0.044684742,0.812438131,0.894514209
MTLN,428.7965461,0.009435629,0.065465297,0.812505316,0.894514209
SPRED1,11619.69131,0.009446932,0.051127224,0.812838848,0.894762481
RWDD3,187.1631614,0.00811391,0.072149641,0.812884476,NA
SNTB1,3104.227143,0.009317605,0.047425367,0.812907238,0.894762481
CFAP97D1,20.410972,-0.003663019,0.079887548,0.813059045,NA
PDZD11,600.8878341,0.009538915,0.055901717,0.813188206,0.894877957
SAT2,973.1201879,-0.008854027,0.052091243,0.813188585,0.894877957
ATF7IP2,198.0544307,-0.007969218,0.071177151,0.813241673,NA
PUS7,190.1285898,-0.007563153,0.073576501,0.813334181,NA
CYP2C9,10.60763266,0.002802648,0.0806288,0.81340362,NA
EBI3,85.77314549,-0.006832448,0.075274613,0.81345291,NA
ZNF709,23.87117343,0.003927204,0.079810134,0.813460755,NA
TP63,12.37087215,-0.002583619,0.080711561,0.813513811,NA
TTLL7,10.87704712,0.002505027,0.080810484,0.81353008,NA
COL14A1,10.50951785,0.002796666,0.080689616,0.813727022,NA
CAMKMT,110.0012678,0.007287719,0.073904855,0.813777242,NA
ZNF577,233.7650707,-0.007951458,0.071989765,0.813903373,0.895506107
ABHD14A,236.5881288,0.008928462,0.068129144,0.813935953,0.895506107
SVIL,157.8397684,-0.006787199,0.075387645,0.814011661,NA
CBY1,186.4198195,0.008555696,0.070280615,0.814325578,NA
PGAM5,1018.966326,0.010130323,0.053646027,0.814330819,0.895843382
MEIS3,107.9736265,0.007003954,0.074536825,0.814447081,NA
BEND6,23.05401864,-0.004283752,0.079364817,0.814468794,NA
RNF38,1219.299599,0.00897617,0.06634329,0.814536672,0.895972674
TNFRSF21,1851.606991,0.009548737,0.0522124,0.814665915,0.895975917
ERN1,890.2615059,-0.008608338,0.069175035,0.814716271,0.895975917
FYN,183.3998522,0.006793187,0.075435553,0.814750931,NA
RBFOX1,34.04794605,0.005093118,0.078401898,0.814860881,NA
PIAS2,760.7156551,-0.009426616,0.061555709,0.814973309,0.896161436
CCDC122,133.161045,0.006558489,0.076589512,0.815039767,NA
CAPS2,69.26415706,0.006830691,0.076044124,0.815077929,NA
ITPRIPL1,65.06595069,0.005513015,0.077843809,0.815084205,NA
MFSD4B,582.1654939,-0.007985162,0.073185648,0.815233872,0.896350791
OLA1P3,21.79638402,-0.003729868,0.079891513,0.815360367,NA
BLTP1,1926.03452,-0.00906353,0.048177665,0.815437036,0.896460939
HIBADH,1182.462885,0.009471958,0.05912278,0.815510799,0.896460939
APOM,26.4001901,-0.004384541,0.079196625,0.815858256,NA
ZBTB40,1397.127144,-0.009396722,0.055209492,0.815888738,0.896779214
ZNF19,70.58799831,0.006566072,0.075953528,0.815956755,NA
NCMAP,20.17496195,-0.00412995,0.079476451,0.816124464,NA
SCD5,44.23351317,-0.005480576,0.077799652,0.816305582,NA
RBMS1P1,22.53846487,-0.004182594,0.079436904,0.816308201,NA
RPL23AP4,12.85250688,0.00227894,0.080892197,0.81638332,NA
CCDC12,1204.744728,0.009438229,0.060451481,0.816959175,0.897559889
TTC4,519.4812147,-0.008952841,0.066152087,0.816966825,0.897559889
GPR157,283.765629,-0.006518315,0.076285744,0.817112201,0.897559889
GAPVD1,2280.777649,-0.009400774,0.054696641,0.817126674,0.897559889
ADAT1,864.9754942,-0.009348623,0.059983909,0.817169381,0.897559889
SLC3A2,12587.9699,-0.009543459,0.054772437,0.817173838,0.897559889
MAPKAPK3,6283.065758,-0.007329904,0.036153269,0.817372979,0.897559889
RTN4IP1,263.5543262,-0.008510924,0.068999666,0.817380735,0.897559889
PSMC2,3046.78881,0.008678793,0.044546743,0.817395333,0.897559889
CCDC78,83.71197093,-0.006525447,0.075759879,0.817508906,NA
RAB7B,918.5054993,0.009514236,0.058132119,0.817636383,0.897727403
APOBEC3A,8.808934256,0.002400164,0.080810984,0.817682681,NA
NDUFV2P1,119.4629872,-0.007511569,0.073091275,0.817693827,NA
CUL5,1158.996117,0.007890011,0.068137817,0.817894885,0.897914038
ING2,430.5833386,0.009072979,0.065228454,0.818344487,0.898310407
CFAP70,33.41188404,-0.004033461,0.079497338,0.818394504,NA
LAMA4,19.73299205,0.00363983,0.07997,0.818468338,NA
MTMR14,4010.617876,-0.007693087,0.037214572,0.818632699,0.89852955
GCSAML,17.71474588,-0.003393019,0.080091893,0.818661373,NA
SLC9A6,1596.40711,-0.009200742,0.061058992,0.818909714,0.898639429
CD82,3641.17684,-0.010066032,0.060363567,0.818909985,0.898639429
CNTN2,8.453253713,-0.002505223,0.080717335,0.818923285,NA
PRKCB,1979.744708,-0.008975101,0.049568869,0.819101072,0.898671662
PROSER1,1234.842813,0.011075955,0.059843647,0.81911654,0.898671662
OR10H1,25.97750843,-0.004321126,0.079198549,0.819196758,NA
HAL,70.8199819,0.004702936,0.078741617,0.819216073,NA
TPTE2,9.689678522,-0.002587438,0.080665364,0.819310448,NA
HEXIM1,2263.044092,0.008573743,0.045233779,0.819573041,0.899075259
NOVA2,32.34394596,-0.00235737,0.080784033,0.819589061,NA
AKAP7,297.0219106,0.008833889,0.066236029,0.81966302,0.899076738
SMIM10L2A,7.616227688,0.002083913,0.08096402,0.819671089,NA
ARHGAP22,1180.348508,-0.009101125,0.052414819,0.820100671,0.899399523
COL9A1,14.47591083,0.00302825,0.080406451,0.820102916,NA
ZFP92,231.8638965,0.009523607,0.071684287,0.820203895,0.899399523
KCNK13,2191.602991,-0.009105131,0.045014836,0.820223284,0.899399523
SLC5A5,8.742681986,0.002705832,0.080622957,0.820232933,NA
TMC1,29.83328345,0.003831511,0.079729364,0.820268499,NA
ZNF702P,6.80634253,-0.002178169,0.080880454,0.82026871,NA
MOCS1,122.6079976,0.007342722,0.073566245,0.820322451,NA
NPIPA8,28.21854845,0.00349605,0.080044025,0.820328116,NA
CCDC57,1870.105724,-0.009173414,0.057077764,0.820367094,0.899459987
OR7D4,16.98586625,0.003471164,0.080064476,0.820383773,NA
FAM222A,45.58066561,0.005342995,0.078009687,0.820643777,NA
DNAJC25,436.4066819,0.009125578,0.063106252,0.82064513,0.899667588
CBLL1P1,15.61013376,0.003500661,0.080028871,0.82075689,NA
LZTS1,16.00184088,0.003338753,0.080164985,0.82094693,NA
DDR2,22.83086586,-0.003349017,0.08008539,0.820993485,NA
SLC2A3P1,9.136589727,-0.000369797,0.081407301,0.821019859,NA
PSMC1P1,830.5515416,0.008380013,0.066080581,0.821019988,0.89998128
LSM12P1,158.6312242,-0.006946289,0.07424903,0.821183418,NA
CENPV,113.9929741,-0.007083026,0.073925739,0.821204386,NA
CFAP58,13.17145249,0.002986434,0.080414003,0.821384111,NA
CCDC17,71.9826381,0.005510035,0.076973719,0.82140759,NA
ATP6V0CP1,26.24350006,-0.00341528,0.079369373,0.821445543,NA
APLP2,46691.06807,-0.000723443,0.030880723,0.821630684,0.900530365
GNMT,24.08036707,-0.004211789,0.079242335,0.82184,NA
PAQR4,830.6834715,-0.008149054,0.058261638,0.821873955,0.900530365
FOXO3B,87.46516224,-0.006041459,0.076546634,0.821876445,NA
KCTD7,743.1080373,-0.009021077,0.061819972,0.821892629,0.900530365
RYK,664.1896987,0.008554707,0.066548085,0.821940721,0.900530365
SSH1,4483.017703,-0.008891537,0.062123899,0.821964772,0.900530365
TPM1,458.5986642,-0.008889253,0.063639169,0.822098807,0.900579946
NR3C2,24.36291352,0.003675317,0.079842951,0.822158427,NA
GABARAPL2,1750.290969,0.008739228,0.048656313,0.822382683,0.900793644
SPARCL1,41.44384594,-0.004388918,0.078948774,0.822425843,NA
SCN1A,10.12684633,0.002336753,0.080813638,0.822522251,NA
CLDN14,32.14761557,0.004415159,0.079070507,0.822522829,NA
UBTF,2900.621678,0.008251964,0.04349801,0.822736689,0.901011302
NLRP3,805.8810687,0.009160877,0.060858016,0.822825633,0.901011302
NDRG4,174.7207316,0.007288932,0.073575782,0.822836081,NA
RELL1,283.3423164,-0.008551345,0.067121212,0.82284908,0.901011302
MTCP1,56.93668267,0.004762749,0.078247307,0.822873191,NA
THOP1,1535.099569,0.009223139,0.052293433,0.822936683,0.901011302
NIPAL1,22.86082206,0.002280096,0.080832384,0.822993354,NA
NPR3,14.65087556,-0.002409895,0.080720648,0.823107394,NA
SSC4D,91.18041067,-0.006231826,0.075924082,0.823273363,NA
NUMB,4970.04788,0.008230676,0.043168618,0.823340426,0.901356063
GRIN1,10.92254441,-0.001742575,0.081042366,0.823504998,NA
ZNF677,149.1585101,0.007534477,0.072463747,0.823534167,NA
POFUT2,847.3781744,-0.008590897,0.063221614,0.823551954,0.901481297
ALOX15,8.806002288,0.001839559,0.081023396,0.823657372,NA
DZIP3,464.1797829,0.008996535,0.062207055,0.823699843,0.901481297
ATF3,3159.432111,-0.009158608,0.058246378,0.823754095,0.901481297
ZNF251,371.2756774,-0.003175185,0.066923466,0.823810294,0.901481297
TMEM229B,144.5854687,-0.007650154,0.07166799,0.823976994,NA
DOCK2,4910.218494,-0.00932913,0.056286786,0.82434601,0.901970222
RAB40A,17.10951984,0.003356396,0.080054666,0.82441657,NA
C1orf43,5249.598714,0.008067093,0.042454335,0.824471989,0.90201077
CLEC17A,42.1042134,-0.004861976,0.078301672,0.82473613,NA
UAP1,526.9978748,0.004323269,0.079016739,0.824783516,0.902254285
RNA5SP296,14.86837538,-0.00299901,0.080310806,0.825085753,NA
MAS1,25.57938211,-0.004138267,0.079230524,0.825092097,NA
SGCG,380.8840101,0.008978681,0.061157237,0.825123556,0.902528936
TMEM221,14.36081652,0.003268266,0.080157955,0.825186567,NA
PCDHGA6,9.574399519,-0.002446414,0.080697686,0.825391689,NA
COQ9,1340.768691,-0.008568297,0.048488659,0.825625168,0.902980237
ZNF836,152.3863578,-0.007191334,0.072986259,0.825627441,NA
GDA,9.678538011,-0.002066229,0.080885906,0.825814139,NA
JPT2,1610.117184,-0.008952881,0.058000654,0.825932551,0.90321707
CPVL,3138.642741,0.010288509,0.049679603,0.826019791,0.90321707
PPP3R1,2454.154376,0.008342243,0.046145637,0.82631986,0.903447797
IL17C,12.24914012,-0.002596767,0.080587379,0.826452372,NA
GRIN2A,9.534147383,-0.001836105,0.081001318,0.826580142,NA
PHF2,910.4530445,-0.008830959,0.055453564,0.826914369,0.903806878
MAPK8,576.2816856,0.008592752,0.065885846,0.826927151,0.903806878
FAM118A,558.2846748,-0.008924276,0.062609471,0.826928264,0.903806878
PCDHB13,11.92925582,-0.002762468,0.080456883,0.826999567,NA
PSMD9,1209.467722,-0.008932017,0.056336127,0.827004676,0.903806878
SEMA5B,6.83220073,-0.002011801,0.080840654,0.827155996,NA
GMPR,856.1264834,-0.007724539,0.069366531,0.827370955,0.90406889
SNX19,2461.464251,-0.007864741,0.04414469,0.827436543,0.90406889
DCUN1D4,552.9911637,-0.008351389,0.06726822,0.827511794,0.90406889
ADIRF,8.221356961,0.00253838,0.0806532,0.827888484,NA
MAB21L4,8.942271948,0.002247786,0.080799035,0.827896625,NA
RUVBL1,722.8302515,0.008888376,0.056193496,0.827954392,0.904455024
MYO1A,14.0540039,0.00249486,0.080648469,0.82826447,NA
MIPEPP3,23.85866655,0.003983271,0.079312246,0.828328918,NA
IFT122,2107.076737,0.00857313,0.048786993,0.828393763,0.904837551
MFAP3,853.4291165,0.007957677,0.060796143,0.828546564,0.904907013
INKA1,152.6509633,-0.007175667,0.072383801,0.828553181,NA
MEX3A,63.5328322,0.005144847,0.077174686,0.828794907,NA
C7orf25,246.5254453,-0.00683693,0.073689047,0.828879323,0.905094532
ZNF788P,11.99985447,0.002252261,0.080808943,0.828883447,NA
ZNF160,427.5221713,-0.008780814,0.061279082,0.828934957,0.905094532
NIBAN2,15399.32658,-0.008640024,0.044674275,0.828985932,0.905094532
TG,14.19174457,-0.001920432,0.080913348,0.829078789,NA
ATP5MF,3722.332404,0.008485684,0.049032032,0.829181127,0.905210218
H4C16,39.3681418,0.004484459,0.078825033,0.829360469,NA
RRBP1,8746.962004,0.008791624,0.052242124,0.829440815,0.90539628
CFAP20DC,16.89446921,-0.002978756,0.080223823,0.829669373,NA
CCND3,1202.361969,-0.00868215,0.061819412,0.829790007,0.90567999
SYTL2,12.81431066,-0.00288993,0.080316258,0.829834234,NA
TIMM8A,194.794643,-0.007845776,0.069350548,0.829976651,NA
KRTAP5-9,8.624801498,0.00241834,0.080710073,0.830016311,NA
ATG13,2807.323334,0.008394755,0.048922902,0.830112547,0.905934554
BTN3A3,179.3639946,-0.007012259,0.07273266,0.830124068,NA
SLC7A2,158.259439,0.0077055,0.070487086,0.830427835,NA
OR1A1,41.78950739,-0.004982633,0.077831399,0.830700991,NA
ATXN1,2757.061795,-0.009149534,0.063924931,0.830811442,0.906456638
NONO,9398.442339,-0.007719295,0.048201821,0.830892705,0.906456638
CHAC1,429.3394076,0.007589427,0.071806901,0.830898848,0.906456638
FAM43A,49.07051522,0.005501991,0.077498737,0.830974386,NA
RNASEH2A,451.4258534,-0.008231028,0.063919649,0.830993356,0.906456638
NCLP1,24.3289982,0.003949849,0.079362358,0.831017106,NA
POLR3A,932.6968398,0.008445653,0.054143212,0.83103773,0.906456638
FAXC,16.04735753,0.003055104,0.080231099,0.831140576,NA
IL31RA,11.27164495,-0.001876439,0.0809481,0.831233566,NA
TMIGD3,2312.141075,-0.008917912,0.056020869,0.831415,0.906673774
MRPS26,818.4360424,0.010616357,0.058462353,0.831415561,0.906673774
SIGLEC22P,56.59189651,-0.005463656,0.076912885,0.831504751,NA
PRKD3,1131.172771,0.00869076,0.059827574,0.831587068,0.906763326
SART3,1862.964562,0.007962071,0.044734774,0.831801864,0.906900055
GEMIN7,362.42948,-0.008992853,0.064101518,0.831911137,0.906908076
NUDT13,121.47054,-0.007134083,0.07245155,0.832084736,NA
COL11A2,20.81012984,-0.003078078,0.080129591,0.832121422,NA
ZEB2,7262.435305,0.008365072,0.053731695,0.832175462,0.906908076
NEB,56.46251715,0.0054147,0.077106436,0.832186101,NA
SPATS1,11.82196156,0.002440193,0.0806647,0.832217821,NA
INSIG1,959.8861686,-0.007545539,0.070276451,0.832218672,0.906908076
LRRC14,940.5040066,-0.009392647,0.05827763,0.832356684,0.906908076
SLC2A3,1190.955978,0.00823748,0.064966048,0.832413317,0.906908076
CLCNKB,9.276313687,-0.002515565,0.080578472,0.832424262,NA
CAV2,20.23144825,-0.003374499,0.079851482,0.83242788,NA
SF3B1,7799.88046,-0.008088036,0.047022551,0.832432656,0.906908076
STAM,751.4089892,0.00879301,0.058056008,0.832435045,0.906908076
DTX1,522.4704002,0.007984775,0.068419594,0.832618713,0.907010763
FOS,2349.611422,0.008578696,0.054428454,0.833187823,0.907423632
SLC50A1,1084.228446,0.008559149,0.051226653,0.833206113,0.907423632
KIF6,22.5114005,-0.003066843,0.080079372,0.833218335,NA
ELAC2,2234.137882,-0.008740014,0.059017586,0.833266082,0.907423632
BCL11A,50.92157331,-0.004248262,0.078821053,0.833303493,NA
SPIN2B,99.16103272,0.00560756,0.075898686,0.833365935,NA
NRSN2,403.362905,-0.007377469,0.070609864,0.833552157,0.907479706
WEE1,353.9084563,-0.006662178,0.073560791,0.833581934,0.907479706
MSL1,3125.814211,0.00774759,0.042807959,0.833585952,0.907479706
PPP4R1L,129.2785568,0.00717356,0.071828513,0.833594636,NA
KCNH3,15.06885214,0.001975612,0.080906932,0.833801019,NA
NOCT,101.1142686,-0.006311893,0.074489815,0.833887969,NA
MDGA1,18.48877968,-0.002242902,0.080694197,0.833981444,NA
CCDC93,2719.666292,0.009033598,0.061921033,0.834132631,0.907919603
SLC13A5,7.941739624,-0.001980961,0.080846508,0.834186826,NA
CRAMP1,1154.922542,0.007697951,0.067316554,0.834255262,0.907919603
COA4,734.1599292,-0.008392111,0.057856394,0.834258539,0.907919603
SOCS6,3799.241752,-0.008002828,0.049482033,0.83435136,0.907923214
SMIM35,11.70861554,-0.001857974,0.080939139,0.834360188,NA
FLRT1,24.70478393,0.003693855,0.079551965,0.834485435,NA
EEF1D,5146.828548,-0.008374224,0.051973599,0.834824358,0.908210455
GTF2E1,549.1419204,0.008225259,0.065197137,0.834842907,0.908210455
DDT,1375.550393,0.008625944,0.061101438,0.834883921,0.908210455
KIF28P,13.98510743,0.003103289,0.080107641,0.835057173,NA
ZNFX1,3800.669277,-0.01204974,0.057992689,0.835417671,0.908693637
OR10K1,15.59310285,-0.002837505,0.080278225,0.835427276,NA
MOB3C,909.9337396,-0.007408563,0.051937315,0.836045841,0.909232528
MRPS28,628.0359725,0.009623288,0.060941079,0.836092372,0.909232528
RNF224,19.87380717,0.003424659,0.079786262,0.836174695,NA
TMEM167B,1542.644144,0.008060981,0.049341362,0.836273795,0.909332338
WFDC11,14.64789637,0.003148223,0.080067158,0.836289835,NA
SLC30A8,13.28385221,0.00175537,0.081011203,0.836544394,NA
OPTN,1828.910763,0.008330732,0.05285168,0.836683655,0.909674175
ZNF142,951.6067984,-0.008774548,0.061817564,0.836811866,0.909674175
GIPR,114.5361132,-0.003950362,0.077499634,0.836819307,NA
NKAIN1,13.311642,-0.002468187,0.08055521,0.836843087,NA
CAMK2G,838.4106484,-0.008048805,0.056528478,0.836857197,0.909674175
CTDNEP1P2,10.25273089,-0.002457154,0.080543024,0.836938426,NA
TGM1,30.66215328,-0.003165495,0.079950474,0.836988439,NA
CCDC86,661.2246357,-0.00830978,0.057214829,0.837020385,0.909687992
ASB18,10.77608091,0.002598698,0.080498659,0.837046357,NA
NCOA5,1395.894983,-0.008336555,0.054549312,0.837049262,0.909687992
FAM151B,139.8051264,0.007589935,0.071822618,0.837094914,NA
FBF1,118.7150398,-0.00640424,0.074025765,0.837255198,NA
SLC6A1,21.50125272,0.0034655,0.07971379,0.837296996,NA
HYAL3,120.3999553,0.00643482,0.074130368,0.837312225,NA
GABRB3,91.46860377,0.002043027,0.080871783,0.83735313,NA
PKD1P2,11.49847743,-0.002229786,0.080720757,0.837372897,NA
PTPRM,1438.13106,0.008740358,0.057604355,0.837522794,0.910105113
DENND2A,10.37562515,0.002443835,0.080599369,0.837615184,NA
LRP6,263.7620058,0.003759632,0.07936335,0.837981509,0.910506045
CFP,25.60150803,-0.002866863,0.080189779,0.83810341,NA
P2RX5-TAX1BP3,64.6908311,0.005158698,0.077190231,0.838294263,NA
ARPIN-AP3S2,647.9694861,0.008396819,0.058507279,0.838347342,0.91080598
METTL21EP,10.52346776,-0.002512643,0.080507565,0.838354867,NA
FAHD2B,57.41444134,-0.005253542,0.076830486,0.838359409,NA
MACROD2,39.43018485,0.004068565,0.078958259,0.838658235,NA
FAM168A,2175.488017,0.008481186,0.055360271,0.83870621,0.911098286
OR4K17,51.38688013,0.005181593,0.077526776,0.838723671,NA
SEMA4D,4693.653247,-0.008332388,0.057028101,0.838831032,0.911136308
PRRT2,13.74707542,-0.002565155,0.080447393,0.838846581,NA
PTRH1,276.8493329,-0.007569401,0.068454887,0.838934628,0.911151271
TMEM135,353.8250562,0.006131288,0.074797276,0.839069178,0.911199844
GOLGA8B,375.7892451,0.007552228,0.068988367,0.839212271,0.911257683
TMEM98,14.96225709,-0.002536734,0.08045146,0.839315064,NA
TMEM69,735.6858357,0.008347529,0.056085004,0.839324068,0.911281531
OR2M4,19.46703913,0.003291454,0.07985931,0.839396908,NA
ZNF792,118.7765419,0.006460158,0.073546587,0.839572452,NA
RPL31P46,13.585564,-0.00292974,0.080138176,0.839584975,NA
HTR7P1,94.6267262,-0.006131373,0.074604818,0.839607549,NA
NPIPB15,123.5172141,0.006164227,0.074422313,0.83984224,NA
OGN,28.02573712,0.002765325,0.080321749,0.839850118,NA
HYCC2,540.2152979,-0.007651683,0.06698557,0.83990296,0.91181246
LRRFIP1P1,24.6497312,-0.003474578,0.079534467,0.840431343,NA
SLC2A11,534.740382,0.010773008,0.061934653,0.840433413,0.912290695
TCTN3,934.64962,0.008238033,0.052321604,0.84053522,0.912303582
CXCL12,20.36235131,-0.003110876,0.079918455,0.840779366,NA
RPL17P28,9.899946614,-0.002371085,0.080593676,0.84079585,NA
GFPT2,27.23574241,0.003371775,0.079721442,0.840798153,NA
SLC46A3,670.3901357,-0.008186333,0.056824515,0.840848841,0.91254634
LYSMD1,111.3704371,0.006673207,0.073933007,0.840944741,NA
ERMARD,436.7041619,0.008088948,0.064230935,0.841041116,0.912572963
RPAIN,692.3398018,0.008231091,0.058315638,0.841053295,0.912572963
SLC6A15,12.05548833,0.002401512,0.080550404,0.841083321,NA
TRIM7,33.47158465,0.003617023,0.079455613,0.841213288,NA
GAS7,7278.470344,-0.008058105,0.049934814,0.841341027,0.912787527
CR2,18.76688296,0.003090051,0.080003234,0.841850613,NA
TMEM234,384.7416862,-0.007703745,0.063856001,0.841937164,0.913336605
STX6,3452.742004,-0.007468303,0.050296975,0.84207117,0.913384297
PPT2-EGFL8,8.12608485,0.001527607,0.081099388,0.84248215,NA
FRAT1,293.5913082,-0.007578618,0.066850794,0.842503323,0.913755341
ATP5MGL,8.864234863,-0.00219251,0.080702863,0.842520485,NA
PPP3CA,2097.009832,0.007704338,0.046950416,0.842621029,0.913785302
CNTF,20.10338407,0.003210055,0.079875776,0.842709202,NA
PIH1D2,16.54255496,-0.003025521,0.079967876,0.842774737,NA
RNF212,25.04764014,0.003393991,0.07978644,0.842871746,NA
MMP11,21.27429729,-0.002628642,0.080011892,0.842880725,NA
MRM3,486.0715086,-0.007763127,0.063174154,0.842892845,0.913982365
CYP1A2,26.61774101,-0.003762155,0.079120775,0.84296984,NA
ZFC3H1,1723.181082,-0.0085153,0.053764713,0.843249178,0.914271019
SYDE1,56.42602633,0.004292363,0.078325015,0.843568544,NA
PHF7,193.8866565,-0.006472048,0.069347685,0.843576107,NA
CA11,163.0299847,-0.006136643,0.073926479,0.843586794,NA
OR6C4,13.1415704,-0.002695542,0.080289701,0.843616506,NA
EPHA2,105.22402,0.005324049,0.076433251,0.843660706,NA
HSP90AB3P,14.30758459,0.00267302,0.080349669,0.843813449,NA
ASH2L,1461.226861,0.009358353,0.060816977,0.84382052,0.914792706
TIMM23B-AGAP6,251.8076752,-0.00713888,0.069571028,0.844017612,0.914908598
ZNF890P,10.86573017,-0.00218221,0.080680327,0.844135394,NA
DYNC1LI2,3445.836458,0.007169853,0.042808628,0.844169219,0.914914775
ELF2,784.9324365,-0.007747473,0.055010498,0.844203696,0.914914775
ADIPOR1,3222.559257,-0.006880242,0.04115099,0.844346482,0.914971767
UGGT1,3156.917453,0.007797758,0.05458722,0.844650497,0.915203444
PCCA,808.7701912,0.007944143,0.055542605,0.844842866,0.915218351
DNAH1,620.5821862,-0.0070595,0.070214242,0.844898258,0.915218351
LBH,170.1905461,0.006307837,0.07354497,0.844901422,NA
POP7,531.4396833,0.008390178,0.058741945,0.84497774,0.915218351
NHS,242.7820565,-0.004786106,0.077288582,0.845025146,0.915218351
PFKFB4,854.97218,0.007948213,0.061165884,0.845187115,0.915259628
TNIP3,11.37782048,0.00213739,0.080721111,0.845242746,NA
RBM4B,386.6058935,0.007862682,0.062391053,0.84524371,0.915259628
PRICKLE2,150.7193937,-0.006681873,0.071685743,0.845393637,NA
DTD2,195.6212751,0.007419391,0.069281003,0.845447608,NA
LSM11,181.6137876,0.006913197,0.071115129,0.845503207,NA
SYPL2,73.53922505,0.004459405,0.078029192,0.845617985,NA
EYS,21.51756042,0.003374404,0.079612277,0.845720729,NA
CHAT,15.8068895,0.002618931,0.080365486,0.845784129,NA
IGSF5,22.9343484,0.003613866,0.079476343,0.845864433,NA
STK35,1061.909191,-0.007820547,0.053808176,0.845962972,0.915774083
TGIF1,1143.21179,-0.007205875,0.049826037,0.845969958,0.915774083
NADSYN1,2280.165114,-0.007589846,0.049725015,0.845989642,0.915774083
ZNF175,541.6720287,0.007902084,0.059193305,0.846299504,0.916011755
ZNF841,250.8773305,-0.006528033,0.071137413,0.846450578,0.916077527
IMPG1,9.971299255,0.001715879,0.080982559,0.846535648,NA
RO60,917.2590204,-0.007797632,0.063470562,0.846568725,0.916107654
CLCF1,29.63432466,-0.003317539,0.079536583,0.846604882,NA
RPL3L,24.04598187,0.003064617,0.080063802,0.846886302,NA
LRRC28,1053.450582,0.007949165,0.058500137,0.847101234,0.916519385
ENPP7P11,10.74144844,0.002567216,0.080397926,0.847122699,NA
QKI,9955.792009,-0.006996737,0.043804868,0.847129905,0.916519385
HLA-DOA,79.30689241,0.005230035,0.076410093,0.847365982,NA
CDK8,659.8756993,0.007008869,0.054482201,0.847392896,0.916706146
TSGA10IP,19.54400649,-0.002928056,0.0799773,0.847424956,NA
ASB6,736.6089193,-0.0078282,0.054256018,0.847794892,0.917043227
C1orf56,69.59066193,0.00463382,0.077991832,0.847800118,NA
ERAP1,3296.092153,-0.006888841,0.046075544,0.848049788,0.917161272
DCAF1,1072.143461,-0.00782187,0.05758748,0.848084852,0.917161272
PLA2G4F,9.527078807,-0.002333737,0.080492096,0.848437552,NA
DGAT2,235.8573891,-0.007281065,0.066908108,0.848633912,0.917657223
FRG1JP,14.94950671,-0.002861064,0.08005054,0.848671426,NA
TNFSF12-TNFSF13,14.12357501,0.000603852,0.08138074,0.848774125,NA
CDKAL1,331.0589367,0.007631884,0.063832108,0.848875753,0.917773742
ENTPD4,1552.388316,-0.007504265,0.051740704,0.848949034,0.917773742
DCAF4,309.1464885,0.006694123,0.071176929,0.849029418,0.917773742
NFYC,1751.304934,0.007591734,0.050962107,0.849103565,0.917773742
CD200R1,23.70376691,0.003533785,0.079340264,0.849259142,NA
PSMD2,6590.507537,-0.007312575,0.046867631,0.849284644,0.917871663
FBXL17,689.6411607,-0.007688464,0.061245462,0.849375933,0.917872532
GSG1L2,17.94910442,-0.003137211,0.079830308,0.849449992,NA
NBPF10,649.865727,0.007802382,0.062491515,0.849488035,0.917895892
CDH2,26.81334456,0.003690268,0.079225487,0.849494,NA
AFG3L1P,236.4211189,-0.006772637,0.070132849,0.849978337,0.918327857
DLGAP3,42.63552903,0.004001095,0.078625399,0.850110422,NA
NEXMIF,30.00328633,0.003566483,0.079232909,0.850146851,NA
NDUFA7,487.8469884,0.007610079,0.061794568,0.850759212,0.919052088
COL6A4P2,14.97667769,0.002565905,0.080341989,0.850893444,NA
TMEM165,3710.462679,-0.006069879,0.043034885,0.850924191,0.919052088
ZDHHC4,825.180962,-0.007657968,0.059822668,0.850935079,0.919052088
ZNF610,54.78241867,-0.003897854,0.078574671,0.850956692,NA
FABP7,8.844517381,0.002079676,0.080725102,0.851003362,NA
STK24,3176.353254,-0.007718168,0.050565652,0.85102676,0.919052088
BIRC5,1052.73579,-0.006532034,0.055681404,0.851101667,0.919052088
SP110,2519.221575,0.009048926,0.06207732,0.851216169,0.919077895
AIF1,3589.194123,0.007424868,0.047103389,0.851548618,0.919109217
TAL1,1723.788008,0.007648156,0.057502664,0.851564752,0.919109217
SNX30,3586.903042,-0.006838599,0.043328945,0.851601535,0.919109217
CCAR2,2851.10603,0.007758943,0.059670063,0.851607603,0.919109217
RETREG1,30.68834032,-0.003495374,0.079191684,0.851814264,NA
RABGEF1P1,101.2231663,-0.005510317,0.074846632,0.852000888,NA
SDC1,198.503059,-0.005250703,0.075646168,0.852037517,NA
PDGFRL,33.43677604,-0.00381685,0.078678834,0.852050056,NA
CCT6B,47.62553615,0.004253414,0.078039879,0.852400479,NA
SMIM7,1377.843715,0.007588842,0.0556637,0.852465419,0.919917199
AIFM2,774.322917,-0.008056771,0.057881893,0.852537617,0.919917199
MYO1G,231.0321798,-0.005743495,0.073369328,0.852739956,0.920037663
NLE1,288.4521395,-0.00701504,0.065780461,0.852860216,0.920045828
GBA1LP,117.8503435,-0.005681279,0.074164517,0.852879197,NA
SYNE3,564.6650303,-0.007421113,0.063471626,0.852996995,0.920045828
IGDCC4,15.03014924,-0.002078772,0.080634066,0.853013324,NA
TEDC1,449.722674,0.007547241,0.060251451,0.853053393,0.920045828
COPS7B,1104.10783,0.007836536,0.054784407,0.853110318,0.920045828
UQCRHL,27.70311683,0.002964383,0.079856829,0.853113966,NA
NR2F1,7.375404856,-0.002117694,0.08062825,0.853159678,NA
ZNF786,277.7938283,-0.00694485,0.067960607,0.853201426,0.92004627
EIF2S3,5897.661288,-0.007092207,0.053406301,0.85351743,0.920217712
CCNDBP1,1781.087918,0.007450977,0.049546872,0.853580983,0.920217712
TCTA,968.2439526,-0.007253418,0.050018545,0.85371407,0.920217712
TRAPPC5,1489.630486,0.007512981,0.054824656,0.853723273,0.920217712
DNAH17,89.03946861,0.004200026,0.078064398,0.853840905,NA
PPP1R2,1087.884515,-0.007826694,0.061364327,0.853856554,0.920263587
CDNF,29.76437613,0.003498338,0.079287191,0.853890907,NA
ABCC8,29.63576898,0.003466739,0.079319064,0.853926501,NA
SLC5A2,9.859608656,0.001534924,0.081044907,0.853997516,NA
RFX7,996.4371972,0.008295123,0.064959076,0.854190106,0.920383141
SDF2L1,867.4086652,0.007431641,0.057444447,0.854400389,0.920383141
ITGB3,2551.752513,0.007743322,0.054665603,0.854419148,0.920383141
PARP8,1184.394565,0.00720951,0.049598946,0.85444099,0.920383141
FKBP1B,213.396848,-0.006964375,0.067144828,0.854510514,0.920383141
HMGCL,1389.448381,-0.007454437,0.045622864,0.854511872,0.920383141
SLC34A2,8.775571496,-0.002021774,0.0806815,0.854726145,NA
RABL2B,833.4734937,0.007618997,0.05933452,0.854843105,0.920573928
GTF2A1,1270.713465,0.007471085,0.055576565,0.854957347,0.920573928
STXBP1,660.1832286,-0.007390055,0.05973533,0.854994563,0.920573928
SERTAD1,789.2957551,-0.007451508,0.05393963,0.855052006,0.920573928
CHRNB2,12.8006388,0.00210717,0.08065214,0.85512918,NA
SLC15A1,17.01822067,0.002770105,0.080049142,0.855170758,NA
CRTC1P1,33.0629558,-0.003651172,0.078760235,0.855232521,NA
STAC,1573.991117,-0.007410644,0.054445709,0.855337922,0.920738265
FBP1,7460.417616,-0.00563926,0.049185549,0.85538618,0.920738265
ATP9B,1699.720493,-0.00792846,0.064685986,0.855553018,0.920820139
IL4R,4094.648414,-0.006501004,0.041838858,0.855653245,0.920830312
DUOX1,23.723283,-0.002768403,0.079934251,0.85611279,NA
PCED1B,833.7872862,-0.007494532,0.061156904,0.856265595,0.921391556
DBH,13.82966754,0.002507255,0.080291809,0.856357825,NA
ACVR2A,497.0539635,-0.00702053,0.065656686,0.8563845,0.921421761
MYL3,30.51702331,0.003286837,0.079405709,0.856495792,NA
LDAF1,437.5044411,-0.007123622,0.064881653,0.856648498,0.921608056
CD300C,778.9780793,-0.00739971,0.057186061,0.856918524,0.921749086
CIPC,992.263786,-0.007142284,0.061915577,0.856974554,0.921749086
RPL10P9,257.0286708,0.006691924,0.069641351,0.857210419,0.921749086
SMDT1,733.3972168,0.007399867,0.056375214,0.857229157,0.921749086
GLE1,1312.28856,-0.007587204,0.045745813,0.857233919,0.921749086
VTI1BP2,8.335662851,-0.001975427,0.080683576,0.857318115,NA
GUCY2D,14.86237168,-0.00215378,0.080509086,0.857394796,NA
CSMD3,19.35294991,0.00278937,0.079954448,0.857476991,NA
TTC38,1024.808783,-0.007580197,0.062222074,0.857512934,0.921951373
GPRIN2,21.34567679,-0.003032974,0.07957494,0.857591666,NA
RPL7AP45,20.20056058,0.003085361,0.079568938,0.857681732,NA
ABCA5,145.830829,-0.004970582,0.07577515,0.857836922,NA
COL4A1,598.7510526,0.007023205,0.062674397,0.857852421,0.922218627
OSCP1,52.83294503,0.004098095,0.078072784,0.857870129,NA
DNAAF8,27.51346447,0.002788293,0.079954451,0.85801654,NA
FAM161B,114.8123798,0.005538548,0.073421145,0.858158662,NA
CD2,9.6417747,-0.00213818,0.080546213,0.858309438,NA
GOLGA8R,150.4392052,-0.005885602,0.072657697,0.858353532,NA
POLR2J2,267.9881099,0.005390288,0.074735924,0.85836283,0.92266955
NUMBL,152.3906071,0.004888589,0.076222364,0.858391092,NA
LRRC37A15P,14.86718228,0.002313743,0.080438582,0.858468067,NA
ZNF699,108.3837703,0.003857027,0.078491446,0.858554859,NA
BMP1,1264.229995,0.007491526,0.059116084,0.858566045,0.922790205
MCEE,166.7262218,-0.00641136,0.069747617,0.858796381,NA
GAPDH,34309.57472,0.015424827,0.055920764,0.858875052,0.922926192
MTUS1,1355.867922,-0.00534161,0.055256157,0.859049421,0.922926192
ARMC6,910.948479,-0.006988287,0.064443759,0.859075502,0.922926192
GALR2,11.18563242,-0.001902276,0.080730285,0.859208626,NA
SPACDR,8.036652256,-0.001765908,0.080818753,0.859282641,NA
SPMIP4,239.8659994,-0.005882147,0.0722761,0.859288918,0.922926192
DHRS1,485.0145906,0.007330816,0.057743338,0.859295228,0.922926192
RASAL2,3770.599779,0.007200072,0.056118361,0.859331857,0.922926192
HSD17B10,936.0490551,-0.00736545,0.04924842,0.859399165,0.922926192
HAPLN4,873.275667,-0.007028405,0.061486774,0.859420427,0.922926192
CIDECP1,129.3591834,-0.005792991,0.072721323,0.859802882,NA
CNBD1,8.987301396,-0.001681212,0.080851238,0.859832685,NA
EXO5,215.9546545,0.006847827,0.06623981,0.859887882,0.923257749
ANAPC1P2,215.9984504,-0.006146646,0.070674586,0.859929345,0.923257749
TNRC6B,1771.021475,0.007184629,0.060477357,0.860005951,0.923257749
CTNND1,8183.967702,0.006634786,0.044671717,0.860097476,0.923257749
ERVV-2,8.958673724,0.001993941,0.080680575,0.860152333,NA
NELFCD,1664.488323,-0.00740121,0.060316245,0.860184246,0.923257749
AGBL3,35.46469622,-0.003535211,0.078650534,0.860398068,NA
HTRA3,69.45128533,-0.004895437,0.07588134,0.86043905,NA
QNG1,274.3741484,-0.006562999,0.067998002,0.860614792,0.92352875
SIRT7,1173.631033,-0.006913946,0.063983561,0.860697777,0.92352875
POLR2I,449.8544539,-0.006696227,0.064560498,0.860709858,0.92352875
GLTPD2,138.3634126,0.005690552,0.072392587,0.860892571,NA
C4orf36,85.72268184,-0.005046476,0.075108239,0.860915341,NA
ARFGEF3,36.43112009,0.003210287,0.079358736,0.860996074,NA
ZDHHC19,25.97107342,-0.002967025,0.079584499,0.861130263,NA
EDA2R,65.61271427,0.003962214,0.078112402,0.861235515,NA
ADGRF4,10.26195362,0.002117598,0.080563283,0.861331436,NA
ISM1,20.73542699,0.002891152,0.079782274,0.861364487,NA
PCDHGB8P,6.428139422,-0.001685789,0.080854401,0.861454814,NA
CHP2,21.77123398,-0.00317705,0.07935149,0.861557364,NA
RAB6B,61.70420076,-0.003223824,0.07921762,0.861780429,NA
ZNF101,295.5884739,0.006808521,0.065886718,0.861975694,0.924789152
H2BC18,17.63085419,-0.002424191,0.080183404,0.861998248,NA
ZNF107,380.3970691,0.00661953,0.067558837,0.862078167,0.924801282
C13orf42,10.60244038,0.002194928,0.080502039,0.862297597,NA
HADH,1264.07974,-0.007008198,0.054557621,0.862443113,0.92509495
ARHGEF16,210.7939931,0.007425907,0.069784097,0.862600208,0.925165628
ACAP1,112.8591387,-0.004751191,0.075668148,0.862764948,NA
ZNRF1,224.2230584,-0.005744595,0.072169092,0.862976824,0.92547171
POP5,451.3567292,-0.006923808,0.06214599,0.863291678,0.925644229
AFF1,2914.944429,-0.006882446,0.050863965,0.863320195,0.925644229
PIGCP1,100.6880969,-0.005102549,0.074501659,0.863367502,NA
ZSCAN29,743.3310763,-0.006976619,0.058432909,0.863429635,0.92566373
SLC30A2,23.2005057,-0.002985663,0.079561049,0.863492547,NA
C8orf76,708.0297425,0.006978936,0.055850743,0.863654528,0.925806988
NCF1C,508.1059775,-0.006329167,0.071331307,0.863756463,0.925808559
ACOT11,1005.950897,-0.006665982,0.052244196,0.863838526,0.925808559
RUFY4,11.47434761,-0.001736422,0.080772788,0.863958901,NA
DEFB105A,12.59047499,0.00230117,0.080352716,0.863973146,NA
THRAP3,4281.473177,-0.006404712,0.047850349,0.864021149,0.925900445
SKP2,487.0761508,-0.008389866,0.065361918,0.864106813,0.925900445
NKAIN3,168.4420118,0.006172891,0.070546613,0.864310334,NA
LPGAT1,1953.204953,0.007006579,0.054899313,0.864393965,0.926099438
PDCD6IP,5400.066455,0.00622405,0.04842624,0.864475117,0.926099438
CHURC1-FNTB,17.73459542,0.000652053,0.081355439,0.864516002,NA
FAM53A,23.39728455,0.002679848,0.079935033,0.864594834,NA
MAN1A2,1390.293219,-0.006937858,0.060579167,0.865062809,0.926631166
GSG1L,32.47237495,0.003396656,0.078999383,0.865082328,NA
NRG4,13.98631886,0.001206728,0.081130012,0.865098158,NA
BTN3A1,700.8293833,-0.006457701,0.065332516,0.865345785,0.926836411
HCAR2,43.51293788,0.003698631,0.078377777,0.865392549,NA
HRH4,9.602979116,-0.00192475,0.080642572,0.86580184,NA
ADM5,10.49992552,0.00229712,0.080336152,0.865809224,NA
PEX1,543.876903,0.005803106,0.068591687,0.865851527,0.927280183
GYPC,948.5713645,-0.004472084,0.054566518,0.866020166,0.927327506
NUP85,1234.091507,-0.006685566,0.055064136,0.866078548,0.927327506
LIPT2,105.7919582,0.004763334,0.075377452,0.866129881,NA
PHLDA1,2263.401771,-0.006771501,0.052516953,0.866446387,0.927623446
PROK2,7.270837338,-0.001765574,0.080751947,0.866570211,NA
TGFB3,23.2525039,-0.001618563,0.080828699,0.866674863,NA
COA5,639.4977254,0.006791473,0.062851431,0.866889215,0.927999598
MTND4P12,13.69551994,0.00190677,0.080557367,0.866934947,NA
GAPDHP61,9.855468145,-0.001990026,0.080520554,0.867221786,NA
ZNF772,204.2771434,-0.005547644,0.0723486,0.867343889,0.928388352
ZNF324B,165.5122635,-0.004533285,0.075898341,0.86743514,NA
ABHD11,356.5650005,-0.006437874,0.067646528,0.867507399,0.9284654
GRAMD4P3,7.553208619,0.001782484,0.080773152,0.867642724,NA
ZFP2,30.16976082,-0.003046924,0.079229005,0.867728254,NA
TUT4,1351.070715,0.006459378,0.054194437,0.867789618,0.928480707
VPS50,816.0673143,0.006363319,0.060562626,0.867863253,0.928480707
ATXN7L1,492.2253717,-0.006039959,0.069377489,0.867864845,0.928480707
UBL7,825.5629953,-0.006738286,0.057414617,0.867977191,0.928480707
BLVRA,1278.645417,0.007245993,0.059349091,0.867979352,0.928480707
ACTL10,36.99729104,-0.003499489,0.078468695,0.868236535,NA
ZBTB8A,163.1563948,0.005120308,0.073685281,0.868239387,NA
TBCK,513.149517,0.006623519,0.065017216,0.868350134,0.928779393
TPI1P2,10.23291798,-0.001823723,0.080672637,0.868417087,NA
MYBL1,48.61008337,-0.003389899,0.078615944,0.868523945,NA
CCDC125,395.2174804,0.005967729,0.066715746,0.868571831,0.928918572
ZNF547,75.13239024,-0.003444001,0.078473863,0.868727004,NA
ZFR2,11.68742459,-0.00204553,0.08045783,0.868748871,NA
DSTNP2,45.38405782,-0.003956016,0.077472794,0.868815573,NA
MAP4K1,23.66413956,0.002154885,0.080417773,0.868958434,NA
FNBP4,1949.131941,-0.006659283,0.056961173,0.869121462,0.929408403
GBE1,1126.909868,0.006580614,0.050043289,0.869324085,0.929444036
MRPL37,1747.231295,0.006026265,0.043567531,0.869338034,0.929444036
ZMYND12,17.159899,0.002581052,0.079956164,0.869339439,NA
TTLL11,181.0409043,0.005563431,0.072714177,0.869382639,NA
GNRHR,8.95462242,0.001974707,0.080576827,0.869432279,NA
HIP1R,25.8180499,-0.002537224,0.079866846,0.869489433,NA
COPG2,604.1828749,0.006587355,0.05638149,0.869500436,0.929519699
B4GAT1,476.213199,0.006629239,0.062308755,0.869640454,0.929571418
GUSBP14,87.28387767,-0.004166317,0.076907189,0.869650149,NA
APOL3,93.67771174,0.004222991,0.076989347,0.869781453,NA
ZBED3,749.7174473,0.006366885,0.066187689,0.869815291,0.929660342
SLC9B1,15.35418804,-0.002262179,0.080212621,0.869848625,NA
GTF2H4,555.8365849,-0.006103751,0.062680018,0.869999178,0.929758919
LGALS2,61.14037661,-0.003933319,0.077442455,0.870006095,NA
KPNA6,2161.116992,-0.006075594,0.044708876,0.870169678,0.92984317
POU3F1,73.7994875,-0.003603004,0.078155102,0.870342825,NA
LRRC51,80.25200087,0.004357401,0.076684815,0.870384273,NA
CNST,617.034738,-0.005767366,0.06515871,0.870436569,0.930030394
PCDHB9,19.1991145,-0.001750683,0.080681481,0.87062246,NA
FTSJ1,548.6545416,0.006641829,0.060578249,0.870667422,0.930091567
TMEM168,606.8671798,0.006471416,0.065313361,0.870691309,0.930091567
FPGT-TNNI3K,59.06040513,-0.001307119,0.081012522,0.870697146,NA
THNSL2,120.2386754,0.005254551,0.073280609,0.870751972,NA
ZNF559-ZNF177,20.12504632,0.002221619,0.080328071,0.870831116,NA
CDC42BPB,4928.938233,0.006988771,0.049391817,0.870846234,0.930091567
NUP98,3331.693118,-0.009489442,0.056423737,0.870860578,0.930091567
CKMT2,10.7485045,-0.00140247,0.080961094,0.870937055,NA
GNA12,5607.319474,-0.006684301,0.051050643,0.87103359,0.930178412
RBP5,19.62072026,0.002367384,0.080194986,0.871096554,NA
PARD6G,26.57665415,0.002730474,0.079698367,0.871237359,NA
RRAS2,129.5952346,-0.004653448,0.074897691,0.871245086,NA
REEP5,3779.76156,-0.006124109,0.04647401,0.871566981,0.930650048
CATSPER1,78.95767109,0.004605008,0.075664859,0.87180368,NA
ATP1B2,13.01692974,0.002304471,0.080222763,0.871814263,NA
NUDT18,227.2406919,0.006207452,0.068218935,0.872013676,0.931029021
CHGB,12.03390207,0.002067319,0.080447563,0.872105057,NA
AKT3,283.4685068,-0.006139073,0.067155059,0.872174003,0.931070482
ABCB5,11.92638378,-0.002005401,0.080446147,0.872215386,NA
MMRN2,369.2308134,0.005558711,0.071621515,0.872314495,0.931070482
ZBED6,1413.277836,0.010632866,0.069153451,0.872327864,0.931070482
EBLN2,24.00881113,-0.002694164,0.079632689,0.872387572,NA
DCDC2B,25.7185535,-0.002771867,0.079517716,0.872390099,NA
MTNR1A,20.50933524,0.002707785,0.079690765,0.872447457,NA
TMEM241,110.3005127,-0.004257475,0.076421732,0.87255822,NA
OAF,578.9311467,0.006311013,0.064961433,0.872639599,0.931305217
ANKUB1,12.40932265,-0.001640073,0.080777919,0.87273618,NA
GLB1L,75.66453977,0.004466761,0.075997489,0.872832876,NA
BANF1,2999.291311,-0.005791714,0.042859418,0.872921021,0.931458261
TMEM25,27.07461627,-0.002666949,0.079657055,0.872943958,NA
ISCA2,431.8102195,-0.000819643,0.068535257,0.872966649,0.931458261
ITIH2,10.49971343,0.001926159,0.080566188,0.873061098,NA
COPG1,5069.765017,-0.005096426,0.058574568,0.873063067,0.931463162
TMEM273,1097.506201,-0.006273278,0.057592281,0.87325367,0.931497185
ZNF317,1486.425398,0.006131235,0.046323209,0.873278611,0.931497185
HSPA12B,27.3287337,0.002681321,0.079712043,0.873373399,NA
CATSPER3,17.78463274,0.002573687,0.079842409,0.873591083,NA
ZNF768,1432.984529,-0.005992584,0.047539388,0.873661873,0.931808016
BTD,726.1603988,-0.0052576,0.055901636,0.873794507,0.931816639
PNMA6A,16.48479505,-0.002281493,0.080117439,0.873836635,NA
FUCA1,2792.578619,-0.005804286,0.043305643,0.873853675,0.931816639
CALHM1,9.700195383,-0.001819162,0.080611131,0.873873104,NA
SLC35D2,792.6081471,-0.006511727,0.05378172,0.873992639,0.931866862
CLIC2,9.693002417,-0.001559221,0.080803096,0.874079428,NA
ST3GAL4,187.2019016,0.005185665,0.073253799,0.874149205,NA
RPS2P32,89.20514821,-0.004366909,0.075327555,0.874178553,NA
ALS2,737.9388803,0.006324723,0.064783358,0.874221375,0.931942451
PURA,1260.799088,-0.003048661,0.057139349,0.874247276,0.931942451
MID2,67.40645848,-0.004147309,0.076551857,0.874334158,NA
DCSTAMP,8785.240434,-0.005208871,0.044040554,0.874377953,0.931983814
LCTL,29.31862006,0.002152232,0.08032763,0.874408765,NA
FUT6,14.50785768,0.001975551,0.080497882,0.874697905,NA
ATXN7,1021.153429,-0.00601228,0.066404523,0.875080402,0.932622723
GPR89B,213.2913884,0.00541903,0.071749357,0.875161248,0.932622723
WASH2P,111.4222425,-0.004810632,0.073634269,0.875263883,NA
WNT4,8.634065921,0.001545303,0.080851007,0.875279388,NA
PMS2P3,45.41457247,-0.003571982,0.077885165,0.875280021,NA
DPP10,60.29110337,-0.003932665,0.07700688,0.875367645,NA
PELI1,823.4652734,0.006275937,0.053894498,0.87553221,0.932920035
TBK1,1196.417409,0.00647727,0.059980318,0.875625474,0.932921416
SLC16A4,30.70582093,0.002880138,0.079330298,0.875710949,NA
TSGA10,68.42174474,0.003455609,0.078290279,0.875832477,NA
CAMK1,6232.12061,-0.0060831,0.056393866,0.875836527,0.93304828
GOLGA2P10,9.405720032,-0.001656137,0.080724282,0.875982791,NA
ABCA10,21.16072107,0.001927595,0.08051637,0.875988784,NA
NECAP2,4397.466843,-0.005244203,0.038208809,0.876211689,0.933349929
TTC3P1,43.52072571,0.003866337,0.07730597,0.87622446,NA
TAS2R30,7.888429006,-0.001741029,0.080649377,0.8762809,NA
CBR3,176.5163085,0.00578895,0.06923223,0.876462829,NA
SLC9A7,1468.504475,-0.006365484,0.055522082,0.876553705,0.933582969
FRRS1,764.2857359,-0.00627518,0.065056292,0.876614529,0.933582969
P3H4,63.08549529,0.003750508,0.077547826,0.876701257,NA
CDKL3,71.32778626,-0.003974705,0.07664542,0.876793194,NA
MTCL3,40.808332,0.00279087,0.079434524,0.877044776,NA
POTEH,7.317443324,0.001795307,0.080636812,0.877128024,NA
RDX,3299.695768,0.007685389,0.055759124,0.877240822,0.934054732
RIOX1,572.526749,0.008225208,0.06126244,0.877325706,0.934054732
TPX2,2432.556593,0.005857615,0.046090273,0.877333743,0.934054732
CYB5R2,68.28012973,0.004169106,0.076376078,0.877364599,NA
SIGLEC12,147.1076236,-0.004717922,0.074146594,0.877376675,NA
SPATA13,3414.425772,-0.00578524,0.046544533,0.877430429,0.934059636
CT45A5,7.730860999,-0.001477779,0.080859803,0.87756994,NA
AP3B2,56.82647017,-0.004001868,0.077247612,0.877659275,NA
FAM201B,6.291518336,0.001281669,0.081026528,0.877720021,NA
PIGN,1102.059561,-0.005979173,0.05102676,0.877721079,0.93425323
PDIA3P1,32.71424889,-0.003193199,0.078566917,0.877782501,NA
TOX4P1,6.809673309,-0.001413573,0.080909117,0.877790273,NA
BTRC,602.3741693,0.006075374,0.065377043,0.877796484,0.93425323
SEC14L6,21.75709967,-0.002422715,0.079826904,0.877904246,NA
SLC35E3,966.092695,-0.006160933,0.054319139,0.87807653,0.934424735
CALML4,358.2668351,0.006198281,0.063180156,0.878193236,0.934424735
MORC4,238.0972247,0.005432544,0.070706863,0.878233973,0.934424735
FZD6,21.34276557,-0.002234101,0.079976207,0.878457444,NA
GBA2,1747.247631,-0.005935369,0.049004112,0.878533095,0.934526107
SRA1,1377.650997,0.006273471,0.056180042,0.878577516,0.934526107
MAP3K12,1039.300717,-0.006131677,0.062326978,0.878605627,0.934526107
CDKN3,230.7978785,0.005565807,0.070285807,0.879067389,0.934919227
SYT3,10.35190086,0.00156861,0.080773839,0.879082021,NA
MYD88,4386.958762,0.005554883,0.049454528,0.879162703,0.934922576
NEK11,106.9652072,-0.005003509,0.073252303,0.879296626,NA
RAD51B,107.973912,-0.004428382,0.074914319,0.879454029,NA
SEL1L,6001.105275,0.006394399,0.064874976,0.879477375,0.935057046
ANO5,44.08518479,-0.003050691,0.078901672,0.879516713,NA
GAB3,893.3498092,0.005744694,0.066341038,0.879558634,0.935057046
DIO1,20.03971018,-0.002147506,0.0801068,0.879585854,NA
NDUFA10,2857.226905,-0.005273518,0.039621781,0.879694226,0.935057046
GPANK1,584.7823619,-0.00612906,0.062037347,0.879712876,0.935057046
AGO3,986.6376575,0.005734169,0.065395998,0.879750044,0.935057046
ARHGEF19,53.72323419,0.003262144,0.078415447,0.879908653,NA
NMT1,4318.026242,-0.00596629,0.050230396,0.879979391,0.935198845
ATP1A1,24146.37854,-0.002165795,0.046336959,0.88006784,0.935198845
TTC16,6.723492481,-0.001496235,0.080813864,0.880164965,NA
MTND5P11,17.69432514,-0.002309638,0.079921544,0.880226271,NA
MDM4,984.5482759,-0.005690457,0.063377884,0.880283485,0.935309531
MMP8,2510.691004,-0.006587829,0.06212783,0.880397754,0.935309531
SH2D4A,41.77766495,-0.003226247,0.078306766,0.880400942,NA
FAM219B,1305.916059,-0.00551769,0.059500098,0.880483139,0.935309531
ARHGAP24,95.09535667,0.003849316,0.077000803,0.880493785,NA
DCUN1D2,330.5026049,-0.005318728,0.069729879,0.880540814,0.935309531
AP1S3,120.1248382,-0.004884681,0.073005705,0.880649792,NA
NBPF15,709.5209187,0.00656313,0.05356889,0.880717872,0.935399653
ADGRE1,40.35564344,-0.00287792,0.078968131,0.880794183,NA
CDH7,11.55621259,-0.001701005,0.080614629,0.880993203,NA
MPZ,70.23508464,-0.004070393,0.076044606,0.881050655,NA
RAD51D,562.4751234,0.006220335,0.059700637,0.881261676,0.935804746
UBXN1,3387.442482,-0.00582461,0.049638178,0.881356745,0.935804746
DOP1B,3778.494574,0.006728346,0.047749731,0.88140103,0.935804746
FAM162A,700.9376683,0.005772762,0.06696823,0.881468291,0.935804746
SNX20,1209.062368,0.006209017,0.055331498,0.881620285,0.935868164
MARCHF3,161.2051838,0.004643774,0.073775503,0.881961832,NA
ANKRD1,8.785276757,-0.001632221,0.080650312,0.882118048,NA
GALNT6,1922.932482,0.005804146,0.049896012,0.882134519,0.936316058
CCNB3,16.41715761,-0.001414309,0.080837542,0.882369576,NA
HJURP,584.9738786,-0.004609977,0.068990761,0.88239621,0.936495831
TEAD3,35.68696749,0.003206291,0.078411817,0.882669401,NA
ZNF302,452.9177507,-0.005990344,0.06680804,0.882802177,0.936828673
PRTG,7.457590367,-0.001190189,0.081005386,0.882834029,NA
LRRC37BP1,47.09214807,0.003746432,0.07704083,0.88286224,NA
CPA4,8.017421084,0.00174338,0.080616599,0.883034166,NA
SLC9A5,63.089783,-0.003177324,0.078257039,0.883159942,NA
CDYL,1384.960404,0.005992781,0.054537234,0.883226337,0.937102595
POF1B,11.90933185,-0.001888568,0.080351704,0.883292313,NA
MRTFB,1533.924332,0.006019976,0.057992573,0.883321127,0.937102595
FLG,19.68364382,0.002452678,0.079771423,0.883326859,NA
ADAM17,3916.381379,-0.005651909,0.047494477,0.883337442,0.937102595
ADGRF3,19.69828894,-0.001547713,0.080690427,0.88334003,NA
TSPAN5,42.91356801,0.003473313,0.077794249,0.883403992,NA
WASF3,13.62620141,0.001998459,0.080305388,0.883439017,NA
YIPF5,1136.802397,0.005998073,0.056639877,0.88358506,0.937242938
RCBTB1,641.0312665,0.005767738,0.065747417,0.883710566,0.937242938
RAB32,4694.096068,0.005891802,0.054961339,0.883746915,0.937242938
EFHC1,251.3345072,0.006471884,0.071296475,0.883955627,0.937357606
KIAA1143,984.1134952,-0.005813756,0.064078517,0.884130282,0.937357606
UBE2R2,2851.705542,-0.00524951,0.041418622,0.884132253,0.937357606
GALNT13,8.729723461,-0.001036378,0.081103868,0.884150516,NA
ZNF627,190.5402131,0.005385892,0.067947422,0.884393939,NA
CCN2,39.74036245,-0.002810764,0.078943489,0.884446093,NA
ANKRD34A,28.04824027,0.002601118,0.079508482,0.884516541,NA
RGPD1,8.469180694,-0.001243859,0.080958432,0.884607991,NA
SBF2,1408.078822,-0.005659877,0.065070175,0.884620349,0.937724616
MYLK4,50.75402827,-0.002633373,0.079248157,0.884658436,NA
SPATA31G1,15.87467842,0.001418743,0.080871286,0.884670743,NA
CROCC,487.6452651,-0.005824464,0.061309864,0.88473687,0.937724616
MANBA,3810.332583,-0.004833623,0.044558523,0.884755747,0.937724616
NANOS1,62.773897,-0.00298876,0.078020836,0.884968333,NA
SLCO4A1,193.0061057,-0.004007043,0.075822654,0.885056491,NA
CELF6,194.8468456,0.004405564,0.074472721,0.885393755,NA
DPY19L1P1,27.65992712,-0.002812228,0.078898932,0.885527833,NA
CINP,650.8782176,0.005928027,0.057936848,0.885657007,0.938581768
ADGRG3,5.849841421,0.001089164,0.081075736,0.885769175,NA
S100A13,291.3481992,-0.00511106,0.069983613,0.88581718,0.938614533
PPP1R12A,2964.998076,0.005737244,0.048506344,0.885872983,0.938614533
FOXN2,765.5334615,-0.005743279,0.053048002,0.886122889,0.938701685
HERPUD1,2435.322819,0.005946977,0.054215251,0.886140313,0.938701685
CBR4,496.5007771,-0.005769567,0.057214083,0.88640174,0.938714518
EXOC6B,438.3231559,-0.005384789,0.062659773,0.886418064,0.938714518
BRD10,805.1059716,0.005760941,0.059392415,0.886473597,0.938714518
CEMIP,37.53562299,0.002783731,0.079020443,0.886498345,NA
TAP1,3458.908997,-0.006524158,0.061189433,0.8866082,0.938714518
MED28,1535.323838,0.005169416,0.066628923,0.886615122,0.938714518
HMGB1P14,7.824059148,-0.001475385,0.080740176,0.88681501,NA
HYAL1,37.90540053,-0.002442409,0.079465448,0.886926849,NA
USP6NL,1545.921913,-0.005254916,0.047118925,0.887086286,0.939060943
EID3,12.95294113,0.001825786,0.080446233,0.887199441,NA
UBIAD1,527.5231513,-0.005577285,0.058898106,0.887212361,0.939060943
SESN1,933.3800304,0.006548409,0.065030737,0.887220039,0.939060943
OPRM1,93.60628067,0.003865034,0.076158756,0.887411975,NA
CLECL1P,42.07070841,0.002980876,0.078598438,0.887545004,NA
KDM4D,23.20021915,0.002357364,0.079714327,0.887623705,NA
CFAP73,7.074594742,-0.001217186,0.080954346,0.887753808,NA
TDRD10,30.06298655,0.002026754,0.0801844,0.887938123,NA
APOL1,434.1838891,0.004818227,0.071857988,0.887978293,0.939765447
C4BPB,52.94516131,-0.003443063,0.07722019,0.888034986,NA
C17orf107,35.38621538,0.003298249,0.078189339,0.888049045,NA
POLR1H,236.7594327,0.005341363,0.067498715,0.888082734,0.939773233
CICP27,168.857186,-0.004801753,0.071546533,0.888195708,NA
OR5H1,8.995905508,-0.001621501,0.08058542,0.88823385,NA
OLFML1,12.01706262,-0.00173058,0.080462575,0.888267237,NA
MRPS16,1645.003222,0.005709121,0.053831835,0.888313503,0.939773233
TMTC3,379.957727,0.004451665,0.073692823,0.888384659,0.939773233
TFB1M,304.7447717,-0.005597352,0.065481878,0.888409124,0.939773233
MRPS7,1789.474116,0.00591736,0.049802392,0.888448867,0.939773233
PHYHD1,31.81197814,0.003184371,0.078629744,0.888471103,NA
PPP3CC,341.7868203,0.00535555,0.067417318,0.888620107,0.939840141
UBAP2L,4875.236361,-0.005452971,0.048607985,0.88869742,0.939840141
GPR45,9.921865141,-0.001661163,0.080519761,0.888897652,NA
TRAM2,1070.376821,0.004840874,0.051781216,0.888980871,0.940041901
GPRASP3,42.31525378,0.002295992,0.079630678,0.889001015,NA
CEACAM8,14.80949463,0.001855419,0.080369578,0.889171547,NA
DENND10,1037.901614,0.00567306,0.053156842,0.889206637,0.94012439
SIGLEC15,275.818122,-0.004850433,0.069393239,0.889244235,0.94012439
SLC1A2,180.8949937,0.004637631,0.07259138,0.88933039,NA
TAS1R3,13.57916897,0.001882269,0.080339772,0.889361043,NA
SNAPC3,802.9615547,0.005477197,0.063692907,0.889406296,0.940149469
KCNH4,46.96913875,-0.00301059,0.0780905,0.889416519,NA
CHD9NB,31.60726055,0.002531501,0.07934857,0.889445273,NA
HLX,1108.95092,-0.005782322,0.053444292,0.889453318,0.940149469
WDR44,826.793734,-0.005540352,0.054250132,0.889802643,0.940420714
PMS2,687.1748922,0.005615915,0.056983255,0.890007433,0.940539161
BMS1P13,16.44235306,-0.001995873,0.080107077,0.890082709,NA
DENND5A,4427.062234,0.004999358,0.049331089,0.890201516,0.940646268
ABCB1,26.58676555,-0.00169442,0.080435421,0.890276662,NA
ZCWPW2,30.10031754,0.002546523,0.079292182,0.890507467,NA
IGSF6,7449.699461,-0.00522168,0.04572291,0.890595729,0.940927337
PMVK,797.3804403,0.005430897,0.053933303,0.890653026,0.940927337
LNP1,26.4939961,0.001954673,0.080213802,0.890784199,NA
LRRC37A2,1228.170936,0.005286395,0.049101072,0.890866827,0.941055201
PDSS2,432.2986794,0.00611171,0.067434872,0.891260142,0.941372645
RPL31P44,20.72997651,0.002374286,0.079558382,0.891389887,NA
WHAMMP1,76.02991671,0.004004849,0.075179413,0.891726778,NA
APOC2,4102.455278,-0.005547347,0.050029092,0.89172826,0.941719932
SOX4,890.2611663,-0.005528831,0.058628226,0.891843511,0.941719932
PTK2,905.5691834,-0.005033825,0.06899704,0.89200662,0.941719932
CDKN1B,1143.165139,0.004128694,0.052426436,0.892013106,0.941719932
FAM9C,10.9414883,-0.001125658,0.080967686,0.892047942,NA
CREB1,1449.277438,0.005540684,0.05655731,0.892079679,0.941719932
IRF2,1826.021816,0.007318359,0.05490668,0.892145953,0.941719932
SMIM36,23.67389456,-0.002311233,0.079524619,0.892243708,NA
MECR,355.6980727,0.005300723,0.065907235,0.892261012,0.941743388
AGRP,40.87868675,-0.002999141,0.077843477,0.892405462,NA
ZNF304,285.550503,-0.005275435,0.064366753,0.892432639,0.941826538
FGF2,10.56837552,-0.001630679,0.080502591,0.892470732,NA
ACP7,9.851386321,0.001588208,0.080612674,0.892529058,NA
GPRC5A,57.13740635,0.003552046,0.077232811,0.892670396,NA
GRIP2,1326.023999,-0.005237661,0.068735005,0.892685066,0.941994935
CAGE1,7.966058621,-0.001210169,0.080928212,0.892732513,NA
NECTIN3,64.57457691,0.002557538,0.079186171,0.892899634,NA
TFPI2,38.68036261,-0.002253037,0.079947357,0.892901961,NA
GAS2,11.47735694,0.001573158,0.080621706,0.892913758,NA
DNAAF9,1597.143522,0.005013798,0.047423369,0.893019046,0.942249345
H2AC25,232.3593756,-0.005087732,0.06700994,0.893124936,0.942263063
H2BC9,12.88750983,-0.001833251,0.080226091,0.893269908,NA
TAF3,638.0380923,0.004867662,0.05535769,0.89337925,0.942433352
PDZD2,32.40255378,0.002266779,0.0794574,0.89359876,NA
SOX15,19.06950056,0.002155582,0.079898824,0.893716647,NA
PMS2P6,70.98431989,-0.003591678,0.076158432,0.893769756,NA
TMEM184C,1327.122566,-0.004403965,0.055056673,0.893784767,0.942763094
PIERCE1,29.07719829,0.002610396,0.079023088,0.893857749,NA
FEZ1,14.75089818,-0.001863411,0.080167968,0.893959595,NA
PLXNB1,42.28891963,0.001940539,0.080152563,0.893996242,NA
ENTHD1,13.65790279,-0.001952297,0.080039971,0.894091527,NA
SARAF,10010.63741,-0.002219293,0.041235784,0.894154771,0.943055313
KLRK1,9.70820264,0.001545905,0.080609686,0.894390858,NA
LMO7,319.920428,0.004589451,0.071969207,0.894423221,0.943134715
CENPJ,283.8607434,0.004680357,0.070353663,0.89450906,0.943134715
WASL,533.9784406,0.005603465,0.058463022,0.894555635,0.943134715
SEC24A,1208.50276,0.005592869,0.049113414,0.894601955,0.943134715
ULBP2,152.4635899,-0.004162635,0.073014921,0.894683132,NA
SLC25A53,113.0708459,-0.00396951,0.073691922,0.894981587,NA
IL19,10.6792417,0.001547468,0.080559671,0.894983207,NA
SEZ6,27.79311023,0.002081306,0.079882571,0.895191147,NA
FIBP,1292.485288,-0.005273094,0.052658797,0.895332502,0.943806806
FNDC1,10.52734521,-0.001463429,0.08064278,0.895499714,NA
TAMM41,218.3268066,-0.008021472,0.06937595,0.895748828,0.944147559
CDT1,692.0537102,-0.004403772,0.065720191,0.895911718,0.944221139
USP43,33.57859372,-0.002478739,0.079059072,0.895991358,NA
ZC3H4,1804.741919,0.00532217,0.061131841,0.896029503,0.944247172
PLAUR,8804.97821,0.005303502,0.05047872,0.896232961,0.944363473
LY9,28.23848453,-0.001935145,0.079931679,0.896259718,NA
C1RL,466.0656464,-0.00652913,0.068221053,0.896509451,0.944556696
PLA2G4C,161.8015792,0.004077667,0.074005929,0.896544478,NA
ZNF713,97.21395149,-0.003094882,0.077426565,0.896662462,NA
NXT1,267.5319055,0.005623931,0.067203471,0.896761967,0.944650847
KANK1,419.5939009,0.00508119,0.065953633,0.896785061,0.944650847
NUDT8,49.69383568,0.002830924,0.078299582,0.896806267,NA
MPP4,12.37281815,-0.001675924,0.080367066,0.896841107,NA
KAT5,1427.827938,-0.005281804,0.055781005,0.896936643,0.944712418
TAF8,647.4548719,-0.005141009,0.059877677,0.897131423,0.944819472
CXCL11,28.62050882,0.002015426,0.07996769,0.897164374,NA
IL1RL1,14.10546129,-0.001654457,0.080386848,0.89733627,NA
ZNF790,130.8652496,0.003732329,0.075474276,0.897404813,NA
AHCYL2,951.0884458,0.00528047,0.056191266,0.897588307,0.94520251
CCRL2,1170.310531,0.005255076,0.058092207,0.897739865,0.945228391
ARHGDIB,13392.8216,-0.007259009,0.039019518,0.897866036,0.945228391
ZNF624,171.3907879,-0.003992349,0.074371137,0.897871265,NA
VPS13B,1416.007507,0.005208907,0.063689884,0.897892426,0.945228391
SPACA6,203.0834043,-0.004274223,0.072805377,0.897898999,NA
PRKAR1B,363.7410105,-0.005144256,0.070535214,0.897989575,0.945232567
ZNF620,75.81763035,-0.002696003,0.078042093,0.898109836,NA
TSPAN3,8424.355719,0.004032865,0.034648292,0.898143977,0.945297001
GNRHR2,6.66346848,-0.001105823,0.080962188,0.898222523,NA
POLA2,702.0500832,-0.005233702,0.058913327,0.898560269,0.945637033
ZKSCAN1,1894.358134,0.005308529,0.055154098,0.89866205,0.945646041
H2AC15,7.975579261,0.001256745,0.080852861,0.898759121,NA
RAB4B-EGLN2,16.27713479,-0.001996354,0.079825725,0.898763373,NA
OR2A12,7.079354292,-0.001232551,0.080832682,0.898882056,NA
OR7D2,17.00374647,0.001889728,0.080089079,0.899029186,NA
NDUFB2,1789.398745,0.005191869,0.055849434,0.899263254,0.946180525
C2CD4A,8.602461674,-0.001202371,0.08087096,0.899282875,NA
USHBP1,23.07298911,-0.001751905,0.080158746,0.899426883,NA
STIP1,7314.381045,0.004299953,0.038795019,0.899492668,0.946323753
ZDHHC13,283.3276225,0.004934243,0.066304723,0.89959962,0.946338126
C10orf143,61.41106509,-0.003569162,0.076338504,0.89964191,NA
OR51M1,7.433609846,-0.001144477,0.080917936,0.899675028,NA
NSMCE2,479.0789462,-0.004976145,0.063086684,0.899748351,0.94639644
H3C14,14.67957196,0.001130269,0.080975556,0.899809323,NA
RPL3P6,12.70595489,-0.001457396,0.08057172,0.899902719,NA
KCNA7,16.55560681,-0.001843255,0.08002661,0.899939603,NA
HOPX,15.89284026,-0.001919325,0.07991498,0.899949658,NA
ZC3H6,408.2017791,-0.004057423,0.072429376,0.900008458,0.946571882
PVRIG,14.75193897,-0.001752295,0.080160083,0.900141833,NA
SYTL4,102.1263966,0.003812362,0.074335377,0.900182138,NA
SPATA1,45.18076245,0.002517089,0.078852899,0.90034544,NA
FST,51.20417736,-0.002236442,0.079301715,0.900433481,NA
TMEM178A,188.3184515,0.003795678,0.073336231,0.900446288,NA
DNAH11,33.78447771,-0.002411596,0.078922525,0.900466056,NA
ZNF680,126.5422879,-0.00407633,0.072817861,0.900473154,NA
LRRIQ3,10.09521008,0.001563115,0.080500198,0.900478186,NA
MT-CO2,94080.45346,0.005115192,0.054114682,0.900549853,0.947043097
ZPR1,1001.369823,0.005356876,0.052548154,0.900651661,0.94705198
PCCB,1400.592746,-0.00499385,0.052697177,0.900749956,0.947057167
POLD2,1389.419396,-0.005040988,0.058863043,0.900912434,0.94712983
IL1RAP,770.0539468,0.005044359,0.062876754,0.901066204,0.947193323
AURKB,844.2060131,0.005020404,0.062495459,0.901188899,0.947224141
CCDC144A,182.4618714,0.004187747,0.072314705,0.901477008,NA
KLF2P1,39.19218385,-0.002203914,0.078907881,0.901544058,NA
MCCC1,1193.45523,0.005095056,0.058725083,0.901789313,0.947757023
PDLIM1,68.6642984,0.003037034,0.076756291,0.902000041,NA
MCTS2,22.72283346,0.00196876,0.079875778,0.902012673,NA
ADIPOQ,7.421971395,0.001235265,0.080829675,0.902116636,NA
HPS6,973.0964538,-0.004840006,0.054082646,0.902224502,0.948116166
TTC9B,10.16061177,-0.001217414,0.080786496,0.902237386,NA
SLC35A1,461.2838194,0.004967377,0.061532457,0.902622336,0.948435983
FADS1,3208.234479,0.004468937,0.066369623,0.902885901,0.948477653
FAM20A,2193.825012,-0.00454434,0.053528557,0.902926597,0.948477653
EXOSC1,486.3139374,-0.004889201,0.0612878,0.902942498,0.948477653
LRGUK,36.20296869,0.002660888,0.078347016,0.903081106,NA
PTPRE,4441.231859,0.00502844,0.051298494,0.903167292,0.948615553
CACNA1F,14.86778114,-0.001606327,0.080293661,0.903336046,NA
ZKSCAN8,872.6351338,0.004952392,0.054608749,0.903459722,0.948688352
RNF111,1565.473824,-0.004409011,0.056068316,0.903462557,0.948688352
MSN,26511.62424,-0.00170774,0.048090168,0.90351717,0.948688352
FAM171A2,18.48139822,0.001750628,0.080157219,0.903656299,NA
CEL,12.20938123,0.001445518,0.080575865,0.903889676,NA
NOP56,2315.096967,0.004294616,0.046867108,0.904161509,0.949266648
B3GAT1,10.03730366,0.001406043,0.080616283,0.904441578,NA
FMN2,15.44458582,-0.001614396,0.080253072,0.904512075,NA
PCOLCE2,1332.876045,0.004523046,0.065697951,0.904564295,0.949591246
DPPA4,9.781936087,-0.00098104,0.080993557,0.904586783,NA
RPL18AP7,11.19755409,0.001616681,0.080338008,0.904882979,NA
LEKR1,12.35702708,-0.001452749,0.080465829,0.904912659,NA
TAPBPL,820.2991352,-0.00477851,0.053492069,0.904958664,0.949865001
TTC13,578.2326839,-0.00469562,0.059146545,0.905038364,0.949865001
COX7A1,11.50601897,-0.00151291,0.08041648,0.905043527,NA
ZNF619,178.5042481,-0.003728105,0.07358626,0.905053227,NA
AIG1,290.7761264,0.004019587,0.072475911,0.905105984,0.949865001
SPATA9,38.96482026,0.002699479,0.078085755,0.905198181,NA
CLCN5,785.6272214,-0.004777413,0.059211982,0.90540439,0.95005018
MUC20P1,6.842732356,-0.001053008,0.080938768,0.905405091,NA
TOR1AIP1,2133.253904,0.004917394,0.053514397,0.905469749,0.95005018
GFRA2,23.17789836,0.001314858,0.080693338,0.90558416,NA
CYB5R1,1656.383994,-0.00387433,0.05099799,0.905751179,0.9502316
SEMA5A,33.30511078,0.001506778,0.080427642,0.905779476,NA
ATG14,683.987104,-0.004777126,0.057490221,0.905830005,0.9502316
MMAB,472.1828392,0.004500634,0.067093958,0.906194652,0.950515826
OGT,5700.382176,0.004092621,0.045976382,0.906297295,0.950525203
SMIM27,115.4197804,0.003604836,0.074079945,0.906478629,NA
AOAH,1114.55368,0.004611712,0.055160169,0.906541244,0.950682764
MAST4,83.61812425,0.002376494,0.079062156,0.906804418,NA
SPDYE18,39.2959,-0.002642163,0.077871783,0.907120465,NA
SEMA4G,47.82420759,-0.002328127,0.078689791,0.907225433,NA
LCMT1,560.1075916,0.002247542,0.06020882,0.907442712,0.951529757
ZRSR2P1,10.37817074,-0.000346092,0.081371101,0.907462726,NA
ZNF30,75.4135632,0.003249387,0.076111174,0.907558966,NA
CALD1,84.8365116,0.002651438,0.077978062,0.908149188,NA
RALGAPA1,700.9529063,0.004730912,0.057745353,0.908291534,0.952321376
ARHGEF35,92.1193731,-0.003276503,0.075269854,0.908379208,NA
BHLHE41,5850.154273,-0.00459451,0.05539121,0.908474981,0.952415275
TMEM263,788.6680482,0.004900508,0.058867484,0.908608977,0.952457317
DCAF10,753.5258671,0.004304215,0.068589371,0.90874181,0.952498132
IPP,71.46915121,0.002483409,0.078414946,0.908766328,NA
ZFHX4,9.982683677,0.001142879,0.080816594,0.908874122,NA
ZBTB12,92.12183964,0.003562165,0.074229237,0.908908941,NA
PPM1D,670.6480255,0.004660117,0.061393704,0.908919213,0.952585649
SPDYE16,204.5605414,-0.003859044,0.072258929,0.909135375,0.952713765
FCRL5,69.1018801,-0.002866669,0.077052644,0.909234728,NA
DAPK2,42.19430332,-0.002164763,0.078972074,0.909521925,NA
CLSTN2,37.64551519,-0.002438095,0.078059964,0.909756067,NA
CDH4,13.42601596,-0.00156613,0.080186417,0.909789933,NA
C6orf52,13.31920567,-0.001601447,0.080121857,0.910033362,NA
ZNF133,294.6707324,-0.00421757,0.067053042,0.910058652,0.953522595
TIPARP,680.9191514,0.004590824,0.056711969,0.910095205,0.953522595
PTGES,37.71355681,0.002262805,0.078890751,0.910205011,NA
CLEC2B,396.9399123,0.004518113,0.064342353,0.910412451,0.95375647
PHC1,455.3214836,0.003847049,0.069803564,0.910834829,0.954012727
TMEM19,1569.710388,0.004596383,0.056305187,0.910845156,0.954012727
CYP4F11,7.102923097,0.001144538,0.080806753,0.910926722,NA
LDHAL6A,12.81309321,-0.00160944,0.080103709,0.910937699,NA
SCO1,1443.712148,0.004636494,0.051639578,0.911045183,0.954118767
ALG11,1315.95509,0.004407722,0.062168823,0.911134513,0.954118767
APOLD1,48.41981294,0.001899312,0.079611135,0.911202584,NA
RGMA,77.27557945,-0.002417136,0.07813104,0.911366436,NA
OR4D9,36.90006991,0.002334382,0.078358229,0.911367276,NA
STARD13,426.0110576,0.004355225,0.065967591,0.911427218,0.954326765
CFI,7.626589102,0.001180466,0.080787253,0.911799907,NA
MAGED2,1586.443616,-0.004368856,0.055480715,0.91218125,0.955017711
OR8G1,9.766001983,0.001407654,0.080462824,0.912232908,NA
HPD,7.310816191,-0.001040931,0.080858711,0.912862159,NA
STRC,33.79986539,-0.001752542,0.079720276,0.912891429,NA
DNAJC19P5,10.12514248,0.001263859,0.080634826,0.91289787,NA
ZNF669,86.11390167,0.0032991,0.074770604,0.912955974,NA
KIAA1755,18.545866,-0.000818819,0.081052053,0.913098952,NA
ABCB7,905.7949988,0.004477427,0.055539941,0.913102209,0.95587542
SVIL-AS1,11.38790597,0.001392147,0.080454422,0.913146628,NA
EIF6,2650.862438,-0.003513739,0.051179476,0.913188949,0.95587542
RPLP0P2,22.2668632,0.001945056,0.079389906,0.913433119,NA
AOPEP,123.2371451,0.003750409,0.071825897,0.91364035,NA
TCAF2P1,48.51616385,0.002670264,0.077329137,0.913928956,NA
ICAM2,149.1027183,-0.00353502,0.071748172,0.913935979,NA
THAP8,176.3783466,-0.003674302,0.071611932,0.914066423,NA
PDZRN3,8.4579618,-0.001058417,0.080821089,0.914097136,NA
ARGFX,50.86911986,0.00271352,0.077099331,0.914109854,NA
MED22,1079.158264,0.004253229,0.052755118,0.91427081,0.956856714
CENPX,559.0446283,-0.004302482,0.057378446,0.914380778,0.956856714
NDUFA11,2299.909687,-0.003716652,0.042108184,0.914409403,0.956856714
USP41P,6.64360172,0.000904102,0.081030153,0.914451067,NA
TUBA3FP,25.26278433,0.001761802,0.079829974,0.914739502,NA
NPM1P40,9.944669765,0.00124643,0.080651259,0.914769053,NA
COMMD5,1131.593375,-0.00420974,0.049370187,0.914885773,0.957151863
HSPA8P14,12.95661979,0.001445156,0.080335488,0.914892364,NA
FAM114A2,541.7581064,0.00388873,0.067062911,0.915184773,0.957151863
PLEKHA1,1022.739098,-0.004244556,0.055315019,0.91528019,0.957151863
C11orf54,712.0746971,0.004419731,0.058567955,0.915321212,0.957151863
BOD1L1,3045.799685,0.002162197,0.055011058,0.915397196,0.957151863
SNU13,1567.608684,0.004429747,0.051669167,0.915402365,0.957151863
HERC2P9,352.620156,-0.004152616,0.064223225,0.915459291,0.957151863
COL19A1,10.5770562,-0.001375362,0.080324319,0.915494422,NA
SETD5,2510.928491,-0.004352156,0.053635037,0.915569208,0.957151863
DHCR24,7276.654989,-0.000113287,0.062771202,0.91557312,0.957151863
RANBP17,35.12174804,-0.001724987,0.079695471,0.91561524,NA
NEU3,1126.486846,-0.003792259,0.060118234,0.915635024,0.957151863
TSSK4,87.8745855,-0.002896016,0.075880856,0.915654969,NA
PLG,11.01761369,-0.001230604,0.080549879,0.915704756,NA
TPK1,539.6374409,-0.003914425,0.067797414,0.915767362,0.957191563
ZNF79,241.5540152,0.004046098,0.067871084,0.915981296,0.957264815
ZNF675,213.8202439,0.003851903,0.068742768,0.916026179,0.957264815
MED13L,1996.573414,-0.004011555,0.059182028,0.916131932,0.957276712
SNAP25,27.81277924,0.001875522,0.079421612,0.916285377,NA
ENDOU,7.659534046,0.001074702,0.080800179,0.916452812,NA
ARL4A,291.9946638,0.004033723,0.06701786,0.916485996,0.957548042
WFDC21P,176.807335,0.003346946,0.073139693,0.916575222,NA
EPHB2,2789.99347,-0.004316382,0.051928735,0.916758735,0.95770595
RPL28P2,13.26383989,-0.001208166,0.080509728,0.916773888,NA
PAM16,385.5689143,-0.003982589,0.066178211,0.916825955,0.95770595
ANKRD37,52.36021306,-0.00243454,0.077612655,0.916838282,NA
ZNF629,1285.03315,-0.004125173,0.050199274,0.916927741,0.957713654
HTN1,19.70366033,-0.001358773,0.080279422,0.917380089,NA
HMBS,492.6060355,-0.004102851,0.062910017,0.917471762,0.958183214
GLRA3,8.064632346,0.001140605,0.080719796,0.917487279,NA
RPS15AP10,15.71074241,-0.001278901,0.080427466,0.917572086,NA
C1QTNF1,8.816997829,0.001038287,0.080837561,0.917583747,NA
RPL7AP10,9.886814486,0.001249328,0.080569596,0.917647531,NA
KCNK3,17.42835416,-0.001570228,0.079918867,0.917786534,NA
HNRNPA1P59,9.484296616,-0.001217472,0.080515683,0.918012733,NA
ECSCR,8.615915696,0.000949525,0.080922747,0.918074544,NA
RAC3,66.31948255,-0.000310506,0.076629005,0.918085204,NA
ZBTB34,1007.897216,-0.004220463,0.053333773,0.918404104,0.959048646
GMPR2,2274.185606,0.003457336,0.044222304,0.918489511,0.959048646
MAST1,30.75388752,0.001973755,0.079102198,0.918526831,NA
SYNPO,77.92810078,-0.002654467,0.076144875,0.918917425,NA
CDCP1,996.0074218,0.004299973,0.053072437,0.918936792,0.959323833
SNRNP48,697.2080631,-0.003995802,0.06185595,0.918942201,0.959323833
PFN1P4,8.676658533,-0.00116121,0.080591711,0.919021032,NA
ZNF449,168.4493297,-0.003703051,0.068913249,0.91909772,NA
ST8SIA5,46.74152929,-0.00163971,0.079549827,0.919193711,NA
ADRB2,252.4328957,0.003961461,0.065825787,0.919201642,0.959495931
ARHGEF34P,10.58202694,0.000281002,0.08139693,0.919306809,NA
CSMD2,8.870660513,-0.000950859,0.080862831,0.919383837,NA
KMT5B,1117.765715,0.004517589,0.056112986,0.919602474,0.95980743
DCUN1D3,295.6445265,-0.003647131,0.065344986,0.919689296,0.95980743
SULF2,123.1860263,0.002144085,0.078533134,0.920084251,NA
IKZF2,361.7950009,0.002301513,0.078123294,0.920111438,0.960149205
MIPOL1,211.863067,0.001004823,0.070334007,0.920476227,0.960431068
RORA,53.19512173,0.001544644,0.079968468,0.920598401,NA
TOMM40P4,29.72910273,-0.001905891,0.07893979,0.92062229,NA
IYD,12.86385957,-0.000867805,0.080901161,0.920629254,NA
IRF6,185.1045375,-0.003528799,0.07119436,0.920862698,NA
FKBP7,89.73761876,0.002304233,0.078035667,0.920924101,NA
GDPD3,40.90485636,0.002365967,0.077908857,0.921079292,NA
ZNF835,11.19318327,-0.001269546,0.08036974,0.921171596,NA
COMMD2,878.7731486,0.003815181,0.064517024,0.921405826,0.961154785
OSM,222.9879334,0.003071691,0.074200707,0.921429604,0.961154785
ANKRD13A,1832.958698,-0.003674324,0.045423386,0.92145409,0.961154785
TMEM256,326.7354919,-0.003697116,0.067203423,0.921769385,0.961384807
PDE6C,13.12638212,-0.001083978,0.080634797,0.921925109,NA
CABLES2,294.0736884,0.003919244,0.068341959,0.922137115,0.961410685
TP53TG5,33.40870958,0.001389417,0.080289254,0.922183142,NA
ZNF821,347.9825087,0.00374173,0.061654179,0.922198873,0.961410685
POGLUT1,538.6812002,-0.003823595,0.06558111,0.922210318,0.961410685
YPEL5,2269.322177,-0.00380634,0.049911459,0.922239348,0.961410685
CGREF1,16.32855215,0.001414919,0.080169432,0.922262667,NA
PEX11B,741.2715766,-0.00399843,0.054595148,0.922268077,0.961410685
TOP1P1,7.920707366,-0.001005048,0.080741357,0.922310449,NA
CCDC61,255.3476313,0.004563921,0.068675603,0.922421087,0.961413095
IQCG,402.8331338,0.003984881,0.06355241,0.922459943,0.961413095
ALK,44.06688396,-0.001809736,0.078709182,0.922829139,NA
TCEAL3,665.810074,0.003792145,0.063549077,0.922897912,0.961726714
SLC25A4,433.6624261,-0.003959548,0.062899651,0.922950469,0.961726714
MRLN,10.32180801,0.001161383,0.080565653,0.923123666,NA
LRRC74A,14.39184665,0.001101588,0.080649932,0.923123771,NA
TAS2R14,27.89114984,0.001941805,0.078836736,0.923125866,NA
SEC61B,1516.069224,0.00383106,0.049432319,0.92353429,0.96223622
ACVR1B,1660.11241,0.003780286,0.048982512,0.923642883,0.96225053
VMO1,109.4584671,-0.002965396,0.072626262,0.923741444,NA
IL9RP3,12.14213596,0.001201408,0.080475789,0.9239613,NA
ST8SIA4,1380.785317,0.003748611,0.061965406,0.923965548,0.962487833
GUCY1A1,124.3131341,0.003057021,0.073711199,0.924035469,NA
TMX2P1,64.12949197,0.002557191,0.075951541,0.924053901,NA
PEX12,195.1735676,0.003518079,0.070679947,0.924071063,NA
PP2D1,11.30973,-0.001142212,0.080477062,0.924142039,NA
USP31,401.8713928,0.00404005,0.066377478,0.924192563,0.96262546
ADORA2B,134.9008854,-0.002994945,0.074366577,0.924414358,NA
ZNF415,8.379371769,-0.000976365,0.080743589,0.924471246,NA
MFAP4,42.01247928,-0.001860604,0.078833985,0.92450714,NA
ATP6V1A,3824.509854,-0.003745942,0.054563443,0.924604561,0.962858155
AARSD1,482.2654935,0.003849058,0.061190247,0.924610173,0.962858155
SNPH,80.17164934,-0.002472654,0.07660235,0.924615108,NA
ANKRD45,10.99681715,0.001188104,0.080485077,0.924672739,NA
MMP9,22325.4455,0.003774859,0.065007494,0.924727031,0.962858155
AGMAT,56.90120621,-0.002435629,0.07638996,0.924729412,NA
APBA1,138.644953,0.002267181,0.077621134,0.924736232,NA
CLEC3B,58.37759754,0.002438121,0.07699207,0.924757752,NA
PWP2,1210.570554,-0.003615464,0.055248969,0.924867038,0.962858155
COX19,685.591475,0.00381186,0.056457671,0.924890563,0.962858155
AQP11,18.14492871,-0.001448193,0.079862137,0.92494108,NA
KLHL12P1,12.94927573,0.001345801,0.080174688,0.925102952,NA
RAB38,226.7836224,-0.003580706,0.066938986,0.925278976,0.963163667
SMIM31,11.26767233,-0.001114607,0.080515522,0.925297838,NA
CCNJL,32.39899175,-0.001595751,0.079445751,0.925357339,NA
CLEC4E,35.96646605,-0.001669062,0.079295457,0.925396264,NA
GLG1,7424.572175,0.003973429,0.053390345,0.925399051,0.963189819
GPR135,46.76315014,0.002354896,0.077160845,0.925655222,NA
DHX35,516.7925081,-0.003745391,0.057228996,0.925758861,0.963440857
RNF5,1816.140202,0.004161818,0.058135345,0.925999555,0.963440857
DPH5,347.4249966,-0.003549925,0.066115241,0.926008551,0.963440857
ELOF1,1201.377921,0.003570618,0.048180387,0.926020145,0.963440857
RPL4P6,10.30104597,-0.001094637,0.08049226,0.926402502,NA
KRIT1,975.4657404,0.004073858,0.050402208,0.926480409,0.963742171
ODF2L,382.6703742,0.003297843,0.07069451,0.926499769,0.963742171
PDE4DIP,3961.204064,-0.003692,0.052369056,0.926630791,0.963779632
SPEG,147.5168201,0.002526131,0.075611625,0.926808551,NA
HSPE1-MOB4,98.08354541,0.002379018,0.076891554,0.926821389,NA
DTX4,603.2857935,-0.00365542,0.063926513,0.926907547,0.963968644
VPS36,1565.525912,0.003751975,0.054997736,0.927151824,0.96406185
ALDOC,71.35321856,0.00194457,0.078488721,0.927172379,NA
AKIRIN2,2135.64851,-0.004137148,0.047021364,0.927187244,0.96406185
MSTO2P,74.47143057,-0.002241181,0.076982075,0.927374219,NA
TM6SF1,3029.004521,-0.00336575,0.04190108,0.927466073,0.96425293
KHK,199.07632,-0.003285799,0.069457285,0.927593526,NA
ATP6V0E2,621.8773322,-0.002945498,0.056165076,0.927613757,0.96430764
XRRA1,138.3355246,-0.002465512,0.075789388,0.927650496,NA
TSPAN10,64.42957971,0.002469607,0.076335542,0.927677664,NA
MIDEAS,1615.05029,-0.003582967,0.067886822,0.927778736,0.964380316
THY1,62.99927377,-0.001509269,0.078907175,0.92788149,NA
SPRY3,96.82631324,-0.002459103,0.075801264,0.927924921,NA
SYT16,12.79986009,0.001315549,0.080159899,0.927971742,NA
RPH3AL,181.0053485,-0.003441452,0.069856263,0.928229854,NA
MAB21L3,274.010911,-0.00298827,0.068573846,0.928257517,0.964641439
TTC19,1007.143585,-0.003651711,0.060039868,0.928308581,0.964641439
SLC25A26,639.5933384,-0.003442232,0.057037856,0.928315234,0.964641439
NAA40,1164.024637,0.00372175,0.059507154,0.928414004,0.964645259
OR2A20P,37.48209527,-0.001997785,0.077926962,0.928698539,NA
OR2A9P,37.48209527,-0.001997785,0.077926962,0.928698539,NA
ALX1,11.14891177,-0.00120822,0.080221919,0.928803291,NA
FUOM,492.7398679,0.003631825,0.061133745,0.928994937,0.965056031
CUL4A,2072.623602,-0.003345923,0.046038867,0.92899962,0.965056031
ORMDL3,865.1208483,0.003618301,0.055924782,0.929105042,0.965066715
NFX1,1727.105838,-0.003231576,0.053317888,0.929315375,0.965084844
XPNPEP3,515.731241,-0.003539788,0.061366031,0.929364285,0.965084844
RSBN1,564.121891,0.003616143,0.061972766,0.929473657,0.965084844
PHB1,3226.330129,-0.00204111,0.049744263,0.929564579,0.965084844
DNM1,881.8699497,-0.002823837,0.072754404,0.929598187,0.965084844
RNF19A,1386.637192,-0.003526971,0.058182004,0.929773496,0.965168066
CREB3L4,120.3052876,-0.002886837,0.072427161,0.929840257,NA
BRSK1,15.95412985,0.001194152,0.080327677,0.92999058,NA
HNRNPH1P1,8.915718216,-0.000992021,0.080591832,0.930010199,NA
HIF1AN,2310.795728,0.003331654,0.048068838,0.93003723,0.965343053
TPBG,124.0063463,-0.002522146,0.075037017,0.930043387,NA
PROCA1,129.9700932,-0.00275069,0.072167807,0.930272624,NA
ZNF461,139.479328,-0.00244449,0.07409058,0.930277956,NA
RRP1B,1360.632831,-0.002942093,0.047516989,0.930293958,0.965510733
RNASEH2C,1093.072196,0.003605555,0.057590252,0.930541143,0.96559936
EMP3,3270.945061,-0.003731798,0.058030815,0.93056973,0.96559936
BMS1P20,630.5116529,0.003560547,0.055699158,0.930869193,0.965811301
GRIA1,7.064740784,0.000869146,0.080843327,0.930938711,NA
RBM47,5384.872532,-0.003325011,0.051765637,0.9309897,0.965837545
PKD2L2,11.45237329,-0.000926974,0.080658094,0.931364667,NA
MT-ATP8,24880.14844,0.004783198,0.055290645,0.931418006,0.966165163
ABCC6,109.2834891,0.002731348,0.073856284,0.931455809,NA
FARP2,538.7259938,0.00348775,0.061910842,0.931495987,0.966165163
CCZ1P1,62.44817999,-0.002146967,0.076830966,0.931650421,NA
RAB36,25.84853755,0.001301575,0.080080145,0.931844602,NA
KIAA1210,26.75570685,-0.001529546,0.079236365,0.931852081,NA
URB2,276.005164,0.002947501,0.070974059,0.931853019,0.966436665
AK8,11.98236254,0.00096885,0.080661946,0.93188783,NA
OR2AG1,12.81466848,0.001029814,0.08054716,0.931934812,NA
HSF2,125.7342188,0.002477916,0.07505524,0.931956289,NA
KCNK10,7.401061827,-0.000872811,0.080753872,0.93205842,NA
CHST5,16.18074317,-0.001207494,0.08012228,0.932068331,NA
PCP2,23.76006807,-0.001472904,0.07937135,0.932109273,NA
RBM19,1613.291626,-0.003323356,0.058635654,0.932550644,0.96706131
LKAAEAR1,13.11404189,-0.001162266,0.080182233,0.93257175,NA
SRRM5,27.45207878,0.001537734,0.079423932,0.932639965,NA
ZSCAN22,139.9030514,0.002925733,0.072144611,0.93267836,NA
PPIL3,671.735665,0.008628179,0.063170133,0.932903748,0.967328592
LENG1,291.2883248,-0.003089362,0.068098895,0.933145448,0.967480318
CCDC141,27.17744976,0.001646183,0.078929964,0.933221419,NA
SOX9,23.97004014,0.001539212,0.079359632,0.933410332,NA
SLX4,720.2698151,0.003449178,0.058120466,0.933605935,0.96772793
RAB34,1181.370332,0.003346358,0.062554703,0.933698611,0.96772793
TMEM120B,390.713989,-0.003346442,0.061538923,0.933721857,0.96772793
CPXM1,31.38589945,0.001673453,0.078865484,0.933855117,NA
TBC1D12,1638.306218,0.003308837,0.05945001,0.933893395,0.96772793
AGFG2,247.7081306,0.003393149,0.068902867,0.933953719,0.96772793
NAGK,3871.24661,-0.004371762,0.050390288,0.933956668,0.96772793
EXO1,189.6831504,-0.002466785,0.074190236,0.934743821,NA
ABHD17C,21.36158294,0.001314627,0.079914064,0.934762098,NA
GPX1P1,6.701059391,-0.000761973,0.080838848,0.934864378,NA
TESPA1,22.45233027,0.001496768,0.079391901,0.93492688,NA
NCBP3,1400.345692,-0.003168411,0.060654982,0.935026134,0.968737116
HOXA2,9.871772647,0.000927981,0.080659509,0.935079651,NA
NBEA,193.5793748,0.00309152,0.068230068,0.935082244,NA
SCN3B,24.96101,0.001465595,0.079358938,0.935151496,NA
C22orf46P,604.5982632,-0.001719654,0.058795015,0.935307232,0.968914968
C19orf53,1655.145996,-0.003182403,0.049115581,0.935388829,0.968914968
SLC1A6,42.08316404,0.001863538,0.078014551,0.935484023,NA
PRX,88.6364209,0.001441342,0.079305386,0.935525112,NA
CXCR5,87.52971806,0.001855347,0.078111504,0.935531303,NA
BORCS5,407.6806778,-0.003238374,0.061280981,0.935698405,0.969136678
GOLGA8K,21.92561883,-0.000938504,0.080515591,0.935712789,NA
DUX4,11.88886927,-0.000978686,0.080469293,0.935877999,NA
DIS3L,723.8573322,0.003345649,0.059681353,0.93590869,0.969255513
ANKEF1,201.1640048,0.002795582,0.072023336,0.936271315,NA
RNF14,1595.773684,0.003662591,0.051188904,0.936400577,0.96966
ZNF74,267.9837173,-0.00277903,0.069780615,0.93649044,0.96966
GAPDHP39,7.851735146,0.000860238,0.08074672,0.936537807,NA
TBP,440.6988115,0.003254434,0.059336988,0.936900995,0.969986088
OTUD3,213.0562521,0.001136861,0.080251476,0.937098815,0.970056856
URGCP,807.7544379,0.003276914,0.063958309,0.937193052,0.970056856
ZNF354A,211.7874005,0.002532101,0.073673513,0.937256235,0.970056856
GDF7,11.09088702,-0.000982248,0.080395477,0.937424815,NA
EBF4,10.35557581,0.000903884,0.080635786,0.937443745,NA
CCDC18,498.8428942,0.003209569,0.064927636,0.937469328,0.970173444
MRPL16,916.6066664,-0.003246518,0.052917747,0.937586462,0.970173444
RPS6KL1,387.363875,-0.002898393,0.067437827,0.937655801,0.970173444
POU5F2,44.95724111,-0.001803319,0.077608016,0.937688264,NA
KNDC1,29.8417851,-0.001255335,0.079590425,0.937695528,NA
CSRNP2,843.3724654,0.003324043,0.063204156,0.937887675,0.970314388
STMND1,22.00487881,-0.001163782,0.079947946,0.938202688,NA
VAPB,1027.565809,-0.003132315,0.0578324,0.938421003,0.970767148
RASGRF2,10.51753794,0.000766945,0.080817636,0.938493659,NA
IKZF3,64.53204573,-0.001966826,0.076480055,0.93851208,NA
AIDAP2,13.64943996,0.001174771,0.080057946,0.938519256,NA
ZFP1,158.3415472,0.002245058,0.075430605,0.938556992,NA
PLEKHB2,9510.678236,-0.002343706,0.036804534,0.938789442,0.970984741
SH3RF2,18.53844791,0.000895308,0.080373492,0.938829364,NA
ZNF594,146.873341,-0.002428182,0.073577001,0.938838036,NA
COG6,491.2436371,-0.002791372,0.066345823,0.938843478,0.970984741
REEP1,413.6132847,0.00286927,0.068886216,0.938918506,0.970984741
BCL7A,114.3245252,-0.002106751,0.075882382,0.938961779,NA
SLC16A6,151.0700986,0.002192975,0.075623995,0.938987044,NA
SAMD15,21.66254003,-0.001174101,0.079918527,0.939207896,NA
TMEM33,2679.844247,-0.002809893,0.050400799,0.939218435,0.971195902
RGR,9.825969219,-0.000849669,0.080625645,0.939269356,NA
ACAD11,474.9062019,-0.002675355,0.069033198,0.939654637,0.971534884
CMC2,671.7559618,-0.003078773,0.059451548,0.939779329,0.971534884
TMEM121B,408.106122,0.003109,0.063260386,0.939833578,0.971534884
MSRA,1218.629907,0.003768017,0.051806127,0.940014195,0.971542396
MXI1,377.0757773,-0.003302546,0.069295087,0.940135894,0.971542396
FNBP1,1590.926387,-0.002954068,0.050273907,0.940260859,0.971542396
SLC43A3,4781.996527,0.003019486,0.053571504,0.940324109,0.971542396
REX1BD,2018.276161,-0.002841986,0.048056534,0.940372698,0.971542396
PPP1R21,620.9782484,0.003109833,0.062320175,0.940669336,0.971542396
GASK1A,965.391552,-0.002978408,0.053746515,0.94076164,0.971542396
ASB2,29.29197269,-0.00132846,0.079223633,0.940765579,NA
PCDHA4,211.6676999,-0.00258,0.070293865,0.940774395,0.971542396
TAGLN2,12353.77131,0.003043406,0.046685938,0.940783205,0.971542396
TREML1,397.5141921,-0.005034457,0.066870047,0.940809305,0.971542396
EIF3B,4709.986288,-0.002335051,0.038426868,0.940894371,0.971542396
CCBE1,23.90742783,-0.001320147,0.079451323,0.941126942,NA
TUBB6,3960.30507,0.002904383,0.055510533,0.941479069,0.971974089
TGOLN2,12652.32748,0.003529448,0.041499738,0.941536446,0.971974089
SORBS1,97.37424773,-0.002116127,0.074558457,0.941563389,NA
IMPA1,719.2025665,0.003188777,0.065673812,0.941630922,0.971974089
KDM3A,1547.000255,-0.002250394,0.051175179,0.941695716,0.971974089
BIN2,1648.876291,-0.003084617,0.062746839,0.941855974,0.972040594
MEIOC,41.83646312,-0.001336771,0.079043418,0.941998452,NA
CCN3,54.63585046,0.001945277,0.077456805,0.942224193,NA
ASPHD1,454.7931018,-0.002705347,0.066128883,0.942337982,0.972416868
MARCKSL1P1,9.514413838,-0.000721157,0.080762304,0.942378088,NA
TCEA1P2,8.940838444,0.000567304,0.081074478,0.942382751,NA
SRP54-AS1,8.762057931,0.000871825,0.08057867,0.942417856,NA
KCNG2,14.09525817,0.001073603,0.080119401,0.942419636,NA
HELZ,1813.32168,0.002824042,0.060189186,0.942468243,0.972416868
POU5F1B,12.77436496,-0.000773106,0.080652571,0.942499397,NA
UBE2D4,566.8380948,-0.002910304,0.068076112,0.942542431,0.972416868
TRAPPC2L,867.3168871,-0.002798597,0.061540865,0.942604009,0.972416868
PTCHD3P1,77.05791287,-0.002029987,0.07540439,0.942848152,NA
APOC1P1,15.73989925,-0.001069348,0.079904652,0.942920939,NA
PHAF1,1688.947787,0.003076176,0.046365275,0.94301594,0.97268445
RFTN2,26.76306636,0.000990732,0.080327817,0.943023923,NA
CACNA2D4,583.9085797,-0.002376343,0.071754539,0.943159957,0.97268445
TRIM6,271.9191474,-0.002241288,0.072663015,0.943202814,0.97268445
EFHB,8.000421879,0.000677338,0.080913196,0.943269943,NA
SNED1,42.6786631,0.001431275,0.078713775,0.943343535,NA
SRP72,3242.097434,0.002951146,0.053138804,0.943343589,0.97268445
ANO7,53.2448829,0.001833342,0.077230779,0.943479457,NA
MCEMP1,253.0076228,0.002117343,0.074856069,0.94349203,0.97268445
ADO,2159.408825,0.002449371,0.045994408,0.943540262,0.97268445
NPRL2,391.121483,0.00276529,0.066137035,0.94365183,0.97268445
FTL,251306.1577,0.002833597,0.049548594,0.943662729,0.97268445
NUP62CL,13.93154907,-0.000792469,0.080589667,0.943675572,NA
UQCRC2,4050.782046,-0.002485164,0.04866502,0.943726376,0.97268445
ASAP3,21.954228,-0.000874233,0.080370591,0.943748075,NA
ATP2B1,1858.095618,-0.003104049,0.056350095,0.943825177,0.972687453
WNT5B,8.409180285,0.000746964,0.080773258,0.943875964,NA
NAT9,940.0686213,0.00283984,0.059489149,0.944077421,0.972848574
NRDE2,756.6800247,0.002842802,0.059479676,0.944244118,0.972921517
GEMIN4,557.8093885,-0.002777492,0.061430885,0.944425421,0.972995476
MRPL23,1118.120567,0.002527223,0.049480539,0.944507734,0.972995476
SVEP1,21.13271914,0.001172867,0.079678295,0.944900218,NA
CCDC85C,274.6959959,0.001377685,0.076820003,0.944995036,0.973398623
ZSCAN30,260.231123,0.002589637,0.068563546,0.945139744,0.973448833
CHDH,50.54352411,-0.001275634,0.079011485,0.945162218,NA
PTPN3,29.95861934,-0.001442873,0.079387974,0.945219703,NA
KIF5C,80.74655705,-0.00196362,0.075086939,0.94529975,NA
CCDC38,13.79740547,-0.000876145,0.080311566,0.945427898,NA
MDC1,950.5306259,-0.002629538,0.064506897,0.945864274,0.974064369
ZNF45,395.7814802,0.002517826,0.070167205,0.945929426,0.974064369
C12orf75,25.32566976,-0.001187575,0.079419544,0.945988896,NA
PLCH2,9.577712376,0.000669891,0.080837176,0.946048143,NA
PDCL,653.1286757,0.002836328,0.058330045,0.946077028,0.974117475
TTYH1,131.120558,0.002066027,0.073875661,0.94610123,NA
MINAR1,23.71115639,0.001170542,0.079503805,0.946322699,NA
FARS2,325.1974421,0.002383639,0.066525363,0.946375585,0.974204219
RNF213,27736.67389,0.006235229,0.056006586,0.946426686,0.974204219
EZR,3515.120925,0.002731918,0.055111046,0.946449387,0.974204219
BICDL1,55.5157113,-0.001471894,0.077950011,0.946461245,NA
YBX1P1,8.386787151,0.000765047,0.080681556,0.946621213,NA
SLC8A1,4214.800298,-0.002216758,0.050916351,0.946683064,0.974335343
LAMB3,764.2513791,0.002608544,0.061864798,0.946768876,0.974335343
CNRIP1,934.0510495,0.002252482,0.049348462,0.94690232,0.974373821
ADORA2A,7.61795245,-0.000577627,0.080941877,0.946924743,NA
NEMP2,185.0668077,0.002455108,0.069867395,0.947005501,NA
ZNF526,506.0782316,-0.00262444,0.062511481,0.947034259,0.974410744
CD14,34082.57306,-0.003813771,0.062315338,0.947308842,0.974594411
KCNJ1,58.60466715,-0.001555717,0.077331582,0.947320969,NA
NXPH3,28.78853221,-0.001127009,0.079476531,0.947395456,NA
PDCD2L,98.41638174,-0.001773592,0.075784434,0.9475073,NA
SCGB3A2,45.81783373,0.0014103,0.077612024,0.947515595,NA
SNCAIP,46.79816516,0.001222861,0.079294401,0.947679618,NA
PLIN5,14.09627908,0.000740724,0.080519986,0.948022771,NA
ZNG1C,526.4429636,0.002631418,0.063800252,0.948025424,0.974927347
LILRA2,190.858706,0.002451023,0.068715767,0.94803244,NA
ZNF546,207.017051,0.001705744,0.07686206,0.948034305,0.974927347
TRAPPC10,3330.315405,0.002604906,0.050409698,0.948124231,0.974927347
SNF8,1615.350521,0.002578313,0.051395342,0.948152574,0.974927347
NSMCE1,648.7125689,-0.002618563,0.054803113,0.948202823,0.974927347
USP7,3043.840096,-0.002591926,0.049600126,0.948209109,0.974927347
ATRNL1,10.71423698,0.000724635,0.080711036,0.948222861,NA
AMOTL1,22.22590444,0.001122855,0.079657026,0.948433699,NA
ZNF273,119.8747758,-0.002098884,0.072548155,0.94848426,NA
ZNF530,103.3405869,-0.001640566,0.078018396,0.948555244,NA
ACTA1,8.1939736,0.000777419,0.080595046,0.948610861,NA
PPP2R2D,915.5950251,0.002467024,0.061412183,0.948652108,0.975283975
NUDT17,149.3972632,-0.002222135,0.07042697,0.948733895,NA
ALX3,94.91108999,-0.002009591,0.073768368,0.948793566,NA
DUSP4,439.3367616,0.004006655,0.06018644,0.948839661,0.975377941
HENMT1,93.05687557,0.001996053,0.073805181,0.94896434,NA
DNASE1L3,17.05806839,0.00102401,0.079878789,0.949030193,NA
TBC1D16,2672.225014,-0.002593125,0.056886314,0.949031602,0.975476398
SCNN1A,9.754292327,0.000788585,0.080526461,0.949176794,NA
AATF,1359.812933,0.002618386,0.057566593,0.949278433,0.975565072
PITRM1,1900.111461,-0.002534934,0.054074126,0.949310216,0.975565072
CYP3A5,149.0977223,0.002121447,0.071984516,0.94948953,NA
TRAF3IP1,490.3427377,0.001978657,0.06957964,0.949613103,0.975777484
ZNF587,575.4092634,-0.001909989,0.072330417,0.949784185,0.975802345
RNF125,634.5624698,0.002461335,0.066053613,0.949829688,0.975802345
ZACN,15.22830856,-0.00079361,0.080344148,0.949897285,NA
CACNB1,51.74154339,0.001220231,0.079045842,0.949918437,NA
UPP1,3561.182985,-0.00226258,0.042408125,0.949989835,0.975868039
NR6A1,51.05046651,-0.001139596,0.079103094,0.950045049,NA
GM2A,22757.03458,0.00297403,0.036650522,0.950293106,0.976080728
OR6J1,14.7044814,0.000968893,0.080071311,0.950473692,NA
SAP30BP,1572.903067,-0.002372654,0.051463427,0.950565381,0.976261539
MFFP1,7.600968239,-0.000573696,0.080806199,0.950679822,NA
KRT8P46,26.47297057,-0.001104719,0.079116843,0.950699369,NA
CACNA1A,103.6807322,-0.001925048,0.07330686,0.950936045,NA
NUDT7,62.74370203,-0.001519644,0.076892153,0.950941172,NA
GLT8D2,11.64332243,0.000829151,0.080372996,0.950962403,NA
FANK1,11.2762478,0.000764752,0.080533851,0.950972733,NA
SLC35G6,7.182679063,0.000658472,0.080785429,0.950983637,NA
CMTM8,9.286220911,-0.000696662,0.080535692,0.950985827,NA
AP2S1,7115.679795,0.002118752,0.038379511,0.951034637,0.976546979
SETD6,332.0386447,0.002412267,0.07053808,0.951035844,0.976546979
LCMT2,187.6001104,-0.002161939,0.072249689,0.951208348,NA
PRORSD1P,56.26228292,-0.001625263,0.076222383,0.95130918,NA
LAMA1,32.42903023,0.001149347,0.079226237,0.951423971,NA
CBX8,213.2439805,0.002306237,0.069552422,0.951543069,0.97694969
ISG20L2,357.6824423,-0.00187039,0.072746774,0.951799043,0.97694969
HDGFL2,1711.381348,0.002377079,0.047749917,0.951824068,0.97694969
CACHD1,16.59178875,0.000961358,0.079880247,0.951827317,NA
ZDHHC9,526.884483,0.002219259,0.064063726,0.951841075,0.97694969
EIF4G2,20666.48221,0.003486423,0.0526398,0.951945293,0.97694969
TPGS2,1600.302019,0.002480713,0.049281517,0.952005884,0.97694969
TRIM35,683.4386642,-0.001137243,0.063214879,0.952183514,0.977033135
EEF1A1P19,15.1043489,0.000877328,0.080167999,0.952329769,NA
IL12RB2,11.04565504,-0.000741376,0.08037459,0.952504243,NA
RIPK4,6.320379186,-0.000533211,0.080891614,0.952522878,NA
ITGAD,34.98849981,0.001144704,0.079021088,0.95254117,NA
PSMB3,2659.745873,-0.002433563,0.053233455,0.952564176,0.977287104
ATP2B2,216.1814518,0.002138262,0.070658915,0.952623707,0.977287104
WFDC1,98.25642071,0.001721478,0.075236614,0.952731816,NA
RPL23AP82,237.3814733,-0.002120923,0.066529123,0.95289698,0.977468598
SMOC2,20.18817143,0.000864969,0.080158406,0.952984246,NA
TMBIM4,2467.413934,0.002870122,0.046506899,0.953007446,0.977469077
GPR89A,372.820168,0.002260818,0.067818218,0.953090166,0.977469077
DZANK1,76.00348046,-0.001261211,0.077783269,0.953204815,NA
RAB40C,658.6366352,-0.002315842,0.059648838,0.953361825,0.97762309
FOXP3,8.536904501,0.000687429,0.080623682,0.953363928,NA
ATP2A1,31.6533518,0.000807823,0.080325007,0.953366227,NA
S100A16,30.21254186,0.001196708,0.078802709,0.953386916,NA
GBP2,701.0912182,0.001700551,0.070811027,0.953433086,0.97762309
CDK2,563.2686298,0.002094727,0.066676336,0.953683043,0.977780552
OXA1L,5069.906325,-0.001810981,0.036362083,0.953812858,0.977788132
HOXB5,62.94611537,-0.00148407,0.076509883,0.954003608,NA
TRMT2B,507.7427534,-0.002253414,0.058687145,0.954078916,0.977788132
SLC25A30,521.1646278,-0.002408065,0.065913986,0.95408941,0.977788132
ST6GAL1,12889.38389,-0.002191397,0.042811725,0.954191155,0.977788132
RNF185,1471.104388,-0.002172988,0.046114232,0.95424496,0.977788132
RSU1,2577.501276,0.002143094,0.045933704,0.95426878,0.977788132
SUPT20H,981.5517919,0.002309455,0.059471178,0.954431341,0.977823219
ASB1,2128.031468,-0.002246154,0.050195696,0.954517772,0.977823219
INSM1,51.80471403,0.001176722,0.078874026,0.954620373,NA
MICB,950.7443663,-0.002220591,0.05173699,0.954629305,0.977823219
WBP1L,2779.276781,-0.002038253,0.041205784,0.9546886,0.977823219
INO80D,1032.636826,-0.002586284,0.06465365,0.954802823,0.977841478
CRYL1,1165.112686,0.002211735,0.051092051,0.955204918,0.97811263
PCGF6,333.4298596,0.002164299,0.067773253,0.955260432,0.97811263
SGK2,13.81549835,-0.000648816,0.080538286,0.955278535,NA
AKAP12,31.50031343,0.001083134,0.079035262,0.955440652,NA
CNN1,12.69249473,0.000666195,0.080556012,0.955464331,NA
GSTO2,72.74087296,0.0014615,0.076772531,0.955671348,NA
ARPIN,975.3673022,-0.002237875,0.058586524,0.955714153,0.97822793
IL17D,25.0384536,0.001011154,0.079379109,0.955714322,NA
CISD1,228.5166907,-0.001907943,0.071744411,0.95576349,0.97822793
NAB2,1977.896848,-0.002102001,0.059188365,0.955806779,0.97822793
ZNF226,377.6880448,-0.001952377,0.069239381,0.955835322,0.97822793
NF2,1268.628596,0.001615246,0.048743975,0.955855209,0.97822793
KCNJ6,61.91827585,-0.001214071,0.07778971,0.956058366,NA
FAM180B,8.407040906,0.000660518,0.080658234,0.956077993,NA
SH3RF3,837.6469837,0.002019296,0.067375585,0.956078046,0.978357278
SLAIN1,42.71091937,0.00105803,0.077913279,0.956134678,NA
CYB561D2,873.6086882,-0.002052274,0.052168204,0.956177684,0.978360543
ZNF765,274.3152342,-0.001830805,0.071458055,0.956342814,0.978384067
DSTNP1,42.81513404,0.00119392,0.078472794,0.956380955,NA
PPP1R15B,2492.859262,0.00196164,0.049295106,0.956393573,0.978384067
FBXO41,1591.611356,0.002199592,0.059231055,0.956605469,0.97841044
ECD,719.1095273,-0.002181755,0.056455314,0.956612258,0.97841044
OTOF,15.26011955,0.000701102,0.080440939,0.956816376,NA
UMPS,714.7803763,0.002173174,0.065773569,0.956973885,0.97868163
PEX5,508.3304079,0.002871176,0.061235331,0.957462136,0.979082249
WDR25,175.7257206,0.001949536,0.069803126,0.958058497,NA
ANKRD16,110.1525056,-0.001434989,0.074988488,0.95810865,NA
ANKH,5155.532746,0.001385127,0.053862001,0.958186088,0.979657048
ZBTB38,2229.645494,-0.001610729,0.053286527,0.958217392,0.979657048
TEX52,14.40778124,0.000808774,0.080083011,0.958495092,NA
TCAF1P1,120.439495,-0.001294808,0.077030557,0.958809122,NA
ZC4H2,73.13030811,-0.001056943,0.078742688,0.95884166,NA
KIAA0408,77.91123887,0.001348457,0.076733468,0.958875035,NA
IL16,407.1877788,0.001779228,0.062333988,0.958879627,0.9801542
LIN37,325.6282719,0.00210336,0.06361473,0.958906247,0.9801542
RHOD,8.151483411,0.000504923,0.080914451,0.958927433,NA
ZNF283,137.4034486,-0.001395351,0.075979529,0.958990639,NA
LMTK2,531.8758557,-0.002039316,0.061255724,0.958993537,0.9801542
SDK1,23.27835925,0.000643685,0.080509896,0.959154045,NA
MED17,758.8165265,-0.002094687,0.057077483,0.959210426,0.980227285
POMGNT1,1135.155459,0.001545491,0.049632918,0.959258306,0.980227285
OR10A6,8.713099911,0.00059964,0.08062542,0.95931114,NA
DNAJB7,8.321695253,0.000559958,0.080751701,0.959475056,NA
IFT74,328.4418109,0.002537163,0.063599483,0.959495937,0.980371352
EFCAB13,174.5942758,0.001616571,0.073777946,0.959798809,NA
RPL28,15075.40694,0.000468041,0.050642685,0.959831562,0.980615506
PAQR6,57.9153611,0.001126996,0.077144348,0.960298216,NA
CAPN11,119.7130162,-0.001438728,0.075260171,0.96042978,NA
SESTD1,715.4544052,0.002120651,0.061589089,0.960517375,0.981217346
XIAPP3,14.27265563,0.000613808,0.08056078,0.9605314,NA
NPIPP1,106.9237989,0.001576998,0.073801427,0.960811482,NA
RDH12,67.75952578,0.001125858,0.077619585,0.961031711,NA
BMS1P7,29.39539513,0.001008629,0.078852127,0.961124515,NA
CIAPIN1,1007.845285,0.001950642,0.052488731,0.961248202,0.981865045
OR2L3,10.35090819,0.000629867,0.080598515,0.961320361,NA
VENTX,29.33128929,0.000976051,0.078927306,0.961350018,NA
SEC14L1P1,14.94317033,-0.000690905,0.08012105,0.961453237,NA
TP53AIP1,6.617183856,0.000477081,0.08083483,0.961670312,NA
CAT,2671.082039,-0.001066769,0.051169833,0.961707877,0.982142088
PPP4R1,1697.634686,-0.00203187,0.058873934,0.961713068,0.982142088
TRIML2,8.894693927,0.000573323,0.080641248,0.961766543,NA
HSF4,121.7583526,-0.001489608,0.073116045,0.961985815,NA
DISP1,622.4431838,0.001984208,0.063374672,0.962082146,0.982420102
ZBTB8B,49.44796129,-0.001078559,0.077856754,0.962281251,NA
DCBLD2,396.5837113,-0.002019243,0.069210544,0.962469449,0.982716667
CTDSP2,6054.398443,0.002020876,0.045967884,0.963035715,0.982933091
C10orf88,207.0931731,0.00154537,0.075364463,0.963099071,0.982933091
ADAM28,2872.130128,0.001808295,0.055577157,0.963227602,0.982933091
UBQLN2,1295.073778,-0.002211615,0.053317381,0.963296035,0.982933091
DHX38,2930.380259,-0.001774341,0.055238285,0.963349406,0.982933091
STEEP1,581.306473,-0.002170876,0.067994468,0.963351622,0.982933091
STK39,235.547608,0.001740812,0.067872758,0.963412206,0.982933091
PGM5,41.28712248,0.000851391,0.079302447,0.963438077,NA
MRS2,1046.222503,0.00251452,0.050191986,0.963456598,0.982933091
CA12,10.43673227,-0.000459113,0.08070373,0.96362355,NA
MANF,1308.100087,0.001886145,0.055082698,0.963644537,0.982950234
CREB3L2,4345.372583,0.000774485,0.04232777,0.963695877,0.982950234
C9orf78,1750.497963,-0.001856296,0.053819779,0.9637641,0.982950234
ZNF771,142.1061108,-0.001671073,0.071491837,0.963766519,NA
BTF3P7,31.08999354,0.000947738,0.078655281,0.963929886,NA
SOCS5P4,6.060748849,0.000393713,0.080993933,0.96442263,NA
FPR1,123.5672011,0.001360489,0.07345749,0.964476098,NA
RPS12P20,25.13405981,-0.000716875,0.079553115,0.964577184,NA
GREM2,7.262330396,0.000479551,0.080780129,0.96457822,NA
G2E3,408.020197,0.001610898,0.070652314,0.964579935,0.983683408
PRR19,17.25323202,-0.000621918,0.080015733,0.964679301,NA
IMMP1L,63.54533059,0.000814237,0.078433789,0.964794972,NA
MEFV,22.35108268,0.000655014,0.080276303,0.964806238,NA
PTGR3,1089.602177,0.001799291,0.058141288,0.964899744,0.983883554
RIBC1,13.69392977,-0.000587324,0.080178005,0.96490239,NA
ZNF596,46.3733028,-0.000993962,0.0776193,0.964938478,NA
DHX16,1807.691448,0.001792439,0.048529795,0.964970178,0.983883554
CNTNAP4,22.05231983,0.000640902,0.080159925,0.965121502,NA
NUTF2,2058.965684,-0.00161461,0.047550044,0.965281074,0.984101629
ZNF568,156.6683759,0.00137299,0.072170137,0.965483787,NA
GGTA1,54.00963129,0.001115054,0.077454354,0.965582892,NA
UBE2V1P1,7.975403449,0.000448987,0.080836933,0.965685039,NA
IMMP2L,89.28696001,0.001326298,0.074598127,0.965733957,NA
MYO10,985.9069549,-0.001044298,0.055372366,0.965818203,0.984550282
APOBEC3B,552.3082852,0.001767925,0.060266405,0.965960285,0.984596175
GRK5,111.7348363,0.000677836,0.072591943,0.966425049,NA
DYNAP,31.3889128,-0.000777378,0.07889787,0.966656645,NA
LRRC34,42.55926865,0.000862344,0.078227823,0.966666244,NA
ADRA2B,80.46288661,0.001122337,0.075623834,0.966689638,NA
ZNF337,364.9898493,0.001619945,0.06484215,0.966771253,0.985323781
KIAA2012,33.91676215,0.000857065,0.078509555,0.966785748,NA
GTPBP8,343.5844452,-0.001519228,0.064137388,0.966955179,0.98538823
HHLA1,70.66940412,0.001072808,0.076464928,0.966997419,NA
CLDN12,574.6381337,-0.00148098,0.067110677,0.967047629,0.98538823
SGMS2,176.0226587,-0.00104772,0.076056057,0.967243833,NA
PSENEN,1117.347,-0.001813833,0.049394242,0.967286265,0.98538823
RBBP4,2503.420624,0.000861098,0.051622208,0.967340408,0.98538823
TET3,1826.927105,0.001586178,0.057162341,0.96739056,0.98538823
ZSWIM1,334.6169513,0.001708919,0.063531192,0.967417329,0.98538823
CENPO,615.54177,0.002028482,0.065749601,0.967682208,0.985546188
ZDHHC2,758.1483062,0.001376462,0.071101049,0.967788522,0.985546188
KRBA2,218.5244974,-0.001430191,0.071527339,0.967923135,0.985546188
ELP1,903.0695106,0.001204715,0.076435003,0.967961028,0.985546188
CKMT1A,9.539481786,0.000449519,0.080698024,0.96824319,NA
H2BC11,20.12748137,-0.000527135,0.079866974,0.968244387,NA
ZNF585A,290.3522082,-0.001469576,0.067340645,0.968343394,0.985795406
ZNF331,275.3922465,0.001602152,0.065220598,0.96840016,0.985795406
TIGD4,11.48723763,0.000450852,0.080712689,0.968810899,NA
VAX2,8.100217604,-0.000406448,0.080664658,0.968971647,NA
TAP2,4747.212676,0.001661854,0.064620138,0.969023825,0.986331295
SPDYE1,59.1515231,0.001109283,0.076155576,0.969093524,NA
PHACTR3,15.45633895,-0.000550743,0.079983906,0.969119312,NA
MCC,201.7644398,0.001370522,0.074181181,0.969290462,NA
C1QTNF3-AMACR,6.716449654,-7.09E-05,0.081386522,0.969324006,NA
SH3GL1P1,27.12326189,0.000787842,0.078858078,0.969354636,NA
P4HA2,604.1776625,0.001615998,0.061693929,0.969494724,0.986711596
M1AP,124.1947255,-0.001229077,0.07133674,0.969920552,NA
NRIP3,1588.034877,-0.001502369,0.055061158,0.970007722,0.987134664
TNXB,19.76276059,0.000268511,0.081192233,0.970080584,NA
RASD1,10.1861642,0.000525453,0.080329294,0.970098336,NA
HMGCR,1748.999628,0.001498679,0.068243734,0.970120687,0.987150592
ETV2,9.526450764,-0.00038154,0.080654465,0.970362918,NA
CCR7,18.54879949,0.000577466,0.079990109,0.970527455,NA
SMIM11,263.2505556,0.001361986,0.067235682,0.970555417,0.987244897
LTB4R2,230.9369262,0.001229834,0.073312847,0.970573799,0.987244897
MIER3,491.1618505,0.001159056,0.07447697,0.970596216,0.987244897
SP6,9.232030352,-0.000399717,0.080601036,0.970643817,NA
BPTF,3370.019078,0.001276266,0.045954264,0.97065106,0.987244897
OLFM1,9.377707746,-0.000364328,0.080718919,0.970727231,NA
ZNF674,90.64969539,-0.000839309,0.077071841,0.970796268,NA
RCOR2,26.06655762,-0.00055729,0.079401538,0.970800629,NA
INTU,402.4517923,0.001292395,0.071810605,0.970839297,0.987244897
ANKRD28,1379.13024,-0.001362234,0.058048018,0.97085297,0.987244897
DDX27,1594.009616,-0.001399862,0.049185527,0.970894626,0.987244897
LASP1NB,48.90788627,-0.000978917,0.077279881,0.971023981,NA
HSDL1,642.4797971,-0.001373528,0.066198517,0.971081555,0.98731143
STAU1,3202.381129,-0.001217723,0.040615615,0.971177008,0.98731143
IFI27L2,808.0587515,0.001522221,0.055743337,0.971252047,0.98731143
C19orf73,12.48246277,0.000457711,0.080420946,0.971308324,NA
SLC25A51,390.3785101,0.001570409,0.063686961,0.971437767,0.987401274
DOC2B,8.794029106,-0.000306695,0.080864189,0.971765115,NA
EEF1A1P6,52.84633917,0.000875189,0.077514765,0.972035016,NA
DCTN3,1199.127785,0.004553132,0.049574912,0.972180293,0.987987494
CCL3L3,105.6744451,-0.000864524,0.07650554,0.97218114,NA
MAPRE2,1985.21319,0.00124566,0.058197189,0.97224332,0.987987494
SLC25A23,851.3277916,0.000744471,0.068600126,0.972345219,0.987987494
BNIP3L,2250.002518,0.001420514,0.050263081,0.972404095,0.987987494
TMEM45B,63.52734221,0.000789688,0.078231806,0.972462856,NA
DNAJB5,266.2616487,0.001269977,0.070034733,0.97278049,0.988214191
CATSPERE,20.84568496,0.000516949,0.080191724,0.972796701,NA
TMLHE,333.1690478,0.001266771,0.068220261,0.972822054,0.988214191
PYCR1,192.8882531,0.001088902,0.072390177,0.972842276,NA
CNOT1,6560.257207,-0.001195019,0.050390542,0.973057269,0.988354154
RASEF,35.48312501,0.000712034,0.078494504,0.973105481,NA
SIAH1,562.8501727,0.001144083,0.059445456,0.973207094,0.988407365
CATSPERB,12.47190065,0.000416389,0.080529775,0.97340679,NA
ATAD3A,1301.650665,0.001357128,0.052199597,0.973528767,0.988635079
FAIM2,50.39071212,0.000659373,0.079145056,0.973697063,NA
XYLB,167.8393799,-0.000930138,0.074425073,0.974078265,NA
EEPD1,1242.929997,0.001332076,0.052590123,0.974230412,0.989192442
TMC2,40.09972641,0.00072592,0.07865248,0.974295379,NA
CDCA4,407.8001992,-0.001272929,0.060238555,0.97430901,0.989192442
MN1,15.49531384,-0.000323709,0.080650028,0.974313483,NA
SLC5A1,7.105246417,0.0003705,0.080730414,0.974361545,NA
ZNF285,46.4059901,0.000591173,0.079434174,0.974491911,NA
RPL13A,44705.16425,0.002827725,0.034146343,0.974512965,0.989192442
NCOA7,1550.678155,0.001345322,0.055117754,0.974559565,0.989192442
TOR1A,2214.008727,-0.001796539,0.044724862,0.974565187,0.989192442
RBM14,1383.928749,-0.001085841,0.058652309,0.97472718,0.98925788
KCNJ13,10.94607815,-0.000328613,0.080559007,0.974814307,NA
SMG1P6,18.11290082,-0.000419546,0.080065071,0.974866922,NA
GSTA4,52.56000806,0.00085206,0.076809187,0.974976003,NA
SHISAL2A,75.79987614,0.000870313,0.07652036,0.975091586,NA
NAIP,2328.378103,-0.001265599,0.054956364,0.975200692,0.989637142
SEC13,2878.72915,0.001175069,0.045888791,0.975295988,0.989637142
ZNF345,148.584308,-0.000911563,0.075242649,0.975448187,NA
TGFBR3,28.00209379,0.000528792,0.079449399,0.975577002,NA
PCDHB16,14.99010994,-0.000441425,0.080004327,0.975697452,NA
LRRC20,30.93519303,0.000689145,0.07857517,0.97575846,NA
TRIB2,222.6508574,-0.001035904,0.071347554,0.975853504,0.989987052
ZCCHC24,675.1333083,0.001217923,0.056883881,0.975927042,0.989987052
MCUB,907.41618,0.001382143,0.056965621,0.975933608,0.989987052
C1orf226,142.485967,-0.000694332,0.072337554,0.975966619,NA
C12orf50,52.64399909,0.000833888,0.076459359,0.976050067,NA
GABRG2,77.8450243,0.000774528,0.076690713,0.976067966,NA
ISOC1,366.6818188,0.001255041,0.066050841,0.976090376,0.990047073
IL32,45.26623439,0.000714784,0.078430529,0.976142798,NA
CXCR3,6.50575258,-0.000189535,0.08100836,0.976177173,NA
LOXL4,6.527394912,-0.000274649,0.080798652,0.97620429,NA
ADRB1,7.050174967,0.000335522,0.08076323,0.976218596,NA
RNPC3,580.0540692,0.001309179,0.063734657,0.976222458,0.990082045
TMEM63C,158.0121677,-0.000907594,0.074380289,0.976354469,NA
XIRP1,10.72165372,-0.000356301,0.080362047,0.976544067,NA
RAB3B,28.45090221,0.000630598,0.078925662,0.976579428,NA
ZNF892,112.8963775,0.000933986,0.075671295,0.976651066,NA
RASL11A,19.74329412,-0.000333206,0.080394831,0.976692496,NA
CNKSR2,51.30119629,0.000691873,0.077644382,0.976744593,NA
PLEKHG6,45.32253292,0.000678567,0.078337152,0.976901517,NA
HMGN2P46,40.03226407,0.000803039,0.078149941,0.977008857,NA
PLAGL2,1304.885946,-0.001271859,0.049667203,0.977052961,0.990696229
ELOB,3547.762088,0.001967284,0.044468846,0.977066417,0.990696229
ATP5MC1P4,8.903155396,-0.000346181,0.080489908,0.977076807,NA
DNAH10,79.0940712,-0.000605457,0.077939965,0.977100658,NA
SLC6A11,11.59312895,0.000375705,0.08053186,0.977258505,NA
KLF11,568.8987698,0.00098216,0.057388214,0.977260701,0.990696229
POU5F1P3,22.82576411,-0.000445719,0.079464358,0.977290625,NA
NDUFB7,1465.526684,-0.001142609,0.053646013,0.977313018,0.990696229
MYG1,638.551263,-0.000951758,0.056848593,0.97740989,0.990696229
RAF1,2978.795745,-0.001106457,0.050072795,0.977414024,0.990696229
S1PR3,20.64752571,0.000437234,0.080099379,0.977458729,NA
VCAN,1574.35152,-0.000654509,0.063709772,0.977659642,0.990754606
SNAP29,1692.876144,-0.000261326,0.051556158,0.977666957,0.990754606
FSTL4,9.986744763,0.000351386,0.080620646,0.977688605,NA
FXR2,1353.166639,-0.001052922,0.056859396,0.978272756,0.991172244
MYO19,1225.020114,0.001150225,0.057267153,0.978274498,0.991172244
TM9SF5P,10.72725793,-0.000291551,0.08062643,0.97833182,NA
ATG10,165.9505152,-0.000935354,0.071281671,0.978354801,NA
PABPC1L,310.4775834,0.001040038,0.07074456,0.978399586,0.99119998
MEPE,36.40276293,0.000529757,0.079157726,0.978424726,NA
PKN2,855.1242896,-0.001077088,0.05859869,0.978590173,0.991206657
EXOSC2,533.5054516,-0.001171422,0.065297967,0.978601603,0.991206657
FTH1P15,77.57252901,0.000786988,0.076891204,0.978713729,NA
GRAP2,7.122024309,0.000272044,0.080924731,0.978802523,NA
MED13,2427.297439,-0.000994476,0.047861151,0.978835878,0.991344963
ATAD3C,20.17365018,-0.000357324,0.079984945,0.978943075,NA
TRAPPC2B,117.4925119,0.000986296,0.074092323,0.979200581,NA
ZC3HC1,341.4214832,0.000977747,0.070228763,0.979202423,0.991617189
BTBD9,630.0083289,-0.00087332,0.065744033,0.979346677,0.991631995
INTS12,369.9749512,0.001114093,0.065791333,0.97943173,0.991631995
ATP5F1A,11892.126,0.000711174,0.042987159,0.979542289,0.991631995
PTGER2,217.2876655,0.000971045,0.070400444,0.979631083,0.991631995
NDUFAF8,385.2003391,0.001147255,0.065321451,0.979844024,0.991631995
TMSB10,24112.34674,-0.001924052,0.045012258,0.980000716,0.991631995
OR2M3,438.7545061,0.001032186,0.062243415,0.980011972,0.991631995
MTFP1,597.4988518,-0.000978581,0.060925303,0.980024598,0.991631995
SHF,60.88291836,-0.000481057,0.078378818,0.980029918,NA
SRSF8,794.1599026,0.001294302,0.063320631,0.980099445,0.991631995
AHNAK2,959.6363604,0.000796412,0.075731901,0.980229022,0.991631995
TPBGL,86.19682383,0.000682909,0.074358647,0.980300162,NA
DOCK7,1187.998036,-0.000449541,0.078777493,0.98050808,0.991631995
CCNG2,1224.222157,0.00103253,0.060909094,0.980543374,0.991631995
ZNF491,19.84160846,-0.000305471,0.079956919,0.980550813,NA
SMG1P1,626.2701955,-0.000169551,0.066691698,0.980558444,0.991631995
PUDP,699.7528637,0.001033852,0.058342325,0.980653954,0.991631995
KIAA1217,31.77179689,-0.000256451,0.080515556,0.980655032,NA
TMEM258,1416.029999,0.001255736,0.052409523,0.980746154,0.991631995
TIA1,1244.751403,0.001018224,0.056832862,0.980781132,0.991631995
EPCIP,11.20470507,0.000306577,0.080431249,0.9808778,NA
PODN,12.84996507,0.000304212,0.080567506,0.980969731,NA
ABL2,2391.512141,0.000257872,0.05455179,0.981019041,0.991676642
C2CD2,425.7092188,-0.000651801,0.069603659,0.981059147,0.991676642
EMC3-AS1,9.701991648,-0.000210677,0.080813899,0.981081043,NA
SLC25A21,13.11668068,-0.00032324,0.080192492,0.981155291,NA
PDS5A,2963.667922,-0.000602038,0.044175562,0.981255069,0.991676642
RFTN1,1305.174297,0.005086602,0.057595507,0.981294739,0.991676642
CA5A,16.35198327,-0.000323007,0.07991,0.981300221,NA
USP32,2555.348327,-0.000933827,0.046426265,0.981376984,0.991676642
APOO,446.8465057,-0.000846043,0.068896395,0.981483759,0.991676642
FAR2P4,22.09383001,-0.000357825,0.079471498,0.981498847,NA
GATC,872.8700118,-0.000974422,0.053781406,0.98150961,0.991676642
B3GNT4,17.56288244,0.000279706,0.080622947,0.981620517,NA
CEACAM19,74.91138072,-0.000481015,0.077758311,0.981842452,NA
H4C9,8.552731871,-0.000204935,0.080748916,0.982107638,NA
DCC,12.9558354,0.000321135,0.080310607,0.982221916,NA
CTTNBP2,69.20836453,-0.000347163,0.079306797,0.982366252,NA
BTN2A3P,48.65800897,-0.000555354,0.077174815,0.982479379,NA
ZNF623,667.7916569,0.000944512,0.05758066,0.982492556,0.992570908
SAMD5,11.82551784,0.000282321,0.080546828,0.982559207,NA
MMP21,12.52404917,0.000281132,0.080554521,0.98258486,NA
MEST,69.00949457,0.000578465,0.077616569,0.982632406,NA
GPRASP2,87.05141004,0.000696245,0.074594531,0.982652312,NA
UBC,46030.53913,0.006740108,0.042650386,0.982676082,0.992657457
POU6F1,52.5658568,0.000712891,0.078154047,0.982724447,NA
TMEM50B,683.8259338,-0.000764096,0.061936635,0.98305771,0.992944081
MSH5-SAPCD1,69.54246209,0.000485679,0.078302526,0.98318175,NA
ZNF484,76.12265538,0.000745861,0.074758795,0.983199581,NA
H2AC19,710.531323,0.000835433,0.065417398,0.983274074,0.992982876
CNGB1,23.78270965,-0.000200053,0.080622791,0.983287385,NA
CCL3,985.3616489,0.000861184,0.065311095,0.983291896,0.992982876
ZBTB7C,1746.407857,0.000897906,0.058929506,0.983442194,0.993035797
CFAP53,18.65911697,0.000369722,0.07981845,0.98354242,NA
MFSD4A,28.85281589,-0.000239647,0.080284593,0.983570679,NA
JARID2,1335.414431,-0.000767494,0.050557118,0.983753114,0.99325088
RRP7BP,57.86240343,-0.000431082,0.077655506,0.983842637,NA
TTC39C,394.3763513,0.000736868,0.071275506,0.983907341,0.993307729
FHIT,103.8948126,-0.000474191,0.073973517,0.984113514,NA
CFHR4,9.393039283,-0.000184373,0.080778036,0.984154477,NA
PVALB,20.20618964,-0.000564185,0.079840779,0.984202942,NA
PLD5P1,12.77648073,-0.000244162,0.080255946,0.984206486,NA
ZNF571,94.9918911,-0.000578389,0.073537081,0.984275659,NA
SCIN,1739.509907,-0.000708877,0.045392922,0.984311633,0.993616997
WDR93,11.22900733,-0.00020947,0.080507649,0.984321596,NA
PSMD4,3247.934431,-0.000646659,0.04189884,0.984445115,0.99365286
IFI6,34731.61633,0.002026771,0.057570734,0.984880071,0.993779797
NAT14,394.2625132,-0.000718415,0.061796843,0.984911488,0.993779797
ZNF672,1039.518921,0.00076507,0.056882663,0.984951847,0.993779797
CPAMD8,33.01371678,-0.000297595,0.0793948,0.984957856,NA
MRPL17,1084.577484,0.00289161,0.057875775,0.984962744,0.993779797
ZNF846,230.0034607,0.000707991,0.072653364,0.98517491,0.993895007
C14orf28,122.9944394,0.000608072,0.073498199,0.985295369,NA
STK32B,32.58006782,0.000346659,0.079565285,0.985326021,NA
CAPN3,641.8665338,-0.000703178,0.068833732,0.985364869,0.993974946
ZNF212,375.6830169,-0.000647954,0.064289534,0.985470667,0.993974946
SLC25A44,1138.072481,-0.00060905,0.057896004,0.985548108,0.993974946
CLC,7.618800977,-0.000148466,0.080879105,0.985731553,NA
ADH4,10.22979027,0.000207728,0.080778045,0.985812459,NA
ZCCHC17,756.5416626,0.000733805,0.053368849,0.985906142,0.994237191
VCF2,100.3996362,0.000686156,0.074163477,0.986002058,NA
PRKX,1412.404774,-0.000451059,0.057186802,0.986191801,0.994358985
TTC34,119.6562545,-3.87E-05,0.075950751,0.986228445,NA
KCNA2,84.17709462,0.000636022,0.077139516,0.986250624,NA
DET1,204.7139109,-0.00055208,0.06908918,0.986273903,0.994358985
PDCD6IPP2,14.51112441,0.000267196,0.080085296,0.98629696,NA
EIF2S3B,7.305658594,-0.000168085,0.080827782,0.986312218,NA
CH25H,615.6044938,0.00089173,0.0705122,0.986342585,0.994358985
CCM2,1705.024839,-0.000632768,0.047332495,0.986419013,0.994358985
CCDC171,65.08905772,0.000400266,0.07849076,0.9864965,NA
TPST1,121.7123236,0.000362441,0.075362967,0.986594417,NA
RNF103-CHMP3,26.12552468,-0.000191155,0.080243425,0.986935286,NA
C6orf47,993.8008398,-0.000608391,0.051012408,0.987400865,0.995130059
CCNE1,225.4680095,0.000488223,0.069031126,0.987485619,0.995130059
NUDT19,420.155695,-0.000470864,0.063540808,0.987615803,0.995130059
MEI1,268.6532652,-0.000553746,0.067123917,0.987615892,0.995130059
ENPP7P8,10.07536872,0.000220886,0.080460003,0.987646062,NA
CD53,15556.44438,0.000650855,0.041844708,0.987778478,0.995130059
DBNDD1,35.09388195,0.000347454,0.07867133,0.98777849,NA
KLF13,4273.754198,0.001091172,0.050728445,0.987915644,0.995130059
NRAP,13.46595692,-0.000145027,0.08061194,0.987976402,NA
PELI3,285.6821653,0.000727441,0.067749946,0.9880053,0.995130059
SUGP2,3606.996475,-0.000491936,0.039716368,0.98804762,0.995130059
RNF24,487.9866493,-0.000521022,0.063922337,0.988113989,0.995130059
NTAQ1,140.1618115,0.000629338,0.076300473,0.988144456,NA
COX15,1247.443208,0.001095511,0.055307363,0.988164934,0.995130059
F3,290.9853978,0.000569438,0.069940263,0.988339184,0.995206739
CDH13,21.36203641,0.000217211,0.080439304,0.988369515,NA
STEAP4,33.20399728,0.000297061,0.079306402,0.98870308,NA
MAPKAP1,3825.103797,0.000560176,0.042716971,0.988782942,0.995554755
CTPS2,414.5922402,-0.000549516,0.062364709,0.988909512,0.995583375
GNA11,1215.171835,-0.000483957,0.06642826,0.98903252,0.995608403
RFLNA,15.96631034,0.000213387,0.080184329,0.989426709,NA
VSIG10,342.7967898,-0.000364553,0.067588465,0.989478965,0.99564212
ADGRL2,23.13256765,0.0002459,0.080039794,0.989536594,NA
ZNF827,612.091799,0.000626734,0.071251649,0.989563886,0.99564212
CD70,11.86705864,0.000165662,0.080626651,0.989658591,NA
B3GALT5,8.838975235,0.000151966,0.080724838,0.989686251,NA
HCN1,8.660104949,0.000180828,0.080579663,0.989704337,NA
SRSF11,4465.858529,-0.00041662,0.038097591,0.989713574,0.99564212
ZNF655,1916.483033,0.000582295,0.04452613,0.989830645,0.99564212
PARP16,212.0317108,-0.000321664,0.072225102,0.989844293,0.99564212
ALKBH3,217.796712,0.000261009,0.068235688,0.989910106,0.99564212
STRA6,26.50647828,-0.00017519,0.079656476,0.990005449,NA
ANKRD11,5866.836924,0.000514811,0.052022554,0.990117929,0.99564212
PPP2R5E,1311.539652,-0.000444741,0.052510078,0.990172733,0.99564212
PCDH10,24.9906129,0.000198165,0.079918139,0.990188505,NA
PSMG2,1122.764902,-0.000492007,0.049488215,0.99036198,0.99564212
MCPH1,632.3451714,-0.000442419,0.065706112,0.990367132,0.99564212
FADS2,2116.005467,-0.000973532,0.078262342,0.990374201,0.99564212
C16orf89,28.35994662,-0.0002424,0.079336383,0.990424037,NA
MYO5B,68.37573662,0.000810145,0.078177674,0.99048369,NA
UBN2,636.7983878,-0.000951299,0.066438818,0.990535227,0.99564212
AKR7A3,9.128644525,0.000162264,0.080522771,0.990538668,NA
DPY19L3,572.1176628,0.000589499,0.065563084,0.990556344,0.99564212
RAB28,268.650489,-0.000423917,0.065403589,0.990612028,0.99564212
RIOX2,645.2511768,-0.000328688,0.064585118,0.990635015,0.99564212
ANXA9,90.37702822,0.000357595,0.073954544,0.990663869,NA
C8orf58,349.3232792,-0.000698299,0.06238592,0.990779818,0.99564212
TMEM191A,12.32153529,0.000184084,0.080243111,0.990813925,NA
ITGBL1,254.9939844,0.000800524,0.0717576,0.990827299,0.99564212
OR2V2,9.57473566,0.000145889,0.080802978,0.990828675,NA
SPECC1,1312.132863,0.000267585,0.052271662,0.990832729,0.99564212
CCDC7,40.36905039,-0.000205152,0.078666774,0.990844203,NA
GOLGA6L4,148.7678719,-0.000362956,0.073150547,0.990940606,NA
OR2G6,18.55769814,-0.000141217,0.079905397,0.991020464,NA
ARL4C,364.4679533,-0.001312305,0.067583852,0.991094158,0.995806174
ANKRD12,2320.001309,0.000199064,0.060624887,0.991500965,0.996116251
TLL2,10.95423576,0.000142758,0.080603953,0.99157084,NA
OSER1,923.628106,0.000467888,0.055855919,0.991788419,0.99630637
WSCD2,10.93641757,-7.16E-05,0.080921432,0.991868846,NA
MAGI2,84.39533421,-0.000133446,0.079527217,0.991906237,NA
ASTN2,177.6453288,-0.000613292,0.068482873,0.991952779,NA
TP53RK,515.9681092,-0.000385925,0.057723713,0.992011455,0.996431746
KDM5D,9.441342703,0.000114796,0.08088342,0.992067993,NA
TSEN2,264.2818156,0.000435226,0.065058092,0.992229975,0.996442519
H2BC8,11.80616376,0.000157617,0.080312526,0.99225663,NA
CBL,5133.623805,0.000393467,0.045894186,0.992299883,0.996442519
EZH1,1229.703863,-0.000352351,0.051258652,0.992475228,0.996442519
DIABLO,943.4780046,0.000435051,0.056429863,0.992518114,0.996442519
NXNL2,22.16804615,0.000210101,0.079343023,0.992604041,NA
TRAF5,199.1699606,-0.000149009,0.073498737,0.992617555,NA
NAV1,3362.657246,0.000323224,0.053182298,0.992702031,0.996442519
ACVR2B,611.0032049,0.00023533,0.056917053,0.992794637,0.996442519
AHCYL1,5826.002925,-0.000224782,0.04566256,0.992855705,0.996442519
RBM34,986.9823723,0.00042896,0.058061325,0.993056514,0.996442519
C1orf50,302.3291507,0.00035454,0.070858983,0.993074724,0.996442519
GPAM,282.6778142,-0.000296865,0.064387654,0.99307969,0.996442519
DOP1A,728.1805279,0.000337391,0.067214964,0.99316881,0.996442519
UMAD1,403.6957456,-0.00060097,0.067550829,0.993200937,0.996442519
IFT43,165.1046968,0.000377882,0.072206051,0.993545094,NA
PFKFB2,1864.336501,6.55E-05,0.060523585,0.993769855,0.996914696
ALG8,912.908564,-0.000329615,0.051576282,0.993989525,0.997024072
ZNF169,117.1318319,-0.000203929,0.074726356,0.994030211,NA
FHAD1,173.2985042,0.00033495,0.075462632,0.994045896,NA
SSR4,2709.137784,0.000355182,0.049357392,0.99407546,0.997024072
RFPL1,95.00028921,-0.000337708,0.073782237,0.994358108,NA
ZNF16,148.1240229,0.000176925,0.072573187,0.994394208,NA
PARN,1200.885914,0.000119512,0.055863082,0.994430974,0.997282036
HTRA2,639.5572925,0.00035014,0.055508595,0.994555771,0.997308594
TPD52L2,6066.800203,-0.000148213,0.037461128,0.994834464,0.997391727
DMTF1,1228.658693,-0.000210155,0.05911205,0.994856807,0.997391727
KRBA1,207.3936048,0.00026002,0.07389905,0.994938285,0.997391727
SH3PXD2A,1628.544987,-0.002276066,0.060890129,0.995031968,0.997391727
GUCY1A2,58.61880744,0.000107977,0.080720814,0.995100385,NA
ANK3,62.54162779,-6.38E-05,0.07916385,0.995196079,NA
EIF4EP1,14.37754939,-8.20E-05,0.080218581,0.995223499,NA
IL15RA,99.31166576,0.000155865,0.076643666,0.995262428,NA
KBTBD7,254.5715077,-0.000399808,0.068205835,0.995473089,0.997735304
RNASEK-C17orf49,19.74209775,0.000105535,0.080394566,0.995606763,NA
CNTNAP2,18.06180749,-6.14E-05,0.079732894,0.995672136,NA
ZNF426,357.3013816,0.000264736,0.067316174,0.995731032,0.997864025
FBXL20,853.5373122,-0.000235812,0.067690702,0.995867451,0.997864025
TMEM260,437.8632106,-0.000299873,0.065389128,0.995896628,0.997864025
MYH11,78.15478431,0.000179351,0.076414314,0.996158433,NA
DENND2C,67.01081559,0.000182634,0.076945165,0.996173264,NA
OGA,2996.815135,0.001205956,0.047528266,0.996210593,0.997869138
KLF3,1699.325986,-4.02E-05,0.051247655,0.996317571,0.997869138
TM2D2,1859.506939,0.000300243,0.048373697,0.996341502,0.997869138
NIPSNAP3B,82.06171336,-6.08E-05,0.075030933,0.996396506,NA
TXNDC11,2816.586487,-0.000109706,0.04299117,0.996407339,0.997869138
ABCA3,337.0924784,-0.000109163,0.06558555,0.996472294,0.997869138
PPIE,748.1469148,-8.55E-05,0.057237201,0.996491952,0.997869138
FGF1,22.34352177,0.000107729,0.079423864,0.996657609,NA
HSD11B1L,54.96607189,0.000120783,0.076834901,0.99669164,NA
VWCE,86.73670888,-3.49E-05,0.075534615,0.996786939,NA
SYDE2,50.30332288,-0.000277213,0.07793759,0.997203143,NA
DDX56,1385.22126,0.000551048,0.049385698,0.997257656,0.998457682
ZBED4,1089.663007,-0.000388917,0.049514268,0.997407951,0.998457682
OR2T12,13.17708556,7.27E-05,0.080453878,0.99741036,NA
AP2M1,16911.85986,0.00017507,0.033620915,0.997413604,0.998457682
TIMM44,1143.548101,-8.39E-05,0.049805611,0.997473398,0.998457682
IDNK,110.4425092,0.000352818,0.073566712,0.997527002,NA
FGF7,24.28203614,7.14E-05,0.080573929,0.997535355,NA
FAM81A,20.10064279,-1.05E-05,0.080225107,0.997609753,NA
CKB,172.1299551,1.00E-04,0.072140062,0.997752713,NA
ZNF815P,96.07539021,0.000153313,0.074571448,0.99805945,NA
SEC22C,1283.89685,-6.36E-05,0.051618834,0.998235616,0.999122061
TP53INP1,1459.47318,0.00041879,0.053754842,0.998403157,0.999140753
HEATR6,790.1185757,-4.66E-05,0.060182232,0.998451283,0.999140753
RNLS,110.5048509,-2.12E-06,0.075765847,0.9986949,NA
TSR2,1393.207056,-5.53E-06,0.046054929,0.998972176,0.999513877
MTNAP1,599.8121,-7.76E-06,0.060318082,0.999021214,0.999513877
MTARC1,50.51462135,1.40E-05,0.078285701,0.99915663,NA
MON2,1288.762798,5.25E-05,0.0578117,0.999196485,0.999590646
TRPC3,13.43933298,1.19E-05,0.080284405,0.999283271,NA
PDPK1,2821.299177,0.000237673,0.045011669,0.999301856,0.999597478
TMEM215,17.58756192,4.90E-05,0.079682359,0.999420342,NA
FDPSP7,31.98512644,2.19E-05,0.079120781,0.999459024,NA
HOGA1,7.89931649,2.24E-05,0.080700752,0.999640681,NA
ITGA1,23.47814639,1.61E-05,0.080130142,0.999679253,NA
KCNN3,12.28864349,1.57E-05,0.080779303,0.999762529,NA
NEK2,358.1414445,8.92E-05,0.064504634,0.999886516,0.99992461
ICE2,735.2963267,0.000206089,0.072675006,0.999912562,0.99992461
POLR3E,1205.410983,0.000126447,0.049142249,0.99992461,0.99992461