,baseMean,log2FoldChange,lfcSE,pvalue,padj
GLDN,1923.943076,-0.612718238,0.093862894,3.30E-12,4.21E-08
SLC2A6,768.1778966,0.744113361,0.131525461,6.73E-10,4.29E-06
SOD2,22547.81359,0.71027772,0.128296129,1.05E-09,4.48E-06
ADGRD1,497.9711782,-0.738369801,0.149833011,3.77E-08,7.98E-05
JAML,280.9525515,-0.692886766,0.141106748,4.16E-08,7.98E-05
NCF1,761.0310093,0.572568124,0.116232128,3.73E-08,7.98E-05
NPIPA9,289.194666,0.72467829,0.148345027,4.38E-08,7.98E-05
NCF1C,269.6938024,0.814203845,0.172927178,1.03E-07,0.000164129
PTPRF,1850.017343,0.543989278,0.116528357,1.24E-07,0.000176329
ADORA3,738.6302586,-0.617261042,0.136310528,2.73E-07,0.000275271
CDKL1,177.4540271,-1.313254366,0.288755319,2.33E-07,0.000275271
E2F2,238.4686614,0.65877702,0.146257155,2.81E-07,0.000275271
PADI2,960.022555,-0.646099244,0.142669555,2.72E-07,0.000275271
CD180,1111.364622,-0.455312443,0.10179778,3.52E-07,0.000299448
CSF2RB,2166.852855,0.408962706,0.091320872,3.49E-07,0.000299448
PIGR,111.8984541,-1.150663815,0.265777364,5.23E-07,0.000416341
UHRF1,694.993445,0.460241596,0.10816314,9.20E-07,0.000689903
MCM2,888.0171507,0.544731763,0.129078806,1.01E-06,0.000717695
IGSF10,116.1183616,-0.883885395,0.210619836,1.10E-06,0.000740675
MYOZ1,935.1013265,-0.362590473,0.087282397,1.60E-06,0.001018342
LILRB2,629.9814619,0.456502666,0.111109455,1.71E-06,0.001039223
CENPF,1807.144752,-0.378847357,0.092764174,2.14E-06,0.001068363
CHRM4,181.4175419,-1.112861385,0.27440378,2.15E-06,0.001068363
CLEC5A,914.4860369,0.653409517,0.162150484,2.18E-06,0.001068363
EDNRB,482.025214,-0.449383485,0.109460464,1.85E-06,0.001068363
KIF26B,58.26500201,-1.665787025,0.4114033,2.12E-06,0.001068363
P2RY12,478.9986692,-0.638398534,0.159283011,2.64E-06,0.001248115
SLC7A5,6814.935926,0.476199465,0.119279983,2.81E-06,0.001279699
SLAMF8,6625.749089,0.393392988,0.098521433,2.92E-06,0.001284714
BIRC3,205.0321434,0.706975389,0.181680023,3.67E-06,0.001558198
SEMA4D,3774.266256,0.356674944,0.091309086,4.43E-06,0.00182165
SCIN,1236.17162,-0.343193643,0.088194052,4.83E-06,0.001922985
RRAGB,343.7903187,-0.485319301,0.126621111,5.45E-06,0.002105845
TLR8,1616.11213,-0.433005147,0.112901156,5.66E-06,0.002123097
PPBP,181.9472623,0.837974449,0.222698271,6.17E-06,0.002246636
CDCA7,74.82733196,0.944416064,0.251730727,6.62E-06,0.00227464
EXT1,235.0159472,0.630024951,0.167722284,6.69E-06,0.00227464
TMIGD3,1818.364955,-0.335671843,0.088042953,6.78E-06,0.00227464
E2F1,500.6341631,0.473437337,0.126023273,7.23E-06,0.002363258
RELB,1375.823593,0.478961892,0.128431976,7.77E-06,0.002475365
DNASE2,7193.514677,-0.346932577,0.093589647,8.39E-06,0.002609584
MARCKSL1,161.4787103,0.803308107,0.221287643,1.04E-05,0.003081043
SELENOP,5915.256536,-0.523324156,0.142817288,1.06E-05,0.003081043
SLCO3A1,711.0265269,0.405380322,0.110463721,1.05E-05,0.003081043
CDC6,164.1728409,0.76500679,0.211938783,1.09E-05,0.003086998
CXCL5,736.8946182,1.73185354,0.491446773,1.14E-05,0.00316875
IL4I1,3229.122483,0.453256868,0.125534007,1.23E-05,0.003339098
AKR1B1,15482.71402,0.316272359,0.08829669,1.27E-05,0.003373062
AMPD3,3231.674987,0.355892915,0.098184987,1.32E-05,0.003436723
CEACAM21,141.733871,-0.605509906,0.169761881,1.45E-05,0.003559018
PROC,139.0252611,-0.711310945,0.199143825,1.45E-05,0.003559018
SLC25A30,510.4104008,0.353623573,0.098127338,1.43E-05,0.003559018
CD9,20141.30334,-0.272760955,0.075277011,1.60E-05,0.003851532
AGTRAP,1649.907762,0.348441015,0.098187768,1.71E-05,0.003955658
GPD1,9651.73906,-0.25862832,0.071655519,1.69E-05,0.003955658
ANGPT4,156.4151792,-0.631750939,0.1811435,1.93E-05,0.004389735
ZNF546,222.8392053,-0.686170337,0.197196321,1.97E-05,0.004410513
KCNJ2,909.2714333,-0.334151205,0.095023528,2.08E-05,0.004574647
ASRGL1,492.383794,-0.593653526,0.172300204,2.31E-05,0.004981068
SLC7A11,176.0430323,0.800852804,0.236024576,2.43E-05,0.005164268
BID,1734.175607,0.347674752,0.100645584,2.49E-05,0.005195564
GREM1,146.6117438,0.767886777,0.227848885,2.61E-05,0.005298329
SLIT3,913.2402112,0.514585116,0.151212769,2.62E-05,0.005298329
SMARCA2,3688.885929,-0.293766196,0.086792755,2.76E-05,0.005500152
SEMA4A,203.3515668,0.699354016,0.208794497,2.89E-05,0.00566585
HLA-DMB,4037.828513,-0.447872794,0.132199987,3.02E-05,0.005831382
LFNG,1595.720806,0.359934905,0.107080322,3.29E-05,0.006260619
NR1H3,16338.96489,0.278915,0.083195406,3.57E-05,0.006694222
TREM2,8519.838505,-0.334073088,0.100574862,3.63E-05,0.006710427
DDIT4,1566.512484,0.450503958,0.140175721,4.99E-05,0.008901194
NPL,4173.175232,-0.256825623,0.077509944,4.96E-05,0.008901194
SLC41A2,1155.221011,0.323396714,0.099348105,5.03E-05,0.008901194
CPS1,103.5027231,-0.638209336,0.200113141,5.22E-05,0.009109897
CYP19A1,227.401712,-0.819816837,0.262521033,6.12E-05,0.010544967
LIPA,55145.646,-0.189623829,0.06225924,6.37E-05,0.010621379
PKMYT1,580.9259296,0.465199539,0.147473093,6.38E-05,0.010621379
TMEM119,851.13542,0.343658374,0.10826006,6.41E-05,0.010621379
CAMK1,4291.702022,-0.213544345,0.065663989,6.66E-05,0.010794087
LRRK2,604.9136193,-0.37360094,0.117756588,6.69E-05,0.010794087
MYC,1121.856111,0.4393656,0.14184085,7.33E-05,0.01168496
CCND1,2254.592086,0.528939833,0.171714462,7.55E-05,0.01180571
HCK,6967.590502,0.308100121,0.097759512,7.59E-05,0.01180571
FTH1,238863.7518,0.359998452,0.107774242,7.79E-05,0.01196905
PECR,262.0345301,-0.473752006,0.154666034,8.40E-05,0.012756572
CDC45,179.7294414,0.514367406,0.171292547,9.69E-05,0.014499381
LILRB4,1899.057981,0.321851162,0.102190487,9.78E-05,0.014499381
TREML1,353.2059962,-0.462299115,0.153276087,9.98E-05,0.014629164
CCL22,837.754004,0.491529089,0.165933006,0.00010788,0.015388434
GTSE1,833.6350513,-0.270162097,0.088157271,0.000106378,0.015388434
MGLL,3312.124797,0.379760802,0.128315964,0.000108633,0.015388434
HMGA1,13420.29475,0.280713393,0.092297508,0.000116538,0.016326835
DCLK2,235.7197457,-0.443138955,0.150101447,0.000117961,0.016346537
CX3CR1,506.9121098,-0.656031052,0.22422105,0.000121719,0.016685927
ABHD12,5917.29628,-0.220051106,0.071582859,0.00012368,0.016774366
GEM,226.9801951,0.551914115,0.190022045,0.00012702,0.016868488
IL15RA,148.488638,0.648512859,0.224370295,0.000126123,0.016868488
GPT2,527.3153804,0.567061952,0.195774061,0.000128383,0.016873821
OLFML3,273.7944296,-0.673554489,0.232563409,0.000136437,0.017749358
CDK18,1703.51906,0.318110348,0.108327842,0.00013852,0.017838241
NOL9,531.2205816,0.368069119,0.126627251,0.000142727,0.018196257
A2M,44717.74511,-0.198536318,0.065105087,0.000150166,0.018769262
SDS,562.0683244,-0.438365489,0.151916397,0.00014978,0.018769262
LTA4H,43247.27982,-0.203442423,0.065086463,0.00015173,0.018780579
HLA-DRB4,833.7383705,-0.241254107,0.081665768,0.000165179,0.020248727
GPNMB,98231.30313,-0.171777128,0.057095332,0.000168586,0.020349757
TRIB3,499.0273798,0.446318009,0.158508519,0.000169196,0.020349757
HLA-DRB1,2300.513875,-0.258888205,0.087238464,0.000181655,0.02164414
MSTO1,532.6304604,0.305107698,0.107040468,0.000192939,0.022775774
ADAMTSL1,41.67324635,1.126389876,0.416270434,0.000199562,0.023341409
SOCS6,3570.296814,-0.268052196,0.094724166,0.00022124,0.025410727
TRAF3,3194.708981,0.250155556,0.08888783,0.000220905,0.025410727
TLR7,1895.724864,-0.461337445,0.168790842,0.000227142,0.025855623
ANPEP,7357.259613,0.378842888,0.139146803,0.000237407,0.026092267
ICAM1,4967.439933,0.394808025,0.145391964,0.000234635,0.026092267
ITGB3,3067.010632,0.343966847,0.12493698,0.000237364,0.026092267
SLC43A3,4090.608,0.319902119,0.116293048,0.000235942,0.026092267
CARD9,1364.529956,0.300358827,0.108911958,0.000242944,0.026248245
CPVL,3488.289483,-0.256537205,0.08938811,0.000242088,0.026248245
KDM6B,1502.191054,0.310776101,0.113090364,0.000250016,0.026785299
MICAL2,1322.867633,0.262263767,0.095267684,0.000270221,0.028708738
KCNN4,1893.219944,0.354735655,0.13260923,0.00027608,0.028850351
LPAR1,424.0589653,0.324863733,0.120283873,0.000275538,0.028850351
MCM7,2493.003465,0.21816381,0.078099454,0.000281058,0.02913179
ANTXR1,470.0633162,-0.42389837,0.159653372,0.000291729,0.029993992
CCSAP,1769.261124,-0.230630714,0.083450293,0.000300412,0.03041391
CD82,5974.23697,0.323792197,0.121631504,0.000300585,0.03041391
MYO6,2658.722783,-0.220257462,0.079413915,0.000309455,0.030822207
SLC40A1,161.7257424,-0.701298222,0.269379557,0.000308426,0.030822207
ZNF367,135.8245362,0.489211342,0.187629962,0.000312717,0.030905677
C19orf48P,550.0636023,0.299246239,0.112240135,0.000318028,0.031188775
CHST2,616.8426103,0.390973421,0.150096234,0.000332177,0.032082788
SORL1,6275.196692,-0.35487903,0.128923755,0.000331091,0.032082788
GNA12,6692.003123,0.244354191,0.090633379,0.000352715,0.033810247
SLC38A5,141.4112613,0.524324816,0.208613141,0.000379017,0.036060399
ALDH1A2,4566.264599,0.332638914,0.128492732,0.000398161,0.036338248
CCL2,2058.583882,1.092757981,0.453176545,0.000399748,0.036338248
HLA-DMA,976.3506994,-0.288228243,0.11104547,0.000400845,0.036338248
NCOA4,15541.53366,-0.198749201,0.075861901,0.000399048,0.036338248
PCLO,255.3267063,-0.56867164,0.226815149,0.000391657,0.036338248
THBD,479.2177623,0.503138221,0.202644312,0.00040189,0.036338248
ZSWIM4,585.9762769,0.449275517,0.177722634,0.000388133,0.036338248
DHRS9,880.7159675,-0.293938239,0.113525774,0.000405048,0.03636586
CXCL1,221.7211301,0.421715093,0.168433928,0.000415408,0.036524396
PTMS,10702.59579,-0.211629201,0.07779026,0.000411391,0.036524396
SHC3,238.6779444,0.409074651,0.163036858,0.000414158,0.036524396
MBOAT1,702.0492185,-0.274124406,0.105872444,0.000419712,0.036650064
PSTPIP1,709.95919,0.306160586,0.120210561,0.000429765,0.037272612
PLEKHG6,112.8568199,0.499189312,0.202558334,0.000433205,0.037317122
FASN,3065.553225,0.373312225,0.149742453,0.000436909,0.03738358
SYTL3,851.7163241,-0.275615316,0.108165675,0.000469386,0.039894651
APOL4,1105.446496,-0.251596035,0.097883345,0.00047283,0.03992127
CFAP44,177.0526287,-0.394929529,0.161581502,0.000501947,0.040760012
CHAC1,301.807091,0.484054159,0.200641445,0.000486631,0.040760012
FAM20A,1706.832429,0.232098841,0.09044029,0.000495808,0.040760012
LRRC39,517.0470965,-0.469810115,0.192676397,0.000496257,0.040760012
PARVB,2083.062627,0.245060473,0.095930975,0.000501215,0.040760012
SIGLEC15,283.7478385,0.395761999,0.161935701,0.000489776,0.040760012
CTSC,36545.69856,-0.217184506,0.093622397,0.000505523,0.040790602
ACOX3,709.3907203,0.249955322,0.098929303,0.000519695,0.041095865
C1S,275.4300932,0.470101854,0.197040825,0.000521997,0.041095865
CLEC12B,84.11205646,-0.052197866,0.101468862,0.000525424,0.041095865
TNC,689.9481666,0.490108704,0.206572814,0.000522723,0.041095865
TSPAN3,10382.93018,0.155207527,0.056231603,0.000516583,0.041095865
GPR34,4298.490797,-0.334173341,0.136044347,0.000544902,0.042000869
PDLIM7,6124.637722,0.279746381,0.112241795,0.000546878,0.042000869
ZNF319,634.2880066,0.271286562,0.109151255,0.00054242,0.042000869
PBXIP1,1961.08217,-0.257032612,0.10266702,0.000552952,0.042213089
EVI2B,4939.29449,-0.223098358,0.087492682,0.000563518,0.042763602
NFKB2,3007.794621,0.345162047,0.143524118,0.000576445,0.043485771
ZRSR2,953.6466336,-0.234919189,0.093773164,0.00059125,0.044340296
CASK,534.4137771,-0.326643307,0.136608687,0.000608851,0.045393254
ITGAL,10708.86755,-0.233479914,0.093875391,0.000627272,0.046225957
VOPP1,4179.097717,0.23196996,0.095325372,0.000626797,0.046225957
SLC39A14,429.4305641,0.333208706,0.140458415,0.000641805,0.047025113
FANCE,843.7106409,-0.284968263,0.119353223,0.00067718,0.049178932
VILL,130.8740978,0.463800966,0.20177563,0.000678915,0.049178932
PKN2,868.5180835,-0.2794401,0.11689483,0.000684447,0.049299542
MAP4K2,1484.990078,0.30565554,0.13068455,0.000704389,0.050450891
TNIK,958.5267143,0.2648863,0.111166963,0.000709262,0.050516106
ATOH8,137.1498257,-0.52784005,0.234321984,0.000724021,0.051280826
FLNB,2468.60168,0.275481811,0.115623774,0.000734897,0.051422596
SLC46A2,193.540316,-0.39018453,0.17040759,0.000738123,0.051422596
SPHK1,2365.756522,0.281784826,0.118217895,0.000733402,0.051422596
CD48,518.6165228,0.328208598,0.142913982,0.000760925,0.052528118
MICALL1,2549.464232,0.339937952,0.147775044,0.000762232,0.052528118
MMP1,230.2604262,0.579263839,0.26419589,0.000770435,0.052582905
MS4A6A,1457.103371,-0.655484349,0.294910105,0.000771276,0.052582905
EPOP,363.6959822,0.398723722,0.178064122,0.00079159,0.05339673
NIBAN2,11160.12271,0.283356491,0.122495036,0.000791105,0.05339673
NHLRC3,2260.259024,-0.214689309,0.091126625,0.000795818,0.053399389
ME2,3792.838739,0.207744877,0.086142647,0.000821013,0.05451613
SLC17A5,2595.7457,-0.175348472,0.069156131,0.000817065,0.05451613
SRXN1,970.5825931,0.288230954,0.125940833,0.000835945,0.055220035
P2RY11,2048.398633,-0.276474537,0.120485166,0.00084349,0.055431183
MCM6,859.0082074,0.303364361,0.136523508,0.000917217,0.059697672
SPRED2,1360.674802,0.270781729,0.119902781,0.000917777,0.059697672
CD300E,168.3369803,1.030341292,0.512567538,0.000951014,0.06032078
CDC42EP1,290.1432756,0.401578642,0.186469223,0.000941652,0.06032078
DCTPP1,950.268118,0.24845068,0.108046816,0.00094894,0.06032078
MT2A,675.5421655,0.368815041,0.170737906,0.000944557,0.06032078
MTHFD2,7447.998533,0.215263137,0.091769174,0.000933059,0.06032078
EVC,205.8644682,0.420435111,0.196932182,0.000955814,0.060325105
DDX24,3504.991971,-0.160384007,0.064604754,0.000980426,0.061573657
C12orf50,58.73404209,-0.633613337,0.299904847,0.000986597,0.061657465
CSTA,485.2146099,-0.393215694,0.184562951,0.001020918,0.063355193
TCF19,841.7829774,0.225329151,0.098447271,0.001023701,0.063355193
CD40,1744.998011,0.247401465,0.110314897,0.00103075,0.063483244
DHCR24,7060.103843,0.305803767,0.141838052,0.001041335,0.063521433
EIF4EBP1,3021.276518,0.234909866,0.104014529,0.001040688,0.063521433
S100B,928.690733,-0.255036841,0.115540928,0.001086866,0.065983106
CCL18,430.5366675,0.404967022,0.195694978,0.001094778,0.066148466
JPT2,1503.511848,0.173563675,0.073045357,0.001110071,0.066756122
RTL6,789.2314296,0.241270465,0.108720296,0.001115885,0.066790679
ACO1,3771.156742,0.218045004,0.096523078,0.001131732,0.067422662
CCL5,494.3767975,0.3813645,0.185588711,0.001161865,0.068576905
TIGD5,564.6987349,0.294113204,0.138266902,0.001157142,0.068576905
ZNF765,295.8409697,0.305059616,0.144976438,0.00119528,0.070224081
CD226,40.37387658,0.961713981,0.52187773,0.001203534,0.070384633
AIF1,2497.627281,-0.251034259,0.115328924,0.001228478,0.07086817
NT5DC2,1057.395396,0.285187918,0.134954273,0.001222264,0.07086817
STMN1,5925.59852,-0.269194378,0.125573966,0.001224457,0.07086817
APMAP,6374.49573,-0.200212241,0.084138255,0.001258247,0.072258539
HSD17B11,1369.55411,-0.252618456,0.117482694,0.001266949,0.072431987
NCS1,1384.303164,0.30089227,0.145756311,0.001289891,0.073414376
RECQL4,607.8864035,0.278520906,0.133015552,0.001295844,0.073425409
CD22,692.1627606,-0.262126388,0.124966258,0.001303527,0.07349585
GAL,705.7986075,0.26881099,0.128402038,0.001319325,0.07349585
MMACHC,154.0768709,0.509170062,0.262832643,0.001325699,0.07349585
RRP7A,1826.452,0.189728512,0.083893913,0.001309952,0.07349585
TLCD3A,189.006767,0.429690028,0.219371035,0.001325911,0.07349585
LBH,140.3084501,0.47024155,0.242319777,0.001344153,0.074184425
ZNF846,248.1181119,-0.307381617,0.149791536,0.001364415,0.074978147
KIF1C,5149.06542,0.211305232,0.097580783,0.001387474,0.075918065
E2F7,60.27494972,0.577727143,0.299774659,0.001405572,0.076579652
ATP1B1,5953.298473,-0.171522567,0.073828253,0.001437706,0.076995666
GINS2,129.9007948,0.559073549,0.299722667,0.001443405,0.076995666
RNASE6,1114.877315,-0.251397428,0.119144325,0.001428307,0.076995666
STYXL2,92.38996025,-0.465098641,0.238618777,0.001428344,0.076995666
WDR91,2182.871001,-0.240800393,0.114772737,0.001434717,0.076995666
BCAT1,4974.651451,0.251242103,0.120722275,0.001498275,0.078747464
RHOBTB2,3753.688282,-0.19887307,0.093701903,0.001495004,0.078747464
SEMA3G,286.4504211,-0.36706382,0.184393909,0.001500952,0.078747464
WHRN,114.7524678,0.523780282,0.279762014,0.001498436,0.078747464
BMP7,131.6707954,0.489253179,0.263409639,0.001523065,0.078813124
METTL1,532.9203438,0.248485792,0.120748005,0.001529843,0.078813124
NME1,1276.924219,0.263164616,0.129852719,0.001533113,0.078813124
PEA15,9269.949901,0.182497098,0.082920205,0.001526499,0.078813124
PPDPF,1857.829426,0.277311675,0.135960885,0.001519851,0.078813124
SLC17A9,2285.419167,0.218151698,0.102998128,0.001550428,0.079383156
MON1B,2883.188999,0.287717855,0.138285851,0.00157582,0.080360527
FCMR,952.4054961,-0.240293797,0.115741104,0.001594039,0.080965771
DGAT2,509.5856041,0.313555695,0.161061339,0.001617929,0.081853077
FGL1,1655.031023,-0.222565531,0.106416694,0.00163208,0.082242644
MOB3A,1195.341313,0.239199434,0.117842581,0.001656173,0.083128137
HEXA,10164.0984,-0.138580553,0.059344816,0.001665295,0.083258237
MMP9,14373.90722,0.291470322,0.150722557,0.001684627,0.083895746
LYZ,30585.00557,-0.191752762,0.089316697,0.00170082,0.084248713
SLC41A1,457.2073637,-0.230525594,0.111596346,0.001704931,0.084248713
CCL7,179.0839258,1.025338412,0.620092903,0.001722812,0.084439556
CD44,17870.79211,0.22763372,0.112858638,0.001761779,0.084439556
CHN2,594.5782235,-0.260605991,0.131384484,0.001756395,0.084439556
CMYA5,56.18512017,-0.812386801,0.459219835,0.001746931,0.084439556
GOLPH3L,816.8438209,-0.239521339,0.118333772,0.001735623,0.084439556
GPR84,445.2968414,0.38503939,0.209928665,0.001753322,0.084439556
IL32,44.97182931,0.685925334,0.389143188,0.001760198,0.084439556
ITPR3,232.5187236,0.340712262,0.181688298,0.001734463,0.084439556
PDK3,1111.344869,-0.192633582,0.090887463,0.001775697,0.084787865
ARRDC4,1207.549009,0.20852846,0.101557325,0.001809699,0.085893063
CD274,347.6428683,0.361436255,0.197718163,0.001814028,0.085893063
TTYH3,30803.43569,0.21703424,0.114706303,0.001819055,0.085893063
PPM1D,675.4989595,-0.209402407,0.102260771,0.001839119,0.086520012
IFNGR2,4162.404693,0.179079195,0.084324211,0.001877438,0.087998002
P2RY6,1046.47271,0.249969563,0.129109973,0.001896003,0.088542637
NUP188,2396.460951,0.190813247,0.091976171,0.001910551,0.088896389
SRM,1527.454876,0.29042586,0.156108534,0.001946734,0.090250596
SRGAP3,243.561445,-0.326103368,0.17779762,0.001984597,0.091672574
GPA33,242.0850263,-0.323597612,0.176870542,0.002033162,0.093576836
CLDN23,637.9731243,0.196831485,0.097028569,0.002055007,0.09424205
PLEKHG3,185.1477062,0.431088387,0.255967327,0.002093127,0.095646132
C1orf127,95.08008981,-0.490211237,0.286572129,0.002113364,0.096225977
PLEKHG5,281.2728224,-0.353193915,0.206346218,0.002137599,0.096639197
TNFRSF12A,978.4914428,0.240047124,0.126890372,0.002130265,0.096639197
FAM111B,257.8718245,0.302272448,0.168037847,0.002147785,0.096756575
STEAP3,1709.050376,0.261002144,0.142238771,0.002192524,0.098424249
DPP4,3184.337027,-0.159312616,0.076773479,0.002217528,0.09885059
OTULINL,934.0817735,-0.301921091,0.171778185,0.002209973,0.09885059
DBP,630.0881307,-0.312303649,0.173117545,0.002227732,0.098959428
ZNF433,36.38846136,-0.696273804,0.435739643,0.002261731,0.100120884
FANCA,721.4787348,0.21031684,0.108996398,0.002286683,0.100527332
RRS1,661.7200291,0.206078245,0.105888403,0.002283491,0.100527332
SKP2,464.9419899,0.227095021,0.120486807,0.002301392,0.100826271
DUSP8,196.2545646,0.517961181,0.331325857,0.002325489,0.101533078
ASAH1,40642.20033,-0.151484649,0.068981937,0.002376604,0.102090806
GAS6,1428.342478,-0.226139678,0.117830975,0.002378302,0.102090806
GPRC5B,184.3854682,-0.40338472,0.241448053,0.002363688,0.102090806
SLC5A3,5864.735663,0.252794613,0.139846565,0.002348015,0.102090806
TAGLN2,10315.87074,0.221100559,0.127648922,0.002361325,0.102090806
LILRB5,166.0419731,0.33708187,0.198745233,0.002399229,0.102643522
TNFAIP3,1489.93456,0.216888039,0.114997638,0.002408476,0.102694531
NUCKS1,6050.017512,-0.212860746,0.112199395,0.002475138,0.105185109
PDF,409.6039315,0.254503307,0.143176715,0.00249672,0.105749778
ANG,147.210088,-0.381626393,0.231837108,0.002532841,0.106867087
NFE2L3,487.533972,0.308008138,0.185015937,0.002539864,0.106867087
HLA-DRA,3239.646254,-0.217583564,0.116645028,0.002556888,0.107229478
RALGDS,2978.421118,0.184467463,0.094571142,0.002566449,0.107277583
MYADM,1848.314865,0.306901922,0.184189245,0.002599309,0.108250146
TCTN1,397.9107301,-0.22082592,0.119868866,0.002606698,0.108250146
PKD1P4,462.0919289,0.252754844,0.144029363,0.002663949,0.109383116
SLFN11,3105.313166,-0.168819193,0.078888242,0.002644294,0.109383116
SQSTM1,25218.7987,0.205524648,0.111070551,0.002670608,0.109383116
THUMPD2,230.0990405,-0.335585587,0.2058103,0.002676879,0.109383116
TLE1,288.8466656,0.321418857,0.198641026,0.002663178,0.109383116
ECHDC1,2577.227415,-0.203584108,0.108874504,0.002748054,0.111932735
MTFP1,602.5478929,0.214806579,0.118852156,0.002757101,0.111943586
DOT1L,2603.904633,0.234438292,0.135008698,0.002800807,0.113357119
ABAT,310.4200018,-0.277260881,0.165168434,0.002814152,0.11353677
ITGAM,9856.20362,0.180080443,0.093146728,0.002838311,0.114150241
NOD2,346.960262,0.258576235,0.154219742,0.002876753,0.115332461
DOC2A,185.1501551,-0.298836984,0.18411294,0.002886136,0.115345902
REPS2,249.4538123,-0.291336221,0.181965296,0.002967767,0.118237689
CHST3,47.26923746,0.543269843,0.388679607,0.003028946,0.120299159
ALDH1L2,1353.40593,0.248492856,0.15092114,0.003109522,0.121614909
CD28,110.7605761,-0.036880095,0.072400531,0.003101946,0.121614909
GRIP2,1145.062268,0.236944379,0.141705478,0.00310977,0.121614909
RBP7,151.3487409,-0.481094092,0.336722335,0.003079116,0.121614909
TYMP,14887.25816,0.220503638,0.12145808,0.003096339,0.121614909
RNASET2,3951.226513,-0.166191236,0.085691525,0.003134765,0.122217489
FAM186B,35.78728605,-0.601044502,0.446330739,0.003173617,0.123086468
GMFG,2261.368374,-0.17538745,0.093204136,0.003182881,0.123086468
ZPR1,1079.24811,0.17533241,0.093875203,0.003186017,0.123086468
DMAP1,887.9918806,-0.167909522,0.088036933,0.003207613,0.123546413
ADAM28,2213.676518,-0.259108374,0.15966418,0.003230642,0.123672266
EPS15,2210.83015,-0.145452646,0.070347019,0.003249683,0.123672266
FOLR2,481.9027732,-0.268817141,0.168267062,0.003246771,0.123672266
ZNF598,1478.914316,0.247269793,0.152852085,0.003246755,0.123672266
ITPR1,1272.800815,0.148721248,0.075079833,0.003308502,0.125535981
POLR3H,1090.245142,0.206712216,0.120377982,0.003333161,0.126096336
CHKA,1204.784631,-0.198007046,0.112695203,0.003381229,0.126786154
DOHH,567.894839,0.212112765,0.125301009,0.003380873,0.126786154
HIVEP3,927.4706458,0.279949277,0.185043588,0.003370192,0.126786154
DPEP2,1203.544308,-0.304703884,0.188054133,0.003401221,0.127161766
BCL3,381.0830546,0.322741227,0.231478169,0.003421689,0.127552949
CD101,1114.633999,-0.228580171,0.138400957,0.003431859,0.127559092
ATN1,4640.387371,0.203153276,0.117815178,0.003448008,0.127786798
RFX3,228.5521894,-0.272807683,0.179835005,0.003554881,0.131365743
AGRP,204.6630144,-0.057077953,0.109766224,0.003643378,0.133092901
LRIG3,572.5483505,-0.286894106,0.193442523,0.003618683,0.133092901
RGS10,1786.331818,-0.181444275,0.101732098,0.003630901,0.133092901
WHAMM,1051.343284,-0.163180172,0.086021611,0.003638417,0.133092901
CCDC170,786.736264,-0.243319844,0.155099804,0.00366373,0.133392975
KCNG1,233.6959041,0.253154538,0.167457211,0.003672518,0.133392975
ADAM15,1864.64042,0.233378365,0.147589617,0.003696673,0.13388887
CHD4,11539.67048,-0.13660401,0.066518911,0.003713949,0.134133531
MAN1C1,2189.975187,-0.186700709,0.106492193,0.003750001,0.134672553
TBC1D12,1516.821311,-0.235653189,0.1425038,0.003741631,0.134672553
CDT1,576.847713,0.230186589,0.147841664,0.003772276,0.134822971
CHSY1,1038.6618,-0.257643781,0.164042134,0.003775339,0.134822971
MGAT4A,3860.238246,-0.225982177,0.14303914,0.003867614,0.137348792
PARP8,1458.493099,0.179089811,0.102719648,0.003858833,0.137348792
STX2,1019.906835,-0.192045286,0.11383452,0.003951172,0.139926373
PCNX4,1191.514092,0.177718227,0.103120625,0.003976625,0.140437648
ATM,3207.344611,-0.17112329,0.098847844,0.004054129,0.141994755
NLRP12,142.3710319,0.402510689,0.34131699,0.004053399,0.141994755
SHMT1,504.5886427,-0.217271072,0.138498799,0.004041487,0.141994755
PAQR5,2006.867066,0.208815506,0.132452044,0.0040699,0.142156586
MARCO,5281.14546,-0.158844269,0.08723546,0.004119959,0.143511894
HOMER2,1093.654362,-0.187505117,0.112937155,0.00414302,0.143921984
POLR1B,566.5976377,0.244070309,0.172184563,0.004201065,0.144755083
SIGMAR1,2313.838036,0.159940229,0.086861479,0.004191009,0.144755083
SLC7A1,2167.226187,0.205707904,0.132653636,0.004198652,0.144755083
NOC2L,2676.816941,0.144723271,0.075480048,0.004214298,0.144819641
LYPLAL1,664.0172322,-0.252836219,0.177398685,0.004244514,0.145465884
GPR82,714.4097799,-0.250718505,0.178753642,0.004340029,0.148340558
VDR,3186.515181,0.172638236,0.102641279,0.004436901,0.151246111
DUSP6,1111.349138,0.248966557,0.18252082,0.004485008,0.152478325
ACACA,1044.382846,0.238006991,0.174698509,0.004557424,0.1525435
DRAM2,2391.268064,-0.162156941,0.093374446,0.004515165,0.1525435
MCM3,1547.12205,0.172812287,0.103935402,0.00452698,0.1525435
PLXNA1,9152.959337,0.181513918,0.106903679,0.004558716,0.1525435
PPIF,4560.634064,0.187998204,0.118265637,0.004535831,0.1525435
SEMA6B,977.1591851,0.219001324,0.152371408,0.004554654,0.1525435
CRYBB1,248.3435131,-0.314890612,0.259404204,0.004577055,0.152756225
IRAK2,246.9502587,0.281642822,0.224083316,0.004613758,0.153579106
SLAMF7,762.0756041,0.2484416,0.18522725,0.004627635,0.15363988
KYNU,2197.977503,0.204452482,0.135860845,0.004659253,0.153888136
PCNT,2174.218964,-0.143723649,0.078308774,0.004658063,0.153888136
TMEM38B,1620.545163,0.190153004,0.122392308,0.004699797,0.154826137
H2AC19,690.5256213,0.288054785,0.247312496,0.004716262,0.154931025
SH2B3,6472.054111,0.165741103,0.0996489,0.004727286,0.154931025
SH3D19,123.1009567,0.346706738,0.354889892,0.004773978,0.156060111
ABCC5,3637.49954,-0.238654719,0.171321988,0.004788631,0.156138757
CNIH3,1176.694672,0.155433129,0.089846674,0.004805268,0.156281527
DMAC2L,242.8959638,-0.275885324,0.222928828,0.004827463,0.156603893
CCL13,662.3240913,0.229006771,0.169595645,0.004871818,0.157531452
PDCD4,4932.587302,-0.14334995,0.079083447,0.004880769,0.157531452
BCAR1,1142.574029,0.197097767,0.131495041,0.004926421,0.15780639
PNKD,6217.41259,0.18834492,0.122642121,0.004920138,0.15780639
SLC9A9,237.6481402,0.242556361,0.186222874,0.004916004,0.15780639
TNIP1,3532.505342,0.185792229,0.123215036,0.004982128,0.159190847
COL5A3,288.0904073,0.261128165,0.222385739,0.005071159,0.161554605
PIR,291.5471628,0.223933113,0.168081106,0.005081449,0.161554605
PIF1,254.1962887,-0.267335519,0.226627526,0.005133013,0.162788003
COL4A2,1048.281958,0.226841471,0.182526686,0.005163665,0.163353749
GNG7,169.5140782,-0.050038987,0.092257994,0.00520999,0.164411307
RMDN3,6154.511168,-0.149418256,0.086279549,0.005253867,0.165386552
EGR1,429.2334462,-0.188692756,0.12749653,0.005283647,0.165506682
MYZAP,176.2835791,-0.275233528,0.242623756,0.005278756,0.165506682
LOXL3,886.0362645,-0.214757941,0.158332751,0.005333573,0.166661086
EHD2,97.825462,0.32463588,0.381658666,0.005377806,0.167227213
TFAP2A,40.01529736,0.022309035,0.059198359,0.005377924,0.167227213
C1QBP,2331.682792,0.143692278,0.082871011,0.005406948,0.167313533
TNFRSF10A,201.6388143,0.248482177,0.212972009,0.005398108,0.167313533
ANKRD33B,104.9647534,0.316198095,0.36126608,0.005489199,0.16742058
DPY19L4,703.6773169,-0.188595091,0.131766599,0.005479141,0.16742058
ECI2,846.1356545,0.154065588,0.093485903,0.005476845,0.16742058
HMGA2,1084.317382,0.024204526,0.060462495,0.005453862,0.16742058
SIDT1,156.5608521,-0.281556104,0.271817133,0.005431298,0.16742058
TASL,999.8957451,-0.144619993,0.081971875,0.00548142,0.16742058
ADAMDEC1,2578.304168,-0.19930549,0.139512634,0.005557018,0.168681968
CD1E,60.89585851,-0.026366354,0.061979157,0.005552332,0.168681968
MEF2C,2598.210065,-0.195021975,0.13553098,0.005581569,0.169024767
COL6A1,37110.16387,0.175717024,0.118259435,0.00560565,0.169351743
PIM3,2581.265546,0.19470258,0.139341201,0.005629583,0.169672712
FBXL19,1764.78571,0.195370923,0.143825148,0.005736777,0.17249567
CCL4L2,69.94200597,0.342120437,0.831314641,0.005816181,0.174471739
TRERF1,481.3577471,0.188539323,0.136450541,0.005849885,0.175070846
ALKBH1,339.7553849,-0.198043985,0.148285382,0.005886346,0.175168514
CBR1,948.451049,0.164913989,0.108670318,0.005948299,0.175168514
HPGDS,1820.980368,-0.192811031,0.14000365,0.005905934,0.175168514
MSANTD3,656.3345494,0.19625872,0.149260006,0.005899473,0.175168514
OR14J1,92.94983066,-0.064406292,0.128801739,0.005933479,0.175168514
POLR1A,1638.361217,0.224457152,0.194830219,0.005949327,0.175168514
ZNF382,221.694453,0.245540035,0.244277302,0.005931851,0.175168514
CDKN1C,110.3991889,-0.31471511,0.486055175,0.005980081,0.175668323
LGMN,11342.60669,-0.140061628,0.077509559,0.006027381,0.176245583
SON,9756.954579,-0.123111894,0.065757713,0.006027363,0.176245583
HMGN2P46,33.68828253,0.024087506,0.060344875,0.006090029,0.17726434
HTRA1,4284.750545,-0.166334817,0.11702917,0.006080496,0.17726434
CLIP3,43.27688091,0.019243876,0.057416799,0.006141261,0.1776131
CTTNBP2,54.83709506,-0.035819104,0.070752984,0.006143806,0.1776131
UNC13D,1137.775126,0.167581909,0.113720381,0.006118297,0.1776131
PDLIM4,1811.239678,0.203723921,0.165779642,0.006162003,0.177736136
RCOR1,2031.271096,-0.142867542,0.085804016,0.006211316,0.178754113
KIZ,202.6209412,-0.229491296,0.246392003,0.006267676,0.17965299
MRPL12,1368.168007,0.154271087,0.098421975,0.006270733,0.17965299
MYO19,1104.84325,0.160308646,0.107424419,0.006377673,0.182307081
POLD2,1251.964387,0.183394823,0.14701055,0.006417314,0.183019366
TNFSF13B,1265.710273,0.209616862,0.183223475,0.006431303,0.183019366
FFAR2,79.88777629,-0.030789342,0.065629386,0.006477389,0.183920326
KNL1,586.4752935,-0.255012595,0.291339768,0.006512448,0.184504876
ENTPD1,2119.555659,-0.147913711,0.093366029,0.006578814,0.184742942
GAREM2,44.81334035,0.016508718,0.056085494,0.006575327,0.184742942
HMGN2,10017.31952,-0.127813675,0.073150001,0.006555457,0.184742942
MT1H,49.14943204,0.027109637,0.062522121,0.00656032,0.184742942
N4BP1,2144.21415,0.17479491,0.128855079,0.00660369,0.185033936
CCL24,265.3618402,0.035627436,0.070487588,0.00662027,0.18509171
SH3RF1,439.7680313,0.20736504,0.189888113,0.006667199,0.185995886
LAMB3,528.7449951,0.185208039,0.148961297,0.006808738,0.189529698
ALMS1,345.7865825,-0.045379513,0.083398722,0.006893865,0.189826967
ASPH,5773.663098,0.160917618,0.109913514,0.006838492,0.189826967
CEP350,2361.055883,-0.168428736,0.119324242,0.006857959,0.189826967
NAIP,1512.244135,-0.179311581,0.137615144,0.006892509,0.189826967
ZFHX2,283.0159884,0.203069547,0.188929182,0.00687875,0.189826967
MICAL3,644.8321688,-0.196009484,0.16470503,0.006912305,0.18992451
ITGA5,7101.204469,0.15460346,0.10508206,0.00698389,0.191067848
MSC,181.1759181,0.041149699,0.07718555,0.006970438,0.191067848
ANXA1,22951.81093,0.158222589,0.111061227,0.007039512,0.192152429
GALNT12,1697.95462,-0.137625163,0.084776032,0.007053678,0.192152429
VGLL4,1577.791565,0.151206543,0.102021933,0.007086174,0.192626082
AAMDC,185.6200139,-0.203095832,0.194188148,0.00716417,0.192691993
BCAN,69.36268129,0.025829591,0.061516361,0.007163115,0.192691993
FKBP4,1524.201562,0.171913737,0.132855529,0.007142052,0.192691993
PELI3,643.1208595,0.176676658,0.134220469,0.007126009,0.192691993
TMCC2,58.02779017,0.027209374,0.062565351,0.007122558,0.192691993
FNBP1,1996.606104,-0.133470627,0.081901192,0.007234073,0.193233813
GINS1,321.9200921,0.224618155,0.248052986,0.007244942,0.193233813
PROCR,3245.438594,0.163306607,0.128694217,0.007209298,0.193233813
TAPBP,9682.025697,0.190406187,0.167545131,0.007232934,0.193233813
RUVBL1,634.8595834,0.170706282,0.132424863,0.007278861,0.193329574
TUBA4A,55.79644177,0.028086331,0.063248363,0.007274087,0.193329574
MIA2,917.3547639,-0.176942078,0.140467594,0.007298451,0.193408339
ZDHHC5,4380.926742,0.133927557,0.082672153,0.007312167,0.193408339
CNTRL,1403.340067,-0.193745254,0.175019853,0.00740155,0.193887771
CYGB,1006.393631,-0.153679662,0.113800962,0.007435882,0.193887771
G6PD,5119.087285,0.187751152,0.161896541,0.00743675,0.193887771
ING2,501.240447,-0.184703898,0.151660901,0.007433653,0.193887771
MKI67,4461.802348,-0.14963669,0.127472151,0.007358789,0.193887771
PANX2,48.42801368,0.025933297,0.061591184,0.007388319,0.193887771
VNN1,399.3882331,0.180444405,0.15290408,0.007415797,0.193887771
SLC1A7,59.05112129,-0.034891319,0.069622012,0.007459695,0.194089091
S100A13,390.7267656,-0.198644392,0.192061123,0.007588489,0.197037987
AHCYL2,899.5678441,-0.158258372,0.11902607,0.007661971,0.198138888
MCTP1,964.7151864,0.151151354,0.106368242,0.00764862,0.198138888
CD320,219.8880959,0.208939165,0.250344632,0.007741907,0.199397125
CIITA,833.7111987,-0.208964598,0.298098523,0.007733406,0.199397125
TBC1D4,2825.416144,-0.184350103,0.151629939,0.007764693,0.199580795
RAB7B,1196.772344,0.136887331,0.087635685,0.007853345,0.201453301
UXS1,1211.439196,0.159812157,0.121929334,0.007879887,0.201728266
KIRREL1,398.0093643,-0.202964751,0.294361805,0.007952174,0.201984263
NACC1,5097.383005,0.164852878,0.130627267,0.007937574,0.201984263
RAB3IL1,1103.51997,0.183130043,0.165124542,0.007912574,0.201984263
TSR1,1327.461721,0.140872446,0.094018071,0.007969102,0.201984263
ZCWPW1,159.4072323,-0.060428029,0.114378139,0.007954877,0.201984263
ASNS,885.0460728,0.164678241,0.133731101,0.00803043,0.202331926
MTURN,368.4630044,-0.18703238,0.184566925,0.008017326,0.202331926
PLXDC2,20802.64142,-0.157451213,0.117241427,0.008007696,0.202331926
C15orf48,3817.763623,0.184480129,0.194970481,0.008079741,0.20258248
RPP40,62.42608098,0.032313782,0.066930035,0.008088045,0.20258248
ZDHHC14,164.4618634,-0.080357714,0.196910987,0.008078928,0.20258248
DNAL1,251.1020404,0.191451268,0.367058201,0.008169592,0.203292498
GPR35,594.2003281,0.184576351,0.182217057,0.008180175,0.203292498
RAPGEF2,1076.250505,0.190147671,0.234592054,0.008175121,0.203292498
TRIM65,1560.113348,0.158323379,0.123186964,0.008143115,0.203292498
CYFIP1,16267.48077,-0.113086069,0.079224622,0.008303219,0.205948896
PPP1R12A,2771.290743,-0.126720757,0.07770722,0.008322514,0.206026655
INSIG1,978.9833765,0.175904989,0.172671076,0.008398449,0.207227183
ITGB8,167.8933477,0.058247081,0.108034406,0.008403518,0.207227183
B3GNT2,2728.87078,-0.120137614,0.071604957,0.008470574,0.20847751
SH3PXD2B,3251.952317,0.141101112,0.098845484,0.008502033,0.208848594
ZNF331,302.7387121,-0.192299609,0.257719641,0.008526302,0.209041966
MRAS,2742.462087,0.150139536,0.114117195,0.008579251,0.209936412
MICALL2,842.1573366,0.171268974,0.158103807,0.00864146,0.210248788
PTCRA,231.0945043,-0.188171782,0.290616405,0.008657982,0.210248788
RTL8A,584.4119897,0.162946463,0.139550176,0.00864516,0.210248788
ZNG1F,160.6539121,-0.062679901,0.119856094,0.008647498,0.210248788
SC5D,1527.607185,0.135784704,0.0923667,0.008711446,0.210744262
TAF12,913.189765,-0.152990335,0.116645572,0.008704588,0.210744262
FAM114A1,409.7353171,0.170559132,0.165528264,0.008734859,0.210910442
SIRT1,1130.990613,-0.132483448,0.085816527,0.00884466,0.212938395
WDFY3,2844.500767,0.165014595,0.142668113,0.008852251,0.212938395
CENPP,318.4350708,0.181396528,0.197268468,0.008922323,0.214148877
HVCN1,661.2574707,-0.144293367,0.104649662,0.008936168,0.214148877
CTPS1,678.3270045,0.166327473,0.547405166,0.00897762,0.214336484
MCM10,154.7932366,0.033763756,0.06827479,0.008961411,0.214336484
PDE11A,51.95121363,-0.028815277,0.063742201,0.008995405,0.21435967
CXADR,1663.472953,-0.139541572,0.098953586,0.009059913,0.215494087
FADS1,3497.663574,0.172676165,0.218660457,0.009104671,0.216155395
ARID4A,1838.971487,-0.137490522,0.095803509,0.009128537,0.216319177
BAK1,1935.270703,0.124429464,0.07967936,0.009155056,0.216545089
CRYL1,1123.894152,-0.135210824,0.093516364,0.00918113,0.216560408
HSD17B4,7786.940471,-0.128034618,0.080710216,0.009189676,0.216560408
SPINT1,4438.135346,0.131820818,0.090914053,0.009241001,0.217368125
COL6A2,31040.74677,0.171453547,0.143115614,0.009272939,0.217717676
ADGRE2,3063.142767,0.166774254,0.172070625,0.009379261,0.218785402
CYTH3,1871.783106,-0.177692878,0.312937249,0.009469722,0.218785402
FBXO30,950.344254,-0.145452708,0.119665973,0.009376076,0.218785402
ITPRID2,3004.522251,-0.125802346,0.082223239,0.00940205,0.218785402
KATNB1,685.0868952,0.163244022,0.165130715,0.009447004,0.218785402
MATK,3200.970483,0.142807201,0.107246605,0.009438629,0.218785402
NLN,2290.155192,0.13647299,0.098625431,0.009485779,0.218785402
PRDM4,1064.944132,0.142991346,0.110743235,0.009490025,0.218785402
SH3BP2,7512.359885,0.145940317,0.116075357,0.009442717,0.218785402
SLC39A8,744.5299122,0.161245634,0.384887041,0.009428337,0.218785402
AEN,596.861363,0.144651361,0.112715066,0.009508615,0.218818282
UBE3C,2388.279876,0.116562527,0.073525628,0.009550873,0.219394749
ALK,102.389662,-0.042686266,0.078769832,0.009696448,0.22087419
DAZAP1,4297.227616,0.135597368,0.098707144,0.009671523,0.22087419
EFHD2,9350.696424,0.141510619,0.103250416,0.009643506,0.22087419
EVI2A,1564.314602,-0.167732567,0.301945263,0.00968646,0.22087419
SRSF4,2786.211205,-0.102481007,0.05752388,0.009701902,0.22087419
HAPLN3,60.26434731,0.030937863,0.065530433,0.009760066,0.221407623
RGS1,783.4616827,-0.169250189,0.24452189,0.009753499,0.221407623
C15orf39,693.7124031,0.158634968,0.170284248,0.00989982,0.223385505
DHDH,182.3690525,-0.070728127,0.143183373,0.009890302,0.223385505
OPTN,1967.976194,0.14888173,0.124139697,0.009870783,0.223385505
ADK,937.9093654,-0.135243964,0.106385636,0.009923484,0.223523839
GSDMB,79.92767826,-0.038164763,0.072944333,0.009944263,0.223596847
TESK2,970.9220096,-0.143383526,0.11875538,0.010003745,0.224538283
CCDC171,65.85574163,-0.031947328,0.066423131,0.010110437,0.225527189
GAL3ST4,1768.534075,-0.15743499,0.340538811,0.010070755,0.225527189
N4BP2L2,3308.194492,-0.153776147,0.140768884,0.010118562,0.225527189
ZNF274,764.2318134,-0.137539319,0.102692421,0.010103698,0.225527189
MTPAP,599.5877965,-0.158646304,0.160680132,0.010156972,0.225796122
PRELID1,3276.372327,0.159712866,0.175222607,0.01016605,0.225796122
DMWD,321.494998,0.158805059,0.213243001,0.010349949,0.227505395
GNB1,12983.61923,0.121812062,0.083157368,0.01029311,0.227505395
INHBA,67.98260376,0.026456401,0.061846802,0.010367922,0.227505395
LMO7,231.2800481,-0.053335633,0.096603249,0.010285927,0.227505395
MAST2,2506.70362,0.131833331,0.096794984,0.010367659,0.227505395
RUSC1,847.2274229,0.143803597,0.115382485,0.010304519,0.227505395
TSPAN13,4663.203082,-0.132336496,0.096614361,0.010333828,0.227505395
PODXL,408.5667656,0.147718747,0.307439614,0.010546009,0.231015576
DAG1,1397.767466,0.135332762,0.105560119,0.010655405,0.233011598
PLPPR2,150.045091,0.03878174,0.073604863,0.010731244,0.234268204
FADS2,2050.42072,0.15818218,0.155641864,0.010815264,0.234500949
IK,3305.96704,-0.108864567,0.06456528,0.010787323,0.234500949
MADD,4590.558305,0.11028622,0.067377078,0.01081548,0.234500949
RRM2,1336.202501,0.148535632,0.270631952,0.0107667,0.234500949
PCBD2,660.6635363,-0.144033177,0.128405073,0.010843023,0.234698991
THOP1,1436.368684,0.144922712,0.127905116,0.010888861,0.235291684
DENND2B,1408.807679,-0.147697144,0.132497975,0.011054691,0.238467363
TRAF1,328.4464339,0.058104983,0.104970297,0.011073235,0.238467363
FUCA1,3107.719678,-0.109892935,0.068410373,0.011215333,0.241120209
TM4SF19-DYNLT2B,115.9569946,0.038000241,0.072617148,0.011281241,0.24212885
ARGLU1,3509.450783,-0.160209682,0.163986791,0.011324445,0.242241187
CCDC194,88.91977938,0.032711867,0.067063227,0.011324476,0.242241187
PLPP4,443.4979095,0.147313566,0.189372229,0.011364195,0.242683629
IKBKE,1698.212002,0.140121295,0.123775655,0.011450985,0.244128113
CCNI,5274.913168,-0.126055796,0.092934897,0.011500202,0.244693887
PEX1,554.1370069,-0.147801139,0.16542229,0.01151591,0.244693887
MYBL2,997.1463418,0.138669821,0.272989974,0.011545652,0.244740428
PIGQ,1617.147609,0.147126661,0.206520704,0.011556594,0.244740428
PIP5K1C,5239.966974,0.140449833,0.146711199,0.01157569,0.244740428
PLEKHO1,3997.920219,0.126818697,0.096377155,0.01159639,0.244772149
ZNF500,362.5089762,0.145914057,0.182094644,0.011691487,0.246371517
ACVRL1,1026.54423,0.130309047,0.104175159,0.011746759,0.247127784
RAC2,5516.310075,0.146088549,0.135195746,0.011809371,0.247936518
SLC45A3,1282.588548,0.129019425,0.101907237,0.011824096,0.247936518
PARD3B,44.5743116,-0.022654438,0.059231842,0.011860936,0.248204073
SELENOI,986.3688439,0.142042357,0.192232226,0.011875793,0.248204073
CSF2RA,704.3736619,-0.144844147,0.142491397,0.012002528,0.250442265
AGPAT3,3808.311115,0.116588142,0.081511293,0.012042623,0.250868303
CXCL8,3979.132749,0.117792599,0.287455108,0.012091615,0.251477984
ZNF117,243.9921171,-0.110661358,0.300964523,0.012123467,0.251729775
SQLE,974.8677167,0.140595576,0.15168972,0.012188331,0.252665091
CYB561A3,6565.151296,0.123957325,0.095469672,0.012253084,0.253184068
PYCR1,150.0719314,0.044832575,0.081215833,0.012248491,0.253184068
PLOD2,515.7606633,-0.129444025,0.24150316,0.012331999,0.254402358
SNU13,1518.716429,0.112729251,0.076315917,0.012373743,0.254851126
DEF6,1247.271822,-0.137107427,0.136363727,0.012430902,0.255615434
ATG2B,886.436589,0.050402994,0.089965642,0.012516273,0.256216805
CD1D,395.5421435,-0.056616373,0.101767246,0.012533255,0.256216805
PFKFB2,1668.620014,-0.14169985,0.175092453,0.012540535,0.256216805
TPRG1,234.9310114,-0.095839464,0.228091754,0.012515285,0.256216805
CEP290,469.7540892,-0.138286381,0.149146042,0.012658095,0.258204882
FBRSL1,2340.236279,0.129572067,0.231509135,0.012713661,0.258924067
KCNAB1,317.4199401,-0.11705294,0.275329357,0.012760941,0.259472459
NFKBIA,2867.779557,0.12687282,0.107731255,0.012797719,0.259506713
ZNF668,479.6959005,0.136371478,0.166636802,0.012803335,0.259506713
BICD1,564.2845199,-0.1393972,0.16581708,0.01289132,0.26004974
FN1,327332.8061,-0.111906146,0.075920649,0.012858874,0.26004974
IPO4,956.9942978,0.135786814,0.176867234,0.012877764,0.26004974
ADCY6,1457.24264,-0.137708435,0.193251074,0.013015149,0.261065186
GBE1,1353.199822,-0.113913275,0.079843942,0.013019835,0.261065186
MARS1,5891.414939,0.120259316,0.091662201,0.013006075,0.261065186
SERP1,4986.433405,0.120057391,0.094205563,0.013023567,0.261065186
IFITM3,3480.43429,0.080672275,0.1706007,0.013072944,0.261643577
SCPEP1,4439.492215,-0.108395382,0.072136088,0.013272995,0.265231063
ATOX1,1278.431001,0.129755919,0.122396523,0.01341582,0.2657864
CAPN15,2577.037676,0.132916942,0.183324652,0.013406235,0.2657864
GALNS,1825.739139,0.129603097,0.123361272,0.013400036,0.2657864
REV1,701.3290312,-0.141018373,0.174759679,0.013392608,0.2657864
TFE3,3071.881555,0.123192279,0.100764559,0.013327249,0.2657864
ZNF407,589.9729096,0.132823976,0.131414138,0.013425872,0.2657864
MT1G,143.4794525,0.041706428,0.07683457,0.013452553,0.265901706
GABRE,1212.500837,-0.126268843,0.246405423,0.013514253,0.266707765
CBX7,642.8987553,-0.090010947,0.204021853,0.013582656,0.2676434
CHST7,711.4724347,0.131379528,0.179615939,0.01362303,0.267988377
POU3F1,110.2301267,-0.037084421,0.07133038,0.01365595,0.267988377
PSMG2,1149.029509,-0.123182433,0.100594181,0.013663224,0.267988377
LRPAP1,12816.34392,-0.104285387,0.068095443,0.01370985,0.268489822
PARP10,3375.367065,0.143848915,0.168792456,0.013838515,0.270593915
APAF1,652.0919914,-0.133553853,0.136525184,0.013928196,0.271634238
CTR9,2126.633645,-0.124718587,0.106594549,0.013934331,0.271634238
IFRD2,1610.817378,0.124962671,0.119482419,0.014018192,0.271653346
IL2RG,603.3183426,0.126724161,0.122713598,0.014020543,0.271653346
POFUT1,1251.334289,0.118174004,0.093205929,0.014008902,0.271653346
POLR2H,894.0823606,0.119019541,0.094202525,0.013991059,0.271653346
CLSTN1,5608.990949,-0.122872679,0.10676913,0.014098413,0.272498479
GIMAP4,2079.188384,-0.120961349,0.097450366,0.01410691,0.272498479
KDM3A,1619.316995,-0.137385027,0.141991626,0.01415912,0.272680687
PDP1,566.8719276,-0.128359821,0.128553466,0.014147674,0.272680687
FLOT1,4700.761015,0.129205464,0.153108275,0.014186791,0.272801506
SCLY,504.7135024,0.128788637,0.152902762,0.01427635,0.273698023
TAGLN,316.2897124,-0.127452835,0.174009032,0.014272292,0.273698023
TRMT10B,244.0769627,-0.120551415,0.212759016,0.014329868,0.274311548
MEF2A,4034.94443,-0.133952427,0.114121461,0.014433931,0.275889342
UBE4A,2352.926351,-0.10909279,0.079056997,0.014534005,0.276978761
ZNF852,60.60090839,-0.030450613,0.064833842,0.014534378,0.276978761
ARL6,81.56026565,0.021271368,0.058360966,0.014694569,0.27788503
ATP8B3,104.1274393,-0.036898626,0.07102192,0.014626304,0.27788503
GYPC,1280.594398,0.12060002,0.105331201,0.014739489,0.27788503
MYBPH,655.0446465,-0.091209556,0.194501725,0.014767786,0.27788503
NDRG4,192.7957954,0.061763343,0.110199723,0.014778104,0.27788503
NES,1737.958343,0.11181996,0.215029922,0.014665005,0.27788503
PLEC,18882.50046,0.13092244,0.142421356,0.01474282,0.27788503
SELENON,14364.33058,0.120437256,0.185086847,0.014664606,0.27788503
VPS9D1,1299.076124,0.084994266,0.171127297,0.014777943,0.27788503
APBB2,721.3217142,0.065866778,0.120400269,0.014834709,0.278538593
CCDC90B,943.6564898,-0.124633551,0.132048663,0.014895618,0.279270941
CHAF1A,718.6657926,0.057651142,0.101734862,0.014933251,0.279565368
NBL1,240.0290347,0.105074673,0.211758642,0.014980563,0.280039876
ATP10D,707.9944613,-0.117263893,0.187988491,0.015089611,0.280433605
CDKN1B,1110.620005,-0.117290902,0.091705563,0.015037811,0.280433605
OLR1,20725.15203,-0.129970186,0.118531207,0.015049352,0.280433605
RABGAP1L,1295.788843,-0.116027676,0.104654058,0.015078012,0.280433605
C1orf122,1520.91739,0.075725206,0.145637981,0.015159398,0.280503869
C1RL,583.811298,0.121479331,0.164327569,0.015142174,0.280503869
CLIC1,9391.539651,0.12946255,0.113185316,0.015137167,0.280503869
ZMIZ2,3834.028316,0.12190674,0.135008222,0.0151815,0.280505714
PLEKHA2,3096.349539,-0.120419358,0.09417498,0.015204503,0.280524182
ATAD3A,1281.92229,0.124793545,0.135408226,0.015284601,0.281594484
MGST2,863.5338841,-0.125500186,0.16665858,0.015347069,0.282337342
ARHGAP22,998.4392075,0.114848199,0.094585708,0.015515939,0.283293422
ARL5A,1592.287811,-0.119162022,0.132335567,0.015504301,0.283293422
KIN,437.714263,-0.073232594,0.139163962,0.015523242,0.283293422
PDCD11,1479.694081,0.111834808,0.08796242,0.015554584,0.283293422
SPOUT1,982.4907055,0.107828388,0.198166178,0.015508741,0.283293422
TBCK,539.8820768,-0.116685662,0.186524542,0.015545648,0.283293422
TRHDE,638.5496883,-0.060368456,0.107521975,0.015546155,0.283293422
ATP13A2,1529.852555,0.114799873,0.183071895,0.015626823,0.283479497
GRINA,15451.58353,0.123902944,0.115516014,0.015590367,0.283479497
LMBRD1,2262.246941,-0.112209231,0.087455911,0.015631507,0.283479497
ARMC6,869.3687344,0.120543919,0.134980323,0.015744852,0.285129421
GLIPR1,3170.800628,-0.100754749,0.068086178,0.01577778,0.285320446
MPC1,1353.799865,-0.114130019,0.094475928,0.015834771,0.285594571
TIPARP,946.2606913,-0.117231115,0.117751867,0.015837741,0.285594571
NDST1,5024.883338,0.124402404,0.123583572,0.015867279,0.285723078
CCDC180,46.96489915,-0.027724303,0.062581402,0.015896282,0.285841602
FGD3,509.3901233,-0.113174937,0.184260273,0.01596628,0.286390923
GTF2IRD2,117.3438889,-0.025049053,0.060664597,0.015971758,0.286390923
ALPK1,1411.942557,-0.119555857,0.117001113,0.016001137,0.28651474
IL6R,3129.258768,-0.106763922,0.07940715,0.016068542,0.287318149
TLNRD1,1959.539031,0.119214705,0.140465531,0.016112578,0.287702038
EHD1,2037.114376,0.03151827,0.065684442,0.016190263,0.288684845
RCN1,2722.367569,0.118917673,0.11773269,0.016226251,0.288922452
LETM1,1758.79678,0.117549122,0.114708646,0.01630692,0.289550032
NHP2,1061.527632,0.108882447,0.084325729,0.016284975,0.289550032
EIPR1,819.2165284,0.111104307,0.090030509,0.016374007,0.290336884
DVL1,1254.179099,0.11304487,0.159001116,0.016449334,0.29126744
ARL10,574.0669419,-0.057843037,0.101947768,0.016534969,0.29234037
CMTM3,6711.931136,0.102288649,0.076723341,0.016601649,0.29234037
DYNC2I1,536.4232754,-0.105595997,0.171494847,0.016590255,0.29234037
ICAM4,94.15766135,-0.040341275,0.074689217,0.016578283,0.29234037
GALK1,725.8893874,0.104112733,0.175319194,0.016901113,0.296931876
VPS13D,2196.24707,-0.117187951,0.113262257,0.016908977,0.296931876
CCNG2,1326.063782,-0.105602254,0.085186774,0.01699695,0.297253415
FOSL1,94.94095986,0.039948759,0.074186757,0.016997234,0.297253415
ZNF264,579.1990761,-0.074376906,0.141046525,0.016959387,0.297253415
SLX9,653.312705,0.115148325,0.141923227,0.017025677,0.29734296
BAZ2B,1941.057368,-0.113955275,0.090128472,0.017080384,0.297890302
CTTN,2516.547094,0.110404158,0.089774901,0.017184929,0.299304178
TTLL11,181.0028093,0.067739238,0.121476876,0.017227981,0.299644656
ACOT7,444.8433192,0.074510679,0.136666759,0.017259294,0.299780293
MPHOSPH8,1456.663648,-0.114435009,0.151850958,0.017306576,0.300192573
CBLB,1705.192015,-0.109434137,0.093217178,0.017409964,0.301316508
PSMA5,2612.846113,0.109989,0.093876869,0.017418642,0.301316508
TMT1A,1819.294292,-0.072689574,0.130343582,0.01749381,0.302206757
TNFRSF9,254.2670303,0.029417277,0.06382475,0.017543542,0.302655771
ATPAF2,1081.455111,0.113401462,0.118087372,0.017589313,0.302907068
NF1,2256.816136,-0.113429764,0.119368703,0.017605627,0.302907068
TSPYL1,2363.912537,-0.095200057,0.059592764,0.017629611,0.302910925
AOAH,1021.680357,-0.110699515,0.088718208,0.017799169,0.303935482
CIAO2A,2021.185701,-0.11749164,0.183695768,0.017753631,0.303935482
METTL26,876.1851067,0.113289542,0.136485946,0.017789823,0.303935482
TXNDC16,224.155316,-0.045509299,0.081112426,0.01780844,0.303935482
VCF1,908.3254848,0.109369246,0.152718673,0.017741393,0.303935482
MGAT4B,6257.311939,0.112712151,0.114951615,0.017840652,0.304078166
ALDH1B1,188.0116065,0.053315486,0.093770878,0.018071417,0.304109673
AXL,6209.195209,-0.110960049,0.117722046,0.01806856,0.304109673
CEP70,111.1144431,0.038884074,0.072859853,0.01809884,0.304109673
CHST10,194.5669259,-0.051342072,0.089581689,0.018156418,0.304109673
CRYZL1,560.8414171,-0.11116185,0.154037468,0.017882201,0.304109673
CTSV,85.99414135,-0.035262092,0.069032283,0.018069196,0.304109673
INTS12,351.2986556,-0.112761755,0.150059956,0.018163675,0.304109673
JMJD8,1505.017951,0.110070064,0.144566278,0.017960715,0.304109673
KIF20A,629.7547063,-0.090753756,0.168089554,0.018191127,0.304109673
OAF,461.4942644,0.076532115,0.138185448,0.018221095,0.304109673
PDE4A,1883.457955,0.110059264,0.101180893,0.018224158,0.304109673
PRMT1,2914.562658,0.109496143,0.095614322,0.018060811,0.304109673
REPS1,1015.012776,-0.112808968,0.12837834,0.018072413,0.304109673
SYNC,208.4996894,-0.055482611,0.096480698,0.018206637,0.304109673
TMX4,1542.905297,0.115335394,0.100597946,0.018039948,0.304109673
TSR3,1283.498075,0.112255834,0.113923821,0.017942181,0.304109673
LSS,2624.875003,0.099519172,0.161949203,0.018335177,0.30533289
MAP3K1,1674.536441,-0.110793106,0.106737558,0.01838755,0.30533289
MAP3K11,5649.298854,0.092223395,0.161472471,0.018417209,0.30533289
RNF125,569.9325586,-0.070860852,0.123353633,0.018411069,0.30533289
TEX22,38.17818396,-0.016775317,0.056057859,0.01835899,0.30533289
PIGA,264.9327617,-0.049920691,0.087376909,0.018536494,0.306911372
CBARP,87.17974412,0.024604731,0.060302661,0.018822523,0.30744007
CENPE,659.5159296,-0.055941765,0.097267153,0.018683746,0.30744007
CSRP1,1743.631236,0.106014826,0.089806432,0.018714166,0.30744007
G0S2,1169.927033,0.084485328,0.144896642,0.018714847,0.30744007
LRP8,377.8300839,0.056388369,0.097718215,0.018631715,0.30744007
ODF2L,364.0889766,-0.053222693,0.092020465,0.018799455,0.30744007
PCBP4,53.82817491,0.022206669,0.058821051,0.018707368,0.30744007
PTCH1,160.631297,-0.02545106,0.060867731,0.018833688,0.30744007
PTK2,752.0688577,0.087660711,0.1632058,0.018609409,0.30744007
TMEM19,1381.886092,-0.106916852,0.09179359,0.01879107,0.30744007
ZNF124,743.5227852,-0.110807702,0.136360412,0.018776116,0.30744007
HADH,2074.004754,-0.101257002,0.10745182,0.018885554,0.307863423
HBS1L,986.4259761,0.109277303,0.108216138,0.018907919,0.307863423
DYRK4,1644.735925,-0.111481183,0.116295233,0.018994255,0.308481216
THRB,32.98896597,0.015601098,0.055565803,0.018990393,0.308481216
APOO,519.9206009,0.101695058,0.150436378,0.019074169,0.308599729
CCDC28A,702.4252782,-0.109951868,0.10705636,0.019047907,0.308599729
GALC,3291.736081,-0.103543812,0.083132389,0.019063163,0.308599729
MVK,392.0039029,0.080460264,0.144836564,0.019166791,0.309705212
FCRL6,70.61195828,0.024646076,0.060312902,0.019205568,0.309938973
NFKBIE,2504.659335,0.08451297,0.150447735,0.019265288,0.310509675
ST6GAL1,9366.319924,-0.090112363,0.060274697,0.019328265,0.311131375
AP1B1,18408.49951,-0.106590519,0.103893056,0.019408442,0.311259054
DSE,3837.704033,0.107053739,0.104953877,0.019433854,0.311259054
HLA-DPA1,691.9461909,-0.111109317,0.137671806,0.019367603,0.311259054
VANGL1,332.7324932,0.08891375,0.151948819,0.019430978,0.311259054
AK4,99.86451928,0.019041442,0.057099497,0.019607225,0.312541916
CAPN2,2408.136023,0.089500499,0.165298125,0.0196505,0.312541916
SIL1,2846.721465,-0.099343465,0.0671257,0.019661041,0.312541916
SLCO4A1,123.4402537,0.026125608,0.061305324,0.019575544,0.312541916
VCAN,2025.637339,-0.103695626,0.145643512,0.019616997,0.312541916
ZNF235,131.5432469,-0.037755776,0.07153761,0.019638842,0.312541916
BOLA2,473.74409,0.095235829,0.150305323,0.019736708,0.313339243
SEMA4B,751.9032006,0.107721896,0.123552138,0.019760354,0.313339243
POLA2,631.9153322,0.105348871,0.120514316,0.019803093,0.313626868
VPS37C,1592.305399,0.105804571,0.09849058,0.019844523,0.313893089
SLC35A5,722.1008302,-0.111757036,0.122046442,0.019874713,0.313981062
LYL1,1035.390175,0.107498547,0.123680405,0.019909156,0.314135931
RASGEF1B,2215.057897,-0.107564638,0.103910099,0.019987872,0.314988113
CHST15,1457.97138,0.09054647,0.157029716,0.020019351,0.315094704
SAC3D1,513.4820698,0.087023563,0.155392037,0.020044701,0.315104682
CDK1,1246.462918,-0.073836867,0.128398303,0.020244504,0.317462709
PSME3,3670.786216,0.102901011,0.088818606,0.020234244,0.317462709
FMNL1,6779.622783,0.111075841,0.139396099,0.02029004,0.317785891
AKAP7,325.0037173,-0.059864755,0.102861079,0.020380468,0.318400738
CPSF1P1,529.3849418,0.095650309,0.14845068,0.02040422,0.318400738
CYTH1,5437.579229,-0.098533735,0.073913422,0.020397512,0.318400738
RECK,341.492839,-0.098209968,0.155874524,0.020466788,0.318986646
DRAM1,3157.753705,0.105912408,0.104436893,0.020609627,0.32003914
HSPA8,11418.61234,0.10257265,0.089085605,0.020567605,0.32003914
TNFAIP8L3,467.126213,-0.087802299,0.145317527,0.020599689,0.32003914
CLEC12A,695.5473338,-0.069051488,0.11880111,0.020712613,0.321247085
CD163L1,247.8078173,-0.0390177,0.072723233,0.021015402,0.321830073
CD80,106.3066435,0.026621918,0.06160006,0.021053124,0.321830073
CNDP2,11937.59187,-0.097048423,0.074219208,0.020923908,0.321830073
DTL,217.1358972,0.027932377,0.062560678,0.020912083,0.321830073
JUND,5916.258713,0.073580787,0.127936085,0.020952149,0.321830073
MREG,1819.495495,0.103155555,0.114367343,0.020956799,0.321830073
MYO1C,4255.297866,0.101075436,0.133120326,0.020895932,0.321830073
PIK3IP1,934.5064515,-0.076769435,0.123815158,0.021026957,0.321830073
SEPTIN14,55.73751459,-0.02721739,0.062039048,0.020870187,0.321830073
STARD8,895.7451191,0.103377504,0.125487706,0.020783291,0.321830073
STRC,33.64865271,-0.019875014,0.057495685,0.021040415,0.321830073
TDRD9,382.5716371,-0.047671065,0.083600984,0.020877354,0.321830073
LTBP2,4249.36914,0.088290916,0.131531804,0.021148288,0.322897639
INSR,618.500664,-0.098126372,0.135281192,0.021257246,0.324173
ACP2,10546.45314,0.099488458,0.104337783,0.02157768,0.324999066
CD93,80.50197363,0.019710011,0.057411622,0.02148183,0.324999066
CHI3L1,127374.8739,0.10131741,0.091820499,0.021521982,0.324999066
CHMP7,1116.666057,0.103460293,0.098840507,0.021652682,0.324999066
CHST11,8834.872095,0.068626661,0.117203567,0.021681114,0.324999066
DCPS,350.3420554,0.075463027,0.12662942,0.021476721,0.324999066
GNB4,5569.458706,-0.100940253,0.099775342,0.02141102,0.324999066
GPN3,868.8606156,-0.100156818,0.131272331,0.021719288,0.324999066
PLEK2,788.7806311,0.097406737,0.13476306,0.021362768,0.324999066
RAB15,73.6987022,-0.021559084,0.058383764,0.021714162,0.324999066
RMC1,718.9501604,-0.101280475,0.08954141,0.021682229,0.324999066
SLC9A7,1392.942039,0.09914852,0.131186621,0.021367274,0.324999066
SOCS3,475.7682021,0.101037447,0.12787883,0.021629161,0.324999066
SRSF5,6102.237416,-0.097665552,0.091808362,0.02155967,0.324999066
ZNF502,32.44715602,-0.017534463,0.056350052,0.021633595,0.324999066
ZNF92,162.2150586,-0.04360304,0.077949596,0.02159242,0.324999066
HES4,41.62809941,0.021664364,0.058449863,0.021829806,0.325678927
TOP2B,3256.528653,-0.099414183,0.086346389,0.021841359,0.325678927
TXNDC5,3147.906238,0.107512741,0.089119322,0.021839627,0.325678927
ABCB6,157.1081654,0.045849597,0.080935027,0.021868838,0.325707725
BCKDK,2208.451326,0.08997629,0.137590158,0.022017356,0.326774468
GBP1,281.9414937,0.031763163,0.065590823,0.022002605,0.326774468
TMEM129,1718.446863,0.101494937,0.112820747,0.021972472,0.326774468
BTD,826.0641827,-0.104750951,0.102151143,0.022108252,0.327361325
PAQR6,56.28352796,-0.028091346,0.062635595,0.022106805,0.327361325
SGO1,131.0104126,-0.045620551,0.080388657,0.022145924,0.327538736
SH3BGRL,7767.129264,-0.112059942,0.11832353,0.02217401,0.327574112
KLHL30,111.1288516,-0.033591969,0.067234275,0.022210174,0.327728595
MRPS6,4502.428862,0.096501763,0.080405071,0.022268587,0.328210655
NDUFS8,1897.117455,0.100997583,0.09922137,0.022330965,0.328749971
CXCL3,158.8575329,0.041808157,0.075698185,0.022392245,0.32927189
PBLD,215.2801929,-0.060624034,0.103010802,0.022459784,0.329884548
SELPLG,3642.609534,0.063179544,0.107001516,0.022533117,0.330237894
TNKS1BP1,2246.900067,0.100308226,0.112032301,0.022535647,0.330237894
PIK3AP1,7018.420192,0.100586585,0.103049735,0.022569487,0.330354068
SLU7,1958.857756,-0.101543662,0.103093958,0.022606589,0.330517666
TAP2,4496.293217,0.100712341,0.107720425,0.022704188,0.331564363
ECHDC2,1293.596869,-0.101016736,0.100117165,0.022769604,0.332022194
HECTD2,350.8251023,-0.053100538,0.090642124,0.022823578,0.332022194
MFSD10,2189.215105,0.099308474,0.112159014,0.022865753,0.332022194
ORAI1,1551.206108,0.09745852,0.123921711,0.022805283,0.332022194
PPFIBP1,650.667139,0.070799428,0.115916104,0.022858874,0.332022194
CD72,273.3434181,-0.06164117,0.104303728,0.022972698,0.332062272
DPH2,689.1276241,0.060170069,0.100108824,0.022948325,0.332062272
MTARC1,73.32198806,-0.029737311,0.063876809,0.022957637,0.332062272
SMDT1,738.0479239,-0.10107916,0.102855495,0.022966341,0.332062272
IMP4,1536.276276,0.097415312,0.120121435,0.023029014,0.332499324
CCND3,1014.5705,0.056280671,0.095244503,0.023120176,0.33316372
LANCL3,33.41114254,0.014279714,0.055032546,0.023127296,0.33316372
TRAF3IP3,210.7989233,-0.059979262,0.101449036,0.023190182,0.33369258
CCDC9B,1196.94946,-0.069495247,0.116147313,0.023462351,0.334208287
CCL8,36.62953849,0.013070649,0.054619393,0.023269582,0.334208287
CEP192,853.7163157,-0.089883919,0.128644257,0.023418144,0.334208287
EHMT1,2047.389196,0.084879706,0.132770731,0.023304857,0.334208287
FGF7,33.12469251,-0.015476242,0.055481469,0.023488166,0.334208287
GPR137,1099.773442,0.062467737,0.104513426,0.023480664,0.334208287
HYAL2,1360.610728,0.095719554,0.123736034,0.02334808,0.334208287
N4BP2L1,487.2518489,-0.089641227,0.126907415,0.023413974,0.334208287
S100PBP,686.6800331,-0.078910457,0.131710576,0.023288398,0.334208287
TACC2,482.7456526,0.09461682,0.13122787,0.023480274,0.334208287
RSRP1,2414.832936,-0.099248493,0.097668921,0.023620723,0.335719728
QTRT1,665.8396973,0.098696362,0.104836905,0.023669526,0.336038743
C14orf28,132.4342787,-0.045164432,0.079536878,0.02372117,0.336232975
PPIG,3530.776235,-0.097555175,0.105558091,0.023735954,0.336232975
EVL,15462.98226,-0.08541169,0.057435843,0.023802299,0.336798568
ANKRD29,76.42693679,0.028828625,0.063120113,0.023936087,0.337194661
CBLN3,185.7711596,0.04727851,0.082437941,0.02390436,0.337194661
CCDC86,707.2415843,0.079579701,0.129267694,0.023884028,0.337194661
MRNIP,955.2899216,0.092219141,0.122066352,0.023919327,0.337194661
ANK3,59.00966007,-0.023695564,0.059577831,0.024069092,0.337948078
TIMM22,395.8290343,0.085281852,0.126477011,0.024063333,0.337948078
TPM1,443.2530116,-0.075480797,0.127591349,0.024036412,0.337948078
AGAP1,393.932525,0.050335169,0.086719621,0.02416772,0.338215434
NCOR2,13283.3193,0.064175052,0.107269317,0.024138011,0.338215434
TUBA1C,5433.82602,0.088195089,0.12571246,0.024147247,0.338215434
FBXO6,544.2924257,0.064666303,0.107557059,0.024256028,0.33870767
USP5,2563.618812,0.097320557,0.101224899,0.024238991,0.33870767
SERPINE1,1112.48941,0.068015512,0.112193319,0.024301968,0.338977892
IRF1,1974.462335,0.095390822,0.115780069,0.024441734,0.340554826
GINM1,1242.738907,-0.095778651,0.083741699,0.024473449,0.34062446
CEMIP,35.26100912,0.016699656,0.055974942,0.024511,0.340775066
ADPRH,941.2163323,0.096389611,0.088634569,0.02471849,0.342064148
CTNNBIP1,537.9090974,-0.091428651,0.124575526,0.024818365,0.342064148
CYP27B1,212.5448479,0.044197632,0.07819732,0.024784844,0.342064148
DGKG,37.88501642,0.017123622,0.056155717,0.024760058,0.342064148
HSPA1A,1741.821043,0.077483662,0.120457032,0.024649228,0.342064148
IL3RA,303.4049636,-0.054051509,0.0919823,0.024668084,0.342064148
NOLC1,1253.561348,0.074322015,0.113161501,0.024806765,0.342064148
S100A8,180.929409,-0.0517706,0.088290352,0.024757177,0.342064148
ALDH1A1,705.4359075,-0.079246167,0.129065742,0.024845772,0.342072088
CRYBG1,2015.753843,0.083408027,0.116495396,0.02501805,0.34225695
CTSH,6363.778567,0.092180028,0.081126245,0.025009649,0.34225695
LY86,1522.232587,-0.095603623,0.083477612,0.02494567,0.34225695
MPEG1,897.140962,0.095098894,0.090607032,0.024954238,0.34225695
ZBTB47,1964.549374,0.094775747,0.085105312,0.024898311,0.34225695
ZFTA,484.2908466,0.083314234,0.12769417,0.025020274,0.34225695
ALG12,1028.791029,0.072750185,0.121018132,0.025100059,0.342980341
CD151,5136.436879,0.09344274,0.086669838,0.025159661,0.343426681
ATP6V0D1,14694.6,-0.09200488,0.081221275,0.025235869,0.344098496
ARID5B,801.9890296,-0.091583142,0.11677912,0.02527074,0.344152506
B4GALT1,4074.320842,0.091740884,0.075846997,0.025293819,0.344152506
RRAGD,3288.090678,-0.088023731,0.06593362,0.025371619,0.344843038
ARHGAP11B,154.6456119,-0.04392769,0.077922342,0.025577164,0.347254462
CCDC112,418.6932524,-0.080292852,0.1223151,0.025603514,0.347254462
ATP6V0A1,6456.158685,-0.092681257,0.094102884,0.025716684,0.347523578
CCL20,58.57931743,0.023245296,0.059296418,0.025715215,0.347523578
PKD1P1,1180.534952,0.056074233,0.094143309,0.02568941,0.347523578
SREBF2,4722.711586,0.092936709,0.108628211,0.025732391,0.347523578
HMG20A,895.750302,-0.090804645,0.119826292,0.025766519,0.347616238
PEMT,306.7159291,0.073181853,0.119132811,0.025805347,0.34777206
C22orf39,732.5400478,-0.094549881,0.087897609,0.025884559,0.34799653
PNPLA3,974.7069463,-0.0778529,0.121499935,0.025909908,0.34799653
TNFSF15,693.7438505,0.074281644,0.117469701,0.025931187,0.34799653
TSKU,1556.290472,0.094285839,0.100481008,0.025901132,0.34799653
CAMKK2,1351.247921,0.093918049,0.095503915,0.025963904,0.348069209
CEBPB,20681.74788,0.089506329,0.117524492,0.026131125,0.348406878
FNDC10,750.628813,0.043738703,0.077428321,0.026129725,0.348406878
GGTA1,69.23613275,-0.029762983,0.063754039,0.026217635,0.348406878
HBP1,2443.33851,-0.088971329,0.068550416,0.026082609,0.348406878
MLPH,317.5582797,-0.062831331,0.104337904,0.026070735,0.348406878
NUTF2,1930.335342,0.092747096,0.089254981,0.026219023,0.348406878
PIGG,1946.11224,-0.091512474,0.080900312,0.026235046,0.348406878
TBC1D9,3697.7329,0.090515305,0.080231482,0.02606325,0.348406878
ZNF236,570.7651928,-0.022034263,0.058588208,0.026222009,0.348406878
SMCHD1,1906.806824,-0.092387221,0.097808744,0.026299683,0.348901829
SCG5,214.6005982,0.037897955,0.071064128,0.026360364,0.349181387
SMYD5,508.5373022,0.079142563,0.122891535,0.026375533,0.349181387
HGS,3645.420439,0.058189895,0.09662549,0.026531163,0.350150933
NFIC,2532.272303,0.074584668,0.122528209,0.026523504,0.350150933
SLC16A3,22567.02561,0.091606363,0.077650979,0.026492507,0.350150933
PSAT1,2718.325345,0.087285387,0.113287463,0.026562214,0.350198202
GABARAPL1,6329.099245,-0.080512882,0.055115056,0.026662425,0.351156256
ACADM,3886.328575,-0.090041634,0.087273294,0.026773111,0.351524601
IGSF22,172.2779382,-0.032413897,0.065899294,0.026756611,0.351524601
LPAR6,1468.777085,-0.058452486,0.097711734,0.026759768,0.351524601
ZNF444,697.2693261,0.057946507,0.096466313,0.026850289,0.352175242
CD302,728.0614253,-0.0621435,0.102519857,0.026903122,0.352404651
ITPRIPL2,5777.315957,0.087457287,0.077245447,0.026978347,0.352404651
LMNB2,2472.247543,0.091019147,0.081078187,0.026941867,0.352404651
MR1,2797.867954,-0.090509523,0.072549576,0.026967928,0.352404651
BPTF,3427.464461,-0.094823459,0.081958338,0.027168174,0.352780329
CASS4,197.8633959,0.043280619,0.076756169,0.02720531,0.352780329
DDX11,952.4216877,0.087171425,0.112682942,0.027164908,0.352780329
KIFC3,4508.426725,0.086218774,0.070716979,0.027091252,0.352780329
PALM2AKAP2,224.6728929,0.02706787,0.061758058,0.027040523,0.352780329
PFN1,38500.39579,0.093754568,0.105451793,0.027224883,0.352780329
SSBP2,163.8106843,-0.041197759,0.074373645,0.027228476,0.352780329
WDPCP,261.5633462,-0.056454033,0.094517868,0.027091898,0.352780329
CFLAR,5884.888496,0.082267854,0.057835869,0.027413666,0.352889274
DNAAF4,444.2043786,-0.069539836,0.111659752,0.027428736,0.352889274
NHSL3,378.1617453,0.082063475,0.11972333,0.02739595,0.352889274
PLEKHO2,12242.12308,0.09135412,0.089936725,0.027409529,0.352889274
TBXAS1,3936.076695,-0.088199738,0.086637296,0.027430643,0.352889274
TMEM132A,850.1560276,0.075958475,0.126489552,0.027400149,0.352889274
ZNF518A,1065.4094,-0.079612816,0.118625582,0.027405085,0.352889274
SNAI3,1400.21757,-0.083323101,0.120210467,0.027480916,0.353179639
PTBP1,8961.654532,0.085437285,0.128414028,0.027549864,0.353709181
ABL1,3115.006328,0.089090498,0.076549135,0.027657443,0.353849958
CH25H,318.01893,0.054304764,0.090695429,0.027671849,0.353849958
POLD1,2331.531036,0.069106394,0.104145469,0.027591374,0.353849958
SNX24,1054.944222,-0.073895772,0.115430751,0.027632972,0.353849958
AIG1,309.9509578,-0.054892103,0.091125438,0.027773204,0.3545752
PMS1,319.367009,-0.059397859,0.094464007,0.027784189,0.3545752
BUB1,634.0992853,-0.069818834,0.112581488,0.02785028,0.355063216
SAT1,21771.22531,-0.092409873,0.069103578,0.02790073,0.35535105
ZNF692,433.3802063,0.068722306,0.109999208,0.027957099,0.355713629
CCNB1,1092.858723,-0.085284753,0.114302114,0.027990724,0.355786384
CFAP69,77.02796262,-0.031130842,0.064758616,0.0281144,0.356647252
NMRK1,386.2457846,-0.075326339,0.117643956,0.028106185,0.356647252
DUSP5,381.0653474,0.0580891,0.095950151,0.028149694,0.356740008
PKD2L1,179.6565007,-0.031431095,0.064990362,0.02817964,0.35676488
ANKHD1-EIF4EBP3,1106.235428,-0.0894335,0.11504327,0.028406189,0.358005689
CCNG1,2474.967354,-0.084573615,0.115566338,0.028611021,0.358005689
CSKMT,100.6740955,0.030977793,0.064628146,0.028461634,0.358005689
CYBB,36712.15932,0.085032748,0.063721957,0.028423241,0.358005689
CYSTM1,1245.740734,0.090715667,0.088982491,0.02849922,0.358005689
DMXL1,2354.396222,-0.090386223,0.099656371,0.028609314,0.358005689
JDP2,2139.144964,0.090185475,0.101328934,0.028552582,0.358005689
KLHDC4,932.9884059,0.090603544,0.098540013,0.028312379,0.358005689
PIN4,516.166864,-0.07190124,0.11434069,0.028440249,0.358005689
PPIL1,549.2323695,0.080146228,0.115554144,0.028590961,0.358005689
TAF1C,1869.442624,0.049709057,0.082531941,0.028487195,0.358005689
ZNF510,375.4938708,-0.060596747,0.098814745,0.028614621,0.358005689
TNFAIP8,995.6775755,-0.089132249,0.098429839,0.028724805,0.359031899
TRAF7,4424.125311,0.080673494,0.108910529,0.028770916,0.359256027
ADAM19,59.77732618,0.020570334,0.057754281,0.028897664,0.360133257
AIFM2,1148.660511,0.079790433,0.117570154,0.028873636,0.360133257
CENPL,231.2143842,-0.060789613,0.099427682,0.029015033,0.360952074
DNAJB4,267.0284286,-0.067495712,0.107533956,0.029033499,0.360952074
TRPV4,245.3560471,0.05679884,0.093313844,0.029048304,0.360952074
LRP12,870.5997766,0.062557598,0.097348404,0.029104431,0.36129736
SBNO2,4323.904645,0.077901149,0.119431659,0.029178446,0.36186382
GPR155,542.7699356,-0.060646165,0.097743956,0.02926252,0.362288584
MLLT11,141.7358888,0.036593874,0.069361201,0.02926953,0.362288584
DDX6,4546.525557,-0.088266975,0.083819747,0.029345764,0.362528246
DLGAP4,1323.072781,0.089405773,0.094243794,0.029342665,0.362528246
NSMF,1307.025367,0.077152599,0.108695267,0.029377694,0.362571368
POM121,3692.641164,0.089226936,0.086633127,0.029411416,0.362636501
SMTN,294.0477604,-0.043273213,0.076388081,0.029465836,0.362956465
CSTF2,444.1384778,0.056565856,0.092853132,0.029524742,0.363145855
TENT5A,1574.475737,-0.09244301,0.096272743,0.029563437,0.363145855
ZNF566,196.9729221,-0.035412308,0.068378608,0.029566664,0.363145855
GPR68,363.2896005,0.044532871,0.078592921,0.029681021,0.364199552
LRRK1,3235.857854,0.082300746,0.108273537,0.029741698,0.364242947
TNF,36.25089094,0.018905525,0.056913411,0.029719148,0.364242947
SPIN3,362.8286009,-0.072795144,0.112847339,0.029845145,0.364669817
TIGD6,273.5481535,0.053863592,0.089397939,0.029856898,0.364669817
TSC22D2,1200.873468,-0.085469503,0.111573874,0.029862365,0.364669817
KHDRBS3,204.6134312,0.039613405,0.072489555,0.029901562,0.364780308
LZTS3,262.5418866,0.062230345,0.100149248,0.030020577,0.364780308
PITPNC1,752.1389005,-0.087844442,0.100989346,0.02999834,0.364780308
PPWD1,713.4317736,-0.083729254,0.110671959,0.029983068,0.364780308
SRSF11,4628.814593,-0.088308814,0.081017626,0.030016342,0.364780308
TMC8,1519.970499,0.058530111,0.094293329,0.030043088,0.364780308
CSNK1A1,6641.087247,0.086576418,0.101602117,0.030175316,0.36573634
KCNMA1,2991.091649,-0.091570452,0.087934105,0.03017947,0.36573634
RBM27,729.2371971,-0.07755967,0.118330288,0.030207888,0.36573634
WNT5A,1224.381704,0.049642621,0.084595036,0.030314594,0.36668004
IL1RN,6996.57516,0.031188112,0.064723074,0.030423621,0.367649993
CCDC115,1671.001387,0.087726901,0.092548975,0.030495261,0.367726424
DZIP3,427.5331173,-0.057212376,0.093662415,0.030519166,0.367726424
PGAM5,1003.434646,0.077797277,0.110114167,0.03050692,0.367726424
RANBP1,1411.317443,0.087691814,0.087974388,0.030555765,0.367726424
ZNF625,34.51523661,-0.0193098,0.057096833,0.030574163,0.367726424
BRD3OS,293.6473424,0.061555739,0.098382336,0.030611432,0.367783891
PAQR4,665.5249395,0.069508613,0.106791126,0.030636638,0.367783891
PXN,4151.395811,0.077110709,0.103947787,0.030829092,0.369746089
LRBA,1054.107777,-0.076413598,0.112883505,0.030868031,0.369865161
FXYD2,96.94297387,0.033039988,0.066248486,0.03092984,0.370257776
ECT2,667.1566713,-0.082699909,0.11536017,0.031000532,0.370755892
STX1A,190.4022226,0.03765971,0.070404121,0.031032711,0.370792909
FLNA,64590.0328,0.07092108,0.107620378,0.031113738,0.370869673
LAIR1,12471.82986,-0.08190975,0.073360008,0.031126406,0.370869673
ZSWIM9,376.8872565,0.061181479,0.098344622,0.031105865,0.370869673
GNL3L,1045.046315,0.086304789,0.083694377,0.031189822,0.371278278
ACVR1B,1699.219476,0.08605057,0.0784989,0.031416346,0.371306247
AQP9,9093.297689,0.079694211,0.101575955,0.031485174,0.371306247
CAMLG,1139.558237,-0.087014537,0.093202229,0.031471201,0.371306247
CHCHD4,349.3735076,0.075070672,0.107819301,0.031460674,0.371306247
FAM133B,539.4205359,-0.084667003,0.109701723,0.031512539,0.371306247
H2AX,2030.920277,0.076180438,0.103394677,0.031409189,0.371306247
KCNJ5,315.8685448,-0.059423515,0.093964293,0.03132254,0.371306247
MAP1LC3A,199.7771507,0.041775841,0.074574817,0.031265812,0.371306247
NBN,2319.23786,0.071314496,0.114515596,0.031421024,0.371306247
R3HCC1L,1046.874144,-0.084934417,0.102181746,0.031356072,0.371306247
SHC1,2905.382434,0.081130827,0.103455975,0.031473679,0.371306247
YDJC,760.174732,0.084575961,0.101472405,0.031545334,0.371349458
FAM83G,539.9828208,0.063192973,0.099888778,0.031586292,0.371488594
EIF4ENIF1,682.0628967,-0.084787944,0.108066117,0.031721869,0.372244824
HERC3,1263.70055,-0.084920724,0.101927157,0.031760054,0.372244824
MICU1,1496.910059,-0.085057988,0.074540311,0.031725243,0.372244824
RESF1,2229.872202,-0.086249194,0.09440549,0.031767383,0.372244824
ISG20,73.07973324,0.02205135,0.058495546,0.031852941,0.372904633
CMKLR1,2380.448335,-0.068294948,0.103340502,0.032003304,0.373016572
CTSB,177131.7299,0.089652634,0.074937715,0.031969362,0.373016572
EGLN1,1723.936148,-0.085059293,0.092830496,0.031908705,0.373016572
EPB41L2,7157.89377,-0.088874363,0.094946949,0.032008795,0.373016572
RRP15,480.4351066,0.057819063,0.093751872,0.031999939,0.373016572
OPA1,1742.4196,0.085958652,0.083890354,0.032096592,0.373698125
GLB1L,79.519286,0.029128454,0.063047992,0.032139787,0.373859625
ASPM,965.2356205,-0.046950315,0.080320328,0.032272224,0.37403508
BRIP1,364.6361008,0.058126561,0.092557427,0.032239801,0.37403508
NEK4,824.7410981,0.078354601,0.113331077,0.032268214,0.37403508
ZNF638,2534.072689,-0.086123104,0.084361605,0.032263273,0.37403508
ADM,153.1322897,0.034052496,0.067008553,0.032586075,0.374829076
CREBRF,1663.719309,-0.080741995,0.108321708,0.032371934,0.374829076
EFTUD2,4825.447026,0.084844673,0.084727605,0.032911586,0.374829076
GPC3,510.8196207,-0.082672017,0.104981374,0.032928745,0.374829076
GRAMD1A,3143.372972,0.079847951,0.101356716,0.032888685,0.374829076
HK3,6593.435215,0.08453336,0.075982816,0.032538373,0.374829076
HSDL1,729.9765558,-0.084480156,0.094159379,0.032489727,0.374829076
HYCC1,764.7702499,0.063460364,0.098657513,0.032632589,0.374829076
KLHL5,2268.637564,0.084087707,0.094956146,0.032742336,0.374829076
MBOAT7,2104.248458,0.057509595,0.092482271,0.032609496,0.374829076
MDH2,5259.753061,0.08011054,0.103244245,0.032923487,0.374829076
RAB30,165.3702673,-0.03292681,0.066035844,0.032529844,0.374829076
RBM5,3574.011725,-0.083482533,0.078061906,0.032858682,0.374829076
RIOX1,609.5763604,0.079333131,0.106155377,0.032708284,0.374829076
SIGLEC7,864.6673935,0.084778899,0.092866257,0.032911259,0.374829076
SKA3,172.9852073,-0.0447992,0.077776508,0.032689907,0.374829076
SRPX2,918.4660184,0.079638305,0.107301782,0.032544765,0.374829076
TMEM154,83.60138797,-0.023074272,0.059054526,0.032901217,0.374829076
TTLL3,1007.96924,-0.073692835,0.106913743,0.032602278,0.374829076
VASP,7928.123023,0.071705917,0.105560131,0.032718701,0.374829076
CHRFAM7A,65.43941373,0.018318244,0.056603335,0.033059676,0.375648666
TNFAIP8L1,976.0008449,-0.082641606,0.09433091,0.033049586,0.375648666
ZNF330,1586.768154,-0.084980068,0.085416519,0.033100033,0.375772329
ACCS,221.091025,-0.054249006,0.095507093,0.033313781,0.377526573
SSPN,203.4999018,0.038978255,0.071595508,0.033298379,0.377526573
BICDL1,62.42651189,-0.024177538,0.05969636,0.033379423,0.377599174
XYLT1,1041.835114,-0.071722613,0.105376196,0.033376826,0.377599174
APBA3,536.8942043,0.043541239,0.075848119,0.03345947,0.377834172
GPAT4,2906.582896,0.083752751,0.076402282,0.033445552,0.377834172
RB1,2711.723025,-0.079025066,0.101424109,0.033515037,0.378126731
C1QTNF6,143.4155532,-0.033991443,0.066849023,0.033689336,0.378550447
CLTCL1,112.867146,-0.036717352,0.069284392,0.033638455,0.378550447
PPHLN1,1481.52118,-0.087825974,0.085992898,0.033700003,0.378550447
SPATA13,3036.072399,-0.082309881,0.10005185,0.033600534,0.378550447
TIMELESS,1253.475531,0.08540417,0.080721994,0.033701056,0.378550447
CCL3,618.8128131,0.045992524,0.078936781,0.0337678,0.378632962
NR2C1,512.7330409,-0.07721913,0.10663112,0.033741531,0.378632962
APOC1,47120.64033,-0.096313342,0.106270351,0.033960626,0.379598171
NDUFAF3,1021.917391,0.083378316,0.090211419,0.033972979,0.379598171
PSME2,3345.578353,0.085991267,0.08610024,0.033902729,0.379598171
VAC14,5710.504587,0.080596039,0.077461727,0.03393121,0.379598171
ERCC2,814.7495773,0.048767176,0.080372063,0.034140455,0.380323497
RAB10,4931.97313,0.082009139,0.071593832,0.034147539,0.380323497
RAB11FIP4,739.4520317,-0.078281065,0.103551404,0.034137324,0.380323497
ZMIZ1,10131.7913,0.075191152,0.104877648,0.034157221,0.380323497
FOXP4,1827.208353,0.061305329,0.098929419,0.03427945,0.381018921
ZNF625-ZNF20,57.76301775,-0.026385012,0.061078796,0.034277553,0.381018921
RCBTB2,2217.927143,-0.081771413,0.101715271,0.034365425,0.381641815
EMP3,3115.025132,0.063345288,0.090135344,0.034398539,0.381677082
CYB5R3,6089.600927,0.062854631,0.101364915,0.03446963,0.381809702
NOS3,49.00403068,0.016712183,0.055900512,0.034470387,0.381809702
SMS,4614.751864,-0.081853801,0.074725238,0.034541154,0.382064633
STIMATE-MUSTN1,399.8364448,0.074499451,0.102597316,0.034553339,0.382064633
ME3,356.5312191,-0.075332756,0.102436921,0.034624069,0.38251495
TM6SF1,3034.199651,-0.082164782,0.072535587,0.034725794,0.383306621
HAMP,314.4570876,-0.03462603,0.067350139,0.0348127,0.383933484
ANKRA2,397.4550611,-0.076450724,0.105186584,0.035080413,0.383994104
BIRC5,757.9366899,-0.066185931,0.100396844,0.034957214,0.383994104
CISH,1076.045252,0.079506771,0.095710928,0.035042773,0.383994104
GNGT2,317.2728994,-0.057697112,0.092012075,0.034948608,0.383994104
NEIL2,369.915604,-0.056807143,0.091216123,0.035081982,0.383994104
NT5E,53.87907631,0.016247809,0.055702324,0.035031257,0.383994104
OAS3,11942.11487,0.052273826,0.085686271,0.035089272,0.383994104
SLC35C1,1132.158723,0.066017978,0.100259105,0.035041397,0.383994104
WARS1,16079.50948,0.081816942,0.067092694,0.034878531,0.383994104
SIK3,1627.17251,0.082510037,0.086416224,0.035283051,0.385783553
MYO7B,229.5227243,0.034040196,0.066833491,0.03534479,0.385796856
S100A6,4189.497828,0.080900213,0.089478208,0.035341669,0.385796856
HEATR5A,1088.16809,0.069058239,0.095436844,0.0354415,0.386191184
PNMA8B,198.4376433,0.039776186,0.072099076,0.035414749,0.386191184
ZNF527,138.6464732,0.030838971,0.064214855,0.035480919,0.386290552
ATXN1,2778.733715,0.064195741,0.093146432,0.035685223,0.386382255
C1QA,8954.947816,-0.080826219,0.072413889,0.035636404,0.386382255
EEF2,53961.43298,0.061343562,0.086910842,0.035649123,0.386382255
GATAD2A,2746.587739,0.078427433,0.086422348,0.035643003,0.386382255
HDHD2,680.7279282,0.077863771,0.102470079,0.035570944,0.386382255
MCL1,13255.03863,0.075700585,0.099261176,0.03570149,0.386382255
SMKR1,70.64679601,-0.026781188,0.061305525,0.035549728,0.386382255
DMAC2,1620.62917,0.081491241,0.091860898,0.035741248,0.386484454
ANGPTL2,33.75922341,-0.017064549,0.056025689,0.036038296,0.388378901
PRSS53,80.46452229,0.024413112,0.059784504,0.036016374,0.388378901
ZNF320,281.1452702,0.043175399,0.075450864,0.035965074,0.388378901
ZNF850,97.03466857,-0.018663606,0.056726128,0.036016404,0.388378901
NBPF11,674.5224085,-0.070235973,0.102497366,0.036124326,0.388977222
DAAM1,425.6294185,-0.056382172,0.090541042,0.036328378,0.390514753
HEXB,16771.36299,-0.080763985,0.061620173,0.036306432,0.390514753
DNLZ,183.5836896,0.036282172,0.068709657,0.036464211,0.39164467
ZNF414,387.56923,0.05603615,0.092027227,0.036553536,0.391943678
ZNF776,448.6645278,0.044169511,0.076458497,0.03653495,0.391943678
IGF2R,22479.31576,-0.074291102,0.054394315,0.036667053,0.39249792
PCYOX1,1593.770219,-0.080688889,0.093795253,0.03668441,0.39249792
STAC3,1012.816466,-0.081740121,0.08832132,0.036697586,0.39249792
NDRG1,1403.801453,-0.081247847,0.082823445,0.036734062,0.39255872
ARHGAP23,98.92955825,0.023573476,0.059282137,0.036924507,0.393385693
HJURP,385.0459431,-0.040896321,0.073090389,0.036906578,0.393385693
LILRB1,1077.598171,0.075464,0.087931364,0.036934871,0.393385693
TRAP1,3419.433809,0.076991549,0.08144757,0.03686423,0.393385693
ATXN2L,6723.490278,0.079518972,0.088767518,0.037131115,0.394652921
EEF2KMT,290.5084272,0.035237324,0.067881103,0.037091836,0.394652921
RPA1,2190.883499,0.078220857,0.108248176,0.037194045,0.394652921
SALL4,178.1662897,-0.038009346,0.070212579,0.037193205,0.394652921
USP33,2162.801093,-0.081051787,0.113084384,0.037208629,0.394652921
ANKRD10,3929.248035,-0.073878498,0.099339622,0.037276183,0.394712667
SMG5,5681.469296,0.078405433,0.063603954,0.037265689,0.394712667
ABCB7,1007.370752,-0.060173326,0.091685285,0.037392215,0.395510049
MAPKBP1,697.8030751,0.074139967,0.097530345,0.03747841,0.395510049
PJA2,3961.351803,-0.07967379,0.075140043,0.0375066,0.395510049
PRMT5,1085.504748,0.07949522,0.087368925,0.037445743,0.395510049
SASH3,5741.831355,-0.07768824,0.073173162,0.03745744,0.395510049
PRR11,1150.011453,-0.059507559,0.092320114,0.037544346,0.39552891
RARA,1267.730387,0.060754441,0.09050023,0.037632486,0.39552891
SPTBN1,1051.353669,-0.079223385,0.090832579,0.037614668,0.39552891
ST8SIA5,46.34317084,-0.01608209,0.055616318,0.037613424,0.39552891
ACSL1,11116.99937,0.08260594,0.105366833,0.03770111,0.395597902
ITGAV,13853.00877,0.085681032,0.106053844,0.037675829,0.395597902
ARFGEF1,2439.92864,-0.074777703,0.082944437,0.037825462,0.395708793
IDH2,4397.292431,-0.081708158,0.083861564,0.037828219,0.395708793
PPP5C,1784.494559,0.079811349,0.086911407,0.037821677,0.395708793
S100A2,47.4083478,0.0228265,0.05883317,0.037835832,0.395708793
CREB3L1,143.0570647,0.036035907,0.068350844,0.037878782,0.395833272
IST1,4577.596831,-0.073688021,0.055455819,0.037918693,0.395925816
CASP12,39.8023071,-0.019362863,0.057030375,0.037952831,0.395957971
DAP,2748.893426,0.077255124,0.07256888,0.038024236,0.39635075
DLGAP5,502.4782424,-0.044491108,0.076216574,0.038052657,0.39635075
CBFA2T3,41.43443765,0.011590184,0.054101629,0.038221926,0.397140456
LONP1,9255.971435,0.071724774,0.097380308,0.038216426,0.397140456
PLAU,1954.166289,0.077622142,0.093145544,0.03820789,0.397140456
DUSP13B,64.57283215,0.023064801,0.058927492,0.038442638,0.397167902
E2F8,215.3587185,0.04505474,0.077423955,0.038417591,0.397167902
HMGCS1,947.9696655,0.076154806,0.098080311,0.038371121,0.397167902
HSDL2,1522.251442,-0.075513497,0.095674278,0.038440751,0.397167902
TMEM203,963.5091698,0.072015915,0.09238344,0.038368691,0.397167902
TOP2A,3166.925585,-0.057676693,0.089889369,0.038362414,0.397167902
TTC14,1206.435409,-0.062850839,0.095337024,0.038360052,0.397167902
MTLN,406.4628901,0.059442248,0.090861725,0.038562567,0.398084342
FAM219A,718.1961513,0.060501897,0.092701399,0.038675057,0.398278109
IQGAP2,2404.888822,-0.07649121,0.096537886,0.038636101,0.398278109
JRK,925.9688505,-0.071583749,0.099374859,0.038644434,0.398278109
ABCC4,1054.987071,-0.067398594,0.095897309,0.038768254,0.398915633
TP53,2425.995577,0.078436818,0.07140703,0.038807986,0.399002431
BBS2,872.7673675,-0.079539589,0.086809819,0.038862902,0.399245076
PRR15,535.0198448,-0.072218835,0.099320775,0.03894924,0.399809869
PPP1R1A,979.1029794,0.060943016,0.089487255,0.039007832,0.400089177
JMJD1C,2014.396344,-0.04946791,0.080667241,0.039104298,0.400756186
SH3BP5,1085.509558,0.052922378,0.083757799,0.039138122,0.400780659
CDKL3,74.38029732,-0.024105812,0.059547422,0.039207962,0.400988737
ERGIC1,4806.293961,0.077128601,0.06718697,0.039284252,0.400988737
MVD,1117.03701,0.062154326,0.096696585,0.039281381,0.400988737
SMN2,620.9141168,-0.069220789,0.096777794,0.039280011,0.400988737
ALKBH8,294.014909,0.049580424,0.081676739,0.039336449,0.401200312
CDK19,1596.707428,-0.064824473,0.095865465,0.039372239,0.401244341
ACSL5,940.1948125,0.075469249,0.096638494,0.039433349,0.401412653
NINJ1,3108.06115,0.077579374,0.091144489,0.039451726,0.401412653
SMC4,2229.726635,-0.060659266,0.089380694,0.039521458,0.401801485
PPP1R14B,1976.584031,0.06776885,0.099550821,0.03966475,0.402295866
SLC29A2,194.9455662,0.037659333,0.069745131,0.039634667,0.402295866
VAV1,4200.914393,0.071491665,0.055657746,0.039652482,0.402295866
RNF149,7485.796262,-0.073756279,0.058022088,0.039854594,0.403900013
FAM3C2P,142.8971219,0.029741224,0.06322328,0.03998487,0.403935902
ITGA2,83.57177834,0.018728158,0.056724583,0.039979706,0.403935902
RNF13,6337.727729,-0.077543063,0.06744965,0.039979985,0.403935902
TGFBI,19461.113,0.076834509,0.087475284,0.039967134,0.403935902
TCIRG1,15558.02798,0.067248933,0.095394187,0.040018733,0.403957896
AKT2,3666.281926,0.066405187,0.0927168,0.040183934,0.404033777
ANK1,63.22317663,0.019192791,0.056918379,0.040181647,0.404033777
ERBB3,83.90457214,-0.018389065,0.056562123,0.040107344,0.404033777
LDLR,797.5013493,0.042839869,0.074829232,0.04013209,0.404033777
PIEZO1,6874.389895,0.074932905,0.10110492,0.040184707,0.404033777
ABHD5,1635.717623,-0.071697506,0.08977943,0.040265234,0.40420588
MPV17L2,465.6389648,0.046699348,0.078324471,0.040251093,0.40420588
BORCS8,753.8442679,0.05655023,0.088029649,0.040361833,0.404856808
MMP19,3061.791825,0.072766522,0.097433374,0.040410114,0.405022437
AP1M1,2231.704091,0.076968634,0.086596376,0.040589904,0.40650486
MPRIP,2129.183511,0.073174523,0.097096369,0.040640377,0.406690869
AFG3L2,2820.793965,-0.078160124,0.070703025,0.040739316,0.407081833
ANTXR2,1109.015457,-0.076605884,0.084582559,0.040754584,0.407081833
BYSL,348.3489146,0.051984109,0.083843458,0.04100764,0.407081833
CLEC4E,45.48956273,0.017157136,0.056029056,0.040831608,0.407081833
DLG5,271.2326747,0.033775033,0.066406375,0.040860792,0.407081833
FCHSD1,1089.931621,-0.07752373,0.089357823,0.040907634,0.407081833
KCP,2021.775508,0.074600986,0.087586328,0.040949943,0.407081833
MAGIX,60.36524783,0.022630506,0.058668669,0.041014041,0.407081833
REPIN1,4619.363811,0.075307753,0.081907761,0.040949857,0.407081833
SETD1B,2174.485849,0.06991535,0.095543266,0.041030681,0.407081833
TMEM243,887.201734,-0.077252883,0.081564069,0.040943932,0.407081833
IFITM10,589.7970062,-0.065080422,0.094961125,0.041096307,0.407099315
NDUFB5,2209.125037,-0.076983059,0.084930697,0.041083019,0.407099315
PYCR3,169.4595731,0.042467685,0.074208991,0.041156733,0.407381363
TMEM144,1203.411409,-0.06933768,0.092438798,0.041332423,0.408803
DNAI3,51.66611531,-0.021116345,0.057848517,0.041374672,0.408903636
DECR1,2405.952502,-0.077280015,0.083379522,0.041459185,0.40942149
ANKRD22,72.35624432,0.019419506,0.057020998,0.041511327,0.409619124
RAB3A,55.25103631,0.022897939,0.058810807,0.04155924,0.409774747
ARHGAP31,2550.585442,0.054622888,0.079926387,0.041614963,0.409972832
GAPDH,31954.07459,0.071735061,0.086201498,0.041643644,0.409972832
KIFAP3,344.5777918,-0.052707268,0.081062565,0.041701623,0.41022685
TXLNB,111.9479731,0.030651831,0.063892863,0.041768173,0.410564714
DBNDD1,41.78260005,0.020870651,0.057740024,0.041934958,0.410895531
ENPP2,335.0736496,-0.052156771,0.083440891,0.042010885,0.410895531
GPC1,128.5483027,0.030256109,0.063561953,0.042014172,0.410895531
ID2,12738.95849,-0.07613167,0.067831121,0.042018892,0.410895531
NCLN,5340.399211,0.068800044,0.105941987,0.042007092,0.410895531
OLFM2,582.0794028,-0.066542785,0.09336436,0.041981238,0.410895531
TBL1XR1,2093.597846,0.056042782,0.088384876,0.042027435,0.410895531
ANO8,853.11111,0.061257105,0.090779743,0.042341477,0.411128328
ATP2B1,2506.562704,-0.075607991,0.067222277,0.042254174,0.411128328
C11orf21,472.7532919,-0.049913195,0.081414553,0.042234231,0.411128328
FADS3,1314.360252,0.058284664,0.088632971,0.04210151,0.411128328
MARVELD1,2068.898929,0.073526574,0.093618158,0.042280725,0.411128328
NICOL1,253.8725002,0.0432207,0.074739495,0.042271266,0.411128328
RACGAP1,905.1206684,-0.063856704,0.092867197,0.042188809,0.411128328
SENP3,1897.424026,0.074983914,0.066606211,0.042262407,0.411128328
UBFD1,1470.656532,0.073080867,0.091037033,0.042328271,0.411128328
CASP8,1224.112685,-0.075440833,0.069551501,0.042463187,0.411996324
LARP7,1602.398275,-0.078246856,0.092619161,0.042541231,0.412439661
KCTD13,906.1293858,0.068214495,0.09336434,0.042643978,0.412807951
ZNF618,1278.153826,0.074455484,0.106524993,0.042628911,0.412807951
RILPL2,2265.397141,0.074936736,0.068809107,0.04273119,0.413024979
STK40,5215.214423,0.072425601,0.058734062,0.042712574,0.413024979
ADCK2,1167.333531,0.066766716,0.094115919,0.043007436,0.413813208
CD276,8699.133146,0.074022697,0.086185722,0.043007491,0.413813208
CRTC1,1135.975997,0.042816296,0.07386773,0.042990436,0.413813208
MRPS34,2172.638764,0.074916015,0.086625218,0.042947368,0.413813208
STC2,413.5789541,0.045247261,0.076597504,0.042898781,0.413813208
VWA5A,6031.164218,-0.074259333,0.061264145,0.042942599,0.413813208
FJX1,422.7435619,0.052088134,0.082957201,0.043158738,0.414312265
IGHMBP2,634.2088417,0.050440686,0.08144622,0.043254343,0.414312265
PRPF19,2227.721491,0.075586195,0.077106476,0.043219244,0.414312265
SCAMP1,1205.548846,-0.075884403,0.090194349,0.04322218,0.414312265
TUBB3,397.665819,0.034129587,0.066464349,0.043156728,0.414312265
WDR4,363.9977512,0.060752267,0.09111938,0.043097012,0.414312265
SLC25A10,262.971278,0.04017151,0.071486101,0.043333345,0.414757367
USB1,1932.247273,0.067778422,0.096435058,0.043372582,0.41482149
ZZZ3,1463.902038,-0.071388414,0.09007671,0.043431951,0.415077922
LRRC8A,1369.03212,0.07329099,0.084608904,0.043650263,0.416235629
MKNK2,3120.982986,0.062857453,0.092748462,0.043605636,0.416235629
TNFAIP6,50.94011207,0.022775574,0.058711254,0.043651034,0.416235629
INF2,6046.88874,0.077244337,0.075735099,0.043693805,0.416332075
RFWD3,1011.983391,0.065827507,0.091935709,0.043742172,0.41648167
ASB6,750.9675139,0.074459215,0.086623068,0.043860642,0.416676098
SCYL2,1481.18888,-0.073419875,0.08783559,0.043844605,0.416676098
SPRY4,60.1054217,0.01612075,0.055591428,0.043804092,0.416676098
OGDH,4617.863917,0.072032179,0.090219788,0.043901212,0.416750973
FXYD6,369.5561557,0.061611103,0.090252428,0.043936512,0.416775734
ADCY10P1,56.80771567,-0.024865972,0.059927669,0.044079058,0.41678051
CCM2,1658.907524,0.074992839,0.074001924,0.044100471,0.41678051
KCNJ15,48.10932556,0.007067793,0.053076042,0.044045447,0.41678051
RELA,2581.563728,0.044775262,0.074706722,0.043997766,0.41678051
TRPS1,678.0823931,0.060283656,0.091103303,0.044022966,0.41678051
ACD,218.1173163,0.034701813,0.066878738,0.044162722,0.417059661
HS3ST2,684.6224137,0.059928177,0.085955589,0.044201689,0.417118675
CEP43,599.9174178,-0.053117808,0.083555242,0.044255189,0.417314645
H3-3A,9335.327826,-0.080408837,0.09007736,0.044637213,0.419145453
MFNG,1351.792948,0.073917569,0.091461725,0.044519398,0.419145453
MROH7,287.5023653,-0.044692013,0.075971812,0.044676079,0.419145453
PDGFRA,41.70242118,-0.017831223,0.056275456,0.044702861,0.419145453
TRMT61A,583.879588,0.066040823,0.090119838,0.044710299,0.419145453
VAMP8,6236.272272,-0.074315395,0.078632299,0.044501159,0.419145453
VARS1,3751.734281,0.068991177,0.090309865,0.044712355,0.419145453
VTI1A,960.4512265,0.073458516,0.082003293,0.04467169,0.419145453
BOLA3,357.3391669,0.064955084,0.091035888,0.04500482,0.419419916
DMXL2,9731.553072,-0.075053083,0.081097015,0.044902598,0.419419916
FBXO38,1804.343796,-0.06684577,0.094030851,0.044932483,0.419419916
GPSM2,507.2789844,-0.054046572,0.08404203,0.044866384,0.419419916
KREMEN1,143.3471203,-0.02964596,0.06296664,0.04483219,0.419419916
PMP22,3350.36278,-0.07931446,0.077204483,0.044986053,0.419419916
SETD5,2551.985789,0.071772397,0.088607776,0.044962839,0.419419916
ZMYM2,1606.459876,-0.07414799,0.082427598,0.044962733,0.419419916
CIR1,1260.2465,-0.066121321,0.090956918,0.045095754,0.41950554
DNMT3A,2041.738858,0.062963646,0.093655505,0.045075132,0.41950554
IFT172,525.7716574,-0.060277174,0.089117972,0.045176316,0.41950554
NR2C2AP,186.9201215,0.04705579,0.078000097,0.045119269,0.41950554
TP53INP1,1362.902819,-0.06668404,0.092010101,0.045178532,0.41950554
PSMA6,4610.39645,0.076135202,0.072577934,0.045271477,0.420062632
EEF1AKMT4,216.0326706,0.041957905,0.073027191,0.045446822,0.420811127
RNASE1,1207.587555,-0.072373177,0.085634724,0.045471582,0.420811127
RRN3P1,193.2044981,-0.042725624,0.073841182,0.04549528,0.420811127
TEX9,182.5408526,-0.038329973,0.069845858,0.045517181,0.420811127
TPD52L1,631.2279124,-0.058825525,0.088630791,0.045393677,0.420811127
DTX1,585.0106366,0.057168837,0.08558224,0.045569905,0.420993274
RBM38,933.1446696,0.046867903,0.077860942,0.045645731,0.421388429
HMGB1P6,447.4079834,-0.03057214,0.063653763,0.045684414,0.421440375
ALDH2,8693.526764,-0.071881476,0.077763493,0.04592922,0.42196997
ELF5,61.45224422,-0.023082243,0.058836155,0.045877456,0.42196997
F13A1,83.49662709,-0.016391244,0.055678705,0.046006609,0.42196997
FSCN1,3652.539433,0.048100055,0.078990753,0.045966351,0.42196997
MEGF9,2997.386104,-0.073792154,0.075193466,0.045806702,0.42196997
PIMREG,138.8838227,-0.034148212,0.066330985,0.045947191,0.42196997
SLC27A4,1435.27487,0.070501402,0.098005059,0.045994231,0.42196997
ZBTB17,1168.938212,0.073299397,0.082225621,0.045907871,0.42196997
DCUN1D4,540.4141308,-0.066854129,0.090424287,0.046222196,0.423558587
DHRS7,1459.199282,-0.071713523,0.085988218,0.046259977,0.423558587
TEAD4,40.92250871,0.020511128,0.057493882,0.046279482,0.423558587
CRACR2B,235.8072987,0.039169902,0.070477673,0.046480723,0.424569205
RTL8C,2345.263879,0.047505114,0.077518194,0.046489812,0.424569205
UTP4,843.2617429,0.072910068,0.085822862,0.046460095,0.424569205
C12orf57,444.6770449,0.062492495,0.088991149,0.046607398,0.425026927
CHCHD10,2268.470512,0.074147477,0.071992278,0.046581639,0.425026927
ZNF280D,276.6923928,-0.045637834,0.076516003,0.046639946,0.425026927
RNASEL,598.5513834,-0.068823354,0.087422736,0.046690602,0.42518463
AFAP1,1374.846652,0.061805846,0.081832082,0.046963545,0.427060086
CALHM3,75.0157498,0.02629066,0.06072242,0.046955126,0.427060086
CBFB,2365.144438,0.071871973,0.078495914,0.047082175,0.427459332
TGFB1,11532.51697,0.060534735,0.087604636,0.047108037,0.427459332
ZNF75D,456.5975052,-0.047657691,0.078388464,0.047073092,0.427459332
AHSA2P,809.7379638,-0.062564399,0.087282825,0.047524925,0.428110822
CCNF,713.4826499,-0.069734104,0.086079373,0.047404369,0.428110822
CYP1B1,2472.76937,0.067218705,0.092580902,0.047747531,0.428110822
DDX17,13146.03885,-0.074892517,0.077928947,0.047611471,0.428110822
DYNLT2,32.06125294,-0.018407666,0.056503249,0.047450033,0.428110822
EPHB2,2202.741742,0.069386653,0.085304371,0.047230539,0.428110822
FDPS,2073.107238,0.072733166,0.073212446,0.047513191,0.428110822
GLMP,3281.919451,-0.073036089,0.077701434,0.047421069,0.428110822
HAPLN4,746.9658461,0.03987854,0.070607734,0.047728107,0.428110822
HIBADH,1569.551829,-0.070836917,0.081844715,0.047714472,0.428110822
MT1F,152.4019476,0.035435307,0.067438735,0.047750693,0.428110822
PDPK1,3031.598918,-0.072300779,0.06792113,0.047411136,0.428110822
PHLDA2,82.38898886,0.020971727,0.057707416,0.047561687,0.428110822
PRDX1,13160.11487,0.073473366,0.075702646,0.047521405,0.428110822
ST6GALNAC4,2107.891102,0.055171632,0.085765246,0.047658286,0.428110822
TPX2,1696.03199,-0.072846445,0.078828462,0.047327417,0.428110822
USP51,139.5711803,-0.029360659,0.062716365,0.047463197,0.428110822
MED15,4203.348336,0.071279129,0.083410579,0.047820231,0.428259239
PIGX,405.0175809,0.054572928,0.08407337,0.047834431,0.428259239
FCHO1,359.2894044,0.039577169,0.070758273,0.047871337,0.428288893
ADRA2B,101.4964768,0.031970077,0.064551544,0.048336808,0.429808083
CEP170B,922.8813812,0.0488598,0.081684604,0.04820087,0.429808083
COX4I1,7932.734435,-0.080309835,0.087303193,0.048111732,0.429808083
CYB561,453.5617976,0.067957007,0.104402933,0.048279337,0.429808083
LSM10,1140.904484,0.070201527,0.085090147,0.048265355,0.429808083
MEN1,1118.391026,0.070588958,0.09084734,0.048232891,0.429808083
RAP2B,6531.969491,-0.071810117,0.065317982,0.048107489,0.429808083
TAF6,1422.827305,0.056524382,0.085951281,0.04834456,0.429808083
USP48,1392.290979,-0.073503583,0.078615133,0.048159135,0.429808083
GATD1,1489.940279,0.070151807,0.092499376,0.048429657,0.429960607
INA,63.62111455,0.015399095,0.055291338,0.048475851,0.429960607
RAB35,3089.16922,0.072767069,0.073184609,0.048496616,0.429960607
ZWILCH,370.3706295,-0.045144698,0.0756812,0.048484595,0.429960607
RBBP6,1770.53962,-0.071045299,0.080263151,0.04861635,0.43072262
CACNA2D4,515.2803497,0.062133459,0.087055092,0.048696003,0.431128714
MRPL14,1080.90927,0.071897926,0.077313503,0.048733288,0.431159399
CSF1,5108.215757,0.046840107,0.075044982,0.048776379,0.431241369
LAPTM4B,441.8900191,0.055355147,0.083931767,0.048880969,0.431567506
ME1,791.3420258,0.057256531,0.082539101,0.048879665,0.431567506
MCM5,3176.245561,0.049252314,0.079106166,0.049014589,0.432214991
POGZ,1980.02991,-0.068300488,0.085568005,0.049089914,0.432214991
SNX8,3926.263506,0.062381413,0.088687517,0.049079692,0.432214991
WDR35,199.8279553,0.034637831,0.066520937,0.0490598,0.432214991
HNMT,4119.12109,-0.064054892,0.088245359,0.049240739,0.432944949
STK39,213.3620581,-0.042695085,0.073212076,0.049229919,0.432944949
COL22A1,382.7132139,0.055756535,0.082885188,0.049307044,0.433229153
ZSCAN30,281.3142585,-0.037090014,0.068522978,0.049409333,0.433828913
ALDH5A1,389.4587401,-0.045402692,0.075698754,0.049718611,0.433897166
CD163,16960.40211,-0.070157991,0.06622215,0.049664046,0.433897166
CD300LB,61.43171586,0.022901779,0.058680119,0.049771365,0.433897166
CEP57,973.5326555,-0.067527175,0.086521345,0.050104108,0.433897166
CMTR2,1146.233244,-0.06841896,0.082817886,0.05006772,0.433897166
ELK3,1481.998732,0.071484084,0.067398898,0.049493515,0.433897166
FEM1C,1354.58935,-0.07190588,0.084232441,0.049970337,0.433897166
GPR161,95.3945604,0.020198726,0.057285485,0.049845856,0.433897166
ICE2,728.9485697,0.043507482,0.074006718,0.049927652,0.433897166
IFITM2,471.4326333,0.042806169,0.073675029,0.049473997,0.433897166
METTL18,91.77981761,-0.03249364,0.064861766,0.04998819,0.433897166
PLIN4,203.5744939,0.043747937,0.074221413,0.050075031,0.433897166
RHOC,3769.647424,0.068441166,0.079512629,0.050123451,0.433897166
SCRIB,2255.479545,0.05121455,0.080892998,0.049834798,0.433897166
SEMA4G,51.27031597,0.019282724,0.056868812,0.050131816,0.433897166
SLC2A5,2634.751108,-0.058188887,0.087777122,0.049631905,0.433897166
SLC35A3,630.6707293,-0.05099034,0.080424648,0.050014292,0.433897166
TLCD5,60.38148133,0.020269695,0.057328208,0.049957677,0.433897166
TMC7,499.2642364,-0.054388975,0.083676839,0.049848747,0.433897166
UBQLN4,1778.07546,0.071382088,0.100888026,0.050085141,0.433897166
UCK2,967.3719276,0.053924775,0.083031997,0.049900735,0.433897166
SPRED1,9556.476183,0.070799023,0.065388525,0.050176592,0.433990071
WIPF3,360.0891138,-0.052317979,0.081709222,0.050277679,0.434275156
ZHX2,690.7951012,-0.062773854,0.085882085,0.050270723,0.434275156
ACBD5,1729.121496,-0.070741913,0.077337122,0.050409023,0.43481196
DKK2,488.0914379,-0.050175508,0.079422557,0.050438763,0.43481196
UGGT1,3199.039887,-0.070804071,0.084166672,0.050442144,0.43481196
FES,1684.9365,-0.070646474,0.084460514,0.050506007,0.435068296
ADCY8,89.44184383,0.028889033,0.062275734,0.050713458,0.436081417
ATAD1,912.0136742,-0.067814904,0.085914724,0.050881465,0.436081417
CAMP,331.8487964,-0.040904024,0.072127188,0.050792793,0.436081417
GUCA1B,33.6759026,-0.017631539,0.056143716,0.050931464,0.436081417
MEX3D,507.4451709,0.03997722,0.070867746,0.050708502,0.436081417
PHOSPHO1,386.3043821,-0.0346584,0.066484651,0.050918048,0.436081417
PTPRG,1700.866208,-0.068627062,0.082653771,0.050841663,0.436081417
ZNF470,199.0291155,-0.043696887,0.073894188,0.050801449,0.436081417
ZNF674,96.27419232,-0.031392409,0.063996771,0.050868542,0.436081417
HLA-F,1828.64793,0.071378131,0.100835796,0.051042792,0.436741316
NOL3,155.5783871,0.0406237,0.071391629,0.051197052,0.437056823
SCAF11,4455.133897,-0.067645668,0.074576665,0.051175155,0.437056823
SCO1,1554.525863,0.070495708,0.071152344,0.051211384,0.437056823
TMEM158,145.9049182,0.0269755,0.061039658,0.051216793,0.437056823
EXOSC7,1168.36836,0.070042113,0.071822684,0.051323854,0.437384907
NEK3,271.1624537,-0.036567219,0.067977634,0.051303746,0.437384907
CTBS,928.8888127,-0.059599054,0.084984127,0.051373715,0.437517359
BTK,4099.56225,-0.070024579,0.08135091,0.051432005,0.437721384
PLK1,1358.205615,-0.062896605,0.082190799,0.051515894,0.438142847
POLR3GL,996.0503174,-0.066822771,0.083177671,0.051553234,0.438168118
BCAS3,537.631941,-0.048739175,0.078105129,0.051913077,0.438609341
CENPX,608.899268,0.060369605,0.084133997,0.051760197,0.438609341
CUL5,1120.002254,0.04866613,0.078641766,0.052054133,0.438609341
DNAJA3,1518.661865,0.062845647,0.087950885,0.051914099,0.438609341
DVL3,6073.110694,0.054347916,0.079838351,0.05185318,0.438609341
DYRK2,1803.382979,0.067052183,0.088334649,0.052121198,0.438609341
IBSP,10970.84864,-0.070321756,0.078067911,0.051947402,0.438609341
ITPRIP,2106.148309,0.059618739,0.07975244,0.052047391,0.438609341
MEGF6,3611.220691,0.055543252,0.078553693,0.052059955,0.438609341
SELENOW,1875.17046,0.070167019,0.071919972,0.051755758,0.438609341
SEMA6C,41.71633569,-0.016017411,0.055495656,0.052110296,0.438609341
TAX1BP1,4980.928061,-0.066648234,0.075128306,0.051997953,0.438609341
UCHL1,1849.266633,0.053289247,0.078375616,0.051700404,0.438609341
ZNF354B,247.115023,-0.040765295,0.071361143,0.052026468,0.438609341
ZNF747,442.6797841,0.058621373,0.084247609,0.051640484,0.438609341
ARHGAP25,2049.024778,-0.070723674,0.070306626,0.052226011,0.439141614
PTPRE,4319.033095,0.053421472,0.083747095,0.05225334,0.439141614
ANKRD11,5772.708459,0.06849092,0.062214543,0.052332787,0.439280615
BIN1,2015.512943,0.069045659,0.077698208,0.052519054,0.439280615
BNIP3L,2609.656693,-0.068279453,0.080075287,0.052476989,0.439280615
HCFC1,3920.170457,0.056628487,0.083255733,0.052468294,0.439280615
MYO9A,503.4845575,-0.053224493,0.08065016,0.052579984,0.439280615
PKM,60671.17568,0.056403941,0.083027995,0.052518864,0.439280615
RAPGEF1,14264.76074,0.070786681,0.084903575,0.052434203,0.439280615
YEATS2,1873.587141,0.068694096,0.062257073,0.052568694,0.439280615
ZNF213,683.1703451,0.058972866,0.083410613,0.052340385,0.439280615
RNF111,1537.299209,-0.068283714,0.084869147,0.052645223,0.439537623
CREB3L2,3898.830797,-0.069972604,0.074648125,0.052702346,0.439683479
PRAM1,5594.581299,-0.063570379,0.085644949,0.052731668,0.439683479
ELK1,525.196689,0.041248099,0.070943434,0.052841443,0.44031082
PTPN7,1897.184149,0.069293779,0.077188379,0.052948433,0.44091416
CTSO,891.8425597,-0.071442968,0.081077822,0.05306114,0.440988572
NECTIN2,2805.363938,0.056732099,0.082931495,0.053037328,0.440988572
SEC31B,541.542735,-0.043561696,0.07360412,0.053059965,0.440988572
GJD3,611.4949684,0.05965577,0.082965585,0.053257539,0.44222962
TM2D1,618.8041307,-0.064638073,0.083021566,0.053279841,0.44222962
GNE,335.5686224,0.04426507,0.07422371,0.053385898,0.442821613
CLSPN,451.5109816,0.047070458,0.076320869,0.053475692,0.443277424
SLC5A6,1655.980246,0.056985263,0.081347287,0.05351039,0.443277424
UMPS,678.5673387,-0.061074678,0.084295679,0.053583048,0.443591089
MS4A4A,2804.994754,-0.068849619,0.063655441,0.053638734,0.443595937
PGP,1682.385587,0.056565144,0.078286836,0.053653223,0.443595937
ADAMTS4,47.28768123,-0.016176461,0.055531089,0.053790212,0.443669276
CDK16,2142.626243,0.070025651,0.096322585,0.053939625,0.443669276
DGKD,472.0603505,0.029533756,0.062609165,0.053946722,0.443669276
EPAS1,8234.298469,0.068073662,0.080579804,0.053719751,0.443669276
LOXL2,36.72756531,-0.018295791,0.056392012,0.05396728,0.443669276
METRN,120.9141131,0.031842278,0.064183781,0.053740606,0.443669276
PSMC4,3616.221527,0.067496035,0.08695859,0.053946979,0.443669276
RBBP9,346.1469551,0.050249363,0.077461201,0.053861677,0.443669276
YY1,4270.660388,-0.070535126,0.073105648,0.053975296,0.443669276
ARL6IP1,10438.68563,-0.063317615,0.047707688,0.054309882,0.443884656
C21orf91,225.9122519,-0.035479599,0.066950367,0.054115943,0.443884656
CCDC152,58.20185157,-0.017344845,0.055959106,0.054201459,0.443884656
CDK9,2759.859472,-0.070469486,0.064489294,0.054314853,0.443884656
IRAK1,10575.08007,0.065847106,0.054125066,0.054269647,0.443884656
RGS12,7388.681093,-0.066276839,0.07978456,0.054120658,0.443884656
RTEL1,654.7557019,0.052541998,0.080654536,0.054070987,0.443884656
SIK1,83.54517038,-0.029729526,0.062732765,0.05414563,0.443884656
UTP6,1647.514368,-0.066604647,0.082758288,0.05422372,0.443884656
YIPF4,2559.183076,-0.06877911,0.069134749,0.054421237,0.444469151
EIF4A2,5943.160729,-0.072836719,0.083872404,0.054466965,0.444557837
RSAD1,974.6088014,0.064536489,0.076925528,0.054568388,0.44510069
EIF4G1,15044.66514,0.056594119,0.082148942,0.054663507,0.445306745
ZNF91,355.7146289,-0.0378189,0.067981185,0.054637655,0.445306745
PGAP3,615.8678887,-0.047831652,0.076781889,0.054700439,0.445323053
CMSS1,325.413718,0.048604303,0.077185489,0.054772221,0.445601676
SUSD3,638.997115,-0.042937316,0.072869892,0.054804567,0.445601676
HHIPL1,69.10482294,-0.024447878,0.059437003,0.054936361,0.446104247
NLRP3,391.4955005,0.037232879,0.068257741,0.054904694,0.446104247
CRABP2,2227.279611,0.058832025,0.080337168,0.055011996,0.446150086
FARSB,784.3190607,0.052516541,0.073490782,0.054990747,0.446150086
NUDT13,119.2436361,-0.031578971,0.0639881,0.055078566,0.446212184
SAMM50,1753.196617,-0.068186873,0.069949974,0.055094207,0.446212184
TAB2,3749.754792,-0.06884764,0.071883784,0.055159652,0.446212184
TRIM38,2990.229275,-0.067806679,0.060642777,0.055142085,0.446212184
TCEAL9,1552.791883,-0.068649736,0.07155405,0.055298907,0.447055022
CPNE7,116.2804975,0.029345741,0.062460641,0.055338103,0.44708839
DNAJC10,3185.327285,0.040239355,0.071091461,0.055414788,0.447424404
B4GALT2,562.7865733,0.041684543,0.07161413,0.055527607,0.447768162
EIF5A2,151.4384076,0.019126563,0.05674539,0.055521649,0.447768162
B3GALT6,1051.44063,0.051147165,0.079197527,0.055576988,0.447883072
RIN3,3968.498639,0.05215188,0.079787994,0.055659317,0.448263194
ANKRD23,57.63856635,0.023111355,0.058684582,0.055822821,0.449296173
NEURL3,49.3289513,0.018518507,0.056476851,0.055919754,0.449792392
CAPRIN2,491.6139692,-0.052075376,0.079246002,0.056116909,0.44992422
LSM7,840.2361768,0.064444992,0.086176021,0.056161731,0.44992422
MEST,60.60808785,-0.016044775,0.055466757,0.056006775,0.44992422
MFN1,743.1605064,-0.058571362,0.082118848,0.056255215,0.44992422
NFATC2,627.6393036,-0.046243007,0.075433033,0.05626422,0.44992422
NPC2,15439.80424,-0.067464369,0.061774764,0.056289053,0.44992422
PDE6B,227.8939621,-0.039366927,0.069833481,0.056142982,0.44992422
PTPRC,7171.690174,-0.067033657,0.081363588,0.056257683,0.44992422
SH3BGRL3,22628.46156,0.062713826,0.094109025,0.056093925,0.44992422
TRIT1,369.9216482,0.058540945,0.082725363,0.056049629,0.44992422
NINL,1052.289197,-0.06791269,0.070948006,0.056360235,0.449948005
ZNF616,432.4122304,-0.046115031,0.072831306,0.056362614,0.449948005
SLC11A2,3521.127116,-0.065670176,0.056581606,0.056475817,0.450569585
ANP32B,5637.03911,-0.0685126,0.07574747,0.056646741,0.451368317
HDGFL3,1236.847366,-0.058381298,0.083024163,0.056614204,0.451368317
ZNF283,162.7772943,0.036495663,0.06753656,0.056732843,0.451772028
USP34,3411.59644,-0.061162464,0.078410973,0.056920313,0.45298194
ADGRE5,4614.811716,0.06502795,0.08642292,0.057133408,0.454110863
PNMA1,2525.037942,0.067122267,0.063134088,0.057128012,0.454110863
SERPINB6,3713.266318,-0.067716673,0.066528469,0.057194429,0.45424453
SMPD2,935.2291562,0.062318384,0.076981832,0.057221485,0.45424453
FBLIM1,111.4726325,-0.027699946,0.061266804,0.057266104,0.454315841
ZNF707,439.5833706,0.056093667,0.081113009,0.05734181,0.454633544
TCOF1,1850.05772,-0.062254981,0.082372195,0.05739968,0.454809519
CCDC134,374.82397,0.031967165,0.064060891,0.057501543,0.45501208
KLHDC2,787.0705382,-0.064419787,0.079907458,0.057503228,0.45501208
TMEM165,3669.297489,0.065580057,0.061555663,0.057532314,0.45501208
ACRBP,115.4145865,-0.027444809,0.061177458,0.058109957,0.455293336
ALG9,689.2556833,-0.057052078,0.081190951,0.057979468,0.455293336
ATP11A,4680.647515,0.051882168,0.078655375,0.058173309,0.455293336
BBOF1,51.86705001,0.017482586,0.056025572,0.057741662,0.455293336
C6orf132,66.03850682,0.018076849,0.056263436,0.057804063,0.455293336
CDK2AP1,1216.809623,0.061443673,0.081644411,0.058042319,0.455293336
DIAPH3,222.179106,-0.041693196,0.07134162,0.057691075,0.455293336
IRAG2,421.8773372,-0.047131875,0.075903867,0.057907085,0.455293336
KLHDC1,120.5502107,-0.028429257,0.061750459,0.058069478,0.455293336
MCCC2,1901.421235,0.066919428,0.072211711,0.05771602,0.455293336
MXI1,494.8225393,-0.051016458,0.078717398,0.057975587,0.455293336
NPIPA1,1771.082422,-0.064586676,0.079563995,0.057745133,0.455293336
OSBPL1A,2288.660637,-0.067977857,0.064966366,0.058174982,0.455293336
RNF141,817.0588123,-0.058343572,0.080603915,0.057965583,0.455293336
S100A1,197.3817246,-0.03713464,0.067973382,0.058153394,0.455293336
UTRN,2639.285416,-0.063271131,0.081204165,0.057826631,0.455293336
ZNF462,555.5920183,0.047975693,0.076787546,0.057877381,0.455293336
GDF11,64.928812,0.019190856,0.056712367,0.058252419,0.455340341
PDCL,834.1136476,-0.061493561,0.082088895,0.058249852,0.455340341
CCDC127,747.1575092,-0.038260181,0.067900967,0.058315197,0.455504407
RPL36AP37,1084.328929,-0.053481122,0.079610199,0.058344866,0.455504407
CALHM2,1600.421029,0.062911473,0.080440202,0.058480147,0.45623483
CHD1,1387.487025,-0.057618972,0.081184179,0.058581568,0.45623483
MADCAM1,49.44340045,0.019437976,0.056852801,0.058526972,0.45623483
TBX19,166.3992042,-0.033196976,0.065028134,0.058556299,0.45623483
LRRC8E,94.08430387,0.022223933,0.058183416,0.058647855,0.456472227
GNA11,1347.589484,0.069381247,0.082472668,0.058767025,0.456736191
NSMCE2,572.9918752,-0.058003875,0.080716806,0.058728252,0.456736191
PKD1,1651.469539,0.044699865,0.074972452,0.058789245,0.456736191
COQ3,56.28066144,0.021083803,0.05761924,0.058837077,0.45682941
MBIP,417.7533881,-0.047213424,0.074584835,0.058877802,0.456867373
UBL7,911.6688374,-0.063931734,0.076704737,0.058931008,0.457002085
BRD10,838.9186976,-0.060508995,0.081046442,0.059204943,0.457034268
EBI3,60.88061422,0.019250728,0.056767556,0.059045134,0.457034268
IARS1,4962.750708,0.061148196,0.079488458,0.059137077,0.457034268
LCNL1,63.59021075,-0.023203646,0.058686604,0.059221572,0.457034268
RRP8,465.1658767,0.049733549,0.077388612,0.059147108,0.457034268
SLC38A9,1262.759359,0.066439126,0.07491448,0.059221948,0.457034268
TONSL,487.8419643,0.048461582,0.07660918,0.059179655,0.457034268
TUBB6,3296.178661,0.068513553,0.091215787,0.059184993,0.457034268
CSF3R,1033.473955,-0.053785796,0.079256255,0.059448562,0.458505578
CES3,84.79397925,-0.023025061,0.058580383,0.059933808,0.459949467
HSF4,169.0656737,-0.034030528,0.065547593,0.059960469,0.459949467
LIMD2,2906.11928,0.063118045,0.08290761,0.05990719,0.459949467
MCOLN2,195.1253068,0.030088829,0.062745236,0.059921569,0.459949467
PALD1,1891.313172,-0.063429882,0.081922268,0.059947806,0.459949467
SLC27A5,173.8524096,0.031439581,0.063692111,0.059838661,0.459949467
TRABD2A,64.1921662,-0.023141578,0.058636428,0.05988405,0.459949467
TTC17,1642.607784,-0.060054249,0.080605341,0.059832489,0.459949467
ZC3H7A,1620.166898,-0.060958626,0.079504247,0.059800208,0.459949467
BMAL2,621.3071801,0.04002981,0.070096559,0.060048859,0.460073861
PLA2G15,6158.393547,-0.063656451,0.07108109,0.060032867,0.460073861
NMRK2,39.16820501,-0.017781814,0.056125863,0.06009038,0.460115465
DR1,2080.910834,0.059912022,0.073905068,0.060260374,0.460863535
LMO2,2228.686314,-0.065888858,0.060523492,0.060230853,0.460863535
ICA1L,69.38355927,-0.017622531,0.056059811,0.060301257,0.460899717
PHC2,3507.57566,0.067723284,0.065915507,0.060397052,0.461355312
DAB2,14717.04874,-0.066370043,0.064279485,0.060478645,0.46142564
TOR3A,2885.859797,0.064669916,0.058475592,0.060442841,0.46142564
MFHAS1,3134.495544,0.066251897,0.079808862,0.06053621,0.461432833
TMEM86A,3489.260253,-0.065858481,0.085211397,0.060551975,0.461432833
HADHB,5204.628493,-0.065907006,0.066327234,0.060590738,0.4614524
CENPBD2P,118.112311,-0.03005566,0.062810297,0.060641963,0.4615668
GPATCH11,532.8495819,-0.043664502,0.07316467,0.060730129,0.461962064
RNF44,3889.997393,0.063149699,0.079450624,0.060997631,0.463648971
THAP9,77.83837809,-0.024823949,0.059524498,0.061024627,0.463648971
CLIP4,3259.573857,-0.061338499,0.080138088,0.061252692,0.463999151
DTD2,222.6605389,0.038422704,0.068635255,0.06123939,0.463999151
PCGF1,472.2779311,-0.056208193,0.080229405,0.061194763,0.463999151
RNF24,533.6932796,0.052384924,0.078698929,0.061247894,0.463999151
ZNF511,506.3057779,0.04997062,0.076361683,0.061121035,0.463999151
ATP8A1,275.6504068,-0.034867376,0.065892177,0.061320243,0.464055267
FTSJ1,530.3251586,0.045555215,0.074164251,0.061332899,0.464055267
MAMLD1,257.7746687,0.036279247,0.067134482,0.061389377,0.464207096
ANKRD12,2508.875576,-0.06173932,0.076405072,0.061511239,0.464852864
MSRB1,759.531025,-0.06242707,0.077171195,0.061604124,0.465090932
ZBTB45,654.5174874,0.050572111,0.077128184,0.061615702,0.465090932
EDEM1,2821.566005,0.065440514,0.072876909,0.061690995,0.465371242
HIF1AN,2469.934862,-0.055884146,0.076559179,0.061725843,0.465371242
FAM86B3P,110.6769097,0.029136465,0.062138984,0.061840364,0.465756625
SEMA3C,1327.34949,0.041809449,0.07115102,0.061850025,0.465756625
FGD4,1263.020229,-0.046596893,0.074033517,0.061957541,0.466015747
WHAMMP1,104.852262,-0.028955576,0.061996887,0.061955569,0.466015747
CAT,4975.297926,-0.067230775,0.061429159,0.062410595,0.466851013
CLPP,1398.682149,0.065119066,0.086223637,0.062617871,0.466851013
CSAD,485.811173,-0.04944864,0.075806555,0.062528235,0.466851013
DALRD3,738.3673111,0.04095152,0.070623499,0.062591447,0.466851013
FMN1,634.5483946,-0.04256526,0.072080069,0.062173964,0.466851013
NAV1,2947.115141,0.066301607,0.083875548,0.062549505,0.466851013
NOP16,356.8189394,0.049527891,0.075641022,0.062260381,0.466851013
RAPGEF6,607.7794704,-0.048393139,0.076056697,0.062444512,0.466851013
RAVER1,1628.827305,0.048261165,0.073955233,0.062514041,0.466851013
RHOA,16572.82509,-0.073612956,0.062125492,0.062468817,0.466851013
SETD6,351.292445,0.045202649,0.073575056,0.062355392,0.466851013
SLC2A3,761.1880503,0.032947504,0.064853083,0.062315223,0.466851013
TMEM71,58.23225945,-0.015678869,0.055293386,0.062363533,0.466851013
ZBTB7A,4569.558896,0.066584675,0.082995484,0.062446651,0.466851013
ZMYND19,587.1060603,0.054853841,0.082033611,0.062301364,0.466851013
FHIT,136.253716,-0.036183841,0.066900725,0.062698498,0.467178931
REXO5,126.9309563,-0.02877104,0.06184191,0.062741031,0.467222783
CRAMP1,1205.735971,0.046372955,0.074085753,0.062826172,0.467410741
HADHA,9126.43335,-0.062914681,0.054423586,0.062839596,0.467410741
RAB34,1240.071623,0.06228104,0.077285735,0.062940087,0.467612572
ZNF66,163.0350742,-0.035843493,0.066630652,0.062929802,0.467612572
CXCR4,1660.306616,-0.058506202,0.075776825,0.063087379,0.467909301
HMBOX1,574.6996155,-0.057768299,0.078397221,0.063065212,0.467909301
NAA80,202.704918,0.03544723,0.066621897,0.063123423,0.467909301
POU2F2,2458.048036,0.058944866,0.079441818,0.063126833,0.467909301
PCDHA10,76.28539302,-0.020645283,0.057358373,0.063211862,0.467995368
XBP1,1581.380206,0.055552721,0.068308676,0.063208695,0.467995368
BMP1,1240.009664,0.050665578,0.07399563,0.063469839,0.468104838
CTU2,333.6675135,0.047368206,0.0748975,0.063463124,0.468104838
DLAT,1590.98872,0.055701874,0.074668855,0.063320168,0.468104838
EAF1,1147.603029,0.064248432,0.068734208,0.063565854,0.468104838
KEAP1,2341.902743,0.064760764,0.069506801,0.063423349,0.468104838
MT-ATP8,25454.38885,-0.061634599,0.066247914,0.063449573,0.468104838
NSRP1,1623.737367,-0.06044248,0.076509344,0.063539225,0.468104838
TMEM185B,1320.19248,0.067512697,0.072981283,0.0635348,0.468104838
YIF1A,1619.221774,0.062678897,0.077483364,0.063318616,0.468104838
ZDHHC24,1085.78723,0.041015955,0.070887311,0.063593818,0.468104838
CCL4,83.78292953,0.019500011,0.05683025,0.063728575,0.468507461
PALLD,4199.221815,-0.064014851,0.064493674,0.063794901,0.468507461
POPDC3,162.1740785,0.038555519,0.068564167,0.063826909,0.468507461
TIAL1,2255.397235,-0.064766129,0.068949037,0.063832258,0.468507461
ZBTB33,1454.770168,-0.056188761,0.077659728,0.063802775,0.468507461
DENND11,3234.109004,0.06390252,0.058388563,0.064019283,0.468535149
DHX38,2818.277591,-0.064114288,0.060213947,0.064095003,0.468535149
FANCI,758.1482007,0.044960306,0.073300165,0.064086325,0.468535149
FBXO33,756.7586053,-0.054543944,0.078643585,0.064232634,0.468535149
MARCKS,5034.085158,-0.061985314,0.072832294,0.064063449,0.468535149
PEDS1-UBE2V1,542.2510702,0.015924048,0.055383625,0.06409672,0.468535149
PPARG,2674.092724,-0.063740355,0.058491155,0.064197574,0.468535149
SGTA,2609.035589,0.055250003,0.07317285,0.064240289,0.468535149
SIRPB2,685.948169,0.06140716,0.076043375,0.064140778,0.468535149
SLC1A2,150.4812691,0.033954907,0.065250472,0.063994314,0.468535149
VPS11,2095.097816,-0.059142789,0.077047786,0.064162659,0.468535149
CLDN1,633.017701,0.011903708,0.054111178,0.064369876,0.468821128
EPHB3,177.1646859,-0.021373414,0.057690424,0.064457178,0.468821128
RIOK3,2087.045007,-0.060566626,0.076245443,0.064395045,0.468821128
SDCBP,15667.26079,-0.069361952,0.070185594,0.064463365,0.468821128
SYNJ2,474.5509527,0.032952694,0.064365208,0.064458029,0.468821128
ANKRD13A,1799.878241,-0.064620163,0.066867745,0.064589033,0.468916202
ERCC5,2235.49984,-0.063891095,0.06140783,0.064648488,0.468916202
ERVK3-1,1285.785421,0.06156318,0.073163012,0.064660341,0.468916202
MMP7,5657.407641,0.05514354,0.078518277,0.064647721,0.468916202
MTMR7,45.63094581,0.014197704,0.05478539,0.064655292,0.468916202
BBC3,559.9021472,0.059775105,0.076705309,0.065039075,0.469260424
CIPC,1502.852489,-0.059899647,0.076420209,0.06493647,0.469260424
GTF3C3,1016.084457,-0.048427194,0.076081537,0.064860654,0.469260424
GUCY1A1,90.40382718,-0.024389215,0.059212033,0.064836636,0.469260424
RIMKLB,626.3892487,-0.044419872,0.07269127,0.064772028,0.469260424
SH3RF3,737.4220869,0.051136613,0.07647308,0.064968011,0.469260424
TMEM201,439.0190719,0.049317296,0.077555414,0.0650337,0.469260424
TWSG1,2075.394636,-0.063493895,0.066695379,0.064887425,0.469260424
TXN,2448.1431,0.052260156,0.078119007,0.064908253,0.469260424
DCTN4,1565.599798,-0.053168471,0.077207462,0.065160482,0.46960485
EPDR1,189.2244512,0.038021609,0.068194495,0.065151489,0.46960485
COPE,3612.10457,0.059758878,0.069776572,0.065315336,0.469658891
FHOD1,2765.638875,0.052300951,0.077452109,0.065257301,0.469658891
NEK2,249.2561808,-0.039053748,0.068870969,0.065302718,0.469658891
SGPP1,3690.636559,-0.061700881,0.052495291,0.065282378,0.469658891
IPO9,2243.064809,0.061564666,0.068698068,0.065480231,0.470049246
RAP1A,5746.555353,-0.062756414,0.075742281,0.065408457,0.470049246
SMC5,744.3440882,-0.050760256,0.077100757,0.065444104,0.470049246
CDK4,2430.091608,0.062644468,0.075547852,0.065615507,0.470490491
MRPS16,1764.029249,0.056924391,0.063077794,0.065591769,0.470490491
CTSS,35843.87525,-0.06929513,0.070970154,0.065676569,0.470663619
KLF2,33.44583835,-0.01351476,0.054548626,0.065815928,0.471397339
CCNL1,3068.227773,-0.057708906,0.082079364,0.065954285,0.471858127
PPIP5K2,2111.954777,-0.048184436,0.072110244,0.065922573,0.471858127
OSBPL11,3628.994673,-0.062946681,0.06452712,0.06599575,0.471889974
MAST4,80.94581662,-0.019548585,0.05681415,0.066137441,0.472574203
RFTN1,1048.374198,0.062158119,0.075230466,0.066165578,0.472574203
ADORA2B,240.6699884,0.034142406,0.065244539,0.066208529,0.472616198
LRRC56,48.14266954,0.015316406,0.055158299,0.066344134,0.4727597
MRC2,5856.531467,-0.046828376,0.075839662,0.066401152,0.4727597
RHOBTB1,1713.879502,-0.046377728,0.074003916,0.066333129,0.4727597
SLC25A43,489.287099,0.044457389,0.072404987,0.06630074,0.4727597
ZFYVE21,987.9099906,-0.061200724,0.065609937,0.066414042,0.4727597
TMEM230,484.0379857,0.039884786,0.069295589,0.066498307,0.47309538
PUS7,176.0202694,0.03519876,0.066000827,0.066558852,0.473262023
PLAGL2,1237.764881,0.0627479,0.071907489,0.066684997,0.473644915
RTL5,926.2793591,-0.057923032,0.077943086,0.066687005,0.473644915
CDC14B,432.5098813,-0.053364879,0.076853947,0.066928911,0.475098375
ZNF592,3479.709726,0.060565056,0.071738076,0.066968237,0.475112997
ANGPTL4,602.5131105,0.03623367,0.066629647,0.067437565,0.475192088
B3GNT5,3828.333844,-0.061647275,0.076830877,0.067423287,0.475192088
DSC2,2690.602892,-0.062549891,0.063232243,0.067153887,0.475192088
FADD,1050.315615,0.061392185,0.072901101,0.067388339,0.475192088
GON7,525.4908292,-0.055319157,0.076670072,0.067051492,0.475192088
GRWD1,1069.220725,0.044103179,0.071775627,0.067191352,0.475192088
MARCHF6,3714.05151,-0.062348703,0.056935845,0.067335712,0.475192088
MGST1,352.4729033,0.045228713,0.072008976,0.067304477,0.475192088
OR8A1,97.70115475,-0.016491615,0.055570251,0.067311864,0.475192088
PAICS,1202.750523,0.039202552,0.068764709,0.067463933,0.475192088
PFDN5,4212.65948,-0.054857967,0.076958623,0.067180556,0.475192088
TAL1,1306.87408,-0.059373897,0.074931123,0.067401614,0.475192088
ZNF35,203.7636261,0.040067565,0.069206991,0.067330899,0.475192088
FEN1,759.6642886,0.052699194,0.076444895,0.067511549,0.475248554
INIP,956.0090678,0.048805926,0.075194648,0.067621059,0.475248554
TEX261,2227.077747,0.061255216,0.07381722,0.067605198,0.475248554
USP4,2194.227462,-0.061660454,0.071688311,0.06756196,0.475248554
S100A9,1396.5648,-0.042215016,0.068237013,0.067870495,0.476738807
ADAMTS14,48.91458788,0.017187306,0.055831401,0.067978566,0.476739786
CKS2,622.7878186,-0.056913269,0.074949794,0.068004244,0.476739786
MAPK13,4922.009533,0.058702517,0.069608318,0.068027626,0.476739786
NAV3,49.78192398,-0.018719953,0.056445165,0.068057605,0.476739786
WDR18,812.5373688,0.044498981,0.072126479,0.068027859,0.476739786
TNIP2,1282.262503,0.063531051,0.067629973,0.068170778,0.477270317
ARFGAP3,1142.918626,-0.061456329,0.07103583,0.068237213,0.477473231
FAM227A,54.23792335,0.016439535,0.055543182,0.068523499,0.478574079
PLPP1,295.7757309,-0.044738929,0.072310481,0.068480162,0.478574079
SLC25A12,342.611645,0.044356762,0.072050663,0.068475358,0.478574079
SLC39A13,2896.409885,0.054491583,0.07504168,0.068544691,0.478574079
NUP210,2788.810961,0.065239196,0.0680231,0.068646547,0.479018584
PCNA,1721.1866,0.059845244,0.07441224,0.068719561,0.479018584
TEF,555.1889213,-0.043478644,0.07175068,0.068721075,0.479018584
FHL3,1228.030074,0.051217019,0.073506353,0.06885063,0.479420801
GPR89B,236.8476303,-0.035488166,0.066001969,0.068872346,0.479420801
IRS1,41.1059797,-0.014055339,0.054712655,0.068891592,0.479420801
CCDC39,155.8604158,-0.029139476,0.06192916,0.069012479,0.480000051
PARVG,4724.663819,-0.063183817,0.065351776,0.06907508,0.480173499
UNC119B,657.1758772,0.060865006,0.074911671,0.069188702,0.480701232
AHR,2605.433256,0.054231879,0.075347244,0.069395694,0.481876746
ZDHHC18,1600.392492,0.054994849,0.070663402,0.069438133,0.481908958
SERPINB1,2362.64579,-0.066290325,0.073442546,0.069751385,0.48381959
DTNB,807.8935832,-0.05344763,0.075202305,0.069833872,0.483822578
MEIS3P1,105.7677461,0.026273735,0.060143035,0.069830983,0.483822578
SNX29,1566.330035,-0.046471928,0.071606338,0.069865665,0.483822578
DENND4C,5184.429152,-0.058753827,0.075884683,0.069905112,0.483832936
TRAPPC12,2343.32175,0.062529697,0.062777887,0.069945177,0.483847566
LGALS3,8688.57557,-0.052751999,0.074377762,0.070020659,0.484107037
GFER,766.2771156,0.051018563,0.074437898,0.070253151,0.485451176
TMEM109,2717.056085,0.048543628,0.070052891,0.070299583,0.485508874
FXN,292.4505859,0.033045389,0.064229183,0.0704672,0.485833328
HUWE1,9310.912695,0.0558487,0.05272933,0.070498993,0.485833328
PAXIP1,405.4611647,0.048939385,0.072919415,0.070448335,0.485833328
YWHAB,7854.636868,-0.061807552,0.056139187,0.070441374,0.485833328
COL26A1,108.0080977,0.02065237,0.057258574,0.070643302,0.486480497
LRRC25,2708.601476,0.059022159,0.073571503,0.070707378,0.486480497
SIGLEC9,1698.547619,0.061186549,0.060507212,0.070697373,0.486480497
HCFC1R1,1440.483398,0.044009815,0.07145633,0.070771115,0.486656392
TJP1,671.2816993,0.059288803,0.076331315,0.070995472,0.487906803
TUBE1,265.4719977,0.042519727,0.070436273,0.071029495,0.487906803
PIGB,271.8235481,-0.038749327,0.067900512,0.071163312,0.48856277
IDH3A,1504.653312,0.054873332,0.07451574,0.071227817,0.488742434
RASSF1,1708.534189,0.058621067,0.057621785,0.071350523,0.489321042
PDE8A,2777.771268,-0.060618629,0.068556124,0.071520014,0.489437576
PELO,461.3138157,0.049070956,0.07273601,0.071500104,0.489437576
USP53,636.3822897,-0.059546731,0.082002632,0.071446092,0.489437576
ZNF2,185.1761809,0.036103395,0.066269848,0.071521077,0.489437576
ARF1,12598.78833,0.057409993,0.0729515,0.071992702,0.489970455
ARHGAP32,944.5269255,0.035518673,0.065958955,0.072675044,0.489970455
ASLP1,44.43208598,-0.019459262,0.056719917,0.072213524,0.489970455
CARD10,38.86657143,-0.011654849,0.054004585,0.072561409,0.489970455
CLHC1,270.3495314,-0.024225351,0.059030863,0.071820141,0.489970455
COA5,666.387036,-0.054014894,0.072753663,0.071968612,0.489970455
GDPD1,78.77166009,0.021007541,0.057384923,0.07251498,0.489970455
GEMIN4,570.3721614,0.05048281,0.0739806,0.071852466,0.489970455
ICMT,2392.945432,0.058100159,0.070298673,0.072291288,0.489970455
MFSD4B,645.2350091,-0.048588931,0.074807734,0.072398579,0.489970455
MIF,3553.611903,0.056924629,0.074717819,0.072202066,0.489970455
MS4A7,13265.90999,-0.05900507,0.051675203,0.072426233,0.489970455
MT1X,169.0293687,0.031381717,0.063218186,0.072567544,0.489970455
OLFML2B,1816.812154,0.04388821,0.071562937,0.071815906,0.489970455
PHKA2,628.2997059,-0.041143513,0.069721601,0.072596644,0.489970455
POGLUT3,472.2226569,0.04170784,0.069731885,0.072646909,0.489970455
POMK,612.059952,-0.03390632,0.064763122,0.072610907,0.489970455
QPCTL,419.1221531,0.045608983,0.071923185,0.071772426,0.489970455
SHMT2,6528.334597,0.060122411,0.060353416,0.07179003,0.489970455
SLC2A8,872.6188372,0.052221273,0.074828071,0.07226787,0.489970455
SNX6,3317.931321,-0.052826445,0.073929635,0.072555558,0.489970455
SRCAP,3493.13449,0.051092899,0.074115025,0.072635975,0.489970455
STK38,1387.565715,-0.059077932,0.072294636,0.072250166,0.489970455
SVBP,435.1447094,-0.051261708,0.074961824,0.072276319,0.489970455
TGFBR1,7112.616263,-0.050893995,0.072767287,0.072591643,0.489970455
TIMM13,2092.415678,0.055272112,0.074667815,0.071820559,0.489970455
TNS1,1842.007428,0.043387645,0.07264171,0.072528504,0.489970455
TPTEP2-CSNK1E,91.27672586,-0.020418819,0.057136239,0.072635942,0.489970455
PRCP,2846.875566,-0.058662673,0.0688495,0.072737358,0.490131385
C17orf49,825.4946531,0.061634194,0.079897394,0.073093203,0.490713662
NAA10,1384.349388,0.056026737,0.072326539,0.072914815,0.490713662
NRIP3,1346.492935,0.049602877,0.077157681,0.073066668,0.490713662
PIK3R2,2659.814994,0.053423871,0.074051802,0.073059066,0.490713662
SLC35A4,2241.094801,0.049187029,0.071489061,0.072951791,0.490713662
SOAT1,7298.621832,-0.060694771,0.072206605,0.072877653,0.490713662
XPO5,1363.352274,0.053210218,0.068991384,0.072983675,0.490713662
NOL4L,1783.995814,0.054127482,0.072273983,0.073300159,0.491407296
PLXNB2,17218.88079,0.055832407,0.077932367,0.073312156,0.491407296
RGS2,173.5353045,-0.031306671,0.063102706,0.07330062,0.491407296
FBXL18,712.5840591,0.03845092,0.067587569,0.073382743,0.491621958
GSDME,3191.058087,-0.061683949,0.060964277,0.073499199,0.492030933
PDGFC,1494.116791,-0.058437091,0.070266718,0.073520976,0.492030933
DHCR7,937.929417,0.037505777,0.067408088,0.073598478,0.492033033
FASTKD1,747.4286644,-0.05137474,0.074559877,0.073594794,0.492033033
SLC49A3,1609.956429,0.050047457,0.073863183,0.073656147,0.49216049
CDYL2,108.8427607,0.020591199,0.057198834,0.073702942,0.492215194
BCL9,170.7033815,0.027803474,0.060899453,0.073770535,0.492408664
ARRB1,8730.068827,0.057928166,0.081355945,0.073887793,0.492736476
ATG4A,690.6911898,-0.065014522,0.085629737,0.074044625,0.492736476
CCDC122,153.9815188,-0.02757327,0.060770355,0.074434639,0.492736476
CKAP2,1144.393747,-0.052564011,0.074378555,0.074438031,0.492736476
DYNC1I2,2646.252028,-0.05899921,0.069239767,0.074115198,0.492736476
LRRC47,1620.042398,-0.059567436,0.069285722,0.074271576,0.492736476
PAGR1,1088.385577,0.059846661,0.067001044,0.074420748,0.492736476
PSME3IP1,1966.34641,-0.059329373,0.067834991,0.074203368,0.492736476
RIPK2,1191.244089,0.051619983,0.073309212,0.07395942,0.492736476
SBF1,4282.857143,0.041825338,0.069609233,0.074378075,0.492736476
SLF1,139.3978096,-0.026134408,0.059957204,0.074378622,0.492736476
SOS2,1512.14816,-0.054739028,0.073059199,0.074244346,0.492736476
STIMATE,1568.855849,0.048370292,0.073522977,0.074260118,0.492736476
STK17A,471.4979545,0.053407695,0.074798777,0.073933437,0.492736476
UBALD1,1796.656638,0.038689707,0.067749218,0.074019821,0.492736476
USF3,847.7893348,-0.049933384,0.074327856,0.074278878,0.492736476
CHPF,1597.514143,0.042785258,0.070275846,0.074868352,0.493173167
GALNT6,1974.29895,0.050317148,0.06666207,0.074822738,0.493173167
KIF21B,944.2258331,0.055797145,0.07425037,0.07462444,0.493173167
MCF2L,133.4375095,-0.022799486,0.058216363,0.074677531,0.493173167
MS4A4E,207.9264153,0.039982154,0.068528486,0.074775472,0.493173167
NADSYN1,2247.908565,-0.060030557,0.060753068,0.074929518,0.493173167
NNMT,38.69028995,-0.011732643,0.054015692,0.074764772,0.493173167
PECAM1,10190.62923,-0.060362659,0.071857703,0.074928549,0.493173167
SPPL2A,2916.011923,0.057818624,0.069927255,0.074732692,0.493173167
SREK1,2345.9048,-0.059465311,0.070651487,0.074804766,0.493173167
ST20-MTHFS,275.6577424,-0.042056266,0.069843544,0.074566297,0.493173167
CKAP4,1423.012352,0.054924619,0.072823702,0.075087517,0.493703331
NFE2L1,11966.50953,0.054869146,0.073114145,0.075079495,0.493703331
TUBD1,133.2868178,-0.028388146,0.061194287,0.075172991,0.494010547
ZBED1,1393.79621,0.053430004,0.073292435,0.075234836,0.494162251
GPATCH4,977.9325563,0.048007275,0.071317127,0.075278604,0.494195117
SLC46A3,735.3898786,-0.043075434,0.068687663,0.075366746,0.49451912
NDUFAF8,413.7659176,0.044326367,0.070865983,0.075467116,0.494800622
TMEM176A,2026.981142,0.055982048,0.07370482,0.07548727,0.494800622
ACAP3,1638.770694,0.051432901,0.073767351,0.075744975,0.495979808
SRPRB,1131.347807,0.045065859,0.069413365,0.075731796,0.495979808
ALKBH4,299.131154,0.042286298,0.069761909,0.076363572,0.4959816
CCDC126,175.8790575,-0.030141122,0.062280176,0.076220845,0.4959816
CLEC2B,368.4532684,-0.042449989,0.069877298,0.0763335,0.4959816
CSRNP2,869.987542,0.049988585,0.072599488,0.076417786,0.4959816
DDHD2,941.2663296,0.047840926,0.073132784,0.076445513,0.4959816
DHRSX,971.3436109,0.050893613,0.073132832,0.075975792,0.4959816
KLHL18,1303.369443,0.062544688,0.080056357,0.07606693,0.4959816
LETMD1,1298.473591,-0.059130603,0.067224888,0.075884363,0.4959816
MFSD3,581.1469538,0.044431453,0.071007044,0.076196479,0.4959816
PCK2,8805.414559,0.058181544,0.055445476,0.076404388,0.4959816
PLD4,2323.580459,-0.047085529,0.072463477,0.076219345,0.4959816
RIN2,2244.36112,-0.059618056,0.060514064,0.076227309,0.4959816
RPL7L1,2853.184842,0.06346293,0.080039531,0.076264353,0.4959816
SEC22B,3248.743821,-0.059610898,0.067378461,0.076395675,0.4959816
SNRPB,3506.413617,0.060022272,0.065116458,0.076277125,0.4959816
TMEM87A,1428.933348,-0.057273132,0.071722528,0.076129661,0.4959816
USP47,1868.712488,-0.059177655,0.063160349,0.076397004,0.4959816
YKT6,4254.157946,0.059586317,0.058635696,0.076434901,0.4959816
DBN1,157.2015408,0.026358028,0.060040812,0.076623297,0.496882204
FOXK2,2603.008824,0.05872091,0.066594835,0.076701726,0.497137931
SEC13,2628.231478,0.057584648,0.067672927,0.076755287,0.497232291
CA2,2071.801083,-0.056479549,0.066076242,0.077063828,0.497461643
CD6,169.9250973,-0.02545515,0.059541945,0.077058912,0.497461643
CEP41,247.3364998,-0.031150917,0.062828818,0.076919397,0.497461643
COLEC12,3808.469051,-0.057710626,0.050659233,0.07706275,0.497461643
CREG2,57.97528337,0.018694681,0.056362088,0.076982846,0.497461643
DAGLA,1908.445153,0.039787324,0.065082188,0.076929059,0.497461643
WASH5P,60.34901806,0.017889663,0.056036236,0.076989678,0.497461643
ABCG1,5661.363631,-0.059101521,0.06296092,0.077206026,0.498127341
CLUAP1,305.8513025,-0.039882446,0.068175386,0.077339752,0.498462803
PPRC1,1513.707952,0.052746574,0.074069045,0.077318837,0.498462803
THOC5,1282.036098,0.062497336,0.079149934,0.077375315,0.498462803
DTX2,1861.4969,0.063307712,0.069753564,0.077610573,0.49957201
UNK,1718.431152,0.046730858,0.069615633,0.077625865,0.49957201
TFDP2,659.5651644,0.03408868,0.06438133,0.07769387,0.49970939
USP10,1996.482959,0.062007125,0.065719544,0.077725604,0.49970939
B4GALT5,4150.431892,0.055745089,0.066762468,0.077800025,0.499935744
ACYP2,465.4942441,-0.053854648,0.075502727,0.07785688,0.500049047
TUBA1B,13226.79465,0.04973527,0.070527128,0.078126681,0.501529233
AKR1B15,80.45823184,-0.026123924,0.059865879,0.078320712,0.501890757
CHERP,1734.971228,0.049344718,0.072658864,0.078518625,0.501890757
GEN1,532.8309305,-0.029253739,0.061621494,0.07868282,0.501890757
HTRA4,1234.623595,-0.049071499,0.072323512,0.078690386,0.501890757
MRO,57.24960836,0.013666842,0.054549639,0.078610413,0.501890757
PCDH12,32.23158924,0.010881897,0.053790548,0.078394489,0.501890757
PLEKHF2,785.8843649,-0.058629739,0.067243959,0.0783973,0.501890757
PSEN1,4988.008403,-0.057659346,0.051863888,0.078668352,0.501890757
RHBDD3,679.1826721,0.051614656,0.072631031,0.07871939,0.501890757
RSU1,2475.213307,0.058830643,0.063553254,0.078292148,0.501890757
SF3A2,1965.464678,0.045025338,0.070816384,0.078391602,0.501890757
TRMT10A,120.7726927,-0.023426301,0.058467026,0.07851329,0.501890757
UACA,581.9907738,-0.047714539,0.075805482,0.078734137,0.501890757
ZNF366,494.5420162,0.036381866,0.065540917,0.078491634,0.501890757
TOPORS,758.3079066,-0.05369094,0.068907488,0.078976462,0.502932523
ZNF836,205.4655547,-0.033628642,0.064244997,0.078965122,0.502932523
UBL4A,1214.612175,0.055602553,0.070729909,0.079276007,0.504588023
CCDC71L,1117.800213,0.058319168,0.06594408,0.079419366,0.505248249
CEBPD,542.0704114,0.036737961,0.065145013,0.079599954,0.505892233
WIZ,1405.188756,0.037889556,0.066465836,0.079562238,0.505892233
LIMK1,10149.68967,0.036585645,0.061180805,0.079688457,0.506202363
SUCLG2,1713.004188,-0.05673579,0.068348572,0.079737072,0.506258928
ACLY,4662.389616,0.058921564,0.078321364,0.079892707,0.506557219
CARS1,2272.449265,0.05618182,0.066164382,0.079903253,0.506557219
GCH1,200.3401106,0.025400285,0.059461987,0.079828753,0.506557219
ZC3H7B,3577.513436,0.06061466,0.069376569,0.079956589,0.506643419
ENKD1,235.8931549,0.036016823,0.065655446,0.080054779,0.507013603
CD300C,678.1808259,0.046378114,0.071269314,0.080147176,0.50717328
EMC6,805.5230863,0.054774303,0.071907087,0.080199336,0.50717328
GPER1,91.60355961,0.0227964,0.058160418,0.08019889,0.50717328
CLK1,1683.273166,-0.057658336,0.065363387,0.080357465,0.507227805
MFGE8,1273.304171,-0.05184138,0.072073517,0.080326274,0.507227805
MTAP,1173.287143,0.053914754,0.071429833,0.080367101,0.507227805
PHAX,1028.05651,0.052778099,0.071365167,0.080324044,0.507227805
AMACR,384.4987388,0.041752936,0.068935664,0.080525757,0.507439372
EIF4G3,3023.240784,0.05726162,0.066936281,0.080554021,0.507439372
GFUS,1149.84558,0.049813265,0.072173348,0.080559831,0.507439372
KCMF1,1664.133402,0.057232737,0.065294463,0.080554703,0.507439372
HSPBAP1,646.7151468,-0.048458763,0.073033407,0.080624849,0.507598125
RPRD1A,870.1793481,0.053125315,0.071409619,0.080677705,0.507680189
PAPSS1,5343.854583,0.049910004,0.064937302,0.080811944,0.508274038
CD86,5250.827155,-0.058038407,0.061061646,0.080973109,0.509036571
BBS9,176.8088872,-0.033222773,0.063781076,0.081099132,0.509418986
EME2,1532.765105,0.048732544,0.071966707,0.081113855,0.509418986
U2SURP,2214.748653,-0.046079749,0.071301422,0.081213918,0.50979628
BCL9L,2487.194831,0.023533472,0.058512291,0.081439758,0.510172145
CYP4F27P,39.15664341,-0.017359594,0.055812552,0.081499185,0.510172145
GPR183,438.1784,-0.042360533,0.069446977,0.081402751,0.510172145
PRPF38A,927.5439642,-0.056836289,0.065068544,0.081437638,0.510172145
PRXL2B,2941.456305,0.050293798,0.070748542,0.081379414,0.510172145
TUSC2,1216.789058,0.050401275,0.073159387,0.081553913,0.510172145
WTAP,2279.685444,0.054340962,0.061080203,0.081520984,0.510172145
HDGF,6764.306411,0.059107532,0.056714497,0.081605772,0.510246193
FANCG,417.4071965,0.039178404,0.067440442,0.081707826,0.510383673
PRKAR2A,2586.011298,0.0402947,0.064260048,0.081700218,0.510383673
NUMB,5061.063383,0.06153983,0.060586383,0.081863528,0.510987816
RASSF2,1807.968565,0.05796145,0.063550563,0.081943618,0.510987816
THOC2,1834.2939,-0.054494636,0.07021279,0.08189374,0.510987816
ZNF234,304.3593645,-0.035819172,0.064788422,0.081964867,0.510987816
DCTN6,979.2750662,-0.051608546,0.069447504,0.08243086,0.513162053
PARP14,10995.91215,0.037729421,0.061136662,0.08251488,0.513162053
RBCK1,2401.506106,0.058674235,0.07108791,0.082462557,0.513162053
SSR1,4201.238085,0.055935345,0.059841301,0.082485313,0.513162053
STX6,4340.160545,-0.055771344,0.050657222,0.082364651,0.513162053
PEX10,629.7905383,0.049920557,0.070662769,0.082563865,0.513216342
OSCAR,2992.522354,0.039773008,0.06978397,0.082650131,0.513502203
RAD54L2,1252.555856,-0.055814612,0.068084735,0.082757331,0.513792388
RGS19,3600.64444,0.04708957,0.070304637,0.082777439,0.513792388
TBC1D10B,3400.90905,0.044002449,0.069166096,0.082839833,0.513929458
APOBEC3C,2224.490825,-0.056884386,0.068409376,0.083093515,0.514334284
EPC1,838.381036,-0.052480713,0.070131796,0.083170151,0.514334284
GNA15,1338.804866,0.055579622,0.065308352,0.083069718,0.514334284
MAFF,1623.144087,0.04491815,0.067806235,0.0830267,0.514334284
MTIF2,1457.371924,-0.059589531,0.06394705,0.083187489,0.514334284
ORAI2,2347.798107,0.040665416,0.068022872,0.083121969,0.514334284
SIN3A,1380.589746,0.055158561,0.069219962,0.083000674,0.514334284
PSMF1,3069.830587,0.03888261,0.066055335,0.083308676,0.51483389
ENTREP3,936.3204126,0.045767147,0.070182786,0.083504397,0.515793393
EGFL8,118.9481012,-0.027507663,0.060490425,0.083706307,0.516353866
GSTP1,6727.153544,0.051933544,0.070307422,0.083729786,0.516353866
SZRD1,5084.135303,0.057028562,0.056221274,0.083757141,0.516353866
WSCD1,129.6462808,-0.029184537,0.061451141,0.083683105,0.516353866
PROS1,1117.850169,-0.048939583,0.068436378,0.08388864,0.51691458
CLDN7,708.6774083,-0.050186506,0.072044043,0.084070382,0.517212112
PLK3,1397.939324,0.049198712,0.071304596,0.084099201,0.517212112
PRDM2,1038.597601,-0.048984666,0.069269577,0.084019839,0.517212112
R3HDM2,1615.132718,-0.051951485,0.069611931,0.084088567,0.517212112
FGFRL1,1438.878258,0.045492247,0.068496875,0.084305183,0.5177323
MFSD12,15862.23647,0.048812194,0.070582543,0.084354007,0.5177323
RAB4B,882.8423497,-0.054502792,0.06737634,0.084238848,0.5177323
SAPCD2,635.4586342,0.040279988,0.067817324,0.084386832,0.5177323
TMEM198B,267.6869747,-0.038420454,0.066738709,0.084353684,0.5177323
CMC2,629.5350554,0.046822675,0.070317079,0.084471218,0.518000748
ANGPTL6,212.9758652,-0.029847439,0.061499587,0.084511996,0.518001654
CDC42,5957.681993,-0.059663348,0.062333595,0.084601323,0.518051038
TBKBP1,873.16473,0.038459106,0.066722122,0.084563554,0.518051038
RBM33,1994.219187,0.040036478,0.068371639,0.084961539,0.520007038
OXR1,1133.95327,-0.052383936,0.070282599,0.085047716,0.52010017
TXNL1,1299.136488,-0.054289687,0.068243777,0.085058346,0.52010017
NR2F6,1224.199199,0.040836918,0.067768887,0.085185552,0.520129598
PLP2,3151.291233,0.046378598,0.070425706,0.085144886,0.520129598
ZNF429,142.7042883,-0.027166381,0.060272381,0.085135636,0.520129598
CSPG4,2614.966,0.039533925,0.067612647,0.085400935,0.520907458
ERLIN2,1348.616632,-0.053263681,0.067806665,0.085538646,0.520907458
LARS2,1023.726945,0.050746889,0.070155941,0.085582761,0.520907458
METTL21A,272.369483,0.040273853,0.067520149,0.085502988,0.520907458
PNP,1712.153345,0.040346059,0.067570824,0.085619055,0.520907458
POLDIP2,2818.338009,0.056444072,0.062027676,0.08537204,0.520907458
SRSF2,3837.719032,0.056054746,0.061750762,0.08545661,0.520907458
ZNF593,373.6356915,0.039422042,0.067195876,0.085639817,0.520907458
ALG6,174.8539404,-0.030386086,0.062057179,0.085838783,0.520975716
LCP2,3764.355543,0.050697707,0.067741221,0.085784148,0.520975716
NXT1,251.1236539,0.037932156,0.06620789,0.085772723,0.520975716
PCSK5,932.134978,-0.043030097,0.069204763,0.08585536,0.520975716
XRCC3,551.9164078,0.040324446,0.067497749,0.085784981,0.520975716
ACOX2,79.49755396,0.019008659,0.056396883,0.086025565,0.521016594
CORO2A,1428.203405,-0.056470771,0.063268709,0.085947637,0.521016594
RCE1,757.2796561,0.039515994,0.067372052,0.085959372,0.521016594
RPS20,13722.39662,-0.057515931,0.065867707,0.085996916,0.521016594
ORC2,417.0331474,-0.025943752,0.059581854,0.086203959,0.521849133
CDC20,958.7043358,-0.055600394,0.073579215,0.086297038,0.522164658
TNKS2,3023.555821,-0.055952628,0.069380343,0.086460058,0.522902887
ISG15,4878.242751,0.037508913,0.06604843,0.0866046,0.523528706
SERPINF1,464.6353566,-0.031054665,0.062387617,0.08680013,0.524462017
CDKN2D,96.34154114,0.024813219,0.059024376,0.086956324,0.52515688
CDC25A,170.2005713,0.023097869,0.058174614,0.087041066,0.525212737
TAF1B,392.9710141,-0.034727782,0.064362475,0.087047966,0.525212737
HMGCL,1563.19083,-0.055605694,0.063787215,0.087108857,0.525331511
MRPL52,744.2561153,0.047990003,0.069228224,0.087213278,0.525712567
CD4,11045.76802,-0.054262796,0.058215871,0.087400264,0.526590724
BMF,4393.018922,-0.028624592,0.059678988,0.087537173,0.526699393
GBGT1,1349.283863,0.04686041,0.069808969,0.08754224,0.526699393
PIEZO2,49.69039206,-0.016637892,0.055481313,0.08747315,0.526699393
RAD23A,4077.368817,0.04907292,0.069657929,0.087713043,0.526732731
RSL1D1,3530.66493,-0.055577142,0.06492578,0.08763594,0.526732731
RTN4,19908.22089,0.049547503,0.062733374,0.087643709,0.526732731
ULBP1,102.1462403,0.024164661,0.058674344,0.087710563,0.526732731
DAZAP2,6616.567116,-0.05617145,0.054180803,0.088113367,0.528686513
WASHC2A,2569.24147,-0.053288569,0.069024233,0.08812133,0.528686513
PTP4A3,86.14906219,-0.021866822,0.057588121,0.088215482,0.529002435
ATP5F1D,1473.641596,0.04982513,0.069728017,0.088604854,0.529259565
GOLGA2P5,35.84365571,-0.015011202,0.054927329,0.088350335,0.529259565
HSF1,3312.502726,0.043471942,0.06859468,0.088578407,0.529259565
MMP24OS,2271.230168,0.040680868,0.067507829,0.088631985,0.529259565
NOL6,1632.058006,0.047948521,0.068947903,0.088308234,0.529259565
PTGES2,1894.500967,0.047916069,0.069595757,0.088495109,0.529259565
QPRT,3459.335532,-0.04886645,0.069427996,0.088631162,0.529259565
RAD18,253.3629867,0.024101166,0.05863354,0.088625495,0.529259565
TUBB2A,759.800779,0.034058286,0.063865671,0.088439972,0.529259565
NLE1,306.6019338,0.040032811,0.066937289,0.088768418,0.529310697
RENBP,3965.969443,-0.053117438,0.067019963,0.088756189,0.529310697
SRGAP2B,1241.944084,0.049759295,0.068282524,0.088806619,0.529310697
SUMO2,4526.227595,-0.05595563,0.058931481,0.08874541,0.529310697
SHANK3,575.6159148,0.030892907,0.062231037,0.088882306,0.529514261
ALG3,1332.630528,0.04499112,0.069399249,0.088968616,0.529780887
SECISBP2L,3144.609995,-0.044400127,0.071189311,0.089015816,0.529814492
BEND3,103.8817824,0.02779947,0.060646787,0.089239747,0.530868297
KCNJ1,51.16984008,-0.01790487,0.055929409,0.089276149,0.530868297
CD1C,94.80286078,-0.021027853,0.05719513,0.089318315,0.530871424
SPINDOC,1010.87198,0.04784239,0.069862116,0.089467418,0.531509838
ZNF891,220.665587,0.030953861,0.062222147,0.089556304,0.53179009
ANXA6,451.5484353,0.045954046,0.068772438,0.089638494,0.531998639
PDZD2,34.90124984,-0.010487101,0.053673506,0.089694212,0.531998639
STARD3,3104.099456,0.054818134,0.067245463,0.089716611,0.531998639
CDCA2,245.4753264,-0.032464732,0.062977564,0.090002722,0.532704134
KPNB1,9980.541229,0.045875783,0.059631477,0.089944268,0.532704134
KYAT3,945.4163261,-0.047863937,0.06467979,0.089913468,0.532704134
MRPL4,1841.860483,0.04772059,0.068817489,0.089964626,0.532704134
EYA2,378.6003105,-0.03571125,0.064972933,0.090094074,0.532744743
PDE3A,174.0795025,-0.024450974,0.058763645,0.090134945,0.532744743
PUSL1,389.6968958,0.037407025,0.065721924,0.090130664,0.532744743
FOXO3,2254.300953,-0.054945725,0.061339849,0.090391501,0.534013554
APC2,128.2447965,-0.024522194,0.058788871,0.09054677,0.534027261
CCNC,713.1695049,-0.043502372,0.068738735,0.09056585,0.534027261
OR2M3,486.4228131,-0.045241402,0.069469949,0.090565284,0.534027261
RAD51C,251.2607209,0.036417128,0.065209473,0.09060326,0.534027261
TMEM248,2310.01246,0.054968068,0.06538774,0.090528086,0.534027261
CSTB,20440.67507,0.053785202,0.064993428,0.090713056,0.534427333
ABHD3,1206.977908,-0.049473295,0.067937706,0.090776478,0.534553957
CCDC57,1620.144181,0.055726234,0.059858803,0.090982952,0.534781766
ELOB,4314.792495,-0.05527496,0.061499573,0.090874335,0.534781766
PRAF2,180.4186015,0.030344954,0.061792656,0.090916667,0.534781766
TEDC1,355.8755955,0.040219494,0.066705163,0.090981194,0.534781766
MBD3,3749.591194,0.042749552,0.06851957,0.091037733,0.534857168
NOP2,1354.343168,0.050983231,0.066562078,0.091108513,0.535026453
TAOK3,3237.412879,-0.055034185,0.065163265,0.091212618,0.53539119
ERO1B,472.7342326,-0.046596017,0.068878473,0.091294237,0.535481117
RADX,40.46222558,-0.013027683,0.054311711,0.091353944,0.535481117
TPD52,279.8004579,0.032937896,0.063205668,0.091316842,0.535481117
ATAD3B,877.5025975,0.038901255,0.066149857,0.091665352,0.536074115
HNRNPAB,4154.956956,0.049911282,0.064606857,0.091528522,0.536074115
OPA3,1201.507106,0.042454325,0.066953476,0.09165421,0.536074115
PPP2R5E,1193.417351,0.045680949,0.064852795,0.091651826,0.536074115
YPEL3,1025.708285,-0.037169647,0.065465178,0.091557952,0.536074115
CCDC200,292.4308784,-0.033663424,0.0636073,0.09172319,0.536166412
PRKCB,1319.462754,0.051728584,0.060957977,0.091815273,0.536304617
SESN3,144.5424775,-0.025012014,0.058958184,0.091830966,0.536304617
TRA2A,1405.486122,-0.049025449,0.069519674,0.091893087,0.536421689
FBXL6,707.0750221,0.036801027,0.064660551,0.091993028,0.536584227
NAGPA,2377.586382,0.052630671,0.066773553,0.092005108,0.536584227
CUL3,1983.988817,-0.041439557,0.068352872,0.092079356,0.536670831
LRRC45,453.0130921,0.037128421,0.065286674,0.092145547,0.536670831
SAR1B,1348.15184,-0.051516427,0.066515841,0.092146243,0.536670831
TMEM169,51.37980722,-0.015986917,0.055219425,0.092240616,0.536975166
PPFIA3,194.4612615,0.031783927,0.062526421,0.092318358,0.537182446
TMEM168,604.2278069,-0.041043462,0.066762331,0.092417975,0.537516772
DUS2,563.429805,-0.050111808,0.068387603,0.092574413,0.537935822
FBXW5,5447.852423,0.049234271,0.069359505,0.09254283,0.537935822
B4GALT4,490.4900745,-0.039113135,0.066242318,0.092753746,0.538238803
EPHA2,76.9083552,0.01820639,0.05601713,0.092877898,0.538238803
FAXDC2,586.8184842,-0.031524874,0.062276687,0.09283598,0.538238803
N6AMT1,135.4543427,0.025560536,0.059263078,0.092760598,0.538238803
TMEM52B,347.4469116,-0.022079279,0.05765857,0.092758608,0.538238803
UBN2,652.5163399,-0.041124848,0.066972396,0.092879863,0.538238803
KCNC3,1055.30024,-0.050589253,0.0693957,0.092990232,0.538517807
SLC35E4,181.4986506,0.028239324,0.060815561,0.093012488,0.538517807
SAMSN1,1165.71026,-0.040853013,0.070057303,0.093303321,0.539956438
APOL3,125.7564879,0.025212138,0.059072377,0.093691054,0.541217601
CCL3L3,79.51313653,0.019975316,0.056709006,0.093654938,0.541217601
TMEM60,563.0064772,-0.044854412,0.067638164,0.093616883,0.541217601
ZNF626,112.2265043,-0.020761792,0.057016261,0.093630201,0.541217601
IFIT5,986.9806031,0.03688623,0.065535229,0.093747242,0.541296918
PRDX4,1675.97486,0.054860757,0.067012637,0.093904563,0.541959835
CALD1,73.35166714,-0.017532923,0.055749696,0.094194136,0.542425534
DHX37,1223.891374,0.048973295,0.068949978,0.094270056,0.542425534
EIF2AK3,616.8217673,-0.040592695,0.067062608,0.094302641,0.542425534
EMC2,872.1036565,-0.04890826,0.068273959,0.094149655,0.542425534
GNPDA1,2327.15461,-0.054130341,0.066684525,0.09426986,0.542425534
HPS3,1018.722708,-0.040349616,0.066338771,0.094368173,0.542425534
KRI1,878.7471419,0.051797069,0.067314491,0.094362249,0.542425534
MAPKAPK2,3946.881699,0.04465044,0.062481533,0.094214323,0.542425534
ZRANB2,1832.597588,-0.043035955,0.067420074,0.094274206,0.542425534
WNK1,6902.104371,0.048546847,0.060769332,0.094475086,0.542795344
GTF2H3,1028.039553,0.046976473,0.067964907,0.09458342,0.54317298
CARHSP1,533.5283845,-0.048862138,0.06756723,0.094912526,0.544125807
DUSP28,326.1998507,-0.041285351,0.067358072,0.094913871,0.544125807
RIN1,403.9814513,0.036497184,0.064925281,0.094920056,0.544125807
TARS3,196.5761922,-0.031591701,0.062319455,0.094821338,0.544125807
CHMP1B,2711.141066,-0.054691908,0.062838395,0.095005855,0.544128321
PMF1-BGLAP,60.79976118,-0.019519165,0.05650758,0.095001679,0.544128321
REV3L,1219.237911,-0.045210118,0.068066905,0.095117319,0.544522092
HMBS,466.8681504,0.044180028,0.069134135,0.095187814,0.544681076
FCGR1CP,268.6857733,-0.03012797,0.061564133,0.095357448,0.545389542
PDSS1,243.3440399,0.032611546,0.063144722,0.095397182,0.545389542
LEPROTL1,1740.252543,0.051679703,0.064306693,0.095468695,0.545553742
ANAPC15,610.1063083,-0.049335697,0.068689659,0.095576385,0.545924429
ADD3,1409.202997,-0.043544023,0.067443859,0.095928379,0.545978084
AFG2A,194.909131,0.02798236,0.060405338,0.095927816,0.545978084
EMILIN1,128.2108428,0.027017869,0.05990519,0.095854005,0.545978084
GOLGA8N,308.1050063,0.020419942,0.056827928,0.095877848,0.545978084
P3H3,111.6374866,0.023977873,0.058447895,0.095859816,0.545978084
SCFD2,412.74836,0.044858456,0.067841337,0.095740177,0.545978084
TIMP2,17662.53473,-0.056376093,0.058614417,0.095715824,0.545978084
TMEM164,2255.900701,0.042206159,0.059131536,0.095720815,0.545978084
PMS2P7,58.8930122,-0.017127269,0.055592668,0.096063824,0.546504995
CDC42BPB,5059.784966,0.051226302,0.062498597,0.096319306,0.54747693
RECQL5,796.5072688,-0.047439954,0.066828091,0.096320555,0.54747693
ABHD16B,346.1357594,0.040053417,0.066415908,0.096392431,0.54764131
FBXO27,153.3601334,-0.024490931,0.058658783,0.096488306,0.547941831
FAM89A,1849.09941,-0.051812628,0.065159759,0.096581531,0.54798306
MYO15B,2140.001802,-0.040613354,0.066553928,0.096566205,0.54798306
SHISA5,7322.248375,0.047884609,0.065368438,0.096696972,0.548393995
CHAC2,55.27214562,0.017670656,0.05578415,0.096896554,0.549141387
RXYLT1,506.2365618,-0.046292312,0.067213614,0.096914905,0.549141387
CCHCR1,327.5813169,0.038041887,0.065426328,0.09707084,0.549491006
HOXB7,379.5200781,-0.038628249,0.065795114,0.097134754,0.549491006
NSA2,1599.87024,-0.049608989,0.066475275,0.09714901,0.549491006
SPHK2,733.7339372,0.038702718,0.065816395,0.097046439,0.549491006
DPH5,381.5204614,-0.04269999,0.067091124,0.097445279,0.550434142
IFTAP,145.73931,-0.030164426,0.06145896,0.097403624,0.550434142
PLEKHF1,460.592613,0.042397681,0.066912985,0.09736939,0.550434142
HS3ST3A1,39.88971788,0.012735925,0.054200249,0.097499945,0.550499028
CDKN2C,779.0513178,-0.040869544,0.066295432,0.097637243,0.550696154
JMJD4,481.40438,0.043323892,0.067084497,0.097601141,0.550696154
SLC43A1,162.5385268,0.027532628,0.060133868,0.097664445,0.550696154
MSMO1,598.3431866,0.044506984,0.070502954,0.097770081,0.551009838
NUDT4,1488.854078,-0.048798493,0.067485676,0.097806515,0.551009838
SGCG,330.5937606,-0.04262491,0.067377234,0.097851208,0.55101813
PISD,1895.7304,0.0486386,0.067099326,0.097911728,0.551115508
P2RX4,4314.224572,-0.053673196,0.057511646,0.097956055,0.551121691
CAPRIN1,6029.330844,0.033802718,0.056492309,0.098027898,0.551282606
CCNDBP1,1984.693502,-0.053260991,0.061261768,0.098228602,0.551330788
DOCK4,3550.759183,-0.052854982,0.063292992,0.098296571,0.551330788
GGA2,7905.932378,-0.046223468,0.065130152,0.098468916,0.551330788
NUPR1,17127.56736,-0.045920803,0.061439416,0.09819338,0.551330788
PARD6B,59.26789091,0.018718832,0.056165795,0.098237542,0.551330788
POC1B-GALNT4,49.25733772,0.01642766,0.055342831,0.098326732,0.551330788
RCHY1,474.9656365,-0.038135388,0.065267086,0.098096028,0.551330788
STARD7,4360.775157,0.054657135,0.056664355,0.098453353,0.551330788
TLR5,137.688589,-0.019989728,0.056641623,0.098368737,0.551330788
ZIK1,114.3468953,-0.024948217,0.058811981,0.098405757,0.551330788
QKI,9115.259095,-0.049033795,0.065709019,0.098548323,0.551533173
DGCR8,927.0922296,0.049539037,0.064915183,0.098678443,0.551776961
TGFBR2,6236.964602,-0.052781662,0.051714335,0.098655192,0.551776961
BAG2,235.1795863,0.036650802,0.064924415,0.09939675,0.552884244
FST,46.66598104,-0.014268382,0.054632484,0.099455865,0.552884244
HDLBP,13847.81508,0.04645674,0.059653461,0.098938959,0.552884244
LHPP,291.0412186,0.036371404,0.064619037,0.09939422,0.552884244
MRPS2,920.5762971,0.047250771,0.068409553,0.099360286,0.552884244
NPAS2,475.672347,0.030158138,0.061437702,0.099074101,0.552884244
PLA2G6,141.4426565,0.02726408,0.059946102,0.099342661,0.552884244
REEP5,3954.970603,0.052822088,0.055920503,0.099007363,0.552884244
RNFT1,1373.815864,-0.050981201,0.064860288,0.099038486,0.552884244
TEDC2,98.9504449,0.020679586,0.056930663,0.099432762,0.552884244
TMEM140,1796.783278,0.057285015,0.069015697,0.099251664,0.552884244
TSPAN5,41.07072667,0.015175665,0.054911516,0.099222382,0.552884244
UPF3A,1779.662345,-0.050142631,0.064577311,0.099483603,0.552884244
ZNF302,502.3417755,-0.042720245,0.067179566,0.099368608,0.552884244
CEP97,206.8346138,-0.029733294,0.061177028,0.099713437,0.553218158
ISY1,855.1286222,-0.048427073,0.06553421,0.099786799,0.553218158
LSM12,1274.49247,-0.046668387,0.060397094,0.099650825,0.553218158
MED14,1422.395293,0.042413806,0.065639284,0.099785262,0.553218158
SFXN1,682.4454127,0.03759847,0.064999644,0.099804045,0.553218158
TIMP1,4757.315831,0.037131736,0.062730955,0.099613966,0.553218158
ZFC3H1,1818.260581,-0.043358291,0.065210259,0.099922699,0.553635157
FUT4,930.2872677,0.044696081,0.068132422,0.10011823,0.55447755
ETV1,113.4929483,0.01937228,0.056388046,0.10026925,0.554831888
TNFRSF10B,2562.332697,0.051657223,0.05363481,0.100230292,0.554831888
CNOT6,1086.503168,0.035587762,0.064027165,0.100485065,0.555008334
FBRS,4315.351007,0.05012358,0.066517991,0.100557557,0.555008334
MDM4,1013.772283,-0.052175185,0.061631617,0.100502389,0.555008334
PER3,844.2091955,-0.030833173,0.061723468,0.100427816,0.555008334
SPACA6,186.6948235,-0.028192156,0.060202202,0.100358773,0.555008334
ZNF577,269.5256165,-0.025945647,0.059218203,0.100562338,0.555008334
PNISR,3233.633654,-0.048434043,0.068285361,0.100770646,0.555917338
DENND3,3804.513421,-0.044285783,0.067660807,0.100997167,0.55620427
KANSL1L,360.7816917,-0.037504045,0.064863033,0.10091413,0.55620427
TRIM2,75.92465916,0.018458206,0.056032659,0.100990377,0.55620427
ZBTB11,904.8879667,-0.048037676,0.066341301,0.100884226,0.55620427
OSTF1,3425.576786,-0.046295542,0.062501791,0.101185204,0.556999211
ALDOA,33832.42106,0.046961556,0.070996215,0.101314326,0.557377189
CCDC88A,19412.37365,-0.048801574,0.065865394,0.101428746,0.557377189
SYNGAP1,1099.922163,0.030600764,0.061563577,0.101399123,0.557377189
TAP1,3275.722912,0.040079194,0.064493166,0.101416851,0.557377189
PTTG1,323.3934733,-0.027564709,0.060058463,0.101785361,0.558888782
R3HDM4,1354.744677,0.046559483,0.06732818,0.101791494,0.558888782
MAP3K4,752.1692193,-0.035803312,0.064496013,0.101901678,0.559252901
ARHGEF3,1949.424227,-0.055054554,0.066767658,0.101984707,0.559428373
MTSS2,136.9116914,-0.018481792,0.056019129,0.102021411,0.559428373
GPX4,9708.064386,0.05325037,0.075962919,0.102107454,0.559659469
MAP1S,3625.86817,0.030924089,0.061464246,0.102154907,0.559678948
IFI35,1886.35791,0.040097908,0.065936626,0.102411164,0.559867723
IQSEC1,4396.802997,0.05363394,0.072508449,0.102354764,0.559867723
KCNIP2,321.214486,-0.038829913,0.065325121,0.102511808,0.559867723
PAN2,1088.172599,-0.046797604,0.067751197,0.10235705,0.559867723
PRKCI,564.5752687,-0.035339195,0.063808099,0.102288916,0.559867723
SPTLC3,150.567069,-0.025008743,0.058794987,0.10240904,0.559867723
TNFAIP2,4528.169275,0.050756523,0.06514575,0.10254068,0.559867723
ZNF154,169.1460994,-0.025295928,0.058912801,0.102467614,0.559867723
CDYL,1447.666465,0.049679791,0.06779687,0.102912531,0.561657471
AMPD2,2163.787599,0.038891137,0.065325249,0.103103461,0.561977781
DENND6B,158.1758634,0.023178169,0.057968802,0.103069837,0.561977781
MXD1,811.4928476,0.034639572,0.063552663,0.103077256,0.561977781
TPP1,13266.38293,-0.052521154,0.049712477,0.10320543,0.562293174
FAAP100,1199.826586,0.039064901,0.065332322,0.103298798,0.562455007
SLC25A19,2591.079182,-0.050939986,0.066490907,0.103344363,0.562455007
ZFYVE26,4812.00147,-0.052392867,0.06265442,0.103367486,0.562455007
ZNF620,80.19683392,-0.016228982,0.055230743,0.103454135,0.562686331
EIF4EBP2,8260.79031,-0.051188617,0.048347309,0.103613499,0.563312793
ATPSCKMT,250.6887596,-0.026446622,0.05942591,0.103729199,0.563461249
SEC61B,1484.125345,0.055062617,0.063431157,0.10371336,0.563461249
CHMP4A,1667.040692,-0.051149426,0.061905108,0.10380464,0.563486428
COG7,538.347612,-0.040353518,0.065453747,0.103825034,0.563486428
ZNF862,344.5626122,-0.03111469,0.061714133,0.103866429,0.563486428
INTU,421.713187,0.030012621,0.061146117,0.103987712,0.563488582
SNX5,3324.362487,-0.049341727,0.066144267,0.103999422,0.563488582
ZDHHC21,827.1564192,-0.034085862,0.063131842,0.103994388,0.563488582
APH1B,1095.483629,-0.049758679,0.067276536,0.104080011,0.563675739
MXRA5,164.7127471,0.025092803,0.058801121,0.104122391,0.563675739
ZNHIT2,325.3939878,0.032941012,0.062584298,0.104207099,0.563894869
CLOCK,856.6430287,0.034906151,0.063234763,0.104564858,0.56482655
GPX3,7809.206242,0.043072954,0.057750588,0.104462719,0.56482655
HLA-DOA,64.96046658,-0.018215974,0.055937262,0.104481124,0.56482655
SLC22A4,237.2332239,0.032213457,0.062191621,0.104600791,0.56482655
TNRC18,6020.506864,0.054234728,0.059077954,0.104583529,0.56482655
CALCOCO1,5682.842054,-0.050899195,0.064474161,0.104647476,0.564839405
SART1,2917.400564,0.044983186,0.066609066,0.104762231,0.565219501
ZFX,1292.121675,-0.04272635,0.066361832,0.104852796,0.565468825
CMPK1,3713.395651,0.051201573,0.059184464,0.104956867,0.565502541
CRACR2A,121.1738325,0.027708236,0.060094723,0.104952937,0.565502541
JAK3,532.4956489,0.036450241,0.063243158,0.104992118,0.565502541
DDIAS,119.643039,-0.019470829,0.056358847,0.105271874,0.566066032
OCSTAMP,88.93811263,0.019431208,0.056396136,0.105203826,0.566066032
RNF113A,687.3204533,-0.046272289,0.066108098,0.10527434,0.566066032
SNAPC2,505.0663133,0.03267903,0.062457084,0.105170395,0.566066032
AGAP6,649.7422023,-0.041516683,0.0647309,0.105324858,0.566080846
SEL1L3,1801.495576,-0.050677674,0.058213746,0.105365899,0.566080846
CSNK1G3,700.0714365,0.040519672,0.066835392,0.105421102,0.566138852
BTG1,7209.792315,-0.041800379,0.062869025,0.105505473,0.566353377
PRMT3,411.8076853,0.035826981,0.063859565,0.105714955,0.567239039
MPZ,62.96728005,-0.014713609,0.054731714,0.105866412,0.567812741
AKAP9,3466.651377,-0.050669633,0.061340762,0.106079835,0.567909653
CCN3,59.20703549,0.016620883,0.055350119,0.106151753,0.567909653
CRTC3,1797.151339,0.047626229,0.065313103,0.106111024,0.567909653
MANBA,4478.515507,-0.053102931,0.055783487,0.105932138,0.567909653
PHRF1,2168.444407,0.038998759,0.063122395,0.106128165,0.567909653
SCRN1,2554.088267,0.05067693,0.062297831,0.106092231,0.567909653
SLC25A37,666.7592495,0.039002701,0.064587809,0.106210017,0.567983016
LUC7L3,3226.983707,-0.049510121,0.0628006,0.106346572,0.568474823
YPEL5,2517.252753,-0.051705719,0.064216572,0.106394637,0.568493387
VPS35L,1790.443545,-0.05181164,0.062452946,0.106572623,0.56920585
ABCF2-H2BK1,341.6918054,0.034765671,0.063447744,0.106979958,0.569948804
AURKAIP1,1900.291696,0.04864004,0.063975114,0.106963702,0.569948804
C2orf74,327.5424265,-0.036310779,0.063940977,0.106955023,0.569948804
GLB1L2,354.6153302,0.034667388,0.06315989,0.10697649,0.569948804
KCTD10,2158.970637,0.043695175,0.065625255,0.106944938,0.569948804
SLC25A20,1210.102517,-0.043363295,0.065637038,0.106856353,0.569948804
CERS2,5916.853368,0.045466676,0.055506874,0.107113238,0.570182327
SEC11A,4388.02478,-0.051214553,0.058444803,0.10708335,0.570182327
BCR,470.0809295,0.034880169,0.062766036,0.1073571,0.57028986
CTSZ,80762.49454,0.051459708,0.048896679,0.10729735,0.57028986
FNDC3B,6498.145489,0.041290797,0.066188827,0.107318976,0.57028986
SDC2,4155.259342,0.044533922,0.06474859,0.107299704,0.57028986
SIAH2,596.5092742,0.031501579,0.061862525,0.107221869,0.57028986
C17orf113,32.17001758,-0.01378121,0.054457603,0.107428367,0.570430757
LLGL2,366.5045272,-0.03284531,0.062423196,0.107536768,0.570655267
PSMC5,2825.080211,0.052745634,0.062316482,0.107604931,0.570655267
STK38L,1378.893552,0.040215766,0.065046391,0.107599245,0.570655267
ANKZF1,902.0437643,-0.049804596,0.063018044,0.108173061,0.572184721
DNTTIP1,1517.610124,-0.04880382,0.055616756,0.108207496,0.572184721
GPR160,119.6203228,-0.022215028,0.05743516,0.108175294,0.572184721
GSK3B,1831.771795,0.024442128,0.057139325,0.108116538,0.572184721
HNRNPR,3580.007237,0.051814914,0.059862535,0.108005771,0.572184721
TARBP1,693.7755385,-0.037537914,0.064781148,0.107951552,0.572184721
URM1,1772.893183,0.043459659,0.064706503,0.108076747,0.572184721
GARIN1A,151.8116047,-0.022997738,0.05777945,0.108402106,0.572976139
CNNM2,387.8836387,-0.027516919,0.059811379,0.108521755,0.572992714
NCOA1,1510.484256,-0.043212875,0.065671711,0.108582513,0.572992714
PPP1R8,1076.978056,0.043778587,0.065587748,0.108585018,0.572992714
SHARPIN,1664.512526,0.03831924,0.064537933,0.108491131,0.572992714
MYD88,4347.868871,0.038512286,0.057923771,0.108705303,0.573390114
SEC14L1,6077.937277,-0.048695782,0.058248171,0.108783163,0.573563502
CMIP,3788.273222,0.050672723,0.064893332,0.109181627,0.573611951
DRG2,876.3953623,0.047326399,0.062644357,0.108912765,0.573611951
KIAA1671,1027.25083,0.054042642,0.066819351,0.109215717,0.573611951
MRM1,215.3616069,0.033869272,0.062726141,0.109110984,0.573611951
MRPS25,2140.008991,0.052889652,0.063275267,0.108895983,0.573611951
MRPS26,921.1010827,0.047743678,0.064772646,0.109287272,0.573611951
PPAT,289.1216679,0.033069876,0.062240912,0.1090525,0.573611951
SCN9A,558.023603,-0.031444355,0.061669349,0.109257756,0.573611951
TIE1,293.209421,0.024014487,0.058205591,0.10907209,0.573611951
TMEM11,856.9848958,0.041487896,0.065162866,0.109203003,0.573611951
ZNF226,389.3656233,-0.031646873,0.061659185,0.109253882,0.573611951
PGAP6,5920.447904,0.042087132,0.063660117,0.109348248,0.573695806
ASB3,488.943977,-0.04048174,0.06491343,0.109424891,0.573713741
MYOF,7946.006315,0.047163728,0.063993162,0.109441667,0.573713741
RHBDD1,852.788475,0.035901106,0.063334453,0.109581551,0.57401253
ZNF112,120.5124124,-0.024944801,0.058525453,0.109588713,0.57401253
ZDHHC12,1193.219132,0.038703114,0.064808318,0.109678243,0.574245554
ATF4,11779.45912,0.05652794,0.062236378,0.109904882,0.574488452
DDR1,548.5550714,0.030482274,0.060939564,0.109904029,0.574488452
TCEANC,97.85622221,-0.021578032,0.057214239,0.109838406,0.574488452
TNS3,20646.71136,0.049647432,0.060690764,0.109815262,0.574488452
GASK1A,961.7000418,-0.047127889,0.064135797,0.109969748,0.574591933
GPATCH1,338.8871928,-0.033788698,0.062831224,0.110035484,0.574699873
FCGBP,9008.219214,-0.021162713,0.056990958,0.110140565,0.575013129
DNAAF9,2076.278428,-0.049889163,0.059747308,0.110304556,0.575476265
GABARAPL2,1910.367568,-0.04886147,0.062159075,0.110395639,0.575476265
HDAC2,2580.437361,0.050926957,0.051819856,0.110454971,0.575476265
TMEM170B,1492.993719,-0.045249555,0.065681957,0.110424755,0.575476265
TMEM212,66.52769925,-0.021160668,0.056982696,0.110366151,0.575476265
ANKRD13B,85.64466939,0.017371053,0.055562244,0.110531932,0.575641993
AURKA,920.0243071,-0.046999209,0.064327678,0.110589513,0.575706695
AVEN,327.0367309,0.039674456,0.064790917,0.110636417,0.575715786
PDP2,549.5427026,-0.041577295,0.064685155,0.110750973,0.57587761
SLC44A2,3284.302536,-0.040255146,0.063429839,0.110827146,0.57587761
TMEM214,2147.022368,0.040635303,0.064782831,0.110824817,0.57587761
TNFSF9,370.9064871,0.033733006,0.062353261,0.110866804,0.57587761
ZNF575,95.86044213,0.020520069,0.056647847,0.110893367,0.57587761
CTU1,334.8006503,0.029154904,0.060487232,0.111001839,0.575935272
GP1BA,52.35365933,0.017414178,0.055581812,0.110984702,0.575935272
NCK2,1082.597071,0.041020449,0.065047154,0.11108517,0.575935272
TPST1,142.2104365,-0.02787473,0.060042867,0.11105067,0.575935272
GAB3,1328.060066,-0.041707035,0.064721242,0.111151533,0.576045081
FHIP2B,1675.149197,0.047123636,0.061128737,0.111256255,0.576353512
PARG,729.6584055,0.044290445,0.065874203,0.111436432,0.576818137
RBM19,1859.338887,0.044138338,0.06553125,0.111397204,0.576818137
CADM1,2411.144644,-0.048504927,0.066279886,0.111579603,0.577324823
RABL6,4407.501923,0.044736422,0.05815681,0.111783753,0.578146478
PLEKHB1,39.19964011,-0.016297726,0.055444558,0.111885705,0.57821559
SH3GL1,2834.968261,0.051488872,0.061334083,0.111887823,0.57821559
CDC37,7666.862146,0.055794642,0.061054847,0.111972194,0.578417142
TAMM41,212.6916183,-0.03193359,0.061303688,0.112082287,0.578751348
CHCHD7,1317.870408,-0.050803665,0.058759415,0.112196276,0.578871033
GLIS2,44.45341806,0.015022338,0.054798295,0.112155505,0.578871033
ACTR3,12054.58893,0.037266641,0.053655605,0.112322154,0.579286062
DYM,1117.431634,-0.048290761,0.065910375,0.112583584,0.579824872
IKZF4,370.8310064,0.033800741,0.062446491,0.112608548,0.579824872
NAA40,1221.495724,-0.046922099,0.064664769,0.112588717,0.579824872
XPA,413.6819061,-0.040611499,0.064396438,0.112506378,0.579824872
B3GLCT,425.9276429,-0.034352822,0.061998952,0.113216169,0.580035166
CIRBP,4915.162889,-0.045890321,0.059021426,0.113067821,0.580035166
KLK4,77.89434631,0.017604924,0.055645076,0.112824272,0.580035166
LAP3,10583.68805,0.052905185,0.065434123,0.113063241,0.580035166
MLLT3,90.92765821,-0.022032052,0.057278774,0.112867971,0.580035166
NCAPH2,1225.855324,0.044669578,0.065404167,0.113034933,0.580035166
NIPAL3,888.7636668,-0.048740631,0.061604741,0.113202817,0.580035166
PEX2,685.1331654,-0.039222082,0.064395276,0.112814634,0.580035166
RHOG,2896.57104,0.038742083,0.059288644,0.113194979,0.580035166
SCP2,3432.248821,-0.047880873,0.067126019,0.112956929,0.580035166
SPEN,3152.968978,0.029420773,0.059382738,0.113225542,0.580035166
TRMT1,1090.307586,0.041187149,0.065504274,0.113240845,0.580035166
UPF2,1700.700393,-0.045332402,0.062679014,0.112970616,0.580035166
LGALS1,15653.81623,0.032652212,0.056801848,0.113299439,0.580102226
APPL2,668.5314488,-0.040594142,0.064965157,0.113530253,0.580142442
ATP7A,1078.566165,-0.035308648,0.063001685,0.113369188,0.580142442
MPDZ,2111.169723,-0.044090797,0.064745701,0.113437681,0.580142442
SYF2,1793.418932,-0.045525665,0.062752072,0.113534818,0.580142442
SYNCRIP,3908.149689,0.044195762,0.064522312,0.113464079,0.580142442
CDCA8,417.2946813,-0.038286421,0.063690777,0.113607418,0.580280838
IFNGR1,4649.912344,-0.04678361,0.057187441,0.113872112,0.580470035
LILRA4,60.03688029,-0.016737092,0.055326087,0.113713863,0.580470035
PAPLN,1560.0431,0.042097088,0.065693473,0.113827291,0.580470035
PIGCP1,84.52045234,0.022198761,0.057334033,0.113820932,0.580470035
PNN,2946.416431,-0.050836332,0.056731487,0.11375136,0.580470035
SETDB2,2158.168694,-0.048314541,0.065164952,0.114028169,0.581033223
BCL2,354.7095916,0.031317299,0.060856745,0.114122742,0.581077381
ZNF100,281.1344486,-0.031136879,0.061358582,0.114127991,0.581077381
ANLN,894.7852045,-0.034992199,0.064281743,0.114281913,0.581628787
ITGA4,1169.133616,0.036115445,0.064242921,0.114330209,0.581642391
CNST,606.5828772,0.030032419,0.059659946,0.114449946,0.582019291
SLC25A14,137.0512616,-0.027898167,0.059803276,0.114620455,0.582653982
COMT,6511.714256,0.047044192,0.062821584,0.114917927,0.583115288
GDF15,2200.298997,0.050004713,0.062895603,0.115031371,0.583115288
KLF8,91.12989655,-0.021831365,0.057182649,0.114995124,0.583115288
NHEJ1,301.3256918,0.022255958,0.057394862,0.114796956,0.583115288
PTPRK,68.67659984,0.011460064,0.053828504,0.114805945,0.583115288
TSNAX,1431.554659,-0.042398888,0.064153211,0.114960493,0.583115288
ZRANB1,1531.447681,-0.049279564,0.059145584,0.11499985,0.583115288
TALDO1,7335.70473,0.058246883,0.068918997,0.115242196,0.583951812
ALDH9A1,2226.355272,-0.04471791,0.062526433,0.116011157,0.585201513
CASP10,640.3635524,-0.043682979,0.068210324,0.115815662,0.585201513
CENPO,507.1302581,0.035439427,0.062821004,0.116081574,0.585201513
CLCN4,434.9890185,-0.026501868,0.059151407,0.115787261,0.585201513
CYP4X1,389.8065639,-0.033678116,0.062207832,0.116019103,0.585201513
EFHC1,287.016768,-0.026888894,0.059322356,0.115818757,0.585201513
ENDOG,505.6490107,0.039113578,0.063899748,0.115561062,0.585201513
ERP29,5050.259437,-0.050740037,0.055223937,0.116145302,0.585201513
HP,110.3105992,-0.022997792,0.057662441,0.115712209,0.585201513
MNT,1323.173781,0.035355632,0.064228605,0.115883881,0.585201513
MTG1,1198.832629,0.057777614,0.072446463,0.116166759,0.585201513
RNF38,1242.145791,0.04889842,0.059303069,0.115662353,0.585201513
STX18,1408.561206,-0.049596206,0.059858934,0.116010094,0.585201513
TMEM177,97.26117312,0.024948366,0.058777243,0.116066603,0.585201513
UFL1,1417.510129,-0.041845773,0.063114437,0.11617735,0.585201513
FAM120AOS,1587.474197,-0.048622301,0.058841845,0.116391149,0.585584355
TERF1,526.7840173,-0.041054582,0.06572721,0.116336602,0.585584355
WIPF2,2100.239587,0.028883001,0.059762264,0.116378412,0.585584355
PEDS1,1591.200308,0.048095151,0.062056655,0.116525658,0.5858129
ZFP30,254.6252278,-0.032930446,0.061950644,0.116528474,0.5858129
SLC2A13,637.3702321,-0.041528476,0.064298942,0.116594593,0.585914256
FNIP1,1789.101693,-0.048324095,0.058752226,0.11668341,0.58612955
GTF2B,826.1866468,-0.045333246,0.064327606,0.11686909,0.586831049
WDR3,626.1676158,0.034946921,0.062664819,0.116965895,0.587085902
CTSF,264.5390688,-0.026054961,0.058943703,0.117063614,0.587114089
NPEPPSP1,232.085095,-0.029207089,0.060315146,0.117062817,0.587114089
DESI1,1264.446072,0.042896212,0.065230446,0.117169256,0.58741257
ZSWIM6,1582.901366,-0.047141149,0.054759278,0.117215278,0.58741257
ANAPC1P4,136.9054861,0.026462334,0.059117617,0.117393969,0.587888718
TAF4B,101.3724038,0.022817721,0.057564788,0.117415114,0.587888718
VHL,1615.803589,-0.046696373,0.062572218,0.117448628,0.587888718
ALAD,1595.211791,-0.047070102,0.061928239,0.117602644,0.588037074
APOBEC3B,346.9645916,-0.034833495,0.062548524,0.117779389,0.588037074
ARHGAP39,238.9387201,0.030033257,0.060628979,0.117847261,0.588037074
HNRNPU,11633.94558,-0.05096826,0.051081304,0.117534611,0.588037074
SMPD4,2440.585603,0.042948686,0.063196738,0.117717689,0.588037074
TOMM40,4615.316162,0.044543108,0.063354322,0.117735146,0.588037074
UPK3BL1,567.5681039,0.026716625,0.058960207,0.117713853,0.588037074
ZNF26,537.577182,0.042655928,0.064557692,0.11783081,0.588037074
PSMD10,1332.082724,-0.048088815,0.061087364,0.117923254,0.588089501
RNF207,260.2699343,0.025685055,0.058487408,0.117950024,0.588089501
ADGRE4P,408.2009176,-0.034716534,0.062565157,0.118118943,0.588139165
ETV5,1584.968764,0.035136012,0.062574921,0.118009713,0.588139165
MID1,51.19095212,-0.015814029,0.054989479,0.118144513,0.588139165
SIGLEC10,1454.250622,0.041171357,0.06122319,0.118095324,0.588139165
PRRC2C,8623.61498,-0.051838706,0.05833447,0.118232765,0.58825174
RNF11,1640.461844,0.044018803,0.063261728,0.118259409,0.58825174
GIT1,2486.20052,0.039456113,0.059575847,0.118345978,0.588270845
MORN1,111.1515371,0.024283502,0.058152341,0.118355535,0.588270845
RHOT1,1777.283801,-0.047522338,0.060640669,0.11848162,0.588668036
RBMX,3053.804348,-0.049690443,0.049210489,0.118709503,0.589570494
CAMTA2,2773.076871,0.038062731,0.065456403,0.11901183,0.589853185
CCDC121,45.12782147,-0.014518572,0.054599677,0.118980981,0.589853185
CYCS,3828.520753,0.042421827,0.064038668,0.118943552,0.589853185
DBI,8024.751918,-0.045172515,0.063473824,0.1189892,0.589853185
FPGT,594.4774505,-0.027657234,0.059620992,0.119044023,0.589853185
MMP2,4724.657558,-0.04235285,0.06377597,0.119008528,0.589853185
CDK2AP2,1199.845636,0.031295777,0.060935083,0.119186126,0.590117897
PIM1,9223.492075,0.042752806,0.06043185,0.119190022,0.590117897
RXRA,5137.737157,0.038537071,0.055413244,0.119321272,0.590309235
TBCE,422.7845666,-0.025862665,0.058763391,0.119298716,0.590309235
MBD1,2063.641028,0.045580036,0.062850393,0.119462488,0.590320645
MROH7-TTC4,56.54409193,-0.016538404,0.055218488,0.119420512,0.590320645
SPEG,132.7658346,0.023088191,0.057638225,0.119462198,0.590320645
SLC7A6OS,856.9986152,-0.040719514,0.062448212,0.119540138,0.590475483
CCDC174,662.5386799,-0.036961742,0.063604816,0.119750336,0.591139521
SRA1,1197.874647,0.054778525,0.071567891,0.119767306,0.591139521
EIF5A,9815.577027,0.034046377,0.056417183,0.119817125,0.591156549
OR6Y1,43.67604919,-0.015209126,0.054814175,0.119897061,0.591322103
ANKRD24,61.70215404,-0.015870534,0.054996388,0.120029672,0.591332215
ASS1,6048.226413,-0.045984888,0.065491507,0.120126359,0.591332215
CFAP298,753.953321,0.043974807,0.063028034,0.120131025,0.591332215
IL1RAP,516.5008622,-0.041083092,0.063908347,0.120084221,0.591332215
SLC26A6,865.1086039,0.032741214,0.061620347,0.12008213,0.591332215
PTMA,24499.47025,-0.049617192,0.054499145,0.120209508,0.591490165
BBIP1,229.7315953,-0.027582266,0.059475653,0.120411999,0.592095013
CRIPT,427.0300661,-0.040323467,0.06421796,0.12047176,0.592095013
NCKIPSD,843.1631852,0.042056417,0.0634476,0.120465631,0.592095013
SNCG,80.25668872,0.018562061,0.055894858,0.120556611,0.592283713
TPBGL,118.7198046,0.020850477,0.056741186,0.120770221,0.593104602
DGAT1,1621.360151,0.036730014,0.063506522,0.120930011,0.593432143
DIS3L2,555.8980631,0.039008452,0.063127398,0.120922044,0.593432143
POLR3B,348.8208562,-0.032913411,0.061643494,0.120992987,0.593512731
EDRF1,430.1409323,-0.033054127,0.06168864,0.121173566,0.594169921
FBXO10,1005.092769,-0.045250628,0.064069134,0.121330521,0.594253867
NOTCH2NLB,162.0811598,-0.021785903,0.057064632,0.121297592,0.594253867
SMPDL3A,696.8972068,-0.036923167,0.063007021,0.121303802,0.594253867
MED25,3422.014848,0.04041093,0.063545843,0.121385702,0.59429582
IRF7,3267.927053,0.033022836,0.061480324,0.121444632,0.594356089
DNAJC5,7292.704161,0.05179059,0.057938871,0.121627571,0.59456668
IDH1,9678.443735,-0.050703511,0.055893207,0.12158795,0.59456668
TMEM147,1824.08577,0.043534431,0.063263106,0.121587341,0.59456668
AIMP2,555.0230792,0.037861729,0.061643502,0.123373563,0.595115232
AMY2B,348.4134769,-0.031443185,0.061080923,0.122135672,0.595115232
AP3D1,7558.35825,0.04569241,0.061104416,0.122508175,0.595115232
B3GNT9,139.6295021,0.026412244,0.058957068,0.12239332,0.595115232
CCT2,2346.129158,0.046180709,0.060339418,0.122771166,0.595115232
CDKN2B,491.1867898,0.03754415,0.062909168,0.122562575,0.595115232
CEP112,163.1714835,-0.024816291,0.058265223,0.122667965,0.595115232
CFTR,111.9741092,-0.015583756,0.054885604,0.123262774,0.595115232
CNOT3,1544.430532,0.042127402,0.063229651,0.122045086,0.595115232
DDX31,432.6838235,0.037603601,0.063149977,0.123215338,0.595115232
DNAJB11,2698.315648,0.04662188,0.059704216,0.123238343,0.595115232
DNAJB13,36.97001699,-0.014688918,0.054648838,0.122332258,0.595115232
FARSA,2805.578856,0.038045524,0.061467126,0.12308592,0.595115232
FIG4,2332.695136,-0.046564902,0.061718797,0.122960771,0.595115232
ITGAX,9885.535761,0.043664509,0.062783656,0.122634413,0.595115232
KLF11,930.5461489,-0.046423581,0.061793442,0.123226909,0.595115232
LMO4,2105.464907,0.043569384,0.061717267,0.122736311,0.595115232
LRFN3,302.5482582,0.024341827,0.058070072,0.123350565,0.595115232
MARVELD3,49.81937226,-0.016912325,0.05532099,0.122724558,0.595115232
MYO1D,2493.619511,0.047817653,0.0606052,0.123258995,0.595115232
NAE1,480.2312118,0.039929307,0.062593807,0.123270182,0.595115232
NECAP1,935.6801083,-0.046116595,0.062260328,0.122781279,0.595115232
NFS1,597.1019337,-0.042929789,0.062099759,0.122444773,0.595115232
PPP2R5C,3041.128766,-0.047808392,0.064374258,0.122992228,0.595115232
PTOV1,1745.012007,0.044025623,0.064046199,0.121835315,0.595115232
RASGRF1,74.0245218,0.01568184,0.054924317,0.123278155,0.595115232
RHOF,1026.101591,0.046906049,0.059420771,0.122823983,0.595115232
RNF123,1323.464828,0.041848648,0.0595039,0.123341251,0.595115232
SERINC1,8825.052838,-0.047386526,0.056990649,0.122489869,0.595115232
SORT1,12206.86448,-0.047948491,0.05053346,0.123174427,0.595115232
ST3GAL2,2348.697383,0.038960776,0.063675455,0.122073377,0.595115232
ST8SIA4,772.4976642,0.030039239,0.060089661,0.121891908,0.595115232
STAC,1847.039807,0.049658329,0.055363365,0.122788037,0.595115232
UBE2V1,3106.467979,-0.042955098,0.058923499,0.121871461,0.595115232
VPS45,1011.360368,-0.042332254,0.063023851,0.122362526,0.595115232
SGK1,8497.758156,0.052065483,0.056469727,0.123445509,0.595237065
ACAD10,654.3518298,-0.040035745,0.061995718,0.123622509,0.595639975
MRI1,751.8543738,0.040656364,0.063469435,0.123608229,0.595639975
ATPAF1,792.3443391,-0.042649389,0.064953303,0.12367053,0.595646236
PPP1R18,5995.858707,0.044210749,0.06258987,0.123743228,0.595771302
USP18,1151.12794,0.027232724,0.05925311,0.123873064,0.596171269
LMCD1,32.07419136,0.010972535,0.053670151,0.123980432,0.59646284
IPMK,590.8153533,-0.038197122,0.062818088,0.124061249,0.596626504
CWF19L2,435.7051209,-0.038192066,0.063136339,0.124287634,0.597489836
HYOU1,3747.302332,0.039062498,0.064544709,0.124357478,0.597600257
BBLN,1806.209664,0.042901042,0.063179653,0.124711478,0.598103021
CENPB,3619.629632,0.043407881,0.063521907,0.124577713,0.598103021
CEP135,534.5110277,-0.039259936,0.063394898,0.124800757,0.598103021
HACD1,122.8177801,0.024135064,0.057947261,0.125071978,0.598103021
HACD4,401.581712,-0.03457681,0.062222609,0.124889825,0.598103021
METTL4,234.8865346,-0.02876072,0.059764451,0.124645874,0.598103021
PCMTD1,2249.466749,-0.045354987,0.065460023,0.125046406,0.598103021
PRR3,327.8180713,-0.034287692,0.061947015,0.124936377,0.598103021
RASSF4,15354.11759,0.047311386,0.05691455,0.124999492,0.598103021
RIDA,208.4976523,-0.030252311,0.060547988,0.12490525,0.598103021
SLC7A7,12110.85996,-0.046563938,0.044477722,0.125034963,0.598103021
SP1,4083.053961,-0.0437776,0.060601948,0.1246823,0.598103021
ZNF189,488.4395853,-0.040833733,0.062986895,0.125015414,0.598103021
SMARCAL1,906.1951787,0.045965347,0.060449047,0.125141697,0.598212034
CNKSR3,251.064783,0.022992081,0.057468923,0.125416106,0.599299076
ANKHD1,2949.086609,-0.044717134,0.061169112,0.125604382,0.599524622
KMT5A,1262.532228,0.048232029,0.059648488,0.125599786,0.599524622
PIK3R5,4495.321412,0.043227737,0.062115248,0.125542824,0.599524622
PHB1,3326.208397,0.039665367,0.057294179,0.125673244,0.599628813
CAVIN1,1775.197767,0.034389154,0.061893732,0.125822136,0.599665949
EIF4A1,18937.17657,0.060040853,0.075163566,0.125768301,0.599665949
PARL,1439.648768,-0.046874946,0.056299351,0.125811762,0.599665949
PCMTD2,1572.950162,-0.040858335,0.063212255,0.126053668,0.600448104
ST7L,405.5307165,0.039490321,0.062878333,0.126080443,0.600448104
SMYD4,704.9377721,-0.042943545,0.063998429,0.126128185,0.600451167
ZNF696,312.1933207,-0.034099159,0.061819435,0.126189947,0.600520953
BORCS5,414.0097288,0.032803827,0.062112137,0.126334604,0.600714922
PKD1P5,88.86913361,0.019587133,0.05619968,0.126372062,0.600714922
UBL3,2639.242666,-0.051141209,0.057134363,0.12636474,0.600714922
IL17RE,37.63474,0.01425855,0.054499542,0.126501983,0.601108378
SURF4,6110.009588,0.046526305,0.057301463,0.126728677,0.601737022
VCPIP1,1420.638643,-0.042843099,0.0623208,0.1267014,0.601737022
IRF3,1571.832633,0.046774117,0.058155584,0.126839854,0.602040693
JRKL,246.9559865,0.033933657,0.061668893,0.12711582,0.602720895
PLA2G4C,153.8220079,0.024777781,0.058113044,0.127073892,0.602720895
UBIAD1,493.5046158,0.037816777,0.062657489,0.127124989,0.602720895
PTRHD1,612.7857172,-0.042478161,0.061662911,0.127261288,0.60291868
TNFSF14,626.8721731,0.029278785,0.059626644,0.127248003,0.60291868
TAGAP,1082.02513,-0.034449872,0.061762211,0.12731432,0.602945863
DHX9,4036.595181,-0.046346542,0.058868749,0.127508363,0.603425941
METRNL,2160.707021,0.042018616,0.063015677,0.127510353,0.603425941
ANAPC7,1679.764973,-0.046164166,0.053446085,0.127743139,0.603855126
GPALPP1,448.3645263,-0.033452531,0.061492272,0.127657707,0.603855126
GPR141,275.4523102,-0.023464485,0.057605129,0.127716009,0.603855126
TUBGCP3,1334.453945,-0.044188166,0.061412089,0.12790378,0.604390399
AOC3,260.5977074,-0.023509472,0.05762118,0.127982384,0.604400255
C11orf24,729.9099549,0.040730721,0.061447618,0.128000681,0.604400255
WBP4,614.9057826,-0.035394396,0.062205212,0.128064279,0.604476673
GPC4,6663.843493,0.040761428,0.059501793,0.128140144,0.604541086
MDP1,197.9384878,-0.030989412,0.060926249,0.128172763,0.604541086
EAPP,570.3596298,-0.03760576,0.062540907,0.128224557,0.604561717
ARPC4,7683.601632,-0.048436944,0.056092535,0.128385765,0.60465199
INAFM1,215.0941773,0.029055566,0.059856643,0.128433414,0.60465199
TRIM24,695.3670124,-0.056591274,0.073017343,0.128399047,0.60465199
ZMYM5,357.0190251,-0.037281186,0.063556178,0.128371135,0.60465199
ENO1,34219.29926,0.037569348,0.062360914,0.128482404,0.604659344
SECTM1,178.4139788,0.026740318,0.058904686,0.128658088,0.605262717
ARGFX,52.00453801,-0.016737096,0.055213761,0.128767149,0.605552334
ADGRV1,175.9894177,-0.029914469,0.060162511,0.128850224,0.605719582
DGKE,128.6875871,0.019506689,0.05612285,0.128956595,0.605996178
TMEM9B,2170.468809,-0.048114604,0.058549365,0.129007637,0.606012662
PODNL1,33.49597582,-0.010401759,0.053555003,0.12914735,0.606445512
EXOC3,2346.338986,-0.044983573,0.060770166,0.129447883,0.607545204
HSD11B1L,60.72463855,0.015745523,0.054909917,0.129476847,0.607545204
ARAF,2252.095767,0.045963647,0.059856386,0.129881045,0.607652638
ARHGDIA,12909.31199,0.029761263,0.057674588,0.129804408,0.607652638
BORCS8-MEF2B,92.74858331,-0.01399701,0.054410427,0.129809632,0.607652638
FAT1,894.2305485,0.039019093,0.062713814,0.129868545,0.607652638
PCCA,1027.079302,-0.041699127,0.062119658,0.129666232,0.607652638
PCSK7,1886.640097,0.04493559,0.059227887,0.129745128,0.607652638
SHCBP1,674.5113022,-0.031574888,0.060670808,0.129817863,0.607652638
SSNA1,1875.48035,0.04339869,0.060500003,0.129592327,0.607652638
MGST3,4410.598987,-0.041629261,0.059193226,0.129974198,0.607865388
CCSER2,898.6238744,0.03017781,0.060125002,0.130047818,0.607986663
C12orf76,387.8223966,-0.037319475,0.062062776,0.130126802,0.60813292
STK32C,273.4543878,0.03175822,0.060768998,0.130459176,0.60946282
CCDC69,1008.629164,-0.045413907,0.05928278,0.130556759,0.609695282
ABHD18,493.5362319,-0.036051362,0.061383365,0.131101943,0.609733079
APIP,2440.715365,-0.041977382,0.060231421,0.1307045,0.609733079
ARHGAP42,157.3886054,-0.015881481,0.054926569,0.131114043,0.609733079
DEAF1,1239.251633,0.047174077,0.067200275,0.131102604,0.609733079
ENY2,1807.351177,-0.042689181,0.059926848,0.130910364,0.609733079
FXR1,2338.263037,-0.045385061,0.057375406,0.130846127,0.609733079
LY6E,12994.58342,0.028806224,0.059641001,0.131138764,0.609733079
MPZL3,113.2655389,-0.021679881,0.056892149,0.130660959,0.609733079
PARP2,555.5829331,0.034979482,0.061828712,0.130909332,0.609733079
PGA4,59.66649022,-0.014213425,0.054457286,0.131084032,0.609733079
SF3B1,8052.986296,-0.046922964,0.061252829,0.13085031,0.609733079
ZNF731P,450.0086237,-0.034922837,0.061769228,0.130945192,0.609733079
RRAS,1331.071447,0.042745744,0.062655373,0.131243039,0.609995445
OGFOD1,934.0365847,0.032725702,0.060896693,0.131305395,0.610062859
ALG2,1165.125323,-0.044099776,0.059408945,0.131632646,0.610125054
ALG8,959.9982154,0.045069049,0.057485391,0.133086465,0.610125054
ARF6,4826.610502,0.046916923,0.049727006,0.132119752,0.610125054
C17orf67,47.25228065,0.014162413,0.054442802,0.133020822,0.610125054
C1orf50,307.5012076,-0.029364206,0.059717664,0.133087976,0.610125054
CCDC137,1066.710541,0.050018598,0.065324481,0.131573989,0.610125054
CD14,32040.67174,0.034392088,0.05716571,0.133148317,0.610125054
CDK5RAP3,3987.140137,-0.044605579,0.059843222,0.13266641,0.610125054
CPE,579.0786234,-0.041076695,0.06328527,0.131826671,0.610125054
CTNNBL1,1595.633971,0.046241071,0.070844896,0.131396506,0.610125054
DNAJB2,2110.243221,0.041246945,0.057919523,0.132315671,0.610125054
EGR2,2568.261539,-0.05295626,0.061519357,0.132512223,0.610125054
FSTL3,267.368998,0.030190913,0.059870751,0.133039535,0.610125054
GNPNAT1,617.4743659,0.033503143,0.061407815,0.133112268,0.610125054
KBTBD7,262.2672489,-0.033314162,0.061012225,0.132866729,0.610125054
KYAT1,164.9644874,-0.020505063,0.056452596,0.131561752,0.610125054
MLST8,1678.580592,0.039461824,0.061835118,0.132892048,0.610125054
MPP1,5339.015516,-0.045718542,0.046199408,0.132988238,0.610125054
NEMF,2282.539822,-0.045521568,0.057656807,0.132189902,0.610125054
RAB12,1036.365064,-0.040144784,0.062398306,0.132353314,0.610125054
SAMD11,64.15884747,-0.013074638,0.054136605,0.132693457,0.610125054
SIGLEC12,90.75758979,0.017024548,0.05527932,0.131746901,0.610125054
SLC12A4,1245.813965,0.032874946,0.060999029,0.132190329,0.610125054
SLC25A38,810.831656,0.042074013,0.061056303,0.132160338,0.610125054
SLC26A1,181.5998506,0.023149797,0.057431147,0.132115316,0.610125054
SLC38A6,1258.539435,-0.035108429,0.061455701,0.13314574,0.610125054
SLC66A3,441.2680691,-0.045763408,0.067403887,0.13293387,0.610125054
SNX18,3070.875836,0.040746644,0.063131214,0.133185193,0.610125054
SNX7,671.8592838,-0.040920768,0.062380043,0.132621594,0.610125054
SP140,148.4807738,0.01797355,0.055581533,0.132808176,0.610125054
TBL3,996.7790274,0.036950222,0.062306827,0.131920338,0.610125054
TIMD4,34.34540794,-0.012275314,0.053959336,0.13259945,0.610125054
TRABD,3339.939035,0.039581663,0.062557029,0.131564222,0.610125054
TRMT2A,2033.738943,0.04143496,0.061826104,0.133053999,0.610125054
TUT4,1312.840824,-0.044896397,0.058956808,0.132959531,0.610125054
WDR46,1217.530893,0.043546992,0.061500334,0.131843654,0.610125054
ZDHHC20,2546.65457,-0.043275943,0.062641448,0.133137626,0.610125054
ZNF134,563.617034,0.036527779,0.061972219,0.131714373,0.610125054
ZNF318,1390.337905,-0.042453002,0.061638524,0.132495971,0.610125054
ZNF671,222.6304883,-0.02719092,0.058851595,0.133389213,0.610840183
POLR2D,804.9282472,0.040698623,0.062387402,0.133454126,0.610918009
ZNF749,94.02812852,-0.019227165,0.055983398,0.133613714,0.611429016
NKAPD1,896.9616671,-0.030608546,0.060226682,0.133741828,0.61179568
RRM2B,1908.108239,-0.039443118,0.061969068,0.13383227,0.611989815
TSPO,5040.135049,0.044169941,0.063042441,0.133896837,0.612065535
PCF11,2120.523257,-0.039221734,0.06313294,0.134135786,0.612938041
FMO5,111.3472357,-0.021629175,0.05681486,0.134284109,0.613264743
OCIAD2,52.28773906,0.015696087,0.054859462,0.134330694,0.613264743
SYT12,41.76252985,0.013470559,0.054252735,0.13435159,0.613264743
ZNF385A,9112.611459,0.040558543,0.061554977,0.134484371,0.613651125
ATRIP,333.4026778,0.035827768,0.061611598,0.134635685,0.613654467
CABLES1,2991.492806,-0.040441065,0.062063548,0.134766679,0.613654467
FBXL14,542.3607422,0.035992693,0.061968291,0.134737635,0.613654467
FGR,8184.556299,0.043045433,0.053766244,0.134543069,0.613654467
KRCC1,870.9923067,-0.039612451,0.061917311,0.134586674,0.613654467
ZNF44,385.1299087,-0.035998212,0.061242705,0.134773904,0.613654467
CLN8,3355.145383,-0.046512148,0.05293277,0.135099565,0.613787359
CPTP,700.7291503,0.031622914,0.060380202,0.135263126,0.613787359
CRLF3,709.492348,-0.03608571,0.061475148,0.135148702,0.613787359
DCP2,2060.090105,-0.040947771,0.062722068,0.135164379,0.613787359
DIRAS1,1883.530924,-0.045754051,0.056815514,0.135279423,0.613787359
LRRC59,4306.921979,0.0403897,0.061387296,0.135091991,0.613787359
PEX26,1643.367314,0.040503222,0.061695861,0.135225287,0.613787359
RPH3AL,235.0290827,0.023002993,0.057313058,0.13528453,0.613787359
UBA2,2178.022067,0.0422751,0.060815739,0.135162249,0.613787359
VPS13C,2726.315826,-0.04311834,0.063262533,0.135237811,0.613787359
GCLM,380.7394674,0.025531948,0.058226551,0.135379146,0.613844139
SIPA1L3,629.1109978,0.024868538,0.057967146,0.135393342,0.613844139
ATRAID,1923.794667,-0.044824512,0.055910922,0.13546822,0.613965281
KIF18B,481.2909857,-0.034520186,0.061500081,0.135671363,0.614449096
MAPK8,652.5638285,0.038484409,0.061851717,0.135669184,0.614449096
PRTFDC1,51.82001388,0.014531821,0.054523339,0.135724544,0.614471667
KNTC1,592.1944927,-0.037401395,0.062573262,0.135797747,0.614584834
CHPF2,2676.297428,0.040655045,0.062341541,0.135948269,0.615047724
GPRC5A,57.83051936,-0.01762035,0.055429908,0.136188215,0.615478039
IFI27,7182.473087,0.039127757,0.061487312,0.136111201,0.615478039
ZNF12,725.8595552,-0.035559352,0.059759086,0.136140956,0.615478039
CCDC85B,1126.973032,0.039394432,0.064322017,0.136614135,0.615777298
HIVEP1,617.5735552,-0.030015347,0.059860651,0.136689133,0.615777298
HSD3B7,2620.441253,0.044380666,0.057792415,0.136444224,0.615777298
KCNJ6,61.18584511,-0.01662943,0.055117696,0.136682454,0.615777298
PSMB7,3130.998697,0.046258642,0.051686555,0.136328219,0.615777298
SEPHS2,5380.025329,-0.045558731,0.048881168,0.13637023,0.615777298
TIA1,1293.593139,-0.037435758,0.061397876,0.136471976,0.615777298
ZBTB42,125.9899179,0.022780455,0.05723043,0.136560834,0.615777298
ZNF777,676.171842,0.034813059,0.061141614,0.136498451,0.615777298
APPL1,2972.748657,-0.041177488,0.062083117,0.13678521,0.615808191
SHE,169.8284869,0.026141843,0.058449541,0.136792595,0.615808191
ELOVL1,3645.371331,0.041818506,0.059123859,0.136954058,0.616317434
ADAM17,4157.336503,-0.042098964,0.061020757,0.137123505,0.616427211
ATG7,2611.629575,-0.045591007,0.050190231,0.137056122,0.616427211
LTBR,3534.6615,0.040294376,0.059523134,0.137088312,0.616427211
LRP3,1098.765236,0.0313416,0.061047213,0.137190115,0.616509261
MLLT6,4453.117153,0.037309104,0.061960906,0.137350199,0.616576649
TUBB,14797.15054,0.045893205,0.062588262,0.13733928,0.616576649
UQCRB,4626.866177,-0.03717323,0.060087753,0.137258379,0.616576649
SLBP,1377.718265,0.041120082,0.058756423,0.137431627,0.616725032
SYNPO,142.2698007,-0.020090429,0.056231632,0.137538654,0.61698814
FLT1,245.903242,-0.030984294,0.060058546,0.137783955,0.617589568
RWDD2A,405.2339955,-0.035993845,0.061332939,0.13781805,0.617589568
SHKBP1,3249.681187,0.033598292,0.06098934,0.137750043,0.617589568
NOL11,766.1921025,0.037461356,0.061317561,0.138048738,0.618188747
PDCD5,726.4575476,0.033392114,0.060873475,0.138007873,0.618188747
ZNF627,220.5525223,0.030874865,0.060104395,0.138119064,0.618286499
AUNIP,47.6937453,0.0146199,0.054534645,0.138195108,0.61840977
PRAG1,1842.801013,0.03575904,0.060640966,0.138282596,0.618584144
ID3,1840.22694,-0.031559422,0.060148939,0.138518145,0.618600941
MAP3K14,757.4726698,0.03768555,0.061683625,0.138456034,0.618600941
SP4,114.0690193,-0.012928796,0.054090709,0.138409361,0.618600941
TADA2A,295.2918731,-0.030467105,0.060012518,0.138528958,0.618600941
WHAMMP4,100.2879461,-0.021169221,0.056590292,0.138423471,0.618600941
WWOX,347.2620505,0.032549184,0.060358395,0.138598726,0.618695784
CPSF6,1856.501289,-0.045460636,0.056726053,0.138667344,0.618785427
ACP5,41011.67395,-0.044235159,0.050817928,0.138855895,0.619410011
ITM2B,15252.82653,-0.044452059,0.04253766,0.138946506,0.619530753
UBE2T,135.193271,0.022161587,0.05694757,0.138980152,0.619530753
TXNDC17,580.9394821,0.034395335,0.061213788,0.139088817,0.619798435
AGAP5,286.7811795,-0.032519693,0.060452428,0.13951193,0.620086742
BRAT1,1564.666294,0.040442899,0.06127464,0.139539157,0.620086742
BRD4,4391.579284,0.038480502,0.061753948,0.139457206,0.620086742
COL15A1,133.3530574,0.015990788,0.054907782,0.139260228,0.620086742
HARS1,1786.809404,0.045227624,0.053651878,0.139649619,0.620086742
HGH1,907.6573601,0.032368953,0.060267744,0.139214302,0.620086742
HIPK2,5704.406955,0.039720923,0.061738385,0.139550476,0.620086742
ITFG2,881.6164217,-0.04245881,0.058656694,0.13932038,0.620086742
LZTR1,1955.720245,0.040255901,0.061005979,0.13978581,0.620086742
MOCOS,88.61772478,0.017642668,0.055388743,0.139760072,0.620086742
PUS10,407.2517416,-0.028416423,0.059251991,0.13966631,0.620086742
TBCA,2110.128667,-0.034633919,0.062076898,0.139723255,0.620086742
TEN1,652.9207812,0.042815068,0.063517324,0.139470165,0.620086742
HAUS3,458.2372449,-0.032980944,0.060673262,0.139835888,0.620093127
FOXO4,728.0568339,0.026305414,0.058155922,0.139974606,0.620492438
CHML,164.9462894,-0.020844366,0.056468399,0.140113434,0.620676224
TRIM4,861.2530657,-0.044313011,0.058087179,0.140112666,0.620676224
SPCS3,3606.586005,0.043811719,0.045953229,0.140396051,0.621712142
DNAAF2,267.7236654,0.032808328,0.060524348,0.140625669,0.62193764
PLXNA2,759.7244925,-0.026347469,0.058389571,0.140575406,0.62193764
SERPINI1,97.86482644,-0.018127405,0.055559352,0.140642107,0.62193764
UBE2S,1493.807965,0.036562735,0.061059592,0.140641886,0.62193764
TSC22D1,3173.319081,0.045494057,0.057998718,0.140757863,0.622233703
TMEM205,722.0677622,0.033312258,0.060899083,0.140842178,0.622390618
SHQ1P1,33.13570329,-0.013048303,0.054112258,0.140931052,0.622567561
S100Z,35.88097814,-0.010801654,0.053604715,0.141078336,0.622634612
SLC25A1,2642.585772,0.033112161,0.060180768,0.141092744,0.622634612
TATDN3,516.7471192,-0.035442547,0.061178274,0.141056821,0.622634612
ATF7IP,1330.339283,0.031013181,0.060886617,0.14155764,0.623488801
GATAD1,2039.394343,-0.042701193,0.060173394,0.14142825,0.623488801
GCC2,2126.896161,-0.038095665,0.060986443,0.141563478,0.623488801
MUC21,273.0214199,-0.032020355,0.060312489,0.141445767,0.623488801
PRPSAP1,859.4096902,-0.042344649,0.059863627,0.14155707,0.623488801
THG1L,402.6820552,-0.034911034,0.061056952,0.141579738,0.623488801
LDHB,10378.30836,-0.044239656,0.055555239,0.141661367,0.623632863
TMEM260,433.6135972,-0.034004027,0.060656139,0.141798376,0.624020535
CYP2T1P,43.0945967,-0.015054288,0.054643587,0.141999071,0.624485385
HSD11B1,280.3586952,0.025495677,0.058082189,0.142066446,0.624485385
MIEF1,2371.124267,0.04489853,0.058446809,0.142239896,0.624485385
MON2,1377.446834,-0.036038355,0.060936685,0.142179784,0.624485385
OFD1,446.1807986,-0.030975759,0.059844919,0.142161175,0.624485385
TMEM18,681.1837986,-0.038550111,0.060014548,0.142246887,0.624485385
UBE2G2,2840.027668,0.043202941,0.057392915,0.1420926,0.624485385
PDSS2,446.2876062,0.0319982,0.06036246,0.142456676,0.625072482
SLC35B1,1080.508378,0.037310761,0.061077248,0.142478675,0.625072482
NPM3,458.242145,0.036114791,0.060887384,0.142580715,0.625289681
RNPEPL1,4912.678334,0.027942262,0.056646098,0.142773414,0.625289681
RPL22L1,586.3479259,0.031403742,0.060025407,0.142653966,0.625289681
SPPL3,1336.764935,0.038607703,0.059760218,0.142727304,0.625289681
ZNF823,121.6447899,0.023832179,0.057483956,0.142701979,0.625289681
PLSCR3,562.5547987,0.029876318,0.059514553,0.142875508,0.625521929
POLE4,588.4750341,-0.032479459,0.06030407,0.143014894,0.625917229
FAM89B,1733.888675,0.033626118,0.061161805,0.143077354,0.625922664
MALSU1,417.3522622,0.037475013,0.061742058,0.143163424,0.625922664
ZBTB5,369.183807,-0.033494615,0.060097958,0.143147245,0.625922664
ZNF669,97.75015027,-0.020583997,0.056320361,0.143280551,0.62622
STX12,2281.92588,-0.04388667,0.057829505,0.143576933,0.627300316
UBE2E1,2287.834392,-0.038839469,0.060842543,0.143797782,0.628049991
SUCLG1,1269.67584,-0.038752219,0.060211732,0.144049835,0.628935394
ACTG1,47165.46401,0.04149533,0.060882965,0.144208305,0.629154631
ANKRD54,865.0483807,0.037887662,0.060853423,0.144248097,0.629154631
PPP3CB,1507.468289,0.043664003,0.058159231,0.144191915,0.629154631
RPS26,2691.15857,-0.028563101,0.057833398,0.144452942,0.629635713
VIRMA,1276.437783,-0.040308553,0.06020493,0.14445717,0.629635713
CDO1,36.38046067,-0.012588453,0.053982616,0.14453022,0.629738815
TUT7,1316.863508,-0.033757234,0.061132811,0.14461669,0.629900299
COX7C,3930.437811,-0.041773175,0.055016083,0.144771865,0.630145617
SRF,1668.597875,0.041935366,0.058264003,0.144750722,0.630145617
H2AZ2,4015.715679,-0.043686589,0.049958515,0.144861195,0.63020652
MRPL38,1513.142767,0.040565781,0.057916412,0.144884721,0.63020652
GTPBP8,328.4708366,0.034870353,0.061473112,0.145328242,0.630629597
KIF3A,225.6833676,0.020734741,0.056358259,0.145228048,0.630629597
PAQR8,518.6429793,-0.035345034,0.060799179,0.14504218,0.630629597
PAX8,778.333449,0.031817786,0.060033624,0.145208252,0.630629597
SNX20,886.9481386,0.038898281,0.058952226,0.145315081,0.630629597
TTK,310.6432939,-0.027055428,0.058554039,0.145292438,0.630629597
UBR3,1727.041109,-0.038504318,0.060826647,0.145112063,0.630629597
BROX,1458.632479,-0.040180481,0.059471191,0.145449437,0.630726148
CPEB1,57.53164802,-0.015120931,0.054627113,0.145407619,0.630726148
ZNF76,1332.007702,-0.035838464,0.060440488,0.145527887,0.630851762
SLC28A3,624.803524,0.031315777,0.059822007,0.145682625,0.631307879
USP12,2400.578215,0.036685431,0.060323716,0.14574128,0.631347461
ANO7,55.78713448,0.016027163,0.054880707,0.145856254,0.631630906
,189551.2067,-0.040484777,0.063418138,0.146253067,0.632489942
CPEB3,313.6273771,-0.03295963,0.060156704,0.14617629,0.632489942
CYREN,1933.576965,0.03592032,0.060776277,0.146216058,0.632489942
GADD45GIP1,922.8622096,0.040211911,0.059596097,0.146184524,0.632489942
DNAJC21,1130.762918,-0.042236962,0.059159605,0.146444389,0.63310258
PMPCB,1892.697237,-0.043330963,0.057686249,0.146508037,0.633163036
LPCAT1,1173.613512,0.038157678,0.060262394,0.146628716,0.633255253
MIS18BP1,2266.190652,-0.031344881,0.060349339,0.146617295,0.633255253
ANAPC16,1580.079193,-0.041405209,0.057983711,0.146752184,0.633573856
ARHGEF6,1396.784269,-0.050391133,0.06630741,0.146925356,0.633892171
SPTSSA,1096.143547,-0.042109216,0.057345161,0.146879089,0.633892171
AQP3,770.051819,-0.039976747,0.061773179,0.147276738,0.634478929
CATSPER2,252.414176,-0.018004297,0.055431379,0.147151579,0.634478929
FCGR1A,2893.978651,-0.03948662,0.059593397,0.147245409,0.634478929
OTUB2,97.66007134,0.021268603,0.056514295,0.147310191,0.634478929
TIGD7,60.97348423,-0.016377515,0.054960013,0.147285428,0.634478929
FITM2,314.8964772,0.030834468,0.059603229,0.147494771,0.635059383
DENND6A,822.5219592,-0.032582546,0.059801549,0.147873751,0.635192779
DYNC2I2,611.8840465,0.034025765,0.05964212,0.147878239,0.635192779
GALNT10,1810.844211,-0.032360831,0.060440157,0.147924336,0.635192779
KXD1,2128.252268,0.0440253,0.061293746,0.147850826,0.635192779
NOMO3,4315.558481,-0.033070393,0.058024708,0.147912295,0.635192779
PRR4,69.02329832,-0.014517589,0.054455732,0.147665798,0.635192779
ZNF219,1919.710074,0.033689601,0.059951152,0.147802445,0.635192779
ZNF821,329.9272982,-0.033536498,0.059924464,0.147915532,0.635192779
DHX33,589.3100905,0.034878221,0.059957769,0.148013979,0.635363709
ADM2,324.62225,0.027705577,0.058656945,0.148228931,0.635948298
FAM118A,599.4813256,-0.036162925,0.060508815,0.148249929,0.635948298
KIAA2012,37.60055578,-0.014355752,0.054432269,0.148440738,0.636387227
SHPK,637.6408037,0.036755352,0.058616831,0.148452084,0.636387227
ALPL,83.35651485,0.017051299,0.05514956,0.148828968,0.637264598
MAK16,508.7640672,0.036573547,0.060335117,0.148738737,0.637264598
NAGK,3612.497378,-0.043734179,0.054622335,0.148856693,0.637264598
NRROS,1753.070289,0.031666597,0.059994634,0.148772904,0.637264598
GOLM1,728.8213677,0.04075497,0.058742985,0.148960781,0.637491777
TTC32,109.6223502,-0.021848878,0.056663501,0.149026117,0.637491777
WDR75,609.4733946,0.037899989,0.059262079,0.149059768,0.637491777
SLC52A2,2190.798887,0.031344988,0.060632825,0.149132757,0.637590046
RAD21,4721.083687,-0.039198497,0.055171822,0.149292607,0.638059485
DNPH1,1718.676654,0.041280484,0.058396251,0.149612057,0.638275586
GAS2L1,1880.342431,0.027751359,0.058700196,0.149419221,0.638275586
STUB1,2403.022871,0.03977152,0.060666523,0.149466542,0.638275586
TNRC6C,275.2309286,0.020003522,0.056075251,0.149589358,0.638275586
WDR90,901.4773823,0.033917105,0.059951418,0.149693623,0.638275586
ZMAT1,176.2502383,-0.02357734,0.057244435,0.149660615,0.638275586
ZNF440,157.5161474,-0.022065793,0.056663358,0.14954382,0.638275586
C1orf198,498.0342711,0.037561409,0.06070771,0.150041396,0.639418223
ERCC6,611.1919356,-0.035213093,0.058749201,0.150061913,0.639418223
ABI3,3695.773135,-0.033929902,0.060666704,0.150349782,0.639476802
AGAP3,7047.39761,0.039636691,0.060369542,0.150302084,0.639476802
ARFIP1,989.7607443,-0.034560293,0.058993414,0.150497075,0.639476802
DCUN1D3,274.2865469,0.030782094,0.059297356,0.150395544,0.639476802
FAM83H,1282.530369,0.034611907,0.060136651,0.150539297,0.639476802
FAR2P1,46.37439279,-0.015095819,0.054587849,0.1505037,0.639476802
KIF20B,599.3199778,-0.029218855,0.058945399,0.150572903,0.639476802
MRPS28,578.1957246,0.036551819,0.058480015,0.150203881,0.639476802
NSUN5P2,186.0655666,0.02397196,0.057286158,0.15057725,0.639476802
ZNF224,867.8523041,-0.03492605,0.060059785,0.15026982,0.639476802
ACTL6A,783.2523559,0.033558066,0.059863567,0.151017364,0.640517954
APEH,3114.322374,0.042517222,0.058399574,0.151274575,0.640517954
DHX34,1130.392592,0.035582428,0.059773208,0.151252156,0.640517954
FBN1,122.138268,0.015467603,0.054684495,0.151224638,0.640517954
GATC,937.5924559,0.039615447,0.059094942,0.150948929,0.640517954
NMT2,268.99192,0.026349574,0.058071166,0.151070342,0.640517954
PSMB5,1969.392283,0.041563713,0.058972224,0.151223017,0.640517954
RETN,122.9304942,0.022138324,0.056738008,0.151105447,0.640517954
SNAP23,1774.649334,-0.037795478,0.058772486,0.151091586,0.640517954
SEPTIN7P2,50.91259981,-0.015063273,0.054559628,0.151383969,0.640768334
PXK,806.2189971,0.03709083,0.059700174,0.151501811,0.640966479
USP14,1559.597559,0.040843317,0.060008314,0.151531333,0.640966479
ARHGAP33,267.6138858,0.016500869,0.054963571,0.151586895,0.64098883
NMB,785.838612,0.039606369,0.058924543,0.151936928,0.642043056
TRMT9B,62.58436312,-0.01632737,0.054900602,0.151930898,0.642043056
DYNC2LI1,192.4177884,-0.024488915,0.057482164,0.152019476,0.642179027
CEP295,591.5008968,-0.029653399,0.05905463,0.152156669,0.642418631
CFH,83.80368263,-0.017686936,0.055298541,0.152176976,0.642418631
COX6C,1344.226571,-0.032637438,0.059816479,0.152413189,0.642833317
DUS1L,2584.374137,0.038418754,0.059770185,0.152449038,0.642833317
EIF3F,3349.038163,-0.042808798,0.055796455,0.152527318,0.642833317
FAM98C,453.4580371,-0.025787153,0.057971318,0.152512244,0.642833317
GCDH,633.566322,0.033687622,0.059808553,0.152451455,0.642833317
CNBD2,37.74350504,-0.01305265,0.054063869,0.152604155,0.642944605
DET1,211.1079243,-0.019820198,0.055934272,0.152686425,0.643078702
SRC,1827.966559,0.04175942,0.055945715,0.152849593,0.643553323
TMEM106B,985.848073,-0.027540519,0.058874167,0.152939832,0.643720674
KHK,214.9746097,0.028969109,0.058757462,0.153118044,0.644258065
KICS2,201.246127,-0.02926777,0.059026017,0.153180091,0.644306494
MAP2K2,3315.753157,0.038567938,0.0603348,0.153386461,0.644961737
H2AJ,1978.714714,-0.042239281,0.059677624,0.153554038,0.64502815
NTMT1,674.062824,0.039667497,0.058329243,0.153551428,0.64502815
SCARF1,541.8216916,0.028119296,0.05898404,0.153526106,0.64502815
CBLL1,729.9703234,0.030994197,0.059297069,0.154303494,0.646472312
CENPC,456.0591235,-0.03087377,0.059209863,0.154219432,0.646472312
EPRS1,5580.466773,0.04284465,0.052184999,0.153969692,0.646472312
KLHL15,465.086295,-0.034028959,0.06003407,0.154292744,0.646472312
NDUFB9,3646.482468,-0.042638896,0.05665979,0.154178233,0.646472312
POLR3E,1232.226887,0.045941635,0.064236474,0.154141826,0.646472312
UBE2D2,2860.877465,0.03905396,0.058003951,0.154061518,0.646472312
ZNF658,80.13340213,-0.018139475,0.055410656,0.154197779,0.646472312
FGL2,273.7122308,-0.023161793,0.057002114,0.154457791,0.646691972
PAQR3,335.2526092,-0.031190306,0.059354688,0.154508098,0.646691972
SLC1A4,1731.586845,0.039087154,0.060793963,0.154492082,0.646691972
RPAP1,877.4735287,0.022423467,0.056701544,0.154749265,0.647488802
RCSD1,1691.169175,-0.032333235,0.058610167,0.154859143,0.647735963
CCNE2,93.67735884,0.019055033,0.055685673,0.154998076,0.647816259
CEBPA,18986.88681,-0.033844529,0.058840767,0.154994112,0.647816259
LNPK,1169.201447,0.023103075,0.056888261,0.155030779,0.647816259
ABCA3,317.5523319,0.027232888,0.058277757,0.155233612,0.648026627
GGT7,592.1763667,-0.026356642,0.057192045,0.155197752,0.648026627
LBR,2501.507714,-0.04379471,0.060380797,0.155223646,0.648026627
CEPT1,2471.147805,-0.039323116,0.059515381,0.155399097,0.648427006
TNPO2,2117.04321,0.039004043,0.059679729,0.155431244,0.648427006
TSG101,1422.767099,-0.042716326,0.054940107,0.155484219,0.64843582
AKT1S1,2032.611518,0.032326308,0.059176458,0.155773589,0.648510607
BLNK,1023.56246,-0.037279912,0.059474343,0.155945524,0.648510607
DPP3,2403.511738,0.040026381,0.057811961,0.155716592,0.648510607
EXOC8,683.4726357,-0.037721193,0.057340057,0.156010827,0.648510607
FBXO11,2194.397659,-0.04046667,0.056508007,0.155897918,0.648510607
NAP1L1,12510.02448,-0.03297856,0.058382235,0.155949583,0.648510607
PRRC2A,8565.917265,0.05104303,0.063026197,0.155973374,0.648510607
SLC25A22,338.8377124,0.02857846,0.058663248,0.155966249,0.648510607
TMEM218,580.3457588,0.036031419,0.059587475,0.155563776,0.648510607
WDR47,627.8295255,-0.036626554,0.058059936,0.155698069,0.648510607
DCBLD2,411.8564473,0.02558756,0.057205911,0.156164392,0.648712975
FOXJ3,1217.603736,-0.039552638,0.058602011,0.156237972,0.648712975
KCNE3,2400.379659,-0.037277091,0.054855599,0.156263044,0.648712975
RUFY1,1698.670497,-0.043442154,0.052583449,0.156188212,0.648712975
HSD17B14,2219.015729,-0.030674376,0.059067266,0.156570864,0.648975054
IRAK4,421.249177,-0.029337122,0.058809808,0.156546928,0.648975054
PGBD5,5205.968151,0.03151612,0.053022771,0.156580694,0.648975054
TRAF2,527.2817409,0.031256705,0.059251798,0.156396036,0.648975054
TREX1,765.4313754,0.041382484,0.064682015,0.156506015,0.648975054
PHKA1,248.6141744,0.028430503,0.058558284,0.156743779,0.649439855
LPCAT2,4383.319125,-0.042600452,0.056338317,0.157137775,0.650788532
MOSPD2,1434.694771,-0.032176146,0.059236643,0.157222424,0.650788532
TRAIP,133.3487891,0.020753878,0.056158576,0.157220596,0.650788532
HMGB2,1638.045023,-0.035316217,0.060285156,0.157368332,0.65096978
NFYC,1711.534021,-0.040646792,0.056155627,0.157356207,0.65096978
ZNF33B,297.2869162,0.024730852,0.057416653,0.157440769,0.651058178
CASZ1,48.48895613,0.010374107,0.053478215,0.157524369,0.651060653
CDC42EP3,898.6450859,0.035881745,0.059341675,0.157696705,0.651060653
CEBPZOS,802.7507207,-0.032403302,0.059481383,0.157625586,0.651060653
GOLGA6L9,60.20078314,-0.012784911,0.05397737,0.157565838,0.651060653
UGCG,4520.341476,-0.040075198,0.056558269,0.157662821,0.651060653
HSPBP1,835.8172217,0.031711228,0.058910158,0.157836113,0.651425251
SLC22A18,874.1875031,0.029059508,0.058691715,0.158003352,0.651904446
ARL11,800.7239657,0.030526104,0.059217497,0.158184868,0.652068525
C2CD2L,1884.369239,0.027650436,0.057918648,0.15865688,0.652068525
C2orf88,33.5055062,-0.011530037,0.053701271,0.158297228,0.652068525
FUT8,631.5194401,-0.034433876,0.059377683,0.158607277,0.652068525
IRF2,1893.280175,-0.042321914,0.052692416,0.158377462,0.652068525
LIG3,456.5243605,-0.026645546,0.058023651,0.158305214,0.652068525
PROCA1,131.6092392,-0.021989543,0.056543557,0.158446532,0.652068525
PRPF38B,2800.236097,-0.040424435,0.058422845,0.158469859,0.652068525
RAC1,9811.273741,0.041252144,0.055571397,0.158650331,0.652068525
SPATA1,48.31439822,-0.012963308,0.05402128,0.158508378,0.652068525
USP20,913.7808036,0.034250888,0.059914944,0.158204709,0.652068525
VRK1,500.4987626,0.030294412,0.059066654,0.158418621,0.652068525
CTDSP1,4307.257275,-0.034781066,0.057802532,0.158801005,0.652240338
SNRPA1,792.5180776,0.045407143,0.064228144,0.158758927,0.652240338
EEF1E1,240.8871578,0.023658279,0.057026937,0.158996754,0.652413779
FBL,1506.362608,0.040350094,0.058913311,0.158947096,0.652413779
LIG1,1380.975171,0.040070819,0.056845109,0.158938856,0.652413779
NHS,190.7988617,-0.015007896,0.054506757,0.159174954,0.652514948
PCDHA11,43.00526951,0.012607933,0.053934617,0.159090078,0.652514948
RASGRP2,71.32871277,-0.013220174,0.054069309,0.159127043,0.652514948
CDH23,641.7994451,0.036760163,0.059529061,0.159248568,0.652606876
ANKRD52,3677.638648,0.03884238,0.054676822,0.159306778,0.65263564
CKLF-CMTM1,54.35134921,0.010594745,0.053517826,0.159363559,0.65263571
KMT5B,1141.160264,-0.036305506,0.059696492,0.159409177,0.65263571
GIMAP6,1284.252634,0.041822436,0.054774394,0.159595606,0.652794418
RNF121,655.1495057,0.032223249,0.058525796,0.159593491,0.652794418
SLC39A10,960.2851447,-0.029292397,0.059653922,0.159601553,0.652794418
ATP8B2,454.5792287,0.023199255,0.056025524,0.159834761,0.65281558
COQ8A,1725.596207,-0.0379805,0.058958301,0.160061341,0.65281558
E4F1,999.5049207,0.036513831,0.059139597,0.159950653,0.65281558
EIF2B1,1295.992663,0.036689195,0.058505475,0.159888374,0.65281558
FKBP15,8818.056248,0.04405264,0.055171299,0.159878068,0.65281558
KIF2C,703.6747991,-0.035762917,0.059545903,0.15989057,0.65281558
PGAP2,449.7147727,0.031817667,0.059708488,0.160040603,0.65281558
PMAIP1,121.8241347,0.0178884,0.055294073,0.159699503,0.65281558
UBXN1,3784.431466,-0.039265981,0.056723288,0.160067574,0.65281558
SLC35A2,843.3142835,0.038130598,0.058389291,0.160222414,0.653238105
GSTT2B,136.1547567,0.023107445,0.056879126,0.160334523,0.653486202
EXOC4,2620.568333,-0.04161948,0.054940285,0.160572227,0.653948003
TAF1A,96.38001744,-0.019812038,0.055855665,0.160563684,0.653948003
ZCCHC14,2403.824225,0.032310387,0.059386209,0.160602665,0.653948003
ZNF827,685.4210572,-0.038153337,0.05938539,0.160653004,0.653948003
METTL14,658.2481723,-0.031806791,0.059040085,0.160807788,0.653985644
NELFA,1048.38481,0.035250243,0.059233445,0.160816142,0.653985644
PPA1,626.9296747,0.02804153,0.058327111,0.160783139,0.653985644
ADAM12,567.036348,0.03234892,0.058982451,0.161015882,0.654254857
AR,156.2594122,0.025190705,0.057567341,0.161244625,0.654254857
EID1,2835.470018,-0.042281192,0.048716964,0.161274802,0.654254857
FBXW8,452.8691853,0.030944051,0.058931956,0.16122964,0.654254857
GSTZ1,560.3951053,-0.030409731,0.058948747,0.161022589,0.654254857
SFPQ,5435.964932,-0.042578319,0.048103967,0.161292887,0.654254857
SLC1A5,7585.168341,0.033296209,0.054993416,0.16107618,0.654254857
TRNP1,111.2500902,0.0216559,0.056420506,0.161127948,0.654254857
NDUFA1,1655.67022,-0.040610953,0.055657069,0.161394891,0.654460388
HDDC2,1123.99995,-0.039846533,0.057459452,0.16144665,0.654462112
GASK1B,2538.215325,0.035413936,0.054316365,0.161561755,0.654720537
UBXN2B,1739.735686,-0.038824917,0.058464297,0.161672289,0.654960283
NDUFA4,2537.366358,-0.040393138,0.059563927,0.161834473,0.655077579
ZBTB7C,1824.026165,0.038913884,0.058110735,0.161757175,0.655077579
ZNF83,783.8329484,-0.028170228,0.058361633,0.161855391,0.655077579
ANP32A,3921.780986,-0.042127218,0.052656109,0.162531523,0.65537023
APOBEC3D,32.86146926,-0.010763974,0.053537,0.163110027,0.65537023
BRF1,848.0540158,0.034420677,0.059071551,0.162992848,0.65537023
C19orf47,392.5710943,0.029531817,0.05823561,0.162386157,0.65537023
CDC73,1823.540228,-0.037939389,0.0578283,0.162768408,0.65537023
G3BP1,4661.088653,0.036645063,0.059984608,0.162297278,0.65537023
GGPS1,571.7531893,-0.034871074,0.058273659,0.162738926,0.65537023
GPCPD1,6345.603534,-0.034425163,0.058362873,0.162936186,0.65537023
GSDMD,1675.988629,0.037039274,0.058368505,0.162446451,0.65537023
IL7R,7522.815807,0.036457074,0.058040365,0.163099935,0.65537023
MMUT,789.7247399,-0.037232461,0.058646867,0.162005637,0.65537023
MRPL34,1507.087364,0.038847603,0.05658784,0.162779829,0.65537023
NFYA,1237.801281,0.039460711,0.056520853,0.162137555,0.65537023
NPHP3-ACAD11,53.47756934,-0.006022634,0.052812656,0.162041912,0.65537023
ODR4,564.784871,-0.031529985,0.059019356,0.162898628,0.65537023
PCDH20,80.78285647,-0.016202453,0.054794786,0.163037627,0.65537023
PKD1L1,60.20295761,0.01272571,0.053939129,0.162576555,0.65537023
PPP1R37,1794.91561,0.032642416,0.059023802,0.162888478,0.65537023
RAPGEF3,1039.14056,-0.039315346,0.057893917,0.162198425,0.65537023
SFSWAP,1389.103872,-0.041075889,0.054978348,0.163086076,0.65537023
SNW1,1628.609923,-0.040588199,0.057233227,0.162886475,0.65537023
TGIF1,1482.097851,0.040878078,0.054718021,0.162349487,0.65537023
TSPAN14,3275.576468,-0.039443595,0.058434611,0.162533203,0.65537023
CYP51A1,1384.682519,0.034957115,0.055868668,0.163222034,0.655613644
CCR1,3632.164536,0.039567367,0.056310728,0.163334017,0.655684575
ISOC1,429.1389328,0.033940033,0.059030146,0.163342553,0.655684575
BRPF3,1739.302135,0.037774033,0.058133904,0.163462189,0.655933754
TRIP13,223.6357814,0.02486017,0.057357719,0.163507528,0.655933754
CHMP1A,2851.058746,0.039270075,0.058882043,0.164005602,0.657652326
FBXL7,228.4237413,0.027081517,0.057945225,0.164039093,0.657652326
RPL31,8870.292606,-0.041514299,0.058716962,0.164101488,0.657695652
CCDC103,98.50966984,0.017762326,0.055224249,0.164505044,0.657865371
EIF4E,1863.589029,0.040314353,0.054904511,0.164316997,0.657865371
GUSBP9,37.62348046,-0.011722894,0.053711347,0.164485674,0.657865371
ITPRIPL1,57.85814533,0.01518176,0.054528836,0.164457893,0.657865371
MMADHC,2648.597345,-0.041622499,0.056379203,0.164220617,0.657865371
TRMT2B,553.058284,-0.035975456,0.059033464,0.164483628,0.657865371
VSIR,1302.687879,0.024754357,0.057292698,0.164294382,0.657865371
CDON,37.80718085,-0.013560255,0.054121853,0.164684282,0.65837564
PATL1,3006.936721,0.04038616,0.056655825,0.16480387,0.658647192
MTHFD1,2389.011908,0.040613958,0.057368623,0.16497421,0.659121344
HELZ2,3124.590963,0.014422512,0.054334098,0.165125183,0.659122985
HNRNPH2,2397.66427,-0.034841603,0.052002786,0.16504696,0.659122985
KANK3,76.68450335,0.015474003,0.054582064,0.165129721,0.659122985
BAG4,944.5125604,-0.036231537,0.058815504,0.165383976,0.659312168
BBS10,460.7243704,-0.027625234,0.058177331,0.165351217,0.659312168
GLA,5842.25693,-0.042268887,0.049807001,0.165364085,0.659312168
RIC8A,3303.162045,0.033100114,0.055373745,0.165340434,0.659312168
BARD1,235.0621509,0.020265674,0.055932413,0.165499266,0.659565534
CALHM6,164.8902963,0.020806914,0.056053183,0.165576657,0.659647352
ZNF483,119.6462098,-0.017736143,0.055182155,0.165623278,0.659647352
COX14,859.3907621,-0.033974058,0.058667815,0.166141474,0.659855965
DHRS3,3808.938652,-0.028852237,0.05637649,0.166057994,0.659855965
MAP2K3,1808.808198,0.03597551,0.059344861,0.165888644,0.659855965
OPLAH,602.0902827,0.023679477,0.056901039,0.166051771,0.659855965
PCGF2,1219.632468,0.037040444,0.059161386,0.165919423,0.659855965
RSBN1,575.0221707,-0.031794899,0.058734161,0.165964069,0.659855965
SARAF,10787.1068,-0.041099715,0.048290578,0.166032197,0.659855965
TIRAP,567.5459442,0.037766398,0.057761612,0.165941097,0.659855965
TRPV2,7139.409871,0.040724181,0.059708108,0.166123402,0.659855965
BBS7,181.5699464,0.024011777,0.057007588,0.166392064,0.660480105
GPR157,354.4361669,-0.020726852,0.056091805,0.166444402,0.660480105
H1-0,4345.369947,-0.043804796,0.052098937,0.166454042,0.660480105
RFC4,305.1777414,0.029523262,0.058180934,0.166552798,0.660487333
RHBDL2,42.22758139,-0.012000933,0.053767283,0.166559477,0.660487333
PRIMPOL,197.0566124,-0.021169359,0.056151739,0.166855164,0.661454133
RUFY2,285.4387019,-0.029117429,0.058302924,0.166968018,0.661695762
BTAF1,1804.549672,-0.037791572,0.060762904,0.16753844,0.661864023
CLBA1,113.4739705,0.02016551,0.055873401,0.167238437,0.661864023
GK,6428.594185,0.039940798,0.054707579,0.167705114,0.661864023
HLX,1148.116523,0.037589185,0.057590326,0.167329505,0.661864023
HSPA12A,90.29757189,-0.019310849,0.055597738,0.167680128,0.661864023
MFF,930.0401719,-0.0382966,0.052184467,0.167525215,0.661864023
MUC6,72.35060609,-0.005058801,0.052712056,0.167497754,0.661864023
ORC1,206.0868231,0.027331735,0.057912444,0.167438655,0.661864023
PTGER2,266.0440964,0.0286202,0.058126675,0.167737286,0.661864023
SPIN1,3640.962424,-0.036324645,0.057146397,0.167598903,0.661864023
SPIN2A,37.4631459,-0.012638415,0.053903547,0.16722957,0.661864023
SYAP1,1575.896333,-0.038599939,0.056711942,0.167432931,0.661864023
TSPAN17,1594.414406,0.037986496,0.054092947,0.167173643,0.661864023
WDR5,1018.320567,0.037346247,0.057804727,0.167582846,0.661864023
GADD45B,782.2829178,-0.031829349,0.05846206,0.167789299,0.661864411
BBX,1515.457496,0.02822857,0.058115597,0.167997564,0.661866794
DDX10,572.6151976,-0.032725394,0.057541882,0.167989398,0.661866794
GCNA,44.93782623,-0.012185758,0.053799412,0.167974576,0.661866794
SLC39A1,6383.311146,0.041272164,0.054089642,0.167865891,0.661866794
RABL2B,1041.973448,-0.037792214,0.057714119,0.168127774,0.662175161
PKNOX2,37.01828914,0.009230118,0.053249791,0.16820873,0.662289405
FPGS,2198.49285,0.034818653,0.058838267,0.16850191,0.6624894
KLF13,3347.955141,0.041103452,0.050322989,0.168354985,0.6624894
PKD1P3,1049.918472,0.022430147,0.056413679,0.168519344,0.6624894
RIOK2,586.6255373,0.032526265,0.058141214,0.168514313,0.6624894
SRSF1,3972.608257,0.038682069,0.055332544,0.168406692,0.6624894
ARPC1B,21245.31023,0.044807151,0.052215268,0.168641488,0.66263442
TOMM20,3434.183388,-0.038133386,0.056050667,0.16871216,0.66263442
ULK2,974.411145,0.034551212,0.059088467,0.168686461,0.66263442
TLDC2,252.0638593,-0.026535996,0.057654256,0.168859237,0.663007828
KPNA2P3,182.5082167,-0.023049519,0.056313388,0.168915675,0.663025228
C7orf25,271.0574787,0.022856428,0.0566313,0.16897267,0.663044806
VPS37A,1141.612267,0.036217594,0.055145424,0.169042704,0.663115517
CD58,1056.132235,0.038670569,0.061968931,0.169321248,0.664003873
CACNB1,121.9000657,0.01770123,0.055147894,0.169475606,0.66429806
TMEM74B,48.24427515,0.013465457,0.054079611,0.169500478,0.66429806
ADRM1,3498.675124,0.032535206,0.059038699,0.16967808,0.664407597
E2F4,2489.33141,0.035749429,0.053222625,0.169736885,0.664407597
PRIM1,291.2944923,0.02535675,0.05731782,0.169599772,0.664407597
ZNF865,1109.776655,0.027785484,0.057846924,0.169713516,0.664407597
C1GALT1,798.4141345,0.033233821,0.058638296,0.169940911,0.664640814
GOLIM4,3059.84237,-0.04342601,0.059851138,0.169942052,0.664640814
UAP1,457.8329304,0.01005569,0.05338986,0.169952863,0.664640814
FURIN,11927.84026,0.036248022,0.058571053,0.170148201,0.664920614
MRC1,17078.62104,-0.042592401,0.055074118,0.170180874,0.664920614
TMEM126A,496.5459136,-0.027897023,0.057897107,0.170157,0.664920614
AKIP1,1114.38448,-0.040137509,0.054649803,0.170827812,0.665409037
DDX21,3233.801356,0.03462357,0.05765891,0.170809708,0.665409037
KIDINS220,3083.736703,-0.034510834,0.055418126,0.170446553,0.665409037
LDHA,8981.149285,0.036489948,0.058136735,0.170752657,0.665409037
LYPLA2,1760.069666,0.033112729,0.057957331,0.170486959,0.665409037
PLCD3,187.1993008,0.008522131,0.053136799,0.170373775,0.665409037
PYHIN1,39.95007041,-0.012953075,0.053954039,0.170587856,0.665409037
SLC6A12,1980.404034,0.041853681,0.05970092,0.170695054,0.665409037
TRIM47,1071.092035,0.033415038,0.0584016,0.170762981,0.665409037
ZNF263,837.6712465,0.0371798,0.056752491,0.170694489,0.665409037
RALGPS2,117.6431551,-0.015502893,0.054564429,0.170924696,0.665583065
ZBTB1,1675.616088,-0.039749214,0.055526279,0.171170374,0.666336213
DPYD,1777.594529,-0.037946457,0.056750221,0.171348337,0.666551501
STAU2,806.8934774,-0.036227214,0.05852449,0.171284879,0.666551501
TSEN34,460.7227215,0.030780671,0.058169499,0.171427661,0.666551501
UBE2L6,5676.275334,0.025079797,0.05258908,0.171434808,0.666551501
CDKN1A,5686.771384,0.047593149,0.05519709,0.171877992,0.66763653
GLB1,7331.594397,-0.040261143,0.049208296,0.17186417,0.66763653
MYH14,46.93763659,-0.012092187,0.053769759,0.171890931,0.66763653
NIPA1,689.6737893,0.031866446,0.059118716,0.171981471,0.66763653
ROM1,48.42872292,-0.011262311,0.053599588,0.172028081,0.66763653
UBE2J1,4117.807081,-0.039323743,0.05405868,0.171942083,0.66763653
UIMC1,560.3435409,-0.035041767,0.058055989,0.172344904,0.668662563
ANAPC1P2,259.144018,-0.026997399,0.057846352,0.173376611,0.669203276
ATP2C1,4022.21783,0.031332487,0.054982867,0.172801688,0.669203276
CCDC17,61.5174282,-0.014849903,0.054381224,0.173107061,0.669203276
CHAF1B,181.8238615,0.021066392,0.056086215,0.17278631,0.669203276
DNAAF5,1098.862543,0.031394961,0.057930983,0.173241545,0.669203276
EMC7,2400.255877,-0.040928557,0.052799653,0.172872646,0.669203276
GOLM2,2073.384881,-0.039687086,0.054337684,0.173102745,0.669203276
GPBP1L1,2871.75405,-0.040425681,0.053847862,0.173084611,0.669203276
MFSD1,8743.786217,-0.039076423,0.047972285,0.17274888,0.669203276
MRPL3,1403.854989,0.035369948,0.059014675,0.173244496,0.669203276
NUP62,3982.441934,0.05399833,0.063939458,0.172861708,0.669203276
PLCB3,1692.549384,0.030214514,0.053969001,0.173104984,0.669203276
RNF128,909.0804784,-0.03553494,0.05790185,0.173141213,0.669203276
SLC8A1,3848.059617,-0.039185977,0.05662532,0.173309075,0.669203276
SNX30,4253.822602,-0.042377699,0.054698213,0.173325159,0.669203276
TUBA8,299.80361,-0.023910764,0.056746953,0.172957772,0.669203276
ZDHHC15,67.06748729,-0.01627469,0.054722416,0.173028239,0.669203276
BTN2A1,1258.294214,0.038401842,0.055786261,0.173698927,0.669433983
LSM4,2832.761702,0.035795685,0.055613528,0.173665331,0.669433983
MRPS18C,642.5240364,-0.030878192,0.05836543,0.173635546,0.669433983
SMPD1,1211.173748,-0.037967295,0.05667,0.173573397,0.669433983
TPM4,9586.879018,0.054583199,0.071584045,0.173503186,0.669433983
ANAPC4,857.5880325,-0.03670578,0.057391972,0.173847191,0.669450878
CDCA7L,1032.152954,-0.033014224,0.05959329,0.173965861,0.669450878
CHM,1021.805956,-0.036993454,0.057276033,0.173783559,0.669450878
IQGAP3,1171.123098,-0.034603751,0.057966208,0.173934559,0.669450878
ZBTB26,200.1871277,-0.023600258,0.056589395,0.173920534,0.669450878
RPA2,1052.287366,0.038613914,0.055336048,0.174082292,0.669696785
PTPN2,1039.252857,-0.031681608,0.059114139,0.174366566,0.670588041
HS3ST3B1,333.5817113,0.022924454,0.056523264,0.174543914,0.671067661
PDCD6IP,6547.054919,0.03687345,0.057934335,0.174821995,0.671529261
TMEM9,608.5379445,0.033022655,0.057988398,0.174819983,0.671529261
TSPAN4,3096.778327,0.037494887,0.056432927,0.174723039,0.671529261
HERPUD2,1387.756816,-0.042475215,0.054914056,0.174992353,0.671981176
MIF4GD,736.0347593,-0.030567551,0.057702994,0.175092689,0.672164016
CLIP2,3019.283946,0.040380995,0.052865726,0.175175477,0.672279399
WRNIP1,1087.121442,0.041488793,0.053650515,0.175252933,0.672374255
RPL27A,12544.73905,-0.030438961,0.056126298,0.175391096,0.672701891
ADCY7,7091.845748,0.03690833,0.060073472,0.175626125,0.672793711
CD109,2213.439738,-0.037826422,0.056056981,0.175536727,0.672793711
MPZL1,2177.269373,0.040287113,0.056231483,0.175592361,0.672793711
SSX2IP,153.8122814,0.02191804,0.056177286,0.175469667,0.672793711
FAM86B1,64.61719467,0.01309794,0.053972147,0.176337162,0.672929712
FCGR2A,2837.686426,-0.037397898,0.054693105,0.176369895,0.672929712
GTPBP2,5181.488378,0.053236366,0.060074833,0.176183143,0.672929712
HIF1A,12026.51085,0.041830143,0.048130155,0.176400588,0.672929712
MCM8,355.781056,0.028090742,0.057721807,0.175732024,0.672929712
MSH5,353.805407,-0.027124856,0.057416986,0.176377403,0.672929712
NECTIN4,539.0697633,0.031769631,0.058068246,0.1757749,0.672929712
NKTR,2017.936126,-0.034295241,0.058196515,0.176126699,0.672929712
NRM,311.2059573,0.025817268,0.057118855,0.176347481,0.672929712
SCAMP3,2223.762675,0.036413315,0.058515424,0.176156143,0.672929712
SPATA2,426.5782241,0.027563703,0.057644309,0.175909811,0.672929712
SPI1,24959.37455,0.045096001,0.070680545,0.175865476,0.672929712
TMSB4X,123731.0865,-0.037514236,0.056183981,0.176102943,0.672929712
UBE3D,176.842569,-0.022196033,0.056347415,0.176018469,0.672929712
MYO1F,16261.83736,-0.041054665,0.058106307,0.176571976,0.673382028
IVNS1ABP,4813.936067,-0.038230832,0.057979192,0.176633274,0.673414358
CAMK1D,2143.030378,-0.03968561,0.052781603,0.176732571,0.673506721
CEP295NL,64.39715966,-0.012402915,0.053819426,0.176763157,0.673506721
CREBL2,3861.566812,-0.039401738,0.056721317,0.176867775,0.673703991
DUSP10,1011.241754,-0.036866133,0.056328359,0.176947176,0.673805122
ANOS1,2911.695285,-0.034474104,0.056728491,0.177086336,0.674026064
CLMN,1378.560396,0.037828929,0.056857114,0.177173951,0.674026064
PIK3R1,2470.904913,-0.034589648,0.057287217,0.177184538,0.674026064
SIAE,926.5888108,-0.035901273,0.057543312,0.177216673,0.674026064
GOLGA6L5P,251.2355661,-0.02348482,0.05667255,0.177415021,0.674177082
NDUFS4,691.2658536,-0.02697376,0.057470973,0.177359655,0.674177082
SNF8,1655.936608,0.03722123,0.0575327,0.177396685,0.674177082
PLEKHA3,496.5286782,-0.022258167,0.056291009,0.177581117,0.674589428
SCX,139.7420814,0.017736235,0.05506208,0.17762936,0.674589428
C6orf89,2437.192706,0.038488382,0.05618833,0.177827149,0.675139466
HS3ST1,1777.966641,0.029767255,0.056858403,0.17788648,0.675163659
IBA57,388.959123,0.0222324,0.056264608,0.178251428,0.676158475
TENT2,2495.309925,-0.039759561,0.055841404,0.178254658,0.676158475
LYPD5,62.0067407,0.010797084,0.053488246,0.17831304,0.676178747
FYTTD1,2635.780922,0.032983197,0.056513467,0.178373177,0.676205658
DTYMK,988.2651038,0.036955782,0.05683365,0.178444137,0.676273573
RPS6KB1,999.4002043,0.034702503,0.05770984,0.178552127,0.676481745
NRIP2,91.35627736,-0.019079677,0.055401637,0.178615801,0.676521938
GDAP1,271.8261232,0.029940649,0.059601423,0.178743394,0.676804139
HSPH1,2416.600619,0.039657791,0.054184986,0.17896675,0.677247578
TBCC,573.6751768,-0.03470465,0.057459029,0.178926299,0.677247578
ADAT2,246.1967696,-0.017953563,0.055053897,0.179545272,0.677413195
ATG10,140.6991097,-0.018909213,0.055428072,0.179600744,0.677413195
CYP27A1,21012.16935,-0.04192656,0.052369615,0.179291388,0.677413195
FAM131A,669.2521742,0.03296927,0.057737946,0.179473024,0.677413195
HYI,311.8448294,0.02386552,0.056641535,0.17964813,0.677413195
ISOC2,1155.541948,0.035611741,0.05527246,0.179422351,0.677413195
LLGL1,669.9854684,0.029611776,0.057642867,0.179459401,0.677413195
LYRM4,506.5819719,0.033063154,0.057086118,0.179548545,0.677413195
MKRN1,3582.000308,-0.039864216,0.049954319,0.17909792,0.677413195
RNF170,776.2988676,-0.036995837,0.056567472,0.179200086,0.677413195
UBP1,2247.534163,0.032821455,0.0557103,0.179632899,0.677413195
WIPI1,1841.548338,-0.039338834,0.05326297,0.179268625,0.677413195
COL7A1,248.6400759,0.008035791,0.053050279,0.17971418,0.67746188
DGCR6,76.70389405,-0.012074127,0.053726779,0.180081811,0.677500419
MAPK14,2500.829429,0.038291926,0.055587215,0.180178991,0.677500419
MECP2,2580.783531,0.035103832,0.055965786,0.180244185,0.677500419
NAA30,989.5991726,-0.036339377,0.057489247,0.180362101,0.677500419
RAD51D,566.7110009,0.029062211,0.057634383,0.180066101,0.677500419
SF3A3,1875.222166,-0.040077007,0.051618316,0.180196451,0.677500419
SULT1A1,203.649367,-0.026272291,0.057876503,0.180239167,0.677500419
UCP3,51.08443314,0.014104193,0.054163207,0.180070585,0.677500419
USP9X,5958.80932,-0.03989425,0.053457865,0.179820147,0.677500419
ZMYM1,251.9328921,-0.018979526,0.055367279,0.179901319,0.677500419
ZNF346,378.9595931,0.024147505,0.056976562,0.180348107,0.677500419
ZNF493,191.003977,-0.02176654,0.056069281,0.180361753,0.677500419
PEAK1,1646.833344,-0.03545032,0.057430594,0.180647276,0.678371761
UBB,24114.93052,-0.040227221,0.055340502,0.180702413,0.678378994
SAPCD1,38.87541226,0.010336043,0.053410314,0.180848892,0.678572041
SLC1A3,2480.503326,0.033485186,0.054296953,0.180860287,0.678572041
PCLAF,480.1809502,-0.02601225,0.057192766,0.180961327,0.678751383
CHEK2,301.7164349,-0.025139164,0.056895959,0.181398986,0.678910218
CTCF,1996.395127,-0.037825936,0.052546888,0.181370387,0.678910218
FAM91A1,2486.832698,-0.036678688,0.058000825,0.18134393,0.678910218
FBXO36,36.17668059,-0.012710514,0.053852692,0.18118707,0.678910218
HP1BP3,4465.097042,-0.036995852,0.055115116,0.181394636,0.678910218
PLEKHA1,1006.347909,-0.035749988,0.056393429,0.181223632,0.678910218
REXO4,1229.888984,0.036509427,0.053227721,0.181453331,0.678910218
RPUSD1,1095.944813,0.030413621,0.057968288,0.181404656,0.678910218
SEMA3A,69.65558046,0.011928906,0.053690412,0.181482942,0.678910218
FANCD2,505.6464512,-0.026114657,0.057134623,0.181591342,0.678917306
TP53BP2,1072.282052,0.033971044,0.056218076,0.18157562,0.678917306
COX7B,1226.431172,-0.024559314,0.05673379,0.181738574,0.679268565
SLC6A9,63.92682143,0.013143985,0.053944193,0.181814575,0.679353463
RDH14,524.312144,0.033490361,0.056876315,0.181946255,0.67944722
TRUB2,1020.044548,0.035400297,0.056783148,0.181919707,0.67944722
PAXX,411.6884435,0.029983435,0.057628026,0.182081392,0.679752758
ADA2,2247.011148,-0.039101715,0.055156712,0.182402827,0.680318864
CNEP1R1,642.7169696,-0.035259951,0.058856691,0.182376494,0.680318864
FGF23,130.1819606,-0.019277343,0.055399881,0.182585156,0.680318864
HK2,4428.522112,-0.037571351,0.056432508,0.182635462,0.680318864
ITPKB,2463.074719,-0.038548197,0.053498085,0.182713294,0.680318864
MKS1,455.501058,0.032842639,0.057515437,0.182553003,0.680318864
PCDHB2,222.5154086,0.02043124,0.055716095,0.182316117,0.680318864
SANBR,532.3664787,-0.032293698,0.057488959,0.182645224,0.680318864
SLC37A2,17096.37925,-0.03598397,0.056325007,0.182692973,0.680318864
MAP7D1,11963.73657,0.030995488,0.057642698,0.18289183,0.680784799
TOM1L2,1134.550677,-0.032405472,0.057792043,0.18294869,0.68079768
SIRPA,23131.57796,0.040555279,0.045930828,0.183040625,0.680941036
SYT17,540.9968979,0.033565577,0.057300982,0.183133931,0.681089406
ZDHHC16,990.7274274,0.037478505,0.055280916,0.183455821,0.682087567
ANKMY2,756.5519758,-0.035361755,0.057004174,0.18364192,0.682182644
CFAP92,60.71527135,-0.015585881,0.05450776,0.183540449,0.682182644
UQCRH,3204.285918,-0.034456837,0.05460549,0.183635049,0.682182644
GGCX,1822.999925,-0.034642623,0.049838688,0.18387992,0.682583422
HNRNPA1,16762.04271,-0.038068866,0.053805232,0.183963969,0.682583422
PGF,146.4228986,0.020509218,0.055395709,0.183953284,0.682583422
UGDH,608.7211691,0.029888627,0.057603425,0.183823875,0.682583422
BPTFP1,76.06708879,-0.016897596,0.054787955,0.184098195,0.682684084
CALM2,10648.39785,-0.035265478,0.056576325,0.184053252,0.682684084
AP1S3,125.9161149,-0.02080067,0.05576635,0.184391103,0.68333862
PABPN1,5906.689127,-0.039563136,0.047829363,0.184395131,0.68333862
ZSCAN16,71.91690202,0.016712592,0.054758785,0.1844355,0.68333862
DCLRE1B,743.6746482,0.033057816,0.05701022,0.184676002,0.683832225
EIF2S3,6287.139466,-0.033316598,0.053729413,0.184632842,0.683832225
ADGRA2,104.0721407,-0.016704851,0.054738616,0.184812919,0.684140508
CEP162,218.8387381,-0.025416423,0.056769558,0.185365193,0.684279616
DEPP1,197.7687024,0.018869148,0.055284574,0.185277197,0.684279616
DIPK1A,93.60177558,0.014470895,0.054214422,0.185363169,0.684279616
LRRC37A16P,417.5229243,-0.031691644,0.057405234,0.184995651,0.684279616
MIER2,1071.226983,0.029465824,0.057406155,0.185494576,0.684279616
OR5AS1,170.8076863,-0.022093441,0.056079798,0.185167163,0.684279616
PLEKHM3,489.2182524,-0.033714622,0.057104363,0.185474905,0.684279616
SEC62,4179.48026,-0.040707389,0.052905375,0.185129556,0.684279616
SEPTIN10,2078.038954,-0.037501361,0.055187059,0.185220285,0.684279616
SRSF7,1866.531574,0.038127052,0.052470751,0.185485308,0.684279616
ZNF766,269.0468151,-0.023366503,0.056398446,0.185160722,0.684279616
ZSCAN5A,191.1434951,0.023014478,0.056364229,0.185359471,0.684279616
LAPTM4A,5938.370727,-0.03909794,0.04968321,0.185561697,0.68432921
CHTF8,2126.698355,0.039281941,0.052264907,0.185631712,0.684389445
KIF4A,437.1381663,-0.022086184,0.056069348,0.185819412,0.684685459
LTB4R2,216.9932305,0.019337941,0.055398215,0.185783041,0.684685459
HDAC11,172.7878891,-0.020869721,0.055762315,0.186022303,0.685235001
MTREX,1788.249592,0.028286738,0.057532984,0.186238005,0.685633362
NCKAP5,407.0687683,-0.020237808,0.05560894,0.186232589,0.685633362
ACTR10,1617.816997,-0.035057335,0.057594592,0.187082974,0.686076461
AP1S1,2076.059452,0.034264004,0.050146774,0.186872329,0.686076461
CFAP298-TCP10L,178.873965,-0.017297345,0.054873181,0.186574971,0.686076461
CUEDC1,1738.922433,0.035469488,0.05597932,0.186901641,0.686076461
DPP9,5403.786179,0.03013252,0.054006743,0.186508171,0.686076461
ECHDC3,177.2206841,-0.024798123,0.056631009,0.187165196,0.686076461
MAPKAPK3,5762.452599,0.037718784,0.053567416,0.186968393,0.686076461
PAN3,1201.498789,-0.037296178,0.055525493,0.187142927,0.686076461
PIDD1,460.4999456,0.02631729,0.057011284,0.18680087,0.686076461
POLD3,709.7781698,-0.037015637,0.055956004,0.187031882,0.686076461
PRDM1,461.0623641,-0.02625555,0.056846318,0.186742515,0.686076461
SARS2,738.6587524,-0.03506231,0.055779569,0.186962837,0.686076461
TNFRSF10C,231.4388872,0.026729013,0.057140099,0.186643739,0.686076461
TXNIP,9330.886011,-0.03855257,0.052536214,0.187165576,0.686076461
YBX3,3648.723955,0.030302918,0.052053555,0.186762272,0.686076461
ANKRD9,621.2365508,0.026205587,0.056982318,0.187278979,0.686097617
INTS13,657.5288067,-0.031545468,0.0572608,0.187260987,0.686097617
FRS2,407.265216,0.017493222,0.054914639,0.187423891,0.686431251
ITGB5,9840.343518,0.033888286,0.055106127,0.187525082,0.686604615
CACTIN,1054.521366,0.031737569,0.057431162,0.188272794,0.68737175
CCDC144A,186.117175,-0.020701438,0.05568082,0.188493751,0.68737175
COMMD9,2044.711051,0.034249923,0.054580147,0.188397666,0.68737175
DPYSL3,331.8503912,0.020949915,0.055748864,0.188582808,0.68737175
FYB1,4895.236679,-0.030524195,0.051245385,0.18851099,0.68737175
LRP11,282.4105086,0.0281777,0.057244274,0.188113099,0.68737175
MAB21L3,301.4020676,-0.02419338,0.05632663,0.188597253,0.68737175
MAML1,1317.719731,0.038724708,0.054082368,0.188036541,0.68737175
PCYT1A,3650.044462,0.038331295,0.051324418,0.188165248,0.68737175
PDXK,9964.674569,0.038825989,0.055925519,0.188390247,0.68737175
RAB32,4069.471891,-0.038283606,0.058920474,0.188500619,0.68737175
RTN1,3152.676117,0.03164863,0.052817831,0.188469727,0.68737175
SLC25A23,855.0699498,0.029169756,0.057369696,0.188252921,0.68737175
ZC2HC1A,214.6951788,-0.021255197,0.055820777,0.188281608,0.68737175
ZNF675,208.1813869,-0.024046028,0.056478329,0.187841537,0.68737175
ZSCAN18,172.7374446,-0.021196371,0.055802662,0.188457525,0.68737175
IFT74,325.3898319,0.02802307,0.057126722,0.18878893,0.687386156
LARGE1,301.4042875,0.023843664,0.056410845,0.189116032,0.687386156
PTPN4,270.6561205,-0.019709381,0.055421344,0.189140375,0.687386156
RBM47,5567.088093,0.039010936,0.053368496,0.188805367,0.687386156
RGS14,839.0351563,0.023774006,0.056458276,0.189002268,0.687386156
RNPS1,2466.478018,0.038891953,0.046529643,0.189111186,0.687386156
RPL6P10,42.62245789,0.012306374,0.053748992,0.188948449,0.687386156
RPUSD2,310.9705532,-0.024409915,0.055669113,0.188765271,0.687386156
SYNE3,420.166045,0.029603107,0.057398673,0.188859931,0.687386156
TTF2,802.1491948,-0.029602679,0.057103401,0.189035116,0.687386156
GOT2,2401.913806,0.039083753,0.053016367,0.189388866,0.68809309
MCC,185.0053748,0.021459949,0.055868716,0.189552701,0.688492132
GTPBP4,1292.688295,0.034875732,0.057057866,0.189670345,0.688527114
SCN2A,74.91006464,0.013811329,0.053999108,0.189625917,0.688527114
ADCY10,100.6131957,-0.017147433,0.054791595,0.189784986,0.688747162
PAK6,45.16025718,0.012027271,0.053679085,0.18988801,0.688924939
SEPHS1,967.6304333,0.035055518,0.055520563,0.189954077,0.688968571
BRK1,4496.064335,-0.035912513,0.052726528,0.190018974,0.689007933
NOP56,2153.002013,0.038902246,0.050238216,0.190147919,0.689279447
WSB1,5348.025467,-0.038816807,0.053769736,0.190222132,0.689352462
CHMP2B,1367.280722,-0.032213136,0.056590292,0.190346618,0.689467885
SBNO1,1913.200695,-0.038251561,0.050270093,0.190375534,0.689467885
STRN,1565.896043,-0.028115587,0.057545072,0.190416223,0.689467885
IFNAR2-IL10RB,557.186735,0.02934976,0.057252722,0.190634167,0.689669408
WWC1,327.6600214,0.024268942,0.056318953,0.190619077,0.689669408
ZNF430,299.2828247,-0.024477362,0.056484977,0.190607109,0.689669408
NME7,245.4905225,-0.023923418,0.056386796,0.190810508,0.689915818
PSIP1,1018.343237,-0.037185696,0.056288371,0.190790631,0.689915818
OBSL1,1285.766001,-0.031696813,0.057623375,0.190955999,0.690050464
RCN1P2,41.5663427,-0.012397403,0.053713963,0.190902231,0.690050464
BTBD8,114.7829645,-0.015885882,0.054501944,0.191036992,0.690147525
HDAC5,2616.963389,-0.033019174,0.054952694,0.191101214,0.690183959
OSBP,2353.828974,-0.038378822,0.050553636,0.191315144,0.69076091
MCM4,1131.469872,0.014812818,0.054265152,0.191417004,0.690933008
SYTL4,194.4091952,-0.023546665,0.056277763,0.19149552,0.691020772
AGTPBP1,613.8902421,-0.027706515,0.056645356,0.192016882,0.691439097
ALDH7A1,1030.790632,-0.033347049,0.057418998,0.192040181,0.691439097
AVIL,101.3680743,0.014709371,0.054210216,0.192378426,0.691439097
FABP3,3897.24917,-0.032187761,0.054047255,0.191674423,0.691439097
GLRX5,1351.791052,0.034488646,0.050514297,0.192804611,0.691439097
H2AC25,255.7353821,0.023399557,0.056254999,0.192166795,0.691439097
HRK,69.9584438,-0.014627071,0.054177724,0.192507254,0.691439097
MED23,1110.189854,-0.033958298,0.057451718,0.191809528,0.691439097
NDFIP1,3396.727093,-0.03714633,0.053743164,0.192070105,0.691439097
NDFIP2,659.7885389,0.033871309,0.056434615,0.191782914,0.691439097
NDUFAF4,363.9360785,0.022658623,0.055813516,0.192245414,0.691439097
NMUR1,40.49363635,-0.012230828,0.053711617,0.191901055,0.691439097
OPRM1,105.4523517,-0.015142184,0.054307348,0.192670482,0.691439097
PCP2,33.41795452,0.011578837,0.053596949,0.192101424,0.691439097
RBMS2,1800.361912,-0.029053892,0.057212067,0.192766018,0.691439097
RNF217,1057.641107,-0.029514891,0.056987811,0.192522863,0.691439097
SYNJ1,793.5932332,-0.030316399,0.058626187,0.192146716,0.691439097
TATDN1,372.8079888,-0.027527185,0.056822599,0.192681704,0.691439097
TCP10L,64.15488444,-0.013329961,0.053909943,0.192602774,0.691439097
TEP1,2878.794855,-0.034597409,0.058018535,0.19249641,0.691439097
THBS1,122.2205254,-0.011065998,0.053483962,0.192388308,0.691439097
ZBTB8A,172.218478,-0.017083923,0.054762371,0.192722432,0.691439097
MAP6D1,62.80601751,-0.013958318,0.054051689,0.192891761,0.691452488
SART3,1788.823089,0.051845459,0.056570571,0.192916817,0.691452488
ARHGEF11,4056.332005,0.036605846,0.05834238,0.193102482,0.691923424
FOXM1,1037.995902,0.035781398,0.05448924,0.193210304,0.691983921
NEPRO,1073.646147,-0.037095792,0.059235107,0.19322792,0.691983921
SNRPA,1067.402722,0.032568282,0.057631874,0.193396928,0.692394675
CELSR3,116.914798,0.017149431,0.054759599,0.19351344,0.692424395
ST3GAL5,1718.830379,-0.036695733,0.053664967,0.193513853,0.692424395
AATK,233.5760918,-0.021788289,0.055842025,0.193721482,0.692972832
SURF6,1253.656605,0.033840541,0.057238238,0.193798614,0.693054288
HNRNPA2B1,22122.92363,-0.036723926,0.051623281,0.193871079,0.693119009
NKRF,48.68206188,-0.004226868,0.05263064,0.193966119,0.693264384
CYB5RL,378.7069965,-0.027415718,0.056862592,0.194133496,0.693278867
DCTN3,1204.200017,-0.037895998,0.05458143,0.194228601,0.693278867
ENO3,826.4323805,0.031522654,0.05665436,0.194302946,0.693278867
NAPG,635.7718558,-0.025992421,0.056711645,0.194193983,0.693278867
PILRA,2051.383908,0.028587152,0.056485394,0.194310205,0.693278867
PRKCD,6350.440569,0.039007175,0.052766761,0.194350825,0.693278867
RNA5SP283,72.20370725,0.015410221,0.054369146,0.194225923,0.693278867
AP3B1,2958.83473,-0.037588787,0.05111152,0.19449132,0.693451025
RPL36AL,3190.223063,-0.034208751,0.056635182,0.194507872,0.693451025
ATP1A1,22131.78912,0.040711075,0.055273275,0.194924741,0.693803766
CD300LF,1278.772758,-0.033134538,0.056948406,0.194903304,0.693803766
CIAPIN1,968.1954322,0.035850301,0.054482295,0.194933335,0.693803766
MAPK12,554.4330256,0.030471088,0.05677191,0.194892509,0.693803766
PGGT1B,1042.390395,-0.036350019,0.05430466,0.194732773,0.693803766
POLR3G,54.54972419,0.009549716,0.053235413,0.194668448,0.693803766
STT3A,3665.705372,-0.037212266,0.052088936,0.1951512,0.694206197
THYN1,635.2299145,-0.03119895,0.05685218,0.195209759,0.694206197
YAF2,349.0958652,-0.020115805,0.055399736,0.195182267,0.694206197
AREL1,1567.381023,0.036234189,0.054017382,0.195359232,0.694351317
SERINC2,1180.087287,0.029579957,0.057064101,0.195359493,0.694351317
BCL2L12,464.0970889,0.024904437,0.056449786,0.195572167,0.694392301
CSE1L,1238.890966,0.030558925,0.056571861,0.19590279,0.694392301
DSTNP1,36.55369428,0.009401965,0.053215734,0.196128023,0.694392301
ERI2,485.9769336,-0.02265352,0.054170248,0.196043648,0.694392301
FDX2,490.3030308,0.027985546,0.056836251,0.195824865,0.694392301
GLRX3,1667.473147,0.034233863,0.051358167,0.195636642,0.694392301
JOSD1,1812.370059,0.038438079,0.050798415,0.19559904,0.694392301
RAB27A,456.7708723,0.031523467,0.056672853,0.195895583,0.694392301
SYDE1,60.89034957,0.014303585,0.054175708,0.195806632,0.694392301
TBL1X,257.641644,0.019992328,0.055390939,0.196133554,0.694392301
TIMM44,1145.382633,-0.035014321,0.05307224,0.195747153,0.694392301
TMEM45A,223.0129024,-0.021344172,0.055835102,0.196080866,0.694392301
TOP1MT,900.5640531,-0.035123845,0.056011858,0.196119765,0.694392301
ZNF410,841.4758223,-0.035972415,0.056511744,0.195662078,0.694392301
SCNM1,1379.787302,0.032268906,0.051771083,0.19620759,0.694461568
UBA6,1371.704426,0.014724002,0.054204996,0.196265254,0.694472863
BAG5,1241.658211,-0.03413109,0.054814903,0.196907151,0.694623483
CXCL10,155.4714675,0.007585922,0.052962072,0.19663059,0.694623483
DUSP13A,184.2695049,0.020599879,0.055512029,0.196633559,0.694623483
ESF1,943.2952019,-0.034203185,0.056216482,0.196849939,0.694623483
OSGIN1,209.5329713,0.019877247,0.055360459,0.196716484,0.694623483
PRR12,2464.496485,0.030805822,0.056695571,0.196548564,0.694623483
RABEPK,826.5843555,0.036523563,0.054804111,0.196858391,0.694623483
SLC22A5,489.3497783,0.027836985,0.05678069,0.196784115,0.694623483
SRRT,2938.692549,0.037523955,0.053429592,0.196752713,0.694623483
STRADB,564.742761,-0.038591559,0.062596823,0.196461468,0.694623483
ZMYM6,913.3326985,-0.026828319,0.057159335,0.196551037,0.694623483
DOCK2,5121.96685,0.039762723,0.051480449,0.19718967,0.694758457
FAM199X,1427.600437,-0.034407642,0.055227081,0.197085644,0.694758457
MGRN1,3701.349206,0.030322308,0.056913497,0.197123198,0.694758457
RGS18,47.83068826,-0.010910219,0.053448487,0.197200843,0.694758457
RHBDF1,145.2351915,0.017227465,0.054738194,0.197217888,0.694758457
KITLG,76.51648571,0.011081864,0.053480637,0.197328397,0.694906505
MPC2,1939.217266,-0.038039946,0.050598641,0.197435095,0.694906505
SAXO4,74.84920204,-0.013182983,0.053867236,0.197477941,0.694906505
UQCR11,2965.703709,0.03278276,0.056639821,0.197442102,0.694906505
CASTOR1,132.0945965,0.020981609,0.055668751,0.19780363,0.695368281
KLHDC3,3799.898799,-0.037835492,0.047301073,0.197817204,0.695368281
PTDSS1,3309.497754,0.036469839,0.05235745,0.19782734,0.695368281
SLC39A6,1225.544567,0.035029143,0.0569546,0.197719958,0.695368281
DNAJC6,71.1873152,-0.015399028,0.05438737,0.19802346,0.695498008
HMGB1,6786.791213,-0.032761731,0.055725543,0.198137012,0.695498008
TGFB1I1,71.65100633,0.012264818,0.053694446,0.198047623,0.695498008
TINCR,55.58626865,0.011136747,0.053487837,0.198025802,0.695498008
TTC21A,186.70797,-0.020695025,0.055551573,0.198106393,0.695498008
ARSG,262.8576597,-0.024454279,0.056384568,0.198686663,0.695555763
ASTE1,172.2124225,-0.022912905,0.056070067,0.198346285,0.695555763
CTBP2,826.6931132,0.030073006,0.05685461,0.198535296,0.695555763
DNASE1,420.6199804,-0.023967794,0.05613652,0.198702017,0.695555763
FRYL,1327.509282,-0.033058965,0.056042168,0.198785747,0.695555763
PRXL2A,3040.98177,-0.036830789,0.04975022,0.198524895,0.695555763
PYCR2,1590.764675,0.036633284,0.052082402,0.198618877,0.695555763
RAD23B,4066.206203,0.05096953,0.061760146,0.198546805,0.695555763
SCAF1,4376.854135,0.025966739,0.055331407,0.198797529,0.695555763
STAT1,19347.08559,0.029237621,0.056992023,0.198403857,0.695555763
STUM,108.0498154,0.012540135,0.053736526,0.198808157,0.695555763
TLR3,246.2686083,-0.018263207,0.054959254,0.198348236,0.695555763
FAM120B,1088.365743,-0.037964498,0.052961637,0.198870226,0.695582034
RO60,902.8318799,-0.029642619,0.056662898,0.199064332,0.696069986
COBLL1,33.9540783,-0.010044506,0.053293546,0.199396978,0.696326963
KALRN,399.7139911,-0.024418952,0.05640989,0.19919555,0.696326963
LGI2,55.81525596,0.010051674,0.053291856,0.199300164,0.696326963
PPP6C,1441.18903,-0.030970575,0.056594828,0.199410914,0.696326963
SLMAP,1273.763207,0.030351847,0.056369474,0.199332254,0.696326963
UNC5B,1135.306132,-0.030046587,0.054151158,0.199473261,0.696353943
PCTP,701.7284582,-0.031071161,0.052346682,0.199605739,0.69643502
RELT,2449.169834,0.032770988,0.055189365,0.199570485,0.69643502
IPO7,4318.116438,-0.032483639,0.054459335,0.199826531,0.696855103
PRKAB2,484.3212229,-0.024613295,0.056231381,0.199835458,0.696855103
DNAAF11,41.74177239,-0.012365363,0.053699897,0.199912045,0.696931547
C1R,37.94656349,0.008705555,0.053082381,0.200130946,0.697503943
VEGFA,310.3706038,0.023105921,0.056035854,0.200186109,0.697505521
ADGRE1,39.57049271,0.010704055,0.0534011,0.200349096,0.697882683
TSHZ3,57.32205169,0.013453707,0.053913093,0.200417727,0.697931057
ANXA2R,52.73484001,0.012842776,0.053789296,0.200687696,0.69813791
CEP95,600.6021063,-0.032540365,0.056157641,0.200715364,0.69813791
DDX20,623.8263063,-0.033493918,0.054429294,0.200966305,0.69813791
DOK3,7412.04247,0.029533224,0.055416636,0.200867359,0.69813791
FBXO25,605.9565296,-0.029343862,0.056324469,0.200830283,0.69813791
HSP90AA1,19377.9181,0.034187357,0.055118246,0.200535478,0.69813791
INTS7,438.5530444,0.029048199,0.056567477,0.201085259,0.69813791
MT-ND1,88859.13442,-0.029089998,0.047878591,0.200790485,0.69813791
NFU1,827.5983783,-0.03383466,0.055234882,0.201116238,0.69813791
REXO1,1859.112926,0.029722691,0.056626738,0.201134249,0.69813791
SMG1P7,63.08924708,0.015361964,0.05430194,0.201021005,0.69813791
TMC2,43.34136513,0.011595976,0.053552582,0.200991882,0.69813791
KIF2A,1455.294576,0.030342385,0.053602034,0.201388638,0.69871856
PGRMC1,1611.102079,-0.036701898,0.053111414,0.201411147,0.69871856
ATG2A,2083.560655,0.029012609,0.056674973,0.202049543,0.699245923
ATP6V1A,4061.524725,0.033808063,0.053689076,0.202012282,0.699245923
DOCK8,8065.52302,-0.038376883,0.046361261,0.201814111,0.699245923
OR52K3P,52.35291965,0.01311552,0.05383914,0.201695382,0.699245923
PLPBP,1030.103964,0.03381059,0.055984264,0.202056787,0.699245923
RAI1,731.4525295,0.02993992,0.057478723,0.201975313,0.699245923
RPLP1,15993.30995,0.036438204,0.05207294,0.201834159,0.699245923
RUVBL2,1219.181028,0.028507323,0.056338354,0.202001086,0.699245923
ZNF17,100.5148287,0.018602719,0.055008843,0.201930653,0.699245923
GCHFR,5311.778262,-0.035493541,0.057638561,0.202204438,0.699566997
CARF,288.9684261,-0.022230855,0.055777169,0.202261954,0.699576141
CAPZA2,4302.220236,0.038456857,0.046613919,0.20235981,0.699581524
PML,3103.356199,0.018105453,0.053170031,0.202373257,0.699581524
BAIAP2L2,33.52449209,-0.011455816,0.053525618,0.202561341,0.699604307
GARS1,4627.573476,0.033890883,0.054023386,0.202538875,0.699604307
HPSE,462.7659092,-0.029633958,0.056287078,0.202617189,0.699604307
SDHAP1,708.4168833,-0.032330885,0.056420211,0.202496233,0.699604307
ZNF775,290.8718904,0.020112174,0.055381934,0.202654224,0.699604307
SHOC1,60.3317462,-0.012959414,0.053789476,0.202766725,0.699803188
CACNB2,114.6206539,-0.017311287,0.054694951,0.202975363,0.700144185
XKR6,173.2378155,-0.023521555,0.055923938,0.202955331,0.700144185
ATP6V0C,28318.27659,0.027424591,0.056486755,0.203115262,0.70024783
JUNB,4212.211362,0.033894102,0.055513517,0.203096418,0.70024783
DYSF,11139.7153,0.021085194,0.052623333,0.20329049,0.700473096
SPAST,788.7467143,-0.03280998,0.055862829,0.203257005,0.700473096
CREBBP,3920.869177,-0.021136998,0.054828875,0.203412636,0.700704591
CBX4,1423.267922,0.027194509,0.05621796,0.203539296,0.700919058
RNF5,1876.186353,-0.034797646,0.055174486,0.203584852,0.700919058
DZIP1,37.2990111,0.007296892,0.052909648,0.203941132,0.70108526
HDAC1,2080.486821,-0.036724105,0.051304976,0.204183039,0.70108526
MOB3C,995.7740007,0.035800741,0.053301418,0.204122196,0.70108526
NBPF12,989.9323483,-0.032465371,0.055952859,0.203699434,0.70108526
NTAN1,1348.348699,-0.036227535,0.052863871,0.203983667,0.70108526
RAB1B,7101.331444,0.032810339,0.055545594,0.203914265,0.70108526
RELL2,815.1795561,0.026700385,0.056365388,0.204155664,0.70108526
RUSC2,866.6868706,0.033617458,0.055064785,0.203935722,0.70108526
SLC44A1,1464.635166,0.035507618,0.052138016,0.203891956,0.70108526
TMTC1,270.9619094,0.026000763,0.056392373,0.204099795,0.70108526
BCORL1,640.6168302,0.026586462,0.056202851,0.204366657,0.701523046
CEP85,652.6787408,0.031499019,0.056036799,0.20469572,0.701523046
CPT1A,2980.624288,0.031878673,0.051488675,0.2046676,0.701523046
KPTN,371.3583592,0.031073784,0.056162044,0.204436939,0.701523046
L3MBTL4,36.46074411,-0.010864872,0.053410615,0.204603883,0.701523046
MED16,1321.786655,0.022678393,0.055410263,0.204678109,0.701523046
RASAL1,42.93806885,-0.011380975,0.053503574,0.204496948,0.701523046
SLC25A42,43.02655308,-0.011612216,0.053545563,0.20475385,0.701533684
MT-ATP6,120165.3983,-0.035390219,0.053166266,0.204957756,0.701651198
RANBP2,5584.075511,-0.03495487,0.052768154,0.205042216,0.701651198
SIRT6,884.7880613,0.028624992,0.056269335,0.205016915,0.701651198
SUCLA2,892.1169526,-0.031797796,0.056325925,0.204987428,0.701651198
ZNF441,83.56041611,-0.01297379,0.05377949,0.205063328,0.701651198
PCYT2,847.3984108,-0.03378781,0.055618378,0.20513286,0.701700787
MLANA,37.33723716,-0.010607988,0.053364154,0.205471679,0.702482818
SLC35E2A,54.19120624,0.012290738,0.05366448,0.205445838,0.702482818
TIGD1,303.2889742,-0.027155133,0.056358084,0.205715756,0.703128731
DPAGT1,1229.658935,0.029451616,0.058382008,0.205964682,0.703225423
OPN3,1248.727269,0.032600813,0.055461255,0.205955156,0.703225423
RPL22,7430.742351,-0.033198333,0.055343575,0.205921453,0.703225423
TICAM1,1009.179137,0.026435908,0.056298903,0.205952342,0.703225423
MAGI3,84.27439913,0.014275625,0.054030659,0.206214881,0.703514456
TMEM222,1232.479497,0.031574721,0.055886956,0.206143783,0.703514456
UBE2Z,5123.998655,0.036511615,0.053207267,0.206192834,0.703514456
ERLEC1,2262.151975,-0.037170829,0.048975491,0.206306867,0.703639979
HTRA3,56.09140094,0.013060478,0.053851834,0.207017898,0.705223311
MEI1,235.0571372,0.022458539,0.055757529,0.206856709,0.705223311
MRTFB,1801.634333,0.02892495,0.05595957,0.207180164,0.705223311
RNASEH2C,1275.001607,0.030493507,0.056662177,0.207117417,0.705223311
RPS6KB2,2072.897073,0.036871807,0.052006409,0.207114244,0.705223311
SLC26A11,3474.859595,-0.030292289,0.052221988,0.206999662,0.705223311
SNX19,2632.96075,0.030992008,0.056229664,0.207234975,0.705223311
STAT6,8477.268378,0.047399655,0.056298572,0.207268942,0.705223311
TMEM183A,1784.849718,0.032505319,0.049478073,0.207134357,0.705223311
BOP1,1087.675952,0.026369044,0.056041593,0.207580797,0.705983863
GOLGA8R,168.5434645,-0.019403819,0.055108753,0.207626393,0.705983863
SAYSD1,460.9960484,-0.0306239,0.05550694,0.207722436,0.705983863
SCAMP4,3343.761692,0.033670581,0.056854949,0.207769351,0.705983863
TMX2P1,64.0651485,0.014818012,0.054141332,0.207724271,0.705983863
ORMDL1,1282.826659,-0.032685256,0.056013895,0.207847221,0.706060278
APOC2,4355.916846,-0.036051059,0.05101315,0.208579533,0.706241559
C19orf53,1666.42229,0.032533401,0.055516583,0.208731524,0.706241559
CHID1,2035.730108,-0.032657852,0.055390815,0.208616622,0.706241559
COL8A2,2500.847884,-0.034275714,0.05431572,0.208656722,0.706241559
FHAD1,137.6859209,-0.01899793,0.055041996,0.208630694,0.706241559
GHRL,36.56533304,0.00758786,0.052928615,0.208507158,0.706241559
PSD3,1252.132352,0.021692589,0.055511921,0.208312589,0.706241559
PSTPIP2,414.7320244,0.024432292,0.056006625,0.208275195,0.706241559
RNF26,1352.66432,0.041836447,0.059333449,0.208444518,0.706241559
SREBF1,3599.385123,0.027379486,0.055442578,0.208426231,0.706241559
SUFU,1202.57482,0.032990563,0.055276993,0.208226381,0.706241559
SURF2,309.3542908,0.024663548,0.05588625,0.20870347,0.706241559
TMEM128,573.2558965,-0.033808097,0.056901597,0.208676632,0.706241559
USP13,726.6157801,0.021999711,0.055641962,0.208335091,0.706241559
XXYLT1,378.8424192,0.027365603,0.05643502,0.207989152,0.706241559
CREB5,341.5232345,0.008025628,0.052994878,0.20897872,0.706856162
SLF2,1854.51148,-0.033310746,0.051653905,0.209024059,0.706856162
ADPRS,1550.97651,0.032839831,0.055305576,0.209105043,0.706942508
DDX52,1133.414624,-0.032330648,0.055225613,0.209492833,0.706955806
HELLS,332.8489274,0.020910314,0.055357537,0.209523439,0.706955806
MED6,697.6896544,-0.031787075,0.056049289,0.209287863,0.706955806
ORC5,386.8577873,0.01930974,0.055001797,0.209505888,0.706955806
PCM1,3962.584033,-0.035230788,0.051055131,0.209253964,0.706955806
TSC22D3,1014.803815,0.032518788,0.055736413,0.209194126,0.706955806
U2AF2,5946.766046,0.027246891,0.052786578,0.209552592,0.706955806
ZFAND2A,308.6133535,-0.028145526,0.056328423,0.209523459,0.706955806
NLK,770.3182557,-0.026710665,0.054406631,0.209831124,0.7077082
ACSF2,2841.899185,-0.03751615,0.050709215,0.210107955,0.708174062
ANKRD13C,954.0351651,0.035483975,0.051748876,0.210390246,0.708174062
CYC1,4589.423199,0.039153711,0.056585937,0.210635818,0.708174062
FAM174C,1607.909762,0.025118689,0.056080184,0.210492888,0.708174062
FAM72C,47.46702472,-0.009175593,0.0531416,0.210530019,0.708174062
FRK,177.2247207,-0.022733479,0.05568311,0.21058808,0.708174062
MBNL1,4342.715504,0.024684653,0.051148644,0.210333086,0.708174062
PHOSPHO2,32.2004699,-0.010826589,0.053392424,0.210438068,0.708174062
TPK1,524.7761086,0.027048487,0.056187448,0.210480586,0.708174062
UBE4B,2918.493319,-0.036698411,0.046592872,0.210214217,0.708174062
ZNF275,244.9792697,0.024217809,0.056195699,0.210258933,0.708174062
ZNF33A,562.6367791,-0.019909319,0.054207669,0.210077663,0.708174062
DTX4,2034.110647,0.028446335,0.055840338,0.210697719,0.708195418
C7orf50,2151.867788,0.033539682,0.053461338,0.21083569,0.708472381
BTF3P7,37.25193136,-0.011870112,0.053560525,0.211099311,0.708611142
CATSPERG,68.17995541,-0.015023139,0.054149238,0.21102668,0.708611142
CLK2,1217.023558,0.035308858,0.050288182,0.211056575,0.708611142
SDHB,2763.440611,-0.036055747,0.048057073,0.211028089,0.708611142
CDCA3,315.8730417,-0.027739739,0.056883637,0.211394006,0.708648737
CEP128,233.6827875,-0.017533506,0.054626559,0.211499603,0.708648737
GSTM3,139.5663815,-0.017419987,0.054620719,0.211447788,0.708648737
MXD4,3073.811949,-0.025441732,0.055446017,0.211472115,0.708648737
NUDT22,811.7129379,0.027623323,0.055063578,0.21147796,0.708648737
PNPLA2,3557.001815,0.023780764,0.055910401,0.211182622,0.708648737
ZWINT,917.1613756,0.032308076,0.055991012,0.211236005,0.708648737
ADH5,2781.567288,-0.033601324,0.0540559,0.212263289,0.708855396
CCDC13,70.20145943,-0.015589094,0.054249202,0.211813687,0.708855396
CTSK,1545.144816,-0.034533588,0.053253465,0.212115098,0.708855396
DERL2,608.8999837,-0.033106195,0.056900335,0.211903787,0.708855396
ESR1,58.52965578,-0.010908473,0.053377773,0.212165855,0.708855396
FAF1,732.0031525,-0.023230064,0.055807349,0.211851805,0.708855396
HSPD1,5110.739148,0.0340906,0.054994614,0.211799809,0.708855396
PBDC1,1356.362957,-0.034505073,0.053512798,0.21235043,0.708855396
PLOD3,4372.598434,0.031013061,0.055537994,0.211975538,0.708855396
PMM2,1149.376604,0.035778761,0.054916196,0.212075938,0.708855396
PRKACB,612.3737703,-0.027001991,0.057075218,0.212310237,0.708855396
QTRT2,842.654433,0.028479174,0.05624651,0.212206829,0.708855396
RHBDD2,3703.860766,0.030345471,0.056293144,0.212395295,0.708855396
TICRR,186.3485304,0.020709596,0.055255661,0.211848239,0.708855396
UBTD1,1368.179558,0.034542042,0.057572397,0.211781425,0.708855396
CNOT10,494.7408215,-0.028582353,0.055949426,0.212465681,0.708904728
HABP4,320.4730654,0.027933405,0.056023524,0.212533243,0.708944615
AP4E1,692.6440089,-0.029660879,0.056061166,0.212774589,0.709193003
RBM43,422.9395217,-0.025075138,0.055914868,0.212667907,0.709193003
SFMBT1,340.3209373,0.024201112,0.055830607,0.212722229,0.709193003
RAB7A,17677.76377,-0.038132575,0.046823305,0.212841713,0.709231313
KATNAL2,198.7442891,-0.022717325,0.055661319,0.212936708,0.709317456
MAGT1,2454.015583,-0.029961055,0.051949957,0.213123022,0.709317456
MED28,1676.485044,0.027924638,0.056428571,0.213093387,0.709317456
PHLPP2,304.2019115,0.028165929,0.056235791,0.213116634,0.709317456
SUGP2,3494.914922,-0.039800145,0.04532648,0.213145751,0.709317456
KCTD17,790.4522345,0.027685381,0.055117893,0.213312137,0.709685917
SATB2,225.2514042,-0.022416912,0.055567164,0.213449643,0.709958126
ZC3HC1,341.7094789,-0.02458997,0.055854011,0.213539386,0.71007137
INPP1,309.0575661,0.024289961,0.055793817,0.213695347,0.710404687
ABLIM3,793.1751158,0.027857575,0.0563402,0.214576406,0.710409748
C5AR1,10002.66341,0.022559178,0.052327891,0.214482207,0.710409748
CASP7,1158.122842,0.033653094,0.053669098,0.214388111,0.710409748
CCT3,4440.781593,0.034823682,0.052046535,0.2145712,0.710409748
CDCA4,372.9299468,0.029180644,0.055875299,0.214810572,0.710409748
KCTD20,2606.589673,0.033519033,0.052771118,0.214141193,0.710409748
KLHL38,53.66898321,-0.01262502,0.053682543,0.214670802,0.710409748
LARS1,3528.323261,0.029725407,0.051810321,0.214258882,0.710409748
MCM3AP,4153.197241,0.032081617,0.049756377,0.214023353,0.710409748
MRPL19,866.6951489,0.031888823,0.055022328,0.214811325,0.710409748
NIPSNAP3A,896.4027247,-0.029913033,0.056118964,0.214506707,0.710409748
OR1D2,83.4188459,-0.017823837,0.054662044,0.214496567,0.710409748
PPARGC1B,1424.796375,0.029611771,0.053679392,0.21434541,0.710409748
RBM10,1353.088112,0.03407091,0.053173697,0.213897408,0.710409748
STIM2,510.0373136,-0.025135112,0.055763641,0.214741276,0.710409748
TMEM106C,590.1977753,0.02759544,0.055696637,0.213885917,0.710409748
TMEM250,1688.678815,0.032584679,0.05462313,0.214642232,0.710409748
TRAFD1,1569.902795,-0.034768617,0.052121647,0.214152016,0.710409748
VPS39,3167.728829,-0.034983725,0.049704303,0.213972977,0.710409748
ZNF717,95.39872141,-0.016664642,0.054438759,0.214776558,0.710409748
MLF1,119.552739,-0.014612722,0.054037521,0.215034286,0.710778353
MRPL1,447.1749683,-0.025047358,0.055875396,0.214979771,0.710778353
ACTN1,3490.24664,0.009828909,0.053229546,0.215123534,0.710889046
ERC1,1489.30578,0.029032095,0.055479648,0.215226268,0.711044231
ANKRD27,737.9004728,0.034280406,0.056065317,0.21550286,0.711422051
GAS1,43.58656964,-0.012016224,0.053568776,0.215457855,0.711422051
MIGA2,854.6823885,0.027366275,0.055951386,0.215563839,0.711422051
NPDC1,335.0306184,0.016612352,0.054428426,0.215531292,0.711422051
SCO2,653.0364167,0.028389491,0.055329858,0.215798872,0.711747421
STIM1,3536.128734,-0.036207721,0.049045613,0.215755199,0.711747421
TMEM14C,3000.676212,-0.033405466,0.05521285,0.215829911,0.711747421
ADAMTS15,1220.339697,0.031003207,0.055133644,0.216185321,0.711849529
ARL13B,289.983623,-0.023637383,0.055658569,0.216273576,0.711849529
IFT22,264.9168131,0.025111652,0.055853545,0.216121048,0.711849529
IGSF6,5885.931776,-0.036003128,0.05101035,0.216307559,0.711849529
KCTD1,119.9305218,0.016582735,0.054420854,0.216043693,0.711849529
PEF1,1229.717571,0.032575867,0.054442879,0.216209295,0.711849529
RFX2,423.1198019,0.023564304,0.055985367,0.215939953,0.711849529
ZBTB14,499.8415835,-0.028704396,0.055089812,0.216302775,0.711849529
IPPK,320.3792136,0.022506358,0.055501812,0.216386102,0.711924237
BRCA2,405.1670195,-0.021448729,0.054922827,0.216497562,0.711976665
P3H2,476.5589888,0.016604896,0.054412614,0.216513729,0.711976665
UBALD2,4117.09066,0.030632853,0.057089572,0.216596109,0.712063897
ARID4B,1685.637801,-0.030657349,0.054522476,0.217272485,0.712633573
COX16,968.6552333,-0.026516124,0.055843185,0.216942596,0.712633573
DYNLT4,62.02542848,0.012990371,0.053731268,0.217051768,0.712633573
EHBP1,352.9081815,0.024536562,0.055747823,0.216901998,0.712633573
FRRS1L,55.41665621,-0.013957388,0.053889149,0.217262252,0.712633573
MAGED2,1659.706666,-0.035694778,0.052255242,0.217369078,0.712633573
MYLK4,53.8581174,-0.011963355,0.053543295,0.217270546,0.712633573
PHYH,560.2360191,-0.027538132,0.055199195,0.217106487,0.712633573
PUM3,543.2918211,0.025121419,0.055839815,0.217071459,0.712633573
SLC16A7,214.0774803,-0.017017005,0.054475327,0.217384263,0.712633573
SULT1B1,68.00051052,-0.011517151,0.053476679,0.217328827,0.712633573
CPNE3,1577.740127,-0.031004611,0.057189541,0.217763328,0.712696328
MMP8,4118.477439,-0.027452983,0.054161321,0.217618573,0.712696328
SF3B4,2024.551,0.02939111,0.055981721,0.217693565,0.712696328
THRAP3,4472.536427,-0.03603642,0.048981993,0.217459574,0.712696328
TIAM1,2388.844963,-0.031276418,0.051113328,0.217734612,0.712696328
TUBA1A,2968.645667,0.028313961,0.055525023,0.217794721,0.712696328
YBX1,39713.8253,0.047701357,0.060687228,0.217690915,0.712696328
ACAT2,1178.931294,0.032238933,0.054351647,0.218094181,0.713493128
NCAPD2,2209.078938,-0.033034362,0.053868002,0.218222582,0.713730041
TAF11,860.8878048,-0.026806625,0.054217164,0.218410577,0.714161693
IFT140,500.710223,-0.023746482,0.055612999,0.218547476,0.714244058
ZNF844,76.72230973,-0.016154251,0.054322163,0.218547813,0.714244058
UPF3B,944.4778703,-0.029671603,0.055551369,0.218634954,0.714345728
ZNF573,77.36646683,0.015324686,0.054148694,0.218796122,0.714689152
LRP2,48.48484628,-0.011236852,0.053420511,0.218878295,0.714724142
ODF2,723.3005189,-0.034201386,0.053858997,0.218918956,0.714724142
BCAP29,1012.384067,-0.028904261,0.055800701,0.219024654,0.714886154
RHOQ,4221.658785,0.033470507,0.054221951,0.219084384,0.714898084
ARHGAP6,250.1707626,-0.024127917,0.055888,0.219341664,0.71555447
TTC33,315.3815848,-0.027007271,0.055748786,0.219466887,0.715779827
ACSM5,617.1390483,-0.027749023,0.055902831,0.219614861,0.715896155
AQR,1209.553958,-0.025234181,0.055421651,0.219566091,0.715896155
THAP7,494.6426216,0.028395635,0.055640997,0.220076731,0.717218365
PHF21A,1475.968705,0.033374701,0.053094262,0.220235636,0.717369473
SLC66A1,2034.410924,0.030506958,0.055311274,0.220193542,0.717369473
MIDEAS,2043.716932,-0.027617298,0.055460483,0.220320439,0.717462395
ATF3,3432.017044,0.032470115,0.055502783,0.220838723,0.717500735
FOXRED2,530.9938515,-0.027016305,0.054669961,0.220817071,0.717500735
HECTD1,6605.300744,-0.033734363,0.054258859,0.220744363,0.717500735
MTFR2,133.2449348,-0.018827954,0.05478578,0.220579261,0.717500735
NUDT9,1447.571016,0.030757208,0.054064686,0.220751094,0.717500735
SGTB,1097.582126,0.031984735,0.054424515,0.220651196,0.717500735
STAT5A,4520.726743,-0.034111424,0.051058296,0.220620631,0.717500735
TRIM52,526.8085249,-0.03157229,0.05465647,0.220415872,0.717500735
ZNF337,382.1679195,-0.028175735,0.0556326,0.220523593,0.717500735
EMP2,86.4700068,-0.015206842,0.05410286,0.220904096,0.717530271
RAMAC,964.0798249,-0.032231651,0.05430388,0.220978555,0.717589302
BLOC1S5,556.7280396,-0.02570953,0.055756266,0.221364356,0.717610219
CNOT1,6274.962478,-0.030035443,0.052791357,0.221571153,0.717610219
CWC15,956.2221668,-0.033720115,0.052628675,0.221594324,0.717610219
EPN1,4312.79838,0.028634592,0.054850548,0.221223662,0.717610219
IPP,73.98915391,-0.013915808,0.053869704,0.221583037,0.717610219
LASP1,19569.88508,0.033175162,0.053102256,0.221452122,0.717610219
NUAK2,155.3138879,-0.020427436,0.055069312,0.221660447,0.717610219
RAB5IF,4391.977449,0.033796567,0.051331212,0.221149018,0.717610219
REEP1,678.1486119,0.028076352,0.055659142,0.221465297,0.717610219
STK36,657.2438209,0.023397905,0.056086366,0.221611856,0.717610219
TXNRD3,261.1319797,-0.023618558,0.055572546,0.221632223,0.717610219
ZNF138,69.87848993,-0.015197804,0.054102119,0.221050121,0.717610219
TRIM3,363.5042509,0.028638989,0.055225272,0.221901815,0.718209252
FAIM2,37.93574313,-0.010009127,0.053222367,0.222049903,0.718410357
ITCH,2285.53276,-0.034064278,0.053176503,0.222312367,0.718410357
MAP3K12,1041.757821,-0.021965684,0.055366266,0.222354673,0.718410357
OASL,924.9958538,0.018590297,0.054733191,0.222334895,0.718410357
PCOLCE2,2854.667922,-0.033623189,0.052486365,0.222330846,0.718410357
PWWP2A,798.173566,-0.031584222,0.054262321,0.222098821,0.718410357
TBK1,1233.543147,-0.032619133,0.054367874,0.222358402,0.718410357
TMEM259,9843.948815,0.017924372,0.049455923,0.222459964,0.718556394
BCL2L2-PABPN1,281.9129278,-0.016844168,0.054410158,0.222577281,0.718602396
LYN,6171.7311,-0.026850371,0.055094045,0.222586937,0.718602396
HEATR5B,1276.289584,-0.02666638,0.055570535,0.22268455,0.718735525
NRSN2,386.7224317,0.018532783,0.054707506,0.222820002,0.718808755
PEBP1,4344.065163,-0.035030952,0.050812814,0.222819032,0.718808755
CYP2S1,838.3530267,0.023967889,0.055471927,0.223271353,0.718991279
GBP2,620.1247461,-0.026839795,0.05569265,0.222990766,0.718991279
SIK2,1591.106694,0.030356758,0.055026437,0.223218052,0.718991279
TMEM179B,1065.102062,0.030982319,0.055127148,0.223252126,0.718991279
TOMM70,1873.103584,-0.030823336,0.054886856,0.22312601,0.718991279
ZNF362,1072.932461,0.027326851,0.055862545,0.223026953,0.718991279
ZNF490,203.3744211,-0.017218659,0.054414526,0.223266696,0.718991279
SMAP1,917.628053,-0.032520167,0.054560693,0.223362148,0.719102028
USP6NL,1349.246288,-0.033448777,0.051832719,0.223510807,0.71939896
CAD,2545.993298,0.023539457,0.055026551,0.223666457,0.719718237
USP2,1461.525582,-0.032773297,0.055112794,0.223723663,0.71972066
CDKN3,160.9085437,-0.020346708,0.055027068,0.223870467,0.720011246
SOCS7,717.6877388,0.029610132,0.054903729,0.223957094,0.720108194
NCDN,1009.187597,0.031369967,0.053974695,0.224038304,0.72018768
TPP2,1728.725619,-0.02865819,0.055182571,0.224438284,0.721291578
CXXC1,1841.138594,0.034112683,0.055170577,0.224826548,0.721307543
GGT1,93.32367654,0.014465996,0.053965662,0.224878532,0.721307543
HERC2P3,46.65848131,-0.010293694,0.053263162,0.224651716,0.721307543
JHY,95.41133289,0.016717787,0.054347659,0.22487134,0.721307543
LRRC61,85.417159,-0.016229513,0.05429246,0.224895873,0.721307543
PWP2,1086.379668,0.030144685,0.054737383,0.224689689,0.721307543
RTN3,6229.476579,0.032147673,0.054091103,0.224595958,0.721307543
VAMP4,646.0808892,-0.032034086,0.054723946,0.224556061,0.721307543
JPT1,2167.536228,-0.03149813,0.054283643,0.224976942,0.721386076
TRIB1,854.4539757,0.030835338,0.054635101,0.225115322,0.721648288
CCDC34,175.6066563,-0.020694169,0.055012753,0.225580974,0.722414427
SPTLC2,1292.285256,-0.030101392,0.054979915,0.225491201,0.722414427
TRIM72,76.75805639,-0.015129891,0.054054114,0.225576053,0.722414427
ZNF136,206.0335076,0.018697935,0.054698732,0.225428007,0.722414427
AHCTF1,1372.865985,-0.03136181,0.054001893,0.226804933,0.722490464
ATG14,746.8619717,-0.032192501,0.053821244,0.226532247,0.722490464
BPNT1,820.3982996,-0.032461349,0.053533169,0.226406041,0.722490464
C19orf12,1036.018541,0.031835697,0.053450973,0.226859909,0.722490464
CDC34,1759.580621,0.032193177,0.054223753,0.225987826,0.722490464
CHD2,5412.428583,-0.032777759,0.052132902,0.226094342,0.722490464
CPQ,1049.44782,-0.032971798,0.05273132,0.225838624,0.722490464
DNM1P47,104.0534543,-0.015260999,0.054046921,0.227021476,0.722490464
FBP2,32.98901656,-0.009626007,0.05316332,0.226671922,0.722490464
HLA-DQA1,734.4290814,-0.022660645,0.05524686,0.226616203,0.722490464
INO80D,1037.605505,-0.030878287,0.055029389,0.225800244,0.722490464
LEMD2,2238.139837,0.035221952,0.049568157,0.226820378,0.722490464
RACK1,16803.05886,0.043210137,0.056804274,0.226810147,0.722490464
RNF126,1123.532336,0.034633225,0.058490176,0.226116614,0.722490464
RPL19,13816.37869,-0.032607014,0.051882168,0.226679756,0.722490464
RPP25,2552.176332,0.031844044,0.055264443,0.22602605,0.722490464
RSBN1L,917.2175082,-0.029836732,0.055424873,0.226089951,0.722490464
SCOC,722.1565002,-0.022285975,0.055113121,0.226662846,0.722490464
SIRT2,2013.152278,-0.032132486,0.054618114,0.226505424,0.722490464
TBC1D1,4035.582437,0.033423962,0.049756037,0.226176729,0.722490464
TIMM8B,1047.946002,0.034398977,0.054055796,0.226978073,0.722490464
TMEM238,82.14827926,0.014763659,0.053983775,0.227019203,0.722490464
TSGA10,68.97310212,-0.014048492,0.05385923,0.225744966,0.722490464
UBE2B,1604.519668,-0.02593768,0.055734158,0.226272637,0.722490464
WTIP,349.0297036,-0.026551928,0.055410773,0.226701284,0.722490464
ANXA9,87.53825988,-0.015826216,0.054163818,0.227201277,0.722882227
ABI1,3858.202813,-0.036989026,0.052838851,0.228246463,0.723508665
AMZ2,966.3185256,-0.033105893,0.052156347,0.228823005,0.723508665
CARM1,2162.528423,0.030734631,0.051506364,0.22850782,0.723508665
CCDC66,314.5278476,-0.0203962,0.055594345,0.228532053,0.723508665
CFAP263,38.06360272,0.009704086,0.053170541,0.228172886,0.723508665
COG4,1590.010631,-0.032595905,0.054839292,0.227720874,0.723508665
COX10,706.6550563,0.031813044,0.05320488,0.22860748,0.723508665
DNAJB6,3541.085597,-0.034804951,0.051569765,0.228742541,0.723508665
EDEM3,2080.851797,-0.031555526,0.054612747,0.228267663,0.723508665
EEF1A1P6,61.38550369,0.012628165,0.053616926,0.22763823,0.723508665
FKTN,499.565867,0.02349711,0.055326634,0.228303367,0.723508665
HSD17B2,44.41523298,-0.012225974,0.053542831,0.227468175,0.723508665
LRP10,8255.014332,0.037630752,0.05947526,0.228809204,0.723508665
LRRC32,98.20022727,0.011826452,0.053472278,0.22820045,0.723508665
MLLT1,1903.06643,0.027495244,0.054035356,0.227673123,0.723508665
PDHX,1410.094629,0.031538601,0.05046189,0.22868373,0.723508665
PIK3R4,605.7182694,-0.027837846,0.055443707,0.228082162,0.723508665
PRKAR1A,9660.107249,-0.035382183,0.048547046,0.228264598,0.723508665
RAB4A,1233.318521,-0.030807734,0.05443855,0.228604245,0.723508665
RNF138,610.218459,0.022982428,0.055430193,0.227746462,0.723508665
STX1B,110.4701303,-0.015524272,0.054084152,0.228716546,0.723508665
SUN2,9381.788572,0.033565928,0.050694238,0.22870469,0.723508665
THBS3,1539.231819,-0.029853044,0.052545668,0.228873672,0.723508665
TMEM62,749.3937239,-0.029896168,0.05477508,0.227642174,0.723508665
ULK3,1530.48167,0.028407097,0.055510055,0.227861491,0.723508665
VCL,2396.460961,-0.04022978,0.059180496,0.22877296,0.723508665
C15orf61,155.9834908,0.016778594,0.054313958,0.229225345,0.723645016
LURAP1,66.41409347,-0.014485002,0.053913573,0.229093675,0.723645016
SLC16A5,571.5576425,0.024014725,0.055345301,0.229233731,0.723645016
SNTA1,221.9907423,-0.021138342,0.05498483,0.229257371,0.723645016
TIMM17A,1653.744992,0.033978446,0.050986892,0.229089396,0.723645016
ZNF141,477.9248336,0.022914083,0.055226532,0.229212408,0.723645016
ZNF230,120.8831466,-0.01689766,0.054322966,0.229337719,0.723719449
ECSIT,1070.798834,0.02762198,0.055431988,0.229447379,0.723886323
MAP3K20,580.9971546,0.029621128,0.05466125,0.229757364,0.724326565
RBM28,946.7190917,0.028509793,0.055092429,0.229677785,0.724326565
SH3PXD2A,1743.083243,-0.029422561,0.055278533,0.229756807,0.724326565
TMEM43,2065.767972,0.035132327,0.051826177,0.229980489,0.724850742
IGIP,170.5688227,-0.019744016,0.054810114,0.230152268,0.725209056
MSL3,1244.999635,-0.031405423,0.054529143,0.230207942,0.725209056
GALNT11,1065.21404,-0.032819353,0.050724739,0.230499583,0.725575644
IKBKG,1393.696921,0.02975677,0.055521339,0.23055196,0.725575644
MED24,2135.581643,0.034589756,0.052796385,0.230480013,0.725575644
PPP1R35,516.4899426,0.024401257,0.055377839,0.230416573,0.725575644
ANKFY1,3559.539669,0.031900042,0.052431065,0.231602752,0.725658265
CLIC4,6831.680888,0.030331719,0.053059998,0.231351794,0.725658265
DHX30,2752.181143,0.026651249,0.051114583,0.231126834,0.725658265
IGFBP2,2632.210968,0.026603506,0.055018629,0.231600416,0.725658265
MBTD1,793.2882566,-0.028945887,0.055252869,0.231091092,0.725658265
MTCH1,7386.952385,0.038311681,0.051534092,0.231473722,0.725658265
NDUFA8,1154.076873,-0.033815551,0.052775182,0.231239384,0.725658265
OXCT1,160.1703743,0.017629299,0.054439961,0.231043565,0.725658265
PIGZ,122.8702533,0.018758433,0.054638111,0.230664611,0.725658265
RALGAPA1,679.0383954,-0.028118256,0.054872251,0.230886749,0.725658265
RAP1GAP,107.7770251,-0.016094588,0.05415975,0.231301827,0.725658265
RNF187,3831.529362,0.029256919,0.05421236,0.231199761,0.725658265
RPIA,451.947647,0.029129611,0.054716013,0.23075452,0.725658265
SAMD4B,1895.646086,0.03368984,0.055094461,0.231548876,0.725658265
SLK,2607.984939,0.033555135,0.050335129,0.230927651,0.725658265
SSRP1,2897.608418,0.034830535,0.050344223,0.230936584,0.725658265
TACR2,33.35347333,-0.010948459,0.053334225,0.230761302,0.725658265
ZNF552,270.7922239,-0.024199124,0.05523934,0.231546156,0.725658265
SLC35B4,1051.337942,0.029910127,0.054106198,0.231717274,0.725838703
RSPO4,99.933325,0.015574677,0.054083995,0.231837964,0.726038369
MARK3,2062.423335,0.034552447,0.050843982,0.232092698,0.726657614
ALDH18A1,941.2983751,0.026591397,0.056258179,0.232280539,0.72671033
EIF4G2,19704.3081,0.041270122,0.060156984,0.232258975,0.72671033
SLFN13,153.7433983,-0.018037607,0.054510024,0.232175098,0.72671033
ZNF700,323.7243857,-0.024554984,0.055329911,0.232414441,0.726950862
PHACTR2,1459.429956,0.027588886,0.056387818,0.232710475,0.72769827
EIF5,5316.651331,-0.031028524,0.054368366,0.23288977,0.727734029
OTOA,246.6291797,-0.022314608,0.054741918,0.232893156,0.727734029
RAD51,229.1210476,0.018573384,0.054495686,0.23278696,0.727734029
RBM14-RBM4,244.1587815,0.018752048,0.054590731,0.233011666,0.727747605
ZNF543,125.2370352,-0.019084902,0.054663608,0.232969986,0.727747605
HEATR3,803.2006018,0.030864415,0.05397768,0.233384014,0.728018791
MAZ,7334.581779,0.029874496,0.0471915,0.233283597,0.728018791
MRPL53,729.4194739,-0.030565282,0.054934969,0.233376817,0.728018791
RCAN1,1079.406619,0.029650654,0.054347028,0.233320012,0.728018791
YPEL2,1113.451101,-0.027291427,0.055167619,0.23325135,0.728018791
ARV1,475.3473814,-0.029247167,0.054447435,0.233739878,0.728060029
CLEC2D,328.6834776,-0.020080421,0.054790983,0.233628614,0.728060029
DBT,866.17908,-0.031564725,0.053863469,0.233701433,0.728060029
LRRC28,1206.998902,0.032086389,0.05202367,0.23346558,0.728060029
PPARA,1210.485536,0.026281816,0.05519351,0.23371693,0.728060029
RSRC2,1976.272254,-0.031383918,0.054092118,0.233550528,0.728060029
PRKRA,896.5252999,-0.028240415,0.054781083,0.233916833,0.728255362
RBM34,951.6759534,0.030876319,0.05348168,0.233881921,0.728255362
GRPEL1,853.683173,0.029921489,0.053455684,0.233994642,0.728319748
PPP6R1,6410.742096,0.029688264,0.05424983,0.234066876,0.728366757
FUZ,404.4791334,0.02539653,0.055423142,0.23418381,0.728552806
NDRG2,2156.818914,0.032686763,0.051764768,0.234246768,0.728570881
BEX4,2237.194716,-0.033346916,0.0519303,0.23457613,0.728726044
CHI3L2,121.3577066,0.016779376,0.054260722,0.234735125,0.728726044
HYPK,732.7297689,0.029096174,0.054450636,0.234732077,0.728726044
PAOX,96.64771726,0.015533867,0.054053984,0.234715871,0.728726044
RPS25,8367.995342,-0.030742565,0.05476062,0.234475916,0.728726044
TMEM14B,1240.980729,-0.031819781,0.053461961,0.234515437,0.728726044
TSSK4,88.25021763,0.016951491,0.054291042,0.234615559,0.728726044
ZFAND1,564.3312904,-0.02517354,0.055305912,0.234753931,0.728726044
DEXI,1168.356187,0.03337085,0.0535393,0.234992597,0.729064313
EIF2B3,620.131949,0.026141853,0.055095118,0.234973736,0.729064313
NOTCH2,6292.586601,-0.031635157,0.054215607,0.23503446,0.729064313
NPR2,44.93637387,-0.007492765,0.052873876,0.235110614,0.729123138
STIP1,6684.417737,-0.03457665,0.045681915,0.235199685,0.729221981
BSCL2,554.7383269,0.025006143,0.055100142,0.235409846,0.729313335
CATSPER1,78.05421931,0.015358881,0.0540161,0.235665284,0.729313335
KCTD6,136.2729049,-0.019792824,0.054674214,0.23554026,0.729313335
MYLIP,262.0107859,-0.021837489,0.055047296,0.235582263,0.729313335
RAN,6290.950318,0.024830406,0.051335661,0.235686794,0.729313335
VPS8,1764.604839,-0.028839752,0.054258179,0.235564326,0.729313335
XRCC2,139.4502246,0.016120806,0.054092251,0.235424263,0.729313335
ZSCAN22,137.1961321,0.019873135,0.054704025,0.235541114,0.729313335
LRRCC1,119.6932506,-0.016150876,0.054106944,0.235858555,0.729630744
PTPN11,3713.304784,0.029270383,0.05401801,0.23590383,0.729630744
PAXBP1,1050.406463,-0.025930695,0.055331849,0.236054343,0.729742197
VWCE,83.94518541,0.015134603,0.053970471,0.236035548,0.729742197
ANKRD16,111.8809968,0.018392849,0.054526178,0.236141502,0.729750515
CLEC7A,9486.479039,-0.03216996,0.050261299,0.236285993,0.729750515
DNAJC8,3233.630858,-0.033439477,0.050210101,0.236206584,0.729750515
SIX5,101.5500052,0.01546905,0.054004529,0.236239829,0.729750515
RAB42,3958.479004,-0.030645639,0.052461129,0.236423866,0.729999482
RALY,4697.213246,0.030677098,0.053108804,0.236934476,0.731398943
ATOSB,2081.074783,0.030859149,0.054923785,0.237353435,0.731806273
KCNQ3,709.6226929,-0.025803085,0.053520125,0.237257838,0.731806273
MAT2B,2572.214266,-0.033910995,0.051948734,0.23728213,0.731806273
SLC33A1,1250.544682,-0.03381806,0.049293047,0.237349091,0.731806273
TUBB4B,2782.381,0.026691364,0.054714753,0.237126525,0.731806273
BMI1,931.256549,0.031380295,0.053224691,0.237507785,0.732048864
SGMS2,196.7501957,0.01589094,0.053982371,0.237546957,0.732048864
THAP12P3,75.74478411,-0.013379696,0.053703377,0.237614394,0.732079726
CDRT4,32.78636828,-0.003621069,0.052574336,0.237961613,0.732087983
CXCL16,11531.00961,0.035691934,0.054526865,0.237845704,0.732087983
ROGDI,778.9519102,-0.025786357,0.05515544,0.237923898,0.732087983
SCCPDH,3264.039713,-0.033178306,0.052574015,0.23791215,0.732087983
SGO2,304.1319639,-0.018941333,0.054519038,0.237684684,0.732087983
SNX13,1483.976659,0.020439258,0.054063556,0.237762277,0.732087983
BAIAP2L1,74.05417057,-0.01203483,0.05346034,0.238066897,0.732235192
CDC16,1668.91268,-0.038798872,0.056784895,0.238330684,0.7326585
PUS1,896.6835163,0.029737451,0.054285283,0.238376928,0.7326585
SLX4IP,185.2239994,-0.020066665,0.054674302,0.238310483,0.7326585
MRTO4,1225.249556,0.029462929,0.054955828,0.23849948,0.732681897
NEMP1,1045.595175,-0.030411913,0.053566504,0.238462204,0.732681897
SMAD1,274.5121833,0.021781984,0.054961844,0.238656806,0.732988585
ACTR8,984.5405204,-0.030597624,0.053196894,0.238757458,0.733026993
ARHGDIB,11320.59554,0.035896556,0.051665053,0.238823277,0.733026993
NBPF19,2921.808534,-0.028988198,0.054354469,0.239033645,0.733026993
PLCG1,1515.941167,-0.031367371,0.053547388,0.238844685,0.733026993
TLCD2,703.2014412,-0.031302194,0.053408169,0.239068034,0.733026993
TMED3,2673.292685,0.030802737,0.047768098,0.238980531,0.733026993
ZNF768,1429.049869,0.032735804,0.049544428,0.239071789,0.733026993
POMGNT2,345.0713151,0.021708142,0.054877927,0.239239563,0.733365037
MYBBP1A,1787.342195,0.023216272,0.055067973,0.239470985,0.733897976
DCP1B,343.1086994,-0.024091614,0.054037625,0.239779588,0.734000989
FERMT3,15189.6974,0.018517176,0.049837756,0.239732219,0.734000989
METTL25B,784.8062573,-0.029794533,0.054141088,0.239850037,0.734000989
RAB14,4606.283005,-0.032109733,0.053401284,0.239656623,0.734000989
S1PR2,1090.328982,0.029961274,0.053906107,0.239812836,0.734000989
WDR7,1433.133282,0.030112327,0.056070414,0.239718462,0.734000989
DYNC2H1,193.3079424,0.014513126,0.053837466,0.240052669,0.734268587
NUDT17,149.1402788,-0.019446101,0.054579571,0.240023988,0.734268587
TRPA1,38.20891745,0.009739948,0.053136066,0.240131555,0.7343337
NDUFB1,1014.237907,-0.026484624,0.05554858,0.240266637,0.734570589
RAB2B,610.5199792,-0.025395268,0.054900606,0.240420591,0.734865048
ACTR1A,3717.397205,0.031504608,0.05117388,0.240661699,0.73514714
SETD9,144.6597647,-0.020374479,0.054670823,0.240585728,0.73514714
ZC3H6,425.7066453,-0.024977107,0.054841537,0.24068587,0.73514714
KCNA3,489.698122,0.020271865,0.054739308,0.240817439,0.73537282
PGAM1,11862.17508,0.032726811,0.051353635,0.240958937,0.735513939
SAE1,2309.799876,0.035207217,0.050098134,0.240979035,0.735513939
CHTOP,1828.947531,-0.033942061,0.049913128,0.241175547,0.735937542
DGCR2,2009.86977,0.031441901,0.054044636,0.241440877,0.736570888
TIMMDC1,1578.560056,-0.032398128,0.052953407,0.241607846,0.736903929
CARD6,1103.045765,-0.033364341,0.051182152,0.24217684,0.736926571
CCDC92,2418.658394,0.026568564,0.054695261,0.241843639,0.736926571
EBP,869.6911905,0.028608906,0.054186906,0.242054824,0.736926571
FERMT2,423.8136763,-0.02276907,0.054974296,0.241907855,0.736926571
FN3K,270.6067204,-0.021757102,0.054858199,0.242112035,0.736926571
GFOD1,954.2744194,0.031038967,0.053544669,0.242193296,0.736926571
MIDN,1484.65604,0.030431801,0.053111856,0.241885338,0.736926571
RAD51B,118.2547374,0.014206129,0.053770907,0.242062903,0.736926571
SETD1A,1506.452184,0.027237546,0.054866563,0.241897643,0.736926571
USF1,2561.079253,-0.033309263,0.050813,0.241875086,0.736926571
BCL2L2,1629.557585,0.030288776,0.050090259,0.242304024,0.737087569
PCGF3,1536.210709,0.027399611,0.054464486,0.242481152,0.73745043
BRD3,1534.553949,0.02525138,0.054112935,0.242567131,0.737535978
C2CD5,1406.850469,-0.028203749,0.054356438,0.242660227,0.737618977
RNF146,1369.449625,-0.02984499,0.053514509,0.242710143,0.737618977
SKP1,2001.219393,-0.023294353,0.055149864,0.242769332,0.737623026
ETNK2,55.50504453,0.009880995,0.053144916,0.242950723,0.737822479
RARG,81.86064487,0.015550355,0.053973444,0.242943233,0.737822479
IPCEF1,83.9577168,-0.011526201,0.053353287,0.2430275,0.737879876
DHX32,1016.270923,0.03078085,0.052610066,0.24336166,0.738416701
EPB41L4A,77.85961842,-0.014689944,0.05383037,0.243435987,0.738416701
GTF3C1,2476.559917,0.02229391,0.054770173,0.24342875,0.738416701
MRPS18A,803.2198316,0.026096585,0.053717348,0.243378371,0.738416701
ARIH2,2611.319778,0.034251054,0.043511879,0.24385647,0.73883284
CCT5,4951.851483,0.032941584,0.052802297,0.243862937,0.73883284
GRB10,172.4397807,0.017611906,0.054300772,0.243654075,0.73883284
SMARCE1,2193.48476,-0.032372839,0.049847146,0.243812279,0.73883284
TMEM184B,2314.496088,0.028151271,0.05413647,0.243807137,0.73883284
HPF1,314.0457072,-0.022030735,0.054763564,0.24419974,0.739004341
PNMA8A,718.9956944,-0.029177182,0.053897517,0.244202313,0.739004341
TLR4,6404.896416,-0.036075393,0.056686799,0.244146263,0.739004341
TMEM54,51.3430824,-0.011685505,0.053379407,0.244209372,0.739004341
TTC39C,426.3445892,0.025954337,0.054576129,0.244062302,0.739004341
HNRNPA3P6,41.33649768,-0.009593051,0.053102312,0.244412709,0.739177589
MEIS2,41.07001578,0.009335795,0.05307576,0.24449854,0.739177589
RERE,3256.15628,0.023728235,0.054761114,0.244468149,0.739177589
TDP1,569.0658471,-0.023549678,0.054802895,0.244451541,0.739177589
PPID,829.3668387,0.030162642,0.054594906,0.244900657,0.740217751
CARD19,1740.366006,0.027988188,0.054050283,0.245099029,0.740531196
DNAJC25,497.2997897,-0.028576671,0.053637089,0.245120531,0.740531196
CDCA5,614.557895,0.027352623,0.054185149,0.245329634,0.740987326
CHTF18,836.5258065,0.02608344,0.054779354,0.245569008,0.741361066
PCCB,1412.765071,-0.034215827,0.048298261,0.245569675,0.741361066
ENTPD5,455.4371991,0.022355772,0.054020982,0.245904171,0.741742441
FOSL2,2015.373423,0.031947845,0.053956445,0.245986904,0.741742441
HRAS,704.5194905,0.025063611,0.054862232,0.245983505,0.741742441
PRPF18,831.7521893,-0.027140716,0.054044212,0.245854359,0.741742441
PSMA2,2076.072521,0.031687927,0.048347822,0.24586829,0.741742441
SLC46A1,969.6211846,-0.021376369,0.054662582,0.246072059,0.741823761
RPL21,7702.098178,-0.02549332,0.054181744,0.246241263,0.741859298
SNX27,3688.92854,-0.032159193,0.049867659,0.246251208,0.741859298
USE1,633.1121486,-0.027054126,0.054253221,0.246258416,0.741859298
ZFP90,585.605752,0.023319923,0.054783578,0.24633569,0.741916777
ADPRM,176.5736496,-0.019731559,0.054397443,0.247879724,0.741932812
AGAP11,213.6989786,0.023703948,0.055744733,0.247690238,0.741932812
ANKRD26,550.6369268,-0.024708336,0.054670675,0.246877049,0.741932812
DPH7,452.1324639,0.026768643,0.054302432,0.247936276,0.741932812
GPI,8045.13905,0.030605691,0.055047771,0.247732455,0.741932812
ITGAE,452.4926684,-0.025321834,0.054629987,0.247807574,0.741932812
KANTR,265.9307845,-0.021317281,0.054665193,0.2476047,0.741932812
KPNA2,3716.438349,-0.030681901,0.052216772,0.247102218,0.741932812
LMF2,2588.25292,0.026440463,0.054342098,0.24733436,0.741932812
LRRC37A,107.7758625,-0.01526463,0.053888599,0.24683369,0.741932812
MEF2B,80.44237883,0.015645718,0.054291652,0.247844875,0.741932812
MORN4,110.2442731,-0.012791683,0.053512612,0.247781946,0.741932812
MPI,944.2704884,0.030379584,0.053499028,0.247183118,0.741932812
MRPL43,1264.548849,0.03196279,0.050976752,0.247108592,0.741932812
NPIPB14P,147.9781941,-0.020131921,0.054392746,0.247965419,0.741932812
OCRL,1269.243083,-0.029053806,0.052841922,0.247551473,0.741932812
OXA1L,5069.498799,-0.031171721,0.043970056,0.246985845,0.741932812
OXER1,88.03554297,0.015392338,0.053910876,0.247769527,0.741932812
PDCD1LG2,136.3890084,0.017489826,0.05422334,0.247097828,0.741932812
PDE12,1132.184551,0.030153231,0.052835204,0.246870109,0.741932812
PLBD1,3129.350807,-0.031819157,0.050687336,0.247961601,0.741932812
RCOR3,985.4024006,-0.029929538,0.052354023,0.247485531,0.741932812
SIDT2,2408.899131,-0.029004938,0.053567303,0.247116841,0.741932812
SLC16A1,1022.973398,0.021136827,0.054072801,0.246954886,0.741932812
SLIRP,414.7827195,0.024596713,0.054687084,0.247849428,0.741932812
SMARCA1,506.9111992,-0.028980654,0.053404432,0.247970485,0.741932812
TBX3,274.1720469,0.018485889,0.054187101,0.247899854,0.741932812
ZNF561,850.8505669,-0.020937452,0.054490771,0.247705253,0.741932812
PRKD3,1168.594428,-0.024684226,0.054777853,0.24814988,0.742121234
SH3BP5L,1462.895258,0.031450777,0.051665069,0.248115128,0.742121234
ARHGEF40,3106.069781,0.029040617,0.051014573,0.248401497,0.742351309
FGFR1,6065.1751,0.029719736,0.05335644,0.248362642,0.742351309
LMBR1,546.5903006,0.028103524,0.0539592,0.248328828,0.742351309
BOD1,532.3563756,0.027526318,0.054229849,0.248556141,0.742358321
COQ4,964.1713661,0.026810373,0.054395495,0.248757008,0.742358321
FBXO9,1517.370888,0.029374722,0.053017,0.248811444,0.742358321
SMCO4,1374.954483,-0.02727728,0.054296754,0.248805164,0.742358321
SUPT16H,2890.868507,0.033911124,0.049954395,0.248695529,0.742358321
TBC1D9B,6251.442499,0.028422926,0.050111031,0.248595053,0.742358321
ZBTB38,1911.985951,0.025568982,0.054519029,0.248647024,0.742358321
CABYR,54.18909756,-0.012359535,0.0534441,0.248997993,0.742567347
SEPTIN7,3669.900283,0.032757559,0.05277616,0.24895717,0.742567347
ACOX1,4321.749025,0.031682768,0.051450798,0.249158164,0.742697552
NUDT4P2,165.3231578,-0.019320081,0.054423118,0.249149322,0.742697552
CCDC162P,146.0593833,-0.018561656,0.054312087,0.24941176,0.742935902
CRIM1,641.2366985,0.024561042,0.054572997,0.24935543,0.742935902
MRPL17,1009.146429,0.030045397,0.052278842,0.249412947,0.742935902
SDHAP4,161.0060062,-0.020109376,0.054427601,0.249895677,0.744199951
CALU,9482.226746,0.033656294,0.046922862,0.251192673,0.74420753
CCNB2,588.4680758,-0.024328363,0.054712476,0.250956705,0.74420753
CDIP1,993.0910231,0.02137475,0.054501437,0.250562253,0.74420753
CDK13,2112.824351,-0.032088512,0.049818076,0.250092808,0.74420753
DNAJC1,818.218626,-0.029753418,0.052598412,0.250922492,0.74420753
DYNAP,32.2037137,-0.009201576,0.053039011,0.25069609,0.74420753
EHBP1L1,8575.199925,0.029163453,0.054066511,0.250813694,0.74420753
ETS1,521.5706881,-0.026571014,0.054158487,0.250949807,0.74420753
GPR85,556.0789312,0.024035229,0.055212588,0.250293216,0.74420753
HLA-DPB1,612.8069384,-0.027666445,0.053857368,0.250435908,0.74420753
IGLON5,275.8784375,0.021564777,0.054581717,0.250619648,0.74420753
ISY1-RAB43,885.6329774,0.022886561,0.055569508,0.2513213,0.74420753
KCNE1,776.5121077,0.028238846,0.053624752,0.250506806,0.74420753
LPAR2,441.9071478,-0.022114272,0.05447405,0.250401955,0.74420753
LRCH1,1778.960009,-0.031760727,0.050499723,0.250381934,0.74420753
MAN2A2,3034.558604,0.024566644,0.054588934,0.251316854,0.74420753
MTCL2,1916.259566,0.030135797,0.052011711,0.251273755,0.74420753
PARP6,2468.292093,0.032125672,0.046496599,0.251203401,0.74420753
PLIN2,35475.52883,0.037895009,0.050485434,0.251460258,0.74420753
RPS3A,10966.88944,-0.033587623,0.062677687,0.250261565,0.74420753
SFR1,123.8990138,-0.017146727,0.054110506,0.250110502,0.74420753
SLC38A7,2051.48574,0.029920382,0.052262901,0.250624365,0.74420753
SNHG32,3951.717872,-0.026332749,0.052395396,0.251376256,0.74420753
TMEM182,177.3317402,-0.019581332,0.054325123,0.250815844,0.74420753
TMEM255A,79.80970679,-0.012661862,0.053480965,0.251352836,0.74420753
USP38,1037.537116,-0.028886364,0.053388705,0.251532688,0.74420753
ZHX1-C8orf76,43.87810976,-0.009829277,0.053111375,0.251105183,0.74420753
ZNF559,158.0150984,-0.016145086,0.053959946,0.251498997,0.74420753
BTF3,6658.453051,-0.028763076,0.051531705,0.251808248,0.744849966
NADK,6680.422237,0.029148338,0.053232278,0.251880042,0.744889504
AK6,499.3325178,0.027310348,0.054017181,0.252506564,0.745092447
BRD8,1308.265662,-0.024164717,0.054401402,0.252300023,0.745092447
C6orf47,1084.177189,0.029415589,0.050082969,0.252520703,0.745092447
GCC1,1208.05096,0.031396466,0.048869029,0.252649984,0.745092447
GPLD1,55.19106084,-0.010200926,0.053149378,0.252375034,0.745092447
HBEGF,1725.750518,-0.0313656,0.049383302,0.252561294,0.745092447
KIF18A,155.2045167,-0.015115997,0.053814914,0.252472006,0.745092447
MTHFD2L,244.8538586,-0.018869015,0.054288041,0.252433592,0.745092447
NDOR1,1378.451057,0.027536489,0.053805674,0.252594289,0.745092447
PHF14,704.8104093,-0.026421248,0.054317645,0.25234376,0.745092447
POC5,199.5096497,-0.019972403,0.054411207,0.252056102,0.745092447
STN1,287.779807,0.021794585,0.054519433,0.252188423,0.745092447
MAPK8IP1,86.21319006,0.014717702,0.053762532,0.253032769,0.745670341
SLC39A11,2674.772306,0.032471265,0.048519797,0.253041531,0.745670341
TCF25,5845.566998,-0.031651112,0.048967619,0.25299969,0.745670341
ZNF254,337.1211019,-0.015770174,0.053877728,0.253079894,0.745670341
ODC1,1290.825213,0.03127171,0.054152617,0.253170797,0.745765826
MCMDC2,156.9418495,-0.018988203,0.05418563,0.253470299,0.746294152
RAMP1,455.6615195,-0.022396868,0.054482706,0.253493294,0.746294152
SNRNP48,660.0033161,-0.026019314,0.053289268,0.253547047,0.746294152
YTHDC1,1887.5811,-0.026808827,0.050034357,0.253596766,0.746294152
ZNF292,915.2725571,-0.021479739,0.054574223,0.253642839,0.746294152
SPOCD1,4048.949254,0.032330758,0.049864996,0.25374612,0.746364326
TRMT10C,509.5859779,-0.025397502,0.054322601,0.253783775,0.746364326
MEIKIN,42.30198116,-0.010771038,0.053218881,0.253943311,0.746661272
ZNF888,111.1470383,-0.016111967,0.053930979,0.254196911,0.74723459
BEND3P2,62.76141837,0.012940139,0.053507425,0.254842807,0.74802956
IPO13,1980.485658,0.027642168,0.053204844,0.254697815,0.74802956
POLB,320.0372263,-0.023130142,0.054503954,0.254811069,0.74802956
RNF215,397.8631748,0.022405164,0.054501132,0.254554123,0.74802956
RNF41,1767.072775,0.031924605,0.047125794,0.254875318,0.74802956
SAFB2,3407.295532,-0.028751129,0.052979674,0.254878062,0.74802956
TOR1AIP1,2023.732702,-0.032800348,0.046842685,0.254671465,0.74802956
COX8A,2999.899069,0.031445399,0.04973911,0.255196021,0.748227177
GBA1LP,117.0018293,-0.015833429,0.053889511,0.255150057,0.748227177
LMNTD2,240.3167604,-0.017910602,0.054153837,0.255132217,0.748227177
RBM3,5240.282847,-0.027906007,0.05107134,0.255238842,0.748227177
ZBTB41,366.8001287,-0.022312289,0.054511036,0.255147172,0.748227177
JUP,2331.863214,0.027067614,0.055179575,0.255298915,0.748231235
NR1D2,1785.253927,-0.028156216,0.054564413,0.255413711,0.748395635
FKRP,673.0432474,0.022087698,0.054478139,0.255617734,0.748532548
SESN2,1990.133217,0.031227541,0.04915533,0.255634724,0.748532548
SIMC1P1,37.12014347,0.01099183,0.053243625,0.255636577,0.748532548
SRCIN1,263.5383775,0.015761466,0.053659295,0.256050227,0.749571606
SLC25A39,3339.035464,0.026050205,0.050234275,0.256329523,0.750044777
TMEM161B,682.8470572,-0.021385966,0.054324746,0.256312522,0.750044777
AZIN2,217.8685083,-0.015702273,0.053859584,0.256636808,0.750083143
MBD2,2668.289927,0.028883203,0.053323335,0.256630934,0.750083143
MNAT1,151.6225869,0.019522115,0.054350047,0.256539779,0.750083143
STRN4,3231.486862,0.026939965,0.053878259,0.256628178,0.750083143
UBE2W,1188.808531,-0.026815743,0.052220808,0.256606854,0.750083143
GLYR1,3694.180596,-0.032690844,0.048058848,0.256780266,0.750330418
IFNLR1,1202.901297,0.027732245,0.054274522,0.256895847,0.75049614
ACTR1B,2071.847982,0.033505631,0.049042685,0.257212328,0.750946255
MED31,187.7182746,-0.018416771,0.054161283,0.257226629,0.750946255
SPR,1565.36425,0.029708055,0.052555787,0.257191344,0.750946255
SKIL,2625.172054,-0.023622721,0.054232433,0.257364169,0.751175776
KCTD18,649.1371566,-0.029380461,0.052406999,0.257459419,0.751281789
CTBP1,5165.606636,0.027661888,0.053441662,0.25765833,0.751690171
BEST1,1265.493888,-0.031153701,0.049623059,0.257835707,0.75181341
CDC25B,2077.899496,-0.028904709,0.050545542,0.257936454,0.75181341
CENATAC,455.0641284,-0.024592955,0.054207635,0.257922925,0.75181341
SOBP,511.3635141,0.020178875,0.054325243,0.257908081,0.75181341
ABCF2,768.3601967,0.024034307,0.054239353,0.258425469,0.751891667
APRT,1412.005639,0.02868961,0.052935839,0.258610443,0.751891667
BCAT2,808.28581,-0.026261016,0.05273457,0.258064443,0.751891667
GAMT,379.0349145,0.016389221,0.05393249,0.258583345,0.751891667
IKBKGP1,244.0170211,0.013491438,0.05372121,0.258398182,0.751891667
MIGA1,398.6028925,0.020641182,0.054350832,0.258481848,0.751891667
MYSM1,1511.538039,-0.025734609,0.053394333,0.258265674,0.751891667
PASK,385.3725953,-0.018671331,0.054191186,0.258356517,0.751891667
PMF1,878.370403,-0.029384038,0.052930443,0.258671021,0.751891667
RAB22A,1839.466446,0.029551754,0.052037759,0.258277133,0.751891667
SUMF1,1640.447081,-0.030586534,0.050705009,0.258536652,0.751891667
ZCCHC7,447.7500333,-0.02671434,0.053852094,0.258653416,0.751891667
TNFAIP1,767.4042054,0.027793013,0.05317456,0.258943541,0.752182037
TNKS,1014.498577,0.026348189,0.053696124,0.258947914,0.752182037
TRMT1L,844.2450254,-0.027503879,0.054103609,0.258929123,0.752182037
ANGEL1,2214.837019,-0.029870114,0.05252699,0.260420315,0.752987704
ARAP2,460.7631033,0.020793083,0.054438525,0.260310468,0.752987704
BRI3BP,743.5562297,0.025087815,0.053826622,0.259684489,0.752987704
CPSF1,5131.729095,0.023834708,0.054018033,0.259509687,0.752987704
DAXX,1809.678077,0.033403097,0.049177212,0.260048973,0.752987704
ELL,941.7524473,0.02518933,0.054331844,0.259831387,0.752987704
GPR65,1559.791028,-0.028191705,0.053807311,0.260436145,0.752987704
KCNF1,106.8447562,0.013619249,0.053557819,0.260106848,0.752987704
LXN,274.2463126,-0.021545933,0.054333464,0.259635813,0.752987704
NENF,836.7139261,-0.029656678,0.051149305,0.259930751,0.752987704
NPHP1,54.75086574,-0.010327109,0.053135033,0.259462457,0.752987704
NRIP1,3840.268942,-0.021883233,0.054316739,0.260010234,0.752987704
NRP2,6597.631855,0.026150618,0.054504861,0.260354025,0.752987704
POLR2E,4770.28171,0.019247477,0.047706909,0.259962738,0.752987704
PPP1R10,2340.408314,0.028955486,0.053089141,0.259804993,0.752987704
SCD,36638.24829,0.032178789,0.044662146,0.260410776,0.752987704
SLC39A4,185.6306585,0.014035665,0.053627985,0.260170962,0.752987704
SLC6A7,370.835757,-0.02290269,0.054605193,0.259900689,0.752987704
SMG9,1363.930977,0.030817373,0.049056925,0.260059106,0.752987704
ST3GAL3,317.5188229,0.022349112,0.054375442,0.259621202,0.752987704
UBR7,917.4255359,-0.029078039,0.052545753,0.260465587,0.752987704
ACSM3,74.42105436,-0.011087878,0.053234137,0.260598369,0.752994806
KARS1,3033.901828,0.03176913,0.047166566,0.260646749,0.752994806
PDLIM2,627.1739046,0.018043062,0.054108656,0.260625299,0.752994806
TIMM50,1763.252267,0.026541699,0.054121618,0.260704296,0.752994806
ABCE1,2839.732918,0.026144702,0.05335919,0.261066403,0.753285111
ADAM9,11862.19047,-0.034106931,0.051548083,0.261082823,0.753285111
FABP5,23081.09769,-0.028291967,0.052695924,0.260981561,0.753285111
LAMP2,7762.973268,-0.031166712,0.050204716,0.260942572,0.753285111
ZNF432,185.5756511,0.013327889,0.053461874,0.261100236,0.753285111
ANXA2,36444.10132,0.026439813,0.053423888,0.261159671,0.75328612
AFTPH,1828.906463,-0.02958592,0.049636379,0.261468678,0.753785667
DLX3,309.2229776,-0.019421526,0.05417098,0.261667529,0.753785667
ELOVL5,2027.540042,0.02839627,0.050385178,0.261607692,0.753785667
MMP15,387.5273755,0.019783794,0.05432188,0.261626804,0.753785667
RPL11,11157.75897,-0.026617624,0.050642237,0.261392532,0.753785667
STYX,744.7326813,-0.02561433,0.053686544,0.261687612,0.753785667
ARMCX1,1243.270248,-0.029847728,0.048173199,0.261848307,0.753907873
STX16-NPEPL1,178.4241711,-0.018282952,0.054104403,0.261811217,0.753907873
AHSA1,1434.386081,0.025659131,0.053261426,0.262015002,0.754047236
H3-3B,8805.042162,0.032535579,0.052965018,0.26201005,0.754047236
ZNF699,98.54324935,-0.01369435,0.053540357,0.262125126,0.754193914
SRSF6,3936.710176,-0.029978571,0.051918297,0.262406629,0.75483351
EIF3B,4463.921651,0.029573551,0.049594823,0.262830545,0.755541514
HPCAL1,4328.229885,0.026357859,0.053870396,0.262786167,0.755541514
PIK3R6,334.078442,-0.019076737,0.054091922,0.262827477,0.755541514
EPS8L1,404.5980567,0.019537559,0.054152923,0.26317031,0.755666281
NCBP2AS2,524.6963242,0.026862147,0.053262323,0.263005013,0.755666281
TOMM34,541.4803502,0.027234598,0.053117576,0.263148485,0.755666281
UQCRC1,6368.39682,-0.03247812,0.044759563,0.263104854,0.755666281
ZNF652,842.1593179,-0.018039245,0.054406846,0.263071986,0.755666281
PSD4,1792.739675,0.025899246,0.053919258,0.263324863,0.755939806
CKAP5,2708.578872,0.027421816,0.051617215,0.263540461,0.756000992
HECA,3027.70148,-0.031346281,0.046919045,0.263583372,0.756000992
PACSIN2,3907.76097,0.031857697,0.049753557,0.263533462,0.756000992
RAB38,425.40382,-0.024212275,0.054067789,0.263430009,0.756000992
TCEAL1,593.1985191,-0.026745811,0.054242532,0.263749037,0.756305998
ADAP2,2826.610396,-0.036184797,0.05173549,0.263846485,0.756415299
CCDC102B,369.5834991,-0.02169434,0.054086514,0.264151242,0.756580079
PRRG3,63.74385312,-0.011893941,0.053307839,0.264229791,0.756580079
SARNP,1106.852389,-0.029530046,0.051414154,0.264097167,0.756580079
SCART1,57.42776475,-0.012299991,0.053342602,0.264260027,0.756580079
SDF4,7849.466768,0.026503428,0.051555305,0.264171653,0.756580079
VPS16,1322.147598,-0.029343457,0.050138213,0.26401029,0.756580079
C18orf21,317.3572592,-0.023119903,0.05416541,0.264379857,0.756753211
DNAJA1,5998.423121,0.031692134,0.047651505,0.264483114,0.756878837
RRP12,1093.974083,0.021612771,0.054290955,0.264559017,0.756926146
ANAPC2,1714.795403,0.030746706,0.055305851,0.264807242,0.756975398
BRMS1,1326.496287,0.029318745,0.051542001,0.264813732,0.756975398
MTA1,2496.685662,0.022407928,0.054262362,0.264702539,0.756975398
NKIRAS2,2445.407561,0.029880753,0.051206247,0.264710285,0.756975398
EML4,9583.013033,0.020220912,0.048325039,0.264897931,0.757042272
XRCC6,6157.046054,-0.031719842,0.047993285,0.264955888,0.757042272
SLC13A4,36.408255,0.007374178,0.052816909,0.265078181,0.757059981
ZNF334,136.4436824,-0.018449917,0.054094917,0.26508085,0.757059981
ERH,2715.851741,-0.028135224,0.052612254,0.265198566,0.757226544
ABCD4,2340.841185,-0.030497464,0.050458141,0.267532214,0.757395199
ACSL3,4247.597594,0.028639668,0.051146314,0.266541576,0.757395199
AEBP1,87.47900225,0.013800761,0.053516745,0.26801758,0.757395199
AK9,172.6535269,-0.01782024,0.053984191,0.266897193,0.757395199
ALKBH3,214.9797258,0.019582972,0.054112106,0.267419964,0.757395199
AMD1,2175.349114,-0.007667524,0.052837419,0.268410972,0.757395199
ANKIB1,1396.00712,-0.023162563,0.052689461,0.267588159,0.757395199
ANKRD18A,102.4024396,-0.01500097,0.053646721,0.267919218,0.757395199
ARL6IP5,5216.364013,0.030215757,0.0473533,0.268044326,0.757395199
ARPIN,1028.054194,-0.027196735,0.052763025,0.268202684,0.757395199
ATG12,1195.973574,-0.02402311,0.054264391,0.266437937,0.757395199
ATP6V0E1,5806.809714,-0.026491955,0.044767574,0.266886326,0.757395199
ATP6V1E1,4612.022325,-0.029769736,0.050168531,0.268518183,0.757395199
BCLAF1,3363.364166,-0.029785544,0.051334136,0.268376428,0.757395199
CABP4,34.89142626,0.008275053,0.052897491,0.266856063,0.757395199
CCDC85C,356.6872185,-0.020830374,0.05417683,0.265430369,0.757395199
CENPA,226.7679538,-0.020572818,0.053956389,0.265819095,0.757395199
CERT1,5160.094782,-0.032760208,0.046670888,0.267906374,0.757395199
DDX19A,1522.325413,0.028897288,0.052325003,0.267226672,0.757395199
FAM76B,502.1569653,-0.021577457,0.05418092,0.267398473,0.757395199
FYCO1,1238.321257,0.030077586,0.050583063,0.268020774,0.757395199
GSTM4,1077.584994,0.029766352,0.051871552,0.265749036,0.757395199
HOOK3,2029.558499,-0.024671098,0.053814787,0.265850418,0.757395199
HPGD,413.2210868,-0.021330994,0.053833755,0.268525084,0.757395199
IL13RA1,4392.09254,-0.031972427,0.04567778,0.265785614,0.757395199
LDLRAD4,1771.714959,0.028698998,0.051277645,0.266013069,0.757395199
LENG8,10839.58175,0.022407865,0.054890474,0.267942849,0.757395199
LIMK2,1053.534711,0.023933679,0.053793238,0.268344614,0.757395199
MACIR,128.9545958,-0.016381829,0.053806627,0.26660643,0.757395199
METTL22,451.2255307,-0.025599494,0.053599624,0.267091212,0.757395199
MRTFA,2154.56887,0.028136813,0.052306633,0.267543615,0.757395199
MTHFD1L,2197.646494,-0.030370722,0.048665904,0.26643228,0.757395199
MTMR1,1381.658173,-0.029280508,0.051534445,0.268188589,0.757395199
MTX2,627.8921281,-0.025376909,0.053108279,0.265480442,0.757395199
NCSTN,7728.955864,-0.029801859,0.051275973,0.266675082,0.757395199
NOCT,119.1998748,0.016303041,0.053803508,0.268213322,0.757395199
NPEPL1,1808.07132,0.027004446,0.05286777,0.267327196,0.757395199
PHB2,3590.174979,0.031610217,0.04881651,0.268325775,0.757395199
PIAS1,2275.09763,0.026913423,0.051174054,0.268107364,0.757395199
RBBP7,2719.541338,-0.030719304,0.049471451,0.2675376,0.757395199
RFX1,976.3868896,0.020762488,0.054154593,0.266771282,0.757395199
SPDYE1,63.95464394,-0.011507973,0.053233217,0.268370656,0.757395199
SSU72,2994.999629,0.032653113,0.050622502,0.266945167,0.757395199
STK33,82.23479199,0.0132047,0.053457876,0.266268287,0.757395199
TRANK1,906.5524074,0.021642089,0.054175328,0.266789392,0.757395199
TRMT6,546.9493575,0.023755782,0.054068316,0.265663186,0.757395199
TSPAN32,315.5102589,-0.022608149,0.054231012,0.267553746,0.757395199
TWF2,8130.737961,0.029333311,0.051111028,0.268117,0.757395199
VSIG4,18956.04347,-0.028538839,0.044977055,0.26781275,0.757395199
ZBTB8B,50.61048566,-0.011666312,0.053270585,0.266232093,0.757395199
ZFAND6,2262.482071,-0.031572006,0.046702649,0.266291911,0.757395199
ZNF287,34.86260373,-0.007607242,0.052823565,0.268231093,0.757395199
ZNF542P,164.8640332,0.015843694,0.053779024,0.266264308,0.757395199
ZNF680,123.8115252,-0.015981657,0.05374962,0.266811192,0.757395199
ZNF790,142.0890154,-0.015040735,0.053669235,0.267021758,0.757395199
FIBP,1310.873674,0.029589499,0.054650548,0.268795511,0.75799026
PFDN1,2168.997483,-0.031281941,0.04784687,0.268870508,0.758034078
CCDC32,708.8598186,-0.026243999,0.05319833,0.269080474,0.758290663
PCNX3,2769.095836,0.024741374,0.053863137,0.269067641,0.758290663
DUSP11,645.9981451,-0.023489844,0.053920866,0.269166201,0.758364619
DONSON,269.7319626,0.020462429,0.054075529,0.269578307,0.75838175
ELAC2,2172.808373,0.03017095,0.053284079,0.269588681,0.75838175
GIMAP2,856.4667697,-0.025107996,0.053184944,0.269410918,0.75838175
MAF1,4824.568144,0.029414807,0.051628608,0.269479545,0.75838175
PSME4,4879.557443,-0.029627048,0.050451273,0.269522254,0.75838175
QSOX2,484.1133893,0.027721408,0.052869091,0.269335652,0.75838175
TANC1,200.7664925,-0.02094095,0.054064638,0.269433881,0.75838175
ABL2,2197.295859,0.021670262,0.053868343,0.269780329,0.758411962
ADCY1,33.69827235,-0.006930123,0.052762912,0.269866275,0.758411962
CCDC22,1095.560557,0.0280026,0.052383806,0.269766999,0.758411962
RAB24,1175.492238,0.029517981,0.051140714,0.26989686,0.758411962
SERPINH1,1676.321968,0.029412939,0.051487536,0.26967422,0.758411962
AMIGO2,2169.733337,-0.030633777,0.050967661,0.270434799,0.758419104
C22orf46P,617.8987713,0.027538345,0.05235965,0.270256977,0.758419104
NLRC5,936.7196426,0.018570358,0.053943751,0.270311232,0.758419104
PDLIM5,2568.858064,0.023929457,0.05396131,0.27042184,0.758419104
RNF144A,38.06032529,0.008879049,0.0529231,0.270182683,0.758419104
SYVN1,2192.637159,0.030202736,0.054480689,0.270275726,0.758419104
TFB2M,439.3470204,0.026115618,0.053238938,0.270381467,0.758419104
TOGARAM2,46.88277558,-0.00877252,0.052933735,0.270250571,0.758419104
ZBTB46,598.4956715,-0.02350266,0.053895534,0.269966535,0.758419104
SOWAHD,1047.05351,-0.026110433,0.054032678,0.270497443,0.758427952
CCAR1,2808.848929,-0.026299793,0.051369536,0.270617291,0.758538966
FGD5,7040.567805,0.023179768,0.049568764,0.270656032,0.758538966
FAM118B,449.0388549,-0.024325303,0.053653115,0.271103113,0.759624966
AAMP,2707.54417,0.030762022,0.048853234,0.273026687,0.759879705
ADARB1,1126.540943,0.024688279,0.053803154,0.272751877,0.759879705
BDH2,411.6136941,-0.022431482,0.054079259,0.272704161,0.759879705
C6orf136,393.9090393,0.024570053,0.054260514,0.272167408,0.759879705
CPT2,1699.711259,-0.029212112,0.047134932,0.271835833,0.759879705
CTPS2,442.7716241,-0.018238654,0.053886224,0.272507617,0.759879705
ECM1,2116.083766,0.023799561,0.053585866,0.271804756,0.759879705
ETNK1,3732.535747,-0.028051954,0.050548939,0.272182054,0.759879705
GPR153,303.3304662,0.022451804,0.054098211,0.272531237,0.759879705
GTF2H2C,289.8410052,-0.021426631,0.054028413,0.271403307,0.759879705
LHX2,219.0074429,0.019761165,0.054098236,0.272979215,0.759879705
LILRA3,75.70508033,0.012075622,0.05329405,0.272106435,0.759879705
LRRC34,45.49688287,-0.009994426,0.053052162,0.272371468,0.759879705
NACC2,1296.753966,0.029157145,0.049938104,0.272737588,0.759879705
NBPF9,1595.607615,0.02568407,0.05438818,0.271977757,0.759879705
NFATC1,1035.245193,0.024829267,0.053758419,0.272897425,0.759879705
PKN1,9666.668484,0.026060752,0.053123114,0.27256442,0.759879705
PLGRKT,422.2121468,0.020908234,0.054064163,0.271677904,0.759879705
PSMD8,4011.577661,0.027516766,0.051942362,0.272862294,0.759879705
PTPRU,92.76100679,-0.010029032,0.053044698,0.271328256,0.759879705
RGL4,356.9261758,-0.019635759,0.053970358,0.272618245,0.759879705
RTTN,429.9957008,-0.019975407,0.054009712,0.271483647,0.759879705
SAP18,3915.700593,-0.029262663,0.050340966,0.273041723,0.759879705
SETX,4129.505585,-0.031637657,0.048337393,0.271995002,0.759879705
SMN1,621.0393385,-0.018224476,0.053597532,0.27206969,0.759879705
TBC1D10C,1132.351233,-0.026669816,0.052575818,0.272434786,0.759879705
TDG,1040.549116,-0.027427334,0.05246436,0.27237429,0.759879705
TMPO,2205.708385,0.029691695,0.054497153,0.272678829,0.759879705
UBLCP1,1065.131201,-0.024329424,0.054187942,0.272640391,0.759879705
ZNF594,161.2094035,0.015161653,0.053652246,0.271742356,0.759879705
ZNF667,71.98376765,-0.014013218,0.053504873,0.272686521,0.759879705
PPCS,1503.190582,-0.029264528,0.050763934,0.273187353,0.760119067
COASY,1969.851329,0.028486265,0.051310238,0.273452191,0.760211327
FYN,148.1384967,0.014433694,0.053536767,0.273282844,0.760211327
SOWAHC,1999.810523,0.030882329,0.046091024,0.273459028,0.760211327
THAP11,1024.493359,0.025685353,0.053219701,0.273389603,0.760211327
CFDP1,1050.63258,-0.025560229,0.052987205,0.273598567,0.760433426
FDFT1,2345.822899,0.02859843,0.05374391,0.274009532,0.761052768
PHLDA1,3411.362536,0.027132214,0.052567295,0.274119877,0.761052768
RAPH1,1543.062334,-0.02148064,0.05450672,0.274104382,0.761052768
RIC1,1267.324895,-0.023356027,0.053767021,0.274026106,0.761052768
SYNRG,2105.186882,-0.024435904,0.051237153,0.274048987,0.761052768
PHGDH,1213.520226,0.025487287,0.053197517,0.274188812,0.761078417
LRRC37B,394.2507863,-0.021951238,0.053949048,0.274425305,0.76133205
NDC1,888.0844063,0.024504599,0.053845604,0.274459338,0.76133205
TCAF1,1053.76826,-0.027737438,0.051812442,0.274360229,0.76133205
GOLGA8A,2229.550517,-0.02601248,0.052123283,0.274608371,0.761579752
EID2,423.3977315,0.02617051,0.053317048,0.274701891,0.761591121
GOLPH3,3611.419069,0.030862491,0.045962353,0.274791682,0.761591121
PTTG1IP,8368.454917,-0.031242852,0.04601804,0.274737618,0.761591121
NQO1,184.9623556,0.014745875,0.053584818,0.274958482,0.761645845
NREP,318.4254579,-0.018794063,0.053900264,0.274990652,0.761645845
TNRC6A,1975.035913,-0.027442287,0.053379543,0.27490221,0.761645845
NDUFV3,1543.325312,-0.029646844,0.050156658,0.275163345,0.761857146
RNF115,1027.354322,-0.027296783,0.052721644,0.275186458,0.761857146
ALDH16A1,2466.321507,0.021660298,0.05212948,0.275517302,0.762290859
ANAPC13,939.4653649,-0.029232252,0.05139634,0.275690791,0.762290859
MYH7B,38.08956164,-0.009875165,0.053025203,0.275694179,0.762290859
PDE3B,2806.358071,-0.028184289,0.051676534,0.2756467,0.762290859
PPARD,6533.501907,0.026574271,0.05266731,0.275701871,0.762290859
PPP1R14C,51.6566883,0.010970262,0.053147214,0.275412383,0.762290859
FDXACB1,105.9099644,-0.014924181,0.053594634,0.275866724,0.762581281
RAB3GAP2,1670.63482,-0.024621011,0.053339726,0.276107882,0.762751762
RPS27,7110.713186,-0.022630014,0.053590667,0.276081653,0.762751762
SNAPC4,893.1096801,0.027606221,0.052186153,0.275993645,0.762751762
CD46,6797.407327,-0.028076918,0.050937291,0.276461189,0.762985296
FAM162A,815.3498273,-0.026969523,0.052539663,0.276694703,0.762985296
GPR180,548.3167239,0.024412788,0.053598076,0.276458078,0.762985296
HNRNPUL2,5606.39219,-0.031282572,0.046600244,0.276879677,0.762985296
MCF2L2,81.52755377,-0.013464486,0.053400495,0.276910578,0.762985296
PON2,651.3156364,-0.028031269,0.051923689,0.276462944,0.762985296
RPS24,10005.66347,-0.022029383,0.053814102,0.276748721,0.762985296
SNRPF,418.3440699,0.024244516,0.053495752,0.276831392,0.762985296
SPATA18,270.913748,0.015988401,0.053430912,0.276810942,0.762985296
SQOR,5719.043731,0.033944696,0.056576607,0.276350592,0.762985296
ZCCHC8,983.2244856,-0.029574733,0.050235297,0.276743649,0.762985296
ZHX1,914.4574608,-0.022987834,0.053920336,0.276730665,0.762985296
MMP12,332.3395823,0.017381352,0.053786157,0.277504013,0.764290056
UEVLD,863.0029092,-0.019853092,0.053803359,0.277480017,0.764290056
CBX6,2993.989352,0.028092824,0.052023623,0.277633387,0.76448122
APLP2,51476.19099,-0.022734955,0.036189317,0.27811469,0.764510192
CHIC2,517.5908554,0.025166751,0.051234096,0.278117008,0.764510192
EIF2A,2268.303657,-0.02326766,0.053831878,0.277985465,0.764510192
GALM,2494.713383,-0.02625025,0.052497228,0.278121363,0.764510192
GAS8,214.3281942,-0.016030438,0.053643081,0.278303538,0.764510192
HIC1,84.63226559,0.011369781,0.053185591,0.278247441,0.764510192
ITGB1P1,72.32770768,0.001894532,0.052498197,0.277905595,0.764510192
MRFAP1L1,1399.753764,-0.030138424,0.048125844,0.278278855,0.764510192
NPFFR1,35.30901612,-0.009890608,0.05302285,0.27828965,0.764510192
PSMB4,3379.25264,0.025996422,0.048870129,0.27796214,0.764510192
TM4SF19,2671.06927,0.0275288,0.052985645,0.278176188,0.764510192
C10orf143,57.33722665,-0.011486748,0.053170899,0.278552384,0.764534842
RPS4X,10950.56915,-0.027736547,0.051404395,0.278541318,0.764534842
SNX1,4946.979304,-0.031834605,0.044788776,0.278511962,0.764534842
SPRYD3,1471.973872,0.025060663,0.053047369,0.278395876,0.764534842
ACSS2,1920.818382,-0.031077861,0.045916228,0.280197728,0.764881932
ACVR2B,745.1172605,-0.028634391,0.051301426,0.279093727,0.764881932
ANKH,3247.787157,-0.030108376,0.046104264,0.280132164,0.764881932
ATXN7L3B,2144.020961,-0.030974158,0.04462077,0.279668586,0.764881932
DOP1A,891.2925765,-0.022093107,0.053714057,0.279972752,0.764881932
FAM227B,34.20885059,-0.008017207,0.052842352,0.280226089,0.764881932
FGFR1OP2,1563.465812,-0.029055434,0.049200279,0.280202217,0.764881932
GLUD1,6511.304978,0.030392105,0.043760296,0.279969192,0.764881932
HEXIM1,2074.858982,-0.03083365,0.048150107,0.279894597,0.764881932
HMGB1P5,231.7445174,0.016685728,0.053647321,0.279901379,0.764881932
ING4,683.8614492,-0.026003961,0.05296958,0.279929783,0.764881932
LZTFL1,364.7734704,-0.016559341,0.053691421,0.28006835,0.764881932
PALS2,53.10886256,0.00865063,0.052902145,0.280020645,0.764881932
POLR2L,1669.126742,0.028007628,0.051868293,0.280055328,0.764881932
PPP4R3A,2477.537158,-0.028981014,0.047126766,0.280478707,0.764881932
PTAFR,8219.757364,0.032409171,0.047653798,0.279638174,0.764881932
PTGES,46.94519353,0.010360966,0.053068967,0.280323533,0.764881932
RAI14,1940.257415,0.020801401,0.053667217,0.279515047,0.764881932
RDH10,2059.493681,-0.02716057,0.051663438,0.279920149,0.764881932
SASH1,3831.57,0.027846473,0.050744566,0.280455888,0.764881932
SETMAR,197.5061977,-0.018632403,0.05382935,0.278748974,0.764881932
SGIP1,37.17437514,-0.00700732,0.05275286,0.280417262,0.764881932
SLC7A6,1741.308105,0.023849437,0.053471922,0.280454661,0.764881932
TBX6,34.16568466,0.009837536,0.053019283,0.27981702,0.764881932
WDR41,845.0388669,-0.02421911,0.053567434,0.279299314,0.764881932
WDR62,473.1910695,0.015715987,0.053611979,0.279814828,0.764881932
WFDC1,85.19513808,-0.014645129,0.053552916,0.279731864,0.764881932
ZFP2,32.58872454,0.009416119,0.05297049,0.279663047,0.764881932
ZMYM3,2079.457341,-0.027934135,0.052204375,0.280245009,0.764881932
ZYG11B,1806.152481,-0.026222931,0.052181984,0.279754857,0.764881932
LYNX1,727.7349771,0.01625121,0.053652088,0.280791005,0.765363425
MELK,419.1196256,0.024462415,0.053253269,0.280888877,0.765363425
NR6A1,61.11917082,0.009312538,0.052955819,0.280955434,0.765363425
PARM1,128.6530457,0.01531127,0.053560753,0.280780928,0.765363425
PSPC1,1491.156678,-0.031313344,0.046685623,0.280927936,0.765363425
COQ10A,131.8471966,-0.016102672,0.053648608,0.281149192,0.765400609
OGA,3155.885806,-0.02862112,0.049960249,0.281126957,0.765400609
PSMD14,1769.871864,0.028347661,0.050636563,0.281102985,0.765400609
UBE2A,2387.636011,0.029504217,0.048777964,0.281513401,0.766228512
ARL1,1562.031819,-0.028127154,0.049632972,0.281574665,0.766231675
TTC9C,657.2653236,-0.024384795,0.05403758,0.281856435,0.76683476
ARAP3,1385.880669,0.023514431,0.053383215,0.282212329,0.766984649
MVP,5210.59221,0.026748242,0.052433252,0.282206304,0.766984649
PLEKHA5,137.3165644,-0.016733725,0.05365784,0.282126202,0.766984649
RPS11,22823.75668,-0.030576235,0.04586166,0.282173393,0.766984649
TRAK1,2381.611573,0.030102455,0.048915474,0.282085276,0.766984649
ACP3,126.2350826,0.01418043,0.053437316,0.282642358,0.767454285
CYBA,23540.28148,0.02214792,0.053622016,0.283250676,0.767454285
EIF6,2724.1632,0.027821919,0.052473801,0.282630959,0.767454285
FAM161A,79.8745709,0.013493051,0.053371344,0.283192949,0.767454285
GALE,1434.217942,0.028597637,0.050493196,0.282967035,0.767454285
MBD4,2437.194441,-0.027584238,0.053070366,0.283528879,0.767454285
MRPL27,676.597302,0.02728153,0.051619656,0.282877572,0.767454285
NAP1L5,42.53090197,0.010159678,0.053070245,0.283483927,0.767454285
NDUFS3,1545.938872,-0.029567973,0.048748889,0.283100606,0.767454285
NIPBL,2826.446678,-0.026638708,0.052558431,0.283501854,0.767454285
PA2G4,3459.120903,0.028076448,0.048084997,0.283300742,0.767454285
PMEL,888.1350837,0.024413539,0.050238875,0.282729258,0.767454285
RAD9A,448.4136285,0.024441194,0.053365511,0.283347617,0.767454285
SEPTIN8,1119.546589,0.028549048,0.050943994,0.282931635,0.767454285
SKIC8,789.9930955,-0.030520904,0.051857524,0.283476854,0.767454285
SSR2,3053.698339,0.031774215,0.048378387,0.282656217,0.767454285
TMEM121B,241.4421755,-0.01869769,0.053731634,0.282908436,0.767454285
TRIM27,2237.261655,0.029348016,0.052886284,0.283087914,0.767454285
TRIP6,1514.81885,0.021883535,0.049881568,0.282973657,0.767454285
SYDE2,67.39350413,-0.01201458,0.053210909,0.283807384,0.768045073
LSM11,215.0057239,0.021411624,0.053670451,0.284039797,0.768133203
MTRES1,283.0968601,-0.01996383,0.053719573,0.28399461,0.768133203
PRKCH,470.1748807,-0.021591272,0.053902729,0.283921561,0.768133203
RPRD2,2712.640684,-0.029432385,0.050087912,0.284141202,0.768133203
YJEFN3,95.03914639,-0.013823416,0.053410468,0.28412086,0.768133203
NSMCE3,538.2300151,-0.026219296,0.052395482,0.284227558,0.768166452
PDGFRB,33.66103874,0.005564913,0.052648969,0.284274007,0.768166452
FRMD8,1069.372416,0.025590135,0.05291137,0.284426606,0.768179871
PTBP3,3421.19148,-0.0273308,0.051260694,0.284445966,0.768179871
YIPF5,1030.690874,0.026725909,0.051940069,0.284459736,0.768179871
PRDM5,50.36661087,0.010257558,0.053034883,0.284604163,0.768298673
PUS3,206.6569946,-0.019754115,0.053629087,0.284624256,0.768298673
DLGAP3,40.31893275,-0.010504634,0.053056698,0.28510973,0.768795252
GPRASP3,48.34998202,-0.006396068,0.052697374,0.285054852,0.768795252
METTL2A,390.9978733,-0.023285286,0.053228765,0.284964257,0.768795252
NAT14,391.7099302,0.022321798,0.053513196,0.284992875,0.768795252
RALGAPA2,848.5373216,-0.027312832,0.051842185,0.284971005,0.768795252
STXBP1,736.547575,0.028387052,0.050616706,0.28540612,0.769431724
F8A2,347.8144509,0.017912303,0.053618414,0.285614058,0.7696668
F8A3,347.8144509,0.017912303,0.053618414,0.285614058,0.7696668
AGBL5,419.1603943,-0.021704458,0.053581658,0.286354311,0.770173523
DDX5,17073.18934,-0.029237172,0.047415327,0.286570476,0.770173523
DIMT1,498.7263903,0.024918787,0.053617522,0.286587434,0.770173523
GFOD2,507.1226935,0.021047664,0.053650909,0.285976741,0.770173523
KCNA2,113.8903343,-0.011618908,0.053156214,0.286207293,0.770173523
LTN1,839.7088625,-0.022956166,0.054541459,0.286129348,0.770173523
POLR2J,1528.155788,0.028043451,0.051261061,0.286488398,0.770173523
PSMB6,2616.023408,0.029662903,0.047838586,0.286211422,0.770173523
RNF185,1554.774133,0.029623919,0.047100688,0.2862971,0.770173523
SELENOO,1270.902915,0.02396634,0.053094907,0.286195688,0.770173523
SMPD4BP,221.354875,0.019935478,0.053705636,0.285880829,0.770173523
TACSTD2,55.92699099,0.00888846,0.052904944,0.286439459,0.770173523
ZC3H12C,821.3748479,0.021757295,0.053753945,0.286412205,0.770173523
AP5M1,1281.387574,0.026330005,0.051995614,0.286896676,0.770290015
DCAF17,326.2031175,-0.017014823,0.053604129,0.286907759,0.770290015
PGM5,40.96624047,-0.009224441,0.052926027,0.28693288,0.770290015
POU2AF1,88.97476448,-0.01403792,0.053408883,0.286701424,0.770290015
ZNF212,432.8610241,-0.020938308,0.053294708,0.28691622,0.770290015
LEMD3,1050.19582,-0.027856348,0.050871613,0.287182224,0.77047268
PPP4R2,1391.032127,0.01822743,0.053387091,0.28716418,0.77047268
SLC47A1,255.9417902,-0.017042794,0.053571408,0.287150054,0.77047268
BTN2A2,204.0530186,0.019901516,0.053647035,0.287639097,0.770497765
EML2,1032.780012,0.026655387,0.051912457,0.287518526,0.770497765
NME6,1044.836258,0.027158069,0.051204449,0.287646892,0.770497765
NPIPB13,1503.808568,-0.027236391,0.051301502,0.287648169,0.770497765
POTEF,42.2693887,0.010368513,0.053024273,0.287427903,0.770497765
SLC16A6,157.7347555,0.016701998,0.053607538,0.287509112,0.770497765
SUPT3H,143.0450107,-0.017198529,0.053613253,0.287675062,0.770497765
TPM2,1210.329751,-0.027799329,0.050948989,0.287258941,0.770497765
ENTR1,1193.431724,-0.028093909,0.050105747,0.288054163,0.771351086
MAP2,137.2751697,-0.017346274,0.053595286,0.288231589,0.771664118
ADO,2200.236653,0.029585348,0.047315801,0.288438832,0.771894766
LMAN2,4934.730694,0.027610808,0.04774986,0.288438364,0.771894766
FAAP24,186.7740603,0.017004531,0.053586526,0.288559468,0.772055541
RBM14,1257.651687,0.027061382,0.051112152,0.288887004,0.772637945
UCHL3,644.0519348,-0.025875011,0.053302897,0.288898352,0.772637945
CKB,124.6870739,0.016469239,0.053576478,0.288965425,0.772655244
MMP10,148.926351,0.01736684,0.053685823,0.289135004,0.772946565
C2CD3,1255.279041,0.027337818,0.051493884,0.289378957,0.773022518
CLEC16A,1133.260321,0.028074614,0.049778921,0.289368867,0.773022518
DNAJA2,2577.571678,-0.029717839,0.048645549,0.289405952,0.773022518
YTHDF3,3577.239942,-0.028252093,0.05411204,0.289254369,0.773022518
LRRC8B,1286.692563,0.024147492,0.052899811,0.289738623,0.773586955
TPM3P9,35.71452365,0.009357702,0.052932512,0.289730712,0.773586955
MYCBP2,3255.301694,0.029014528,0.046444457,0.290015487,0.774001976
PPP3CC,397.7548807,0.02116339,0.053645746,0.290012206,0.774001976
AGPAT1,1895.912989,0.028281614,0.053039654,0.290991728,0.774056034
CHRNA1,191.0132861,-0.017844433,0.053744673,0.290366607,0.774056034
DARS1,1766.479155,-0.030635272,0.048879618,0.291007183,0.774056034
EMILIN2,6017.169676,0.030754462,0.054952842,0.29084424,0.774056034
FPR3,1543.062868,0.022923958,0.050288373,0.290858008,0.774056034
GOLGA7B,1127.267242,0.02946923,0.053831809,0.290333527,0.774056034
KIAA0825,157.6554689,-0.017974083,0.053543588,0.290550416,0.774056034
PDE1B,4919.769454,-0.028202526,0.045990467,0.290445502,0.774056034
PLCD1,346.3978743,0.020916264,0.053523403,0.290730714,0.774056034
REEP4,1498.495323,0.027468857,0.052236143,0.290721753,0.774056034
SDF2L1,871.5593559,0.022497278,0.053457246,0.290496117,0.774056034
SLC19A2,439.733663,-0.024245757,0.052802069,0.29046291,0.774056034
SNX12,1879.415768,0.02951204,0.047211973,0.290962132,0.774056034
ZNF548,218.9615796,-0.016011285,0.053443678,0.290263508,0.774056034
ZNF576,316.8411743,0.020833598,0.053530823,0.290930263,0.774056034
ZNHIT6,551.809275,-0.023612946,0.053271106,0.291002779,0.774056034
ACIN1,6185.784708,-0.028149947,0.050717249,0.29136928,0.774133866
AGRN,7986.990296,0.017745588,0.052422467,0.291521239,0.774133866
BCL2L1,4223.294078,0.026854246,0.048290305,0.291213833,0.774133866
BST2,7880.988373,0.027468248,0.050587631,0.291477997,0.774133866
DRAP1,4646.805201,0.021923945,0.050599144,0.291811301,0.774133866
LINS1,378.9230992,-0.021671727,0.05337851,0.291545019,0.774133866
LPXN,3780.077138,0.028177578,0.047020388,0.291313013,0.774133866
MOCS2,703.287973,0.025903636,0.05162902,0.29174404,0.774133866
NAMPT,1715.037724,0.016859867,0.052479164,0.291725631,0.774133866
POP7,526.7474337,0.023971149,0.053237183,0.291801448,0.774133866
RC3H1,1191.014464,0.024241045,0.053057588,0.291825818,0.774133866
SUPT20HL2,32.51254727,-0.00885144,0.052891668,0.291355358,0.774133866
TKT,8180.137128,0.033948587,0.050659701,0.291735043,0.774133866
ARPC5L,1119.773157,0.026745813,0.05139433,0.292210776,0.774993798
HDGFL2,1797.619126,-0.029881737,0.047261001,0.292341935,0.775180393
TUBGCP5,568.4738884,-0.020123129,0.053489636,0.292530523,0.77551916
CC2D1B,2020.709769,-0.027126983,0.05064368,0.292950288,0.776063725
FKBP7,78.42631846,-0.013031718,0.053224335,0.292988251,0.776063725
RFX5,1431.125753,0.028757011,0.051390998,0.29300297,0.776063725
RGS3,255.6782687,0.018727206,0.053540416,0.293040299,0.776063725
WDR27,417.1228805,0.023975427,0.052761584,0.292927885,0.776063725
ARHGAP15,267.5142798,-0.016032775,0.053467922,0.293106741,0.776065519
LCLAT1,313.3534812,-0.021487556,0.05337631,0.293162722,0.776065519
AKIRIN1,3410.946004,0.02936687,0.044739312,0.293318691,0.776317207
ZNF526,544.968922,0.019958938,0.053645537,0.293433922,0.776460994
GNAI1,186.8280499,0.018506463,0.053529214,0.293602416,0.776745633
PIK3C2A,1130.42738,-0.024600437,0.052464876,0.293846859,0.777231039
CAP1,14080.53158,0.028730777,0.049329984,0.293951843,0.777254029
HSPA14,357.4530478,-0.022378737,0.052947347,0.294032233,0.777254029
IMP3,1430.270399,0.026645898,0.051632565,0.294038449,0.777254029
ERMN,45.29573973,-0.009202559,0.052884574,0.294530586,0.77754762
GRAP,80.36073558,-0.011194418,0.053063738,0.294675591,0.77754762
LIMA1,1659.666818,-0.026115522,0.052812542,0.294647221,0.77754762
NDC80,387.733269,-0.020291751,0.053584678,0.29455645,0.77754762
NELFB,2599.818893,0.023103366,0.049250983,0.29449811,0.77754762
PHLDA3,5156.910176,-0.027415267,0.049991128,0.294482516,0.77754762
RAB5A,1584.975892,-0.025327339,0.052182654,0.294433934,0.77754762
SSH2,1807.293264,-0.025809552,0.051817283,0.294759405,0.77754762
SUDS3,1291.393429,-0.026769874,0.051150808,0.294726831,0.77754762
ZNF155,184.5011381,0.016305314,0.053461469,0.294447671,0.77754762
GID8,1727.443893,0.028577801,0.047383958,0.295221028,0.778569525
M1AP,128.4105605,-0.016466693,0.053442914,0.295275752,0.778569525
RDH11,3433.437645,-0.03172131,0.04531665,0.295424157,0.778569525
ZNF613,146.5484524,0.014906925,0.053354144,0.295452142,0.778569525
ZNF771,126.5074108,0.016286758,0.053472444,0.295394535,0.778569525
ARHGAP1,1663.668755,0.024606875,0.052920425,0.297364372,0.778653598
ARHGAP18,4723.42797,-0.032460004,0.05498452,0.296581248,0.778653598
BRI3,13455.47898,0.029471936,0.051315628,0.295913133,0.778653598
C17orf58,205.0900517,0.01823127,0.053520396,0.296159777,0.778653598
CABLES2,314.2638208,0.020322473,0.053439678,0.296268948,0.778653598
DDI2,3547.502892,-0.026424234,0.052163692,0.2979265,0.778653598
DNAJC30,551.3715255,0.021938479,0.053125625,0.296621154,0.778653598
EXOSC1,502.5008915,-0.025727647,0.051654911,0.296390199,0.778653598
GRIN2D,1641.340945,0.020601343,0.053813981,0.298178641,0.778653598
GTF2H1,1601.662535,-0.025722232,0.052291832,0.29788144,0.778653598
HMGN3,1697.171824,-0.024068137,0.05247091,0.29792125,0.778653598
HOXB5,50.08954558,0.010508005,0.05300958,0.296630377,0.778653598
KLHL17,458.7367972,0.017150376,0.053422345,0.296853458,0.778653598
LCMT2,196.6928085,0.013771988,0.052911031,0.296678631,0.778653598
MAPK6,1353.929314,0.02395346,0.05361877,0.295805463,0.778653598
MICOS13,1171.023174,0.022332339,0.053328066,0.29663697,0.778653598
MINDY3,540.0211462,-0.019477838,0.053390921,0.29826017,0.778653598
MNDA,1348.789828,-0.02212215,0.053081332,0.297929109,0.778653598
OAT,3092.168147,-0.028930501,0.045681028,0.298133595,0.778653598
PEX11A,108.5199747,-0.011277399,0.053053286,0.296336481,0.778653598
PLEKHG2,980.4472855,0.015574223,0.053382136,0.297843921,0.778653598
RGPD8,630.9535821,-0.019996963,0.053379084,0.298132876,0.778653598
RHEB,3408.890374,-0.028184092,0.048892292,0.297430799,0.778653598
RPS15,8461.253895,0.026511532,0.048689825,0.297478104,0.778653598
RPS8,16241.39792,-0.023373436,0.05143415,0.297234117,0.778653598
SACS,604.4786031,0.019004708,0.053383139,0.297629947,0.778653598
SAMD10,193.8752838,0.015389006,0.053380751,0.297585103,0.778653598
SCG3,58.93160796,-0.012106556,0.053113526,0.297625062,0.778653598
SGMS1,2296.843122,-0.028724105,0.04636149,0.297967446,0.778653598
SHOX2,252.3022596,0.01883509,0.053498876,0.295980908,0.778653598
SLC25A5,8124.827512,-0.029184602,0.046273931,0.298069489,0.778653598
SLC36A4,1131.553483,-0.025298046,0.051895959,0.296224244,0.778653598
SNRPB2,1147.864636,-0.023429701,0.052388633,0.297125692,0.778653598
SNRPE,758.9714067,-0.020842203,0.053231616,0.29685857,0.778653598
SUZ12P1,204.7406663,-0.020554027,0.053403496,0.295579905,0.778653598
TDRKH,239.841891,-0.019928091,0.053530517,0.297424408,0.778653598
THAP4,1051.973685,0.022196541,0.053027356,0.298293527,0.778653598
TRAF6,634.1157156,-0.023638337,0.05266272,0.296537106,0.778653598
UPF1,4811.252861,0.026442065,0.049808579,0.296537381,0.778653598
UQCC4,184.0263941,0.018861919,0.053470102,0.298083197,0.778653598
ZBTB34,1255.890679,-0.02717864,0.05000243,0.29589196,0.778653598
ZBTB7B,2731.074118,0.022038906,0.051680791,0.29742861,0.778653598
ZFP28,111.870758,-0.013449715,0.053246011,0.29703254,0.778653598
ZNF516,936.9554302,0.01909231,0.053830346,0.295741637,0.778653598
ZNF529,324.9024254,-0.019388073,0.053457395,0.298221475,0.778653598
ZNF582,74.72081788,-0.009970317,0.052959699,0.295952355,0.778653598
TULP4,2848.72342,0.023505404,0.054652331,0.298484046,0.778991424
ARHGAP4,6381.588795,0.021973495,0.050242603,0.298985431,0.7790169
COPS5,1254.385115,-0.027631437,0.049573479,0.298665291,0.7790169
DGKZ,5415.78857,0.030063062,0.053007145,0.298693938,0.7790169
DNAJB1,2126.930725,0.028153508,0.048376536,0.298891027,0.7790169
DOLK,605.5735486,0.024430927,0.052119009,0.299006044,0.7790169
ESD,1466.197299,-0.02439461,0.051970321,0.298802811,0.7790169
MFSD8,622.011275,-0.023233163,0.051401328,0.299043745,0.7790169
PUF60,2634.854917,0.026563754,0.050267943,0.298693054,0.7790169
RWDD3,234.4783028,-0.015846956,0.053431138,0.298962557,0.7790169
KLHL20,562.0495306,-0.023155845,0.052582824,0.299200729,0.779107454
S100A10,4625.346655,0.027470966,0.054628063,0.299179763,0.779107454
ZNF791,557.6935215,-0.018107598,0.053407138,0.29946897,0.779646703
RAB23,139.0437997,0.014591297,0.053300171,0.299739917,0.780033517
ZNF395,491.9093165,-0.017114585,0.053127463,0.299711585,0.780033517
GLRX2,877.5848219,-0.022871012,0.052760966,0.300001551,0.780236593
MAP3K13,395.1567326,-0.022502962,0.05321868,0.29994384,0.780236593
ZNF133,298.657724,-0.020626192,0.053279338,0.29990907,0.780236593
ACAD8,1470.859837,-0.027723547,0.049237207,0.300620613,0.780325607
ARFGEF2,2997.603722,-0.027216311,0.049197406,0.300831466,0.780325607
CDAN1,669.497298,-0.023140172,0.052728502,0.300333137,0.780325607
HSD17B7,211.8099529,0.020285642,0.053226428,0.300243543,0.780325607
JUN,5103.570926,0.027083367,0.050076002,0.300247935,0.780325607
KIFBP,775.4332749,0.024993145,0.052443109,0.300718594,0.780325607
MAGEH1,297.937061,-0.022436097,0.052804159,0.300802042,0.780325607
MAPRE3,337.5302843,0.021888354,0.052641961,0.300800065,0.780325607
NAA20,2470.324135,-0.025254086,0.048394253,0.300540061,0.780325607
RHOT2,2842.541989,0.024329698,0.052039001,0.30066901,0.780325607
SLC16A10,1546.459243,-0.02176782,0.053232059,0.30047845,0.780325607
SPATA25,39.22742381,0.009876759,0.052939918,0.300720919,0.780325607
TMC4,60.61650795,0.009808649,0.052932419,0.300816861,0.780325607
GSTK1,3897.066324,-0.028428502,0.048205612,0.300899146,0.780342395
SH3BP1,6423.721253,0.026869024,0.053663792,0.30099621,0.780435362
NAA60,2259.494592,0.024634164,0.052144519,0.301105616,0.78056029
HCAR3,51.09519663,-0.009891196,0.052931602,0.30120127,0.780649521
ABHD17A,3988.61413,0.023465315,0.052606653,0.301511967,0.781295949
ARMCX2,125.3102143,0.013850097,0.053241009,0.301857115,0.781332533
COPG2,601.2714724,-0.024157243,0.051862198,0.301891634,0.781332533
ERG28,394.1418196,0.021594954,0.053082918,0.301698444,0.781332533
EYA3,1081.672319,0.024259973,0.052554297,0.302261515,0.781332533
FBXW12,47.24349376,-0.009972342,0.052961626,0.302159766,0.781332533
HMGXB3,2627.41344,0.025717139,0.051560318,0.301886739,0.781332533
NFIL3,819.6502668,-0.027414272,0.05096483,0.301917518,0.781332533
NRCAM,38.72961993,0.005085681,0.052598802,0.302207068,0.781332533
STX10,2307.289134,-0.026977339,0.049133538,0.301861923,0.781332533
TRGV7,38.26590884,0.009327937,0.052895762,0.302154693,0.781332533
WDR48,1112.517645,-0.021020412,0.05303043,0.302010609,0.781332533
YIPF6,1209.611529,0.022342871,0.053115857,0.302114787,0.781332533
COPA,8158.813808,-0.028090214,0.048370344,0.302657836,0.781881409
FAH,840.903505,0.020709607,0.050454006,0.302643438,0.781881409
LRMDA,254.4884825,-0.015176907,0.05328623,0.30261821,0.781881409
HSPA5,18163.97989,0.026906838,0.055128105,0.302851705,0.782223742
BRSK1,33.54319369,-0.009154971,0.052866516,0.303007472,0.782251465
CNOT9,1349.661944,0.025305937,0.051015882,0.303046512,0.782251465
SYT15,93.98250988,0.007998837,0.052784707,0.302947589,0.782251465
ADISSP,944.4233638,0.023249038,0.052743571,0.304475451,0.782842297
BCL2L15,40.43556283,0.00768054,0.052754948,0.30365945,0.782842297
F8A1,871.8852679,0.019447554,0.048467626,0.304064097,0.782842297
FAM120C,374.8894168,-0.021363265,0.05304128,0.303473105,0.782842297
FAM216A,180.6754644,0.015703825,0.053362395,0.304446579,0.782842297
GDI2,9100.828629,-0.027978773,0.049116248,0.303668326,0.782842297
HSPA1L,52.83816136,-0.01098571,0.052997109,0.304406989,0.782842297
IMPA2,488.2155085,0.02453223,0.051793692,0.304579804,0.782842297
KDM2B,1886.035538,-0.026348701,0.052752016,0.304300091,0.782842297
KDM3B,3224.695514,-0.028184068,0.046137416,0.304412636,0.782842297
KLHDC8B,4593.504154,-0.025387962,0.051801497,0.304081239,0.782842297
KTI12,396.8882062,0.021863814,0.052880025,0.303477695,0.782842297
MX2,2339.303252,0.017410368,0.053384451,0.304374503,0.782842297
NOS1AP,69.16080821,0.012137658,0.053110149,0.304609184,0.782842297
P2RY10,83.56930252,-0.010188905,0.052938668,0.304626295,0.782842297
PALB2,617.8003719,0.025376347,0.05170448,0.304589872,0.782842297
PINK1,2785.471357,-0.027256457,0.049926236,0.304443165,0.782842297
PTPN13,1157.661329,0.02559516,0.058177867,0.304448301,0.782842297
SLC4A1AP,1454.94288,-0.030016872,0.046326636,0.304180898,0.782842297
SNRPN,2421.780283,-0.026454013,0.050427078,0.303966574,0.782842297
ZDHHC4,928.5577996,-0.027025379,0.05023379,0.303946174,0.782842297
ZHX3,697.6139157,-0.020514348,0.052546841,0.304273243,0.782842297
ATXN10,1537.695048,0.028043227,0.047215561,0.304905878,0.783087236
PNPT1,1347.408882,0.023325883,0.052438889,0.304882938,0.783087236
TBC1D2,7214.918936,-0.027322367,0.05002028,0.30485853,0.783087236
NEK1,313.315827,-0.023431922,0.053381827,0.305020826,0.783224675
GPSM3,3539.454158,0.026345403,0.050577872,0.305145873,0.783387985
MAD2L1BP,633.498139,0.025735228,0.050968935,0.305265912,0.783538377
AKNA,2847.700412,0.024089629,0.051704457,0.305354202,0.78360723
ATP23,201.1266518,-0.015953263,0.053269184,0.305537121,0.783918848
RAB5B,3362.071026,0.027185774,0.04459902,0.305928992,0.784608473
VPS29,2660.604766,-0.025616355,0.049715457,0.305885902,0.784608473
ADAMTS10,112.0593029,-0.010457481,0.052943769,0.306828806,0.784666692
CHRNA7,60.5117242,-0.009727432,0.052892466,0.307404435,0.784666692
CIAO3,1060.751629,0.025095571,0.051639995,0.306286215,0.784666692
CR1,1118.232659,0.022884051,0.052346526,0.306972846,0.784666692
CROCC,444.8099079,-0.019149129,0.053132352,0.306381425,0.784666692
DYNC1LI1,1365.510619,0.026451869,0.050204442,0.307420633,0.784666692
FDX1,4355.727939,-0.028305714,0.048744984,0.307145627,0.784666692
FERMT1,63.17961656,-0.009776672,0.052899057,0.306369889,0.784666692
FUNDC1,289.5403817,-0.019020516,0.053244317,0.306708069,0.784666692
GIMAP5,259.7493055,-0.013422551,0.05314707,0.30692816,0.784666692
ITGB3BP,167.0649013,0.013244774,0.053053301,0.307428828,0.784666692
KDELR2,2382.310397,0.022972997,0.050194101,0.30632738,0.784666692
PIM2,251.4915888,0.015743831,0.053260043,0.306879522,0.784666692
PLA2G7,10035.15349,0.028431616,0.045705405,0.307391043,0.784666692
RLIM,1818.579243,0.023463498,0.05243762,0.307366177,0.784666692
RNF122,681.0619218,0.025827457,0.050711309,0.306604985,0.784666692
RTRAF,1453.257335,-0.021996653,0.052791496,0.307336134,0.784666692
RUBCNL,627.1131316,0.024111414,0.051877096,0.307305109,0.784666692
S1PR1,179.3964163,-0.015055882,0.05328346,0.30605669,0.784666692
SCMH1,775.5286094,-0.029780856,0.053542261,0.306607662,0.784666692
SNAP29,1715.244749,-0.025609399,0.049383104,0.30645231,0.784666692
SSBP4,2702.538433,0.025341605,0.051994539,0.307330183,0.784666692
STK3,361.1946757,-0.019928044,0.053551593,0.30678406,0.784666692
TANC2,1382.033862,-0.011738988,0.053044659,0.306425505,0.784666692
NUDT19,469.7500822,0.0231108,0.052336037,0.307850033,0.785427271
PGBD4,147.9345175,-0.016219897,0.053273725,0.30781897,0.785427271
EAF2,75.11153745,0.011941946,0.053052141,0.30797901,0.785441968
ZNF396,64.25168398,0.009365709,0.052872941,0.307924058,0.785441968
BLTP1,2094.713618,-0.02745082,0.051805,0.30846331,0.785934285
COA6,569.7478803,0.025109115,0.051348191,0.308419406,0.785934285
DISC1,539.7135044,-0.021924738,0.052484517,0.308480286,0.785934285
RBX1,1594.43626,-0.026838836,0.049296124,0.308351981,0.785934285
THY1,54.39607919,-0.008786178,0.052826363,0.308275129,0.785934285
RBM4B,374.2461625,-0.019892166,0.053116554,0.308572959,0.786013317
CENPK,258.8978096,-0.018265817,0.053731665,0.308768734,0.78619784
IMPDH1,3635.226886,0.025709141,0.051176388,0.308737797,0.78619784
CEP89,501.3918608,-0.017683002,0.053211322,0.308989795,0.786289601
PNPLA6,7370.017477,0.021680118,0.052896081,0.30887927,0.786289601
TSNARE1,285.0507071,-0.016514274,0.053286217,0.308981087,0.786289601
EEF1A1P5,112.3478276,0.012659986,0.053105525,0.30986785,0.786617049
KLHL12,1186.892343,-0.026898292,0.048202968,0.309436199,0.786617049
MMP25,58.61312116,-0.010693647,0.052951775,0.309787216,0.786617049
PER2,252.286446,-0.018258132,0.053120954,0.309916813,0.786617049
PRKAG2,871.2979475,0.025046577,0.051616794,0.309893483,0.786617049
SLC24A2,40.67965667,-0.009739613,0.052885488,0.309464428,0.786617049
ST7,810.0979979,0.024102691,0.051790192,0.309624139,0.786617049
SUMO1,2065.272117,-0.027549325,0.048188372,0.309819558,0.786617049
TMEM151A,48.19473908,-0.009987802,0.052907186,0.309774272,0.786617049
TTC13,547.707785,-0.023876027,0.052179638,0.309670788,0.786617049
TXNDC12,2586.971264,-0.026326597,0.046943987,0.309920577,0.786617049
UNC50,1077.079602,-0.024322188,0.051641642,0.309617143,0.786617049
VPS54,958.6181428,-0.024239862,0.051894006,0.309847722,0.786617049
EXOG,286.0219227,-0.020845804,0.052898667,0.310438264,0.786936134
H2BC21,137.2638461,0.01714095,0.053649351,0.310249167,0.786936134
IFI6,33970.02862,0.023137687,0.052272655,0.310243485,0.786936134
LRPPRC,4026.983271,-0.028055672,0.04972013,0.310543548,0.786936134
NDUFAF5,265.3994381,-0.019296247,0.053110911,0.310471849,0.786936134
PAPSS2,1550.824989,0.021493516,0.052717783,0.310601822,0.786936134
TMEM267,275.8992373,-0.017135603,0.05317597,0.310515864,0.786936134
TTC19,981.9046534,0.025120435,0.051106117,0.310396283,0.786936134
ZNF30,71.02189888,0.009620069,0.052875786,0.310366846,0.786936134
EEF1A2,33.34771133,-0.007082112,0.052690553,0.310750701,0.787017538
RNF114,2660.657196,0.026742997,0.049925329,0.310816838,0.787017538
SMURF1,1425.62692,-0.027411116,0.049599713,0.310819147,0.787017538
FBXW7,473.4994102,-0.01834507,0.053162655,0.311285405,0.787261376
H4C8,76.79793246,0.011204955,0.052966324,0.311044983,0.787261376
HDAC4,403.0226575,0.013828389,0.053120981,0.311268866,0.787261376
NECTIN1,417.8172359,0.016436726,0.052907457,0.311152651,0.787261376
PCDHGB4,135.9468047,-0.014637918,0.053188411,0.311019856,0.787261376
ZFP36L1,5323.0595,0.020259644,0.053439766,0.311285952,0.787261376
SAMD1,1531.651632,0.024449711,0.052328875,0.311413449,0.787427619
TBCD,1754.264855,0.025739414,0.051427971,0.311522953,0.78754831
MILR1,1321.282958,-0.023916856,0.051823169,0.311666383,0.787726348
SAT2,1032.707149,-0.024693824,0.051285177,0.311716952,0.787726348
RBL2,1850.956968,-0.027839075,0.050774583,0.311911786,0.788062496
BIRC7,356.0214343,-0.017644674,0.05318865,0.312026671,0.788196559
HMCES,825.756577,0.027043182,0.050699775,0.31209978,0.788225058
GRB2,14819.11437,-0.02778077,0.048091941,0.312208249,0.788342833
FHL1,128.8492795,-0.014912987,0.0531505,0.31241783,0.788403585
PUS7L,278.412453,0.012522652,0.053116028,0.31240786,0.788403585
ZNF697,763.1620038,0.021010308,0.052793866,0.312381963,0.788403585
SMARCA4,4057.161278,0.022934538,0.052160992,0.312598326,0.78870296
CENPH,168.2839239,0.015856784,0.053204889,0.312988066,0.789211323
IGF2BP2,1858.129205,-0.02674801,0.049057407,0.313055285,0.789211323
SLC39A3,961.3227556,0.023147834,0.052110188,0.312951729,0.789211323
STARD5,137.1738546,0.014803622,0.053150012,0.313109332,0.789211323
TUT1,756.88965,0.021466915,0.052235585,0.313049744,0.789211323
TADA1,209.4694652,-0.018341623,0.053134396,0.313311662,0.789565206
CCDC154,85.85977539,-0.009437388,0.052850166,0.31344381,0.789590006
CCDC97,1649.961814,0.021323744,0.05269591,0.313676768,0.789590006
METTL25,143.4625184,-0.015041685,0.053189938,0.31348662,0.789590006
MX1,13457.90144,0.012787921,0.052843493,0.313656343,0.789590006
PPM1H,865.0473853,0.021488493,0.052876398,0.313564807,0.789590006
RAB33B,298.9227836,-0.019268046,0.05298357,0.313693104,0.789590006
AP4S1,221.2982352,-0.019161811,0.053027522,0.314337196,0.789719489
ARHGEF10L,5017.13204,-0.028547386,0.047664865,0.314718578,0.789719489
B3GALT4,393.4985436,-0.018291424,0.053160125,0.314561759,0.789719489
CCT7,4428.180616,0.025778618,0.050112368,0.314649258,0.789719489
DHX36,1710.814777,-0.025878964,0.049628305,0.314558725,0.789719489
EEF1D,5585.651036,-0.027995393,0.048735278,0.314374864,0.789719489
H4C16,43.29260124,-0.008967431,0.052812279,0.313917169,0.789719489
HAUS4,1108.866919,-0.025132931,0.050648129,0.314359005,0.789719489
PDE5A,57.47760999,-0.009639505,0.052870025,0.314572223,0.789719489
PUDP,751.3914592,0.025357321,0.051788302,0.314241142,0.789719489
RBM12,1573.076739,0.025530613,0.051585068,0.313852907,0.789719489
SGK3,2340.005116,-0.024915984,0.050707185,0.314155511,0.789719489
SPART,2379.731137,-0.027380321,0.04799175,0.3142899,0.789719489
TIFAB,222.8425383,0.014635891,0.053391583,0.314707587,0.789719489
TMEM262,36.56901721,0.006834981,0.052682054,0.314529373,0.789719489
WDR6,5013.665171,-0.027088736,0.045761433,0.314735644,0.789719489
EIF3I,3465.99613,0.025745137,0.049220486,0.31495033,0.790102668
PDLIM1P4,52.00476788,0.00978459,0.05286287,0.315037318,0.790165407
ZNF630,34.18891405,-0.007623979,0.052726178,0.315137626,0.790261525
EFCAB5,54.63334805,-0.009986205,0.052837246,0.315415107,0.790335534
PDXP,436.719166,0.016742826,0.05323842,0.315311161,0.790335534
SETDB1,1716.315173,-0.026167278,0.048393867,0.315380401,0.790335534
SLC51A,94.10007903,0.012989621,0.05319558,0.315407369,0.790335534
AP1S2,2034.864952,0.021467243,0.052701794,0.315599968,0.790643346
ITGA9,333.8424025,0.020001651,0.053078271,0.315724298,0.790799425
XYLT2,656.9036321,0.020569518,0.052473552,0.315970644,0.791260997
ELP6,532.1553651,-0.022819884,0.050340748,0.316185167,0.791642714
ANO5,60.64756891,-0.01015435,0.052850531,0.316794317,0.791840825
AOPEP,138.3365232,-0.015610641,0.053114262,0.317777913,0.791840825
APOOL,825.6395655,-0.023806396,0.05126959,0.317156693,0.791840825
C1orf54,301.9609081,-0.019143847,0.052946449,0.316379501,0.791840825
CCDC106,1007.880847,0.020606374,0.053119604,0.316809978,0.791840825
CCDC186,835.7403085,-0.020363889,0.052925006,0.318017009,0.791840825
CIC,3663.751461,0.021398993,0.052588954,0.317986526,0.791840825
CNNM4,958.4237903,0.022110261,0.052517973,0.316764821,0.791840825
CNOT11,1058.270599,-0.026699071,0.049065628,0.318152862,0.791840825
CSTF1,790.9401698,0.025933977,0.050589125,0.316620969,0.791840825
DCUN1D5,882.4999544,0.023812542,0.051610231,0.318189705,0.791840825
DNAJC7,3003.193834,-0.027615885,0.043992517,0.317838322,0.791840825
EXOC7,4411.236567,0.026964288,0.046760853,0.317042361,0.791840825
FAM135A,1045.320547,-0.0207199,0.052654162,0.317518945,0.791840825
GOLGA8H,152.0162431,-0.01686148,0.053077062,0.317757754,0.791840825
IGBP1,1354.622693,-0.024984525,0.050751363,0.317694143,0.791840825
LAMTOR4,1487.632206,-0.026958523,0.049621005,0.317752528,0.791840825
MEIOC,44.30905342,0.009191218,0.05280444,0.318185588,0.791840825
MICAL1,8769.649951,-0.024728485,0.050090934,0.317448654,0.791840825
MTO1,661.5990229,-0.025713037,0.050574317,0.317796827,0.791840825
NAXE,1262.463548,0.021648217,0.05246905,0.317162726,0.791840825
NEFH,668.2151831,0.023074688,0.051963064,0.316701796,0.791840825
NRBF2,1378.249817,-0.024427589,0.050951677,0.316601613,0.791840825
PDK4,4758.497944,-0.020354954,0.052815036,0.317355992,0.791840825
PHTF2,1494.249166,-0.024357638,0.051505179,0.317250599,0.791840825
RAB3GAP1,2437.334041,-0.025094401,0.046966443,0.317985222,0.791840825
RBSN,791.839534,-0.023488491,0.051358124,0.317119484,0.791840825
TRAPPC1,2520.669755,0.022031866,0.05206212,0.31804011,0.791840825
TTLL5,453.7493328,-0.017259831,0.053168502,0.317556143,0.791840825
VPS36,1591.323765,-0.024861477,0.050707079,0.317193163,0.791840825
ZNF614,171.1557652,0.018144359,0.053073485,0.316757105,0.791840825
AGPAT5,736.7796941,-0.021386211,0.052493847,0.318414212,0.792170074
SLC12A8,196.4321022,0.017378449,0.053097275,0.318570552,0.792170074
SLC35A1,478.5160318,-0.023003415,0.053165502,0.318556585,0.792170074
TCEAL3,655.7936397,-0.023908462,0.051435319,0.31849632,0.792170074
ADAMTS13,81.93305186,-0.010724837,0.05290121,0.318953744,0.792560273
ATF5,4693.021753,0.02965596,0.047307443,0.319286969,0.792560273
BLVRB,2516.304621,-0.024670666,0.051462712,0.31917985,0.792560273
CD99P1,77.33353879,-0.012111118,0.052981213,0.318955413,0.792560273
FRY,73.17425862,0.003740188,0.052539438,0.319022365,0.792560273
MATCAP1,361.9566575,0.019008936,0.052786791,0.319248441,0.792560273
RGPD6,737.7144578,-0.007926069,0.052639119,0.319081691,0.792560273
TAMALIN,91.58841578,-0.01077071,0.052907702,0.3188037,0.792560273
TMEM44,540.6668152,-0.022861251,0.051916449,0.319127922,0.792560273
EEA1,1581.2404,-0.018339166,0.053172049,0.31952943,0.79300773
ARF5,2030.635971,-0.026770335,0.047917044,0.319732115,0.793356314
CECR2,151.2738872,-0.013738071,0.053043907,0.319840644,0.793471176
TMEM236,508.2545043,-0.021657216,0.052375659,0.319922827,0.793520645
HNRNPA1L3,31.92066139,0.007899948,0.05273195,0.319986653,0.793524574
HMGB3,1219.01636,-0.025696458,0.050490837,0.320102508,0.793566218
LIN28B,455.7081896,0.019627169,0.052730381,0.320137679,0.793566218
NME4,1316.148173,0.028369425,0.05406495,0.320190181,0.793566218
SLC45A4,924.5923367,-0.021610197,0.052423401,0.320513096,0.794212141
ASCC3,1181.92928,0.02002859,0.052702844,0.320595318,0.794261505
ACAD9,1402.191877,0.026788681,0.047359837,0.320767606,0.794429099
CA5BP1,149.1697597,0.016387026,0.053049033,0.320787591,0.794429099
PCED1B,1198.761913,-0.02331445,0.051693387,0.320931397,0.79447658
SOX13,125.8092515,-0.014009816,0.052973532,0.320918641,0.79447658
PYGL,2020.083279,-0.022566134,0.048420374,0.320997096,0.794484949
GMEB2,485.6358331,0.022200679,0.052109273,0.321393555,0.794806403
HNRNPDL,6249.06317,-0.027614359,0.049791245,0.321438687,0.794806403
RFT1,870.2052449,0.025622536,0.049567899,0.321251892,0.794806403
SLC25A11,3077.479709,0.02018791,0.048242945,0.3213595,0.794806403
TRAPPC4,1088.389129,0.026426898,0.048280765,0.321280264,0.794806403
PIGL,334.5127797,-0.020935686,0.052530722,0.321608619,0.79491824
PROSER3,511.8013501,0.021923312,0.052217063,0.321580418,0.79491824
NOC3L,429.7867266,-0.017134667,0.052676895,0.321753687,0.794968558
PARS2,235.1973992,0.018774407,0.05288594,0.321737992,0.794968558
ARHGEF1,5421.424148,0.021155779,0.052424886,0.322151139,0.795180034
ARMH1,75.80711624,-0.01045756,0.052870405,0.322045748,0.795180034
DYNLT5,265.0572829,0.014668223,0.053058754,0.322093349,0.795180034
TTC7B,1680.559229,0.031874648,0.055177321,0.321916199,0.795180034
VPS28,2484.202433,0.026339495,0.049753006,0.322058384,0.795180034
C18orf32,585.5466992,0.016759089,0.053025039,0.322543488,0.795547911
INO80B,809.8114961,0.023545265,0.051378237,0.322458457,0.795547911
PET100,1045.717881,-0.022183781,0.051558783,0.32254978,0.795547911
RGMB,335.9163108,0.021332549,0.052546881,0.322419237,0.795547911
SLC4A8,733.0807945,-0.018267454,0.052919773,0.322645756,0.795630706
BAD,483.5522023,-0.01944733,0.052815778,0.322781861,0.795812405
METTL15,259.3509831,0.018658029,0.052936334,0.322990551,0.795865198
RTN2,684.3533597,-0.022347173,0.052118576,0.322902901,0.795865198
TERF2IP,1923.228837,-0.028369344,0.044094612,0.322971007,0.795865198
PRR5,462.7044103,0.016780628,0.053035844,0.323084273,0.7959423
IQSEC2,2092.060098,-0.023521885,0.050979815,0.323185462,0.796037763
NIT2,971.7113892,0.028269167,0.051454614,0.323286733,0.796133391
DENND5A,4959.308541,0.032058011,0.047803546,0.323463658,0.796415253
BTBD19,1225.581897,0.019762622,0.052569469,0.323651053,0.796592873
ST13,6873.365208,-0.024378688,0.050720748,0.323660764,0.796592873
ABTB2,125.1741983,0.014090893,0.052996826,0.323838572,0.796722878
MROH8,41.68502023,-0.009717149,0.052825167,0.323814077,0.796722878
SLC4A5,45.57554498,0.007514703,0.052692944,0.323996901,0.796958612
UNC93B1,6856.612361,0.023512082,0.050469598,0.324099249,0.797012895
XPOT,4457.372149,0.022566826,0.052399494,0.324144,0.797012895
GPBP1,1373.91278,-0.025268366,0.050392484,0.32438002,0.797025063
LILRB3,617.4070109,0.018060216,0.052951602,0.324365528,0.797025063
OSGIN2,1740.065368,0.024559948,0.04933323,0.324607062,0.797025063
PPP4R1L,120.3405327,-0.015761949,0.053002726,0.32453337,0.797025063
RAB2A,3295.848627,-0.027427332,0.042697416,0.32454564,0.797025063
RBM17,1788.036964,-0.027137739,0.04680358,0.324649082,0.797025063
TBC1D8B,194.9868886,-0.015278344,0.053011879,0.324617712,0.797025063
UFD1,1531.827701,0.020937372,0.049567009,0.324274431,0.797025063
C2orf49,430.4107044,-0.021097041,0.052046509,0.325037707,0.797307644
CPAMD8,47.56358508,0.010106438,0.052848694,0.325199468,0.797307644
CSF1R,21312.1949,-0.022103352,0.051950965,0.325148393,0.797307644
LAMB1,199.7877193,-0.01337258,0.052987748,0.325134451,0.797307644
SPAG9,3887.996612,-0.02070906,0.051122343,0.325201957,0.797307644
ZBTB37,594.6187592,-0.017517799,0.052933792,0.325018395,0.797307644
ZNF329,205.5207845,0.013335193,0.052985026,0.325053464,0.797307644
PRCC,2124.090979,0.024321506,0.049430378,0.325545334,0.797996053
CSPP1,522.2771151,-0.022440787,0.051901061,0.325824509,0.798109796
DCHS1,94.90141834,0.012891234,0.052983127,0.325830484,0.798109796
PPP1CC,5966.076458,-0.027419948,0.049793427,0.325904745,0.798109796
THEM4,528.067778,0.022410744,0.05184576,0.325863866,0.798109796
YWHAG,8149.469521,0.036916726,0.056131668,0.325676816,0.798109796
ARL4A,289.9056165,-0.019471784,0.052835246,0.32628041,0.798111314
DAB2IP,40.21535857,-0.006344157,0.052628861,0.326124358,0.798111314
DNM1,989.57256,-0.014960751,0.052998261,0.326343578,0.798111314
HACD3,2293.287328,0.027983873,0.047018575,0.32598912,0.798111314
IGFBP5,41.14557738,-0.008185367,0.052725594,0.326064621,0.798111314
TARDBP,3383.802169,0.027093533,0.047690146,0.326250233,0.798111314
TCEAL4,1746.727943,-0.023364496,0.050807627,0.32628253,0.798111314
ARSB,4161.710249,0.024923352,0.04457613,0.327057542,0.798325982
CAMK2B,443.5763921,-0.018312542,0.052854013,0.326683802,0.798325982
DTNBP1,729.0105824,-0.02553136,0.049591713,0.326547529,0.798325982
KPNA5,402.1355579,-0.018276897,0.052722392,0.326990506,0.798325982
NANOS1,52.70288937,0.010378346,0.052855889,0.326761473,0.798325982
PAFAH1B1,4301.571595,-0.027518958,0.045836804,0.326950859,0.798325982
PPP1R21,598.7670751,-0.018785673,0.052688895,0.326631254,0.798325982
RAD51AP1,642.330435,-0.018259876,0.052729786,0.32693911,0.798325982
RPAP2,849.0215795,-0.009790262,0.052811574,0.327027093,0.798325982
TIFA,281.9760318,-0.016884008,0.052985542,0.326629609,0.798325982
C20orf96,291.2696848,-0.018538433,0.052799749,0.327241293,0.798561163
KGD4,452.4387582,-0.022238338,0.051896646,0.327279165,0.798561163
ARSA,2932.04606,0.021896116,0.053449335,0.327449185,0.798670299
BRF2,408.4744976,0.021935546,0.051894772,0.3273943,0.798670299
ABCF3,1789.812751,0.025657723,0.048347302,0.328462291,0.798830786
C14orf119,1627.728336,-0.025132668,0.049933203,0.32769499,0.798830786
CDIN1,139.6967146,-0.012836725,0.052934487,0.328580174,0.798830786
CHD7,1034.060033,0.017970433,0.052921814,0.328105742,0.798830786
COX18,616.295619,-0.023929541,0.050968705,0.327792799,0.798830786
FOXJ2,955.3242173,-0.024186185,0.04822941,0.328077784,0.798830786
GOPC,1124.407158,-0.024732046,0.05099799,0.328576875,0.798830786
GSG1L,32.30726558,-0.007847564,0.052699072,0.328493562,0.798830786
HDAC9,513.8770394,-0.018576806,0.052727261,0.32788871,0.798830786
HDX,57.1251714,0.008288502,0.052719193,0.328318677,0.798830786
MMAB,542.5802726,0.021176441,0.052105468,0.328240468,0.798830786
MORC4,239.6088757,-0.016335978,0.052936747,0.328563316,0.798830786
NPIPB12,515.6252741,0.023447495,0.051283955,0.327815525,0.798830786
PIAS3,513.7811932,0.01995898,0.052594037,0.328516079,0.798830786
PKIB,217.9222392,-0.016242871,0.052899178,0.328526067,0.798830786
PTAR1,1097.820753,0.023785736,0.051576267,0.328373031,0.798830786
SLX1A,1749.455999,0.025712024,0.05063222,0.327583702,0.798830786
CROT,203.1648818,0.016606406,0.053038207,0.328687624,0.798939661
ERMARD,460.6230835,-0.020166887,0.052417751,0.32885167,0.799033722
RPL5,11105.01654,-0.026172789,0.049509301,0.328810173,0.799033722
PGBD2,131.6892046,-0.01557176,0.052881511,0.329179312,0.799525061
ZNF568,172.2013842,-0.016927307,0.052828971,0.329175769,0.799525061
PEX13,1043.15176,-0.024730511,0.049777591,0.329332137,0.799591584
TP53INP2,741.2098603,-0.021486597,0.052097511,0.329277654,0.799591584
DUSP12,544.4976899,0.023567001,0.051370392,0.329551412,0.799819332
NCOA6,1693.264128,0.025428583,0.051195259,0.329522922,0.799819332
FAM210A,455.2525488,0.021720448,0.052113866,0.329704737,0.799830758
HES6,351.7880897,0.019706208,0.052581125,0.329650706,0.799830758
RPS9,21846.42533,-0.023870673,0.048182464,0.32974433,0.799830758
ARHGEF2,7208.896849,0.028865445,0.047192419,0.329920536,0.799881101
CHST14,417.5471084,0.021486855,0.051974542,0.329909709,0.799881101
GOT1,847.0078147,-0.022369775,0.05285127,0.330010158,0.799881101
PDIK1L,331.8355159,0.014431531,0.052956988,0.330016048,0.799881101
IGFBP4,1594.687427,0.022442609,0.051727601,0.330083969,0.799893656
AGO4,1786.869623,-0.014212186,0.049378274,0.330951935,0.799941756
ARF4,3013.855645,0.025458744,0.048783631,0.330898904,0.799941756
DNPEP,1774.06752,0.022534983,0.051477876,0.330428274,0.799941756
FOXO1,583.6659204,-0.016940001,0.052658256,0.330618544,0.799941756
LSM8,987.3131414,-0.018727387,0.052628677,0.330961679,0.799941756
MARCHF3,126.189222,-0.011074533,0.052854432,0.330655616,0.799941756
MPDU1,2025.195493,0.025932849,0.047722212,0.330551181,0.799941756
PIGP,235.0714589,-0.018646871,0.052705908,0.330924823,0.799941756
POLRMT,2543.320069,0.025121882,0.051348464,0.33089535,0.799941756
RABAC1,2584.251576,0.019863905,0.052147628,0.330810952,0.799941756
RLIG1,166.545302,0.015153937,0.05289701,0.330467307,0.799941756
SCG2,32.70701591,-0.007811261,0.0526995,0.330559624,0.799941756
SERPINA10,38.94175056,-0.009208341,0.052764463,0.330982254,0.799941756
TMEM242,431.8020627,-0.022828497,0.051958822,0.330183161,0.799941756
CEBPZ,1306.863958,-0.021664907,0.051475752,0.331137052,0.800028222
OSBPL5,151.8716341,0.012866103,0.052930446,0.331143535,0.800028222
MED26,392.4498422,0.016444029,0.05287117,0.331228379,0.800081586
PRX,111.8460293,0.009812294,0.052800201,0.331516309,0.800568773
TBC1D15,1593.84322,-0.025760863,0.048667577,0.331555661,0.800568773
FAM110B,618.951003,-0.022419124,0.051490786,0.331623274,0.800580404
SPATC1L,118.3881003,0.012971542,0.05292852,0.331853806,0.800985265
DYNLL1,2767.422078,0.024848052,0.048564763,0.331973613,0.80112277
DMAC1,1226.804675,-0.021621129,0.051489697,0.33225212,0.801150791
MTRR,746.2413636,0.018771417,0.05277212,0.332145769,0.801150791
POM121C,2104.696317,0.025966617,0.05143786,0.332292334,0.801150791
RPS29,4849.986167,-0.017268567,0.049074645,0.332164007,0.801150791
ZNG1C,542.4830341,0.021779837,0.051858276,0.332299426,0.801150791
EIF3E,5264.627521,-0.02575191,0.048483812,0.332396737,0.801167336
SLC25A44,1103.447219,0.022112782,0.051614716,0.332431972,0.801167336
FMNL2,8547.191255,-0.023854574,0.051987631,0.332715722,0.801666384
ILKAP,612.4049319,-0.024150159,0.049979194,0.332764805,0.801666384
ARID3B,697.8755307,0.022762344,0.051234037,0.3328828,0.801799133
EPHA1,157.7640541,-0.016206549,0.052813738,0.332976741,0.801809565
ERMAP,1023.916027,-0.023502704,0.050905163,0.333012915,0.801809565
MIPOL1,229.3149401,-0.016587568,0.052848053,0.333157823,0.802007003
CENPN,674.8997254,-0.016948205,0.052936697,0.333913065,0.802172253
CWC22,688.7244817,-0.019513949,0.052459919,0.333777398,0.802172253
ENO2,309.0865778,0.01837907,0.05270654,0.333802135,0.802172253
KAZALD1,45.22573188,0.008190686,0.052709874,0.333764788,0.802172253
MICA,702.9214554,0.023521044,0.050672147,0.333496116,0.802172253
MRPL55,391.1416129,0.019083732,0.05249269,0.333601244,0.802172253
MRPL57,826.1160347,0.025833111,0.049593581,0.333403,0.802172253
NANS,2608.860858,-0.026647346,0.045810655,0.333950424,0.802172253
NEURL4,1389.232575,0.021414312,0.050710856,0.333635865,0.802172253
RHOXF1P3,36.73124733,0.00736908,0.052674942,0.333350511,0.802172253
ST18,508.3612468,-0.021933819,0.051804251,0.333981514,0.802172253
ZNF277,537.9944925,-0.018992608,0.052663244,0.333817934,0.802172253
TSPAN15,4235.947797,0.026647283,0.046632731,0.334097079,0.802298675
RALGPS1,82.35371668,-0.01191246,0.052841496,0.334218928,0.802440135
WWP1,1353.179062,-0.020054886,0.052338316,0.334371541,0.802655389
SETD2,2486.157294,-0.026574597,0.045456036,0.334601983,0.802935252
TMEM198,61.08597335,-0.010317946,0.052802643,0.334614087,0.802935252
BTBD3,575.0867656,0.018517536,0.052625826,0.334761963,0.803045837
SLC17A7,89.89249484,-0.011351739,0.05284017,0.33478615,0.803045837
ANKLE2,2456.325554,0.027288084,0.04747542,0.335134384,0.803059816
ARHGAP35,3740.536629,0.024076798,0.05145689,0.335986145,0.803059816
ATP11B,2255.119177,0.018923765,0.051738659,0.33570325,0.803059816
BORCS7,566.5260696,-0.016309179,0.052799195,0.3360022,0.803059816
DACT1,86.88675637,-0.011556144,0.052839868,0.336302052,0.803059816
DCAF16,697.9429848,0.020172234,0.05229026,0.335097799,0.803059816
FIP1L1,1256.107,-0.026508868,0.04925174,0.335997661,0.803059816
GAB2,2555.342586,-0.024936219,0.046877356,0.335586269,0.803059816
IL17RA,6591.441642,0.024149133,0.05063241,0.335165141,0.803059816
ITPKC,485.284563,0.020521493,0.052098314,0.336338783,0.803059816
KCNE4,56.53756578,0.009776669,0.052767924,0.336353753,0.803059816
OR2AT4,109.2153625,-0.013382932,0.052876334,0.335433513,0.803059816
PABPC4,8453.134598,-0.019838201,0.047465863,0.335975646,0.803059816
PET117,105.7593889,0.012545408,0.052885055,0.335779394,0.803059816
PEX11B,782.466137,-0.022905209,0.050788436,0.335909865,0.803059816
PMS2,684.6934638,-0.024185155,0.050378631,0.335266836,0.803059816
RABGEF1P1,110.1526899,0.013759365,0.052929815,0.33510479,0.803059816
RFC3,343.2676431,0.017561033,0.052411069,0.335391732,0.803059816
RIF1,1530.057011,-0.020952731,0.052269505,0.336086269,0.803059816
SDHAP3,34.98898491,-0.008892413,0.052730864,0.335937307,0.803059816
TIMM23,990.7939631,0.025042656,0.04847932,0.336366728,0.803059816
TMSB10,22500.19928,0.022326716,0.046054734,0.336268854,0.803059816
VIM,98253.2936,0.025610693,0.048328003,0.33523915,0.803059816
ZDHHC1,71.89419963,0.009001078,0.052263085,0.335665673,0.803059816
ZNF18,270.035971,-0.019452309,0.052435925,0.335127122,0.803059816
SEPTIN9,11015.53835,0.022763586,0.05102413,0.33644704,0.803101163
ABCC10,1471.57203,0.021197062,0.050162585,0.336730924,0.803148865
ARCN1,4409.651776,0.025317369,0.04671194,0.336942967,0.803148865
CCDC82,1180.715288,-0.019699511,0.052154442,0.33709002,0.803148865
CORO6,60.67866811,-0.010338416,0.052787072,0.336819503,0.803148865
DCAF4L1,35.84725041,-0.008884294,0.052729787,0.336971694,0.803148865
ERCC6L,93.20418479,-0.010294311,0.052786775,0.336984531,0.803148865
FIZ1,583.8205204,0.021234037,0.051931291,0.337187194,0.803148865
ILRUN,3968.948018,0.019593359,0.048226516,0.336846498,0.803148865
KRBOX4,201.4686898,-0.017271487,0.052704502,0.337210518,0.803148865
MYORG,127.1212521,-0.014877481,0.052903303,0.337285985,0.803148865
POFUT2,893.6914988,-0.022218337,0.051255265,0.337264155,0.803148865
RPL23,11025.93702,-0.024553338,0.05254629,0.337001747,0.803148865
ZFPM1,282.957865,0.012693044,0.052877811,0.33671142,0.803148865
AP3M2,463.221242,0.01754201,0.052532836,0.337479158,0.803308772
CIZ1,3373.204491,0.025214129,0.046865078,0.337452763,0.803308772
OR10H5,35.652072,-0.007687804,0.052674309,0.337570421,0.803376011
ASMTL,420.8190781,-0.021387789,0.051564636,0.338179674,0.803625845
FANCC,185.5370627,0.015899319,0.052837027,0.33789723,0.803625845
MSANTD7,467.0327286,-0.020460284,0.052028525,0.337877503,0.803625845
RBM48,332.719634,-0.020509789,0.051995099,0.338010732,0.803625845
SETD7,2470.409171,0.026255281,0.051498283,0.337937977,0.803625845
SNAPC5,697.1302788,0.02422925,0.049568965,0.338173872,0.803625845
SRBD1,333.6599844,-0.015104948,0.052840903,0.337843229,0.803625845
TACO1,667.0774818,0.024128964,0.05007948,0.338145742,0.803625845
SLA,5979.189261,0.024743932,0.044035707,0.338309363,0.803634447
ZNF610,61.10964708,-0.009500826,0.052744458,0.33826998,0.803634447
YPEL1,32.45552809,-0.005149378,0.052558425,0.338471686,0.803870254
CEP44,310.6071081,-0.018133977,0.052558756,0.338817228,0.804091742
P4HB,25430.76647,0.015794255,0.048167017,0.338792206,0.804091742
SEC22A,246.0722054,0.017075881,0.052699073,0.338733117,0.804091742
SFXN5,601.0836815,0.022141271,0.05121694,0.338750497,0.804091742
HLA-B,58868.90505,0.022463163,0.048946142,0.338935277,0.804159948
TM9SF3,6231.378996,0.021869226,0.047832542,0.33897212,0.804159948
MED30,192.5961131,-0.016246794,0.052778373,0.339145978,0.80427308
PEX11G,87.44775764,-0.012432991,0.052836469,0.339097563,0.80427308
ZNF227,363.7315525,0.018789844,0.052477636,0.339281845,0.804445646
ANP32E,1869.672231,-0.019227661,0.049044491,0.339892633,0.804547192
CLEC1B,34.64039255,-0.008204609,0.052689372,0.339722928,0.804547192
DENND2C,66.34598865,-0.010636242,0.052782119,0.339716809,0.804547192
FRG1,801.060012,-0.020967772,0.051930206,0.339636829,0.804547192
JMJD7-PLA2G4B,436.2421116,-0.016372401,0.052746358,0.339870575,0.804547192
MAGOHB,155.7626259,0.015201677,0.052887146,0.339891488,0.804547192
MDH1,5275.700429,-0.025219852,0.049118303,0.339546734,0.804547192
SEC24A,1201.540573,-0.02289323,0.05032929,0.339564627,0.804547192
ZBTB12,109.7861088,0.014064461,0.052820509,0.339600284,0.804547192
ACAP2,3817.664544,-0.02231823,0.050955756,0.342277181,0.804571074
ADA,428.281107,0.021148755,0.051653398,0.342516,0.804571074
ADCY4,255.7711521,-0.015044327,0.052791444,0.340193875,0.804571074
AIDA,1844.758192,0.023035401,0.050353381,0.341131334,0.804571074
ATP2A3,56.82171029,0.008831988,0.052708385,0.341875653,0.804571074
ATP6V0E2,629.8264807,0.021884037,0.051313555,0.341115436,0.804571074
BMP8A,82.38946607,-0.012596116,0.052824373,0.341585486,0.804571074
COPS7A,2201.760498,0.026774884,0.046589867,0.340285445,0.804571074
DEPTOR,122.1061951,-0.012156993,0.052842738,0.340512777,0.804571074
FAM149A,32.21464392,-0.005254203,0.052564763,0.341526079,0.804571074
GDPD5,175.2883063,0.01449143,0.052850679,0.342481483,0.804571074
GLIPR2,5617.010346,0.024993873,0.048025895,0.341700357,0.804571074
GRAMD1B,639.2123647,0.019606916,0.052262559,0.341810168,0.804571074
GSTA4,51.59526055,0.009360228,0.052741081,0.340156065,0.804571074
GTF2A2,850.3968186,-0.021682767,0.051325893,0.339981222,0.804571074
HRH2,281.4909966,0.019034619,0.052708906,0.340727796,0.804571074
IFT43,179.7920307,-0.016353948,0.052724628,0.340992434,0.804571074
KATNBL1,753.2898742,-0.018795193,0.051972176,0.341477871,0.804571074
KCTD5,2040.095842,-0.025071422,0.048494461,0.342547536,0.804571074
LMNA,6149.894006,0.02090133,0.051905618,0.340361604,0.804571074
MCCC1,1262.307131,-0.024482387,0.050004164,0.340763862,0.804571074
MS4A14,1225.304182,-0.023397605,0.049699538,0.342018229,0.804571074
NAB1,830.6313358,0.020825574,0.051584643,0.341300348,0.804571074
NR1D1,201.5378524,0.016433849,0.052730635,0.342235895,0.804571074
NSMCE1,658.8936067,-0.023501173,0.049383545,0.342205014,0.804571074
PITPNA,2987.935649,0.024017617,0.050658741,0.340719073,0.804571074
PSRC1,461.8658572,-0.019555473,0.052126311,0.340930105,0.804571074
PTBP2,283.8736998,-0.014554238,0.052854652,0.341147029,0.804571074
RPS12,9346.804326,-0.022659466,0.051111574,0.342238867,0.804571074
SCGB2B2,64.41058647,-0.008056149,0.052668782,0.342466584,0.804571074
SCUBE3,36.03272392,0.00771128,0.052672292,0.340637148,0.804571074
SLCO2B1,28349.91731,0.020302986,0.051583992,0.342395131,0.804571074
SRP9,2827.141488,0.023696841,0.049655883,0.340916271,0.804571074
TBC1D17,1608.356163,0.021864154,0.051442378,0.340496774,0.804571074
TBPL1,220.0962828,-0.017455639,0.052606431,0.340578695,0.804571074
TCTA,1001.046104,0.02500335,0.048247849,0.342125141,0.804571074
TMEM187,291.289881,-0.014440606,0.052809338,0.342258499,0.804571074
TMEM67,143.4036383,0.014014249,0.052844807,0.341331942,0.804571074
UPK3B,37.96430988,-0.007816907,0.052663,0.342553282,0.804571074
VPS50,835.7739537,-0.017211042,0.052392522,0.340291088,0.804571074
ZNF211,247.8699008,-0.014635376,0.052847526,0.341998342,0.804571074
ZNF239,44.51014177,0.009335602,0.052737998,0.341871138,0.804571074
MTATP6P1,11008.53125,0.020603372,0.05281235,0.342797716,0.804700438
PROX1,33.55363254,-0.006139757,0.052587636,0.342716385,0.804700438
TRAK2,1520.874516,0.023129677,0.051798427,0.342742042,0.804700438
NUP133,968.6451995,-0.0231002,0.050537319,0.342889023,0.804766596
JTB,2845.868343,0.024720841,0.049391825,0.343098515,0.804791183
MACROH2A1,13770.01283,-0.02582106,0.043966413,0.342987429,0.804791183
SERPINB9,321.5844002,-0.018288366,0.052421625,0.343152002,0.804791183
TXNRD1,5252.294934,0.023151509,0.050196511,0.343141469,0.804791183
KIF27,151.932242,-0.013723276,0.05276433,0.343216122,0.804793515
C1QC,37179.15542,-0.022175964,0.050908569,0.344567327,0.805030808
CLPTM1,6714.156693,0.022974678,0.051252662,0.34458907,0.805030808
EBNA1BP2,957.9891354,0.022492367,0.050685082,0.34416579,0.805030808
EFCAB11,232.1528815,-0.015150102,0.052892001,0.344066818,0.805030808
ERGIC3,3745.577149,-0.028701771,0.045937389,0.344390902,0.805030808
GOLGA3,3444.826578,0.018030296,0.046714889,0.344462887,0.805030808
LIAT1,38.85356568,0.00845239,0.052684907,0.344349978,0.805030808
LPL,8180.262651,-0.02376151,0.050323373,0.344537091,0.805030808
MRPL48,263.0308518,-0.016386443,0.052726092,0.343524191,0.805030808
MTFR1,428.5673861,-0.020016962,0.051979522,0.343869177,0.805030808
MUTYH,336.5409432,0.020070862,0.051962342,0.343945323,0.805030808
PARP15,325.6646386,-0.018594893,0.052347521,0.343951622,0.805030808
RPS23,10872.03991,-0.027960829,0.050309184,0.344184555,0.805030808
SOS1,1622.852606,-0.024664167,0.048487125,0.344643356,0.805030808
STAG2,2900.725111,-0.016321615,0.047323915,0.344354665,0.805030808
STAMBPL1,98.73406634,0.011726688,0.052793642,0.344005975,0.805030808
TMEM258,1423.885024,-0.024400831,0.04894245,0.343839426,0.805030808
WASF2,9167.755854,-0.026133093,0.038353453,0.343566339,0.805030808
WDFY4,7485.315482,-0.02528148,0.045640024,0.343820193,0.805030808
ZSCAN26,234.8514785,0.018071213,0.052535337,0.34380453,0.805030808
ZSCAN29,821.8341482,0.023129312,0.051312565,0.344059213,0.805030808
GID4,693.2291789,0.024256347,0.048983674,0.344821131,0.805151024
MAN1A1,7734.415573,-0.02660846,0.046259179,0.344764515,0.805151024
PYGB,3416.279722,0.025405436,0.050429457,0.344916491,0.805226212
ELFN1,34.38137604,0.00754626,0.05264575,0.344992689,0.805256645
ENOX1,34.58324947,-0.007607374,0.052647932,0.34518895,0.805419824
ZMYND15,1090.272925,-0.022469304,0.05060428,0.345159875,0.805419824
ADAMTSL3,49.76295796,-0.009054078,0.052703607,0.345464642,0.805484706
EPN2,598.6774467,-0.018799787,0.052111154,0.3453854,0.805484706
MGAT3,49.50343879,0.00609654,0.052592762,0.345469478,0.805484706
TUBB4A,55.17820929,0.008858777,0.052697899,0.345456248,0.805484706
ELMOD3,635.7424941,-0.021027704,0.052023089,0.345543882,0.80551087
MAP1LC3C,43.63932383,-0.009788938,0.052723159,0.345754532,0.80570728
WDR77,1268.004053,-0.025013453,0.047548432,0.345696224,0.80570728
ACTN4,12881.04355,-0.027997031,0.05274095,0.345870856,0.805729551
ALOX5,8381.584146,0.025779118,0.05013188,0.34644519,0.805729551
CCR5,2343.500651,0.02294173,0.04895296,0.346383803,0.805729551
CELF6,240.7557091,-0.016207994,0.0526646,0.346300278,0.805729551
CRPPA,32.9767837,0.00768316,0.052650097,0.34589913,0.805729551
DIP2A,1674.323126,-0.022978419,0.049831134,0.345977709,0.805729551
RGMA,121.7908464,-0.012163157,0.052772753,0.346459283,0.805729551
SNUPN,713.5575842,-0.024754802,0.049448671,0.346117871,0.805729551
SOD1,2162.989941,0.023907301,0.048840649,0.346393288,0.805729551
SPIN4,209.2056702,-0.017730827,0.052455603,0.346424842,0.805729551
TMX3,2076.034917,-0.021318883,0.052332496,0.346051457,0.805729551
ARHGEF35,110.0306037,0.013220807,0.0527523,0.346745309,0.805866735
MACROD2,41.09605206,-0.008278878,0.052669331,0.346834322,0.805866735
MYPOP,477.1961236,0.016836818,0.052579958,0.346686389,0.805866735
PRMT9,267.2804117,-0.019014825,0.052276741,0.346771577,0.805866735
UTP23,417.1422923,0.017926302,0.052407973,0.346746357,0.805866735
ARHGEF17,592.9368337,-0.017847524,0.052110461,0.348375985,0.80621627
ATF6,2490.061818,0.025536364,0.048099319,0.348172886,0.80621627
BCL6,2731.689374,0.025405604,0.045317625,0.348215953,0.80621627
CDC42EP4,196.4184033,0.014926565,0.052698662,0.348139181,0.80621627
CDPF1P1,34.42201045,-0.00849825,0.052673378,0.347700481,0.80621627
CHAMP1,643.3211275,0.018486485,0.05225495,0.348289795,0.80621627
EDC4,2348.466572,0.024295014,0.05050399,0.347788977,0.80621627
GIMAP1-GIMAP5,190.6907611,0.004630138,0.052545772,0.347756612,0.80621627
IMPDH2,2350.573668,0.024133579,0.049884465,0.348374561,0.80621627
IRAK3,1062.459781,0.020737036,0.051766131,0.347532759,0.80621627
LIX1L,687.7007275,0.022331942,0.050741761,0.347216503,0.80621627
LYRM1,222.4571064,0.017252005,0.052522947,0.347202011,0.80621627
MAPK7,1125.217284,0.02096565,0.051572749,0.347942988,0.80621627
PLPP3,1530.780004,0.023140487,0.049307138,0.347805233,0.80621627
PSMB1,2204.241135,-0.023321122,0.049582484,0.348048198,0.80621627
RITA1,407.9544647,0.018987275,0.051959311,0.347072158,0.80621627
RRP1,1703.176163,0.022680286,0.050417085,0.347254215,0.80621627
STAB1,16056.71302,-0.009448167,0.048413444,0.34775308,0.80621627
ZNF398,490.9477214,0.020944471,0.051489669,0.348065754,0.80621627
ZNF512,660.5026124,0.018269455,0.051778256,0.348002502,0.80621627
ZNF678,108.1207237,0.012350013,0.05275844,0.347696931,0.80621627
ZNRF3,58.57328973,0.010903509,0.052767865,0.347507167,0.80621627
DRC3,101.90714,-0.010709484,0.052746031,0.348448712,0.806238227
COX11,599.1456197,0.018700418,0.051734403,0.348641711,0.806384021
KRT8,173.1886934,-0.013346116,0.052794963,0.348668443,0.806384021
MAFG,3060.690379,0.024324462,0.049423708,0.348701475,0.806384021
BET1,449.3178637,0.017422142,0.052358712,0.349200662,0.80666049
CHCHD6,207.8745516,0.01688318,0.052534586,0.349180176,0.80666049
FAM8A1,1316.854899,-0.023597915,0.049309948,0.349119296,0.80666049
FKBP8,7531.6451,0.022218083,0.051816803,0.349172047,0.80666049
TRNT1,1014.524156,-0.021295142,0.051199638,0.34911125,0.80666049
TTLL12,1608.462885,0.021974156,0.051253219,0.348914756,0.80666049
POC1B,635.2952834,-0.020803886,0.051426828,0.349322457,0.806754174
ZNF276,1113.201285,0.019958747,0.051859384,0.349367778,0.806754174
ATG16L1,690.4127786,-0.022298289,0.051433991,0.35018368,0.806822602
ATP6V0D2,1130.5535,-0.023517004,0.049877419,0.349530847,0.806822602
BAZ1A,2541.533164,-0.023627269,0.049431533,0.350370285,0.806822602
CDK7,557.9854055,-0.021077714,0.051378836,0.349981561,0.806822602
CEP120,668.9244371,-0.020671845,0.051439844,0.350322067,0.806822602
CUX1,4182.573773,0.020281768,0.051208628,0.350227376,0.806822602
DHX57,414.9409323,-0.014090459,0.052700578,0.350182675,0.806822602
EPS8,2611.754514,-0.021721688,0.04751666,0.349952456,0.806822602
GALNT7,1610.400768,0.024128883,0.048498274,0.349691951,0.806822602
LRFN4,2052.816666,0.021331587,0.051582098,0.350109621,0.806822602
MAPKAP1,3895.628938,0.025759591,0.044812944,0.350473258,0.806822602
MYO10,876.7553193,0.018044783,0.052301374,0.349543252,0.806822602
PPP1R15A,2601.226113,0.022447761,0.049384467,0.349636103,0.806822602
RFC5,302.4379795,0.01680262,0.052514638,0.350436806,0.806822602
TRIM62,220.3729806,0.015934511,0.052614205,0.350212564,0.806822602
WRAP73,695.5264499,0.018617357,0.05301638,0.349910148,0.806822602
ZNF595,47.58264344,-0.00750579,0.052628506,0.349900432,0.806822602
PIP4K2C,1153.116241,-0.02424598,0.048151125,0.350611419,0.806994941
PANX1,922.7493933,0.021454037,0.050396661,0.350687592,0.807024568
BMP8B,32.69436104,0.00790641,0.052647837,0.350890585,0.807220641
ZC3H8,323.234453,-0.015858154,0.052614086,0.350899427,0.807220641
KCTD2,1279.037566,0.022709727,0.046717931,0.351090807,0.807515191
RBBP4,2410.15904,-0.025266504,0.046736152,0.351225794,0.807679951
CYP46A1,103.6507974,-0.013078233,0.052707209,0.35174184,0.807834799
GMIP,7262.943235,0.024414737,0.048029111,0.352024979,0.807834799
LRRC63,47.27868686,0.009660569,0.052686925,0.352160942,0.807834799
MOB4,820.0947288,0.019674726,0.05194306,0.351676887,0.807834799
NHSL2,67.50037147,-0.009534153,0.052741369,0.351859205,0.807834799
OS9,16344.03095,-0.022360507,0.047849609,0.352150274,0.807834799
RAB9A,834.5338189,-0.020378689,0.051566526,0.351951397,0.807834799
SERPINB8,1114.549128,-0.021211521,0.051087582,0.351695411,0.807834799
TACC1,3297.430473,-0.02548857,0.047142609,0.351905954,0.807834799
TBC1D3K,290.0536758,-0.016067154,0.052555013,0.352180235,0.807834799
TMEM176B,5839.973895,0.018845932,0.046953435,0.351663137,0.807834799
TRIM5,772.703967,0.020409312,0.050435473,0.351644916,0.807834799
WDR83OS,1141.819615,0.023926183,0.048656135,0.351896145,0.807834799
ZNF438,1255.231076,-0.020820352,0.050023871,0.351549233,0.807834799
IL1B,651.5969001,0.017427616,0.05237301,0.352336339,0.808047489
RPL9,7006.558529,-0.018200774,0.051513851,0.352422289,0.808099237
PAF1,1695.588893,-0.024988471,0.048759014,0.352552798,0.808253124
MARK2,2470.030136,0.02529742,0.048415357,0.352681557,0.808257626
RP9P,135.115701,-0.014029978,0.052686693,0.352671174,0.808257626
ENTPD6,2157.642883,0.023906168,0.047220639,0.352775825,0.80832836
PRDM15,368.7805605,0.012621047,0.052720094,0.353078146,0.808585106
PTCHD3P1,77.70747585,0.011583038,0.05272506,0.35301312,0.808585106
RNH1,5818.424186,0.021640856,0.050645846,0.353072341,0.808585106
DIDO1,2306.879195,0.021410258,0.04578735,0.353423131,0.808794023
MBD6,3198.789358,0.020685812,0.051300846,0.353342743,0.808794023
NACA,7923.389788,-0.023341298,0.050183492,0.353405942,0.808794023
OCIAD1,2971.711637,-0.028373911,0.049676461,0.353310607,0.808794023
ZNF763,59.39365485,-0.008924593,0.052657343,0.353590307,0.808886206
ZNF785,416.1378956,0.019012676,0.051962784,0.353575026,0.808886206
PLAC9,36.41716572,-0.008566067,0.052654833,0.353682343,0.808951594
BTN3A2,1133.921373,-0.022121097,0.046543073,0.354294187,0.809044706
DMD,205.3714714,-0.016731828,0.052407412,0.35403147,0.809044706
HILPDA,490.1783392,-0.022610263,0.050004703,0.354060017,0.809044706
L3MBTL1,323.4334728,-0.014419272,0.052654022,0.354027996,0.809044706
NHLRC1,78.47485503,-0.012453746,0.052717161,0.354277057,0.809044706
OTOAP1,55.64057909,-0.007644638,0.052618774,0.354102972,0.809044706
PITPNM1,3152.214071,0.017649812,0.052315739,0.354275564,0.809044706
PLCB1,61.06043866,-0.006028305,0.052568123,0.354017083,0.809044706
SENP3-EIF4A1,64.98321543,0.009436579,0.052716027,0.354131815,0.809044706
JAKMIP2,686.4606379,0.022622109,0.050333036,0.354362272,0.809055266
CISD3,1292.843415,0.018426386,0.049919979,0.354446569,0.80910283
C5,231.5398348,0.014295308,0.052640475,0.356033379,0.809346249
CCNL2,4617.054061,-0.024818093,0.043029501,0.355239574,0.809346249
CORO7,4090.079086,0.022028307,0.051657187,0.354859745,0.809346249
ETFA,3642.96181,-0.024920376,0.044290001,0.355614707,0.809346249
HDAC6,1656.136903,-0.023443028,0.048334155,0.355544986,0.809346249
HERC4,1525.082632,-0.022611277,0.04975354,0.355974693,0.809346249
IKZF1,2908.578789,0.022229352,0.050007772,0.355657333,0.809346249
KDM4A,1609.024577,-0.023298545,0.047975457,0.355548449,0.809346249
KLHL21,2202.619375,0.016656579,0.052422172,0.355962082,0.809346249
NAPB,420.1376091,-0.018945475,0.051861908,0.354945685,0.809346249
NNT,3076.366844,-0.025905762,0.047399179,0.354696967,0.809346249
NSMAF,5272.512572,0.02511248,0.04866088,0.355420667,0.809346249
NUDT3,4418.608426,-0.025562365,0.044269729,0.355200277,0.809346249
ORC6,603.4486687,0.022829133,0.049313672,0.355266768,0.809346249
PGM1,675.1595556,-0.020232527,0.051396559,0.355900891,0.809346249
PPM1A,1645.874747,-0.023217128,0.049370701,0.355836494,0.809346249
PRDX2,1954.284819,0.020784977,0.050885371,0.355853374,0.809346249
PRMT6,764.0111863,0.022904702,0.049511116,0.355840442,0.809346249
RPRD1B,969.8039886,-0.023166942,0.048698938,0.355415868,0.809346249
SNX17,4674.34411,0.025433982,0.046439057,0.355531293,0.809346249
TMX1,2342.827602,-0.02184546,0.049582711,0.355642211,0.809346249
TNFRSF1B,5485.655855,-0.021779037,0.050563998,0.355438107,0.809346249
TOLLIP,3825.65437,0.01687779,0.052336547,0.356076799,0.809346249
VASN,336.3452836,0.017362506,0.052343245,0.355459221,0.809346249
C4orf3,2413.404783,-0.025133795,0.047255407,0.356648457,0.80942981
DPM2,856.2973812,0.019564947,0.05190168,0.356504046,0.80942981
KLF16,2054.896711,0.020413018,0.050400402,0.356560511,0.80942981
NUP205,1457.267664,0.022427058,0.050248063,0.356572699,0.80942981
TIMM21,525.2387889,0.018863124,0.052037463,0.35633091,0.80942981
TRAPPC6B,843.4079896,-0.018371128,0.052092975,0.356684969,0.80942981
UCHL5,775.5318223,0.018035997,0.052189508,0.356510612,0.80942981
ZNF285,50.01797523,0.007843725,0.05262535,0.356240019,0.80942981
ZNF837,82.34013503,0.009692242,0.052679844,0.356493015,0.80942981
PARP11,411.4762565,-0.019496149,0.051540434,0.356910293,0.809796997
MELTF,1732.768211,-0.020167188,0.051038778,0.357072294,0.809876299
P2RY1,1036.638567,0.021487737,0.050564107,0.357015793,0.809876299
CFAP119,134.4718288,0.012983143,0.052669102,0.357289464,0.810080629
DEPDC7,60.11569484,-0.009845445,0.052666364,0.357232643,0.810080629
LRRC75A,2388.416173,-0.024076807,0.048620229,0.357641436,0.810365097
MFAP1,993.6290749,0.024059948,0.048744081,0.357560995,0.810365097
PLEKHA7,268.185687,0.016496962,0.052380884,0.357681316,0.810365097
SLC12A2,573.2367274,-0.017642596,0.051960807,0.357732745,0.810365097
TBCEL,585.2937479,-0.019994736,0.051705334,0.357662295,0.810365097
EIF2S1,1804.736465,0.019903906,0.051233246,0.357840811,0.810465891
CEBPG,2998.150789,-0.025126529,0.044220687,0.358060382,0.810531216
FAM136A,1144.681771,0.024541867,0.046762596,0.358024341,0.810531216
STXBP3,1752.498957,-0.02237993,0.049894564,0.357940441,0.810531216
B3GAT3,1162.31439,0.021180488,0.050695014,0.358219983,0.810748546
CADM4,39.71664879,0.006588428,0.052584687,0.358295098,0.81077462
CSNK1E,1482.146501,0.025531506,0.049852848,0.358517359,0.810989674
EHD4,2604.28468,0.022907726,0.048076282,0.358492561,0.810989674
NHLRC2,680.3847469,-0.020843846,0.051792676,0.358643248,0.811130525
CD164,24285.07874,-0.025610473,0.047973632,0.358770547,0.811266082
MASP2,54.60117112,-0.009451015,0.052648529,0.359160932,0.811266082
MYCBP,455.0754632,0.018563876,0.051941304,0.359212255,0.811266082
NCK1,2756.794171,-0.02357733,0.048356924,0.359163988,0.811266082
NPAS1,66.60212525,0.008582153,0.052615571,0.358911122,0.811266082
TEX2,2281.254796,-0.025219766,0.047140818,0.359160713,0.811266082
ZNF354C,107.4464295,-0.013079249,0.052646484,0.359072852,0.811266082
ZXDB,265.8461748,-0.018413326,0.051926119,0.35915365,0.811266082
TMEM117,422.032239,-0.018987657,0.051730989,0.3592871,0.811291399
CTNND1,6527.992196,0.023721149,0.047747089,0.359610557,0.81173424
NIP7,802.5178287,0.021142042,0.05056542,0.359592618,0.81173424
AKIRIN2,2012.831396,0.023321686,0.047446912,0.359957841,0.81176599
MOB1A,6824.712749,-0.025939071,0.044057943,0.359725552,0.81176599
PNO1,446.0796377,0.01864324,0.051680893,0.36000666,0.81176599
RAE1,681.2190276,-0.022769222,0.049728171,0.359941463,0.81176599
RBMX2,451.8832163,-0.021507428,0.050494484,0.359825585,0.81176599
SELENOS,1012.430695,-0.021414021,0.050355049,0.359851086,0.81176599
COMMD5,1212.410042,0.022972239,0.049264423,0.360534324,0.811951732
DCUN1D2,340.6270408,-0.016739194,0.052344478,0.360593522,0.811951732
FGD6,1172.589867,0.019496695,0.051503833,0.360224936,0.811951732
IDS,4223.010455,0.022754875,0.049170182,0.360598534,0.811951732
IFT27,660.3563633,-0.022689987,0.051344803,0.360564807,0.811951732
NUDT6,210.4630753,0.013251899,0.052639519,0.360333717,0.811951732
PHETA1,988.9002959,0.018694833,0.051761139,0.360241024,0.811951732
ZSWIM8,3637.30325,-0.02115352,0.050737507,0.360429601,0.811951732
ZNF358,1516.237018,0.016566492,0.052258881,0.360796526,0.81225409
CDS1,314.5008591,0.018474297,0.051954015,0.36155532,0.812344564
CHEK1,379.8764298,-0.016420494,0.052312621,0.361665052,0.812344564
DOCK11,4601.887941,-0.022632606,0.050832256,0.361286689,0.812344564
GANC,1099.337981,-0.017682963,0.052570772,0.361545727,0.812344564
NOVA2,36.9659708,0.005114604,0.052531805,0.361581102,0.812344564
NPIPA7,73.78344265,-0.01057409,0.052641218,0.361633611,0.812344564
PCMT1,1865.183137,0.024129102,0.047509432,0.361034006,0.812344564
PCYOX1L,285.6949726,0.018135679,0.052056614,0.361536555,0.812344564
PLXND1,14531.27633,0.023999953,0.047848973,0.361287302,0.812344564
SIPA1L1,576.9535801,0.01554804,0.052414606,0.361503317,0.812344564
TAX1BP3,2263.711327,0.024034777,0.047330128,0.361448411,0.812344564
ZNF469,359.2396935,0.017175644,0.0522837,0.36110461,0.812344564
ZNG1E,559.6596706,-0.020930897,0.051196309,0.36114605,0.812344564
WWC3,508.8329742,-0.019336299,0.051717057,0.361864317,0.812648966
CYTH2,2270.013778,-0.02495475,0.046042979,0.362006243,0.812681385
PAM,678.5710618,0.019602808,0.051503803,0.361956502,0.812681385
IQGAP1,13544.39944,-0.022791677,0.049257718,0.362320958,0.813101547
KLF7,523.946384,0.016206999,0.052310025,0.362297077,0.813101547
BANP,621.7244798,0.020470766,0.051198075,0.362404451,0.813145784
RASA4,4143.843208,0.021370608,0.05064209,0.36259363,0.813357489
RPP14,631.2472499,0.020632075,0.05028592,0.3626264,0.813357489
MRPL18,902.698676,0.02312777,0.04963677,0.362693597,0.813365112
CCDC91,670.0147366,-0.019703618,0.051555979,0.362924635,0.813375041
GRK6,2505.080837,0.023476859,0.048242793,0.36298145,0.813375041
GTF2E1,554.0414899,0.018299217,0.051880212,0.362955078,0.813375041
PPCDC,278.3897896,0.015285205,0.052447054,0.363015077,0.813375041
SULT1C2,372.5669045,0.019775809,0.05207343,0.363017019,0.813375041
ZYX,24502.32775,0.017615607,0.051005408,0.363083511,0.813381073
NKG7,111.4563415,0.011771078,0.05264637,0.363268864,0.81365333
ATXN2,1506.649945,0.019860795,0.052296747,0.363766251,0.813741649
GAB1,319.0812352,-0.015686693,0.052391039,0.363458194,0.813741649
MRPL24,647.3082172,0.020709513,0.049862266,0.363616845,0.813741649
MSL2,908.5535627,-0.022874327,0.048959644,0.363520168,0.813741649
PPIL3,705.8703167,-0.018992829,0.051766381,0.363882747,0.813741649
RIPOR1,6919.519311,0.021799907,0.050563514,0.363744559,0.813741649
SFT2D1,1865.843555,-0.022641742,0.049050035,0.363815757,0.813741649
SUB1,1654.879681,0.021659966,0.049782799,0.363875445,0.813741649
WRAP53,283.9772152,0.017266315,0.052145398,0.363705589,0.813741649
APOC4-APOC2,445.0363107,-0.014239029,0.051154381,0.364422275,0.814805259
BTN3A1,919.6959247,-0.018666425,0.051696184,0.364833776,0.815439307
FMO4,192.8209761,-0.013781266,0.052543993,0.364801801,0.815439307
FARP1,4973.769827,-0.020369338,0.049022258,0.364947548,0.81555062
CDK11A,1979.054611,-0.024228668,0.049503945,0.365105806,0.815558001
CTSL,43631.92824,0.029118011,0.047924881,0.365218282,0.815558001
DERL3,66.39438189,0.009070244,0.052619003,0.36534591,0.815558001
GTF2IP4,1252.785443,-0.022507477,0.050091545,0.365441347,0.815558001
HRH1,186.8464042,0.01194671,0.052624655,0.365460902,0.815558001
KMT2B,3045.937525,-0.018401375,0.051343721,0.365462614,0.815558001
PCDH18,70.29617001,-0.0097417,0.052625836,0.365127173,0.815558001
RPS15A,6541.689019,-0.018613679,0.051850177,0.365364746,0.815558001
GMNN,380.6679546,0.018762974,0.05163522,0.365725285,0.815654009
KIF14,391.345642,-0.014117791,0.05259446,0.365802492,0.815654009
KLF4,956.02343,0.022512515,0.049602398,0.365745683,0.815654009
MED17,718.8364282,0.022823055,0.04943966,0.36588009,0.815654009
SLC4A2,9700.239422,0.024533661,0.05045829,0.365889503,0.815654009
ST3GAL1,4228.165534,0.025157934,0.04357278,0.365579958,0.815654009
AACS,436.6669597,0.018633558,0.051642898,0.366065548,0.815903789
ADAT1,838.6358792,-0.020017328,0.050527149,0.366464807,0.816093945
CARS2,1663.358379,-0.025397549,0.044742948,0.366296098,0.816093945
COX7A2L,2243.667701,-0.022517226,0.050040524,0.366790988,0.816093945
DHX8,2169.949524,0.023292843,0.046964342,0.366510629,0.816093945
NPLOC4,4380.478359,0.037708415,0.053988096,0.366747899,0.816093945
RBM4,1653.778088,-0.029892514,0.0467283,0.36621586,0.816093945
RTL8B,440.9491327,0.018446116,0.05174249,0.366720462,0.816093945
SCAMP5,334.0927278,-0.013101198,0.052423821,0.366632034,0.816093945
TMEM220,112.8811421,-0.011518232,0.052601202,0.366505167,0.816093945
WDR97,84.07243798,0.011155884,0.052625682,0.366641622,0.816093945
GTF2H5,579.2521549,-0.021654371,0.05065978,0.366916039,0.81622973
GOLGA6L10,41.08732028,-0.007819132,0.052583639,0.367111258,0.816236734
SLC4A7,1651.029785,0.016267312,0.051744455,0.367077863,0.816236734
TRAPPC9,959.0240433,-0.016778121,0.052114145,0.366990035,0.816236734
NSDHL,549.2775232,0.019200488,0.051469205,0.367181906,0.81625146
TTI1,481.3205714,0.020453138,0.050859448,0.36746909,0.816747461
CCDC117,646.6516899,0.021026023,0.051173416,0.367669541,0.816866257
FASTKD3,155.3883546,-0.013420758,0.052527532,0.367714758,0.816866257
TRAF3IP1,521.5234988,-0.016879095,0.05211023,0.367661145,0.816866257
RNF145,3702.484238,-0.025224524,0.044117769,0.367876313,0.817082772
DDX46,2790.34512,-0.024873191,0.043581861,0.368086953,0.817202227
INCENP,1136.114509,-0.020785426,0.050698461,0.368163322,0.817202227
RIOX2,626.9782776,0.020853358,0.050255157,0.368182945,0.817202227
SLC31A1,7611.017961,-0.024644762,0.038528803,0.368186492,0.817202227
DNAJB5,223.0317775,0.017626158,0.05178673,0.368666291,0.817545157
FAM111A,2574.202599,-0.019843178,0.049603556,0.368680494,0.817545157
GRAMD4,2399.572254,-0.024953884,0.049436075,0.368703045,0.817545157
ICE1,1157.850004,0.021113106,0.050979274,0.368799183,0.817545157
POMT2,745.5126014,0.018575966,0.051641596,0.368443622,0.817545157
SLC7A8,2741.634753,-0.023095848,0.049946519,0.36879037,0.817545157
SYTL1,135.7271652,-0.013687692,0.052484168,0.368854008,0.817545157
TUBG1,1056.632131,0.018420688,0.051555148,0.368690831,0.817545157
SPTBN2,339.8460061,-0.014406219,0.052404363,0.368988362,0.817700787
CDK20,128.4491253,0.014513767,0.052433433,0.369229913,0.817867522
MAPK1IP1L,2032.548566,0.017361145,0.05220488,0.369370173,0.817867522
POLR2J3,2276.702715,-0.020812656,0.050155642,0.369365114,0.817867522
TMEM14A,121.7881252,-0.014237251,0.052438767,0.369355047,0.817867522
ZNF3,483.064465,-0.019266002,0.051330435,0.369384359,0.817867522
CLEC3B,45.82026755,-0.009016168,0.052595093,0.369528453,0.817925577
NUAK1,905.3237616,-0.018665291,0.051624009,0.369538891,0.817925577
SFXN4,496.1810796,0.021160496,0.050441809,0.369709588,0.818161351
CPEB4,3491.949046,-0.018091152,0.051730786,0.369889937,0.818342806
LPP,3440.422061,0.021044595,0.049706166,0.36998415,0.818342806
RTCA,1309.918431,0.023257827,0.046731399,0.369921913,0.818342806
DNAJB9,822.9220008,-0.020940687,0.050189197,0.370049702,0.81834582
SUV39H2,220.605612,0.015830864,0.052185301,0.370298117,0.818716663
ZNF84,571.8318707,-0.017495209,0.051911274,0.370345831,0.818716663
SMIM12,1157.350398,-0.022042606,0.049169583,0.370536648,0.818996485
BATF3,171.6606852,0.014698541,0.052406487,0.3709351,0.819310996
DECR2,318.6213947,-0.016916806,0.052045851,0.370942872,0.819310996
EMP1,6935.085731,0.018382604,0.052365192,0.370766067,0.819310996
KIF17,122.2512148,0.010968842,0.052580175,0.371000265,0.819310996
NRBP1,3992.976916,0.02271155,0.047986712,0.370868865,0.819310996
CDKN2AIP,1167.679995,-0.021141866,0.050157611,0.371403019,0.819352972
KRT18,439.065158,0.017445364,0.051908781,0.371463767,0.819352972
NEK11,115.0843552,0.013524453,0.052488705,0.371469149,0.819352972
POLR1F,492.223071,0.016062806,0.052191865,0.371391868,0.819352972
RANBP9,1644.132991,-0.022206623,0.049899673,0.371429796,0.819352972
TNPO1,5872.500505,0.021933304,0.051761896,0.371388758,0.819352972
TWNK,460.7280922,0.017511238,0.051902369,0.371348538,0.819352972
SGCB,189.0066977,0.009694307,0.052591308,0.371631003,0.819568181
HYCC2,546.3008909,-0.019412059,0.051208256,0.371817622,0.819636691
IER5L,4433.841044,0.011158961,0.052565544,0.371892919,0.819636691
KAT6B,1144.190254,-0.021621262,0.04685923,0.371807499,0.819636691
TMEM131L,447.1301511,-0.019599388,0.050966033,0.371919229,0.819636691
EPM2AIP1,753.3430723,-0.01814512,0.051715005,0.372151308,0.819802793
NPIPP1,114.1432974,0.012337045,0.052607592,0.37218751,0.819802793
PRSS23,87.55027752,-0.011201458,0.052574403,0.372083302,0.819802793
ATG4C,603.9616256,-0.018103109,0.051993014,0.372401866,0.819998914
SCRN2,620.4106655,-0.016809815,0.051972286,0.372405186,0.819998914
ADORA1,533.1882506,-0.0156448,0.052225422,0.372814624,0.820254948
ANGPT2,129.6072983,-0.013056551,0.052514276,0.37347512,0.820254948
ANKRD50,870.7434833,-0.02025589,0.052247489,0.373123283,0.820254948
ANKRD63,312.5903044,0.017987627,0.052191817,0.373534542,0.820254948
DEGS1,4273.147218,0.023836092,0.045823108,0.373412724,0.820254948
DIAPH2,1102.264549,0.018537038,0.051313382,0.373024514,0.820254948
FRMD4A,5824.977517,-0.023398088,0.047766331,0.373550885,0.820254948
MGAT2,2034.577194,0.02323925,0.046248342,0.373415129,0.820254948
MTMR8,43.38750759,0.008479499,0.052570581,0.373432404,0.820254948
RAB13,9699.168401,-0.018976676,0.047201845,0.373107567,0.820254948
RBM39,4869.837188,-0.024237558,0.045901042,0.372652976,0.820254948
RHNO1,648.3290338,0.018964636,0.05133734,0.372992955,0.820254948
SEC61A2,205.8771771,-0.014930392,0.052266604,0.373136281,0.820254948
TIMM23B-AGAP6,232.1683064,-0.013773608,0.052433046,0.373202917,0.820254948
ZDHHC3,5013.264093,0.02012405,0.049282911,0.373081968,0.820254948
ZNF562,590.7765091,0.017173836,0.05141718,0.372831905,0.820254948
AGO3,997.6031917,-0.021790851,0.051823206,0.373783021,0.820297608
ATP5PO,2578.667989,-0.014974034,0.046719945,0.374025926,0.820297608
CYRIB,3285.301363,-0.024411667,0.049373846,0.373793049,0.820297608
EOLA2,464.7525989,0.019336041,0.051136843,0.373996687,0.820297608
ERF,2330.735345,0.019945497,0.051532121,0.373964261,0.820297608
HEATR1,1326.729082,0.022955168,0.048427986,0.373892617,0.820297608
SMYD2,989.0149645,-0.021843695,0.049222156,0.374085049,0.820297608
WASHC1,345.5213748,-0.016148618,0.052181448,0.373881706,0.820297608
CCNJ,530.4438919,0.019898945,0.050803927,0.374561619,0.821060193
TCEANC2,493.309635,-0.019994469,0.050737529,0.374501545,0.821060193
CHPT1,998.8579532,-0.02235913,0.048807712,0.374917855,0.821154596
FRRS1,1033.560155,-0.019092306,0.051357892,0.374926732,0.821154596
GCLC,3162.205331,-0.02144821,0.049893114,0.374734207,0.821154596
KLHL26,519.6620611,0.013902214,0.052419555,0.374805608,0.821154596
PLAA,1233.845129,0.02305111,0.048414975,0.374853601,0.821154596
USP9Y,132.2077365,0.013945398,0.052443775,0.375021764,0.821221653
NUDT4B,309.9010687,0.017262642,0.05185774,0.375142306,0.82134454
USP16,1098.719814,-0.023169595,0.050855719,0.375236891,0.821410564
LAMA5,117.1732206,-0.008481155,0.052568394,0.375341071,0.821497565
RER1,3316.320102,0.025381445,0.042782744,0.375587218,0.821842412
SPNS1,5457.087475,0.01939306,0.051269799,0.375627558,0.821842412
NBEAL1,490.5116806,-0.015889224,0.052116582,0.375886195,0.822267175
HMMR,566.0285399,-0.013129063,0.052345774,0.375968571,0.822306281
RASGRP3,3482.913984,-0.02708664,0.051390834,0.376119492,0.822495266
AGPS,3291.59601,0.021659804,0.04844952,0.378103232,0.822773582
CAMSAP3,87.04594222,-0.010442806,0.052552658,0.376875348,0.822773582
CCDC77,251.9324861,-0.012637381,0.052488387,0.376990557,0.822773582
CIAO1,3444.165482,0.026161593,0.042729278,0.377111669,0.822773582
CLDN14,32.43769828,-0.007473059,0.052550197,0.37752015,0.822773582
COLGALT1,19479.18656,0.014359488,0.048866037,0.376920499,0.822773582
ETV3,1064.281575,-0.022439142,0.048387117,0.37801677,0.822773582
EXTL2,420.26252,-0.016718053,0.051889263,0.377302226,0.822773582
GOSR2,1519.565024,0.023062624,0.046856343,0.378198217,0.822773582
HAUS6,596.0703026,0.020652556,0.050140487,0.378311925,0.822773582
HSPA6,272.3594463,0.014744264,0.052032958,0.376829911,0.822773582
INCA1,66.768175,-0.010405174,0.052539753,0.378139497,0.822773582
INKA2,370.8147639,-0.014207478,0.052308665,0.377973106,0.822773582
MARCHF7,2270.849067,-0.019022965,0.050197051,0.377211457,0.822773582
MTOR,2204.063241,-0.019551049,0.050640647,0.378077604,0.822773582
NDUFAF2,326.288275,0.01753501,0.051806118,0.377146454,0.822773582
NFKBIB,960.8719588,0.01883439,0.0511764,0.37800697,0.822773582
NXF1,2565.08636,-0.022070115,0.048744809,0.376818077,0.822773582
OR8G5,325.3911643,-0.018438085,0.051741644,0.377761557,0.822773582
PDXDC1,4489.077921,-0.024336585,0.043347466,0.377799112,0.822773582
PLAG1,504.0792535,-0.016115255,0.052045937,0.376402766,0.822773582
PTPRJ,5148.444328,0.02444088,0.048138687,0.377868491,0.822773582
RASA4CP,49.67076141,0.007165193,0.052551982,0.3774881,0.822773582
RNF103,938.9421352,-0.022079239,0.048545134,0.377102791,0.822773582
RNF208,139.8620829,0.01053788,0.052558427,0.378311353,0.822773582
RPL24,6835.984655,-0.022586668,0.048771527,0.37774261,0.822773582
SGSM3,1825.204998,0.012309101,0.048940266,0.377709734,0.822773582
SNIP1,454.4235833,-0.014996326,0.052322717,0.376973017,0.822773582
STX17,735.1576358,-0.01503513,0.052435177,0.376397051,0.822773582
TBC1D30,266.2322834,-0.013549552,0.052297453,0.377314867,0.822773582
TTC21B,450.7693052,0.019452742,0.05114633,0.377443298,0.822773582
ZFP1,153.6255087,0.010503514,0.052506181,0.37772908,0.822773582
KCNB1,59.23949089,-0.008906852,0.05254719,0.378402369,0.822829918
C1orf53,38.9172961,-0.008277042,0.052551488,0.378722957,0.823217218
PPAN,1126.018088,0.022385918,0.048931347,0.378774194,0.823217218
TOP3A,980.9811793,0.022605876,0.047987925,0.378759795,0.823217218
AP3S1,1594.262537,-0.021349152,0.049395071,0.378886401,0.823320731
FSIP2,58.50942328,-0.008574074,0.052549043,0.37907005,0.823439098
WASH4P,46.92549735,0.005744654,0.052529871,0.379062499,0.823439098
BATF,57.72954361,0.00843742,0.052541121,0.379165536,0.823506204
ASB8,880.4382963,-0.019700862,0.051050219,0.380055339,0.823662835
ATOSA,880.65461,-0.019651674,0.051124591,0.380917411,0.823662835
BAZ1B,3896.580531,0.017603834,0.046053276,0.380625401,0.823662835
CD33,969.7098759,0.021745583,0.048783504,0.380725808,0.823662835
DISP2,222.8846284,-0.004392235,0.05247416,0.379544947,0.823662835
GALNT4,214.3507649,-0.01367029,0.052353436,0.380435816,0.823662835
GIPC1,3027.206405,0.01730999,0.051682178,0.380077559,0.823662835
HORMAD1,87.81526669,-0.011587202,0.052497213,0.379938456,0.823662835
HYAL3,126.5790805,0.011858154,0.05249965,0.379927448,0.823662835
KAT2A,1636.364054,0.021870456,0.049542622,0.379524776,0.823662835
LCP1,36209.79474,0.022088288,0.048562749,0.380152499,0.823662835
MARCHF9,516.4650155,0.018631468,0.051212233,0.380546065,0.823662835
NAA35,822.8088451,-0.018208724,0.051336643,0.380890132,0.823662835
NAA50,4087.363189,0.02262793,0.048170728,0.380316793,0.823662835
NKAIN3,176.9818316,-0.014081549,0.052331661,0.379471064,0.823662835
NOL8,1282.95147,0.023110514,0.048116061,0.380362899,0.823662835
PDGFB,460.6061853,-0.014548661,0.05225714,0.380211654,0.823662835
PPIAP53,43.82566004,-0.008471465,0.052545669,0.38072768,0.823662835
PRC1,1026.918709,-0.021276828,0.04806724,0.380753667,0.823662835
SH3GL1P3,52.80525518,-0.009853237,0.052653833,0.379715833,0.823662835
SHLD1,195.3777075,-0.015736282,0.052074718,0.380528464,0.823662835
SLC37A1,446.0397651,0.019037193,0.051110723,0.380812391,0.823662835
SMIM14,1594.913287,0.022412979,0.049953399,0.379863667,0.823662835
SPECC1L,1703.677796,0.022352897,0.048992038,0.37972882,0.823662835
TFPI,881.344788,0.019477109,0.050355994,0.379807414,0.823662835
ZBTB10,449.1283791,0.020604064,0.050726132,0.380811051,0.823662835
RNF10,3997.02681,0.022118614,0.046685857,0.381093776,0.823764759
SIGLEC16,737.9481683,0.019483739,0.050637194,0.381050376,0.823764759
BBS4,547.400904,-0.015282405,0.051196509,0.381399389,0.824006237
CFAP20,440.3805493,0.020151284,0.050292379,0.381344857,0.824006237
HSPA1B,1017.159913,0.019544361,0.053714456,0.381281724,0.824006237
FZD7,273.7524823,-0.017612474,0.051649171,0.381559688,0.824123755
PLAUR,11412.57475,0.022499754,0.047747334,0.381583067,0.824123755
COLQ,93.77255874,-0.010450741,0.052505553,0.381867115,0.82414057
GYG1,1605.706701,-0.02538347,0.049009799,0.382171114,0.82414057
PEAK3,52.571868,-0.008742729,0.052540953,0.382166391,0.82414057
PLEKHM2,10505.23471,0.019878218,0.047914843,0.382211196,0.82414057
POLK,1004.299314,0.0188694,0.050999902,0.381942032,0.82414057
RBM23,1861.440251,-0.023084045,0.04626739,0.382072909,0.82414057
SINHCAF,922.5924479,0.022599652,0.047745222,0.382191005,0.82414057
TIGD2,304.6604567,-0.016795869,0.051778513,0.382262851,0.82414057
TPT1,46274.68125,-0.023890904,0.04865162,0.38228868,0.82414057
ZCCHC9,837.7954583,-0.021840559,0.048631094,0.382223134,0.82414057
ZNFX1,3419.66956,0.019150694,0.051049502,0.382301932,0.82414057
AK1,389.4229234,-0.012430912,0.052426205,0.382371182,0.824150499
NDUFC1,568.3982926,0.020024886,0.050164086,0.382615742,0.824259563
STXBP5,831.9666764,0.019473263,0.050873475,0.382604336,0.824259563
ZNF485,60.55517194,0.008350989,0.052539004,0.382602138,0.824259563
DROSHA,1018.105017,0.019359512,0.050859039,0.382803943,0.824496618
SIPA1,4816.6673,0.017167177,0.049706506,0.382855124,0.824496618
ASB14,54.20711717,-0.007959817,0.052533894,0.383116582,0.824920336
BST1,164.8322133,0.014491059,0.052278545,0.383539853,0.82560133
CD52,4271.035116,-0.01106037,0.05245656,0.383658496,0.82560133
FKBPL,160.3535214,-0.013492589,0.052310697,0.383747223,0.82560133
POGK,2486.950983,0.022574443,0.047574441,0.383572781,0.82560133
ZBTB8OS,348.3125151,-0.017443736,0.051235232,0.383756646,0.82560133
NHSL1,513.1898203,0.018293376,0.051248292,0.383951749,0.825881703
B3GALNT1,336.7778449,0.015075001,0.052110666,0.384118248,0.826008034
MTPN,7719.099125,-0.032708604,0.051319542,0.384140061,0.826008034
C8orf82,1478.15083,0.017895824,0.051331356,0.38425376,0.826052158
CRADD,151.7782813,-0.01381616,0.052275167,0.384572347,0.826052158
MFSD14CP,147.1662612,-0.01339336,0.052342603,0.384617246,0.826052158
MOAP1,1517.894452,-0.024718913,0.045291861,0.384554315,0.826052158
RAP1GDS1,1738.855229,-0.021616566,0.048936428,0.384685338,0.826052158
RIPK1,1889.151095,-0.023137025,0.044222781,0.384736046,0.826052158
SLC25A18,116.3009871,-0.014087498,0.05238159,0.384394178,0.826052158
SLC35E3,1131.708375,0.02207005,0.046714321,0.384743722,0.826052158
ZNF20,36.11864599,0.007708861,0.052528368,0.384429524,0.826052158
H2AC6,661.3502022,0.017915422,0.051219683,0.38519158,0.826761904
PGM3,1138.352665,-0.018783609,0.0508524,0.385203993,0.826761904
CLPTM1L,3449.635339,0.021858962,0.044031017,0.385329782,0.826890712
FBXO4,155.7253649,-0.013980293,0.052243018,0.385523445,0.826890712
RBM18,836.3106911,0.019439712,0.050576054,0.385461107,0.826890712
UBR5,4860.387906,-0.020148598,0.048349709,0.385446327,0.826890712
EFR3B,414.5749027,0.018072821,0.051266216,0.385591936,0.826898501
INPP5D,5667.957246,-0.022577607,0.045295227,0.385796704,0.827133966
UBL5,2060.66621,-0.023486194,0.047060264,0.385831492,0.827133966
SFMBT2,2646.77363,0.02243924,0.047165795,0.38596148,0.827273522
TMEM26,260.3467468,-0.012159887,0.05241589,0.386066103,0.827358674
ARMC5,587.694821,0.016050823,0.05189096,0.386490616,0.827419834
DDB2,1047.174442,-0.021353133,0.047080943,0.386422003,0.827419834
DLC1,1338.385134,-0.019952657,0.050106338,0.3869653,0.827419834
FAM193B,1311.931674,-0.016992065,0.050889272,0.387027901,0.827419834
GIPC3,141.0575825,0.013858525,0.052250369,0.387023371,0.827419834
GPRIN3,11510.0558,-0.01915529,0.050198158,0.386995524,0.827419834
INTS15,1037.751155,0.015003908,0.051628772,0.38715243,0.827419834
KLHL7,564.4070105,-0.020389643,0.049931251,0.386442109,0.827419834
LAPTM5,83921.47743,0.023224684,0.045404606,0.387232971,0.827419834
LRCH3,1399.589417,0.015250749,0.050883825,0.387092449,0.827419834
NRP1,17019.20665,0.020012071,0.050108208,0.387262856,0.827419834
OBI1,359.1048311,-0.017372356,0.051472436,0.386527086,0.827419834
SNRNP35,496.3161369,-0.017736785,0.051436343,0.387057753,0.827419834
SPRING1,4988.890033,0.023823616,0.048148984,0.386865692,0.827419834
TMEM70,1724.02085,-0.023194373,0.045878759,0.387136161,0.827419834
TPD52L2,5928.786373,0.027326285,0.043864047,0.386535292,0.827419834
UQCC5,463.4212238,0.018822468,0.050825138,0.386409009,0.827419834
ZMAT2,1994.702621,-0.020765588,0.047245105,0.386962725,0.827419834
C4BPB,56.85157502,-0.00965697,0.052511514,0.387762317,0.82747802
CTDSP2,6177.923045,-0.023357213,0.046063148,0.387491675,0.82747802
LILRA5,128.0990612,0.011188103,0.052451261,0.387809332,0.82747802
NIFK,577.9374849,-0.016970094,0.051625081,0.387609258,0.82747802
NME1-NME2,55.33344664,0.006043189,0.052517591,0.387682032,0.82747802
PFKFB4,761.4829889,0.016961617,0.051633276,0.387602172,0.82747802
PPP1R3E,315.0386373,0.015878943,0.051905164,0.387492715,0.82747802
TMEM200A,107.9518991,-0.011273001,0.052442979,0.387730279,0.82747802
ACVR1,854.8609183,-0.018825702,0.049049015,0.388619861,0.827658557
AGPAT2,3213.279171,0.020314327,0.048910403,0.390730379,0.827658557
AMOT,64.6633711,0.00849342,0.052504912,0.391149312,0.827658557
ARL3,239.2702935,-0.016863235,0.051528351,0.39022817,0.827658557
ATG16L2,3067.300488,-0.018529424,0.051281135,0.391735711,0.827658557
BTBD2,1984.29798,0.018322785,0.051111194,0.389798872,0.827658557
BUD13,487.8707431,0.019590851,0.050177587,0.391632475,0.827658557
C11orf58,5005.182726,-0.021997592,0.038884898,0.388488361,0.827658557
C2,5023.863869,-0.021363343,0.048490804,0.391007723,0.827658557
C3,40405.18146,-0.020355383,0.049535362,0.392081708,0.827658557
CAB39L,671.1706619,0.018908824,0.050742927,0.390493072,0.827658557
CDK11B,2032.717379,-0.022172494,0.04453683,0.390540497,0.827658557
CLCN2,123.5574345,0.010418834,0.052456243,0.391846007,0.827658557
CREB3,1355.007171,0.018406185,0.050841203,0.391239726,0.827658557
CREBZF,1504.855803,0.023700299,0.048811219,0.388097202,0.827658557
CRMP1,52.03166481,-0.009332183,0.052511963,0.389255967,0.827658557
CRY2,733.8883826,-0.022161077,0.049426301,0.390464976,0.827658557
CYSLTR1,472.9271894,-0.014898576,0.052071127,0.38846816,0.827658557
DHRS4L2,284.1864676,0.01725359,0.051481796,0.390030983,0.827658557
EEFSEC,636.0515214,0.019021716,0.04985677,0.389151612,0.827658557
GZF1,486.4884095,-0.013026626,0.052262323,0.392025005,0.827658557
H2BC12,790.5449251,0.019392533,0.048974994,0.392285217,0.827658557
HMGN5,329.8330654,-0.016609419,0.051619798,0.391139254,0.827658557
HSP90AB1,18790.79869,0.019294153,0.047318879,0.391109857,0.827658557
ITGA6,4651.559116,-0.014949689,0.049234421,0.390242414,0.827658557
ITM2C,709.8926407,-0.018706047,0.050786397,0.39154278,0.827658557
MAP3K2,3050.497004,-0.021203354,0.048659572,0.391372685,0.827658557
MED7,258.4773663,-0.017065975,0.051456413,0.392308468,0.827658557
MEMO1,1014.833171,0.021923919,0.049102284,0.390232733,0.827658557
METTL6,336.3986472,0.017097413,0.051519694,0.391598727,0.827658557
MOSPD3,538.2733955,0.01574976,0.051992408,0.391710203,0.827658557
MRPL44,1125.822362,-0.022058077,0.045874889,0.391576006,0.827658557
MSR1,15867.02936,-0.013758001,0.045181436,0.388603959,0.827658557
N4BP2,783.2622074,0.018372859,0.05099135,0.391784298,0.827658557
NDUFB7,1453.395635,0.020519544,0.049264377,0.390316701,0.827658557
NPHP4,523.4685516,-0.018604836,0.050702493,0.391383373,0.827658557
NUSAP1,646.3075626,-0.01510856,0.051917003,0.392225109,0.827658557
NXF3,51.24776726,-0.006945155,0.052503556,0.390051829,0.827658557
PARD6A,42.06844649,0.008341,0.052472383,0.391150162,0.827658557
PKP4,423.2297957,0.016116376,0.051738388,0.39082951,0.827658557
PLSCR1,4617.755987,0.020736899,0.049316644,0.390220521,0.827658557
POLR3D,703.0716552,0.016014966,0.051779295,0.389849291,0.827658557
POMT1,1189.929779,-0.019758291,0.050261581,0.391522201,0.827658557
PPP1R13B,888.866161,-0.020017658,0.050228685,0.391805928,0.827658557
PRDX5,4057.029021,0.030913211,0.053348777,0.38911725,0.827658557
PRNP,4653.330924,-0.025050913,0.041658573,0.387983837,0.827658557
RMDN1,1130.140616,-0.016413105,0.051634836,0.389217851,0.827658557
RMND1,782.8723611,-0.020385562,0.051708216,0.388564654,0.827658557
RNASEK,6996.187376,0.022735197,0.046259522,0.389667662,0.827658557
RPL23AP7,48.43269077,0.00875984,0.052507263,0.390642186,0.827658557
S100A4,12010.6857,-0.005630305,0.045937895,0.392145073,0.827658557
SEC24D,1758.980147,0.02204246,0.047956554,0.388527196,0.827658557
SERF1B,139.0197534,0.01058244,0.052322841,0.389909628,0.827658557
SF1,6223.584471,-0.025035213,0.047730428,0.390323669,0.827658557
SHFL,2569.422758,0.020891481,0.048484723,0.392153061,0.827658557
SKA2,499.7111611,-0.018275898,0.051174424,0.390555097,0.827658557
SLC25A53,128.1502237,0.013687776,0.052201114,0.392072246,0.827658557
SLC9B2,192.1310937,0.011586374,0.052381477,0.392015541,0.827658557
SNPH,85.68230322,0.010085772,0.052479165,0.390523675,0.827658557
SNRK,784.7910058,0.016317139,0.051700828,0.391102562,0.827658557
SNRPG,1038.76341,-0.021572375,0.048169897,0.391625247,0.827658557
SPNS2,33.79346024,0.00709175,0.052516135,0.388744515,0.827658557
SRGAP2D,52.40041006,-0.008591857,0.052510558,0.39047219,0.827658557
SYN3,97.73760378,-0.009373782,0.052476202,0.391095324,0.827658557
TNNT1,677.3996969,0.018859089,0.051487177,0.391458361,0.827658557
TTL,2950.154035,0.023332788,0.04364861,0.38940012,0.827658557
ZNF180,183.2425371,-0.014817433,0.051852655,0.390738163,0.827658557
ZNF600,250.218632,-0.01174214,0.052194292,0.390460973,0.827658557
NRDE2,722.022359,-0.018649482,0.050791799,0.392475839,0.827737713
PLEKHJ1,1800.255187,0.020694941,0.049726402,0.392426155,0.827737713
DACT3,85.03539737,-0.009448696,0.052468865,0.393370677,0.827857355
EPHB6,294.7746311,-0.015469965,0.051839681,0.393289896,0.827857355
ITK,49.97546321,-0.008253999,0.052491139,0.393151905,0.827857355
MAF,5249.899758,-0.022042007,0.041953962,0.393074829,0.827857355
NUCB2,411.4907163,-0.015216337,0.05190813,0.393370571,0.827857355
PHPT1,1904.946166,0.021885912,0.049080205,0.392958423,0.827857355
RFC1,1177.157136,-0.018441435,0.050633517,0.393506594,0.827857355
RPL23A,4390.164432,-0.016186321,0.048816529,0.393504491,0.827857355
SMIM3,1137.871941,-0.021464412,0.046165052,0.393375748,0.827857355
SSC5D,74.6993146,-0.009568674,0.052472534,0.392920859,0.827857355
TOR4A,3384.204538,0.017281072,0.049679763,0.392756262,0.827857355
TRAF3IP2,805.362075,0.019491245,0.050591498,0.392723826,0.827857355
XRCC4,234.6387805,-0.015427315,0.05177184,0.393076236,0.827857355
ZBED5,1005.753311,-0.016644276,0.049795203,0.39344232,0.827857355
ZFP3,75.55143705,-0.010669863,0.052418498,0.392699535,0.827857355
CTDNEP1,4111.553901,0.024873252,0.050895732,0.39374438,0.828084312
WASHC2C,2813.450065,-0.018265951,0.050228474,0.393715873,0.828084312
CAMK2G,854.8470328,-0.020983964,0.048669282,0.394016144,0.828157632
METAP1D,89.21037715,-0.009320161,0.052461102,0.394082447,0.828157632
NVL,561.2096049,-0.019029153,0.050373884,0.393948801,0.828157632
OSER1,973.533097,-0.021865697,0.046776373,0.393930684,0.828157632
TANGO2,2069.546467,-0.019120138,0.050493166,0.394104036,0.828157632
BIVM,482.7702534,-0.016870333,0.051542723,0.394540539,0.828503807
CSNK1G2,2875.788565,0.010747277,0.046839994,0.394543253,0.828503807
GTF2A1,1265.776077,-0.019317379,0.049860374,0.394537311,0.828503807
MTM1,715.1289306,-0.019041208,0.050279093,0.39463155,0.828503807
MYL12B,4058.684425,-0.019718367,0.04912976,0.39461291,0.828503807
POTEM,35.25947115,-0.007459543,0.052491602,0.394658688,0.828503807
MRPS12,721.4358008,0.020124882,0.050759185,0.394797346,0.828658441
C11orf71,212.5151562,0.011061494,0.052412587,0.394889545,0.828715524
AP1M2,33.76138366,-0.006129879,0.052486524,0.395184859,0.828750833
BLOC1S6,2623.113281,-0.020478592,0.049400858,0.395191641,0.828750833
NBEAL2,2020.541119,0.020742692,0.049806518,0.395058566,0.828750833
PEX3,258.9505261,-0.013508209,0.052178572,0.395231396,0.828750833
TMTC3,350.4515516,-0.013399489,0.052273105,0.395040633,0.828750833
PCBP2,13075.64359,-0.02374156,0.040713869,0.395329565,0.828820363
ARPIN-AP3S2,717.0332704,-0.022097126,0.049124076,0.396227648,0.828955247
CIAO2B,1309.911251,0.022617843,0.045623069,0.3957064,0.828955247
CLDND1,1026.277966,-0.019917569,0.049970893,0.395917731,0.828955247
FASTK,2300.929641,0.018206451,0.051195652,0.395747699,0.828955247
FUT7,33.41050861,0.006733784,0.052497188,0.395694089,0.828955247
GNAQ,4215.965788,0.025998363,0.050819566,0.396239178,0.828955247
GOLGA6L4,160.8863399,-0.011067693,0.052386468,0.395868183,0.828955247
IRF6,181.7026076,-0.013007853,0.052202063,0.396173836,0.828955247
NYNRIN,263.4718922,-0.012436325,0.052278809,0.395544726,0.828955247
OR52K1,36.48549389,-0.007929031,0.052472098,0.396078242,0.828955247
TTYH1,121.4165321,-0.012230317,0.052292821,0.395847402,0.828955247
ZNF221,42.643212,-0.007751791,0.052480753,0.396046672,0.828955247
ZNF571,106.14955,-0.009777636,0.052434177,0.396055559,0.828955247
CLYBL,214.9706655,-0.01607474,0.051506274,0.396317358,0.828982772
PHF20L1,1460.269506,-0.022103124,0.046880792,0.396510865,0.829251479
DHX29,1109.571252,-0.020280334,0.049359861,0.396662066,0.829284126
KTN1,3873.752913,-0.019757649,0.050316473,0.396738366,0.829284126
MIX23,297.1854893,-0.016556608,0.051476148,0.396757616,0.829284126
TMA7,2288.392159,-0.018289908,0.046396636,0.396786663,0.829284126
NSUN4,745.2045485,0.019216413,0.052134423,0.396909838,0.829405593
INPP5E,730.3622982,0.018099364,0.050940265,0.397007684,0.829474101
ICOSLG,2790.08721,0.021453273,0.047917608,0.397248502,0.82984125
ACOT4,162.2055893,0.013826132,0.052149083,0.397343373,0.82990345
ACSM2B,64.62757389,-0.007009727,0.052509068,0.398062348,0.829952044
CEP152,400.9852465,-0.012409667,0.052199016,0.398056546,0.829952044
DCAF1,1093.809931,0.020913401,0.048430333,0.398212931,0.829952044
DYNC1H1,11030.5833,0.019499036,0.047122766,0.397878719,0.829952044
GNAI2,22076.7161,0.025757066,0.048799324,0.398113369,0.829952044
IGFBP6,91.02754851,0.010183354,0.052408426,0.398166341,0.829952044
LCMT1,571.0135632,-0.01785824,0.050233738,0.397844168,0.829952044
LIAS,359.0498448,-0.015109949,0.051828713,0.398012511,0.829952044
MAFB,8344.046383,-0.022153819,0.045379771,0.398185814,0.829952044
NCOA5,1242.249294,-0.020199283,0.049215607,0.398155696,0.829952044
NDUFB2,1777.464821,0.021290519,0.045764425,0.398040799,0.829952044
NUTM2G,66.54095985,0.00908859,0.052467033,0.397701809,0.829952044
PXDN,154.4708393,0.012579251,0.052256349,0.397912663,0.829952044
CCZ1P1,66.62146641,0.009885098,0.052432278,0.398517508,0.830315363
MINDY1,380.0426675,-0.015853215,0.051562156,0.398499804,0.830315363
DNM2,10868.24787,0.020831762,0.048602366,0.398701649,0.83053006
ZRANB3,155.5901672,-0.009139263,0.052442674,0.398750843,0.83053006
ELAVL1,1775.611945,0.022410309,0.045610404,0.399127433,0.831042894
TMED7-TICAM2,277.51733,0.013521308,0.052056421,0.399079068,0.831042894
TIMM29,483.5199603,-0.018644238,0.050473756,0.39921452,0.831088491
CNPY3,5373.629913,-0.021786641,0.047074528,0.39939442,0.831097496
SLC25A16,493.6541135,-0.017136461,0.051295062,0.399414414,0.831097496
ZNF784,205.8859258,0.014028655,0.052074719,0.399400714,0.831097496
SLC36A1,2409.412354,-0.022027206,0.048023524,0.399676821,0.831507798
TMEM80,734.2009854,-0.020143014,0.049600392,0.399749163,0.83152261
AHDC1,700.6325903,0.019804277,0.049696681,0.400090804,0.831877197
CD83,4918.282278,0.023323175,0.047301417,0.400065923,0.831877197
EHHADH,102.1268526,-0.011692297,0.05229217,0.400416552,0.831877197
MANEA,780.8759317,-0.018286411,0.051621237,0.40025149,0.831877197
PRXL2C,530.8335858,-0.01953852,0.049773353,0.400441631,0.831877197
RPL29,11213.91131,-0.021143727,0.047842271,0.400245556,0.831877197
RPL34,3624.3217,-0.018319251,0.05074029,0.40023494,0.831877197
SEC24B,1332.641509,-0.021006628,0.048105686,0.400351855,0.831877197
TTC4,500.4574549,-0.017326239,0.051080921,0.400543387,0.831953022
C3orf62,632.9758043,-0.016122366,0.051486894,0.400752799,0.832116847
PWP1,1084.650198,0.019026426,0.050482913,0.400734668,0.832116847
AGL,888.3324272,-0.019298231,0.049925404,0.40088362,0.832252934
MSI2,680.80059,-0.01825193,0.050673273,0.401237829,0.832695779
MXD3,347.4453053,-0.013887732,0.052008164,0.401292875,0.832695779
TRIM56,4544.933571,0.022119275,0.046873203,0.401255603,0.832695779
TLE5,11073.50067,0.017890314,0.048367401,0.401471774,0.832931433
DCAF8,3653.896343,-0.024178063,0.048257552,0.401679218,0.833155061
EIF2D,1082.868717,0.022159878,0.04552825,0.401710264,0.833155061
SULF2,90.91782169,-0.008811926,0.052428117,0.401977966,0.833574672
FBXL4,439.6046303,0.017375143,0.050737017,0.402067209,0.833624141
BOLA2B,170.2130532,0.010362804,0.052293874,0.402138239,0.83363584
HLA-A,17078.13181,0.02224788,0.050379136,0.402379265,0.833655244
KLC1,2831.285781,0.022198357,0.046835161,0.402255778,0.833655244
PATL2,299.0552703,-0.016470723,0.051351328,0.402409159,0.833655244
USP49,371.1882664,-0.014547356,0.051764385,0.402289708,0.833655244
CERK,2046.289241,0.021961302,0.04620044,0.402569842,0.833852626
CDK6,733.9578488,0.013738788,0.052075855,0.402643968,0.833870686
PIAS4,1102.512429,0.017937622,0.050627944,0.40274901,0.833952757
AJM1,172.6076702,0.013875386,0.052000977,0.403196544,0.834329163
PRRG1,199.9307472,-0.011780728,0.052268874,0.403088835,0.834329163
SPTLC1,1823.168902,-0.022557195,0.049364775,0.403121587,0.834329163
TCP11L2,297.2570966,0.014518033,0.051930908,0.403218175,0.834329163
ZNF519,129.7809138,-0.01124519,0.052302294,0.403258005,0.834329163
MGMT,245.8469369,-0.016786135,0.051483735,0.403532779,0.834626769
TMEM59,4004.79842,-0.019845033,0.044363274,0.403515294,0.834626769
DUSP3,5068.228844,-0.022834897,0.040659864,0.403869433,0.834646036
GTPBP3,484.4739589,0.015280106,0.051610893,0.403840208,0.834646036
HNRNPK,12967.73668,-0.022526424,0.043693606,0.403760048,0.834646036
KBTBD3,66.5267815,-0.010020049,0.052372572,0.403818177,0.834646036
MPPE1,612.243338,-0.018397717,0.050468185,0.40380377,0.834646036
ITGB7,1255.996857,-0.015805971,0.049936919,0.403949835,0.834676897
STAG1,1102.736826,0.021278451,0.047443175,0.404295912,0.835256617
CCDC24,148.4790678,-0.01113524,0.050977649,0.404409183,0.835310061
F11R,3996.491869,0.019243408,0.050624905,0.404649379,0.835310061
GNG10,2183.200338,-0.017450908,0.051130713,0.404473581,0.835310061
SMBD1P,41.91888077,-0.007887571,0.052449867,0.404621034,0.835310061
ZNF540,37.98644743,-0.006387372,0.052465236,0.404593814,0.835310061
BAHCC1,164.057539,-0.00564078,0.052470889,0.404936344,0.835322186
NMRAL1,760.6127089,-0.02012458,0.048833182,0.405058061,0.835322186
NUMBL,139.2675681,-0.01188048,0.052251692,0.40475191,0.835322186
PWWP2B,936.0584968,0.014888452,0.051743766,0.405042907,0.835322186
SGPL1,3374.501155,-0.022336143,0.050490248,0.404869216,0.835322186
TYW5,295.1449463,-0.015768925,0.051543083,0.40494267,0.835322186
ZNF550,191.4905227,-0.012619491,0.052122407,0.405113897,0.835322186
RMDN2,230.0572019,-0.013126607,0.052062641,0.405245053,0.8354575
EIF1B,1248.852395,-0.021316445,0.047195765,0.405325511,0.835488269
SSC4D,88.49205899,0.009809398,0.052397343,0.405514473,0.835742646
SLC30A3,42.06452799,0.006922245,0.052464324,0.405588143,0.835759373
ALG11,1288.399436,-0.020214242,0.049966743,0.406635328,0.836344297
B9D1,63.1561888,0.008602017,0.052452476,0.406142196,0.836344297
HMCN1,34.07634603,0.004672427,0.052474535,0.406092073,0.836344297
NUDT2,155.4409512,-0.009153329,0.052401755,0.406640889,0.836344297
PDLIM1,49.75391893,0.008436471,0.052396869,0.406477406,0.836344297
POLR1H,268.6794233,-0.016201862,0.051244264,0.406491623,0.836344297
RPS6KL1,557.8696499,0.01870504,0.050039947,0.406653625,0.836344297
TMUB1,1127.409514,0.015073485,0.0516436,0.406198371,0.836344297
ZBED3,899.9862427,-0.01621158,0.051358371,0.406659212,0.836344297
ZC3HAV1,2187.596239,-0.021283587,0.046984831,0.406353755,0.836344297
ZFYVE27,1202.338609,-0.019415498,0.049469465,0.406096712,0.836344297
ZNG1A,1158.519139,0.020810692,0.048281282,0.406548836,0.836344297
ITPK1,4133.214594,0.024022386,0.051340423,0.406817521,0.836534932
TOP1,2990.941331,0.022053501,0.045626007,0.407157124,0.837098239
PFKL,12585.30378,0.020209805,0.049213371,0.407394416,0.837379295
RAB8B,2145.734812,0.016318185,0.051301641,0.407425191,0.837379295
CD74,22118.27572,-0.019758632,0.047137133,0.40786704,0.837409592
CHMP2A,1672.201551,-0.02161348,0.045434842,0.407899723,0.837409592
IDNK,107.1571658,-0.011878083,0.052152346,0.407683711,0.837409592
MED13L,1971.59788,-0.017669831,0.050168848,0.407731515,0.837409592
POLH,605.3881543,0.01307228,0.051995921,0.407738355,0.837409592
SMARCC1,2837.88276,0.016998276,0.051054548,0.407813254,0.837409592
STAT4,57.83510927,0.008335289,0.052429002,0.407860962,0.837409592
C1D,617.6586652,-0.017030549,0.050924549,0.407983584,0.837446904
EPM2A,386.9563268,-0.016823026,0.051079153,0.408133818,0.83762042
ANTKMT,818.2396194,0.016298983,0.051119935,0.409769867,0.83781836
ARFIP2,1155.948629,0.020819244,0.04735314,0.410719321,0.83781836
ARL14EP,483.9898621,-0.01289301,0.051670015,0.409284933,0.83781836
BMP2K,4906.472511,-0.021046241,0.046279359,0.410015325,0.83781836
C1orf74,126.4486446,0.012468019,0.052116607,0.410645724,0.83781836
COX6A1,3258.051498,0.020712417,0.046440493,0.410033892,0.83781836
CROCCP2,183.0932368,0.014163549,0.051830175,0.410275186,0.83781836
DENR,2504.89768,-0.022300752,0.046064215,0.411037234,0.83781836
DNAJC9,1181.22965,0.020677308,0.047622899,0.408297512,0.83781836
ELL2,5105.919012,-0.018037411,0.050120001,0.409377774,0.83781836
FAM131B,195.8278692,0.012315027,0.052177662,0.40905632,0.83781836
FFAR4,2084.763075,-0.030781809,0.056897257,0.410848415,0.83781836
GJB2,655.7776347,0.018831633,0.049640782,0.409230256,0.83781836
GTPBP1,1989.640098,0.019612215,0.048975309,0.410098196,0.83781836
HEATR6,750.9930398,0.017314411,0.05078203,0.408946379,0.83781836
HESX1,61.11384865,0.007998193,0.052420201,0.410997529,0.83781836
KRT79,1161.596935,-0.020641873,0.047711409,0.408715354,0.83781836
MAP2K4,1021.329999,0.023762192,0.050234968,0.408580583,0.83781836
MEA1,1511.744359,0.023184268,0.049418578,0.41039222,0.83781836
MTNAP1,602.8295208,0.016482016,0.051206309,0.408367311,0.83781836
NDUFS1,3256.962757,-0.022977065,0.0421361,0.410747818,0.83781836
PABIR2,1142.240326,0.02064895,0.048101736,0.408612563,0.83781836
PARGP1,36.95175625,-0.007546956,0.052435104,0.41044363,0.83781836
PLEKHH3,318.7689718,0.012615605,0.052107206,0.409626519,0.83781836
PNKP,1320.02087,0.020318803,0.048019707,0.409390506,0.83781836
POLR2K,994.4773235,-0.019482512,0.046943835,0.409049581,0.83781836
POMGNT1,1288.66233,0.021357553,0.04729835,0.41105607,0.83781836
PPAN-P2RY11,514.0278291,0.014964231,0.051918578,0.41092618,0.83781836
PPP2R2A,1097.714031,0.020927141,0.048154845,0.409642062,0.83781836
PPP2R5D,1248.544789,-0.020479659,0.046702531,0.409562332,0.83781836
RANGAP1,3636.051289,0.021613826,0.046578706,0.408844563,0.83781836
RHBDF2,2697.202229,0.019573787,0.049424212,0.409254591,0.83781836
SMIM11,306.7370544,-0.016132857,0.051244178,0.410543823,0.83781836
SNRNP70,9047.319133,0.014173233,0.049974553,0.410616711,0.83781836
STAT2,8659.71893,-0.020676383,0.048801652,0.411020381,0.83781836
TAF6L,878.1653014,-0.018803667,0.049868479,0.410463412,0.83781836
TBC1D16,3164.787471,0.017495521,0.050382145,0.410654671,0.83781836
TMEM192,1553.426084,-0.017422033,0.050136328,0.409943557,0.83781836
TOMM40L,704.4505351,0.020050514,0.048971685,0.410400405,0.83781836
TPM3,15740.91122,0.020935155,0.047364242,0.409553857,0.83781836
TXNRD2,1419.820151,0.018560486,0.050026892,0.410543951,0.83781836
ZNF428,972.9785722,0.018397267,0.050346703,0.409087878,0.83781836
ZNF57,56.02972775,-0.008709879,0.052391876,0.409741018,0.83781836
SF3B5,1896.64107,0.020885047,0.047916914,0.41118737,0.837952012
ALOX12,184.6219994,0.013243355,0.052034618,0.411445895,0.83828906
TMEM150B,987.2145221,-0.018668931,0.050057767,0.411484269,0.83828906
HS6ST1,973.8048784,0.019767168,0.049135758,0.411745977,0.838545733
TUBGCP2,2887.139734,0.023452471,0.050581451,0.41180758,0.838545733
YPEL4,251.427687,0.015633102,0.051431695,0.411722179,0.838545733
C14orf93,266.4405806,-0.014425191,0.05171326,0.412137612,0.838710635
CDIPT,3307.63739,0.028116998,0.05558635,0.41228508,0.838710635
FAM72B,138.4319583,-0.012054832,0.052134108,0.41197307,0.838710635
GRK5,91.89178024,-0.011214001,0.052220289,0.412359248,0.838710635
HEG1,1497.849776,0.018200647,0.050193171,0.412493641,0.838710635
HERC2,4203.198772,0.020076769,0.048197154,0.412612213,0.838710635
NCF2,11193.4064,-0.022233862,0.040241135,0.412489715,0.838710635
PRORP,704.2815871,-0.020523419,0.050014838,0.412057539,0.838710635
UBR1,799.7643031,-0.012891788,0.052043237,0.412290491,0.838710635
UTP25,658.3684672,0.018056524,0.049271277,0.412557611,0.838710635
YES1,631.9629635,0.014901994,0.051133055,0.41227432,0.838710635
C2orf42,290.8681476,0.016907369,0.050793473,0.412933658,0.838898631
MESD,1831.857063,0.021881949,0.043422185,0.412967904,0.838898631
PNPO,1648.521884,-0.019518751,0.044805736,0.412912597,0.838898631
ZNF677,149.9393255,-0.012063827,0.051832879,0.412902945,0.838898631
CPOX,1293.598907,0.02012878,0.048100833,0.413175386,0.839156082
NCKAP5L,2382.572149,0.018119932,0.050503313,0.413226283,0.839156082
ACOT2,4813.405479,-0.017159698,0.041680178,0.413545028,0.839669622
EMC8,783.5454229,0.015124068,0.051517302,0.413644742,0.839738347
MRRF,913.2373966,0.017145962,0.050683726,0.413840886,0.839955647
ZNF621,931.2840512,-0.018685255,0.048555502,0.413883549,0.839955647
GRIK4,32.04340983,-0.005650888,0.052450502,0.414168383,0.840238803
IFRD1,1108.3411,-0.018900975,0.049379837,0.414240796,0.840238803
NCEH1,16175.21089,-0.026956116,0.047934967,0.414145911,0.840238803
TUFM,6839.654208,0.016100712,0.046210152,0.414286698,0.840238803
AGA,624.335492,0.0207901,0.051446718,0.414948774,0.840257489
APOL1,544.6703651,0.013231746,0.051954299,0.41451176,0.840257489
CASP5,58.54935698,-0.007187432,0.052410499,0.414950956,0.840257489
FAM120A,5089.209599,0.021785097,0.044576769,0.414830402,0.840257489
IDE,1230.012966,0.017911677,0.050178768,0.415152712,0.840257489
ITIH5,36.58969612,-0.007401372,0.052427542,0.415027934,0.840257489
MANEAL,132.4955136,0.012695263,0.052036697,0.415119743,0.840257489
NCOA2,1161.628561,0.01927569,0.049152583,0.414651368,0.840257489
OXLD1,760.5075006,0.016405448,0.050807746,0.414733822,0.840257489
RFNG,926.3816165,0.015013273,0.051587264,0.414959423,0.840257489
RPTOR,1732.851908,0.016107139,0.051175724,0.415108511,0.840257489
TESC,39.00032052,0.006907543,0.052437503,0.414885551,0.840257489
UST,292.2269181,-0.01612497,0.051110477,0.414428007,0.840257489
APOE,314615.8019,-0.020055492,0.048131163,0.415906801,0.840366705
AUH,515.5808429,-0.01857693,0.049622174,0.415585264,0.840366705
DHODH,197.6120789,0.014789129,0.052565494,0.415929895,0.840366705
DUSP7,927.379846,0.022351364,0.053352525,0.415607826,0.840366705
KIF3B,1177.371383,0.020383959,0.047430822,0.415979677,0.840366705
KLHL25,88.29304883,0.009800722,0.05233181,0.415644474,0.840366705
MOGS,3256.328322,0.017284557,0.050314813,0.415714292,0.840366705
MYEF2,62.67894179,-0.007397603,0.052400311,0.415903681,0.840366705
NDUFB8,3151.652933,-0.021354765,0.045006953,0.415327846,0.840366705
PMFBP1,237.0105757,-0.0143421,0.051545748,0.415775885,0.840366705
PPM1G,2819.454965,0.021250598,0.044963436,0.415997668,0.840366705
TFAP4,372.8205773,0.015475338,0.051451049,0.415355226,0.840366705
AARS2,679.4097661,0.019256606,0.048972875,0.417296487,0.840648613
ARPC3,8583.253921,-0.023129478,0.04986854,0.417713149,0.840648613
C9orf85,263.3280047,-0.015777443,0.051197877,0.416899022,0.840648613
CACNA1D,48.76974783,-0.007043282,0.052416168,0.417831894,0.840648613
CYP4V2,920.6475765,-0.018874072,0.049865472,0.417848238,0.840648613
ERO1A,2130.943737,0.020360749,0.04537625,0.416379265,0.840648613
FBF1,102.5449643,-0.010620324,0.052235194,0.417455467,0.840648613
FNIP2,6484.386136,0.011703418,0.048412661,0.417601692,0.840648613
FUT10,231.2695405,-0.012914371,0.05146291,0.417341863,0.840648613
GIN1,142.5188441,-0.01110486,0.052172794,0.417321046,0.840648613
H4C15,129.1888699,-0.011220862,0.052179869,0.417206691,0.840648613
HERC2P2,3514.95637,-0.021751687,0.052396038,0.417193709,0.840648613
IRF2BP2,3044.577799,0.014516354,0.051583525,0.417904667,0.840648613
KCTD3,554.6020301,-0.016207492,0.050972531,0.416372503,0.840648613
KIFC1,691.7898568,-0.01835893,0.049705298,0.417349327,0.840648613
MKNK1,3289.175727,-0.022125739,0.042250629,0.417521023,0.840648613
MORC3,1521.099643,-0.019990957,0.048374146,0.416728609,0.840648613
MOSPD1,1158.061365,-0.019705162,0.048748261,0.416816408,0.840648613
NFKBIL1,496.5546617,-0.017101745,0.05104487,0.417785874,0.840648613
PELI2,87.0011773,0.009398185,0.05233456,0.417172543,0.840648613
PLS3,52.11290575,-0.00618523,0.052434888,0.418024599,0.840648613
SFI1,709.2974364,0.018298782,0.049819504,0.417962472,0.840648613
SRD5A1,846.4995517,0.018502784,0.049336294,0.418049432,0.840648613
STBD1,341.2411787,0.014095816,0.051701512,0.41778455,0.840648613
TIMM10B,889.928978,0.027006245,0.054065862,0.416490525,0.840648613
TRIM32,341.378788,-0.013629873,0.051617123,0.417188097,0.840648613
TRIM59,320.7919739,-0.012877422,0.051917013,0.417582055,0.840648613
ZNF404,45.15158994,-0.007963908,0.05240665,0.41796634,0.840648613
ZNF467,712.8089156,-0.015381038,0.051390951,0.417540003,0.840648613
ATP5PD,2529.710683,-0.024845565,0.049511169,0.418839784,0.840924707
CDR2L,199.2353926,0.013568712,0.051808573,0.418730483,0.840924707
CUL7,1697.937099,0.01939913,0.04836549,0.418672338,0.840924707
FABP4,11425.99272,-0.014968867,0.051394561,0.41866323,0.840924707
NUDT1,339.3402218,-0.016438008,0.05073116,0.418367501,0.840924707
OTUD4,2907.194414,-0.018292403,0.049695479,0.418597457,0.840924707
SEC16A,4755.655208,0.009749496,0.0486133,0.418809301,0.840924707
SEC61A1,7965.030382,0.022534225,0.045690184,0.418470184,0.840924707
VAMP3,2457.934443,-0.022548863,0.043936033,0.418846332,0.840924707
YME1L1,3803.833162,0.015189355,0.046039505,0.418503852,0.840924707
COA4,813.4011177,0.019496266,0.048426808,0.41930563,0.841184497
FCF1,1278.500479,0.019692905,0.048117019,0.419075394,0.841184497
PLXNB1,40.40860891,-0.005885797,0.052425537,0.419121222,0.841184497
TTLL4,3235.979822,-0.020318739,0.047649557,0.419275526,0.841184497
ZNF142,973.815825,0.017040159,0.05059468,0.419181949,0.841184497
HSPA13,1140.427857,0.018677609,0.049998362,0.419649474,0.841477059
MIEF2,331.3700034,0.014654857,0.051517974,0.419593969,0.841477059
ZC3H10,508.6982398,0.013411383,0.051482045,0.419564181,0.841477059
OBSCN,121.5274864,0.008816752,0.052344091,0.419742389,0.841531013
KDM1B,972.679067,0.016509642,0.050693313,0.419935399,0.841785598
NEGR1,71.58044385,0.009108201,0.052323615,0.42007381,0.841930672
POLR3F,248.4200012,-0.014488684,0.051472949,0.420159714,0.841970479
DTWD1,369.6436835,-0.016359839,0.050840599,0.420293429,0.841973747
NBR1,3659.933678,-0.021845978,0.043044699,0.420260051,0.841973747
C1orf115,32.35721604,-0.00622735,0.052429652,0.420434312,0.841991367
DDX55,898.4292589,-0.019032866,0.048748426,0.420402221,0.841991367
ABCB9,427.9026661,-0.016649915,0.050734872,0.421661105,0.842463161
BMAL1,695.3685717,0.019786116,0.048481948,0.420983892,0.842463161
CTTNBP2NL,1061.757039,-0.018286194,0.04978865,0.421380231,0.842463161
DNAJC24,584.4300122,-0.014662201,0.050096836,0.421256502,0.842463161
GPX1,30706.91203,-0.019490959,0.048761907,0.421575495,0.842463161
HDAC10,1801.017621,0.020304867,0.048552505,0.421358873,0.842463161
INPPL1,7475.915868,0.018890563,0.049843477,0.42134819,0.842463161
NOB1,1073.560643,0.020512909,0.046974878,0.421596646,0.842463161
PDZD7,153.2743752,-0.011160123,0.052143679,0.4212503,0.842463161
PPP1R12C,4549.690081,0.02015855,0.047168584,0.421482852,0.842463161
PRR14,1034.082815,0.02075364,0.051207689,0.420844666,0.842463161
RAB11FIP2,858.4877854,-0.017483251,0.050135951,0.421368851,0.842463161
RPL13,19797.39166,0.020109299,0.047024394,0.42094536,0.842463161
TRADD,996.076843,0.019214356,0.048879166,0.421519715,0.842463161
ZNF322,583.1262388,-0.018487101,0.050175017,0.420798033,0.842463161
ATP6V1E2,58.57062147,0.008331584,0.052296746,0.421785495,0.842579642
C4A,43.8735253,-0.006328746,0.052421532,0.4218561,0.842588661
GGA3,2660.803495,-0.019134521,0.045778917,0.422218423,0.842969689
STAT5B,1698.642038,-0.01866566,0.04868771,0.422220179,0.842969689
ZNF81,279.3247067,0.005775102,0.052442385,0.42224523,0.842969689
MOB3B,973.6541971,0.020108348,0.047590735,0.42240474,0.843024112
RBIS,381.5653676,-0.014394808,0.051509732,0.422362202,0.843024112
ATP5PF,1680.395991,-0.019208671,0.048671165,0.422855084,0.843185894
CARD11,442.0332214,-0.014672456,0.051419593,0.422911269,0.843185894
FANCM,237.5180358,-0.014456941,0.05181065,0.422892428,0.843185894
FBXO22,821.1929049,0.017998358,0.049670321,0.42298958,0.843185894
KBTBD8,546.6328332,-0.017571814,0.050274944,0.423147176,0.843185894
OGFR,7081.026047,0.025114442,0.049792248,0.423109147,0.843185894
OMG,146.9600842,-0.011519052,0.05207151,0.423093178,0.843185894
PCID2,680.5521889,0.017715423,0.050555925,0.422658523,0.843185894
RPGR,303.9893025,-0.015759864,0.051065648,0.422901096,0.843185894
SENP2,1149.510658,0.018827254,0.04903535,0.422851477,0.843185894
ABCD1,4600.667,0.017258997,0.05020975,0.424906011,0.84352643
ABHD14A,234.9069308,-0.01488505,0.051214431,0.423778165,0.84352643
AFDN,3253.965672,0.020362806,0.045885491,0.424025818,0.84352643
ALYREF,1515.88031,0.01784176,0.0496728,0.424369234,0.84352643
ARMCX4,233.5783929,-0.011028492,0.052004108,0.424167801,0.84352643
ATXN7L3,3133.758194,0.021568541,0.044925879,0.424453003,0.84352643
CALML4,316.4668152,-0.014265605,0.051526271,0.424226049,0.84352643
DEDD2,1957.510318,0.017908382,0.049614615,0.424011461,0.84352643
GMPPA,1132.505957,0.017828284,0.049744714,0.424542298,0.84352643
HSPA4,4991.763418,-0.02857076,0.051300907,0.42463208,0.84352643
HTR7,229.826433,-0.016129146,0.051981599,0.423609142,0.84352643
IVD,2312.354949,-0.021248703,0.049183227,0.423639365,0.84352643
NIPSNAP3B,71.722782,-0.009134277,0.052288334,0.42461409,0.84352643
NUDT16L1,990.7958963,0.016947507,0.050497121,0.424023527,0.84352643
PMEPA1,608.5266389,0.013043435,0.051796303,0.424842741,0.84352643
PNPLA7,2197.461519,-0.016543812,0.050483406,0.424747985,0.84352643
SPATA2L,338.973912,0.013315407,0.051985031,0.424732265,0.84352643
SPATA9,35.08713258,-0.006666952,0.052411661,0.423610992,0.84352643
STAM2,1006.921122,-0.016749192,0.050481183,0.423610222,0.84352643
STK26,187.6601461,-0.013782556,0.051656573,0.424272635,0.84352643
TASOR,3028.121454,-0.017998894,0.049705527,0.424483544,0.84352643
THOC6,937.4395603,0.017321563,0.050197476,0.424563627,0.84352643
TRIM25,5519.841534,0.017374194,0.049937779,0.424791377,0.84352643
WBP2,6551.696209,0.021796977,0.051251209,0.424491723,0.84352643
NUP98,3038.38071,0.020010388,0.048429968,0.424984203,0.843550304
LEPR,420.8968017,-0.02008139,0.05256384,0.425135461,0.843587859
MAN2A1,2628.450389,-0.021519634,0.049487312,0.425073593,0.843587859
H4C14,160.1971008,-0.011042663,0.052111815,0.425202454,0.843589493
CAMSAP1,2445.41795,-0.016113498,0.050708865,0.425438486,0.843926444
DCP1A,888.3471595,0.016785596,0.050450457,0.425878588,0.844411276
MAD2L2,504.7115421,0.015883138,0.050834737,0.425881599,0.844411276
SRSF8,756.4382832,0.0173836,0.050181888,0.425754207,0.844411276
ARL4D,196.6878722,0.013066484,0.051737677,0.426084054,0.844681326
AGBL3,37.59413896,-0.007063123,0.052391962,0.427184461,0.844883853
AKT1,5234.361496,0.024821559,0.051539342,0.427249553,0.844883853
BASP1,611.0349956,-0.018876165,0.048577933,0.426441549,0.844883853
CBR3,137.4896212,-0.012330129,0.051902428,0.426943799,0.844883853
ECH1,6764.581016,-0.020538668,0.047573926,0.427544065,0.844883853
FLVCR2,3401.514945,-0.02148659,0.042272365,0.427026024,0.844883853
FOXN2,730.4284036,0.018766036,0.049190698,0.427093637,0.844883853
HARS2,891.6250151,-0.020012321,0.048100256,0.427784312,0.844883853
HOXB3,270.428602,-0.010539511,0.052172401,0.426718711,0.844883853
ISCA1,571.2284289,-0.016479296,0.050385657,0.426939754,0.844883853
KCTD12,10541.9382,-0.021798294,0.044334516,0.427620144,0.844883853
KLRG1,82.50599729,-0.009402499,0.052260027,0.426815796,0.844883853
MMS22L,265.6739563,-0.014377686,0.051236707,0.427756425,0.844883853
MTMR3,3428.736628,-0.018576257,0.050190681,0.427423851,0.844883853
OR7E38P,85.61441778,0.009523495,0.052246071,0.427390202,0.844883853
PVR,1540.990854,0.020617616,0.04941968,0.427898696,0.844883853
RPL14,9286.658495,-0.021355895,0.047456815,0.426775095,0.844883853
SNX15,773.4183141,0.019296466,0.052645035,0.427909251,0.844883853
TCEA1,2383.52199,-0.018574751,0.048410368,0.427339684,0.844883853
TGDS,316.5652489,-0.016363137,0.050625656,0.427887506,0.844883853
TLR2,2978.144424,0.018367309,0.04925239,0.427620935,0.844883853
TRIM8,2895.513228,0.021914266,0.049375823,0.426692903,0.844883853
TYSND1,651.507057,0.020935996,0.049781807,0.427865619,0.844883853
UNC80,96.31557171,-0.009325946,0.052251404,0.427129427,0.844883853
WASHC3,378.6491484,-0.01141348,0.050130148,0.427169134,0.844883853
YTHDF2,1972.406716,-0.021094496,0.044874113,0.427720117,0.844883853
PTGFRN,1038.279456,-0.020377305,0.047165788,0.428184002,0.845295424
CCDC6,1594.206683,-0.017547952,0.049131439,0.428651515,0.845389568
CENPQ,141.1073907,0.011844077,0.05199747,0.428619086,0.845389568
CYB5R4,1422.791968,0.016906327,0.050615918,0.428609268,0.845389568
ORAI3,1301.331113,-0.017382399,0.049394002,0.428650847,0.845389568
PDK2,1108.753139,-0.015878822,0.050784711,0.42841806,0.845389568
PLEKHH1,80.78644564,0.007119022,0.052381123,0.428595834,0.845389568
RAP1GAP2,663.5721904,-0.013654687,0.05153456,0.428695863,0.845389568
DST,2664.688844,-0.018703928,0.046724696,0.42885505,0.845514418
ZNF585B,296.2906832,-0.012645595,0.051769258,0.428891814,0.845514418
CLSTN3,466.3374662,0.017309667,0.050005464,0.429126004,0.845845303
ATXN3,766.8248064,-0.015830349,0.050958577,0.429239158,0.845937553
ARPC5,11220.7665,-0.022670544,0.041191863,0.429328482,0.845982816
ATP7B,118.8403929,-0.010444413,0.052165513,0.42950053,0.846166696
C3AR1,5512.289985,-0.01744228,0.049487986,0.430085512,0.846166696
CHIT1,59600.17327,-0.021150754,0.040814639,0.429731719,0.846166696
CHKB,1376.809536,0.019018385,0.048475444,0.429979655,0.846166696
CYB5B,1532.233874,0.019418624,0.048279706,0.429845635,0.846166696
METTL8,524.4539093,0.016425629,0.050527392,0.430069851,0.846166696
NAA25,945.921019,0.017563931,0.049830928,0.429826994,0.846166696
RAB1A,8792.881976,-0.021089403,0.044574485,0.430074308,0.846166696
RFK,745.2004926,0.017429203,0.050109609,0.429991107,0.846166696
SUGP1,999.8148449,0.016606626,0.050397897,0.430073972,0.846166696
BRAP,862.8335119,-0.018986623,0.048387961,0.430295019,0.846317679
SS18,1748.186737,-0.021084962,0.047101562,0.430289975,0.846317679
CCNE1,188.5918436,0.013943359,0.051532394,0.430446761,0.846485539
EMC9,361.9901728,-0.015335298,0.050971551,0.430722254,0.846771012
PRR33,193.7531008,-0.013990391,0.051615086,0.430724764,0.846771012
FCRL5,73.2790039,-0.009510462,0.052218718,0.430918675,0.847021614
SNTB2,499.2110719,-0.012963255,0.051676202,0.431013991,0.847078369
FAHD2B,58.10068874,0.008240078,0.052322841,0.431161524,0.847237711
BORA,208.7699261,-0.01141245,0.051982606,0.431309266,0.847397416
CCDC169,86.85051176,-0.008485749,0.052313756,0.431806803,0.847630587
P3H4,61.5799345,0.007965985,0.052326912,0.432065367,0.847630587
PSMB8,1968.773577,0.020035699,0.046793362,0.432092806,0.847630587
RNASEH2B,979.4565816,-0.030156555,0.053093362,0.431808638,0.847630587
SH3GLB1,3954.344031,-0.018692869,0.048119511,0.431685181,0.847630587
SWSAP1,116.624648,0.01049736,0.052146414,0.43206991,0.847630587
TM9SF2,7546.616877,-0.022976076,0.044305899,0.431590707,0.847630587
TSN,1682.438837,-0.017749929,0.04946635,0.431771825,0.847630587
TYW1,247.357245,0.015263029,0.051193783,0.432036204,0.847630587
ULK4,242.2102987,0.014706217,0.051238614,0.431867807,0.847630587
PTGDS,532.982032,0.018453842,0.048804185,0.432223084,0.847647228
SCAP,2810.486497,0.016546328,0.049215233,0.432302239,0.847647228
TRNAU1AP,524.0100537,0.014730062,0.051182248,0.432348016,0.847647228
ZNF786,301.5622717,-0.015472363,0.050881084,0.432367239,0.847647228
LRIG2,588.5858238,-0.014846386,0.050640298,0.432472046,0.847722341
AHRR,170.5833894,-0.007938317,0.052328427,0.432618556,0.847748844
AKTIP,309.5042816,0.014951127,0.051127856,0.432598678,0.847748844
EPB41L1,1219.570309,-0.016975807,0.049989763,0.432691229,0.847760946
POLR2M,1189.20668,-0.016136161,0.050301824,0.432781841,0.847808189
SMIM19,513.2480304,-0.017658105,0.050177093,0.432857285,0.847825708
BCS1L,501.2296679,0.0179229,0.049353762,0.432966616,0.847909583
DAGLB,1384.3541,-0.019121533,0.048722531,0.433051978,0.847946501
CAMK2D,2494.733458,0.020598411,0.045084052,0.433147959,0.848004197
PIK3CD,2899.504819,0.019932272,0.045425358,0.433274454,0.848121606
ZNF107,338.7378322,0.014077149,0.051409274,0.433465732,0.84836577
AFF1,2859.767339,0.017268394,0.049626881,0.433610617,0.848459118
CPD,2476.61603,-0.016922586,0.050059412,0.433912734,0.848459118
CWF19L1,336.1653154,0.015781778,0.050738228,0.433700451,0.848459118
FBXO42,1355.217846,-0.020338105,0.046125898,0.433907298,0.848459118
LYST,1327.2111,-0.020937244,0.049023949,0.433838996,0.848459118
PLCL2,643.5075267,-0.01916521,0.047892011,0.433782364,0.848459118
GNB2,7938.667139,0.01839458,0.049725208,0.43399587,0.848491542
TXK,32.52562531,-0.006778845,0.052379131,0.434083826,0.84853338
AGAP9,415.39173,-0.015243725,0.050734829,0.434282548,0.848583348
PPFIA1,3486.640802,-0.022177618,0.046963753,0.434204754,0.848583348
ZSCAN12,219.9764137,-0.014123117,0.051202333,0.434309071,0.848583348
ZNF570,160.7945988,-0.009771444,0.052073996,0.43457344,0.84896978
MDK,498.3769109,-0.016812317,0.050015852,0.434676533,0.849041078
CCDC71,737.9993015,0.019494883,0.047620248,0.434893154,0.849235502
DZIP1L,487.692946,-0.015908953,0.050709954,0.434909294,0.849235502
CES4A,323.4596994,-0.014464708,0.051156582,0.435229037,0.849375309
HPS4,1667.356703,-0.020358916,0.045868582,0.435447252,0.849375309
IL27RA,893.9034047,0.018761585,0.05045034,0.435296204,0.849375309
NPTN,6380.894012,0.019743483,0.046639381,0.435404836,0.849375309
PTRH1,314.527976,0.012600289,0.051760029,0.435279732,0.849375309
TMEM181,1684.493495,-0.019780493,0.046963555,0.435334091,0.849375309
TRIM28,7751.731224,0.018096663,0.049654286,0.43532527,0.849375309
AKR7A2,1105.267053,0.018796931,0.049030748,0.435648732,0.849508364
SLC27A1,2095.472332,-0.011792895,0.049807603,0.435630069,0.849508364
STT3B,5673.857128,-0.020712497,0.045909655,0.435749163,0.849574259
LAMP3,51.73752076,0.006638243,0.052363964,0.435908776,0.849755502
GNPTAB,4806.432716,-0.019255494,0.047708715,0.435993427,0.849790583
CARNS1,60.82973746,-0.005106266,0.052414493,0.436293083,0.84979281
KIAA2013,3918.640205,0.018728525,0.049232032,0.436210311,0.84979281
NR1H2,2552.005611,0.022371237,0.048173651,0.436349583,0.84979281
OMA1,363.444745,-0.017062123,0.049732788,0.436206139,0.84979281
YOD1,419.6721451,-0.01538903,0.050774992,0.436394503,0.84979281
ZNF597,233.8238873,-0.014931524,0.051336037,0.436226796,0.84979281
CLUH,6203.835389,0.028323591,0.05604113,0.436507725,0.849883474
ADI1,2635.951633,-0.018642213,0.043770348,0.436660513,0.850051135
EIF2AK4,1795.64606,-0.021004735,0.047955551,0.436770885,0.850136184
MYO1B,435.6123047,0.015170738,0.050976556,0.437019204,0.850262719
SENP5,1450.812087,-0.016102749,0.050446329,0.437035971,0.850262719
TNK2,3634.434979,0.01916186,0.052529481,0.43698673,0.850262719
C1orf162,1369.480216,-0.02188334,0.046912751,0.437594403,0.851219263
CCDC136,43.38123678,-0.005187858,0.052396226,0.437766665,0.85124141
CXCR2,146.8342286,-0.011205708,0.051940434,0.437718453,0.85124141
DSTYK,641.9933892,-0.020095139,0.048159261,0.437806096,0.85124141
REX1BD,2122.0242,0.018049853,0.048843793,0.438003257,0.851424613
SLC15A4,1457.094542,-0.020388298,0.045697636,0.438033888,0.851424613
FXYD5,5124.424599,0.009428109,0.048256266,0.438251995,0.851511839
IFI44,1941.057063,-0.01508301,0.050937062,0.438279134,0.851511839
NMNAT3,401.1903457,-0.015696328,0.050588885,0.438151009,0.851511839
CCDC12,1081.999574,0.018219027,0.048779841,0.438438365,0.851561657
NSF,2056.332673,-0.01989094,0.04408252,0.43841622,0.851561657
DNAJC13,3349.907973,-0.015375578,0.047822386,0.438595782,0.851684916
FTO,827.0979451,-0.018325503,0.048485686,0.438635435,0.851684916
PRPF4,1037.424842,0.019678049,0.047269829,0.438738025,0.851723944
SMAD2,2613.255631,-0.020320915,0.043135036,0.43883892,0.851723944
TCF3,1854.542112,0.016483,0.04843474,0.438873558,0.851723944
WEE1,275.8819526,0.012217222,0.051755195,0.438922763,0.851723944
BABAM1,2172.92045,0.023186589,0.048376563,0.439232724,0.852195709
TLE4,1077.403368,-0.019095423,0.048097665,0.439422656,0.852434485
ZNF691,340.7097123,0.015775672,0.050556912,0.439658941,0.852763098
HLA-E,19604.14314,-0.019920935,0.04584613,0.439782735,0.852873454
C2orf76,142.7892417,-0.01079998,0.051633257,0.439895984,0.852963332
SRPK2,1153.24491,-0.019717109,0.045437038,0.440160733,0.853346895
KNSTRN,582.3921717,-0.017849208,0.04933609,0.440466824,0.853810482
ASB7,549.155393,-0.015434148,0.050712464,0.441130072,0.854263728
DDA1,1712.085416,0.01819236,0.048713607,0.44116969,0.854263728
DDX51,664.6584518,0.01417023,0.051403933,0.441053433,0.854263728
IER2,1465.766284,-0.019302151,0.051794409,0.440983643,0.854263728
NEDD9,1096.20623,0.018449158,0.048333833,0.44110651,0.854263728
SPDYE2B,36.6999978,0.001211099,0.05247266,0.441028201,0.854263728
WBP1,1750.931728,-0.016819926,0.049852494,0.440801805,0.854263728
LRRC37BP1,44.72613813,-0.007665961,0.052294455,0.441458613,0.854304167
MFSD9,507.0888035,-0.013914519,0.051207074,0.441448178,0.854304167
RINL,386.776978,0.014736817,0.050989384,0.441274368,0.854304167
SYPL2,64.41718481,0.008531419,0.052240965,0.441338246,0.854304167
ZNF281,980.994984,-0.018226511,0.048516129,0.441795258,0.854825883
BAAT,101.680915,-0.010388032,0.051899997,0.442257752,0.855084501
MACROD1,217.4192952,0.013582148,0.051486047,0.442264272,0.855084501
NDUFA7,493.8451292,0.017070392,0.049658312,0.44225233,0.855084501
NFE2L2,2557.590798,-0.017955578,0.046272768,0.442005117,0.855084501
TFRC,21149.44584,0.016450641,0.050433779,0.442204258,0.855084501
IFT46,303.9543731,-0.014363267,0.05105834,0.442553401,0.855085473
PLAC8,35.7587513,-0.006497341,0.052357723,0.442596819,0.855085473
SDC3,2022.418766,0.01586386,0.050508815,0.442600128,0.855085473
SIGIRR,284.6339788,0.011818841,0.051768996,0.442579113,0.855085473
SLC48A1,1030.975447,0.017824698,0.049586448,0.442355905,0.855085473
ITGB1BP1,1416.522492,-0.019610485,0.046009077,0.442738324,0.855222863
GORAB,604.8383974,0.015930821,0.050359481,0.442914761,0.85543407
ADAMTS12,35.48506756,0.005028493,0.052410985,0.44326639,0.855467583
ATG9A,2136.060525,0.016441696,0.050320383,0.443804424,0.855467583
CBX5,2750.457523,0.022492463,0.04967379,0.443119994,0.855467583
GIT2,3744.326584,-0.020673055,0.045873248,0.443290769,0.855467583
GMFB,2410.373128,0.013749071,0.050784065,0.443762856,0.855467583
KBTBD2,1197.855011,-0.018644692,0.048546683,0.443631038,0.855467583
MRPS11,833.4306437,0.018982732,0.048177501,0.443665338,0.855467583
PMS2P1,53.74015099,-0.008223701,0.052244285,0.443489507,0.855467583
PRDM11,321.1984087,0.011551685,0.051859853,0.443537445,0.855467583
RNF166,2753.926244,-0.016903773,0.050311262,0.443613423,0.855467583
UTP15,371.7635076,-0.012328421,0.051727414,0.443281978,0.855467583
ZNF772,194.1515723,0.012082407,0.051736339,0.443769165,0.855467583
ZSWIM3,129.6440428,0.012097712,0.051742011,0.443351078,0.855467583
ACOT9,1573.133406,0.019512327,0.048080765,0.444076401,0.855495691
NFKB1,2005.654119,0.019661869,0.046220712,0.44406385,0.855495691
RAB39A,162.516742,0.011438505,0.051865769,0.444087417,0.855495691
SUV39H1,473.4298787,0.015703558,0.050456368,0.44400176,0.855495691
DBF4B,470.4137357,-0.015424914,0.050535891,0.444424334,0.855571509
PRKCA,2941.261082,0.019559182,0.046176976,0.444203487,0.855571509
PSME1,2887.560912,-0.021661237,0.042470059,0.444407526,0.855571509
TBC1D24,236.3996882,0.003973739,0.05240591,0.444375524,0.855571509
TVP23C,180.106653,-0.012960558,0.051514596,0.444462319,0.855571509
ACOT13,868.3778219,-0.016482184,0.049903707,0.444893172,0.855777104
CPNE1,2059.210141,-0.022360947,0.047828932,0.444639103,0.855777104
PIGM,567.2171749,-0.018104982,0.04821527,0.444904749,0.855777104
RPL39,5273.353994,-0.024535525,0.05243419,0.444810391,0.855777104
ZNF266,446.4052122,-0.014067543,0.051131548,0.444735824,0.855777104
ZNF175,570.8773464,-0.018768703,0.0488952,0.445071404,0.855839417
ZNF217,1802.218183,-0.020157787,0.04727088,0.445007998,0.855839417
PBX1,36.33602464,-0.004586918,0.052413787,0.445165441,0.855891149
TMEM268,956.3479719,0.019630374,0.046167396,0.445356011,0.856128436
ATAT1,225.3144907,0.011759781,0.051772423,0.445542359,0.856357537
TBRG1,1923.911127,0.01983009,0.045988454,0.445638861,0.856413905
TSFM,806.6963824,0.021112754,0.047975739,0.445852314,0.856694973
CKAP2L,337.6249592,-0.012767478,0.051509346,0.446195685,0.857096398
MCRS1,1682.184405,-0.018666094,0.047860483,0.446143501,0.857096398
TMBIM1,15492.64119,0.018876824,0.046069737,0.446382878,0.857326801
COG8,743.7155625,0.017882506,0.048717215,0.446764065,0.857413076
MRPS17,238.3957742,-0.014094033,0.051166948,0.446508368,0.857413076
NBPF26,484.0605329,-0.015159017,0.050672964,0.446708547,0.857413076
PARK7,3664.979929,0.020349168,0.04444263,0.446685432,0.857413076
USP8,2153.359741,-0.017959351,0.048450951,0.446632798,0.857413076
ALDH6A1,356.8337816,-0.012430651,0.051565877,0.447048006,0.857660501
AOC2,32.97552443,0.006102975,0.052357952,0.448104288,0.857660501
CFAP68,186.3573325,-0.012464045,0.051557633,0.448069602,0.857660501
CRCP,1106.044398,-0.018934053,0.047379688,0.44848015,0.857660501
GNL1,2061.32728,0.017948723,0.048542377,0.447941346,0.857660501
GOLGB1,3750.610805,-0.017245381,0.04898421,0.448262743,0.857660501
HDAC7,2156.858949,0.021265576,0.050918195,0.448089921,0.857660501
ILF3,7551.470147,0.018976074,0.043545858,0.448574808,0.857660501
LSM12P1,156.5194665,0.011153984,0.051870305,0.447701369,0.857660501
MIPEP,563.2034977,-0.017136327,0.049241657,0.447024705,0.857660501
MITD1,675.9861538,-0.016913887,0.050053267,0.447724149,0.857660501
MYO15A,39.94366266,0.007348292,0.052306715,0.447535679,0.857660501
NOTCH2NLA,633.146202,0.017691369,0.048818095,0.447594726,0.857660501
NSUN5P1,273.8515598,0.012539608,0.051537869,0.448210581,0.857660501
RASGRP4,162.3322043,0.009590987,0.052072227,0.448395707,0.857660501
RBKS,61.12568513,-0.008226625,0.052230926,0.447628998,0.857660501
SEC16B,98.08819699,0.010409789,0.051961505,0.447975583,0.857660501
SWI5,139.7506616,-0.011978208,0.051613296,0.447356942,0.857660501
TECPR2,924.8092152,0.009720582,0.051389581,0.447529123,0.857660501
TTYH2,257.1807783,0.011897795,0.051709985,0.448479364,0.857660501
VKORC1L1,2696.612397,0.018693627,0.047507819,0.448326067,0.857660501
ZNF195,505.3255053,0.01515362,0.050649167,0.448550501,0.857660501
ZNF436,418.0427722,-0.016653649,0.050272137,0.44823524,0.857660501
ZNF71,325.6680175,0.015123549,0.050646013,0.448251729,0.857660501
ZNRD2,359.5161035,0.015284254,0.050688246,0.448089647,0.857660501
RILPL1,583.0262612,-0.013712126,0.050470949,0.448656354,0.857687787
POP4,809.8657438,0.014926841,0.050587421,0.448762709,0.857762486
AGT,64.91624075,-0.00840263,0.052196105,0.448844218,0.85778615
FZD2,475.1984351,0.014022972,0.051101706,0.448925898,0.85778615
PPP2R5A,1219.80675,-0.018963545,0.047239927,0.448976937,0.85778615
HCN2,44.20891576,0.006398499,0.052349317,0.449116007,0.857908534
MSH2,960.6255622,-0.01764018,0.048490406,0.449175579,0.857908534
ATP5MC3,4922.059113,-0.021670864,0.04576761,0.44972542,0.858036734
DZANK1,79.91870412,-0.009416472,0.052082333,0.449664199,0.858036734
FBXL3,1738.712241,-0.018980435,0.046851604,0.44981077,0.858036734
IL18BP,375.5138049,-0.016089324,0.049991108,0.449582144,0.858036734
MCRIP2,3058.688493,0.019458006,0.046973153,0.449909427,0.858036734
PDIA5,318.6564782,0.015019576,0.050748757,0.449551617,0.858036734
PPM1B,2180.181536,-0.019963667,0.042609655,0.450050329,0.858036734
PRPS2,947.5170745,-0.018604428,0.04738248,0.449686111,0.858036734
SMARCD2,2149.479698,0.019177314,0.046679576,0.450027998,0.858036734
TATDN2,2014.381524,0.019984303,0.044410156,0.449957326,0.858036734
TXLNG,538.8330148,-0.016338892,0.049903469,0.449374106,0.858036734
VPS25,1292.506316,0.019812644,0.045017639,0.44950046,0.858036734
AIFM1,2029.571288,-0.020181328,0.042396321,0.453223591,0.858043547
ARMC9,536.3836858,-0.016989883,0.048921823,0.451907426,0.858043547
ASCC1,622.093376,0.017868947,0.048587021,0.453086233,0.858043547
ATL3,1708.227036,0.019092,0.046626034,0.453041659,0.858043547
AZI2,1474.152392,-0.018138142,0.047848913,0.450729821,0.858043547
BCDIN3D,210.7715827,0.011694109,0.051583269,0.451512355,0.858043547
BECN1,2221.508139,-0.019332741,0.041623501,0.451185213,0.858043547
C16orf54,128.2919254,0.009582155,0.052039001,0.453299793,0.858043547
CD47,3271.98382,0.017994802,0.048326097,0.450157442,0.858043547
CEP63,699.2742388,-0.01889208,0.048277841,0.451596107,0.858043547
CHRAC1,748.3126237,0.016013165,0.050365373,0.450415277,0.858043547
CLCF1,64.52227384,0.007766541,0.052233234,0.453630571,0.858043547
CPNE2,1701.517706,0.016525748,0.049487298,0.45228745,0.858043547
EARS2,533.8755719,0.012522272,0.051508525,0.452683641,0.858043547
ECI1,1326.09208,0.018066048,0.048370701,0.451782249,0.858043547
EHMT2,2067.980949,0.017154703,0.048768287,0.452596364,0.858043547
EIF3K,2752.846116,-0.019041533,0.047547161,0.452854164,0.858043547
FAM229A,219.4882466,-0.008905123,0.052063913,0.454015333,0.858043547
FCGR2C,354.8838633,-0.011202884,0.051811528,0.451758796,0.858043547
GFPT1,2310.985682,0.010545403,0.047496012,0.451673403,0.858043547
GPR137B,2330.423029,0.019091258,0.046163194,0.453347744,0.858043547
GTF2IRD2B,337.3749965,-0.013788082,0.051050281,0.452509002,0.858043547
GUCY1A2,63.50586092,-0.006548553,0.052315085,0.453409549,0.858043547
HDHD3,404.6107527,-0.015788929,0.050239078,0.453648441,0.858043547
HECTD3,2588.937943,0.018369333,0.047610283,0.45230659,0.858043547
IFFO2,178.5272877,-0.011712922,0.051673078,0.453877569,0.858043547
IMMP1L,57.34011816,-0.006944691,0.052290062,0.453365299,0.858043547
KIAA1191,2076.146012,0.019760564,0.045070262,0.450396749,0.858043547
LRWD1,602.4890494,0.015098168,0.050534049,0.451876816,0.858043547
LYPLA1,1891.428264,0.018659547,0.047343692,0.452206509,0.858043547
MBNL2,705.5914244,0.016554834,0.05012066,0.451828396,0.858043547
MRPS23,1219.261586,0.01924508,0.045457358,0.452775764,0.858043547
NLRP1,542.9888129,-0.013247686,0.051183354,0.454092071,0.858043547
NUDC,2073.559022,0.019593586,0.045282936,0.452657236,0.858043547
OST4,1945.162818,0.0188203,0.04805227,0.451686734,0.858043547
PAK1,1873.627125,-0.019285035,0.044414213,0.452387887,0.858043547
PPM1F,1581.723353,0.017396049,0.048431051,0.450552067,0.858043547
PSMB9,1072.700493,0.016071387,0.049862181,0.454042288,0.858043547
PTPRS,112.8919626,0.009147166,0.052115283,0.451896329,0.858043547
RAB11FIP3,630.7898255,0.014086936,0.04920922,0.454047817,0.858043547
RALB,2735.600123,0.011085455,0.042842507,0.45293513,0.858043547
RPL37,5873.854407,-0.015887526,0.050911642,0.452831335,0.858043547
RUNX3,1607.350442,0.013861747,0.05037277,0.450751753,0.858043547
SEC23A,1635.328757,0.020532992,0.04588773,0.453795675,0.858043547
SEC23IP,1975.96878,0.018699634,0.047105207,0.452541079,0.858043547
SENP6,1878.162048,-0.018246778,0.048947664,0.45060654,0.858043547
SFXN2,230.2473951,-0.013012061,0.051668817,0.450643852,0.858043547
SHC4,40.41247395,-0.0057734,0.052359079,0.453428055,0.858043547
SP140L,1055.660562,-0.015010271,0.049779562,0.452373561,0.858043547
TAF5L,1117.615745,0.016708096,0.049275517,0.452969821,0.858043547
TASOR2,1284.090124,0.012521748,0.051341198,0.450675594,0.858043547
TM9SF4,2647.649339,0.01844007,0.048501459,0.453609688,0.858043547
TMEM143,350.0324654,-0.013514709,0.051134433,0.453140691,0.858043547
TROAP,557.76181,-0.014214617,0.050848007,0.453765703,0.858043547
TSEN15,843.2737546,0.016686421,0.049534755,0.452002366,0.858043547
TYW1B,33.273624,-0.006720211,0.05231499,0.451544931,0.858043547
UBE2E2,1097.435544,0.018162862,0.047896222,0.450361074,0.858043547
VPS13B,1402.521233,-0.019779505,0.046914698,0.453410418,0.858043547
ZFHX3,3324.202954,0.016908707,0.048978685,0.452964117,0.858043547
ZNF787,1601.617248,0.015952065,0.049823447,0.453935642,0.858043547
NFATC3,1210.777899,-0.01865872,0.047711052,0.454195875,0.858059823
PLEKHA6,88.29358718,-0.009620697,0.052024104,0.454365231,0.858059823
SNX33,1364.786595,0.01542456,0.050024649,0.454369901,0.858059823
UXT,785.5282126,-0.017779739,0.048355042,0.454306877,0.858059823
ACAT1,2442.293419,-0.015669437,0.049945288,0.45446252,0.858107622
ACADVL,23892.43714,0.014433414,0.04478791,0.454589714,0.858161215
HIKESHI,409.5481925,-0.014582951,0.050712036,0.454625527,0.858161215
ZGPAT,1234.391903,0.020122048,0.049318889,0.454718364,0.85820939
WDFY1,3703.207666,-0.018298971,0.047662933,0.454820303,0.858274725
KLF9,314.8919576,0.013863239,0.051102547,0.454908336,0.858313805
CUBN,64.1514584,0.004583648,0.052398944,0.455210303,0.858756459
PSMA4,3334.10118,0.017739536,0.047805625,0.455465485,0.859110736
C16orf87,358.3841993,-0.014428583,0.050975112,0.455810891,0.85915958
DDIT4L,8052.206437,-0.019832249,0.040841091,0.455959922,0.85915958
EXT2,2168.421737,0.016490672,0.050646993,0.455754095,0.85915958
FKBP14,319.7908563,0.013033346,0.051483061,0.455976917,0.85915958
FSTL1,167.1268173,-0.010333798,0.052031125,0.455630654,0.85915958
GPR132,303.5195065,-0.013579125,0.051023326,0.455889696,0.85915958
HOMER3,1359.381773,0.016150146,0.049642766,0.456030503,0.85915958
ZKSCAN2,256.374069,0.014684425,0.050637967,0.455688432,0.85915958
CORO1C,17857.79821,-0.022267139,0.04498785,0.456265155,0.859474654
B3GNT8,62.09407301,-0.007621284,0.052230188,0.456406419,0.859553627
NFKBID,358.6632029,0.012110424,0.051534356,0.45652981,0.859553627
PTPN22,748.9770967,-0.015400609,0.050070723,0.456576764,0.859553627
TCF12,1876.041046,0.018057458,0.047682848,0.456531694,0.859553627
ATP2B2,150.2915834,0.010697216,0.051840945,0.456803167,0.859785271
CFAP36,614.0702645,-0.015828408,0.050133421,0.457208074,0.859785271
H4C12,47.25026512,0.007573819,0.052238341,0.457102968,0.859785271
MRPS31P4,79.14701413,-0.009464173,0.052036123,0.457020675,0.859785271
MTG2,957.0357982,0.01434959,0.050840305,0.457082939,0.859785271
PDHB,1697.919045,-0.018615446,0.044871357,0.457239324,0.859785271
TTC39B,1153.915385,0.015126362,0.050250422,0.457178061,0.859785271
ZNF512B,1215.154205,0.016366118,0.049573538,0.456967379,0.859785271
CELF2,3191.287816,-0.020981428,0.046761349,0.457621832,0.860123947
NEK6,7801.682152,0.018334969,0.043441132,0.457547745,0.860123947
PGS1,1140.761114,0.016449474,0.048958552,0.457595939,0.860123947
EMC1,2499.0395,0.02109527,0.049277733,0.457706863,0.860156958
LPGAT1,1681.586488,0.018353713,0.047368756,0.457965629,0.860389597
SHPRH,617.884426,-0.014767605,0.050615921,0.457921255,0.860389597
MLF2,5375.57902,0.017114059,0.048936915,0.458059021,0.860438258
HMGN1,4679.954173,-0.018320384,0.047497846,0.458270206,0.86070814
MYH9,33990.95542,-0.027656118,0.050607114,0.458647489,0.861036201
RNF144B,665.5113771,0.010916428,0.051719171,0.458630832,0.861036201
ZNF165,40.73096265,-0.007167589,0.052257996,0.458535965,0.861036201
NUDT15,252.883302,0.014649338,0.050757412,0.458798828,0.861193501
ITGA3,3045.540272,-0.017290194,0.048583705,0.458942174,0.861199826
KIAA0408,69.85194315,-0.007924192,0.052184844,0.458965405,0.861199826
SLC9A8,926.8643867,0.017866323,0.04778445,0.459004849,0.861199826
RAB11B,4130.382977,0.017110952,0.050025161,0.45907833,0.861210951
UBC,40196.35794,0.022503411,0.044192195,0.459375522,0.861641685
ADAR,12841.80833,0.018483864,0.046822443,0.460248255,0.86180041
CLINT1,2246.127304,-0.018441646,0.046572072,0.460742521,0.86180041
CPEB2,1238.223529,-0.015022578,0.050187281,0.460075044,0.86180041
CRNKL1,990.7359654,-0.01509081,0.0502445,0.460516171,0.86180041
DNAJC11,2382.959263,0.01658992,0.049145062,0.46090863,0.86180041
IKBKB,2264.500902,-0.016683072,0.049061396,0.460026603,0.86180041
IREB2,2838.264988,-0.01768332,0.048344049,0.460576854,0.86180041
MICU2,1092.885769,0.016342529,0.049893327,0.460919858,0.86180041
MID2,85.79674911,0.008604031,0.052104551,0.46094729,0.86180041
NPTXR,1093.013442,-0.015646277,0.049881386,0.45958736,0.86180041
POLN,42.12006534,0.005132738,0.052371583,0.460812861,0.86180041
RC3H2,1508.188178,0.017058306,0.048808366,0.459985792,0.86180041
RNF139,940.1789397,-0.0157148,0.049820437,0.460370438,0.86180041
RNF2,553.125712,-0.017319775,0.049344818,0.459977889,0.86180041
RPS19BP1,2112.233099,0.018950669,0.046230393,0.460674373,0.86180041
SAMD14,66.29851679,0.006660052,0.052283448,0.460314297,0.86180041
SEMA6A,78.91208147,-0.008492181,0.052130457,0.45970464,0.86180041
SLC6A8,353.4210059,0.015278668,0.04998761,0.460365048,0.86180041
SPICE1,183.6354921,-0.010376764,0.051729536,0.459897796,0.86180041
TIAM2,73.09558188,-0.008125706,0.052141337,0.460468338,0.86180041
TRRAP,3113.746545,-0.019284618,0.045539948,0.459636991,0.86180041
YBEY,313.8429708,-0.013566678,0.051082711,0.460044054,0.86180041
HNRNPH3,3398.564074,-0.016291364,0.045768859,0.461110548,0.861979235
RHPN1,476.4171885,-0.013731379,0.050845258,0.46149463,0.862570743
AK2,2729.109355,0.019276772,0.044185523,0.461703899,0.862591429
ATF7IP2,202.7107892,-0.012125909,0.051397829,0.462724141,0.862591429
BZW2,921.3455793,0.017008502,0.048835753,0.461820977,0.862591429
CISD1,212.1102164,0.01179406,0.05167388,0.462601762,0.862591429
CRLF1,62.34298893,0.00838076,0.052138332,0.46298428,0.862591429
EIF3J,1979.784218,0.019603719,0.048080555,0.462298556,0.862591429
ELP1,848.5028344,0.013077814,0.051143627,0.4629312,0.862591429
EML3,2071.672528,0.017409066,0.048865032,0.463040617,0.862591429
GPX8,308.6000554,0.012308229,0.051304529,0.463061867,0.862591429
HENMT1,112.5749522,-0.010323036,0.05182559,0.462533708,0.862591429
KHSRP,10494.03493,0.021557939,0.044541684,0.462492475,0.862591429
KLRD1,102.6311384,-0.008238761,0.052133175,0.462447166,0.862591429
MSANTD4,519.9727199,0.015982373,0.049610366,0.462171298,0.862591429
NGDN,593.3323513,-0.017998957,0.048529918,0.462918784,0.862591429
PDHA1,2065.395877,0.019449188,0.042817663,0.462423677,0.862591429
RB1CC1,1722.610882,-0.016784282,0.048046845,0.461988981,0.862591429
RBM15B,2264.80787,0.018673051,0.046607819,0.462326344,0.862591429
RCAN3,649.7700388,-0.012434288,0.051455244,0.461957627,0.862591429
SLC37A3,76.58243533,0.008375872,0.052123673,0.462653112,0.862591429
SMARCC2,3313.268463,-0.01738787,0.048486271,0.462527916,0.862591429
SNCAIP,165.9584534,-0.010923797,0.051703511,0.462010911,0.862591429
WSB2,3223.859503,0.017788234,0.0482136,0.46223026,0.862591429
YIPF2,1465.762824,0.015481715,0.050175254,0.462979803,0.862591429
CCDC25,729.357099,-0.014541735,0.05048472,0.463313575,0.862787545
CDV3,7645.830755,-0.019392327,0.045655553,0.463586547,0.862787545
CYB561D1,608.7315088,0.017728702,0.047797759,0.463255106,0.862787545
ITFG1,1911.186575,-0.017109882,0.04844326,0.463461224,0.862787545
MAP3K5,1100.846244,-0.015092632,0.050267728,0.463590739,0.862787545
UBE2D1,652.5242416,0.016702488,0.048872772,0.463640872,0.862787545
ZFYVE19,970.0289258,0.017659175,0.04771093,0.46342579,0.862787545
ARHGAP19,407.3472521,0.012828231,0.051191297,0.46394092,0.863054425
RIMBP3,149.7937335,0.010655102,0.051766011,0.464030735,0.863054425
RLF,634.5101429,-0.014877605,0.050227317,0.46405507,0.863054425
SNX4,1353.809236,-0.014518982,0.050386327,0.463870723,0.863054425
PKN3,137.5437721,0.010640935,0.051768957,0.464164092,0.863131273
ARMH3,1111.046485,0.017069365,0.04928309,0.464240129,0.863146771
C22orf23,326.5711092,0.014771882,0.05027957,0.464858407,0.863362207
CAPG,33810.00596,0.019337548,0.046014983,0.464425525,0.863362207
FBP1,7047.014674,-0.018374599,0.046001869,0.464764053,0.863362207
FMR1,1119.621345,-0.016992412,0.048389429,0.464510955,0.863362207
G6PC3,2477.312381,0.016182422,0.049340403,0.464665507,0.863362207
SMARCA5,3097.519157,-0.015183627,0.050002473,0.464897761,0.863362207
SOCS1,38.00833065,0.005909504,0.052324891,0.464703521,0.863362207
TKFC,524.452222,0.014835619,0.050142563,0.464687795,0.863362207
ACY1,525.9363303,-0.013274658,0.049911754,0.465174108,0.863391983
INTS4,920.5981246,-0.017331472,0.048103579,0.465091821,0.863391983
KMT2A,1890.192306,-0.014512725,0.050278832,0.465039633,0.863391983
SNX22,74.06749398,-0.008024735,0.052141142,0.465184684,0.863391983
DHX35,519.8709247,-0.014836491,0.050273403,0.465345721,0.863565152
OAZ1,22078.56066,0.018575026,0.040934981,0.465453775,0.863639962
COPS6,1906.542747,0.019428072,0.043491455,0.465567342,0.863724977
SPDYE10,102.9993922,0.00715708,0.052238907,0.465660158,0.863771475
GCN1,4520.134234,0.018320758,0.045226541,0.465797899,0.863796668
ZBTB24,580.3357593,-0.014476343,0.049980711,0.465877001,0.863796668
ZNF90,80.96547135,-0.009497187,0.051940626,0.465842164,0.863796668
DNAH10,80.3308687,-0.006998802,0.052229382,0.465972755,0.863848576
PFKFB3,3717.877679,-0.013112622,0.049730776,0.466311973,0.864195905
ST3GAL4,159.3109504,0.010893014,0.0515426,0.466363466,0.864195905
USP40,1485.896876,-0.018638128,0.047127939,0.466233201,0.864195905
RPS6KC1,522.2045908,0.01500929,0.050105472,0.466464773,0.864258013
RASGRP1,294.3216174,0.013090693,0.05101064,0.466634411,0.864446688
TMEM17,32.58925565,-0.005939085,0.05229843,0.466744453,0.864511794
TRIM73,164.8934383,0.010059642,0.051868249,0.466805176,0.864511794
OVCA2,989.2880001,0.015747338,0.049202454,0.467228777,0.865044972
ZNF706,2052.106586,0.018937903,0.044792623,0.467227129,0.865044972
CD55,1089.728785,0.018186147,0.048185815,0.467586371,0.865157698
CRTC2,1722.378228,-0.013944671,0.050551927,0.468171853,0.865157698
CTIF,843.8421653,0.013492324,0.050919209,0.467629596,0.865157698
FAM114A2,518.3819795,-0.013231593,0.050880185,0.467681414,0.865157698
FCGR3A,22118.48572,-0.018492585,0.04315789,0.467716186,0.865157698
GCNT1,626.0412023,0.013182835,0.050976755,0.467446305,0.865157698
GPATCH3,811.2849348,-0.015701264,0.049511647,0.468141992,0.865157698
KPNA6,2156.368401,-0.018620169,0.04293327,0.468130151,0.865157698
MEX3B,62.61735853,0.007972336,0.052152145,0.468154196,0.865157698
PSMD9,1241.740086,0.018334109,0.046258544,0.467891909,0.865157698
RPS27A,7208.32976,-0.014960083,0.049910623,0.467857536,0.865157698
ZFP82,180.1140377,-0.012001096,0.051342654,0.46798051,0.865157698
ZNF839,407.8833025,-0.014948547,0.050106396,0.467905625,0.865157698
CES1,399.370447,0.01290869,0.051074036,0.468448944,0.865168127
DOLPP1,330.2268457,0.014362149,0.050214076,0.468332842,0.865168127
PEX12,186.0970449,0.011602126,0.051447403,0.468415458,0.865168127
TAF10,2461.020095,0.017023339,0.048730593,0.468306669,0.865168127
SLC25A26,755.0239934,-0.018316549,0.047008433,0.468683367,0.865350362
SMURF2,1982.30981,-0.018039722,0.046388123,0.468657169,0.865350362
PORCN,183.6694278,0.009693489,0.051838869,0.468893098,0.865612236
ARPC1A,894.0226715,-0.016843962,0.047187682,0.469335758,0.865630125
BTN3A3,195.4928651,0.01190108,0.051398411,0.469269326,0.865630125
HS1BP3,1366.03788,-0.017189383,0.048064475,0.469236463,0.865630125
OAZ2,1588.479893,0.02013681,0.045172812,0.469329806,0.865630125
PTEN,1963.448912,0.019160196,0.04392734,0.469378073,0.865630125
SESN1,915.1830396,-0.011952637,0.050374298,0.469318495,0.865630125
VAT1,20344.60666,-0.020033095,0.046493187,0.469028483,0.865630125
CSGALNACT1,65.2654076,0.005791442,0.052310083,0.469656713,0.865814394
GLG1,7546.54351,-0.014281784,0.045446493,0.469598619,0.865814394
MED20,275.9537812,0.01326977,0.050853078,0.469817553,0.865814394
MED9,490.6019864,0.016727164,0.048499971,0.469766767,0.865814394
SLC2A4RG,989.4670998,0.012230928,0.051319706,0.469720086,0.865814394
GTF2E2,679.6836543,-0.01751354,0.048509671,0.470132025,0.866036894
LYSMD2,617.1933518,0.016074631,0.049152432,0.470277937,0.866036894
REL,1649.951787,-0.014782987,0.048447162,0.470193102,0.866036894
SLC25A1P5,46.58748053,0.007335652,0.052195274,0.470206114,0.866036894
TMLHE,363.6771034,-0.012986416,0.050966661,0.470269848,0.866036894
SAMD9L,3719.987334,0.014427746,0.0518339,0.470367294,0.866076348
CATIP,62.10556715,-0.008787343,0.052005707,0.47045291,0.866108902
PFDN6,802.2769997,0.017333451,0.05015218,0.470560123,0.866181202
OSBPL3,1302.304869,-0.015070771,0.049960067,0.470862395,0.866612483
ESYT1,4475.445874,-0.016860309,0.048013097,0.470936999,0.866624683
LYSMD1,105.376347,-0.009813832,0.051845871,0.471134029,0.866862135
NUP58,1117.762996,0.015920946,0.049160494,0.471288009,0.866895229
SYNGR1,261.1356084,0.010414887,0.051713098,0.471234341,0.866895229
BICD2,2175.876019,0.018905336,0.043740701,0.471819079,0.866907632
GTF2F2,672.7700989,-0.013708282,0.050618643,0.471903679,0.866907632
PREB,2247.873837,0.018383662,0.044908114,0.471557886,0.866907632
PWWP3A,964.734149,-0.014919119,0.048537914,0.471799573,0.866907632
RP9,243.3523675,-0.0136315,0.05036095,0.471761935,0.866907632
SBF2,1435.156901,0.015044974,0.050168158,0.471726968,0.866907632
SLC35F2,458.5353671,0.014633848,0.050208797,0.471906735,0.866907632
USP54,565.3723642,-0.013535211,0.050743334,0.47143879,0.866907632
WIPF1,9372.573186,0.020552669,0.047135987,0.47172108,0.866907632
SDAD1,1154.876013,-0.015942759,0.049132938,0.472145311,0.867220944
RBL1,457.7461883,0.014659871,0.050091066,0.4722341,0.86725908
MTMR2,1042.353665,0.014578712,0.049887461,0.472317657,0.867287599
CTDSPL2,788.3359385,0.013807242,0.050373603,0.472399085,0.867312202
UBE2D3,9175.774252,0.019702448,0.041226119,0.472546361,0.867360312
UNC119,912.6979011,0.016559464,0.048566149,0.472561356,0.867360312
NDUFA10,3029.630225,-0.018852152,0.04288837,0.472883477,0.867618212
PGM2,1523.586736,0.017526931,0.047981389,0.472928475,0.867618212
RASA1,3193.684491,-0.016744983,0.047714488,0.472888775,0.867618212
SEPTIN2,10310.76722,-0.019084357,0.041418718,0.472974082,0.867618212
AIP,1512.740622,-0.01542077,0.04905121,0.473559019,0.867980661
CSK,4350.583118,-0.018278462,0.046743891,0.473716326,0.867980661
EIF5AL1,54.5641865,-0.007759426,0.052118001,0.473691418,0.867980661
FNDC3A,4865.759828,-0.020029937,0.047623188,0.473363126,0.867980661
HOXB2,271.8789339,0.014557945,0.050089826,0.473664748,0.867980661
JARID2,1150.492039,-0.017686402,0.045048876,0.473679279,0.867980661
MGAT1,24607.67065,0.0153691,0.047954467,0.473404113,0.867980661
VIPAS39,873.9793875,-0.016703659,0.046956817,0.473565163,0.867980661
CCDC124,1401.010081,0.016613943,0.04841798,0.47385054,0.868101816
ARHGAP28,54.33176133,0.007497301,0.052154056,0.474077693,0.868393177
HCLS1,7488.715189,-0.018813356,0.042055099,0.47464614,0.868906979
MROH6,263.821322,0.011079477,0.051450731,0.474711491,0.868906979
NIBAN3,61.8900246,0.007304321,0.052173835,0.474689154,0.868906979
POLR2C,1241.994411,0.01799383,0.045231877,0.47476712,0.868906979
POLR2J2-UPK3BL1,439.4931448,-0.013849861,0.051132583,0.474693202,0.868906979
SNAP47,448.564511,0.015161981,0.049730458,0.474729213,0.868906979
CPM,14146.72062,0.017657822,0.046950428,0.47514896,0.869210397
CREG1,9534.29643,-0.022488407,0.044368046,0.475205621,0.869210397
IMPA1,706.0707357,0.015054192,0.049779109,0.475101077,0.869210397
PEX14,2653.105006,-0.017800591,0.047395953,0.475159844,0.869210397
BTBD1,3139.15268,-0.018897517,0.043652161,0.475305115,0.869267668
RTF2,2136.272628,-0.018055417,0.046072255,0.47540355,0.869322986
FAM117B,122.1531226,-0.010556774,0.051605148,0.475782639,0.869891419
ARHGEF16,187.4176977,0.011406547,0.051438635,0.476209917,0.870167799
MYDGF,6641.07123,-0.019137882,0.043555603,0.476149762,0.870167799
SFXN3,3267.869489,0.018233353,0.044983552,0.476114311,0.870167799
TET3,2154.867326,0.018951931,0.048591635,0.476196976,0.870167799
UQCRFS1P1,329.174483,0.014349032,0.050127602,0.476275072,0.870167799
MT-ND5,153356.0126,0.018680245,0.044450038,0.476439068,0.870218006
NQO2,936.1174128,-0.019884242,0.046977087,0.476402841,0.870218006
CIB1,2057.015857,-0.017631272,0.046553563,0.477795079,0.870396481
COMMD3,1011.367303,-0.017851006,0.046446473,0.477766593,0.870396481
CUL4B,1604.763121,-0.016938661,0.048290904,0.477322119,0.870396481
FBXO3,493.7337116,-0.014043172,0.05002645,0.477878028,0.870396481
GBF1,2892.307313,0.011642398,0.051251899,0.476693118,0.870396481
HSP90B1,23272.72551,-0.017958996,0.047250951,0.476999303,0.870396481
JAK2,1344.731962,0.014647121,0.049959074,0.477520611,0.870396481
MED4,755.0978691,-0.016548005,0.048398972,0.477970489,0.870396481
MOCS1,122.9120581,-0.010833735,0.051557338,0.477329355,0.870396481
PFKM,738.6050549,-0.015998629,0.048705973,0.477287701,0.870396481
RAD52,298.5554346,0.012207002,0.051076627,0.477759123,0.870396481
RALGAPB,1709.751985,-0.017949508,0.047708164,0.477930894,0.870396481
RNF4,2770.852834,0.014460013,0.041817299,0.477070253,0.870396481
RPS21,4129.965305,-0.016219182,0.048616653,0.47786531,0.870396481
SLC25A28,789.5774724,0.016626084,0.050101037,0.477265705,0.870396481
SRP54,1540.8883,-0.017460941,0.046863849,0.477818458,0.870396481
SRRD,550.8549478,-0.015652844,0.049067931,0.477677457,0.870396481
STK35,1192.240225,0.018165499,0.045599566,0.477780341,0.870396481
TMEM42,283.9429568,-0.013678669,0.050472268,0.477733557,0.870396481
WASH7P,713.5599762,0.013421419,0.050649119,0.477719248,0.870396481
ZNF622,2138.026555,-0.017836328,0.046328715,0.477609798,0.870396481
HOXB4,188.6886842,-0.0128363,0.050805658,0.478278342,0.870459754
IGF2,163.1035601,-0.004793951,0.052349384,0.478261246,0.870459754
PDE7A,595.9894087,-0.013765159,0.050328454,0.478277595,0.870459754
PHF1,1215.406242,0.017160362,0.047541031,0.478193469,0.870459754
C10orf95,149.4770706,0.011148267,0.051350227,0.478733557,0.87073826
EBPL,143.4648427,0.011291275,0.051428857,0.478582946,0.87073826
FAM177A1,738.2300946,0.015308987,0.047493167,0.478772861,0.87073826
OXSM,200.2253674,0.012148522,0.050904746,0.478588123,0.87073826
RPL27,10941.60054,-0.014124695,0.043651339,0.478650475,0.87073826
ZC3H3,1232.636596,0.013959791,0.049436535,0.478863732,0.870779306
PDPR,2867.097713,0.015546245,0.049118419,0.479049351,0.870970299
ZNF606,199.2904732,-0.008324311,0.052000671,0.479105397,0.870970299
RPS18,12785.21219,-0.014214551,0.049347958,0.47920181,0.871021368
HYAL1,34.94088252,0.005152453,0.052329817,0.479322589,0.871116705
KIF13B,2805.840115,0.02212427,0.050522237,0.479556727,0.871293816
ZNF267,700.5525191,0.014198133,0.050271548,0.479521963,0.871293816
PTCD1,548.3363204,0.014870491,0.049733751,0.479686219,0.871404902
ECE1,279.8217277,0.010961714,0.051106743,0.479998763,0.87161782
HOMER1,253.8662481,0.00976399,0.051763924,0.480008527,0.87161782
UFC1,2109.431412,-0.020130314,0.045508109,0.479988743,0.87161782
FAM222A,43.43899338,0.006299749,0.052243248,0.480165419,0.871778543
CENPM,247.0408204,0.012194781,0.051080786,0.480437072,0.872023381
MRPS33,666.4968774,-0.013691238,0.050290456,0.48038791,0.872023381
DHX16,1837.601882,-0.018039024,0.044191341,0.480618266,0.872228082
EXOC5,2343.917471,0.022696004,0.050686646,0.480978252,0.872690754
HAL,75.75356648,0.006305965,0.052238695,0.481010113,0.872690754
RASA4B,2647.505787,0.012602036,0.050887021,0.481164345,0.872846362
RPL36A,2275.053508,-0.008092081,0.052021096,0.48150255,0.87333561
TMEM50B,619.3630879,0.014141443,0.050170989,0.481575295,0.873343306
PAPOLG,483.7254907,0.012105335,0.051108275,0.481655891,0.873365232
P4HA1,1532.153314,-0.016625131,0.046793739,0.481957214,0.873787333
EVA1B,1241.598146,0.013556288,0.050066653,0.482525434,0.873952014
HELQ,255.2952675,0.0129002,0.050709736,0.482301403,0.873952014
LAMTOR3,1400.850504,-0.013505754,0.0503995,0.482359668,0.873952014
PLEKHA4,68.96420205,-0.007431662,0.052118722,0.482394148,0.873952014
QDPR,1310.495765,0.017189486,0.046824536,0.482135291,0.873952014
RAB5C,10205.38074,0.020769075,0.043750992,0.482527902,0.873952014
RPL17,11474.96302,-0.019043647,0.047941643,0.48245476,0.873952014
AP4B1,498.0997886,-0.014809605,0.049498932,0.482922929,0.873954636
GPC6,86.75901172,0.008789668,0.051909285,0.482955074,0.873954636
NT5C3A,571.0112503,-0.014719446,0.049621151,0.483012944,0.873954636
OAS2,5703.141871,0.013458493,0.051386901,0.483146307,0.873954636
PACS1,3041.386131,0.01928711,0.048316748,0.482938697,0.873954636
PDZD8,638.3210938,0.013196922,0.050369678,0.483089355,0.873954636
PITHD1,1222.296389,-0.016675102,0.047811298,0.482756788,0.873954636
SRP72,3190.255176,-0.013538088,0.044377702,0.483082214,0.873954636
TDRD3,3095.789056,-0.016921714,0.047421044,0.483135245,0.873954636
CMTM7,1116.546118,0.015104307,0.049365048,0.483347678,0.873976874
FAM171B,58.43060192,-0.007463697,0.052098541,0.483569917,0.873976874
LRRC37A3,346.9363392,0.011481288,0.05135392,0.483558738,0.873976874
PHC1P1,72.54480587,0.006512243,0.052215135,0.483238405,0.873976874
TRIM6,252.5993864,-0.011698125,0.050829642,0.483557906,0.873976874
ZBTB9,456.4747724,0.015381796,0.049086471,0.48342733,0.873976874
ABITRAM,398.7807504,-0.014654859,0.049725541,0.483731024,0.874144128
MEF2D,2835.013606,0.015501586,0.049868077,0.484105777,0.87435281
SMIM26,561.269433,-0.013661599,0.050337787,0.483996664,0.87435281
SSH1,4508.703128,0.012474989,0.048004036,0.484120832,0.87435281
TMEM91,450.3267444,-0.016914186,0.050112008,0.483916786,0.87435281
SHISAL2A,68.7946452,0.006906527,0.05216451,0.484411277,0.87458687
TAPT1,722.6245131,-0.016449352,0.047896845,0.4843774,0.87458687
TPR,3038.842013,-0.016787775,0.047608266,0.48445623,0.87458687
BCLAF3,377.6753506,-0.01362341,0.050170392,0.484629001,0.874686405
PI4KA,5535.864434,0.020350692,0.045543494,0.484653813,0.874686405
RPL26,8730.007358,-0.014766267,0.049557936,0.48473165,0.874686405
SCAND1,1781.997193,0.013459982,0.050305333,0.484785798,0.874686405
DUSP1,1385.185011,-0.017848423,0.047174937,0.484876299,0.8747259
CDK14,345.7260022,0.011952166,0.051118524,0.48552224,0.874806767
CLCN3,2187.643086,0.015671657,0.046525838,0.485331536,0.874806767
GARRE1,1424.614339,-0.017828252,0.045010857,0.48509575,0.874806767
LYSET,2605.194913,-0.01877141,0.045986263,0.485382793,0.874806767
MRPS27,1183.533958,-0.015104296,0.049050994,0.485029957,0.874806767
MTCO1P12,254.2737323,0.009427436,0.051713993,0.48543678,0.874806767
MTERF2,167.1636907,-0.008949051,0.05184576,0.485649487,0.874806767
NPRL3,1331.249168,0.016936488,0.04721826,0.485499225,0.874806767
PRR29,41.00695434,-0.005706494,0.052251407,0.485260562,0.874806767
THTPA,671.4316741,0.015714409,0.048779897,0.48567592,0.874806767
UVRAG,1035.75503,0.016031828,0.048340435,0.485650403,0.874806767
CBX1,1315.691439,-0.013027537,0.046848998,0.48621424,0.875143659
IFIH1,3181.13475,0.014074682,0.049884103,0.48627482,0.875143659
LAMC1,3160.558036,-0.019480497,0.044267665,0.486216083,0.875143659
LILRA6,824.2637858,0.015378417,0.049480184,0.486164548,0.875143659
MED22,1060.597883,0.015204647,0.049183373,0.486090246,0.875143659
STX7,5640.513551,-0.016831692,0.044122638,0.486174096,0.875143659
COL5A2,189.0727386,-0.00754187,0.052064767,0.486418343,0.875207771
P3H1,2117.190835,0.014053501,0.050048845,0.486447742,0.875207771
SDC4,2100.528452,-0.018520342,0.043059064,0.486581277,0.875324496
DDX42,3624.169163,-0.018364379,0.04501635,0.486919105,0.875604744
MYO18A,3382.8365,-0.01668464,0.047580519,0.486943224,0.875604744
SLC49A4,1112.075834,-0.016888756,0.047086736,0.487011785,0.875604744
ZBTB2,553.1251503,0.0147687,0.049533712,0.486959876,0.875604744
ABTB1,1228.018671,-0.01449153,0.049451517,0.487648711,0.87577374
ADAMTS6,46.00154967,-0.004926445,0.052313627,0.487278257,0.87577374
ARB2A,360.0977469,-0.013365489,0.050224427,0.488421637,0.87577374
ATP9A,2994.116838,-0.017188096,0.045542,0.488526252,0.87577374
CDKL5,212.5473057,-0.009768039,0.051655771,0.488069669,0.87577374
CRAT,645.0397146,0.013960297,0.050208965,0.487484532,0.87577374
CXXC5,4570.561733,0.020654829,0.044514722,0.48836387,0.87577374
DENND4B,5653.905225,0.018390497,0.048088319,0.488243514,0.87577374
DERPC,823.1293054,-0.015286298,0.049183608,0.488315464,0.87577374
FBXO28,1373.674143,0.012973669,0.050137336,0.488548344,0.87577374
GEMIN5,359.9058231,0.014479718,0.050031248,0.48807434,0.87577374
HES2,612.8658738,0.013257832,0.050441303,0.488314071,0.87577374
IER3,704.0447352,0.014642379,0.049693205,0.488183446,0.87577374
LAMTOR1,3170.396675,-0.017552097,0.044645523,0.488169723,0.87577374
LIG4,843.2085914,-0.014746827,0.049083387,0.487871523,0.87577374
NCR3LG1,176.558712,0.011829291,0.052361057,0.487315955,0.87577374
NR4A1,47.99482168,-0.005962151,0.052224524,0.487618253,0.87577374
PABPC1L,335.1305452,0.012543046,0.050691318,0.487470839,0.87577374
STX8,512.9435656,-0.015990046,0.049117794,0.488120679,0.87577374
TBCB,1571.24651,0.0175018,0.045486021,0.488001753,0.87577374
ZNF764,305.8435967,0.013039662,0.050632805,0.487404951,0.87577374
FZD4,61.4139881,-0.008058891,0.051977388,0.488774825,0.875933406
HIC2,1123.080903,0.016673938,0.048437475,0.488743881,0.875933406
H2BC5,147.3663995,0.010078495,0.051639841,0.489006203,0.876101753
HCN3,196.2441506,0.011682661,0.051121592,0.488956346,0.876101753
GNAS,36555.9293,-0.021966738,0.046054695,0.489192151,0.876188639
SNX9,2776.088796,-0.023049796,0.045050804,0.489141836,0.876188639
CEP15,146.6400086,0.010285322,0.051499667,0.489689291,0.876700085
MARS2,419.5216753,0.015460556,0.04880357,0.489932358,0.876700085
NECTIN3,56.61895167,0.005611843,0.052268836,0.489728512,0.876700085
NXN,168.1331137,0.009458343,0.05173127,0.489902608,0.876700085
SLC35G2,156.58691,-0.010915152,0.051336972,0.490004553,0.876700085
THNSL1,104.7807738,0.009926652,0.051627356,0.48970963,0.876700085
TMEM229B,118.4841313,0.009481143,0.051729332,0.489838087,0.876700085
VPS13A,960.3175649,0.013934711,0.049962071,0.49002783,0.876700085
ANAPC10,264.4549568,-0.013265482,0.050343069,0.490997847,0.876713102
BRPF1,1534.469747,0.017040534,0.045600936,0.490384463,0.876713102
CASP6,410.3430113,-0.01410996,0.049905227,0.490610039,0.876713102
COMMD6,727.0722582,-0.013207784,0.050411076,0.490143737,0.876713102
GLOD4,2093.529478,0.018521547,0.045345889,0.490719666,0.876713102
MXRA8,309.4972834,0.012844568,0.050614214,0.490552963,0.876713102
MYL5,755.6318717,0.015393478,0.049440428,0.490865311,0.876713102
PBX3,1041.278096,-0.015509383,0.048568044,0.49057314,0.876713102
PSPN,79.7081099,0.007351701,0.052080822,0.490719605,0.876713102
PTGR2,525.4644132,-0.014952402,0.049225151,0.490898757,0.876713102
RARS2,762.6983657,-0.01606691,0.048223618,0.490971681,0.876713102
RGP1,1519.831164,0.016660135,0.04702392,0.490745283,0.876713102
SIRPB1,1074.975549,-0.017216817,0.046077545,0.490245665,0.876713102
ZNF711,51.26105629,-0.005689052,0.05226,0.490454178,0.876713102
RIC8B,256.3316702,0.010930221,0.051362608,0.491087147,0.876749761
CNIH4,1432.972656,0.016742455,0.046758141,0.491275185,0.87680751
LRATD2,499.4755984,-0.014030672,0.049793969,0.491289374,0.87680751
TOB2,1703.324199,0.015694971,0.048322691,0.491325818,0.87680751
MRPS30,925.4354336,0.018514301,0.050731472,0.491468205,0.876938859
ACSM2A,82.96361342,-0.005077183,0.052289414,0.494402209,0.877018751
AGMAT,65.8378276,-0.007760033,0.051992646,0.494068531,0.877018751
ALDH3B1,2608.130389,0.014557618,0.049593077,0.493619856,0.877018751
ASAP1,4017.99223,-0.017445017,0.045977604,0.494398073,0.877018751
ASCC2,2034.114167,-0.015611789,0.048236324,0.492553571,0.877018751
CLK4,560.4282739,-0.012477981,0.050037006,0.493536573,0.877018751
CPSF4,843.3526702,0.01766404,0.047220745,0.493399431,0.877018751
CREB1,1519.81978,-0.014992967,0.048892313,0.494173203,0.877018751
EDA2R,53.40644991,0.0060099,0.052164166,0.494033633,0.877018751
FAM50B,114.6395118,0.009310686,0.051723356,0.4937617,0.877018751
FUT11,765.269384,-0.016012777,0.047696031,0.493946188,0.877018751
GRSF1,2308.146497,-0.016629264,0.047482127,0.493452307,0.877018751
HAGHL,1110.99092,0.012181129,0.050863839,0.491596465,0.877018751
HMGXB4,766.7299072,-0.016062149,0.048051386,0.493941374,0.877018751
IER5,2810.778965,0.01656217,0.047873478,0.494172412,0.877018751
IL10RB,2488.370356,-0.011445826,0.04307347,0.492141076,0.877018751
KLHL2,1165.022933,-0.01749409,0.049066094,0.493790938,0.877018751
KMT2D,5880.472285,-0.014801759,0.049241263,0.491995943,0.877018751
LSM1,668.5766659,-0.013918974,0.047957781,0.493826835,0.877018751
MAP1LC3B,3453.668038,-0.016178265,0.047421101,0.492048048,0.877018751
MGAT5,3364.956323,-0.015240193,0.048358078,0.492170983,0.877018751
MRPS18B,1503.77544,0.017734493,0.045875742,0.494231418,0.877018751
NAALAD2,55.95505302,0.006542299,0.052235713,0.492120296,0.877018751
OTULIN,1063.578459,-0.015427185,0.04851709,0.492686343,0.877018751
PAG1,1955.380581,-0.013842689,0.049692064,0.493540374,0.877018751
PGLS,1450.427527,0.015795582,0.048201865,0.494123228,0.877018751
PHF6,793.7095711,-0.013918063,0.04981645,0.492661305,0.877018751
PIGO,1672.772255,-0.016671236,0.047703767,0.491665327,0.877018751
PPM1L,478.773436,0.013756347,0.050045143,0.492603325,0.877018751
RBM41,759.8070244,-0.013792134,0.049922426,0.49410454,0.877018751
RGL2,2660.560214,-0.015398831,0.048946219,0.494303132,0.877018751
RPS6KA2,1735.361127,-0.014844785,0.048836258,0.494270081,0.877018751
RYBP,92.21579099,-0.003146905,0.052410566,0.492572194,0.877018751
SLC18B1,1025.830662,-0.018692743,0.045534981,0.494286776,0.877018751
SLC41A3,777.4109256,0.016613779,0.046857322,0.494257969,0.877018751
STAC2,45.4499118,-0.006611101,0.052158244,0.492343959,0.877018751
TJP3,68.51936503,-0.004902467,0.052278827,0.492196939,0.877018751
TSSC4,853.5536445,0.015448583,0.048850961,0.492047562,0.877018751
TTC3,4705.254632,-0.015257741,0.048848517,0.493281049,0.877018751
YIF1B,1787.035098,0.016412485,0.048964376,0.493124515,0.877018751
ZCWPW2,34.94511389,0.00592475,0.052225771,0.493377683,0.877018751
ZDHHC8,2764.898411,0.017481987,0.045525664,0.492684821,0.877018751
CENPS,210.4706832,0.011815326,0.050970498,0.49549492,0.877248262
DYNLT1,1485.565179,-0.017085078,0.045378083,0.494678285,0.877248262
FGD2,2623.143979,-0.00957066,0.046352323,0.495255229,0.877248262
GTF2H2B,151.735464,0.010502129,0.051412271,0.495373976,0.877248262
LMTK3,99.69454247,-0.007475938,0.051983626,0.494946752,0.877248262
LRG1,116.5673023,0.010020928,0.05173036,0.495122031,0.877248262
MED10,881.9181966,-0.017219744,0.046243635,0.49506467,0.877248262
MYLK,198.356599,0.009829537,0.051358408,0.494600775,0.877248262
PHF23,2260.856387,-0.01673478,0.046528997,0.49542282,0.877248262
TMCC3,314.9503794,0.010349142,0.051464101,0.494867677,0.877248262
TNFRSF21,2356.200508,0.020131015,0.04933432,0.495446869,0.877248262
TXNDC11,3297.891749,0.019287376,0.041083947,0.494937443,0.877248262
ZC3H14,1323.275117,-0.015855651,0.048186608,0.495335105,0.877248262
ZSWIM1,331.0130496,-0.013843712,0.049860186,0.494928655,0.877248262
AKAP5,140.2498443,-0.009782544,0.051313037,0.495596652,0.877306542
BBS12,116.5675423,-0.009719827,0.051582012,0.496482505,0.877744848
CAPN5,146.1249657,0.011640013,0.051533467,0.495948558,0.877744848
CAPS,308.4258833,-0.01123653,0.051852697,0.496527604,0.877744848
FZR1,1828.778519,0.013687753,0.050063851,0.496532736,0.877744848
NBEA,199.4975543,-0.011249904,0.051122084,0.496143387,0.877744848
OR6C74,38.1321776,-0.00613815,0.052191461,0.496003203,0.877744848
P2RX1,60.90931582,-0.006867531,0.052102246,0.49651421,0.877744848
PPIE,799.3933495,0.016800248,0.046079682,0.496094498,0.877744848
RABIF,513.4625471,0.014932907,0.048967552,0.49645488,0.877744848
SNRPD1,759.4890925,0.011550647,0.050931423,0.496439569,0.877744848
BEX3,2970.033636,-0.022874846,0.047878769,0.496845651,0.877972032
CSTF3,770.8882927,0.015074553,0.049462595,0.497074447,0.877972032
OSBPL10,49.73186856,0.005540645,0.052251525,0.497011883,0.877972032
RFX7,883.8986904,0.01251128,0.050567675,0.497041245,0.877972032
SORCS1,119.1746815,0.009120186,0.051810361,0.496905449,0.877972032
TEAD3,35.96444475,-0.005558952,0.05224116,0.496906032,0.877972032
ADGRF1,45.59239606,-0.005595864,0.052222493,0.49724581,0.878031417
C18orf54,157.4072619,-0.010230006,0.051454034,0.497217851,0.878031417
AP5S1,624.5482962,0.014471746,0.04905817,0.497532713,0.878416364
KRBA2,236.8006159,0.010798868,0.051228165,0.497624279,0.878456374
DNMT1,6134.263635,-0.009879508,0.046551438,0.497696752,0.878462674
RNFT2,117.9762201,-0.009061027,0.051962823,0.497894661,0.878690342
ANO6,2652.777183,0.02213285,0.050359872,0.498033943,0.878774727
RABGGTB,2150.528614,-0.015611452,0.046662797,0.498096421,0.878774727
SCYL1,2779.928574,0.013367763,0.046892412,0.498149263,0.878774727
ABHD8,1854.577002,0.014435767,0.049608732,0.498587971,0.879009198
ABRACL,1352.785929,-0.014239004,0.04910565,0.499656247,0.879009198
ACTR5,173.4250388,0.011896317,0.050765346,0.50204482,0.879009198
ADIPOR1,3406.051019,0.018591058,0.043214462,0.502686105,0.879009198
ALKBH6,426.5973188,0.014349151,0.050056709,0.503172932,0.879009198
AMN1,126.1528307,-0.009809258,0.051499066,0.499701086,0.879009198
APOBEC3G,491.566962,-0.013557419,0.049883182,0.503046146,0.879009198
ARHGAP24,102.7720273,-0.007434882,0.052001565,0.499270435,0.879009198
BET1L,2177.701716,0.017549492,0.044390528,0.5017807,0.879009198
BTG2,2830.457621,0.01757329,0.041652906,0.502055376,0.879009198
BUB3,2151.481118,-0.018102062,0.042654844,0.502913469,0.879009198
CAAP1,505.8734931,-0.01351663,0.049874667,0.502530251,0.879009198
CAST,5255.437931,-0.012829428,0.042968938,0.499107593,0.879009198
CBS,3125.690881,0.022158758,0.046852145,0.498747022,0.879009198
CCS,761.7725044,-0.016261896,0.04952684,0.502467671,0.879009198
CMTM6,5060.22086,-0.016418736,0.047091217,0.499577158,0.879009198
CTNNA1,7544.895655,-0.017792962,0.043052872,0.500246271,0.879009198
CYB5R2,70.30765842,-0.0074198,0.051845779,0.502616884,0.879009198
DDX1,2045.452991,0.016355049,0.045677425,0.50100973,0.879009198
DHX40,888.5322852,-0.014746512,0.048996784,0.501699701,0.879009198
DOK2,1992.528033,-0.015587061,0.047758617,0.500660439,0.879009198
ELP2,1089.952508,-0.013391216,0.049651243,0.503166673,0.879009198
EXOSC4,691.2149688,0.014562565,0.049172142,0.50177023,0.879009198
EZR,3280.148124,0.015670262,0.04794881,0.499264845,0.879009198
FAM185A,100.9227232,-0.007655587,0.051933473,0.503062447,0.879009198
FAM204A,889.9188866,0.019151995,0.04733592,0.503061137,0.879009198
FRMD6,192.634876,-0.010310762,0.051358369,0.500310071,0.879009198
GABPB2,535.614219,-0.013722806,0.049570377,0.502439896,0.879009198
HDAC3,2151.513926,0.016034749,0.045402185,0.500285227,0.879009198
HNRNPA1P54,100.8618494,-0.008142465,0.051896822,0.49890514,0.879009198
HSPA7,343.5360871,-0.010719058,0.051301646,0.49974394,0.879009198
IFI16,6007.440866,-0.017794185,0.045646884,0.501999093,0.879009198
INTS9,510.466003,0.013214103,0.050057458,0.498828072,0.879009198
ITIH4,103.9983903,-0.008323257,0.051870476,0.502499362,0.879009198
KCNH4,40.89324137,0.005906905,0.052199516,0.502718199,0.879009198
LRRC37A2,1275.391073,-0.016369737,0.046698864,0.503177436,0.879009198
LYSMD4,269.2830337,0.01193464,0.050735188,0.500211971,0.879009198
MCU,778.9651179,-0.015670652,0.047604332,0.50295113,0.879009198
MED27,440.837194,0.013575251,0.049834004,0.502278105,0.879009198
MSANTD2,222.4556962,-0.011320965,0.051054617,0.501394481,0.879009198
MTMR9LP,545.7465319,0.014446505,0.049163547,0.502646805,0.879009198
NDUFS7,2795.540144,0.014642243,0.04944612,0.500379784,0.879009198
NSL1,775.5696791,-0.015633019,0.047661219,0.500868867,0.879009198
P2RY13,177.2340658,-0.008955812,0.051708971,0.501207821,0.879009198
PIGBOS1,226.5028073,-0.012470206,0.050496376,0.49915727,0.879009198
POLA1,443.1086708,-0.014207176,0.049735055,0.50158082,0.879009198
PTK7,165.6904847,-0.00834844,0.051830386,0.500623399,0.879009198
PTPN6,10933.4076,-0.014657193,0.04898953,0.500692972,0.879009198
PYCARD,3003.924434,0.015672107,0.047683315,0.500334511,0.879009198
RRP9,468.3916849,0.01408144,0.049164437,0.50159385,0.879009198
RWDD1,884.3914078,-0.014375953,0.048847244,0.500896146,0.879009198
SEC22C,1312.733174,0.017479269,0.046256605,0.50176919,0.879009198
SF3A1,4794.143211,0.012614925,0.050336682,0.501560702,0.879009198
SLC10A7,328.2302164,-0.012227699,0.050894332,0.502704025,0.879009198
SLC38A10,4872.484333,0.015913586,0.047786319,0.498863347,0.879009198
SPDYE2,386.6075228,-0.013200655,0.050121228,0.499654228,0.879009198
TARS1,5088.40244,0.015940635,0.047407198,0.499241145,0.879009198
TDP2,2497.102168,0.017551745,0.045152055,0.501423563,0.879009198
TJAP1,1007.095131,0.016377196,0.046621151,0.502653129,0.879009198
TOMM7,1083.814046,-0.013894839,0.049617235,0.501175582,0.879009198
TPI1,8623.472484,0.023651519,0.047369061,0.498845888,0.879009198
TRAPPC5,1694.283187,0.013484318,0.049905525,0.501871864,0.879009198
TWF1,1581.605024,-0.015019669,0.048527817,0.502068779,0.879009198
WDR37,1918.761999,0.017881387,0.043172293,0.498558984,0.879009198
ZDHHC9,653.4149027,0.014330797,0.049264803,0.50255136,0.879009198
ZGLP1,43.5552238,0.006421292,0.052160509,0.498402929,0.879009198
ZNF16,156.6394101,0.011172929,0.051214039,0.501505068,0.879009198
ZNF518B,680.0672425,0.011269489,0.050772056,0.501360906,0.879009198
ZNF646,1656.544059,0.016181096,0.048945654,0.500280157,0.879009198
ZNF793,50.78893177,-0.005481239,0.052213315,0.499010436,0.879009198
ZSCAN25,403.7176922,0.013398149,0.050102797,0.501976137,0.879009198
TRPM7,2339.349262,-0.014583341,0.04882308,0.503277867,0.879022373
ZNF585A,321.323813,-0.01336871,0.049948575,0.503322874,0.879022373
FTSJ3,1514.774845,-0.016365438,0.045884542,0.503870933,0.879023793
INPP5B,922.738776,0.014265995,0.049849324,0.503752139,0.879023793
KRBOX5,470.90422,-0.010780396,0.05113651,0.503873907,0.879023793
PPOX,350.598924,0.012500542,0.050472271,0.503688294,0.879023793
PSMD7,2955.943892,0.018194332,0.046678308,0.503875275,0.879023793
SLAIN2,1510.743031,-0.007463235,0.051915883,0.50340747,0.879023793
WDR31,81.1876776,-0.007941361,0.05189369,0.503583194,0.879023793
WDR43,1546.970199,0.016272094,0.047579312,0.503694575,0.879023793
MRS2,1020.337597,-0.017060415,0.045701405,0.504200864,0.879351137
SGSH,3637.539874,-0.014737321,0.048450025,0.504158705,0.879351137
ANKLE1,112.7798067,0.008560152,0.051702885,0.504487763,0.879567146
APOL2,2581.602212,0.023191686,0.046071892,0.504920676,0.879567146
CERS5,1229.442531,0.015644795,0.048099871,0.505152611,0.879567146
CLTA,6026.81263,-0.01779827,0.042567951,0.505013639,0.879567146
DDX28,812.1467679,-0.016067365,0.047131689,0.504992281,0.879567146
ELMO3,120.4723036,0.009201008,0.051642114,0.505116391,0.879567146
EOGT,800.4211501,0.015382807,0.047599368,0.504713442,0.879567146
HAVCR1,75.45221829,-0.005781958,0.052208089,0.504977248,0.879567146
MAP4K5,973.3029794,-0.014376844,0.048837232,0.505122525,0.879567146
MDC1,843.4048673,0.011609563,0.050828746,0.505044314,0.879567146
PTPRA,4159.656741,-0.017812634,0.040546253,0.504636815,0.879567146
TOR1B,2156.344888,0.014443335,0.04905956,0.504695747,0.879567146
CDC27,1504.064633,0.013042602,0.050058743,0.5061858,0.880048418
FAM86B2,38.84587924,0.003868618,0.052361153,0.506257361,0.880048418
FCGR2B,315.8196857,-0.011194006,0.050981435,0.505557326,0.880048418
FRAT2,1060.09465,0.016051747,0.047029282,0.506204443,0.880048418
MEAK7,362.2154221,-0.012844997,0.0502007,0.505898019,0.880048418
OVOL1,179.7223737,-0.009278909,0.051584594,0.506035016,0.880048418
RSL24D1,2620.352572,-0.016923273,0.045556158,0.506094238,0.880048418
SLFN5,4358.479696,0.013372853,0.049230173,0.505813529,0.880048418
SS18L1,785.0008059,0.014644645,0.048820745,0.506190305,0.880048418
STK11IP,1282.147275,-0.013670273,0.049205765,0.505982228,0.880048418
TMEM167A,2627.081426,-0.016954911,0.045001292,0.506246833,0.880048418
TTC1,1398.357671,-0.018543237,0.043850272,0.505838999,0.880048418
BRMS1L,263.5417459,-0.010230188,0.051298453,0.506597798,0.880484158
CMC1,727.3619817,0.015399422,0.047949831,0.50667356,0.880484158
ENPP4,463.4717207,-0.01336073,0.049504503,0.506822895,0.880484158
HMOX2,1710.748891,0.015121971,0.047523114,0.506737847,0.880484158
NDUFA6,1413.433795,-0.01717758,0.046162877,0.506954088,0.880484158
SLC35B2,1509.032948,-0.016921806,0.044483496,0.506915624,0.880484158
ZNF555,141.6226068,-0.008896647,0.051661639,0.506991466,0.880484158
ACSS3,130.3814611,-0.00991004,0.051373592,0.507589562,0.88080465
CCDC14,680.5177974,-0.011043607,0.051118617,0.507580108,0.88080465
CYTH4,5415.463678,-0.018487168,0.045812065,0.507709096,0.88080465
EPB41,1240.181182,-0.014347899,0.046464886,0.50732401,0.88080465
METTL17,1215.795649,-0.017009711,0.044042495,0.507465733,0.88080465
NFIA,115.9864728,0.00816918,0.051836091,0.507581083,0.88080465
PTS,248.859459,-0.011363195,0.050826368,0.507728714,0.88080465
ZNF774,78.87104107,-0.005038798,0.052253979,0.507727833,0.88080465
ACBD3,2421.399526,-0.02000454,0.04417588,0.508104223,0.880947124
CCDC51,348.233499,0.014600947,0.048808094,0.508156338,0.880947124
DHDDS,1604.735177,-0.015884295,0.046345234,0.507964663,0.880947124
MIB1,1245.142747,-0.015431566,0.047644452,0.508131453,0.880947124
NELFCD,1663.724464,0.014522295,0.045366694,0.507916763,0.880947124
CWC27,974.8446416,-0.01534618,0.046987465,0.508364897,0.881069068
TADA2B,1319.194812,0.016803525,0.045100596,0.508337174,0.881069068
OSBPL6,77.41317779,-0.006199948,0.052121202,0.508720816,0.881566084
CD37,1143.473636,-0.014203474,0.048994907,0.508799466,0.881582549
GXYLT1,1168.160604,-0.012533078,0.05002282,0.509118544,0.881923225
PDCD7,796.2343395,-0.015571512,0.047361456,0.509261943,0.881923225
TMEM219,2236.786373,0.016141981,0.046944725,0.509265204,0.881923225
TP53I11,3901.085589,0.015985013,0.04570141,0.509272789,0.881923225
EXOSC10,2122.106882,-0.017054014,0.044393074,0.509427355,0.881951296
PHAF1,1691.345805,0.017205137,0.043404231,0.509414036,0.881951296
DNASE2B,118.2400537,-0.00861897,0.051701237,0.50954937,0.882042758
UBXN2A,610.8533187,0.014061384,0.049238194,0.50970847,0.882198382
ABHD14B,600.1860155,0.015181221,0.047945427,0.510549335,0.88227452
ARF3,8995.734852,0.017407081,0.0424396,0.510893939,0.88227452
C1QB,24269.71755,-0.017056906,0.045345436,0.510528588,0.88227452
C9orf40,238.9336202,0.010950373,0.051002495,0.511055943,0.88227452
COX5B,2409.291135,-0.015866898,0.046857977,0.510842115,0.88227452
DPH3,1429.120413,0.013874228,0.049053539,0.510571375,0.88227452
DUT,1233.97098,0.016111878,0.04723492,0.511274936,0.88227452
FAS,478.2953805,-0.011018636,0.050986491,0.51036482,0.88227452
LMNB1,1222.841167,0.015730985,0.047131725,0.51127107,0.88227452
MTHFSD,479.6056368,-0.015780435,0.049252071,0.511012197,0.88227452
PACS2,2672.222413,0.016613751,0.045732987,0.51033327,0.88227452
PDCD6P1,51.69454184,-0.00705329,0.052000857,0.509836059,0.88227452
PPP2R1B,504.8639122,-0.008840965,0.051598155,0.511040514,0.88227452
RAB11FIP5,452.6342016,0.012752037,0.049849336,0.511069886,0.88227452
RABGEF1,1092.282007,-0.016338001,0.045946715,0.511161318,0.88227452
RFXAP,117.2251244,-0.008904252,0.051619633,0.510758366,0.88227452
RPS13,5729.63292,-0.014247988,0.049131678,0.510420022,0.88227452
SERF2,13013.86723,-0.017226308,0.045697412,0.510677431,0.88227452
STK25,2344.309966,0.015747194,0.046933955,0.510817789,0.88227452
TP53TG5,44.91160523,-0.004230118,0.052322381,0.510074645,0.88227452
YWHAE,9269.449975,0.018699709,0.043934355,0.51050553,0.88227452
ZNF670,41.37547949,-0.005996425,0.052194198,0.510702929,0.88227452
NUP54,655.566097,-0.012647926,0.050149743,0.511486074,0.882280605
PIGT,4536.685827,0.013532889,0.049581815,0.511479195,0.882280605
ZNF324,336.9773664,-0.012111081,0.05037318,0.511373733,0.882280605
ABT1,780.732514,0.0160395,0.046092378,0.514409129,0.882339374
ATP5F1C,3218.882787,-0.016835254,0.046302058,0.513285013,0.882339374
BTG3,401.2776865,0.012511075,0.050089672,0.512170004,0.882339374
C8orf58,314.5421309,0.012488756,0.050281271,0.513697708,0.882339374
DLG2,50.01873144,0.005525752,0.052203876,0.512342729,0.882339374
DNHD1,576.550221,-0.012748651,0.050011333,0.512257124,0.882339374
EEF1AKMT3,334.9562239,0.011346254,0.050803775,0.512650424,0.882339374
FARS2,333.0132726,0.013540162,0.049542742,0.511970658,0.882339374
GMDS,208.169546,-0.010269724,0.051186079,0.513660675,0.882339374
HPS6,949.0467195,0.011495261,0.049081738,0.513689408,0.882339374
IDI1,1186.092187,0.014515231,0.04878914,0.513162327,0.882339374
INPP5K,1432.911492,0.016849863,0.044874514,0.514015579,0.882339374
JMJD6,670.8296159,0.015775805,0.04702075,0.512455178,0.882339374
LRRC27,189.4150111,-0.00977564,0.051332854,0.514280235,0.882339374
LYAR,888.1033086,-0.013257072,0.048184393,0.513844896,0.882339374
MEPCE,2220.561828,0.016098763,0.046681462,0.511651742,0.882339374
MON1A,302.1598698,0.013204484,0.049781371,0.512067098,0.882339374
MPLKIP,575.4801241,0.01485072,0.048365083,0.513024086,0.882339374
MRPL36,340.0922191,0.012903808,0.050132168,0.514660691,0.882339374
MUL1,1441.318399,0.015467158,0.047369376,0.514573482,0.882339374
MZT1,550.0156675,-0.012703352,0.049995418,0.514670461,0.882339374
NBAS,916.4617554,-0.014779938,0.047763564,0.513519051,0.882339374
NCOA3,2355.902445,-0.014391188,0.047878079,0.512359938,0.882339374
NFILZ,56.04763712,-0.006373385,0.052073969,0.514434303,0.882339374
PDPN,612.9069636,0.013368447,0.049593007,0.512482383,0.882339374
PHF19,1178.854596,0.016263231,0.045946664,0.514211585,0.882339374
PIK3C3,1181.956019,-0.011438374,0.050398747,0.51316452,0.882339374
PXMP4,193.0402272,-0.009594508,0.051294633,0.514280203,0.882339374
RAB20,2204.133073,0.017288564,0.043909616,0.513008663,0.882339374
RHOB,930.5404205,-0.014530392,0.04810765,0.512484543,0.882339374
RPL35A,5520.356263,-0.017585244,0.047066932,0.514703736,0.882339374
RXRB,1898.93827,-0.016643823,0.04525962,0.513173011,0.882339374
RYK,880.1371567,-0.013824835,0.049238807,0.512876877,0.882339374
SBDSP1,157.814271,-0.010880043,0.050941146,0.514475602,0.882339374
SHISA9,37.5285365,-0.006312334,0.052085976,0.514498206,0.882339374
SLC35F6,2132.823185,-0.015528621,0.045711881,0.512903701,0.882339374
SLC7A5P2,89.88919575,0.007501549,0.051914429,0.512087822,0.882339374
STOML2,1539.088856,0.017637527,0.046144952,0.513846941,0.882339374
TENT4A,1031.254504,-0.015238183,0.047596252,0.513487706,0.882339374
TINF2,1361.245594,-0.016491931,0.046319432,0.514050325,0.882339374
TMEM141,524.0440186,-0.014863215,0.047965925,0.514025256,0.882339374
TMEM175,1157.031692,0.01368749,0.049331229,0.514439881,0.882339374
TMEM94,3822.353559,0.011332983,0.050125639,0.512958114,0.882339374
ULK1,1740.554639,0.012785258,0.050097807,0.51243291,0.882339374
ZNF222,86.02980013,0.008634131,0.051692825,0.512011393,0.882339374
ZSCAN2,293.5595766,-0.011388381,0.050748952,0.513991379,0.882339374
PRICKLE2,161.6696846,0.01134785,0.050893783,0.514807767,0.882363004
TRIQK,636.1379536,0.010960118,0.050808359,0.514855941,0.882363004
DGCR6L,941.5851467,0.015040286,0.047972931,0.514980914,0.882387855
ZXDC,1388.122778,0.015189831,0.046509482,0.515008866,0.882387855
EPSTI1,2173.974362,0.013972228,0.049024417,0.515263543,0.882705577
FAM53C,2342.342789,0.016437796,0.044748213,0.515399631,0.882764513
TMEM41B,678.9072491,-0.014122467,0.048845934,0.515436429,0.882764513
ZNF517,207.3385015,-0.00914944,0.051505977,0.515578636,0.882889461
S100A16,47.63472039,0.005970954,0.052126754,0.515704132,0.882985762
GAS7,6002.154605,-0.013586726,0.044518011,0.515912876,0.883105968
TSPAN33,955.0803541,0.013506576,0.049139779,0.51585487,0.883105968
ZNF7,515.8842502,0.014733206,0.048222058,0.5162154,0.883505187
HEBP2,514.7938469,0.011374251,0.050697827,0.51654622,0.883830864
RTCB,3510.81153,0.017058736,0.041858811,0.516613663,0.883830864
STEEP1,577.3903423,-0.012473715,0.050033295,0.516531919,0.883830864
ALAS1,7066.651003,-0.012544024,0.041740163,0.516717305,0.883889564
COLGALT2,44.33338682,-0.005787932,0.052144151,0.516818737,0.883944471
PRMT7,856.8983086,-0.014743665,0.04782591,0.5171841,0.884450717
ATP5F1E,2965.745776,-0.015507061,0.046905478,0.518088701,0.884684668
C19orf81,38.65879022,0.005848112,0.052146984,0.517856166,0.884684668
CCNH,817.9535815,-0.015030993,0.047612981,0.517779429,0.884684668
DBNDD2,1175.949203,-0.015557415,0.046954033,0.517599326,0.884684668
EFNB1,1363.707839,0.01491507,0.047404246,0.518004941,0.884684668
FBXL2,162.5716872,-0.00894722,0.051507924,0.51776188,0.884684668
GUK1,2644.025106,0.015118381,0.046767736,0.518223006,0.884684668
LRRC69,52.23056038,-0.00518166,0.052211984,0.517836055,0.884684668
PLCE1,70.59608856,-0.006091697,0.052079001,0.518144251,0.884684668
RPS2,18790.68093,0.016094175,0.044644565,0.517702014,0.884684668
SLX4,701.4795007,0.015712572,0.046734885,0.517700008,0.884684668
UBE2H,3106.234027,-0.015538755,0.046872046,0.517883698,0.884684668
ZNF701,186.0874098,-0.009840669,0.051263527,0.518164911,0.884684668
ARL6IP6,916.0518648,0.015457102,0.047160147,0.518754738,0.885355308
MED13,2357.331637,0.012967625,0.049634582,0.518726542,0.885355308
SLC66A2,2586.715163,0.015663728,0.047504642,0.518939466,0.885552035
AP2A2,3725.026355,0.018319045,0.046065073,0.52032496,0.885590999
CFL1,27260.19738,0.015463192,0.04770929,0.520204291,0.885590999
CIMAP1B,1449.606461,0.013698657,0.04910252,0.519883521,0.885590999
DBNL,7255.423422,0.016597014,0.043834297,0.519667344,0.885590999
FBXO8,478.8849459,-0.013954939,0.048780837,0.519534248,0.885590999
GATB,981.0858499,0.009900818,0.047644177,0.520368138,0.885590999
GNPDA2,333.7895357,-0.011944095,0.050281187,0.519972485,0.885590999
KAT5,1447.364396,-0.014913605,0.047692887,0.520167248,0.885590999
MCMBP,2076.541131,0.015840711,0.045087387,0.520099158,0.885590999
MIB2,1031.944403,-0.012642061,0.050133221,0.519832197,0.885590999
MORC2,1136.293337,0.015685952,0.046551095,0.52047114,0.885590999
MORN3,53.21230514,0.006809935,0.051993927,0.520334785,0.885590999
PRPF40B,128.8680237,-0.007605361,0.051834934,0.519517044,0.885590999
RFXANK,878.1511849,0.013122703,0.04963395,0.51955321,0.885590999
SDCBP2,55.19674522,-0.006620734,0.052013845,0.519933999,0.885590999
SEPTIN3,420.5514022,0.015236215,0.048880451,0.520273385,0.885590999
SEPTIN6,1549.858815,0.018162057,0.047301373,0.519599721,0.885590999
SLC12A6,3162.436184,-0.015085347,0.046438393,0.520160694,0.885590999
SLC27A3,2415.965041,0.014196776,0.048317637,0.520081282,0.885590999
SPTBN4,45.04691325,0.005020512,0.052232373,0.519341351,0.885590999
TMEM254,485.0112404,-0.011859659,0.050355263,0.519866704,0.885590999
ZNF611,254.061381,-0.010283373,0.051062246,0.520490498,0.885590999
STS,883.5883793,-0.013513406,0.049250462,0.520577454,0.885620758
ALS2,782.4885791,-0.012139952,0.050141678,0.52183632,0.885644275
ARID1B,2830.586022,0.015043974,0.046871529,0.522281739,0.885644275
B3GNT7,784.8852967,-0.017014944,0.048181155,0.521556565,0.885644275
CHD1L,2467.400639,-0.017024629,0.040790151,0.521980393,0.885644275
DNAJC3,3416.145416,0.015986857,0.045839251,0.522405248,0.885644275
EVI5L,521.3562926,0.010704772,0.050798136,0.522152228,0.885644275
FAM110A,737.5698548,0.011478345,0.050537257,0.521902585,0.885644275
FAM156A,729.4676176,0.005770339,0.052157457,0.52070383,0.885644275
FAM20C,10958.62057,-0.014985377,0.047477595,0.522070909,0.885644275
GET1,335.1114122,-0.0125069,0.049842296,0.522605842,0.885644275
GPX7,47.14458744,-0.00613235,0.052082581,0.521298549,0.885644275
GRTP1,33.69225169,0.005717811,0.052142719,0.522135095,0.885644275
GTF2IP1,506.6189248,-0.009852002,0.05124475,0.521524599,0.885644275
IKZF2,373.418327,-0.011504729,0.050505377,0.521348803,0.885644275
NOMO2,5101.594856,0.012702602,0.049947994,0.520956764,0.885644275
PICALM,9129.266514,-0.017112917,0.044882213,0.5224867,0.885644275
PRKAG1,1522.326629,-0.01684291,0.042890236,0.521909523,0.885644275
REXO2,839.0874098,0.015901723,0.046057809,0.522545186,0.885644275
RPS3,20683.78876,-0.008338419,0.042111002,0.521557604,0.885644275
SELENOT,3529.139554,0.016424117,0.043762684,0.521555328,0.885644275
SLC30A6,842.582769,-0.014832644,0.047833146,0.52144754,0.885644275
TMEM150A,936.867778,0.016420282,0.050106943,0.521861679,0.885644275
TMEM53,886.2981742,0.012213944,0.050028293,0.52200716,0.885644275
TRAPPC8,1756.660694,-0.01492461,0.047073145,0.522295792,0.885644275
TTC12,191.1453109,-0.009203258,0.051390152,0.521128177,0.885644275
TUBGCP4,578.2832245,-0.01491901,0.047705298,0.521474441,0.885644275
UCKL1,997.0627524,0.014757319,0.047857077,0.521468906,0.885644275
ZNF628,353.6116151,0.009507972,0.051337682,0.522586168,0.885644275
ZSCAN20,229.4046106,0.008301287,0.051676219,0.521227289,0.885644275
AARS1,8515.152925,0.014178401,0.04361474,0.52285495,0.885681298
FLVCR1,284.3017385,-0.011318112,0.050593965,0.522857888,0.885681298
METTL13,1462.104202,0.016392065,0.044990983,0.522905571,0.885681298
SPN,6843.882887,-0.015742207,0.045564887,0.522773146,0.885681298
FAM149B1,553.0130513,-0.014634048,0.048380072,0.523027471,0.885753725
NPM1,14189.79009,-0.01706265,0.044604903,0.523087285,0.885753725
ARMCX6,1230.728073,-0.013061842,0.046273647,0.523964722,0.885785231
ATP5ME,1349.142607,-0.015870178,0.046565973,0.523934069,0.885785231
DDX18,1715.800436,0.014887204,0.04722794,0.523780232,0.885785231
FAM228B,227.4445606,-0.011120538,0.050725517,0.523738226,0.885785231
GRN,69479.3978,0.013720315,0.048965162,0.523242827,0.885785231
H1-10,5017.682713,0.014261735,0.047362076,0.524009116,0.885785231
HINT2,630.2469568,0.014235438,0.048283204,0.523965904,0.885785231
NR3C1,2568.63317,-0.013814632,0.046659745,0.523797603,0.885785231
PHKB,2023.138562,-0.015461992,0.046585312,0.523897828,0.885785231
SPG21,3992.681402,-0.016868098,0.041528272,0.523381652,0.885785231
SRRM2,21982.62529,-0.01863357,0.047243705,0.523638073,0.885785231
TAF15,5451.807535,-0.01754011,0.047136814,0.523753767,0.885785231
ZBTB22,836.1370722,0.014257468,0.048758735,0.523872715,0.885785231
LRP5L,159.3784421,-0.009991612,0.051118966,0.524176066,0.885949976
NAP1L4,1653.476934,-0.016464805,0.044544552,0.524375409,0.886169418
FAR1,2864.004343,0.012932067,0.048743601,0.524576149,0.886390162
TBL2,2425.907595,0.014023621,0.048496666,0.524645083,0.886390162
API5,2573.123385,0.014668343,0.04497615,0.52676719,0.88681492
CHMP5,2221.293444,0.016214223,0.046131697,0.525920235,0.88681492
CHURC1,2166.976648,-0.014323544,0.047872747,0.526965887,0.88681492
CMBL,224.3125766,-0.010304308,0.050886664,0.526441634,0.88681492
D2HGDH,890.8085881,-0.007475986,0.049103511,0.525546811,0.88681492
DCTN1,4710.363391,0.017782594,0.044368183,0.52698328,0.88681492
ELMO1,1319.66884,-0.013523065,0.047492602,0.525185543,0.88681492
FAM72A,185.5677404,-0.010302656,0.050870484,0.526075496,0.88681492
GBA2,1778.899397,0.016297571,0.044347856,0.525362899,0.88681492
GJA1,52.81839462,0.006403622,0.052023817,0.526553651,0.88681492
IHO1,47.94911087,-0.006071147,0.052064488,0.526217067,0.88681492
JPH4,58.73927901,0.006009884,0.052084458,0.526936997,0.88681492
LSM14A,3070.058041,0.017965503,0.048184323,0.526034747,0.88681492
LSR,238.5006772,0.00991047,0.051147181,0.526182119,0.88681492
NABP2,653.1690956,0.014897295,0.047559133,0.525076088,0.88681492
NPIPB2,339.1890845,-0.011839589,0.050233632,0.525246849,0.88681492
OXNAD1,380.8305679,-0.012427068,0.049815077,0.526193896,0.88681492
P2RY8,68.72438214,-0.007419669,0.051884121,0.525991526,0.88681492
RABGGTA,1632.599065,0.014453473,0.04704593,0.526249569,0.88681492
RAD54B,109.02384,-0.007256771,0.051858953,0.526347976,0.88681492
SCGB3A2,44.15403105,-0.006133473,0.052057751,0.526770107,0.88681492
SMIM30,1383.72007,-0.012237811,0.050022943,0.525882099,0.88681492
SS18L2,331.4848743,0.012748453,0.049655188,0.526919428,0.88681492
STAG3L4,46.17818603,-0.00638453,0.052021771,0.525547214,0.88681492
TOMM6,2305.814362,-0.016660738,0.043210666,0.526623403,0.88681492
TRAF4,192.6957516,0.008655644,0.051537259,0.526555695,0.88681492
USP27X,127.5749096,-0.009722458,0.051144871,0.526498945,0.88681492
WDR59,679.6382742,-0.015050104,0.04729176,0.526393547,0.88681492
ZNF639,413.0014957,-0.012444765,0.04964935,0.526626325,0.88681492
ZNF799,72.87129734,-0.007283306,0.051857206,0.525290498,0.88681492
TBC1D7,476.1363819,0.013860942,0.048288856,0.527123575,0.88693394
CDKAL1,326.4484847,-0.013249798,0.049089608,0.528265351,0.887497891
CMPK2,2108.912769,0.010836665,0.050769027,0.528508195,0.887497891
COPS8,838.1063351,0.015718927,0.046062389,0.528126537,0.887497891
CUL1,2232.24425,-0.01644669,0.043417367,0.528605088,0.887497891
FLOT2,4521.430353,0.015504979,0.046156673,0.528347237,0.887497891
GSAP,1758.028417,0.014092226,0.04822294,0.527907542,0.887497891
HAUS5,413.0000251,-0.0125292,0.049681082,0.528606936,0.887497891
HAVCR2,8393.850217,-0.015433004,0.040055703,0.528079341,0.887497891
HTATIP2,1173.129598,0.016035365,0.045008592,0.528292972,0.887497891
MRPL47,634.4692687,-0.01099512,0.05050561,0.528440935,0.887497891
NDUFA4L2,48.38660692,0.00577181,0.052111687,0.528642167,0.887497891
PCNX1,3149.102143,0.016204456,0.04449349,0.527601389,0.887497891
PLPP6,341.9421494,0.013045054,0.049367231,0.527954016,0.887497891
PMS2P3,40.78465904,-0.005950312,0.052100036,0.527670459,0.887497891
QARS1,5920.393436,-0.016066462,0.044846816,0.527886866,0.887497891
SNRPD2,2115.415347,0.015822623,0.045285027,0.527902458,0.887497891
TMBIM4,2539.57934,-0.01578501,0.044793363,0.528147114,0.887497891
ZNF681,38.47607646,0.005116169,0.052189553,0.528714928,0.887503175
RARS1,1758.401841,0.015587459,0.045952172,0.528836003,0.887589547
OPHN1,465.0932213,-0.015018777,0.04917474,0.528973565,0.887703564
LYRM9,160.3459446,-0.009221509,0.051278318,0.529135103,0.887857781
BLM,245.3678878,-0.009834761,0.051191425,0.529574993,0.888088384
CCDC43,851.9957884,-0.015162814,0.046612841,0.529544378,0.888088384
HSD11B2,32.52114307,0.005018765,0.052161716,0.529620832,0.888088384
STOM,6446.991572,-0.015995749,0.039158175,0.529459787,0.888088384
ZFPM2,47.53871352,-0.006146964,0.052041485,0.529468654,0.888088384
BLOC1S4,629.8481607,0.014699159,0.04791893,0.529727395,0.888142893
CBR4,512.6105209,-0.012431729,0.050142168,0.529946752,0.888142893
KANSL2,516.5698153,-0.012780458,0.049475203,0.529887388,0.888142893
RAP2A,6321.926948,-0.016459906,0.045011627,0.530001657,0.888142893
TBC1D19,40.06073011,0.005437398,0.052146488,0.529994702,0.888142893
PCDHGB7,344.5969359,-0.012251707,0.049830376,0.530072594,0.888145025
NUP153,1727.091808,0.016976357,0.048583572,0.530157884,0.888171205
CTC1,774.0365539,0.013355903,0.049305851,0.530715947,0.888289039
CYP2R1,282.7603471,0.010592807,0.05079014,0.530594409,0.888289039
ELMO2,2329.025675,-0.016992323,0.043377056,0.530456137,0.888289039
FRA10AC1,339.7462067,-0.010589421,0.050752823,0.530565119,0.888289039
MRPL49,1198.397796,0.01603771,0.04474741,0.530351868,0.888289039
OTUB1,3450.119356,0.014351984,0.046887768,0.530662882,0.888289039
RAB37,36.27598485,0.005519727,0.052154723,0.530561427,0.888289039
ATF1,698.859591,-0.015378379,0.046945602,0.53118355,0.88838386
BIRC6,3090.092068,-0.014697205,0.046555057,0.531260377,0.88838386
CNKSR2,51.61810556,-0.006566348,0.051997077,0.531078013,0.88838386
IDH3B,2350.63342,-0.015202815,0.042848337,0.530989799,0.88838386
RBM25,3825.138133,-0.01673105,0.04103357,0.5312499,0.88838386
RBPJ,3606.320209,-0.013882781,0.047382453,0.530944215,0.88838386
ZMYND8,1591.310557,0.014569451,0.047289473,0.53091389,0.88838386
USP7,2871.969075,0.013914058,0.048280231,0.531456876,0.888595897
ALKBH5,2250.059518,0.015944797,0.046047324,0.533553429,0.888837406
ARL6IP4,2958.888049,0.016658909,0.045593105,0.533335424,0.888837406
ARNT,1486.778549,-0.012455676,0.049553992,0.533528026,0.888837406
BRCC3,1218.152654,0.014604809,0.047504596,0.532011386,0.888837406
BSG,15110.51389,0.008733389,0.046614241,0.532854584,0.888837406
CCT6P1,73.48936314,-0.007242419,0.051812376,0.533024519,0.888837406
CEP57L1,392.7830284,-0.010127946,0.050904161,0.53322253,0.888837406
E2F5,103.5164352,0.007281023,0.051819958,0.532739361,0.888837406
FANCL,889.094852,0.014223775,0.046802037,0.532854752,0.888837406
FMC1-LUC7L2,710.0731672,-0.009885211,0.049359379,0.531709049,0.888837406
GATM,1178.646844,-0.015324772,0.045845206,0.532207755,0.888837406
GMPS,1245.86495,0.013456989,0.047143154,0.532581872,0.888837406
GPR146,304.5407085,-0.011218884,0.050433479,0.532921306,0.888837406
H1-2,227.3006763,-0.010397052,0.050861699,0.532829833,0.888837406
HSCB,274.8886501,-0.01197784,0.049919813,0.533275692,0.888837406
INPP4B,57.03533845,-0.005109996,0.052191699,0.532094192,0.888837406
JAGN1,752.9000512,-0.016036386,0.046043115,0.532741066,0.888837406
KDM5B,1253.862669,-0.013954254,0.048153056,0.532520779,0.888837406
KLHL28,496.9340916,-0.010607479,0.050882095,0.532538394,0.888837406
LACTB,4725.705512,-0.012512098,0.040318142,0.533518384,0.888837406
NIBAN1,4444.033754,0.014894444,0.047435275,0.531992383,0.888837406
NME3,687.5184096,0.012750247,0.049215949,0.532339417,0.888837406
OPRL1,399.5322949,-0.010980217,0.050399253,0.533085285,0.888837406
PCOLCE,100.5451867,0.007085509,0.051867487,0.532579402,0.888837406
PDIA6,7988.289576,0.023346127,0.048120916,0.531957102,0.888837406
PRUNE1,284.4629267,-0.011408314,0.050284451,0.531843672,0.888837406
STK19,386.243613,0.012368853,0.049222098,0.533403045,0.888837406
ZFYVE1,1123.734353,-0.011526482,0.04976014,0.533340266,0.888837406
ATR,1285.704665,0.011954657,0.049954764,0.534761316,0.889443366
B4GALNT2,302.7995509,-0.009559347,0.051151566,0.534162661,0.889443366
BPHL,322.7963679,-0.01111434,0.050401018,0.534386265,0.889443366
BTBD6,1229.210016,0.014501137,0.047410492,0.534593256,0.889443366
DIPK1B,112.1451612,0.008865798,0.051404806,0.534065214,0.889443366
DNM1L,1501.040747,0.013098393,0.049153645,0.53453383,0.889443366
HEXIM2,237.1035617,-0.010845179,0.050559305,0.534653524,0.889443366
RDX,3672.520997,0.014299076,0.048034504,0.534767249,0.889443366
RRP1B,1396.915433,0.015506595,0.045361759,0.534604446,0.889443366
SEC31A,3300.630764,-0.015959249,0.044060965,0.534971976,0.889443366
SEH1L,800.0061008,-0.013268118,0.048896542,0.535031649,0.889443366
TBRG4,1652.128494,0.013928033,0.048088405,0.534799228,0.889443366
TMEM131,2223.135003,-0.016115965,0.045254075,0.53457102,0.889443366
TUSC1,399.7303094,0.011833849,0.050134059,0.534839425,0.889443366
WDR12,670.3905939,0.010555545,0.050461544,0.535033428,0.889443366
ZNF528,164.8400034,-0.007259952,0.051658018,0.534828934,0.889443366
MED1,1923.24111,0.014595613,0.047242154,0.535266341,0.889714548
AGFG2,242.4997319,0.010887552,0.050525243,0.536374261,0.889825055
AP2A1,5272.484104,0.010596117,0.050164895,0.535792479,0.889825055
B4GAT1,528.012483,-0.014101834,0.048063089,0.535521967,0.889825055
BHLHE41,6442.927346,-0.016722882,0.042159788,0.536263734,0.889825055
CAPN1,5652.262087,0.015375412,0.046888408,0.535713372,0.889825055
CCDC125,379.7146944,-0.012986733,0.048856067,0.536036061,0.889825055
DUS3L,1116.579244,0.013383805,0.048636965,0.535990609,0.889825055
GABPB1,413.515001,0.012408508,0.049595387,0.536379759,0.889825055
HERPUD1,2235.922633,0.015438837,0.04446142,0.536150096,0.889825055
MBLAC1,83.16159534,0.008001502,0.051600733,0.536253425,0.889825055
PKDCC,188.8472354,-0.007575206,0.05168751,0.535803615,0.889825055
SDHC,2683.236033,-0.01579753,0.04438258,0.535708899,0.889825055
SMARCAD1,1142.130158,-0.013613193,0.048130438,0.535989777,0.889825055
SVIP,147.0064602,0.008722051,0.051402788,0.536289232,0.889825055
USP42,560.641349,-0.014512704,0.047298307,0.536095592,0.889825055
HIGD1A,1937.132736,0.017204253,0.047682747,0.536494422,0.889832168
RPSA,11475.54853,0.018433923,0.044364525,0.536523639,0.889832168
KRIT1,1026.902512,-0.015317624,0.0457999,0.536676471,0.889854119
TAPBPL,904.1787563,-0.014669576,0.046866388,0.53663764,0.889854119
MUC20,107.2304779,-0.008027498,0.051571799,0.537247823,0.890662906
SUCO,634.4311639,-0.013587281,0.048412672,0.537303978,0.890662906
ERAL1,1053.555628,0.014605354,0.047046791,0.537663132,0.891052905
PAIP1,1915.688815,-0.015732009,0.043601785,0.537748926,0.891052905
TCEA2,326.5258646,0.010037151,0.050890574,0.537703936,0.891052905
IRF5,5181.326576,0.014260365,0.047565094,0.537890928,0.891172377
SMOC1,37.34910217,0.004761942,0.052204532,0.53813788,0.891349855
WDR13,2964.69058,0.010829224,0.048792645,0.538125568,0.891349855
GRAMD2B,116.2090189,0.007263264,0.051798929,0.538584741,0.891858276
UMAD1,434.7758972,-0.010792346,0.050511242,0.5385485,0.891858276
ARID3A,3918.416877,0.010895043,0.050465042,0.538707666,0.891945979
DXO,307.4011256,0.011105044,0.050293577,0.538863184,0.891971791
SENP1,445.9352423,0.011232598,0.050254095,0.538810924,0.891971791
UBE2N,1226.950048,0.015336269,0.046174022,0.538976114,0.892005216
ZFAND4,150.1348147,-0.009906706,0.050923026,0.539092664,0.892005216
ZSCAN9,227.4838825,-0.010100371,0.050834132,0.539093277,0.892005216
LRRC41,2204.442872,0.015512492,0.044874673,0.53921984,0.892098851
SDCCAG8,1974.600824,-0.013981291,0.048184142,0.539330197,0.892165652
RETREG2,4043.206608,0.015771404,0.046599393,0.539419539,0.892197678
BNIP3,441.8188937,0.013576932,0.048490794,0.539492695,0.892202927
SRP68,2176.7848,-0.016194551,0.04260805,0.539714322,0.892453682
SEC11C,1062.409519,-0.01076534,0.048063255,0.539923305,0.892683468
MIIP,1341.643551,0.012086398,0.049698625,0.540029578,0.892743399
ESYT2,1958.114304,-0.014820362,0.046312303,0.540196166,0.89290301
SASS6,170.6654202,-0.009308944,0.051138903,0.540308641,0.892973147
CDC5L,1532.169147,-0.015886097,0.04477146,0.540443198,0.89304727
INTS14,1068.624879,0.014687186,0.046641422,0.540659414,0.89304727
MMP14,38517.53311,0.015244796,0.045658078,0.54077378,0.89304727
OSM,164.4512743,0.008512091,0.051412099,0.540644861,0.89304727
SDHD,2546.479805,-0.015198345,0.046302733,0.540732974,0.89304727
WASH3P,162.6489712,0.008243136,0.051508638,0.540554944,0.89304727
DNAJC14,1320.283497,0.015538333,0.043934803,0.540950804,0.893223908
HAGH,1779.541763,0.015118315,0.045638218,0.541397575,0.893340802
MRPS24,1202.574898,0.013892009,0.047774738,0.541429649,0.893340802
NUDCD2,709.7425355,0.013259842,0.048641586,0.541111122,0.893340802
PLLP,192.0266877,-0.009364468,0.051052181,0.541442025,0.893340802
SH3D21,1805.07327,0.009685772,0.048810155,0.541363602,0.893340802
TRMT5,637.8509847,0.011211244,0.05022659,0.541278558,0.893340802
DCAF15,1412.300488,-0.012297794,0.049040002,0.542083625,0.893754022
PIP4P1,1754.750612,0.015211406,0.045000955,0.542183199,0.893754022
RIPK3,1057.856944,-0.015875896,0.045190179,0.542040282,0.893754022
STRIP2,160.9919848,-0.007211641,0.051744351,0.542180133,0.893754022
THAP6,355.4257198,0.010107699,0.050786133,0.542123085,0.893754022
TIGAR,1603.027084,0.013139271,0.048722287,0.542098289,0.893754022
ZNF205,459.3899418,0.012139929,0.049630161,0.541963613,0.893754022
RHD,61.68551319,-0.006636697,0.051870953,0.542411112,0.89392894
TTC3P1,39.42597846,-0.005634094,0.052064412,0.542429546,0.89392894
PI4KAP1,384.093155,-0.012877294,0.048953153,0.542653739,0.893951741
SET,7556.32589,-0.015299235,0.045991025,0.542568609,0.893951741
SLC12A7,3850.862324,0.014802895,0.044609816,0.542589881,0.893951741
MAP7,346.0666808,-0.011932095,0.04972195,0.542747026,0.893989901
DMTF1,1229.965593,-0.011007174,0.05032492,0.542913459,0.894021103
ERCC6L2,778.3840825,-0.011637449,0.049841919,0.542928136,0.894021103
ZNF530,101.2393905,-0.007655705,0.051767519,0.542976343,0.894021103
LARP1,8077.954161,0.015499302,0.043876515,0.543156909,0.894202923
NADK2,724.5431923,-0.013170875,0.048548302,0.543303387,0.894328584
PRR14L,1509.923615,0.014098263,0.04737266,0.543389619,0.894355055
CFAP184,67.06641925,0.007174493,0.051772483,0.54362128,0.894620847
ZNF85,125.3728318,0.007590056,0.051604222,0.543694894,0.89462651
UBE2D4,585.6648541,-0.014084355,0.048164299,0.543820523,0.894717751
STMN3,35.09470184,-0.005172175,0.052039869,0.544047233,0.894975248
ARG2,446.6168913,-0.012207883,0.049404526,0.544259192,0.894977485
CRELD2,1072.065256,0.013667304,0.047863794,0.544190421,0.894977485
ZNF70,243.2799656,0.010718743,0.050429799,0.544206012,0.894977485
SH2D3C,333.4873275,-0.007808503,0.051574339,0.544463933,0.895088005
SLC35F5,3307.812719,-0.012619418,0.048548086,0.544488034,0.895088005
ZNF28,322.1023867,-0.005188578,0.052108453,0.544537027,0.895088005
AGAP13P,75.4984668,-0.006000226,0.051993142,0.544634015,0.895132017
ZC3H13,3638.729071,-0.015097914,0.041986574,0.544819011,0.895205254
ZNF350,181.3124734,-0.008108917,0.051449227,0.544780589,0.895205254
CCDC40,199.9616318,-0.010677519,0.050413129,0.545122252,0.895241992
COIL,471.0495492,-0.012128597,0.049093989,0.544997574,0.895241992
NSMCE4A,556.1081938,-0.013797576,0.047656977,0.544917793,0.895241992
XRRA1,151.0562725,0.007601755,0.051623884,0.545060724,0.895241992
ACP6,370.0243244,0.010285736,0.050640423,0.546073078,0.895282312
AHNAK2,893.9152954,0.011614488,0.049832763,0.545575278,0.895282312
ARHGEF18,2249.361852,0.019262837,0.049401347,0.546241451,0.895282312
C5orf15,1861.979118,0.014990656,0.045950948,0.545369354,0.895282312
EEPD1,1850.821385,0.01464173,0.046362785,0.546644828,0.895282312
G3BP2,4068.00452,-0.015261931,0.046050183,0.545763184,0.895282312
ICAM5,67.59409701,-0.006031634,0.051968519,0.545951337,0.895282312
IGF2BP1,4369.963273,0.012714635,0.048655475,0.545711454,0.895282312
LRRC4,263.6338851,-0.007946604,0.051464625,0.545744558,0.895282312
MAP2K5,519.3760894,-0.013134949,0.048351011,0.546600673,0.895282312
NAAA,947.4947734,-0.015098805,0.045845331,0.546146926,0.895282312
NHERF2,58.3068377,0.006785077,0.051851155,0.545308725,0.895282312
NSUN5,834.4829039,0.014269032,0.046793166,0.545627079,0.895282312
RTL10,707.6901045,0.014614736,0.046434317,0.54616951,0.895282312
SLC29A1,10496.94557,-0.015201143,0.045781817,0.546650944,0.895282312
SLC38A1,37.08683773,-0.004917928,0.052142374,0.546518986,0.895282312
SMAP2,1649.721456,-0.016034076,0.043558974,0.546505036,0.895282312
SMIM15,1767.823364,0.013734482,0.047660016,0.546304036,0.895282312
SREK1IP1,893.1249494,0.014593605,0.046408422,0.546691724,0.895282312
TCERG1,1549.309967,-0.012283185,0.048696987,0.546152099,0.895282312
UBE2C,535.6816663,-0.012730549,0.048872536,0.546546478,0.895282312
ZNF354A,235.7167421,-0.009907674,0.050790259,0.545627838,0.895282312
KMT2C,2902.949306,-0.01550809,0.044010719,0.547355095,0.895388519
MCEMP1,727.7025062,0.011420021,0.049915478,0.547407191,0.895388519
NEIL3,67.96253912,0.0069554,0.051785135,0.547319963,0.895388519
NEU1,4637.181953,-0.014679393,0.044810348,0.547264198,0.895388519
OR8D1,57.74325399,0.005036938,0.05214442,0.546903912,0.895388519
PPIL6,57.86394564,-0.006231906,0.051893288,0.546826974,0.895388519
PRPS1,1243.603154,0.015024321,0.046279145,0.547240287,0.895388519
PTCD2,235.9636141,-0.008416839,0.051333866,0.547178345,0.895388519
SWAP70,3612.437088,-0.016447264,0.042259002,0.547341911,0.895388519
U2AF1,2147.6708,-0.014845132,0.045448889,0.547458899,0.895388519
LDAF1,521.4528361,0.012877056,0.048680026,0.547642959,0.895574665
AKAP11,1914.872923,-0.012353726,0.04914913,0.547933475,0.895629894
APBB1IP,6868.673476,-0.01524706,0.043915231,0.547957736,0.895629894
FDXR,326.2655365,0.010735802,0.050360563,0.547856851,0.895629894
TOMM22,1212.514831,-0.01276337,0.047279013,0.547867572,0.895629894
C21orf58,274.8768795,-0.010613753,0.050473889,0.548179143,0.895679956
HDAC8,639.8058512,-0.013626168,0.047690391,0.548199129,0.895679956
ING3,393.0231249,-0.00994467,0.05003021,0.548184942,0.895679956
DDOST,9274.385958,-0.010986893,0.039856118,0.548324949,0.89577073
VDAC2,2673.711782,0.015194796,0.044788477,0.548503043,0.895946867
BUB1B,749.0729921,-0.008765703,0.051211743,0.548657138,0.896083763
CCDC146,190.9855509,-0.010208558,0.050581502,0.549275006,0.896595301
GGCT,1085.184364,0.013545945,0.045801634,0.549127101,0.896595301
NUP107,993.8096835,0.012041385,0.04947374,0.549462631,0.896595301
RNF220,3036.210174,0.016904099,0.040724818,0.549437797,0.896595301
TBC1D25,565.7696778,0.013219393,0.048216693,0.549445461,0.896595301
THBS2,94.05484265,0.006882411,0.05175245,0.549185796,0.896595301
UPP1,3522.792577,0.015546325,0.045352619,0.549256544,0.896595301
FRMD4B,1279.627361,0.012222737,0.049152256,0.549703166,0.896732358
MISP3,63.2655412,0.006281615,0.051895448,0.549898312,0.896732358
RPL30,7923.238962,-0.014456843,0.046930825,0.549806122,0.896732358
UBE2M,3233.994269,0.015888029,0.043362763,0.549659967,0.896732358
ZNF800,572.6554024,-0.012299068,0.048781418,0.549874031,0.896732358
GNPTG,4845.868118,0.014443675,0.046458835,0.550089578,0.896880555
IARS2,3968.440619,-0.014577296,0.041462134,0.550179025,0.896880555
SNCA,2044.603384,0.015644499,0.042967166,0.550200237,0.896880555
ABCA7,1658.115397,-0.009346225,0.050913932,0.550773376,0.896942902
ATG101,1058.055305,0.013755348,0.04912279,0.550572909,0.896942902
C3orf18,113.6587077,-0.00825347,0.051297467,0.550857259,0.896942902
FAM241A,788.784149,0.013339033,0.046029973,0.550716234,0.896942902
GK5,367.9470775,-0.010202965,0.050603166,0.55087167,0.896942902
JOSD2,742.0962616,0.012260873,0.049002827,0.550785213,0.896942902
KIF16B,1036.133796,-0.013065502,0.048288974,0.550538883,0.896942902
POLM,496.2979392,0.010517155,0.049971186,0.550708041,0.896942902
TRIM11,1116.292949,0.012959898,0.048763667,0.550419118,0.896942902
ALX3,111.0738404,0.008221011,0.0514127,0.550956865,0.896967064
HIVEP2,415.0243141,-0.010582439,0.050112157,0.551121102,0.897005353
RAB8A,2674.969837,0.016712544,0.043933488,0.551103814,0.897005353
ZNF624,172.5134403,0.010379765,0.050559578,0.55124528,0.897092938
KBTBD4,375.4318226,-0.011891577,0.05013845,0.55161746,0.897148638
LGALS3BP,9395.318361,0.011792828,0.049256045,0.55160703,0.897148638
MKLN1,1232.947118,-0.013984072,0.046814468,0.551631357,0.897148638
SPPL2B,1617.213101,0.013503222,0.049086676,0.551505976,0.897148638
TIMM10,583.1551338,0.013800086,0.047416101,0.551538897,0.897148638
DNAJC25-GNG10,294.7909181,0.009765223,0.050735536,0.551818722,0.897338889
BNIP1,191.9961226,0.011053502,0.050317948,0.552035952,0.897435631
HNRNPH1,10768.7908,-0.007794407,0.044387575,0.552230177,0.897435631
MAN2B1,29727.51815,0.011503724,0.045679852,0.552155735,0.897435631
SLC9A1,3614.583994,0.012934944,0.048237082,0.552039049,0.897435631
UBA5,1040.642596,-0.014467131,0.045831682,0.55217574,0.897435631
ZNF708,155.8441462,-0.008322005,0.051283075,0.552454519,0.897685784
GOLGA8B,438.6512981,-0.008786914,0.051067286,0.552528009,0.897690785
ARSK,297.364851,0.012249672,0.049110086,0.553340597,0.898083955
BTN2A3P,59.09654512,-0.006744029,0.051812827,0.553505685,0.898083955
CD84,8268.072202,-0.009395319,0.048996802,0.553112294,0.898083955
COL12A1,73.29236528,-0.004245486,0.052221798,0.553845018,0.898083955
IRF9,3028.38739,-0.015604403,0.042907933,0.553517962,0.898083955
MFSD13A,1148.73914,-0.01252237,0.048327184,0.553913179,0.898083955
NEMP2,173.5472533,-0.00783377,0.0513919,0.553861377,0.898083955
PLXNC1,1589.997861,0.00914487,0.048577915,0.554037988,0.898083955
RANBP17,33.43492152,-0.00499894,0.052113458,0.553283727,0.898083955
SIKE1,673.3447486,0.012229163,0.049102277,0.553815748,0.898083955
SLC9A6,1676.476547,-0.013625034,0.047664327,0.55348596,0.898083955
SRP19,947.3924699,-0.014820478,0.046314835,0.553242674,0.898083955
TAFAZZIN,1082.945323,-0.012504196,0.048432582,0.553736493,0.898083955
TFG,1529.998232,-0.014348401,0.045903554,0.554002691,0.898083955
TPRG1L,1975.964553,-0.015589029,0.043323605,0.553209812,0.898083955
TTI2,303.4955545,-0.011887967,0.049329321,0.553178342,0.898083955
URGCP,859.5994947,-0.014077811,0.046678102,0.553774666,0.898083955
ZNF223,180.4055065,-0.007017695,0.051543112,0.553127657,0.898083955
RNPC3,627.9236551,-0.010138111,0.050152992,0.554222012,0.898268043
BMPR2,3202.35663,-0.013569213,0.047377039,0.554349065,0.89835976
CLTB,2007.45509,0.013650859,0.046558346,0.554435317,0.898372373
KIF24,190.5358839,0.010025835,0.050603096,0.554497781,0.898372373
DNM3,67.82274479,-0.005364529,0.052049807,0.554697992,0.898582554
TDRD6,2315.616513,0.012607556,0.048676618,0.55478647,0.898611702
LAMP1,16954.31207,0.015859578,0.041791806,0.554863469,0.898622251
AXIN1,1481.158241,0.012620299,0.050455255,0.554934451,0.898623055
SNAPIN,987.4480382,-0.015764344,0.047239869,0.555018264,0.898644634
IL6ST,3004.862537,0.011711683,0.049352262,0.555415743,0.898952869
LAMC2,33.94546834,-0.004387722,0.052190049,0.555299129,0.898952869
LRRFIP1P1,31.99411355,-0.005213193,0.052062306,0.555702217,0.898952869
MT-CO2,98888.84604,-0.014448186,0.0458141,0.555431215,0.898952869
NEURL2,273.2435376,0.009584111,0.050835167,0.555679229,0.898952869
TRAPPC2B,120.0318927,-0.008682389,0.05116111,0.55553901,0.898952869
ZNF451,1089.400389,-0.011898535,0.049591183,0.555622759,0.898952869
DOP1B,3447.065459,-0.015129435,0.046186381,0.555840609,0.899062664
BMT2,826.6671484,-0.011329096,0.0497135,0.556058901,0.899073549
NFYB,440.2830901,-0.01239709,0.048559951,0.556031424,0.899073549
PSMD2,6219.150048,0.013688749,0.04628923,0.555974747,0.899073549
IL17RC,722.7615312,0.013954998,0.046854386,0.55622859,0.899119854
RAD1,504.4747827,0.01164678,0.04950559,0.556221265,0.899119854
CAPZA1,7241.920758,-0.014220296,0.046259562,0.556631499,0.899136478
CLU,1669.955218,0.013449439,0.04744236,0.556693762,0.899136478
FERRY3,1097.640202,-0.010275792,0.048197757,0.556389442,0.899136478
MYT1L,68.44990073,-0.00637361,0.051842593,0.556576648,0.899136478
POU5F2,49.69741395,-0.005913141,0.051972303,0.556732556,0.899136478
RNF214,589.7511114,0.012691063,0.048538459,0.556433101,0.899136478
SMAD7,3303.947496,-0.012868799,0.048478097,0.55647147,0.899136478
ZNF792,116.5712596,-0.008267346,0.051288821,0.556834145,0.899186639
TMEM170A,909.4821695,-0.013570721,0.048085355,0.556907063,0.899190495
EIF3D,4723.489446,0.011689933,0.040992176,0.557062778,0.89921415
LPAR5,2116.139914,-0.012793446,0.049046545,0.557041129,0.89921415
CAPN11,253.3563688,-0.011947102,0.049142347,0.557370828,0.899597504
MYH11,74.99451184,-0.006234563,0.051863183,0.557609039,0.899754163
NOTCH2NLC,467.4867231,-0.009268778,0.051006014,0.55757984,0.899754163
AUP1,4595.416259,0.013083279,0.043794627,0.557869782,0.89994709
ZCRB1,904.267036,-0.011907217,0.048413438,0.557820248,0.89994709
ALG1,1121.166987,0.013680208,0.047701772,0.558178785,0.900306516
PTGS1,4882.547377,0.014823504,0.044709752,0.558336737,0.900306516
RNF168,1157.844268,-0.013766301,0.04660983,0.558251978,0.900306516
UBE2O,876.3537032,-0.011845044,0.049254122,0.558375058,0.900306516
MIOS,633.5584651,-0.012920888,0.048132935,0.558545848,0.900468009
UVSSA,1206.720796,-0.012657569,0.048621915,0.558695977,0.900596158
ARIH1,2838.026656,-0.013935197,0.046303572,0.558784327,0.900624701
RNASE4,318.3853856,-0.009445802,0.050790833,0.558944079,0.900768305
XAF1,3331.204111,0.012676416,0.049895325,0.559159104,0.901000937
CDC23,861.7251579,-0.013708637,0.046917672,0.559347177,0.901076214
NONOP2,51.13699173,0.00612433,0.051866283,0.559310924,0.901076214
ABHD12B,37.48893945,-0.004388027,0.052178182,0.559454102,0.901131825
GYS1,1529.922543,0.012169085,0.048908594,0.559523063,0.901131825
ERMP1,2408.939948,-0.014364902,0.046040079,0.55971375,0.901248576
LNX2,172.6972254,0.009455338,0.050784924,0.559736938,0.901248576
NUP88,820.3768932,0.011340417,0.049602908,0.559878992,0.901363464
ASF1B,436.3596418,-0.012578404,0.048463226,0.560245482,0.901639536
CD63,30200.67922,-0.025122372,0.045850032,0.560303295,0.901639536
OVGP1,33.71475217,0.004638651,0.052152665,0.560333363,0.901639536
SLC39A7,5203.179892,0.015560124,0.043131871,0.560276018,0.901639536
ASPHD2,109.4710465,0.007672146,0.051473228,0.56052592,0.901675012
CDC26,536.7067467,-0.013810083,0.046575342,0.560979323,0.901675012
HNRNPA1L2,112.3041538,-0.008216999,0.051254438,0.560900932,0.901675012
LTC4S,97.3864677,-0.00680921,0.051700916,0.560992136,0.901675012
MRPL37,1806.746236,0.015125629,0.044274383,0.560791108,0.901675012
PIN1,1790.742848,0.01105254,0.045113209,0.560557835,0.901675012
PTGR1,1443.080412,-0.014715906,0.044584263,0.560834132,0.901675012
RAD50,1456.073388,-0.011848265,0.048512778,0.560752713,0.901675012
SENP7,213.3327308,-0.007795919,0.051407338,0.561062661,0.901675012
SEZ6L2,869.2808791,0.012626398,0.048440225,0.560617327,0.901675012
CA13,52.34738431,-0.005237354,0.0520526,0.561178429,0.901712805
FNDC5,84.79718671,-0.007824957,0.051391146,0.561404243,0.901712805
GALNT1,4385.560025,0.013813672,0.045430127,0.561263852,0.901712805
MAN2C1,3383.645814,-0.016413362,0.044942506,0.561522663,0.901712805
PELI1,626.2707963,-0.011899831,0.048923924,0.561515127,0.901712805
SMC6,908.5755726,-0.012074926,0.048780315,0.561633539,0.901712805
TICAM2,198.2368219,-0.00767528,0.051435667,0.561535539,0.901712805
WDR26,5938.080852,0.011929433,0.045852725,0.561652003,0.901712805
SNX25,410.066979,0.011937638,0.049209419,0.56173699,0.901735694
BAG6,7861.319574,0.013076715,0.048008256,0.56242227,0.901858168
CRYZ,451.8773657,-0.011412814,0.049433104,0.562401712,0.901858168
DHRS11,205.2411532,0.010086025,0.050386269,0.56259881,0.901858168
EIF3H,3686.05575,-0.009404341,0.047419725,0.56321884,0.901858168
FAM151A,34.62124368,-0.004845619,0.052080216,0.563440294,0.901858168
FLRT2,1203.27309,0.014088352,0.046026025,0.563004852,0.901858168
HMG20B,3646.524567,0.014446884,0.044048696,0.56239326,0.901858168
MOSMO,219.7781478,0.010528879,0.050135406,0.562903574,0.901858168
MRPL39,479.7437491,0.012287896,0.048673536,0.563213679,0.901858168
MTF2,979.7066018,0.013415835,0.047522717,0.56330361,0.901858168
NAIF1,389.0128225,-0.012129119,0.04870552,0.562159807,0.901858168
NCKAP1L,20292.88673,-0.016893988,0.041307563,0.563335583,0.901858168
NUB1,2478.514596,-0.013545408,0.047141564,0.562865894,0.901858168
PANK1,150.8782314,-0.007378587,0.051511601,0.56339819,0.901858168
PDPR2P,121.8838877,-0.008852119,0.050978838,0.563290514,0.901858168
RPL32,7311.310453,-0.013191391,0.046940898,0.562606282,0.901858168
SNRNP200,7337.647829,-0.014450507,0.043424883,0.562569953,0.901858168
SPATA17,34.32077824,0.00334289,0.052305633,0.562909957,0.901858168
SYS1,2134.85785,0.014110313,0.046571061,0.562759052,0.901858168
TK1,1211.069859,0.013413219,0.047181228,0.563301199,0.901858168
TRIM66,1108.364653,-0.011899125,0.048833977,0.562574771,0.901858168
ZNF268,599.4027997,0.009430461,0.050701881,0.56214779,0.901858168
ZNF689,691.98251,0.011280852,0.049582685,0.562132607,0.901858168
TRAPPC11,1594.160058,-0.012570573,0.048102845,0.563608989,0.902014939
GNPAT,1180.701343,0.014350172,0.045278573,0.563817528,0.902122196
PLA2G4A,368.3421259,-0.011795135,0.04964584,0.563768937,0.902122196
ADSS2,1608.982517,-0.013199703,0.047175033,0.564016602,0.902189189
CGGBP1,2921.659505,-0.013452385,0.04713664,0.564071694,0.902189189
UROD,2445.437286,0.014826696,0.04306796,0.563961939,0.902189189
CD81,44706.12597,0.011625265,0.048350279,0.56428429,0.902302823
KIAA0040,151.97567,0.007724515,0.051416054,0.56427288,0.902302823
CD2BP2,2088.685467,0.014839351,0.043921428,0.564384256,0.902314548
ZFP91,2907.570115,-0.014912387,0.043677859,0.564433173,0.902314548
AKAP3,101.0979597,-0.006595691,0.051726866,0.56459919,0.902466785
PSPH,511.3638646,0.011607121,0.049265129,0.564831657,0.902725184
DAP3,2047.424668,0.01484338,0.043717046,0.564954953,0.902809062
C17orf75,190.8521635,-0.008343579,0.051137104,0.565097499,0.902923677
AFAP1L1,412.5952252,0.012129909,0.048706027,0.565323751,0.90292994
AMER1,215.8837398,-0.009857292,0.050848973,0.565350357,0.90292994
ATF6B,5052.982248,-0.013374122,0.048612941,0.565410326,0.90292994
GANAB,8219.557961,-0.014105226,0.046022753,0.565422216,0.90292994
RUNX1,2667.146098,0.021963773,0.047193872,0.565455537,0.90292994
ELL3,33.45193466,-0.00466221,0.052123712,0.565550488,0.902968462
BLOC1S1,1230.535208,0.012161715,0.047704093,0.565643789,0.90300434
CSTF2T,865.2556612,-0.01378806,0.046275412,0.565777274,0.903104352
SPP1,850423.3641,0.012933289,0.04779698,0.565931748,0.903237839
ACAP1,116.3444462,0.006904332,0.051626589,0.567282472,0.90343268
ADNP2,837.6282762,0.008651293,0.051012795,0.56798714,0.90343268
AGK,775.4828937,-0.01272752,0.047980463,0.566893645,0.90343268
ANKRD36C,321.892639,-0.009505357,0.05063482,0.567576281,0.90343268
C15orf62,118.4354005,0.008603181,0.051037775,0.567104405,0.90343268
C1orf56,76.38742985,0.005975517,0.051888558,0.568324821,0.90343268
CDC25C,93.77885656,-0.006710233,0.051658681,0.567583815,0.90343268
CTDSPL,411.5603014,0.011715317,0.049603104,0.567097386,0.90343268
DENND10,1116.342195,-0.014618114,0.044278417,0.567488798,0.90343268
EMC3,1821.661644,-0.014918243,0.042203985,0.566839662,0.90343268
FAM107B,3643.457939,-0.013300738,0.047217314,0.568073396,0.90343268
FAM156B,509.7463886,-0.002740641,0.052354215,0.56836315,0.90343268
FIGNL1,205.5637321,0.010632316,0.050845978,0.567266728,0.90343268
JKAMP,1562.848118,-0.012953966,0.047612266,0.56768409,0.90343268
KLHL6,10297.54778,-0.014901569,0.04264569,0.568273034,0.90343268
MDFIC,3671.471679,0.014925249,0.042940891,0.567352134,0.90343268
MORF4L1,7340.42144,-0.011085883,0.039043232,0.568208628,0.90343268
MYBL1,36.7295011,-0.004645043,0.052117186,0.568741652,0.90343268
NME2,7699.884246,0.018200175,0.041724297,0.568175041,0.90343268
PAK4,600.1474235,0.011277773,0.049238813,0.567931307,0.90343268
PDCD2L,96.83270082,0.007990576,0.051312781,0.566767796,0.90343268
POLR2F,836.2410155,0.013669239,0.046597343,0.566241955,0.90343268
POT1,393.9526954,-0.010959957,0.049533971,0.568241243,0.90343268
PPP3R1,2338.178544,-0.0237824,0.047113901,0.567115056,0.90343268
RAP2C,2013.047496,0.014157274,0.04428979,0.566361137,0.90343268
RPAIN,753.68992,-0.013695119,0.046167814,0.568560171,0.90343268
RPL7,16717.77948,-0.018535541,0.044398206,0.567007531,0.90343268
RPS10-NUDT3,379.131616,0.004765848,0.052111586,0.568817485,0.90343268
SLC43A2,906.2817955,0.00966497,0.050662548,0.566751316,0.90343268
SOCS4,713.5952473,-0.010560833,0.049910947,0.568204547,0.90343268
SPIRE1,2304.212081,-0.012783635,0.04544029,0.567071258,0.90343268
STAM,848.0429048,-0.012078472,0.048166754,0.567388714,0.90343268
SULT1A2,83.52432699,-0.006867005,0.051616357,0.568713848,0.90343268
TMTC2,61.58904622,-0.006286575,0.05175193,0.5675737,0.90343268
TSPAN10,78.10963249,0.00690745,0.051723408,0.568028692,0.90343268
WDR45B,2221.255249,-0.0145668,0.040224702,0.568591105,0.90343268
ZNF146,1191.167735,0.010499022,0.049826686,0.568468053,0.90343268
ZNF280C,87.61241543,-0.007419839,0.051473058,0.568809818,0.90343268
ZNF480,351.8854643,0.010515606,0.04994555,0.566438472,0.90343268
COPB1,3908.277553,-0.012636256,0.047791454,0.569144348,0.90343732
HOMEZ,524.8277541,-0.011864723,0.048808394,0.569132902,0.90343732
NPFF,49.45168033,-0.005391102,0.051974423,0.569123056,0.90343732
PYGO2,1054.520204,0.013803736,0.046676299,0.56924197,0.90343732
TFEB,2344.131257,0.013026058,0.047639263,0.569245587,0.90343732
ZNF558,73.75220018,-0.006234773,0.051807422,0.568970135,0.90343732
BCL11A,45.64601478,-0.004215522,0.052177482,0.569411953,0.903588871
DCTN2,2548.937005,-0.013951564,0.045073032,0.569735393,0.903663662
DOCK5,2271.279833,-0.012037842,0.048365429,0.569875979,0.903663662
NDUFB3,863.3758465,-0.011831665,0.048739028,0.569777372,0.903663662
NFAM1,4261.57013,-0.013096729,0.047804924,0.569551131,0.903663662
NR4A3,216.2165478,0.009156878,0.050723111,0.569607932,0.903663662
SIN3B,2607.790989,-0.012573331,0.047842661,0.569884371,0.903663662
EMG1,661.8019078,0.009406672,0.050547485,0.570209017,0.904066006
ACTA2,265.5493622,-0.011045555,0.049436054,0.572658894,0.904127337
AMFR,3303.659774,-0.014207152,0.046187426,0.572188826,0.904127337
CARMIL1,452.6727289,-0.011958845,0.048342697,0.572650124,0.904127337
CDK12,2173.860128,-0.013420653,0.04638558,0.571818331,0.904127337
CEP250,1652.1705,0.014162613,0.045566713,0.572513726,0.904127337
CTSD,314284.6502,0.012779126,0.047737759,0.5707356,0.904127337
ELAC1,223.8114017,-0.010048446,0.050142622,0.571544365,0.904127337
GABRG2,83.50383129,-0.005521622,0.051823889,0.571580546,0.904127337
GIMAP8,598.4968923,0.01233836,0.048935221,0.571657337,0.904127337
GPD2,3170.296614,0.011916483,0.048716841,0.571298826,0.904127337
HIRIP3,622.1476342,0.011597953,0.049029191,0.571180409,0.904127337
LAT2,3411.128551,-0.014675306,0.042362022,0.571662904,0.904127337
MT-ND6,110782.0598,-0.012811114,0.047566773,0.57048539,0.904127337
MTHFR,3229.073762,-0.012551836,0.047891687,0.572588136,0.904127337
NGLY1,866.1474298,-0.013939495,0.04548798,0.572602859,0.904127337
NOC4L,733.16334,0.011346093,0.04922588,0.571513797,0.904127337
PANK4,923.9955697,-0.012999901,0.047318078,0.571538571,0.904127337
PCSK6,419.5798989,0.007892153,0.051085733,0.572298892,0.904127337
PLD6,43.50012756,-0.005411218,0.051944901,0.572648491,0.904127337
PTGER4,1849.39043,0.012972726,0.047043607,0.571780871,0.904127337
PTPA,3951.435629,-0.013911173,0.042167406,0.572468807,0.904127337
RFPL2,76.45278909,-0.006551192,0.051671816,0.572591884,0.904127337
RICTOR,1257.351357,-0.011953918,0.048555453,0.572324976,0.904127337
RRAGC,2425.457931,-0.015210239,0.042367451,0.570378905,0.904127337
SHLD2,900.4956074,0.012949682,0.047489395,0.572003671,0.904127337
SLC25A48,55.51598374,0.006285988,0.051780587,0.571780919,0.904127337
SLC35D1,505.3637725,-0.013734336,0.049143515,0.572619124,0.904127337
STRIP1,1470.96406,-0.014027252,0.042392679,0.57129912,0.904127337
TMEM134,633.9687292,0.010426627,0.049911169,0.57171829,0.904127337
TSSK6,86.29070816,0.007208548,0.051514091,0.570918554,0.904127337
UBR4,7227.968499,-0.014519698,0.044811361,0.570954258,0.904127337
UQCRQ,1466.754442,0.014864841,0.043879144,0.570826816,0.904127337
WRN,367.1501616,-0.008193097,0.051022359,0.571038298,0.904127337
ZDHHC13,305.1060144,-0.010396745,0.049984893,0.570856648,0.904127337
ZNF252P,234.6810926,0.009828376,0.050380681,0.572730682,0.90412871
KANSL1,1543.762376,-0.012825059,0.048261778,0.573009829,0.904457386
SDF2,854.1462219,0.013585169,0.04615747,0.573152676,0.904570867
ARHGEF12,1328.064699,-0.011450938,0.049072514,0.573349032,0.904616483
PARP1,3992.656669,0.014703122,0.044081283,0.573465403,0.904616483
PPP2R3A,470.2113884,0.009286811,0.050713579,0.573424483,0.904616483
ZFP36,1152.519826,-0.011014382,0.049345936,0.573267755,0.904616483
XRN2,3239.133481,-0.014542303,0.043182402,0.573614243,0.904739327
FLYWCH2,410.3908233,0.01057462,0.049888952,0.573842317,0.904763258
OIP5,86.88182916,0.00631934,0.05177632,0.573811283,0.904763258
PRKXP1,77.77389658,-0.006177207,0.051769277,0.573726684,0.904763258
ABHD11,304.1496533,0.011156714,0.049328533,0.574169908,0.904859598
CSRP2,37.32791585,-0.004861872,0.05205231,0.574016624,0.904859598
GPR162,274.0108757,-0.008610097,0.050896142,0.57432927,0.904859598
MAD2L1,501.9885647,0.010647911,0.049675128,0.574074766,0.904859598
MSH3,656.8590577,-0.013260356,0.046639018,0.574309126,0.904859598
ZBTB20,313.0947544,0.006846216,0.051560138,0.574232022,0.904859598
FAM161B,119.7050299,-0.007743873,0.051277507,0.574439267,0.904921069
ASL,928.9562481,-0.011598743,0.04827726,0.574935093,0.905115819
CIART,51.16131977,-0.004986285,0.051831151,0.575011941,0.905115819
CPNE8,534.9880206,-0.010985072,0.049396568,0.575250244,0.905115819
EZH2,840.5301516,0.012400713,0.047841811,0.574962761,0.905115819
GLE1,1367.995581,-0.015976337,0.042505733,0.575124438,0.905115819
LRRC8D,980.1770111,0.012244153,0.048145131,0.575627819,0.905115819
NPM2,83.29701102,-0.006557953,0.051709222,0.575243056,0.905115819
POTEI,44.75264335,-0.005064163,0.052013691,0.574999078,0.905115819
TBX18,442.1166116,0.010833712,0.049594178,0.57520434,0.905115819
TMEM120B,424.5548417,0.00984913,0.050340907,0.575560524,0.905115819
TOE1,269.5060887,0.010598635,0.049865479,0.575523919,0.905115819
VKORC1,2201.487368,0.012408645,0.042411897,0.575525044,0.905115819
WIPI2,3588.080673,-0.015812476,0.040800726,0.57536114,0.905115819
ZCCHC4,392.6668662,0.010425473,0.049861692,0.575600415,0.905115819
ZNF767P,54.9772587,0.00585508,0.051857591,0.57559642,0.905115819
RASAL2,3753.523403,0.012910921,0.04718956,0.575731965,0.90516794
DUS4L,155.4313226,-0.007418247,0.051373012,0.575897734,0.905192053
FAM234A,2622.230385,0.015028331,0.047928966,0.575960306,0.905192053
TUG1,3010.863003,-0.014145931,0.044471617,0.575908121,0.905192053
DCUN1D1,1284.257173,-0.009228076,0.050558329,0.57636138,0.905494852
YJU2B,902.0141656,0.01142478,0.048315204,0.57628851,0.905494852
ZNF513,816.1038875,-0.011781981,0.04680076,0.576366047,0.905494852
ATP10A,1630.405915,-0.012258928,0.049112087,0.576726612,0.905513435
COMMD8,566.3513179,-0.010635239,0.049743711,0.576519371,0.905513435
GTF2H2,573.0740576,0.010263751,0.049952668,0.576789779,0.905513435
NXT2,272.4186911,-0.010198882,0.049951102,0.576553121,0.905513435
PRR5L,526.5758733,-0.01194131,0.048686158,0.576713114,0.905513435
SLC12A5,410.7627035,0.010199591,0.049425165,0.576859217,0.905513435
SPATS2,516.4156084,-0.011519322,0.048840301,0.576901767,0.905513435
SRGN,1622.230773,-0.013793305,0.045670321,0.576979192,0.905513435
THEM6,1518.012582,0.013462658,0.046983477,0.577017111,0.905513435
CENPJ,228.016556,-0.009558895,0.050887337,0.577339192,0.905907367
WDTC1,2572.902027,-0.013616726,0.045311913,0.577473946,0.906007302
TEPSIN,1238.965339,0.009125651,0.050181096,0.577625723,0.90603443
TTF1,550.3188761,-0.011663299,0.048533198,0.577633371,0.90603443
TXNL4B,210.2428722,-0.009326946,0.050484287,0.577798661,0.906182203
LARP4,1844.307889,0.015587256,0.048383805,0.577973084,0.906344262
MICOS10-NBL1,117.7602713,0.003014564,0.052333606,0.578090717,0.906417236
EDEM2,2751.003309,0.014024294,0.044355336,0.578331393,0.906515592
LRP2BP,37.9027988,-0.004589584,0.05208999,0.578338273,0.906515592
STAG3L2,85.34366606,-0.006723159,0.051629762,0.57836676,0.906515592
PHYHD1,42.27822888,-0.005204276,0.051972327,0.578446341,0.906528876
RAP1B,7590.264436,0.012472853,0.045613638,0.578525115,0.906540892
C3orf33,73.97985263,-0.006057771,0.051766795,0.578651821,0.906628004
CCDC59,462.8276641,-0.009949096,0.050099369,0.578883139,0.906671886
GPS2,1458.788471,0.01176134,0.042904471,0.579217789,0.906671886
RGS16,295.791176,0.009053504,0.050681472,0.579173891,0.906671886
RPL35,8504.623437,-0.009745445,0.04156885,0.579248765,0.906671886
SPRYD7,438.378151,0.009527072,0.049860054,0.579176917,0.906671886
TVP23A,50.07024438,0.005756047,0.051849508,0.579243736,0.906671886
WDR5B,221.8150958,-0.010216128,0.049799242,0.579246698,0.906671886
ZKSCAN7,58.70498593,0.005412826,0.051887276,0.57892778,0.906671886
ASGR1,247.0143883,0.010081187,0.04988437,0.579775587,0.906840384
DHFR,1252.182912,-0.010981202,0.04929157,0.579531271,0.906840384
HAAO,315.0140206,0.010371521,0.049898209,0.579854327,0.906840384
HPS5,2384.043516,-0.014267465,0.044281777,0.57985027,0.906840384
IPO8,1316.343602,-0.011394205,0.048837168,0.579843529,0.906840384
PSMC2,2830.543343,0.01400571,0.043427595,0.579530944,0.906840384
TGM2,72456.92863,0.020648504,0.049246146,0.579782925,0.906840384
CMC4,283.7074337,-0.010807628,0.049361846,0.580605304,0.907091808
DENND2D,2902.611348,-0.014514682,0.044325607,0.580423899,0.907091808
ERAP1,3915.203979,0.015471357,0.045315528,0.580682025,0.907091808
HIBCH,572.2292172,-0.009390802,0.050485761,0.580653924,0.907091808
IP6K2,1107.649687,-0.013748443,0.044966786,0.580511955,0.907091808
MZT2B,2163.324077,0.013663296,0.045354992,0.580749443,0.907091808
SOX12,1117.72301,0.016688661,0.049412219,0.580324201,0.907091808
TBXA2R,79.2411456,0.005647794,0.05187682,0.580526325,0.907091808
TIMM17B,1000.400512,0.011110734,0.049171572,0.580495608,0.907091808
TMEM79,245.3169794,-0.009513536,0.050278214,0.580183851,0.907091808
ZCCHC17,746.0669504,0.013241407,0.047414062,0.580797744,0.907091808
COA3,658.2141174,-0.012978415,0.046277875,0.581320006,0.907129591
DPYSL2,4142.172316,0.013078259,0.046640134,0.581023292,0.907129591
LTV1,978.9235297,0.013419837,0.046772427,0.581076353,0.907129591
SLC22A15,645.0776809,-0.009469646,0.050301739,0.581304493,0.907129591
TMED7,2486.059532,-0.012052583,0.047102417,0.581211556,0.907129591
TRIP11,1251.478868,-0.011165019,0.049004819,0.581227689,0.907129591
ZKSCAN1,1903.055203,-0.012504623,0.0471613,0.58124482,0.907129591
ABCA5,160.2554462,-0.007847407,0.051190812,0.581521348,0.90726004
COA7,1327.03104,0.013750369,0.047428128,0.581617092,0.90726004
MARCHF2,1973.967116,0.011996165,0.048149138,0.581567455,0.90726004
CCDC8,521.0333282,-0.012354402,0.047547038,0.581753139,0.907361238
KIF23,527.0237468,-0.009856111,0.050058667,0.581838299,0.907383055
CRKL,2109.848544,0.01339351,0.04546275,0.582910615,0.907527354
DOK1,2543.057206,-0.010307198,0.046793025,0.582243808,0.907527354
DUSP16,623.6328696,-0.009558905,0.0502848,0.582485049,0.907527354
EIF4B,12724.09506,-0.007796357,0.041011613,0.582817215,0.907527354
ERVMER34-1,35.51930873,-0.004836172,0.052032427,0.582490643,0.907527354
GSK3A,2647.37588,0.012944699,0.046517112,0.582218518,0.907527354
IRF2BP1,749.4664957,0.00971052,0.050196558,0.582003162,0.907527354
JAG2,152.5472882,0.006904405,0.051503645,0.582429523,0.907527354
NT5C,711.1844021,0.012525684,0.046793212,0.582870269,0.907527354
NUDT21,1518.616246,-0.012149702,0.047780496,0.582162077,0.907527354
PIGY,759.0486798,0.013354148,0.045656693,0.582813348,0.907527354
PYURF,759.0486798,0.013354148,0.045656693,0.582813348,0.907527354
WDR73,1258.434835,0.013723193,0.043843105,0.582927406,0.907527354
ZMAT3,1930.359245,-0.012819393,0.04661873,0.58265401,0.907527354
SYNJ2BP,1092.650353,0.011149258,0.049066194,0.58312643,0.907726355
CES2,1806.324366,0.012829874,0.046773365,0.583920466,0.908277894
HCFC2,325.8643312,-0.009818748,0.050027671,0.583914756,0.908277894
KDM8,158.28915,0.00850116,0.050822385,0.583975094,0.908277894
NAT9,1037.485427,-0.011454166,0.048871069,0.583798401,0.908277894
RANBP3,2321.725752,0.014017813,0.044307607,0.583949482,0.908277894
WDFY2,896.1801088,-0.010708481,0.049379238,0.583693109,0.908277894
ZNF341,266.29989,0.009724925,0.049760938,0.583979441,0.908277894
KCNC4,240.2037312,-0.006522379,0.051586518,0.584375682,0.908674329
MTF1,780.2546496,0.009020356,0.050572216,0.584376879,0.908674329
GGH,511.2999265,-0.015519878,0.049778937,0.58488171,0.908905037
LANCL2,487.1431964,0.007617962,0.050866356,0.584761589,0.908905037
STEAP1B,33.79056783,0.004796773,0.052040391,0.584825123,0.908905037
WFDC21P,211.2181252,0.009615928,0.050156882,0.58475256,0.908905037
XK,60.27598658,0.006569165,0.05159066,0.584664586,0.908905037
ATP2A2,8290.591546,0.017451207,0.045478218,0.584993187,0.908967477
ZNF813,252.5148093,-0.00957874,0.050178914,0.585099199,0.90902141
MAP3K3,2428.267672,0.010209417,0.043823462,0.585240143,0.909129594
GM2A,27598.27947,-0.014470108,0.035818319,0.585508989,0.909436416
RPL21P118,34.80548035,-0.004071309,0.052142507,0.585658436,0.90955773
CCAR2,2800.524548,-0.013618263,0.044552712,0.585982274,0.909617438
HTRA2,698.0757011,0.012366462,0.047476744,0.585768832,0.909617438
LIPG,69.71009036,0.005597947,0.052014082,0.585896835,0.909617438
RIMS3,427.8635883,0.009362238,0.050292585,0.585913809,0.909617438
FCHSD2,1315.48144,0.013259999,0.045498938,0.586089455,0.909673053
F3,127.5251961,-0.007721935,0.051158646,0.586207726,0.909745867
DERA,1102.013291,-0.012885833,0.04629974,0.586371125,0.909802798
IDUA,1207.927153,0.009866585,0.049858455,0.586387135,0.909802798
GNL3,1404.145956,0.01217984,0.047632265,0.586510222,0.909883039
MED29,1454.506511,0.016889611,0.045021863,0.586705462,0.909987366
NEXN,50.1749522,-0.004498306,0.052077798,0.586720225,0.909987366
BCL2A1,1484.279202,-0.006159509,0.048508527,0.587221254,0.909989518
LMAN2L,527.0533898,0.012078323,0.047770686,0.587210166,0.909989518
PMPCA,2339.03986,0.011883877,0.04660014,0.586961596,0.909989518
PTCD3,1049.303207,-0.012239288,0.046816734,0.587139743,0.909989518
RPS6KA4,3345.230729,0.010063129,0.047808982,0.586890907,0.909989518
VMAC,222.6510414,0.009222616,0.05043503,0.586869227,0.909989518
WDR70,701.4160647,0.011121961,0.048866707,0.587048247,0.909989518
BMP2,50.46252994,0.005205248,0.051940165,0.587631379,0.9102539
GTF3C4,967.6969717,0.012740037,0.046542063,0.587706812,0.9102539
PHF11,596.1529624,-0.01090424,0.048930941,0.587748851,0.9102539
RABEP1,2880.209413,-0.01162781,0.048157354,0.587471138,0.9102539
ZNF250,170.511868,-0.007927738,0.051025147,0.587574429,0.9102539
EFCAB12,60.41459821,-0.005096025,0.051948456,0.587927218,0.910308976
RYR3,36.62512855,0.003368399,0.052253897,0.587884415,0.910308976
CUL4A,2299.404672,0.013395557,0.044516866,0.588161906,0.910451207
RINT1,402.3176243,-0.011100421,0.048881172,0.588154099,0.910451207
CRYZL2P,74.33106073,-0.006803555,0.051459321,0.588264405,0.910499321
CEP164,1042.606983,-0.009794795,0.049914689,0.589153451,0.910617714
CFAP410,1142.039182,0.012440343,0.046906011,0.58916749,0.910617714
CRACD,42.93516724,-0.003924448,0.052165303,0.589269444,0.910617714
CRBN,646.9450239,-0.012720356,0.047233807,0.589110394,0.910617714
GATD3,2917.665989,-0.014149508,0.042300147,0.589191168,0.910617714
KRTCAP2,1438.982837,0.013376977,0.044972907,0.589216622,0.910617714
LRRC14,926.0462049,0.012210385,0.047491294,0.588680983,0.910617714
MDN1,1466.912406,0.01264004,0.046605915,0.589236098,0.910617714
NGRN,1638.751054,0.014106905,0.043054423,0.589123101,0.910617714
NME9,37.67881395,-0.00517581,0.051970721,0.588622797,0.910617714
PTPN18,3359.37133,0.013645094,0.044181197,0.589203034,0.910617714
SFT2D2,3597.298612,0.012628757,0.04663523,0.589098408,0.910617714
SPARC,22466.7383,0.013536631,0.048170942,0.58875832,0.910617714
ADCK1,624.3631508,0.011699962,0.04793666,0.589393499,0.910699033
THRA,1652.827426,0.01349315,0.044983455,0.589478888,0.910720594
FAM168A,2275.085815,0.011633619,0.04649045,0.589717456,0.910855015
RASA4EP,44.03392486,-0.00563401,0.051922399,0.589780229,0.910855015
SYCP2L,43.3703402,-0.004295193,0.052100816,0.589750738,0.910855015
ARMT1,1637.561093,0.010492561,0.047633916,0.59113558,0.911116512
ATP5MC1,1299.199919,0.012659237,0.046592742,0.59048887,0.911116512
CLDN18,39.55512871,0.004823836,0.05200784,0.590625684,0.911116512
DICER1,5555.389832,-0.017251956,0.047089798,0.590933906,0.911116512
E2F6,582.3484407,0.01203698,0.049480194,0.591140896,0.911116512
ERCC4,693.2174295,0.010200613,0.049542023,0.590898782,0.911116512
HACL1,422.4296704,-0.010276401,0.049494787,0.590808785,0.911116512
HERC6,1793.335846,0.015390866,0.051149167,0.590321492,0.911116512
NINJ2,164.7160584,0.008118791,0.050914687,0.590976684,0.911116512
OGG1,893.92432,-0.011617727,0.048107199,0.590099462,0.911116512
PURB,2252.971605,0.013088216,0.044481675,0.59075763,0.911116512
RIMOC1,920.5780607,-0.01235202,0.048107833,0.590186178,0.911116512
SEC24C,3834.11782,0.01626838,0.044155945,0.590439612,0.911116512
TRIO,7403.303049,-0.015989175,0.043290585,0.590304037,0.911116512
UQCRFS1,1881.726133,-0.01253831,0.04667262,0.591164467,0.911116512
USP30,905.1286379,-0.012920856,0.047907672,0.590048922,0.911116512
VTA1,1182.868989,-0.012713975,0.046214425,0.590694078,0.911116512
ABRAXAS2,966.6750211,-0.012847179,0.0458953,0.591656364,0.911213696
CTSW,89.75896958,-0.006917426,0.051477975,0.591358763,0.911213696
DPH1,1260.76252,0.012291284,0.047107541,0.591574991,0.911213696
FAM83D,144.5303588,-0.007873388,0.050993464,0.591422191,0.911213696
MMRN2,285.5923134,-0.008677627,0.050588544,0.591577789,0.911213696
SGF29,391.0193,0.01035456,0.049443641,0.591603969,0.911213696
ALDOC,68.76152229,-0.006287865,0.051606735,0.591861592,0.911232321
MRPL30,728.6237397,0.010917786,0.048915691,0.592093872,0.911232321
NONO,9426.983305,-0.013534842,0.041199724,0.592106014,0.911232321
RANBP10,988.1714248,-0.011395456,0.04808925,0.592134328,0.911232321
SCN1B,107.0667892,0.006397679,0.051583967,0.592240255,0.911232321
SRP14,4956.197712,-0.014097765,0.041022395,0.592121878,0.911232321
STARD9,410.6265335,0.010361692,0.048731203,0.592231711,0.911232321
ZGRF1,193.309908,-0.006020697,0.051672268,0.592229025,0.911232321
COQ8B,644.4111281,-0.008634908,0.050586535,0.592428982,0.911302738
PLD1,1020.181496,-0.009707936,0.048897289,0.592359386,0.911302738
LETM2,67.34979238,-0.006032015,0.05166404,0.592696418,0.911494166
PIK3CB,936.2723003,0.009609848,0.050054435,0.592646468,0.911494166
DDX41,2584.44604,-0.013235471,0.045241366,0.592830373,0.911546485
GCA,1185.475346,-0.010491196,0.046387328,0.592944937,0.911546485
IFI30,55056.80103,-0.013297326,0.04226573,0.592908795,0.911546485
NUP93,1293.90226,0.012696062,0.046238406,0.593167442,0.91167226
PRELID3A,384.1499358,0.011127286,0.048910748,0.59316977,0.91167226
COG3,671.1034427,0.010237853,0.049694952,0.593411742,0.911695247
H2AC18,48.39223434,-0.000386625,0.052470675,0.593368445,0.911695247
LNPEP,2946.56556,-0.01216562,0.047101572,0.59354721,0.911695247
PCDHB1,75.71145171,-0.006694777,0.051477372,0.593409921,0.911695247
PSMA1,3163.606019,-0.014166729,0.044888109,0.59352844,0.911695247
TMTC4,264.20854,-0.008958822,0.050413498,0.593669852,0.911695247
ZC3H15,2006.733002,-0.011832711,0.047841634,0.593685304,0.911695247
ANKRD35,43.3028783,-0.005018848,0.051932011,0.594387531,0.911724489
ARL8B,4827.902001,0.02230546,0.04439867,0.594026238,0.911724489
ATF7,1170.50293,-0.012814966,0.047568912,0.594149699,0.911724489
BPNT2,3881.577888,0.012905577,0.04430431,0.594152931,0.911724489
CGRRF1,215.7917673,-0.007022312,0.0511376,0.594094559,0.911724489
DBF4,370.3337126,0.00840686,0.050720933,0.59394914,0.911724489
HOOK2,454.7378189,0.00937363,0.050063388,0.593802625,0.911724489
LIPT2,108.2546732,0.007154667,0.051596066,0.59441178,0.911724489
TAF3,624.7859828,-0.012280212,0.046698089,0.59441948,0.911724489
UNG,877.2402475,0.013128488,0.045488556,0.594336599,0.911724489
AURKB,615.8263659,0.011117764,0.049370334,0.594509979,0.911753605
FOS,3579.251495,-0.013391526,0.044493685,0.594670897,0.911890698
CDK5RAP2,1804.833134,0.01434437,0.045976635,0.59482891,0.912023303
ACAA1,2429.691859,-0.013100327,0.04369552,0.595691299,0.912542563
EMD,745.1932327,0.012919887,0.047597982,0.595800732,0.912542563
NET1,259.6666648,-0.008332759,0.050068084,0.595309883,0.912542563
PGA3,39.54417867,0.00393306,0.052155826,0.595418254,0.912542563
RELCH,997.7944119,-0.011636299,0.047847181,0.595811773,0.912542563
TMEM276,196.2373955,0.008654401,0.05051844,0.595680957,0.912542563
TMEM63B,1440.999446,0.013892653,0.045859493,0.595484882,0.912542563
TNRC6B,1732.383578,-0.011728943,0.047565723,0.595358129,0.912542563
VPS33B,595.0323241,-0.010620043,0.049093747,0.595706645,0.912542563
CACNA1A,110.3436529,-0.006952659,0.051331376,0.596053718,0.912586503
CYB561D2,807.168842,0.012102057,0.046777819,0.596074396,0.912586503
RPL23AP82,264.992909,0.009821029,0.049737341,0.596126786,0.912586503
UTS2R,64.96038433,0.005424674,0.051853396,0.596043179,0.912586503
PKIG,124.3647585,0.007377359,0.051215989,0.596354507,0.912825502
MRPL42,818.9982706,0.010148527,0.049186934,0.596579134,0.912861101
NARF,1318.271216,-0.012492837,0.046325163,0.596530137,0.912861101
YARS1,5272.646847,0.014000029,0.041549319,0.596592571,0.912861101
ABHD16A,1938.102535,0.013419806,0.044331874,0.596810465,0.91286506
AKAP13,6296.568359,-0.013674039,0.040680864,0.596679176,0.91286506
ATXN1L,1852.953762,0.013550272,0.043437305,0.597437762,0.91286506
CASC3,2402.184334,0.014076567,0.041129792,0.597820466,0.91286506
CNP,3952.854391,-0.012894481,0.044859396,0.597356569,0.91286506
GABRB3,73.6296703,0.002585615,0.052339216,0.597502664,0.91286506
IRAK1BP1,46.98395947,-0.004407839,0.052048945,0.597979691,0.91286506
MAN1B1,3951.436727,-0.004554687,0.044529137,0.59775657,0.91286506
MFSD6,933.7658168,-0.012521566,0.046158295,0.597043201,0.91286506
NDST2,1017.306773,-0.011372046,0.047437847,0.597424004,0.91286506
PAFAH1B3,328.0768411,-0.010917364,0.0488654,0.597306749,0.91286506
PCBD1,1104.163503,0.012214797,0.045498911,0.597457858,0.91286506
SAG,47.45785428,0.004582573,0.051989489,0.596876211,0.91286506
SH2B1,2016.083571,0.010538122,0.049153572,0.597958774,0.91286506
ST6GALNAC2,45.84045764,-0.004973172,0.051896877,0.597238333,0.91286506
STOML1,231.5007266,0.007781492,0.050972119,0.59803894,0.91286506
TOR1A,2259.729705,0.013512729,0.043467625,0.597947176,0.91286506
UBE2G1,1659.972988,0.014121204,0.042153054,0.597579146,0.91286506
UBQLN1,3788.212816,0.019108526,0.047384465,0.597934964,0.91286506
XRN1,1801.67992,-0.005264507,0.051851767,0.598098819,0.91286506
ZNF629,1293.842601,-0.013420803,0.044648396,0.597677222,0.91286506
GUSBP14,88.98721164,0.006918357,0.051343724,0.59845431,0.9132983
TREML2,32.40268216,-0.004152694,0.05210067,0.598609835,0.913426306
OSGEP,949.4208539,-0.011967668,0.047262873,0.598808658,0.913620343
SUPT6H,6939.090275,0.013655062,0.042994153,0.598945162,0.913719261
AARSD1,450.0744453,0.011272579,0.048469235,0.599356457,0.913845304
ABCB8,1666.873161,0.012388722,0.044398041,0.601464895,0.913845304
AHNAK,23089.92615,0.011424603,0.047920948,0.601392999,0.913845304
ANGEL2,717.2924603,0.010800329,0.048695191,0.6003532,0.913845304
ANKRD28,1290.064067,0.011260182,0.048266433,0.60014604,0.913845304
ARMCX5,390.0219539,-0.010272349,0.050130419,0.60119493,0.913845304
C1GALT1C1,579.1881515,-0.011516356,0.047618009,0.599552567,0.913845304
CCDC150,72.65504225,0.004998383,0.051917044,0.6000021,0.913845304
CEP170,4334.428275,0.001685989,0.046256031,0.601428491,0.913845304
CHFR,2775.019619,-0.013445556,0.044620952,0.601025381,0.913845304
EFCAB2,313.8012206,-0.008261267,0.050621542,0.599119644,0.913845304
ELK4,1337.63661,0.014380074,0.047956007,0.600669912,0.913845304
GAS2L3,943.9151661,-0.007929061,0.049746344,0.600097737,0.913845304
LAMP5,38.0366403,-0.004400276,0.052042401,0.600905671,0.913845304
LATS2,959.477758,0.01200574,0.047089793,0.600042033,0.913845304
MMD,3390.574347,-0.012730385,0.045943438,0.601011347,0.913845304
MT-ND3,23014.2783,-0.013500317,0.046870164,0.600574227,0.913845304
MTFMT,550.5551362,-0.011381317,0.047700094,0.600361923,0.913845304
MTFR1L,1429.89889,-0.012275229,0.045328977,0.600776397,0.913845304
NRF1,494.5801097,-0.010192413,0.049415258,0.601364294,0.913845304
P2RX5-TAX1BP3,59.68178268,-0.005720706,0.051749838,0.600773797,0.913845304
RPL12,12118.3303,-0.022747132,0.045313373,0.600576967,0.913845304
RUBCN,1750.056402,0.010473682,0.048928406,0.599222234,0.913845304
SLIT2,48.42726161,0.004292136,0.052089313,0.599695672,0.913845304
SPON2,272.5780783,0.008243629,0.05072038,0.59938892,0.913845304
TCHP,891.7047882,-0.011763499,0.047262777,0.600339414,0.913845304
TIMP3,8812.595968,0.012677502,0.044851397,0.599983548,0.913845304
TIPIN,109.2785922,0.007133981,0.0511986,0.601091572,0.913845304
TMCO3,1858.894668,0.013731961,0.042060182,0.599554788,0.913845304
TMED10,7966.562782,0.016547454,0.039171476,0.600242239,0.913845304
UNC5A,120.1337901,0.00657353,0.051445713,0.600209612,0.913845304
UPRT,523.0782891,-0.01171797,0.047341661,0.600658698,0.913845304
VNN2,138.2419568,0.008209216,0.050830926,0.601211903,0.913845304
ZNF425,93.86337878,-0.006135432,0.051615913,0.599803164,0.913845304
ACBD6,812.9472067,-0.012526248,0.04537073,0.601674331,0.914054581
RGPD5,1018.144599,-0.005854724,0.051652997,0.601805273,0.914144576
LTBP4,890.081979,0.008799722,0.050341906,0.601909061,0.914193308
FAM234B,228.7298364,-0.009060562,0.050104738,0.602021656,0.914255401
CCND2,525.2300152,0.011092273,0.048263509,0.602411816,0.914466296
CCT4,2849.613099,0.012815701,0.046120203,0.602577277,0.914466296
TMEM107,376.0239307,0.009368604,0.049941691,0.602590898,0.914466296
TNFSF12,1097.62742,0.010714654,0.04877759,0.602373895,0.914466296
ZNF417,229.1331289,-0.007678783,0.050953634,0.602461963,0.914466296
ZNF446,195.0939441,0.008592265,0.050514548,0.602453206,0.914466296
ITGBL1,291.6226745,0.008925736,0.050022183,0.602907064,0.914502575
MGA,1364.041628,-0.012761526,0.044530158,0.602981261,0.914502575
PCNX2,493.5892871,0.008229019,0.050667304,0.602957499,0.914502575
RPL7A,16287.55819,-0.007299119,0.04356113,0.602718574,0.914502575
SAP25,273.0733374,-0.00867911,0.050374425,0.602875089,0.914502575
SLC22A25,160.6039789,-0.007600044,0.050979531,0.603045191,0.914502575
AKAP1,1241.838951,0.012475039,0.047036192,0.603147478,0.914526918
ARID5A,2542.8383,-0.011681289,0.047035165,0.603204711,0.914526918
PIGW,347.2595649,-0.009263022,0.049930423,0.603433324,0.91457384
RAB29,1962.680913,0.013562206,0.04266667,0.603542613,0.91457384
STK10,6864.394275,-0.01259263,0.044756648,0.603343125,0.91457384
TMEM97,257.8711455,0.007818753,0.050859114,0.603594344,0.91457384
ZNF271P,401.7897935,-0.010495274,0.049157965,0.603592647,0.91457384
NTPCR,513.5063658,0.011736415,0.047270348,0.604028897,0.915123518
POLR2J4,63.31146089,0.006165208,0.051531871,0.60425823,0.915362187
MTA2,2349.126998,-0.013797472,0.042723684,0.604434442,0.91552034
B4GALT7,1134.407592,0.011152357,0.048780871,0.604606398,0.915672008
CHCHD2,3077.826952,0.012831885,0.044839133,0.604723484,0.915690177
PSMC3IP,138.2876161,0.007998703,0.050758797,0.604762043,0.915690177
MTMR11,88.19711983,-0.006915971,0.051268493,0.604974093,0.915807697
NUP214,2668.201512,-0.009783093,0.049856125,0.604983326,0.915807697
ANKRD37,50.45548612,-0.005482025,0.051750135,0.605596772,0.916052703
GTF2H4,561.1952245,0.011197701,0.04778222,0.605806958,0.916052703
LRCH4,3062.615822,0.011257892,0.047880852,0.605709664,0.916052703
PAQR7,280.942723,-0.009301533,0.049945372,0.605640352,0.916052703
RBM7,657.0663133,-0.008936201,0.05013062,0.605712397,0.916052703
SSBP3,1313.053142,0.009306831,0.049658557,0.605863706,0.916052703
TNFRSF8,33.83715671,-0.003892929,0.052126876,0.605220897,0.916052703
TPRN,570.1076821,0.007981025,0.050697626,0.605834312,0.916052703
TRMO,417.7887453,-0.01149789,0.048130556,0.605451951,0.916052703
ZC3H12A,522.5576249,0.01016381,0.049531014,0.605313306,0.916052703
FOXN3,2901.733256,0.012377168,0.04750192,0.605969962,0.916104713
FOXP2,36.08975999,-0.004386588,0.05203014,0.606100627,0.916193608
NLGN2,65.05623716,0.004640065,0.051962605,0.606230877,0.916281855
SLC2A1,140.3383975,0.005926572,0.051615225,0.606537313,0.916636345
FAM98B,660.8324182,-0.010838758,0.048367959,0.60683306,0.91675728
SPSB2,300.4435638,0.009826318,0.049352995,0.606728165,0.91675728
SYMPK,2740.01488,0.010752262,0.048477956,0.606824267,0.91675728
ATG4D,587.5285609,0.010675971,0.048555437,0.607235018,0.91696249
ATP5MG,3936.711498,-0.01475398,0.044716765,0.607328517,0.91696249
BLTP3A,2879.263607,-0.01272322,0.045459596,0.607168673,0.91696249
GPAT3,248.834114,-0.008487723,0.05039774,0.607319093,0.91696249
TOR2A,1099.858017,0.011077974,0.04875184,0.607259938,0.91696249
ANXA4,3851.413298,0.012489013,0.043319662,0.608236032,0.917031602
CTNNAL1,434.0678204,0.009542191,0.049640759,0.608301987,0.917031602
KCNJ14,54.46748881,0.005370379,0.051803205,0.608141929,0.917031602
MAU2,2689.237736,0.011216756,0.047664349,0.60787427,0.917031602
NAPA,5266.012775,0.002728497,0.045409814,0.607554722,0.917031602
PHC1,479.4990396,0.008064989,0.050667484,0.607743844,0.917031602
PTPRO,2848.37188,-0.013883424,0.042211845,0.607763803,0.917031602
SPIRE2,492.49343,0.010131436,0.048875783,0.60796348,0.917031602
TADA3,2158.544358,0.0127473,0.044146175,0.607852142,0.917031602
TCAIM,1078.118786,-0.01154085,0.047201379,0.608258115,0.917031602
TTC34,138.3787893,0.007187351,0.051082182,0.608309378,0.917031602
UBE3B,1603.956729,0.011522195,0.047266182,0.60811401,0.917031602
UBTD2,582.1171451,0.011768062,0.047691887,0.607550371,0.917031602
C1orf131,367.2860641,0.011161513,0.047852006,0.608452923,0.917075515
ENG,28747.78957,0.011882664,0.047125085,0.608554307,0.917075515
MAMDC4,133.01939,0.005803856,0.051669717,0.608487283,0.917075515
AVL9,1764.96333,-0.010563055,0.048548413,0.608748307,0.917159459
YWHAH,4686.956735,0.015266295,0.045130075,0.60875389,0.917159459
ASIC3,146.5145389,-0.005706781,0.051646418,0.609358272,0.917260507
CUTA,2265.974381,0.011701642,0.046704443,0.609272711,0.917260507
DNAJC15,134.9277217,0.006885653,0.05127526,0.609068942,0.917260507
DNAJC2,748.7781906,-0.011269928,0.04739506,0.609342585,0.917260507
MATR3,4872.916402,-0.012909276,0.045080671,0.609229708,0.917260507
OR7C1,96.34645759,-0.005935631,0.051549549,0.609009681,0.917260507
ZDBF2,111.4682718,0.006627575,0.051336131,0.609030795,0.917260507
ZNF589,2411.612531,-0.012976678,0.044319187,0.60939654,0.917260507
CGAS,311.0207188,0.009136538,0.049947658,0.609595129,0.917400146
DCN,122.6484263,0.004347822,0.052025412,0.609633229,0.917400146
ADAM10,7088.254643,0.012310675,0.045300631,0.609777744,0.917400946
MLH3,439.1696002,0.01119743,0.0476327,0.609849637,0.917400946
ZNF565,62.04534604,-0.005527212,0.051685334,0.609749597,0.917400946
SEPTIN1,74.81984826,0.005728912,0.051723985,0.60995132,0.917445656
FAM43A,37.78322956,0.004462926,0.051998826,0.610041582,0.917473178
ARHGAP30,8346.532373,-0.013812092,0.039963145,0.610340453,0.917742875
ARL5B,556.9560144,-0.009837704,0.049274079,0.610871739,0.917742875
CERS4,348.4881357,-0.007539587,0.050885635,0.610940763,0.917742875
OGFOD2,615.8618365,0.009992173,0.049165861,0.610427184,0.917742875
SHQ1,265.729535,-0.005850575,0.051588171,0.610705347,0.917742875
TMA16,402.0179316,-0.010104067,0.048925975,0.610774614,0.917742875
TP53RK,524.8150089,0.011327079,0.047524095,0.610917155,0.917742875
USP22,6151.539521,0.013716411,0.041050679,0.610561997,0.917742875
VEZT,1277.396713,-0.010337043,0.048754068,0.610594494,0.917742875
ZNF780B,518.2847825,-0.008288362,0.050040653,0.610750029,0.917742875
ADAP1,2339.449137,0.012096557,0.045295354,0.611537115,0.917780199
CPLANE2,108.8859821,0.006976409,0.051178016,0.611465399,0.917780199
DNAJC28,71.72397425,-0.005888663,0.051558567,0.612192122,0.917780199
IFT81,121.421877,-0.005692824,0.051573507,0.611819932,0.917780199
INPP5A,203.6486113,0.007984542,0.050633697,0.6122614,0.917780199
LIN7C,594.0109473,-0.010977657,0.047896058,0.61174903,0.917780199
MRFAP1,6527.328377,-0.008129988,0.039050033,0.611472008,0.917780199
MT-CO3,70567.82644,-0.012636187,0.04447622,0.612203545,0.917780199
NDE1,791.7436384,-0.010809,0.047613699,0.611926329,0.917780199
NDUFA12,947.9055181,-0.012321523,0.045296352,0.611206663,0.917780199
PCIF1,1305.578209,0.011044338,0.047774984,0.611819006,0.917780199
POLR3K,404.1404676,0.010476494,0.048718276,0.611568296,0.917780199
PPIB,6916.122946,-0.014042514,0.043127708,0.611447179,0.917780199
PRKCE,200.8364193,0.006430233,0.051398277,0.612231024,0.917780199
SIAH1,643.5398418,0.011455205,0.047216749,0.612037392,0.917780199
TMEM266,163.5946568,0.007973874,0.050733222,0.611530432,0.917780199
WDR44,760.1013017,-0.011625888,0.046568945,0.611196267,0.917780199
ZNF10,115.9130827,0.006990223,0.051280049,0.611860835,0.917780199
ABCB10,1160.901288,0.010729723,0.047111694,0.614787279,0.918012696
ALG10B,487.6697272,-0.011658601,0.049382374,0.615628903,0.918012696
ANKRD39,230.660568,0.008576989,0.05021838,0.614761589,0.918012696
APOLD1,37.49522209,-0.003970301,0.052073816,0.615061765,0.918012696
C1orf52,542.2684076,0.010126116,0.048622018,0.614629479,0.918012696
CANX,22076.30611,0.011018949,0.046635542,0.616105749,0.918012696
CAPN3,716.2787047,-0.010495999,0.048825954,0.613880009,0.918012696
CLEC1A,61.75172094,-0.004961614,0.051918734,0.615714535,0.918012696
CNTROB,1346.160776,-0.011132925,0.047331926,0.615319482,0.918012696
CZIB,593.8616938,-0.011415904,0.046946346,0.615512019,0.918012696
DCTN5,1852.611328,-0.011182819,0.047530887,0.615733433,0.918012696
ERCC1,2443.779466,-0.012329014,0.045402304,0.61394474,0.918012696
ETFRF1,282.432363,-0.009772961,0.049407911,0.61438726,0.918012696
FAM200C,72.95218681,0.006176023,0.051479087,0.616133095,0.918012696
FBXO32,719.5139471,-0.010829002,0.047829634,0.616181175,0.918012696
FBXW9,173.1998434,0.008342634,0.050399568,0.612912017,0.918012696
FOXO3B,93.07557838,0.002239653,0.052356288,0.613681244,0.918012696
GCFC2,253.71982,-0.008681531,0.050151659,0.612521963,0.918012696
H3-7,267.0466962,0.007602438,0.050820553,0.612644585,0.918012696
IFITM1,246.991435,0.006913222,0.051083706,0.6130505,0.918012696
IQCB1,398.8617159,-0.009926448,0.048969172,0.616115874,0.918012696
KAT8,1221.515299,-0.012587077,0.044322936,0.614844753,0.918012696
LMAN1,2654.862581,0.012263184,0.04535097,0.613345752,0.918012696
MRPL20,1405.981406,-0.012316488,0.044148591,0.614686968,0.918012696
NFX1,1682.118457,-0.012458795,0.04342903,0.614233693,0.918012696
NMNAT1,647.3409887,0.010112807,0.048831176,0.61433499,0.918012696
OR1A1,49.86070477,0.005278803,0.05177154,0.613824247,0.918012696
OSBP2,84.54902604,0.006607813,0.05130055,0.614122708,0.918012696
PCDHGA10,511.7813274,-0.010830006,0.048067735,0.613468326,0.918012696
PDE4B,292.383918,0.009125262,0.050153224,0.615174755,0.918012696
PLEKHM1P1,387.0526139,-0.007930389,0.049870024,0.614977361,0.918012696
RBM22,1580.567635,-0.012792922,0.044309936,0.616143324,0.918012696
RIPOR3,52.85138103,-0.004958367,0.051838407,0.613967814,0.918012696
RNF32,50.89366513,-0.005059175,0.051805755,0.615349706,0.918012696
SZT2,2598.013194,0.012216906,0.045119384,0.615116886,0.918012696
TAF9B,172.9858131,-0.007291314,0.050957648,0.613688406,0.918012696
TCF20,1385.732795,0.010833872,0.04728455,0.612971197,0.918012696
TFDP1,2068.505359,0.012223932,0.045509829,0.614738774,0.918012696
THAP1,279.7399165,0.009593007,0.049470685,0.614859718,0.918012696
TLE3,8741.692228,0.012594898,0.042303008,0.614698662,0.918012696
TNS2,846.2235281,0.008518293,0.050316465,0.616120021,0.918012696
TRIM69,1359.007446,0.011607828,0.046655393,0.615781265,0.918012696
TRIR,5985.012926,0.012563559,0.043909653,0.613900312,0.918012696
VMA21,735.6035343,-0.010323427,0.048430312,0.613069069,0.918012696
VPS41,2935.536682,0.011661943,0.046387313,0.615713545,0.918012696
XPO1,4593.177687,0.011274198,0.046691237,0.613065149,0.918012696
ZBTB44,1240.651798,-0.009190729,0.04972368,0.614145471,0.918012696
ZNF101,296.8571683,-0.009095384,0.049779661,0.614657853,0.918012696
ZNF316,4861.816946,-0.012093201,0.048704936,0.614965195,0.918012696
ZNF333,468.4906758,0.010781318,0.048505619,0.614632551,0.918012696
ZNF525,170.813752,0.007173157,0.051009623,0.61607076,0.918012696
ZNHIT1,1712.575679,0.013137359,0.046119789,0.616232854,0.918012696
ZSCAN31,53.48201856,0.005461259,0.051706264,0.613883498,0.918012696
EXO1,137.9748522,0.005099125,0.051797631,0.616386042,0.91813362
AAAS,1263.856685,0.011506044,0.047239287,0.616594052,0.918228894
COL9A2,473.4699354,0.010320446,0.048628776,0.616566294,0.918228894
EME1,135.2784198,0.00701221,0.051065554,0.617205879,0.918429515
LAMA2,151.5266353,-0.007258277,0.050918207,0.617316459,0.918429515
MOGAT1,45.40836567,-0.005052556,0.051788599,0.617167301,0.918429515
NUP35,118.839574,0.005998867,0.051494621,0.617218735,0.918429515
RHPN2,42.12804739,-0.004052901,0.052041667,0.616971955,0.918429515
SATL1,42.86985353,0.004587241,0.051938411,0.617342568,0.918429515
SLTM,3253.63665,-0.012808274,0.043034512,0.617377123,0.918429515
SMAD6,1569.394777,-0.010102759,0.047876825,0.617189797,0.918429515
STX11,1540.375859,0.019839211,0.047906308,0.617134777,0.918429515
XPNPEP1,2324.956736,0.012242535,0.043432656,0.617589063,0.918637611
ARMC1,804.7757643,0.01049745,0.048293566,0.618226462,0.918677536
ATP6V1F,17108.83802,-0.017262934,0.045625949,0.618904461,0.918677536
BICRA,649.5953226,0.009221253,0.049620831,0.618658543,0.918677536
BMPR1A,796.9668691,0.01018599,0.048499605,0.61887959,0.918677536
FASTKD2,706.145485,-0.009513298,0.049282604,0.61876379,0.918677536
FBXO15,340.7089136,-0.009702697,0.049099554,0.618985021,0.918677536
IKZF5,456.3176431,-0.007198675,0.050944223,0.617953077,0.918677536
IL4R,3885.147619,0.013676235,0.04056961,0.618767195,0.918677536
RPL18A,18219.32098,0.012350976,0.044750406,0.618903928,0.918677536
SAP130,930.5592303,0.011763297,0.047214413,0.61872553,0.918677536
SH3YL1,509.1079414,-0.008544849,0.050096204,0.618971829,0.918677536
SLC15A2,73.44440571,-0.003729529,0.052107065,0.618285723,0.918677536
SMAD3,55.36265858,0.004329768,0.051988779,0.618802469,0.918677536
TBC1D10A,1239.039917,0.011884156,0.045797571,0.618556324,0.918677536
WNT2B,200.0089208,-0.007105937,0.050894946,0.618722415,0.918677536
ZNF32,343.759582,-0.008666761,0.049880877,0.618470904,0.918677536
ZNF644,1005.281452,0.01110401,0.047722504,0.617863103,0.918677536
ZNF658B,36.47486462,-0.003724277,0.052113879,0.618376264,0.918677536
ZNF761,501.4375835,-0.009930836,0.048835916,0.618918085,0.918677536
INTS2,393.4000131,0.009399383,0.049240324,0.619121236,0.918772743
COQ2,867.7308314,-0.012264129,0.045341716,0.619448462,0.919067621
STARD3NL,1168.73249,0.010712055,0.046123163,0.61946412,0.919067621
MIER3,489.0658297,-0.006430261,0.050912749,0.619708512,0.919323228
PPFIA4,65.1156215,-0.004213919,0.051995457,0.620003446,0.919330018
RARRES1,346.6774241,-0.00901863,0.049229206,0.619880566,0.919330018
RBM44,34.73621425,-0.003591974,0.052132838,0.620073639,0.919330018
TRIM22,5220.657668,0.011206185,0.047285911,0.620011141,0.919330018
TSPYL2,147.9259918,0.006634917,0.051191577,0.619939401,0.919330018
SATB1,275.0786648,-0.003952649,0.052015061,0.620164391,0.919357653
MALT1,906.1025772,-0.011246134,0.046992326,0.620309504,0.91946586
MT1E,41.22344685,0.004494924,0.051942652,0.620406845,0.91950324
ABR,21565.00045,0.010404225,0.048320455,0.620709493,0.919524207
NCOR1,5921.000862,-0.013965213,0.042474629,0.620566131,0.919524207
SIGLEC1,13467.20568,0.009014555,0.04974851,0.62064143,0.919524207
SPTY2D1,862.4393275,0.009521282,0.047648027,0.620679119,0.919524207
DYNLRB1,2929.137501,-0.002941747,0.044103352,0.621032748,0.91989619
GGA1,5384.979366,0.011531228,0.046512332,0.621133089,0.919937937
TMEM101,799.29089,0.011990505,0.045571028,0.621377279,0.920192697
ABCA6,126.6531024,-0.005629906,0.05156879,0.622152226,0.920308557
ABRAXAS1,316.2356261,-0.00873894,0.049861832,0.623217488,0.920308557
BCOR,1287.484866,-0.011521926,0.04572336,0.623539975,0.920308557
C6orf62,9833.559706,-0.012746892,0.042349992,0.622727066,0.920308557
CCDC167,135.1550455,0.008056694,0.050375351,0.623840555,0.920308557
DOC2GP,41.1952557,-0.004245761,0.051962962,0.623044974,0.920308557
EGFL7,749.8288008,0.009535431,0.049155282,0.622823164,0.920308557
ERGIC2,987.8753815,0.011836031,0.045687285,0.623723834,0.920308557
ERI3,741.5789474,0.011040609,0.047032571,0.622726089,0.920308557
GNAI3,2748.105957,-0.012122339,0.044713571,0.621915406,0.920308557
GPAA1,3012.047509,0.010380118,0.048201726,0.623686244,0.920308557
GPHN,300.0488466,0.007748781,0.050584125,0.622307892,0.920308557
IRF8,4868.151128,-0.011536313,0.045803483,0.62246591,0.920308557
MICB,948.5653927,-0.013578278,0.043813567,0.623584174,0.920308557
NBDY,818.3590294,0.011502139,0.04632424,0.623713224,0.920308557
NRAS,2870.62639,0.011764807,0.045443084,0.623154021,0.920308557
PGRMC2,1276.906064,-0.010974266,0.047296559,0.623479988,0.920308557
PRKDC,4005.257058,0.010775315,0.045902855,0.623842586,0.920308557
PRRT3,185.4672668,0.00729413,0.050620452,0.622561445,0.920308557
RASEF,33.2202573,0.003888773,0.052082586,0.621638601,0.920308557
RBP4,720.3384766,-0.012538794,0.046808369,0.623456165,0.920308557
RPL23AP42,3329.269234,0.011354422,0.046749837,0.623118299,0.920308557
RPL6P27,50.46591788,-0.00431828,0.051965182,0.622608802,0.920308557
SCYL3,389.8867597,0.009483037,0.049231637,0.623909864,0.920308557
SH2B2,1055.790109,0.009205602,0.049516336,0.622288601,0.920308557
SIGLEC18P,54.16558063,0.005111885,0.051757992,0.623770957,0.920308557
SLC19A1,2067.197597,0.015364882,0.049310913,0.622739996,0.920308557
SPRYD4,476.2770664,-0.010817258,0.047737084,0.621730565,0.920308557
STAMBP,1077.671903,-0.010072025,0.042665302,0.622270746,0.920308557
TBC1D14,3364.946379,-0.012628499,0.042311421,0.622285999,0.920308557
TRIM34,791.3411942,0.010128451,0.048336264,0.623755402,0.920308557
UFSP1,33.4825421,0.00416209,0.05202052,0.621709155,0.920308557
USP46,578.4217519,0.009920693,0.0485833,0.623642344,0.920308557
ZNRF1,221.9520837,-0.006912329,0.050980868,0.623224902,0.920308557
INO80E,1794.726546,0.01156012,0.046657709,0.624382623,0.920495222
MT-ND4L,13883.28771,0.005779612,0.048795834,0.6243698,0.920495222
UBE2V2,978.347628,0.010085574,0.048728353,0.624261285,0.920495222
USP35,306.0354533,0.009077194,0.049565585,0.624125431,0.920495222
ZBED4,1111.780328,0.009808458,0.043967651,0.624397418,0.920495222
CHD8,3196.548768,-0.010711368,0.043900593,0.624478521,0.920508343
TES,689.4213802,0.008797904,0.04939403,0.624552083,0.920510348
PPP1R3D,442.0062187,-0.010582648,0.047549853,0.6247353,0.92067395
CDPF1,148.6118538,0.006889741,0.051037595,0.625087594,0.920980208
CFAP97,734.1583439,0.011598805,0.045847852,0.625018172,0.920980208
MOCS3,395.0500654,0.010638763,0.047805873,0.625248567,0.921015922
SNX21,217.5278325,-0.006820241,0.050980501,0.625256318,0.921015922
DDX23,2624.156571,-0.013564373,0.044480292,0.626077446,0.921159503
DYNLL2,2171.613282,0.016344249,0.043454536,0.626160781,0.921159503
GPR108,2372.558466,0.011574247,0.045271212,0.626437595,0.921159503
INSIG2,698.7897702,0.009737407,0.048851193,0.626284922,0.921159503
LRGUK,38.40739045,-0.004516715,0.051896978,0.625907465,0.921159503
MRPL2,800.5044109,0.010753106,0.047308064,0.626268711,0.921159503
MSTO2P,66.35767525,-0.005124387,0.051706341,0.625634725,0.921159503
NUF2,278.1153961,-0.007711199,0.050551856,0.625841958,0.921159503
OCEL1,393.5171902,0.008571492,0.049903352,0.626397457,0.921159503
PDIA3P1,34.64931452,-0.004353214,0.051941188,0.626000531,0.921159503
PLD2,2743.82413,-0.010901246,0.047231317,0.62643667,0.921159503
RRN3,1215.164937,0.012161166,0.046080036,0.626294578,0.921159503
TRAPPC2L,929.9231567,0.009921982,0.047896135,0.625520461,0.921159503
UQCC6,235.0784623,0.008948243,0.049310007,0.626006535,0.921159503
ZNF587B,349.4286024,0.009682697,0.048515306,0.62553723,0.921159503
KLHL22,472.2333473,-0.01005943,0.048392637,0.626954497,0.921280834
NLRC4,1618.097987,-0.012543469,0.043719024,0.626797692,0.921280834
PARN,1181.557605,-0.012565508,0.046810685,0.626609684,0.921280834
PPP4R3B,2462.292781,-0.008452447,0.046450256,0.626960263,0.921280834
TLK2,1589.22184,-0.013903909,0.045624655,0.627025947,0.921280834
TMEM167B,1521.187066,0.011239416,0.046454495,0.626892424,0.921280834
ZNF714,399.9496711,-0.008661986,0.049809441,0.626995115,0.921280834
PSMG3,381.6678371,0.009711972,0.048916716,0.627243929,0.921494913
NT5C2,2985.380156,-0.016304887,0.045213137,0.627410577,0.921633534
ZNF45,372.022597,0.009339507,0.049161499,0.627537296,0.921713478
PIGC,528.705993,-0.009997728,0.048446148,0.62773277,0.921894377
BRD9,1297.488342,0.012429765,0.043477538,0.627833077,0.921934372
CYP3A5,144.5564585,-0.007281562,0.050748354,0.627918928,0.921934372
HECTD4,2042.288243,0.010939111,0.047408196,0.628059155,0.921934372
NOSIP,1146.014031,0.009654973,0.048740973,0.628161072,0.921934372
POLG,2278.852045,-0.012216926,0.044567684,0.62805384,0.921934372
TRPM8,201.0801544,0.006662618,0.051019019,0.628193889,0.921934372
TRAM2,973.4554791,-0.014049093,0.045247894,0.628359478,0.922071246
MSN,23266.15601,0.007692204,0.043860143,0.628584984,0.922207187
RNLS,110.8304723,-0.006412035,0.051195008,0.628596788,0.922207187
MRPL15,1090.868516,0.011386975,0.046929293,0.6287045,0.922259081
GBP5,50.70410442,0.004924928,0.051778459,0.629083176,0.92247624
GRM1,225.8701309,0.008345679,0.050291428,0.629141965,0.92247624
PCDHA4,218.3189721,-0.008337338,0.050158679,0.629080235,0.92247624
TMED9,7768.212947,0.012224568,0.044473689,0.629096697,0.92247624
ATG13,2955.014436,0.011845648,0.045983256,0.629269755,0.922519158
DDX50,647.2744908,-0.010410804,0.047748756,0.629434703,0.922519158
JADE1,420.410692,0.010058237,0.04753875,0.629460676,0.922519158
RAB17,49.67592824,0.004397855,0.051933223,0.629360037,0.922519158
SEPSECS,692.9879054,-0.009968648,0.04847507,0.629536511,0.92252425
C11orf98,813.4872491,0.010735478,0.047386103,0.629703809,0.922557327
GREB1,500.0122433,-0.01005388,0.048281138,0.629691272,0.922557327
SAP30L,895.1442871,0.009616834,0.047984208,0.629781188,0.922564675
CENPW,172.3739502,-0.007971442,0.050280447,0.630013823,0.922799428
FBXL12,825.6729787,0.011359918,0.046145402,0.630238358,0.923022266
SRRM1,2219.974345,-0.011849964,0.044948618,0.630460326,0.923241292
NKIRAS1,419.6177972,0.009486302,0.049038071,0.63058301,0.923314895
NAT10,1139.363704,-0.011422295,0.045782626,0.630724332,0.923415767
SAMD4A,2340.449374,0.016484406,0.048468347,0.630878082,0.923534811
DEDD,1360.698394,-0.011883902,0.04396294,0.631236936,0.923954041
CAMK1G,47.58067674,0.00343597,0.052135284,0.631560736,0.92414202
RPL4,25107.66072,0.012232151,0.043447004,0.631533126,0.92414202
RPL41,23090.10479,-0.011433943,0.045720787,0.631582824,0.92414202
EEF1A1,192837.1144,-0.011764604,0.044809055,0.631698052,0.924162665
MRPL16,912.4716025,-0.011534831,0.045673935,0.631787583,0.924162665
ZNF296,127.5424407,-0.007091148,0.050799287,0.6318144,0.924162665
PTPRH,91.3159076,-0.004849062,0.051807089,0.631900176,0.924182098
IFT70A,65.12402671,-0.005323234,0.051607228,0.632077073,0.924228765
NUDT14,1088.813244,-0.009736366,0.048179809,0.63207485,0.924228765
MYH3,62.51775369,-0.004718881,0.051800921,0.632344196,0.924458566
ZNF148,1127.414299,-0.009997069,0.047919976,0.632379258,0.924458566
FBXW11,1989.826555,-0.011236194,0.046014475,0.632554887,0.924609294
CHMP4C,39.5745057,-0.004321395,0.05191498,0.633005121,0.924616361
FRG1HP,70.23877892,-0.005496682,0.051525689,0.633073174,0.924616361
MTMR6,1358.256591,-0.010803392,0.048217536,0.633139919,0.924616361
NSUN7,151.21981,-0.006286808,0.051034348,0.632900468,0.924616361
PCDHGB6,315.8828838,-0.007417562,0.050579192,0.632847426,0.924616361
SPATA20,2612.865973,0.010988273,0.043048349,0.633112522,0.924616361
STK4,2890.497266,-0.011636197,0.042660389,0.632776812,0.924616361
TMEM160,445.6633823,0.009716421,0.048179101,0.632861264,0.924616361
AP2B1,3813.372997,-0.012088226,0.04272481,0.633413045,0.924909279
CCN2,38.52683239,0.002908414,0.052246938,0.633679036,0.925191711
AATF,1423.832709,-0.012238699,0.042986798,0.634456836,0.925282906
ABCC6,98.81140245,0.005299807,0.051607298,0.634288579,0.925282906
ANKRD36B,181.8670988,-0.006082271,0.051280704,0.633976551,0.925282906
CCDC50,1786.568112,-0.012054764,0.043495067,0.634384174,0.925282906
CDK5RAP1,809.2475552,-0.010127426,0.046740593,0.634467266,0.925282906
GAA,14127.71995,-0.011626887,0.047725878,0.634065661,0.925282906
NHERF1,1158.154685,0.009908795,0.047869348,0.634203115,0.925282906
PRP4K,2547.050459,-0.010533305,0.046801492,0.634460014,0.925282906
SLC35D2,878.9921495,-0.011390897,0.045540026,0.634040424,0.925282906
TOM1,6232.028935,-0.009935902,0.047805609,0.634134039,0.925282906
PPTC7,1849.159521,-0.011777952,0.044434106,0.634592145,0.925359173
KPNA3,1988.227914,-0.01067331,0.047346319,0.635012528,0.925362847
LGR4,516.5275083,-0.008316474,0.049714803,0.634849044,0.925362847
MGME1,851.8173662,-0.011175341,0.046288767,0.635048371,0.925362847
PHF12,1823.589046,0.010255343,0.04595486,0.63501304,0.925362847
RBM42,2766.150547,0.009569199,0.048729687,0.63485445,0.925362847
SNHG33,162.941415,-0.007817089,0.050267003,0.634745854,0.925362847
TMEM191B,59.41614014,-0.004667827,0.051742663,0.635102746,0.925362847
AGGF1,1182.780836,-0.011453043,0.045272758,0.635500457,0.925601758
FBXO7,2866.153781,-0.011570151,0.04014348,0.635475392,0.925601758
PREPL,860.7779696,-0.010005481,0.047914259,0.635456873,0.925601758
TRIM36,402.1412445,-0.010999082,0.049273129,0.635557125,0.925601758
COPS9,787.1963516,-0.009119609,0.048621561,0.635644001,0.925622544
EPOR,339.2217583,0.00879252,0.049498097,0.636245332,0.925680754
FAIM,329.3683123,0.008431609,0.049526608,0.635995869,0.925680754
ILF2,2775.626709,-0.013223945,0.043864371,0.635770859,0.925680754
MAN1A2,1440.523014,-0.010611604,0.047255123,0.636214858,0.925680754
RGS9,36.47552814,0.003750517,0.052060343,0.636130246,0.925680754
RMND5B,1092.348449,-0.010655306,0.046973884,0.636078453,0.925680754
SHB,844.1922658,0.011300727,0.045788204,0.636093387,0.925680754
WARS2,295.0097209,0.008731443,0.049532076,0.63626484,0.925680754
RBFOX2,1019.127246,0.010832627,0.046764286,0.63660944,0.925970765
TMEM245,2215.640654,0.011734025,0.044381959,0.636538194,0.925970765
PFDN4,295.9472338,-0.007748538,0.050082424,0.636795843,0.926136231
ELP5,1137.690983,0.011195939,0.045864466,0.636982165,0.926301543
ZDHHC17,808.130514,0.009956782,0.048104433,0.637245134,0.926578264
EIF1,11377.76265,-0.011931856,0.04377429,0.637447731,0.92658901
INTS1,5110.843725,0.008470574,0.04995335,0.637422605,0.92658901
MAFK,2365.962998,0.011241625,0.045304791,0.637615922,0.92658901
RPS7,6260.177141,-0.010011126,0.04827086,0.637543343,0.92658901
SERPINF2,288.849184,-0.008283018,0.049909959,0.637543284,0.92658901
AP5Z1,2987.912215,0.010097258,0.047893124,0.637908353,0.926706127
ELF2,808.5978709,-0.010907556,0.046308512,0.638541468,0.926706127
F8,111.3603635,-0.006003044,0.05124476,0.638747368,0.926706127
FIRRM,195.1291963,-0.007325321,0.050752438,0.638402692,0.926706127
FKBP1A,11383.69166,0.016142806,0.042252941,0.638786842,0.926706127
GMPPB,932.5329557,0.009729303,0.048724956,0.638559769,0.926706127
LENG1,289.3855376,-0.009202354,0.049349455,0.638490256,0.926706127
MAP10,89.33474707,-0.006241342,0.051157761,0.638349877,0.926706127
MOB1B,1388.439428,-0.01040809,0.047542959,0.638146662,0.926706127
NMI,973.342505,0.009735972,0.047305002,0.637949257,0.926706127
PIERCE1,35.16798715,-0.004329166,0.051947658,0.638710831,0.926706127
SLC30A9,1706.508866,-0.01199465,0.046900717,0.638405698,0.926706127
STXBP2,9260.765306,0.011039852,0.046551818,0.638614979,0.926706127
TRAC,36.56079501,0.003929552,0.052008053,0.637799413,0.926706127
UBA52,13415.66558,-0.011964467,0.043734824,0.638639524,0.926706127
FASTKD5,496.4653143,-0.010343619,0.047357983,0.638984179,0.926776117
KIF22,1087.920267,-0.011161788,0.045762564,0.638919135,0.926776117
ZNF524,671.4354617,0.009228532,0.048835659,0.639053169,0.926776117
ALDH4A1,542.1056452,0.008819288,0.049310423,0.639412272,0.927191431
DDX3X,11796.60026,-0.012793655,0.043253325,0.639789782,0.927270455
FANCB,65.434218,-0.005147072,0.051599024,0.639830433,0.927270455
LIPT1,95.88673263,-0.005396295,0.0515057,0.639801042,0.927270455
NUDT7,61.75429072,-0.005353847,0.05149742,0.639586763,0.927270455
SPATA7,168.2733698,-0.005410059,0.051492991,0.639769481,0.927270455
DDT,1430.70763,0.011305428,0.045276031,0.640161865,0.927604449
YWHAQ,4763.939546,0.009573174,0.045519597,0.640206412,0.927604449
BOLA2-SMG1P6,387.5208925,0.007937416,0.048837741,0.640563063,0.927706921
LRRC42,366.9242106,0.00970703,0.048351477,0.640496849,0.927706921
OGFRL1,4351.769371,0.010184569,0.046574067,0.640713737,0.927706921
RGS5,41.52504038,0.003970976,0.051985938,0.640665443,0.927706921
SDE2,663.951807,-0.011529726,0.046592378,0.640413763,0.927706921
VPS35,4380.442077,0.017585845,0.04723174,0.640680896,0.927706921
C1orf159,376.6190112,0.00991263,0.049834625,0.641195357,0.9279827
NCBP3,1453.124058,-0.011560588,0.044348811,0.641096654,0.9279827
OTUD1,1256.022657,-0.011445367,0.044743478,0.641191399,0.9279827
PLB1,278.3655612,0.007191745,0.050661725,0.641025198,0.9279827
MC1R,237.8909449,0.007757122,0.050213285,0.641759919,0.928274885
PDE8B,48.16874841,-0.004377092,0.05185335,0.641834113,0.928274885
PRKN,63.92869118,0.003663307,0.052056635,0.641555637,0.928274885
TARBP2,1041.439274,0.010004806,0.047839222,0.641716387,0.928274885
TMBIM6,27672.63776,0.012073073,0.042277194,0.641787691,0.928274885
TMEM209,360.4673785,0.007662629,0.050308037,0.641629857,0.928274885
KLHL42,517.9618996,0.009271545,0.048795543,0.642065052,0.928503555
ABHD4,1439.526888,0.010406867,0.04691366,0.645991145,0.928545506
ADAT3,197.7381219,0.006384942,0.051037749,0.642851816,0.928545506
ADGRL1,472.4644796,-0.007860004,0.050025216,0.644230608,0.928545506
ADRB2,144.0070588,-0.006755617,0.050814595,0.644574793,0.928545506
AHCYL1,5550.151727,-0.014563869,0.042098675,0.642682552,0.928545506
AMIGO1,97.10282588,-0.006288457,0.050986078,0.645212992,0.928545506
ANKRD46,415.3824299,0.008198809,0.049619506,0.647604368,0.928545506
ANO10,524.0924292,-0.009280169,0.04855991,0.645554544,0.928545506
ARVCF,185.9130323,0.007405295,0.050362693,0.645765851,0.928545506
ASPHD1,406.379116,0.008386106,0.049548129,0.644539712,0.928545506
BCL7B,1698.480517,0.01178752,0.04363971,0.64843389,0.928545506
C5orf22,593.5979807,0.00944838,0.049075534,0.645493225,0.928545506
CASKIN2,350.4205771,0.008132817,0.049832721,0.643094894,0.928545506
CCDC65,70.15364046,-0.005221838,0.051507338,0.648319365,0.928545506
CCDC85A,72.49222288,0.005121607,0.05152758,0.647529736,0.928545506
CCNA1,80.18390396,0.005204311,0.051496203,0.646770575,0.928545506
CCT6B,52.0566266,-0.004719615,0.051697245,0.647558305,0.928545506
CHSY3,47.6432002,0.003776274,0.051999961,0.646805407,0.928545506
CLK3,1560.665939,-0.011035463,0.045277971,0.647302088,0.928545506
COL1A2,1915.56118,-0.004897891,0.051569998,0.648519771,0.928545506
COL4A1,859.7877198,0.009476067,0.048289102,0.642997671,0.928545506
DESI2,994.3709765,-0.01048681,0.046575742,0.646423021,0.928545506
DNAJB12,2721.541769,-0.011924707,0.043778485,0.644771862,0.928545506
DNMT3B,96.4012862,-0.004316893,0.051839085,0.646463931,0.928545506
EIF2B5,1688.072723,-0.012311075,0.041340532,0.643491187,0.928545506
EIF2S2,4163.161253,-0.003516039,0.045299512,0.646633781,0.928545506
ENAH,98.54926229,-0.00388064,0.051952477,0.648638482,0.928545506
FLI1,1969.003263,0.011985238,0.042759227,0.643000331,0.928545506
GIGYF2,2668.909861,-0.010881167,0.046471235,0.648692554,0.928545506
GPR150,123.4232117,-0.007208164,0.050666883,0.644261263,0.928545506
GTF2I,9881.883995,0.012328326,0.041065292,0.648721847,0.928545506
HERC5,2718.346088,-0.009844006,0.047747673,0.645308629,0.928545506
HNRNPF,5353.717955,-0.011976137,0.040740125,0.646432672,0.928545506
HSPG2,812.6778525,-0.007638871,0.050144462,0.645785152,0.928545506
IAH1,634.4012845,-0.010609501,0.046198942,0.644859531,0.928545506
IL15,119.5503132,0.005832981,0.051290358,0.647196369,0.928545506
INVS,424.6381312,-0.00941041,0.048459424,0.644156082,0.928545506
KCNIP3,181.580063,-0.00689487,0.05080218,0.643383459,0.928545506
KRAS,944.2754775,-0.009337213,0.048374177,0.645309786,0.928545506
KRT8P46,35.47180345,0.004031308,0.051934052,0.648395313,0.928545506
KSR1,696.8662214,-0.008870732,0.049048213,0.647407722,0.928545506
LSM5,375.9816352,0.007253852,0.050555656,0.644939497,0.928545506
LZIC,866.6672205,0.010320893,0.047794892,0.646025266,0.928545506
MAP2K6,102.0240656,0.004682487,0.051733418,0.645518929,0.928545506
MUS81,1129.503541,0.009274046,0.04868672,0.643429292,0.928545506
MYH10,1890.895238,0.009210184,0.048629815,0.647836624,0.928545506
NAT8L,521.5074797,-0.008078624,0.049332406,0.648183176,0.928545506
NOL7,1636.603905,-0.010630548,0.045945245,0.644956933,0.928545506
NOP9,2007.755479,0.012000268,0.04203908,0.647780487,0.928545506
NPIPB5,4620.836292,-0.010213691,0.047323759,0.644671656,0.928545506
NTRK3,37.08097009,0.003019147,0.052184079,0.644543541,0.928545506
NUDCD1,378.0740733,0.008853303,0.049270442,0.6449282,0.928545506
PAM16,420.4511849,0.009286064,0.048720547,0.646127442,0.928545506
PARP3,173.3327519,0.00642543,0.050727414,0.644887966,0.928545506
PERP,62.13320796,-0.00545004,0.051444503,0.642200059,0.928545506
PGK1,12493.63086,0.010387791,0.046559523,0.647945832,0.928545506
PLGLB1,89.08876972,-0.005532217,0.051325459,0.64500922,0.928545506
PNPLA4,295.6069735,-0.007242355,0.050371903,0.647614182,0.928545506
POC1A,263.6793644,-0.008988897,0.049440286,0.647019132,0.928545506
POLQ,327.2763054,0.008105357,0.049828283,0.645653016,0.928545506
PPP2R1A,7275.623995,0.018778856,0.044339921,0.645204438,0.928545506
PRKAR1B,390.2767883,-0.008180653,0.04966043,0.647872021,0.928545506
PTPMT1,2622.818027,0.012605363,0.040464218,0.642672327,0.928545506
PYM1,955.4720459,0.010605349,0.046164627,0.644305192,0.928545506
PYROXD1,358.6703037,-0.00724611,0.050474682,0.647253406,0.928545506
RBM26,1476.920452,-0.011146589,0.045108101,0.645673701,0.928545506
RPS6,17897.60305,-0.011363623,0.046235676,0.643131572,0.928545506
RRP7BP,62.37838019,0.005016074,0.051616911,0.644709538,0.928545506
RUNX2,242.4799534,0.005348465,0.051499633,0.645060565,0.928545506
SARS1,4684.261722,0.012188227,0.040364275,0.643616639,0.928545506
SCNN1D,40.98841563,-0.00401647,0.051922198,0.646977482,0.928545506
SH3BGR,47.87505346,-0.003493135,0.052062145,0.646564607,0.928545506
SLC2A10,36.04712653,0.003337331,0.052107748,0.648069543,0.928545506
SMOX,790.3917935,0.010343844,0.046887749,0.645063013,0.928545506
SOCS5,538.8187495,-0.009981631,0.047523882,0.644607513,0.928545506
SPC25,177.8464795,-0.006034582,0.051332442,0.647546617,0.928545506
TAF1D,1351.4588,-0.010049753,0.047615382,0.647102596,0.928545506
TCF7,122.6509015,-0.00476437,0.051707975,0.6439427,0.928545506
TDRD10,32.25968886,-0.003409339,0.052094761,0.64429497,0.928545506
TEX264,1883.298398,-0.010818704,0.045181461,0.647974856,0.928545506
THOC3,947.6722414,-0.008368589,0.044478641,0.647119543,0.928545506
TMED4,1937.944575,0.011379355,0.0438039,0.644899723,0.928545506
TP53I13,1668.288993,0.008366672,0.04967111,0.64632824,0.928545506
TRAPPC3,1948.310784,0.012117319,0.041905748,0.642441118,0.928545506
TRPT1,409.8088514,0.009572241,0.048176174,0.647503144,0.928545506
UNC45A,2071.456871,-0.011383672,0.044767421,0.642638559,0.928545506
WDR45,1747.834129,-0.011153127,0.044978554,0.647808833,0.928545506
XPO6,3376.089399,0.011262555,0.044643869,0.648479707,0.928545506
ZBTB25,345.1286117,0.008937681,0.048891871,0.648578542,0.928545506
ZNF282,1385.764155,0.010086932,0.047232995,0.646828523,0.928545506
ZSCAN21,164.686101,-0.007427309,0.050385409,0.64418012,0.928545506
AFG3L1P,247.3027568,-0.008232497,0.049415944,0.649657118,0.928790649
CREM,483.2436053,-0.010109165,0.047110912,0.649767338,0.928790649
EIF3C,12957.23436,0.010924144,0.041895942,0.649484597,0.928790649
GRPEL2,423.3570421,0.009255235,0.048761078,0.649690577,0.928790649
MAP3K7,1317.46373,-0.007886913,0.043805808,0.649401072,0.928790649
P4HA3,83.86776377,-0.005127423,0.051533791,0.649188027,0.928790649
PLTP,18240.65339,0.011000278,0.046689451,0.649217253,0.928790649
PRPF8,10757.23862,-0.011475162,0.043706644,0.649699299,0.928790649
PTDSS2,1325.033031,0.008833336,0.04893905,0.649042615,0.928790649
STAT3,6260.512588,-0.012059433,0.042716868,0.649523981,0.928790649
ZKSCAN4,343.838663,-0.009037305,0.048755802,0.649431672,0.928790649
ZNF300,41.33562719,0.004433826,0.051823608,0.649315211,0.928790649
BUD31,1180.752399,0.002950722,0.045279805,0.649904011,0.928881865
GCSH,312.5611958,0.007169154,0.050407833,0.650163827,0.928922782
P2RY2,65.9772622,0.004324609,0.051702482,0.650062048,0.928922782
SCARB2,18848.4526,-0.011075301,0.044651539,0.650296951,0.928922782
SYNGR2,9855.231542,0.011137158,0.046744162,0.650240772,0.928922782
UBAC1,1848.772139,0.011595873,0.041066838,0.650273566,0.928922782
KIAA1586,167.2729659,-0.006963058,0.050533242,0.650380321,0.92893779
TRA2B,2413.63017,0.012405776,0.045413349,0.650479127,0.928974839
ADIPOR2,3283.451992,-0.012078383,0.041683072,0.650599657,0.928987394
DDX59,394.4768948,-0.00906359,0.048612194,0.650633653,0.928987394
TOR1AIP2,1888.198809,-0.011369521,0.045559948,0.650924007,0.929089807
TYK2,4031.828167,-0.010029303,0.045940607,0.650846603,0.929089807
ZNF184,216.4121226,-0.008178551,0.049711198,0.650898633,0.929089807
DMPK,231.9183909,0.006337521,0.05113526,0.651199203,0.929274529
MGAM,51.29121436,0.002921471,0.052183892,0.651126944,0.929274529
DCK,957.4319813,-0.012316849,0.048214741,0.651346886,0.929294524
DIAPH1,6004.498949,0.010096015,0.047106647,0.651504781,0.929294524
POMP,2803.267133,-0.009577374,0.047611474,0.651495379,0.929294524
PTP4A2,5495.443038,-0.010013797,0.04539859,0.651412478,0.929294524
ACER2,74.06996856,0.00499883,0.051594921,0.651821424,0.929339851
CCT6P3,77.47482197,-0.005079788,0.051565527,0.651850129,0.929339851
COPRS,1252.141162,0.009870411,0.044869672,0.652061752,0.929339851
GIGYF1,4069.731403,-0.009852847,0.04784736,0.652192615,0.929339851
LSP1,7337.238715,-0.010776484,0.046541197,0.652147219,0.929339851
MAP3K6,534.0402543,0.009532393,0.0479459,0.652186943,0.929339851
RSAD2,1131.25093,0.004124097,0.051894632,0.651934771,0.929339851
TMEM234,427.1220596,0.009323187,0.048505607,0.651800622,0.929339851
ZNF445,644.825903,-0.009407656,0.048158774,0.65201314,0.929339851
DNAL4,343.4234993,0.009221456,0.048367674,0.652448011,0.929473083
FAM200A,158.6761952,-0.007424347,0.050205517,0.652508374,0.929473083
KDM6A,958.2703844,0.011281914,0.044848783,0.652577737,0.929473083
TMEM231,182.2519791,0.005032775,0.051564174,0.652391206,0.929473083
ANAPC1,1284.280838,-0.00923902,0.047406341,0.652782624,0.929557207
MED21,398.928867,0.006293052,0.050276171,0.652712748,0.929557207
CRTAP,4757.226367,0.010468996,0.043856232,0.65299528,0.929561914
DOCK7,1254.280188,-0.007779702,0.049863618,0.653004667,0.929561914
MLXIP,3721.49255,0.010838605,0.045656,0.652866463,0.929561914
GLB1L3,36.91020601,-0.003117538,0.052139302,0.653437926,0.929606578
KANSL3,2138.124336,0.010522629,0.046171635,0.65347354,0.929606578
TGIF2,698.5072576,-0.009875333,0.04732363,0.653205242,0.929606578
ZEB2,7382.729385,-0.015181648,0.047673527,0.653325833,0.929606578
ZNF567,127.731048,-0.006481988,0.050753559,0.653362456,0.929606578
ZNF804A,507.8112924,-0.009896491,0.047172986,0.653264992,0.929606578
ACTR6,379.47381,0.007831899,0.049985926,0.653805404,0.929623936
LSM3,839.4392027,-0.010333202,0.046399696,0.653622348,0.929623936
RPS16,11795.05004,-0.011087226,0.044788583,0.653762593,0.929623936
TESK1,3077.54704,-0.009212361,0.048334339,0.653850329,0.929623936
UBA1,9076.348751,-0.010975455,0.043427132,0.653769792,0.929623936
IFT25,405.1932941,-0.009140822,0.049163498,0.654074738,0.929624713
OLA1,1093.459069,-0.00954576,0.046929972,0.65394754,0.929624713
SMIM10L3,286.5362034,-0.008597642,0.0490357,0.654131766,0.929624713
TANK,1673.902522,0.010544457,0.045376226,0.654142545,0.929624713
APP,16646.95505,0.011327653,0.043580102,0.654410308,0.929694341
PPL,307.4677084,0.007535667,0.050096311,0.654398388,0.929694341
ZBTB6,295.0009569,-0.008459039,0.049166736,0.654406196,0.929694341
ELF4,3450.541021,0.011216839,0.044062896,0.65459507,0.929771232
THEMIS2,3648.115297,0.018750948,0.050099674,0.654610289,0.929771232
ALS2CL,109.5340425,0.003925952,0.05193104,0.655237652,0.929838935
COA1,991.7962269,0.009577318,0.047528982,0.65572087,0.929838935
EIF2B4,1104.157979,0.010556454,0.045903174,0.655149045,0.929838935
FKBP6,47.9113049,-0.004264828,0.051815598,0.65575197,0.929838935
FMNL3,7431.59018,0.01045965,0.043917439,0.655262187,0.929838935
LRRC57,744.7186866,-0.008899472,0.048657987,0.654961444,0.929838935
NDUFA5,1538.836094,-0.011183577,0.043896363,0.655695824,0.929838935
NOTCH1,7867.668985,-0.011633449,0.048176099,0.654987552,0.929838935
PLK4,277.4941879,-0.007488034,0.050070802,0.654944297,0.929838935
RTKN2,61.85802032,-0.004576165,0.051660117,0.655516171,0.929838935
TAF5,326.1753434,0.009648243,0.04785876,0.654770129,0.929838935
TGFB2,102.7992891,0.005811288,0.05118292,0.655386588,0.929838935
TRAPPC10,3545.957391,0.010521733,0.045507623,0.655706066,0.929838935
TRIM41,1989.723258,-0.011309374,0.044265054,0.65513018,0.929838935
XPNPEP3,533.4035551,0.006400985,0.046940955,0.65569228,0.929838935
PSEN2,1681.664148,0.010034013,0.045589543,0.655934473,0.929994283
YLPM1,2058.487959,0.012386104,0.042788133,0.656094375,0.930117557
GOLGA2,2347.852388,-0.011687852,0.043833868,0.656175218,0.930128736
PTPN1,3608.242315,0.010978607,0.043871954,0.656268078,0.930156946
ADSS1,40.48054812,0.003932788,0.051919528,0.65693244,0.93028855
ARHGAP5,1855.021828,0.008484008,0.048798083,0.65661335,0.93028855
ATP8B4,841.0754314,0.007892071,0.049581972,0.656879096,0.93028855
CMTM1,153.2916908,0.006824235,0.050558912,0.657070773,0.93028855
FAM117A,155.0194553,0.006538988,0.050738545,0.656874202,0.93028855
GGACT,233.2535876,0.006273241,0.050898421,0.656825074,0.93028855
RAB40C,739.5062262,0.010040649,0.046706322,0.65658823,0.93028855
RPL10,16150.29634,-0.010953269,0.044436853,0.657090626,0.93028855
TCF4,1371.164739,0.007406684,0.049750186,0.657085437,0.93028855
USP45,240.4834225,0.007207259,0.050292753,0.656618863,0.93028855
MTBP,102.8366086,-0.004935912,0.051537218,0.657245569,0.930404593
FBXO44,341.6539394,0.007659565,0.049909855,0.657441601,0.930578769
MAPK11,64.76286096,0.005023217,0.05151815,0.657964709,0.930610212
PRKACA,3216.655192,0.010585918,0.041558151,0.657718691,0.930610212
RBFOX1,37.771804,0.003785502,0.051934109,0.657975172,0.930610212
RIT1,1661.043486,0.01131491,0.042526237,0.657995282,0.930610212
SF3B6,840.5169718,-0.009296121,0.047564302,0.657560984,0.930610212
TGFA,184.7924293,0.006240884,0.050925512,0.657625995,0.930610212
TSPYL4,379.8934653,-0.009285534,0.048077892,0.658063977,0.930610212
UBAP2L,5018.705634,-0.010113672,0.045356224,0.658120768,0.930610212
ZNF383,315.5299089,-0.006615514,0.050649458,0.657819517,0.930610212
TEAD1,110.8939955,0.005572902,0.051268189,0.658220611,0.930648172
MCOLN1,5566.633015,-0.010708675,0.046801468,0.658804941,0.931242123
SHTN1,3719.534062,-0.012647005,0.045170113,0.658859828,0.931242123
ZNF830,473.7443394,-0.009195546,0.047965098,0.658773099,0.931242123
FCRLB,262.9234481,0.008272377,0.049235451,0.659307834,0.931359067
NAMPTP1,37.64518794,0.00369201,0.051979478,0.659221727,0.931359067
NUTM2B,47.8977577,0.003773747,0.051955286,0.659266922,0.931359067
OSCP1,60.52309278,-0.004526923,0.051690107,0.659060338,0.931359067
TERF2,813.6699685,0.009068765,0.048309584,0.659176726,0.931359067
LEPROT,3270.784338,0.011965304,0.040411954,0.65939209,0.93137489
FBXO45,546.7253092,0.008615985,0.048814978,0.660299739,0.931391157
FTH1P15,100.706623,0.00468077,0.05165087,0.659571261,0.931391157
GOLGA7,1560.923103,-0.010925236,0.043074445,0.66008034,0.931391157
GPN1,965.2952617,0.010446914,0.045490173,0.660271664,0.931391157
KDM2A,4151.189799,-0.011687785,0.042511221,0.660272006,0.931391157
KIAA0930,21306.7427,-0.010751133,0.044636886,0.659916481,0.931391157
KIF1B,3135.057353,0.010414519,0.047211616,0.659990414,0.931391157
LRRC23,191.0949031,-0.007622754,0.050257619,0.65993383,0.931391157
NIT1,764.3450651,0.010155701,0.044810358,0.660426684,0.931391157
PRKRIP1,1106.016908,-0.010644543,0.044173479,0.659620944,0.931391157
PTCHD4,72.94332059,-0.004883926,0.051550363,0.660387202,0.931391157
PTPN12,6304.84013,0.009756162,0.047355203,0.659918037,0.931391157
SUOX,664.4658951,-0.009432195,0.047106784,0.659939384,0.931391157
TAF9,1178.596454,-0.010239935,0.045055963,0.659646408,0.931391157
TOM1L1,250.3268108,0.007685845,0.049873,0.660499447,0.931391157
FAM20B,1293.907902,0.010266355,0.046181098,0.660597716,0.931426707
COL11A1,76.82450008,-0.003839397,0.051917235,0.660997095,0.931434091
IGF2BP3,1939.268604,-0.010305998,0.04571475,0.660805216,0.931434091
PATZ1,810.3782802,0.009528687,0.047573839,0.660926541,0.931434091
PLD3,58054.38972,0.008742366,0.048691662,0.66104131,0.931434091
TCF7L1,35.64998005,0.003132974,0.052068583,0.661025847,0.931434091
VAV3,761.8258894,0.008243918,0.048622998,0.660808343,0.931434091
ADCY9,247.3177643,0.006033142,0.051000816,0.661161894,0.931501048
SCAMP2,5531.714685,0.006704894,0.046797151,0.661545386,0.931938357
DPY19L2P3,62.25342327,0.00470277,0.051623882,0.661703666,0.931955374
TRIP10,890.5663621,0.009535408,0.046267195,0.661701127,0.931955374
USO1,3291.17355,-0.01016016,0.045890999,0.661783299,0.931964573
PDE6D,436.0988331,0.009072891,0.048008221,0.661928604,0.932066244
C2orf69,583.3754664,-0.009650836,0.04710533,0.662191256,0.932090864
COMMD4,1311.338989,0.011148946,0.044978789,0.662238532,0.932090864
EPC2,807.3996342,-0.00916334,0.047763947,0.662235567,0.932090864
IFT20,499.6173393,-0.011719472,0.048633384,0.662051866,0.932090864
ALOX5AP,10634.75361,-0.010386103,0.045363449,0.662595544,0.932247861
ANXA11,9544.081283,-0.008531892,0.047282465,0.662715692,0.932247861
ENSA,7040.934113,-0.012130442,0.040720961,0.662706455,0.932247861
TAF8,649.4173987,0.009346678,0.047582109,0.66254093,0.932247861
TSC1,1486.223991,-0.009949115,0.046424862,0.662700801,0.932247861
ZNF829,66.3801642,-0.004972176,0.051480885,0.662807332,0.932273905
BCKDHA,2713.010812,0.009139892,0.047851645,0.663034558,0.932284508
DOCK6,245.0754871,-0.005307118,0.051313421,0.663253627,0.932284508
IGSF3,49.71374645,0.003500198,0.052033667,0.663162539,0.932284508
MED12,2978.352905,-0.013015762,0.04725418,0.663240483,0.932284508
PDE6A,34.18569822,-0.003688055,0.052000919,0.662917434,0.932284508
SPRY1,523.1650252,-0.009522872,0.047364253,0.663232016,0.932284508
A1BG,420.2735794,-0.008697016,0.048438077,0.666077542,0.932778444
AAR2,944.2648891,0.0100688,0.046110139,0.665961004,0.932778444
ADCK5,392.3895216,0.007967637,0.049393112,0.665424254,0.932778444
AP1G2,2692.203055,-0.010154466,0.046066173,0.665512641,0.932778444
APBB3,744.2687072,-0.008286408,0.048874958,0.668122959,0.932778444
ARPC2,17903.55669,-0.011398944,0.039693947,0.666096696,0.932778444
BFAR,1735.927651,-0.011162837,0.042812493,0.665624718,0.932778444
CANT1,2390.259299,0.008746773,0.048481109,0.667734993,0.932778444
CDC37L1,313.6266077,-0.00852435,0.048714623,0.66485622,0.932778444
CDH24,34.51095999,0.003629309,0.051974618,0.66416253,0.932778444
COX17,725.2421421,0.008686328,0.046701128,0.667045279,0.932778444
DDHD1,2498.174762,-0.013389916,0.049056651,0.664928911,0.932778444
DNALI1,74.393236,-0.005054376,0.051402715,0.665225841,0.932778444
ECPAS,4003.325644,-0.010608291,0.046685479,0.665549235,0.932778444
ENC1,544.8181887,-0.008275593,0.048943169,0.668170326,0.932778444
ENTPD4,1491.672245,0.010009355,0.046133533,0.666116264,0.932778444
EP300,5857.838379,-0.001756977,0.047313456,0.665698294,0.932778444
EXOC6B,424.0875239,-0.008381832,0.048851516,0.666189278,0.932778444
FAAP20,691.5653563,0.008448771,0.049013682,0.663870585,0.932778444
FUNDC2,921.8519318,-0.010307792,0.045161078,0.667783871,0.932778444
GOLGA8Q,62.87797426,-0.003842742,0.051890995,0.665196053,0.932778444
GPS1,2575.246431,0.010041689,0.045928479,0.668287576,0.932778444
ICAM3,298.361804,-0.007139142,0.049981923,0.66641617,0.932778444
KIF5C,92.54294435,-0.005961876,0.050951121,0.664462082,0.932778444
KREMEN2,42.27893636,-0.004055084,0.05179604,0.667007671,0.932778444
LAMTOR5,1886.690036,-0.011425085,0.047139862,0.664778399,0.932778444
LRP5,598.8263063,0.003727208,0.051832573,0.668007057,0.932778444
MCUB,1138.227981,-0.010036697,0.046183421,0.663750021,0.932778444
MORN2,106.6623235,-0.005412229,0.051237026,0.666664586,0.932778444
NCBP1,821.3975772,-0.009935838,0.046196701,0.667372437,0.932778444
NMT1,4057.316046,0.017246428,0.046086952,0.66378401,0.932778444
NPEPPS,3731.744141,-0.011244106,0.042054424,0.664580926,0.932778444
PDAP1,2944.346484,0.010558901,0.043480073,0.668173739,0.932778444
PDE2A,34.90046487,0.003155104,0.052059531,0.667551441,0.932778444
PDIA4,5288.835608,0.01027385,0.045265588,0.666865069,0.932778444
PHIP,2309.710474,0.009653936,0.047099211,0.666260576,0.932778444
PHLDB3,140.7291485,-0.00586348,0.050978798,0.666149347,0.932778444
PPP1R11,1412.880112,0.010582707,0.043706763,0.668273637,0.932778444
RCN3,1490.126359,-0.008337408,0.0488752,0.66585859,0.932778444
RNGTT,401.7487877,0.008702806,0.048459525,0.667211209,0.932778444
RPN2,7716.88589,-0.011671728,0.040070495,0.665521361,0.932778444
RTP4,86.1509255,-0.005149862,0.051390639,0.665612249,0.932778444
SBDS,1161.470602,-0.009698695,0.046683214,0.666472604,0.932778444
SCARB1,5249.280802,0.011656539,0.045108083,0.6644812,0.932778444
SHROOM1,179.4862642,-0.006203467,0.050762233,0.667847995,0.932778444
SMAD4,1618.207423,-0.010787782,0.04392997,0.666767479,0.932778444
SNX11,1099.813445,-0.009516573,0.047055767,0.666023486,0.932778444
SRD5A3,1297.847644,-0.009544192,0.047119603,0.665461856,0.932778444
ST14,13663.41108,0.009876733,0.043338004,0.666240897,0.932778444
STX4,6861.835869,0.019730181,0.043117092,0.666853489,0.932778444
TBP,456.8630592,-0.010009223,0.04794931,0.665113883,0.932778444
TMEM161A,490.8740459,0.007230462,0.050098314,0.666299064,0.932778444
TNR,39.92411959,-0.004164025,0.051749993,0.667283056,0.932778444
TPST2,1607.461615,0.009863945,0.046378392,0.667911391,0.932778444
TRIM26,2159.430631,0.010087696,0.044361364,0.667541616,0.932778444
TRMT61B,238.1698398,-0.00790744,0.04952637,0.666739226,0.932778444
TSC22D4,2825.16343,0.009403852,0.047721118,0.667775011,0.932778444
USP1,914.7331609,0.010029983,0.046709319,0.666445115,0.932778444
USP6,88.07419726,0.005668226,0.051109065,0.667898409,0.932778444
VMO1,111.6425664,-0.005920344,0.05095069,0.666551958,0.932778444
WFS1,1855.346156,0.009660766,0.048886412,0.667261863,0.932778444
XRCC5,6404.498057,-0.011401058,0.042903267,0.665526044,0.932778444
ZFP62,389.6543254,-0.008078686,0.049192284,0.666991763,0.932778444
ZFP92,343.8304141,-0.008708573,0.048433811,0.66423195,0.932778444
APBA2,70.91689669,-0.00496452,0.051486844,0.668696112,0.932973195
HAX1,1409.294827,0.009929288,0.042920094,0.668511457,0.932973195
MAP4K3,908.5486366,-0.007670161,0.049480753,0.66875095,0.932973195
NPHP3,534.3271278,-0.007682886,0.049519243,0.668708427,0.932973195
OLIG2,93.0844377,-0.004489344,0.051610788,0.668793006,0.932973195
ADD1,4595.124454,0.011427575,0.041032965,0.669329284,0.932975856
EFCAB14,3636.582573,-0.011301891,0.039810112,0.66939058,0.932975856
FH,1599.463258,-0.00932924,0.047364329,0.669422822,0.932975856
GSTO2,76.37851405,0.005208757,0.051329504,0.669387312,0.932975856
MVB12B,115.8651326,-0.00571424,0.051027704,0.668965394,0.932975856
PARP16,244.7104961,-0.008016233,0.049028661,0.669453536,0.932975856
RNF135,1814.891312,0.00944973,0.04715128,0.669321843,0.932975856
RPS27L,1893.842951,-0.009265728,0.047236053,0.669381245,0.932975856
RRP36,1005.21674,0.010309701,0.04511013,0.669199675,0.932975856
FKBP1B,200.1369327,-0.007152004,0.04999015,0.66979017,0.933037027
GNG12,1929.908331,0.009886,0.046463725,0.669750255,0.933037027
IGFL4,123.5625024,0.006107196,0.050826967,0.669665947,0.933037027
NOP10,3340.837979,-0.009927959,0.043757972,0.669627449,0.933037027
MBTPS1,3469.062586,0.01020683,0.045034073,0.669868917,0.933044775
ACTR3B,100.0668925,-0.005836023,0.051135665,0.670044326,0.933161699
EXOSC3,588.1922401,0.009146712,0.047761612,0.670229466,0.933161699
RPL37A,11297.79403,-0.011778853,0.044273752,0.670167986,0.933161699
TRIM35,851.8849942,0.008500551,0.048592227,0.670245641,0.933161699
CCDC157,138.6047542,0.006644303,0.050445194,0.670333384,0.933181952
ANXA3,38.22023281,0.003622035,0.051945379,0.671268374,0.933399239
CPPED1,2006.186038,0.010193248,0.045338112,0.670739157,0.933399239
DKC1,1508.768246,0.010086916,0.046647546,0.671155792,0.933399239
KDM4C,779.3645723,-0.009619344,0.046134237,0.670814882,0.933399239
MACF1,7138.405362,0.010630586,0.042531768,0.671294817,0.933399239
NEDD4,325.4242737,-0.006013562,0.05056344,0.671137609,0.933399239
OR2C3,131.6996737,0.005322913,0.05124905,0.670869221,0.933399239
SPATA12,38.02456669,-0.003837948,0.051864236,0.671054575,0.933399239
TOP6BL,123.8145393,-0.00571976,0.051100654,0.671143345,0.933399239
UBE2R2,4001.157771,-0.011382174,0.0390003,0.670704976,0.933399239
ZNF623,691.5844474,0.009338114,0.047509252,0.670828416,0.933399239
NR2C2,1800.225778,-0.007683932,0.049406627,0.67142002,0.93347152
FGD1,76.09477758,0.004906364,0.051439576,0.671513443,0.933499606
ATAD5,255.9196699,-0.007587404,0.049534843,0.671753677,0.93358351
CDC14A,201.1652865,-0.006928728,0.050128366,0.671865955,0.93358351
CFAP54,52.7126125,-0.004108888,0.051751814,0.671728284,0.93358351
TCEAL8,1208.769202,-0.009488486,0.046764979,0.671866712,0.93358351
ACBD4,229.981935,-0.007099813,0.050158174,0.672094725,0.933589881
AFG1L,219.9849435,0.005894492,0.051039841,0.672805778,0.933589881
CETN2,441.2788075,-0.009197586,0.04735801,0.672583737,0.933589881
EXOSC6,1223.981992,0.010483378,0.044465903,0.672809604,0.933589881
KATNAL1,253.916233,0.006721159,0.05032716,0.672823267,0.933589881
LAMTOR2,1609.192439,0.010603076,0.043655707,0.672750255,0.933589881
MECR,412.7394549,0.007889248,0.049340438,0.672537497,0.933589881
NBPF8,545.5675383,-0.009100434,0.047336581,0.672458933,0.933589881
NCAPD3,1130.910047,-0.009981946,0.043189836,0.672571263,0.933589881
NDN,248.7026822,-0.007670369,0.049040971,0.672771412,0.933589881
PLK2,52.82774381,-0.00374381,0.051879595,0.672429828,0.933589881
PPP1R3F,104.0720372,0.004382,0.051698944,0.672156808,0.933589881
TMX2,1742.63076,0.01139166,0.045235144,0.67244912,0.933589881
EIF1AXP1,88.13550852,0.005341479,0.051257003,0.673045424,0.933796507
DRG1,1105.559873,0.008759168,0.043444895,0.673363831,0.934060763
NECAP2,4306.754427,-0.006932211,0.043195321,0.67338242,0.934060763
CITED4,47.10729283,0.004311256,0.05168186,0.674304348,0.934063924
CPSF2,2070.644496,0.009196926,0.047619147,0.673586912,0.934063924
EXOC1,1325.93351,-0.009822897,0.04607756,0.674369969,0.934063924
FKBP5,2547.692432,0.009195811,0.044271473,0.674018947,0.934063924
GUCY1B1,36.21996413,-0.003689443,0.05188588,0.673732545,0.934063924
LIMD1,1376.628535,-0.008369746,0.047976371,0.673613378,0.934063924
LRRC37A4P,408.9524091,0.007148223,0.050230876,0.673987216,0.934063924
NICN1,530.7495654,0.00831086,0.048496603,0.6734851,0.934063924
PALS1,779.8827609,0.009907711,0.045920575,0.674171398,0.934063924
PDCD6,2267.949183,-0.011049772,0.042248664,0.673837029,0.934063924
PRICKLE1,32.6530259,-0.002812453,0.052106247,0.674282798,0.934063924
S100A11,17889.2716,-0.006157794,0.043880765,0.674347311,0.934063924
WDR54,70.42164419,0.004752608,0.051527368,0.674410418,0.934063924
YJU2,577.6565307,0.008647491,0.048185829,0.674118938,0.934063924
ISCU,4263.906666,0.010592276,0.044358906,0.674507963,0.934097548
MSH6,1125.269777,0.009785918,0.045198532,0.674672426,0.934223826
APTX,810.5163437,-0.009401045,0.046724991,0.675040831,0.934435093
ARHGEF5,328.1188532,0.007263444,0.049764522,0.675044882,0.934435093
COMTD1,368.1975879,0.007161453,0.049931863,0.675007145,0.934435093
ZNG1B,817.7906206,0.008386362,0.04635601,0.675263107,0.93463569
DTX2P1,171.2531291,0.005971711,0.050805786,0.67537739,0.934692396
ELOC,2072.949578,-0.010017195,0.045182025,0.67564063,0.934853744
PI4K2B,932.3007832,0.008562611,0.048278653,0.675610853,0.934853744
SDHAF2,647.3217443,-0.00962547,0.046130735,0.675761896,0.934920067
MIEN1,798.708557,0.009048967,0.046337284,0.676011581,0.935078918
TCAF1P1,105.9151183,0.004533888,0.051575269,0.676023405,0.935078918
CDK8,679.5019096,0.009378295,0.046871368,0.676694779,0.935101963
CENPI,181.4474032,0.005746243,0.050908496,0.676773536,0.935101963
CERCAM,793.599728,0.008343675,0.048734073,0.676695128,0.935101963
FNBP4,2115.715361,-0.008697755,0.047727548,0.676769402,0.935101963
HSBP1L1,98.60454036,-0.005243449,0.051193987,0.676624409,0.935101963
MINPP1,588.3404262,-0.008883205,0.04753191,0.676573474,0.935101963
NLRP2,768.1682047,-0.009834043,0.045053298,0.676458048,0.935101963
PDCD2,1144.249339,0.010284036,0.044867242,0.676666075,0.935101963
TMF1,1672.656043,-0.007578726,0.049358778,0.67665953,0.935101963
TNNI2,255.9707384,-0.007032855,0.049950177,0.676215499,0.935101963
CYB5R1,1641.544301,-0.010921501,0.04365934,0.67689222,0.935164599
BORCS6,894.5276917,0.008373529,0.048464756,0.677370818,0.93533155
EREG,39.4773005,0.003708701,0.051884661,0.677414156,0.93533155
IFT52,338.6299436,-0.008284216,0.048515602,0.677606811,0.93533155
KIF3C,297.9209417,-0.00546339,0.051055999,0.677668238,0.93533155
PPP4R1,1577.151399,0.015480002,0.049053401,0.677436133,0.93533155
PRKX,1270.808207,0.009068072,0.047242796,0.677702977,0.93533155
RAB11A,2930.006002,-0.009958022,0.045305868,0.677596075,0.93533155
RNF130,6453.208774,-0.010869927,0.043271646,0.677746714,0.93533155
SLC1A6,44.00014634,-0.003940418,0.051784645,0.67773399,0.93533155
THAP8,192.6348863,0.006940965,0.049998676,0.677375639,0.93533155
SMIM10,83.90704303,-0.005226416,0.051200976,0.678107036,0.935727524
ERV3-1,294.1576965,-0.006698789,0.050171229,0.678626662,0.936343216
ARFGAP1,3703.277596,0.00913279,0.047017987,0.678948763,0.936447145
CAPZB,8146.704121,0.011226646,0.042619309,0.679211839,0.936447145
CYB5A,1632.264073,0.009940648,0.04402392,0.679282361,0.936447145
EGLN2,3537.726927,0.008942463,0.045102654,0.679294241,0.936447145
FAM53B,3090.970076,0.009933059,0.043337384,0.679363059,0.936447145
HERC2P9,363.161459,-0.008531277,0.048082157,0.678913741,0.936447145
PTPN14,63.84934818,-0.004733243,0.051437655,0.679356913,0.936447145
SRPRA,4111.748666,0.00758053,0.041995285,0.679050514,0.936447145
UNC79,36.20270463,-0.003458117,0.05193951,0.679231014,0.936447145
AK5,40.79520513,0.003097456,0.052046057,0.681161051,0.936697469
AMMECR1L,1033.2842,0.010304426,0.04418331,0.681023144,0.936697469
AP3S2,1102.748166,0.009667056,0.045950824,0.680789134,0.936697469
ARID1A,5292.834694,0.002492221,0.048912979,0.680533513,0.936697469
CCZ1,1542.097267,0.011141188,0.04488257,0.680848258,0.936697469
CHST12,1194.495132,-0.008464947,0.048313692,0.681041316,0.936697469
CRELD1,863.9702379,-0.006784586,0.049352111,0.68070499,0.936697469
DAPP1,879.8330918,-0.009350676,0.046539936,0.680607033,0.936697469
EDA,275.7723994,0.006833499,0.050024129,0.680356388,0.936697469
ETS2,1844.181666,-0.010490597,0.0436813,0.679641501,0.936697469
FBXL20,916.6584006,0.008346674,0.048381891,0.679795345,0.936697469
GALNT18,55.34850518,0.004335297,0.051630521,0.680501827,0.936697469
GTPBP10,448.9086866,0.005823844,0.050847102,0.681141284,0.936697469
HIGD2A,2020.749487,-0.010199909,0.043207661,0.679987119,0.936697469
IL1A,169.1116106,-0.005703992,0.049585804,0.680505437,0.936697469
LNX2BP,382.2632718,-0.007550903,0.049816295,0.681114961,0.936697469
MCM9,511.7335042,-0.006319457,0.050405466,0.681071263,0.936697469
MSH5-SAPCD1,71.71271979,0.004588242,0.051523972,0.680240042,0.936697469
PLCG2,1965.719137,-0.004242038,0.042839007,0.679740716,0.936697469
PNRC1,1719.585395,-0.010501144,0.043138713,0.679995291,0.936697469
THOC7,607.2422371,-0.008666702,0.048287452,0.680840851,0.936697469
ZNF653,133.446653,-0.005301359,0.051125867,0.68052696,0.936697469
CRY1,365.1470169,0.009114467,0.049060194,0.681282404,0.936763305
LSG1,1337.894194,0.009928904,0.044917283,0.681403192,0.93677339
PIGU,386.6853591,-0.009639807,0.048471029,0.681436694,0.93677339
ANAPC11,1391.457532,0.009666068,0.044313064,0.681971996,0.936797492
MARVELD2,36.06500493,-0.003568072,0.051891006,0.681881129,0.936797492
NCBP2,2212.124442,-0.010213229,0.044121295,0.682115548,0.936797492
PCSK1N,50.91444286,0.00396679,0.051768695,0.681817067,0.936797492
PITPNM3,204.1055647,-0.005401101,0.051034092,0.682001942,0.936797492
PPP1CB,3991.59428,0.013361305,0.042222541,0.681862437,0.936797492
SPC24,171.9148755,0.006282683,0.05041233,0.681888463,0.936797492
SYPL1,1394.014249,-0.007982417,0.046634415,0.681957661,0.936797492
TMEM115,1628.018567,0.008656051,0.04680471,0.682056611,0.936797492
TLN2,384.4362314,0.005267521,0.051103822,0.682212544,0.936829785
GVQW3,130.1627928,-0.006242158,0.050551123,0.682399664,0.936884915
ICA1,545.1026563,0.007025995,0.049801452,0.68235851,0.936884915
NBPF20,338.281367,0.007564424,0.049242084,0.682479242,0.936893276
TTC7A,6303.765699,-0.00929846,0.045954858,0.683010524,0.937521659
CCNQ,519.0339676,-0.008411461,0.047492111,0.683094783,0.937536376
MSRA,1557.601168,-0.010184906,0.043121532,0.683248366,0.937646224
ANKRD6,369.0787734,0.008203023,0.048293033,0.685643156,0.937721757
ARFRP1,1135.12796,0.00984745,0.046427547,0.683671084,0.937721757
ARMCX3,1968.435844,0.008794653,0.045386511,0.684251529,0.937721757
ASAH2B,126.9814732,0.00573986,0.050867339,0.685714811,0.937721757
ATG5,820.1270314,0.009781485,0.047083959,0.685656944,0.937721757
BEST4,35.19410284,0.003593807,0.05188791,0.683873227,0.937721757
CALM3,7545.873568,-0.010238768,0.042043236,0.684626336,0.937721757
CEP78,414.4856691,-0.007486466,0.049287782,0.684257193,0.937721757
CSGALNACT2,2558.644289,-0.01003187,0.044507773,0.683799273,0.937721757
CUL9,1295.234376,0.008142706,0.048150111,0.684992219,0.937721757
DTX3L,4366.126794,0.004626353,0.045567472,0.685033244,0.937721757
EEF1AKMT1,104.608929,0.005666612,0.050902133,0.683487964,0.937721757
EHD3,95.23203739,0.005498152,0.050993162,0.68415147,0.937721757
FAM221A,130.3042338,-0.005521645,0.050905893,0.685909972,0.937721757
FAM222B,1023.848722,-0.009062908,0.045994616,0.684282871,0.937721757
HTR7P1,111.5438549,-0.006003594,0.050557011,0.685640047,0.937721757
IGSF8,485.6277757,0.007231114,0.049719555,0.684691334,0.937721757
LRRC37A17P,197.0668373,-0.006361506,0.050315579,0.68476229,0.937721757
MTRFR,541.3063902,-0.007698406,0.047906706,0.685257998,0.937721757
NPIPB3,2480.840124,0.009254093,0.046585044,0.68459981,0.937721757
NSUN6,130.0322885,0.005291254,0.051100504,0.684874093,0.937721757
PACSIN3,56.4865401,0.004070119,0.051717533,0.683540398,0.937721757
PIK3R3,246.64717,0.006476567,0.050270316,0.68483394,0.937721757
PKNOX1,504.7413773,-0.008114629,0.048332462,0.68546667,0.937721757
PNPLA8,901.4357321,-0.006442337,0.047444501,0.684452088,0.937721757
PPP2R3C,957.0078176,-0.009935705,0.045413559,0.684666268,0.937721757
RND3,1866.863968,0.009310472,0.04705103,0.685225785,0.937721757
RNF169,760.0915037,-0.007765671,0.048808975,0.685903607,0.937721757
SNX2,6604.386642,0.013097741,0.041854866,0.684089999,0.937721757
TDO2,2244.77924,-0.007633911,0.048994542,0.685616211,0.937721757
THAP10,48.44779709,0.003745784,0.051843473,0.684978221,0.937721757
TMEM216,151.6544034,-0.006420803,0.050020113,0.685951298,0.937721757
TSTD2,664.0554382,0.008765922,0.047395607,0.685814259,0.937721757
VLDLR,428.0214409,0.007942347,0.048812803,0.684400045,0.937721757
VPS52,1291.247169,-0.008822853,0.047084586,0.685813344,0.937721757
ZNF486,124.4526788,0.005252606,0.051127389,0.684711898,0.937721757
RAB6B,58.91615326,-0.003202925,0.05199008,0.686085881,0.937805178
ELOVL7,59.1475971,-0.003943181,0.05171277,0.686279906,0.937969824
ZKSCAN5,471.3220391,-0.012531585,0.048444753,0.686386164,0.938014493
HSPE1-MOB4,84.13455425,-0.003932277,0.05173675,0.686551376,0.938019737
NXPE3,715.1922862,-0.008778614,0.047225297,0.686573585,0.938019737
STMP1,1007.497049,0.008578931,0.047460254,0.686610729,0.938019737
NCAPG2,801.3085081,-0.007794224,0.048903809,0.686968996,0.938408628
AP2M1,17761.17657,0.015351332,0.038377645,0.68717977,0.938537796
CNN2,1263.461275,0.009520742,0.045484049,0.687210787,0.938537796
RFPL1,96.52738882,-0.005547644,0.050874271,0.687376654,0.93866377
PHLDB1,1171.635207,0.00864335,0.046513347,0.687453852,0.938668647
ACACB,326.7995375,-0.007825827,0.049026961,0.689818965,0.938719297
APH1A,5987.937895,-0.011283185,0.039805573,0.689320438,0.938719297
BNIP2,3019.947315,0.008737124,0.044715076,0.689003711,0.938719297
BRD7,2203.769145,-0.01014122,0.043159594,0.689216525,0.938719297
C19orf38,60.48588163,-0.004078123,0.051597204,0.689114375,0.938719297
CPSF7,2039.470064,-0.016820343,0.046059349,0.690076331,0.938719297
CTH,40.38356839,-0.003700926,0.051811768,0.688892534,0.938719297
FBXL15,951.5676587,0.009383367,0.048420326,0.690084188,0.938719297
GPR135,52.14663915,0.004071373,0.051682774,0.688594632,0.938719297
ILK,2961.992978,0.010100524,0.042102817,0.690128583,0.938719297
KCNK13,2534.191344,0.010056935,0.04242689,0.687941099,0.938719297
LPIN3,877.7151211,-0.010405987,0.04457578,0.690075517,0.938719297
LY96,996.7625172,-0.00683529,0.050021115,0.688379137,0.938719297
METTL5,430.2894945,-0.007998984,0.048448956,0.690243,0.938719297
MIER1,1050.138392,0.009232129,0.04620501,0.688158249,0.938719297
MLEC,6789.053037,0.009769371,0.044619828,0.689503015,0.938719297
NDUFV2,1845.940295,-0.008368561,0.047840625,0.687643903,0.938719297
PICK1,1227.323089,-0.010681682,0.046267174,0.689536268,0.938719297
PRELID2,40.62883194,0.002877908,0.052077475,0.68812959,0.938719297
RGL1,987.4334977,0.009258752,0.044981105,0.68906695,0.938719297
RIMBP3B,86.73823865,-0.004649056,0.051384514,0.689891758,0.938719297
RPF1,915.3961034,-0.008960755,0.04672443,0.688877347,0.938719297
RPS28P7,1796.897526,0.009396894,0.049510311,0.688422152,0.938719297
SMARCD1,1874.06608,-0.010155223,0.043543986,0.688514793,0.938719297
SP2,901.7368941,0.008279606,0.047410643,0.690288917,0.938719297
SRFBP1,421.2686646,-0.007323291,0.048820821,0.687761757,0.938719297
SRSF3,3180.671026,-0.008990929,0.047089197,0.690015773,0.938719297
SYNE1,1159.657068,0.008374559,0.047716684,0.688832327,0.938719297
THAP3,291.6984849,0.006971689,0.049668097,0.689807117,0.938719297
TMED8,1456.689942,0.009784792,0.044568156,0.688482185,0.938719297
TXNDC15,671.344485,-0.009090419,0.046429756,0.688292012,0.938719297
UCP2,8233.990361,-0.008791332,0.047539434,0.690221049,0.938719297
USP21,654.3256624,0.008374357,0.046614927,0.687774616,0.938719297
VCP,10014.80993,0.013916778,0.046210336,0.689815171,0.938719297
WAC,4290.378737,-0.015658055,0.044698046,0.689495092,0.938719297
ZBTB4,3671.29272,-0.010206732,0.043037439,0.687916735,0.938719297
ZNF394,800.1406059,-0.00878544,0.047134437,0.688034582,0.938719297
ZNF420,130.4727844,0.00552848,0.05092196,0.6902288,0.938719297
AADAT,41.33283798,0.003558701,0.051850483,0.693274724,0.938766622
ABHD13,584.8666178,-0.007529431,0.048057438,0.691948132,0.938766622
ACOT11,816.9241404,0.009126593,0.045861999,0.696329084,0.938766622
ADHFE1,51.02240557,0.003116716,0.051989093,0.695980772,0.938766622
ALKBH7,1075.904628,-0.00714769,0.048514241,0.692670566,0.938766622
ANKS3,297.5849383,0.007073239,0.04948884,0.692419408,0.938766622
ATRN,2590.820157,-0.009796153,0.043485088,0.692431778,0.938766622
C14orf132,62.52054943,-0.004080326,0.051584619,0.696629189,0.938766622
C1orf35,748.7159614,0.008733687,0.045178711,0.694302249,0.938766622
C8orf44-SGK3,73.48510397,0.003954406,0.051650824,0.693803055,0.938766622
CALR,39855.52968,-0.009667408,0.045863653,0.695049602,0.938766622
CAMSAP2,1643.512633,0.007835739,0.048569985,0.693937634,0.938766622
CKS1B,1034.007778,-0.008947368,0.046528053,0.691159329,0.938766622
CLCN7,13955.32189,0.009036682,0.04578783,0.692814617,0.938766622
CNOT7,1583.187901,0.008316612,0.049828551,0.692094044,0.938766622
CNTD1,41.1204651,0.003578865,0.051840104,0.693751953,0.938766622
DDX47,991.8471546,-0.009915128,0.044132826,0.693265421,0.938766622
DDX60L,4913.96135,0.007718583,0.048592093,0.691878516,0.938766622
DNAJC16,639.3504916,0.008806576,0.04667994,0.695625256,0.938766622
DOCK1,1610.868248,-0.010018623,0.043457104,0.695198736,0.938766622
DPM1,778.2305489,-0.009043556,0.046123652,0.690665182,0.938766622
DUSP4,315.8925007,0.007054306,0.049467096,0.6923399,0.938766622
EEIG2,1270.063834,0.010316874,0.045022341,0.690991805,0.938766622
ERVW-1,283.5902832,-0.00633727,0.050074922,0.696725726,0.938766622
EXD3,382.852668,0.006907274,0.049489192,0.695446168,0.938766622
FAM32A,2678.016271,0.010149517,0.040568745,0.696537952,0.938766622
FCGR3B,111.8961036,0.005505979,0.050832179,0.694347714,0.938766622
GAPDHS,86.2392359,0.005036438,0.051151484,0.692742921,0.938766622
GDI1,3422.317241,0.009685848,0.044072403,0.696181381,0.938766622
GOLGA5,1156.125989,-0.008838746,0.046632916,0.693057787,0.938766622
H2AZ1,6419.061554,-0.014281414,0.044196068,0.694734269,0.938766622
HNRNPM,6925.693755,-0.009994505,0.042449769,0.696740513,0.938766622
HROB,148.8619704,-0.005964688,0.050484326,0.692627366,0.938766622
INPP4A,1478.979734,-0.007579146,0.049088819,0.694820373,0.938766622
LIF,156.4168024,-0.004643631,0.05134642,0.692375231,0.938766622
LY6G5B,381.5025726,-0.008023714,0.047166956,0.69630268,0.938766622
M6PR,15144.98401,0.010721327,0.038777017,0.693162511,0.938766622
MAEA,2604.290413,-0.007608956,0.04634126,0.694013191,0.938766622
MAP4,5841.710439,0.009975053,0.04527792,0.691738969,0.938766622
MTCL3,42.92749439,-0.003435653,0.051888288,0.691767907,0.938766622
NDUFAF7,413.0334276,0.007739674,0.049220855,0.695045225,0.938766622
NOL12,446.2737041,0.008143995,0.047659938,0.695510666,0.938766622
NPIPB4,718.9674301,-0.008294356,0.048363324,0.696036905,0.938766622
NTHL1,98.18118785,0.00541696,0.050932896,0.692779543,0.938766622
OARD1,667.8243386,-0.008181348,0.047869577,0.693711365,0.938766622
PHLPP1,453.6253433,-0.006955387,0.049452569,0.696803556,0.938766622
PPT1,13076.89218,-0.010632422,0.042512304,0.695630872,0.938766622
PRCD,80.0157353,-0.004654826,0.051339331,0.692310101,0.938766622
PRRG4,202.6108232,0.006208179,0.050280512,0.695839233,0.938766622
PTP4A1,2105.672306,-0.018405034,0.050978517,0.692299499,0.938766622
RALA,3617.681738,0.009939814,0.042498567,0.690490979,0.938766622
RCC2,6720.475343,0.01306635,0.038845992,0.690853554,0.938766622
RPA3,309.3093744,0.00703039,0.049522962,0.693147347,0.938766622
RPS14,8552.627329,0.009694919,0.045497195,0.696605848,0.938766622
RPS2P5,3559.091521,0.008463256,0.047451551,0.692505139,0.938766622
SAXO2,80.1726424,-0.004794387,0.05122832,0.696788034,0.938766622
SLC15A3,21053.01559,-0.007146447,0.045773518,0.692897053,0.938766622
SLC19A3,49.58011217,-0.002646606,0.052114832,0.694643549,0.938766622
SLC25A35,651.8253756,-0.007866624,0.048396876,0.69522391,0.938766622
SLC31A2,2361.470281,0.009947439,0.043173309,0.695764704,0.938766622
SPARCL1,33.94080962,-0.003085377,0.051975317,0.695002232,0.938766622
SPDYE16,202.9395116,0.007063539,0.049408208,0.695827776,0.938766622
SSH3,989.5812191,-0.00934674,0.0454229,0.695129946,0.938766622
STING1,1665.325592,-0.00786367,0.04835847,0.695567033,0.938766622
TAF7,1809.174816,-0.009820385,0.04367631,0.691545017,0.938766622
TMEM223,375.3100889,0.008278681,0.047614147,0.696179016,0.938766622
TMEM255B,272.8717098,0.005915995,0.050142079,0.695866967,0.938766622
TMEM65,979.4254132,0.008378766,0.047746628,0.691987799,0.938766622
TPGS2,1469.773801,0.007680544,0.042821433,0.691791029,0.938766622
TSPAN9,65.85122515,-0.004090316,0.051605014,0.694138755,0.938766622
TTC28,567.1045008,0.005349378,0.050914686,0.696427911,0.938766622
UBAP1,2443.259977,0.010057137,0.043229339,0.692335816,0.938766622
UBR2,1780.622434,-0.009360115,0.045227471,0.695146968,0.938766622
USP19,3097.830533,-0.010398848,0.044141435,0.693178747,0.938766622
USP32,2407.620898,-0.009973521,0.043115731,0.690682857,0.938766622
UTP18,1714.024252,-0.009509081,0.044843802,0.694832326,0.938766622
WASH8P,767.7372303,-0.007858896,0.048381859,0.694729686,0.938766622
WDR11,3641.170203,0.010042518,0.043509487,0.691098422,0.938766622
YTHDF1,1914.92356,-0.010365104,0.041372911,0.69508403,0.938766622
ZCCHC2,2887.02526,0.009312591,0.045122935,0.694242451,0.938766622
ZFAND5,7342.970966,-0.010390319,0.039951082,0.695798563,0.938766622
ZNF169,127.6220876,-0.005968748,0.050554283,0.69088439,0.938766622
ZNF326,862.2543705,-0.008832306,0.047017905,0.695712718,0.938766622
ZNF449,172.8484344,-0.006503769,0.049975504,0.695614925,0.938766622
ZNF578,91.71793749,-0.005012378,0.051168755,0.693615953,0.938766622
ZNF579,1141.075168,0.006589109,0.050039569,0.691209769,0.938766622
ZNF654,547.6143806,0.006821678,0.050110238,0.694869325,0.938766622
ZNF721,445.6254897,-0.00693973,0.049208076,0.693459627,0.938766622
AGAP2,57.75266603,0.003544053,0.05180839,0.700497137,0.938871159
AP3B2,56.92608841,-0.003420746,0.051836378,0.698881217,0.938871159
CABIN1,2799.240788,-0.005803597,0.047141416,0.698256095,0.938871159
CACNG8,68.98440371,0.004854603,0.051287028,0.697722643,0.938871159
CAPS2,67.12937588,0.004828351,0.051401888,0.699288103,0.938871159
CCDC93,3197.698938,-0.007277515,0.048625373,0.697904579,0.938871159
CCNYL1,869.4433336,-0.008419983,0.047034144,0.700398489,0.938871159
CD59,9197.031196,-0.005124952,0.039379649,0.699651804,0.938871159
CDK17,1277.742519,-0.009025156,0.045755483,0.699578168,0.938871159
CENPV,238.2384751,0.007042126,0.049367922,0.698079178,0.938871159
CHORDC1,858.4710969,0.009086563,0.046994226,0.699999225,0.938871159
CIDEB,32.92195331,0.003003011,0.052015231,0.69900236,0.938871159
CYB5D1,309.7806257,-0.006549331,0.049746356,0.700602159,0.938871159
DCAF5,2666.98195,-0.009829227,0.042352248,0.699732928,0.938871159
DGKQ,1796.100999,0.007881377,0.048174706,0.701039009,0.938871159
DPY19L3,528.7524499,-0.006494953,0.049262012,0.698656268,0.938871159
EIF4E3,86.90199199,0.004969405,0.051143946,0.697091277,0.938871159
GABRB2,52.43562064,-0.003806024,0.051708641,0.699448646,0.938871159
GUSB,8206.085869,-0.009917334,0.041590756,0.700937562,0.938871159
HERC2P10,65.89553748,-0.004657388,0.05126824,0.699216566,0.938871159
HSPA2,51.02525275,0.003777572,0.051713474,0.699962404,0.938871159
IFIT2,2831.776746,-0.004204902,0.051488925,0.700489241,0.938871159
KDM5C,4056.514134,0.009340446,0.043752578,0.699353023,0.938871159
LCOR,1557.382042,-0.00636321,0.049692614,0.699055672,0.938871159
MFN2,4088.621408,-0.010114314,0.03989883,0.699634858,0.938871159
MLXIPL,1808.210645,0.006615194,0.050209413,0.698650817,0.938871159
MME,504.7163868,0.007838818,0.04859076,0.699526295,0.938871159
MPV17L,607.5596747,-0.008183317,0.047541447,0.699720619,0.938871159
MRPL23,1165.328667,0.008521153,0.046722316,0.700550773,0.938871159
MTMR9,431.6017206,-0.008005981,0.048152858,0.698190194,0.938871159
NAA16,406.0569115,-0.007663435,0.048357654,0.700860898,0.938871159
NBPF1,1027.884662,-0.007985709,0.04774404,0.700186436,0.938871159
NPIPB15,144.1220577,-0.0054207,0.050723554,0.701051916,0.938871159
PLCB2,16652.7563,-0.011014314,0.044880419,0.699725593,0.938871159
PLEKHB2,10694.79452,0.010277381,0.038451357,0.6983924,0.938871159
PPIL4,867.7521259,-0.008550654,0.04652056,0.699248859,0.938871159
RING1,2079.78182,-0.009462902,0.044804102,0.700695227,0.938871159
RUNDC3A,32.24467006,-0.002886417,0.052038738,0.698880188,0.938871159
SCRN3,414.5049095,-0.006784149,0.048487937,0.697242261,0.938871159
SERINC5,1420.272894,0.008995798,0.045700704,0.698099192,0.938871159
SLC9A5,55.85138039,0.003221894,0.05193182,0.700460854,0.938871159
SMIM8,182.4913853,-0.006530927,0.049947406,0.699981138,0.938871159
SNX16,190.6009855,0.006366378,0.050054725,0.70105189,0.938871159
TBCCD1,333.8483334,-0.007567814,0.04787566,0.699201871,0.938871159
TM7SF2,219.481628,0.006272819,0.050161705,0.697720877,0.938871159
TMEM263,760.9975509,-0.00776049,0.048266356,0.69952636,0.938871159
TNFAIP8L2,1215.299577,0.008943943,0.045889657,0.700314542,0.938871159
TNPO3,2595.929431,0.01003764,0.041038255,0.699699952,0.938871159
USP31,438.885268,0.008125446,0.04775043,0.699406375,0.938871159
ZFP36L2,9213.917845,0.009630536,0.047308258,0.699064852,0.938871159
ZFYVE28,87.19164149,-0.004690532,0.051221336,0.69898505,0.938871159
ZNF229,75.79116738,-0.003088213,0.051951237,0.701078785,0.938871159
ZNF418,56.06772991,-0.003290828,0.051880722,0.701050108,0.938871159
ZNF497,346.1293826,-0.006606608,0.049666684,0.698531572,0.938871159
ZNF596,48.47849149,0.004027726,0.051650729,0.699412977,0.938871159
ZNF655,2009.760903,0.005737332,0.042520727,0.699484324,0.938871159
ZNF740,1705.388512,-0.015427666,0.046367479,0.699641537,0.938871159
CHKB-CPT1B,816.061573,0.008568191,0.046673572,0.701291975,0.938959398
TMEM199,1117.151119,0.008416668,0.04710297,0.701290079,0.938959398
CD209,60.02175687,-0.003853225,0.051650678,0.701467422,0.93909568
RAB40B,240.1676948,-0.005932454,0.050105317,0.701631946,0.939118707
RALBP1,3815.587245,-0.010364991,0.040403512,0.701600635,0.939118707
AEBP2,902.6171567,-0.008635455,0.046375442,0.702073066,0.939192694
NISCH,2737.022936,-0.009111331,0.045218076,0.70176857,0.939192694
PKIA,107.68075,-0.004956733,0.051065901,0.701851005,0.939192694
RBM8A,2886.914731,-0.009601707,0.043711782,0.702276567,0.939192694
SLC10A3,900.402559,0.008807291,0.04636852,0.702223688,0.939192694
TRIB2,319.5721087,0.006433332,0.049568509,0.701994327,0.939192694
TVP23B,854.8087902,-0.00744836,0.046785497,0.701918576,0.939192694
XIAP,2805.928095,-0.008714421,0.046329535,0.702164393,0.939192694
HHAT,127.8050439,0.007921956,0.050877632,0.702389376,0.939232687
MTCP1,63.85223664,0.00400584,0.051604891,0.702453813,0.939232687
ENOPH1,1015.729184,0.009068465,0.045250678,0.702738736,0.939515115
ABCG2,922.8078603,0.007495627,0.048179101,0.703021109,0.939525264
BCAS1,35.30440875,-0.003194908,0.051905467,0.703345006,0.939525264
CENPU,371.102727,0.00665011,0.050088646,0.703409573,0.939525264
DCTD,2428.844358,-0.010285663,0.041392625,0.703375827,0.939525264
PGBD1,121.5419294,-0.005588523,0.050653447,0.703342552,0.939525264
PKD1P6,265.6035992,0.006655022,0.050029146,0.703281368,0.939525264
RHOXF1,63.08504919,-0.004011647,0.051585323,0.703269461,0.939525264
UBAC2,1270.858959,0.007653356,0.044718685,0.702959681,0.939525264
ZNF609,2674.544963,-0.009735543,0.043362439,0.703128524,0.939525264
PRADC1,580.0099078,-0.008693373,0.046158694,0.703486949,0.939530181
C9orf72,1022.56495,0.008411175,0.046925049,0.703899827,0.939884677
CPT1B,661.2945964,0.007866963,0.047958607,0.703844311,0.939884677
ESCO2,297.7292139,-0.006402558,0.049633902,0.704542284,0.939942463
ITGB1,18358.97871,-0.009328693,0.044078534,0.704360609,0.939942463
LSP1P4,87.96902144,0.004494147,0.051330974,0.704204563,0.939942463
MTCL1,264.4374875,-0.004941825,0.051025486,0.704534989,0.939942463
NSD3,2055.89772,-0.009239024,0.046246863,0.704606645,0.939942463
PINLYP,124.0739863,-0.005389211,0.050707707,0.704246603,0.939942463
RAPGEFL1,136.6650194,-0.004899283,0.051040525,0.704333121,0.939942463
SMCR8,2801.017389,0.008955328,0.045312106,0.704563542,0.939942463
TMEM184C,1321.148196,0.00857087,0.045530189,0.704464704,0.939942463
CCDC28B,161.492401,0.00573573,0.050464004,0.704787024,0.940045745
FILIP1L,380.7386084,-0.006487441,0.049725481,0.70488156,0.940045745
MAML3,421.1007628,0.00605963,0.050019677,0.704905273,0.940045745
AFG2B,360.8287532,-0.006794686,0.048693529,0.705512736,0.940055385
DDRGK1,2355.958039,-0.009188433,0.044452371,0.705942182,0.940055385
FAM200B,414.783159,0.007717706,0.048320648,0.7057376,0.940055385
NDUFB10,1774.26098,0.009107193,0.044124913,0.7059448,0.940055385
NDUFB11,1380.0721,-0.009668782,0.042317216,0.70526568,0.940055385
NSFP1,105.7796732,0.00324114,0.051906468,0.705484003,0.940055385
PACC1,988.2087642,0.009325445,0.044373392,0.705504994,0.940055385
PTPDC1,265.340816,-0.006275562,0.049907369,0.705643658,0.940055385
RCL1,460.267386,-0.007636497,0.048032924,0.705153256,0.940055385
RFC2,621.7941231,0.008786163,0.046453051,0.705377215,0.940055385
SEPTIN11,6096.530473,0.008565744,0.046268279,0.705567357,0.940055385
SIT1,120.428986,-0.005614783,0.050530013,0.705939247,0.940055385
TGOLN2,14779.03291,0.009816391,0.04070288,0.705764314,0.940055385
ZBTB49,140.9537228,-0.006420995,0.050220285,0.705798188,0.940055385
TMEM30A,8125.978654,-0.007750717,0.043903648,0.706048586,0.940095396
ATP5IF1,1996.140715,-0.008869294,0.045046799,0.706538358,0.940304044
BHLHE40,2706.741469,-0.009272845,0.04394788,0.706925823,0.940304044
BICRAL,694.4269204,-0.008085011,0.04675806,0.706945985,0.940304044
C12orf60,49.31675386,0.003721704,0.05169523,0.706943574,0.940304044
DIPK2A,661.5646095,-0.007339917,0.048553413,0.706886402,0.940304044
DNMBP,372.7650778,0.006981994,0.049082154,0.706797681,0.940304044
DOK4,45.76190803,-0.003505645,0.051757863,0.707134705,0.940304044
GATAD2B,1646.481074,-0.007810161,0.048600554,0.706331723,0.940304044
MID1IP1,3426.213415,0.008184331,0.04717871,0.707161487,0.940304044
NEK9,3020.358092,0.00842798,0.044512711,0.706614054,0.940304044
PGAP1,192.6092544,-0.005114308,0.05085013,0.706631035,0.940304044
POLR1D,1803.972497,-0.008826953,0.045329103,0.70702733,0.940304044
ZNF77,62.31297442,-0.00404736,0.051519821,0.707164105,0.940304044
ARL4C,433.0844715,-0.006843906,0.049691377,0.707492466,0.940414754
FAM168B,4129.171925,-0.010202466,0.038912244,0.707542421,0.940414754
PSMD5,977.4609768,0.008136654,0.047278731,0.707341521,0.940414754
SLFN12,156.5970779,0.005354393,0.05071533,0.707539696,0.940414754
AMOTL1,45.98270067,0.003701678,0.051704677,0.707785598,0.940547204
BRAF,687.4380981,-0.007292438,0.04854546,0.708073165,0.940547204
GHDC,864.1442368,-0.007482566,0.048255344,0.708025708,0.940547204
GSE1,1766.202495,0.007066887,0.048715393,0.708479596,0.940547204
LTBP3,581.8020314,-0.006541721,0.049531351,0.708467022,0.940547204
OAS1,7688.568352,0.009003902,0.04499282,0.70816301,0.940547204
QRICH1,2748.798436,-0.010374879,0.041110823,0.708527363,0.940547204
SELENOK,614.0120518,-0.008226669,0.046881233,0.708511314,0.940547204
SLC37A4,960.4243232,-0.008608414,0.045988601,0.708035602,0.940547204
TCN2,130.4551284,0.00530996,0.050733341,0.708350581,0.940547204
TNFRSF14,6703.33525,0.00759448,0.046906487,0.708280579,0.940547204
ZNF416,111.1221392,-0.00538277,0.050617556,0.708127569,0.940547204
ZFP69B,72.58122101,-0.004206867,0.051418163,0.708616514,0.940567614
CHCHD1,676.6378524,-0.007839497,0.047630023,0.708794097,0.940705387
CLASRP,1987.255739,-0.008055157,0.046024451,0.709568969,0.940708335
CLEC4A,199.0289932,-0.005077792,0.050661853,0.709681761,0.940708335
CREB3L4,120.4667416,-0.00511993,0.05070624,0.709302803,0.940708335
FRS3,144.7382704,0.004788202,0.051127873,0.709617176,0.940708335
HTT,6295.538051,0.009421208,0.041065911,0.70961708,0.940708335
L3MBTL2,1302.533891,-0.008304571,0.046333679,0.709222819,0.940708335
NF2,1267.826907,0.008258741,0.045621509,0.709154393,0.940708335
PIKFYVE,2385.224489,-0.006838819,0.048089853,0.709438552,0.940708335
RPGRIP1L,61.09516237,-0.004108966,0.051462068,0.709480406,0.940708335
ST6GALNAC6,4139.745475,0.009513079,0.042475042,0.709138328,0.940708335
TESMIN,39.22407819,0.003334384,0.051746238,0.70925077,0.940708335
UBE2K,2725.362315,0.009157918,0.044179312,0.709508127,0.940708335
TYROBP,15528.24461,0.008242758,0.045466668,0.709778901,0.940739287
MRPS5,1737.606911,-0.009211098,0.042727486,0.710041004,0.940988853
ALG13,815.5086355,0.006700776,0.048872533,0.710474593,0.941092007
ARMC8,1189.672891,-0.008538798,0.047663793,0.710487926,0.941092007
ATP6V0A2,1096.045371,0.008330181,0.046829951,0.710381042,0.941092007
COG6,514.7860844,-0.007760641,0.048470922,0.710292392,0.941092007
LONP2,1517.947597,0.008681613,0.046451087,0.710451638,0.941092007
ZNF583,101.7661473,0.003951625,0.05164528,0.710575256,0.941109904
PDZD11,593.4906456,-0.008675283,0.045502831,0.710945662,0.941404887
TRIM16L,32.52313668,0.003118855,0.051919757,0.710891507,0.941404887
NOPCHAP1,735.0543763,-0.008513103,0.045947273,0.71102582,0.94141325
KIF11,862.033889,-0.007814119,0.048407412,0.711424832,0.941843737
CCNB1IP1,548.0809523,0.008518211,0.04869093,0.711501964,0.941848047
CYLD,2315.395888,0.007113406,0.046426394,0.711584351,0.941859312
HUS1,506.0543722,-0.007979796,0.047989461,0.712021067,0.942243273
NSD2,2597.581562,0.008451985,0.044185141,0.712022252,0.942243273
CUTC,332.7728641,0.00746635,0.047551889,0.712293905,0.942354443
KAZN,502.9270631,-0.007902338,0.047102081,0.712577443,0.942354443
KLHL29,36.19625499,-0.003467332,0.051762232,0.71234492,0.942354443
LANCL1,699.9468,-0.007535032,0.048092431,0.712581734,0.942354443
PIGN,1062.210925,0.008165672,0.045025508,0.712682882,0.942354443
SMG8,562.2078342,-0.008191472,0.046613084,0.712697587,0.942354443
SPDYE5,47.58547202,0.003570972,0.051719319,0.712659549,0.942354443
UQCRC2,4281.86573,-0.010103654,0.04239794,0.712543593,0.942354443
ACADS,1101.661619,0.00830787,0.046464019,0.713391981,0.942465833
AMZ2P1,46.99190372,-0.003843267,0.051575877,0.713077207,0.942465833
ARK2N,628.501619,-0.007797045,0.047440977,0.713313504,0.942465833
ASPA,82.5388494,-0.004304457,0.051272291,0.715425852,0.942465833
BCL7C,783.6896957,0.006813452,0.045783468,0.713193665,0.942465833
BMS1P20,670.1549136,0.008701157,0.045286424,0.714844629,0.942465833
BOD1L1,2970.591799,0.007619511,0.047600295,0.715076009,0.942465833
BRD1,1252.92723,0.007632292,0.047737625,0.716186194,0.942465833
CEP85L,178.409414,-0.005110996,0.050811466,0.715819984,0.942465833
CIT,765.5437389,0.006588045,0.049501144,0.715459089,0.942465833
COX5A,2531.427843,-0.008387117,0.046380819,0.712935382,0.942465833
COX6B1,3024.012299,-0.008686052,0.04443249,0.714018185,0.942465833
CRLS1,1189.935096,0.005510775,0.045015672,0.715526557,0.942465833
CYB5D2,575.0973174,-0.007077334,0.049160869,0.714524226,0.942465833
DPP8,1641.859373,-0.00825148,0.046275129,0.715682339,0.942465833
DSN1,367.3705388,0.007353405,0.04793875,0.715937295,0.942465833
DUSP8P5,94.7943562,-0.004399298,0.051254882,0.713504931,0.942465833
DYNLT3,490.4521576,-0.007596724,0.047988974,0.714734835,0.942465833
FLNC,51.64484047,0.003430579,0.051613677,0.714467286,0.942465833
GOLGA4,3149.492593,-0.004931724,0.045217415,0.713483493,0.942465833
GPRIN1,128.4674755,0.005579994,0.050428843,0.714761671,0.942465833
HASPIN,177.0704235,-0.005877044,0.050073536,0.716209397,0.942465833
HHLA1,62.5786638,0.003751355,0.051614313,0.715599135,0.942465833
LRRC20,39.4345122,0.003467236,0.051768487,0.714240926,0.942465833
LUC7L2,1984.600139,0.008826977,0.044866524,0.713925305,0.942465833
MAPRE2,1711.555144,0.012252898,0.048389213,0.713710754,0.942465833
MRPL11,659.8660485,0.007490597,0.0480099,0.714843126,0.942465833
NEUROG3,113.1722465,0.005204552,0.050720527,0.714183022,0.942465833
PDGFA,234.336861,-0.005479714,0.050494626,0.712911383,0.942465833
PDXDC2P,353.7484363,0.007102056,0.04858967,0.715461906,0.942465833
PRR22,39.49961109,-0.003011718,0.051889912,0.714758825,0.942465833
ROBO3,52.04956117,-0.003717656,0.051616212,0.714468912,0.942465833
RPL13A,49770.49755,-0.00911628,0.043106743,0.716330216,0.942465833
RPLP0,25285.08719,0.009285195,0.042621586,0.715845479,0.942465833
SAP30BP,1538.617999,0.009124497,0.043606133,0.71497367,0.942465833
SERAC1,497.3146059,0.0069765,0.048734407,0.715888855,0.942465833
SLC16A13,145.677792,-0.005301556,0.050594705,0.714852856,0.942465833
SLC25A25,530.2898085,0.007408708,0.048144402,0.716003087,0.942465833
SMIM27,124.8955628,0.004577987,0.051144502,0.714559102,0.942465833
SPATS2L,2917.166247,0.009302234,0.041414113,0.715013875,0.942465833
SRPK1,757.8980827,0.007129566,0.048553761,0.71349993,0.942465833
SSTR2,140.2096916,0.00537695,0.050546678,0.716043474,0.942465833
TEN1-CDK3,266.786543,0.005895963,0.050095344,0.715333904,0.942465833
TLK1,1449.335769,-0.007067267,0.048434729,0.716187352,0.942465833
TRMT112,2037.880882,-0.00921153,0.042600283,0.713983467,0.942465833
UQCR10,1471.001711,0.008898719,0.045408973,0.716309432,0.942465833
ZC3H18,1807.924292,-0.00896023,0.043881378,0.715594136,0.942465833
ZNF391,76.60823592,-0.003341075,0.051765329,0.715665445,0.942465833
ERBB2,353.6807474,-0.005557842,0.050329994,0.716566217,0.942484546
RPN1,6810.129051,0.0097218,0.041069576,0.716519367,0.942484546
TRIM13,802.9965823,0.006367317,0.043417308,0.716510895,0.942484546
CHMP3,3167.763855,-0.009621856,0.039756759,0.71713527,0.942941167
FGF13,245.8231911,0.004387307,0.051238863,0.71712147,0.942941167
NLGN3,180.9480283,-0.005370978,0.050489756,0.71710203,0.942941167
BLOC1S2,2346.530758,-0.007621269,0.047277415,0.717955953,0.94343645
MB21D2,195.774518,-0.006334403,0.049460202,0.717798218,0.94343645
OXSR1,1592.94706,-0.008142359,0.045363176,0.717643769,0.94343645
UGP2,3258.621535,0.009453767,0.041236275,0.7178212,0.94343645
ZBED10P,45.35208695,-0.003632247,0.051610323,0.717773547,0.94343645
ZNF506,316.4035808,-0.005674422,0.050304387,0.717938643,0.94343645
CLASP2,1465.604625,-0.007585089,0.047557218,0.718513992,0.943586205
GUSBP11,93.1860261,-0.004391707,0.051224315,0.718416454,0.943586205
MLLT10,1269.437911,-0.007950288,0.04750983,0.718345062,0.943586205
MRE11,769.1219353,-0.006892182,0.048752909,0.718459201,0.943586205
TFAM,864.5289017,0.00759732,0.046831195,0.718150531,0.943586205
ZNF335,1205.446901,0.008728365,0.044849078,0.718401714,0.943586205
TMCO4,518.198346,0.008132214,0.046381675,0.718631384,0.943643168
H2BC20P,47.93986306,-0.003411445,0.051789473,0.718820589,0.943735996
MYLK3,111.9449384,-0.005131574,0.05072256,0.718850126,0.943735996
APOL6,7146.27222,-0.008078059,0.046610065,0.7192808,0.943927879
ASPSCR1,1194.025142,0.00766878,0.04735314,0.719390775,0.943927879
BMERB1,364.1772514,0.007107767,0.048455442,0.719577418,0.943927879
EIF4H,8574.016059,0.009595497,0.037506758,0.719692288,0.943927879
MRPS22,897.6619966,0.008114748,0.04544899,0.719947742,0.943927879
MRPS35,1772.007181,0.006975405,0.046563196,0.720101191,0.943927879
MTHFS,467.4350289,-0.007498293,0.04774725,0.719965233,0.943927879
OSBPL9,1914.861688,-0.009122147,0.043182941,0.719578962,0.943927879
POTEE,42.14143963,0.002394044,0.052126463,0.720017633,0.943927879
SLC25A29,1269.279855,-0.01017764,0.043751163,0.719693369,0.943927879
SNRNP40,778.4623451,0.008453205,0.045448365,0.719601512,0.943927879
SORBS3,5259.968568,0.00409749,0.051410303,0.719410011,0.943927879
UBOX5,365.3474743,0.00726867,0.047903121,0.719389425,0.943927879
USP3,1246.89887,-0.007468257,0.047670355,0.720106875,0.943927879
ZNF641,1424.291578,-0.007748016,0.047091997,0.719746678,0.943927879
ILVBL,1794.594935,0.0087478,0.04491191,0.720357736,0.94406258
ZNF14,91.15964932,-0.004680581,0.050979016,0.720345128,0.94406258
CNPY2,1777.826551,0.008086678,0.045469472,0.721029518,0.944176868
DLG4,1852.456636,0.007659982,0.047340447,0.720556043,0.944176868
MAP3K10,747.4964051,0.007838807,0.04717655,0.721039444,0.944176868
MCAT,412.9511011,0.006921467,0.049157308,0.721163676,0.944176868
NFAT5,1938.979276,-0.006935683,0.048548783,0.720961528,0.944176868
OR4D9,37.30805249,-0.003166002,0.051827669,0.721185532,0.944176868
REP15,35.11097085,-0.003204974,0.051810376,0.720811517,0.944176868
RNASEH2A,406.4449702,0.007024953,0.048433272,0.720849791,0.944176868
TMOD3,2051.269647,-0.007624496,0.043731798,0.720935705,0.944176868
UBASH3B,3991.769049,-0.008234759,0.04570375,0.720770317,0.944176868
ASIP,84.33373497,0.004267755,0.051278867,0.721345329,0.944289105
PHACTR1,2185.598692,0.009111757,0.043983755,0.721463001,0.94434618
NIPSNAP1,858.7458163,-0.006434692,0.045869834,0.721539232,0.944349006
AIMP1,1253.841439,-0.008080378,0.046124911,0.721677658,0.944433224
ELP3,1262.859377,-0.008569784,0.044937201,0.721855116,0.944568497
DNAAF10,241.7450867,-0.006103926,0.049642412,0.7221425,0.94456898
LPIN2,2799.990838,-0.008849363,0.04450798,0.722133057,0.94456898
NUFIP2,4680.845618,0.006323057,0.049519423,0.722225933,0.94456898
RPAP3,811.6180376,-0.008230457,0.045616368,0.722200764,0.94456898
SACM1L,2354.794246,-0.00838549,0.045270834,0.721941277,0.94456898
PACRGL,226.3184704,-0.005747189,0.050073452,0.722337046,0.944617396
GSTM2,349.3093763,0.00710287,0.04828757,0.722512681,0.944635207
SEMA7A,1208.740383,0.005195807,0.046716597,0.722647045,0.944635207
SETD4,493.5631213,-0.007412772,0.047805621,0.722577747,0.944635207
TFIP11,1360.669823,-0.008819255,0.043861823,0.722603201,0.944635207
ARL15,531.8014795,0.0067881,0.046743716,0.722864671,0.9447139
NRBP2,599.5732725,0.006926454,0.048605713,0.722822272,0.9447139
PAFAH1B2,2302.084344,0.008907788,0.04270562,0.722929548,0.9447139
TTPAL,407.2393579,0.006412118,0.049350239,0.723022872,0.944739017
CASD1,625.4230714,-0.00730788,0.047810179,0.723172753,0.944741206
ZNF248,84.46656991,-0.003407003,0.051703668,0.723169296,0.944741206
C6orf226,116.4034362,0.004794479,0.05088151,0.723274267,0.944777012
VPS26C,2796.91233,0.008356454,0.044043197,0.723675386,0.945204128
TM2D3,747.1069285,-0.007297384,0.047151558,0.723863756,0.945353311
CFB,260.9317454,-0.00650277,0.049214996,0.724217473,0.945621524
TBC1D31,463.1855024,-0.007479088,0.047483381,0.724196967,0.945621524
CDC123,2573.157514,0.009131867,0.042751119,0.724317492,0.945655269
KATNIP,898.0279086,0.007611663,0.047232665,0.724518834,0.94582128
IPO5,2282.560039,0.008319271,0.043640572,0.724634057,0.945874843
CAP1P1,37.9486983,-0.002685419,0.05199564,0.725076259,0.945960572
CARNMT1,462.8099026,0.00731025,0.047770733,0.724970187,0.945960572
CSNK1G1,957.5826944,0.007199117,0.048065829,0.725138331,0.945960572
FCGRT,20531.10784,-0.010909937,0.045842041,0.725012097,0.945960572
INTS3,1751.083436,-0.00878086,0.042686456,0.725367523,0.945960572
MRPS14,383.9253625,0.007012056,0.0482095,0.725285132,0.945960572
PPP1R26,1074.769158,-0.008330281,0.045051672,0.725337769,0.945960572
PVALB,36.8836335,0.003230115,0.051802844,0.725313053,0.945960572
SRGAP1,522.4342034,-0.005240066,0.050341316,0.725342271,0.945960572
BCAP31,14221.40176,-0.008835439,0.042737799,0.726316586,0.946885612
EFCAB7,48.13634876,0.00335879,0.05171991,0.726196097,0.946885612
LAGE3,699.9988384,0.008048942,0.04656778,0.726366477,0.946885612
UCK1,1357.444125,0.007352706,0.046385574,0.726373934,0.946885612
ARID2,766.2310694,0.008378237,0.045407368,0.727291922,0.946920416
CBX8,220.7707538,0.00497926,0.050650533,0.727157489,0.946920416
CCRL2,1435.690349,-0.0081818,0.043968929,0.726946534,0.946920416
INO80,1689.445616,-0.008457947,0.044989767,0.726871312,0.946920416
MAT2A,5993.296287,-0.009238229,0.038054028,0.727049235,0.946920416
MTDH,6697.170116,-0.008773518,0.043418845,0.72652796,0.946920416
PLBD2,6233.993084,0.010857655,0.044453332,0.726738277,0.946920416
SLC24A1,676.3620614,-0.007848955,0.0462362,0.727199498,0.946920416
TMEM123,5959.728347,-0.008275874,0.045555597,0.726748944,0.946920416
ZDHHC2,880.7151888,-0.005890117,0.049750339,0.727223061,0.946920416
ZNF114,79.38389385,-0.003670032,0.051547034,0.727133279,0.946920416
ZNF736,218.6908773,0.0053006,0.050380674,0.727094158,0.946920416
CCDC9,605.917247,0.006227512,0.049262511,0.727626024,0.94695375
CLMP,61.09943303,-0.003304881,0.051714175,0.72837629,0.94695375
CNRIP1,889.9757818,-0.007959812,0.04587387,0.728745685,0.94695375
CSNK2A2,2394.475028,-0.005842656,0.04285733,0.728395199,0.94695375
FN3KRP,702.8188013,-0.007039118,0.046865995,0.72865863,0.94695375
FUBP3,2563.588203,-0.008699076,0.043540388,0.727821679,0.94695375
GEMIN6,250.1968051,0.0067139,0.048665673,0.727810251,0.94695375
MAP2K1,3339.112967,0.009967384,0.042337164,0.728291657,0.94695375
MDM2,3322.335716,0.007934728,0.046459198,0.728213475,0.94695375
MYL6B,461.0125524,0.008053563,0.047240118,0.728255059,0.94695375
NDUFA13,3381.666836,0.008186171,0.044899052,0.728189469,0.94695375
NOP58,1211.509312,0.008150726,0.045086751,0.727665207,0.94695375
PIGK,753.7671429,-0.007143435,0.048257977,0.728445137,0.94695375
RPUSD4,794.8731715,-0.008509337,0.045167682,0.728046999,0.94695375
SAP30,340.0853905,-0.008664862,0.048058266,0.728803059,0.94695375
SELENOF,4966.638637,-0.008756005,0.043129467,0.728124025,0.94695375
SLC22A1,33.90825428,0.002681105,0.051987356,0.727998704,0.94695375
SLC35G1,76.27952753,-0.003789439,0.051473785,0.727691325,0.94695375
ZNF273,117.7940476,0.005020239,0.050621889,0.728558353,0.94695375
ZNF304,282.6443169,-0.006498283,0.048836884,0.728753385,0.94695375
GPR137C,102.1346913,0.00385844,0.05143069,0.728928322,0.947019992
STK17B,509.4060202,0.006600394,0.048777053,0.729077699,0.947117545
FTL,352247.8485,-0.008862347,0.041792172,0.729249238,0.947243865
ATP2B4,2989.795475,0.010984998,0.038489978,0.729459367,0.94742028
IRF2BPL,2840.428789,0.007705018,0.047224562,0.729686744,0.947570082
NDUFAF1,716.5455975,-0.007195833,0.04685632,0.729723356,0.947570082
ARHGEF7,2235.081277,-0.00812264,0.044918201,0.729903744,0.947707037
POLL,870.615879,-0.006889843,0.048249727,0.730055192,0.947707037
SPATA6,62.98919861,0.003079541,0.051819325,0.730016561,0.947707037
ZNF69,68.87382014,0.004065653,0.051383525,0.730126168,0.947707037
AFF4,3846.97375,-0.006450443,0.04902662,0.730543216,0.947918346
EMB,40.96357071,0.00287056,0.051898764,0.730487179,0.947918346
PIGH,500.5290702,0.007020524,0.047755157,0.730512285,0.947918346
SULT1A3,503.2693413,0.005718108,0.049841182,0.730586373,0.947918346
KIF13A,2078.92265,-0.008032607,0.044073445,0.730679636,0.94794288
ETHE1,882.9444009,0.007714384,0.046536992,0.731223664,0.947973408
HINT1,3113.578581,-0.008091431,0.04485118,0.731127181,0.947973408
KCTD9,780.4346413,-0.006593778,0.048620867,0.730864397,0.947973408
MAPK9,1293.463631,-0.006636249,0.045246815,0.73092999,0.947973408
MRM3,507.7276672,-0.007314855,0.047125986,0.73110899,0.947973408
RPP30,601.415569,-0.007835891,0.045885374,0.731195781,0.947973408
WDR1,13813.67084,0.008471832,0.044075378,0.730856213,0.947973408
C3orf70,55.49318292,0.003192395,0.051767321,0.731372916,0.948070493
GET4,1440.826451,-0.00819362,0.044373022,0.731617801,0.948291515
A4GALT,38.88658656,-0.002585287,0.051990784,0.731999865,0.948458947
BDP1,1200.506645,-0.006507278,0.048909701,0.732267131,0.948458947
COL18A1,288.371537,-0.004813566,0.050395966,0.73197046,0.948458947
EEIG1,436.4960555,-0.006296027,0.051243768,0.73226774,0.948458947
LDLRAD3,460.1185386,-0.007275406,0.047593613,0.732134919,0.948458947
MRPL54,750.3924242,-0.007385153,0.046300075,0.732149642,0.948458947
ZC3H11A,2775.650836,-0.00985421,0.040918677,0.732226252,0.948458947
APBA1,143.8612781,0.004259833,0.051112776,0.732872004,0.948663335
DFFA,1619.816673,-0.008775941,0.041659594,0.732786541,0.948663335
GPATCH2,344.6164712,-0.005529009,0.049830198,0.732798501,0.948663335
MASTL,445.1007899,0.006977915,0.047926015,0.732706867,0.948663335
MPV17,2219.150499,-0.005396508,0.043397781,0.732554723,0.948663335
RNF25,716.2701262,-0.007884158,0.045723571,0.73284262,0.948663335
MAGI1,682.3107551,0.006477384,0.048833228,0.733110378,0.948682928
MLYCD,1127.909936,0.007042802,0.047858426,0.733047171,0.948682928
SLC35C2,2050.781697,-0.006976151,0.046660846,0.733061459,0.948682928
LYRM7,483.811117,-0.004359754,0.051015897,0.733410567,0.948875099
NMD3,1326.449522,-0.007470279,0.046453938,0.733631018,0.948875099
RDH12,69.29962701,0.003394445,0.051648165,0.733438937,0.948875099
SLC35B3,695.4654318,-0.007865512,0.045713548,0.73356449,0.948875099
SPSB1,1934.510134,0.008138458,0.042835271,0.733489661,0.948875099
TJP2,297.2789227,-0.006643326,0.048478565,0.733759776,0.948893855
TMEM37,660.3381003,0.006840816,0.048243864,0.733794377,0.948893855
ICAM2,209.7132633,-0.005630375,0.049837145,0.733891493,0.948923189
ELOA,2094.741114,-0.00854945,0.042667923,0.734125731,0.949033558
KLC4,781.8066241,-0.007879887,0.045586912,0.734117457,0.949033558
FUCA2,4155.349094,-0.009253571,0.040137553,0.734319637,0.949187981
C3orf38,787.8524849,-0.010283082,0.045645589,0.734638948,0.949456871
NUDT18,261.9495293,0.005765875,0.049601098,0.734676605,0.949456871
CCP110,604.0127401,-0.005641685,0.049904217,0.734766033,0.949476196
DCAF13,902.9396649,-0.011079298,0.047711417,0.735157085,0.949614625
ESCO1,677.3685918,-0.00701059,0.047646737,0.735155525,0.949614625
P2RX7,6078.7761,-0.008211945,0.044888055,0.735043995,0.949614625
UBXN8,324.4155647,-0.006539522,0.048701278,0.7351711,0.949614625
SLC25A36,1551.734197,-0.007222197,0.047226417,0.735371144,0.949680583
TSC2,2929.339866,0.007503432,0.046910279,0.735307528,0.949680583
KCNMB1,247.1380276,0.002647879,0.049274051,0.735460154,0.949699331
YIPF3,2547.98854,0.008524501,0.042573907,0.735839448,0.950092882
ANKRD40,1920.027548,0.00857582,0.042177538,0.736008547,0.95011659
L3HYPDH,217.6515485,-0.005424307,0.049846697,0.736050716,0.95011659
MPST,1603.00529,0.007511418,0.046762748,0.736081384,0.95011659
GABRP,68.26234069,-0.003739645,0.051406177,0.736472994,0.950232605
MEX3A,55.68244147,0.002954767,0.051752171,0.736543933,0.950232605
PLAGL1,1125.911792,-0.006678994,0.045253193,0.736468043,0.950232605
VDAC3,1915.882433,-0.008008266,0.044588659,0.736396684,0.950232605
WDR83,358.6115476,-0.006273262,0.048901225,0.736306464,0.950232605
SLC26A2,809.4419909,0.007338115,0.047385495,0.736687457,0.950321602
SPECC1,1074.033078,-0.008222693,0.04456932,0.736808449,0.950381517
ANKAR,62.21332103,-0.003116856,0.051724555,0.738679917,0.950393869
AOC1,324.2315031,0.006254425,0.049089596,0.738406764,0.950393869
C9orf78,1775.808263,0.008682539,0.041362258,0.737398222,0.950393869
CACFD1,237.644945,0.004822621,0.050563445,0.737527001,0.950393869
CETN3,173.2151348,0.005897506,0.049687956,0.737917829,0.950393869
COQ7,513.8061801,-0.006866999,0.047425659,0.73784034,0.950393869
DCSTAMP,9905.677359,-0.010124133,0.04193463,0.737286296,0.950393869
EED,630.0168366,-0.00654678,0.048390288,0.738376367,0.950393869
GSS,1497.839386,0.008183667,0.041449598,0.738526918,0.950393869
IQCG,404.4597093,-0.006421839,0.048447517,0.737835874,0.950393869
KIAA1328,203.2206244,-0.005944629,0.049197516,0.738419873,0.950393869
LUC7L,975.5208767,-0.009976325,0.045937667,0.737853319,0.950393869
MAP2K7,2067.018865,0.007706563,0.046330852,0.738576277,0.950393869
MTRF1,275.7506933,-0.006535642,0.048979272,0.738681689,0.950393869
PIP4K2B,1776.186591,-0.007530285,0.046108852,0.737571003,0.950393869
QPCT,1063.277445,0.007605403,0.046218516,0.737688897,0.950393869
RRAS2,181.7565108,0.006123123,0.050375734,0.737620906,0.950393869
SLC25A6,18866.35308,0.004578057,0.043444384,0.737432304,0.950393869
SLC39A9,1795.556652,0.008560398,0.041160165,0.73814115,0.950393869
SRI,1043.683691,0.007649414,0.045860892,0.73831977,0.950393869
TFR2,37.50850936,-0.002697235,0.05192719,0.737271611,0.950393869
TMEM237,247.6017072,0.005784848,0.049634605,0.738184153,0.950393869
UNC13B,1402.159914,0.008692832,0.043265017,0.738559366,0.950393869
WASH2P,119.7886241,-0.004950185,0.050493313,0.73845232,0.950393869
WDR24,723.7370824,0.006084575,0.049120507,0.738282886,0.950393869
IQCC,88.57161656,0.004058044,0.051197651,0.738961912,0.950482248
LST1,2947.525344,-0.008396085,0.041920654,0.739048594,0.950482248
SIGLEC11,662.0643792,0.007312939,0.047179551,0.738879123,0.950482248
ZNF487,34.0787695,-0.002253276,0.052083067,0.738989062,0.950482248
CLDN12,616.7466892,0.006481261,0.048760622,0.739230453,0.950546065
COX7A2,2065.539587,-0.008360289,0.044419307,0.739783698,0.950546065
EOLA1,409.9475642,-0.007222059,0.046908068,0.739827877,0.950546065
HNRNPL,10987.03807,-0.007986084,0.041543502,0.739432765,0.950546065
RBAK,614.6703325,-0.00715633,0.048751491,0.739714591,0.950546065
SAAL1,229.2410077,-0.006034019,0.049054598,0.739293089,0.950546065
SELENOM,59.60315181,0.00380407,0.051364185,0.739690948,0.950546065
SMARCD3,159.6008516,0.0050731,0.05030944,0.7398438,0.950546065
TRIM68,287.6192886,-0.005669759,0.049609349,0.739326939,0.950546065
ZFP14,219.321096,0.004847711,0.050538555,0.739699628,0.950546065
ANK2,536.285064,-0.004892634,0.050438824,0.740037328,0.950554245
BCAS2,1012.726498,-0.007903852,0.044900187,0.74000553,0.950554245
GRHPR,2111.072608,0.008191987,0.042849938,0.740148403,0.950554245
PRRC1,2177.282244,-0.008407408,0.045490722,0.740141086,0.950554245
ALG10,126.1556122,0.004141613,0.05111477,0.740258106,0.950562091
C4orf33,299.0894695,-0.004309875,0.05087804,0.740874024,0.950562091
CHDH,145.3676297,-0.00328202,0.05164521,0.74074184,0.950562091
CYTIP,706.856586,-0.007752221,0.04532935,0.740658123,0.950562091
EMSY,527.9419002,0.006033575,0.049108403,0.740974669,0.950562091
IL18,512.6644626,0.00561013,0.049591816,0.740546049,0.950562091
INTS11,1949.032188,0.007623443,0.045765839,0.740956595,0.950562091
NUP50,1978.262774,-0.00796682,0.044486319,0.740914162,0.950562091
PLOD1,7372.497023,0.004467491,0.045907071,0.740395591,0.950562091
RNF31,1962.148897,0.006477691,0.047978334,0.7407704,0.950562091
SMG1P5,149.2030601,0.004316052,0.050976545,0.740891699,0.950562091
ATP6V0B,8380.703721,-0.008814128,0.040280525,0.742233685,0.950753709
CLN3,3636.279132,0.007521627,0.044688311,0.74240374,0.950753709
FAP,54.46213336,0.002925136,0.051807756,0.742656162,0.950753709
LAT,265.4863106,0.004645327,0.050682687,0.741821681,0.950753709
LPCAT3,2813.71084,0.008225135,0.043432804,0.742229967,0.950753709
MCPH1,660.2858475,-0.007296939,0.04669779,0.741871685,0.950753709
NAB2,1830.794742,-0.007517711,0.045991298,0.741307287,0.950753709
NOMO1,5688.976245,0.007897709,0.043478098,0.742583333,0.950753709
PPP1R12B,369.0033525,0.003969862,0.051229183,0.741401605,0.950753709
PRSS51,50.19675175,-0.002371528,0.052033495,0.742181294,0.950753709
RASSF3,2480.22543,-0.008424626,0.041425201,0.742690108,0.950753709
SBK1,36.07332868,-0.002956404,0.051787968,0.741774604,0.950753709
SERGEF,351.5646318,-0.005626657,0.049658704,0.742058382,0.950753709
SPIN2B,113.7134307,-0.004521369,0.05074366,0.741866035,0.950753709
SPINT2,3163.994895,-0.000828173,0.046070745,0.742156321,0.950753709
SUPV3L1,774.8518164,0.006431643,0.048344276,0.742324138,0.950753709
THOC1,703.3155581,-0.006925378,0.047391628,0.742251095,0.950753709
TRUB1,375.3397165,0.005829378,0.049291245,0.741307822,0.950753709
UFM1,1914.687001,-0.007539552,0.045578268,0.742563528,0.950753709
ZNF174,296.9259077,0.006220039,0.048769553,0.742236853,0.950753709
ZNF468,324.581265,0.005809699,0.049362025,0.742285741,0.950753709
BACH1,3888.671076,0.007611778,0.047116735,0.742964956,0.950925081
KIAA1958,366.4771315,-0.005753827,0.048988344,0.742973153,0.950925081
PPP1R16A,1049.456852,0.005714611,0.049357811,0.743398434,0.951278394
UBA7,2315.782775,-0.006517613,0.048160424,0.743347846,0.951278394
RHOBTB3,1281.34932,0.007015542,0.046425618,0.74355021,0.951281649
SLC30A7,1156.896425,-0.007807135,0.04512762,0.743514481,0.951281649
ACOT8,586.134343,-0.006585245,0.047775191,0.745876578,0.951343637
BTF3L4P2,54.70131022,0.002585665,0.051954789,0.744795144,0.951343637
C4orf46,235.7543569,-0.005409446,0.049428426,0.74495693,0.951343637
CBFA2T2,906.4662395,0.006550244,0.048084833,0.745882828,0.951343637
CLIP1,3458.252924,-0.008416949,0.044693726,0.746084707,0.951343637
CLPX,2079.737444,-0.008995443,0.046574318,0.743951048,0.951343637
EIF3CL,101.7170783,-0.002482716,0.051962356,0.745644745,0.951343637
FBXO21,885.7055663,0.005068544,0.050071523,0.745786802,0.951343637
FMC1,159.6427716,0.005084932,0.05015128,0.746185633,0.951343637
GHITM,7287.664446,0.008731102,0.040706639,0.745690867,0.951343637
GLCCI1,275.358796,0.00497734,0.050513035,0.745990943,0.951343637
HSPA9,10753.48816,0.006706149,0.043922564,0.744444624,0.951343637
MAN2B2,3963.438138,0.00742187,0.044985643,0.746236746,0.951343637
MSRB2,383.7434781,-0.006270097,0.048443507,0.745915668,0.951343637
NNAT,43.30745575,-0.002892408,0.05179092,0.74628502,0.951343637
PCGF6,325.6319927,-0.005043105,0.048845907,0.746101373,0.951343637
PGD,10575.85404,0.008009589,0.043145139,0.746139537,0.951343637
RBBP8,383.4864234,0.004728311,0.050382649,0.7462143,0.951343637
RPS2P32,83.09683737,0.003914975,0.051213889,0.745763802,0.951343637
RSF1,1937.230972,-0.007616976,0.045060688,0.745698664,0.951343637
SCML4,33.52286435,0.002552552,0.051801948,0.745375296,0.951343637
SDR39U1,1156.514618,0.006534906,0.048412561,0.744484719,0.951343637
THUMPD1,1153.467818,-0.006690887,0.048100595,0.745042559,0.951343637
TLR1,1167.417518,-0.005887651,0.049331531,0.743821165,0.951343637
TMEM138,1651.662011,0.008064434,0.04410546,0.744862839,0.951343637
TRPV1,570.9924129,0.006747878,0.047731554,0.744959946,0.951343637
TSPAN12,41.99790152,0.003212513,0.051662128,0.743888614,0.951343637
TSPAN31,722.3487986,-0.007878611,0.044418139,0.74448362,0.951343637
VCPKMT,180.9892665,-0.004983134,0.050254177,0.744889298,0.951343637
VTI1B,3275.57552,0.008946405,0.042306925,0.743708492,0.951343637
WDR20,684.1538274,0.006933792,0.04708571,0.744756238,0.951343637
WDR74,803.1851586,0.007554271,0.044704894,0.745092019,0.951343637
WDR89,253.465273,0.005640343,0.049628351,0.745525745,0.951343637
YAP1,94.79545543,0.003660876,0.051368371,0.745331493,0.951343637
ZFP64,420.2341206,0.01417594,0.049173867,0.744163436,0.951343637
ZNF253,109.4728772,-0.003288099,0.051566279,0.746072301,0.951343637
HSPE1,1366.840239,-0.013595577,0.049614202,0.746463092,0.951380382
ZBTB40,1554.22797,0.007531845,0.044494511,0.746406414,0.951380382
DPP10,55.43180298,0.003445351,0.051514246,0.746585338,0.951411197
IL12RB1,225.8897387,0.005444289,0.049320348,0.74665851,0.951411197
TEFM,292.0321662,0.005660555,0.050182222,0.746711149,0.951411197
TRIM44,4734.664606,-0.001134693,0.045814596,0.746788007,0.951414041
GOLT1B,1024.801646,0.007268976,0.046288217,0.746945401,0.951519476
NEK7,2113.385186,-0.006627861,0.047248143,0.747139557,0.951626921
THAP12,1355.154101,-0.006894206,0.046881519,0.747179032,0.951626921
ABHD15,920.3016301,-0.006381073,0.045711292,0.747686773,0.951703142
EML1,78.25242216,0.002602385,0.051926276,0.747683983,0.951703142
STK11,3313.603107,0.007746934,0.044627704,0.747610422,0.951703142
TPGS1,902.654053,-0.006906367,0.047252879,0.747385244,0.951703142
WDR81,5691.473682,0.00732217,0.046724702,0.747585567,0.951703142
ZNF672,1052.434231,-0.00656214,0.047980912,0.747491797,0.951703142
CLCC1,1033.328927,0.006527976,0.046453008,0.747783547,0.951731301
TRAPPC6A,712.2104324,-0.006308499,0.047953496,0.747914401,0.951802824
VSIG10L,365.3458895,0.006085804,0.048625194,0.748175691,0.952040312
PER1,817.1353694,0.00527424,0.049919639,0.74826441,0.95205818
CDS2,4076.467566,0.00791144,0.043902879,0.7483587,0.952083131
C19orf44,96.15507208,0.003329768,0.05145403,0.748572793,0.952260481
ARL2BP,1448.19007,0.007615363,0.043959266,0.748920438,0.952497312
EPG5,1552.880752,-0.006501213,0.047779728,0.748983101,0.952497312
SLC22A23,196.1203309,-0.004119149,0.050966104,0.74894764,0.952497312
CCDC80,137.1249842,0.004170006,0.051009782,0.749556818,0.953036788
CRTC1P1,47.70638863,0.002806515,0.051802972,0.749488899,0.953036788
ATP11C,592.1605256,-0.00632724,0.048194135,0.74979833,0.953058715
DELE1,2050.55261,-0.008137487,0.04201396,0.749742552,0.953058715
SCLT1,394.2305881,-0.005876886,0.04871902,0.749652422,0.953058715
ETAA1,197.8899329,-0.005828147,0.048971866,0.75001419,0.953143033
SCUBE2,39.70239648,-0.002707746,0.051850283,0.749986328,0.953143033
ANKS1A,1220.517586,-0.007956343,0.043636579,0.750795326,0.953421432
BIN3,960.8614908,-0.007120453,0.046288578,0.750752174,0.953421432
C5orf34,72.30637582,0.003213559,0.05157114,0.750906314,0.953421432
DTD1,357.1099206,-0.005629682,0.047644025,0.750797584,0.953421432
KDM1A,1745.530718,0.006786841,0.046514916,0.750331385,0.953421432
MAIP1,348.9763625,0.0057334,0.048963563,0.750790999,0.953421432
MRPL21,669.175526,-0.006399951,0.046616408,0.750900659,0.953421432
NELFE,1330.593262,0.006519352,0.046352164,0.750811865,0.953421432
TRPM4,1048.706108,0.007849329,0.047147357,0.750585401,0.953421432
NUP42,939.05942,-0.006848077,0.046958229,0.751079813,0.953546758
CAMK4,134.0678716,-0.003865607,0.051120461,0.751201297,0.953606027
GABARAP,8743.288335,-0.00687624,0.042612308,0.751471408,0.953758982
PROSER1,1214.334368,-0.006349631,0.046909081,0.751429649,0.953758982
ASXL2,2353.2767,-0.005516147,0.049378525,0.751736057,0.953922645
DCLRE1A,226.3817148,0.004265291,0.050789792,0.751899651,0.953922645
NDUFA2,1305.508896,-0.007484932,0.044964906,0.751870683,0.953922645
TRIM23,271.0229039,-0.005075843,0.049952087,0.75175134,0.953922645
BCL10,765.4466155,-0.006630794,0.047843877,0.752434985,0.954020102
CCDC138,45.47670019,0.002905051,0.051742198,0.752831691,0.954020102
CISD2,1889.070064,0.00254405,0.045612839,0.752852507,0.954020102
EXOSC8,672.9404877,0.006127762,0.048469766,0.752869609,0.954020102
GNG2,750.5593605,0.004848008,0.050277974,0.752996071,0.954020102
GSTM1,150.2805802,-0.004402529,0.050586766,0.752888496,0.954020102
LACTB2,671.1836471,-0.006661388,0.045671949,0.752105259,0.954020102
LYRM2,1531.857387,-0.00683755,0.046915804,0.753050968,0.954020102
PRORSD1P,73.97926208,0.003526685,0.051395014,0.752340098,0.954020102
PTER,900.1791947,-0.006662663,0.046972596,0.752525956,0.954020102
PTPRM,1932.101279,0.008265163,0.041458848,0.752262847,0.954020102
RCN2,807.3917586,0.006728787,0.047279784,0.752569563,0.954020102
SYP,315.0426296,-0.006005502,0.0485852,0.753098934,0.954020102
TCFL5,212.2315681,-0.005430614,0.049474875,0.752779537,0.954020102
TFAP2C,83.67538521,-0.00388304,0.05110706,0.752894397,0.954020102
AP2S1,7131.903026,0.00828745,0.043241195,0.754082673,0.954022927
ATL1,252.3614051,-0.005176749,0.049756465,0.754723501,0.954022927
CACYBP,1568.11564,0.006247167,0.046220004,0.753524825,0.954022927
CCNY,2556.792969,-0.007705151,0.044303709,0.754448273,0.954022927
CSRNP1,519.549577,-0.00674015,0.047004294,0.753792975,0.954022927
DNAH14,95.52039139,-0.003573277,0.051297723,0.754876595,0.954022927
EIF4EBP3,204.9628599,-0.004850986,0.050133115,0.755086179,0.954022927
ERCC8,343.944047,-0.006492339,0.047636405,0.753806307,0.954022927
FBXW2,1907.630939,0.008071281,0.042320199,0.753843594,0.954022927
GIMAP1,1219.356896,-0.006224621,0.047477687,0.755032671,0.954022927
HMGCR,1520.940962,0.006351464,0.048119067,0.753720647,0.954022927
NCL,13483.10767,0.007845085,0.043103454,0.754853653,0.954022927
NOXA1,709.6270262,0.005876443,0.048844283,0.753313299,0.954022927
PDK1,443.6080056,0.005764391,0.04879972,0.754377893,0.954022927
PPP4C,3771.921643,0.007505342,0.04378925,0.753518104,0.954022927
PPP6R3,1920.263754,-0.006500754,0.047813479,0.753641288,0.954022927
PSMD13,2432.391432,0.007888419,0.042565461,0.753872785,0.954022927
RANGRF,562.9510618,0.005801431,0.046822091,0.755012687,0.954022927
RTN4IP1,250.5285485,-0.004972621,0.049960827,0.754753978,0.954022927
SERTAD1,745.5992758,-0.006369141,0.047247397,0.755153551,0.954022927
SPATA33,169.8541057,-0.004628794,0.05037731,0.754992355,0.954022927
STARD10,672.4725741,0.005909375,0.048776246,0.754692774,0.954022927
TBC1D2B,3781.071073,-0.008086928,0.040769438,0.754688793,0.954022927
TFB1M,295.2719704,-0.003692685,0.050514597,0.754108673,0.954022927
TFPT,697.2976543,-0.006967583,0.046633728,0.75475118,0.954022927
TMEM127,3073.100722,-0.007975948,0.041660884,0.755196437,0.954022927
TTC9,78.80944053,0.0040537,0.050987831,0.754118904,0.954022927
ZNF704,312.4465391,-0.004451284,0.05057239,0.754243283,0.954022927
DHX15,2465.810012,0.007651936,0.045198863,0.755601718,0.954051453
EI24,2013.470095,0.007974372,0.044884409,0.756225022,0.954051453
HSPB8,69.03583949,-0.003630008,0.051239233,0.756304287,0.954051453
INPP5F,781.6881151,0.00695603,0.046873208,0.755670493,0.954051453
INTS5,746.0109724,0.005783954,0.048516181,0.756160076,0.954051453
NBPF15,744.2214749,-0.006472229,0.047110101,0.756057368,0.954051453
RABL3,613.7522205,0.006962574,0.046402384,0.75634152,0.954051453
RASSF8,919.856114,-0.004911858,0.049695399,0.755476914,0.954051453
SETD3,2395.561356,-0.007695351,0.044171462,0.755390397,0.954051453
SNX32,59.98158491,-0.003296819,0.051580627,0.756203622,0.954051453
TGS1,498.135641,0.00613813,0.048240591,0.755829948,0.954051453
UHRF2,787.6009658,0.006818264,0.046271401,0.756012263,0.954051453
VAPA,3218.764721,-0.007919054,0.042833558,0.756244336,0.954051453
ZNF557,306.9494952,-0.006499197,0.047448408,0.756079711,0.954051453
ZNF682,51.04731952,0.002310753,0.05200638,0.755832694,0.954051453
ACP1,2002.520007,-0.007539434,0.042338456,0.756684603,0.954082173
DYRK1A,1552.207928,0.00744119,0.044842276,0.756740053,0.954082173
FKBP11,360.788525,-0.006009656,0.048426334,0.756492844,0.954082173
TMEM256,362.1732854,-0.005312137,0.049502621,0.756676539,0.954082173
TSTD3,211.8384762,-0.005105314,0.049780661,0.756685073,0.954082173
FAR2,1157.950656,0.007338827,0.045235358,0.756890422,0.954091473
RBM45,261.3326923,0.006492202,0.048663606,0.756897102,0.954091473
ACTR2,24729.62816,-0.007659557,0.04320272,0.757976515,0.954099753
CCDC30,193.7473684,0.004451998,0.050390169,0.757222523,0.954099753
CFAP418,67.72493358,0.003570522,0.051305975,0.758212877,0.954099753
GADD45A,315.1587471,0.00537712,0.049127462,0.757695049,0.954099753
GORASP1,1662.26782,0.007922989,0.042392609,0.757182502,0.954099753
MRPL28,1193.945832,-0.007208761,0.04535227,0.75729363,0.954099753
MRPL58,415.8006863,0.006035317,0.048385379,0.757004742,0.954099753
PRDX6,3079.464548,-0.007239526,0.044910009,0.758164214,0.954099753
PSMA3,1801.408145,0.007012101,0.047143304,0.757475745,0.954099753
RNF8,429.3125839,0.006070431,0.048186616,0.757509351,0.954099753
RRAGA,1427.064575,0.007294101,0.045258516,0.758190597,0.954099753
SEC23B,2024.946714,0.007731508,0.044473108,0.758281925,0.954099753
SIGLEC5,669.8530023,0.006007159,0.048941733,0.758309391,0.954099753
SND1,7776.452462,-0.007704484,0.042836721,0.758325578,0.954099753
TMEM102,840.0325559,-0.006580931,0.047297982,0.758318766,0.954099753
TMEM51,2344.31347,-0.007621173,0.044166476,0.757544507,0.954099753
TOGARAM1,638.8200209,-0.005854362,0.048335778,0.757056082,0.954099753
TYW3,630.4696907,0.006188582,0.04810521,0.757809483,0.954099753
ZCCHC10,506.3951521,-0.006302925,0.047699952,0.758099406,0.954099753
GNB5,222.5302509,0.005371483,0.049603868,0.758929127,0.954388187
PPP3CA,1951.96526,-0.007113304,0.044888424,0.758824984,0.954388187
RELL1,251.0565472,-0.005308252,0.049403587,0.758912686,0.954388187
ZKSCAN8,1020.398782,-0.006100402,0.04812471,0.758791255,0.954388187
ZNF664,2812.915266,-0.008014093,0.042958101,0.758661994,0.954388187
RPL26L1,422.222042,0.005896823,0.048382707,0.759100164,0.954509123
BAHD1,1459.57587,0.005489585,0.046728303,0.75975236,0.954681414
CNBP,8030.15894,-0.008150608,0.042131495,0.759658174,0.954681414
DCLRE1C,762.7251826,-0.006969624,0.04665128,0.759938797,0.954681414
IL1R1,144.2405745,-0.003551942,0.051228874,0.760005687,0.954681414
MPG,1213.432061,0.006165083,0.047872975,0.759530933,0.954681414
MPP3,43.26556502,-0.002149973,0.052046635,0.759637042,0.954681414
NPIPA6,1043.150912,-0.006196343,0.047800568,0.760060895,0.954681414
OPRD1,60.42935082,-0.003336865,0.051413005,0.759829481,0.954681414
RAB3IP,147.1221215,0.003276547,0.051485652,0.759543219,0.954681414
SPMIP4,245.2733183,0.004292195,0.050660765,0.760029053,0.954681414
WDR53,197.6541215,-0.005287705,0.049224201,0.759787559,0.954681414
SLC2A9,513.2431959,0.007458904,0.047157187,0.760291646,0.954689076
SPAG16,104.420382,-0.004142413,0.050753358,0.760144013,0.954689076
SRPK3,42.68054691,0.002150223,0.052057283,0.760246434,0.954689076
CRIP2,41.2288511,0.002560022,0.051881044,0.760783982,0.95475086
GORASP2,1832.425778,0.006889434,0.044075607,0.760705916,0.95475086
IQCK,138.9434989,0.004622858,0.050316698,0.760756874,0.95475086
MACC1,616.9623825,0.006150856,0.048205679,0.760854344,0.95475086
PRICKLE3,447.5130829,0.004866274,0.049998133,0.760570713,0.95475086
RTEL1-TNFRSF6B,382.0024026,0.005593482,0.049003633,0.760939955,0.95475086
SH3GLB2,1614.479083,-0.00689251,0.045916386,0.760887205,0.95475086
TMEM208,845.7588076,0.007089253,0.046297207,0.760886515,0.95475086
VPS33A,1421.410745,0.006990433,0.046105829,0.761129484,0.954894685
CRISPLD2,33.80981357,-0.002394688,0.051934996,0.761366945,0.955004642
EPS15L1,940.4283069,-0.006413824,0.047076814,0.761294606,0.955004642
NAA38,698.3822826,0.00670563,0.046757296,0.761452701,0.955018247
ABCC9,37.81655601,0.002809113,0.051745709,0.761665349,0.955060226
FAM76A,323.5223771,-0.0058128,0.048446346,0.761785822,0.955060226
ROBO1,278.4496019,0.003935014,0.051108692,0.76164903,0.955060226
ZNF177,32.47803402,-0.002307175,0.051967883,0.761759187,0.955060226
LIN7B,138.9680945,-0.004609324,0.050576363,0.761882037,0.955086932
CACUL1,3247.088579,-0.007627294,0.042436265,0.762240231,0.955306225
FKBP9,981.573849,-0.006337126,0.047147499,0.762199684,0.955306225
MBNL3,732.4041361,-0.005512058,0.049243971,0.762307003,0.955306225
PABIR1,641.7675787,-0.006908415,0.045656839,0.762741235,0.955306225
PPIC,1045.219242,0.005543034,0.04599175,0.762565206,0.955306225
PSD,202.4852623,0.00551901,0.049046384,0.76265148,0.955306225
PSMD12,1439.293522,0.006413565,0.047375692,0.76274827,0.955306225
SARDH,166.1477706,0.004883926,0.050601597,0.762806289,0.955306225
SDHAF3,154.6986168,0.004429275,0.050465623,0.762740822,0.955306225
WDR82,3559.732888,-0.007714836,0.039461937,0.762742148,0.955306225
IMMT,3387.111911,0.008233256,0.042899843,0.763158894,0.955653937
ARRB2,10001.4904,-0.007358813,0.045258973,0.76323841,0.955659643
HINT3,1567.929506,-0.006697477,0.046416023,0.763410667,0.955660588
TMEM185A,875.7584104,0.007394538,0.043836831,0.763344537,0.955660588
ZNF131,711.1824497,0.007046297,0.04500879,0.763464043,0.955660588
PLA2G12A,454.4592527,-0.003880227,0.051022875,0.763568764,0.955697838
SH3TC2,32.09515632,0.002208436,0.052054433,0.763644363,0.955698634
FHIP2A,785.3022814,-0.005639931,0.049246538,0.763989666,0.95585436
GNS,13944.69767,-0.006594373,0.046064973,0.764068694,0.95585436
MYL6,17529.5169,-0.004070955,0.040199769,0.764026128,0.95585436
RAB6A,4731.994293,0.00784268,0.040312506,0.763913895,0.95585436
CENPT,1194.755951,0.007352576,0.046793643,0.765138874,0.95609789
CEP20,571.2223221,-0.005606308,0.048421928,0.764488898,0.95609789
FBLN2,33.91140635,0.002391071,0.051932188,0.764799166,0.95609789
LRR1,294.5208605,0.005255519,0.049274158,0.764844229,0.95609789
MRPS31,316.1354945,0.005954219,0.048183456,0.764963811,0.95609789
NBPF10,847.1698294,-0.006566436,0.046473166,0.765163289,0.95609789
NETO2,679.2713255,0.004798797,0.049616028,0.764818132,0.95609789
R3HCC1,540.2006248,-0.005967501,0.04757774,0.764605084,0.95609789
RPL10P9,290.6796759,0.005061039,0.049645135,0.764961605,0.95609789
USP28,569.9916552,0.006271058,0.047593815,0.765121999,0.95609789
USP36,1782.423252,0.007649152,0.042727727,0.764370205,0.95609789
VARS2,813.4041122,0.006856781,0.046204638,0.764745841,0.95609789
FCN1,93.36368647,0.004041381,0.050798015,0.765255059,0.956118851
MRPL51,1521.873615,-0.006973301,0.045198343,0.765487766,0.956315878
C1orf174,856.6697518,-0.006659359,0.04531454,0.765719371,0.956417779
CARD8,1615.737599,0.007279196,0.045579736,0.765703371,0.956417779
UBE2CP5,43.19063393,-0.002809727,0.051686384,0.765940143,0.956599813
AKAP17A,2426.351955,0.007020842,0.045125281,0.76659008,0.956656725
CARD14,478.0569727,-0.005851667,0.048247374,0.76656016,0.956656725
CLN6,3223.429074,0.007478371,0.042240103,0.766278495,0.956656725
CLPB,1376.025811,0.006325915,0.047261245,0.766533407,0.956656725
CMAS,1286.873842,-0.006881312,0.04550128,0.766661052,0.956656725
EIF3A,12940.9088,-0.008896698,0.036896724,0.766523874,0.956656725
LACC1,2848.404409,0.003869849,0.049016928,0.766136514,0.956656725
PSMB2,3054.804796,0.006507721,0.046756454,0.766271518,0.956656725
ZNF461,149.4566127,0.003258421,0.050966809,0.766330053,0.956656725
EIF2AK2,4686.116724,0.005382819,0.049368708,0.766915282,0.956880302
ABHD10,840.7383539,0.006828469,0.045408805,0.767159274,0.956976472
ABI2,700.4749802,-0.005394137,0.048937166,0.768191738,0.956976472
ARHGAP11A-SCG5,43.46772447,-0.002513681,0.051840829,0.767461174,0.956976472
BTRC,602.0489477,0.005338578,0.049339449,0.767493089,0.956976472
CINP,641.2478749,-0.006078845,0.047641319,0.767875752,0.956976472
CLSTN2,34.81064227,-0.002147371,0.05201729,0.76818216,0.956976472
EPHA7,67.9012722,-0.003150013,0.051444326,0.768561823,0.956976472
H2BC26,36.38488213,-0.001949068,0.052092418,0.76822121,0.956976472
HPS1,5102.678448,0.007118267,0.044538684,0.767918272,0.956976472
LHFPL2,13354.46778,0.007276691,0.040417889,0.768543771,0.956976472
PDE9A,317.1534539,-0.005587206,0.048588979,0.768626856,0.956976472
RNF216,1906.518393,0.006949599,0.044002092,0.768533034,0.956976472
RPS6KA1,11816.29383,-0.007400659,0.042458168,0.76786067,0.956976472
SCAI,164.0134308,0.003618863,0.051111185,0.768527717,0.956976472
SELENOH,1858.137225,-0.006885274,0.045346207,0.767767079,0.956976472
STPG1,167.081012,0.004980199,0.049632188,0.767559812,0.956976472
TFCP2,1028.990385,-0.006998657,0.045345296,0.768718149,0.956976472
TRIM61,86.49913229,-0.00386729,0.050857051,0.767117972,0.956976472
TRPM2,2587.010208,-0.004454239,0.047765202,0.768225959,0.956976472
TSSK3,33.19666009,0.002387503,0.051922591,0.768718805,0.956976472
VAMP7,1204.54137,-0.006861058,0.045199506,0.768538989,0.956976472
ZNF225,211.8052357,-0.004164079,0.050494585,0.767837047,0.956976472
ZNF419,198.8592318,-0.004763778,0.049984989,0.768375177,0.956976472
ARHGAP9,2817.410334,0.006940745,0.045544762,0.768883231,0.957050286
CC2D2B,48.01915043,-0.002386333,0.051886361,0.770245217,0.957050286
CLEC11A,3168.914156,-0.006234821,0.04701185,0.77001332,0.957050286
ELP4,304.2592791,0.005011571,0.0495641,0.769446031,0.957050286
IRGQ,869.8665951,0.007171036,0.044497713,0.769107513,0.957050286
KLHL3,111.2761086,0.00251452,0.051835767,0.770279472,0.957050286
LILRA2,145.984835,0.004240712,0.05049482,0.769913888,0.957050286
LIMS2,35.10833179,-0.002290683,0.051972923,0.769487089,0.957050286
MAPKAPK5,1479.104552,0.006940919,0.044719478,0.76973194,0.957050286
MDM1,318.8882223,0.004370014,0.050387228,0.769835472,0.957050286
OR2A20P,46.22454301,0.002958461,0.051585132,0.770127365,0.957050286
OR2A9P,46.22454301,0.002958461,0.051585132,0.770127365,0.957050286
PSMG4,277.4315005,0.005078259,0.049428386,0.77018834,0.957050286
SLC25A32,617.3361712,-0.014671933,0.048425447,0.769375506,0.957050286
SPCS2,2246.005277,-0.006559212,0.045812651,0.769299913,0.957050286
TMEM63C,143.2238942,0.003869478,0.050640843,0.769944324,0.957050286
TNFRSF10D,570.9203373,-0.006836912,0.045490706,0.769735994,0.957050286
TREM1,113.9114345,0.002826842,0.05167203,0.769040913,0.957050286
ZBTB3,112.4291618,-0.00400143,0.05074863,0.770132518,0.957050286
ZNF207,5064.860229,-0.007712153,0.039564216,0.769596205,0.957050286
BSDC1,2073.528225,-0.006389973,0.046537695,0.770508661,0.957086316
CDK10,1288.113377,-0.00669415,0.045666803,0.770487782,0.957086316
MTUS1,1679.22473,-0.006805318,0.046367238,0.770533685,0.957086316
ERICH1,652.9591483,-0.006358095,0.046625813,0.770926044,0.957283836
MBP,3004.213122,-0.005948577,0.047085586,0.770852622,0.957283836
SIVA1,716.1188209,-0.005578948,0.046736064,0.770993053,0.957283836
SUGT1,1211.98841,-0.006944937,0.044650807,0.770897364,0.957283836
ATP9B,1916.447705,-0.006170412,0.046196555,0.771459062,0.957403008
CEP68,402.2093594,-0.004874006,0.04955171,0.771209777,0.957403008
CHCHD5,616.0866473,0.005174872,0.048553599,0.771325737,0.957403008
EIF1AX,1747.55199,0.007021806,0.046638392,0.771410277,0.957403008
GAK,6035.156024,0.006638079,0.044119972,0.771464515,0.957403008
HIPK3,3822.479064,-0.006491815,0.046062527,0.771666282,0.957489601
WASL,641.6062573,-0.006045484,0.046538468,0.771684497,0.957489601
FZD5,480.8503277,-0.006002457,0.047198518,0.771943502,0.957544528
GDPD3,39.29319844,0.002341137,0.051912334,0.772046393,0.957544528
HAUS8,443.424138,-0.006892906,0.047340271,0.77203946,0.957544528
MFSD14A,1333.065694,-0.007106204,0.043411188,0.772104302,0.957544528
VCF2,102.3305472,-0.003569272,0.051029669,0.771817143,0.957544528
DHTKD1,734.1582088,0.005745058,0.045384121,0.772209589,0.957581952
ANKRD13D,1764.263956,0.005109516,0.048206905,0.773776191,0.957662376
ARPC4-TTLL3,82.4486417,-0.003086357,0.05155199,0.773110111,0.957662376
CASP4,1894.011375,-0.00721116,0.041664783,0.773352262,0.957662376
CHST13,107.0947186,0.003731774,0.050935381,0.77354057,0.957662376
COL6A3,338.93588,-0.00502261,0.049222653,0.773776777,0.957662376
DENND5B,764.0125175,-0.005284238,0.048600713,0.773746269,0.957662376
EIF2B2,787.2624726,-0.006561521,0.045079795,0.773769761,0.957662376
ENOSF1,2702.498783,0.006813556,0.045193305,0.772520314,0.957662376
GPR75,100.670062,-0.00407427,0.050545878,0.773634116,0.957662376
IDH3G,2275.116968,0.00732963,0.041726895,0.772740141,0.957662376
KIAA0753,438.1995999,-0.006243353,0.046863756,0.772624207,0.957662376
MRPL40,637.2076204,-0.006948108,0.046690249,0.773755786,0.957662376
MTMR12,1112.130169,0.0059906,0.043881239,0.773476753,0.957662376
PTPN23,2766.32508,0.004857374,0.047166129,0.772554868,0.957662376
RTF1,2056.227624,-0.006038196,0.045798152,0.773478364,0.957662376
SARM1,173.0527724,-0.003439109,0.051165537,0.772786999,0.957662376
SLC4A11,386.3652019,-0.004981406,0.049418765,0.772448469,0.957662376
TRAPPC13,545.1177588,0.005186856,0.048859994,0.773750208,0.957662376
USP43,32.63826147,-0.002248578,0.051934181,0.773412919,0.957662376
WASF1,85.22926392,0.003686908,0.050983664,0.773372706,0.957662376
APOBEC3F,184.7930541,-0.004714344,0.049616576,0.773863998,0.957677355
WBP11,2369.256239,-0.006436272,0.04610069,0.774185359,0.957982058
HAUS2,971.0781258,0.006545752,0.045941555,0.774281363,0.958007871
EXOSC2,547.3273708,0.005415854,0.048684464,0.774549935,0.958247174
ATP1B3,6846.168348,0.006301677,0.045233262,0.774817069,0.958250535
ATP5MJ,1142.253018,-0.006220493,0.046472135,0.774726875,0.958250535
DIP2C,1087.481887,-0.005428578,0.047695465,0.774853303,0.958250535
KCTD7,871.1395852,-0.006861693,0.04528368,0.774690546,0.958250535
ATXN7L2,208.8159582,-0.004272099,0.050527583,0.774980332,0.95831467
CDC42SE2,1334.858441,0.00655648,0.045846414,0.775309777,0.958377648
GPR89A,384.1661223,0.005404181,0.048644079,0.775315251,0.958377648
OSBPL2,1361.053146,-0.005979786,0.044453225,0.775331953,0.958377648
PMVK,752.0388511,0.006373508,0.045540593,0.775267873,0.958377648
ATP6V1C1,4471.249917,0.007005652,0.044531705,0.77636311,0.958444203
CHRM3,42.70598272,0.002460417,0.051829331,0.775851157,0.958444203
DEPDC1,251.7762545,-0.00382787,0.050745781,0.776263711,0.958444203
GJC1,59.85330803,0.002442557,0.051835539,0.775765116,0.958444203
KAT2B,822.148573,-0.00594758,0.046826964,0.776234692,0.958444203
NDUFB4,1414.79604,-0.006240254,0.046111282,0.776000168,0.958444203
PRKCSH,7163.151452,-0.005741176,0.046601533,0.775956601,0.958444203
RCCD1,617.1901964,0.006191466,0.046819622,0.775853847,0.958444203
SEMA5A,32.18956058,-0.002097681,0.051994895,0.77569714,0.958444203
TF,675.074899,-0.005475553,0.048380168,0.776345609,0.958444203
TMEM69,718.2552684,0.005912357,0.046021335,0.775968832,0.958444203
XPR1,1611.359931,0.006753136,0.04539039,0.775577248,0.958444203
ZNF718,102.509518,0.003952555,0.050635106,0.776078666,0.958444203
SMG1,4799.687174,-0.005035508,0.045978451,0.776536707,0.958565692
DDX27,1555.157328,-0.007162538,0.042338018,0.777142534,0.958957674
KIAA0586,496.1820693,0.005020982,0.049277903,0.777230343,0.958957674
MAPT,38.15123061,-0.00259226,0.051742137,0.777049014,0.958957674
PITRM1,1985.960135,0.007337884,0.045017304,0.776939991,0.958957674
TMUB2,1656.131871,-0.009253448,0.045748797,0.777212389,0.958957674
CNOT8,1615.241403,0.010211731,0.04160081,0.777482631,0.959176124
ROCK1,4052.504682,-0.001390543,0.044744425,0.777634963,0.959271228
AGPAT4,3016.017054,-0.007384053,0.04307595,0.778535172,0.959430022
BLOC1S3,855.0713241,0.006135166,0.046852261,0.778591498,0.959430022
C1orf167,43.3767439,-0.00089471,0.052384484,0.778150669,0.959430022
CSNK1D,6592.596381,0.006045162,0.047166497,0.778216256,0.959430022
EPHX2,34.86984483,-0.00226272,0.051910484,0.778564956,0.959430022
FCRLA,143.1988044,0.003583389,0.050792466,0.778507135,0.959430022
HPRT1,544.5783187,-0.004754153,0.049558295,0.778033069,0.959430022
LITAF,9875.893554,0.007492904,0.03636845,0.778395514,0.959430022
MRPL10,1168.612916,-0.005854039,0.047201448,0.777913213,0.959430022
OTUD7B,516.3331544,-0.005158557,0.048927456,0.778263062,0.959430022
TCP1,2756.83755,0.006609464,0.043579052,0.778358146,0.959430022
MT-ND2,109131.7357,-0.006361433,0.042267746,0.778748395,0.959530616
COX19,679.4567614,0.005304195,0.048600468,0.779071486,0.959594081
DLST,3382.641075,0.00738275,0.039134821,0.778953196,0.959594081
KCNA10,42.07585539,0.002900115,0.051529834,0.778972473,0.959594081
LBX2,148.6418699,-0.003409901,0.051093457,0.779100975,0.959594081
AKAP8L,2256.931753,-0.007213822,0.045434336,0.779632332,0.959695384
AMH,36.71854111,-0.00216959,0.051936611,0.779692404,0.959695384
C10orf88,218.9006405,0.004227131,0.050341504,0.779823812,0.959695384
CTNNB1,11935.10273,0.015133689,0.041508984,0.779430792,0.959695384
FLYWCH1,1176.55355,0.005814315,0.047724272,0.779848858,0.959695384
GUCD1,3910.890799,0.006461772,0.044440881,0.779860709,0.959695384
MND1,59.27433296,0.002869283,0.051546149,0.779739097,0.959695384
PARP4,5954.574827,-0.006639618,0.044854895,0.779788534,0.959695384
TFCP2L1,531.5474721,-0.003703267,0.050085052,0.779285724,0.959695384
HLTF,630.4340651,-0.005520436,0.048093904,0.780058613,0.959753643
PDCL3,424.3775054,0.00528209,0.048380311,0.780058338,0.959753643
DSP,91.2611429,0.002693263,0.051656133,0.780166061,0.959757501
ORC3,431.1978245,0.003104403,0.048440661,0.780287591,0.959757501
SWT1,207.6667404,-0.004642655,0.049746403,0.780247569,0.959757501
ANKS6,288.5465484,0.004528953,0.049884165,0.780462139,0.959872876
ARHGAP29,56.22757638,-0.002686194,0.051612493,0.782048718,0.959872876
C2orf50,35.49566574,-0.002393463,0.051807807,0.780969391,0.959872876
DHRS12,200.0012423,0.005285147,0.049881853,0.781357068,0.959872876
DNAJA4,173.4805082,0.004411788,0.049971709,0.78133461,0.959872876
EFEMP2,129.3109782,0.003185342,0.051224836,0.782537173,0.959872876
ENTPD7,419.2944889,0.004271023,0.050391126,0.781275706,0.959872876
IL21R,911.9714718,-0.005191093,0.047966044,0.781489615,0.959872876
LINGO3,121.2359375,-0.003383042,0.051031246,0.781730404,0.959872876
NOL10,632.2886384,0.00589206,0.04539051,0.782564803,0.959872876
NPAT,597.2915383,-0.005435198,0.047906466,0.78134905,0.959872876
PAK1IP1,434.2243025,0.005305914,0.048538314,0.781901645,0.959872876
PDCD10,1247.220842,-0.0057082,0.047085595,0.781248382,0.959872876
PHKG2,1108.882,-0.006351257,0.045229689,0.782032893,0.959872876
PLRG1,1225.732022,-0.005363353,0.048373133,0.780932105,0.959872876
RPL36,4263.952844,-0.006543578,0.045248139,0.781368711,0.959872876
RPS28,6394.221459,-0.006446452,0.045323282,0.782222771,0.959872876
SEC63,3061.5532,-0.006543585,0.044660913,0.782152118,0.959872876
SERHL2,42.88146939,-0.002340661,0.05182959,0.782193441,0.959872876
SKAP2,2563.166478,0.006004377,0.045668932,0.781846981,0.959872876
SOX4,735.8906454,0.006505291,0.04480431,0.782509677,0.959872876
TM9SF1,2119.763806,0.007009725,0.04264282,0.781399782,0.959872876
TSPAN6,248.2698562,-0.004863727,0.049274163,0.781845355,0.959872876
UBE2E3,842.7178508,-0.008419842,0.046525337,0.780793737,0.959872876
VEZF1,1210.982342,-0.00601483,0.046892795,0.780795613,0.959872876
ZMYM4,1540.747924,-0.005707867,0.047578261,0.781243942,0.959872876
ZNF75A,354.4135693,-0.004614058,0.049219623,0.782469982,0.959872876
ZNF880,94.89766312,0.003674189,0.050857273,0.782540534,0.959872876
ZSCAN32,346.731952,-0.00427605,0.050249785,0.782079871,0.959872876
SSR4,2836.846854,-0.00672688,0.044020418,0.782737745,0.959992642
BRIX1,475.6836292,-0.005722682,0.04749738,0.783165324,0.960157021
CDC42BPA,891.5723557,0.005364704,0.048213071,0.783074772,0.960157021
CHUK,1019.508136,-0.005448802,0.047730191,0.783096448,0.960157021
NAGS,37.59974417,-0.002439349,0.051768779,0.783173023,0.960157021
CXCL2,90.48114879,0.003142937,0.051320352,0.78328239,0.960198768
CEACAM19,63.83256082,0.003169089,0.051276717,0.783618079,0.96051792
ARMC10,918.3520188,-0.005425261,0.048012421,0.783811186,0.960574104
FAM72D,126.9011215,0.003223863,0.051219462,0.783814605,0.960574104
DDX11L2,109.5051145,0.003680027,0.05080993,0.7841193,0.960594349
HEXD,844.4073135,0.005337192,0.048449487,0.784132511,0.960594349
IFI27L1,148.8344874,-0.004200505,0.050153874,0.784085421,0.960594349
TECR,3998.034686,-0.005816148,0.046953873,0.784113997,0.960594349
ANKRD42,512.3368134,0.006074847,0.046412497,0.78422609,0.960616681
FBXO46,469.6143533,-0.005072211,0.047798126,0.784438593,0.960652016
GSKIP,553.7708892,-0.006061126,0.046339158,0.78448099,0.960652016
ZNF93,89.34180578,0.003326727,0.051141324,0.784351384,0.960652016
TAB3,989.2730194,-0.0046277,0.046397791,0.784588347,0.960691206
PPP2R2D,1052.920066,0.006592959,0.04440168,0.785122052,0.96125238
ACAA2,4824.216775,-0.006958371,0.04154702,0.787013795,0.961561237
AMIGO3,72.71448267,0.002148243,0.051846433,0.785931912,0.961561237
AP4M1,344.9451992,0.003583684,0.050810344,0.786920723,0.961561237
DCXR,716.7945415,0.00563824,0.047569396,0.786550263,0.961561237
GPBAR1,154.0288014,0.00382638,0.050531144,0.786779103,0.961561237
KDELR1,4068.052675,-0.007687814,0.041635167,0.786766834,0.961561237
LYSMD3,640.9740567,-0.004394637,0.049247936,0.78673329,0.961561237
MTIF3,685.8841789,-0.005688587,0.047192602,0.786443896,0.961561237
NKAP,757.4890978,-0.006469144,0.045503338,0.786123116,0.961561237
PPT2,517.609177,-0.005096779,0.048659123,0.785458616,0.961561237
QSER1,1212.080588,-0.005840236,0.046895944,0.786799817,0.961561237
RCC1,1377.517289,-0.006658811,0.04243389,0.78649906,0.961561237
RILP,746.0994966,-0.006076609,0.048234923,0.786455655,0.961561237
RNASE2,107.9496149,0.003439497,0.050987781,0.785827312,0.961561237
RSRC1,710.6227433,-0.005635767,0.046622488,0.786002164,0.961561237
SLC9A3,395.6910941,0.004298789,0.049984715,0.786413124,0.961561237
THAP5,453.2855378,-0.005316725,0.048223747,0.785556936,0.961561237
TMEM183BP,72.84174241,0.003446331,0.051177025,0.786316705,0.961561237
TRIP4,769.7193227,0.006253772,0.045433487,0.787033611,0.961561237
VAMP2,1364.350534,-0.006638692,0.045217116,0.786254089,0.961561237
ZNF284,122.4857809,0.00410756,0.050327855,0.78698778,0.961561237
ZSWIM7,520.0251043,-0.006145126,0.046213329,0.786518418,0.961561237
ATF2,1248.111823,-0.006319609,0.045301036,0.787308565,0.961620702
MARK1,54.04519578,0.00279063,0.051465346,0.787299441,0.961620702
SLC6A17,36.12147496,-0.002375844,0.051774334,0.78720127,0.961620702
DCAF6,1632.682817,-0.006941019,0.043766025,0.787650015,0.961669225
GTF2F1,3332.266173,-0.006411367,0.042683416,0.787524533,0.961669225
HCST,335.1750886,0.00485805,0.049379107,0.787498207,0.961669225
SLC25A4,476.4753045,0.005912229,0.046641697,0.787590882,0.961669225
APEX1,5413.810272,-0.006733381,0.039306722,0.787836922,0.961805317
CXCR5,137.8799549,-0.003914206,0.050615172,0.788186612,0.962114533
ZC2HC1C,70.82056726,0.003125041,0.051221845,0.788241141,0.962114533
ATXN7L1,446.7094391,-0.004655774,0.048991747,0.788368048,0.962177317
AZIN1,2968.424936,0.00628375,0.044884151,0.788751642,0.962184928
COL3A1,2095.555263,0.002665329,0.051628895,0.788519568,0.962184928
FSD2,55.04120043,-0.002551377,0.051627879,0.788555856,0.962184928
SPTAN1,8361.697203,0.006693846,0.044312781,0.788670437,0.962184928
VPS37B,1456.302924,-0.006072423,0.04607783,0.788703661,0.962184928
FBXW4,1113.830227,0.005962086,0.04500796,0.788922596,0.962209335
PRSS27,36.02048571,-0.002223022,0.051854091,0.788906871,0.962209335
METTL3,757.9715562,0.005440404,0.044845633,0.78906276,0.962288227
SDHA,4927.822218,-0.00773742,0.040252683,0.78917709,0.962335602
PSTK,120.2266162,-0.003561621,0.050764802,0.789275132,0.962363108
GGNBP2,2075.994777,0.006205259,0.043820609,0.789489741,0.962532725
POP5,421.6963565,0.00509958,0.047554239,0.789655795,0.962551079
TP73,32.52309698,-0.002006682,0.051967363,0.789612505,0.962551079
FLCN,2672.33632,0.002074357,0.046516886,0.789783437,0.962583745
PI4KB,2244.93514,0.000658236,0.04042264,0.789909102,0.962583745
SURF1,959.2701302,-0.006240224,0.04551551,0.789873214,0.962583745
C16orf86,67.83647067,-0.002932381,0.051358245,0.790240763,0.962661057
CRIP1,731.4519245,0.005833604,0.046659121,0.790118495,0.962661057
EDF1,4058.218439,0.0061489,0.042857758,0.790193689,0.962661057
POU2F1,1145.64058,-0.006138144,0.045560149,0.790350089,0.962661057
ULBP2,139.2823592,-0.003877513,0.050384863,0.790296906,0.962661057
ABCF1,3200.780207,0.006070088,0.044168284,0.793295234,0.962980085
ADCY3,4111.767199,-0.006221573,0.04493404,0.792639659,0.962980085
AGER,176.4652003,-0.004001189,0.050043006,0.793406762,0.962980085
ARL8A,3724.5248,0.006671455,0.044768919,0.793267061,0.962980085
C1orf21,286.7683746,0.003680808,0.050641404,0.791488317,0.962980085
CICP27,154.7613601,-0.004072746,0.05010909,0.792925457,0.962980085
CITED2,9014.767776,-0.00809722,0.044252792,0.792139393,0.962980085
CMTR1,2261.139637,0.005623841,0.046077584,0.791155785,0.962980085
CPLANE1,582.3800226,-0.005192514,0.04799702,0.792934052,0.962980085
DEPDC1B,195.2066926,-0.00388043,0.050254986,0.79238617,0.962980085
DNASE1L1,1883.086483,-0.006127655,0.044769947,0.793402506,0.962980085
DPH6,98.61812859,0.002685009,0.051495701,0.792814073,0.962980085
DYRK1B,475.8658712,0.004339262,0.048652891,0.792080932,0.962980085
FAM3A,889.699706,0.00540203,0.047768933,0.791558335,0.962980085
GFM2,614.5608868,0.005201328,0.048133396,0.792393423,0.962980085
HMOX1,8028.683607,-0.00547126,0.042844006,0.79248747,0.962980085
LMBR1L,1015.350031,-0.005744868,0.046067214,0.791861788,0.962980085
MTARC2,59.90674223,-0.002927569,0.051330592,0.791696781,0.962980085
NFRKB,788.0736662,-0.005717522,0.046078232,0.791229493,0.962980085
PAFAH2,1016.090267,-0.006219851,0.044839008,0.791850306,0.962980085
PES1,2056.78956,0.005953935,0.043927528,0.792887232,0.962980085
PIP4P2,304.7870189,0.005987657,0.049894033,0.791653797,0.962980085
PM20D2,460.2127159,0.005255734,0.047022658,0.791388821,0.962980085
RABL2A,430.2820711,-0.00580226,0.046553804,0.791977502,0.962980085
RBMXL1,280.8062831,-0.00399633,0.050124236,0.793290588,0.962980085
RNF213,27088.74702,-0.008579181,0.045577851,0.791985645,0.962980085
SKI,7033.6279,-0.005406411,0.047493485,0.792944658,0.962980085
SLC25A17,323.7070724,0.004300856,0.049486298,0.793188031,0.962980085
SLC25A24,3180.527778,-0.006254764,0.04517225,0.793233935,0.962980085
SPATA6L,60.18904526,0.002566723,0.051631084,0.791695864,0.962980085
SSUH2,39.1661495,0.002476424,0.051705475,0.793304376,0.962980085
STIL,361.2540339,0.004749392,0.049073707,0.792326869,0.962980085
TIMM23B,252.4980299,0.005080799,0.04877138,0.792828587,0.962980085
TMEM273,750.1764902,0.005302857,0.048001495,0.791485401,0.962980085
TRMT44,307.5438797,0.004841548,0.048981952,0.792152602,0.962980085
TUFT1,263.5484516,-0.004091362,0.05006835,0.792144996,0.962980085
ZFAT,382.6043714,-0.004078543,0.050034162,0.792864098,0.962980085
ADNP,2402.433984,0.006372256,0.043483563,0.796930006,0.962984461
BLVRA,1905.882769,0.006320504,0.043905633,0.794833541,0.962984461
C16orf95,118.2608184,-0.003927188,0.050172646,0.795754357,0.962984461
CHMP4B,6681.506031,0.006724349,0.038033382,0.79679809,0.962984461
CICP14,374.4082938,0.003864803,0.049515133,0.797080426,0.962984461
CTDP1,1533.454391,0.005029562,0.04609588,0.794451151,0.962984461
CUL2,1951.886213,-0.007171933,0.045138408,0.79400972,0.962984461
DCAF12,2149.657061,0.005707056,0.042637566,0.794343368,0.962984461
DENND1A,1484.809372,-0.005582205,0.046634754,0.79631858,0.962984461
DRAXIN,43.16829739,-0.002443309,0.051660169,0.795239002,0.962984461
DUSP23,834.7504732,-0.005799532,0.046311208,0.793827208,0.962984461
FBXO17,130.5000585,-0.003634095,0.050541596,0.796265117,0.962984461
FECH,2297.870457,0.006199844,0.042878734,0.794200356,0.962984461
FICD,287.4399377,-0.00393766,0.05015452,0.796477155,0.962984461
GLMN,154.0494698,-0.003979012,0.050155714,0.796750994,0.962984461
GLT8D1,769.6797045,-0.006170398,0.044585138,0.795433172,0.962984461
GPN2,960.89609,-0.004204412,0.049722578,0.795798282,0.962984461
HSD17B10,914.2362718,-0.005497763,0.045402397,0.794538544,0.962984461
IFNAR1,4706.990618,0.006072668,0.044653534,0.794683092,0.962984461
IL11RA,266.0311587,-0.004124203,0.04985624,0.795789379,0.962984461
INTS6L,397.3458373,-0.005146026,0.048067801,0.794234058,0.962984461
ITSN2,2871.983746,-0.005211479,0.046503611,0.796591148,0.962984461
LAMB2,3196.435851,-0.005262608,0.047342468,0.795107613,0.962984461
LGALSL,257.4158066,-0.003509228,0.050653684,0.796980789,0.962984461
LMLN,524.6336596,-0.004826179,0.04873429,0.794449647,0.962984461
LOX,314.0283887,-0.00167224,0.052100011,0.795587638,0.962984461
MARCHF1,2285.368112,0.005014111,0.048378712,0.796832077,0.962984461
MYNN,272.7144011,-0.004828835,0.0489286,0.795872974,0.962984461
NPIPB7,458.2368936,-0.004292411,0.049550971,0.796686266,0.962984461
PFN1P8,46.5826936,-0.002355169,0.05170282,0.79696577,0.962984461
PKD2,2037.081392,0.006167291,0.043343984,0.795431044,0.962984461
POLR2I,497.176136,0.004892341,0.04856787,0.797089044,0.962984461
PRKCZ,65.88657412,0.00285061,0.051243686,0.79711154,0.962984461
PRKD2,807.4918063,-0.004272262,0.049684484,0.795854847,0.962984461
PRPF40A,3053.700572,-0.005418555,0.045463714,0.795405075,0.962984461
RIOK1,582.0161397,-0.00554823,0.047050282,0.793791945,0.962984461
RNF14,1504.849233,-0.006455525,0.043136457,0.795145338,0.962984461
RPUSD3,821.1241477,-0.005921044,0.0455507,0.795944847,0.962984461
SLC25A46,2507.335809,0.005728698,0.042789204,0.794192445,0.962984461
SORD,659.5501925,0.005398135,0.04777301,0.795754182,0.962984461
SRR,183.396391,-0.003276708,0.050925081,0.796298757,0.962984461
URI1,1016.895639,0.005377933,0.046915737,0.79650036,0.962984461
UTP11,803.6629988,0.005280071,0.047431172,0.796602542,0.962984461
VPS26A,3067.046315,-0.005829968,0.046002676,0.795745303,0.962984461
WWTR1,218.3793278,0.000891047,0.050279533,0.796157848,0.962984461
YEATS4,428.2281669,0.006809616,0.047864706,0.7942275,0.962984461
ZNF619,175.9604992,0.003821058,0.050364589,0.795917763,0.962984461
ZNF778,229.3840253,0.001937228,0.051943677,0.794433857,0.962984461
ZNF8,257.441404,0.00485032,0.048766012,0.795629938,0.962984461
PTGIR,36.05519905,0.002081483,0.051891259,0.797268841,0.962991989
ZMPSTE24,2335.8796,-0.006360761,0.043732325,0.797232474,0.962991989
AP1AR,1256.051423,-0.00595318,0.045593715,0.797508431,0.963054645
CCDC18,429.4360531,-0.004040788,0.049786801,0.797403852,0.963054645
TPRKB,378.4954765,0.005107115,0.047703572,0.797547332,0.963054645
PQBP1,1470.914539,-0.005502376,0.046941897,0.797637762,0.963072623
SMARCB1,2154.155592,0.005713542,0.045937071,0.797904795,0.963303809
TRIM7,47.79458543,-0.002360573,0.051690318,0.798080453,0.963424647
CBX3,4155.8004,-0.006045937,0.044536426,0.798405445,0.963454484
DHRS7B,507.9231887,0.005600361,0.046533866,0.79862998,0.963454484
FAM13A,875.6086944,0.005073904,0.048097441,0.798489442,0.963454484
NKD1,32.61586967,0.00077586,0.052393054,0.798634167,0.963454484
PARD3,162.6111021,0.00364995,0.050396454,0.798455308,0.963454484
PPP1R9B,7567.84839,0.007361972,0.044234239,0.798228704,0.963454484
SKIC2,1221.401418,0.005127686,0.047864487,0.798543074,0.963454484
TELO2,1039.251403,0.005758894,0.046019248,0.79890924,0.963695137
EIF2AK1,3517.505206,0.006501569,0.043855809,0.799010149,0.963725675
DERL1,2783.28419,0.005881568,0.045513749,0.79947976,0.963836167
EPS8L2,41.86045784,0.002169853,0.051816192,0.799451542,0.963836167
METTL23,493.0076162,-0.005048026,0.047798734,0.799413643,0.963836167
PDRG1,643.7025304,0.006001027,0.045886752,0.799400873,0.963836167
ZNF439,42.45291326,0.001824847,0.052017522,0.799375402,0.963836167
ZNF43,164.1407306,0.003341219,0.05084003,0.799593767,0.963882464
LRP1,61991.41307,-0.005523235,0.046536878,0.799857239,0.96410891
DGKH,571.5453747,-0.003634459,0.050425334,0.800005023,0.96414155
TMEM186,272.7123345,0.004592609,0.048015225,0.800035568,0.96414155
ZNF615,200.0162769,-0.003526531,0.050554418,0.800411066,0.9645029
NDUFAF6,313.0165749,-0.004668154,0.048717877,0.800515165,0.964513146
SLC6A6,15963.90989,-0.006136601,0.043812827,0.800631152,0.964513146
WASHC4,4600.706083,-0.005615853,0.046454057,0.800646531,0.964513146
BBS5,567.5516869,-0.005106933,0.047627111,0.800885509,0.964548085
LRRC7,58.13828382,-0.002192663,0.051772659,0.800987356,0.964548085
POLR1E,345.7412113,-0.005127929,0.047901863,0.801071255,0.964548085
PPFIBP2,879.8940938,-0.005612217,0.046230374,0.801129475,0.964548085
RETREG1,48.77017637,-0.002635037,0.051452234,0.801046678,0.964548085
ZMYND11,2170.191402,-0.006408628,0.042086263,0.800791751,0.964548085
DAPK1,7375.207283,0.00485755,0.047124958,0.801208174,0.964551748
FBXL17,785.0847405,0.00499434,0.048130059,0.801413456,0.964707786
ALKBH2,153.6239197,-0.003285299,0.050168725,0.801827077,0.964994513
DIXDC1,561.2114501,-0.005277255,0.047217054,0.801835689,0.964994513
ETFBKMT,98.73599716,-0.002434455,0.051648984,0.802105801,0.964994513
IFNAR2,2405.143668,-0.006181372,0.043181661,0.802081995,0.964994513
PPIL2,1692.526557,0.005819555,0.045460064,0.802066562,0.964994513
RANBP6,555.3762247,0.004367769,0.049255228,0.8019205,0.964994513
BAG3,1195.736663,0.004992986,0.04814664,0.80234906,0.96504364
DNAJC27,153.2952009,0.00365418,0.050360356,0.802373722,0.96504364
EPHX1,1352.565722,-0.00537374,0.045980943,0.802288272,0.96504364
ARHGAP44,48.26861793,0.002136968,0.051820324,0.802990631,0.965055506
GFM1,1920.802165,0.005970572,0.043501678,0.802978454,0.965055506
HELZ,1919.129587,0.005233693,0.047816738,0.802863544,0.965055506
MANSC1,34.74107606,-0.001907074,0.051929852,0.802496178,0.965055506
NPTX2,81.78280829,0.002948296,0.051182431,0.802645124,0.965055506
PIK3C2B,1036.956359,-0.005493054,0.04644249,0.802876032,0.965055506
PLEKHG4,328.5555857,0.003874558,0.050107718,0.802758091,0.965055506
PRUNE2,629.3876626,-0.004698624,0.048602046,0.803064857,0.965055506
SUPT4H1,2312.25373,-0.005618318,0.046722443,0.802790866,0.965055506
SLC25A13,1299.471483,-0.005916678,0.044370964,0.803143413,0.965058942
GABPA,1345.972284,-0.005012604,0.047793631,0.803374527,0.965111468
RPF2,616.7331143,0.00508404,0.047857268,0.803296188,0.965111468
SLC12A9,1943.701805,-0.00649349,0.046069741,0.803414229,0.965111468
GPATCH2L,2464.641766,0.003203509,0.047133936,0.804280075,0.965920179
HIF3A,33.85979451,-0.002081758,0.05182014,0.80431474,0.965920179
MARCHF5,1179.011383,-0.00497707,0.047834084,0.804185759,0.965920179
PRRC2B,6545.846593,0.00579842,0.044624439,0.804410837,0.965944594
APEX2,1066.824287,-0.005853783,0.044665371,0.805345081,0.965974639
FIS1,2351.682504,0.004366323,0.046087607,0.80529161,0.965974639
ITSN1,1017.32097,-0.004583657,0.048646997,0.805038846,0.965974639
KDM4B,1493.178235,0.004924327,0.046026321,0.804835276,0.965974639
KLF15,242.010625,-0.003522094,0.050468886,0.804712123,0.965974639
MAGEF1,1008.1505,-0.005114929,0.043746113,0.80529177,0.965974639
OTUD3,205.0105062,-0.003425828,0.050636708,0.805094813,0.965974639
PHF2,978.842127,0.005806336,0.045404742,0.805189411,0.965974639
PIGF,256.6607451,-0.003838125,0.049705468,0.804968867,0.965974639
PPP1R3B,387.5602562,-0.005158357,0.047123974,0.805284377,0.965974639
THUMPD3,819.8930107,-0.004734537,0.047948646,0.804907286,0.965974639
ZBTB18,313.5836923,0.004186197,0.049559703,0.805098418,0.965974639
MTERF1,296.9013968,0.004467393,0.048842534,0.805563242,0.966090812
NABP1,4354.341594,0.005429666,0.04653855,0.805593491,0.966090812
LDHD,67.0417879,-0.002843248,0.051227467,0.805865692,0.96625879
SPA17,134.3347971,-0.002539749,0.051425515,0.805885145,0.96625879
SLC3A2,10772.54105,-0.005694333,0.045240225,0.806289985,0.966551984
TIMM8A,198.5941586,0.003853357,0.050037457,0.806366758,0.966551984
TSR2,1377.853778,0.002317285,0.043778527,0.806432932,0.966551984
VWA1,42.04262675,-0.002148317,0.05176172,0.806288846,0.966551984
NIPSNAP2,1713.194651,-0.006557686,0.046004557,0.806650124,0.966554626
PGGHG,439.728826,0.003847086,0.049993762,0.806543666,0.966554626
STK24,3175.880738,-0.00548238,0.045783827,0.806662579,0.966554626
DGUOK,660.1844231,0.00628795,0.046564184,0.806752984,0.966572107
CERS6,1801.927613,0.005557353,0.045204075,0.806865987,0.966594585
RPE,1386.173913,0.006074595,0.042087786,0.806923379,0.966594585
ADTRP,66.1645885,-0.002764194,0.051109247,0.807678657,0.966647775
COMMD1,568.3367018,-0.005188706,0.047026957,0.807505394,0.966647775
COX15,1323.958515,0.004798707,0.045119046,0.807086462,0.966647775
HNRNPA3,7660.535742,-0.006150234,0.04331144,0.807236278,0.966647775
HTD2,196.4836795,-0.003424578,0.050933337,0.807255917,0.966647775
NAA15,1315.558751,0.004535699,0.048071083,0.807636495,0.966647775
RCC1L,2470.709294,0.006047424,0.045867692,0.807801819,0.966647775
SHC2,262.7640965,-0.004248182,0.049219428,0.807327743,0.966647775
TMEM106A,1276.881654,0.005908185,0.044149534,0.807430539,0.966647775
TTC27,364.8508068,0.00497589,0.047606186,0.807790999,0.966647775
URB1,686.5615526,0.005865523,0.046064544,0.807789777,0.966647775
PLCB4,136.1719009,-0.003294176,0.050677305,0.807996166,0.966789594
HLA-C,33153.89177,0.004023671,0.043482578,0.808274331,0.967031667
LTB,50.18182002,0.002400409,0.05158767,0.808356627,0.967039377
TBC1D3L,508.1717481,0.004374288,0.049668734,0.808441723,0.967050434
JAZF1,383.1575311,0.004507607,0.048753198,0.808522517,0.967056344
AURKC,32.01420655,0.001991301,0.05187715,0.808830132,0.967300805
EEF1AKMT2,307.5528252,-0.004470405,0.048680476,0.808878648,0.967300805
ACADSB,545.136269,0.004059865,0.04913932,0.811384809,0.967301257
APC,1631.049207,-0.005018336,0.047873518,0.8108084,0.967301257
ATAD2,1007.929638,0.004537734,0.048519743,0.809372575,0.967301257
C1orf226,151.06175,0.00319249,0.050808289,0.80938756,0.967301257
CBX2,32.29059517,0.001798812,0.051974301,0.810789969,0.967301257
CEP76,243.5352153,-0.004348567,0.048908021,0.810163144,0.967301257
CRYBB2P1,130.539984,-0.003578244,0.050192537,0.811760126,0.967301257
DDX56,1350.040126,-0.006051961,0.044232393,0.810776543,0.967301257
GEMIN8,247.8471178,0.004778366,0.049711576,0.810819865,0.967301257
GLIS3,85.2641874,-0.002058973,0.051805982,0.81042901,0.967301257
GTPBP6,1730.608633,0.007326858,0.044212908,0.8109786,0.967301257
HNRNPC,12116.2496,-0.008730081,0.038041264,0.81091826,0.967301257
KRT10,842.3668074,0.005686802,0.045100272,0.809165559,0.967301257
LTB4R,920.0097153,-0.004347216,0.048363176,0.809100732,0.967301257
MAST1,32.37112472,0.001740731,0.052002,0.811838062,0.967301257
MERTK,5714.329938,-0.005693382,0.044021131,0.811691127,0.967301257
MLKL,1392.902419,0.004937992,0.046167462,0.809280842,0.967301257
NCKAP1,480.1219745,0.003797962,0.047805612,0.811073998,0.967301257
NUS1,3143.589482,-0.005640704,0.044577448,0.811081553,0.967301257
PARP12,4569.318777,-0.005429895,0.043022137,0.811724172,0.967301257
PC,2353.67546,-0.005314909,0.045710208,0.81063448,0.967301257
POLI,450.3888791,-0.004067557,0.049129942,0.811728861,0.967301257
PPP1R7,1879.054057,0.005358796,0.04388546,0.810698318,0.967301257
RPS6KA3,3713.651432,-0.00025686,0.0462182,0.810922631,0.967301257
SERINC3,4887.550574,-0.00822288,0.04377916,0.81125608,0.967301257
SLC25A33,386.6423753,0.005031163,0.047341966,0.810595358,0.967301257
SLCO4C1,37.14969087,-0.002239497,0.051664057,0.810382942,0.967301257
SSR3,2951.290134,-0.006622306,0.045540535,0.81013808,0.967301257
STX16,3846.83586,-0.006282451,0.041135603,0.811489788,0.967301257
TAB1,1090.77454,0.00500812,0.047286147,0.810024695,0.967301257
TBC1D8,1284.853905,0.005803572,0.042652351,0.810318628,0.967301257
TMOD2,582.2556488,-0.005083406,0.047241329,0.80970464,0.967301257
UQCC2,656.7910714,0.004961858,0.047699512,0.808967271,0.967301257
USPL1,700.9476809,-0.005020401,0.047940533,0.811826993,0.967301257
VBP1,737.8861155,-0.004874825,0.047617404,0.810640907,0.967301257
XPO7,2308.186173,-0.003629051,0.044192268,0.811752421,0.967301257
YARS2,915.2643204,-0.005839833,0.045192736,0.809968655,0.967301257
ZNF121,469.8200623,-0.005421997,0.046372756,0.810602355,0.967301257
ZNF713,94.46234922,-0.002674961,0.051300755,0.809641349,0.967301257
CHRNB1,214.2113366,0.00411124,0.049600266,0.812405484,0.967886882
CAB39,3415.720991,-0.007585925,0.045059312,0.812637146,0.968072414
ITGA7,198.6442055,-0.004007202,0.049840829,0.812722489,0.968083622
PLXNA3,2933.442221,-0.005110141,0.048027706,0.812940756,0.968253148
KMT2E,2558.689782,0.005304561,0.046105111,0.813017888,0.968254559
DEF8,3028.65306,0.005273039,0.043655689,0.813493571,0.968290962
DOCK10,5814.638979,-0.006044945,0.04228833,0.81323123,0.968290962
FBXL5,1947.27616,-0.006155575,0.043029103,0.813376938,0.968290962
GAPVD1,2365.910449,-0.00586271,0.043935585,0.813504157,0.968290962
GPD1L,372.8508784,0.004486913,0.048537699,0.813413951,0.968290962
ZNF660,52.9866026,-0.002062199,0.051754089,0.813158054,0.968290962
B4GALT3,1009.382722,-0.004870953,0.047375506,0.813688592,0.968420076
GLI4,380.9215597,-0.003700391,0.049844608,0.813780866,0.96843949
ZNF818P,66.61919012,0.002669996,0.05127436,0.81413272,0.968767785
FPGT-TNNI3K,68.09783574,0.000907508,0.052349926,0.814254902,0.968822748
G2E3,371.5595665,-0.003973326,0.04936698,0.814539029,0.968980169
PPM1K,1445.831445,-0.004647335,0.048191224,0.814615221,0.968980169
RPL3,25435.96699,-0.005974088,0.04145742,0.814546618,0.968980169
CERS1,82.63361245,0.002903573,0.051033187,0.814755855,0.969057038
ARHGAP11A,669.6117418,0.001735582,0.052041451,0.816869161,0.969059859
B9D2,213.7817671,-0.004105869,0.048763825,0.816027448,0.969059859
BRD2,7138.651246,0.006107642,0.040972564,0.815505947,0.969059859
CCNJL,35.00895933,-0.00187717,0.051848776,0.815298018,0.969059859
CNNM3,875.5717114,0.004729293,0.047785224,0.815627921,0.969059859
COMMD7,1920.465703,-0.005642951,0.043922558,0.816018669,0.969059859
DCAF11,2587.937419,0.005234143,0.04515661,0.816947795,0.969059859
FSD1L,233.4677577,0.003897114,0.049727825,0.81672211,0.969059859
GMEB1,696.531318,-0.005147038,0.046334295,0.815201078,0.969059859
GTF3C6,1410.154999,0.00503172,0.04665084,0.81655978,0.969059859
LDLRAP1,1105.460899,0.00460291,0.047526391,0.816772645,0.969059859
MAPK3,1449.123603,-0.004485032,0.048100932,0.815342281,0.969059859
NDUFS5,2372.3456,0.005828124,0.042678402,0.816845407,0.969059859
NPIPA3,34.50855691,-0.001849986,0.051884685,0.816499173,0.969059859
NSFL1C,2071.50908,0.00351754,0.044788367,0.815626863,0.969059859
NT5DC1,774.0630963,-0.004522699,0.047394064,0.815414508,0.969059859
PCDH1,50.03673088,-0.002052391,0.051738895,0.816692222,0.969059859
PGPEP1,3290.520938,0.005726827,0.043699287,0.816962536,0.969059859
PLCXD1,1496.955508,-0.00555113,0.04402851,0.815927176,0.969059859
PTPN21,165.9194906,-0.003293653,0.050352411,0.815046435,0.969059859
RAD54L,203.2501309,0.003553976,0.050051818,0.815845701,0.969059859
ROMO1,1036.106157,-0.005148947,0.046317132,0.815362036,0.969059859
RPL39L,53.64331066,0.002259044,0.05161762,0.816137603,0.969059859
SMC2,1252.878114,-0.004607545,0.04813711,0.81685109,0.969059859
SPRY2,714.3171506,-0.004644704,0.047571214,0.815749417,0.969059859
STARD4,960.0710063,-0.004122947,0.04901215,0.815452215,0.969059859
SVIL,340.4802264,-0.004025454,0.049409612,0.816172777,0.969059859
VAPB,1021.641798,-0.004990186,0.046639268,0.81655518,0.969059859
ZDHHC6,1050.444731,-0.005470658,0.04674266,0.816537876,0.969059859
KAT7,1290.890217,0.00561465,0.044234668,0.817124437,0.969161731
EP400P1,181.8754843,0.003633915,0.05002434,0.817215207,0.969179226
ACO2,5750.801715,0.005710511,0.043297598,0.818522526,0.969307123
ADPGK,6448.349029,-0.005971525,0.039104511,0.818580112,0.969307123
ARMC2,64.59753568,-0.002468454,0.051382358,0.818383512,0.969307123
CD99,5276.285085,-0.00564713,0.043135685,0.81857976,0.969307123
CD99L2,2494.730458,0.005374002,0.045769982,0.818310865,0.969307123
LLPH,1266.952092,-0.004771404,0.046940272,0.818159208,0.969307123
MCEE,157.024232,-0.003577467,0.050006894,0.818251614,0.969307123
PBX2,3308.647472,-0.007102289,0.045046515,0.818615562,0.969307123
PCNP,3153.519753,-0.005599944,0.043587978,0.817677303,0.969307123
PIP4K2A,2755.746768,0.005399324,0.043728507,0.818027037,0.969307123
RNF34,801.500279,0.005177714,0.046323241,0.818029118,0.969307123
TMEM120A,515.6292651,-0.004639737,0.047756109,0.818089705,0.969307123
TPH2,83.88861584,0.002239463,0.051610269,0.817667462,0.969307123
TRMT11,357.4126477,-0.004117317,0.048985312,0.817789889,0.969307123
TRMU,1009.851666,-0.005496107,0.044462108,0.8181572,0.969307123
WASH9P,294.5386789,0.004544372,0.048190248,0.817926393,0.969307123
ZFPL1,761.421069,0.004385947,0.048009209,0.817737443,0.969307123
DHPS,1250.799726,0.005233254,0.045451481,0.819679261,0.969351018
GTDC1,866.5386637,0.004760338,0.047369242,0.81980404,0.969351018
JAK1,3815.538853,0.006398541,0.043769241,0.819869168,0.969351018
KIF15,253.6802733,-0.0031267,0.050637747,0.819644367,0.969351018
MIS12,381.3950844,0.004308462,0.04790113,0.819521008,0.969351018
NOA1,971.0921338,-0.004763872,0.046638635,0.818957953,0.969351018
OR4F17,37.19215597,-0.001841169,0.051765591,0.819668992,0.969351018
PARP9,5704.457231,0.001861603,0.045257202,0.819764281,0.969351018
PRSS36,611.5917882,-0.004501534,0.049440545,0.819287352,0.969351018
RNASEH1,1130.527453,0.005070477,0.046686557,0.818995443,0.969351018
RREB1,4335.713305,0.005521764,0.044433459,0.819800662,0.969351018
SAR1A,2651.070841,0.00578035,0.043535481,0.819576858,0.969351018
SUPT5H,6142.43749,0.016566899,0.044212162,0.819224997,0.969351018
ZNF431,803.0599082,-0.003177322,0.05049239,0.819730473,0.969351018
ZNF581,719.6012305,0.004362503,0.048451476,0.819176162,0.969351018
ZNF879,75.94921412,0.002441429,0.051431104,0.818784964,0.969351018
BTBD9,598.8765664,-0.004675399,0.046730035,0.820083613,0.969441908
EFNA4,131.3258561,0.002922471,0.050785539,0.820098123,0.969441908
DEPDC5,928.5148379,-0.00532177,0.044991469,0.82017636,0.969444503
AHI1,497.3201066,0.004088176,0.048640844,0.820394603,0.969466075
ARFGAP2,2777.770603,-0.005741501,0.042556472,0.820278779,0.969466075
HSF2,123.2000556,-0.00313429,0.050561389,0.820422738,0.969466075
CELSR2,286.7352354,-0.003632563,0.050274782,0.82095935,0.969859487
FAM50A,3522.852881,0.005950392,0.038350574,0.821051681,0.969859487
GKAP1,77.09415886,-0.002673967,0.051116969,0.821175036,0.969859487
KIAA1614,461.384714,0.004213117,0.048648796,0.821066741,0.969859487
MED19,275.2979509,-0.004292392,0.048281334,0.821171141,0.969859487
RBFA,388.241984,-0.004911858,0.048456923,0.821212108,0.969859487
ATP6V1G1,4057.354448,0.009087533,0.042617866,0.821374076,0.969928755
CCSER1,44.38484831,-0.001486633,0.052061099,0.822315293,0.969928755
ITGA11,147.1868986,0.002532894,0.051299705,0.821829744,0.969928755
MROH1,3520.848041,0.005315818,0.045372979,0.82211472,0.969928755
MRPL13,560.1815124,0.004556454,0.047786651,0.821709224,0.969928755
NAGLU,2788.601388,0.005311102,0.044929975,0.822052026,0.969928755
RPP38,351.1702407,-0.004160861,0.048642332,0.822335863,0.969928755
RTKN,468.1374341,-0.004559145,0.047113413,0.822205302,0.969928755
SAMD8,957.0998839,0.005421272,0.044632112,0.822149553,0.969928755
SPATA31H1,34.83758092,-0.001777686,0.05189423,0.822327452,0.969928755
TBC1D32,65.37424751,0.002388798,0.051443911,0.821922397,0.969928755
UBAP2,1265.018345,0.005240678,0.045226425,0.821806411,0.969928755
UBQLN2,1258.506971,0.005281524,0.043339886,0.82188308,0.969928755
UQCC1,1097.022036,0.00551297,0.04355274,0.821874346,0.969928755
MXRA7,893.0116414,0.004393629,0.048189838,0.822503042,0.970036196
ARHGAP20,241.0057819,-0.003475336,0.049994537,0.822826144,0.970327492
ABO,33.27950819,-0.001625397,0.05197427,0.823101872,0.970528496
NAGA,4401.700427,0.007202715,0.040899581,0.823155489,0.970528496
PINX1,225.2437207,0.003731685,0.049540388,0.823227842,0.970528496
RPL36A-HNRNPH2,830.8195098,0.001536376,0.05161452,0.823301097,0.970528496
CD300A,1215.062628,0.006823304,0.044531608,0.824228967,0.970653652
CNOT6L,1585.420891,0.003818901,0.049313021,0.823743644,0.970653652
GMPR2,2398.485283,-0.005347,0.042167221,0.824180805,0.970653652
PPIA,23186.50715,0.004965207,0.046010002,0.824196657,0.970653652
PSKH1,1256.000315,0.004869881,0.046593576,0.823611222,0.970653652
QNG1,273.5723045,-0.003866136,0.048494925,0.823977481,0.970653652
RNF6,1834.496985,-0.004572574,0.045564332,0.823932365,0.970653652
SEMA4C,567.9027405,0.004210117,0.04842172,0.824244759,0.970653652
SUMF2,5185.345038,-0.005887102,0.041943599,0.824040932,0.970653652
TP53I3,1399.349484,0.005480971,0.044451475,0.823603745,0.970653652
WDR36,912.0870184,0.004145288,0.048815973,0.823727492,0.970653652
GTF3A,2260.878549,0.003380759,0.046033401,0.824425683,0.970664831
INTS6,1263.140596,-0.004956068,0.045999329,0.824482662,0.970664831
RPL6,12362.27312,-0.005349989,0.044386919,0.824366232,0.970664831
TUBGCP6,2289.746943,0.004381104,0.046495067,0.824754999,0.970895798
RMI2,209.7282695,0.003510122,0.049869384,0.824861426,0.97093143
C2orf92,117.6500857,-0.00290401,0.050777535,0.82496689,0.970965923
HEMK1,631.8332044,-0.004647141,0.047262578,0.825276398,0.970988015
PELP1,1694.35421,0.003899898,0.049217156,0.825290307,0.970988015
RNF7,1959.985787,-0.005401243,0.043430696,0.825216434,0.970988015
TET2,1376.729286,-0.004575842,0.048097699,0.825085713,0.970988015
ABHD2,11265.78103,0.00421168,0.044754824,0.834090915,0.970999986
ACTMAP,578.3254355,-0.004324074,0.047643286,0.831337114,0.970999986
ACYP1,140.9257634,-0.003141983,0.050180089,0.829243772,0.970999986
ADGB,68.9497724,-0.002277162,0.051400397,0.830050303,0.970999986
AGO1,3283.840088,-0.004139273,0.04774945,0.834690854,0.970999986
AKAP6,568.9921659,0.003147954,0.050616884,0.834903838,0.970999986
AMDHD2,3083.577796,-0.004298931,0.048138975,0.828853269,0.970999986
ANKMY1,663.4129897,-0.004235586,0.047624265,0.834742623,0.970999986
ANXA5,25319.23958,-0.013319989,0.04489968,0.826082626,0.970999986
ARHGAP45,4692.30292,-0.004564256,0.046949359,0.82636547,0.970999986
ARHGEF28,333.1269554,-0.003159203,0.050320508,0.826669849,0.970999986
ARL17B,470.0193225,0.00320877,0.050132498,0.833825147,0.970999986
ARRDC1,1245.53884,-0.004530727,0.046932002,0.831732471,0.970999986
ATAD2B,603.1201387,-0.003718153,0.049898993,0.834598284,0.970999986
ATG9B,428.8539142,0.003778313,0.049435117,0.826175822,0.970999986
ATIC,1763.977431,0.000117096,0.044961277,0.8348328,0.970999986
ATP5MC2,3588.784548,-0.005317938,0.043175332,0.833012709,0.970999986
BACE2,655.3439877,-0.004386056,0.047257256,0.833420382,0.970999986
BAG1,2896.02469,0.005451171,0.041167527,0.828181586,0.970999986
BATF2,206.7741283,0.002575914,0.05101688,0.834973163,0.970999986
BCAM,115.061779,-0.002445976,0.051270306,0.825454333,0.970999986
BMS1P3,39.82684125,-0.002100138,0.05161133,0.828364319,0.970999986
BRSK2,40.22602795,-0.001771587,0.051790797,0.832853777,0.970999986
BRWD3,691.4612667,0.003738453,0.049581876,0.828340583,0.970999986
CALCOCO2,1025.343363,0.005028162,0.046837243,0.828055398,0.970999986
CCDC61,268.313029,0.00414185,0.048302886,0.83185471,0.970999986
CCDC88B,1869.946114,0.004216229,0.045580514,0.828151128,0.970999986
CD27,121.5087341,-0.002797862,0.050894122,0.827556098,0.970999986
CDK5R1,96.93441974,-0.002684132,0.050864742,0.826912252,0.970999986
CEP55,519.1551057,-0.003744356,0.049009135,0.833474448,0.970999986
COPG1,4694.641695,-0.007800103,0.045872161,0.827098534,0.970999986
CRACDL,173.5319861,0.002398687,0.051081075,0.828576338,0.970999986
DCBLD1,417.3891406,-0.002396675,0.050044734,0.832505524,0.970999986
DDAH2,1166.348031,-0.002994381,0.047044675,0.831702668,0.970999986
DHX58,1521.482586,-0.004549986,0.046899798,0.830450306,0.970999986
DIS3L,847.6597598,0.004920627,0.045069073,0.833517646,0.970999986
DISP1,942.8000504,0.004567548,0.04698402,0.830809703,0.970999986
DNAH17,104.8425604,0.002068508,0.051650229,0.828250298,0.970999986
DOCK3,927.9079367,-0.004971099,0.045057777,0.83268274,0.970999986
DUSP14,344.0769681,0.004158049,0.048152422,0.828552027,0.970999986
DYRK3,154.8378328,0.003001394,0.050989489,0.834958561,0.970999986
EMC10,9081.639095,0.005508382,0.043801589,0.829335013,0.970999986
EVI5,803.9417208,-0.005060104,0.046787586,0.826403552,0.970999986
FAM193A,1309.404832,-0.004855953,0.045162848,0.833386056,0.970999986
FEZ2,1327.668137,-0.004995847,0.043909782,0.832328439,0.970999986
FKBP10,93.19646334,-0.002384161,0.051146882,0.828898422,0.970999986
GADL1,51.21868374,0.002262297,0.051328754,0.833071552,0.970999986
GALT,673.3989598,0.004142122,0.046927166,0.833104287,0.970999986
GAN,348.4487002,0.004006091,0.048385289,0.830250527,0.970999986
GAR1,456.699694,-0.004206068,0.048029107,0.829942013,0.970999986
GCNT2,117.9093843,0.002142027,0.051459991,0.82713447,0.970999986
GOLGA1,772.3115238,0.004845409,0.045182763,0.834715675,0.970999986
GSR,2963.31646,0.005303052,0.042684078,0.833058331,0.970999986
KANK2,267.1264208,-0.00339851,0.049879767,0.829288417,0.970999986
KAT14,490.0684327,0.004701924,0.046005826,0.830742393,0.970999986
KATNA1,392.2179765,-0.004714798,0.046923956,0.830003762,0.970999986
KDSR,1849.023753,-0.005252768,0.043947237,0.827392264,0.970999986
LAMA1,33.29323495,-0.001424431,0.052035635,0.834295862,0.970999986
MACROH2A2,173.6610642,0.003028417,0.049963098,0.833520006,0.970999986
MAML2,1618.030272,0.004496038,0.04722537,0.831036397,0.970999986
MAP3K9,198.179833,-0.003172006,0.050231423,0.830071061,0.970999986
MAPK10,143.3057185,-0.002503442,0.051061555,0.834367262,0.970999986
MLH1,972.6169758,-0.005455019,0.044173309,0.831618772,0.970999986
MMS19,1357.108464,0.005079294,0.04478261,0.827992029,0.970999986
MRM2,1119.546716,-0.005344278,0.042636612,0.831423674,0.970999986
MTCH2,2110.732124,0.005050743,0.04288071,0.834791862,0.970999986
MTERF3,264.5493069,-0.003592621,0.049482239,0.830975612,0.970999986
MTX3,352.4595531,-0.004091556,0.047906915,0.834788747,0.970999986
NAPRT,1890.515627,-0.005502197,0.047638327,0.83153796,0.970999986
NDUFS2,3861.180952,0.005828202,0.039854436,0.827822955,0.970999986
NEO1,570.8578124,-0.003945124,0.048715985,0.829569912,0.970999986
NUFIP1,198.3090339,0.003670739,0.049262755,0.833374772,0.970999986
NUTM2A,107.5694755,0.00260744,0.051091236,0.829296105,0.970999986
OR10G3,77.49454203,-0.002367384,0.051302082,0.827056842,0.970999986
PCED1A,2015.199719,0.004776498,0.045767406,0.834206323,0.970999986
PHYKPL,1317.314663,-0.004666491,0.046715753,0.827323113,0.970999986
PLEKHM1,2193.515606,-0.004793082,0.045274936,0.834587794,0.970999986
PREX1,7072.796775,0.005205375,0.0439563,0.826753934,0.970999986
PSMD3,5255.937672,0.005548293,0.042188598,0.82566776,0.970999986
REEP3,1800.291343,-0.005112946,0.044609166,0.828788109,0.970999986
RMND5A,2232.921854,-0.006757589,0.042329352,0.826930726,0.970999986
RNMT,1607.379073,0.005171102,0.041141878,0.831370406,0.970999986
RPP25L,406.2510547,0.003985019,0.048053396,0.833907537,0.970999986
RPS17,11478.20204,0.005070224,0.042989267,0.829101473,0.970999986
RPS19,13493.10247,0.005596522,0.042745777,0.828032046,0.970999986
SAMD12,100.2031842,-0.002869417,0.050554642,0.834913415,0.970999986
SCAND2P,48.58348886,-0.002808458,0.051527502,0.827304383,0.970999986
SCAPER,280.4604677,0.001765655,0.051900224,0.826020428,0.970999986
SDHAF4,173.9992161,0.003295912,0.049599215,0.834297499,0.970999986
SEC61G,847.3696233,-0.0047404,0.045778424,0.832827073,0.970999986
SEMA4F,140.6665918,0.002180107,0.051465857,0.834718697,0.970999986
SLC11A1,19015.20659,-0.005135213,0.046820746,0.828164684,0.970999986
SLC35E1,2318.253786,0.00523205,0.044298238,0.828490356,0.970999986
SLITRK4,173.8736521,0.003335736,0.050003202,0.831022097,0.970999986
SMG1P2,217.5276043,0.003555227,0.049506519,0.833102698,0.970999986
SUPT7L,1500.618527,0.003127234,0.042346557,0.83035941,0.970999986
SUSD1,2659.314062,0.005437373,0.040228225,0.830783331,0.970999986
TANGO6,378.4007757,-0.003630767,0.049243584,0.830930918,0.970999986
TAOK2,2868.226299,0.004667826,0.044736987,0.82597118,0.970999986
TASP1,133.625339,0.003285679,0.050017853,0.833243979,0.970999986
TCTN3,817.5939286,0.005035324,0.044556366,0.832627866,0.970999986
TIPRL,1010.170546,0.004437198,0.047058387,0.833373098,0.970999986
TMCO6,465.4996579,0.003994125,0.048858442,0.827625782,0.970999986
TMPRSS9,39.36833209,-0.001197302,0.052052749,0.826978684,0.970999986
TSPYL5,351.9035532,0.004136899,0.048128647,0.832400447,0.970999986
TTC5,393.3606752,0.003948948,0.049225294,0.831715614,0.970999986
TYMS,1584.488463,0.003644632,0.046924866,0.829906642,0.970999986
UBA3,1379.344447,0.00513127,0.042239597,0.833600162,0.970999986
UBE3A,2060.887173,-0.004357719,0.046821832,0.834860565,0.970999986
UBXN4,4539.139624,-0.005265049,0.041694577,0.834220981,0.970999986
UFSP2,426.3469832,-0.003821306,0.049201356,0.826930854,0.970999986
UTP20,530.4410269,0.004236586,0.047860467,0.831682229,0.970999986
VPS18,3322.915475,-0.005485243,0.046481057,0.831621125,0.970999986
VRK3,870.3930228,-0.000921525,0.043395362,0.831480606,0.970999986
WDHD1,252.7314519,0.003224362,0.050172611,0.831682383,0.970999986
WDR19,529.603178,-0.004520455,0.047392768,0.829322279,0.970999986
WDR33,2112.597934,-0.004266114,0.047188795,0.834608345,0.970999986
XPC,1789.987727,-0.004987576,0.044395556,0.832610012,0.970999986
YIPF1,882.6020383,0.005161983,0.044950185,0.827436107,0.970999986
YY1AP1,1467.936731,-0.004950107,0.044565027,0.831145874,0.970999986
ZNF182,259.4038835,-0.003983853,0.048673425,0.825918357,0.970999986
ZNF260,410.5979353,-0.003766168,0.048833754,0.825391099,0.970999986
ZNF34,123.3441813,0.002945833,0.050240942,0.829694492,0.970999986
ZNF507,62.64381086,-0.00200942,0.051619225,0.826640311,0.970999986
ZNF738,242.1550868,0.004061342,0.048511558,0.830562479,0.970999986
ZNF746,1213.696043,-0.004090041,0.048147588,0.832693982,0.970999986
ZNF841,255.9649722,-0.003350912,0.049918585,0.828981874,0.970999986
GINS3,238.7318534,0.00351554,0.049737951,0.83516472,0.971053153
HSD17B1,555.9110599,0.00417024,0.047274636,0.835171215,0.971053153
TRIP12,7310.576424,-0.006274469,0.041788654,0.835402183,0.971233123
GNA13,4720.371286,-0.004833003,0.045620383,0.835912299,0.971349072
HAUS7,264.6787799,0.003906282,0.048536418,0.836187628,0.971349072
HOXB6,857.9503778,0.009375133,0.049033849,0.836040062,0.971349072
NUBP1,890.4443622,0.005025468,0.043858405,0.836124643,0.971349072
PRKAB1,704.4097716,-0.001272768,0.045280551,0.835977966,0.971349072
SIRT7,1364.139097,0.004399769,0.047066851,0.836023511,0.971349072
SLAIN1,34.92351974,0.001651606,0.051779142,0.835711895,0.971349072
TEC,281.4680335,-0.003655498,0.04916054,0.835677895,0.971349072
TMEM33,3400.187008,0.005200948,0.042658605,0.835958672,0.971349072
FAM217B,585.3249471,0.004053291,0.047850071,0.836462202,0.971364123
FCER1G,6694.103595,0.004508589,0.045615083,0.836408633,0.971364123
JMY,745.904894,-0.003635099,0.048051084,0.836370612,0.971364123
RPL38,4985.166249,-0.005010201,0.043736123,0.83650535,0.971364123
UBAP1L,106.4873424,0.002361167,0.051234302,0.836598643,0.97138398
ANKRD36,611.3864157,-0.002662383,0.046900204,0.836942491,0.971517784
DNAJC4,1058.340873,-0.004153535,0.047586639,0.836865827,0.971517784
UBXN7,1834.198606,0.00438917,0.04721443,0.83693407,0.971517784
DGKA,550.169186,-0.003760513,0.048728056,0.837021915,0.971521522
CIP2A,376.1791705,-0.003255508,0.049609803,0.837377333,0.971569782
COMMD2,868.318968,-0.004606528,0.047392506,0.837351767,0.971569782
GNG5,2397.155813,0.004768067,0.045293703,0.837341434,0.971569782
TBC1D3B,79.13969182,0.002493914,0.051076244,0.83724116,0.971569782
THNSL2,117.7976457,0.002872384,0.050560725,0.837444532,0.971569782
TNFSF10,148.4855579,-0.002245878,0.051286987,0.837539684,0.971591759
ASF1A,501.6249826,-0.004295686,0.047168501,0.838464714,0.972084966
CROCCP3,63.8947574,0.002321805,0.05126271,0.838490361,0.972084966
ELF1,3519.787295,-0.005007665,0.043373943,0.838297317,0.972084966
GBP3,422.9757141,0.003947274,0.04812988,0.838473187,0.972084966
LUM,79.84672851,-0.00156349,0.05195544,0.838479141,0.972084966
RNA5-8SP6,534.1837334,0.001026509,0.052257749,0.838536017,0.972084966
ST6GALNAC3,37.62558383,0.001382681,0.05203467,0.838326177,0.972084966
TRIAP1,689.9267678,-0.004166429,0.04746842,0.838574826,0.972084966
PAK2,4642.161683,-0.004659843,0.045375591,0.83871059,0.972153951
GRK3,5277.738803,0.005913031,0.043784548,0.838838087,0.972165675
KAT6A,1803.858618,0.0022599,0.045485819,0.838873213,0.972165675
HNRNPUL2-BSCL2,3338.099138,0.00711363,0.044226228,0.839017876,0.972244946
LRRFIP2,857.5311199,0.004623348,0.045398924,0.839156279,0.97231695
ARC,36.30202766,-0.001301176,0.052121693,0.839370728,0.972477045
BANF1,2829.955833,0.004873704,0.043698765,0.839497746,0.972483571
CARMIL3,61.99929529,-0.001685842,0.051819207,0.839528919,0.972483571
UGGT2,523.2451358,0.003514108,0.049156591,0.83966273,0.972550208
TRIM21,1579.110872,-0.00493514,0.044701329,0.839751601,0.972564786
CLEC17A,51.02810347,0.00192026,0.051634968,0.840316995,0.972662217
DNAJC18,241.0312418,-0.003508167,0.0488711,0.840058102,0.972662217
ERBIN,2352.063929,-0.004670229,0.045864222,0.840190561,0.972662217
NT5DC3,88.04469446,-0.001796526,0.051726846,0.840147927,0.972662217
SIMC1,331.8143725,0.005627584,0.04881732,0.840334379,0.972662217
STON2,421.9258988,-0.004204467,0.047253284,0.840332635,0.972662217
TSHZ1,792.8366064,0.004560391,0.044996201,0.84036978,0.972662217
DPY30,597.0142596,-0.003055004,0.046758871,0.840607377,0.972760592
IWS1,1744.935919,-0.005033869,0.044835879,0.8405567,0.972760592
AGO2,1453.220715,0.004532867,0.044773351,0.841403326,0.972766301
COTL1,10854.54684,0.008631075,0.042146823,0.841269319,0.972766301
ESRP2,37.75539162,-0.001641247,0.051831781,0.840938836,0.972766301
HMGN4,1297.79977,-0.004861646,0.045715013,0.841199914,0.972766301
KLF6,5221.708576,-0.006638,0.038389271,0.842184467,0.972766301
KLHL9,1107.865032,-0.004341908,0.04593351,0.84229094,0.972766301
LAMA3,72.11391131,0.002245794,0.051263795,0.841952508,0.972766301
MAP4K4,6418.285168,-0.00516602,0.040366052,0.841132207,0.972766301
MCF2,181.9039252,0.0031382,0.049972917,0.84188172,0.972766301
MMAA,252.9161766,0.003172077,0.049903096,0.842232033,0.972766301
PARVA,448.5481505,-0.002543342,0.050790695,0.841606377,0.972766301
RAB43,2094.244349,0.004046487,0.046060589,0.841007013,0.972766301
SAFB,3824.734256,0.004479784,0.045588902,0.841411504,0.972766301
SAMD9,2051.434421,-0.003412576,0.049405896,0.84213321,0.972766301
SERF1A,136.8444546,0.002644116,0.050661582,0.841549592,0.972766301
SH3KBP1,3485.832,-0.005264702,0.041103548,0.842204044,0.972766301
TMEM50A,4252.199578,0.00507542,0.041989842,0.840726913,0.972766301
TXLNA,2540.959101,0.005426618,0.039641999,0.842152401,0.972766301
UBXN11,3014.14018,-0.004564564,0.046569593,0.841012359,0.972766301
ZFYVE9,115.3739457,-0.002452564,0.051066727,0.841549929,0.972766301
ZNF345,166.6438984,-0.002617212,0.050733271,0.842142611,0.972766301
ZNF737,192.852177,-0.002830641,0.050444244,0.842103144,0.972766301
COG5,1122.543228,-0.003295615,0.049434699,0.84246477,0.972878927
APLF,98.89621467,0.002648445,0.050755985,0.842644487,0.972916894
C12orf43,496.7809144,0.002598795,0.047118918,0.842880205,0.972916894
COQ5,811.1530802,-0.004412364,0.04597865,0.842955041,0.972916894
HAUS1,351.4117123,0.004126417,0.047347568,0.842707587,0.972916894
MNS1,53.68895862,-0.001995718,0.051491319,0.842955527,0.972916894
TBC1D22B,507.6724909,0.004324969,0.046071064,0.842865628,0.972916894
CAPN10,1070.25544,0.004534391,0.045543517,0.843220154,0.973134222
FBXO31,871.4300579,0.004251238,0.045772712,0.843390312,0.973154411
PIP5K1A,1373.899149,-0.004061224,0.046705122,0.843350513,0.973154411
DPM3,604.016201,0.003716516,0.048223026,0.84367467,0.973364465
PIBF1,198.9075795,-0.002588472,0.050723379,0.843725053,0.973364465
COG2,1138.021873,-0.005545744,0.046355761,0.844549121,0.973418067
COQ9,1345.247862,0.005053622,0.041611516,0.844655721,0.973418067
CSTPP1,354.1819166,-0.003788179,0.048188697,0.84418545,0.973418067
DLD,2611.334103,0.004539719,0.044757362,0.84441597,0.973418067
MCOLN3,1655.650219,0.004257877,0.047056649,0.843849571,0.973418067
MOB2,800.8458658,-0.0043832,0.04576036,0.844687746,0.973418067
MYO7A,1327.336815,-0.004715918,0.044328886,0.84425113,0.973418067
NUCB1,11024.59244,0.004638959,0.046373833,0.84420048,0.973418067
OSGEPL1,197.1723504,0.003112864,0.049235652,0.84392771,0.973418067
RTN4R,613.2489412,0.003313178,0.049495283,0.844413791,0.973418067
TBC1D13,1455.021759,-0.00452826,0.044159825,0.844595327,0.973418067
TEX30,154.8977441,0.002794533,0.050480226,0.844610591,0.973418067
KRBA1,244.637698,-0.00344045,0.049973848,0.844860824,0.973441541
PABPC1,44484.92519,0.004886543,0.043048342,0.84481631,0.973441541
ACSF3,1535.795813,-0.004368397,0.044659615,0.845459404,0.973442612
DDB1,7225.575475,0.005188562,0.04369017,0.845513136,0.973442612
HLCS,573.1078855,-0.003841334,0.048568932,0.845362502,0.973442612
IPO11,415.9865478,0.003700032,0.048450969,0.845129415,0.973442612
MACO1,811.8960861,-0.004559189,0.044419475,0.845351155,0.973442612
NUP43,516.7736484,0.000903905,0.047383532,0.845024752,0.973442612
SERPING1,1286.866963,0.004412487,0.04590244,0.845413492,0.973442612
STK16,591.8462381,-0.004083062,0.047267373,0.845350062,0.973442612
TRIM45,36.12452932,-0.001577516,0.051837483,0.845548944,0.973442612
CCDC191,135.4224909,0.002955385,0.050148986,0.845704211,0.973533453
KPNA1,2070.246074,0.004189576,0.046504175,0.84607499,0.973836187
ZNF132,103.0885056,0.002730775,0.050453017,0.846119966,0.973836187
STYXL1,535.9567823,-0.004440923,0.045470863,0.84621581,0.973858581
ASB13,1404.700959,-0.004577793,0.044434521,0.846326119,0.973872493
CMAHP,105.0240653,-0.002494012,0.050812447,0.846380675,0.973872493
CCPG1,3865.401132,-0.006356921,0.04395063,0.846899787,0.974190673
CD2AP,1367.957641,-0.004200095,0.046426546,0.847642189,0.974190673
DDX39A,2346.004562,-0.004889797,0.039360209,0.847650571,0.974190673
DDX39B,6100.686497,0.003789933,0.03734432,0.847579142,0.974190673
DDX60,1910.134931,-0.003382616,0.04919532,0.847206088,0.974190673
ELOVL6,184.9117288,-0.001390102,0.051987107,0.847171198,0.974190673
HLA-DQB1,49.15522864,-0.001646961,0.05177466,0.84746843,0.974190673
MIA3,1729.021813,-0.004699323,0.042251043,0.847395396,0.974190673
NLRX1,1230.99696,0.00405845,0.047184357,0.847001226,0.974190673
NUDCD3,1672.246519,-0.004254786,0.046142744,0.847090473,0.974190673
NUDT16,1529.710193,0.004550236,0.041983848,0.847472386,0.974190673
SYT11,124.7607969,0.002786211,0.050380258,0.847616256,0.974190673
TMPPE,123.6851851,0.00288718,0.050229422,0.847632605,0.974190673
ARMC7,601.8998482,-0.003336393,0.0490101,0.850101664,0.974218679
B3GALT9,130.9099646,-0.002587712,0.050549639,0.849897814,0.974218679
BCAR3,1480.411628,0.004496833,0.044027208,0.848143036,0.974218679
BLCAP,3307.586148,0.005048558,0.04178193,0.849300704,0.974218679
CCDC163,69.8805865,-0.002151753,0.051090247,0.850327618,0.974218679
CLIC6,97.64341207,-0.002461593,0.05076962,0.849633538,0.974218679
CLN5,1439.257655,0.00455119,0.044241732,0.850316763,0.974218679
CNIH1,1906.126655,0.004101826,0.047176392,0.848701246,0.974218679
COL1A1,2695.008461,0.001993835,0.051497838,0.849859715,0.974218679
CRK,2855.013441,0.007657507,0.040740787,0.852169231,0.974218679
CWC25,661.6080372,-0.00435214,0.045323747,0.850603671,0.974218679
DARS2,863.1340343,-0.004081029,0.04663807,0.849304603,0.974218679
DNA2,187.0434309,0.0028479,0.050118373,0.851528581,0.974218679
DPCD,227.2906952,-0.00306249,0.0495948,0.851350819,0.974218679
DRC12,56.53276352,-0.001899125,0.051483498,0.852039034,0.974218679
DTNA,663.1466583,0.004017892,0.047077983,0.849127129,0.974218679
EIF4E2,2638.75848,-0.004825961,0.040384089,0.850429356,0.974218679
EXTL3,1216.270847,0.004102345,0.046610757,0.851480063,0.974218679
FAM98A,1183.700291,-0.004325637,0.045810399,0.851796304,0.974218679
FBH1,1379.187777,-0.004314284,0.045122584,0.852259857,0.974218679
FCGR1BP,183.4909793,-0.002771988,0.049899483,0.850373484,0.974218679
FOLR3,129.3183424,-0.002552892,0.050462754,0.849031844,0.974218679
FXR2,1408.177112,0.000889033,0.045721562,0.850094828,0.974218679
GLTP,911.1716421,-0.004535126,0.043638078,0.8508825,0.974218679
HYLS1,105.9928412,-0.002623465,0.050525444,0.851083106,0.974218679
KANK1,372.9391725,0.004113679,0.048116352,0.85094707,0.974218679
LCORL,717.0505071,-0.003292812,0.049923109,0.850086511,0.974218679
MAPK8IP3,2892.054681,-0.0050539,0.047109202,0.851005981,0.974218679
METAP2,2662.889855,-0.004411676,0.043053757,0.851424438,0.974218679
MFSD2A,356.0514952,0.003783915,0.048693664,0.850207352,0.974218679
MTERF4,937.1548692,0.004872466,0.044963618,0.851695977,0.974218679
NATD1,758.2876843,0.004081302,0.046991025,0.848414405,0.974218679
NDRG3,790.2298545,0.004680089,0.044540144,0.851735779,0.974218679
NFATC2IP,1740.649856,-0.00449588,0.044424247,0.84976102,0.974218679
NRL,76.64990416,-0.002195707,0.051148411,0.848992956,0.974218679
PCSK4,73.8490321,-0.001950455,0.051435698,0.848355051,0.974218679
PIGS,2491.441152,0.006164929,0.044097186,0.851185787,0.974218679
POGLUT2,74.38012838,-0.002139112,0.051179561,0.852001426,0.974218679
POLR2A,10570.31747,-0.004372605,0.044734293,0.851925781,0.974218679
PRSS22,39.12388344,-0.001661167,0.051675269,0.84930468,0.974218679
RABEP2,1105.74487,-0.003927748,0.047210265,0.848374963,0.974218679
RASA2,544.6661842,0.003378896,0.048962299,0.851566076,0.974218679
RASL11B,63.84970685,-0.002069555,0.051305009,0.850522429,0.974218679
RGL3,1466.621343,-0.003895226,0.047065986,0.851691235,0.974218679
RNF175,64.46049399,0.002166421,0.05144203,0.849467699,0.974218679
RP2,1917.097428,-0.005436322,0.045034274,0.84885954,0.974218679
RPL15,17174.94974,0.004730711,0.043016644,0.849703625,0.974218679
SCAF8,1311.454292,0.004561843,0.044686877,0.849946323,0.974218679
SEC14L2,197.192238,0.002689685,0.050541393,0.849191826,0.974218679
SLC20A1,3911.645608,0.004326204,0.045486616,0.851721918,0.974218679
SMIM7,1421.616989,-0.004590458,0.046345387,0.848189815,0.974218679
TBC1D23,1110.297092,-0.003872471,0.047346679,0.850581307,0.974218679
TCF7L2,2289.498686,0.004614804,0.04404875,0.849931864,0.974218679
TRAF5,235.2504784,0.002682401,0.050476225,0.850506038,0.974218679
TRDMT1,190.6879211,-0.002218929,0.051052208,0.852250628,0.974218679
TRIM14,4636.785165,-0.004594414,0.046975265,0.8499042,0.974218679
UMODL1,86.81586811,0.001906893,0.051469968,0.852227832,0.974218679
WDR25,177.6268962,0.00276066,0.050370848,0.85136372,0.974218679
ZFAND3,2988.674173,0.004793813,0.040669824,0.850542558,0.974218679
ZNF684,126.7671616,-0.002773969,0.050156279,0.852010238,0.974218679
LZTS2,2737.763165,-0.004171528,0.045695058,0.852445261,0.974255906
MCUR1,698.5385538,-0.003647157,0.04871878,0.852435106,0.974255906
MAGOH,769.5410475,-0.004540846,0.044811097,0.852539291,0.974276033
ABCC1,3018.448975,-0.004887321,0.043602321,0.852914095,0.974388695
DTWD2,556.2080658,0.003976356,0.046618386,0.853054031,0.974388695
GUSBP13,37.70679109,-0.001664306,0.051694658,0.853025613,0.974388695
INO80C,503.2073616,-0.003947405,0.047054175,0.853096448,0.974388695
KIF9,90.66840165,-0.002200592,0.051049955,0.852957199,0.974388695
SP110,2213.172936,0.003266711,0.047228619,0.852829806,0.974388695
VTN,34.54395652,-0.001418845,0.05191066,0.853267534,0.974409512
ZNF280B,77.33074233,0.00222663,0.051054641,0.853232041,0.974409512
CS,4327.387995,0.004777281,0.040184673,0.853449078,0.974529538
TSPOAP1,49.80624765,-0.00119538,0.05198245,0.853581523,0.974593483
DSTNP2,43.32468042,-0.001633278,0.051688035,0.853770309,0.97472174
CEP131,300.1533173,-0.003138336,0.049254832,0.854068114,0.974776336
COP1,1381.838641,-0.004339747,0.043430014,0.853929691,0.974776336
KCNQ1,387.627419,0.003596701,0.048141829,0.854197145,0.974776336
PXMP2,178.2185578,0.003188922,0.049319802,0.854004199,0.974776336
ZNF670-ZNF695,36.62389135,0.001383762,0.051838188,0.854200426,0.974776336
ANAPC5,2776.231631,0.004069178,0.0407469,0.855528526,0.975009119
C19orf25,1112.837047,0.003729658,0.047898368,0.855454307,0.975009119
COL23A1,76.64959134,-0.001728528,0.051604408,0.854960967,0.975009119
ECD,742.101523,-0.004262782,0.045796056,0.855882809,0.975009119
EXOC2,1141.737453,0.004418554,0.042924398,0.854954982,0.975009119
FTCDNL1,125.2150423,-0.002249133,0.050968474,0.854743972,0.975009119
GBP4,79.66019225,-0.002113555,0.051149096,0.855105902,0.975009119
IFI27L2,826.2304741,0.004181396,0.045444722,0.855564928,0.975009119
IFT57,145.3120511,0.00185535,0.05149448,0.855364093,0.975009119
LY75,2117.48978,0.002846371,0.045600368,0.854709262,0.975009119
MARCHF8,1304.256188,-0.003478632,0.048049612,0.85510183,0.975009119
MTND2P28,576.0721028,-0.003767549,0.047520473,0.855325072,0.975009119
PRDM10,449.4277425,-0.003139912,0.049716589,0.854726572,0.975009119
RASSF7,629.2272761,-0.00344368,0.048381368,0.855933961,0.975009119
RPL8,24855.56918,-0.000397536,0.041528232,0.855735464,0.975009119
SPINK6,134.2442933,0.0022017,0.051090816,0.854958756,0.975009119
TAF1,1269.544515,-0.003741903,0.047271339,0.855799784,0.975009119
TBC1D20,1827.96471,-0.004404221,0.042173872,0.855081782,0.975009119
ZNF549,217.8281805,0.003475062,0.048845227,0.855798006,0.975009119
ZNF688,547.5051144,-0.003205971,0.049025063,0.855628629,0.975009119
HSPB1,9619.959448,0.002975304,0.047979739,0.856996894,0.975080334
INAFM2,3222.553503,-0.005971117,0.042583626,0.856747915,0.975080334
MAVS,4873.800127,-0.003747367,0.041085553,0.856650087,0.975080334
MEX3C,860.0491607,-0.003622308,0.0473264,0.856406348,0.975080334
MRPL50,434.9120542,-0.003556389,0.048215251,0.85680746,0.975080334
MTR,2026.970314,-0.003531826,0.048153308,0.856394392,0.975080334
OCLN,100.4270632,0.00216234,0.051109518,0.856376069,0.975080334
OR1I1,43.36711654,-0.001728286,0.051581354,0.856326603,0.975080334
RIGI,1555.000471,0.003105548,0.049402473,0.856564038,0.975080334
SPAG7,1671.242562,0.004608941,0.041959559,0.856452054,0.975080334
TMCO1,2087.795037,0.004177272,0.043659929,0.856890209,0.975080334
USP37,463.7847942,0.003548815,0.048100504,0.85646573,0.975080334
ZBTB48,1075.459044,0.002908385,0.049501722,0.857067239,0.975080334
ZKSCAN3,184.9830522,0.002816696,0.049951568,0.856932595,0.975080334
CNPPD1,3035.3214,0.004220918,0.04546065,0.857331494,0.975293943
ADAL,226.5201233,-0.002898343,0.04962004,0.858740939,0.97537027
C11orf68,1148.77396,0.003412674,0.048362016,0.858084335,0.97537027
CSNK2B,2836.977985,0.003897208,0.044208873,0.857668498,0.97537027
DSTN,1942.765207,-0.004387571,0.047110005,0.858852196,0.97537027
EEF2K,2321.815475,-0.004635361,0.04144953,0.858330173,0.97537027
FUT1,32.98458315,-0.001316869,0.051929042,0.858510193,0.97537027
HS2ST1,2434.935578,-8.49E-05,0.046472265,0.858067442,0.97537027
MSL1,3439.327989,0.004381203,0.040753351,0.858808998,0.97537027
NCOA7,1444.655553,-0.003819885,0.046635231,0.858848396,0.97537027
NFKBIZ,444.7394779,-0.002584244,0.050252395,0.858117714,0.97537027
NIPA2,2397.518088,0.003835466,0.043234621,0.85764927,0.97537027
PANK2,1487.10365,-0.004552067,0.041346988,0.85837235,0.97537027
PEX16,982.2573277,-0.003489689,0.047888217,0.858180431,0.97537027
RPS10,8700.839757,-0.004509796,0.043632837,0.858362662,0.97537027
SDHAF1,344.327599,-0.003294337,0.04855125,0.858823944,0.97537027
TMEM68,379.6041203,-0.003313937,0.048563069,0.857879455,0.97537027
UQCC3,245.4472068,0.003568962,0.049655705,0.858826441,0.97537027
VEGFB,2750.012375,-0.004270044,0.044260733,0.85755515,0.97537027
ZNF551,163.3934426,0.002112188,0.051076931,0.85843758,0.97537027
AKAP10,1364.928827,0.003734525,0.047111751,0.859527475,0.975425646
ARRDC3,450.2794088,-0.002553962,0.050310062,0.85908919,0.975425646
GLS,2872.586861,0.004167928,0.044935624,0.85951553,0.975425646
KHNYN,4454.599201,0.006262473,0.044251289,0.859480317,0.975425646
NOD1,896.9750533,0.00393022,0.045540717,0.859255194,0.975425646
PCDHGC3,2608.417387,-0.003270897,0.047180179,0.859589547,0.975425646
SLC25A3,8561.975685,-0.00129599,0.042820361,0.859315929,0.975425646
SPSB3,941.9376612,-0.004045757,0.048502376,0.859200269,0.975425646
TCTN2,357.1747654,0.003626521,0.047624867,0.859264279,0.975425646
MRPL22,613.3352454,-0.003673222,0.047186945,0.859720106,0.975486973
B3GNTL1,212.2329538,0.002400789,0.050589797,0.86066594,0.97549177
BCO2,41.08728011,-0.001411148,0.051820319,0.859805147,0.97549177
EIF3G,4696.239348,0.004096868,0.045252204,0.860242617,0.97549177
ERN1,926.3499402,-0.003139755,0.048793285,0.860523634,0.97549177
FKBP3,1205.55752,-0.003627736,0.047196885,0.860719031,0.97549177
KCTD11,429.5145183,-0.003471635,0.047724193,0.86042253,0.97549177
MFAP3,809.5886585,-0.002979414,0.04929094,0.860511772,0.97549177
NDUFS6,1410.731545,-0.004056001,0.044164096,0.860644558,0.97549177
NUTM2D,174.0982213,-0.002806952,0.049980242,0.860502455,0.97549177
POU6F1,42.57416612,-0.00159088,0.051671921,0.86061569,0.97549177
TFAP2E,128.4370288,-0.002741192,0.049940428,0.85994933,0.97549177
TMEM63A,5225.950044,0.003703086,0.042478729,0.860099531,0.97549177
TNFRSF11A,1265.275901,-0.003500039,0.047393499,0.860198841,0.97549177
ACOT1,374.3707136,-0.003559218,0.047499294,0.863178369,0.975706572
BTBD10,726.7882609,-0.00121424,0.047178578,0.863357584,0.975706572
CCT8,4240.986264,-0.004621778,0.043173262,0.862649825,0.975706572
CFL2,312.5791625,-0.002697509,0.049774608,0.863338974,0.975706572
CLNS1A,1286.626952,0.004374502,0.041971263,0.863203339,0.975706572
COL5A1,517.9244164,0.000690201,0.051794047,0.861945874,0.975706572
DHRS13,126.2827196,0.002626235,0.050112273,0.863177127,0.975706572
ENOX2,504.5372451,0.000972108,0.047088627,0.861664979,0.975706572
FHIP1B,718.4498226,0.003729961,0.04670572,0.863246087,0.975706572
FOLR1,106.3335471,-0.002417237,0.050510727,0.862032807,0.975706572
FOXP1,927.9257364,-0.006278572,0.047365189,0.861207189,0.975706572
GNL2,1468.721654,-0.003937459,0.045446738,0.862573003,0.975706572
MEIS3,109.2424058,0.002212874,0.050645826,0.863202771,0.975706572
MINK1,21246.85649,-0.001549343,0.045375852,0.86167393,0.975706572
MMP24,66.46684835,0.00198138,0.051213575,0.862752249,0.975706572
NOM1,1039.161785,0.003564489,0.046408152,0.862574238,0.975706572
OR1F1,66.2581338,0.002037172,0.051120761,0.863013277,0.975706572
PDS5A,2993.913559,-0.004172019,0.045158412,0.862855697,0.975706572
PRELID3B,1727.150521,0.004173545,0.044251257,0.86134333,0.975706572
SMC3,1698.403689,-0.003682391,0.045351555,0.863127324,0.975706572
SNX14,1304.678032,0.00330225,0.04750083,0.86266327,0.975706572
STRAP,2116.343772,-0.00399487,0.044237326,0.86277392,0.975706572
TMEM126B,857.8572976,-0.003903646,0.043890493,0.862668083,0.975706572
TMEM86B,104.1702275,0.002094895,0.051086826,0.862547029,0.975706572
VDAC1,6295.01994,0.003814761,0.040963892,0.861269591,0.975706572
VPS51,2935.517838,0.004482558,0.046662909,0.862798885,0.975706572
WAPL,2719.664699,0.004487605,0.040421853,0.860990734,0.975706572
YRDC,375.1303052,-0.002926627,0.049398977,0.861065441,0.975706572
ZC3HAV1L,71.41070239,0.001898692,0.051340738,0.862704879,0.975706572
ZNF347,168.9294539,-0.00248815,0.050345281,0.861830001,0.975706572
ZNF875,661.9608053,-0.003827729,0.04604478,0.862258148,0.975706572
ZUP1,277.7383729,0.003213356,0.048667303,0.862895097,0.975706572
RRBP1,8535.875199,-0.003774034,0.04596704,0.86411892,0.976480421
ZER1,1501.425512,0.004199335,0.04492057,0.864270108,0.976564708
IL17RB,80.65021482,-0.002154459,0.05083496,0.864527898,0.97659633
POLR3C,1199.267562,-0.003891221,0.045827273,0.86452485,0.97659633
USP15,2086.393166,-0.003833787,0.045716915,0.864389274,0.97659633
ABCA9,67.83923746,0.001611453,0.051637713,0.864649898,0.976631605
CCDC183,130.2634479,-0.002507999,0.050163917,0.864750022,0.976631605
CLTC,12711.0518,-0.008340174,0.041470787,0.864843071,0.976631605
CYRIA,612.7765128,-0.003096612,0.048683266,0.864883832,0.976631605
HSD17B8,91.56616097,-0.001995476,0.051167803,0.864942149,0.976631605
EXD2,791.7202064,-0.003892702,0.046003835,0.865256546,0.976640611
SKIC3,1962.40987,-0.003727912,0.045989461,0.865190686,0.976640611
SPOPL,891.0632516,0.003256975,0.048468521,0.865159359,0.976640611
TRMT12,296.7175974,-0.003562472,0.04876099,0.865036155,0.976640611
TTLL1,142.0156659,0.002530641,0.05017177,0.86539663,0.976712256
ABHD6,985.7117499,0.004110878,0.044092758,0.865956728,0.976766813
ANKDD1A,792.4197681,0.003625117,0.046619132,0.866085759,0.976766813
CYBC1,3242.773944,0.0031513,0.045596505,0.866052505,0.976766813
FANCF,190.6805532,-0.002898463,0.049196632,0.865555844,0.976766813
KLF2P1,43.23939106,-0.001412083,0.05179576,0.86591591,0.976766813
POLR2B,2944.902325,0.004063808,0.042555335,0.865630666,0.976766813
RSPH3,927.7538583,0.003740047,0.045907063,0.866035359,0.976766813
SERTAD2,1064.37837,0.00358413,0.046987156,0.866130539,0.976766813
SYT5,49.85292466,-0.001695124,0.051742835,0.866134506,0.976766813
CDK5,1505.489881,-0.003878468,0.045617095,0.866285065,0.976850194
BIRC2,1726.677674,0.004214526,0.045217942,0.866530512,0.977040549
PITPNB,2227.748225,0.003867871,0.045823323,0.866758005,0.97712422
PMS2P6,73.97521762,-0.001897601,0.051152571,0.866732091,0.97712422
AMT,162.1233341,-0.002407039,0.050293793,0.867106274,0.977140086
GOSR1,2159.244879,-0.003575327,0.045220875,0.867155301,0.977140086
MCRIP1,2005.634899,0.003191929,0.046387621,0.867112149,0.977140086
NIPAL4,60.53058804,-0.001344487,0.051823607,0.867116881,0.977140086
ZNHIT3,642.0809406,0.00389059,0.046703744,0.866853832,0.977140086
HAT1,1065.992219,0.003653733,0.045493303,0.867339931,0.977261757
YAE1,145.6787329,0.002644129,0.049960713,0.867441151,0.977289434
FAM24B,33.27639428,0.001513936,0.05169825,0.867554449,0.977330712
DUSP2,250.6710695,0.002181515,0.049910024,0.867727307,0.977439074
OR2V1,44.57945551,0.001581363,0.051613528,0.868021946,0.977684583
EMC4,1371.51975,0.004243143,0.043366739,0.86813514,0.977689425
NIN,2495.037454,-0.003451856,0.046133599,0.86817962,0.977689425
ATL2,793.1965729,0.002757426,0.047897676,0.869352051,0.977920857
CDK3,150.3830386,0.002455334,0.05033265,0.868961017,0.977920857
COQ10B,698.8973852,0.00386336,0.044981172,0.869578929,0.977920857
CYFIP2,113.2771113,-0.002057665,0.050889341,0.868679817,0.977920857
DSCC1,85.18703351,-0.002157728,0.050735619,0.868632342,0.977920857
EXO5,240.0826698,0.003026816,0.048182485,0.869132896,0.977920857
FLII,9942.230719,0.003610765,0.04651964,0.869359193,0.977920857
GALK2,525.9474572,-0.003409519,0.047145458,0.869326861,0.977920857
HSPA4L,79.57719279,-0.001221919,0.05191721,0.868758601,0.977920857
MAPRE1,4952.216761,0.003851555,0.043421444,0.869301057,0.977920857
NARS2,334.2426732,-0.003283622,0.047561972,0.869674204,0.977920857
ORC4,609.9959347,0.003815936,0.045478759,0.869312865,0.977920857
POLG2,317.2981245,0.003292851,0.0478423,0.869689127,0.977920857
POLR1G,235.9453785,-0.002635281,0.049432479,0.869145028,0.977920857
RAB11FIP1,2370.092443,0.004045573,0.04314547,0.869203398,0.977920857
RBMS1,4205.085134,0.004130956,0.040027553,0.869643707,0.977920857
SLC25A40,1093.136442,-0.001976011,0.047928893,0.86957632,0.977920857
GPT,97.4030555,-0.001738166,0.05134655,0.869841016,0.97800539
EFNA3,42.24519738,0.001591889,0.051584761,0.870176586,0.978170987
ING1,420.8845177,0.003549026,0.048651972,0.870218474,0.978170987
SAV1,1747.554693,0.003738635,0.043450091,0.870192041,0.978170987
CCNK,2567.896666,0.003031361,0.044130971,0.870317384,0.978195921
SYK,9501.308312,0.003237578,0.039117205,0.870464338,0.978274845
CASP9,473.5429501,-0.003546561,0.046284072,0.871027641,0.978401565
CNOT2,1450.357524,-0.003519454,0.046480068,0.871060678,0.978401565
CYP20A1,827.7893292,0.002949398,0.047974269,0.87119104,0.978401565
TAF2,927.2714179,-0.003706332,0.045281451,0.871096472,0.978401565
TPMT,995.4928519,0.003715259,0.045667003,0.871008547,0.978401565
VRK2,657.3330484,0.0041687,0.04586887,0.870909762,0.978401565
ZC4H2,81.10049875,0.001614315,0.051603351,0.870864392,0.978401565
ZNF584,297.2027901,-0.002694553,0.049271155,0.871164859,0.978401565
BLTP2,8001.634823,-0.004247357,0.03915953,0.871386687,0.978427119
MTMR14,3999.645469,-0.003881091,0.038667407,0.871520775,0.978427119
SRSF10,2092.958771,-0.000800999,0.043489567,0.87151221,0.978427119
XNDC1N,51.24080898,-0.001471019,0.051662588,0.871495377,0.978427119
GINS4,272.0874329,0.00272243,0.049391933,0.871630032,0.978463615
LY75-CD302,188.4146077,0.001141416,0.052246929,0.87171866,0.978476949
LPAR3,35.54398423,0.001394786,0.051793829,0.87179852,0.978480441
SFTPB,48.35325583,0.001492029,0.051652369,0.871876533,0.97848186
PXDC1,1901.016966,-0.003833058,0.043714171,0.872096615,0.978605077
TUBG2,476.365662,-0.003778708,0.04648856,0.872139845,0.978605077
EBAG9,467.6290847,-0.003122455,0.04818277,0.872351112,0.978608105
ITPR2,4175.255601,-0.00357316,0.045650202,0.872412159,0.978608105
NUP155,632.6892742,0.003620805,0.046034481,0.872449582,0.978608105
UBTF,2834.539846,-0.00567759,0.040414771,0.872408942,0.978608105
ADAMTSL5,64.01846612,0.001567631,0.051398996,0.872649172,0.978662628
PANK3,3109.676921,-0.003399609,0.048905335,0.872651718,0.978662628
CHD3,3578.754313,-0.003366666,0.046993486,0.872842689,0.978790698
RDH16,31.97995513,-0.001315238,0.051807278,0.873194666,0.979013174
SNRPC,1511.525204,-0.004070742,0.043595815,0.87318299,0.979013174
APPBP2,1262.187518,-0.002535387,0.049131601,0.873746462,0.979115201
COX20,866.147897,-0.003031269,0.048129449,0.873490454,0.979115201
ELOF1,1239.985274,-0.003642036,0.045162665,0.873604047,0.979115201
MTMR4,1582.530658,-0.004610681,0.045023784,0.873653728,0.979115201
PHF13,743.7164044,0.002625934,0.047435241,0.873674769,0.979115201
SNTB1,3826.074753,0.004180523,0.038557626,0.873687484,0.979115201
ATP13A3,8678.420539,0.001203417,0.046442903,0.873829182,0.979121835
RBM12B,539.4234252,-0.002587161,0.049498737,0.87397555,0.97919978
BLTP3B,1151.14954,0.00322195,0.047619731,0.874319758,0.979393956
MEGF8,2828.426657,-0.003991756,0.046264894,0.874456145,0.979393956
SESTD1,853.5510092,0.003332842,0.046992065,0.874390194,0.979393956
SH3TC1,4124.583706,-0.003796758,0.043575667,0.874291813,0.979393956
ADGRA3,42.62924307,0.001492443,0.051625525,0.874538278,0.979395618
CHAD,115.7885632,0.00200408,0.050916759,0.874611272,0.979395618
CCNT2,1022.532721,0.002818612,0.04838269,0.875116337,0.979531138
CNPY4,202.332073,0.002769814,0.049255798,0.875489468,0.979531138
COCH,77.6801165,0.002045834,0.050763052,0.875621996,0.979531138
CTF1,58.12206199,0.001668009,0.051392926,0.875632895,0.979531138
DLEC1,33.31587282,0.001233915,0.051898779,0.875131171,0.979531138
GPR107,3644.413053,0.004184568,0.037928355,0.875244299,0.979531138
OGFOD3,1054.396608,0.007149937,0.046833206,0.875360905,0.979531138
PLEK,5813.956449,0.004073686,0.040427424,0.875251131,0.979531138
POR,3872.037031,-0.003273485,0.047105543,0.874840778,0.979531138
PPIH,617.1440288,0.003517972,0.045895788,0.874899847,0.979531138
TRAPPC3L,95.86240688,-0.001970194,0.050796743,0.875654277,0.979531138
TTC38,1115.445824,0.003395765,0.046660047,0.875621515,0.979531138
TNFSF13,2964.727081,-0.005458026,0.042890448,0.875807699,0.979616806
UBE2F,1561.593429,-0.003960455,0.041921438,0.876023768,0.979686581
ZFTRAF1,1934.543578,0.003339127,0.047075067,0.875959136,0.979686581
ZFP41,466.0107372,0.002631375,0.049410117,0.876104786,0.979691248
COA8,660.1285522,-0.00376722,0.045504215,0.87659712,0.979748071
DLEU7,201.6868961,0.002359828,0.050205087,0.876583417,0.979748071
ESS2,762.8556191,-0.003556579,0.045288404,0.876342282,0.979748071
GTF2IRD1,529.2026278,0.002508029,0.049714366,0.876615025,0.979748071
MT-CYB,128046.6364,0.00389526,0.0428144,0.876675451,0.979748071
TCP11L1,344.1788428,0.003242685,0.047581999,0.876693544,0.979748071
TFEC,5455.41235,-0.005021105,0.047444669,0.876478183,0.979748071
SHF,64.90378695,0.00129019,0.051835318,0.876793851,0.979764524
ZNF544,424.4892486,-0.003147582,0.047382579,0.876861967,0.979764524
CCDC7,38.98770271,-0.000915978,0.052151556,0.876979628,0.97979801
H2BC15,46.71800519,0.001255653,0.051726896,0.877093402,0.97979801
ZCCHC3,1440.197498,-0.00083774,0.043259796,0.877122495,0.97979801
KNOP1,580.5534578,-0.003167538,0.047267033,0.877355428,0.979870454
MRPL41,2193.94034,0.003591821,0.045764727,0.877494782,0.979870454
PRMT2,3085.563172,0.002711341,0.039138234,0.87746056,0.979870454
RASL10A,368.7502829,-0.003208311,0.047708376,0.877296943,0.979870454
ASIC1,92.69404114,-0.00179793,0.051083257,0.877697892,0.980011423
ASH1L,2018.984118,-0.003220074,0.045711076,0.878134285,0.980110458
CLDN15,191.0415933,0.002132508,0.050568059,0.878581104,0.980110458
DBR1,876.8584935,0.004035995,0.043410709,0.878569849,0.980110458
DUSP22,1223.14487,-0.001295757,0.041996696,0.878677169,0.980110458
ENDOD1,132.1827165,0.002222152,0.050338739,0.878239511,0.980110458
F2R,63.44813328,-0.001449802,0.051584776,0.878343269,0.980110458
ISG20L2,354.082009,-0.002811887,0.048796402,0.877994455,0.980110458
KMT5C,751.0630568,-0.002625255,0.049231233,0.878709117,0.980110458
MKRN2,1159.843293,-0.003499323,0.045546671,0.877983236,0.980110458
ORMDL2,861.6012025,0.003215861,0.04651881,0.878485462,0.980110458
PSMG1,777.4929872,0.003522072,0.045393541,0.878646282,0.980110458
SMIM20,502.692191,0.00137427,0.046643872,0.878020056,0.980110458
ARHGAP10,1270.705215,0.003789251,0.043480911,0.878829041,0.980158467
ANXA7,2420.85586,0.003756214,0.042857909,0.879050283,0.980319459
DEK,3991.653335,0.003828258,0.044030952,0.879328324,0.980434301
GLP2R,172.7056515,0.001794443,0.051008637,0.879304308,0.980434301
NAXD,1425.33104,-0.003687934,0.042672202,0.879460873,0.980434301
RNF227,67.38243301,-0.001340749,0.051690454,0.87944839,0.980434301
ZNF607,94.17460997,-0.001694958,0.051164176,0.879587995,0.980490282
PLEKHA8P1,47.8112925,0.00159945,0.051413358,0.879741434,0.980575585
DDX19B,901.0937067,-0.003589201,0.044179915,0.880076546,0.980734173
GMPR,727.8030781,-0.00303349,0.048104325,0.880114493,0.980734173
HSBP1,1808.622926,0.003440357,0.043358277,0.880060091,0.980734173
BBS1,453.461172,-0.00289529,0.047656821,0.880606189,0.981024843
MINDY2,1151.361071,0.003260507,0.04704973,0.880587524,0.981024843
TMEM35B,522.002007,-0.003832689,0.046072028,0.880459104,0.981024843
FOXRED1,761.0550972,0.00351548,0.046137942,0.880794464,0.981126861
NBPF14,2688.782,-0.002967698,0.046783347,0.880915721,0.981126861
TK2,2519.460496,0.003535089,0.044855857,0.880928636,0.981126861
HIPK1,2593.560482,0.003869424,0.040924365,0.881046707,0.981172647
ARHGAP17,3553.634655,-0.003838919,0.039877671,0.881241036,0.981303343
BRICD5,86.318516,0.00166138,0.051249028,0.881773799,0.981371505
BSN,47.31503757,-0.001427987,0.051550299,0.881500553,0.981371505
HDDC3,340.1579871,0.002903517,0.048357681,0.881918059,0.981371505
LRRC3,347.442858,0.002694956,0.048683746,0.881854756,0.981371505
MRPL46,413.9839622,0.003076704,0.047474888,0.881506828,0.981371505
NANP,346.0398694,-0.001971862,0.047001193,0.881914686,0.981371505
NCAPH,1045.108798,0.003117833,0.047149933,0.88190747,0.981371505
TMEM178A,133.4682073,0.001837315,0.050972674,0.881853767,0.981371505
FUBP1,1793.898524,-0.003313558,0.045755536,0.882200868,0.981555527
PRPF39,605.6870502,0.002833105,0.048422303,0.882237413,0.981555527
ASNSD1,657.9009697,-0.003084946,0.047273015,0.882773061,0.981735132
FAF2,1862.000114,-0.004043207,0.042232323,0.882917667,0.981735132
RNF19B,1580.690594,0.003338941,0.045271841,0.882606141,0.981735132
SPRY3,96.52460265,0.001910823,0.050818714,0.882837901,0.981735132
SSB,3671.290228,0.003359219,0.04580123,0.88277213,0.981735132
TNFRSF1A,4831.138464,0.0037282,0.041867067,0.882795301,0.981735132
ZNF687,1238.163192,-7.31E-05,0.046311697,0.882937879,0.981735132
LIMS1,7021.439686,0.003570328,0.045137484,0.883025292,0.981746703
SBK3,32.59369195,0.001321648,0.051722052,0.883242989,0.981836736
VPS53,2477.665919,-0.003445564,0.043742479,0.883260297,0.981836736
CHCHD3,1295.138612,-0.003000871,0.044477783,0.883518399,0.981838312
KLF3,1507.649883,-0.003905521,0.043659015,0.883396549,0.981838312
SLC25A34,88.8080022,0.001529522,0.05140646,0.883546204,0.981838312
TMEM116,171.7271695,-0.001927971,0.050750754,0.883569766,0.981838312
CCDC47,3110.011735,-0.003952728,0.043098584,0.88395364,0.982041344
MRPS9,414.1102653,-0.003278242,0.04674312,0.884137622,0.982041344
NFXL1,213.9285101,-0.00246069,0.049598103,0.884080019,0.982041344
PUM2,2986.802588,-0.002947801,0.046658992,0.88407374,0.982041344
ZNF408,340.1599682,0.002538181,0.048494538,0.883885716,0.982041344
AASDHPPT,953.3071815,0.003245329,0.04379064,0.886410247,0.982169671
ACAD11,471.5379076,-0.002798221,0.047385732,0.885515716,0.982169671
AK3,1227.308895,0.003186148,0.046628141,0.886162438,0.982169671
ANKEF1,272.6186487,-0.002382938,0.04932648,0.886300929,0.982169671
ARPP19,3214.871751,-0.003242906,0.045836672,0.885862448,0.982169671
CNOT4,689.2355893,0.003154985,0.046541171,0.884713385,0.982169671
DDX49,1080.479412,0.002872774,0.04718699,0.88514119,0.982169671
DIP2B,2707.503842,-0.003344898,0.044020423,0.885332013,0.982169671
DPY19L1,573.1312498,0.002576095,0.049005971,0.885748258,0.982169671
ECSCR,35.53153045,0.001061904,0.052051768,0.884578853,0.982169671
FUS,8844.156824,-0.009632848,0.043308897,0.886160971,0.982169671
GPAM,291.5311503,-0.002692945,0.047968308,0.885343964,0.982169671
KLC2,546.9554053,0.002755135,0.048088537,0.884782519,0.982169671
MRPL9,975.1058541,0.003220958,0.046185666,0.885927751,0.982169671
NEK8,316.176268,0.002434999,0.049475219,0.885414769,0.982169671
NOP14,1749.290576,0.003250613,0.042647642,0.884375013,0.982169671
OSBPL7,485.5466163,0.002101507,0.050326729,0.886194265,0.982169671
PFAS,750.881704,-0.002162312,0.046724471,0.885061622,0.982169671
PODXL2,61.43180197,-0.001482277,0.05141383,0.885360667,0.982169671
POLD4,3167.541642,0.002784654,0.047259149,0.884503509,0.982169671
POLE2,55.23434748,0.001328678,0.051665789,0.885919987,0.982169671
RETSAT,1295.630151,0.003683,0.045167586,0.885995416,0.982169671
SH2D3A,58.15654825,0.001598026,0.051417046,0.886055048,0.982169671
SLFN12L,242.7594173,-0.001705016,0.050892309,0.885622732,0.982169671
SUSD6,3403.625805,0.003439234,0.044822024,0.885212042,0.982169671
SYCE1L,57.10302241,-0.001191979,0.051758877,0.88634241,0.982169671
ZNF286A,192.2143526,-0.002239334,0.049583841,0.886023522,0.982169671
ZNF460,60.07409031,0.001359728,0.051640246,0.885701624,0.982169671
TBC1D22A,1359.836016,-0.00329032,0.045253573,0.886553386,0.982242906
GDPGP1,201.4342751,0.002399218,0.049452414,0.886665918,0.98228222
PRKAR2B,253.6672188,0.002767245,0.048796959,0.886924726,0.982483563
AAK1,2522.10944,0.003700763,0.043793023,0.892147161,0.982602908
ABCA2,1168.401994,-0.003106729,0.046376255,0.887280935,0.982602908
AKAP8,1398.303799,-0.003151019,0.043327479,0.894143025,0.982602908
ASXL1,2447.376958,-0.003107398,0.046198593,0.890110282,0.982602908
ATP6AP1,19472.58664,0.002891494,0.045558021,0.890908244,0.982602908
ATP6V1D,2091.962651,0.003358028,0.040414024,0.894844226,0.982602908
BAZ2A,3819.958335,-0.004908406,0.045883207,0.891529214,0.982602908
BCKDHB,343.545583,0.003026848,0.046856695,0.887701751,0.982602908
BCL2L11,624.4808415,-0.002556833,0.049129833,0.894357365,0.982602908
BRWD1,1632.156684,-0.003079186,0.045655922,0.890888693,0.982602908
C15orf40,904.4490311,0.002904537,0.04540694,0.8903522,0.982602908
C2CD2,411.1354829,-0.002403376,0.048581896,0.891618573,0.982602908
CAND1,2287.354947,-0.002443527,0.046048921,0.894174215,0.982602908
CBY1,188.5983294,-0.002465794,0.049590172,0.887696215,0.982602908
CC2D2A,205.0271858,-0.001996204,0.050275629,0.889707132,0.982602908
CDC7,73.83643471,0.001582377,0.05120543,0.893482203,0.982602908
CDKN2A,1704.258789,-0.00348061,0.044798152,0.894386799,0.982602908
CEP72,117.7391414,-0.001699914,0.050847586,0.892000213,0.982602908
CEP83,147.2899646,0.001633915,0.051079888,0.887749685,0.982602908
CFAP126,100.8561337,-0.001771476,0.050817619,0.889378862,0.982602908
CLCN6,1951.190324,-0.003318036,0.04367735,0.8906749,0.982602908
CLEC18A,45.50009351,0.001081194,0.051749137,0.895007731,0.982602908
CMTM4,180.9715609,-0.001904134,0.050336964,0.89040915,0.982602908
DAPK2,35.62756235,-0.001031262,0.051866708,0.89462885,0.982602908
DPP7,6514.368416,0.001996099,0.046263706,0.888353971,0.982602908
EFR3A,4941.963099,0.00314217,0.046698578,0.892452387,0.982602908
FA2H,34.53106606,0.001119773,0.051858543,0.889295705,0.982602908
FBXO48,117.9006065,-0.001904709,0.050344888,0.893660413,0.982602908
FEM1A,1718.337861,0.001406913,0.044083269,0.887933777,0.982602908
GDAP2,544.6826624,-0.002709405,0.047940254,0.889268646,0.982602908
GRIN3A,108.6148877,-0.001936075,0.050424224,0.887979366,0.982602908
GTF2H2C_2,351.8176056,-0.001951073,0.049334136,0.890020347,0.982602908
HEBP1,1658.870626,0.002777579,0.044541977,0.892574401,0.982602908
HFE,545.6351137,-0.002762363,0.048587211,0.894387213,0.982602908
ID1,257.1856777,-0.001606313,0.050132304,0.891840451,0.982602908
IFFO1,2676.063429,0.001310789,0.045865901,0.892156219,0.982602908
IMMP2L,107.274445,-0.001797759,0.050614224,0.892475806,0.982602908
IMPACT,1314.58456,-0.003117051,0.044927953,0.8926158,0.982602908
INKA1,113.874402,-0.001950374,0.050319465,0.894271393,0.982602908
IRS2,2771.901041,-0.003291997,0.04640359,0.888382709,0.982602908
ITGAD,32.69947,-0.001057666,0.051832024,0.893337452,0.982602908
LIN9,135.3695877,0.002208775,0.049934853,0.887831771,0.982602908
LPCAT4,757.6794019,-0.002970589,0.045357414,0.893250503,0.982602908
LRSAM1,1379.466348,-0.003086232,0.043692043,0.894936773,0.982602908
MAST3,1682.640811,0.002800662,0.047078093,0.894975084,0.982602908
MFSD11,1068.373233,-0.003302743,0.044441299,0.887368337,0.982602908
MST1,265.4678357,-0.002247347,0.049380255,0.894266001,0.982602908
MYL12A,7977.640561,-0.003122619,0.044876922,0.892953105,0.982602908
MYO1G,235.9987885,0.000558819,0.049779902,0.889733616,0.982602908
MYO5A,4401.12436,0.004082936,0.046309251,0.88982203,0.982602908
NAF1,418.938449,-0.002870004,0.046775901,0.892799204,0.982602908
NEDD4L,413.3848033,-0.002827795,0.046785993,0.893987065,0.982602908
NEDD8,3186.721136,-0.003358597,0.042259572,0.894119271,0.982602908
NUDT12,259.6107599,-0.002340736,0.049557617,0.888036156,0.982602908
NUMA1,8124.658933,-0.003065712,0.043621294,0.894860496,0.982602908
OR5A1,32.60378767,-0.001143666,0.051796394,0.888886431,0.982602908
OSTC,1750.654534,0.00331157,0.045106107,0.887972541,0.982602908
PAPOLA,4781.249801,0.002968451,0.046867835,0.889702034,0.982602908
PBK,114.4743645,-0.001801711,0.050686554,0.890738438,0.982602908
PDE4DIPP2,312.5689871,0.002256219,0.049598687,0.891765125,0.982602908
PEX7,135.5314165,0.002052929,0.050355996,0.888377036,0.982602908
PGA5,43.50203843,-0.001093295,0.051858914,0.891628107,0.982602908
PMS2CL,65.44261879,0.001444761,0.051403505,0.89173598,0.982602908
POLE3,1532.120074,0.003294296,0.042987637,0.894935273,0.982602908
PPM1M,3808.752536,-0.003493463,0.041152818,0.892029942,0.982602908
PPP2CB,2005.75416,0.002980605,0.041449309,0.893902581,0.982602908
PROM2,41.23949575,-0.00130021,0.051627552,0.888203926,0.982602908
PRPF3,846.063233,-0.002994505,0.045603437,0.893607246,0.982602908
PSMC1,2152.459375,-0.002827765,0.042811013,0.893744589,0.982602908
PSMC3,2942.361845,0.003212998,0.042813663,0.893060526,0.982602908
PTGR3,1311.222595,-0.003344813,0.043459721,0.892642899,0.982602908
RFFL,1277.967682,-0.0032354,0.046448092,0.892797324,0.982602908
RPL17-C18orf32,1044.709956,0.002549935,0.04833159,0.894227011,0.982602908
RPL18,9325.81907,-0.003449623,0.043329574,0.887197574,0.982602908
SDSL,1244.632625,-0.002984192,0.045741428,0.894635611,0.982602908
SERPINE2,374.3533013,0.002193664,0.049462736,0.894696822,0.982602908
SH2D4A,44.28979512,0.001207387,0.051671429,0.888806634,0.982602908
SLC2A11,553.7385241,0.002938201,0.046471155,0.8917658,0.982602908
SMU1,1282.359964,0.003390704,0.041726005,0.894256429,0.982602908
SP100,3760.182582,-0.003179375,0.04358545,0.893752611,0.982602908
STX3,2332.955445,-0.004809251,0.043877724,0.890708873,0.982602908
SYNE2,32.19301965,-0.000905042,0.052011951,0.89445054,0.982602908
TARS2,1429.145675,-0.001591666,0.043518389,0.891663002,0.982602908
TEKTIP1,537.3139531,-0.002630885,0.048060316,0.895048049,0.982602908
TM2D2,1671.928314,-0.004806337,0.043710003,0.891289511,0.982602908
TMED5,5431.232239,-0.001937076,0.045691623,0.894028521,0.982602908
TMEM241,129.9680368,0.001835701,0.050906316,0.887318034,0.982602908
TRIM37,413.1231795,-0.002315388,0.049490497,0.887710179,0.982602908
TRPC4AP,4848.625667,-0.003673725,0.040507198,0.894107895,0.982602908
TXNDC9,469.4154176,0.002529419,0.048574018,0.892208977,0.982602908
UBE2L3,3295.981538,0.003458968,0.043581938,0.89057531,0.982602908
UBXN6,5813.788962,0.003430614,0.044633769,0.893533975,0.982602908
VWA8,1369.994632,0.003064471,0.046749855,0.889677097,0.982602908
VWF,395.1298234,-0.002266459,0.049460873,0.891269896,0.982602908
WWC2,906.6062506,-0.002817578,0.046926484,0.894288742,0.982602908
XPO4,802.641988,0.00302548,0.044746715,0.892324554,0.982602908
YTHDC2,737.0556625,-0.002379033,0.049135669,0.891801769,0.982602908
ZC3H12D,374.4117431,0.002116956,0.048597428,0.891613113,0.982602908
ZC3H4,1734.675589,0.002787539,0.047743771,0.894871085,0.982602908
ZNF24,2243.564991,-0.004485612,0.044287884,0.893791777,0.982602908
ZNF41,267.6922763,-0.002068568,0.049999659,0.889530398,0.982602908
ZNF805,188.5652294,0.002161203,0.049922764,0.890725708,0.982602908
ZNF808,162.9489202,-0.001924394,0.050352514,0.892412247,0.982602908
ZNF845,252.0788423,0.002636469,0.048312724,0.891195772,0.982602908
MFAP5,80.41740571,0.001498067,0.051189556,0.895167559,0.982649493
ATP8B1,66.50086938,-0.001123411,0.051737773,0.895995284,0.982660676
C2orf68,1151.288224,-0.002546243,0.045922556,0.89796904,0.982660676
CCDC120,269.0255731,0.002165887,0.049472955,0.897897231,0.982660676
DNAJB14,1658.874327,-0.00280386,0.046344714,0.897832436,0.982660676
E2F3,1128.041064,-0.003155188,0.045330929,0.898436393,0.982660676
EDC3,918.7104904,0.002986353,0.045870656,0.895477227,0.982660676
FAHD1,1140.59493,-0.003161466,0.042748548,0.897718375,0.982660676
FARP2,545.0228552,0.002116277,0.049636139,0.89757949,0.982660676
FCHO2,3236.752431,0.002975653,0.04610936,0.89748636,0.982660676
FNTB,427.7698319,0.002438737,0.048383118,0.897181326,0.982660676
GADD45G,618.6412219,0.002793411,0.0465501,0.896017749,0.982660676
GLYCTK,477.9691762,-0.002832575,0.046420233,0.897269006,0.982660676
HIP1,79.23855233,0.001100617,0.051803723,0.898376598,0.982660676
HNRNPA0,5444.671559,0.003999656,0.038812962,0.898593289,0.982660676
IFIT1,4134.965403,0.005780713,0.049722917,0.898074382,0.982660676
KIAA0513,1307.496262,0.003404682,0.045005381,0.897928231,0.982660676
LAS1L,850.7256828,-0.003042696,0.044451451,0.897773113,0.982660676
LGALS8,2278.426616,-0.002162458,0.047446555,0.897073046,0.982660676
LIN37,341.5295311,-0.002568825,0.04867404,0.898646233,0.982660676
LSM14B,1072.513542,-0.002188513,0.044618443,0.895714658,0.982660676
LSM2,354.8571519,0.002394669,0.048368007,0.896381915,0.982660676
MAGI2,85.38823582,-0.001453109,0.051172437,0.897451916,0.982660676
MAPK8IP2,39.17016765,0.001145959,0.051696615,0.898520102,0.982660676
MRPL32,829.0437665,-0.00301563,0.045120312,0.895638146,0.982660676
NR4A2,63.4724832,-0.001413973,0.051262295,0.897435276,0.982660676
NUTM2E,605.6631177,0.002589692,0.047091483,0.89633551,0.982660676
PCDHA6,50.47462221,-0.00109545,0.051778127,0.897552959,0.982660676
PHF10,720.1289821,-0.002976096,0.045460128,0.896521908,0.982660676
PIK3CA,1137.731039,0.003089913,0.04495859,0.895506124,0.982660676
PREP,1354.406366,0.003308421,0.042231963,0.895926982,0.982660676
PSMC6,1380.652378,0.003457669,0.043320863,0.895995937,0.982660676
PTGES3,4945.520901,-0.003752158,0.043966255,0.898230647,0.982660676
PTK2B,3085.271192,-0.003051827,0.044340722,0.897303622,0.982660676
SERBP1,7748.485646,0.003264301,0.041768892,0.89664484,0.982660676
SLC23A2,2936.741485,-0.000425153,0.044119606,0.898578421,0.982660676
SLX1B,1010.400118,-0.002400554,0.048636753,0.895874609,0.982660676
SRGAP2,2502.930494,0.003255099,0.043405643,0.89647064,0.982660676
ST3GAL6,2040.789457,-0.003291044,0.040427301,0.895387675,0.982660676
TCHH,164.6907466,0.002289529,0.049403625,0.897290224,0.982660676
TTC31,977.2092805,-0.002556427,0.047551295,0.897778552,0.982660676
URB2,263.4641599,0.002145338,0.049558014,0.897088305,0.982660676
VSIG10,421.7954217,-0.002348488,0.048511649,0.898363306,0.982660676
WDSUB1,404.749384,0.002831942,0.046406717,0.897320286,0.982660676
ZNF547,74.42697856,-0.00137396,0.051319793,0.898625714,0.982660676
ZNF892,118.401543,0.001353263,0.051430251,0.896658926,0.982660676
ARHGAP27,2164.160025,0.002671074,0.043441257,0.899948165,0.982682193
ARL2,807.2310004,0.002622424,0.047318582,0.899568409,0.982682193
ARSD,1562.615324,-0.004570645,0.043711912,0.899763709,0.982682193
ATP5F1A,11801.52762,-0.002827837,0.039763827,0.899090543,0.982682193
ETV6,2165.350793,0.003055828,0.046009877,0.899063168,0.982682193
H6PD,6260.104937,0.002626436,0.045521243,0.898990634,0.982682193
KIF5B,6153.232602,-0.003034625,0.045022376,0.899853885,0.982682193
LRRC8C,1758.223247,0.002826163,0.045833695,0.899976256,0.982682193
MCTS1,727.916584,-0.0024028,0.047712327,0.898971447,0.982682193
MPHOSPH6,417.6792697,-0.002828761,0.049100598,0.899295589,0.982682193
NIF3L1,437.5240409,0.002690319,0.046608204,0.899861966,0.982682193
OR10AC1,33.85136978,-0.00107225,0.05174916,0.899865583,0.982682193
RAF1,3032.117653,0.003380057,0.03992678,0.899925921,0.982682193
RNPEP,4887.096537,0.003158116,0.043126885,0.899927467,0.982682193
SLC30A4,327.0040955,-0.00221311,0.049205039,0.8994978,0.982682193
SMG1P3,445.442963,-0.001957517,0.04989419,0.899311241,0.982682193
WNT10B,45.07662627,0.000979198,0.051858548,0.899570578,0.982682193
ZNF233,87.93817103,0.001642829,0.050776905,0.900062297,0.982691978
BVES,153.0678649,-0.002095349,0.049518541,0.900483825,0.98277536
CBL,5187.003883,-0.003096977,0.042796795,0.900385152,0.98277536
DNAH11,37.71588797,-0.000982905,0.051856846,0.90043975,0.98277536
GDE1,3909.385749,-0.003317518,0.041963996,0.900524101,0.98277536
SNRNP27,597.4915561,-0.002452093,0.047740782,0.900319435,0.98277536
C11orf54,826.1129319,0.003013948,0.046666345,0.900801963,0.982833434
CAPN7,938.154009,0.002754549,0.04669818,0.901031695,0.982833434
DHFR2,403.7537485,-0.002479712,0.047587249,0.901156676,0.982833434
NRN1,289.1899664,-0.002215353,0.048804221,0.901194042,0.982833434
PPP2CA,4208.914678,0.002887583,0.043366554,0.90118486,0.982833434
R3HDM1,976.2438557,-0.001998053,0.049606995,0.901108166,0.982833434
ULBP3,49.05743897,0.00117728,0.051501144,0.900883857,0.982833434
USP24,2645.220745,0.002539101,0.047547865,0.900735489,0.982833434
ATP5MK,1720.640214,0.002876978,0.045686663,0.901737006,0.982925307
FAM47E,53.4739829,-0.000774109,0.051579991,0.901692869,0.982925307
FBLN1,93.94022447,0.00152655,0.050969158,0.902086903,0.982925307
GPKOW,669.1536858,-0.00247142,0.046570848,0.901396561,0.982925307
LY6G5C,68.94062735,0.001389053,0.051241672,0.902181365,0.982925307
NRGN,447.9448337,-0.001990085,0.049654429,0.90182445,0.982925307
OGT,5809.117647,-0.003085869,0.041764056,0.901612715,0.982925307
SPIDR,1148.118282,0.002567102,0.047360645,0.901457394,0.982925307
TM7SF3,1923.29163,0.002907872,0.04492255,0.902056708,0.982925307
TMCC1,862.7528357,-0.002385012,0.047227374,0.901930974,0.982925307
WAS,3450.003618,0.00212325,0.046570137,0.902203462,0.982925307
ZNF384,1740.812342,0.002872837,0.044653543,0.902023912,0.982925307
MAD1L1,1104.597476,0.002556736,0.047246564,0.902593291,0.983033724
RASAL3,1094.900694,-0.002689044,0.047081484,0.902528516,0.983033724
SPRTN,399.3258747,0.001770017,0.050048391,0.902605944,0.983033724
SRSF9,3384.727356,0.003269621,0.040423646,0.902611403,0.983033724
PAAF1,392.9881335,-0.002425507,0.047653622,0.902768306,0.983036653
RNF19A,1306.533642,0.002507598,0.047093709,0.902694458,0.983036653
C5AR2,390.7994894,-0.002158206,0.048762644,0.903333142,0.983158447
PLPP2,33.31388578,0.000942053,0.051945582,0.903311711,0.983158447
PSMD1,2728.402776,0.003160867,0.042224285,0.902997318,0.983158447
RAB21,2309.210734,-0.002296175,0.045401734,0.903040194,0.983158447
SPACA9,74.07548172,0.001251958,0.05152931,0.903342854,0.983158447
TP53BP1,1465.084304,0.002909412,0.045866903,0.903186125,0.983158447
PHF7,216.0450429,-0.002465273,0.049813031,0.903611782,0.983367188
CFAP251,80.58368807,-0.001414124,0.051048082,0.904083387,0.983520863
IQCE,921.0315709,0.002561573,0.046970078,0.904215863,0.983520863
ITGB2,71277.71475,-0.005529155,0.042859555,0.904203473,0.983520863
LRRFIP1,6364.06897,-0.003096809,0.041801035,0.904012732,0.983520863
SERPINA1,12301.81979,0.002919525,0.045213069,0.904066699,0.983520863
TYRO3,76.26427353,-0.001357972,0.051174293,0.904082035,0.983520863
MRPL45P2,73.18186,-0.001489405,0.050839823,0.904615468,0.983871575
ACSBG1,50.88065551,-0.000916978,0.051874256,0.905284214,0.983881093
ATG4B,2560.13069,0.003064175,0.041467398,0.904743171,0.983881093
BMS1P2,67.15397385,0.001390201,0.051321398,0.905165776,0.983881093
BPGM,206.2284621,0.002029925,0.049482043,0.905204696,0.983881093
CCNT1,848.042918,-0.002321167,0.04752003,0.905352538,0.983881093
EXOSC9,513.5224974,0.002564636,0.046728064,0.904910711,0.983881093
GPC2,46.2036277,0.001062851,0.051743621,0.9051436,0.983881093
KIAA1549,37.69640089,0.001118177,0.051643858,0.905237526,0.983881093
PFKP,5542.128144,0.002753406,0.044766174,0.905066312,0.983881093
SGSM2,2432.673239,0.002985255,0.04394107,0.905395952,0.983881093
GNAL,45.0936463,0.0009981,0.051810774,0.905502169,0.983912653
FRAT1,314.6737121,-0.001990765,0.049213875,0.90566174,0.983982023
NSD1,2983.69354,-0.002611903,0.046032961,0.905720373,0.983982023
EXOSC5,437.3167389,-0.002872964,0.046541598,0.905955283,0.98399564
FGFBP3,48.56484641,0.001223975,0.051444771,0.906041636,0.98399564
GET3,2242.681641,0.002933381,0.042714646,0.905941213,0.98399564
NDUFC2-KCTD14,59.83598887,-0.001057999,0.051665255,0.906017868,0.98399564
SPMIP1,232.842789,-0.002281811,0.049743206,0.906186951,0.984069629
ATP6V1H,3958.957786,0.002907726,0.043296795,0.906468522,0.984207732
STRADA,1990.271704,0.00307678,0.04301699,0.906439026,0.984207732
HHEX,669.6984957,0.002491959,0.044938324,0.906561388,0.984224741
MBD5,401.9646368,0.001575218,0.050502554,0.906822121,0.98442398
BIN2,1403.167744,0.002922824,0.041782481,0.907075396,0.984580375
CD68,65011.80011,0.002409213,0.047507619,0.907149834,0.984580375
FAM13B,1600.63736,-0.002486929,0.046556871,0.907197871,0.984580375
AMDHD1,364.9053081,-0.002226224,0.048100504,0.907398972,0.98463099
TRIM39,648.615741,0.002453088,0.046351036,0.907333246,0.98463099
STAG3L3,406.1246451,0.002213241,0.048080052,0.907489736,0.984645672
CHRNA3,113.2047177,0.001747301,0.050390327,0.907742886,0.984647977
FNTA,1770.00254,0.002789775,0.044182434,0.907764683,0.984647977
MTND1P23,126.9338529,-0.001617315,0.050389431,0.907817402,0.984647977
NUDT5,1524.385333,0.002810428,0.044005835,0.907727322,0.984647977
PPP1R2,1106.204206,0.002746895,0.044648602,0.907878028,0.984647977
NEIL1,337.5331863,-0.001980654,0.049132465,0.908028969,0.984727911
TSPEAR,94.02969504,-0.001450945,0.05073866,0.908141672,0.984766367
ARHGAP21,2961.268025,-0.00283303,0.04301554,0.908531719,0.984980717
PLA2G4B,131.3824885,0.001395963,0.051068312,0.908571122,0.984980717
ZW10,518.8267076,0.002194972,0.048627616,0.908464563,0.984980717
MCFD2,4023.324939,0.002922688,0.041591581,0.908683084,0.985018335
COPS4,711.4064726,0.002493267,0.046630147,0.909021645,0.985158187
DVL2,1363.298072,-0.002640596,0.044462834,0.909641861,0.985158187
EP400,5121.212934,0.002630154,0.041400417,0.909714423,0.985158187
GSTCD,312.0227236,-0.001961945,0.049303641,0.909704338,0.985158187
HERC1,3761.134638,-0.002679403,0.044313649,0.909282173,0.985158187
KLF10,1115.113906,-0.002938184,0.046373017,0.909236237,0.985158187
NAT1,169.3554132,-0.001802709,0.049646236,0.90971505,0.985158187
PABIR3,279.5737713,0.002476545,0.048850601,0.909203268,0.985158187
SUN1,867.2246882,0.00178605,0.048531074,0.908989051,0.985158187
VMP1,3885.718854,-0.002459084,0.044977213,0.909739378,0.985158187
VPS4A,2082.320317,-0.002964989,0.043250998,0.909506665,0.985158187
ZNF703,951.6014182,-0.001336846,0.048690278,0.90933608,0.985158187
FBXL9P,72.94709093,0.001250985,0.051066743,0.909864988,0.985169204
GSN,48368.25322,-0.002704833,0.043682913,0.910071892,0.985169204
RNF20,1767.545125,0.002368414,0.044600064,0.910135924,0.985169204
SLC8A2,52.11635574,0.000883338,0.051892146,0.910104709,0.985169204
STAG3,248.8880784,-0.001717337,0.050114396,0.910076219,0.985169204
DNTTIP2,1326.463566,-0.002742777,0.0437265,0.910681505,0.98539015
KHDRBS1,3833.36491,-0.00257471,0.039486917,0.910453424,0.98539015
PIGV,417.0025787,0.00238848,0.046934053,0.910726499,0.98539015
RPL28,16975.80171,0.002609498,0.043655033,0.910654655,0.98539015
UTP14A,591.4728911,0.00272711,0.045113339,0.910703774,0.98539015
CAMTA1,522.3227992,0.000712137,0.04689367,0.910919697,0.985431924
FLAD1,877.1672055,-0.003023314,0.046454736,0.910846384,0.985431924
PRDX3,4825.986388,-0.002697115,0.043337993,0.911387974,0.985771212
RUFY3,1155.299555,-0.001840491,0.046022854,0.911347075,0.985771212
ATP6AP2,10839.12152,-0.002838696,0.04032045,0.911553442,0.985866545
MAP3K8,759.805343,-0.002682003,0.046827618,0.911708612,0.985867099
STRBP,309.4626887,-0.001889774,0.048816835,0.911644326,0.985867099
CCDC15,55.36918038,0.00103521,0.051618536,0.911997328,0.986035404
DND1P1,45.27239919,-0.000992122,0.051632235,0.912018942,0.986035404
FAM174A,387.1690441,-0.002266706,0.047174578,0.912133886,0.986076055
SSBP1,1432.592468,-0.002435384,0.045678655,0.912295695,0.986167357
RAC3,95.97974691,-0.001356897,0.050851307,0.912638899,0.986454712
PI4K2A,6914.405208,0.006004916,0.037649622,0.912937031,0.986693304
SNAPC1,213.135884,0.001859738,0.048661386,0.913047207,0.986728731
AHCY,4674.42769,0.005575295,0.040861866,0.914235835,0.986842039
BUD23,1622.978416,0.002775196,0.044165947,0.913995442,0.986842039
COPB2,3725.606248,0.002496361,0.042710753,0.913526903,0.986842039
COPZ2,46.00296949,0.001179952,0.051449082,0.913683838,0.986842039
GFOD3P,326.4648736,0.00191263,0.04903015,0.914364921,0.986842039
GSPT2,203.4600701,-0.001780598,0.049297193,0.913790079,0.986842039
H2BC4,56.26098153,-0.001185466,0.051354812,0.913518644,0.986842039
LBHD1,407.8168292,0.001759391,0.04818818,0.91338694,0.986842039
LEO1,678.7839408,0.002491658,0.044782989,0.914043628,0.986842039
NRDC,4253.905359,0.002697629,0.0447661,0.914390541,0.986842039
OSTM1,3677.566997,-0.002481725,0.043943128,0.913734422,0.986842039
PHACTR4,1509.841345,0.002558435,0.044243523,0.913960345,0.986842039
RASA3,2852.209435,0.00275593,0.040591483,0.913586263,0.986842039
SIGLEC14,721.5720608,-0.001253069,0.047041129,0.914154211,0.986842039
SNRNP25,817.2212516,-0.002325353,0.046257578,0.914261193,0.986842039
TRAPPC2,245.4259193,-0.001766784,0.049546724,0.9135819,0.986842039
BACE1,3685.275522,0.001652983,0.044460473,0.914649658,0.986867293
CLP1,517.1259966,0.002349215,0.046423922,0.914711465,0.986867293
NDUFA3,1166.756006,0.010867956,0.04597757,0.914800978,0.986867293
PMM1,353.0729578,0.001808159,0.049110905,0.914625419,0.986867293
TSHR,45.91230115,-0.000828427,0.051895918,0.914792801,0.986867293
ACER3,4601.090778,-0.002380157,0.044199784,0.919476013,0.987071852
ADAMTSL4,14474.92464,-0.001912899,0.045535632,0.916938322,0.987071852
AFMID,376.8866024,0.002012183,0.047919606,0.923167264,0.987071852
ALCAM,17151.85074,0.002702284,0.043642044,0.924429772,0.987071852
ALG14,367.3452869,0.001532322,0.050414643,0.919398062,0.987071852
ARHGAP26,1521.04279,-0.002194079,0.046666046,0.917549326,0.987071852
ASB16,159.3071558,0.001679139,0.04967697,0.917534708,0.987071852
ATP5MF,3700.641254,-0.002497963,0.043021273,0.923617915,0.987071852
ATP6V1B2,16695.36044,-0.004053144,0.041272682,0.918267582,0.987071852
BABAM2,802.459412,-0.002370444,0.044430836,0.916970734,0.987071852
BAIAP2,2205.492994,0.002283547,0.047571166,0.921334819,0.987071852
BCL7A,114.7895668,-0.001296115,0.050782932,0.918134934,0.987071852
BEAN1,382.8472224,0.002612559,0.047661797,0.915696737,0.987071852
BMS1,1412.756116,0.002483282,0.044631635,0.918993682,0.987071852
BRCA1,717.2203178,-0.002148689,0.045194202,0.916252933,0.987071852
BTBD7,1367.584228,-0.002287434,0.047495093,0.920838583,0.987071852
C1QL3,75.22883083,0.000836354,0.051040109,0.920492292,0.987071852
C3orf80,35.98108492,-0.000851219,0.051644493,0.921726369,0.987071852
C4orf36,88.99814455,-0.001097674,0.050940133,0.924264935,0.987071852
C8orf33,1449.600935,-0.002371757,0.041941189,0.921941705,0.987071852
CACNB3,358.3361223,-0.001982263,0.049012838,0.915130851,0.987071852
CAPNS1,7260.564752,0.002578194,0.043366077,0.918533596,0.987071852
CASP8AP2,513.4807493,-0.00175549,0.048689738,0.922037814,0.987071852
CCDC159,229.8305486,0.002200374,0.049316118,0.921060719,0.987071852
CCDC88C,143.03544,0.001411786,0.051444112,0.918810737,0.987071852
CDADC1,182.2846111,0.001634509,0.04956858,0.922129909,0.987071852
CDC42SE1,4444.379827,-0.000883328,0.040247158,0.916657779,0.987071852
CELF1,3709.032682,0.002244522,0.043064939,0.922459596,0.987071852
CEMIP2,2286.797444,0.001820835,0.046613573,0.922580397,0.987071852
CEP104,1063.75166,0.002357345,0.045046907,0.92041393,0.987071852
CORO1B,9121.2587,-0.001128554,0.047299781,0.921745753,0.987071852
CUEDC2,1209.489665,-0.002797228,0.044487287,0.918267439,0.987071852
DAPK3,1270.950936,-0.002273626,0.044630358,0.921928729,0.987071852
DCAKD,566.9080736,0.001677914,0.04848565,0.918874413,0.987071852
DYNC1LI2,3391.392478,0.002599451,0.046130496,0.920022436,0.987071852
EEF1G,27436.27204,0.002204077,0.041859584,0.916430002,0.987071852
EIF4A3,3171.814039,-0.002672666,0.041223063,0.915577809,0.987071852
ERCC3,1463.604856,0.00205368,0.042714523,0.92407937,0.987071852
ERLIN1,1215.774701,0.002329697,0.043593373,0.924346687,0.987071852
FAAH,102.6655518,-0.001085366,0.050984903,0.923609271,0.987071852
FAM210B,809.6065565,-0.001914281,0.046620666,0.923618189,0.987071852
FAT2,72.36311471,-0.001022521,0.051537718,0.924028001,0.987071852
FKBP2,1323.20524,-0.002620125,0.045362553,0.920107808,0.987071852
GALNT2,7534.48302,0.000793773,0.042965754,0.924436262,0.987071852
GBA1,5291.363795,-0.002644982,0.041141171,0.917961345,0.987071852
GPSM1,139.14141,-0.001336018,0.050790806,0.915778007,0.987071852
GRHL1,57.41088078,0.000914723,0.051720015,0.919128317,0.987071852
GRK2,7603.50122,0.001282634,0.046324359,0.915942654,0.987071852
HACE1,433.4081103,0.001959764,0.048496718,0.920066655,0.987071852
HARBI1,152.4379238,-0.00163713,0.049389137,0.91944035,0.987071852
HCCS,751.5520138,0.002259113,0.046353331,0.920768102,0.987071852
HNRNPLL,1271.667528,0.001797868,0.047293101,0.923889803,0.987071852
HNRNPUL1,7505.830247,-0.002346635,0.042909497,0.922327525,0.987071852
HSD17B12,3352.609847,-0.002405758,0.045168638,0.916043023,0.987071852
IFT88,242.5631322,0.001776882,0.04907453,0.919801161,0.987071852
ITPA,1906.733623,0.00243195,0.043746999,0.916652997,0.987071852
KCTD21,389.8002759,-0.002524214,0.048218238,0.921237041,0.987071852
KLF2P4,42.40315503,-0.000915048,0.051584107,0.920891562,0.987071852
KLHL11,224.0582751,0.001949964,0.048721731,0.918821456,0.987071852
L3MBTL3,191.9591799,-0.001441904,0.050487499,0.92198395,0.987071852
LIN52,243.061459,0.001983453,0.049879691,0.920850916,0.987071852
LMBRD2,881.8941813,-0.001020451,0.049734056,0.92292654,0.987071852
LRRC37A6P,33.22975949,-0.000763046,0.051892483,0.923665615,0.987071852
LRRC58,1818.278566,-0.003776095,0.046163801,0.921291276,0.987071852
LRRC75B,105.1540709,0.001313096,0.050786514,0.920471317,0.987071852
LSM6,1328.15565,-0.002314351,0.045206939,0.922899678,0.987071852
MITF,3325.940176,-0.002673285,0.041471122,0.916634583,0.987071852
MMGT1,999.9575195,-0.002177134,0.046852893,0.917752378,0.987071852
MPHOSPH10,683.4321731,0.002029434,0.04769391,0.922637644,0.987071852
MRPL33,530.6849124,0.001998307,0.048216552,0.915614642,0.987071852
MRPL45,1019.006361,-0.002893635,0.044058521,0.920845125,0.987071852
MRPS21,1324.865394,-0.002371451,0.045139192,0.916917864,0.987071852
NAPEPLD,276.5513286,-0.001498842,0.049907908,0.920650848,0.987071852
NDUFV2P1,113.6959028,-0.000354375,0.050752976,0.917677365,0.987071852
NIPAL2,805.3495378,-0.001529681,0.049341648,0.916782661,0.987071852
NOP53,6415.872325,-0.002329386,0.04335892,0.924385978,0.987071852
NSUN2,2330.37352,-0.002342973,0.041116653,0.923965885,0.987071852
PANO1,62.58783327,0.001090759,0.051264688,0.922545248,0.987071852
PCGF5,1442.218972,0.002191216,0.043940751,0.916455474,0.987071852
PHF20,1243.814238,0.001767264,0.045706512,0.921109228,0.987071852
PHTF1,707.2830784,-0.0021204,0.046261997,0.921562094,0.987071852
PILRB,768.0876584,0.002341262,0.046637582,0.915846803,0.987071852
PIWIL4,154.866458,0.001163755,0.051295769,0.917033358,0.987071852
PJA1,604.592994,0.001968172,0.046520383,0.923276822,0.987071852
POLR2G,1280.273121,-0.002542873,0.043912072,0.920269528,0.987071852
PPP6R2,3151.608047,0.002338279,0.045188716,0.921327822,0.987071852
PRPF6,2932.7708,-0.002274934,0.043651429,0.922990851,0.987071852
PRPSAP2,475.7648307,0.002507119,0.045901893,0.915415579,0.987071852
PSMC1P1,726.8959355,-0.000209201,0.047909267,0.919434043,0.987071852
RABGAP1,1549.370006,-0.00213622,0.046660989,0.915668285,0.987071852
RAD9B,98.51091008,-0.001401862,0.050848781,0.916576333,0.987071852
RHOU,1134.614743,-0.002364036,0.041817332,0.922881512,0.987071852
RPP21,357.3961615,0.001832816,0.048538647,0.922315279,0.987071852
RSC1A1,60.98698584,0.000724694,0.052046077,0.916503399,0.987071852
RWDD2B,345.4202588,0.001791632,0.047487944,0.915472579,0.987071852
SLC29A3,4941.571161,0.002378416,0.041890425,0.920098337,0.987071852
SLC38A2,8624.126499,0.001549479,0.043879739,0.92072,0.987071852
SMG7,1893.521501,-0.002392171,0.043962224,0.922685394,0.987071852
SPAG1,109.7026474,0.000882687,0.051551367,0.924139463,0.987071852
SPDYE6,46.17851226,0.000857306,0.051807821,0.921421292,0.987071852
SPOP,1436.633338,0.002057677,0.043114121,0.921783786,0.987071852
STXBP4,119.150822,0.001246134,0.050806958,0.918078618,0.987071852
TAF4,709.2011976,0.001725505,0.049290341,0.918243143,0.987071852
TATDN2P2,127.6022929,0.001347072,0.050199447,0.920394164,0.987071852
TBC1D5,1848.634876,0.002512813,0.04609691,0.918254747,0.987071852
TENT4B,540.4485214,-0.001812583,0.048580451,0.921187518,0.987071852
TEX10,611.1487877,0.00222709,0.046267476,0.916359503,0.987071852
TGFBR3,38.66880347,-0.000762039,0.051816884,0.923433851,0.987071852
TPCN1,1990.608339,-0.002094961,0.046827274,0.920524394,0.987071852
TRMT13,329.5135757,-0.001593821,0.050085483,0.91738486,0.987071852
USP11,1884.637317,0.002253805,0.046260167,0.917959539,0.987071852
USP39,1268.126677,-0.002357067,0.042979276,0.918580905,0.987071852
VPS4B,2134.066608,-0.002346541,0.042614766,0.923313193,0.987071852
WDR55,1702.547853,-0.002436058,0.042019558,0.919399634,0.987071852
ZBED6,1441.053462,0.001089573,0.051259014,0.915243579,0.987071852
ZDHHC19,68.90283745,0.001107281,0.051347904,0.9203968,0.987071852
ZDHHC7,4173.272373,-0.002442106,0.040742047,0.923261882,0.987071852
ZNF106,3755.362669,0.002583409,0.04409125,0.922911396,0.987071852
ZNF160,445.0510517,0.001914726,0.048520592,0.919654988,0.987071852
ZNF783,826.7875726,-0.002163048,0.045967866,0.923502246,0.987071852
ZNF815P,92.50130434,0.001338087,0.050786232,0.917936555,0.987071852
ZNRF2,1003.149901,-0.002423927,0.042857616,0.921121644,0.987071852
C1orf43,5773.698148,0.001772538,0.038694269,0.925714668,0.987088233
CFAP70,38.21958283,0.000777752,0.051821785,0.925989112,0.987088233
CHD6,1359.646827,-0.001826247,0.047716197,0.926232374,0.987088233
CLCN5,812.4032016,-0.002367512,0.045182191,0.925506206,0.987088233
ECHS1,2449.764491,0.002560159,0.042393104,0.924925224,0.987088233
FSBP,137.2458183,0.001236353,0.050773142,0.924897722,0.987088233
JMJD7,270.1610991,0.001338942,0.050356027,0.925556149,0.987088233
MOK,83.36080263,0.001057341,0.05111752,0.925503422,0.987088233
MZT2A,1022.736384,0.002077184,0.046545741,0.925809923,0.987088233
NASP,1362.68435,0.001998211,0.04648624,0.925610268,0.987088233
PCSK1,41.37366511,-0.000765115,0.051784648,0.925342632,0.987088233
PDS5B,1012.580124,-0.001694344,0.049421469,0.925698062,0.987088233
PHF5A,551.1687428,0.002174663,0.045715212,0.924560164,0.987088233
PXYLP1,43.44092218,-0.000768811,0.051779351,0.925701202,0.987088233
SCAF4,1380.615114,-0.002206044,0.044312132,0.925002129,0.987088233
SECISBP2,902.1335837,-0.002126713,0.045321691,0.924932128,0.987088233
SEM1,1160.267114,0.002281388,0.044301791,0.926110433,0.987088233
SPINK5,63.04280802,0.000929331,0.051484393,0.926164928,0.987088233
TLR6,1079.104737,0.000617545,0.046380472,0.926222518,0.987088233
TMEM135,722.1257189,0.001472786,0.049736128,0.926199725,0.987088233
ZNF197,582.7448294,-0.00191574,0.046731749,0.926098912,0.987088233
ZNF580,1116.668069,-0.001850572,0.047299206,0.924980904,0.987088233
ZNF780A,701.6893799,-0.001698124,0.048484178,0.926106534,0.987088233
ARRDC2,1605.396045,-0.002123394,0.045156175,0.926410162,0.987195182
HGSNAT,2275.164701,-0.001942241,0.043996862,0.926501214,0.987209693
GPANK1,633.7900656,0.001897949,0.046306024,0.926697527,0.987298132
TOP3B,867.7896889,0.001757028,0.048433315,0.926739097,0.987298132
AP3M1,1723.300593,-0.004302947,0.04399747,0.927510027,0.987309058
ARL16,448.1998647,0.003182828,0.047206554,0.927299519,0.987309058
CLASP1,1415.092206,-0.002040843,0.045461838,0.92756434,0.987309058
CPSF3,1112.486883,-0.001902131,0.046832059,0.927429552,0.987309058
FAM174B,210.0507178,-0.001159836,0.050187578,0.927556831,0.987309058
IFT80,291.4923326,0.001556663,0.049700399,0.927514364,0.987309058
IGLV5-52,39.42408275,-0.000793401,0.051704434,0.927624417,0.987309058
L2HGDH,222.0432884,-0.001332975,0.05009338,0.927678658,0.987309058
LGALS9,22929.11777,0.00232997,0.042255364,0.926979415,0.987309058
MBTPS2,849.372782,-0.001844014,0.047228937,0.92714923,0.987309058
SNRPD3,1865.409986,0.001781826,0.044868175,0.927186111,0.987309058
UTP3,1101.252261,-0.002096261,0.044814449,0.927507058,0.987309058
APOBR,12093.42396,-0.002778626,0.044129553,0.927925398,0.987333959
CCDC107,768.7302884,0.002083528,0.04503442,0.927934387,0.987333959
PSMA7,7989.858351,0.001996354,0.040953944,0.92784669,0.987333959
SPG11,2580.798507,-0.001852806,0.045726658,0.928090247,0.987417388
GRIPAP1,2422.003686,-0.002182539,0.041849217,0.928259813,0.987515384
WASH6P,2174.333479,-0.001966062,0.045323963,0.928441601,0.987626364
ACSL4,5690.469026,-0.002089246,0.04441164,0.92869013,0.987669632
CSNK2A1,3384.705316,0.002282518,0.041012559,0.929124587,0.987669632
METTL9,1855.513286,0.005488978,0.044093653,0.929005485,0.987669632
PGM2L1,557.9079974,0.002580046,0.045283421,0.929179509,0.987669632
PLCL1,618.3531256,0.00194624,0.04760067,0.928624398,0.987669632
PYGO1,116.6718985,0.001087213,0.051312349,0.929004388,0.987669632
SMIM10L1,658.8306198,-0.000649966,0.051866496,0.928816504,0.987669632
TMEM45B,54.45015525,-0.000841497,0.0515772,0.928984589,0.987669632
ZNF514,620.161693,0.003132978,0.047217695,0.929173684,0.987669632
GSTT1,345.9396594,-0.001425549,0.049387175,0.929344929,0.98776311
MSANTD3-TMEFF1,60.16702027,0.000960267,0.051471311,0.929541225,0.987771487
PI4KAP2,748.3909755,-0.001579774,0.045340765,0.929542725,0.987771487
ZNF22,500.6646907,0.003607904,0.047638441,0.929585246,0.987771487
OSBPL8,5317.262734,0.001852284,0.047107181,0.929942598,0.988068854
GON4L,1085.379864,-0.001135478,0.043480736,0.930081406,0.988133987
ARHGEF10,100.6006206,0.000749258,0.051914563,0.93040403,0.988287406
COMMD10,599.0511193,0.001918629,0.045717712,0.930535887,0.988287406
MYRF,95.50764075,-0.001078315,0.051005081,0.93051105,0.988287406
TAF13,900.6678118,0.001888194,0.046961296,0.930386178,0.988287406
CARD16,450.9471287,0.001366996,0.046719015,0.93081992,0.988377923
FZD8,48.83877884,0.00112366,0.051663839,0.930830268,0.988377923
NDUFA9,1547.858415,0.002201753,0.045494287,0.930964295,0.988377923
NEU3,1189.48707,-0.001405955,0.044595621,0.931052588,0.988377923
PCBP1,10622.4098,-0.003935341,0.038570822,0.931156016,0.988377923
SLC7A2,208.9325811,0.001433147,0.049234988,0.931078184,0.988377923
TMEM87B,3924.638468,0.002144547,0.044957856,0.931163796,0.988377923
BLZF1,785.4105986,0.001759471,0.048077908,0.931266988,0.988405164
ERAP2,1740.545068,0.001898231,0.046754969,0.93148716,0.988474264
THADA,797.7765108,-0.0017658,0.04721026,0.931411178,0.988474264
ARAP1,30826.87023,-0.00202013,0.043719102,0.932329735,0.988567207
CAMKMT,116.196525,0.001233165,0.050302215,0.931953871,0.988567207
EFL1,743.1170396,0.001855272,0.045172148,0.932840231,0.988567207
MEAF6,1147.055913,-0.001524861,0.044991036,0.931903295,0.988567207
PEX19,2962.695073,-0.004321341,0.042669143,0.932167461,0.988567207
PRPF31,1800.550269,0.002057642,0.044171425,0.93216489,0.988567207
SKA1,180.5636056,0.001129471,0.050612533,0.93221164,0.988567207
SMAGP,53.62793819,-0.000702131,0.051777307,0.932058748,0.988567207
SMNDC1,715.5563309,0.001935778,0.045668352,0.932652795,0.988567207
SPCS1,1533.005897,-0.001739574,0.044575874,0.932372164,0.988567207
TDRD7,982.9204446,-0.001902409,0.04562011,0.931913614,0.988567207
TLN1,28182.08195,-0.002755861,0.045639361,0.932630156,0.988567207
TMC6,8867.391024,0.002302691,0.04487566,0.932295959,0.988567207
U2AF1L4,427.6199651,-0.001584704,0.04785337,0.932778844,0.988567207
ZNF574,499.5318286,0.001631043,0.048238956,0.932865243,0.988567207
ZNF605,335.8607465,0.001239404,0.050026734,0.932892938,0.988567207
ZNF883,324.1216521,-0.001550895,0.048469238,0.932619171,0.988567207
EID2B,58.33964931,0.00090282,0.051396583,0.93300634,0.988605205
IFT56,42.97061238,-0.000746479,0.051851575,0.933245474,0.988694246
KLHL24,3596.80189,0.001646667,0.045390398,0.933172868,0.988694246
ALPK3,5452.688955,-0.001919204,0.047395226,0.933441584,0.988717793
BZW1,3852.093512,-0.00200272,0.046183684,0.933834191,0.988717793
ERI1,845.2045009,0.001585894,0.048531257,0.934120199,0.988717793
GRK4,144.8862579,-0.001155516,0.050291915,0.933362871,0.988717793
NCAPG,869.505879,-0.001635878,0.048057715,0.933830637,0.988717793
ORMDL3,898.1739028,0.001876471,0.046223504,0.933808811,0.988717793
ROCK2,1287.467146,-0.0015027,0.048000257,0.933594526,0.988717793
SPG7,3110.268105,0.00215802,0.040756781,0.93408542,0.988717793
TOB1,1650.893812,0.001671681,0.047980648,0.933536192,0.988717793
ZEB1,42.11709319,-0.000597882,0.051939895,0.93412078,0.988717793
ZNF140,309.4701687,0.001690606,0.048019965,0.933978685,0.988717793
MANBAL,656.3726578,-0.002018383,0.044796437,0.934281449,0.98880576
METTL16,929.0382552,-0.001670419,0.047201566,0.934527778,0.988902277
PEPD,6588.250511,-0.001460721,0.042878179,0.934458774,0.988902277
CSDE1,14533.76632,0.002054326,0.044026274,0.934607234,0.988904276
FOCAD,1003.619936,-0.001960165,0.047158778,0.934746554,0.988969612
UBN1,2789.47162,0.001947412,0.042712984,0.935006325,0.989162363
NUDT8,52.56475411,0.00071674,0.051529887,0.935131622,0.989212832
NT5C3B,369.6701475,0.001448123,0.047700455,0.935294997,0.989221496
XRCC1,1489.779666,0.001717862,0.04708215,0.935217599,0.989221496
ZNF202,230.9273806,-0.001155821,0.049945341,0.935588506,0.989449844
RBM15,480.9579925,-0.001923332,0.046610074,0.935888914,0.989673246
TCAF2,48.84610277,-0.000737934,0.051549917,0.935955003,0.989673246
AMBRA1,1696.062305,-0.000750257,0.04841224,0.937353213,0.989685875
ATP5F1B,17189.59838,0.000817467,0.040996381,0.937274112,0.989685875
BDH1,386.4267439,-0.001531437,0.048036301,0.936212498,0.989685875
BMS1P4,81.69103343,-0.000827154,0.051282055,0.937900272,0.989685875
CCZ1B,1259.731013,0.001009582,0.045671605,0.937297698,0.989685875
CDCP1,1010.336928,0.002643451,0.042778537,0.936624015,0.989685875
EIF3M,2433.041482,-0.001964354,0.041411594,0.937586543,0.989685875
ENDOV,186.9321824,0.000962226,0.050827508,0.938218173,0.989685875
EVC2,51.1517186,-0.000825558,0.051350681,0.936600129,0.989685875
FZD3,47.62913277,0.000575401,0.051966681,0.937804879,0.989685875
HDHD5,1290.067016,-0.001979567,0.044086067,0.936496993,0.989685875
INSM1,45.38030253,-0.000734314,0.051580841,0.936948819,0.989685875
INTS8,794.9603456,-0.001237639,0.049089014,0.937412682,0.989685875
KLHDC10,1183.302741,-0.001839709,0.045823893,0.936958992,0.989685875
MARK4,1094.847347,-0.00438093,0.04943094,0.938143947,0.989685875
MICOS10,2091.420259,-0.001853897,0.044158022,0.937756802,0.989685875
PEX6,1032.428972,-0.001491156,0.046849716,0.938039751,0.989685875
PNRC2,2225.134541,0.001584652,0.044547263,0.937416984,0.989685875
PPM1N,116.6080516,0.001108472,0.05058375,0.937681579,0.989685875
PPP1R15B,3436.286412,0.001542651,0.041627366,0.93799853,0.989685875
PSMB10,2636.176641,0.002163844,0.043654009,0.937153069,0.989685875
RUSF1,2151.52007,0.00177837,0.045107277,0.937496113,0.989685875
SYT15B,114.4521753,0.001569698,0.050772348,0.936936348,0.989685875
TOPBP1,1344.676366,-0.001757023,0.045434513,0.937338807,0.989685875
TRIM33,2201.783991,-0.001940656,0.044636341,0.93676287,0.989685875
VASH1,11387.06982,-0.002686276,0.04184241,0.936584672,0.989685875
ZNF256,90.5262666,0.000991646,0.050890492,0.938202996,0.989685875
ZNF37A,514.7476287,-0.001373464,0.048886779,0.937051806,0.989685875
ZNF74,307.6948692,-0.001330424,0.049232306,0.936687277,0.989685875
KBTBD6,189.4414289,-0.001474011,0.048901065,0.938398689,0.989734702
PIK3CG,3179.882972,-0.001732911,0.045332557,0.938419725,0.989734702
ZNF503,1509.592173,-0.001698084,0.04876658,0.938622133,0.989866289
CKLF,2299.120098,0.001776818,0.044443915,0.938859098,0.989952414
NPIPB11,1230.943237,0.001712015,0.04642268,0.93885727,0.989952414
BOLA1,155.3158064,0.0011623,0.050057588,0.93953639,0.989998306
DHRS1,569.9411057,-0.001751102,0.0457938,0.939529385,0.989998306
FCSK,729.3713253,0.002372426,0.048323913,0.939398756,0.989998306
GLRX,2551.100355,-0.001806528,0.043900762,0.939117396,0.989998306
GTF3C2,2397.24021,0.000775948,0.043803777,0.939091929,0.989998306
LMTK2,663.9720085,-0.001663298,0.045826668,0.939507768,0.989998306
MRPS7,1604.070889,0.001289519,0.043973707,0.939601499,0.989998306
PKD1L2,48.66702082,0.000777683,0.051489547,0.939563789,0.989998306
SOX8,48.89421805,-0.000796004,0.051391757,0.939140418,0.989998306
DHRS4,1632.821496,-0.002424757,0.04417271,0.939706956,0.9900276
GART,1851.575111,0.001825262,0.044078627,0.939784984,0.990027992
ACSS1,1393.824791,0.001861379,0.043244742,0.940180341,0.990123296
ATP5PB,3778.015223,-0.001538768,0.047078653,0.940140732,0.990123296
BAMBI,41.38523901,0.000652186,0.051736894,0.940186102,0.990123296
LMF1,514.8882933,0.00133317,0.049497607,0.94008279,0.990123296
CFAP157,43.88356517,0.000631154,0.051812284,0.94036119,0.990200169
MYO1E,5874.614006,0.001635127,0.046569959,0.940492105,0.990200169
NTAQ1,148.8086536,-0.000195378,0.050675359,0.94045562,0.990200169
ACTL10,41.61693968,-0.000692846,0.051534723,0.941386289,0.991059769
ABCA1,4832.251338,-0.003920328,0.045502492,0.945376081,0.991108661
ADAM8,144.9069714,-0.000740028,0.051075286,0.947637972,0.991108661
ADSL,1502.531315,-0.002012066,0.044038465,0.944266011,0.991108661
AIFM3,132.0984023,-0.000981356,0.050073156,0.946621596,0.991108661
AIRIM,324.0070959,-0.001206603,0.048989069,0.943330541,0.991108661
ARHGEF9,648.2437586,-0.000325679,0.048898151,0.941572499,0.991108661
ATXN7,1017.953629,-0.001015775,0.047182853,0.948693093,0.991108661
CA5B,240.3123605,0.001100605,0.049484304,0.948171506,0.991108661
CASP3,1161.833069,-0.001551213,0.045126946,0.946199006,0.991108661
CDK2,482.5154961,0.001338608,0.048906058,0.942493415,0.991108661
CHIC1,79.48175663,0.00091906,0.050769863,0.944329375,0.991108661
CILK1,406.2086172,-0.001378328,0.047062242,0.945971621,0.991108661
CYP2D7,69.75086697,0.000885495,0.051245894,0.947099408,0.991108661
DDX12P,103.8492707,0.001100451,0.050721626,0.942009291,0.991108661
DLL1,46.04062324,-0.000479154,0.05189906,0.948205594,0.991108661
DLX4,82.05170457,0.000749968,0.051326758,0.945122795,0.991108661
EIF3L,5861.636746,0.00179741,0.042322597,0.943547278,0.991108661
ELAPOR2,138.7168038,-0.000892084,0.050577821,0.945314241,0.991108661
ERRFI1,353.3068277,-0.001210237,0.048528466,0.946662871,0.991108661
ESRRA,2463.42631,0.007011457,0.044679384,0.942941553,0.991108661
ETF1,3930.092592,-0.001575284,0.043842483,0.945218951,0.991108661
ETFDH,1437.3849,0.001917428,0.042681249,0.945009137,0.991108661
EWSR1,7069.585795,0.000771401,0.035942921,0.945158495,0.991108661
FAM219B,1455.245048,0.001866744,0.044763024,0.94259801,0.991108661
FGGY,188.8309806,0.001049035,0.05034564,0.944637852,0.991108661
FPR1,61.91845049,-0.000533094,0.051753455,0.948432679,0.991108661
GCAT,67.76277521,0.000844913,0.051647189,0.946418451,0.991108661
GEMIN7,362.2144782,-0.001587407,0.04715113,0.942217661,0.991108661
GMCL1,401.060005,-0.000608627,0.049595096,0.945570189,0.991108661
GSPT1,3787.324263,-0.002566285,0.044062369,0.94613321,0.991108661
GSTO1,7634.818062,0.001110857,0.042206304,0.947755854,0.991108661
HAPSTR1,3122.948284,-0.006236547,0.040230377,0.94483976,0.991108661
KCNAB2,11275.86426,0.000507134,0.043680204,0.948415691,0.991108661
KIAA0232,1746.835674,-0.001007152,0.046104994,0.948318634,0.991108661
LATS1,1015.858183,0.001458204,0.047100078,0.945130343,0.991108661
LDB1,4413.860578,0.00150639,0.046696623,0.94487157,0.991108661
LHX4,48.00492921,0.000556434,0.051633658,0.946854786,0.991108661
LIME1,184.910161,0.000897961,0.050339724,0.947595718,0.991108661
LOXL1,48.14916214,0.00057409,0.051763387,0.947919175,0.991108661
LPIN1,1060.365739,0.001202398,0.048542223,0.946346648,0.991108661
LTO1,640.3792109,-0.001488888,0.046606924,0.944444597,0.991108661
LUZP1,2067.975824,-0.001631473,0.042523795,0.94641251,0.991108661
LYNX1-SLURP2,50.99224615,-0.000632516,0.05152436,0.947092829,0.991108661
MAGED1,1291.059386,0.00148943,0.045948941,0.947507149,0.991108661
MFSD5,1132.196864,0.002001692,0.042852558,0.946010282,0.991108661
MIS18A,239.2602697,0.001289205,0.048917315,0.943022545,0.991108661
MYG1,753.5089548,0.00165981,0.047586374,0.946780142,0.991108661
NDUFA11,2340.350323,0.001307685,0.043677058,0.941951436,0.991108661
NDUFC2,2303.039181,0.001776683,0.044654393,0.944029355,0.991108661
NSUN3,349.6179275,-0.001284932,0.04860676,0.943264773,0.991108661
OR5A2,96.81611797,-0.000971634,0.050504745,0.943161677,0.991108661
PFDN2,1222.50836,-0.001465302,0.044518585,0.944163503,0.991108661
PHC3,1685.567784,-0.000617993,0.051714674,0.942389024,0.991108661
PIPOX,227.656286,0.00103462,0.049619942,0.945121631,0.991108661
POLR2J2,247.4780104,-0.001161621,0.049491339,0.942872083,0.991108661
PRR13,4667.549113,0.001641902,0.043916182,0.944810107,0.991108661
PSENEN,1150.051589,-0.001826801,0.045675409,0.947430709,0.991108661
PSMD11,1973.049879,0.000923978,0.045915359,0.941779411,0.991108661
PTPRB,125.2431415,-0.000659704,0.05156312,0.94224011,0.991108661
QRSL1,560.0763382,-0.001747274,0.045740984,0.948241391,0.991108661
RAB28,281.0819623,0.001275616,0.048370696,0.947479633,0.991108661
RAB31,7879.279762,-0.000766332,0.038528584,0.948017665,0.991108661
RBM6,1919.360548,0.001705219,0.045638917,0.948035101,0.991108661
RETREG3,1752.798822,0.001308217,0.046415243,0.947120169,0.991108661
RNF40,3452.178635,0.000483698,0.039752055,0.944530582,0.991108661
RORA,64.18941314,-0.000489258,0.051773201,0.946365083,0.991108661
SCD5,41.37372232,0.000580025,0.051680222,0.945312404,0.991108661
SDHAP2,599.8421219,-0.001472936,0.047001391,0.945123054,0.991108661
SERTAD3,883.4548493,-0.001289192,0.047314734,0.948682632,0.991108661
SMAD5,953.8763753,-0.001111385,0.049265282,0.942445391,0.991108661
SMIM29,628.8867778,-0.001330396,0.048638966,0.944317094,0.991108661
SMUG1,527.1672804,0.000781147,0.047920709,0.943731114,0.991108661
SUPT20H,978.4709265,0.001220775,0.047460091,0.94714156,0.991108661
TACC3,2239.401391,0.00287137,0.042458603,0.948740301,0.991108661
TENM4,49.12575543,0.000446226,0.052077505,0.947283787,0.991108661
TMED1,1270.296074,0.001890739,0.044079995,0.948379578,0.991108661
TMEM64,322.2111788,0.001115606,0.048916721,0.943348595,0.991108661
TOMM5,1626.253029,0.001868332,0.044429658,0.947339461,0.991108661
TRIM58,75.28714645,0.000757625,0.051267921,0.945905045,0.991108661
TSSK5P,32.77674869,-0.000539849,0.051804366,0.946321659,0.991108661
TTBK2,582.8611204,-0.001201399,0.04920475,0.942601048,0.991108661
TTC23,669.3312604,-0.002242657,0.047397828,0.94656106,0.991108661
UBE2Q1,2664.889878,0.001317114,0.048486923,0.945718517,0.991108661
UHMK1,3498.097122,0.002224283,0.046180829,0.947902398,0.991108661
VAMP1,261.2189569,0.001180734,0.049795771,0.943520236,0.991108661
VPS72,857.237535,-0.001522492,0.045053369,0.946200747,0.991108661
WBP1L,2686.981487,-0.001797979,0.039202391,0.947055885,0.991108661
WLS,539.2877287,0.001174496,0.047918763,0.948561183,0.991108661
YY2,51.82700841,0.000725983,0.051505243,0.9423874,0.991108661
ZMAT5,339.2550111,0.001370924,0.047554026,0.947903398,0.991108661
ZNF426,366.977865,-0.001416499,0.047035574,0.944845384,0.991108661
ZNF484,67.94163815,0.00090939,0.051320562,0.94836356,0.991108661
ZNF782,105.0260243,0.000631813,0.051725859,0.944772804,0.991108661
ZNF816,120.2996704,0.000900498,0.050883391,0.943101835,0.991108661
ADAM32,245.7569179,-0.001014658,0.049318127,0.950618771,0.991114732
AKT3,288.8548011,0.000926588,0.049483842,0.95004555,0.991114732
ALDH3A2,1862.530593,-0.0012588,0.046391223,0.952830235,0.991114732
ANKRD44,1133.33075,0.000572371,0.051680163,0.953099586,0.991114732
AP5B1,6444.828203,0.001395738,0.0450632,0.95248748,0.991114732
BCCIP,961.7719753,0.001383505,0.045313223,0.950013885,0.991114732
CCNA2,812.7104196,0.001315123,0.047967122,0.951633689,0.991114732
CCT6A,3691.109489,0.001513522,0.044086274,0.950394565,0.991114732
CDR2,841.5358389,0.001463973,0.046337575,0.951065966,0.991114732
CNTLN,468.1109563,0.001222499,0.047759397,0.951936109,0.991114732
COG1,750.1369988,-0.001314754,0.045430201,0.951101234,0.991114732
CRYBG3,977.5994425,-0.0010765,0.048419713,0.951494657,0.991114732
CYP2U1,231.7625097,-0.001109963,0.047986509,0.950528526,0.991114732
DDO,38.97035143,0.000608432,0.051665412,0.9498868,0.991114732
DIRAS2,90.63283836,0.000617045,0.051529188,0.950919063,0.991114732
DYNLT2B,127.3266289,0.001033108,0.049931764,0.950868677,0.991114732
EIF1AD,718.0125918,0.001466626,0.046293889,0.951670915,0.991114732
EIF5B,3811.429812,0.00424022,0.044659136,0.951988169,0.991114732
EML6,45.33951873,-0.000360113,0.052092432,0.952021128,0.991114732
FAM220A,291.1615646,0.001171235,0.048557834,0.950947939,0.991114732
FAM241B,131.8343592,0.000815028,0.04968219,0.951998073,0.991114732
FBXO34,791.3124121,0.002254107,0.043736679,0.951666983,0.991114732
FBXO5,279.4698232,-0.001218955,0.048107915,0.952889573,0.991114732
FOXK1,1713.496441,-0.001391235,0.045570131,0.950797021,0.991114732
GPATCH8,2177.022414,0.00154083,0.044008998,0.951599151,0.991114732
HTATSF1P2,171.5788818,0.001022591,0.049907378,0.950873652,0.991114732
HYKK,39.34661078,-0.000492179,0.051780504,0.950890361,0.991114732
IBTK,2285.73872,0.001563083,0.046596397,0.952764108,0.991114732
IKBIP,600.5989176,0.001362796,0.047690147,0.949434267,0.991114732
JADE3,38.10294678,-0.000461908,0.051823562,0.952946487,0.991114732
JSRP1,49.4412252,0.000587795,0.051613348,0.950077516,0.991114732
KIAA1143,1017.667099,-0.001553582,0.043084247,0.948946609,0.991114732
LARP1B,301.0543054,-0.000964084,0.049411911,0.953005537,0.991114732
LIPE,45.31329021,0.000553239,0.051643354,0.952461219,0.991114732
MOV10,3435.663496,-0.001650488,0.043214091,0.952579516,0.991114732
NCALD,38.84844629,-0.000543694,0.051689427,0.950301751,0.991114732
NEDD1,468.9986147,-0.001041774,0.049125687,0.950642893,0.991114732
OAZ3,45.76690207,-0.000545996,0.051602974,0.952619218,0.991114732
PARPBP,207.1067599,-0.000909749,0.049678601,0.952300333,0.991114732
PLEKHA8,472.8065655,0.001067629,0.049387068,0.952366211,0.991114732
PSAP,287771.3433,0.001547424,0.041338669,0.952715132,0.991114732
PSMB3,2592.593807,-0.001351661,0.042778324,0.952077552,0.991114732
RAB11FIP1P1,244.453418,0.001023238,0.04940101,0.950687041,0.991114732
RAD17,618.3664766,-0.001346105,0.047282981,0.949599204,0.991114732
RDH13,390.2542217,-0.001023692,0.048458518,0.951245634,0.991114732
RPLP2,6476.688635,-0.001763875,0.045793244,0.950515342,0.991114732
SLC29A4,44.48243389,-0.0005252,0.051645842,0.952796297,0.991114732
SPAG5,775.7260918,-0.001213384,0.047368974,0.95215609,0.991114732
TPCN2,1519.49431,0.001275926,0.046811722,0.952777449,0.991114732
TPRA1,2400.552343,0.001922388,0.045875903,0.94928049,0.991114732
TSEN54,456.724639,0.001048734,0.048798917,0.95273951,0.991114732
TULP3,349.5219907,-0.001157062,0.047624787,0.951187027,0.991114732
WDCP,200.5982389,0.000956894,0.050011831,0.951062981,0.991114732
XYLB,159.1563423,-0.000704347,0.050754395,0.950548349,0.991114732
ZNF143,496.357327,-0.00098517,0.049007741,0.953066269,0.991114732
ZNF532,704.9418994,0.001371794,0.047008046,0.949225475,0.991114732
RPL10A,9485.266186,0.001791149,0.042023714,0.953273539,0.991214774
DUS4L-BCAP29,216.751102,-0.000889736,0.049217968,0.953559412,0.991431165
ISYNA1,1039.944248,-0.001208806,0.046640614,0.954049586,0.991859918
FBXO41,1507.14647,0.00123754,0.046855296,0.954290159,0.992029129
ZNF587,642.3585061,-0.000956248,0.048956603,0.954373299,0.992034667
ANKRD30BL,123.2006831,0.0010559,0.050991448,0.956049442,0.992159084
ANKRD49,340.1592104,-0.001165367,0.048055884,0.955360169,0.992159084
CD36,24880.42544,-0.000929466,0.048894751,0.95600086,0.992159084
DIABLO,974.7521636,-0.001274534,0.045050346,0.95533444,0.992159084
GIPR,110.956494,0.000711408,0.050929739,0.954781368,0.992159084
GPRASP2,96.11180644,0.001098936,0.050638598,0.955512969,0.992159084
IP6K1,2029.273392,-0.00181822,0.047269636,0.955919792,0.992159084
KPNA4,3133.535184,0.000821101,0.045101524,0.955265753,0.992159084
LIN54,750.0085198,0.001147494,0.04649296,0.955746714,0.992159084
METAP1,1088.447114,0.000823884,0.043756853,0.956016897,0.992159084
MT-ND4,242876.8162,-0.001364624,0.041576783,0.955906326,0.992159084
NUBPL,190.3421038,0.000716043,0.050552151,0.955676872,0.992159084
PHF3,2254.937373,-0.001044483,0.046620301,0.955955528,0.992159084
PPP2R5B,566.474439,-0.000935987,0.049415335,0.955647492,0.992159084
PUM1,3515.987212,-0.001624287,0.042022379,0.955098349,0.992159084
SF3B3,2994.926717,0.00117229,0.047274338,0.955664324,0.992159084
SPEF2,33.83483412,-0.00044552,0.051792745,0.955315424,0.992159084
STRN3,532.5437486,-0.000971161,0.048767626,0.955887217,0.992159084
ZFYVE16,2979.47278,0.001455054,0.045197529,0.955364503,0.992159084
ZNF496,1385.514432,0.00236504,0.046243845,0.955032386,0.992159084
IKZF3,71.37645341,0.000636481,0.051089701,0.956363322,0.992404037
ANO9,55.71461683,-0.000371934,0.051964733,0.956953044,0.992533187
ASTN2,168.335365,-0.000847841,0.049622434,0.956647616,0.992533187
DSEL,38.75890958,-0.00047555,0.051670053,0.957661474,0.992533187
HIRA,2135.214138,-0.001327761,0.042029257,0.956880418,0.992533187
IL16,330.2398553,0.000939951,0.04876691,0.957009477,0.992533187
JAG1,693.8928345,0.001271789,0.046147725,0.957667411,0.992533187
MYL3,34.868355,-0.000393008,0.051856705,0.957303636,0.992533187
PRKAA1,1665.811768,0.001024101,0.048404552,0.957643581,0.992533187
RCBTB1,632.1213135,0.001119423,0.046277954,0.957503368,0.992533187
RPSA2,644.7452785,0.001199287,0.045964635,0.957811264,0.992533187
SIGLEC22P,59.14743035,-0.000556216,0.051318763,0.957741809,0.992533187
SLC50A1,1197.239074,-0.001105444,0.042691304,0.957602238,0.992533187
TAOK1,4191.413004,-0.001879184,0.047001723,0.956847759,0.992533187
TRIOBP,2193.866946,0.001457354,0.038958847,0.956956103,0.992533187
TTC8,559.6468695,0.000735744,0.049145871,0.95760384,0.992533187
UBE2J2,1720.210726,-0.001624698,0.042735733,0.957550963,0.992533187
ZNF773,193.9356517,-0.000908184,0.049730893,0.95770761,0.992533187
ACVR2A,394.3999451,-0.000911795,0.048061826,0.958760578,0.992590965
CNTNAP1,59.79966794,0.000557322,0.051472018,0.958404328,0.992590965
COPS3,1149.028918,0.001475757,0.04610064,0.95818681,0.992590965
DENND1B,1325.587482,-0.001064102,0.048401213,0.958681181,0.992590965
IFI44L,3603.604756,-0.000561271,0.051157431,0.958737165,0.992590965
KCNK6,2671.718965,0.001200772,0.043364487,0.958319807,0.992590965
KMO,839.9035119,-0.001055967,0.046871569,0.958879762,0.992590965
MANF,1212.826135,0.001216408,0.044971772,0.95829657,0.992590965
MKKS,432.5768015,-0.001042179,0.047184467,0.95895701,0.992590965
PPA2,867.1075654,0.000965555,0.048296118,0.95806754,0.992590965
PRIM2,193.9567255,-0.001302902,0.049415273,0.9588216,0.992590965
SLC35E2B,2807.879282,0.001204593,0.042964376,0.95869284,0.992590965
SPDL1,578.2425893,-0.000942707,0.048749393,0.958761256,0.992590965
ZNF23,207.6623386,0.000716811,0.050593496,0.958729435,0.992590965
UNKL,457.8591772,-0.000892964,0.048777539,0.959394628,0.992963315
PPP1R13L,125.5426765,0.000246378,0.050879678,0.959531753,0.993024622
CCDC142,445.3081489,0.001143716,0.047450021,0.959920214,0.993049288
CORO1A,5295.832482,0.001196581,0.045490722,0.960078177,0.993049288
DDIT3,1554.322654,0.001479496,0.042493473,0.960015038,0.993049288
IL10RA,3817.853079,-0.000858163,0.046288989,0.960299185,0.993049288
KHDC4,1200.370288,-0.001535835,0.045607026,0.960370862,0.993049288
SLC34A3,34.89501494,-0.000525016,0.051770357,0.959676088,0.993049288
SNX3,7121.488975,-0.001561053,0.041811949,0.960386771,0.993049288
TGFBRAP1,1559.974246,0.000611664,0.043516198,0.960327269,0.993049288
TMED2,5277.638676,-0.001998972,0.042482787,0.96002391,0.993049288
ZCCHC24,795.7265826,0.001101939,0.044600284,0.95997276,0.993049288
ZNF770,964.5754055,-0.000934051,0.046130662,0.960412402,0.993049288
DNAJC17,465.4142429,-0.001099369,0.046097577,0.960643434,0.993207618
FAU,4561.368932,-0.00135959,0.04415782,0.960991808,0.993406678
GNB1L,165.9958112,0.000823357,0.049497756,0.960926994,0.993406678
COPS7B,1095.288039,0.001559645,0.0441151,0.96143311,0.993540627
KLHL35,41.12974254,-0.000437681,0.051600417,0.961236866,0.993540627
RSKR,547.33736,0.000982183,0.047119187,0.961399114,0.993540627
SUCNR1,1787.835543,-0.001019848,0.047181172,0.961376701,0.993540627
FAM78A,4018.90049,-0.001482864,0.043149216,0.961592006,0.993543762
STARD13,402.0543717,0.000904406,0.048444584,0.961551641,0.993543762
AP1G1,2988.410339,-0.001140865,0.045156434,0.961827975,0.993590886
CEP19,112.2573413,0.000677512,0.050472856,0.962177059,0.993590886
FAM151B,159.7952904,0.000558839,0.050098824,0.962194593,0.993590886
HTATSF1,1167.325514,-0.001075471,0.045364257,0.961997723,0.993590886
IGFLR1,374.1517938,0.000733613,0.049998858,0.962261093,0.993590886
TMEM39B,337.9535785,-0.000890184,0.048590178,0.961821428,0.993590886
VPS26B,2126.220294,-0.001223214,0.040847479,0.962025275,0.993590886
ZNF564,233.8987032,-0.000668999,0.05007933,0.962148719,0.993590886
ALKAL1,37.02449661,0.000432694,0.051717433,0.962734531,0.993915413
MAP1A,88.13152858,0.000560753,0.051081836,0.963043148,0.993915413
RBBP5,645.1419593,-0.001411634,0.047231649,0.962960165,0.993915413
RNF167,2101.471749,-0.000998287,0.045830439,0.963023184,0.993915413
SORBS1,85.55157295,0.000609106,0.050819145,0.962857991,0.993915413
TMEM191C,53.24478456,0.000352221,0.051889385,0.962817035,0.993915413
B3GALNT2,606.2769691,0.000970697,0.045677317,0.963420677,0.994163092
MRFAP1L2,272.3599244,-0.000903574,0.048254111,0.963439094,0.994163092
DFFB,179.3487022,-0.000623757,0.050542019,0.963698985,0.994183213
LHFPL5,113.6406895,-0.000619573,0.050313877,0.963755941,0.994183213
NDUFV1,4305.284739,-0.000890115,0.044646086,0.963770517,0.994183213
ZNF232,264.5963779,0.000977155,0.049028267,0.963757765,0.994183213
ABHD17B,354.9386307,-0.000880808,0.047937346,0.964130824,0.994283508
ANKRD17,3217.642219,0.000983535,0.046652121,0.964413669,0.994283508
ASB1,2005.151276,-0.00091531,0.045362879,0.964221862,0.994283508
CELSR1,3273.910258,-0.000692467,0.043853458,0.964357927,0.994283508
DNAH1,705.7800339,0.000885025,0.049511187,0.964370921,0.994283508
SCFD1,1467.060414,0.000822716,0.046428973,0.964186686,0.994283508
SPTBN5,240.6067867,0.000682167,0.05014931,0.964204946,0.994283508
BAX,4611.638739,0.000865662,0.046737033,0.964705844,0.994504311
NPC1,8987.973618,-0.002955136,0.04174461,0.964922007,0.994646723
MVB12A,1021.253034,-0.000981986,0.047827057,0.965118377,0.994768711
LGALS12,42.94142902,-0.000302412,0.051996851,0.965197381,0.994769718
CTNS,3270.425039,-0.00113905,0.041675323,0.965743826,0.994769979
DDX54,2786.290921,0.000227503,0.048002887,0.965742186,0.994769979
MAK,34.2347367,0.000227142,0.05172537,0.96563069,0.994769979
NECAB3,394.7269075,0.000723527,0.049542643,0.965606075,0.994769979
NUP37,337.298416,-0.00067022,0.049514087,0.965714886,0.994769979
POMZP3,340.5606557,-0.000882531,0.048212198,0.965608047,0.994769979
QSOX1,8934.467487,0.002390604,0.046016817,0.965613231,0.994769979
WASHC5,1757.561287,0.000944647,0.046784629,0.965925939,0.994877185
ACE,3754.841826,0.001314928,0.045794048,0.966650464,0.995060699
ASH2L,1418.000519,-0.000820282,0.046255554,0.966408786,0.995060699
CDKN2AIPNL,336.2652408,-0.000895987,0.047766241,0.966513727,0.995060699
RUNDC1,898.2990574,0.000984562,0.045483145,0.96648167,0.995060699
TMEM163,273.9409366,0.000976961,0.047605994,0.966288091,0.995060699
TXN2,1872.79695,-0.001013257,0.042613731,0.966640462,0.995060699
ZNF599,65.24299778,-0.000482259,0.05105134,0.966231333,0.995060699
CDC40,1114.400476,0.000637494,0.044803118,0.967634958,0.995591807
DAD1,2624.447306,0.00108241,0.043977691,0.967388157,0.995591807
FLT3LG,72.79854971,-0.000510505,0.050883138,0.96730869,0.995591807
SNAPC3,848.6046083,-0.000797495,0.047219987,0.967538703,0.995591807
TMEM39A,745.9169078,-0.000323376,0.046197783,0.967412858,0.995591807
ZNF473,181.2381726,0.000337567,0.050247606,0.967573362,0.995591807
TRIM54,76.16979871,0.000401,0.051284233,0.967826721,0.995708753
MAP7D3,165.6068847,0.000488474,0.051443014,0.968017764,0.99582494
ADGRG5,112.9593514,0.000435269,0.051210847,0.970282062,0.995855106
AGAP4,244.711809,0.000532597,0.050410606,0.970548101,0.995855106
ALG5,642.6965654,0.000917762,0.046164995,0.969201358,0.995855106
AMZ1,118.882376,0.000568135,0.05034669,0.969356326,0.995855106
BLMH,1187.089799,0.000604623,0.043436767,0.970468067,0.995855106
CALM1,12282.36148,0.000879772,0.040579791,0.968608492,0.995855106
CASTOR2,421.1517622,0.0008307,0.048805551,0.969558971,0.995855106
DGLUCY,2460.910051,-0.000801387,0.044288985,0.971000545,0.995855106
ESPL1,808.8962407,0.000774878,0.048527551,0.96847847,0.995855106
FGF11,95.24576039,-0.000391982,0.051067668,0.971114135,0.995855106
GEMIN2,131.1581517,-0.000563417,0.05016235,0.968252831,0.995855106
GLCE,723.3261653,0.001527459,0.045918111,0.968630775,0.995855106
IFT70B,110.7990662,0.000683867,0.050536222,0.97026582,0.995855106
IGF1R,301.6012794,-0.000447201,0.049928229,0.969353816,0.995855106
KCNN1,56.10820343,0.000260423,0.051970235,0.971171585,0.995855106
LYPD1,155.6544528,0.000456054,0.051271659,0.968681535,0.995855106
METTL2B,467.2550199,-0.000511806,0.0493805,0.970931175,0.995855106
MPND,1291.82417,0.001269621,0.044272893,0.969303975,0.995855106
NCF4,2196.741234,0.000941643,0.042502364,0.969759847,0.995855106
NOTCH3,61.13297285,-0.000244146,0.051993216,0.9700595,0.995855106
OR4K17,48.90417629,0.000396292,0.051407056,0.971000145,0.995855106
PHF8,1000.730952,0.000835667,0.045669543,0.970664498,0.995855106
POLE,958.8871127,0.000847869,0.047659832,0.968657215,0.995855106
PPIP5K1,1362.756619,-0.000627717,0.049263233,0.96917332,0.995855106
PRKAG3,54.70257495,-0.000393717,0.051188701,0.970370739,0.995855106
QRICH2,58.45522192,0.000399675,0.051558824,0.970568499,0.995855106
RASSF5,2135.583825,-0.000889898,0.043790217,0.969904393,0.995855106
SAMHD1,28644.94247,-0.004804305,0.038847346,0.969873071,0.995855106
SCIMP,1580.437572,0.000906023,0.044579831,0.97017553,0.995855106
SEL1L,8352.285004,7.15E-05,0.0488913,0.969380379,0.995855106
SHOC2,1400.48888,-0.000545848,0.046084545,0.968408916,0.995855106
SLC25A51,407.0713441,0.000839084,0.047004648,0.968827336,0.995855106
TRAPPC14,1613.982862,0.000807655,0.046281586,0.970930973,0.995855106
TSEN2,313.8699938,-0.000884598,0.048024411,0.970725602,0.995855106
VGLL3,51.23458284,-0.000314332,0.051633569,0.971047234,0.995855106
XKR8,688.7187418,0.000925357,0.046082816,0.970730255,0.995855106
ZNF471,65.67851645,-0.000155751,0.051609822,0.970652706,0.995855106
ZNF554,147.3754101,0.0002528,0.050193033,0.968379155,0.995855106
ZNF649,265.2037787,0.000614968,0.049354977,0.96982913,0.995855106
ZZEF1,4291.66563,0.00084126,0.044795519,0.970452986,0.995855106
PTPN9,3185.493802,-0.000582882,0.047899629,0.971331288,0.995858673
SMG6,1221.92242,0.000700699,0.04812601,0.971264032,0.995858673
BEND3P3,76.08869294,-0.000339968,0.051252053,0.971453587,0.995903971
AVPI1,996.3089557,-0.000684253,0.047591941,0.971539035,0.995911486
EGR3,65.63458645,-0.000191191,0.051910423,0.971652978,0.995948208
THAP2,141.5324104,0.000268597,0.050415076,0.971779364,0.995997677
ATP5MF-PTCD1,174.2207121,-0.00052571,0.049693721,0.972668609,0.996051902
CA11,149.0200313,-0.000391185,0.050988318,0.972527453,0.996051902
CASP2,677.3252219,0.000603985,0.048716948,0.972918492,0.996051902
EFCAB13,188.7266182,-0.00035672,0.049818999,0.972352443,0.996051902
EPB41L3,3708.50905,0.000922212,0.041523519,0.972949735,0.996051902
LRIG1,79.98444404,0.000429013,0.051018056,0.972602887,0.996051902
MTRF1L,707.0422451,-0.000710627,0.046226762,0.972068654,0.996051902
MTX1,2731.016597,-0.000734068,0.043994716,0.972753289,0.996051902
PAIP2,1992.678417,0.000942796,0.043587162,0.972986864,0.996051902
RPS6KA5,532.887631,-0.00065778,0.047661003,0.972728663,0.996051902
RRM1,1096.540019,0.000745008,0.046981126,0.972328871,0.996051902
SLC25A45,355.9831912,-0.00053177,0.049793983,0.973004187,0.996051902
USP25,3047.415257,-0.000902596,0.044632174,0.972479668,0.996051902
ZNF200,345.9414044,-0.000714411,0.04720789,0.972804732,0.996051902
ZNF317,1572.84337,-0.00075011,0.041120429,0.97271755,0.996051902
CCDC74A,40.06007917,0.000275988,0.051800863,0.973315597,0.996150724
MTSS1,1201.340817,0.000793332,0.046592653,0.973548747,0.996150724
P4HA2,595.9657871,0.000715716,0.04721498,0.973569537,0.996150724
SCML1,417.5299493,-0.000497217,0.048711907,0.973551172,0.996150724
ZNF324B,178.1569346,-0.00041087,0.050679353,0.973439065,0.996150724
ZNF442,75.63431573,0.000375516,0.05121866,0.973510985,0.996150724
ATE1,1044.758801,-0.000664519,0.045524238,0.975240913,0.996284583
CIBAR1,140.1194296,0.000500755,0.050390562,0.974575884,0.996284583
CIDECP1,149.1336747,0.000850725,0.050014857,0.975086145,0.996284583
DENND1C,1135.05748,-0.000619756,0.047013185,0.974598355,0.996284583
EXOC6,448.8101716,-0.000618259,0.049062408,0.974623169,0.996284583
FAHD2A,579.9641611,-0.000337743,0.045971868,0.975030263,0.996284583
HNRNPD,5442.343038,-0.001417069,0.041111531,0.975218029,0.996284583
HSPB7,37.3522603,-0.000225045,0.051938268,0.974405976,0.996284583
IGFBP7,56.01454958,0.000243194,0.05186152,0.974830196,0.996284583
KDELR3,94.60431631,-0.000367539,0.050831067,0.975263283,0.996284583
LENG9,159.1948198,-0.00072016,0.050187062,0.973942438,0.996284583
MBLAC2,192.0407612,0.000539635,0.04942124,0.974353637,0.996284583
MRPS15,1286.845038,-0.000285045,0.044426169,0.974442315,0.996284583
PDE4DIP,5277.214511,0.000922469,0.044441982,0.974601118,0.996284583
PITPNM2,62.01699429,0.000319803,0.051714451,0.974204748,0.996284583
REC8,429.7177169,-0.003367325,0.047750205,0.975102707,0.996284583
RNF181,1572.4125,-0.001279777,0.042918722,0.97502001,0.996284583
TMEM217,98.10589635,-0.000444525,0.050614872,0.974468688,0.996284583
VAMP5,118.0571402,-0.001380953,0.050322679,0.975127783,0.996284583
ZFP69,131.3508413,0.000473099,0.050263502,0.975134792,0.996284583
AAGAB,688.8212718,0.000617756,0.045204306,0.979893913,0.99637329
AASDH,236.5491932,0.000365605,0.048823706,0.984497066,0.99637329
ABCD3,669.4773584,0.000477983,0.048373609,0.97948661,0.99637329
ABHD14A-ACY1,32.96895942,0.000179927,0.051944324,0.982947267,0.99637329
AGFG1,1689.695839,-0.000487989,0.046602687,0.980197575,0.99637329
AMMECR1,283.3064851,0.000432344,0.049955634,0.978875604,0.99637329
AQP1,60.91401322,0.000200402,0.052003572,0.979339922,0.99637329
ARHGAP12,1008.438641,-0.000248646,0.047973783,0.986464914,0.99637329
ARHGAP27P2,36.84757872,-0.000198909,0.05186728,0.978375824,0.99637329
ARHGEF19,53.83445634,0.000171473,0.051710046,0.986019016,0.99637329
ARHGEF39,216.8530628,-0.000271446,0.049516284,0.985763827,0.99637329
ARL17A,694.2968808,0.000333072,0.046279608,0.98713975,0.99637329
ARMH4,118.4259256,-0.000353193,0.050442663,0.978633604,0.99637329
ATG3,1938.391005,-0.000459823,0.042502701,0.983845557,0.99637329
ATMIN,1600.277377,0.000449285,0.045685123,0.984911241,0.99637329
ATP13A1,5358.130139,0.000107879,0.046747561,0.978530566,0.99637329
BNC2,286.2551043,-0.000221215,0.050474824,0.981761875,0.99637329
BOK,261.8097147,0.000258586,0.051034923,0.984431371,0.99637329
BTF3L4,1701.53084,0.002949666,0.043358444,0.982813183,0.99637329
C1orf216,737.5602371,-0.000408158,0.045023919,0.987081025,0.99637329
C8orf76,760.4520246,0.000954574,0.045108678,0.987366321,0.99637329
CAMKK1,768.2360824,-0.000556981,0.046552624,0.979304018,0.99637329
CCDC149,188.2426784,-0.00040641,0.049345854,0.978695057,0.99637329
CCDC78,127.4858904,-0.000277229,0.050695967,0.979451242,0.99637329
CENPBD1P,497.4385395,0.000489872,0.047049063,0.982881415,0.99637329
CHD9,2581.530336,-8.78E-05,0.047055842,0.987704141,0.99637329
CHMP6,747.5839977,0.000423034,0.04630897,0.978668554,0.99637329
CHP1,3128.232509,-0.000706118,0.041958727,0.981809214,0.99637329
COL27A1,113.2450468,-0.000248254,0.051228797,0.981007678,0.99637329
COPS2,1616.051343,0.000324643,0.046168873,0.984779911,0.99637329
COPZ1,2750.916582,0.003286239,0.040527442,0.980985398,0.99637329
CPED1,1309.699631,0.000439946,0.045793336,0.985895274,0.99637329
CRYGS,56.76180377,0.000399896,0.051514227,0.976259565,0.99637329
CST3,12263.56039,0.000410708,0.044121352,0.98127954,0.99637329
CTSA,12558.6993,-0.00026183,0.04515371,0.987477026,0.99637329
CXorf38,1510.960884,-0.000546916,0.042919567,0.980109395,0.99637329
CYBRD1,1427.889328,0.005962116,0.044498783,0.977715634,0.99637329
DCAF10,865.3115691,0.000489573,0.047571413,0.981713817,0.99637329
DENND4A,796.1117106,0.000298621,0.049224778,0.988070305,0.99637329
DLG1,813.1998174,-0.000365253,0.046180131,0.986000268,0.99637329
DNAI4,70.64356771,0.000180903,0.051794824,0.980726055,0.99637329
DPF2,1434.284906,0.000430829,0.045226769,0.986446132,0.99637329
DUSP18,301.8467055,0.000564967,0.048687508,0.975842183,0.99637329
EEF1B2,5043.947861,0.00319356,0.045650147,0.98535484,0.99637329
ELMOD2,556.8686312,0.000330433,0.048309128,0.987618207,0.99637329
ETFB,2062.319463,0.000667595,0.042366177,0.978263073,0.99637329
FEM1B,2984.672645,-0.000499424,0.045252993,0.981430283,0.99637329
FER,551.5258064,0.000369698,0.048647774,0.9845897,0.99637329
FNBP1L,488.961322,-0.00042398,0.047611207,0.982065285,0.99637329
FUOM,493.8731407,-0.000477367,0.045956734,0.982124122,0.99637329
FZD1,301.4984611,0.001860715,0.048703975,0.976233153,0.99637329
GABRR2,60.03867228,-0.000188264,0.051340673,0.984523795,0.99637329
GLTPD2,135.8487302,-0.000527817,0.050186113,0.979622148,0.99637329
GTF3C5,1723.757139,-0.000505614,0.044048199,0.980407602,0.99637329
GUF1,1089.471417,-0.000638462,0.04428381,0.986794472,0.99637329
HINFP,732.5839338,0.000938675,0.045044022,0.976795067,0.99637329
HK1,8563.516382,0.000583346,0.040099948,0.983564804,0.99637329
IER3IP1,1263.52635,-0.000545164,0.043910917,0.979847707,0.99637329
IFT122,2182.508387,-0.000495293,0.041497496,0.981820221,0.99637329
INTS10,1399.713472,-0.001612558,0.044710087,0.976722268,0.99637329
ISCA2,412.8839878,-0.000447153,0.047341706,0.97711881,0.99637329
JADE2,2314.288874,-0.000702763,0.043797723,0.979009512,0.99637329
KANK4,75.91243606,-0.000296491,0.051107628,0.977279553,0.99637329
KCNMB3,44.23653556,0.000214586,0.051606853,0.98124822,0.99637329
KDM5A,2343.278048,0.000305499,0.047691868,0.987446111,0.99637329
KIAA0319L,2377.251065,-0.000710462,0.040945292,0.983223709,0.99637329
LARP4B,4075.511388,-0.000807765,0.042054539,0.976302732,0.99637329
LASP1NB,55.04798015,0.000313757,0.051465753,0.97643485,0.99637329
LCAT,117.5522633,0.000255877,0.050680963,0.985491377,0.99637329
LDAH,686.4326802,0.001244041,0.048599191,0.986464676,0.99637329
LONRF1,323.6750104,-0.000368194,0.049445695,0.979746169,0.99637329
LRIF1,492.4228915,0.000429869,0.046717398,0.986857282,0.99637329
LRP6,234.7344016,0.000132132,0.051974129,0.988076888,0.99637329
LRRC40,391.5261619,0.001103878,0.048059997,0.97691274,0.99637329
LRRC51,81.49684912,0.000160011,0.051277671,0.987176163,0.99637329
MAOA,279.2827087,0.000418042,0.050242969,0.978064356,0.99637329
MAP3K21,73.27155666,0.000314141,0.05122956,0.980410407,0.99637329
MAPK1,4302.567644,-0.000388623,0.045263312,0.982021572,0.99637329
MARF1,2885.222981,-0.000952205,0.044496606,0.9878306,0.99637329
MED11,354.0668883,-0.000324935,0.047000629,0.984882043,0.99637329
MED8,1276.337586,0.001007195,0.043097322,0.981683313,0.99637329
MFSD14B,3449.328933,-0.000233608,0.038827265,0.979074176,0.99637329
MRGBP,586.5676372,0.000333395,0.045160518,0.987748765,0.99637329
MRPL35,818.8995603,-0.000312737,0.047337584,0.98666227,0.99637329
MSS51,74.94305866,-0.00017633,0.050889697,0.986769105,0.99637329
MT-CO1,386615.2789,0.000589198,0.041023026,0.982792069,0.99637329
MTA3,490.6826498,-0.000427441,0.047738295,0.981672741,0.99637329
MTMR10,1915.588775,0.000914195,0.044310633,0.981183467,0.99637329
MUC1,122.5325659,0.00030008,0.051128925,0.975743734,0.99637329
MYO5B,74.62021258,0.000189087,0.051520065,0.986402003,0.99637329
MYO9B,26022.74747,0.00112844,0.046117892,0.98799009,0.99637329
MZF1,1161.112716,0.000334699,0.046490361,0.98801688,0.99637329
NBPF3,236.0620336,0.000337541,0.050746961,0.980958662,0.99637329
NDEL1,1214.095128,-0.000743019,0.04385247,0.975538254,0.99637329
NDUFAB1,1006.066251,0.001737353,0.046802184,0.985284196,0.99637329
NEB,50.31218702,-0.000212547,0.051811275,0.97817376,0.99637329
NPRL2,415.9666793,0.000492566,0.047487997,0.982456895,0.99637329
NUBP2,1336.30088,0.000362033,0.046674154,0.987447841,0.99637329
NUP160,1362.046834,0.000551661,0.046409667,0.980795676,0.99637329
NUP85,1245.777282,-0.000511743,0.042633016,0.984970595,0.99637329
OTUD6B,416.4042466,0.00034926,0.048869318,0.983715345,0.99637329
PBRM1,4371.570143,-0.000394088,0.045836292,0.986068451,0.99637329
PEX5,616.280574,0.000397137,0.047732223,0.984749309,0.99637329
PIAS2,935.4917108,-0.000366591,0.046668288,0.984423827,0.99637329
PLAAT3,957.1995494,-0.000641503,0.045370099,0.978675628,0.99637329
PLIN3,5888.729904,0.00092724,0.042189207,0.981601584,0.99637329
PLPP5,594.2188654,-0.000603123,0.046151251,0.977221313,0.99637329
PLS1,65.00440949,0.000272772,0.051789931,0.978163288,0.99637329
POGLUT1,538.3131728,-0.000364386,0.049105629,0.983360973,0.99637329
POLR1C,547.8418078,0.000441778,0.04706695,0.985928709,0.99637329
POP1,176.2627051,0.002006507,0.049656,0.97655263,0.99637329
PPEF2,70.62930884,-0.00019958,0.051760029,0.979101066,0.99637329
PPP1CA,7749.938812,-0.00046176,0.044226718,0.986432263,0.99637329
PPP1R3G,33.02932069,0.000142376,0.051752684,0.986122143,0.99637329
PPP2R3B,387.6247444,-0.000371135,0.049835409,0.979891919,0.99637329
PSMD4,3271.018497,0.000995287,0.039335089,0.975744369,0.99637329
PSMD6,1632.676499,-0.000605212,0.042949186,0.979627657,0.99637329
PTRH2,497.0645612,-0.000436043,0.046682031,0.981268607,0.99637329
PURA,1283.813725,0.000453789,0.045189164,0.984828207,0.99637329
RAB18,1420.196484,4.13E-05,0.046797328,0.981870669,0.99637329
RECQL,2002.917229,-0.00028668,0.044902869,0.984201348,0.99637329
REST,1531.051236,-0.000599478,0.044320374,0.978945427,0.99637329
RHOH,80.10956613,0.000237754,0.050986367,0.986182019,0.99637329
RMI1,296.3709048,-0.000270316,0.048045144,0.975679121,0.99637329
RPL13AP26,46.66087555,0.000227325,0.051412335,0.984038211,0.99637329
RPS5,7883.870961,-0.000427831,0.043444239,0.98520179,0.99637329
RWDD4,616.6020063,0.000415216,0.047509809,0.983787921,0.99637329
SDC1,400.6411865,0.000355732,0.049163899,0.985393334,0.99637329
SENP8,68.75365494,0.00026723,0.051326426,0.981605229,0.99637329
SF3B2,5395.723574,0.000790289,0.043353575,0.980371886,0.99637329
SIRT3,535.8397187,0.000321965,0.046669139,0.987864631,0.99637329
SLC25A15,121.3369791,0.000234312,0.050677512,0.987094535,0.99637329
SLC30A1,3358.319281,0.000396378,0.042509981,0.983981913,0.99637329
SLC30A5,1572.179115,-7.38E-05,0.04541427,0.978503883,0.99637329
SLC5A4,45.49389543,0.000268585,0.051742917,0.977727259,0.99637329
SMC1A,3479.338546,0.000400918,0.047502748,0.986424668,0.99637329
SMIM13,763.3528074,0.000694583,0.045576538,0.976577843,0.99637329
SMYD3,223.5039326,-0.001175361,0.049433279,0.979341592,0.99637329
SNED1,41.33117263,0.000289654,0.051725386,0.9755876,0.99637329
SNN,1539.133304,0.000505166,0.042157394,0.980694638,0.99637329
SNX10,10087.61163,-0.000897971,0.046502847,0.984230069,0.99637329
SP3,2340.750577,0.000447161,0.042702845,0.982979718,0.99637329
STAU1,3239.503185,-3.91E-05,0.03954747,0.983379128,0.99637329
STX5,1278.149542,0.000590516,0.046478325,0.978556223,0.99637329
SUMO3,4216.698109,-0.000819569,0.039455467,0.976952601,0.99637329
SUZ12,1475.728217,-0.002150798,0.046047368,0.986919793,0.99637329
TFPI2,40.37406879,-8.25E-05,0.052060231,0.987721341,0.99637329
TMEM156,130.5317599,-0.000283936,0.050391626,0.988089066,0.99637329
TMEM41A,630.1721335,-0.000421191,0.045226213,0.987506228,0.99637329
TRAM1,7285.94132,0.000799772,0.042363603,0.983404799,0.99637329
TRIM16,229.2895617,0.000438796,0.049017579,0.98053457,0.99637329
TVP23C-CDRT4,158.83906,0.000242401,0.05060328,0.98712483,0.99637329
TXNL4A,1663.870792,-0.000606565,0.043450386,0.984240851,0.99637329
USF2,9646.739678,-0.000728276,0.04420146,0.987638515,0.99637329
VAV2,776.1934483,0.000986145,0.043850164,0.984140234,0.99637329
WDR76,201.8390673,0.000322839,0.049348704,0.986901125,0.99637329
WWP2,2705.438497,-0.000910965,0.04597243,0.986260656,0.99637329
ZFAND2B,550.7937287,-0.00039505,0.047041754,0.985702471,0.99637329
ZNF19,73.68076644,-0.000200629,0.051591089,0.977530739,0.99637329
ZNF25,282.0896724,-0.000397453,0.049962694,0.983210723,0.99637329
ZNF343,196.7109957,0.000189014,0.049150332,0.983045436,0.99637329
ZNF563,34.11779215,0.000165728,0.051753337,0.985390897,0.99637329
ZNF569,129.4617197,0.000261801,0.050600236,0.98603239,0.99637329
AKR1A1,5455.701841,0.001431326,0.037777132,0.989849808,0.996475425
B2M,83140.7499,3.06E-05,0.04069039,0.988347317,0.996475425
BAP1,3269.825649,0.000428772,0.039668686,0.989521874,0.996475425
DGKI,339.0734411,-0.00014162,0.050029541,0.989064482,0.996475425
DNAJC19,436.7052326,9.65E-05,0.048391521,0.989803781,0.996475425
FBXL8,133.5941837,-0.000157579,0.049974365,0.989909896,0.996475425
GLO1,1324.550305,7.16E-05,0.046006269,0.988742772,0.996475425
ING5,808.5498221,0.000351892,0.046362032,0.988779027,0.996475425
KDM7A,920.8138219,0.000399504,0.047025882,0.988999896,0.996475425
LONRF3,753.7741507,-0.000217862,0.046365268,0.989760494,0.996475425
MED18,591.2854557,-0.000281978,0.045203042,0.989753374,0.996475425
MFAP4,47.08250602,-0.000118625,0.051670299,0.988297177,0.996475425
NDUFB6,838.421599,0.000297287,0.044887376,0.988998797,0.996475425
OTUD5,2585.387584,-0.000863857,0.047074688,0.989852367,0.996475425
POLDIP3,2315.143781,0.000469046,0.046531816,0.989709062,0.996475425
POLR3A,905.4228993,-0.000258761,0.045510969,0.989726746,0.996475425
PTCH2,105.4046756,-0.000164709,0.050757456,0.988497551,0.996475425
SMG1P1,665.1440041,0.000652232,0.048951489,0.988825447,0.996475425
TECPR1,2010.00399,-8.69E-05,0.050978475,0.988886101,0.996475425
TNFRSF25,92.39972517,0.000114701,0.05150553,0.98942177,0.996475425
UBE2I,3491.872331,-0.000427322,0.04262633,0.988755528,0.996475425
ZNF789,247.3964267,-0.000166428,0.049270061,0.989542271,0.996475425
ACTB,115436.3428,-0.002324969,0.043980367,0.991079685,0.996554286
DIS3,1354.703775,0.000233192,0.048021523,0.990590817,0.996554286
ERP44,2415.257845,0.000408582,0.043464631,0.990475224,0.996554286
H3C6,121.3396285,-0.000134425,0.050633371,0.990573738,0.996554286
HELB,90.99534491,0.000192595,0.051197945,0.990351443,0.996554286
IFIT3,5115.165147,-0.000312894,0.049350952,0.991031075,0.996554286
KIF21A,96.68967709,-5.65E-05,0.05141291,0.990933889,0.996554286
KIFC2,1162.692268,-0.000425322,0.046045755,0.990880488,0.996554286
KLHL8,637.1514518,-0.000247728,0.045120561,0.9907455,0.996554286
SLC8B1,4154.596182,0.000511191,0.044006368,0.990248207,0.996554286
TIMM9,317.6354099,-0.000343494,0.047787678,0.990964359,0.996554286
TMEM104,2069.084712,-2.57E-05,0.045866397,0.991082579,0.996554286
ZBTB39,373.9368681,0.000126507,0.047667213,0.990105614,0.996554286
ZFR,2926.514824,-0.000183127,0.042778998,0.990324101,0.996554286
ASCL2,134.6209023,-0.00012297,0.050119483,0.991345846,0.996740393
DCAF7,7025.600765,4.16E-05,0.04227698,0.991975491,0.997169139
EZH1,1304.314962,0.000216887,0.046656791,0.991862461,0.997169139
TRIM46,108.5405424,6.39E-05,0.050915292,0.992006917,0.997169139
ABCC3,4604.223275,0.000276537,0.046932888,0.992232023,0.997316782
KRT8P12,152.260597,0.000389836,0.049785491,0.992640444,0.997326787
MAX,2867.870698,5.07E-05,0.043793013,0.992411434,0.997326787
MLX,2780.510224,0.005470242,0.041808895,0.992711345,0.997326787
REEP6,140.3243922,7.73E-05,0.050231524,0.992699561,0.997326787
SIRT5,462.2959101,4.49E-05,0.047229237,0.992506655,0.997326787
SOCS2,217.9094766,0.000176419,0.049726331,0.992685514,0.997326787
FAN1,784.6972148,-0.000216815,0.045762291,0.992917733,0.997332491
HACD2,1369.025989,-0.000288158,0.046883794,0.992951707,0.997332491
SIPA1L2,3567.846561,2.13E-05,0.041199913,0.992872988,0.997332491
MYL9,83.59834192,-2.44E-05,0.051109544,0.993175288,0.997478473
COQ6,433.1569049,0.000182166,0.046903234,0.993826286,0.997564785
MPHOSPH9,514.1029507,0.000453101,0.049357767,0.993962126,0.997564785
NARS1,7018.831596,-6.85E-05,0.040320227,0.993745263,0.997564785
RGCC,4728.161543,1.89E-05,0.040765254,0.993516376,0.997564785
RSPRY1,743.0097989,-0.000449753,0.047312566,0.993478844,0.997564785
TPBG,118.0922738,-0.000120057,0.050530717,0.993744262,0.997564785
XAB2,1872.074776,-0.001101614,0.047089785,0.993965445,0.997564785
ZNF397,606.2079943,-6.00E-05,0.048681945,0.993916915,0.997564785
ZNF710,4868.225687,0.000508794,0.044734783,0.993926042,0.997564785
BZW1P2,67.71122541,2.73E-05,0.052266394,0.994052102,0.997573225
ASPDH,56.64640757,0.00021827,0.051366736,0.994465754,0.997831253
KLHL36,2076.867624,0.00057935,0.045628116,0.994452572,0.997831253
GLUL,23002.97166,-0.000667613,0.046582831,0.994740158,0.997956059
ZNF48,283.8076615,-0.000453981,0.049163997,0.994746693,0.997956059
ZNF251,443.6712503,-0.000140322,0.047302382,0.995007423,0.998139086
BCL2L13,2672.665766,0.000288061,0.040292505,0.995357999,0.998297697
STON1,44.53613401,-6.33E-06,0.051782403,0.995389356,0.998297697
TOX4,1831.781615,0.000160368,0.045145574,0.995460157,0.998297697
TST,716.9826638,-8.82E-05,0.04632319,0.995478753,0.998297697
ZNF79,230.3639335,-0.000118125,0.048723885,0.995592672,0.99833341
UAP1L1,4707.79981,0.000148193,0.044733445,0.995747372,0.998410008
DCAF4,320.4335478,3.49E-05,0.049426268,0.996041487,0.998469329
PIH1D1,1164.863871,-0.000450675,0.045857764,0.995988627,0.998469329
ZNF181,239.277986,-4.88E-05,0.050252461,0.995946774,0.998469329
C6orf120,1511.385762,7.51E-05,0.042649563,0.996530388,0.998802352
PPME1,812.2817696,0.000425642,0.044861303,0.996514401,0.998802352
C5orf24,1430.440708,-4.22E-05,0.045092408,0.996824467,0.998878428
CC2D1A,1659.478988,0.000440899,0.045476005,0.996919689,0.998878428
ENGASE,1244.362053,8.73E-05,0.046992726,0.996910689,0.998878428
ZBTB21,904.5870319,0.000317455,0.048469287,0.996907181,0.998878428
MRPS10,923.1035578,-0.000142052,0.047417692,0.997223152,0.999059915
PDIA3,11527.91551,0.000267153,0.043860421,0.997335911,0.999059915
ST8SIA1,32.7009958,0.000142897,0.051890298,0.997292907,0.999059915
FAM3C,1159.356527,-7.69E-05,0.047216083,0.997602799,0.999093369
P4HTM,450.9731571,0.000102886,0.049037863,0.997604407,0.999093369
SRGAP2C,644.566692,0.000116363,0.049230491,0.997491134,0.999093369
NOTCH4,45.95629072,-1.04E-05,0.051546349,0.997896784,0.999307682
YWHAZ,14947.45099,0.002516629,0.043769803,0.998054142,0.999386762
CASP1,2308.04899,0.00029613,0.045325101,0.998296651,0.999406358
HM13,10703.7927,0.004426661,0.043568964,0.998816385,0.999406358
MORF4L2,2966.861346,5.73E-05,0.040324099,0.998425087,0.999406358
RPL13P5,43.56608698,7.83E-06,0.051598262,0.998934952,0.999406358
SLC20A2,956.1465007,-0.00017169,0.044566018,0.998936012,0.999406358
SMO,44.44853766,1.46E-05,0.051715374,0.998533422,0.999406358
SMURF2P1,32.6232846,2.85E-06,0.051857394,0.998510294,0.999406358
UBE2Q2,1013.127338,5.89E-05,0.047584627,0.998761863,0.999406358
ZBTB43,773.3780076,-0.000563454,0.047380837,0.998792767,0.999406358
ZNF586,244.1776808,4.78E-05,0.048537411,0.998874492,0.999406358
ZNF814,449.4907873,-0.003426527,0.046912142,0.998779253,0.999406358
KRR1,847.2699881,-0.000418438,0.049270232,0.999069464,0.99946144
CFD,444.7683942,5.20E-05,0.049259954,0.999541451,0.999855156
ATRX,2557.958404,3.50E-05,0.049317843,0.999876339,0.999937811
CD53,15690.47027,0.004138391,0.040435872,0.999741885,0.999937811
DDX12B,186.4988393,0.000579786,0.049153431,0.99983819,0.999937811
UROS,1649.869208,1.50E-05,0.041923376,0.999937811,0.999937811
A2ML1,18.4924104,0.005656095,0.052582482,0.337805766,NA
A4GNT,11.38862688,0.001648414,0.052274029,0.741811759,NA
AANAT,11.15143772,1.753388075,0.914609736,0.001306788,NA
AARSD1P1,30.59817613,-0.003144372,0.051959163,0.696382461,NA
AASS,27.14948587,-0.003098794,0.052009685,0.690658377,NA
ABCA10,18.21466879,0.002271396,0.052320799,0.633202663,NA
ABCA11P,31.60844352,0.007526522,0.052554756,0.376549881,NA
ABCB1,12.3814484,-0.00200982,0.052389117,0.595354026,NA
ABCB4,18.49644253,-0.006098361,0.052643266,0.313720314,NA
ABCB5,14.26247965,0.004595582,0.052484383,0.399844262,NA
ABCC11,10.169378,0.001556869,0.052315148,0.728489411,NA
ABCC2,21.24823206,0.007358645,0.052923444,0.197608223,NA
ABCC8,31.15112301,-0.015510804,0.055147131,0.078805517,NA
ABCG8,27.18530159,-0.009621986,0.053168663,0.224155002,NA
ABHD1,14.61054912,-0.004993176,0.052504722,0.383533505,NA
ABHD17AP1,12.33446141,-0.000233257,0.05216872,0.964629071,NA
ABHD17C,18.02796674,0.000879899,0.052116966,0.887938783,NA
ABI3BP,21.75061251,-0.005713674,0.052456933,0.412787877,NA
ACADL,17.56257538,-0.004284032,0.052350073,0.49457393,NA
ACBD7,30.94490007,0.00287795,0.051982611,0.71662381,NA
ACE2,12.65367639,0.002879217,0.052301725,0.600751488,NA
ACHE,10.19989182,0.005297104,0.052723769,0.17336577,NA
ACKR2,19.09965837,0.000925812,0.052070738,0.889013594,NA
ACMSD,12.80642314,-0.003984876,0.052395573,0.474880077,NA
ACOT6,12.26401586,0.000825218,0.052177849,0.885222172,NA
ACOXL,9.125601548,0.000115882,0.052284236,0.981038991,NA
ACP7,11.93614857,0.000818666,0.052255932,0.868147568,NA
ACSL6,8.853866663,0.000114163,0.05230528,0.980370582,NA
ACTA1,8.175833466,-0.001613824,0.052329009,0.707966274,NA
ACTG1P10,14.88456017,0.005541122,0.052597096,0.331271538,NA
ACTG1P3,7.836067754,-0.002353155,0.052358105,0.599924598,NA
ACTN2,26.99661905,-0.004006085,0.052133969,0.595728563,NA
ACTR3C,26.92133967,0.001431236,0.052004833,0.836227534,NA
ADAM11,15.09358636,-0.003865666,0.052387474,0.480284725,NA
ADAM20P1,9.614505393,-7.55E-05,0.052229535,0.986131951,NA
ADAM22,30.095036,-0.001535352,0.052235588,0.767612017,NA
ADAMTS16,17.21921857,0.00182806,0.052150608,0.768648489,NA
ADAMTS17,11.43394157,0.008816154,0.053430579,0.028630779,NA
ADAMTS19,11.92526042,0.00170215,0.052346456,0.679036481,NA
ADAMTS2,19.17159518,-0.000609981,0.052167699,0.912718315,NA
ADAMTS8,14.10163936,-0.000374886,0.052263076,0.934788213,NA
ADAMTS9,8.313862404,-2.08E-05,0.052314834,0.993474438,NA
ADARB2,10.64162587,0.008639743,0.053320224,0.072659843,NA
ADCY2,28.25595949,-0.001972632,0.052035224,0.779368534,NA
ADCY5,10.26070518,-0.003952707,0.052518459,0.349377253,NA
ADD2,17.60412078,1.149650254,0.800423194,0.002391483,NA
ADGRB1,27.83450685,-0.006206782,0.052645372,0.315712397,NA
ADGRD2,11.41930988,-0.006482937,0.052835478,0.187186307,NA
ADGRE3,14.81955429,-0.007047124,0.052861109,0.218013325,NA
ADGRF3,19.83578972,0.00870075,0.0533109,0.081259089,NA
ADGRF4,8.925042193,-0.000941683,0.052265218,0.842516629,NA
ADGRG1,17.3059572,-0.005799837,0.052693438,0.256895598,NA
ADGRG2,15.86205806,-0.002420296,0.052244009,0.668623544,NA
ADGRG6,26.50283672,0.001178118,0.052141255,0.844508203,NA
ADGRL2,24.40447954,0.004767887,0.05241471,0.445748621,NA
ADGRL3,17.49343558,0.006486884,0.052851617,0.165639688,NA
ADH4,9.836279908,-0.004383091,0.052511523,0.3742393,NA
ADIRF,16.91020187,0.003407955,0.052243628,0.593742717,NA
ADM5,8.301128218,0.002985301,0.052426299,0.480723831,NA
ADORA2A,8.342848556,0.00284309,0.052453045,0.440286332,NA
ADPRHL1,12.03988403,0.009539618,0.053521667,0.063865465,NA
ADRA2C,17.8601562,-0.004618534,0.052414131,0.447310147,NA
AFF3,18.89773851,0.006204187,0.052843835,0.14403792,NA
AGAP10P,11.2100108,-0.000163535,0.052270656,0.970055455,NA
AGBL1,14.80077109,-0.013769283,0.055014238,0.002901292,NA
AGBL2,9.903538117,-0.004062116,0.052507192,0.369283865,NA
AICDA,24.19244955,-0.006631094,0.052480578,0.399003102,NA
AIDAP2,13.1192673,-0.002355849,0.052332603,0.613298795,NA
AIM2,8.708884534,0.000345499,0.052291571,0.944041918,NA
AIRE,9.452143717,0.001771756,0.052335713,0.684641978,NA
AJUBA,21.85476668,0.007197358,0.052900543,0.202910759,NA
AK8,12.48496668,0.00492322,0.052617337,0.279217419,NA
AKAP12,23.31593601,0.002082809,0.052332107,0.644610395,NA
AKR1C1,12.19768997,-0.002109045,0.052336176,0.642362757,NA
AKR1E2,10.60798929,-0.002596379,0.052324385,0.60387584,NA
AKR7A3,10.35070255,-0.000656365,0.052258273,0.888077868,NA
AKR7L,27.58950154,-0.011254823,0.05371391,0.136285071,NA
ALDH1A3,14.5571266,-0.001332441,0.052224976,0.797587793,NA
ALDH8A1,13.69062852,0.001962752,0.052316881,0.672947593,NA
ALG1L13P,16.71819153,0.003167222,0.052265541,0.599828397,NA
ALOX15B,8.410890206,-0.003227605,0.052409703,0.49239119,NA
ALPK2,12.38995943,-0.002574362,0.052356846,0.579179587,NA
ALX1,14.137835,0.000622424,0.052149586,0.917575831,NA
AMD1P4,14.10466756,-0.001966855,0.052206589,0.73140249,NA
AMER2,13.67942087,-0.005052041,0.052499235,0.390343261,NA
ANKDD1B,6.367381375,0.005327585,0.052778481,0.104880652,NA
ANKRD34A,23.8132156,-0.003478343,0.052196942,0.606735932,NA
ANKRD40CL,14.35234767,0.000593005,0.052180417,0.914784858,NA
ANKRD45,10.08157578,-0.000536327,0.052272663,0.904587707,NA
ANKRD49P2,21.98203004,0.000857694,0.05213238,0.889070358,NA
ANKRD55,18.12975533,0.011193048,0.053862049,0.083752456,NA
ANKRD60,11.42517269,-0.000111262,0.052229787,0.982226614,NA
ANKRD61,24.01568808,0.003569529,0.052097562,0.636879937,NA
ANKS1B,13.75164898,0.000937835,0.052286073,0.846815984,NA
ANKS4B,7.213783994,0.003810574,0.052567118,0.273701101,NA
ANKUB1,14.23809348,4.31E-06,0.052148817,0.998741902,NA
ANO7L1,22.97870408,-0.002479395,0.052073202,0.724585932,NA
ANXA13,12.76741187,-0.000943867,0.052194707,0.862255384,NA
AOX1,22.47086513,0.001433596,0.051955097,0.848360412,NA
AP3S1P1,6.830059577,0.001428733,0.052343852,0.727801931,NA
APBB1,11.09773146,0.000261872,0.052257114,0.956743356,NA
APCDD1L,30.19089609,0.006287189,0.052476982,0.403488941,NA
APELA,7.553026725,-0.004676105,0.052603767,0.279888688,NA
APLN,19.50470234,-0.005163962,0.052376724,0.456754564,NA
APOBEC3H,8.471340061,0.00013453,0.052344058,0.970925976,NA
APOC1P1,18.26895799,-0.003277824,0.052225966,0.610992912,NA
APOC4,7.970321013,-0.001644897,0.052345069,0.689004701,NA
APOM,30.97166845,-0.011918374,0.053728769,0.172820637,NA
AQP11,19.74353525,0.003974306,0.052352908,0.5069066,NA
AQP6,11.88815261,0.009834171,0.053607978,0.055234417,NA
AQP7,20.98396189,0.00205548,0.052080313,0.76746644,NA
AQP8,9.682160433,-0.000643245,0.0522387,0.89503162,NA
AREG,9.693282866,0.000769981,0.052307278,0.858010485,NA
ARFGEF3,29.94923667,-0.002408017,0.05200813,0.746178716,NA
ARGFXP2,18.14454123,-0.001848059,0.052089611,0.780857389,NA
ARHGAP8,13.91150398,0.003078769,0.052432615,0.466871141,NA
ARHGEF26,11.20737824,0.001259537,0.052264795,0.798706752,NA
ARHGEF34P,11.01757475,6.46E-05,0.052460948,0.96274945,NA
ARHGEF37,24.21172807,0.003423282,0.05217379,0.619339363,NA
ARHGEF4,7.317208099,-0.003616546,0.052502522,0.37305318,NA
ARK2C,9.474215714,-0.000955549,0.052257478,0.842311723,NA
ARL14EPL,6.520836833,0.003337196,0.052521658,0.32518452,NA
ARL2-SNX15,7.37302515,0.000578217,0.052461219,0.687562877,NA
ARMCX5-GPRASP2,7.112325332,0.001650293,0.052459527,0.483611246,NA
ARPC1AP4,7.799170912,-0.000666118,0.052298279,0.876476062,NA
ARSI,9.528021535,0.000364093,0.052234885,0.943590368,NA
ARSL,10.89066308,-0.003884599,0.052421778,0.458319863,NA
ART4,9.88704494,-0.003160043,0.052477174,0.408816736,NA
AS3MT,21.30364219,0.007314305,0.052752525,0.298121516,NA
ASAH2,24.95074268,0.005360805,0.05275359,0.144023505,NA
ASAP2,27.50148262,-0.015400868,0.055344007,0.038751784,NA
ASAP3,27.72332847,-0.004621261,0.052463903,0.412937508,NA
ASB12,8.096668187,0.001597632,0.052339851,0.70684578,NA
ASB18,11.78527026,-0.011398144,0.054040038,0.040863429,NA
ASB2,21.26442718,0.006888861,0.052730509,0.2919363,NA
ASB4,26.43842337,0.001670547,0.05202612,0.812354571,NA
ASDURF,4.827077188,0.001500439,0.052464909,0.485578695,NA
ASGR2,28.88766152,-0.001355168,0.052116633,0.828309618,NA
ASPN,8.410825076,0.00194039,0.052341327,0.659091071,NA
ASPRV1,9.911827489,-0.00814477,0.053150622,0.122392864,NA
ATAD3C,19.48609182,0.003859414,0.052308641,0.532627485,NA
ATCAY,20.43434669,-0.004640389,0.052318821,0.497306811,NA
ATF7-NPFF,9.580137149,-0.000275559,0.052451303,0.857940611,NA
ATP10B,31.00804079,0.000438335,0.051769573,0.96028711,NA
ATP13A4,10.60099337,0.000726348,0.052383785,0.811926917,NA
ATP1A2,7.237212854,0.001526602,0.052374893,0.676938006,NA
ATP1A4,9.860467931,0.000105999,0.052317851,0.981852177,NA
ATP1B2,14.43007501,0.002088967,0.052187492,0.729248872,NA
ATP2A1,30.36115962,-0.007635462,0.052793218,0.285169973,NA
ATP5MGL,8.986776327,-0.003423965,0.052449095,0.442596762,NA
ATP5PDP4,14.2429467,0.002993049,0.05228264,0.602844046,NA
ATP6AP1L,31.10227849,-0.00582767,0.052374909,0.446547164,NA
ATP6V0CP1,27.59621387,-0.004909517,0.052174913,0.541927948,NA
ATP6V1C2,26.78251767,0.002271693,0.052211502,0.698426342,NA
ATP6V1G2,16.25509375,-0.006343844,0.052787363,0.219529115,NA
ATP8A2,25.80970628,-0.008488972,0.052902138,0.274739005,NA
ATRNL1,8.867547089,-0.001226304,0.052343953,0.752167388,NA
AUTS2,28.32003771,-0.002754364,0.051938349,0.731307223,NA
AVPR2,18.53834869,0.001948372,0.052268173,0.70808369,NA
AWAT2,10.78252146,0.001082232,0.052268453,0.82382173,NA
AXDND1,7.602026122,0.000837004,0.052293014,0.852700191,NA
AXIN2,11.61380876,0.003194381,0.05244842,0.439981992,NA
B3GALT1,8.295055101,-0.001211759,0.052303441,0.78342483,NA
B3GALT2,12.31227187,0.001072841,0.052219244,0.840938071,NA
B3GALT5,10.6289875,-0.005282399,0.052585809,0.329291332,NA
B3GAT1,9.436749198,-0.004941626,0.052623498,0.275107407,NA
B3GAT2,19.4871476,-0.006462367,0.052593436,0.351187497,NA
B3GNT4,20.12198764,-0.000560174,0.052208825,0.912508527,NA
B4GALNT3,30.59019392,-0.004487665,0.052120768,0.574075051,NA
BAALC,18.94289912,0.005518874,0.052597045,0.328078029,NA
BACH2,31.51778644,-0.008153097,0.052967393,0.22553653,NA
BAIAP3,13.58217744,-0.004796641,0.052588328,0.300638253,NA
BDNF,17.49067939,0.005390541,0.052526969,0.376912805,NA
BEGAIN,13.34539747,-0.00361407,0.052479689,0.392359886,NA
BEND6,24.82597421,-0.00858389,0.052914894,0.271585971,NA
BEND7,8.685784565,-0.001257281,0.052330278,0.753859933,NA
BEST2,7.046112783,0.000940916,0.052347544,0.807038195,NA
BEST3,20.89407461,0.004311528,0.052321651,0.507929348,NA
BEX1,14.44612479,0.005576461,0.052615795,0.317613905,NA
BEX2,18.70686789,-0.003996913,0.052288988,0.536651635,NA
BFSP1,25.51937574,-0.000525259,0.051920132,0.940321603,NA
BGN,30.61751319,0.005813624,0.052677533,0.279904457,NA
BIVM-ERCC5,9.194396398,-0.000853576,0.052478664,0.318313631,NA
BLK,11.97282311,-0.002335984,0.052242288,0.677107292,NA
BLOC1S5-TXNDC5,5.933964315,-0.000143599,0.052467769,0.84779583,NA
BLZF2P,7.238543151,-0.000596346,0.052327802,0.88165758,NA
BMP6,18.6525803,-0.008221225,0.053071062,0.179447532,NA
BMS1P1,13.75145363,-0.003911562,0.052392462,0.480601866,NA
BMS1P10,19.25380512,0.003191501,0.052206874,0.622547588,NA
BMS1P13,22.57448899,0.003184874,0.052046434,0.67585832,NA
BMS1P16,7.801081732,2.97E-05,0.052340103,0.99687243,NA
BMS1P7,30.21014486,0.005276886,0.052279476,0.496345637,NA
BNIP3P28,9.444411172,-0.000703261,0.05226215,0.880787251,NA
BNIPL,15.15046568,-0.008866401,0.053284778,0.11539828,NA
BOC,10.97813166,0.005937479,0.052900952,0.03517374,NA
BPI,17.11925347,0.003534399,0.052263451,0.576538789,NA
BRME1,22.1772812,0.000191018,0.05206097,0.978377065,NA
BSND,10.35028188,-0.000139212,0.052276057,0.972914767,NA
BTBD18,20.10547664,-0.000434059,0.051998472,0.948557301,NA
BTNL8,25.93924151,0.002695035,0.052154552,0.684136381,NA
BTNL9,13.41389177,-0.002368224,0.052293471,0.646299461,NA
C10orf67,16.54290587,-0.002459347,0.052175755,0.6935849,NA
C11orf65,24.14326629,-0.003686753,0.052105291,0.619468345,NA
C11orf96,6.931536175,0.008921718,0.053518319,0.009214081,NA
C12orf75,19.30328173,-0.012336569,0.054251942,0.05497197,NA
C13orf42,8.953099121,-0.002878506,0.052410042,0.506411293,NA
C13orf46,16.72454649,-0.00467149,0.052565098,0.320482613,NA
C16orf46,8.66648988,-0.002144423,0.052439757,0.496558044,NA
C16orf89,22.38574771,-0.011136178,0.05382035,0.091985903,NA
C16orf96,19.69953397,0.002407382,0.052111079,0.722838151,NA
C17orf100,21.16149587,-0.009914573,0.053382267,0.159126869,NA
C17orf107,26.59297433,0.004618411,0.052259512,0.525311212,NA
C17orf114,16.69426357,0.005587796,0.052617126,0.31708083,NA
C17orf99,19.19028713,-0.007418072,0.05289064,0.221871461,NA
C19orf18,10.03323272,-0.004261848,0.052518559,0.364708682,NA
C19orf73,15.87699781,0.002409382,0.05217559,0.697757604,NA
C1orf116,7.421397779,-0.001710146,0.052365296,0.664686919,NA
C1QTNF12,18.73303047,0.002091587,0.05216831,0.735494248,NA
C1QTNF3,21.69444359,-0.003993532,0.052256969,0.551484101,NA
C1QTNF3-AMACR,11.98258612,-0.000238464,0.052452197,0.836074941,NA
C1QTNF5,9.884496723,-0.005503009,0.0527056,0.225607334,NA
C1QTNF9B,17.3262086,0.005377176,0.052477626,0.40834748,NA
C20orf144,18.70192209,-0.002499573,0.052149259,0.702885826,NA
C20orf204,9.451083236,-0.002840823,0.052392514,0.526678784,NA
C21orf140,9.064357832,-0.00247766,0.052328108,0.61252289,NA
C22orf15,12.88010983,-0.003823021,0.052414173,0.460792632,NA
C2CD4A,7.449495373,-0.001867839,0.052382187,0.6249366,NA
C2CD4D,10.91108068,-0.004937295,0.052568981,0.332607536,NA
C2orf15,21.18110374,-0.003953892,0.052194939,0.581151227,NA
C2orf81,12.84540839,0.005889168,0.052765005,0.198379865,NA
C4B,14.55359587,0.000546074,0.05222711,0.917982641,NA
C4orf19,15.74567345,0.001782078,0.052221228,0.748393889,NA
C5orf58,16.12273034,-0.010571304,0.053707391,0.083681073,NA
C5orf63,7.857864874,-0.005626013,0.052791623,0.130527824,NA
C6orf163,29.42868122,-0.005460066,0.052304427,0.479579578,NA
C6orf52,13.91289822,0.001798911,0.052214875,0.750233446,NA
C7,10.95587313,0.000357009,0.052254999,0.943356287,NA
C7orf57,11.39516862,0.007571,0.053068123,0.117824283,NA
C8G,22.00929382,-0.008958436,0.05314845,0.194778441,NA
C8orf34,14.08204783,-0.002218518,0.052215083,0.700580747,NA
C8orf88,7.667945351,-0.002787698,0.052450853,0.454724015,NA
C9orf43,12.09003234,-0.010504,0.053759083,0.058043734,NA
C9orf50,7.818606781,0.000716871,0.052321374,0.866321316,NA
CA12,11.66667024,0.000474381,0.052231018,0.926698337,NA
CA14,23.5310814,-0.001297468,0.052126333,0.831531387,NA
CA5A,9.398977406,-0.007635418,0.05313849,0.070817255,NA
CA6,14.97417772,-0.006963756,0.052908097,0.177943706,NA
CA8,21.47114371,-0.006664542,0.052976545,0.066745237,NA
CABP1,11.00884764,-0.000190453,0.052249964,0.960704157,NA
CACHD1,12.85454759,0.001540537,0.052310006,0.731942693,NA
CACNA1C,25.52328537,0.003135906,0.052192395,0.633823062,NA
CACNA1F,14.76927718,0.00901231,0.053444075,0.041138604,NA
CACNA1G,23.76642747,0.00672409,0.052700004,0.298776295,NA
CACNA2D2,15.05281306,-0.004954128,0.052527717,0.368652466,NA
CACNB4,30.81805782,-0.006054872,0.052407077,0.430984748,NA
CACNG5,14.76155751,-7.30E-05,0.052124947,0.989802377,NA
CADM3,11.34878362,-0.00149102,0.052311529,0.738820498,NA
CADPS2,27.34804612,-0.000358661,0.051874166,0.959087219,NA
CAGE1,6.963255948,0.003664801,0.052550255,0.292933613,NA
CALB1,18.77830697,0.002181919,0.052214523,0.706608928,NA
CALB2,5.49591183,0.002483195,0.05246727,0.430329239,NA
CALCR,23.15365063,-0.003431112,0.052360479,0.515829863,NA
CALCRL,22.95636469,0.004943993,0.052341485,0.485899873,NA
CALHM1,8.434026872,-0.001636028,0.052313129,0.723500467,NA
CALHM5,22.83155276,-0.00041901,0.051928311,0.953949324,NA
CALM2P2,14.82122637,-0.003968864,0.052338642,0.510850058,NA
CALN1,11.3710655,-0.003404741,0.052335575,0.540761072,NA
CAMK2A,14.00579336,-0.002696382,0.052266708,0.629851851,NA
CASKIN1,17.09376417,-0.001515228,0.052452516,0.51227022,NA
CASP14,15.68238197,-0.004766033,0.052424625,0.438490764,NA
CASP16P,7.981848678,0.005143298,0.052712161,0.179719303,NA
CASR,25.84682394,-0.002451442,0.051997374,0.744316333,NA
CASTOR3P,26.61701008,-0.003122088,0.052072107,0.672503132,NA
CATSPER3,18.9689068,0.008644484,0.05318296,0.153367968,NA
CATSPERB,16.07503715,-0.004132319,0.052471047,0.40651985,NA
CATSPERE,24.67399371,0.004790509,0.052495948,0.392351654,NA
CAV2,20.90702373,0.002535265,0.05217016,0.691095796,NA
CAVIN3,14.73338912,0.006652261,0.052744447,0.273232848,NA
CAVIN4,22.70674963,-0.003189567,0.052056714,0.671905133,NA
CBLL1P1,12.10838346,-0.008617407,0.053249062,0.113797905,NA
CCBE1,27.95272904,-0.015431578,0.055185351,0.067275921,NA
CCDC102A,15.75189615,-0.002826486,0.05238081,0.54032831,NA
CCDC141,31.32840515,0.009977688,0.053133524,0.251512931,NA
CCDC144CP,12.21054808,0.004183302,0.052554348,0.319653353,NA
CCDC188,18.134925,-0.004395605,0.052376723,0.471991306,NA
CCDC192,12.7532594,0.000477989,0.052174261,0.93353103,NA
CCDC201,13.87906688,0.00458147,0.052462041,0.419545709,NA
CCDC27,30.7637916,-0.004901099,0.052213195,0.529217165,NA
CCDC38,11.00175723,0.002666703,0.052376311,0.551874806,NA
CCDC62,25.39341745,-0.004776062,0.052458444,0.413819306,NA
CCDC74B,16.40242594,0.000285365,0.052194475,0.958021698,NA
CCDC81,11.11177082,0.002941307,0.052436333,0.469663192,NA
CCER2,7.650168207,0.001248746,0.052345606,0.752707179,NA
CCL1,8.91982309,0.000749106,0.052372054,0.82467698,NA
CCL16,8.410641217,0.001398791,0.052338218,0.736775386,NA
CCL23,17.51372859,-0.000822231,0.052066641,0.897938097,NA
CCL28,12.77661401,-0.008546287,0.053286509,0.081286091,NA
CCN1,9.321118222,-0.002265026,0.052415075,0.538626665,NA
CCNB3,15.61668839,0.000207684,0.05237748,0.947304682,NA
CCNB3P1,10.33113931,-0.003637024,0.052409216,0.47533751,NA
CCNYL1B,18.61409487,-0.002723031,0.052180915,0.668414347,NA
CCR10,9.518980834,0.00369454,0.052470898,0.416038467,NA
CCR2,19.24451674,0.003557408,0.052387745,0.500210813,NA
CCR3,17.15757586,-0.005884579,0.052599646,0.336547402,NA
CCR4,15.48577747,-0.009494852,0.053362822,0.132933013,NA
CCR7,14.13460169,0.008213584,0.053120264,0.150574437,NA
CCT8P1,16.31539047,0.000507589,0.052127669,0.934469168,NA
CD160,16.65786561,-0.006864566,0.052782772,0.260586325,NA
CD1A,29.31614005,-0.000959743,0.051948576,0.895997856,NA
CD1B,12.86886967,-0.005854933,0.052708391,0.252677091,NA
CD2,9.282274489,-0.006831306,0.052976327,0.100452858,NA
CD200R1,9.88582438,-0.004916544,0.052683521,0.191687408,NA
CD24,12.96776139,0.000668294,0.052180374,0.906235534,NA
CD244,13.98694285,-0.000872913,0.052229424,0.863501073,NA
CD300H,10.18008286,0.005542586,0.052704627,0.232212638,NA
CD38,17.79974243,0.004742022,0.052523347,0.367937276,NA
CD3G,12.45669382,-0.007202573,0.052902291,0.202049266,NA
CD5,29.05664587,-0.001025459,0.051999252,0.882782562,NA
CD7,12.4998822,0.005607106,0.052703301,0.237879123,NA
CD70,8.718541671,7.75E-05,0.052348651,0.984695353,NA
CD79A,11.25854311,0.000375264,0.05223494,0.942399878,NA
CDA,10.75730776,0.002984221,0.05239839,0.506398083,NA
CDC14C,20.96797259,0.001194508,0.052114736,0.850347296,NA
CDC20B,14.75486766,-0.003871092,0.052376108,0.494062928,NA
CDC42BPG,24.612175,0.004481383,0.052482487,0.396416063,NA
CDC42EP2,22.63869241,-0.002527955,0.052173308,0.689093745,NA
CDC42EP5,25.99456073,0.006981649,0.052806449,0.248396516,NA
CDH1,27.92279599,-0.005474059,0.052333514,0.466892795,NA
CDH11,30.34289951,-0.00498352,0.052498597,0.385160114,NA
CDH12P2,17.18254054,-0.002399644,0.052164403,0.703365724,NA
CDH13,20.8204889,-0.023544822,0.060447826,0.000109584,NA
CDH2,24.28876134,-0.016607072,0.055859931,0.033708602,NA
CDH26,14.81642716,-0.000857235,0.05234513,0.815934053,NA
CDH3,12.61149699,0.00604139,0.052744702,0.23239989,NA
CDH4,14.43171153,0.003469479,0.052301588,0.560613974,NA
CDH6,18.04439603,-0.003386433,0.052279626,0.575458639,NA
CDH7,10.50907983,-0.006544543,0.052864622,0.168667442,NA
CDH8,16.64090256,0.002417949,0.052287705,0.646972369,NA
CDHR3,11.99038909,0.001701446,0.052309219,0.711756962,NA
CDHR5,10.49190828,0.001777002,0.05238038,0.637975442,NA
CDKL4,10.02108805,0.000223899,0.052257533,0.963681682,NA
CDNF,27.20592856,-0.011043987,0.053677035,0.133284992,NA
CEACAM1,19.59273134,0.001230916,0.052266196,0.798364073,NA
CEACAM4,9.520421509,-0.00507133,0.052660019,0.238300928,NA
CEACAM8,14.81967487,-0.005754698,0.052570183,0.352315506,NA
CEBPE,21.75723884,0.005515917,0.052523554,0.379014954,NA
CEL,9.939234214,-0.000339369,0.052292002,0.936184484,NA
CELF3,11.53855454,0.000162514,0.052190461,0.978901432,NA
CELF4,6.27704125,-0.001567955,0.052390476,0.649744413,NA
CELF5,10.7439421,-0.001061561,0.052237662,0.831543272,NA
CEND1,20.44872448,0.00257247,0.05231454,0.617168143,NA
CENPNP1,11.0868719,-0.006704395,0.052878787,0.17579202,NA
CENPS-CORT,21.03329212,0.000772002,0.052254684,0.874036232,NA
CEP126,15.64768677,0.00282606,0.052253516,0.631542787,NA
CERKL,10.21978391,0.001237599,0.052242522,0.810877093,NA
CETP,9.602640078,1.21E-05,0.052298258,0.999063994,NA
CFAP107,12.49398085,-0.006848166,0.052893557,0.174335542,NA
CFAP20DC,15.53120681,-0.00066268,0.05217714,0.901495896,NA
CFAP221,25.9243556,-0.009020079,0.053069768,0.229826505,NA
CFAP45,8.897350989,0.002452706,0.052401344,0.54834631,NA
CFAP53,17.26194106,-0.003711118,0.052292168,0.550699287,NA
CFAP58,11.15593532,-0.006937006,0.052917221,0.168916293,NA
CFAP74,23.88053866,-0.004898133,0.052448896,0.419301829,NA
CFAP97D1,20.17952363,0.002072293,0.052134087,0.748793458,NA
CFHR2,9.866532511,0.005776848,0.052728074,0.229908976,NA
CFHR4,9.883427203,-0.001533903,0.052279352,0.749827193,NA
CFI,8.122301693,-2.77E-05,0.052302448,0.991974931,NA
CFL1P1,12.00129892,-0.004384151,0.052481233,0.403906036,NA
CFP,29.47799503,0.00929884,0.05315593,0.209648349,NA
CGN,12.22051354,0.00282954,0.052355076,0.564957446,NA
CGNL1,7.957933296,-0.003570814,0.052534339,0.313266328,NA
CGREF1,16.69018669,-0.000414576,0.052104716,0.944238414,NA
CHADL,13.75171385,0.003034563,0.052365486,0.540506344,NA
CHAT,15.4186792,-0.002472239,0.052281678,0.643179448,NA
CHCT1,26.29112051,-0.002626161,0.051982186,0.729911601,NA
CHD9NB,29.55476474,0.014180765,0.054922489,0.035537134,NA
CHGB,12.04502326,0.003457559,0.052363363,0.52251614,NA
CHN1,21.38144316,0.001121923,0.052121121,0.857474144,NA
CHP2,23.11270584,0.000258723,0.052000515,0.972447061,NA
CHRD,14.09953607,-0.004524318,0.05247825,0.405867138,NA
CHRM5,13.90122823,-0.005839503,0.052688006,0.269192457,NA
CHRNA10,19.61192119,0.000365799,0.052020533,0.958991691,NA
CHRNA5,23.81146718,0.001297814,0.05198353,0.85937741,NA
CHRNB2,10.82070521,0.005042014,0.052583556,0.324958741,NA
CHRNB4,15.16536707,0.001551512,0.052181268,0.792026563,NA
CHRNE,18.88232444,0.001460203,0.052094715,0.823402025,NA
CHRNG,8.375669165,0.000824199,0.052326849,0.83678228,NA
CHST5,15.53150135,-0.000988582,0.052181157,0.858677978,NA
CHST6,23.24997143,0.00084812,0.051971807,0.909396283,NA
CHURC1-FNTB,17.14225368,0.001577509,0.052484297,0.34789442,NA
CIB2,19.16919276,4.91E-05,0.052136411,0.996686553,NA
CIBAR2,8.620103311,0.002456762,0.052390329,0.5588534,NA
CICP15,13.62814574,0.000542751,0.052197904,0.920700348,NA
CICP16,23.90676609,-0.004252871,0.052209326,0.559012402,NA
CILP,30.61302361,-0.000562399,0.051843628,0.942652908,NA
CILP2,13.51821348,0.006169427,0.052777127,0.215980923,NA
CIMAP1C,9.6782711,-0.002409737,0.052361207,0.593344259,NA
CIROP,8.101478356,0.002235785,0.0523938,0.574732544,NA
CKM,9.093116175,0.000311371,0.052326397,0.93842057,NA
CKMT1A,22.13134666,-0.000997925,0.051933322,0.894797658,NA
CKMT1B,18.7593188,0.002407555,0.052245056,0.671355025,NA
CKMT2,9.765628937,0.000741098,0.052327549,0.858394877,NA
CLCN1,24.94941588,0.000379157,0.051983132,0.942501135,NA
CLCNKA,25.53561835,-0.016046773,0.055826346,0.010488445,NA
CLCNKB,9.639220002,-2.23E-05,0.052271414,0.993342268,NA
CLDN11,14.8854742,-0.004025477,0.052412011,0.458252659,NA
CLDN20,9.691294549,0.00177004,0.052290543,0.716976775,NA
CLDN3,12.78463822,0.000583578,0.052210097,0.913154946,NA
CLDN4,6.961227919,-0.007044792,0.053042642,0.069799335,NA
CLDN7P1,21.71776952,0.002507852,0.052154163,0.707630013,NA
CLDND2,25.42240093,-0.001478585,0.05190599,0.848180741,NA
CLEC10A,18.87535855,0.000539141,0.052138784,0.926440858,NA
CLEC19A,17.09713843,-0.00314324,0.052208517,0.62438907,NA
CLEC6A,14.14943108,0.004101042,0.05246961,0.417204849,NA
CLECL1P,25.71553886,0.010225496,0.053498579,0.139662235,NA
CLIC2,11.30194387,-0.002796202,0.052356598,0.552371771,NA
CLNK,9.788723215,0.00063612,0.05227687,0.891251392,NA
CLRN3,8.355430358,0.001296357,0.052326506,0.76219971,NA
CLUHP3,28.42389402,0.000321711,0.0519973,0.965455614,NA
CLUL1,13.61837093,0.003682126,0.052388731,0.488679043,NA
CLVS1,17.8571683,0.001632404,0.05211178,0.802732238,NA
CLXN,18.29683803,0.00129118,0.052259617,0.793407088,NA
CMTM2,9.587646972,-0.004439908,0.052520667,0.366821717,NA
CMTM8,10.59961088,0.001188784,0.052259056,0.811238662,NA
CNDP1,13.2443673,-0.00204722,0.052391798,0.589732326,NA
CNFN,8.553621076,0.003001941,0.052418547,0.492797531,NA
CNGB1,20.34400092,0.005678254,0.052665463,0.274531029,NA
CNN1,9.805814856,-0.00067364,0.052301327,0.874387443,NA
CNN2P9,18.7857336,6.76E-05,0.052037311,0.995563974,NA
CNN3,29.13647195,0.006556658,0.05258849,0.355214798,NA
CNR1,28.94770441,-0.002091319,0.052099802,0.752895934,NA
CNR2,16.08436402,-1.29E-06,0.05215636,0.998013022,NA
CNTF,20.56311202,-0.00088597,0.051995114,0.889174206,NA
CNTN2,10.36268765,0.00395008,0.052498734,0.378645031,NA
CNTNAP2,20.56593648,0.003482762,0.052169615,0.619331028,NA
CNTNAP3,24.42143433,-0.003422559,0.052574512,0.197452775,NA
CNTNAP3B,8.904965473,0.007557582,0.053190224,0.023676948,NA
CNTNAP4,22.48276355,0.008036829,0.053075409,0.161912997,NA
COBL,12.13690406,0.003533614,0.052424594,0.460210291,NA
COL11A2,22.42842669,-0.001978402,0.052214136,0.72479398,NA
COL14A1,8.242648647,0.003905962,0.052564689,0.278837376,NA
COL16A1,11.07658061,0.001610773,0.052301004,0.730393455,NA
COL19A1,15.04220563,-0.004900014,0.052517405,0.375606352,NA
COL24A1,8.694672386,-0.001172124,0.052360999,0.748940046,NA
COL28A1,10.70284629,-0.008432286,0.053297287,0.057664926,NA
COL4A3,19.50194037,-0.005929055,0.052595841,0.339307254,NA
COL4A5,8.941320974,0.002906252,0.052426414,0.488201723,NA
COL6A4P2,15.25426215,-0.005893242,0.052622063,0.32268885,NA
COL8A1,18.48985253,-0.004266598,0.052287054,0.524911106,NA
COL9A1,16.22872456,-0.003195164,0.052312288,0.568203679,NA
COL9A3,7.751801787,0.000768142,0.052318618,0.853507195,NA
COMMD3-BMI1,13.70387954,0.000759482,0.052460228,0.623390511,NA
CORIN,26.79231925,-0.005426375,0.052415847,0.432497882,NA
CORO7-PAM16,26.32694993,0.000778036,0.052416577,0.769719922,NA
CORT,14.4749747,-0.001211652,0.052271721,0.804521973,NA
COX6B2,11.54265641,-0.011435302,0.054050704,0.040356528,NA
COX7A1,9.722196552,-3.47E-05,0.052272623,0.992204412,NA
CP,23.52348074,0.001417042,0.052136561,0.819380074,NA
CPA4,8.780163236,0.000865555,0.05231114,0.840043797,NA
CPB1,21.4137835,-0.007093191,0.052809159,0.253097367,NA
CPB2,19.12959195,-0.00038148,0.052161566,0.945506271,NA
CPN2,27.91221348,-0.006703389,0.052475746,0.401620223,NA
CPNE9,18.0383709,0.001365076,0.052219591,0.800366824,NA
CPT1C,17.09598173,0.005702807,0.052601115,0.32614419,NA
CPXM1,21.14240047,0.000264048,0.052076203,0.968477487,NA
CPZ,15.85753836,0.003751194,0.052391778,0.48639149,NA
CR1L,14.97577723,-0.008723258,0.053186301,0.156996355,NA
CR2,24.48259047,-0.014924876,0.055009489,0.068140083,NA
CRISPLD1,27.25328382,0.000841454,0.052108455,0.893375443,NA
CROCCP4,7.849816288,-4.51E-05,0.052458472,0.960856902,NA
CRTAM,28.9746023,0.017012921,0.055984506,0.039230776,NA
CRX,14.83282035,0.003895827,0.052380628,0.492321001,NA
CRYBG2,9.719986037,0.000114674,0.052280806,0.982769314,NA
CRYZP1,9.269717268,-0.004332307,0.052554744,0.323788529,NA
CSMD1,9.22356122,-0.010626686,0.053891486,0.021892521,NA
CSMD2,10.43069677,-5.25E-05,0.052250366,0.988897971,NA
CSMD3,19.07300866,0.001208505,0.052148094,0.841317374,NA
CSPG5,16.41525986,0.003448029,0.05235759,0.525982012,NA
CST6,19.41627392,-0.00287092,0.052154598,0.675106717,NA
CTAGE4,11.79014645,-0.005396527,0.052738611,0.175507136,NA
CTAGE7P,8.043249619,0.000443423,0.052301791,0.919431187,NA
CTAGE8,14.59466819,0.003174609,0.052370824,0.531499137,NA
CTBP2P10,27.64460523,0.00335439,0.052029702,0.669302085,NA
CTBP2P9,27.64460523,0.00335439,0.052029702,0.669302085,NA
CTCFL,21.48414676,0.002531075,0.05210581,0.710371142,NA
CTDNEP1P2,12.89073203,2.77E-05,0.05216877,0.998143214,NA
CTDSPL2P1,9.665139656,-0.002762938,0.052344311,0.575686267,NA
CTRB2,7.567366895,-0.001951586,0.052325194,0.668339545,NA
CTRL,24.11639711,-0.005460646,0.052395395,0.444065771,NA
CTXN1,15.54185625,0.006557278,0.052808118,0.222370566,NA
CTXND1,7.639071559,-0.004735106,0.05261809,0.267892478,NA
CUTALP,25.74808012,-0.004413583,0.052245933,0.536947197,NA
CUX2,8.943070287,-0.001400128,0.052361393,0.710117537,NA
CX3CL1,8.688191386,3.14E-05,0.052295665,0.995560608,NA
CXCL11,15.61260345,-0.00013843,0.052199276,0.976940985,NA
CXCL12,21.69021146,-0.004662013,0.052414895,0.447295295,NA
CXCL6,7.622803589,0.000215123,0.052331979,0.965515575,NA
CXCL9,7.626198305,0.001290962,0.052367243,0.720149193,NA
CYP17A1,12.73422761,0.007227838,0.05295559,0.168026215,NA
CYP1A2,27.76686866,-0.019471106,0.057242203,0.025031324,NA
CYP27C1,15.50936323,-0.004025693,0.052420701,0.455895017,NA
CYP2C19,12.35654782,-0.003777646,0.052377652,0.494737922,NA
CYP2C9,11.06138544,-0.003502385,0.052468945,0.414986499,NA
CYP2D6,28.8418688,0.008512314,0.052877595,0.284385006,NA
CYP2D8P,14.08820291,0.005071889,0.052510718,0.384732313,NA
CYP2E1,22.70328381,0.001753118,0.052315742,0.701851041,NA
CYP3A43,9.679613506,0.002861317,0.052396083,0.524074627,NA
CYP4A22,10.92869955,2.91E-05,0.052211319,0.997355731,NA
CYP4F3,28.81718938,-0.011066954,0.053932691,0.045507114,NA
CYP4F62P,18.27611302,0.005469358,0.052494,0.397107002,NA
CYP4F8,16.15957994,0.003434611,0.05224866,0.590583483,NA
CYSLTR2,13.33805601,-0.002101397,0.052260344,0.69194961,NA
CYSRT1,30.36286176,-0.011755853,0.05374688,0.159003679,NA
CYTL1,19.44657365,0.009175121,0.053331663,0.123725807,NA
DBH,14.3524239,-0.006123115,0.052685135,0.291582633,NA
DCANP1,21.80911312,-0.000916478,0.052450974,0.628613674,NA
DCC,13.85689444,0.003098128,0.052276567,0.598040059,NA
DCDC1,28.64431221,-0.004815304,0.052334355,0.483077586,NA
DCDC2,19.37693267,-0.004988079,0.052491952,0.38973095,NA
DCDC2B,25.0861655,0.006719974,0.052502504,0.394354835,NA
DCHS2,15.17952973,0.00096895,0.052228962,0.851316472,NA
DCST1,15.41403444,-7.43E-06,0.052196432,0.997267098,NA
DCX,7.366318868,0.000292341,0.052328714,0.942072799,NA
DDAH1,9.607011916,0.000649407,0.052273624,0.889719346,NA
DDN,6.896911336,0.001856542,0.052370199,0.642874781,NA
DDR2,19.0179969,-0.0109249,0.053858391,0.057919201,NA
DDTL,29.69266718,-0.001856672,0.05213569,0.766832938,NA
DDX10P1,23.0149191,0.010259665,0.053525737,0.131328191,NA
DDX11L1,7.846138075,0.003245843,0.052497551,0.371391959,NA
DDX25,9.860299712,-0.008419568,0.053291085,0.063291624,NA
DDX50P1,19.97116808,0.002226994,0.052086973,0.746998961,NA
DEFB105A,11.10614616,-0.003525412,0.052383333,0.501156391,NA
DEGS2,9.053837727,-0.004905708,0.052680782,0.181669519,NA
DENND2A,13.67456092,-0.000888055,0.052218918,0.866903717,NA
DEPDC4,23.03513808,-0.002285353,0.052184258,0.705645657,NA
DHRS2,23.30694559,-0.005066947,0.052354626,0.468272103,NA
DIO1,18.07212588,-0.006469479,0.052647739,0.324446363,NA
DIPK2B,29.89333814,-0.006196446,0.052367514,0.444049367,NA
DKK3,12.3564175,-0.00187366,0.052328039,0.673733427,NA
DLGAP1,14.31777834,0.001423764,0.05230471,0.750920887,NA
DLGAP2,24.38045394,-0.007524393,0.052885473,0.230806486,NA
DLK1,25.31441789,0.00329803,0.052605501,0.05567807,NA
DLK2,30.87442222,-0.010449809,0.053297203,0.220540019,NA
DLX6,18.73587524,-0.007971522,0.052982174,0.214929427,NA
DMBX1,7.464586109,0.001784401,0.052327813,0.691523713,NA
DMC1,27.42988081,-0.000126663,0.052083118,0.982644875,NA
DMGDH,12.55451639,0.001317324,0.052296056,0.774675607,NA
DMRTA1,15.82847906,-0.003565997,0.052264395,0.570963984,NA
DNAAF1,16.74481124,0.00145866,0.052180598,0.802033785,NA
DNAAF3,26.52864313,-0.001060666,0.052094001,0.862035101,NA
DNAAF8,27.87490487,0.009645617,0.053396258,0.135811923,NA
DNAH12,21.35808678,0.001656369,0.052207603,0.768907842,NA
DNAH2,8.958407585,-0.001769064,0.052288135,0.715592985,NA
DNAH3,9.344759147,-0.002185024,0.052343434,0.62357218,NA
DNAH7,20.68902501,-0.000729622,0.052311233,0.855514639,NA
DNAJB7,9.709769895,-0.000644292,0.052251009,0.893000019,NA
DNAJC12,25.57745467,-0.007940664,0.05278935,0.298537104,NA
DNAJC19P5,7.949643222,-0.00258273,0.052399904,0.536367111,NA
DNAJC22,16.86096939,-0.004963385,0.052481759,0.400545544,NA
DNAJC5B,23.96566787,0.000283695,0.052083007,0.967685116,NA
DNASE1L2,18.99945342,-0.000878409,0.052069811,0.891601767,NA
DNASE1L3,23.17698017,-0.010026487,0.053500567,0.121607109,NA
DND1,7.375475761,-0.000904193,0.052388451,0.779200849,NA
DOC2B,8.546377079,0.001109353,0.052321494,0.793835444,NA
DOCK9,18.36923327,0.000613487,0.052321386,0.879581623,NA
DOK7,26.6443684,-0.009461487,0.053192224,0.206543189,NA
DPEP3,8.390254507,0.000838282,0.052317265,0.840877883,NA
DPF1,23.13053287,-0.013453411,0.054595706,0.053868228,NA
DPF3,14.56721093,0.005008101,0.052614779,0.281743917,NA
DPP6,13.26929993,-0.003969586,0.052407559,0.465505884,NA
DPPA4,9.999224082,-0.00666259,0.052927281,0.125543793,NA
DPRXP4,15.42820456,-0.009112618,0.053317073,0.125008909,NA
DPY19L1P1,31.69422287,-0.00685199,0.052372027,0.433523686,NA
DPY19L2,23.73719842,-0.006200852,0.052482081,0.394161756,NA
DPY19L2P5,21.10889594,0.004064381,0.052327591,0.517970404,NA
DPYSL4,10.05836674,0.006272912,0.052789229,0.215095118,NA
DRC7,13.16483905,-0.007502873,0.053005616,0.154899726,NA
DRD4,18.99667047,0.005952208,0.052771473,0.197070835,NA
DRP2,6.684982156,-0.002842228,0.052453854,0.439376388,NA
DSC3,16.95739122,-0.003492115,0.052403887,0.485729085,NA
DSG2,16.3354106,0.00367945,0.052346099,0.52197719,NA
DUOX1,28.65593471,0.005684592,0.052651645,0.292470516,NA
DUSP15,23.80601375,-0.006912655,0.052675252,0.323848714,NA
DUSP19,25.21876746,0.006986417,0.052712953,0.304649833,NA
DUX4,10.02278289,-0.003715543,0.052476537,0.386215298,NA
DUX4L50,25.7338895,-0.010472235,0.053443286,0.175807434,NA
DYDC2,9.220212428,-0.001016826,0.052280668,0.823378392,NA
DYNC1I1,17.71670237,-0.007598817,0.052945669,0.203333595,NA
EBAG9P1,7.719876772,-0.000928934,0.052305619,0.828878851,NA
EBF4,9.723528061,0.003913809,0.052490121,0.3929615,NA
EBLN2,25.23671489,-0.010015899,0.053282156,0.204165226,NA
ECM2,19.42095723,0.005668236,0.052550505,0.364608049,NA
ECT2L,9.024774428,-0.002448786,0.052414578,0.516961743,NA
EDDM13,16.09719936,-0.002746685,0.052304495,0.605082148,NA
EDIL3,24.8107308,0.003909083,0.052441616,0.439436609,NA
EDN1,17.16619206,-0.002348051,0.052243667,0.681665795,NA
EDNRA,7.719059661,-0.002641463,0.052423906,0.503020019,NA
EEF1A1P11,10.38525262,-0.002356284,0.052359061,0.597895042,NA
EEF1A1P13,10.04010736,0.001105665,0.05231441,0.798234522,NA
EEF1A1P19,16.37509931,0.001675347,0.052174761,0.778857388,NA
EEF1A1P3,13.91159767,-0.007797431,0.052988675,0.194039811,NA
EEF1A1P50,7.652394731,-0.001871857,0.052358523,0.648832734,NA
EFCAB10,15.68179657,-0.007428813,0.052964944,0.178682567,NA
EFCAB3,15.96945043,0.002668995,0.052246423,0.64855759,NA
EFCAB3P1,20.48405046,-0.004316009,0.052270793,0.530474864,NA
EFCAB6,17.79987513,-0.007139836,0.052820239,0.249437283,NA
EFHB,9.166445098,0.000243909,0.052358847,0.942815674,NA
EFNA4-EFNA3,8.326547542,-0.000746194,0.052357296,0.832587261,NA
EFNB2,23.91463737,-0.01078575,0.053614104,0.136414456,NA
EGLN1P1,16.62794739,0.00435778,0.052368409,0.484419523,NA
EGLN3,9.194089314,0.001864814,0.052329127,0.679049639,NA
EHF,7.214984728,0.005765806,0.052870794,0.048156529,NA
EID3,16.0443786,-0.000567109,0.052069426,0.929070274,NA
EIF2S2P1,8.285643669,0.000815685,0.052296746,0.854561936,NA
EIF3FP3,26.81431457,-0.005093243,0.052495833,0.391988333,NA
EIF4EP1,23.96728819,-0.008195207,0.052767365,0.313634036,NA
ELAPOR1,24.9581763,0.003574636,0.05239396,0.491773761,NA
ELAVL4,6.68377099,-0.002039354,0.052439716,0.506148577,NA
ELF3,11.33566745,-0.002620105,0.052423642,0.496811326,NA
ELN,15.6000695,-0.005235282,0.052495631,0.39292252,NA
ELOCP19,17.03391591,-0.003869188,0.052263393,0.558983111,NA
ELOVL3,20.9492833,-0.006638136,0.052665411,0.318758166,NA
EMC3-AS1,12.08063971,0.010173255,0.053690581,0.054449628,NA
EMCN,9.08677249,0.000773823,0.052303091,0.85779611,NA
ENDOU,7.881001623,0.002158528,0.052358198,0.61140511,NA
ENHO,26.43485689,-0.008792596,0.053126953,0.195485217,NA
ENPP1,30.78625634,0.002943541,0.052096497,0.681205076,NA
ENPP6,14.0516737,0.006605234,0.052840198,0.199086924,NA
ENPP7P1,10.92632536,-0.003062116,0.052367283,0.537628151,NA
ENPP7P11,12.99352123,-0.001007043,0.052230313,0.838367463,NA
ENPP7P8,11.12152955,0.00024028,0.05221182,0.96503638,NA
ENTHD1,19.15999882,0.001365407,0.052115799,0.830054429,NA
ENTPD3,6.986626865,0.002846445,0.05246079,0.431638632,NA
ENTPD8,8.458501947,-0.001869359,0.052307184,0.691470085,NA
ENTREP1,7.370469113,-0.006375694,0.052914399,0.096132288,NA
EPB41L5,19.40015979,0.009854611,0.053517085,0.099046927,NA
EPCAM,21.39588841,-0.002954134,0.052068559,0.685462644,NA
EPCIP,13.95762711,0.001808581,0.052173905,0.763266355,NA
EPGN,11.03298448,0.000175785,0.052289795,0.975163713,NA
EPHA10,7.428743368,0.000456559,0.052375908,0.889188752,NA
EPHA6,8.431075744,-0.002089059,0.052374218,0.605282624,NA
EPHB4,14.16856798,-0.000645378,0.052169298,0.907540853,NA
EPPIN,15.96819162,-0.002803936,0.052195907,0.655984968,NA
ERC2,10.00980652,0.002282834,0.052448915,0.457537855,NA
ERN2,15.62238987,-0.00086861,0.052242596,0.85787512,NA
ERP27,10.94795931,0.000951535,0.052287164,0.840599155,NA
ERVH48-1,24.93403218,-0.000821427,0.051911013,0.912736756,NA
ERVV-2,8.250445159,-0.002169128,0.052362472,0.617661045,NA
ESAM,10.59922702,-0.008826656,0.053353273,0.072106385,NA
ESPN,28.39048785,-0.008175212,0.052771453,0.310381669,NA
ESR2,27.39405027,-0.005829392,0.052304154,0.471725025,NA
ESRRB,12.07935448,-0.000175787,0.052272005,0.966833247,NA
ESYT3,12.97755558,0.006492133,0.052896932,0.131554514,NA
ETV2,9.340467536,-0.003963458,0.052498695,0.380238319,NA
ETV4,13.66653897,0.004266152,0.052550922,0.322920265,NA
ETV7,20.6632974,0.011025924,0.053804939,0.089333065,NA
EVA1C,15.92762788,-0.003372749,0.05233218,0.542172673,NA
EXOC3L1,26.01240372,0.002005436,0.051991821,0.788366955,NA
EXOC3L2,17.12266022,0.002466297,0.052199443,0.687996573,NA
EXOC3L4,6.642627569,0.003382462,0.052498049,0.368196998,NA
EXPH5,16.61545336,-0.003606652,0.052262415,0.570068747,NA
EXTL1,21.16713567,-0.006273665,0.052759111,0.235418865,NA
EYS,24.78378959,0.000840689,0.052072253,0.898282767,NA
F12,26.80492668,-0.012141118,0.054028914,0.101311115,NA
F2RL1,12.04505642,0.003386868,0.052349799,0.538994907,NA
F2RL3,22.14887402,-0.004032735,0.052186124,0.575721505,NA
F5,18.18411608,0.000513503,0.052255569,0.913643039,NA
FABP2,12.86427664,-0.00572707,0.05262189,0.316205469,NA
FABP7,10.95971996,-0.009090676,0.053397806,0.078963088,NA
FADS6,9.950229816,0.002817934,0.052428402,0.486852895,NA
FAHD2CP,11.81569176,0.000951367,0.052202409,0.862221473,NA
FAM110D,9.04037567,-0.002103965,0.052348978,0.631930909,NA
FAM124A,28.17095018,0.005720264,0.052512607,0.386480749,NA
FAM135B,25.4433487,-0.001423813,0.05218908,0.796019026,NA
FAM153A,22.82861179,-0.01313196,0.054756739,0.00585596,NA
FAM167A,23.97878797,0.010492022,0.053652759,0.098138887,NA
FAM171A2,21.91586347,0.000944503,0.052202383,0.862340911,NA
FAM180B,6.811104846,-0.005153759,0.052693585,0.206413071,NA
FAM181B,12.78165724,0.000519597,0.052180214,0.928139259,NA
FAM184B,12.35124129,-0.000466593,0.052221403,0.925367667,NA
FAM185BP,18.47281257,0.001006568,0.052118229,0.872547502,NA
FAM186A,28.80676942,-0.011493064,0.053672717,0.164081148,NA
FAM201B,8.481301529,-0.000259566,0.052333405,0.943297823,NA
FAM209B,10.84896596,-0.007262817,0.052964809,0.161965384,NA
FAM21FP,8.453891125,-0.00269834,0.052407335,0.524029483,NA
FAM228A,12.08443367,-0.000751132,0.052285338,0.862439134,NA
FAM229B,9.534694763,-0.001032799,0.052322049,0.8012569,NA
FAM238C,10.39525562,-0.001364298,0.052249628,0.787222151,NA
FAM3B,28.26431448,0.003312749,0.052084771,0.660715436,NA
FAM47E-STBD1,10.69953663,0.00237281,0.052396161,0.558997793,NA
FAM53A,24.11414067,0.004109996,0.052273426,0.537583923,NA
FAM81A,20.82058895,-0.006311944,0.052692233,0.286294739,NA
FAM83A,18.00460964,-0.007624999,0.052969203,0.187040646,NA
FAM83B,17.0005276,0.00214412,0.052146146,0.737769564,NA
FAM83E,14.32707329,-0.002332322,0.052259836,0.669751308,NA
FAM83F,29.21622272,-0.004963256,0.052099913,0.562025639,NA
FAM86C1P,11.09368353,0.006145271,0.052779718,0.212097789,NA
FAM86DP,14.50013887,0.005463913,0.052540223,0.365067198,NA
FAM86EP,12.17820039,0.000527403,0.052237697,0.917935102,NA
FAM91A2P,12.31646793,0.000109719,0.052238162,0.980279657,NA
FAM9C,12.41171731,0.002607581,0.052393996,0.543858251,NA
FANK1,10.55858904,-0.004470615,0.052497662,0.388386643,NA
FAR2P4,23.93451034,-0.003447999,0.052244417,0.587753181,NA
FAT3,14.70498981,-0.00428225,0.052585316,0.272026807,NA
FAXC,15.11908145,-0.001536228,0.052173187,0.792381917,NA
FBLN5,24.42598194,0.00775118,0.052908938,0.235772499,NA
FBN2,27.63777596,-0.003492625,0.0522205,0.592568083,NA
FBXL13,24.57314557,0.008859288,0.053016625,0.245862846,NA
FBXL16,26.04415501,0.005317454,0.052391629,0.449713181,NA
FBXO16,21.51521789,-0.001506321,0.052179286,0.791276775,NA
FBXO2,12.15263359,-0.002298734,0.052266405,0.697571927,NA
FBXO24,25.61215557,-0.006162604,0.05243107,0.421166869,NA
FBXO43,24.3830648,-0.002168303,0.05200769,0.769382239,NA
FBXW10B,14.29202378,-0.005576057,0.052647751,0.285689237,NA
FCAR,16.71349074,0.002092452,0.052242339,0.705258473,NA
FCER2,9.083390881,0.005963388,0.052766787,0.208086563,NA
FCF1P7,10.90091676,-0.002205556,0.05228888,0.666175968,NA
FCRL3,14.65540583,-0.000692982,0.052184114,0.898654336,NA
FDPSP7,27.93140815,-0.00553209,0.052232027,0.499695723,NA
FER1L4,12.91369598,-0.001510596,0.052200476,0.785943948,NA
FER1L5,16.81614637,0.004612907,0.052407925,0.454541261,NA
FER1L6,14.82527964,0.002247078,0.052228057,0.69779465,NA
FERP1,9.050458517,-0.001524789,0.052341159,0.71067092,NA
FEZ1,14.46054,-0.012166179,0.05426268,0.037978614,NA
FFAR1,6.639632683,-0.002233743,0.052397118,0.567771105,NA
FGF1,26.80060049,-0.000837898,0.05191641,0.911760205,NA
FGF14,23.95971833,-0.001779939,0.052089169,0.786220474,NA
FGF17,10.9642032,0.003041438,0.052399517,0.510437768,NA
FGF2,10.41626159,0.001565251,0.052288131,0.744449842,NA
FGFR2,17.70112798,-0.002994944,0.052301779,0.588132999,NA
FGFR3,9.666270004,0.00356586,0.052527185,0.324592927,NA
FHDC1,19.45595091,-0.008642246,0.053096267,0.198601373,NA
FHL2,15.55699289,0.00063353,0.052228912,0.902665801,NA
FHOD3,10.65708229,0.000735203,0.052313212,0.861375139,NA
FIGN,15.43042587,0.003786846,0.052474373,0.392040115,NA
FILIP1,21.54430237,-0.007308751,0.052740515,0.300823924,NA
FITM1,16.7251496,0.00418984,0.052364488,0.490804409,NA
FLACC1,19.22407077,-0.00150582,0.052246683,0.761091172,NA
FLG,17.58180326,0.003649734,0.052347074,0.522310156,NA
FLRT1,26.15521412,0.023270845,0.059801329,0.006052457,NA
FLT4,26.45447622,0.002098738,0.051913522,0.79370898,NA
FMN2,15.16886763,-0.010396562,0.053718718,0.063259847,NA
FMOD,8.381245744,-0.000529711,0.052352192,0.879879316,NA
FNBP1P1,18.96575209,0.006936963,0.052801134,0.253314411,NA
FNDC1,11.59174791,0.000851333,0.052203172,0.876567084,NA
FNDC4,9.908004447,0.000916012,0.052300581,0.835918361,NA
FOSB,15.37369821,-9.00E-05,0.052194406,0.984634768,NA
FOXD2,30.43023201,0.005194001,0.052298619,0.490435547,NA
FOXD4L5,9.518281754,0.000783851,0.052307637,0.855822242,NA
FOXH1,10.17746145,-0.002850496,0.052440411,0.461545827,NA
FOXL2NB,22.45501347,-0.000599792,0.052034111,0.925070575,NA
FOXO6,16.98956174,-0.008388042,0.053164138,0.140868489,NA
FOXP3,7.887150654,0.006322986,0.052888439,0.118376365,NA
FRG1CP,8.502516844,-0.001167329,0.052271221,0.805596124,NA
FRG1JP,15.18540128,-0.000707389,0.052182811,0.89712468,NA
FRMD3,15.44431966,0.008108681,0.053126936,0.12877742,NA
FSCN2,9.210839547,0.007313587,0.053060009,0.090946482,NA
FSTL4,11.9483912,-0.002490598,0.052363127,0.581267771,NA
FTH1P10,7.463462804,0.003766915,0.052500709,0.380703316,NA
FTH1P2,7.303663565,-5.73E-05,0.052302929,0.986346882,NA
FTH1P23,16.4182676,0.004671782,0.052411776,0.451598263,NA
FTH1P7,9.816204847,0.005133551,0.052655325,0.25400561,NA
FTH1P8,10.11550264,0.001775094,0.052314987,0.700371983,NA
FUT2,25.50498905,-0.002342037,0.052197329,0.695056583,NA
FUT6,12.21078423,0.006970988,0.052887079,0.194460551,NA
FUT9,10.02016302,0.002120251,0.052336989,0.644930972,NA
FXYD3,7.95601814,0.000785303,0.052320293,0.850387421,NA
FXYD7,8.026217287,-0.001284673,0.052322753,0.760326226,NA
FYB2,7.700369362,0.000689102,0.052317779,0.86888628,NA
FZD6,23.6010495,0.002617187,0.052154625,0.688983788,NA
FZD9,16.82653561,0.005738393,0.052615464,0.323575464,NA
G6PC1,14.17688742,0.003748721,0.052388841,0.491722146,NA
GABRA3,21.96086978,-0.005951375,0.052596566,0.336633268,NA
GABRD,13.6081626,-0.011442977,0.054015262,0.052581912,NA
GABRG3,9.499240312,-0.005464066,0.052660983,0.274098486,NA
GAD1,11.05097571,-0.007291528,0.052996232,0.141616517,NA
GALNT13,9.633317858,-0.000185612,0.052383269,0.94834631,NA
GALNT16,16.01569114,0.001293428,0.052113891,0.839517953,NA
GALNT5,11.4961061,-0.002005194,0.052258494,0.703927094,NA
GALR1,26.31343928,-0.003573138,0.052141283,0.619643098,NA
GALR2,9.291237515,0.003460923,0.052492233,0.385261813,NA
GAPDHP35,9.792855009,-0.005941705,0.052740674,0.22901769,NA
GAPDHP39,9.811903436,0.001062965,0.052301399,0.81226049,NA
GAPDHP43,9.853208824,-0.002073761,0.052313886,0.662964691,NA
GAPDHP61,9.100644834,-0.00136422,0.052291131,0.768775553,NA
GAPT,18.85366997,0.002406529,0.052307422,0.681639037,NA
GAREM1,28.19965853,-0.007637639,0.052789525,0.285324558,NA
GARIN5A,13.9033184,-0.003010182,0.052286408,0.59639638,NA
GARNL3,28.13914649,0.002880428,0.052215452,0.643317668,NA
GAS2,11.53740286,0.002987262,0.052342155,0.565480196,NA
GATA3,9.963876756,0.005046222,0.052614276,0.292396974,NA
GBP6,6.919293925,0.000762046,0.052360986,0.832432436,NA
GCK,12.28296852,-0.005472619,0.052613918,0.31373205,NA
GCNT3,26.56772817,-0.012387315,0.054244662,0.06128159,NA
GCNT7,11.98307301,-0.003900979,0.052436434,0.445777433,NA
GCOM1,27.98027934,-0.011807049,0.054141109,0.045714557,NA
GCSAML,23.67382778,-0.003270207,0.052139057,0.641300778,NA
GCSHP5,5.335769446,1.37E-05,0.052457382,0.99952205,NA
GDA,9.062371738,-2.21E-05,0.052316146,0.993684566,NA
GDF1,21.91327022,0.002968811,0.05216213,0.655988451,NA
GDF6,9.596549865,-0.001107511,0.052324018,0.789457498,NA
GDF7,13.24195526,0.000751,0.052158416,0.898260947,NA
GDNF,11.95266979,0.002896168,0.052315629,0.59027635,NA
GEMIN8P4,19.37572395,0.000313014,0.052004608,0.965537606,NA
GET1-SH3BGR,5.793423009,0.00052882,0.052468566,0.6050916,NA
GFAP,31.06932496,-0.00263078,0.05217603,0.676781861,NA
GFI1,27.09762645,0.007913085,0.052901526,0.249777616,NA
GFI1B,10.61323541,-0.005976479,0.052731489,0.243234936,NA
GFPT2,28.11923305,0.004705588,0.052318274,0.499916269,NA
GFRA2,27.2827525,-0.000595323,0.052058449,0.925623172,NA
GFRAL,13.08121858,-0.006718426,0.052784151,0.249825275,NA
GGCTP1,15.19951658,-0.005102965,0.052518721,0.378020578,NA
GGN,14.52238081,-0.005815819,0.052652843,0.293891188,NA
GGT5,16.05413805,0.007288527,0.052932892,0.188319444,NA
GGTLC2,20.75558822,-0.003500757,0.052300056,0.557253319,NA
GHR,15.70539845,-0.006932498,0.052870239,0.204216623,NA
GIMAP7,11.29005328,-0.000510367,0.052286543,0.907154529,NA
GJA3,15.6907645,-0.000773458,0.05225702,0.87156379,NA
GJA5,9.24539327,-0.003370063,0.052469405,0.414785141,NA
GJA9,12.27664009,-0.014398786,0.055200237,0.007689655,NA
GJB6,16.06331194,-0.014094074,0.055104605,0.005543658,NA
GLDC,23.44845765,-0.002142502,0.052055231,0.7503511,NA
GLI1,22.83542712,-0.006805032,0.052741554,0.277424029,NA
GLI3,8.700285879,0.002079364,0.052432095,0.525773933,NA
GLIPR1L2,8.719732437,0.000606364,0.052283906,0.877351172,NA
GLRA3,10.3940094,0.00373634,0.052466079,0.417716596,NA
GLT8D2,11.300265,-0.003225294,0.052397128,0.499605785,NA
GLUD2,15.68929082,0.001955701,0.052189215,0.741848607,NA
GLULP5,13.19950198,-0.009591668,0.053498526,0.081028079,NA
GNAT1,23.11838876,0.000663439,0.051981704,0.92802433,NA
GNAT2,22.70192245,-0.01064521,0.053626917,0.121663788,NA
GNB3,11.33184923,0.007755608,0.053106518,0.110407416,NA
GNG3,18.61822559,-0.003785985,0.052362364,0.5051074,NA
GNG4,14.75360914,0.000299204,0.052260117,0.951298552,NA
GNLY,19.31702403,-0.010637219,0.053664744,0.108822154,NA
GNMT,24.07310875,-0.011694731,0.053822637,0.132296822,NA
GNRH1,25.4734394,-0.001217049,0.052031411,0.856195636,NA
GNRHR2,7.580450986,-0.004317503,0.052596056,0.264343197,NA
GOLGA2P10,10.31015892,-0.00158445,0.052303811,0.730886718,NA
GOLGA6L22,23.50051925,-0.002823161,0.052027017,0.706948707,NA
GOLGA8J,14.74504695,0.0024099,0.052279951,0.655956427,NA
GOLGA8K,27.6860272,-0.000520879,0.0518393,0.947000979,NA
GOLGA8M,25.03521872,-0.001643359,0.052021837,0.813452156,NA
GOLGA8O,27.88145715,-0.000535023,0.052241785,0.911496177,NA
GOLGA8VP,9.602833683,-0.000154551,0.052227896,0.973458133,NA
GP6,17.00275378,0.002015461,0.052218728,0.724314468,NA
GPAT2,14.26914813,-0.010423473,0.053702329,0.073353522,NA
GPC5,22.0001664,-0.009248823,0.053341428,0.121942503,NA
GPM6B,12.79508675,-0.001845112,0.052217808,0.740332547,NA
GPR119,18.46104378,0.002309792,0.052193484,0.704075585,NA
GPR156,26.48550653,0.010878778,0.053597818,0.149699697,NA
GPR174,15.27408174,-0.000330732,0.052098376,0.955425915,NA
GPR176,15.41236397,-0.003460869,0.052368923,0.513293427,NA
GPR18,13.625083,-0.00016074,0.052201451,0.973599365,NA
GPR3,10.28257804,0.004879019,0.052610707,0.28845956,NA
GPR37,10.22125174,-0.000745923,0.052285156,0.873669686,NA
GPR37L1,29.60617231,-0.00321809,0.052091738,0.658665252,NA
GPR39,25.33477463,-0.002477975,0.052070922,0.723594704,NA
GPR45,12.9535047,0.003776441,0.052409931,0.474317719,NA
GPR63,15.8724067,0.002966095,0.052216097,0.637538405,NA
GPR83,16.99502033,-0.005878834,0.0525516,0.365945134,NA
GPRASP1,29.52708881,-0.006017148,0.052543776,0.365947487,NA
GPRC5C,29.93957644,-0.006627056,0.052602432,0.345736443,NA
GPRIN2,27.28522008,1.51E-05,0.051905348,0.999330244,NA
GPX1P1,5.542620913,0.001549105,0.052406338,0.639564709,NA
GPX2,7.041651328,0.001677182,0.052378982,0.656747713,NA
GRAMD2A,7.774033284,-0.00410693,0.052559174,0.30567679,NA
GRAMD4P3,7.731819426,-0.003606888,0.052501341,0.372343701,NA
GRAPL,13.7500055,-0.000714152,0.052210607,0.89073507,NA
GREB1L,13.19216225,0.00339035,0.052530682,0.299208923,NA
GREP1,19.40125271,0.00161285,0.052120829,0.800338472,NA
GRIA1,7.508375066,0.000378632,0.052305568,0.929900127,NA
GRIK1,15.83095649,0.001078367,0.052203606,0.844618172,NA
GRIK2,21.46869523,-0.002522981,0.052184789,0.679767871,NA
GRIN2A,7.963657388,0.000252502,0.0523495,0.944503765,NA
GRIN2C,17.627565,0.002484435,0.052182549,0.691198229,NA
GRIN3B,25.58376308,0.005358779,0.052325388,0.476923447,NA
GRK7,10.07056602,0.001662406,0.052291938,0.729494457,NA
GRM6,21.15713645,0.00535094,0.05247317,0.408063514,NA
GRPR,10.14867971,0.000679645,0.05223092,0.895603467,NA
GSG1,17.83906237,-0.003846002,0.052308889,0.531042957,NA
GSG1L2,16.41528664,-0.005350908,0.052534849,0.369645538,NA
GSTT2,9.80169736,-0.001017926,0.052330915,0.799917733,NA
GTF2IP23,7.580129819,-0.00212869,0.052368461,0.609276801,NA
GTF2IP9,8.22221023,-0.007334,0.053018544,0.127409569,NA
GUCY2C,26.4475632,-0.001589111,0.05192498,0.835809564,NA
GUCY2D,23.70909013,-0.008030143,0.053107999,0.143336543,NA
GUCY2F,14.01689892,0.002136155,0.052216061,0.713157257,NA
GUSBP1,12.34477578,0.000419137,0.052310893,0.923032291,NA
GUSBP15,7.47684292,0.000460504,0.052471036,0.568111365,NA
GUSBP18,10.41542697,-0.004177043,0.052507598,0.375161773,NA
GUSBP2,24.34051219,-0.003135942,0.052160049,0.643987064,NA
GUSBP4,9.383947651,0.001483492,0.052330826,0.728590653,NA
GXYLT2,12.77407235,0.004956147,0.052628503,0.270196392,NA
GYPA,7.733511692,-0.004893926,0.052655889,0.225575115,NA
GYPE,9.334024936,-0.003533227,0.052440157,0.448851332,NA
H2AC11,16.1652204,-0.004759223,0.052452167,0.421951557,NA
H2AC13,7.487773136,-0.001740538,0.052377327,0.647349947,NA
H2AC20,10.44825838,0.001816399,0.052322392,0.689764572,NA
H2AC8,10.93698046,-0.00069646,0.052290216,0.873975033,NA
H2BC11,16.09267969,0.003119102,0.052299628,0.584282323,NA
H2BC18,16.32450865,-0.002194419,0.052168456,0.721853481,NA
H2BC19P,18.98136268,-0.000329945,0.052171085,0.955322096,NA
H2BC6,18.24463621,0.001421234,0.052071944,0.833656095,NA
H2BC8,9.411249584,0.003387632,0.052433273,0.461334029,NA
H2BC9,7.600376875,0.000175575,0.052341085,0.96245976,NA
H2BN1,17.29890056,0.003534434,0.052332724,0.537879963,NA
H2BP2,5.977722735,-0.000122002,0.052458496,0.918220815,NA
H3C10,24.51452385,-0.010564673,0.053525806,0.149580191,NA
H3C14,15.69803865,0.000121725,0.052306754,0.979352518,NA
H4C5,6.995475237,0.00121423,0.052353971,0.752024071,NA
H4C9,6.703466918,0.001335885,0.052378399,0.709041643,NA
HAP1,11.23800265,-0.005369384,0.052633534,0.289448879,NA
HAS3,29.95914191,0.001667241,0.051994638,0.820121053,NA
HAUS1P1,9.698073142,-0.005130368,0.052620718,0.290629961,NA
HCAR1,18.97434684,-0.002042562,0.052163234,0.729708209,NA
HCAR2,30.74948364,0.003595855,0.051969761,0.665816794,NA
HCG4,9.540717353,-0.001511589,0.05226438,0.76073087,NA
HCG9P5,18.37444636,0.008416757,0.053208111,0.118288874,NA
HCN1,8.95971942,0.00020424,0.052250258,0.968051817,NA
HEATR4,27.55412507,0.000861715,0.051933319,0.911705608,NA
HECW2,22.00494716,0.006752484,0.052804291,0.237050286,NA
HEPACAM,14.85619482,-0.00027954,0.052243527,0.955878882,NA
HEPH,9.822684188,0.005906122,0.052762825,0.201726951,NA
HES1,25.74687878,-0.002034208,0.052095644,0.760416934,NA
HEY1,13.04881182,0.005936316,0.052702286,0.263321749,NA
HEYL,20.35091993,0.000555508,0.052080674,0.932451901,NA
HGF,25.96862162,-0.006255529,0.052597519,0.343980316,NA
HHIP,17.72325021,-0.004295708,0.052566171,0.293766153,NA
HHLA2,22.8496003,-0.00851093,0.053025324,0.223890543,NA
HIP1R,23.97699364,-0.005607636,0.052469497,0.40346277,NA
HLA-DOB,16.90656387,-0.008638971,0.053220984,0.130976072,NA
HLA-DPA3,23.95494852,-0.006369649,0.052505723,0.389850696,NA
HLA-J,10.83153908,0.001862694,0.052249899,0.727963823,NA
HMGB1P14,8.157895266,-0.003913596,0.052491816,0.379551517,NA
HMGB1P3,18.32805998,0.001568763,0.052187589,0.787937333,NA
HMGN1P1,9.990304028,-0.007483087,0.052995857,0.16178453,NA
HNF4A,27.94063327,-0.001983756,0.052057966,0.773367875,NA
HNRNPA1P14,7.954719183,-0.006428535,0.052871949,0.150784061,NA
HNRNPA1P16,15.5375976,-0.00697986,0.052840022,0.229139071,NA
HNRNPA1P49,9.617541637,0.001077784,0.052243199,0.833368593,NA
HNRNPA1P59,9.556393392,-0.001173737,0.052275706,0.803716165,NA
HNRNPH1P1,9.729045172,-0.005283731,0.052667257,0.252281491,NA
HOGA1,10.13693356,0.000898786,0.052248797,0.858199607,NA
HOOK1,13.32717299,-0.000668398,0.052312038,0.866630639,NA
HOPX,16.94291177,0.002511177,0.052257334,0.653837116,NA
HOXA1,17.86449786,-0.009939908,0.053470046,0.126906384,NA
HOXA2,9.39190615,-0.003447433,0.052486187,0.391041579,NA
HOXB1,9.425476033,-0.002013215,0.052307666,0.674196135,NA
HOXB8,10.47933828,-0.00016446,0.052338871,0.960847859,NA
HPDL,21.69342273,0.006681417,0.052608883,0.34912023,NA
HPN,12.81373579,0.00325547,0.052363029,0.530738019,NA
HRG,15.32426826,0.011775683,0.054186503,0.028833942,NA
HRH4,13.13451707,-0.006112364,0.052711335,0.267112291,NA
HSD17B13,12.1263025,-0.005935295,0.052690414,0.273078942,NA
HSD17B1P1,30.83132868,-0.004350446,0.052040077,0.60644941,NA
HSD3BP5,15.40236606,-0.002147673,0.052184912,0.723693812,NA
HSF2BP,17.96103899,0.002439253,0.052092838,0.725603145,NA
HSFX1,17.66983953,-0.000769527,0.052302527,0.85718171,NA
HSH2D,14.67314376,0.002610391,0.052349487,0.584759932,NA
HSP90AB3P,12.72626001,0.000490304,0.052172977,0.931898361,NA
HSPA12B,25.96162747,0.001082774,0.051901014,0.892165022,NA
HSPA8P14,12.03922032,-0.004724795,0.05256436,0.330006894,NA
HSPA8P15,9.989397848,0.001227574,0.052284306,0.794952749,NA
HSPD1P11,7.926388421,-0.001387259,0.05231569,0.751209267,NA
HTN1,19.38466229,-0.005651051,0.052572398,0.347835738,NA
HTN3,8.113961863,-0.000696494,0.052352655,0.840537741,NA
HTR2B,14.1158871,-0.001575678,0.052220547,0.772884861,NA
HTR3B,17.32061671,-0.003193855,0.052243257,0.605668641,NA
HUNK,24.04682773,0.001439132,0.051999868,0.842447215,NA
HYAL4,9.331552971,0.002035093,0.052377917,0.612694438,NA
HYDIN,22.7338196,-0.010484046,0.053814681,0.028253436,NA
ID4,13.61336969,0.001379082,0.052220859,0.798477315,NA
IDO1,16.85370981,0.00041593,0.052239283,0.934513502,NA
IDO2,8.780938207,0.001219172,0.052295533,0.790505234,NA
IFITM3P6,10.35317432,-0.000248078,0.052275222,0.954563947,NA
IFNWP2,6.049852343,-0.000454795,0.052331584,0.903453555,NA
IFT122P2,9.917265026,-0.003275161,0.05240995,0.488614761,NA
IGDCC4,16.71486227,-0.00047608,0.052306491,0.904961371,NA
IGF1,25.21333908,-0.004804786,0.052603252,0.257864254,NA
IGFBP3,26.71143933,0.005301582,0.052396571,0.447784195,NA
IGFBPL1,18.81174463,0.001234744,0.052071983,0.856982043,NA
IGFN1,13.60168304,0.005739579,0.05276795,0.180323457,NA
IGSF21,10.31783453,0.002615311,0.052400674,0.533831196,NA
IGSF5,21.56482133,-0.000839644,0.05202114,0.900231027,NA
IGSF9,11.3878804,-0.001833782,0.052213828,0.742848151,NA
IL10,30.69817434,-0.004065961,0.052096028,0.604953687,NA
IL12RB2,12.73484274,-0.004711609,0.052538001,0.351740115,NA
IL17C,9.187628558,0.003924612,0.052533156,0.337418126,NA
IL17D,25.42043679,0.000666824,0.052023173,0.924523355,NA
IL17RD,11.56886952,-0.003187652,0.052419593,0.474832435,NA
IL17REL,17.59656589,-0.002656421,0.05220207,0.666029772,NA
IL18R1,19.08798178,-0.001768889,0.052301897,0.706271421,NA
IL19,11.67520797,-0.000347393,0.052221338,0.943600807,NA
IL1R2,6.202859215,-0.000153115,0.052348608,0.965197094,NA
IL1RL1,13.44086308,0.000627459,0.052193078,0.912306144,NA
IL20RB,19.59632336,0.002798877,0.052191684,0.66051669,NA
IL23A,31.5096041,-0.002169281,0.052011612,0.765185242,NA
IL27,8.610283269,-0.001770038,0.052307518,0.703284052,NA
IL2RB,10.81698391,0.002122857,0.052275438,0.685211771,NA
IL31RA,11.50633901,-0.001803836,0.052373847,0.637861645,NA
IL33,18.8713339,-0.005499527,0.052485329,0.400189478,NA
IL6,25.56792063,0.016551854,0.055864898,0.030065189,NA
IL7,23.55574006,0.006679172,0.052719031,0.289285345,NA
IL9R,15.85984304,-0.002785062,0.052462544,0.429798604,NA
IL9RP3,15.74718814,-0.001700761,0.052119074,0.787237553,NA
IMPDH1P10,7.137417193,0.000580045,0.052477905,0.111276621,NA
IMPG1,9.036357287,-0.001464564,0.052308973,0.742075969,NA
INAVA,26.36207897,0.004308592,0.052204629,0.558262574,NA
INMT,17.06397173,-0.003255115,0.052223781,0.610719301,NA
INSL6,24.46455888,-0.005119898,0.052631706,0.275700273,NA
INSYN1,11.8095803,0.000128977,0.052306124,0.97347382,NA
INSYN2A,12.74368682,0.005731489,0.052692048,0.260711272,NA
INSYN2B,31.37456895,0.018232274,0.056942217,0.004455359,NA
IPO5P1,8.240791837,-0.00147102,0.052305905,0.744275148,NA
IQANK1,31.16040143,-0.001778073,0.052190662,0.755912164,NA
IQCF3,8.308429012,0.000202484,0.052318139,0.962515147,NA
IQCH,9.553486196,0.000656099,0.052285854,0.885487959,NA
IQCN,16.62178461,-0.001164407,0.052191551,0.832624077,NA
IQSEC3,14.46065666,-0.006970489,0.052908179,0.178412519,NA
IRAG1,16.92604405,-0.003051873,0.052461083,0.414905336,NA
IRGM,14.78714171,-0.002809805,0.052234219,0.638696097,NA
IRS4,22.23869072,-0.015175418,0.055387633,0.020655716,NA
ISL2,10.97544154,-0.004466195,0.052522438,0.38658243,NA
ISLR2,11.8239136,-0.000332714,0.052338463,0.924989835,NA
ISM1,15.03128696,-0.003345689,0.052277308,0.57903339,NA
ITGA1,27.66751809,-0.004328756,0.052429494,0.438770353,NA
ITGA10,17.45018034,-0.007055524,0.05284464,0.228397077,NA
ITGA2B,7.269108211,0.003449371,0.05254554,0.269987443,NA
ITGB1BP2,11.43505649,-0.003938836,0.052448184,0.412291432,NA
ITGB4,15.1817616,0.002817415,0.052414977,0.492813547,NA
ITIH2,9.982475743,-0.000858039,0.052287413,0.84603488,NA
ITPKA,20.34282685,-0.000737054,0.052106498,0.90298952,NA
IYD,10.16564961,0.002420104,0.05243082,0.502343636,NA
IZUMO1,11.57879315,-0.013694298,0.054976585,0.003959561,NA
IZUMO4,16.84319201,-0.00075688,0.052220808,0.881858482,NA
JAKMIP1,28.15358219,0.004077557,0.052063214,0.615501321,NA
JAKMIP3,16.96775117,-0.007279683,0.052830945,0.251538345,NA
JAM2,25.42050476,-0.009926884,0.053324057,0.182856062,NA
JCAD,11.36020779,-0.000809841,0.052344836,0.820961965,NA
JPH2,19.64272981,-0.004065692,0.052292124,0.532281598,NA
JPH3,9.50310373,0.005124622,0.052658808,0.249657953,NA
KBTBD11,13.22930567,-0.003349596,0.052398937,0.480210301,NA
KBTBD11-OT1,27.36330034,3.07E-05,0.052458052,0.991098826,NA
KCNA7,16.54523448,-0.002338861,0.052177047,0.705132562,NA
KCNAB3,14.1802958,0.00282868,0.052317785,0.589621432,NA
KCNC1,8.493373168,-0.000220506,0.052349821,0.948816415,NA
KCND1,27.13121591,-0.012611276,0.054293509,0.063631839,NA
KCND3,9.637529652,-0.001661362,0.052298527,0.723950558,NA
KCNG2,14.95034025,0.004873365,0.052481937,0.402408501,NA
KCNG4,11.17088455,-0.001880943,0.052267556,0.710963184,NA
KCNH1,15.43280819,0.002272651,0.052369644,0.597210278,NA
KCNH3,7.759768076,0.000429666,0.052400818,0.88262124,NA
KCNH6,15.72721712,-0.009429218,0.053348197,0.13774842,NA
KCNJ10,8.33432459,0.001000032,0.052316835,0.813820904,NA
KCNJ11,9.462850925,-0.006024652,0.052863965,0.096754904,NA
KCNJ13,13.51380459,0.000752213,0.05230217,0.863627811,NA
KCNJ3,7.891587666,-0.003652835,0.052477669,0.403251619,NA
KCNK12,19.96604312,-0.00597028,0.052705177,0.257351537,NA
KCNK3,18.29683883,-0.003500579,0.052201964,0.603088157,NA
KCNK7,14.43681133,0.004824009,0.052505846,0.386144249,NA
KCNMB4,25.71945554,-0.014922914,0.055252738,0.02529512,NA
KCNN3,10.17008365,-0.000587352,0.052277749,0.893955274,NA
KCNQ5,10.48965507,-0.001260328,0.052301566,0.778862277,NA
KCNRG,23.74693463,-0.002547082,0.051992955,0.736602097,NA
KCNT1,25.26035015,0.000163511,0.05182318,0.987853225,NA
KCNV1,22.07665209,-0.003917424,0.052149622,0.596796711,NA
KCTD15,8.804897436,0.003764832,0.052536907,0.315415743,NA
KCTD19,17.42900277,-0.00098476,0.052360814,0.78093505,NA
KDM4D,19.95018814,0.003562124,0.052255977,0.578656328,NA
KDM5D,7.74154669,-0.005492672,0.052740286,0.182287844,NA
KDR,29.10896471,0.005500293,0.052375063,0.45126851,NA
KHDC1,29.06980746,0.007661756,0.052677335,0.338391644,NA
KIAA1210,21.3008673,-0.004854083,0.05234448,0.479320999,NA
KIAA1217,30.7647206,-0.002357441,0.05222965,0.677896325,NA
KIAA1755,23.46503068,-0.003844931,0.052340698,0.517222837,NA
KIF26A,12.05154626,0.005380906,0.05265046,0.277013125,NA
KIF28P,28.07143727,-0.003117281,0.05202966,0.683480271,NA
KIF5A,14.49757483,0.001385744,0.052354713,0.718981559,NA
KIF6,27.58006889,0.003164675,0.052338854,0.547076357,NA
KIF7,14.06912184,-0.001855864,0.05225291,0.723690973,NA
KIR3DX1,20.77425094,-0.00344292,0.052144925,0.625761887,NA
KIRREL3,11.38235679,-0.002113709,0.052303377,0.663803664,NA
KIT,21.91550449,0.001310476,0.052127216,0.839620348,NA
KL,29.6410681,-0.006515223,0.052448478,0.411345519,NA
KLB,8.570654582,-2.79E-05,0.052318808,0.992305475,NA
KLC3,15.19896653,0.006534083,0.052757059,0.259917264,NA
KLF1,12.19761113,0.001362955,0.052212382,0.80436233,NA
KLF5,26.90825891,-0.012833551,0.054254115,0.09493013,NA
KLHDC9,9.957165378,0.004907965,0.052605619,0.293517367,NA
KLHL12P1,12.20670981,0.005114073,0.052597854,0.314907041,NA
KLHL23,26.96566977,0.002386916,0.052294451,0.642967929,NA
KLHL33,24.87133945,-0.003937941,0.052176018,0.582315845,NA
KLHL41,23.87515243,-0.007135558,0.052719198,0.305173418,NA
KLK1,25.63397793,-0.002614397,0.052112614,0.700905111,NA
KLK11,10.86002378,0.000481601,0.052228185,0.92613545,NA
KLK2,8.835081206,-0.003231065,0.052388997,0.509138514,NA
KLKB1,20.99609567,-0.003532229,0.052261688,0.573528111,NA
KLLN,22.20784982,0.004687897,0.052270944,0.518440441,NA
KLRA1P,14.8879149,-0.004058819,0.052379686,0.484077597,NA
KLRC1,12.54352838,0.001636147,0.052242194,0.759194707,NA
KLRK1,10.17148386,-0.004184272,0.052497343,0.385949304,NA
KNDC1,26.02787366,-0.002913985,0.052032791,0.698837285,NA
KNOP1P3,12.5771373,-0.006726034,0.052833659,0.21464288,NA
KRT18P5,10.38269141,0.002567218,0.052302538,0.625662838,NA
KRT4,7.423311169,0.000361456,0.052282539,0.932393381,NA
KRT78,10.27021382,-0.001752774,0.052356206,0.661551007,NA
KRT80,8.087000058,-0.006329044,0.052866392,0.142408756,NA
KRT8P33,10.20968374,-0.000946326,0.052268699,0.840216897,NA
KRT8P45,23.13184383,-0.002778293,0.052062913,0.702568394,NA
KRTAP5-9,8.218517914,-0.004701495,0.052589403,0.301009979,NA
KRTCAP3,20.38396786,-0.003479176,0.052211691,0.606893083,NA
KSR2,11.43930786,-0.001720499,0.05225749,0.738184363,NA
KY,9.368118203,0.000315503,0.052294935,0.942886092,NA
L1CAM,9.426954586,-0.009913053,0.053738041,0.011462997,NA
LAG3,22.14435283,-0.002402278,0.052073394,0.730666085,NA
LAIR2,10.99318462,0.00024577,0.052216743,0.964076154,NA
LAMA4,23.852491,-0.00749658,0.052795141,0.28113173,NA
LAMB2P1,19.98529927,-0.001352937,0.052084448,0.833986724,NA
LARP6,16.90239114,0.006721269,0.052898368,0.16080867,NA
LAX1,17.94464303,0.000461455,0.052053417,0.946641968,NA
LCA5,15.08494668,-0.00360704,0.052284448,0.559137124,NA
LCA5L,27.46791624,0.006520839,0.052588797,0.35440192,NA
LCN12,19.38002855,-0.003019753,0.052174262,0.647215833,NA
LCN15,24.44817225,-0.004868754,0.052242815,0.51821425,NA
LCTL,22.38512025,0.000679086,0.052075421,0.917512698,NA
LDB3,16.60014863,-0.008427461,0.053192607,0.128286012,NA
LDHAL6A,14.68231289,-0.00236455,0.052253696,0.668948289,NA
LDHAL6B,20.44438516,0.001336526,0.052157384,0.824094191,NA
LDOC1,22.38699088,0.002593201,0.052067064,0.717514264,NA
LEAP2,14.09486377,0.002735948,0.05225158,0.639523347,NA
LECT2,8.616409151,-0.000868825,0.052318918,0.831666526,NA
LEKR1,16.35185778,-0.003419832,0.052382289,0.501014134,NA
LGALS2,29.57609584,0.007151727,0.052722021,0.30605483,NA
LGALS4,8.474545393,0.002079706,0.052350254,0.635377867,NA
LGALS9B,10.64523087,0.00371192,0.052527247,0.337480026,NA
LGI1,9.170401276,-0.005469651,0.05268682,0.238347761,NA
LGI4,11.90475395,-0.002322387,0.052351846,0.605204439,NA
LGSN,13.89857754,-0.001238821,0.052215344,0.816380212,NA
LHFPL6,17.37030811,0.007028726,0.05280829,0.253715537,NA
LILRA1,13.25206894,0.003702156,0.052431996,0.457988141,NA
LIMCH1,24.41996579,-0.007454102,0.05287402,0.23625352,NA
LIMS4,16.57885062,-0.000279724,0.052091308,0.963345993,NA
LIN28A,16.55443043,-8.38E-05,0.052067399,0.986677415,NA
LINC00674,13.43217893,-0.00092281,0.052197756,0.863526745,NA
LINC01145,20.75976643,0.008115734,0.053113805,0.146830129,NA
LINC01881,14.24693873,-0.003652615,0.052431726,0.454571159,NA
LINGO1,23.21184602,-0.001717123,0.052212805,0.756157821,NA
LIPH,9.859788194,-0.004127697,0.052586604,0.241012873,NA
LKAAEAR1,10.97098226,0.001359228,0.052255968,0.788063385,NA
LMNTD1,7.765549424,-0.003347141,0.052458805,0.429855349,NA
LMOD3,21.14217587,-0.006566836,0.052550291,0.372465618,NA
LMX1B,7.827694367,0.000127368,0.05231014,0.978197625,NA
LNP1,18.08534881,-0.002280196,0.052273228,0.666609364,NA
LONRF2,19.47415504,0.00219641,0.052067928,0.753878225,NA
LPO,9.1349593,0.0060906,0.052821328,0.161675353,NA
LRAT,19.47137206,-0.001113076,0.052058125,0.865498847,NA
LRFN1,21.56306289,-0.005243577,0.052446521,0.422712066,NA
LRP4,8.882137623,-0.004459535,0.052652387,0.164927145,NA
LRRC1,30.14576608,-0.006606919,0.052410009,0.42441856,NA
LRRC10B,8.231999784,0.000763256,0.052348749,0.83847461,NA
LRRC17,11.45648783,-0.000591558,0.052245888,0.900970646,NA
LRRC18,19.31329343,-0.003360811,0.052284638,0.572705205,NA
LRRC19,14.81266467,0.002455487,0.052359867,0.587244785,NA
LRRC2,19.4306566,-0.011490602,0.053964109,0.072633236,NA
LRRC24,22.25392896,0.000989498,0.052136464,0.870158911,NA
LRRC37A15P,15.83724915,0.003392604,0.052345237,0.538731384,NA
LRRC46,20.77318025,0.004803365,0.05241922,0.440335264,NA
LRRC49,11.98548295,0.000726915,0.052258112,0.880531336,NA
LRRC4B,28.87709632,-0.008263645,0.052876347,0.273341963,NA
LRRC74A,9.574701474,-0.001797664,0.052342103,0.673034145,NA
LRRC74B,20.46626688,0.002219675,0.052193696,0.711625738,NA
LRRC9,15.63971313,-0.015457547,0.055620731,0.006802296,NA
LRRIQ3,11.25417885,-0.003809967,0.052445031,0.442200825,NA
LRRN1,12.69680651,-0.002005659,0.052397356,0.581188981,NA
LRRN2,14.47006245,-0.009157938,0.053368022,0.101482996,NA
LRRN3,8.625108143,-0.003110124,0.052451802,0.44509339,NA
LRRN4,16.43722512,0.001112183,0.052095889,0.864141269,NA
LRRTM2,9.867762019,0.003172096,0.05240109,0.502488421,NA
LRTOMT,13.54446177,0.003671885,0.052353949,0.518078003,NA
LSAMP,25.87066827,-0.003885331,0.052496443,0.385474805,NA
LSMEM1,12.20732721,-0.002110896,0.052276922,0.685426272,NA
LTBP1,7.370512614,0.00339312,0.052521309,0.328542789,NA
LVRN,9.950966094,4.28E-05,0.052298704,0.995164081,NA
LY6K,9.325624377,-0.000464281,0.052274058,0.91701813,NA
LY9,26.16675964,-0.005226066,0.05246129,0.411968095,NA
LYG1,16.80996547,-0.000234638,0.052073999,0.958628375,NA
LZTS1,19.80404995,-0.003570115,0.052224618,0.589360334,NA
MAB21L4,8.370727586,-0.000932583,0.052328489,0.815574898,NA
MAGEA10,9.087084247,-0.000155513,0.052281566,0.970002345,NA
MAGED4,10.51642971,-1.75E-06,0.052338696,0.997778884,NA
MAGED4B,20.95810673,-0.007419172,0.052908436,0.214361506,NA
MAMDC2,13.57087366,-0.001770401,0.052339271,0.675405362,NA
MAMSTR,14.01093679,0.002847283,0.0522995,0.603947708,NA
MAP1B,26.95237231,-0.002899931,0.052256326,0.612321926,NA
MAP3K15,13.74594494,-0.00296835,0.052355773,0.551788574,NA
MAP3K7CL,29.76538016,-0.006906488,0.052431367,0.413619493,NA
MAP4K1,21.24636182,-0.000476143,0.052105726,0.941329953,NA
MAP9,12.7053931,0.004808953,0.052589485,0.301567195,NA
MAPK15,11.59010951,0.006005118,0.052802494,0.168415454,NA
MARCKSL1P1,12.64492939,0.005632151,0.052722467,0.22254393,NA
MARK2P17,9.730532674,-0.001643129,0.052306177,0.720538233,NA
MARK2P8,17.07124858,-0.000739354,0.052113593,0.898133483,NA
MAS1,26.90765046,-0.003037646,0.052022206,0.691956216,NA
MATN1,11.83212168,0.00103378,0.052278072,0.8258011,NA
MATN2,26.81885477,-0.005024122,0.052512567,0.37411436,NA
MBOAT2,14.5710105,-0.006623526,0.052911352,0.130117723,NA
MCAM,29.85767981,0.005726498,0.052722065,0.225981628,NA
MCTP2,28.68658722,0.003110082,0.05222378,0.622367813,NA
MCTS2,20.98958312,0.002312901,0.052164011,0.715606966,NA
MDFI,18.01033366,0.000585835,0.052133944,0.923310378,NA
MDGA1,17.51934828,0.00832883,0.053235059,0.091072693,NA
MDH1B,8.004068899,0.000465998,0.052298578,0.927228292,NA
MDM4P1,7.359528111,0.003799349,0.052510934,0.366560539,NA
MECOM,9.486646763,-0.003008173,0.052397624,0.512994741,NA
MED12L,29.60262342,-0.004372661,0.052508941,0.37067267,NA
MEFV,23.8712945,-0.003975233,0.052288475,0.537181867,NA
MEGF11,16.81277815,0.002537019,0.052367535,0.573058787,NA
MEIS1,24.61726722,0.002391351,0.052167996,0.706182281,NA
MEIS3P2,12.32941397,0.002973382,0.052399847,0.510667794,NA
MEP1A,19.80897635,0.005595522,0.05245875,0.415572493,NA
MEPE,30.2254278,-0.005630255,0.052373959,0.449101128,NA
MESP1,17.55281236,0.007736031,0.052919595,0.230786586,NA
METTL21EP,11.88160163,0.001241991,0.052224549,0.816427652,NA
METTL24,27.38132719,0.004983975,0.052214367,0.528371176,NA
MFAP2,15.73205134,-0.00868207,0.053260216,0.111844781,NA
MFAP3L,17.37424313,0.000399686,0.052285011,0.929717718,NA
MFSD13B,26.50165996,-0.001371833,0.051862633,0.863495594,NA
MFSD2B,14.83145317,-0.003700352,0.052384701,0.492854764,NA
MFSD4A,29.60096061,0.00030323,0.05203354,0.966745703,NA
MGAT4C,19.42431455,-0.009608417,0.053635225,0.01784877,NA
MGP,14.14426403,0.006302546,0.052735205,0.262086881,NA
MICE,20.23526363,0.002817148,0.052101707,0.692966988,NA
MICU3,14.6867406,0.009541943,0.053560414,0.044293382,NA
MINAR1,31.57687478,0.000560357,0.05174226,0.950011167,NA
MINDY4,19.25571651,0.005404088,0.052452297,0.4193236,NA
MIPEPP3,28.05975522,-0.008852541,0.052887305,0.289803622,NA
MISFA,18.28290057,-0.002057364,0.052085451,0.760076703,NA
MKRN2OS,24.9316571,0.003533824,0.052103665,0.637274966,NA
MKRN3,12.95979396,0.001185235,0.052231039,0.822406364,NA
MLIP,8.902597752,-0.002296763,0.05241606,0.534303156,NA
MMP11,29.02890251,0.003177328,0.052301747,0.574631426,NA
MMP17,11.3381374,0.009147392,0.05344014,0.063690241,NA
MMP21,17.84454411,0.006721588,0.052767183,0.262792801,NA
MMP23B,18.45480687,-0.005472746,0.052581399,0.332476474,NA
MN1,15.86205772,-0.002925721,0.052436846,0.460365615,NA
MOBP,10.66538271,-0.00063926,0.052261297,0.892945611,NA
MOGAT3,9.868327552,-0.003870197,0.052456413,0.428250595,NA
MPL,21.64796603,-0.000317009,0.052233647,0.947803257,NA
MPP4,14.15120133,-0.000378284,0.052146862,0.946817834,NA
MPP7,30.15323768,0.007947521,0.052760913,0.3092911,NA
MPPED1,27.84135333,0.003022081,0.052013902,0.697885721,NA
MPPED2,10.26321135,-0.002576142,0.052414519,0.516296829,NA
MPZL2,18.47623737,-9.12E-05,0.052015697,0.992813009,NA
MRGPRX3,7.922893025,0.001383406,0.052348396,0.730452776,NA
MRLN,10.80463423,-0.005180119,0.052642136,0.270473203,NA
MRPS17P1,14.91784394,-0.002634257,0.052237913,0.652001828,NA
MRPS18AP1,19.58541526,-0.008715714,0.053119831,0.193089943,NA
MRPS31P5,30.32479611,-0.000600922,0.051806874,0.940334793,NA
MS4A2,8.539422746,-0.002005285,0.052363906,0.632624829,NA
MS4A6E,9.283359565,-0.004511976,0.052600344,0.270331811,NA
MSANTD1,22.09027424,-0.002256899,0.052018355,0.757202866,NA
MSI1,10.09703218,0.00257494,0.052355414,0.58584738,NA
MSRB3,13.0669504,0.00374109,0.052476672,0.404779646,NA
MST1P2,24.4655812,-0.005984593,0.052539573,0.374100141,NA
MSX1,14.75862134,0.000315924,0.052185478,0.955278207,NA
MTCO2P12,13.93279847,0.00680335,0.052855577,0.205910067,NA
MTCYBP18,9.210347349,-0.004187161,0.052527571,0.35489633,NA
MTND4P12,13.88811737,-0.00695296,0.052814301,0.244461716,NA
MTND5P11,19.36510066,0.00153927,0.052049945,0.825370427,NA
MTND5P32,8.234050492,0.004711014,0.052586176,0.307776779,NA
MTNR1A,19.38971007,-0.001669839,0.052066734,0.803417664,NA
MUC20P1,6.984525215,0.004735973,0.05264062,0.237079071,NA
MUC5B,16.14637493,-0.003272019,0.052454929,0.435370169,NA
MUCL1,12.03103039,-0.008547092,0.053278179,0.083356684,NA
MYB,20.58776961,-0.002381154,0.052226302,0.678973849,NA
MYBPC3,24.12238423,0.004871739,0.052439592,0.432228323,NA
MYCBPAP,31.13562193,-0.000680364,0.052039766,0.917559893,NA
MYCL,25.20147698,-0.006757248,0.052723629,0.280939798,NA
MYCN,8.683718902,-0.003223859,0.052460131,0.425760947,NA
MYEOV,22.5765367,0.001647677,0.052103555,0.799753113,NA
MYL11,20.7864533,-0.001987557,0.052077015,0.768781469,NA
MYL4,5.568742799,-0.002992187,0.052479646,0.404847426,NA
MYO18B,17.13647583,0.014517338,0.055159382,0.017727817,NA
MYO1A,11.26534373,-0.012569191,0.054580499,0.002849038,NA
MYO1H,7.680838168,-0.002338638,0.05240127,0.55299988,NA
MYO3B,9.715110491,-0.00115519,0.05227869,0.80411707,NA
MYO5C,13.03576663,0.005610436,0.052762704,0.167112549,NA
MYOCOS,14.3795966,0.003239741,0.052390245,0.511487415,NA
MYOM1,23.11653623,-0.008947797,0.053193292,0.170298265,NA
MYOM2,9.344076105,-0.002002808,0.052326398,0.665260934,NA
MYOM3,17.93504554,-0.009129065,0.053443141,0.056290913,NA
MYPN,10.51126926,-0.002761562,0.052335282,0.582799957,NA
MYT1,13.46257435,-0.005582078,0.052754657,0.159844791,NA
N4BP3,23.4849629,0.002112219,0.052146253,0.745370318,NA
NAALADL2,29.88014453,-0.014320957,0.054995706,0.031052271,NA
NAIPP1,19.93321771,-0.004814058,0.052498139,0.389770667,NA
NAIPP3,19.93321771,-0.004814058,0.052498139,0.389770667,NA
NALCN,14.91381771,0.00233553,0.052274844,0.660971367,NA
NALF1,6.987143066,0.001939289,0.052409524,0.581010679,NA
NANOG,20.15914402,-0.004806304,0.052398381,0.455870232,NA
NANOS3,8.327507681,-0.000428809,0.052273643,0.923523819,NA
NAP1L4P1,16.29050278,0.003037067,0.0522073,0.635989985,NA
NAP1L5P1,12.52206447,-0.000362551,0.052166609,0.947251738,NA
NAPSA,16.77544622,-0.003501254,0.052413397,0.471682365,NA
NAV2,20.77699967,0.000406243,0.052238038,0.93581493,NA
NBEAP2,22.78560135,0.006073516,0.05254314,0.37500855,NA
NBPF2P,13.65990831,-0.003053721,0.052365213,0.539617178,NA
NCAM1,28.68750433,-0.006632446,0.052681498,0.3073029,NA
NCAPGP1,14.81858817,-0.002382875,0.052203953,0.68964993,NA
NCCRP1,8.273673446,-0.001993931,0.052353746,0.640163722,NA
NCLP1,28.70226088,0.004305699,0.052082216,0.598435368,NA
NCMAP,18.92598045,0.003833075,0.052268522,0.557223801,NA
NCR3,7.379942698,0.000494884,0.052344327,0.895539794,NA
NEFM,7.436019163,-0.006386297,0.052917585,0.092516582,NA
NEK10,30.83406584,0.006491612,0.052661508,0.316752862,NA
NEK5,26.61762948,-0.006532993,0.052487243,0.397931027,NA
NEURL1,9.837679068,0.003272492,0.052475943,0.401183647,NA
NEURL1B,10.69106088,0.00651658,0.052930249,0.09825993,NA
NEUROD1,10.8236994,0.000206247,0.052272807,0.965660062,NA
NEXMIF,24.57991599,0.002092178,0.052136757,0.745819455,NA
NF1P8,10.07958614,-0.002399942,0.052330787,0.618082521,NA
NFIB,9.494491921,0.003794123,0.052500576,0.379138908,NA
NFIX,21.82164185,0.003965977,0.052228917,0.567396379,NA
NHLRC4,19.51171683,-0.004657198,0.05233741,0.488406456,NA
NID1,12.12128778,0.001201767,0.052207718,0.827861604,NA
NID2,10.9051818,0.001163127,0.052404539,0.692741821,NA
NIPAL1,27.54695588,-0.004159161,0.052316094,0.513504252,NA
NKAIN1,9.634206764,0.007532915,0.05310519,0.080596331,NA
NKAIN4,15.21833897,-0.006781175,0.052820674,0.222718739,NA
NKPD1,13.05281368,2.38E-05,0.052157682,0.99774851,NA
NKX3-1,16.95758403,0.000364446,0.052131173,0.953211636,NA
NLRC3,18.15411082,0.006999203,0.052735369,0.294197708,NA
NLRP10,18.51491025,-0.000102246,0.052055191,0.985563634,NA
NME8,24.2358912,-0.009283551,0.053362842,0.114285505,NA
NMNAT2,16.4710624,-0.006287616,0.052818536,0.185558641,NA
NOS1,28.44748889,-0.000571612,0.05186443,0.940753907,NA
NOSTRIN,16.60522707,-0.000731625,0.052285373,0.869844729,NA
NOTCH2NLR,9.979922767,0.003548363,0.052380043,0.506519429,NA
NOVA1,10.02471573,-0.006337159,0.052782819,0.224512768,NA
NOX1,12.74958458,-0.000621453,0.052247513,0.898058379,NA
NOX4,13.35514548,-0.001571301,0.052299816,0.735123371,NA
NOX5,25.92947669,-0.006142661,0.052456181,0.411248318,NA
NOXRED1,18.80738811,-0.006641311,0.052703593,0.30135347,NA
NPAP1,28.07089784,-0.005304208,0.052194614,0.520165503,NA
NPHS1,15.45509328,-0.004425308,0.05245511,0.421665729,NA
NPIPA2,21.58672149,2.21E-05,0.052036361,0.998999317,NA
NPIPA5,10.034851,0.002055034,0.052525681,0.061137463,NA
NPIPA8,26.80389182,-0.002868053,0.052184899,0.653585485,NA
NPIPB6,8.910776698,0.001292741,0.052315325,0.76781486,NA
NPIPB9,14.38494731,-0.000924511,0.0521742,0.869113466,NA
NPM1P40,9.735386802,-0.004900666,0.052581556,0.31905193,NA
NPM1P7,30.09331683,0.007482839,0.052627931,0.353078717,NA
NPNT,10.42967504,-0.009695576,0.05363215,0.028871863,NA
NPPA,9.12529851,-3.90E-05,0.052262873,0.991615339,NA
NPR1,8.139027245,0.004942198,0.052626181,0.273864593,NA
NPR3,17.51181231,-0.004490089,0.052612449,0.246368712,NA
NPTX1,21.54177456,-0.00295588,0.052068384,0.686058791,NA
NPW,26.44525418,0.011230383,0.053808768,0.105263896,NA
NR1I3,18.24563674,0.001420256,0.052163398,0.811961977,NA
NR3C2,29.13672665,0.00178426,0.051874944,0.826464722,NA
NRARP,14.78620132,0.006374563,0.052725363,0.273392037,NA
NRG1,23.62775297,-0.010160929,0.053642727,0.066526743,NA
NRG4,13.75550218,-0.000183742,0.052371625,0.950409267,NA
NRTN,14.95417679,0.006465745,0.052813232,0.211398031,NA
NRXN2,8.140619025,-0.000854598,0.052333934,0.834663716,NA
NRXN3,9.541802206,0.003670634,0.052508673,0.355512802,NA
NT5C1A,11.22690174,-0.001054571,0.052229405,0.837450898,NA
NT5CP1,10.15936476,0.000172491,0.052239924,0.974261675,NA
NT5DC4,8.343056515,0.000195659,0.052293845,0.961755127,NA
NT5M,25.29665181,0.003560243,0.052145394,0.621140983,NA
NTAN1P2,18.53482742,-0.003658355,0.052235422,0.579347318,NA
NTN1,18.21296536,-0.010201734,0.053625378,0.083184906,NA
NTN3,8.104734789,0.005923113,0.052818472,0.144994904,NA
NTNG2,26.21813276,-0.015223996,0.055257583,0.04258541,NA
NTRK2,27.41600105,0.00114725,0.051840775,0.889049119,NA
NUDCP1,24.0683365,-0.00041078,0.051988064,0.951913341,NA
NUDT5P1,15.30885168,-0.00088248,0.052110782,0.885016236,NA
NUGGC,26.20412503,-0.010753379,0.05351239,0.170084615,NA
NUP62CL,11.36455963,-0.002547693,0.052377812,0.557981867,NA
NUPR2,9.966128918,-0.001292171,0.052256945,0.793674779,NA
NUPR2P1,12.10457791,-0.000116584,0.052192869,0.981124901,NA
NWD1,13.31440457,-0.001489866,0.052224039,0.780295545,NA
NXNL2,24.26673324,-0.003553312,0.052077325,0.640609265,NA
NXPH3,17.00896236,0.001705081,0.052247771,0.746821916,NA
NXPH4,8.729696041,0.002885963,0.052390781,0.526409963,NA
NYAP2,12.19876259,-0.004800343,0.052651018,0.216996588,NA
ODAD1,18.4751486,0.016787547,0.056125898,0.012815595,NA
ODAD3,19.69134383,0.006074493,0.052636459,0.320330652,NA
ODAD4,9.578107322,0.002146308,0.052373735,0.60355628,NA
ODAPH,18.844462,0.003139981,0.052338019,0.555059167,NA
OGN,20.53639324,-0.004117361,0.052484852,0.390139624,NA
OLA1P3,18.61418342,0.007369286,0.052850516,0.248770054,NA
OLAH,9.708287459,0.000473815,0.052258707,0.922053711,NA
OLFM1,6.741486753,0.001419275,0.052405968,0.655989374,NA
OLFML1,12.98049125,-0.006579205,0.052746938,0.26799116,NA
OLFML2A,10.96149623,-0.002881186,0.052330565,0.579032075,NA
OLIG1,19.18592152,0.007160338,0.052851285,0.235108136,NA
OMD,15.15454798,-0.004832109,0.052461949,0.415117743,NA
ONECUT1,25.39420014,-0.004964619,0.052282409,0.502249134,NA
ONECUT2,8.304354027,0.001127898,0.052320032,0.789726345,NA
ONECUT3,17.00653839,-0.011995064,0.054089737,0.075525892,NA
OR10A6,8.508416506,-0.00203739,0.052365721,0.623810486,NA
OR10H1,26.67086053,-0.010997297,0.053574923,0.163766789,NA
OR10K1,17.83478243,0.002538285,0.052242479,0.662559316,NA
OR11A1,10.42838243,-0.001495821,0.052261222,0.7638291,NA
OR13A1,7.202289908,-0.002089697,0.052382056,0.599956883,NA
OR14L1,11.16420109,-0.000631424,0.052214306,0.902195644,NA
OR1M1,13.99140575,-0.009278166,0.053336148,0.130314765,NA
OR2A1,10.07272712,-0.005964029,0.052793366,0.172798167,NA
OR2A12,8.750917401,-0.002273671,0.052336321,0.626498922,NA
OR2A42,27.22962283,0.001429965,0.051836599,0.864075093,NA
OR2A5,22.85451525,-0.001314129,0.05222205,0.803604969,NA
OR2A7,28.35002096,-0.003687378,0.052034315,0.643006585,NA
OR2AG1,10.276292,0.003766228,0.052481922,0.40551637,NA
OR2B11,25.2884746,-0.003749794,0.052124455,0.614368096,NA
OR2F1,13.7005259,-0.009021406,0.053399175,0.06879855,NA
OR2G6,18.78544042,-0.002694607,0.05226679,0.63919232,NA
OR2I1P,7.732344254,0.001757611,0.052364242,0.662464081,NA
OR2L2,19.5564056,0.001685037,0.052022519,0.825521086,NA
OR2M4,21.40572209,-0.002016383,0.05206511,0.769056039,NA
OR2T12,14.7440064,-0.00243202,0.052189932,0.691397905,NA
OR2T33,15.50506855,-0.000820312,0.05211552,0.890903568,NA
OR2V2,12.0545032,-0.005470924,0.052641801,0.289637486,NA
OR4D1,15.01427933,0.002215688,0.052241131,0.693237244,NA
OR4E1,8.524177208,0.006034598,0.052803929,0.175429862,NA
OR4K13,12.14461371,-0.003902795,0.052433305,0.448258428,NA
OR52A1,6.755369034,-0.00096757,0.052387217,0.761934916,NA
OR52E4,12.24131555,0.002066873,0.052250772,0.704381745,NA
OR56A1,14.85017388,-0.001097627,0.052188029,0.842955926,NA
OR5AN1,18.60117053,0.007539241,0.05290988,0.227610625,NA
OR5AU1,25.83858352,-0.00472419,0.052171762,0.549584651,NA
OR6B1,11.8759413,-0.003355267,0.05239457,0.499884572,NA
OR6C4,15.16301218,0.006654467,0.05279434,0.240067406,NA
OR6C75,22.01487053,-0.000767797,0.051999653,0.910974739,NA
OR6J1,14.21789286,-0.011422739,0.054016765,0.050190317,NA
OR6R2P,25.42651539,8.63E-05,0.052050017,0.993189795,NA
OR7A17,15.06653161,-0.009091424,0.053316582,0.122688064,NA
OR7D2,17.65434252,-0.006077526,0.052629606,0.322813511,NA
OR7D4,16.19112097,0.000399271,0.052121903,0.952089793,NA
OR7G2,12.28632264,-0.002528359,0.05225145,0.654503182,NA
OR8B3,5.598993266,0.000868915,0.052374284,0.802202026,NA
OR8B5P,12.63471272,-0.004651048,0.052451416,0.422918656,NA
OR8B6P,6.741631028,-0.004511978,0.052588814,0.288766425,NA
OR8B7P,13.85296561,0.00081712,0.05219409,0.884814732,NA
OR8B8,13.40445631,0.001297935,0.052290984,0.783544761,NA
OR8D2,6.067740585,0.005024575,0.052699181,0.188539464,NA
OR8G1,10.83056196,-0.00207993,0.052305046,0.668909831,NA
OR9H1P,19.21737874,-0.001272226,0.05203011,0.852446114,NA
OSMR,18.82477152,0.003695411,0.052491599,0.369293479,NA
OTOF,24.78162442,-0.004410621,0.052306338,0.511110342,NA
OTUD7A,14.68812701,0.004373187,0.052505047,0.379684253,NA
OXTR,17.66754946,-0.006851745,0.052789249,0.254940897,NA
P2RX5,18.97247861,-0.000471284,0.052091364,0.944791308,NA
P2RX6,20.49917424,0.008469238,0.053285792,0.070283787,NA
PADI1,29.98843293,-0.019468732,0.057509748,0.00742132,NA
PAIP2B,24.77731577,-0.007053491,0.052606807,0.353102743,NA
PALM,11.30338209,-0.004792243,0.05256091,0.335277998,NA
PALMD,15.02711759,-0.002363109,0.052261525,0.663902921,NA
PANX3,10.06368503,0.001284475,0.052265945,0.796788024,NA
PAPPA,13.67833732,0.001206889,0.05228322,0.798813741,NA
PAPPA2,15.93592853,0.00076874,0.052371877,0.81261774,NA
PARD6G,23.86489773,0.001364433,0.052070861,0.837902865,NA
PATE4,12.93014142,-0.00290965,0.052313257,0.587853495,NA
PATJ,18.94311223,0.004710183,0.052545263,0.34737341,NA
PAWR,13.9318367,-0.002772602,0.052345072,0.569787893,NA
PAX3,7.411165024,-0.007521082,0.053088231,0.094703091,NA
PAX5,13.3491106,-0.005758369,0.052643476,0.299518078,NA
PAX6,11.48938327,-0.006454548,0.052823461,0.198654555,NA
PBX4,21.55471758,0.000739239,0.052062009,0.912705868,NA
PCARE,28.98385008,-0.006230866,0.052730457,0.246097542,NA
PCBP3,9.338839362,0.00356261,0.052469618,0.414881046,NA
PCDH10,19.7299731,-0.006402583,0.052732203,0.268368188,NA
PCDH15,7.216041873,-0.000772307,0.052337476,0.83935621,NA
PCDH7,10.37970829,-0.003630179,0.052417216,0.469093216,NA
PCDH9,11.86823629,-0.012504346,0.054475423,0.014239464,NA
PCDHA12,19.84704716,0.002728666,0.052211648,0.661898967,NA
PCDHA2,11.57911499,0.00055774,0.052242387,0.911598721,NA
PCDHA3,9.069455694,0.001425473,0.052304614,0.752337238,NA
PCDHA5,14.36068098,-0.005736979,0.052613549,0.324433183,NA
PCDHA9,27.88056586,-0.010213848,0.053280143,0.215455646,NA
PCDHAC1,9.715612954,-0.003911962,0.052441543,0.441051838,NA
PCDHAC2,23.06352728,5.44E-05,0.052271991,0.99327752,NA
PCDHB13,20.20290869,-0.00150774,0.052026563,0.827907756,NA
PCDHB14,10.87974617,-0.001567956,0.052302102,0.733070136,NA
PCDHB16,16.83900845,-0.011195435,0.053920927,0.062874908,NA
PCDHB3,11.38368775,0.004078791,0.052589512,0.241599756,NA
PCDHB9,15.88666033,-0.000822473,0.052359514,0.813114451,NA
PCDHGA1,11.61543381,-0.002310986,0.05230606,0.64331941,NA
PCDHGA11,7.881031184,0.001243372,0.05235372,0.747892617,NA
PCDHGA6,9.568695315,0.001202404,0.052272492,0.803719458,NA
PCDHGA8,19.50860448,-0.013678916,0.054718868,0.043382145,NA
PCDHGB2,11.2372882,-0.002380954,0.052362938,0.596287994,NA
PCDHGB5,9.883685456,0.000171995,0.052299006,0.969821857,NA
PCDHGB8P,6.271725782,0.000434066,0.052355702,0.903939556,NA
PCDHGC4,10.56164044,0.002310246,0.052390392,0.56535613,NA
PCDHGC5,14.86589192,0.004108712,0.052486422,0.39656479,NA
PCYT1B,12.97767362,-0.00584367,0.052673511,0.282129733,NA
PDCD6-AHRR,18.24932631,-0.00072476,0.052471279,0.491914663,NA
PDCD6IPP2,19.32434659,-0.007502307,0.052900342,0.225785278,NA
PDCL3P4,9.994393277,-0.003678857,0.052445122,0.442228642,NA
PDE10A,22.54911856,0.005970586,0.052589468,0.346116369,NA
PDE4C,29.720934,-0.013444397,0.054540497,0.063480063,NA
PDE4D,31.82801262,-0.008302733,0.053066204,0.18631381,NA
PDE4DIPP6,27.50285804,-0.004948318,0.052144707,0.550033942,NA
PDE4DIPP7,6.585855566,-0.000122482,0.052341221,0.973363272,NA
PDE6C,12.77808164,-0.005329065,0.052588412,0.327248669,NA
PDE6G,6.935534031,0.002388467,0.05238449,0.572175016,NA
PDGFRL,24.30453306,0.005465407,0.052445751,0.421750287,NA
PDLIM3,28.32241493,-0.00266759,0.052078044,0.7045355,NA
PDZK1,9.415616551,-0.000909745,0.052307809,0.828809209,NA
PEBP4,24.86701077,-0.000261548,0.051922854,0.970509294,NA
PERCC1,7.84652564,0.000583311,0.052333747,0.882526779,NA
PERPP2,19.6780906,0.004772791,0.052326793,0.492601171,NA
PEX5L,19.12551772,-0.004892407,0.052401355,0.450575592,NA
PFN1P4,12.79713174,0.00184794,0.052244824,0.732076062,NA
PFN1P6,13.32023461,-0.000877913,0.052178923,0.874530522,NA
PFN2,27.80777039,0.003893,0.052279419,0.547830224,NA
PFN4,19.01989698,-0.005498393,0.052592217,0.318257566,NA
PGAM1P7,10.37146042,0.000318894,0.052235207,0.950689786,NA
PGLYRP3,15.72109951,-0.005565157,0.052578887,0.342205588,NA
PHACTR2P1,7.443431115,0.000920818,0.052287678,0.841638693,NA
PHACTR3,15.79352099,0.000718264,0.052137317,0.9056874,NA
PHB1P6,19.81945678,0.000785185,0.05204575,0.908365909,NA
PHB1P9,9.083594667,-0.004940613,0.052630694,0.266352148,NA
PHETA2,12.11201855,0.000884728,0.052260348,0.855562862,NA
PHEX,7.626642127,-0.005653275,0.052788671,0.13779198,NA
PHF10P2,6.650890693,-0.005585492,0.052751927,0.181254614,NA
PHKG1,23.83483273,0.007090533,0.052818032,0.251206843,NA
PIANP,14.6136896,0.001372279,0.052148392,0.821444828,NA
PID1,9.280368298,0.002632751,0.052371044,0.564405723,NA
PIERCE2,12.71155289,0.002254584,0.052263353,0.678078459,NA
PIGAP1,12.46732591,-0.00178064,0.052247973,0.734643399,NA
PIH1D2,18.77547775,0.009011528,0.053281555,0.134603397,NA
PIP5K1B,12.16142562,0.001919802,0.052259108,0.715407254,NA
PIP5KL1,13.0560508,0.001606658,0.052344906,0.700852747,NA
PITX1,16.14857101,0.002482941,0.052231967,0.669932563,NA
PITX2,23.38450488,-0.010846266,0.053815062,0.066769819,NA
PJVK,23.35470341,-0.010851392,0.053642852,0.131569436,NA
PKD1L3,13.80193649,-0.006397968,0.052773256,0.236501814,NA
PKD1P2,8.520595607,0.003340085,0.052520636,0.332202107,NA
PKD2L2,14.46999298,-0.008020482,0.053144129,0.114069814,NA
PKDREJ,8.672618676,0.002173671,0.052358976,0.618200864,NA
PKP2,27.16270122,0.009122446,0.053013062,0.257857087,NA
PLA2G2C,15.11181716,-0.002748491,0.052294517,0.610430469,NA
PLA2G2D,23.7989471,-0.006335678,0.052569213,0.361362823,NA
PLA2G4D,10.36048519,-0.001376343,0.052243651,0.788092958,NA
PLA2G4F,11.63651827,-0.003997713,0.052506531,0.371985418,NA
PLA2R1,13.6053644,-0.006576803,0.05274911,0.265341592,NA
PLAAT4,21.55298182,-0.00683892,0.052645774,0.332802226,NA
PLAT,29.7977106,-0.002377655,0.051990179,0.749582283,NA
PLCD4,19.96314168,-0.003335439,0.052302197,0.563621517,NA
PLCH2,8.315599887,0.000929258,0.052358198,0.805976782,NA
PLCXD3,15.19801399,-0.002131009,0.052170127,0.72747572,NA
PLD5P1,13.91703928,-0.007474982,0.052905423,0.220639399,NA
PLEKHA3P1,12.80254404,-0.005872526,0.052658078,0.293717366,NA
PLEKHD1,21.23075453,0.001302233,0.052062333,0.847660358,NA
PLEKHG1,24.21068136,-0.011029047,0.053659335,0.138852792,NA
PLEKHH2,25.72472514,-0.003497841,0.052149687,0.620829308,NA
PLEKHN1,24.37067574,0.950992018,0.531048847,0.001583028,NA
PLEKHS1,7.94712302,0.003468879,0.052472494,0.412259872,NA
PLG,12.50295208,0.00031009,0.052281007,0.946936535,NA
PLGLB2,21.80642092,-0.008818382,0.053144041,0.184137595,NA
PLIN1,9.445420812,-0.001342282,0.052269409,0.780825021,NA
PLIN5,21.41185606,-0.00269991,0.052267097,0.627433853,NA
PLK5,12.36834826,0.005195549,0.052646327,0.270280966,NA
PLSCR2,7.421095397,-0.000572328,0.052325227,0.883552806,NA
PLVAP,20.11732877,-0.014168883,0.055101155,0.008783722,NA
PLXDC1,26.64374558,-0.009254735,0.053436282,0.0765062,NA
PLXNB3,15.68580036,0.008031003,0.053166347,0.100204168,NA
PMS2P2,7.950966601,-0.007080999,0.053058097,0.059100789,NA
PMS2P8,9.673096759,-0.002291562,0.052475266,0.409453781,NA
PNMA2,27.0465387,0.00560439,0.052461814,0.411439524,NA
PNMA6A,22.80474302,0.013102146,0.05439508,0.077522055,NA
PNMA6B,6.783936311,-0.002559432,0.052419293,0.511531864,NA
PNPLA1,12.88477844,0.004197243,0.052414494,0.459289133,NA
PODN,12.52602334,-0.005292503,0.052601393,0.317982817,NA
POF1B,13.90303369,0.003432884,0.052317619,0.554401551,NA
POLR1HASP,10.94546032,-0.000577114,0.052260637,0.901260372,NA
POM121B,31.82922788,0.007226768,0.052626318,0.349217121,NA
POM121L7P,9.5130806,0.001302975,0.052382287,0.716354894,NA
POPDC2,27.65638741,0.005215523,0.05247458,0.407602163,NA
POSTN,21.76265005,0.001808213,0.052187557,0.756808759,NA
POTEB3,23.82502603,-0.012940912,0.054338913,0.079244009,NA
POTEH,10.27097935,-0.007635222,0.053091406,0.107248756,NA
POU2F3,6.29249899,-0.004411661,0.052610718,0.249589643,NA
POU3F2,7.882169621,0.000233543,0.052345636,0.950385138,NA
POU5F1,15.34666728,-0.004469983,0.052506739,0.376938701,NA
POU5F1B,10.53814654,-0.000150408,0.052293914,0.970917815,NA
POU5F1P3,15.24116842,0.002297302,0.05232416,0.635086173,NA
PP2D1,11.04956302,0.000782161,0.052245053,0.876437279,NA
PPIAP41,13.17947153,-0.003201126,0.052312204,0.568014079,NA
PPIEL,11.54845236,0.001868065,0.052266988,0.718497794,NA
PPM1J,13.3819189,0.001835253,0.05224734,0.731146469,NA
PPP1R26P1,11.58652237,0.003114501,0.052373639,0.532650182,NA
PPP1R36,13.45647475,0.002382063,0.052247641,0.672236459,NA
PPP1R3C,18.0585098,0.001740128,0.052102712,0.7915155,NA
PPP1R9A,22.73453929,-0.000171995,0.052289515,0.966377152,NA
PPP2R2B,13.38348671,-0.00025514,0.052248476,0.960045138,NA
PPP4R2P4,18.79627914,-0.007460864,0.052792006,0.28204635,NA
PPP5D1P,7.939684355,0.006618903,0.052922291,0.125729338,NA
PPT2-EGFL8,8.901790885,-0.004588073,0.0526578,0.191184722,NA
PRAP1,18.31345667,-0.0034368,0.052217124,0.601022325,NA
PRB3,8.651794904,-0.001679332,0.052311433,0.711491061,NA
PRDM14,11.50649131,-0.000497361,0.052248344,0.916054634,NA
PRDM6,24.16260995,0.000865996,0.052415868,0.749181168,NA
PRDM7,11.27673498,-0.003055955,0.052375086,0.529651106,NA
PRDM8,10.36812754,0.00095669,0.052265715,0.852621121,NA
PRELID2P1,22.13381649,0.006097579,0.052509549,0.392325872,NA
PRELP,21.8369433,0.008396253,0.053054424,0.203504977,NA
PRH1,14.9864329,0.012580439,0.054405683,0.03573004,NA
PRH2,9.45187113,-0.002773072,0.05244132,0.459339054,NA
PRICKLE4,11.47393262,-0.003115582,0.052385856,0.51461142,NA
PRKCQ,7.080266703,7.79E-05,0.052297956,0.988801942,NA
PRKG1,12.71518586,0.004748249,0.052630822,0.253501904,NA
PROB1,27.77346079,0.007615022,0.052672938,0.326714878,NA
PRODH,11.98046804,-0.01045298,0.053825388,0.026025101,NA
PROKR2,12.08944832,-0.001381822,0.052262396,0.779950759,NA
PROX2,29.17050523,-0.003625374,0.05236954,0.50019787,NA
PRPS1P2,22.90411235,-0.002369139,0.052081316,0.739893669,NA
PRR15L,12.44518167,0.000783296,0.052210237,0.883917187,NA
PRR19,21.17489414,0.005259624,0.052390701,0.452053055,NA
PRR7,11.01348574,0.005453884,0.052697735,0.232730748,NA
PRRG2,16.94899534,0.001208576,0.052126594,0.845118826,NA
PRRT1,11.31172715,0.003726016,0.052494467,0.383649562,NA
PRRT1B,12.87109088,0.010137942,0.053705342,0.044324688,NA
PRRT2,13.18960225,0.006958248,0.052903375,0.179968497,NA
PRRT4,14.02271273,-0.004585462,0.052495599,0.388227496,NA
PRRX1,10.58272951,0.008105163,0.053262752,0.0429601,NA
PRSS12,21.99353437,0.000147869,0.052177533,0.980858233,NA
PRSS16,18.92829582,0.004038235,0.052500359,0.381265563,NA
PRSS35,7.167942327,-0.000849596,0.052369131,0.80396101,NA
PRTG,10.47077921,0.002893518,0.052488468,0.376091797,NA
PSAPL1,16.33443754,0.006712465,0.052716328,0.297813759,NA
PSCA,29.02730717,-0.014550954,0.05476756,0.089877957,NA
PSMD4P1,23.6239353,-0.007298085,0.052754884,0.294049056,NA
PTCHD1,14.44046698,-0.001279978,0.05217612,0.822166423,NA
PTGER3,8.878056327,0.002877585,0.052410982,0.507162862,NA
PTGES3L,18.78830397,-0.000504101,0.052085956,0.93519368,NA
PTGES3L-AARSD1,9.7875405,0.001750772,0.052403687,0.613894605,NA
PTGIS,19.33684896,0.001286508,0.052169033,0.826550316,NA
PTGS2,27.98824296,0.017130037,0.056209702,0.019307626,NA
PTK6,19.79266082,-0.000670356,0.052087095,0.915243618,NA
PTMAP11,8.164162244,-0.002373024,0.05235587,0.599000366,NA
PTN,8.482998544,-0.002354123,0.052360027,0.595381897,NA
PTPN11P2,15.38330761,-0.008049998,0.053022946,0.193876088,NA
PTPN20,18.61371626,0.000771616,0.052066832,0.911485029,NA
PTPN3,28.96531824,-0.007540887,0.052705145,0.322087988,NA
PTPRCAP,6.605926766,0.003826313,0.052593458,0.211404959,NA
PTPRN,30.95629112,0.002016702,0.052004595,0.784773078,NA
PTPRN2,29.79752746,0.002158203,0.052476548,0.399542554,NA
PTPRVP,9.058048616,-0.003380286,0.052424467,0.47643832,NA
PTX3,17.33345181,0.005553331,0.052486003,0.401332893,NA
PVRIG,15.98605527,-0.010414225,0.053677493,0.081423774,NA
PYGM,9.163056593,-0.001584347,0.05230037,0.73136567,NA
PYROXD2,30.1420287,0.013872599,0.054759576,0.047444089,NA
PYY2,14.95928407,0.000961784,0.052175194,0.866567879,NA
RAB19,26.73393545,-0.006224489,0.052499811,0.392372761,NA
RAB1AP1,7.091417061,-0.001098721,0.052326114,0.78794945,NA
RAB26,9.045895969,-0.005725153,0.052767802,0.17952176,NA
RAB36,29.08684407,-0.009768253,0.053421298,0.130065381,NA
RAB3B,29.13929875,-0.00966836,0.053097127,0.249322697,NA
RAB3D,23.86603386,0.002432992,0.052049166,0.736816744,NA
RAB40A,17.18932011,0.005578359,0.052543297,0.367280577,NA
RAB4B-EGLN2,19.65687296,-0.003725295,0.052325389,0.532190601,NA
RABGEF1P2,20.16731301,0.00557241,0.05258312,0.342832385,NA
RAET1E,8.289249448,-0.001345425,0.052320556,0.753019541,NA
RAG1,23.69124355,0.006056474,0.052811179,0.161808997,NA
RALGAPA1P1,14.84045495,-0.005866895,0.052685015,0.273359915,NA
RANBP3L,25.84928184,-0.004587522,0.052410299,0.448194908,NA
RAPGEF4,11.12618361,0.000747977,0.05227371,0.874456263,NA
RAPSN,24.3893445,-0.001592407,0.051990488,0.824945356,NA
RARB,12.44334187,-0.011974437,0.05420849,0.038980899,NA
RASGEF1A,14.12687326,0.004345657,0.052536031,0.335274438,NA
RASGEF1C,21.33840621,0.006105138,0.052609296,0.336874403,NA
RASGRF2,10.84274626,0.00044901,0.052279731,0.921445295,NA
RASIP1,9.320624964,-0.001319143,0.052342106,0.742446978,NA
RASL11A,29.60039854,0.00497835,0.052392032,0.445858539,NA
RASSF6,12.17913736,-7.49E-05,0.052365786,0.979849285,NA
RAX2,8.317495016,-0.00469281,0.052608852,0.275104299,NA
RBAK-RBAKDN,17.64707458,-0.00385648,0.052268706,0.554567188,NA
RBFOX3,16.8980455,-0.010067004,0.053495799,0.126406918,NA
RBISP5,24.61614472,-0.00588835,0.052437519,0.42090512,NA
RBM20,7.939643402,-0.000962034,0.052325057,0.811136131,NA
RBMS1P1,19.12917823,-0.002218248,0.052194726,0.710867275,NA
RBMS3,16.85754585,0.008240674,0.053198588,0.100671415,NA
RBP1,27.30049134,-0.00026454,0.051867865,0.970517135,NA
RBP5,24.45396204,-5.24E-06,0.051960082,0.99732425,NA
RBPMS,23.15238228,-0.002541092,0.052228813,0.662334833,NA
RBPMS2,17.42813138,-3.25E-05,0.052117591,0.992839571,NA
RCAN2,8.629980765,-0.002605831,0.052353621,0.580875085,NA
RCOR2,15.52930197,7.45E-05,0.052252742,0.989940501,NA
RCVRN,9.007602786,0.004180888,0.05259248,0.249159198,NA
RD3,7.610012033,-0.004610032,0.052635201,0.230232589,NA
RDH5,15.81446116,-0.002140546,0.052248732,0.693405577,NA
RDM1,15.58601742,-0.007994569,0.053089134,0.148586522,NA
REELD1,7.905708613,0.000407198,0.052310191,0.923668797,NA
REEP2,24.93269327,0.000447957,0.051986449,0.951033472,NA
RELN,10.96862198,-0.000838879,0.052278429,0.853330709,NA
REM2,9.979919822,-0.000207801,0.052264909,0.963840621,NA
RET,11.78978441,-0.00585347,0.052767927,0.186576751,NA
RFESD,26.5201947,-0.003311271,0.052295127,0.56938852,NA
RFLNA,16.36645784,-0.00260678,0.052323504,0.599628851,NA
RFPL3,9.852281723,-0.002681604,0.052333669,0.591440299,NA
RFPL4AP6,7.215666702,-0.000811559,0.05234036,0.828555042,NA
RFTN2,28.63413062,0.011190778,0.054077093,0.014866459,NA
RFX4,23.99062792,-0.010689179,0.053788352,0.061438856,NA
RGPD1,14.05844262,0.003004338,0.052378142,0.534359745,NA
RGPD2,14.678154,-0.000341216,0.052332485,0.924383284,NA
RGPD3,27.53400154,-0.010644107,0.05345343,0.182918914,NA
RGPD4,28.68048017,-0.003548814,0.052050026,0.646498047,NA
RGR,12.8222867,-0.000348695,0.05225896,0.936688553,NA
RGS17,25.70348705,-0.004288375,0.052162531,0.572205129,NA
RGS20,30.43424385,0.002049493,0.052086096,0.762714264,NA
RGS4,15.79454987,0.000593082,0.052337861,0.876944953,NA
RGS7,27.35348072,-0.003450481,0.052131437,0.630518306,NA
RHBDL1,23.81111102,-0.01329741,0.054486962,0.068542209,NA
RHBG,15.14595338,0.002356966,0.052244858,0.677670254,NA
RHEBL1,29.05391888,0.012421135,0.053990015,0.134714421,NA
RHOD,11.75578077,-0.000120502,0.052262637,0.976680076,NA
RHOQP1,12.58893705,-0.002231588,0.052249105,0.684440687,NA
RIBC1,12.19174851,-0.000627443,0.052218714,0.902989952,NA
RIC3,10.48009986,-0.001819946,0.052340705,0.671241325,NA
RIMBP3C,16.64904397,-0.000781648,0.052354464,0.827981265,NA
RIMKLA,13.63343219,-0.002787696,0.052249658,0.631054748,NA
RIMKLBP2,24.88525872,-0.001161746,0.051998455,0.86906003,NA
RIMS2,27.60256272,-0.001774511,0.05211707,0.780760377,NA
RIPOR2,30.20146638,-0.005128067,0.052260524,0.506808385,NA
RNA5SP296,12.07596366,2.65E-05,0.052212566,0.996407975,NA
RNA5SP301,7.665804251,3.87E-06,0.052292007,0.997331343,NA
RNA5SP494,8.166093298,-0.003295041,0.052412598,0.482330397,NA
RNASE10,29.15552819,0.006704613,0.052614977,0.345982638,NA
RNASEK-C17orf49,21.80383992,-0.00083381,0.052235905,0.865281192,NA
RND1,20.5584536,0.001009702,0.0520444,0.881896329,NA
RND2,14.1807242,0.008573536,0.05321781,0.126653365,NA
RNF103-CHMP3,28.99353258,0.011686265,0.054057132,0.061464601,NA
RNF150,10.05538916,-0.009466059,0.053566328,0.033692503,NA
RNF157,23.77995758,0.012950725,0.054464911,0.047409777,NA
RNF212,26.43120808,0.001175574,0.052077321,0.858013476,NA
RNF224,24.74640412,-0.005935657,0.052435844,0.40715323,NA
RNF39,12.13324194,-0.005006515,0.052565812,0.336932121,NA
ROBO2,13.04778419,-0.002591598,0.052278987,0.634900207,NA
ROR1,10.09314275,0.001145792,0.052274603,0.811350353,NA
ROR2,29.12812544,0.014211697,0.054854399,0.051306989,NA
RP1L1,30.16864635,0.000717189,0.051801158,0.933541821,NA
RPGRIP1,16.54018065,0.000437249,0.052148673,0.94146869,NA
RPH3A,18.99076188,-0.004780423,0.052363981,0.472445783,NA
RPL10P16,18.17358444,-0.004353643,0.052314144,0.510312811,NA
RPL10P19,31.40143466,-0.004799188,0.052153218,0.551831628,NA
RPL11P3,8.183197315,0.001342865,0.052287562,0.776790854,NA
RPL12P16,13.34798342,-0.00389308,0.052419047,0.460269665,NA
RPL13AP5,10.54262566,-0.002151981,0.05229346,0.668622222,NA
RPL13P8,11.7702596,-0.001726193,0.052258017,0.737639105,NA
RPL14P1,14.09009422,0.007613955,0.052999132,0.173883422,NA
RPL17P28,10.82642442,-0.00079863,0.052206687,0.878542569,NA
RPL17P47,10.67421643,-0.004631016,0.05254256,0.348719804,NA
RPL18AP7,10.2436144,0.001787025,0.052279581,0.72120958,NA
RPL21P115,9.8982685,-0.000387202,0.052236917,0.935584822,NA
RPL22P1,14.09155309,-0.00052373,0.052472102,0.496609051,NA
RPL23AP25,17.94317905,-0.000752614,0.052157116,0.891912917,NA
RPL23AP4,12.52757793,6.96E-05,0.052436185,0.977105617,NA
RPL23AP64,13.30475276,-0.004331052,0.052405444,0.459395132,NA
RPL23P2,9.074131313,0.002207453,0.052364985,0.610138978,NA
RPL28P2,12.51709057,0.000117944,0.052225078,0.983335977,NA
RPL31P44,24.99570241,-0.010563027,0.053494168,0.163945092,NA
RPL31P46,15.6890621,0.000412246,0.052119395,0.947533391,NA
RPL32P29,29.92763425,0.010759,0.053435353,0.19462396,NA
RPL32P3,14.45105608,-0.003565799,0.052330116,0.535462142,NA
RPL36P11,7.455068698,-0.000234623,0.052318874,0.951653027,NA
RPL39P40,21.38752014,-0.01142613,0.053847009,0.106869381,NA
RPL3L,26.28771672,0.005277046,0.052478998,0.404521548,NA
RPL3P2,18.59170533,-0.002857499,0.052288848,0.607850304,NA
RPL3P6,11.15136029,0.004830722,0.052588443,0.311470116,NA
RPL41P2,29.14730962,0.003016601,0.051997527,0.690618879,NA
RPL4P6,8.910484138,0.004573497,0.052588782,0.29728135,NA
RPL6P8,9.588798816,0.0026748,0.052378632,0.556522199,NA
RPL7AP10,8.34276864,-0.000134188,0.052345476,0.969162529,NA
RPL7AP16,18.42075529,0.003733279,0.052273819,0.559788598,NA
RPL7AP43,10.61295544,-0.002128982,0.052287039,0.665583056,NA
RPL7AP45,26.80868987,-0.000753742,0.051909817,0.919531513,NA
RPL7AP76,10.44371076,-0.008493896,0.053240813,0.101884923,NA
RPL7AP77,9.135909028,-0.003020756,0.052386594,0.522794027,NA
RPL7P18,6.20204471,-0.008080173,0.053286545,0.026237916,NA
RPL7P9,10.01375288,-0.003356985,0.052460756,0.428016927,NA
RPL8P5,12.73882167,0.006647839,0.052835638,0.208804526,NA
RPLP0P2,21.85098568,0.011639902,0.053914166,0.102605277,NA
RPS10P7,8.408552492,0.001903007,0.052393755,0.608853037,NA
RPS12P20,26.46613387,-0.001601614,0.051967661,0.827943111,NA
RPS12P3,14.08389026,-0.001880188,0.052229686,0.731218114,NA
RPS15AP10,14.18175085,-0.000726882,0.052156802,0.898967187,NA
RPS16P2,9.541684213,-0.004888709,0.052585451,0.285675981,NA
RPS18P9,20.70628666,-0.003943236,0.05232255,0.516117091,NA
RPS19P3,14.00473066,-0.000471658,0.052158417,0.932821798,NA
RPS20P33,13.0866017,-0.000294755,0.052228359,0.951580813,NA
RPS21P4,8.887655556,-0.003709969,0.052455734,0.429283815,NA
RPS26P19,19.22562586,-0.001213349,0.052434701,0.622195909,NA
RPS2P46,10.63822605,-0.002727227,0.052334101,0.587434615,NA
RPS2P53,13.78987966,0.000714906,0.052153785,0.904179244,NA
RPS3AP38,8.975140462,-0.002523145,0.052359255,0.579751808,NA
RPS4XP16,10.8212369,0.005638496,0.052693966,0.253370599,NA
RPS6KA6,24.29335385,0.00315704,0.052134657,0.653819065,NA
RPS9P1,16.43363036,-0.010474111,0.053657785,0.095621532,NA
RRAD,25.06728141,0.007480192,0.052763417,0.299370785,NA
RRH,7.672272343,-0.002813225,0.052419471,0.49869909,NA
RSPH9,20.1903826,0.007267511,0.052840386,0.248861072,NA
RSPO1,9.656027536,-0.002437178,0.05232459,0.644530863,NA
RTEL1P1,12.83967953,-0.009857166,0.053609088,0.056636519,NA
RTN4RL1,6.44891562,0.002928333,0.052507804,0.33663689,NA
RTN4RL2,31.62504957,0.011019072,0.053700853,0.122260085,NA
RUFY4,25.41986766,0.007806371,0.052762165,0.307874918,NA
RXFP4,12.69917301,0.008343595,0.05324304,0.086816809,NA
RYKP1,10.6360149,-0.005696832,0.052695359,0.253123394,NA
RYR1,19.77537167,-0.003047131,0.052419611,0.484560276,NA
S100A3,18.06947021,-0.000353125,0.052162649,0.948951034,NA
S100A5,14.53587652,0.000971477,0.05222925,0.852678189,NA
S100P,9.433953849,-0.005127266,0.052619332,0.290048028,NA
S1PR3,24.83211732,0.003899666,0.052139517,0.60343121,NA
SAMD13,7.749865476,-0.001158752,0.052363522,0.746183273,NA
SAMD15,23.54780391,0.000610282,0.051920405,0.937046601,NA
SAMD3,8.758840851,0.000600767,0.052324191,0.881733548,NA
SAMD5,10.98788483,-0.00252688,0.052357981,0.582608437,NA
SAXO1,13.33535942,-0.002136684,0.05221545,0.70925823,NA
SBK2,14.36496501,0.001319551,0.052236778,0.801275772,NA
SBSPON,22.42835578,-0.005882456,0.052513221,0.38570771,NA
SCARA3,7.732478902,0.002638949,0.052429559,0.49565653,NA
SCARF2,15.53210563,0.002165103,0.052215602,0.709426547,NA
SCHIP1,22.56651362,-0.008599088,0.053362608,0.040617393,NA
SCML2,22.33762531,-0.0062071,0.052536805,0.374048661,NA
SCN11A,17.81296507,-0.003833243,0.052482368,0.391952826,NA
SCN1A,9.950426013,0.001286814,0.05230588,0.774080825,NA
SCN3B,27.50692621,-0.004820077,0.052294345,0.518208196,NA
SCN4B,7.44542545,0.001421798,0.052380405,0.689781749,NA
SCN7A,22.61205771,0.001055129,0.052214716,0.844659494,NA
SCN8A,21.02154431,0.002572814,0.052080366,0.717235645,NA
SCRG1,29.06132348,-0.001501087,0.051864434,0.8520678,NA
SCTR,9.584493924,0.000419595,0.052355332,0.909199065,NA
SCUBE1,27.47598194,0.000959276,0.052402599,0.749146191,NA
SDAD1P1,26.67580388,-0.012786138,0.054120173,0.123785945,NA
SDK1,24.56260144,-0.00715697,0.052990665,0.123181237,NA
SDR42E2,9.054154534,-0.000711041,0.052251265,0.881839814,NA
SEC14L1P1,14.42744676,0.00197201,0.052214278,0.730005181,NA
SEC14L5,11.24355554,0.000278645,0.052225524,0.95873099,NA
SEC14L6,26.82087163,-0.004164659,0.052212882,0.561385428,NA
SEL1L2,27.95064153,-0.000230666,0.051988905,0.967886007,NA
SELL,8.749875036,0.001962567,0.052393254,0.599678966,NA
SEMA3B,12.49801379,-0.003919422,0.052454501,0.422569293,NA
SEMA3D,26.62585677,-0.00077726,0.052036951,0.901413542,NA
SEPTIN4,27.23296058,-0.008048929,0.052867534,0.265017391,NA
SEPTIN7P14,8.883016171,-0.000763928,0.052298814,0.859461065,NA
SETBP1,10.41858039,-0.00425747,0.052534729,0.35069063,NA
SEZ6,21.29810252,-0.008153129,0.052973405,0.228172333,NA
SGCE,27.47148032,-0.001907264,0.052047827,0.781696916,NA
SGK2,17.29225946,-0.000954882,0.05219064,0.860483336,NA
SGPP2,16.34418779,-0.002955259,0.052286912,0.616238992,NA
SGSM1,7.945397989,0.001394242,0.052315614,0.752731469,NA
SH2D6,13.60583514,-0.003215846,0.052419855,0.478498094,NA
SH3BGRL2,8.522991378,-0.00097368,0.052343542,0.799410609,NA
SH3GL1P1,29.22145259,0.004677466,0.052191244,0.528868517,NA
SH3GL1P2,11.21070957,-0.001492608,0.052297993,0.748543627,NA
SH3RF2,12.44106065,-0.002229559,0.05237974,0.586784373,NA
SHANK1,13.32245592,0.001056425,0.052215896,0.843793532,NA
SHBG,10.95515935,0.00031091,0.052355904,0.930485289,NA
SHISA2,15.32605487,-0.001927839,0.052196466,0.738945911,NA
SHISA4,28.83378628,0.006145361,0.052374668,0.446275462,NA
SHLD3,31.33574362,-0.002876703,0.052017829,0.702996787,NA
SHOX,27.39355893,-0.00053198,0.052007719,0.936637557,NA
SHROOM3,12.72900327,-0.005930783,0.052873203,0.067527381,NA
SHROOM4,16.66523545,-0.001816614,0.052470439,0.423001153,NA
SIGLEC17P,16.29012171,0.001836944,0.052175204,0.760005556,NA
SIGLEC6,9.370412716,-0.000482818,0.052312602,0.889381782,NA
SIGLEC8,23.38527104,-0.010453521,0.053593776,0.119521944,NA
SIM2,26.86880901,-0.00842178,0.052822826,0.300447123,NA
SINHCAFP3,7.775610949,0.003556153,0.052513091,0.355750468,NA
SIRPD,18.24150927,-0.009823268,0.053481702,0.110807122,NA
SIRT4,26.43361548,7.32E-05,0.051832445,0.993947444,NA
SKIDA1,14.46035597,0.002117501,0.052230038,0.707267313,NA
SKOR1,17.01318669,-0.001631404,0.052072987,0.803451546,NA
SLA2,13.23389915,0.00369497,0.052447072,0.440572912,NA
SLAMF6,18.91208413,-0.004957739,0.05240976,0.445011163,NA
SLAMF9,15.58056479,-0.007348251,0.0528598,0.239402262,NA
SLC13A5,8.124318387,0.003984434,0.052559575,0.290175022,NA
SLC14A1,11.13911395,6.06E-05,0.052227425,0.992307696,NA
SLC14A2,10.64619298,0.008435256,0.053251314,0.092264134,NA
SLC15A1,17.05368238,-0.011618452,0.053961113,0.084847701,NA
SLC16A2,26.19370342,0.000795492,0.052113734,0.898883925,NA
SLC16A4,30.26629179,-0.009802215,0.053201276,0.220306569,NA
SLC16A6P1,10.50713215,-0.001812321,0.052278494,0.696836921,NA
SLC16A8,6.253794893,0.002503044,0.052461535,0.435258797,NA
SLC18A1,6.452180197,-0.002607972,0.052473089,0.409528718,NA
SLC18A2,17.70322933,0.005284339,0.052435562,0.429733749,NA
SLC22A17,15.86312861,-0.010619108,0.053728822,0.08085468,NA
SLC22A31,9.222491032,0.004812594,0.052608617,0.290461501,NA
SLC23A1,11.07400004,0.001388861,0.0522711,0.776506893,NA
SLC23A3,18.04970415,-0.000733044,0.05225798,0.875606088,NA
SLC24A4,23.31891546,-0.000288053,0.052201529,0.954033853,NA
SLC25A21,14.9680475,0.003237082,0.052301088,0.575273139,NA
SLC25A27,14.70947265,-0.000778483,0.052188397,0.885884782,NA
SLC26A4,11.93897863,-0.005820521,0.052717025,0.241340485,NA
SLC26A7,10.00383535,-0.000433075,0.052323691,0.932949103,NA
SLC26A8,18.36358549,0.001639978,0.052100462,0.803247837,NA
SLC27A2,11.88261419,-0.003575375,0.052482325,0.381594653,NA
SLC28A2,7.940131934,-0.002319323,0.052393051,0.559353876,NA
SLC2A14,29.79982985,-0.006285988,0.052539707,0.372015257,NA
SLC2A3P1,14.08633362,0.000618938,0.05247863,0.059027957,NA
SLC30A10,7.878257468,0.003154187,0.052496378,0.371950642,NA
SLC30A2,23.57248447,-0.006801474,0.052582584,0.356751278,NA
SLC30A8,15.47398842,0.002395049,0.052342268,0.609596701,NA
SLC34A2,9.364607956,-0.003161382,0.052451767,0.441745937,NA
SLC35F4,8.547124914,0.004450405,0.052644903,0.194008518,NA
SLC35G6,8.968649552,-0.001697228,0.052295506,0.720472746,NA
SLC36A2,14.63868499,-0.003811841,0.052395852,0.480287566,NA
SLC3A1,10.30887814,0.003477917,0.05242739,0.467819805,NA
SLC44A5,14.84037477,0.001208988,0.052155698,0.83939733,NA
SLC45A1,20.09974803,0.005662863,0.052498589,0.394412407,NA
SLC47A2,12.03660752,0.006742208,0.052840632,0.212189499,NA
SLC4A10,18.35697394,0.012327355,0.054266131,0.051575196,NA
SLC4A3,8.537287863,-0.002952891,0.052426862,0.480656671,NA
SLC52A1,8.44307289,0.005524851,0.052711631,0.224063493,NA
SLC5A10,9.565889504,-0.001803661,0.052328045,0.683497573,NA
SLC5A5,8.377315492,-0.004302976,0.052560609,0.31264408,NA
SLC6A1,23.17584116,-0.002193128,0.051995744,0.767423559,NA
SLC6A11,8.756528622,0.001397189,0.052354594,0.718118485,NA
SLC6A15,10.82058468,-0.000914973,0.052314187,0.823630185,NA
SLC6A16,21.89770374,0.005526146,0.052509044,0.388316334,NA
SLC6A20,22.58181922,-0.003285647,0.052181642,0.625392709,NA
SLC6A4,10.00206658,-0.002289768,0.052306111,0.645408264,NA
SLC7A14,24.98516106,-0.000520168,0.05232117,0.890412831,NA
SLC7A5P1,17.84172158,0.011389908,0.053989013,0.05751823,NA
SLC7A9,6.330975465,0.004754134,0.052667381,0.197380966,NA
SLC9A7P1,20.70028142,0.010938456,0.053877327,0.05503041,NA
SLC9B1,19.41099611,-0.001573287,0.052107219,0.80613508,NA
SLCO1A2,12.93331072,-0.010247703,0.053764225,0.030525005,NA
SLFN14,30.89138591,0.003147118,0.052159074,0.647250194,NA
SLFNL1,14.68099035,0.002784259,0.05236859,0.551433057,NA
SLIT1,10.13082183,-0.005288151,0.052726942,0.163282168,NA
SLITRK5,24.27266479,-0.008811712,0.053200148,0.156515222,NA
SMAD9,26.85755367,-0.005883995,0.05247374,0.405099749,NA
SMG1P4,20.96629755,0.000987937,0.05224365,0.850588072,NA
SMG1P6,16.78587242,0.001239588,0.05219197,0.826567345,NA
SMIM1,15.16261012,-0.008693534,0.053190822,0.153236499,NA
SMIM17,8.882966862,-0.003448314,0.052481594,0.3955755,NA
SMIM31,11.93223393,-0.003813254,0.052413964,0.466216425,NA
SMIM34,19.744951,-9.61E-06,0.052042982,0.99699068,NA
SMIM36,28.55667556,-0.004221056,0.051984724,0.626008707,NA
SMIM5,25.78128284,-0.005025646,0.052437568,0.428549453,NA
SMOC2,16.22706145,0.005756616,0.052680532,0.270046279,NA
SMPD3,24.08338574,0.003291054,0.052287872,0.575398765,NA
SMPD5,18.94210736,0.010646106,0.053634431,0.120432878,NA
SMTNL1,26.5364425,0.002121282,0.051973304,0.781703718,NA
SMTNL2,27.41910851,0.00158087,0.052157313,0.791978785,NA
SNAI2,26.92301473,0.001104543,0.052136948,0.857269308,NA
SNAP25,27.51110091,-0.003895129,0.052114553,0.608628807,NA
SNORC,13.02446882,-0.00561149,0.052602507,0.325211739,NA
SNRPGP14,13.63908454,-0.002254622,0.052301927,0.65480753,NA
SNTN,15.52671697,0.000805286,0.052128653,0.895727294,NA
SNURF,21.25614325,0.004408947,0.052337339,0.498612179,NA
SOD3,26.99581309,0.006750557,0.05261184,0.348940871,NA
SORBS2,11.93074863,-0.003716669,0.052489507,0.388554925,NA
SORD2P,13.84273646,-0.000554703,0.052184175,0.917538365,NA
SOX11,17.56686259,-0.001482079,0.052183309,0.794657992,NA
SOX15,20.09028311,0.013046109,0.054454806,0.058100149,NA
SOX6,20.36668548,-0.007267652,0.052841133,0.245034745,NA
SOX7,20.23376013,0.003684159,0.052203704,0.593759586,NA
SOX9,17.65733948,0.004064126,0.052318167,0.522860755,NA
SP6,10.84706817,-0.00408559,0.052446112,0.433357675,NA
SP8,13.0311688,0.003372076,0.052437616,0.460087536,NA
SPAG4,11.69036737,0.002245588,0.052279465,0.669780222,NA
SPAG8,25.54744617,0.002869041,0.052132322,0.674440398,NA
SPATA21,7.43315093,-0.000511865,0.052346993,0.887028954,NA
SPATA24,28.03477517,-0.005894167,0.052304067,0.47009319,NA
SPATA31G1,16.26771814,0.009351104,0.053461861,0.070052212,NA
SPATC1,19.40864883,0.007023591,0.052708262,0.308649922,NA
SPATS1,12.32091854,-0.004419318,0.052578602,0.29246978,NA
SPCS2P4,26.40111872,-0.000860467,0.052469702,0.493215835,NA
SPDYA,18.53622797,-0.002803126,0.052238696,0.635749696,NA
SPDYE11,12.42850271,-0.000892625,0.052451735,0.628669809,NA
SPDYE12,11.71161274,-0.006852474,0.052889887,0.180533259,NA
SPDYE18,31.75893106,-0.001156183,0.051950958,0.87524515,NA
SPDYE21,8.426597969,-0.003895999,0.052522519,0.349794678,NA
SPDYE9,12.42850271,-0.000892625,0.052451735,0.628669809,NA
SPECC1L-ADORA2A,26.29101023,-0.008271885,0.053120361,0.154575755,NA
SPIB,19.60631531,-0.011197975,0.053984766,0.039115216,NA
SPINK8,12.62297262,0.001479748,0.052233229,0.780135043,NA
SPMIP5,8.771412126,0.000421811,0.052279811,0.92802202,NA
SPNS3,6.89723974,-0.003743287,0.052554765,0.289086834,NA
SPOCK1,15.02692084,-0.00555963,0.052753728,0.172149607,NA
SPON1,14.33586706,-0.000793749,0.052274101,0.862747418,NA
SPRED3,22.20102036,-0.005360011,0.052459749,0.413365233,NA
SPRN,13.36240991,0.002845224,0.052380236,0.540101641,NA
SRP54-AS1,8.292650333,-0.00226951,0.052349746,0.613477492,NA
SRP9P1,21.42954362,0.001104464,0.052460779,0.543239608,NA
SRPX,9.570582941,-0.001507981,0.052296544,0.743909319,NA
SRRM3,10.0376204,-0.006221934,0.052808007,0.189788718,NA
SRRM4,13.7697008,-0.009842167,0.053694386,0.018659079,NA
SRRM5,27.81054505,0.004680965,0.052197095,0.545776114,NA
SRSF12,20.57081222,0.003792274,0.052432457,0.451779004,NA
SRSF9P1,15.53934067,-0.004102835,0.052378845,0.483543423,NA
SSPOP,25.2525484,-0.005612781,0.05239292,0.44297637,NA
SSXP10,28.50408617,-0.010057775,0.05324764,0.217560112,NA
ST6GAL2,11.81489375,0.001173264,0.052272979,0.806598304,NA
ST8SIA6,13.26362965,-0.003313138,0.052353429,0.533122383,NA
STAG3L5P,12.36003569,-0.004690893,0.052537848,0.356599051,NA
STAP1,15.59333044,-0.002020756,0.05220502,0.726529866,NA
STAP2,18.51121073,0.001096954,0.052106944,0.863289275,NA
STAR,24.4521826,0.007621212,0.052890101,0.238481203,NA
STEAP2,12.16807097,0.005816391,0.052736728,0.222867884,NA
STEAP4,31.14007987,-0.000692593,0.051864644,0.92857867,NA
STK31,9.859311462,0.000778228,0.052338786,0.840690327,NA
STK32B,20.82804191,1.059282098,0.692488129,0.002249711,NA
STKLD1,24.16771468,0.007169718,0.05272388,0.306456483,NA
STMND1,30.6205085,-0.003952238,0.052063625,0.615411257,NA
STPG3,15.45817836,0.002028793,0.05221319,0.726154661,NA
STPG4,28.44017718,0.006268847,0.05249461,0.396070974,NA
STRA6,18.22722426,0.00137447,0.052193191,0.808407423,NA
STXBP6,15.86559563,-0.007974629,0.053084913,0.147602482,NA
SULF1,22.90098421,0.00516895,0.05254217,0.36132659,NA
SULT1A4,18.49850009,-0.001021966,0.052207141,0.850558221,NA
SUMO4,14.75338363,0.006235711,0.052698814,0.284959275,NA
SUSD4,8.49118799,-0.002292796,0.052374332,0.588870013,NA
SUSD5,10.73086756,-0.002928301,0.052395004,0.520912953,NA
SV2A,10.44998764,-0.000322564,0.05223193,0.946832459,NA
SV2B,16.97844042,-0.00598177,0.05272164,0.248292965,NA
SVEP1,15.91821895,-0.006290797,0.052683953,0.295488297,NA
SVIL-AS1,13.54048917,0.004635942,0.052445121,0.429385817,NA
SVIL2P,11.44482458,-0.002852617,0.052349156,0.565798101,NA
SVOP,20.06396063,-0.003309718,0.052387227,0.498899784,NA
SYCE2,9.572817362,-0.003789597,0.052534447,0.320162464,NA
SYCP2,9.058476305,-0.003917128,0.052529733,0.337414816,NA
SYCP3,29.98162326,0.006656267,0.052531635,0.38123104,NA
SYNDIG1,25.82764542,-0.029051318,0.064684777,0.000804252,NA
SYNE4,9.180184975,0.003573871,0.052469764,0.416396387,NA
SYNGR3,15.22816425,0.004301207,0.052448823,0.433231948,NA
SYNJ2BP-COX16,29.87506515,-0.003885995,0.052632145,0.12711088,NA
SYNM,30.52972327,-0.001330182,0.051850149,0.869478909,NA
SYNPO2,23.79132496,-0.002773102,0.052062263,0.702377998,NA
SYNPO2L,11.04962138,-0.000570797,0.052205596,0.913154635,NA
SYS1-DBNDD2,31.76021564,-0.006981114,0.052466986,0.403379145,NA
SYT14,17.21779522,-0.00204603,0.05216956,0.735356526,NA
SYT16,14.31502889,0.0003868,0.05213516,0.949817928,NA
SYT3,9.778979736,0.004200471,0.052530314,0.349445622,NA
SYT4,18.06386159,-0.003802047,0.052367171,0.498135114,NA
SYT6,17.95770798,-0.005454428,0.052635984,0.293552092,NA
SYT7,12.18147671,0.003843441,0.052489667,0.379471263,NA
SYT9,8.944218495,-0.004913967,0.052580201,0.319854072,NA
SYTL2,13.93326592,-0.009038078,0.053344721,0.100241849,NA
TAC4,16.51337791,0.000598691,0.05210561,0.924216875,NA
TAFA2,24.55936567,-0.000288029,0.051926836,0.964186245,NA
TAFA3,21.68794601,-0.002125437,0.05218645,0.723232395,NA
TAS1R3,9.345801864,0.001390381,0.052336329,0.737981322,NA
TAS2R14,26.07833926,0.009022332,0.053052411,0.239857453,NA
TAS2R20,21.70159121,-0.013597207,0.054594939,0.064370947,NA
TAS2R30,8.733277551,0.001034944,0.052298485,0.816408041,NA
TAS2R4,16.28356126,-0.000532406,0.052072773,0.933243119,NA
TAS2R5,10.09365143,0.001972654,0.052335147,0.66122741,NA
TATDN2P3,29.0141457,-0.001191425,0.05179725,0.896448744,NA
TBC1D3I,26.94855036,0.015651828,0.055334731,0.056257293,NA
TBCEL-TECTA,8.492512945,-0.00247253,0.052388585,0.557643496,NA
TBPL2,10.53199776,0.001442061,0.052307604,0.751762571,NA
TBX1,14.49618527,0.000319875,0.052165134,0.956462948,NA
TBX20,14.2161555,0.000574659,0.052178241,0.919273687,NA
TBX21,11.49431338,-0.000702384,0.05227766,0.875078955,NA
TCAF2P1,31.42421107,-0.008650087,0.053059139,0.215730514,NA
TCAP,13.08011319,0.000394999,0.052168294,0.945365086,NA
TCEA1P2,8.661328518,-0.00185084,0.052378806,0.635621571,NA
TCF23,17.22366565,0.001305366,0.052113232,0.83943379,NA
TCP10L3,4.88953589,-0.000305311,0.052458377,0.812377374,NA
TDRD1,27.92305892,-0.005528598,0.052215954,0.506144933,NA
TECRL,15.26054314,-0.004318511,0.05237413,0.479347328,NA
TECTA,14.67293199,0.000707113,0.052165163,0.902764899,NA
TENM3,12.77026601,-0.013221417,0.054728869,0.012329195,NA
TENT5B,8.598279278,-0.002278264,0.052343871,0.61596709,NA
TENT5C,10.52830065,-0.007531323,0.053033869,0.138586094,NA
TERF1P7,8.776083259,-0.000278853,0.052261971,0.950741337,NA
TESPA1,30.56377396,-0.002133749,0.05176912,0.80701794,NA
TET1,11.21725386,0.003694148,0.052503807,0.371983028,NA
TEX14,27.40815714,-0.006700702,0.05273081,0.281723952,NA
TEX35,24.23205769,-0.002196408,0.051987285,0.768220797,NA
TEX52,16.6501515,-0.003949029,0.052282527,0.542774632,NA
TFF3,7.87620405,-0.000365698,0.052294713,0.92935671,NA
TG,15.36243474,-0.002573586,0.052433564,0.483748147,NA
TGFB3,21.54287761,-0.005689832,0.052646664,0.294353435,NA
TGFBR3L,24.84948323,0.008321933,0.052943458,0.249992467,NA
TGIF2-RAB5IF,25.57258488,-0.002647236,0.052138267,0.689970305,NA
TGM1,27.71815613,0.007571053,0.052803553,0.282979215,NA
THEM5,12.24817051,-0.002669403,0.052378843,0.546707477,NA
THSD1,22.18728746,-0.009097871,0.053150246,0.196482903,NA
THSD1P1,15.83421417,0.003473371,0.052306852,0.557507724,NA
THSD4,13.17160702,0.004722092,0.052610778,0.270986857,NA
TIGD4,8.117046096,-0.002405933,0.052441702,0.486140249,NA
TINAGL1,11.67547232,-0.000404825,0.052195402,0.938453589,NA
TLCD1,28.9092027,0.005381431,0.052237176,0.507114414,NA
TLCD3B,14.94996722,-0.002489051,0.052255781,0.656472486,NA
TLCD4,30.87702377,-0.001286307,0.051896405,0.868671907,NA
TLCD4-RWDD3,23.51190658,-0.008050224,0.052986191,0.214305793,NA
TLE2,22.70818438,-0.008304815,0.053087891,0.175092867,NA
TLE6,16.162066,0.004382402,0.052462313,0.418389517,NA
TLL2,9.530296819,-0.004441234,0.05258422,0.287983315,NA
TLR10,30.73467466,-0.013367393,0.054590812,0.049128274,NA
TLR9,16.61727837,-0.000368847,0.052096606,0.951032341,NA
TM9SF5P,11.45449996,-0.004054658,0.052457884,0.423703806,NA
TMC1,26.30179463,-0.004977897,0.052428216,0.431421635,NA
TMC3,19.36233595,-0.006886046,0.052717201,0.299268471,NA
TMC5,12.84765421,-0.009274973,0.053369871,0.112969485,NA
TMED6,16.22118466,-0.003618649,0.052281965,0.557386025,NA
TMEM130,31.77980533,-0.000438913,0.051999658,0.947191472,NA
TMEM145,22.28704954,-0.000252894,0.052131522,0.961592734,NA
TMEM184A,16.10269707,-0.002648104,0.05241268,0.501478896,NA
TMEM191A,13.15735479,0.005917894,0.052653477,0.300652967,NA
TMEM213,23.59686461,-0.011965313,0.05402397,0.093255202,NA
TMEM215,20.24841198,-0.004407065,0.052245871,0.537496777,NA
TMEM217B,8.335392541,0.001163001,0.052371308,0.746526151,NA
TMEM221,12.62937363,0.000523189,0.052260738,0.913302954,NA
TMEM225B,13.6381078,-0.004991949,0.052609087,0.294116813,NA
TMEM232,15.63417912,-0.002019459,0.052239733,0.709361126,NA
TMEM249,7.488943301,-0.004465978,0.052614214,0.249636785,NA
TMEM25,25.30264141,0.006548863,0.052554079,0.372900725,NA
TMEM253,8.110348213,0.004953941,0.05266835,0.219891651,NA
TMEM256-PLSCR3,9.098657668,-0.000406779,0.052378259,0.895426021,NA
TMEM269,19.00039949,-0.009542844,0.053372747,0.136670921,NA
TMEM276-ZFTRAF1,19.89061707,-0.003633892,0.052527896,0.329607847,NA
TMEM30BP1,11.97341033,-0.000365318,0.052255779,0.93740662,NA
TMEM38A,14.83862285,0.003140235,0.052382227,0.523223263,NA
TMEM40,8.781629145,-9.91E-05,0.052305415,0.97850339,NA
TMEM72,11.9899881,-0.001366392,0.05226056,0.7792039,NA
TMEM81,27.8626083,-0.004310891,0.052099119,0.588919381,NA
TMEM88,8.847332918,0.000468553,0.052336081,0.901564515,NA
TMEM8B,31.75372143,-0.003284568,0.052142183,0.638344703,NA
TMEM92,17.9348559,-0.007207034,0.052957029,0.160115286,NA
TMEM98,12.58817982,-0.000217101,0.052264082,0.961601456,NA
TMOD4,15.834069,0.00188487,0.052173457,0.754077118,NA
TMPRSS13,23.21115224,-0.005265804,0.052533005,0.365463771,NA
TMPRSS4,27.06226342,-0.003404332,0.052183831,0.615183986,NA
TMPRSS5,26.32314893,-0.005108395,0.052427064,0.42924363,NA
TNFRSF13C,21.38174952,-0.004133587,0.052217522,0.56096292,NA
TNFSF12-TNFSF13,16.33129358,2.84E-05,0.052454765,0.963164908,NA
TNFSF4,23.10617146,-0.005660365,0.05243988,0.420474749,NA
TNIP3,13.99986213,0.002643469,0.052359754,0.576638247,NA
TNK1,12.44849995,0.008302715,0.053341203,0.021935427,NA
TNNI1,19.79899989,-0.003487469,0.052207208,0.609878331,NA
TNNI3,21.71410695,-0.007927165,0.05287373,0.263437383,NA
TNNT2,17.15376324,0.000459671,0.052198466,0.932490211,NA
TNRC18P1,11.85882094,-0.000842141,0.052224781,0.868644962,NA
TNXB,19.25832285,0.000929284,0.052431797,0.700188898,NA
TOB2P1,15.95003282,-0.004000156,0.052325966,0.520094751,NA
TOMM40P4,23.76783897,0.001262578,0.052070496,0.850277212,NA
TOP1P1,14.76575029,-0.002638304,0.052206902,0.663862359,NA
TP63,13.45344286,-0.002186844,0.052277596,0.672719159,NA
TPH1,12.36163353,-0.003054213,0.05237854,0.528752588,NA
TPI1P2,10.72106072,-0.001017781,0.052223331,0.844522147,NA
TPM4P2,10.46655462,-0.002683238,0.052339189,0.585919724,NA
TPPP,13.01023333,-0.002020175,0.052283289,0.690012798,NA
TPSAB1,16.74522424,0.000529629,0.052143316,0.925608774,NA
TPSB2,24.84760433,0.005451253,0.052556024,0.358645152,NA
TPSD1,7.285626273,0.002474453,0.0524318,0.502562636,NA
TPTE2,11.43030389,-0.003633193,0.052399678,0.484465836,NA
TPTEP2,9.529208398,-0.002597044,0.052397956,0.537832759,NA
TRDN,25.48539889,-0.013638436,0.054803005,0.023488827,NA
TREX2,14.9125104,0.007226156,0.05304092,0.09805887,NA
TRGV5,11.94849535,0.001627742,0.052275013,0.744305611,NA
TRGV5P,10.82468477,8.90E-05,0.052213226,0.988477817,NA
TRGV8,11.49944062,0.001076407,0.052247415,0.831593312,NA
TRIM17,29.70154748,0.010151835,0.053299699,0.206352798,NA
TRIM31,15.59419199,-0.00059751,0.052129213,0.922811436,NA
TRIM49D1,30.47180671,-0.003536983,0.052105748,0.633264329,NA
TRIM59-IFT80,19.95389634,0.000967486,0.052457325,0.594438686,NA
TRIM6-TRIM34,14.20721736,-0.000688844,0.052469463,0.530619523,NA
TRIM63,10.51323411,-0.000120232,0.052247633,0.980746628,NA
TRIM67,7.220857796,0.001991336,0.052394768,0.603532734,NA
TRIM74,25.89870434,-0.023082909,0.059796656,0.003291904,NA
TRIM9,10.27978353,0.004552766,0.05261714,0.250962659,NA
TRIML2,9.217040858,-0.007143965,0.052985307,0.132314845,NA
TRO,13.61607485,0.002546169,0.052380942,0.559760951,NA
TRPC1,9.766694211,-0.000767202,0.052353726,0.82660181,NA
TRPC2,12.79510073,-0.010236164,0.053663197,0.071184669,NA
TRPC3,13.81156298,0.004438962,0.052518871,0.366440268,NA
TRPC5OS,17.65321703,-0.012512746,0.054409554,0.028717166,NA
TRPM3,10.19661549,0.001318042,0.052276019,0.785245435,NA
TRPM6,9.020966732,-0.0021103,0.052402848,0.567069851,NA
TRPV3,31.42437292,-0.001711598,0.051967779,0.817447467,NA
TSACC,8.967902933,0.001678867,0.052324764,0.705779892,NA
TSGA10IP,11.18902171,0.003152018,0.052413951,0.486410055,NA
TSNAX-DISC1,16.78113232,-0.002029091,0.052376417,0.613329834,NA
TSNAXIP1,19.04511823,-0.001106822,0.052111278,0.855395977,NA
TSPAN11,21.65119326,-0.003148401,0.052365301,0.522768064,NA
TSPAN19,19.34693622,0.000299639,0.052329002,0.939702588,NA
TSPAN7,14.89035825,-0.003961637,0.052426249,0.452589812,NA
TSTD1,10.14601095,-0.001526914,0.052249339,0.765759526,NA
TTC16,8.417427729,0.001154319,0.052307863,0.794847602,NA
TTC23L,13.50394272,-0.005031173,0.052570985,0.328066489,NA
TTC39A,31.09192581,0.013505512,0.054533816,0.071733256,NA
TTC41P,11.4219201,-0.004214335,0.052549242,0.326728081,NA
TTC4P1,9.754932329,-0.007609784,0.053144163,0.062850123,NA
TTC9B,11.7980423,0.000590914,0.052257154,0.904283577,NA
TTLL13,14.4446455,-0.006836849,0.052880288,0.183376504,NA
TTLL7,13.05353204,-0.001607325,0.05233826,0.695748665,NA
TTN,17.31519984,0.003955271,0.052582714,0.254924373,NA
TTR,24.37651687,-0.009848808,0.053258994,0.203290917,NA
TUBA3D,8.944474864,-0.003005815,0.052471426,0.407409765,NA
TUBA3FP,23.46093788,-9.99E-06,0.0520529,0.998963626,NA
TUBB1,11.28562958,-0.004839578,0.052558666,0.341074623,NA
TUBB2B,29.81548099,0.010282138,0.053600959,0.102421804,NA
TUBG1P,9.215356778,0.001397105,0.052323505,0.747341269,NA
TUSC3,21.32183654,-0.002594528,0.052198573,0.669352023,NA
TWIST1,6.051552516,0.006584519,0.052993972,0.045484133,NA
TYRO3P,15.8820946,0.002243626,0.052195571,0.710157073,NA
UBE2F-SCLY,15.80036261,-0.001498351,0.052165058,0.798548223,NA
UBE2L5,10.1909816,-0.010861786,0.053922345,0.032018106,NA
UBE2Q2P1,27.41558165,0.000850152,0.05187275,0.916188994,NA
UBE2Q2P13,8.176421382,-0.002140436,0.052353336,0.623450053,NA
UBE2Q2P16,20.51764038,-0.003338592,0.052211542,0.609531235,NA
UBXN10,15.02897236,-0.003778859,0.052368012,0.502166378,NA
UCN,21.8840198,-0.003114672,0.052138222,0.653186587,NA
UGT1A1,19.49673568,0.004084861,0.052302742,0.529736205,NA
UGT3A1,23.47358957,-0.004755847,0.052248909,0.520693201,NA
UNC13A,21.52408971,1.327288389,0.538638772,0.000368262,NA
UNC5CL,30.55352446,-0.000275203,0.052008877,0.966152472,NA
UNC93B2,7.850768807,-0.001499786,0.052364593,0.695678253,NA
UPB1,21.10090204,0.002920147,0.052181403,0.659442426,NA
UPF3AP3,17.2183311,-0.002149142,0.052118523,0.741701366,NA
UPK3BL3P,30.30422628,-0.000437057,0.051808129,0.961293729,NA
UPP2,9.048679081,-0.000527705,0.052268754,0.907184754,NA
UQCRHL,30.58609929,-0.010410478,0.053646414,0.090611111,NA
USHBP1,24.07957791,-0.001449173,0.052159728,0.80482781,NA
USP32P3,17.18477631,-0.010440971,0.05368234,0.082546688,NA
USP50,23.51972667,-0.006099615,0.052506657,0.389541669,NA
VANGL2,10.44824975,0.004346774,0.052513783,0.371549591,NA
VASH2,19.26714361,-0.005837499,0.052657424,0.290353446,NA
VAX2,8.319323648,-0.008074428,0.053204368,0.079286074,NA
VCAM1,17.73730655,0.008764692,0.053176753,0.167719054,NA
VCX3A,9.244729286,-0.005068609,0.052705808,0.177140522,NA
VCX3B,7.258148474,0.000335634,0.052450943,0.837234995,NA
VENTX,21.17343396,0.007510162,0.052798197,0.282529242,NA
VGF,12.65056543,0.00261653,0.052370073,0.560952543,NA
VIPR1,6.679821626,0.006425276,0.052961834,0.04896694,NA
VN1R1,13.53541159,-0.001637309,0.052196144,0.772562152,NA
VN1R2,7.021402375,-0.000333235,0.052304983,0.937410767,NA
VN1R83P,11.19713485,-0.002130167,0.052285067,0.676155916,NA
VPS37D,17.33267325,-0.007392113,0.052903448,0.216973571,NA
VSIG2,5.853802941,0.001039169,0.052384365,0.752065597,NA
VSNL1,7.574385744,0.000912785,0.052345499,0.809245662,NA
VSTM2L,16.35080031,-0.001160485,0.052184828,0.835110882,NA
VSTM4,17.69014587,-0.008830015,0.053271387,0.119416772,NA
VTI1BP2,15.45702516,-0.003638204,0.052272917,0.563037301,NA
VWA5B1,8.408755784,0.003162462,0.05242246,0.482223854,NA
VWA7,8.969133051,-0.003226027,0.052519862,0.316841469,NA
WASF3,21.15124489,-8.96E-05,0.05208327,0.985468,NA
WDR17,30.55417625,-0.00179708,0.052140757,0.769697691,NA
WDR45P1,6.232275395,-0.002082663,0.052434603,0.522292936,NA
WDR72,13.11859181,-0.002322423,0.05238389,0.562982769,NA
WDR86,13.13786522,7.37E-05,0.052243363,0.989671711,NA
WDR88,13.67438671,0.003450276,0.052357509,0.52767796,NA
WDR93,12.06819827,-0.004220298,0.052562956,0.299119024,NA
WFDC11,13.78001045,-0.006399489,0.052760647,0.247148551,NA
WFDC3,15.49929461,-0.000975296,0.052247655,0.840581053,NA
WHAMMP3,14.01823418,-0.002371664,0.052251862,0.668372724,NA
WNK3,14.51378174,-0.004947855,0.052553291,0.33725846,NA
WNT2,18.8187716,0.005255007,0.052675416,0.239462902,NA
WNT4,9.743610777,0.000501008,0.052325329,0.903992595,NA
WNT5B,10.43077199,-0.004481531,0.052541174,0.344252686,NA
WSCD2,5.664873249,0.001023596,0.05242532,0.688335289,NA
XBP1P1,9.157140497,0.001631159,0.052272594,0.745108695,NA
XIAPP3,15.14940861,0.001656098,0.052287863,0.730313901,NA
XIRP1,5.332309586,0.000357264,0.052392668,0.908768513,NA
XKR4,26.23800443,9.29E-05,0.051940476,0.991578283,NA
XKR5,11.40371076,-0.001371184,0.052290197,0.766986887,NA
XKRX,9.593804414,-0.000355439,0.052276833,0.936616794,NA
XNDC1N-ZNF705EP-ALG1L9P,26.76037432,0.001390426,0.051893531,0.872361343,NA
XPNPEP2,15.88646465,0.000923314,0.052142539,0.880141123,NA
YBX1P1,7.925338337,0.006370508,0.052870799,0.145594847,NA
YBX1P4,8.41334668,-0.003615179,0.052456682,0.430243692,NA
YES1P1,28.07746929,0.008234243,0.052785942,0.310622218,NA
YIPF7,8.902634528,-0.007567613,0.053118307,0.077111596,NA
YWHAQP5,10.31465559,0.003916811,0.052486733,0.397854133,NA
ZACN,10.98444257,-0.000255347,0.052265537,0.954472409,NA
ZBP1,18.40637766,-0.004177686,0.05250421,0.372628466,NA
ZBTB12BP,12.88766615,0.002657884,0.05229521,0.621545575,NA
ZBTB16,24.80922534,0.004774332,0.052227886,0.532019396,NA
ZBTB2P1,7.104947944,0.001137972,0.052351824,0.7664212,NA
ZC3H11C,15.3750204,-0.00105618,0.052118552,0.860711669,NA
ZC3H12B,18.94831218,0.000155894,0.052084218,0.988292512,NA
ZDHHC11,13.57438224,-0.00177815,0.052217086,0.744602491,NA
ZDHHC11B,21.49684476,-0.002811728,0.05232717,0.582437934,NA
ZDHHC23,21.38562741,-0.002639499,0.052135681,0.691133808,NA
ZDHHC4P1,11.56701846,-0.001961206,0.052280123,0.698361577,NA
ZFHX4,8.11336375,-0.000744856,0.052324969,0.857467379,NA
ZFP37,27.66276198,-0.005507317,0.052321442,0.471280089,NA
ZFP42,10.25584009,-0.00194279,0.05232593,0.668670978,NA
ZFP91-CNTF,21.88518915,2.30E-05,0.052411142,0.996886447,NA
ZFR2,11.71169595,0.001507126,0.052323193,0.728037072,NA
ZG16B,9.704793128,-0.001663635,0.052298587,0.723452196,NA
ZIC3,11.51661671,-0.0035043,0.052458533,0.428725153,NA
ZKSCAN8P1,17.3131331,-0.003282458,0.05227177,0.582332223,NA
ZMYND10,30.0293265,1.20E-05,0.051910467,0.999993147,NA
ZMYND12,17.05893836,5.49E-05,0.052098665,0.994870315,NA
ZNF137P,20.11581583,3.00E-05,0.051973785,0.999370386,NA
ZNF185,29.55574958,-0.003756604,0.051994788,0.648410866,NA
ZNF208,14.03680909,0.000710426,0.052382365,0.823548166,NA
ZNF257,7.852712137,0.003097727,0.052521339,0.317501137,NA
ZNF286A-TBC1D26,17.26427517,-0.001237058,0.052232884,0.808975907,NA
ZNF37BP,29.02897974,0.004335611,0.052099825,0.592213492,NA
ZNF385B,23.2411918,0.000908524,0.052188441,0.869020572,NA
ZNF385C,13.54802842,-0.001536737,0.052199899,0.781114106,NA
ZNF385D,20.76390871,0.002354808,0.052346129,0.605312918,NA
ZNF423,11.58069072,-0.008902334,0.053470326,0.020227035,NA
ZNF443,26.52657918,-0.00592665,0.052347649,0.455326724,NA
ZNF491,19.17280872,-0.002987812,0.052194871,0.640176462,NA
ZNF501,30.90643336,0.006428492,0.052459541,0.3854579,NA
ZNF534,13.5104544,-0.003040061,0.052370223,0.532460428,NA
ZNF556,30.9384116,-0.006304723,0.052266559,0.472085921,NA
ZNF559-ZNF177,20.2967289,0.000676822,0.052096611,0.916284543,NA
ZNF602P,10.035126,-0.005728974,0.052671575,0.276840591,NA
ZNF608,18.56868731,-0.004792882,0.052431312,0.43584665,NA
ZNF662,22.85347135,-0.006537422,0.052547885,0.374395207,NA
ZNF665,30.42396597,-0.015522725,0.055373523,0.041513538,NA
ZNF676,9.129922551,-0.003804575,0.052446284,0.438102328,NA
ZNF695,28.02949798,-0.001197647,0.052139828,0.838787398,NA
ZNF702P,6.83361568,0.003620598,0.05251113,0.360606253,NA
ZNF709,19.04453804,0.003454798,0.052273403,0.57461349,NA
ZNF716,8.443232069,0.003918901,0.052511857,0.367969649,NA
ZNF724,26.08426825,0.001669942,0.052012269,0.815899593,NA
ZNF726,24.11959005,-0.001423754,0.052011006,0.839772355,NA
ZNF727,10.26318871,-0.000928044,0.05223727,0.85347264,NA
ZNF750,8.400173138,0.001148558,0.052316857,0.785249831,NA
ZNF788P,12.89778573,-0.002071037,0.052321543,0.657415306,NA
ZNF80,18.33322079,0.001772194,0.05217647,0.766998775,NA
ZNF816-ZNF321P,13.51173721,0.000722952,0.052187844,0.897376137,NA
ZNF826P,23.69839345,0.003007975,0.052122325,0.667282904,NA
ZNF835,11.61442207,-0.00290344,0.052346515,0.56392594,NA
ZNF843,30.52110171,0.004981231,0.052308386,0.494363096,NA
ZNF853,16.76216097,-0.004316529,0.052428623,0.44487628,NA
ZNF890P,12.09167389,0.001190749,0.052241962,0.817585435,NA
ZNF969P,13.59094458,-0.005962163,0.052644679,0.309426373,NA
ZNF99,12.95526279,-0.001398975,0.05224002,0.7863128,NA
ZNG1DP,14.0338788,0.001213343,0.05225975,0.808126406,NA
ZNRF2P1,19.86345725,-0.007843112,0.052942841,0.226315354,NA
ZNRF2P2,25.54573425,0.007372774,0.052805354,0.273597154,NA
ZP3,26.01978683,0.01314972,0.054453197,0.064940115,NA
ZRSR2P1,14.42092226,-0.001710161,0.052391174,0.631673328,NA
ZSCAN4,11.42336829,-0.002359594,0.052287507,0.65114984,NA
ZSWIM5,13.38280079,0.000873519,0.052409671,0.748872517,NA
ZYG11A,7.758420899,0.004830167,0.052656067,0.22352956,NA