,baseMean,log2FoldChange,lfcSE,pvalue,padj
CX3CR1,1245.914845,-0.909508222,0.088030176,2.51E-26,2.99E-22
P2RY12,660.7867701,-0.713938173,0.078236053,3.73E-21,2.22E-17
THBD,417.496526,0.86683985,0.107514671,3.81E-17,1.51E-13
CD180,1167.182775,-0.547823469,0.074176698,7.68E-15,2.28E-11
SOCS6,3799.241752,-0.408335355,0.058895714,2.34E-13,5.56E-10
IL1RN,5722.538733,0.464859009,0.068512104,6.32E-13,1.25E-09
KLF6,5660.763206,0.268342205,0.039333777,8.29E-13,1.41E-09
C1QA,9618.302189,-0.247021739,0.038132347,6.15E-12,9.15E-09
PLXDC2,22189.4684,-0.341512002,0.053339712,9.27E-12,1.23E-08
MYC,1427.404117,0.517504568,0.082428003,1.81E-11,2.16E-08
F3,290.9853978,0.77920903,0.125113066,2.19E-11,2.37E-08
TRAF1,336.4184719,0.643359096,0.104139965,3.14E-11,3.11E-08
CCL22,677.5880447,0.49752954,0.082380527,7.58E-11,6.94E-08
GPR34,4932.917295,-0.458113846,0.07616826,9.51E-11,8.09E-08
TRIB2,222.6508574,0.807087407,0.135778447,1.26E-10,9.96E-08
TNC,1187.009751,0.82426385,0.139367988,1.54E-10,1.14E-07
TREM2,9637.421158,-0.301087668,0.050655355,1.75E-10,1.23E-07
TNFRSF9,554.5448743,0.551796139,0.093945648,2.07E-10,1.37E-07
DNASE2,6696.114619,-0.32056675,0.054992277,2.97E-10,1.86E-07
LFNG,1054.597379,0.429817854,0.074276611,4.19E-10,2.50E-07
COL7A1,211.391817,0.750636199,0.131252615,5.13E-10,2.91E-07
CSF1,7547.539205,0.420694796,0.07358563,6.01E-10,3.11E-07
KCNN4,2489.749829,0.481046737,0.084216919,5.92E-10,3.11E-07
CCND1,3929.170193,0.472676208,0.08291204,6.81E-10,3.38E-07
NR1H3,6731.649921,0.2724977,0.048038256,1.00E-09,4.78E-07
CCL3,985.3616489,0.575991802,0.103226157,1.18E-09,5.42E-07
CD300E,371.6119819,1.085323418,0.196408209,1.46E-09,6.42E-07
CHRM4,86.66683527,-1.384044793,0.25073246,1.60E-09,6.81E-07
SLC30A1,3665.556824,-0.271064435,0.048816978,1.98E-09,8.13E-07
PDGFC,1536.671176,-0.313277611,0.056863993,2.25E-09,8.92E-07
EHD1,1454.892773,0.507339741,0.092868755,2.35E-09,9.03E-07
C1QB,21150.9004,-0.290153974,0.05277235,2.55E-09,9.50E-07
NRIP3,1588.034877,0.384546906,0.070411207,2.70E-09,9.72E-07
CYFIP1,20758.51524,-0.274874012,0.052650844,4.76E-09,1.67E-06
TLR7,2762.152996,-0.404827037,0.075897129,5.16E-09,1.76E-06
GLDN,2957.343461,-0.464004658,0.089513522,1.33E-08,4.39E-06
ADORA3,946.4970598,-0.444716319,0.086896363,1.62E-08,5.20E-06
MT-ND5,141647.3694,-0.243480736,0.047484196,2.25E-08,7.04E-06
ANOS1,2663.314499,-0.306513054,0.060362458,2.39E-08,7.12E-06
SLC43A3,4781.996527,0.343109479,0.067674161,2.34E-08,7.12E-06
CCL24,555.6333269,0.613332059,0.123094141,2.75E-08,7.80E-06
ITGB3,2551.752513,0.351099817,0.069653907,2.69E-08,7.80E-06
REPS2,257.7084312,-0.75798859,0.15357193,3.31E-08,9.17E-06
TNFRSF12A,1096.370512,0.329044956,0.066491925,4.51E-08,1.22E-05
RAPGEF6,719.5666624,-0.430592006,0.088120583,5.08E-08,1.35E-05
GAL,835.9586182,0.473781682,0.097355962,5.59E-08,1.42E-05
GNG7,178.2302458,-0.778786352,0.160527599,5.53E-08,1.42E-05
SCIN,1739.509907,-0.260275345,0.052792466,5.80E-08,1.44E-05
PTPRF,1282.449781,0.430903549,0.089524972,7.62E-08,1.85E-05
OCSTAMP,153.626228,0.700807586,0.146746573,7.85E-08,1.87E-05
CUL4B,1728.99967,-0.244801989,0.050267023,8.34E-08,1.87E-05
NCOA4,12108.71148,-0.243252651,0.049951422,8.26E-08,1.87E-05
SLC46A3,670.3901357,-0.372463012,0.077383813,8.11E-08,1.87E-05
IRAK2,289.7933576,0.604047052,0.126683469,8.51E-08,1.88E-05
IER3,1110.738718,0.516370055,0.108637867,9.67E-08,2.06E-05
TLR8,1855.02787,-0.391151244,0.081907865,9.70E-08,2.06E-05
GTPBP2,4421.448276,0.264581774,0.055818744,1.41E-07,2.94E-05
HLA-DRB1,2604.679821,-0.323067873,0.069075523,1.72E-07,3.50E-05
TMEM86A,3066.432626,-0.285962547,0.06094085,1.74E-07,3.50E-05
CRABP2,1909.479511,0.290024707,0.062231039,2.11E-07,4.18E-05
CREBRF,1291.028535,-0.307499522,0.066362745,2.18E-07,4.18E-05
TNFSF15,1167.880316,0.399510069,0.086803282,2.15E-07,4.18E-05
TP53INP1,1459.47318,-0.316246216,0.069483329,3.19E-07,6.03E-05
DHRS9,821.1209724,-0.478062984,0.106801158,3.59E-07,6.67E-05
SRC,2049.963835,0.306910655,0.067912658,3.84E-07,7.03E-05
POLR1C,543.573683,0.382410949,0.085813174,4.33E-07,7.81E-05
DOT1L,2851.352121,0.327114812,0.073473369,4.99E-07,8.86E-05
DUSP8,264.6911544,0.799060579,0.183862257,5.71E-07,1.00E-04
FLNB,3123.688696,0.436229581,0.099547642,5.80E-07,0.000100008
SPHK1,2741.378935,0.220364443,0.049051904,5.90E-07,0.000100376
LIF,224.6005373,0.699066641,0.160726529,6.05E-07,0.000101432
SLCO4A1,193.0061057,0.844379932,0.196418725,7.14E-07,0.000117981
IFRD2,1471.809381,0.241120385,0.054713622,7.97E-07,0.00012655
KCNJ2,1245.197467,-0.379305139,0.087828392,7.91E-07,0.00012655
VOPP1,4365.12166,0.207816429,0.04675069,7.85E-07,0.00012655
APBB1IP,6571.23965,-0.201169962,0.045714696,8.21E-07,0.000128655
MAN1C1,2744.590262,-0.290342721,0.067077555,8.65E-07,0.000133792
CPVL,3138.642741,-0.261679061,0.060085816,9.62E-07,0.000146756
SLC20A1,5907.032036,0.315548335,0.073440768,1.02E-06,0.000153971
PTPRE,4441.231859,0.272555156,0.06315486,1.05E-06,0.000154707
SELENOP,6668.61248,-0.355363575,0.083875751,1.04E-06,0.000154707
A2M,53910.95086,-0.242958497,0.05712586,1.08E-06,0.000156558
GAB1,292.7401914,-0.639289525,0.152092392,1.11E-06,0.000157634
JUN,4400.453232,0.257710166,0.059549843,1.11E-06,0.000157634
EDNRB,481.989648,-0.361513259,0.085467134,1.24E-06,0.000173424
TMEM170B,830.1682424,-0.285022027,0.067017579,1.32E-06,0.000182257
RNASE6,1417.681695,-0.304707557,0.072404219,1.44E-06,0.000196475
CYP27B1,153.5536183,0.641108299,0.154746383,1.49E-06,0.000199435
ID3,2760.058503,-0.367184971,0.0878102,1.51E-06,0.000199435
NR1D2,1421.688202,-0.269512952,0.06366736,1.49E-06,0.000199435
MS4A6A,2335.387149,-0.469176131,0.113062643,1.55E-06,0.000202676
ICAM1,6161.21144,0.359052855,0.086272687,1.71E-06,0.000219916
ITGAX,12554.46728,0.262925679,0.062476839,1.72E-06,0.000219916
CCSAP,1690.856706,-0.293110775,0.069994061,1.75E-06,0.000221582
PDLIM7,7229.044649,0.265376169,0.063100741,1.77E-06,0.000222197
SEMA4C,704.4761472,0.392757636,0.094776176,1.83E-06,0.000226579
MARCKSL1,176.3557319,0.726390521,0.177959655,1.89E-06,0.000231677
MMP1,131.3519051,0.704431805,0.172669112,1.91E-06,0.000232066
TRIB3,739.5974169,0.481815147,0.117629061,1.98E-06,0.000238018
FUCA1,2792.578619,-0.207820271,0.049177637,2.05E-06,0.000242182
QKI,9955.792009,-0.210148612,0.049612124,2.05E-06,0.000242182
MT1F,212.3676467,-0.661432912,0.163451156,2.09E-06,0.000243705
PCMTD1,2022.618509,-0.213475298,0.050737593,2.14E-06,0.000247116
RNF20,1743.609597,-0.304358159,0.074015982,2.30E-06,0.000258724
TGFBR2,6761.211226,-0.186284066,0.044223143,2.28E-06,0.000258724
ZBTB33,1357.211308,-0.219140998,0.052550811,2.30E-06,0.000258724
LYST,1141.354433,-0.256359856,0.062076092,2.50E-06,0.000277733
CLEC5A,1830.16652,0.485458021,0.120463273,2.54E-06,0.000279468
SEMA4D,4693.653247,0.312496,0.07668566,2.68E-06,0.000292948
SCARF1,582.6022677,0.399216495,0.099311591,2.95E-06,0.000319299
MAPK13,4108.801166,0.212123722,0.051345285,3.21E-06,0.000344066
TIMP2,15596.26349,-0.175639545,0.042269029,3.35E-06,0.000356357
DDX23,2608.373852,0.206489921,0.050204401,3.39E-06,0.000357007
HECA,2884.870219,-0.210984661,0.051685233,3.46E-06,0.00035951
MAFF,1082.249095,0.309664624,0.077166524,3.47E-06,0.00035951
SERPINE1,1342.482779,0.290080665,0.072278638,3.65E-06,0.000374624
HLA-DRA,3709.552867,-0.370949198,0.094022865,3.90E-06,0.000396766
SLC2A6,776.4060013,0.398652532,0.100981939,3.98E-06,0.000401824
SLC7A1,2721.807384,0.250717411,0.062323187,4.06E-06,0.000406452
CD302,612.5349667,-0.405393665,0.10345792,4.26E-06,0.000422987
GAL3ST4,2586.305248,-0.343015183,0.087287492,4.37E-06,0.000430358
MARCHF1,3510.015711,-0.230301069,0.05749322,4.69E-06,0.000457245
DUSP6,1438.368124,0.468328988,0.12088831,4.94E-06,0.000474334
REC8,449.5638553,0.371342344,0.095080984,4.90E-06,0.000474334
MYOZ1,1232.841332,-0.295618587,0.075216812,4.98E-06,0.000474388
HLA-DMB,5071.702525,-0.339720113,0.087552041,5.08E-06,0.000480389
DBP,539.8003148,-0.409646775,0.105620601,5.27E-06,0.000493964
SRXN1,975.6998523,0.26826637,0.06807734,5.36E-06,0.000498355
BYSL,342.7008234,0.427862414,0.111054224,5.45E-06,0.000499639
SLC7A11,268.3314049,0.481886762,0.125384566,5.46E-06,0.000499639
STX1A,271.8957172,0.554651907,0.145297921,5.87E-06,0.000533531
MYADM,2766.093699,0.370832668,0.095612228,5.94E-06,0.000535395
TNFAIP3,1578.487619,0.266079729,0.068185608,6.23E-06,0.000557404
ITGA5,7521.799429,0.233735795,0.059545718,6.42E-06,0.000570249
SYNE3,564.6650303,0.372309526,0.097063456,6.47E-06,0.000570249
SYNJ2,541.4147495,0.510738933,0.134700165,6.61E-06,0.000570249
TSR1,1405.906508,0.219687145,0.055635824,6.54E-06,0.000570249
TUBB2A,1046.139302,0.28123886,0.072558718,6.58E-06,0.000570249
LILRB2,1333.436986,0.286714092,0.074174668,6.78E-06,0.00058074
ST6GAL1,12889.38389,-0.186641032,0.048205492,7.04E-06,0.000598855
LTA4H,31609.81219,-0.195944731,0.049770596,7.26E-06,0.000612928
MMP9,22325.4455,0.401017312,0.105396474,7.35E-06,0.000615915
PHF3,2230.248804,-0.214749303,0.05490021,7.40E-06,0.000615915
PLK3,1721.849538,0.30528015,0.079829981,7.62E-06,0.000629852
KMT2C,2874.059588,-0.266896346,0.069759258,8.15E-06,0.000669213
PADI2,1147.110513,-0.513249073,0.137688029,8.34E-06,0.000675023
TYMP,14247.94214,0.242700861,0.062891741,8.32E-06,0.000675023
RPS6KL1,387.363875,0.437641829,0.117037054,8.72E-06,0.000701082
SOD2,20289.67174,0.274607872,0.069826858,8.94E-06,0.000714113
ID2,11610.32683,-0.193983663,0.05001136,9.69E-06,0.000769235
SORT1,11487.6093,-0.164724197,0.041844063,9.77E-06,0.000770141
LIPA,50370.54592,-0.215600154,0.056453191,9.90E-06,0.000775583
MAMLD1,392.5942857,0.364796493,0.09785286,1.00E-05,0.000778687
CYBRD1,1499.638003,-0.212487639,0.055421992,1.04E-05,0.000801394
PLA2G15,5035.957394,-0.215741399,0.056367316,1.04E-05,0.00080169
ANPEP,5770.798803,0.229873825,0.060531202,1.07E-05,0.000819989
PTCRA,315.0290582,-0.434282453,0.117920406,1.08E-05,0.00082115
EPOP,414.3466265,0.373143225,0.101408775,1.16E-05,0.000874935
GALC,2872.575049,-0.233294477,0.061821808,1.17E-05,0.000874935
DYNC1LI2,3445.836458,0.182966225,0.047868541,1.19E-05,0.000882738
DUSP5,482.296739,0.326868097,0.0886562,1.26E-05,0.000932364
NIBAN2,15399.32658,0.196105409,0.051043821,1.28E-05,0.000944069
VWA5A,3237.986402,-0.208094777,0.055200394,1.30E-05,0.000947521
SH3PXD2B,3407.945766,0.213809459,0.056661503,1.31E-05,0.000951061
OLFML3,422.1950867,-0.466032996,0.128843809,1.32E-05,0.000955964
MT1G,216.0935375,-0.657361961,0.183686959,1.34E-05,0.000961984
WASF2,8911.979275,-0.146035049,0.037426645,1.37E-05,0.000977434
TMEM144,1151.135465,-0.277138237,0.075533973,1.45E-05,0.001030852
ATAD3B,885.3737444,0.294778403,0.080443803,1.46E-05,0.001031829
FOSL2,1606.83484,0.259185642,0.070361348,1.49E-05,0.001044596
PLEKHO1,5339.915394,0.207429618,0.054479613,1.53E-05,0.001066228
DEPTOR,170.922592,-0.513778886,0.144580255,1.63E-05,0.001128267
FGR,2989.260947,0.211008854,0.056840976,1.68E-05,0.001153924
TUBB6,3960.30507,0.268166002,0.073740789,1.71E-05,0.001172172
KCNQ3,792.5429747,-0.410228319,0.115647531,1.77E-05,0.001207443
MICALL1,2339.630266,0.290940284,0.080582616,1.80E-05,0.001214623
RND3,1093.604092,0.351666095,0.098577225,1.82E-05,0.001224084
DUSP4,439.3367616,0.306873135,0.08576108,1.89E-05,0.001255503
PRMT1,2789.284896,0.192500049,0.051793771,1.89E-05,0.001255503
RHOBTB2,3550.735327,-0.261769226,0.072371526,1.90E-05,0.001255503
DSC2,2498.236633,-0.193884293,0.052424826,1.97E-05,0.001296672
VDR,3500.757898,0.230624713,0.063515041,2.02E-05,0.001319532
TMT1A,2205.785998,-0.369593688,0.104979266,2.08E-05,0.001355262
MT1X,254.5099832,-0.53629324,0.154918848,2.10E-05,0.001357756
FMNL1,8390.031953,0.245389701,0.068044217,2.20E-05,0.001407312
SESN1,933.3800304,-0.374197899,0.106781552,2.19E-05,0.001407312
IKBKE,2230.624395,0.182273801,0.049339876,2.22E-05,0.001412715
SLIT3,748.0598291,0.301283853,0.085175694,2.35E-05,0.001490577
SLC45A4,855.64728,-0.342265763,0.097974977,2.43E-05,0.001527938
HEXA,8685.14661,-0.125583372,0.032374083,2.46E-05,0.001538605
BLTP3A,2831.660242,-0.191504083,0.052610729,2.49E-05,0.0015526
GAS6,1799.946655,-0.261794171,0.073737148,2.53E-05,0.001563735
HK3,7783.26267,0.170921663,0.046407797,2.55E-05,0.001563735
LAMP2,7358.862717,-0.163894016,0.0435948,2.54E-05,0.001563735
COL5A3,221.0950017,0.575577225,0.168405969,2.62E-05,0.001599436
NBR1,3525.479709,-0.165163605,0.044886231,2.70E-05,0.001637723
NPIPB11,1158.803992,0.24879998,0.07036464,2.76E-05,0.00165959
PRKCH,325.0435881,0.460662355,0.134836582,2.76E-05,0.00165959
IDH1,9695.239072,-0.177351672,0.048518103,2.82E-05,0.001683298
ITGAM,11850.88956,0.213415941,0.059788047,2.83E-05,0.001683298
CLDN1,1695.082156,0.651178634,0.192680292,2.89E-05,0.00171419
SNX30,3586.903042,-0.176506531,0.049179342,2.92E-05,0.00171924
MFHAS1,2251.976257,-0.357980342,0.104600177,3.00E-05,0.001751349
PNRC1,1834.564315,-0.230014062,0.065181492,3.00E-05,0.001751349
DOCK11,2301.054858,-0.175945164,0.04876001,3.17E-05,0.001831751
GAS7,7278.470344,-0.216599767,0.061126846,3.15E-05,0.001831751
TLR4,4334.702529,-0.212443164,0.059489419,3.19E-05,0.00183214
CCPG1,3710.134971,-0.173282841,0.048173062,3.28E-05,0.001877349
MAT2A,6098.604749,0.159952629,0.044083435,3.43E-05,0.001951059
INHBA,101.2573046,0.669962598,0.200862544,3.45E-05,0.001955931
CYP19A1,496.2256576,-0.5256533,0.157507694,3.56E-05,0.002010046
CAPN2,2558.341805,0.283138248,0.083005342,3.65E-05,0.002049419
BTD,726.1603988,-0.260253223,0.076193389,3.83E-05,0.002118143
HLA-DPA1,841.2352709,-0.362957297,0.108420013,3.84E-05,0.002118143
NFKB2,3170.922867,0.286237583,0.084627332,3.81E-05,0.002118143
TGFBR1,10721.07586,-0.220644202,0.063432637,3.82E-05,0.002118143
HADH,1264.07974,-0.247983167,0.072257629,3.91E-05,0.002135272
HLA-DMA,1145.954152,-0.294061989,0.086977317,3.90E-05,0.002135272
FGD4,1856.279384,-0.243360247,0.070316449,3.94E-05,0.002142177
WIPF3,638.1701851,-0.312984137,0.092941891,4.02E-05,0.002175853
NES,2805.529072,0.292434182,0.086373953,4.10E-05,0.002207711
LRRC39,625.7388816,-0.356753686,0.107175714,4.21E-05,0.002257308
NPC2,16120.82437,-0.162038133,0.047950284,4.33E-05,0.00231256
TLNRD1,2035.178174,0.21706534,0.063119712,4.42E-05,0.002348536
CAPN15,2500.135286,0.273001885,0.080986175,4.50E-05,0.002379522
SLC46A2,171.835247,-0.532448335,0.163057444,4.52E-05,0.002379522
CCL5,788.3875405,0.38365091,0.116981471,4.73E-05,0.002479653
CAT,2671.082039,-0.218861465,0.064363456,5.04E-05,0.002629307
TAGLN2,12353.77131,0.190141591,0.054907932,5.06E-05,0.002629307
CFH,127.5955945,-0.47579091,0.147447642,5.28E-05,0.0027349
OSBPL1A,1928.471738,-0.211642062,0.062301294,5.35E-05,0.002758849
CPNE3,1469.407803,-0.261571388,0.079990942,5.46E-05,0.0027798
CXCL8,4410.897522,0.371534053,0.114174667,5.42E-05,0.0027798
F13A1,170.8097853,-0.767683615,0.242469347,5.44E-05,0.0027798
CXCL1,240.7367152,0.527833864,0.165235581,5.63E-05,0.002837967
ELMOD2,583.5188323,-0.239306106,0.071784325,5.66E-05,0.002837967
FCGBP,15341.20002,-0.34643967,0.10650242,5.67E-05,0.002837967
IKBKGP1,237.9553012,0.39771813,0.123421065,5.61E-05,0.002837967
MANBA,3810.332583,-0.184599368,0.051370587,5.88E-05,0.002930804
DRAM2,2130.975836,-0.175005959,0.050933899,5.94E-05,0.002934385
DUSP1,784.4321397,0.304495962,0.093400107,5.96E-05,0.002934385
LRRK2,990.8728749,-0.255322063,0.077309829,5.95E-05,0.002934385
EIF4EBP2,5476.293039,-0.164737462,0.050022658,6.05E-05,0.002961817
HNRNPH1,11322.63101,0.148814996,0.04246008,6.07E-05,0.002961817
RNF207,296.3940804,0.425939125,0.133697453,6.27E-05,0.003048972
MRC1,15917.72796,-0.23865565,0.073889139,6.32E-05,0.003059504
PPP1R15A,2277.599641,0.214701553,0.06423929,6.37E-05,0.003071922
LILRB5,230.4540197,0.432904706,0.13645526,6.45E-05,0.00309486
BOLA2B,194.1312884,0.697506016,0.224163257,6.54E-05,0.003111932
GEM,266.5513617,0.435809104,0.137154994,6.51E-05,0.003111932
NNT,3092.639839,-0.179869316,0.053035746,6.56E-05,0.003111932
SOS2,1543.0978,-0.190613157,0.056632482,6.64E-05,0.003136639
DAB2,14130.07968,-0.125170676,0.034724391,6.98E-05,0.003286269
ENO2,351.5836751,0.356938647,0.112499406,7.11E-05,0.003334035
CAMK1,6232.12061,-0.250188544,0.076750069,7.25E-05,0.003385744
BBX,1489.502606,-0.318081329,0.100093563,7.50E-05,0.003476105
HMOX1,4645.322002,-0.206491444,0.062455149,7.49E-05,0.003476105
SH3TC1,5832.716842,0.177287315,0.052802833,7.77E-05,0.003584771
HVCN1,716.3465675,-0.238469795,0.073435489,7.95E-05,0.003655924
FOXO1,448.5047873,-0.368173379,0.117551559,7.99E-05,0.003659657
RNASET2,3881.234785,-0.171725802,0.05106771,8.07E-05,0.003680426
CCL2,4534.269187,0.951285657,0.312048598,8.22E-05,0.003737029
SRSF7,1931.512553,0.209035985,0.063826172,8.26E-05,0.00373826
SYK,8397.212908,-0.16285963,0.048224475,8.42E-05,0.003796591
EXOC4,2515.287443,-0.226365247,0.069937912,8.46E-05,0.003801266
NCS1,1424.248209,0.285898837,0.090305617,8.56E-05,0.003830664
CDC42EP1,343.3527883,0.364860093,0.117917006,9.09E-05,0.004054066
CTTN,2100.909878,0.222338576,0.068948028,9.18E-05,0.004077057
DRC3,97.70958825,0.635518719,0.211145334,9.26E-05,0.004096634
SH3BGRL,7749.693953,-0.203146829,0.062567716,9.53E-05,0.004201274
HAMP,416.0285592,-0.395690564,0.129310009,9.70E-05,0.004251917
PLD4,2745.427599,-0.381883143,0.124758864,9.71E-05,0.004251917
RAP2B,6604.819565,-0.123911032,0.035963893,9.79E-05,0.004269865
MRTO4,1129.931455,0.214185201,0.066559088,9.87E-05,0.004287189
SGPP1,3813.098055,-0.150001644,0.044554708,9.96E-05,0.004310716
TREM1,106.1860971,0.903308191,0.307181363,0.00010264,0.004427293
MMP19,2049.691762,0.177969094,0.054307065,0.000104013,0.004470306
FOLR2,526.3966209,-0.315771256,0.102833622,0.000107766,0.004614937
CCNG2,1224.222157,-0.283134512,0.091966657,0.000112903,0.004817586
INPP5E,681.1742812,0.367275909,0.121662121,0.000113777,0.004837564
POU2F2,3743.271562,-0.211198561,0.066667159,0.000115915,0.004910934
COL23A1,93.664813,-0.550681872,0.186947947,0.000119345,0.005020519
SCARB1,3800.774217,-0.167028858,0.051185137,0.000119049,0.005020519
GPNMB,76483.29347,-0.135621025,0.037452117,0.000120744,0.005061488
SPOCD1,1428.596947,0.270027206,0.087803674,0.000121238,0.005064358
NCKAP1L,16765.6159,-0.139473421,0.041861677,0.000122457,0.005097362
TAB2,4521.564188,-0.170295334,0.052406142,0.000123815,0.005135968
ABHD12,5209.088823,-0.140101476,0.042082587,0.000127786,0.005282278
BMPR2,3505.763909,-0.16005991,0.049335272,0.000132384,0.005453411
NRP2,6316.245676,0.180026266,0.056398279,0.00013575,0.005559951
ZNF331,275.3922465,-0.330680045,0.111018278,0.000135905,0.005559951
PAQR8,706.7327999,-0.223699869,0.072204338,0.000136743,0.005575098
IL1B,627.9550911,0.705669659,0.24482988,0.000138193,0.005614966
FBXO30,1038.729777,-0.219448749,0.0712656,0.000145655,0.00589802
VEGFB,2203.291628,-0.18894353,0.060113251,0.000146311,0.005904528
AMPD3,3487.50348,0.1644567,0.051455903,0.00015363,0.006161196
LILRB4,2915.388375,0.195355586,0.062756977,0.000153706,0.006161196
UHRF1,1034.18479,0.26142236,0.086970486,0.000156488,0.006251648
NDRG4,174.7207316,0.481757288,0.168103015,0.000158569,0.006313581
CEP350,2579.00889,-0.202685919,0.06573802,0.000160809,0.006381434
GABARAP,8607.610665,-0.15806308,0.049539266,0.000165821,0.006558458
G0S2,1610.956062,0.211214508,0.069195327,0.000168499,0.006642323
STMN1,4146.831536,-0.252851765,0.085011452,0.000173781,0.006827946
CTSO,812.9747958,-0.229504888,0.076298523,0.000175242,0.006851047
EPC1,831.4281072,-0.212551719,0.070126598,0.00017552,0.006851047
DTWD2,564.3985553,-0.26451486,0.089494494,0.000178226,0.006888894
PCYOX1,1503.446633,-0.224611955,0.074681115,0.000177187,0.006888894
SLC5A3,7530.57681,0.240343775,0.080398133,0.000178083,0.006888894
CYSLTR1,647.4654953,-0.251468204,0.085288824,0.000178875,0.006891595
CTSC,30193.20899,-0.191986054,0.063848854,0.000181478,0.006969353
DYNLT5,405.7607534,0.37619901,0.131313865,0.000182728,0.006994774
OLR1,17711.54283,-0.251412148,0.083706686,0.000184408,0.007036467
KIDINS220,3217.128504,-0.142928138,0.044635934,0.000186129,0.007079438
GNB4,5713.3033,-0.184581933,0.060752972,0.000187736,0.007117841
NFKBID,379.0374746,0.288565006,0.09894214,0.000191103,0.007222471
MICALL2,736.9813778,0.26584561,0.090671599,0.000192227,0.007241977
CLEC2D,417.1245099,-0.286879545,0.098299506,0.000194448,0.007286779
ZBTB17,1173.952771,0.206836496,0.06848785,0.000194641,0.007286779
NATD1,556.2646612,-0.261356629,0.089347994,0.000196296,0.007325708
ZDHHC20,2543.119201,-0.174862267,0.056760257,0.000201478,0.007495624
TBC1D12,1638.306218,-0.256310539,0.087148069,0.000203306,0.007540042
CXCL5,230.6001617,1.077145761,0.39721052,0.000204661,0.007566729
TOP2B,3578.33712,-0.154380297,0.049275027,0.000208809,0.007696185
PIM3,1997.106358,0.218966149,0.07381466,0.000211645,0.00777663
TIFA,363.2028291,-0.329718089,0.116754953,0.000215858,0.007907051
IL13RA1,4979.433457,-0.141979384,0.045201473,0.000219041,0.007928262
RHOBTB1,1709.5301,-0.244685019,0.083977443,0.000217525,0.007928262
SUSD3,1105.718959,-0.319387775,0.112870098,0.000219101,0.007928262
TUBA1A,4815.293923,0.229359575,0.07821193,0.000218478,0.007928262
APOL4,745.3824291,-0.411550705,0.148462974,0.000221894,0.007980817
HLA-DRB4,910.2482121,-0.264393032,0.091733508,0.000221762,0.007980817
CDK18,1513.937224,0.237867596,0.08179618,0.000228124,0.008180174
CLIP4,1950.573989,-0.21887413,0.075204223,0.000232395,0.008308291
EPB41L2,9033.380836,-0.17017068,0.055753429,0.000233342,0.008317184
SHPRH,610.3220909,-0.294686119,0.104643418,0.00023769,0.00844688
GNA12,5607.319474,0.190936039,0.063871237,0.000243081,0.008612733
LRIG3,686.3219271,-0.30318188,0.108180661,0.000246965,0.008724372
PEDS1-UBE2V1,522.8550797,0.437053449,0.160524349,0.00025163,0.008862878
OSM,222.9879334,0.492262325,0.182604911,0.000259079,0.009098337
GPR84,883.2969875,0.357283972,0.130637444,0.000269499,0.009436433
TSPAN15,4752.857268,0.156872315,0.05152319,0.000272758,0.009522526
MATK,3466.991666,0.179220182,0.060315505,0.000276368,0.009620343
ZNF322,559.7788897,-0.277319982,0.100205547,0.000278193,0.00965566
MAN2A1,2617.265258,-0.160212926,0.053030921,0.000280686,0.009713843
DENND4C,3341.185052,-0.193261358,0.066113333,0.000281942,0.009729053
TUBB3,434.4741326,0.335283981,0.122910703,0.000288695,0.00993327
CDK4,2195.973352,0.191282928,0.065747993,0.000299716,0.010282769
LSS,2235.503789,0.2039238,0.070804322,0.000305902,0.01040831
PCYT1A,3940.316211,0.173261781,0.058626814,0.000305998,0.01040831
RNF126,1105.384239,0.196954197,0.067989214,0.000305981,0.01040831
BTN2A1,1161.68906,0.203879205,0.071013417,0.000310103,0.010501499
ENPP2,661.1296628,-0.26304688,0.095053472,0.000310502,0.010501499
MBOAT1,967.8474969,-0.213221333,0.074928946,0.000313656,0.010548225
TPP1,12453.00497,-0.148213884,0.049195529,0.000313652,0.010548225
ADGRD1,679.827379,-0.364671084,0.136575819,0.000316672,0.010589823
PRELID1,3279.926548,0.194555735,0.067511153,0.000316343,0.010589823
DCTPP1,1138.0481,0.189851979,0.065532751,0.000320023,0.010671918
TSC22D1,4104.54248,0.153131428,0.051153676,0.000321495,0.010691069
PTPRG,2372.144175,-0.152911281,0.051029973,0.00032483,0.010771862
WDR91,2450.587589,-0.210299525,0.073869073,0.000327228,0.010821239
SLC17A5,2370.675895,-0.16211634,0.054760441,0.000331045,0.010917141
ATP6AP2,12181.18068,-0.118308043,0.037280889,0.000334775,0.01097932
SLC39A13,3183.885896,0.186294689,0.064343548,0.000334612,0.01097932
RGS3,434.7923517,0.332410162,0.12453463,0.000337434,0.01103612
CCL3L3,105.6744451,0.585561922,0.228808022,0.000347783,0.011343452
PLEKHF1,545.4608513,0.253447801,0.092549116,0.000352959,0.0114808
BLOC1S6,2809.389452,-0.1425385,0.047301059,0.000356762,0.011572892
CDKN2B,648.7640383,0.225652753,0.081299548,0.000358769,0.011606366
G6PD,3502.720716,0.195325131,0.069411061,0.000360094,0.011617654
FOXO3,2062.009566,-0.150397423,0.05066775,0.000362684,0.011669614
ARID5B,1026.050898,-0.226000852,0.08164447,0.000365599,0.011700158
FAXDC2,631.4338003,-0.276631544,0.10283167,0.000364687,0.011700158
ADRB2,252.4328957,-0.311331553,0.117043238,0.00036756,0.011731388
EIF5A,10366.36697,0.185502182,0.064893067,0.000372311,0.011790713
MT-ND4,202331.9242,-0.139621104,0.046419018,0.00037239,0.011790713
UPP1,3561.182985,0.142090043,0.047346181,0.000372019,0.011790713
TMEM192,1383.911308,-0.188756737,0.066426385,0.000375036,0.011842985
GALNT6,1922.932482,0.176216533,0.06122433,0.00037878,0.011929563
TNIP2,1186.853172,0.174184544,0.060623075,0.000388748,0.012211194
DDX39A,2506.728741,0.131132272,0.043302727,0.000394116,0.012347251
CCL4L2,131.0420943,0.476432716,0.188440892,0.000404082,0.012577339
CD84,12289.69546,-0.187985561,0.065991493,0.000405687,0.012577339
RYR1,60.38838928,-1.073196768,0.44783509,0.000405291,0.012577339
STXBP5,849.5791034,-0.188800796,0.067434781,0.000402676,0.012577339
CIMAP1B,1419.484808,0.213264039,0.077551829,0.000410287,0.012654059
DDIT4L,6057.233905,-0.172958447,0.061820907,0.000410069,0.012654059
GRIP2,1326.023999,0.339242717,0.13110223,0.000423375,0.013023991
SLC1A2,180.8949937,0.408781647,0.162105875,0.000428313,0.013108153
TM6SF1,3029.004521,-0.139277931,0.046923338,0.000428046,0.013108153
METTL1,483.4470835,0.259931265,0.09772376,0.000436843,0.01333491
NAP1L1,13520.61144,-0.181440312,0.063384642,0.000449163,0.013675918
ZNF318,1346.581801,-0.190238303,0.068651487,0.000457087,0.013881676
C1QC,33478.60768,-0.171778317,0.061211913,0.000461299,0.013973971
APOC1,33349.86486,-0.1699347,0.060266017,0.000469603,0.014189402
CCDC152,64.78133398,-0.703243518,0.291237536,0.00047768,0.014396923
FOSL1,114.4909943,0.460957989,0.186639018,0.000479557,0.014404614
TUBA1C,6756.709006,0.17789255,0.063630125,0.000480355,0.014404614
MT1H,80.16327942,-0.673855664,0.279999229,0.000483412,0.014459847
AEBP2,905.0939318,-0.200452361,0.074297083,0.000494373,0.014750652
ADGRE2,4671.897309,0.172504612,0.061574307,0.000495781,0.014755677
GABARAPL1,5831.697452,-0.150944283,0.052682994,0.000500657,0.014826662
RUVBL1,722.8302515,0.204987161,0.07574696,0.000500587,0.014826662
PNPT1,1586.91084,0.265266742,0.102882544,0.000517795,0.015296159
PSMA7,6108.499699,0.134320726,0.045096816,0.000526283,0.015508417
CPED1,1705.92948,-0.17189044,0.062708985,0.000545841,0.016045023
FOS,2349.611422,0.189950392,0.071668807,0.000552514,0.016161379
HCFC2,357.6908722,-0.300370358,0.119915579,0.000551487,0.016161379
SH3BP5,847.3662666,0.234526691,0.090055151,0.000556164,0.016228261
ASRGL1,415.5485893,-0.301960107,0.121035872,0.00055777,0.016235322
SPTY2D1,891.2766851,-0.214494907,0.081221088,0.00055992,0.016258161
CEP95,573.0979928,0.203928506,0.076460539,0.000563634,0.016326173
CD2AP,1536.975111,-0.186864401,0.069112909,0.000570242,0.01643761
UACA,510.2110695,-0.231981561,0.089417242,0.000568995,0.01643761
LGR4,366.7335495,-0.322876901,0.130543221,0.000574001,0.016505995
BMF,3433.328737,-0.305606675,0.120954399,0.000578606,0.01652726
CEP170,4363.451166,0.140614806,0.049118192,0.000579744,0.01652726
PLEK2,1013.476769,0.226575199,0.086997233,0.000580294,0.01652726
UBE2J1,5044.593469,-0.163312942,0.058991121,0.000576666,0.01652726
DCK,1212.761139,-0.159383645,0.057172444,0.000584503,0.016607422
LAIR1,13473.17437,-0.129574403,0.041884305,0.000587875,0.016623888
PLEKHG5,303.8184494,-0.340317985,0.139572504,0.000587635,0.016623888
PPP1R12C,4294.305754,0.15339527,0.054781511,0.000598505,0.016884354
BLNK,1478.450447,-0.186738553,0.069457658,0.000600107,0.016889528
FXYD2,121.2717887,0.593111106,0.254529998,0.000608671,0.01709017
FAM185A,108.8800025,-0.496379392,0.211276928,0.000612291,0.017151353
PNP,2213.520329,0.214723754,0.082501397,0.000616142,0.017218702
STAU1,3202.381129,-0.129357388,0.044830797,0.000629023,0.017537522
PLCL1,496.402807,-0.212257672,0.082034427,0.000632412,0.017590818
TNKS1BP1,2097.047661,0.207563316,0.079734599,0.000642427,0.017827715
SCARB2,14110.22876,-0.158557614,0.057919723,0.000667553,0.018481891
AP3B1,2924.993296,-0.149883197,0.054145129,0.000673422,0.018556676
APOC2,4102.455278,-0.167486911,0.062174987,0.000673446,0.018556676
DPH2,701.551234,0.214441279,0.083484168,0.00067493,0.018556676
NPAT,585.2759874,-0.212109017,0.082634076,0.000676616,0.018560178
LILRA5,297.439535,0.324616688,0.135050626,0.000678318,0.018564094
FCHO2,3184.802746,-0.164781769,0.06107818,0.000683106,0.018607154
NME1,1458.892977,0.228081195,0.089999586,0.000685722,0.018607154
SPHK2,782.6912016,0.207949348,0.080497803,0.000685946,0.018607154
TRMT1,1037.819005,0.255717587,0.102663181,0.000686144,0.018607154
LNPEP,2847.690113,-0.146564787,0.052895844,0.000699887,0.018936706
TNS1,1944.026474,0.264983435,0.107714441,0.000703533,0.018992201
ISG20,112.5309727,0.479225806,0.209067091,0.000714884,0.019254973
TRAPPC9,885.695264,-0.230636892,0.092587306,0.000719867,0.019345401
PODXL,353.2496445,0.263002941,0.107307002,0.000721999,0.019359009
ADARB1,1569.351342,0.212403059,0.083446185,0.000727106,0.0194096
CREG1,8601.474154,-0.134152382,0.047914628,0.000727406,0.0194096
NIPBL,2840.725599,-0.192212994,0.074067431,0.000728777,0.0194096
RAP2C,2014.971849,-0.162162048,0.060385848,0.000737196,0.019589991
SH2B3,6674.421139,0.135005012,0.048021076,0.000747189,0.019811332
BCL3,531.6261239,0.297794653,0.124577991,0.000753024,0.019921668
AKR1B1,8105.082929,0.203330883,0.078969953,0.000769997,0.020325537
SLC25A25,563.7801337,0.24151877,0.096686169,0.000773475,0.02037217
JPT2,1610.117184,0.207976589,0.082007051,0.000777059,0.020421386
AATK,221.786353,0.335664609,0.144054139,0.000786948,0.020630139
MLLT11,242.3466115,0.391707991,0.171021464,0.000788468,0.020630139
SLC38A6,1199.243112,-0.189714363,0.073776732,0.000790378,0.020634768
GNAS,34635.24936,-0.105556192,0.040946697,0.000797765,0.020782053
MAN1A1,7082.667652,-0.127054919,0.04518117,0.000800535,0.020808661
METTL9,1553.258117,-0.184466398,0.071462617,0.000804242,0.02085949
CEPT1,2138.323722,-0.177203434,0.068215568,0.000815015,0.021041033
FADS3,1179.998809,0.162736852,0.061206111,0.000816544,0.021041033
SLC28A3,894.4190412,0.171470248,0.064962211,0.000815717,0.021041033
ALDH1A1,583.9597844,-0.300018873,0.127993031,0.000823188,0.021118237
MICAL3,768.1017043,0.258737961,0.106531522,0.000824237,0.021118237
RNF130,5778.866399,-0.125697433,0.044577367,0.000824862,0.021118237
KCNE3,1959.235376,-0.181214881,0.070325481,0.000834586,0.021321356
LIG3,510.7358755,-0.204795903,0.082030947,0.000840993,0.021439029
TRAF2,526.6307886,0.269809302,0.113601918,0.000846683,0.021537955
CREB3L2,4345.372583,-0.131559432,0.047468961,0.000849821,0.021571688
TWSG1,2396.601632,-0.153570209,0.057339717,0.000855693,0.021674526
CD40,2426.918075,0.16328943,0.062101491,0.000860189,0.021742144
VEGFA,285.4768839,0.390459498,0.173816183,0.000868913,0.021916134
RAP2A,6023.193279,-0.172131142,0.06764632,0.000895423,0.02253702
DNPEP,1341.895216,0.245441932,0.103039571,0.000906217,0.022722558
GRIPAP1,2368.681629,0.158748344,0.06038917,0.000908521,0.022722558
PSTPIP1,1020.723374,0.239538323,0.099510148,0.000907873,0.022722558
ABI2,841.9440585,-0.24831609,0.104691929,0.000924301,0.023020499
TOMM40,4021.072303,0.135003648,0.049513245,0.000923736,0.023020499
SEC24B,1260.948499,-0.150867118,0.057108521,0.000954102,0.02371312
LYRM7,506.3448026,-0.29032281,0.126786292,0.000966936,0.023982032
EVI2B,5707.349233,-0.178209426,0.070449889,0.000972059,0.024009039
RHOT1,1586.488797,-0.143686837,0.053813154,0.000970972,0.024009039
KCTD12,13225.00364,-0.120620596,0.042483663,0.000983286,0.024236077
UCK2,1008.934996,0.279215591,0.121473598,0.00098763,0.024292847
IL6R,3219.704726,-0.16921411,0.066884737,0.001005492,0.024630424
KCP,1503.446084,0.205384676,0.084301702,0.001004195,0.024630424
LMBRD1,2302.433313,-0.175091428,0.069071127,0.001024315,0.025039968
STRADB,490.9040134,-0.265391992,0.115831268,0.001036042,0.025274752
SCPEP1,4662.269405,-0.123635045,0.045061165,0.001051269,0.025593772
LPCAT4,784.114752,0.222230179,0.093708671,0.001064567,0.025864632
MGAT4A,3333.823444,-0.206838642,0.086263769,0.00107719,0.026118011
TASL,1008.828825,-0.166270156,0.065754633,0.001091757,0.026417415
EXOSC4,695.1427027,0.177758589,0.071558191,0.001106802,0.026512026
HMBS,492.6060355,0.234999266,0.100669005,0.001106799,0.026512026
IDH2,5232.81264,-0.138647656,0.052130331,0.001103838,0.026512026
LPAR5,2502.539538,-0.180994938,0.07318083,0.001100288,0.026512026
RTTN,485.0504215,-0.273790881,0.121032688,0.001099036,0.026512026
CYP2U1,207.3808297,-0.28838107,0.128586495,0.001124789,0.026696117
DDX11,1194.580349,0.194375523,0.08009016,0.001121533,0.026696117
LBH,170.1905461,0.379733718,0.177738519,0.001119944,0.026696117
LRMDA,232.8033905,-0.361604735,0.168710068,0.001121724,0.026696117
LZTS3,238.6961524,0.260754248,0.114700303,0.001125699,0.026696117
SIRT6,880.3170741,0.176133458,0.070542086,0.001128023,0.026698036
APOBEC3C,2286.986687,-0.141930253,0.054337471,0.001147089,0.027095421
CYGB,511.9420145,-0.221939023,0.095265209,0.001156447,0.027208491
MEGF6,3930.859447,0.208607922,0.088047889,0.001154977,0.027208491
SEMA4A,311.6915172,0.387509697,0.182039938,0.001160186,0.027242641
ZNF697,784.27314,0.213007324,0.09034134,0.001168268,0.027378404
SCN9A,741.6199385,-0.232058307,0.100625184,0.00117224,0.027417511
ACLY,4956.896639,0.158832536,0.063731982,0.001209292,0.027954231
CD58,1163.024986,0.205823781,0.08708845,0.001207071,0.027954231
CEBPA,15072.0668,-0.256866932,0.113215623,0.001206634,0.027954231
PEA15,12511.13096,0.104492765,0.037276096,0.001205615,0.027954231
TMEM165,3710.462679,0.128525927,0.048169185,0.001198769,0.027954231
UNK,1644.928153,0.180312896,0.073871475,0.00120521,0.027954231
USP38,990.1395558,-0.197781056,0.083243972,0.001211624,0.027954231
KHDRBS3,326.5531332,0.364149501,0.172582592,0.001220062,0.028094059
NECTIN4,493.1768168,0.27243694,0.123085621,0.001224764,0.028094059
TUBA4A,78.56721065,0.576328641,0.288653236,0.001222884,0.028094059
GFOD1,1018.242052,0.169287208,0.068479332,0.001228932,0.028135453
AXL,6413.033993,-0.193145953,0.081959125,0.001235925,0.028196681
DAZAP1,4362.693419,0.167526893,0.066505897,0.001236343,0.028196681
CHST2,956.6208427,0.233418958,0.102261916,0.001238744,0.028197412
NDUFB5,2237.330045,-0.154844426,0.061401095,0.0012524,0.028453867
EYA2,566.936323,-0.217567465,0.094340421,0.001263009,0.028640241
GPR68,496.8487296,0.246877376,0.109897086,0.001266289,0.028660014
BTG2,3683.482772,-0.17840066,0.074224748,0.00129711,0.029246398
CD74,25622.12396,-0.150709015,0.060072849,0.001296907,0.029246398
METRNL,2703.784792,0.177596631,0.073461227,0.001309714,0.029474749
NAIP,2328.378103,-0.180807058,0.074676354,0.001320943,0.029559834
NPL,4281.968498,-0.132397816,0.050725368,0.001319407,0.029559834
SLC44A2,3003.568812,-0.156433433,0.062786538,0.00131604,0.029559834
ENO3,560.5580608,0.243137103,0.108952411,0.001325597,0.029608323
GPC4,6794.395208,0.185952319,0.078070359,0.00133228,0.02970186
ARHGEF6,1909.611278,-0.130263772,0.049757475,0.001336709,0.029744887
ITSN2,2890.722826,-0.118310807,0.044116171,0.001351204,0.030011341
AGL,886.0822261,-0.181887767,0.076521338,0.001377174,0.030531212
SYP,458.1796366,0.2350273,0.105474445,0.001390976,0.030779863
TBC1D2,4508.009877,-0.129842992,0.050445823,0.001396677,0.030848674
VPS54,890.4500521,-0.167191901,0.068738988,0.001406213,0.031001799
SH3GLB2,1460.038227,0.152964089,0.061436371,0.001412066,0.03101595
TRAM2,1070.376821,-0.162670963,0.066734163,0.001411662,0.03101595
MT-CYB,110538.8642,-0.138251464,0.054647001,0.001423346,0.03120615
ANKS3,279.0823454,0.305403157,0.146433415,0.001448634,0.031568865
C18orf32,603.2251597,-0.310134001,0.149111494,0.0014461,0.031568865
IRAK1,9839.023001,0.091570264,0.032389075,0.001446063,0.031568865
PCLO,242.0532837,-0.418237448,0.213559653,0.001450497,0.031568865
CDS1,378.6161967,0.251276815,0.115766334,0.001467622,0.031883283
LETM1,1663.775412,0.247933367,0.113765544,0.001473455,0.031951708
TK2,2291.578736,-0.177383746,0.075097452,0.001479202,0.032018008
USF3,886.3681661,-0.273739048,0.129644662,0.001490826,0.032211045
TAX1BP1,4193.44272,-0.138917618,0.054905493,0.001497756,0.032302139
ARHGAP25,2200.733715,-0.147225479,0.059335092,0.00150379,0.032373642
CNIH3,957.2401025,0.207971473,0.092372862,0.001519318,0.032648873
MCL1,12819.47296,0.16372801,0.065264729,0.00152252,0.032658743
DDA1,1724.055963,0.164057871,0.071494576,0.00154251,0.033028023
TRIM54,84.94621657,0.438284489,0.224246988,0.001550505,0.033139605
SLAMF7,949.9035366,0.222405336,0.100905628,0.001557983,0.033189762
SLC31A1,7476.062433,-0.112392598,0.042243069,0.001558427,0.033189762
DPP4,3664.370974,-0.163714274,0.069910977,0.001568209,0.033297963
WDR74,768.3020808,0.162977999,0.067968369,0.001569102,0.033297963
SHC3,211.9817249,0.392433316,0.201360607,0.001572439,0.033309403
CKAP4,1558.95834,0.173823237,0.074288761,0.001578026,0.033368382
COPG2,604.1828749,-0.18343752,0.07953085,0.001583223,0.033389675
EIF3L,5397.137083,-0.144725793,0.058078447,0.001590252,0.033389675
RTEL1-TNFRSF6B,383.5985695,0.335534572,0.166872407,0.001587247,0.033389675
USP22,6151.43175,-0.101301637,0.0371369,0.001589318,0.033389675
GPRIN3,8408.293165,-0.137804223,0.055639713,0.00160139,0.033505353
RASSF1,1810.264048,0.127409135,0.049577298,0.001600342,0.033505353
GIMAP4,2988.569997,-0.138641188,0.055337979,0.00160933,0.033553536
HMGN2,9915.435115,-0.160113578,0.067213308,0.001607266,0.033553536
MGST2,803.654481,-0.185134961,0.080681377,0.001622931,0.033777964
PHLDA1,2263.401771,0.161332583,0.067517713,0.001640285,0.034079566
SORL1,8225.775531,-0.200102933,0.088291159,0.001657398,0.034375126
SQSTM1,15379.0251,0.141340819,0.056980911,0.001660747,0.034384686
DUSP3,4361.907145,-0.11717741,0.045066017,0.00168424,0.034810541
RAB2A,3064.779656,-0.122340182,0.047506309,0.001689959,0.034868228
C3,43519.86801,-0.158267229,0.067042155,0.001698338,0.034980472
MICAL2,1401.221212,0.175995359,0.075892638,0.001703865,0.035033693
ZFHX3,3877.819943,-0.13962216,0.056548309,0.001712765,0.035155972
BBS2,718.4067164,-0.156997157,0.065993792,0.001768582,0.036239182
RNF19B,2003.185583,0.140442726,0.057013192,0.001781421,0.036439556
CELF6,194.8468456,-0.393226167,0.208163684,0.001800407,0.036764736
PLAU,2621.20758,0.162612725,0.069437933,0.001820032,0.037101848
CCL7,366.1872976,0.816140306,0.472026865,0.001829109,0.037223157
CDKN2A,2074.370585,0.139598915,0.056929776,0.0018473,0.037529202
CYTH3,2544.404724,-0.217539002,0.102083828,0.001858456,0.037691514
OPRL1,427.944808,-0.206114214,0.096853013,0.001863886,0.037737353
CCL20,61.49128205,0.505769893,0.280637497,0.00187259,0.037849211
NOP56,2315.096967,0.135746701,0.055119445,0.00188311,0.037997336
FJX1,415.1721403,0.209683962,0.097211607,0.001899797,0.038269172
TM4SF19,2121.219151,0.188434344,0.084970184,0.001908083,0.038371172
ARFIP1,1095.550839,-0.166068203,0.07215653,0.001917828,0.038502103
MARS1,6603.553213,0.136759035,0.055862211,0.001924107,0.038563117
CTR9,2168.064027,-0.16632414,0.070980285,0.001941508,0.038781292
HDAC9,698.1736723,-0.244657682,0.119839601,0.001938433,0.038781292
NECTIN2,3353.612325,0.12256851,0.048525077,0.001949905,0.038883791
CRAMP1,1154.922542,0.255038375,0.126349645,0.001964641,0.038916893
RTL5,719.3980708,-0.220486109,0.10483099,0.001961512,0.038916893
TSPAN13,2639.927585,-0.16987096,0.075311465,0.001955253,0.038916893
TUBB4B,3264.550996,0.155473348,0.066660373,0.001958258,0.038916893
SELENOI,1065.172265,0.178705142,0.079790655,0.001968173,0.038922099
CCND3,1202.361969,0.208582958,0.096910103,0.001993147,0.039350601
IL27RA,982.9277072,0.166058472,0.072577074,0.002028077,0.039953303
WFDC21P,176.807335,0.340611331,0.182752082,0.002030386,0.039953303
NCAPG,1242.609351,0.143115914,0.060027228,0.002061159,0.040362974
PI4K2A,6947.542835,-0.102255166,0.03870589,0.002060856,0.040362974
SRSF2,4241.620371,0.112321935,0.044053073,0.002063388,0.040362974
TLCD3A,197.9620134,0.350208375,0.190913096,0.002064767,0.040362974
SLC12A8,210.1716978,0.316417615,0.168419996,0.002081444,0.040622276
MYCBP2,3462.821442,-0.121726351,0.048837631,0.002095072,0.040821321
CSF2RB,2813.966095,0.138483256,0.057856518,0.002114511,0.041132761
CFTR,127.1971107,0.518625462,0.305222796,0.002119647,0.041165407
HK2,3681.09058,0.129716416,0.052586895,0.002127095,0.041242783
TUBB,19057.36014,0.132141741,0.05447989,0.002143407,0.041491473
RIN1,374.0542327,0.254660786,0.129018499,0.002183617,0.042201228
PJA2,4335.879132,-0.136377707,0.056739891,0.002189293,0.042242361
AHNAK,20822.69351,0.16520731,0.07368459,0.002220041,0.042766318
SCG5,386.5266355,0.359873541,0.202791306,0.00224281,0.043135147
ADAM15,1949.935085,0.1881595,0.087728584,0.002246987,0.043145775
KCNAB1,158.6993869,-0.357297634,0.199014323,0.002255883,0.043246846
EXOG,327.0092492,0.209089881,0.100775771,0.00226023,0.043260504
KCNC3,1216.810922,-0.155771012,0.068521338,0.00226818,0.043273531
TWNK,476.8159105,0.205422723,0.098613382,0.002266223,0.043273531
MAP3K10,638.7184799,0.166617171,0.07474374,0.002291822,0.043601754
TTC7A,6756.774234,-0.166341931,0.073229784,0.002292709,0.043601754
CBARP,80.34690538,0.474423605,0.278458516,0.00232919,0.044224886
USP9X,5537.965707,-0.110668215,0.044090716,0.002371597,0.044958372
PICALM,9053.664655,-0.144160105,0.061565531,0.002384109,0.045055253
TUBG1,1200.522936,0.157927344,0.070205379,0.002384276,0.045055253
IL4I1,3240.361476,0.1656268,0.075003994,0.002402316,0.045324202
PTK2,905.5691834,0.264867868,0.140567903,0.002430512,0.045783622
CARD9,1796.691717,0.155410991,0.069825118,0.002451796,0.045894083
GUCY1A1,124.3131341,-0.352732089,0.20254537,0.002449326,0.045894083
PDLIM4,1709.979225,0.166813558,0.075969202,0.002449341,0.045894083
RNF141,842.3830673,-0.198607928,0.09683484,0.002444726,0.045894083
CDH23,629.8481787,0.218018104,0.108205237,0.002480546,0.046286676
PKD1,1741.469203,0.21394463,0.106336556,0.002480189,0.046286676
FXYD6,392.6616684,0.254102313,0.13377658,0.00248866,0.046365409
ITPRIP,2189.07637,0.153412078,0.06797281,0.002494581,0.046400074
MPDZ,1551.758183,-0.227147214,0.1146069,0.002502213,0.046400074
PAQR5,1831.330739,0.186934141,0.08892822,0.002500393,0.046400074
SOX4,890.2611663,0.18091222,0.085416502,0.002534932,0.04693369
EMILIN2,6739.808809,0.144601056,0.063196286,0.002555952,0.047198593
NUPR1,9717.364769,-0.17973249,0.0848822,0.002557169,0.047198593
KIFC3,4260.381888,0.14337097,0.062460849,0.002573613,0.047355283
OSBPL11,2844.269715,-0.122850471,0.050985214,0.002571274,0.047355283
ENO1,33372.84721,0.162541522,0.075130702,0.002597443,0.047720007
CREBL2,4231.395809,-0.132927312,0.056790124,0.002606705,0.047769825
UNC13D,1167.557185,0.181383297,0.085756213,0.00260818,0.047769825
PUF60,2599.667034,0.119534402,0.048945995,0.002620132,0.047915007
SERPINB9,561.6394008,0.245050769,0.129926268,0.002628947,0.048002469
AGO1,3687.5815,-0.130169555,0.055186096,0.002643294,0.048116844
MYBPH,1044.183772,-0.195874843,0.096613922,0.002642386,0.048116844
PHLDA2,95.89473304,0.429086001,0.263928874,0.0026481,0.048130739
CARD6,1267.676158,-0.146852176,0.065098691,0.002668806,0.048433127
HSP90B1,22650.97212,-0.154703932,0.069972025,0.002676056,0.048490794
SERINC5,1409.358352,0.138768071,0.06019445,0.002710788,0.049045489
GBA1LP,117.8503435,-0.356576978,0.213121286,0.00271723,0.049087449
KANK1,419.5939009,0.227900813,0.119071398,0.002733592,0.049308208
PPP2R5A,1061.939166,-0.139762278,0.061213862,0.002742587,0.049395608
BIRC3,209.2694448,0.263068732,0.145283075,0.002787714,0.050060494
PRKCE,176.5985636,0.314779188,0.18452401,0.002787913,0.050060494
PPIF,3583.558073,0.153643323,0.069850199,0.002797873,0.05016368
ACSL5,585.9220141,0.188515205,0.092839499,0.002835506,0.050761958
PFN1,35530.3458,0.109900581,0.043926492,0.002848526,0.050842126
RGCC,7096.093376,0.108161259,0.043796015,0.002844691,0.050842126
CCND2,756.0798509,0.156680151,0.072362839,0.002863759,0.050961218
PNMA8A,678.7375595,-0.168612342,0.07957262,0.002859848,0.050961218
CLK1,1773.333636,-0.259550644,0.141332627,0.002872012,0.051023683
ZDHHC16,1046.822318,0.14611603,0.065212602,0.002875841,0.051023683
GABPA,1291.167854,-0.13896946,0.060876924,0.002893593,0.051262238
ENPP4,442.8906055,-0.195980585,0.098993922,0.002945004,0.052023792
SNAI3,1013.568785,-0.19546218,0.100567209,0.00294532,0.052023792
AIRIM,310.1254649,0.226861607,0.121446977,0.00297922,0.052419604
CSRNP1,536.2420307,0.191138891,0.096027669,0.002980938,0.052419604
PIMREG,222.1645548,0.245166189,0.133289754,0.002972171,0.052419604
ASAH1,31212.19491,-0.125792779,0.054252721,0.002988568,0.052476256
CTSS,31709.38998,-0.130508536,0.057773887,0.003030166,0.053050187
HAVCR2,8133.139594,-0.092477347,0.036501835,0.003026649,0.053050187
CCL4,181.782863,0.35077493,0.220317967,0.003036057,0.053075275
NINL,917.8836046,0.157290942,0.072593431,0.003044895,0.053151721
KLHL7,544.7272035,-0.178174728,0.087864561,0.003058484,0.053310763
SLC8A1,4214.800298,-0.136922674,0.064137832,0.003069171,0.053340852
TDRD6,2084.880118,-0.191373351,0.100258726,0.00306887,0.053340852
GTPBP1,1988.357089,0.174949196,0.085706193,0.003086894,0.053492691
SUCLA2,895.2445164,-0.15358981,0.071202567,0.003086644,0.053492691
CARD19,2432.060525,0.143491792,0.06483503,0.003099349,0.053552619
ITGAV,13757.54244,-0.125587757,0.054947404,0.003096682,0.053552619
PAPSS2,1551.738915,0.161689943,0.076992566,0.003162828,0.054570249
ARHGAP17,3271.648218,-0.121135205,0.051885442,0.003173325,0.054672112
CCL8,109.3121991,0.820304881,0.644271282,0.003201359,0.055075401
ILF3,7805.449606,0.114120719,0.048056113,0.00323198,0.05552197
GLB1,6394.351254,-0.106225995,0.043558893,0.003244342,0.055549829
NFKBIA,2696.979265,0.1336881,0.059374275,0.0032476,0.055549829
TBC1D4,2692.441893,-0.209090961,0.110126046,0.003246985,0.055549829
OXA1L,5069.906325,-0.095126541,0.037944289,0.003259171,0.055667769
RHOC,4624.039084,0.126747829,0.055398665,0.003296195,0.056219489
SKAP2,2870.543347,-0.139487524,0.062898887,0.00330225,0.056242184
GM2A,22757.03458,-0.09446221,0.038172124,0.003322692,0.056476425
ZNF124,660.803556,-0.171061533,0.084453488,0.003325491,0.056476425
JAML,229.5366246,-0.25516408,0.148558176,0.003336441,0.056581659
KIF26B,67.34409745,-0.043261835,0.086177073,0.003342487,0.056603565
MYBBP1A,1670.21692,0.20725474,0.106423641,0.003351161,0.056665452
RNASEL,621.9660433,-0.159617808,0.076977415,0.003355661,0.056665452
ITPRID2,3155.818599,-0.119890447,0.051637235,0.003372641,0.05687152
ARHGAP27,2867.333682,0.158965311,0.075362105,0.003448476,0.057750436
CAVIN1,2043.452674,0.164763,0.080699097,0.003448115,0.057750436
CD68,48150.39779,-0.14594594,0.068031458,0.003449018,0.057750436
MAFB,11162.49133,-0.124574879,0.054544912,0.003436473,0.057750436
RAB7B,918.5054993,0.168510977,0.083183308,0.003448719,0.057750436
TNF,78.39373397,0.388042558,0.263797376,0.003457676,0.057814084
CBX7,540.3915434,-0.202091375,0.108483849,0.003464988,0.057855094
APBB3,891.1982493,0.213507612,0.116441977,0.003469958,0.057856928
MSH3,644.44197,-0.171796259,0.085902783,0.003479411,0.05793341
CCNG1,2021.754496,-0.172643754,0.086795545,0.003494812,0.058108571
AOAH,1114.55368,-0.156610756,0.07567986,0.003526985,0.058561725
DMXL2,8011.270592,-0.111649672,0.047121029,0.003538013,0.058663012
DVL1,1075.165799,0.190296773,0.099428578,0.003560407,0.058788688
XYLT1,1254.687868,-0.204750741,0.111243847,0.003555979,0.058788688
ZFTA,558.256095,0.195560007,0.103728634,0.00355452,0.058788688
MBNL3,800.7427507,-0.18200797,0.094687042,0.003595052,0.059226032
SNAPC4,859.7419625,0.174439523,0.088241053,0.003596843,0.059226032
ADAMTS14,79.7380119,0.35711087,0.243825823,0.003618375,0.05925276
ATP6V0A1,6459.796729,-0.096535987,0.043914149,0.003613097,0.05925276
PAPLN,1296.763386,0.186393166,0.097242681,0.003607319,0.05925276
WWP1,1442.637881,-0.162070283,0.078967146,0.003615971,0.05925276
EDEM3,2194.169586,-0.126705286,0.056482569,0.00363885,0.059506193
LY86,1858.621196,-0.133776233,0.061757019,0.003653357,0.059661481
LGI2,116.424683,-0.395979729,0.286336136,0.003665798,0.059782636
MCF2L,204.5706151,-0.307050895,0.200268333,0.003681091,0.059949916
CTDSPL,395.1405562,-0.220921678,0.125584078,0.003703639,0.060216683
GPR82,1141.69364,-0.207639169,0.115154464,0.003712646,0.060216683
SLC45A3,895.3105304,0.161412784,0.079308429,0.003710657,0.060216683
HECTD2,469.4951904,-0.223466025,0.127566997,0.003736336,0.060224951
MGAT5,2868.618798,-0.171663307,0.087402402,0.003738449,0.060224951
MOV10,3083.344144,0.155727966,0.075914564,0.003738199,0.060224951
PPP4C,3644.188228,0.117638371,0.050853682,0.00371967,0.060224951
SNX7,731.4286434,-0.152855727,0.073855865,0.003736652,0.060224951
SNCG,94.77318245,0.371544398,0.264808135,0.003747178,0.060283994
CACFD1,198.4837351,-0.259232529,0.15958178,0.003752742,0.060292032
STAC,1573.991117,-0.151792928,0.073298012,0.003763097,0.060376908
GLMP,2858.341491,-0.102681599,0.042795995,0.00379286,0.060772548
METTL21A,282.7825699,0.203829267,0.112812453,0.003803776,0.060865524
BTG1,7306.424849,-0.181595579,0.095012995,0.003853507,0.061424957
SCP2,2960.878676,-0.161341221,0.078925798,0.00385414,0.061424957
SETD2,2487.087061,-0.110669305,0.047436704,0.003854216,0.061424957
GCLC,3578.176045,-0.125263254,0.056292418,0.003863304,0.061487478
AKAP8,1339.277383,0.172993257,0.088618255,0.00388078,0.061683164
AP1B1,18755.82739,-0.136981801,0.062300452,0.003890296,0.061751957
SLC2A3,1190.955978,0.204014104,0.113649484,0.003900504,0.061831556
APMAP,6366.817973,-0.125888185,0.058523449,0.003964613,0.062597761
SLC26A6,831.5166773,0.193070398,0.105088503,0.003957277,0.062597761
TRIP6,1400.000885,0.119669612,0.052668885,0.003961519,0.062597761
TESK2,654.935849,-0.19476748,0.107681721,0.003988377,0.062889579
CD82,3641.17684,0.175177729,0.091723994,0.004010009,0.063147037
LILRB1,1461.153096,0.151737416,0.07433479,0.004031182,0.063312957
MYO1D,2757.043535,-0.114141058,0.049899388,0.004029144,0.063312957
ACP2,8013.359654,0.123360269,0.055901373,0.004042751,0.063411008
FNDC3B,5912.965062,0.103373775,0.043593917,0.004059975,0.063430451
SESN3,144.5926918,-0.331924528,0.238887417,0.004058248,0.063430451
TRAP1,3311.870766,0.112821776,0.049009144,0.004055965,0.063430451
ST6GALNAC4,1681.438059,0.145993102,0.070438097,0.004074156,0.063568582
BCAS3,527.5044759,-0.188390025,0.103153483,0.004092587,0.063772569
CIB1,2120.618493,0.111578886,0.048468927,0.004110526,0.063968374
SSH2,1936.79711,-0.145197721,0.07083747,0.004143889,0.064403389
H2AC19,710.531323,0.206864815,0.118743015,0.00418997,0.065004986
MT-ND4L,11886.73773,-0.162855929,0.082911658,0.004193518,0.065004986
TNKS2,3057.5401,-0.113087732,0.049421752,0.004206084,0.065114989
PVR,1754.209811,0.138096967,0.065618614,0.004217349,0.065204604
HMMR,832.2345951,-0.202476485,0.116175362,0.004230775,0.065327335
HADHB,3835.026246,-0.120690659,0.054661172,0.004252918,0.065584189
DNMT3A,1943.937646,0.194038227,0.107933886,0.004264889,0.065683697
THEM6,1298.22988,-0.153253408,0.077049073,0.004289581,0.065978628
BCAR1,573.9731859,0.189781329,0.105222893,0.004303708,0.066008689
GJB2,867.1259918,-0.203099487,0.117487741,0.004313714,0.066008689
IGSF3,69.64339791,0.41548132,0.342194854,0.004310228,0.066008689
MYO1C,3883.734078,0.154031096,0.077248223,0.004299389,0.066008689
HBP1,2290.881003,-0.132058514,0.062008643,0.004335395,0.066177575
PDF,411.6233768,0.204841779,0.119168703,0.004342316,0.066177575
PPP5C,1995.960421,0.139934152,0.067340196,0.004346986,0.066177575
SORBS1,97.37424773,0.313939648,0.228918142,0.004346719,0.066177575
RNF11,1681.62277,-0.138525322,0.066779831,0.004357836,0.066258036
TFAP2C,118.6470096,0.285275343,0.194957071,0.004377829,0.066392421
UFD1,1552.160447,0.129623798,0.060020181,0.00437566,0.066392421
SEC23IP,2169.00884,-0.161794421,0.083695354,0.004393299,0.066523633
SRPRB,1265.567572,0.164503283,0.085313199,0.004397656,0.066523633
TAB3,929.9460582,-0.132896331,0.062812608,0.004410793,0.066637685
LRWD1,569.3514559,0.167230419,0.087768961,0.004441918,0.067022849
UNC13B,1448.900937,-0.112031048,0.049238634,0.004449669,0.067054828
ACVR2A,497.0539635,0.203728233,0.118390387,0.004463272,0.067174787
LILRB3,623.7222949,0.166259839,0.087606668,0.004497911,0.067610645
TIPARP,680.9191514,-0.157124289,0.080616042,0.004512427,0.067743306
NOP2,1354.992404,0.163446338,0.085153117,0.004528037,0.067892038
FGL2,599.377754,-0.18247946,0.101296541,0.004534824,0.067908275
HNRNPAB,4747.535157,0.127360414,0.059351575,0.004541135,0.067917348
MOSPD3,434.4485738,-0.191407858,0.108235183,0.004562009,0.068058539
PTPRO,3189.472855,-0.111652757,0.050120026,0.004556996,0.068058539
CNOT9,1460.033601,0.122354179,0.056070803,0.004602318,0.068086114
CTTNBP2NL,1237.668604,-0.13020583,0.06146299,0.00457695,0.068086114
DSTYK,662.4239186,-0.142687263,0.070480297,0.004599834,0.068086114
GPR65,1577.824131,-0.154496634,0.079123014,0.004603891,0.068086114
MMP10,183.1668477,0.256464177,0.171797951,0.004573829,0.068086114
TNFRSF10B,2734.604249,0.111266224,0.049242395,0.004603721,0.068086114
UCHL1,1887.361839,0.159568308,0.083853588,0.004599193,0.068086114
SAMHD1,25088.85695,-0.085562263,0.033998725,0.00461229,0.068125702
MSRB1,549.5424955,-0.161057674,0.084941564,0.004619371,0.068145746
ABCB9,548.2220169,-0.192935747,0.112538851,0.004625619,0.068153458
ARL8A,3222.734781,0.128900544,0.060828663,0.004672735,0.068662741
LGALS1,16377.03101,0.137531992,0.065952691,0.004677487,0.068662741
QTRT1,598.2288575,0.157132846,0.081214896,0.004675248,0.068662741
CSKMT,86.07299278,0.336906399,0.273182663,0.004698024,0.068879284
TTC3,4530.689406,-0.139363922,0.070691572,0.004727794,0.069230495
ATP6V0D1,10502.92192,-0.101281571,0.04377153,0.004748545,0.069448927
SPIN1,3500.728303,-0.128032222,0.060228217,0.004761364,0.069550965
HIVEP3,1753.084575,0.194091139,0.113197075,0.004776305,0.069677726
UGP2,3044.665074,-0.113817413,0.051710736,0.004781747,0.069677726
ANXA1,16746.25972,0.141418418,0.070213565,0.004801122,0.069789198
TRMT2A,1845.350452,0.156462862,0.081533819,0.004796444,0.069789198
ATAD3A,1301.650665,0.136700429,0.06659354,0.004828854,0.070106712
ARHGAP22,1180.348508,0.136936813,0.066852278,0.004835107,0.070111992
ABCC5,2758.73525,-0.170694099,0.09501449,0.00490426,0.070987687
DICER1,3923.69092,-0.099012844,0.042913281,0.004907423,0.070987687
LPAR6,2048.039097,-0.157866765,0.083260417,0.004920018,0.071083505
ACADM,3491.571967,-0.132661564,0.064707888,0.004978584,0.071152508
BHLHE40,3410.029925,0.108729641,0.048332405,0.00495393,0.071152508
CIRBP,4885.745997,0.10328373,0.045143334,0.004962688,0.071152508
CNIH4,1441.696265,0.151711267,0.078523357,0.004975367,0.071152508
GTF2IP4,1203.061125,-0.174589878,0.097345272,0.004956318,0.071152508
KLF4,880.7329074,-0.154292004,0.081572952,0.004948999,0.071152508
SAMSN1,1991.219388,-0.176053996,0.098945059,0.004976808,0.071152508
STYXL2,69.4940856,-0.355591513,0.310581733,0.004967122,0.071152508
UBE2S,1797.55082,0.172969148,0.095219167,0.004951786,0.071152508
MRPS6,5554.883208,0.167744713,0.091614482,0.005026577,0.071698241
TAMALIN,114.1192172,0.358062677,0.316607064,0.005028814,0.071698241
APPL2,766.6991127,-0.167211452,0.092732605,0.005047111,0.071873036
PALM2AKAP2,182.5995347,0.365488466,0.340310876,0.00505535,0.071904349
CCDC28A,645.8157587,-0.157814547,0.083785323,0.005076121,0.072038175
TUBGCP2,3096.241526,0.125477519,0.059546253,0.005076861,0.072038175
LILRA6,882.9929172,0.15315614,0.079852472,0.005094045,0.072195961
LANCL1,711.9060451,-0.150002589,0.077818532,0.005132693,0.072657209
DIP2B,3062.532644,-0.104026396,0.045916292,0.005140886,0.07268676
ATOSA,707.2969214,-0.154487869,0.081536398,0.005154389,0.072704979
FOXN3,2697.743035,-0.143555206,0.074259306,0.005152938,0.072704979
MDH1,4689.437687,-0.131622485,0.064146621,0.005176918,0.072936341
TBL3,942.0135536,0.191381879,0.114196545,0.00518751,0.072999183
MAP3K14,888.9003616,0.15849744,0.085012836,0.005232493,0.073545252
DPYSL2,6536.919333,0.150245581,0.078733659,0.005250151,0.073608512
HIC1,112.2788509,0.319126254,0.27501989,0.005253863,0.073608512
TRIM3,364.9539871,0.196735186,0.121409517,0.005255543,0.073608512
DHX34,967.3829753,0.155840426,0.082705047,0.005268187,0.073632839
PRR11,1442.415437,-0.127509715,0.062942087,0.00526965,0.073632839
CLMN,850.4977667,0.194017162,0.117945274,0.005311154,0.073700649
RBPJ,3946.235368,-0.134146711,0.066017468,0.005292601,0.073700649
SAP130,961.4587778,-0.155796191,0.08449591,0.005284239,0.073700649
SLC16A3,27293.1419,0.119294511,0.05232248,0.005301354,0.073700649
SLC41A2,1126.078338,0.17026192,0.0938348,0.005311647,0.073700649
UNC5B,1406.76596,-0.162453306,0.089422789,0.005306577,0.073700649
ADK,1065.333741,-0.140399256,0.071680846,0.005330184,0.073871762
DYNC2I2,698.1733596,0.160150053,0.086369357,0.005339647,0.073916863
ATP2B2,216.1814518,0.237165029,0.165558049,0.005357517,0.074078093
P3H2,933.9361652,0.320832318,0.285573379,0.005392212,0.074385032
SLC20A2,1020.837121,-0.134423468,0.067209515,0.005391793,0.074385032
ACOT9,1498.227631,0.128068282,0.062561471,0.005490396,0.075627464
AIFM2,774.322917,0.154956234,0.082754382,0.005494982,0.075627464
DDX60L,4719.693195,0.161565905,0.085889627,0.005510644,0.075755444
TUBA8,370.1285689,-0.229662827,0.159698617,0.005541675,0.07609417
APPL1,3112.511102,-0.124029061,0.05840282,0.00558541,0.076606345
CCDC112,494.3686019,-0.221882232,0.15859084,0.005606716,0.076810071
FAM219A,739.0749899,0.143699526,0.074747441,0.005664222,0.077242336
PXN,4863.357752,0.127831189,0.063337229,0.005650931,0.077242336
SLC35F2,593.6088575,0.153580205,0.082857371,0.005656578,0.077242336
SRSF9,3786.880745,0.09870344,0.04349171,0.005659713,0.077242336
DEPDC5,992.4467212,0.168018189,0.096161291,0.005761037,0.078472704
SLC39A14,486.4831645,0.195126679,0.123128753,0.005771348,0.078523319
SPTBN5,322.3118388,0.258471753,0.204989636,0.00582546,0.079169072
CILK1,395.3925563,-0.178901587,0.107058873,0.005834021,0.079195009
KIAA1614,397.1321596,-0.189724092,0.118222998,0.005867476,0.079558431
BBS10,580.7154653,-0.183316368,0.111988494,0.005878753,0.07962065
GTF2IRD1,436.391332,0.217591048,0.149815285,0.005888236,0.079658467
ACOT11,1005.950897,-0.133021789,0.067321593,0.005907023,0.079731419
AP3M1,1779.875035,-0.120006376,0.058357327,0.005904432,0.079731419
POLD3,665.928458,-0.135943998,0.069859175,0.005915078,0.079749721
FZD1,550.7217371,-0.173725276,0.103240779,0.005950218,0.08013275
NRDE2,756.6800247,-0.160009977,0.090277613,0.005989956,0.080435506
SLC25A28,791.0712236,0.14073912,0.073597454,0.00599172,0.080435506
UVSSA,1092.738221,0.171092096,0.100432018,0.005992969,0.080435506
ALKBH7,952.0621424,-0.123490497,0.060481485,0.006019641,0.080702509
SLC22A5,277.7825828,-0.223996489,0.162817131,0.006079152,0.081382777
TFDP2,688.4105124,-0.217114233,0.154731271,0.006084055,0.081382777
BACE1,3081.685697,-0.143895162,0.07692485,0.006120059,0.081589366
FAM120C,385.0604854,-0.172053315,0.102661019,0.006119621,0.081589366
ZNF362,1130.094581,-0.15841018,0.088958487,0.006117753,0.081589366
RHBDF2,3047.515182,0.139175616,0.07271686,0.00614252,0.081797205
SREBF1,3533.891477,0.174308346,0.104533762,0.006152024,0.081832225
RILP,627.8863963,0.15336132,0.08516132,0.006191621,0.082267023
PLEKHF2,819.8072159,-0.149935725,0.082783112,0.006222561,0.082585944
GOLIM4,3442.857706,-0.123358307,0.060685675,0.006242503,0.082758351
MED22,1079.158264,0.13344182,0.068236078,0.006273006,0.083070234
TACC3,2874.395814,0.121500036,0.060012892,0.006280515,0.083077262
ATP1B1,4201.932209,-0.126413896,0.062600291,0.006289479,0.08308851
SF1,6195.053629,0.111242768,0.052428415,0.006295324,0.08308851
VPS45,1068.608533,-0.144813829,0.078510419,0.006307851,0.083161645
POU3F1,73.7994875,-0.052272633,0.097192891,0.00634859,0.083606153
ORC4,606.7532678,-0.195526369,0.138032155,0.006358332,0.08364192
HS2ST1,2624.942542,-0.124698215,0.061101109,0.006370714,0.083712303
STARD4,1096.313657,0.165949848,0.098153744,0.006414013,0.084188339
MS4A14,839.8060114,-0.15260581,0.086826569,0.006422583,0.084207986
RRAGD,2525.974217,-0.135179872,0.070676313,0.006435143,0.084279844
ABCC4,1168.306665,-0.146728294,0.081011793,0.006484518,0.084785009
ATP8B2,474.5145524,0.20246862,0.139569503,0.006494785,0.084785009
CNOT1,6560.257207,-0.124201599,0.062413075,0.006502202,0.084785009
ELF2,784.9324365,-0.14087264,0.074755915,0.006498608,0.084785009
AGRN,7895.968217,0.162353232,0.093382334,0.00654256,0.084871751
CPSF4,836.1606642,0.147464557,0.081209906,0.006530241,0.084871751
EXOSC2,533.5054516,0.185246065,0.12006349,0.0065445,0.084871751
HSDL2,823.2105044,-0.159234108,0.09342897,0.006539013,0.084871751
ITPR2,5087.709784,-0.134160561,0.068823747,0.00652349,0.084871751
ADGRE5,5670.582738,0.119051238,0.05910913,0.006559404,0.084880114
GALNT10,1873.606686,-0.158839599,0.093306136,0.006554797,0.084880114
C12orf76,405.6605937,-0.159619456,0.092763022,0.006590781,0.085129376
HOMER2,780.8174935,-0.244401719,0.210187349,0.006592968,0.085129376
IKZF4,375.4252952,0.200897279,0.139497117,0.006607488,0.08522443
ABAT,300.1629126,-0.213993911,0.163272762,0.006690171,0.08619749
KLHDC4,945.4408049,0.143825231,0.078792498,0.006727946,0.086590485
PLA2G4A,566.2729082,-0.153854072,0.088755115,0.006755936,0.086773558
TUG1,2745.472478,-0.119578438,0.059735911,0.006756748,0.086773558
NIPA1,657.9878638,0.157040685,0.091518177,0.00678154,0.0869981
PHTF2,1936.030414,-0.118458743,0.058712398,0.006809109,0.087200402
RAB42,2186.020259,-0.148323212,0.083145768,0.00681476,0.087200402
REPS1,891.8274356,-0.141675272,0.07752133,0.006819284,0.087200402
IER2,1559.823632,0.151964056,0.087204042,0.006878238,0.0878599
EHD2,99.44431489,0.280084806,0.344092144,0.006964589,0.088093863
NLRP12,372.0599444,0.05258666,0.097516622,0.006927455,0.088093863
POLE3,1566.348351,-0.117740736,0.059075888,0.006921476,0.088093863
PRKACB,891.5890097,-0.140530833,0.077437106,0.006970552,0.088093863
SMC2,1511.029327,-0.12392565,0.06419013,0.006961105,0.088093863
SRRT,3256.820644,0.133097007,0.071667982,0.006960531,0.088093863
TAOK1,4326.079704,-0.104212063,0.04902888,0.006965943,0.088093863
TRPV4,231.5892291,0.211718933,0.160498079,0.006965062,0.088093863
WDR73,1099.413988,0.141828603,0.077765215,0.006950396,0.088093863
ZNF641,1659.547304,-0.147362071,0.083713982,0.006906411,0.088093863
ABLIM3,968.7318543,0.151862289,0.087208939,0.007015074,0.08818008
DPEP2,907.2298423,-0.195521165,0.13571385,0.007003334,0.08818008
HLA-DOA,79.30689241,-0.280664663,0.491633343,0.007015643,0.08818008
PDE3A,339.078444,-0.187206644,0.126678622,0.006991179,0.08818008
TRIM23,273.5322478,-0.206441212,0.151918361,0.00702041,0.08818008
ZNF782,99.85640767,-0.051068326,0.09521422,0.007021816,0.08818008
SOAT1,5292.298353,-0.111353272,0.053492589,0.007036627,0.088272969
SHFL,2541.632213,0.121358693,0.061007644,0.007044138,0.088274169
MDM2,2930.91282,-0.144894665,0.084044439,0.007113056,0.089044092
COL6A2,23082.86499,0.132655125,0.070956892,0.007144103,0.089135852
DTNB,778.1521851,-0.17566979,0.113802504,0.007150335,0.089135852
MT-ND6,99476.41152,-0.145855029,0.082419615,0.007139585,0.089135852
TXNIP,10961.24856,-0.12691356,0.066961611,0.007150095,0.089135852
USP33,1479.344867,-0.146871067,0.083490016,0.00716056,0.089169945
DNAJC28,67.40527131,-0.275255509,0.358359039,0.00720899,0.089679232
CHAF1A,912.1219407,0.187812885,0.130318311,0.007239474,0.08987403
DDX21,3371.607731,0.144131607,0.079063973,0.007247297,0.08987403
NFATC3,1275.612983,-0.134050107,0.073417914,0.007240097,0.08987403
MTFP1,597.4988518,0.157737044,0.095631685,0.007348459,0.091033718
LRRC37A17P,220.5685305,-0.205121098,0.156767842,0.007367921,0.091179936
M1AP,124.1947255,-0.227459805,0.198892457,0.007391073,0.091276686
TLE1,282.2758283,0.205997487,0.158187806,0.007389559,0.091276686
GALE,1294.096479,0.11921235,0.060427534,0.007434087,0.091712751
ESYT2,1899.606753,-0.124213462,0.064668186,0.00745797,0.091851313
HIF1A,12360.64973,0.125786729,0.065775944,0.007460749,0.091851313
ACYP2,365.5499811,-0.167009352,0.106164652,0.007490113,0.091927623
CD48,777.7870918,0.190291953,0.133078001,0.007478371,0.091927623
KIF21B,1176.155295,0.139057703,0.077070132,0.007484882,0.091927623
NHSL2,76.41057432,-0.046371727,0.088998886,0.007548781,0.092552259
FHOD1,3402.2232,0.136314419,0.07574804,0.0075573,0.092561376
ATP2B1,1858.095618,-0.140032784,0.078862446,0.007565806,0.092570314
COLEC12,3641.50834,-0.090487466,0.040577641,0.007604355,0.092946455
ZYG11B,1502.037598,-0.128579952,0.068619472,0.007650307,0.093412205
RPL37,5425.692249,-0.159025966,0.100254165,0.007693736,0.093846238
SECISBP2L,2052.380194,-0.135641222,0.075085775,0.007722352,0.094002659
TCEANC2,518.9066336,-0.193761875,0.144802351,0.007718727,0.094002659
HDAC1,2137.652659,0.117052971,0.059395719,0.0078133,0.095012599
NLRP3,805.8810687,0.154980261,0.093765857,0.007838369,0.095220188
TNFSF14,582.2541439,0.172636061,0.115422838,0.007850683,0.095272559
BDH2,406.6300672,-0.176506917,0.124077961,0.007895039,0.095713273
DDX24,3274.783162,-0.114288728,0.057506472,0.007939002,0.095843491
FBXO33,750.4299101,-0.132216561,0.072589078,0.00794977,0.095843491
IMP4,1388.977998,0.11658957,0.058890985,0.007916938,0.095843491
LCP2,5271.85653,0.126072453,0.067049639,0.007948426,0.095843491
SLC7A5,14035.54641,0.145617918,0.084935132,0.007922168,0.095843491
UBL3,2653.713676,-0.098033637,0.046847448,0.007954084,0.095843491
FIG4,1432.415777,-0.129740506,0.071376926,0.00798693,0.096141965
CFB,246.7206854,0.188024604,0.137793505,0.008015104,0.09629229
PCDH20,107.8570296,-0.23674479,0.266712172,0.008015595,0.09629229
PTPRA,4255.910975,-0.086113842,0.038643582,0.008033227,0.096406821
ADAM10,8518.987317,-0.103676346,0.050878585,0.008076917,0.09674447
TXNDC16,233.2876928,-0.229379648,0.240750109,0.008077615,0.09674447
CARM1,2207.8573,0.103784986,0.052179135,0.008137218,0.097262626
NFATC2,1075.718177,-0.152766854,0.091919402,0.008135376,0.097262626
CYC1,4568.32267,0.08078925,0.036375111,0.008271466,0.098177267
DNAJC4,1066.438294,-0.142914757,0.083399497,0.008259083,0.098177267
EMP3,3270.945061,0.14366994,0.084202051,0.008236119,0.098177267
SNX24,1130.146215,-0.151941799,0.094230647,0.008222713,0.098177267
TGIF1,1143.21179,0.117172607,0.060306752,0.008262357,0.098177267
TRIP10,835.2343974,0.138031312,0.078659889,0.008266752,0.098177267
UXS1,1433.539652,0.123776695,0.065910649,0.008270269,0.098177267
NREP,376.9165315,-0.169885083,0.115106508,0.008282109,0.098205687
KCNG1,328.5580583,0.20831778,0.179192797,0.008305937,0.098390228
DCUN1D4,552.9911637,0.182409424,0.133719926,0.008330013,0.098439685
MUS81,1147.199684,0.126114404,0.068159531,0.008334918,0.098439685
SRSF3,3712.792134,0.142727113,0.083447924,0.008322828,0.098439685
BORCS5,407.6806778,-0.156729022,0.099544925,0.008383985,0.098448828
ITGB8,104.8535217,0.234589103,0.386997647,0.008355087,0.098448828
MAX,2975.67146,0.141729606,0.0827093,0.00838212,0.098448828
PRXL2B,2909.381176,0.127540476,0.069392339,0.008365045,0.098448828
TRERF1,579.5055549,0.1593833,0.103147376,0.00838531,0.098448828
USP30,574.9388459,-0.183667261,0.137701663,0.008349297,0.098448828
CXCL3,93.21866387,0.051915385,0.096277331,0.008407561,0.098612817
AKIRIN2,2135.64851,0.109374946,0.054736661,0.008424357,0.098712573
GATAD1,1742.376922,-0.114991404,0.059412897,0.008444361,0.098752568
WDR83,344.2575573,0.167874486,0.111447318,0.00844282,0.098752568
AGTRAP,1611.198233,0.116619426,0.059964254,0.008469371,0.098754025
MYLIP,198.550417,-0.196312383,0.163319153,0.008469303,0.098754025
RBM38,1122.888173,0.167365858,0.112722308,0.008454307,0.098754025
COQ8A,1455.077601,-0.137221328,0.077271696,0.008483185,0.098818316
ZMIZ2,3833.389669,0.150463846,0.092457419,0.008493784,0.098845065
UFL1,1489.684577,-0.114294516,0.05782373,0.008514385,0.098988044
MRAS,2734.414061,0.148564511,0.090526942,0.008527028,0.099038315
DDIT4,1755.953732,0.205946603,0.169553523,0.008540115,0.099093635
ASPHD1,454.7931018,0.175961637,0.126233408,0.008571566,0.099112024
GASK1B,3077.809854,-0.12384191,0.067236221,0.008584405,0.099112024
IPMK,588.8097107,-0.153021388,0.096357655,0.008599977,0.099112024
LPCAT1,1324.740043,0.121128237,0.064358373,0.008576917,0.099112024
MT-ND2,103874.9289,-0.11131727,0.056619755,0.008590345,0.099112024
ORAI3,1135.733046,-0.133727862,0.075724494,0.008577032,0.099112024
ZNF330,1446.843658,-0.125560035,0.069844841,0.008595452,0.099112024
IL2RG,705.9300822,0.151188265,0.094117299,0.008679431,0.099762311
LMBRD2,941.1472452,-0.174776285,0.126070065,0.008681542,0.099762311
PSD,178.2145821,0.201059408,0.178447284,0.008677504,0.099762311
KRT8,170.5662646,-0.199120049,0.174497836,0.008697897,0.099806114
TMEM43,2093.553731,0.094122965,0.044343514,0.008702121,0.099806114
FARSA,2948.281125,0.121220852,0.064668606,0.00871604,0.099865771
FEM1C,954.0830172,-0.128398595,0.071094449,0.008724099,0.099865771
ATP11B,1773.442543,-0.129351469,0.072857432,0.008750163,0.100067908
CHST15,2571.681529,0.141016688,0.083651138,0.008784864,0.100323022
PBXIP1,1893.270378,-0.146085236,0.089170739,0.008805253,0.100323022
SUCLG2,1565.83873,-0.121086727,0.065823946,0.008806179,0.100323022
TDRD3,2170.762697,-0.122047146,0.064841945,0.008794827,0.100323022
PRR5,421.8998057,0.205382421,0.191450079,0.008837109,0.100579142
ACVRL1,817.2722505,0.163292055,0.110721022,0.008893515,0.101004131
LAMB3,764.2513791,0.155300329,0.099967848,0.008885132,0.101004131
NDST2,1166.080255,0.151846729,0.095272666,0.008899902,0.101004131
CR1,874.0659164,-0.164036336,0.116200164,0.00894858,0.101317147
GLP2R,64.12239212,0.038730614,0.080724454,0.00895878,0.101317147
LRP8,553.1952119,0.170555871,0.121613672,0.008961525,0.101317147
STC2,620.9263112,0.186712526,0.151200444,0.008952113,0.101317147
KIFAP3,357.2466457,-0.161026609,0.108351695,0.008980644,0.101436966
ATF3,3159.432111,0.140854101,0.084096977,0.009014023,0.101579131
ATMIN,1563.50908,-0.129858933,0.073520819,0.009033579,0.101579131
LMNA,5638.485442,0.124901988,0.068373233,0.00904076,0.101579131
NCAPH2,1378.324519,0.11642217,0.061379041,0.009070022,0.101579131
NCF1,1636.347956,0.180366178,0.137984873,0.009057846,0.101579131
PANK4,880.328787,0.130298859,0.073690787,0.009053376,0.101579131
RASSF8,866.0140326,-0.183167349,0.145105218,0.009013656,0.101579131
RNF114,2646.450379,0.105231449,0.052421752,0.009029734,0.101579131
YWHAG,8694.33521,0.104627001,0.052145845,0.009069135,0.101579131
FAM20C,11736.66723,-0.120759891,0.065633763,0.009162299,0.102419873
WBP1L,2779.276781,-0.09392525,0.044660206,0.009154801,0.102419873
IGFBP6,126.334414,0.204592788,0.203849543,0.009182951,0.102458324
LONP1,8946.966382,0.102401419,0.0508789,0.009178134,0.102458324
UQCRB,4479.688873,-0.128174529,0.069489464,0.009234828,0.102940657
CENPE,881.0070345,-0.162830046,0.114195296,0.009307712,0.103656043
BMAL2,684.2385361,0.181059341,0.14408021,0.009344161,0.103867639
STAG2,2946.697893,-0.112851273,0.058879805,0.009338275,0.103867639
GLIPR1,3687.601447,-0.126855275,0.073520244,0.00936496,0.104001727
SCO2,642.1803215,0.154364237,0.101537514,0.009391643,0.104006984
SENP5,1275.783398,-0.139306019,0.083948859,0.009383387,0.104006984
TAF1C,1753.559322,0.153901058,0.10080834,0.009383341,0.104006984
INTS15,963.1595731,0.139164793,0.083842507,0.009411095,0.104125549
MMP12,261.278771,0.208177903,0.280443127,0.009472211,0.104704436
CXCR2,128.2180858,-0.178052108,0.703728041,0.009481533,0.104710253
BATF3,172.2603574,0.201848444,0.215182604,0.00950446,0.104866164
GALNT2,6163.757922,-0.112156208,0.050658378,0.009516676,0.104903727
AHCTF1,1382.73999,-0.129372264,0.075047356,0.00956,0.105283809
CD93,172.2678179,0.102914722,0.260027436,0.009576453,0.105367531
JUNB,5254.086219,0.099875872,0.049276154,0.00959454,0.105469071
CD300LF,1233.300015,-0.135611735,0.080746649,0.009615343,0.105600241
PKM,60858.12093,0.137097688,0.081460075,0.009636429,0.105734269
ATP2B4,4719.689882,0.111489677,0.058265612,0.009660716,0.105805727
RAPGEF1,13176.82303,0.098035695,0.048018949,0.009658739,0.105805727
ZNF511,564.3079836,0.144514571,0.091062896,0.009693567,0.106067937
IRF1,1365.374812,0.141601726,0.087035488,0.009705278,0.106098567
PDK4,388.9109732,-0.033336584,0.076092269,0.009714534,0.106102322
FCSK,633.5607566,0.157956239,0.10854437,0.009741562,0.106299996
PLCG1,1349.359729,-0.13367137,0.079622555,0.009765353,0.106462016
AGAP3,6241.141584,0.136224747,0.079387402,0.009818244,0.106588714
BORCS8,751.8318861,0.138813734,0.084854263,0.009859788,0.106588714
CDCA7L,841.7066857,-0.163988706,0.119782009,0.009875486,0.106588714
CDK1,1333.559335,-0.132559888,0.079175533,0.009884413,0.106588714
GABRB3,91.46860377,0.015920752,0.066460183,0.009850032,0.106588714
H2AC25,232.3593756,0.171105399,0.131232264,0.009861154,0.106588714
PFKFB2,1864.336501,-0.146071703,0.094846913,0.009869013,0.106588714
PRKDC,4452.876409,0.11338891,0.059557207,0.009786689,0.106588714
SH2B2,788.2817355,-0.180209533,0.150657015,0.009837469,0.106588714
SPATA13,3414.425772,-0.105317715,0.053811618,0.009883756,0.106588714
ZIK1,115.2794738,0.16994673,0.63626495,0.009870507,0.106588714
ZNF692,410.2318008,0.175122986,0.138128473,0.009874322,0.106588714
TSNAX,1530.61519,-0.120943819,0.06712859,0.009913083,0.106801133
EGLN1,1807.158711,-0.136443858,0.082688982,0.009941846,0.107014176
MILR1,1267.650515,-0.11740881,0.064236183,0.009997378,0.107514716
STK38,1335.249734,-0.116988404,0.063746579,0.010017729,0.107636344
DOP1B,3778.494574,-0.107831957,0.056116118,0.010031285,0.107684808
CUX1,4415.419453,-0.131738725,0.076290877,0.010062353,0.107921006
TBC1D5,1768.371051,-0.139722769,0.087324544,0.010114623,0.108383964
TRMT1L,909.1442112,-0.156211663,0.109254683,0.010123782,0.108384552
SDC4,1244.421143,0.124171682,0.070659513,0.010135991,0.108417764
PCED1B,833.7872862,-0.146142684,0.09751895,0.010150302,0.108473381
JADE1,491.5717268,0.158337642,0.112474526,0.010189698,0.108796731
GKAP1,65.44748948,-0.055588663,0.100891217,0.010225908,0.109085511
DUSP2,237.1678818,0.172883768,0.134114093,0.010242587,0.109131995
SLC2A1,165.8826088,0.183817856,0.334649392,0.010248599,0.109131995
TAP1,3458.908997,0.147218074,0.096700556,0.010261525,0.109171984
IFT172,481.0422419,-0.162410332,0.121762943,0.010333211,0.109711398
MMP2,4485.164036,-0.126566353,0.074621159,0.010335984,0.109711398
NOC2L,2690.640348,0.102980469,0.052720335,0.010339873,0.109711398
SIGLEC12,147.1076236,0.190198198,0.320067225,0.010356962,0.109794864
BCL2L11,628.600375,-0.153606832,0.10537349,0.010401144,0.110165146
GAB2,2357.885275,-0.109396337,0.058199005,0.010413232,0.110195136
USP10,2165.237721,0.119145609,0.066598919,0.010496739,0.110980171
ANKRD42,503.862019,-0.157098381,0.111214448,0.010541298,0.111116001
MAT2B,2609.920349,-0.108559841,0.057526655,0.010530964,0.111116001
PPFIBP1,855.1385583,0.157484332,0.111544776,0.01054692,0.111116001
TES,962.552215,0.149346382,0.101537103,0.010530406,0.111116001
MSANTD3,577.9985301,0.156347391,0.112378282,0.010579116,0.111356657
ARAP3,1609.754328,0.143929497,0.093526528,0.010615121,0.111361693
GOLGB1,3428.213709,-0.133340592,0.075816785,0.0106233,0.111361693
LDAH,647.6891034,-0.151930856,0.106931245,0.010626255,0.111361693
PLAG1,508.9545035,-0.18190773,0.179935455,0.010613451,0.111361693
POLR2H,849.9677581,0.129801892,0.077410978,0.010626366,0.111361693
LHFPL2,15676.35656,-0.086600939,0.041878024,0.010744421,0.112499851
DNAJC13,3531.812396,-0.094426291,0.046862547,0.010786957,0.112679673
JUND,6077.303856,0.137830404,0.087127964,0.010799455,0.112679673
RGPD5,1089.506968,0.165290999,0.129312115,0.010793559,0.112679673
ZNF276,1183.112603,0.148620467,0.101217367,0.010771839,0.112679673
NDRG1,1613.415075,0.173896824,0.150772802,0.010879537,0.113415834
CDCA4,407.8001992,0.140503762,0.091589229,0.010898878,0.113418833
MEF2C,3767.951809,-0.1415898,0.102323938,0.010889628,0.113418833
XRN2,3370.877488,-0.102732681,0.05381331,0.010915589,0.113493525
STAT2,7970.512939,0.126673504,0.074910341,0.010954312,0.113796754
ACACA,1042.05039,0.13642962,0.0862808,0.011025709,0.114290057
FPGS,1865.328187,0.106985401,0.056662735,0.011040199,0.114290057
HROB,192.2687823,0.176400995,0.161099124,0.011030531,0.114290057
IGF1R,255.1369336,0.03137696,0.07456346,0.011038589,0.114290057
ALDH3A2,1748.561326,-0.105242073,0.055881681,0.011134597,0.11494093
CAMTA2,2637.820549,0.130237481,0.080328233,0.011125834,0.11494093
COL6A1,26817.39389,0.119334696,0.069582664,0.011115734,0.11494093
SMC4,2982.190862,0.111674022,0.061162808,0.011141691,0.11494093
HYAL2,1420.682843,0.125272927,0.074044519,0.011176276,0.114947476
PGP,1585.880822,0.121027185,0.069072285,0.011180947,0.114947476
TDRKH,289.1133048,-0.177225849,0.164099442,0.011165358,0.114947476
UBE2N,1378.191963,0.124170179,0.073005175,0.011155877,0.114947476
TJP2,351.384426,-0.161120661,0.126380765,0.01121602,0.115208558
BUB3,2322.798653,0.103258474,0.053714487,0.011279845,0.115626645
PARP10,3501.25256,0.146627926,0.09989913,0.01128586,0.115626645
RCOR1,1846.725815,-0.0976673,0.049815433,0.011276303,0.115626645
COL22A1,399.5212381,0.179089358,0.188502234,0.011328868,0.115737111
CSPG4,3036.650997,0.136612691,0.087527246,0.01131893,0.115737111
FUS,9908.854691,0.125435117,0.076635504,0.011314125,0.115737111
SCAMP1,1065.826912,-0.128382358,0.079256412,0.011335529,0.115737111
C1orf127,106.7647409,-0.078672463,0.148318999,0.011351692,0.115774983
CELF2,4035.504843,-0.093490597,0.047458518,0.011358688,0.115774983
ITPR3,116.5148641,0.113134249,0.296208686,0.011378284,0.115875505
C22orf23,282.423648,0.159098345,0.122812813,0.011422695,0.116129109
MRPL45,956.2572761,-0.131325988,0.083119122,0.011417569,0.116129109
LRRC8E,64.0289062,0.041872085,0.083531589,0.011433776,0.116142582
ANTXR1,660.2438472,-0.148227998,0.11015256,0.011487271,0.116586502
STS,867.4625592,-0.130218063,0.080421492,0.011517584,0.116794581
CCDC6,1584.866086,-0.10674461,0.056502455,0.011539381,0.116816609
SERINC1,8860.236094,-0.105511849,0.055997789,0.011537508,0.116816609
MIDN,1677.52582,0.144640838,0.099723628,0.01164138,0.117661843
XPO6,3766.058997,0.100914002,0.05249466,0.011647981,0.117661843
ZCCHC7,466.2571565,-0.156728627,0.122720839,0.011652525,0.117661843
ASCC3,1341.012142,-0.136016873,0.088473795,0.01167795,0.11771888
FAM117A,155.0788531,-0.174885768,0.256791234,0.011668072,0.11771888
CTPS1,772.4489739,0.156231102,0.12127476,0.011724642,0.117841974
DNAJB12,2580.720977,-0.104588264,0.055683031,0.011708904,0.117841974
SPMIP1,191.5232412,0.173861393,0.171998124,0.011710641,0.117841974
TRAF3IP3,324.8847296,-0.151133592,0.111783124,0.011729755,0.117841974
NBAS,912.0854787,-0.136149572,0.088915978,0.011739754,0.117842978
ARIH2,2513.207953,0.10969043,0.05984187,0.011754978,0.117896384
ZNF24,2214.57422,-0.091354778,0.045592447,0.011820284,0.118451584
MARK2,2492.273513,0.101926494,0.053312274,0.011833008,0.118479361
CDR2L,219.333453,0.172973901,0.167566741,0.011869329,0.118743166
ITFG1,1832.765153,-0.134782032,0.087833414,0.011879671,0.118746628
NPC1,8460.548914,0.111150759,0.061658525,0.011889625,0.118746628
MIIP,1199.728264,0.133489791,0.084719821,0.011916306,0.118913345
TFCP2,1104.908038,-0.120275598,0.07084867,0.011929281,0.11894312
LY6G5B,395.3124092,0.151525853,0.113137902,0.011970542,0.119154936
SARAF,10010.63741,-0.091510818,0.044387265,0.011967584,0.119154936
TRIM66,1105.555225,0.147814228,0.106862336,0.011997855,0.119327035
TLK1,1370.508313,-0.133889132,0.085709638,0.012042873,0.119674789
CEP164,1045.41464,0.128379057,0.079929505,0.012076755,0.119911401
TUBA1B,18754.92546,0.106893019,0.05820124,0.012088253,0.119925546
HEXB,13047.76861,-0.084295502,0.040800299,0.012109167,0.120033004
DCLK2,330.9955169,-0.165916044,0.28662833,0.012143394,0.120148247
LRPAP1,8891.224353,-0.094687748,0.046913731,0.012136847,0.120148247
MTM1,751.4582727,-0.12254232,0.0736859,0.01215107,0.120148247
CD46,5664.324101,-0.09989671,0.05204227,0.012202435,0.120409835
PINK1,2638.137108,-0.111039548,0.062275128,0.012207868,0.120409835
PLPP3,631.1117999,-0.14761718,0.109728571,0.0121972,0.120409835
NOXA1,495.4433191,0.164243168,0.142862457,0.012232383,0.120551755
CRTAP,4419.728259,-0.096888066,0.05013511,0.012265963,0.1207827
CXCL2,71.09649139,0.050829485,0.093780169,0.012297308,0.120991287
GRWD1,1047.80562,0.120002297,0.071049247,0.012311862,0.121034445
CCL13,1007.928497,0.07242176,0.13293445,0.012364623,0.121352712
RB1,3434.542647,-0.110827136,0.06208749,0.012364239,0.121352712
RECQL4,732.1893967,0.144301506,0.103155348,0.012406978,0.121567961
SNX5,3460.247864,-0.119578068,0.071043215,0.012402687,0.121567961
HELQ,270.8116774,-0.163159502,0.151311694,0.012446753,0.1218574
ZNF41,272.5692436,-0.166823227,0.172224571,0.012491748,0.12219742
MCM2,1093.445402,0.129393769,0.082594582,0.012548271,0.122618549
PA2G4,3610.913702,0.098611381,0.051700473,0.01256335,0.122618549
PROSER3,535.7089344,0.165064951,0.161513787,0.012565698,0.122618549
CISD3,1143.942896,0.102787868,0.05519871,0.012661436,0.123149011
GLB1L2,405.3465799,0.144332281,0.102996495,0.012637841,0.123149011
GPATCH4,991.3120696,0.133531561,0.088505729,0.012657083,0.123149011
PYCR1,192.8882531,0.168174782,0.24176803,0.012651234,0.123149011
SUSD1,2551.309689,-0.086942467,0.043015564,0.012672651,0.123157481
DPYD,2260.664841,-0.126790623,0.080544318,0.012763289,0.123840176
MCOLN2,251.3187753,0.161670384,0.263562902,0.012763704,0.123840176
MGAT4B,4736.969466,0.109962676,0.062878505,0.012799648,0.123897629
MTA1,2457.517166,0.150507904,0.118171399,0.012800847,0.123897629
PSMB9,1014.718561,0.152348878,0.122433603,0.01279078,0.123897629
ANKRD22,189.4231916,0.073874108,0.134461333,0.012812009,0.123904924
CPSF1P1,375.0682097,0.158102713,0.136769506,0.012827682,0.123955812
PPAN,1275.816535,0.102602799,0.055415065,0.012840473,0.123978778
RHOF,806.1249454,0.123481543,0.076316405,0.012881496,0.12427408
CCDC117,670.5673783,-0.130929116,0.085768893,0.012953434,0.124842394
PLK2,63.93005255,0.051685682,0.094775853,0.012963228,0.124842394
SS18L1,635.4208745,0.139079744,0.097706686,0.012971864,0.124842394
MT-CO2,94080.45346,-0.114573232,0.07046952,0.012983692,0.124855295
TIMM44,1143.548101,0.107760474,0.060153787,0.013000263,0.124913748
RIOK3,1946.061028,-0.092419259,0.047387193,0.013041085,0.125204936
DHCR7,887.6479638,0.162333584,0.235354928,0.01307453,0.125424885
RFC4,381.8282755,0.142959343,0.105294487,0.013092322,0.125494438
ATP7B,109.1156165,-0.051848635,0.094944141,0.013134434,0.125796808
ASIC3,146.5622498,0.082444577,0.155246235,0.013166515,0.125847047
DOCK4,4155.826573,-0.106924461,0.059085761,0.013181963,0.125847047
SREBF2,5106.431256,0.130823141,0.086490768,0.01317231,0.125847047
ZC3H12A,594.0941563,0.161068553,0.159278896,0.013174931,0.125847047
PDE8A,1814.726041,0.116680079,0.069444049,0.013263882,0.126527658
RHOU,851.9985921,-0.119783504,0.073200054,0.013308767,0.126854181
AGAP11,148.1520458,0.121629221,0.294345559,0.013369118,0.127163152
MTFR1,393.6453204,0.147322139,0.116335343,0.013369388,0.127163152
ZWILCH,459.5149104,0.160317701,0.167258659,0.013373227,0.127163152
CLCN3,2467.999561,-0.096926404,0.051433533,0.01344757,0.127598991
PIGF,273.7440361,-0.161252213,0.168926934,0.013451217,0.127598991
PSMC3,3294.21219,0.10234389,0.055432898,0.013436005,0.127598991
AKAP11,1979.852624,-0.107188737,0.061293754,0.013537388,0.128314177
KLC1,2891.246339,0.099716012,0.053550416,0.013549178,0.128323756
GRK3,3060.806396,-0.09069868,0.047253476,0.013614287,0.128837911
GDI1,3219.638604,0.107817046,0.061323701,0.013737271,0.129846906
PLAUR,8804.97821,0.107214565,0.061326259,0.013742722,0.129846906
ALDH9A1,1952.104271,-0.108272197,0.062886951,0.013777623,0.130073431
TMED5,4565.723181,-0.105883419,0.059448388,0.013814172,0.130315148
CMTR2,1097.071034,-0.103824449,0.057636504,0.013893967,0.130563825
CRYBB1,339.0481586,-0.148144648,0.122382584,0.013895003,0.130563825
MAST4,83.61812425,0.035967611,0.07793871,0.013895369,0.130563825
NOLC1,1367.825418,0.121945703,0.076774922,0.013893826,0.130563825
THEMIS2,2663.646812,0.109129514,0.064208473,0.013871127,0.130563825
ALDH2,6676.539352,-0.126749486,0.084198144,0.014005277,0.13149276
MAP4K4,6669.503864,-0.079832331,0.03902733,0.014035133,0.131669237
FAM114A1,461.9743551,0.143876617,0.113787502,0.014066466,0.131691062
PEX12,195.1735676,-0.156741355,0.194415016,0.014066103,0.131691062
WDPCP,250.6049835,-0.152246307,0.139721321,0.014070645,0.131691062
FAM217B,609.9751428,-0.148176813,0.123945926,0.014114864,0.131713223
NOL11,787.1039928,0.116207986,0.070804493,0.014115783,0.131713223
NR2C1,511.6534543,-0.143452995,0.108691095,0.014115822,0.131713223
STAG1,1214.280321,-0.100007258,0.054698935,0.014117268,0.131713223
SLC39A8,988.3441026,0.143112913,0.112361253,0.014169542,0.132097414
BTK,4038.688654,-0.090429921,0.046673069,0.014197342,0.132253022
RELL2,935.7883924,0.143487413,0.114105346,0.014267346,0.132801218
HYI,237.7908991,0.155267928,0.166339109,0.014295782,0.132858143
RPS2,17178.02636,-0.077992694,0.037929922,0.01428969,0.132858143
PSMD2,6590.507537,0.09879555,0.053678515,0.014326181,0.133036805
CENPT,1111.909982,0.128178365,0.086573952,0.014402692,0.133281275
GDPGP1,220.3519399,0.155718066,0.164726373,0.014375266,0.133281275
NIT1,687.191387,-0.125509491,0.083260847,0.014408484,0.133281275
STT3B,5130.221718,-0.095490628,0.051096696,0.01439004,0.133281275
USP8,2161.937136,-0.126369249,0.084894024,0.014394423,0.133281275
NCF1C,508.1059775,0.153896779,0.202056524,0.014431545,0.133390953
MT-ND1,91006.02716,-0.09263053,0.050002255,0.014464707,0.133593749
HNRNPH2,2268.051454,-0.102572805,0.057753531,0.014499423,0.133810565
MLH3,402.18539,-0.141053533,0.111443212,0.014554709,0.134216743
RELB,1409.129898,0.125154265,0.083017518,0.014603031,0.134558111
ARHGEF17,584.0591624,-0.132251985,0.09253319,0.014619092,0.134563063
ATRN,2580.520344,-0.094259521,0.050280492,0.014626174,0.134563063
ITGAL,9437.720647,-0.119929448,0.077139962,0.014680575,0.134664934
KDELR1,4019.335809,-0.078054736,0.038404857,0.014669008,0.134664934
TRABD,3386.704064,0.097628889,0.053140418,0.014681717,0.134664934
ZSWIM4,672.9917014,0.154955733,0.154219143,0.014682493,0.134664934
AKAP9,3282.622358,-0.101172518,0.056642442,0.014708499,0.134695907
HIBADH,1182.462885,-0.123994072,0.086617588,0.0147058,0.134695907
FCN1,123.319166,0.109279788,0.233028364,0.014720175,0.134699218
CREBZF,1335.819572,0.134785496,0.098736224,0.014734201,0.134724014
RAB14,4828.488123,-0.091919711,0.050639396,0.014816527,0.135372798
LLGL1,697.5802206,0.130895375,0.092483967,0.014886723,0.135909844
SIRT1,984.3575132,-0.126740097,0.085158941,0.01492666,0.136170025
KAT7,1352.087585,-0.106432095,0.061870555,0.014993212,0.136651928
ZNF462,552.238237,0.149540266,0.199963757,0.015002442,0.136651928
ALOX5,8617.974756,0.111995812,0.067584162,0.015073161,0.137191117
ST13,6372.155739,-0.12152,0.076684265,0.015183264,0.138087667
YPEL3,809.8361518,-0.130537092,0.102175767,0.015318789,0.139213882
ASIC1,76.96042841,0.036881343,0.078602379,0.015363846,0.139516846
TNFAIP2,3972.800023,0.131309689,0.095554432,0.015419197,0.139912764
FTL,251306.1577,-0.090626276,0.057865195,0.015438714,0.139983157
HLA-DQB1,66.56063275,-0.045526514,0.086958759,0.015457574,0.1400475
HLA-DQA1,764.3827556,-0.147450467,0.129570027,0.015511523,0.140429415
LARP1,7490.680791,0.102177657,0.058321153,0.015549993,0.140670723
PTBP3,3289.658327,-0.097817784,0.053162824,0.015603451,0.141047139
EVI2A,1934.391879,-0.143941605,0.137070275,0.015660123,0.141452023
OSCAR,3493.777723,0.127782279,0.090057322,0.015695692,0.14162283
SLX9,691.738565,0.126759494,0.089026537,0.015702825,0.14162283
NSUN5,893.9581167,0.109334294,0.06508261,0.015745381,0.14189914
CYSTM1,1058.422382,0.114108566,0.071575406,0.01575797,0.14190517
CA2,2827.71828,-0.094160283,0.052609446,0.015819086,0.142347862
IFNAR1,4794.937177,-0.102577048,0.057683312,0.015855449,0.14256731
XPO7,2228.797971,-0.112479499,0.068474721,0.015901219,0.142870953
AEN,628.7241577,0.124095301,0.085558121,0.015917379,0.142908297
ASPM,1428.065962,-0.103625961,0.060196726,0.015965192,0.143229077
GIMAP2,878.7445459,-0.124701763,0.085710179,0.01597717,0.143229077
ETV5,2902.536757,0.110622044,0.067631606,0.016053491,0.143696846
POLR2F,823.2867967,0.111039317,0.068357415,0.016052633,0.143696846
PPP1R12A,2964.998076,-0.099926788,0.056854038,0.016077035,0.143799476
NXF1,2493.187278,0.106039024,0.063128551,0.016154121,0.144380489
NHSL3,397.922843,0.144354128,0.141845219,0.016220158,0.144753362
VAMP7,1220.527789,-0.115924299,0.074971876,0.016215481,0.144753362
ATP6V0A2,1125.063019,0.103816905,0.060756968,0.016322243,0.145265554
MMS22L,308.4610945,-0.144318596,0.151246118,0.01632636,0.145265554
SPTAN1,9203.0356,0.081576519,0.041362297,0.016322429,0.145265554
SREK1IP1,942.4244969,0.125466477,0.088766357,0.016294449,0.145265554
DHX37,1132.331738,0.11374948,0.07215007,0.01634505,0.145323243
FGD1,60.55156856,0.057340711,0.101840288,0.016358424,0.145333607
ATXN7L3B,2019.226591,-0.086599578,0.045544649,0.016386286,0.145364181
CPM,11930.67268,-0.109372286,0.065965704,0.016382714,0.145364181
YPEL5,2269.322177,-0.102734303,0.060060738,0.016411117,0.145476062
HSPG2,795.84445,0.149248781,0.150002333,0.016439378,0.145509881
PPM1D,670.6480255,-0.128962676,0.097667586,0.016430926,0.145509881
PTGR1,1305.282934,-0.110493013,0.069456802,0.016455481,0.145544202
ACAP3,1605.093766,0.142487048,0.128840123,0.016530591,0.145810341
DCAF16,669.2592305,0.135315225,0.110663762,0.016531653,0.145810341
FBXW11,2079.802804,-0.100956091,0.060087725,0.016534562,0.145810341
UEVLD,841.0951322,-0.11575983,0.074703239,0.016511114,0.145810341
CAMKK2,1426.289852,0.123490856,0.086202,0.01656773,0.145963893
NFE2L1,14160.73258,0.087232042,0.04626694,0.016576496,0.145963893
ABHD5,833.7276102,-0.131761775,0.10677276,0.016620517,0.146135345
FRMD8,1050.657622,0.126763819,0.091759026,0.016617826,0.146135345
CDK10,1188.155633,0.122394799,0.084761113,0.016665199,0.146420072
ENTPD1,3028.043131,-0.10547422,0.062787032,0.016736852,0.146770707
NLK,874.312912,-0.117566262,0.075473984,0.016731605,0.146770707
RHNO1,648.3330187,-0.115393148,0.075548236,0.016754422,0.146770707
SPEN,3200.445745,0.123016384,0.085957807,0.016754298,0.146770707
LTBP2,5633.388566,0.115433977,0.075168935,0.016791245,0.146985123
FAM78A,3730.180555,-0.097801427,0.055833144,0.016820437,0.147132481
PTAFR,9481.387296,-0.083004424,0.042315069,0.016886761,0.14757836
RAD23A,3984.538966,0.104568417,0.062487351,0.016896204,0.14757836
SSTR2,116.8402794,0.084587012,0.15361021,0.016924487,0.147717022
CD28,244.7202608,-0.141121935,0.177372603,0.016946826,0.147803636
FERRY3,1034.523249,-0.130453064,0.102148325,0.017022111,0.148351564
NEO1,275.3296315,-0.096739611,0.181670553,0.017126415,0.149045655
RANBP2,5916.949839,-0.0961741,0.053848109,0.017139311,0.149045655
SMTN,345.8878598,0.127872551,0.212764855,0.017136734,0.149045655
TFRC,16776.45411,0.116293573,0.076936603,0.01727921,0.150152548
DYNC2LI1,170.8480393,-0.139806388,0.181620055,0.017311412,0.150213094
UQCR10,1475.502086,-0.104325174,0.062597541,0.017309534,0.150213094
NOPCHAP1,699.7787991,0.134878821,0.116322914,0.017325982,0.150230023
PHACTR2,1796.923677,-0.100605263,0.059127768,0.017359582,0.150302416
SCRN1,2588.180674,0.103929183,0.06231047,0.017351181,0.150302416
IRF7,3674.359364,0.132887674,0.109375336,0.017409007,0.150620806
ZNF282,1286.277036,0.124384079,0.090951414,0.0174275,0.150671303
BIN3,887.5310032,0.11193936,0.071939487,0.017455584,0.150695236
TCF7L2,1803.917979,0.122362609,0.086773593,0.01744759,0.150695236
PSME4,3230.482797,-0.088501532,0.04802575,0.017480786,0.150803447
NCOA6,1632.573468,-0.09005569,0.049219197,0.017496641,0.15083093
SOCS3,594.0109104,0.139364127,0.148888755,0.017525926,0.150974057
HERC1,3660.293162,-0.120923107,0.080251305,0.017646599,0.151471992
PROS1,1167.273592,-0.115876884,0.079733317,0.01761798,0.151471992
SAPCD2,977.2334888,0.131466482,0.107238661,0.017597125,0.151471992
STX6,3452.742004,-0.101921325,0.060581011,0.017637824,0.151471992
SYNE1,2070.073198,0.112492686,0.073071963,0.017647346,0.151471992
KRI1,860.8963704,0.124168449,0.091658443,0.017670342,0.151560102
HTRA3,69.45128533,0.071114987,0.124554509,0.017690182,0.15156207
LTC4S,123.3660411,-0.118070954,0.208913282,0.017696033,0.15156207
GSTK1,3709.026688,-0.085050607,0.046085376,0.017750652,0.151920568
TM9SF2,8114.236982,-0.094069161,0.053255797,0.017767893,0.151958884
CDK19,1514.114458,-0.100729541,0.059446621,0.017780786,0.151959985
HLA-DPB1,728.9609892,-0.131018419,0.108072058,0.017837733,0.152337315
ANKLE1,110.980608,0.064801094,0.112988349,0.017884573,0.152603163
ARIH1,2693.684424,-0.093612091,0.052935782,0.017894499,0.152603163
HDAC11,151.8134244,0.088945251,0.161187271,0.017918183,0.152695756
CHRNA7,60.88668314,0.041581667,0.082678439,0.017975418,0.153073928
RGS10,2193.86798,-0.120085568,0.086164125,0.017990177,0.153090104
DRAM1,3196.167527,0.122457988,0.089513931,0.018030441,0.153323143
DMPK,237.6644539,0.132950849,0.186679006,0.018051474,0.153392433
PPP2R5C,3162.588952,-0.104195073,0.066477982,0.018101568,0.153708394
PALLD,4429.498317,-0.085627741,0.046658452,0.018159271,0.154088469
CUL2,1723.067787,-0.093671184,0.053512089,0.018262896,0.154682678
PTGIR,67.06161493,0.049396465,0.090941169,0.018258895,0.154682678
SLC40A1,158.5294234,-0.062203453,0.10849637,0.018268278,0.154682678
NOA1,810.6968984,-0.119719372,0.085883542,0.018299175,0.154724204
YIPF2,1490.961634,0.116338426,0.080027655,0.018294762,0.154724204
MAP2K3,1684.242205,0.108313111,0.069380867,0.018316277,0.15475889
LRRC57,741.5063744,0.120092409,0.086752444,0.018350981,0.154942152
CHD4,11877.10424,-0.089113739,0.049112046,0.018384527,0.155115372
ARF6,5355.134178,0.073619251,0.037077525,0.018444919,0.15540464
UBE2E3,876.5119842,-0.110732584,0.072383194,0.018439293,0.15540464
PRMT5,1169.972211,0.109996774,0.071519648,0.018476706,0.155562363
SLC3A2,12587.9699,0.109792899,0.071220985,0.018549602,0.156065735
PAX8,589.3191174,0.131786419,0.117206038,0.018586625,0.156266789
FERMT3,16724.92102,0.090039029,0.050050966,0.018610265,0.156355119
GCNT1,774.720222,-0.129967204,0.12427021,0.018676975,0.156643145
ST3GAL1,3582.447892,0.088174752,0.048407407,0.018677094,0.156643145
ZNF672,1039.518921,-0.115567828,0.07926671,0.018684021,0.156643145
STK39,235.547608,-0.134784137,0.145644075,0.018757643,0.157149714
EPHB3,246.2189131,-0.032071732,0.074779815,0.018804992,0.157392512
SCAF11,4273.411012,-0.078250718,0.040694889,0.018813065,0.157392512
MGST3,3445.45105,-0.101768478,0.061749997,0.018917876,0.158158225
FIZ1,561.4587922,0.131803086,0.121416,0.018947179,0.158183493
WDR97,80.81279179,0.067052787,0.116175779,0.018947473,0.158183493
G3BP1,4662.192539,0.110598082,0.073051361,0.018984796,0.158368948
TACSTD2,124.234875,0.113457914,0.199448729,0.018996292,0.158368948
BMT2,999.1674544,-0.128651754,0.1414137,0.019050012,0.158632476
SNX11,1211.052644,-0.106782701,0.067939421,0.019054552,0.158632476
DEAF1,1273.987248,0.106218058,0.067652417,0.019073373,0.158678205
ADAMTS10,169.4089792,-0.067984421,0.117792011,0.019097311,0.158766399
EIF3F,3077.231659,-0.098043603,0.0585133,0.019167701,0.158797133
LYPLAL1,743.4084334,-0.127751063,0.111063839,0.019153961,0.158797133
MRI1,673.7940871,0.129772233,0.113663283,0.019155067,0.158797133
MTF1,879.7470899,-0.128369311,0.124152977,0.019154153,0.158797133
UHMK1,3495.263611,-0.106190331,0.067010978,0.019144733,0.158797133
TPM3,18842.28811,0.09624055,0.056437915,0.019189083,0.158863724
DCUN1D1,1193.346879,-0.111226199,0.074978003,0.019251953,0.15927345
EDEM1,2808.208601,0.107932478,0.070412792,0.019276439,0.159365286
ALDH1B1,214.3911666,0.132438992,0.133081304,0.019405223,0.159925199
CPSF1,4727.224227,0.114377671,0.079020534,0.019373317,0.159925199
DIAPH2,1202.945154,-0.104035173,0.065442298,0.019411332,0.159925199
GAB3,893.3498092,-0.128588004,0.12713449,0.019376632,0.159925199
PPP1R1A,366.6684369,0.129283034,0.116014951,0.019396972,0.159925199
PLCL2,731.8838748,-0.112495585,0.07592601,0.019516522,0.160680631
SPRY4,65.03218217,0.033262455,0.075560764,0.019533266,0.160707351
MPHOSPH8,1350.753606,-0.114836797,0.083022095,0.019615231,0.161270254
ACSS2,1573.271179,-0.095746435,0.056621486,0.019707103,0.161441752
CCNI,5047.715509,-0.097166608,0.057896882,0.019705677,0.161441752
GNL3,1314.821607,0.111216276,0.07536932,0.019695302,0.161441752
MFSD10,1942.356966,0.100406879,0.061250395,0.019664807,0.161441752
MIS18BP1,1814.281053,-0.106531102,0.06893633,0.019653156,0.161441752
STAT6,7697.018515,0.08913215,0.050847296,0.019717456,0.161441752
MSTO1,601.3436833,0.120013084,0.093861632,0.019783746,0.161873195
HSPA6,402.2114484,0.131015474,0.139558715,0.019842149,0.161930693
RAB20,1745.993523,0.097096591,0.057486741,0.019804562,0.161930693
SPEG,147.5168201,0.063800128,0.109820264,0.019826327,0.161930693
ZNF345,148.584308,-0.067711799,0.116706287,0.019845181,0.161930693
ACBD5,1633.512037,-0.090289722,0.051453611,0.019891907,0.16204664
REXO2,759.0790655,0.116647523,0.084977299,0.019900226,0.16204664
SLC25A19,2426.850654,-0.09872502,0.059309573,0.019888895,0.16204664
PPIG,3341.147137,-0.104847428,0.067185593,0.019967594,0.162484077
CNNM4,1016.031397,-0.129238666,0.130433041,0.020071354,0.163216851
ANK3,62.54162779,-0.03104033,0.073915149,0.020097739,0.163311405
TBC1D15,1512.825705,-0.114104495,0.081430491,0.020110417,0.163311405
TIMM29,459.1986376,-0.125331619,0.103076436,0.020215952,0.164056517
TCIRG1,15509.13508,0.104445942,0.067060247,0.02024844,0.164185139
TMEM30A,8065.972604,-0.090793398,0.054295494,0.020260391,0.164185139
TMEM51,2993.508008,-0.090114572,0.049872557,0.020273175,0.164185139
ORAI2,2209.309793,0.128974413,0.128505965,0.020342997,0.164372215
SQLE,1168.016319,0.127005169,0.155976664,0.020334959,0.164372215
TBL1X,358.3210517,-0.128249294,0.122778736,0.02034329,0.164372215
UBL7,825.5629953,-0.113270554,0.080654186,0.020351503,0.164372215
VCPIP1,1513.805329,-0.1004199,0.06236244,0.020383801,0.164521457
FBXW8,457.2157305,-0.122803503,0.097774452,0.020467022,0.165081233
NOP16,389.2633302,0.12375422,0.103696005,0.020518352,0.165383199
DMWD,304.9905221,0.1270865,0.158596414,0.020559769,0.165604909
CCT7,4623.834355,0.114155347,0.082245286,0.020608165,0.165854324
MSRA,1218.629907,-0.101214075,0.064169254,0.020618597,0.165854324
MT2A,845.7688988,-0.111400248,0.179659864,0.02065328,0.166021135
SLC16A5,353.0040069,0.128000488,0.129789814,0.020764269,0.166688217
SNRNP70,8660.428488,0.116074988,0.086318861,0.020757976,0.166688217
TBC1D2B,4041.595407,-0.095668967,0.057384304,0.020786037,0.166750516
CLDN7,770.3861949,0.106852935,0.071169131,0.020834738,0.167028655
RNF103,939.2431,-0.103185627,0.066657748,0.020866543,0.167171058
FLOT1,5267.48864,0.104318832,0.068008504,0.020892126,0.167263454
GATAD2A,2644.924339,0.112952954,0.08123971,0.020972457,0.167793748
TMEM37,478.7196141,-0.117988995,0.093380813,0.021093823,0.168651423
CAB39,3824.620054,-0.096010114,0.058291317,0.021152557,0.169007514
HOXB7,385.4476542,-0.123910909,0.112151796,0.021260509,0.169749265
ZNF396,60.88589153,-0.035593435,0.07722467,0.02127391,0.169749265
PRDM15,391.1011124,0.086321261,0.149015162,0.02129339,0.169790896
DHX40,821.9545483,-0.119119936,0.098125264,0.021318547,0.169877714
SUSD6,3939.159682,0.096818388,0.059454526,0.021341796,0.169949222
DNAJC3,3249.272791,-0.083452121,0.046552155,0.021375934,0.170107283
MT-ATP6,115919.0015,-0.098653179,0.061670052,0.021436299,0.170473703
ACSS3,118.9669611,-0.081274725,0.1393844,0.021510187,0.170910647
STRIP2,164.6516216,0.057507949,0.100728249,0.021519955,0.170910647
GPD1L,479.5532277,-0.121364518,0.101055868,0.021556188,0.171084282
RRAS2,129.5952346,0.073939181,0.126367134,0.021588772,0.171228733
ESCO2,403.967316,-0.124841793,0.133723335,0.021659544,0.171561454
RBMS2,1258.173801,-0.123193337,0.114677519,0.021649985,0.171561454
SMOX,1160.135738,0.118101036,0.094225054,0.021706143,0.171816242
NEPRO,1058.746995,-0.112377287,0.08159098,0.021782464,0.172305801
APOL3,93.67771174,0.051713088,0.093113958,0.021830785,0.17257337
LPCAT2,6136.300908,-0.084267149,0.048325368,0.021879454,0.172843329
H3-3B,9931.734838,0.092769463,0.055487161,0.021936136,0.17286955
MDK,345.3286362,-0.121854576,0.10870491,0.021940856,0.17286955
MT-ATP8,24880.14844,-0.110207098,0.073188588,0.021936372,0.17286955
TXNDC15,728.3580101,0.111900287,0.081443277,0.021934099,0.17286955
PTPMT1,2170.325848,-0.089497953,0.052504968,0.021971609,0.172997356
LSM7,856.4122916,0.110159198,0.079068457,0.022085228,0.173661805
MAP3K2,3012.401169,-0.089643125,0.052091408,0.022099759,0.173661805
SNRPA1,796.1638231,0.115648639,0.09009882,0.022073804,0.173661805
HACD2,1570.151261,-0.105202342,0.071877736,0.022128782,0.173775162
APBA1,138.644953,-0.044500641,0.085270102,0.022201261,0.174019413
SWAP70,3742.850949,-0.073032918,0.038205078,0.022203737,0.174019413
UAP1,526.9978748,0.034152351,0.076138585,0.022187312,0.174019413
HSD17B11,1358.139801,-0.112279608,0.08437137,0.022317724,0.174797699
ITGB2,74214.03532,-0.071465286,0.045826877,0.022361974,0.174914125
TNFRSF10A,222.5490646,0.078894805,0.132585404,0.022353165,0.174914125
PSMC1P1,830.5515416,0.122704492,0.120393051,0.022406294,0.175145722
C1QBP,2400.627378,0.092388417,0.055319857,0.022452828,0.175279294
GIGYF2,2646.599183,-0.103241445,0.066452321,0.02245194,0.175279294
RBMXL1,257.1276991,-0.104959605,0.167575779,0.022515626,0.175654339
BNIP3L,2250.002518,-0.096356728,0.060199811,0.022566796,0.175938248
AIG1,290.7761264,-0.091846836,0.151743855,0.022598551,0.176070519
FCHSD2,1464.072811,-0.102615342,0.066745759,0.02261676,0.176097142
FNBP1,1590.926387,-0.096567192,0.06039172,0.022642255,0.176180424
MTIF2,1419.037727,-0.084078675,0.047908576,0.022678891,0.176350225
CAND1,2375.537212,-0.082793463,0.046575851,0.022704525,0.176409876
COLQ,98.19931198,0.063254455,0.108340285,0.022716198,0.176409876
TROAP,777.7582148,0.117153738,0.096539785,0.022740372,0.176482481
VPS28,2228.463984,0.089861114,0.053386199,0.022776419,0.176647083
JOSD2,724.220429,0.107740946,0.07608848,0.022806459,0.176764908
TPM1,458.5986642,-0.120954819,0.107448372,0.022846846,0.176962719
S1PR2,1450.888719,-0.099403759,0.064257404,0.022895098,0.177221155
CBR1,1015.325128,0.103407835,0.069868503,0.02292751,0.177356731
DDI2,2700.938835,-0.099791651,0.061941662,0.022983876,0.177677303
CDKN2D,145.6550811,0.081718776,0.138406385,0.023011606,0.177776231
MAPK9,1283.195358,-0.107608778,0.077727309,0.023028013,0.177787608
CENPX,559.0446283,0.108712448,0.078420916,0.023089426,0.178030838
NABP1,3763.103869,0.101460615,0.066952238,0.023077436,0.178030838
RSPO4,93.86217262,0.067151363,0.114159697,0.023119059,0.178143946
UBR7,1035.321808,-0.101207198,0.066999234,0.023144642,0.178225716
FLNA,61630.73918,0.094097132,0.058588849,0.02317665,0.17835683
CMAHP,106.7953892,-0.084182441,0.141466135,0.023235198,0.178556283
FMO4,111.0862726,-0.094150139,0.155639036,0.023247563,0.178556283
TENT4A,1060.673004,0.116116981,0.098593667,0.023230529,0.178556283
ATG4B,2184.822072,0.103958814,0.07136508,0.023345962,0.179120906
DKC1,1526.228147,0.109762768,0.079101965,0.023351167,0.179120906
IQGAP3,1470.912148,0.113237345,0.08878176,0.023443369,0.179712368
ZDHHC15,73.86316527,-0.054154294,0.09575067,0.023490344,0.179956591
ATP7A,1112.405655,-0.103638219,0.070687877,0.023569061,0.180040301
BLOC1S5,547.784105,-0.11570259,0.096937371,0.023541576,0.180040301
ERP29,4992.715551,-0.086159673,0.051347,0.023576886,0.180040301
MSR1,12762.72052,-0.09213048,0.057240099,0.023545963,0.180040301
PARVA,391.649599,0.088337772,0.1478153,0.023576806,0.180040301
MAN1A2,1390.293219,-0.112035767,0.090300762,0.023675684,0.180678859
TCEA1,2527.404289,-0.096169387,0.061622417,0.023716852,0.180877083
CGAS,372.7044173,0.11677407,0.098195595,0.023771504,0.180913695
COL5A1,513.9268348,0.120289498,0.129047025,0.023773437,0.180913695
THNSL1,115.9549821,-0.091426894,0.150634946,0.023782439,0.180913695
TMEM245,2036.493579,-0.08995335,0.054736506,0.023772881,0.180913695
RRP9,415.0920349,0.111525112,0.088199272,0.023834112,0.18107537
XBP1,2063.367149,0.102224237,0.069571207,0.023829384,0.18107537
OLFM2,833.7177318,-0.10499475,0.164221464,0.023895456,0.181425639
ITM2B,16198.85828,-0.079831254,0.043327433,0.023917007,0.18147353
RNPC3,580.0540692,-0.117308586,0.107593964,0.023955941,0.181653167
BMERB1,470.6027228,0.11554703,0.096924237,0.024013462,0.181841463
DDX39B,6204.933645,0.091741633,0.055992219,0.024025232,0.181841463
GSKIP,602.2208286,-0.105761904,0.076148691,0.024053016,0.181841463
MTERF2,157.4962179,-0.057290718,0.099694797,0.024036112,0.181841463
PRKAG2,916.0903265,0.102962219,0.070600051,0.024057144,0.181841463
CD4,12980.86237,-0.088489719,0.052798503,0.024092768,0.181914493
CDC40,1083.142102,-0.100343476,0.067657707,0.024097367,0.181914493
MYL5,703.9460574,0.117143932,0.104455732,0.024166133,0.182318009
DAG1,836.4306604,0.112702652,0.090711904,0.024272554,0.182542486
GOLGA8A,1968.430333,0.109088719,0.082659804,0.02427068,0.182542486
MYO9A,540.8890876,0.117720683,0.109615203,0.024226721,0.182542486
NXT1,267.5319055,0.118719028,0.127611556,0.024230858,0.182542486
WHRN,127.3690029,0.055984608,0.097930105,0.02427137,0.182542486
EFHD2,9102.516605,0.082883412,0.04761534,0.024434298,0.183642881
SPIRE1,2322.836763,-0.109845239,0.085140904,0.024460125,0.183721003
SPDYE2,409.4495232,0.11640214,0.13857707,0.024529235,0.18412392
KBTBD7,254.5715077,-0.115380484,0.141524065,0.024579383,0.184384089
DUSP16,748.1328599,0.117252903,0.110135921,0.024615659,0.18449765
UPK3BL1,581.0038184,0.116596092,0.138067627,0.024625516,0.18449765
LTB4R,693.3816718,0.117473964,0.112841999,0.024654121,0.184595796
IL6ST,3536.632694,-0.080644523,0.045831243,0.024679632,0.18467066
FLII,9974.000564,0.097160953,0.062559269,0.024728251,0.18480215
NFIL3,1063.135544,-0.102310995,0.070966213,0.024713395,0.18480215
FAM174B,208.8722014,-0.083695229,0.138150871,0.024829307,0.1848611
GTF2E1,549.1419204,0.117013811,0.112678584,0.024811874,0.1848611
HYPK,780.600258,0.115417883,0.133017758,0.02477883,0.1848611
PIGW,347.3055763,0.117069266,0.111844091,0.024823764,0.1848611
TRAF4,241.1579544,0.105165536,0.157370152,0.024794485,0.1848611
ZFAND2A,320.6030853,0.115025008,0.098433887,0.024791691,0.1848611
POLD2,1389.419396,0.109009377,0.083397441,0.024871041,0.185056086
STX3,2344.173998,0.090492975,0.056607249,0.024974573,0.18571036
FDPS,2061.134053,0.110818534,0.088479217,0.025082696,0.186138294
GPR85,517.3153438,-0.118494823,0.115370539,0.025081884,0.186138294
KIF27,132.9802361,-0.081707599,0.135872145,0.025094663,0.186138294
RASA1,3441.044673,-0.099162768,0.06695735,0.025054488,0.186138294
ZNF91,320.39455,-0.100044455,0.153534747,0.02518408,0.186685226
KAT6B,1111.678693,-0.092552681,0.058367665,0.025228868,0.186900856
KLHDC3,3796.674817,-0.073915228,0.040399316,0.025370427,0.187135967
MEI1,268.6532652,0.115942532,0.127254048,0.025340677,0.187135967
NUTF2,2058.965684,0.088402558,0.053871911,0.025365158,0.187135967
OLIG2,138.9413855,0.069586144,0.115202874,0.025297129,0.187135967
PHAF1,1688.947787,-0.086478506,0.05215979,0.025370638,0.187135967
SGMS1,1802.620091,-0.098559614,0.067407352,0.025336171,0.187135967
SOWAHD,627.3742222,-0.104678182,0.076278142,0.025297917,0.187135967
TIMM23B,265.8372937,0.116691155,0.118719234,0.025406846,0.187286999
TRAPPC6A,569.2623767,-0.113642605,0.098717837,0.025482066,0.187725242
HIVEP1,556.0637308,-0.111210331,0.095085909,0.025611317,0.188376457
IER3IP1,1274.165216,0.103644571,0.074801816,0.025646129,0.188376457
PHF20,1241.169243,0.11108784,0.092174649,0.025591029,0.188376457
PRR33,203.7848472,0.084844195,0.139200294,0.025650165,0.188376457
SH3BP2,7339.309662,0.103052947,0.073620904,0.025676261,0.188376457
SLC30A4,332.4115332,0.107952217,0.150543379,0.025681226,0.188376457
TIAM1,2498.581268,-0.085485633,0.051011209,0.025653018,0.188376457
PHACTR4,1562.921772,0.098325847,0.066625889,0.025784199,0.188899008
YKT6,4448.508364,0.072967866,0.039516202,0.025779971,0.188899008
PTMS,9816.675944,-0.090506236,0.056710469,0.025815832,0.189003541
RMND5A,2085.795083,-0.088033305,0.053811568,0.025830219,0.189003541
EXOC8,696.2507611,-0.101822233,0.072351297,0.025893405,0.1893495
KIAA0408,77.91123887,0.050439137,0.091066774,0.025929028,0.189409774
PRR15,372.5194101,-0.056444357,0.098147779,0.025933468,0.189409774
ADAM8,166.6473841,0.078674626,0.130000224,0.025982094,0.189531476
TBL2,3406.919973,0.081325306,0.047141522,0.025988494,0.189531476
YJU2B,840.8397311,0.104030988,0.076102603,0.025997892,0.189531476
DBN1,265.0460406,0.102303622,0.156760443,0.026061122,0.189805796
RAB38,226.7836224,-0.114277621,0.129328472,0.026067407,0.189805796
FTSJ3,1589.339831,0.089316514,0.054692799,0.026096663,0.189902671
TRAK1,1974.098595,0.083679183,0.049617274,0.02615564,0.190215573
CLEC12A,730.0671387,-0.107573149,0.08482701,0.026280312,0.19078427
NRBF2,1299.241546,-0.104044864,0.078123725,0.026283063,0.19078427
STK11,2884.748472,0.085290984,0.05089948,0.026297941,0.19078427
UBE2J2,1705.536224,0.089515468,0.055780674,0.026273804,0.19078427
RASGEF1B,2402.80494,-0.101380398,0.07147015,0.026330538,0.190904419
SEPTIN10,1670.895811,-0.088443516,0.055039852,0.026360721,0.191006932
DIS3L2,545.3745721,-0.103703727,0.077152907,0.026484233,0.191785151
FAM86B3P,98.47206607,0.052236234,0.092841932,0.026546213,0.192117124
LRRC37A16P,384.2623166,-0.112829369,0.10467736,0.026625981,0.192460414
TOR3A,2552.554614,0.079776446,0.046158867,0.026623234,0.192460414
CARHSP1,616.1234406,-0.109282983,0.090173027,0.02672949,0.192623838
MAPK8IP3,2806.252879,0.112793433,0.103736823,0.026707974,0.192623838
PMP22,3995.781108,-0.086490509,0.052503754,0.026709236,0.192623838
SPINK6,74.91978188,-0.049146696,0.089486307,0.026703408,0.192623838
ZNF229,68.77711779,0.044926022,0.085126974,0.026718545,0.192623838
HPGDS,2786.743568,-0.094099785,0.062110528,0.026803013,0.192920113
ZNF609,2738.876094,-0.096023114,0.064897436,0.026792099,0.192920113
MAP3K12,1039.300717,-0.109752912,0.097305778,0.026870186,0.193286743
CBX1,1439.615974,-0.100512389,0.070876612,0.02698082,0.193731399
GNS,13139.77517,-0.079434115,0.041383401,0.026978529,0.193731399
UMODL1,135.9766035,-0.062101875,0.10517617,0.026969134,0.193731399
PLB1,397.857975,-0.109029828,0.132864062,0.027013363,0.193848154
ACP6,282.6226054,-0.082999032,0.13483518,0.02703256,0.193869052
RRP12,1192.119025,0.096425484,0.066181059,0.027114471,0.194339423
ATP5MC2,3208.287647,-0.091418426,0.058940576,0.027195716,0.194804453
KIAA1958,342.6692534,-0.112506635,0.11169579,0.027330399,0.19524014
MANEA,799.4358486,-0.103965599,0.080756583,0.027334231,0.19524014
MAP3K1,1432.813158,-0.092030223,0.058978686,0.027286422,0.19524014
NAPEPLD,276.7728257,-0.100780061,0.148057615,0.02733854,0.19524014
SEPHS1,1052.344115,0.102612037,0.075926085,0.027291928,0.19524014
LAMB2,2451.291428,0.112149384,0.131865457,0.027433393,0.195800088
RBM41,748.182101,-0.107229693,0.083092378,0.027450294,0.195803328
RSAD1,821.2879362,0.107700903,0.089124871,0.02752368,0.196209227
NSUN2,2387.405225,0.077219288,0.04431788,0.027663996,0.196910023
TRPM7,2126.446334,-0.101042291,0.074330871,0.027671606,0.196910023
ZNF121,461.0555499,0.110526072,0.100414333,0.027654124,0.196910023
COASY,1926.451771,0.080261748,0.047144511,0.027781593,0.197456638
SIDT1,195.5031069,-0.098252847,0.142948446,0.027779556,0.197456638
SPINDOC,1092.418578,0.0896421,0.057225828,0.027809876,0.197539723
ELK1,435.6939593,-0.111470537,0.121565869,0.027850743,0.197594216
PNO1,458.0479393,0.111128306,0.109062072,0.027844005,0.197594216
B3GALT9,133.9189449,0.076053692,0.122076971,0.027922248,0.197983538
LRRC75A,2044.25162,-0.078697863,0.045758843,0.027982929,0.198236769
RBFA,375.596035,0.110122433,0.10061595,0.028002574,0.198236769
ST7,749.5176902,-0.096863389,0.068454918,0.028015376,0.198236769
TNIP1,3448.712882,0.090637558,0.058626129,0.028024568,0.198236769
FAM83G,501.4770992,0.109815827,0.099519839,0.028061512,0.19826249
YEATS2,2043.08758,0.09856991,0.069370953,0.028056365,0.19826249
MCTP1,1174.253554,0.089725811,0.057619003,0.028103759,0.198443209
MAK16,505.9676729,0.107954811,0.096341956,0.028181164,0.19864656
MYOF,10357.80948,0.090435613,0.055584466,0.028182616,0.19864656
ZEB2,7262.435305,0.096008714,0.066850409,0.028173782,0.19864656
TBC1D10A,982.346926,0.096447011,0.066822257,0.028244529,0.198965161
MIF,3436.170984,0.075525024,0.045034282,0.028282353,0.198996109
SYMPK,2787.50656,0.09943086,0.071810427,0.028266541,0.198996109
PDIA5,326.7595671,0.110061383,0.11771681,0.028306019,0.19904498
CCZ1,1592.565502,0.095440557,0.065775283,0.028365301,0.199344105
GLRX3,1631.90163,0.089355739,0.057355107,0.028420066,0.199611139
RUBCN,2114.301549,0.082251133,0.049527066,0.028494631,0.199917383
SEPHS2,4225.763928,-0.07533773,0.043087042,0.028497253,0.199917383
RPA1,2276.064175,-0.107663384,0.100034668,0.028514337,0.199919422
STK17B,390.6710981,0.097303979,0.141737606,0.028567903,0.200177093
SLC35F6,1898.476196,-0.085854465,0.054715945,0.028693783,0.200940877
DYRK4,1407.445197,-0.090606849,0.059241289,0.028759631,0.201283604
LRRK1,3238.75483,-0.114164537,0.103911977,0.02886666,0.201913974
CASS4,222.8238947,0.099635573,0.140629095,0.028887535,0.201941341
KIF11,1247.992107,-0.09086323,0.060348986,0.029004544,0.202640318
TMEM121B,408.106122,-0.108830719,0.102975802,0.029073576,0.203003474
SIK1,73.1002633,0.033350773,0.075227736,0.029105016,0.20310388
NUP214,1793.336741,-0.107636629,0.124917482,0.029165994,0.203410171
PTK2B,3165.799794,0.098672692,0.072075081,0.029329408,0.204101077
RUSC1,896.7219324,0.104632142,0.085881619,0.029333637,0.204101077
SNX6,3510.810664,-0.084739743,0.051461212,0.029313006,0.204101077
TMEM119,1211.953597,0.052825227,0.09326695,0.029307109,0.204101077
ACOT13,749.5584449,-0.108067686,0.115663129,0.029416348,0.204199198
GOLGA6L5P,244.9714926,0.095595839,0.141047953,0.02941631,0.204199198
LMNB1,1811.530742,0.085002673,0.053205315,0.029378455,0.204199198
PPIL2,1724.147362,0.097110653,0.06942715,0.02938652,0.204199198
EIF4G1,16720.37591,0.084733459,0.0507827,0.029493498,0.204615441
TRPV1,625.2129277,0.107070219,0.094837978,0.029580192,0.205097368
UBASH3B,3277.344458,-0.114806473,0.114046801,0.029604557,0.20514683
LAPTM5,83720.17459,-0.077440793,0.045667965,0.029624419,0.205165044
KCNMB1,503.1022177,0.10800972,0.10581189,0.029656299,0.205257106
MTRR,767.6008447,0.108337647,0.112750403,0.029672195,0.205257106
CSAD,413.361651,0.107918045,0.102762312,0.029698289,0.20531831
HMGCL,1389.448381,-0.082238875,0.050445772,0.029769964,0.205685639
RAB24,998.8465025,0.101879506,0.079216835,0.029785976,0.205685639
LANCL2,554.6048742,-0.106609345,0.113576396,0.029856509,0.20598689
SPCS1,1578.271896,-0.0909735,0.063816509,0.029864206,0.20598689
NAALAD2,86.89700323,-0.053970961,0.094322433,0.029916887,0.206230771
EMC1,2271.864487,0.090973845,0.061005445,0.029960998,0.20629963
LMO4,2310.99633,0.102130217,0.08047801,0.02997829,0.20629963
RCN1,2545.421153,0.089707554,0.059783255,0.029978863,0.20629963
MTA2,2473.522673,0.081773067,0.049955298,0.030134234,0.207249018
PDPK1,2821.299177,0.081176087,0.049101766,0.030156071,0.207279461
ALKBH1,336.5931892,-0.106571129,0.099491977,0.030199363,0.207423293
PDK3,768.2729896,-0.106913798,0.10132797,0.030211843,0.207423293
PSMD11,1999.49943,0.095105158,0.072849686,0.030265023,0.207668647
AMOT,106.5178745,-0.054125135,0.094457209,0.030405803,0.20851445
CD59,8573.422031,-0.063443476,0.034542326,0.030427796,0.208545145
E4F1,960.5982803,0.106723877,0.103790973,0.030509201,0.208982758
CRYL1,1165.112686,-0.090841352,0.061292575,0.030540943,0.209079891
TMED2,5632.18981,0.076737038,0.045133098,0.030575455,0.209195855
EIF2AK3,623.0191876,-0.1054711,0.107096541,0.030607449,0.209294474
PACS1,2938.463723,-0.082041359,0.050395137,0.030653748,0.20949074
USP46,510.2691958,-0.106386494,0.103338102,0.030683996,0.209577147
CXADR,2388.852065,-0.087485156,0.057256483,0.030728904,0.209667897
HTRA4,886.6833118,-0.102744547,0.084450999,0.030750117,0.209667897
SNAP29,1692.876144,-0.09121598,0.061989252,0.030745909,0.209667897
CTC1,681.8248532,0.104084067,0.119956089,0.030891064,0.209699031
CXXC1,1693.207262,0.097406045,0.071191442,0.030807494,0.209699031
IFFO2,186.7720172,0.050242067,0.09001766,0.03098367,0.209699031
MGA,1317.190457,-0.092408943,0.065337053,0.030940471,0.209699031
NUP62,4265.64513,0.076826103,0.045552686,0.030981782,0.209699031
POLR3H,1115.208192,0.102636896,0.084670786,0.030931765,0.209699031
RAB35,3455.581488,0.081883444,0.050968388,0.030947114,0.209699031
RALBP1,3623.666703,-0.082527346,0.050848962,0.030941608,0.209699031
RNA5SP283,63.27767461,0.045066443,0.084918534,0.030817302,0.209699031
SPDYE10,97.53240208,0.048581097,0.088530935,0.030812148,0.209699031
TNFSF9,357.7417745,0.106489462,0.105060155,0.030832181,0.209699031
ZFP36L2,9645.893762,-0.103891571,0.095506774,0.030972522,0.209699031
ZNF525,164.0502668,-0.060979061,0.102607574,0.030968299,0.209699031
BICRAL,736.9385938,-0.093433481,0.065884011,0.031059156,0.20997118
PHPT1,1875.567895,0.079647485,0.04847811,0.031042019,0.20997118
CEBPB,16869.78115,0.091033543,0.061287469,0.031201012,0.210571457
NETO2,762.3916365,0.097003267,0.127300514,0.031198828,0.210571457
SHMT2,7431.728126,0.085042621,0.054288307,0.031176537,0.210571457
SIRPA,22997.29661,-0.05748447,0.029561116,0.031219379,0.210576037
FHIP1B,708.1338801,0.103444751,0.088937694,0.031286238,0.210907508
ARHGAP20,418.2959771,-0.105157939,0.110309603,0.031331825,0.210975895
DZIP3,464.1797829,-0.10556661,0.095644987,0.03132022,0.210975895
ADORA1,567.5753972,-0.107881322,0.111952821,0.031353151,0.211000146
UCP2,6761.816767,-0.073859356,0.042072683,0.031390982,0.211135388
BLTP1,1926.03452,-0.085497605,0.054749842,0.031439284,0.211167096
IFFO1,2343.988726,0.086666957,0.056366775,0.031440443,0.211167096
TMEM127,2445.648437,-0.078626051,0.04775951,0.031448909,0.211167096
MIF4GD,845.6479156,-0.100375648,0.081093695,0.031471717,0.211201124
RPS28,5459.342944,-0.076647927,0.044831366,0.031493925,0.211231086
ZNF581,555.3017684,-0.103736004,0.114746567,0.031516448,0.211263127
MTMR10,2057.489165,-0.082005229,0.0508163,0.031624494,0.211868094
C1orf131,362.5269566,0.104781807,0.098661392,0.031654916,0.211952629
PYGO1,89.25487792,-0.043219398,0.083045725,0.031723385,0.212291678
BMAL1,793.0953229,0.105048899,0.107704121,0.031790076,0.212618457
RTRAF,1440.241784,-0.101068401,0.086971516,0.031848345,0.212888571
DIRAS1,2182.951716,-0.080215983,0.049869577,0.03188896,0.212920957
LRRC25,3263.324716,0.08025118,0.049464148,0.031882454,0.212920957
ADIPOR2,2675.567396,-0.078996846,0.048246717,0.031990411,0.213368196
FRRS1,764.2857359,-0.104395288,0.108770302,0.031991787,0.213368196
CD164,17895.75723,-0.080241408,0.050084808,0.032019944,0.213436411
PNPLA6,6498.432447,0.091710249,0.062516787,0.032063242,0.213545357
RANBP9,1807.214955,-0.096536871,0.07241427,0.032072163,0.213545357
PLEKHA5,130.4518059,-0.068390312,0.110977462,0.032131244,0.213819153
CWF19L2,409.0638365,-0.100986734,0.08340383,0.032192952,0.21401059
SLC5A6,1546.362939,0.102257312,0.088911943,0.032195965,0.21401059
ANKRD50,772.7135977,-0.097029059,0.076011361,0.032224427,0.214080246
ANKZF1,860.0985467,0.089355091,0.060668321,0.032334983,0.214455698
MTND2P28,557.085452,-0.101831102,0.119934863,0.032310677,0.214455698
PSME2,3220.625913,0.098345803,0.079759921,0.032328491,0.214455698
CPEB2,1154.901401,0.093729757,0.068870537,0.032477626,0.215162014
YRDC,369.3461441,0.101860518,0.122137345,0.032471574,0.215162014
RGS18,114.4174014,-0.048429033,0.087916151,0.032508759,0.215241012
ZNF611,232.6736354,0.093369716,0.132295432,0.03252571,0.215241012
ZNF252P,209.4995461,-0.094160147,0.132087045,0.032601894,0.215625305
ANKRD13D,1832.506588,0.096315269,0.073201762,0.03266815,0.215823707
RNF125,634.5624698,-0.105295131,0.115658004,0.032656002,0.215823707
CAD,2551.242138,0.103326908,0.094745469,0.032719417,0.216042517
,181044.1674,-0.103349545,0.104751942,0.032832266,0.216667478
SACS,745.2977037,0.101579994,0.089245278,0.032903606,0.217017965
RRAGA,1376.640242,-0.087204534,0.058809291,0.032980414,0.217283798
SNRK,794.306934,-0.106213739,0.09418891,0.032979346,0.217283798
ARHGAP4,7295.81844,0.094509086,0.072136307,0.033058719,0.217679229
P3H1,2189.651902,0.10076546,0.086277252,0.033145536,0.21813024
MAPK11,65.79278276,-0.049056456,0.088580205,0.033166278,0.218146155
DHDH,105.0320622,-0.06221187,0.103433153,0.033233503,0.218347048
RAB4A,1064.499766,-0.095346193,0.072754204,0.033223232,0.218347048
SHOC1,59.88795738,-0.039841294,0.079992818,0.033266788,0.218445178
CAMK2D,1664.850853,-0.092315894,0.065398628,0.033325162,0.218673572
HINT3,1363.701172,-0.091118282,0.06339873,0.033338306,0.218673572
FCHSD1,1026.761967,0.100292991,0.085684313,0.033363173,0.218716173
USP6NL,1545.921913,-0.082217046,0.052853364,0.033415242,0.218936958
CPNE8,492.4882833,-0.102376148,0.108970009,0.033464121,0.219016141
IDE,1231.020356,-0.100265047,0.083928815,0.033456851,0.219016141
PNMA1,2645.797024,0.075264442,0.045508067,0.033511142,0.219203378
PIPOX,281.8539885,-0.091853117,0.127206272,0.033569362,0.219343171
SRD5A3,1243.298307,-0.100460139,0.085457782,0.033567483,0.219343171
ZNF112,113.978164,-0.065180149,0.106737018,0.033666841,0.219859429
AFDN,3599.80271,0.087049926,0.059119023,0.033707241,0.21988203
PRELID3A,441.8220945,0.102636428,0.09301674,0.033700999,0.21988203
PDIA6,8066.139567,-0.081403206,0.05298348,0.033734721,0.219940776
ARHGEF2,7255.176701,0.074877137,0.045315265,0.033830698,0.220241855
CCDC57,1870.105724,0.096223848,0.074864874,0.033836401,0.220241855
PCGF3,1424.012288,0.099194789,0.083962616,0.033822525,0.220241855
SASS6,191.4154431,-0.098283087,0.119678106,0.033869716,0.220338238
ABHD3,1234.934872,-0.095359891,0.074878998,0.033896655,0.220393053
C19orf44,82.59719696,0.039649041,0.07978804,0.033921052,0.220431293
TOP2A,4298.108511,-0.070642348,0.041601813,0.033957471,0.220547566
GPD1,3260.002841,-0.051806126,0.091393152,0.0339889,0.220631328
EIF4EBP1,3374.767948,0.079936447,0.04963683,0.034015826,0.220685779
KIF13A,1732.759926,-0.084969634,0.056797487,0.034040763,0.220727276
PPRC1,1480.537044,0.088957406,0.061325736,0.034088201,0.220914555
ASS1,6371.5099,-0.092970717,0.0840199,0.034143664,0.221153603
FUT11,714.3909949,-0.093082612,0.069625831,0.034301112,0.222052606
SLC22A23,232.2736666,0.054474811,0.094089243,0.034365465,0.222348292
AKAP10,1355.772574,-0.096346142,0.077354907,0.034389126,0.222380524
TCAIM,987.0811422,-0.097954924,0.0802372,0.034421849,0.222471286
SHTN1,3747.421747,-0.080727487,0.051535394,0.034507503,0.222903864
UBA7,2464.393738,0.099880658,0.088293658,0.034544443,0.223021471
ZNF211,243.5698139,-0.099570511,0.118122264,0.034603361,0.223280768
TYRO3,86.60387116,0.040563545,0.080508925,0.034643303,0.2234174
RNF31,1962.829334,0.08884127,0.062416285,0.034676007,0.223507233
SLC35B4,1032.050155,-0.103233299,0.098739307,0.034726228,0.223709817
ABTB2,113.2291726,0.054510195,0.094130502,0.034770174,0.223871779
TNFAIP8L1,1068.259398,-0.090868469,0.066107497,0.034815404,0.223984414
ULK2,997.6323774,-0.09975049,0.088991019,0.034825296,0.223984414
PRPF3,841.9764106,0.096353725,0.078458978,0.034866569,0.224007826
WAC,4144.685357,-0.078949421,0.048473721,0.03484926,0.224007826
DHCR24,7276.654989,0.100274718,0.096172478,0.034913452,0.224188053
FANCA,800.7664767,0.100756242,0.10765834,0.034937631,0.224222369
CCDC28B,149.4986994,0.072012103,0.113962326,0.034993755,0.224461562
ADPRS,1520.980969,0.090673947,0.066075061,0.035074864,0.224547216
JMY,639.6695558,-0.101148285,0.101007698,0.035055907,0.224547216
SASH1,3609.371715,0.076328635,0.043946174,0.035029078,0.224547216
STX4,5505.277648,0.087771826,0.060240064,0.035118543,0.224547216
TRIB1,1396.222826,0.100145032,0.092711713,0.035109655,0.224547216
TSPYL1,2432.528051,-0.076808889,0.047455409,0.035120278,0.224547216
BRD7,2099.047711,-0.089717473,0.064790144,0.035281613,0.225426509
OSTM1,3272.731017,-0.077682128,0.048724041,0.035295675,0.225426509
SLC25A22,345.6252598,0.077157808,0.119184017,0.035318206,0.225449457
N4BP2,771.0089195,-0.100602025,0.086284534,0.035338998,0.225461292
RHBDF1,131.5364635,0.048233061,0.087480816,0.035424279,0.225884327
C18orf21,292.4628066,-0.098760082,0.101091852,0.035512204,0.226323763
CCDC12,1204.744728,0.098095706,0.085175945,0.035550066,0.226443841
POLR2J2,267.9881099,0.059689706,0.099613793,0.035591521,0.226586663
SMPD1,1066.029654,-0.096267335,0.080061113,0.03563458,0.226739538
GET4,1294.858493,0.085887665,0.059192496,0.035779021,0.227536988
BAG5,1233.699045,-0.082669733,0.053795837,0.035928921,0.228246424
EWSR1,7665.096939,0.062697971,0.035146202,0.035918958,0.228246424
ADM2,421.4638125,0.099636654,0.107727577,0.036014014,0.228664982
ARHGAP18,5341.512935,-0.082245188,0.054526657,0.036133326,0.228872215
C6orf132,61.20940714,0.034673494,0.075855684,0.036106298,0.228872215
DDX20,607.2969091,-0.093842788,0.074643382,0.036142777,0.228872215
ERMAP,925.4675875,-0.098242426,0.088465728,0.036103248,0.228872215
TTC17,1742.701395,-0.089755399,0.066067255,0.03609696,0.228872215
CNDP2,9898.081213,-0.083405664,0.055895421,0.036262254,0.229262952
HSP90AB1,19538.46701,0.087705784,0.059153531,0.036257814,0.229262952
TMEM255B,281.6580637,-0.097079906,0.11367338,0.036257402,0.229262952
MTHFSD,443.6341598,0.100395318,0.098134988,0.036311308,0.229451229
PDCD4,3400.275495,-0.084310405,0.056212633,0.036358273,0.229508311
UBE2G2,2610.761495,0.074661162,0.045761344,0.036358897,0.229508311
DCAF6,1862.632341,-0.091719358,0.074040735,0.036539334,0.230525048
NFAM1,4738.422881,-0.089331063,0.06427282,0.036574808,0.23053005
PDZD8,652.4316126,-0.097389463,0.08650579,0.036578855,0.23053005
PRPF40A,3052.828843,-0.08020612,0.051828124,0.036754836,0.231516575
IGIP,157.0814136,-0.069274791,0.110284891,0.036833182,0.231887377
SLC35A5,787.3652996,-0.093192563,0.074352718,0.03688623,0.232098611
ZNF205,416.4900692,0.099569948,0.096505066,0.036907099,0.232107244
PLA2G7,8357.110077,-0.092893513,0.074922905,0.036972811,0.232366421
ZNF10,116.6758204,-0.040905057,0.080665376,0.036987347,0.232366421
GREM1,236.2819202,0.043328728,0.082794931,0.037125097,0.233108795
B3GNT7,933.9742811,-0.093955682,0.076320795,0.037166202,0.23324388
ARHGAP35,3833.656908,-0.086895198,0.063957855,0.037333482,0.233788962
C14orf93,237.1042346,-0.087465901,0.120182088,0.037329003,0.233788962
MAFK,1996.233458,0.08594682,0.062186984,0.037351248,0.233788962
PISD,1814.319164,0.093940831,0.076041603,0.037292641,0.233788962
WDR59,603.6898645,-0.097876647,0.092686331,0.037302486,0.233788962
DNM1,881.8699497,0.069785164,0.109806431,0.037490097,0.234534735
SLC17A9,2440.043951,0.093529574,0.075232797,0.037588587,0.235002257
TXNRD2,1332.516449,0.08294864,0.056458201,0.037604309,0.235002257
TMEM63B,1432.277587,0.083239834,0.056708728,0.037665063,0.235258433
GBA2,1747.247631,0.082181302,0.055736098,0.037792479,0.235903204
SRPK2,1135.15507,-0.09240558,0.075277076,0.037807922,0.235903204
CIPC,992.263786,-0.096747315,0.091064862,0.03785759,0.23608937
WDTC1,2423.913018,-0.086814958,0.062514879,0.037885187,0.236137775
ZMAT3,1935.41212,-0.08863435,0.067884919,0.037988724,0.236659216
FBXL5,1894.856505,-0.07868392,0.051602233,0.038120664,0.237232882
INPP4B,99.91439787,-0.037134347,0.077620993,0.038106449,0.237232882
HLTF,658.3571999,-0.09473964,0.109095515,0.03843533,0.239066146
B4GALT5,3753.461884,0.075754321,0.048376655,0.038494798,0.239112918
RPAP3,835.9086446,-0.096045945,0.1026585,0.038503105,0.239112918
TRIM44,4004.267841,-0.082347902,0.055698469,0.038481972,0.239112918
CYTH1,4778.079981,0.078394552,0.051459785,0.03857435,0.239334284
SLC25A5,7373.396202,-0.077572707,0.050293501,0.038599061,0.239334284
YDJC,739.6683376,0.095265459,0.086921877,0.038587425,0.239334284
DRAP1,4825.098942,0.08245394,0.055686418,0.038684291,0.23948855
LPIN2,2842.572881,-0.080304902,0.054484213,0.038659789,0.23948855
NFYB,460.890601,-0.09517718,0.105387368,0.038682036,0.23948855
PRDM10,388.9703971,-0.084858782,0.117862854,0.038771033,0.239900802
CDC37,7839.496107,0.061030395,0.034652203,0.038986728,0.240890774
POLE,1192.348565,0.095236536,0.110069224,0.038991728,0.240890774
RPL32,6921.961052,-0.092127106,0.075732684,0.038981982,0.240890774
ACP5,24371.16167,-0.078336071,0.050547844,0.039074333,0.241222309
DGKQ,1408.742699,0.094950874,0.094362889,0.039085916,0.241222309
CPNE7,92.51361828,0.052699832,0.091413919,0.039232892,0.242003927
SENP3,1793.709659,0.071267305,0.042566665,0.03931654,0.242394311
PRCP,2376.617501,-0.091970883,0.073981949,0.039346425,0.242452996
COL11A1,88.25540146,-0.03577448,0.076544263,0.039401993,0.242544326
LGALS2,61.14037661,0.041071912,0.080661316,0.039390307,0.242544326
ALG13,801.5151878,-0.084308259,0.118232152,0.039515782,0.242993482
DBI,8067.593404,-0.090231182,0.072509134,0.039503062,0.242993482
NRROS,1935.721536,0.085412027,0.06167169,0.0395912,0.243331562
SHROOM1,174.0645578,0.071143178,0.110042371,0.039736474,0.244098411
HFE,547.9472261,-0.092624223,0.107108654,0.039784018,0.244264431
NACA,7177.099534,-0.089564836,0.071272277,0.039804829,0.244266231
NOD1,693.9330861,-0.097152197,0.089248061,0.039868803,0.244406846
TENT5A,1047.403843,-0.094205955,0.100952774,0.039863044,0.244406846
MLEC,6809.214069,-0.072785281,0.046227359,0.039934481,0.244557614
NLRC5,962.1260777,0.091050962,0.115656966,0.039920461,0.244557614
KANK2,333.1093299,-0.072861171,0.111516251,0.039976233,0.244687428
EGR1,669.6989721,0.027449979,0.071142845,0.040012759,0.244785146
RANBP1,1663.734283,0.085765274,0.062461507,0.040034455,0.244792082
DMAC1,1075.642454,-0.094518138,0.104393677,0.04015194,0.245384416
ADCK2,1430.260646,0.085088824,0.061787643,0.040237371,0.245393382
ATP6V1B2,16809.69422,0.070438619,0.043803887,0.040286077,0.245393382
KPNB1,10889.24144,0.075719478,0.048455854,0.040220297,0.245393382
NFATC2IP,1701.093167,0.081947961,0.056917496,0.040274222,0.245393382
PLEKHO2,10574.47357,0.069680863,0.043297885,0.04023923,0.245393382
SLC33A1,1293.486717,-0.08710274,0.06662752,0.040297695,0.245393382
TELO2,1050.383785,0.093270468,0.077424861,0.040227299,0.245393382
REL,1720.597281,-0.084756658,0.060409091,0.040328544,0.245455684
OPTN,1828.910763,0.084662998,0.062596633,0.040362816,0.245538743
SYNGAP1,1010.241394,0.042805823,0.082088077,0.040468978,0.24605883
SPTBN1,1230.342654,0.079936119,0.054336635,0.040567801,0.246533779
CEP170B,926.202062,0.09350422,0.106309998,0.040604704,0.246632142
ATF2,1298.457032,-0.083512576,0.059695701,0.040746816,0.24733693
YIPF4,2435.744355,-0.080146495,0.054731645,0.04076229,0.24733693
ANO8,817.5779628,0.094362481,0.099170393,0.040812948,0.247518157
UTP15,343.7258466,0.094134111,0.09439931,0.040900329,0.247921802
GRAMD1B,559.519697,-0.091979541,0.108583472,0.040947656,0.247994376
TMEM176A,2125.405837,-0.084378872,0.061383138,0.040953964,0.247994376
COPS8,878.8339757,-0.082035636,0.058665542,0.041107026,0.248794686
ZFYVE26,3672.215484,-0.082631253,0.056649725,0.041151768,0.24893892
COX7C,3744.12278,-0.072753733,0.046243898,0.041214354,0.249080599
HDAC5,2918.888472,-0.083958326,0.061160433,0.041217033,0.249080599
CHI3L1,141983.1578,0.066537018,0.039019657,0.041349977,0.249689272
RIPOR3,76.06086943,0.048204898,0.086798509,0.041380675,0.249689272
STARD9,482.8144354,-0.093273596,0.100573923,0.041377577,0.249689272
CYP4X1,384.4189699,-0.093504675,0.09468536,0.041587604,0.250757685
SEPTIN3,312.383428,-0.091919234,0.104852525,0.041599868,0.250757685
BHLHE41,5850.154273,-0.08820842,0.069521511,0.041663259,0.250885737
HMGA2,1938.179316,0.047646982,0.086477726,0.041651014,0.250885737
SRF,1676.447093,0.074882993,0.048848145,0.041800406,0.251584346
TNFRSF11A,2172.094333,-0.091571557,0.082104748,0.041846145,0.251732365
LMAN1,2748.553908,-0.075246214,0.049663514,0.042046624,0.252805266
SIDT2,1990.514679,-0.094541309,0.095177039,0.042066966,0.252805266
CMTR1,2356.895083,0.087804272,0.068775891,0.042119375,0.252948385
DLX3,477.6277068,-0.067853784,0.105120675,0.042197017,0.252948385
MAPKBP1,719.9392113,0.093533138,0.098924728,0.042157475,0.252948385
MVB12B,104.1593982,-0.049558294,0.088083975,0.042143779,0.252948385
TBC1D3L,454.560616,0.085648328,0.113753177,0.042183623,0.252948385
ASAH2B,130.7666567,0.040124244,0.079725785,0.042261359,0.253072624
TMED10,7240.554811,-0.065932902,0.040921462,0.042247972,0.253072624
ZBTB7B,2869.021914,0.083163058,0.060518646,0.042281516,0.253072624
ALDH5A1,357.6241015,-0.084947824,0.11322561,0.042371222,0.253095359
CD320,195.5703367,0.08096123,0.114112353,0.04237096,0.253095359
DTX4,603.2857935,0.092923178,0.096394254,0.042367475,0.253095359
EIF3H,3460.952894,-0.089770569,0.075064783,0.042455391,0.253095359
ETS1,763.3912263,0.086304804,0.067448223,0.042442708,0.253095359
PCOLCE2,1332.876045,-0.090271678,0.103053214,0.042454682,0.253095359
STARD8,994.0058241,0.086834381,0.067207341,0.042447515,0.253095359
TCERG1,1592.965281,0.090675281,0.076210796,0.042354921,0.253095359
AP2B1,3968.159698,-0.077907057,0.051214487,0.042544346,0.25349872
TMEM65,955.6781303,-0.092027131,0.096101786,0.04260387,0.253726398
VPS9D1,1365.801559,0.088647623,0.071579499,0.042691376,0.254120414
C1QTNF6,128.2595545,0.063511019,0.101431777,0.042801425,0.254648156
P2RX4,3557.968214,-0.077025591,0.052139911,0.042836005,0.254678314
TMEM169,67.29827721,-0.039160409,0.078924235,0.042849279,0.254678314
OCIAD1,2981.701642,-0.077035486,0.051554742,0.042874685,0.254702157
ARHGAP32,828.0863089,0.091408714,0.084721816,0.042899457,0.254722215
CD44,16677.15104,0.081375818,0.057334091,0.042931451,0.254785105
SERAC1,459.4313376,0.092032567,0.08610376,0.042996553,0.255044328
DDX51,638.6067068,0.091350758,0.100690614,0.04314697,0.255809101
SUMO2,4424.652045,-0.078620562,0.05646449,0.043201913,0.256007356
CNOT4,700.9107842,-0.088710087,0.073738394,0.043242901,0.256122757
JAZF1,467.4924492,-0.091790744,0.091869616,0.043309825,0.256391581
PCDHGC3,2928.632154,-0.087068053,0.06801073,0.04339254,0.256753572
CKB,172.1299551,0.070167675,0.107318136,0.043457426,0.257009768
DUSP23,841.3613252,-0.088965929,0.074901801,0.04355486,0.257330325
MED23,1138.333355,-0.083972531,0.062682015,0.043537609,0.257330325
NEU1,4081.837718,-0.077016379,0.047433248,0.043604823,0.257497725
AMER1,223.0263616,-0.083873109,0.11096333,0.043810524,0.25858418
DAPK1,5953.402275,0.083352322,0.062110386,0.043834932,0.25860003
BRI3BP,850.7144343,-0.090839208,0.086031599,0.043878603,0.258683175
HMGN5,381.697768,-0.083257655,0.114065398,0.043914212,0.258683175
PLA2G4C,161.8015792,0.059311827,0.097023327,0.043904485,0.258683175
VPS35,4634.791514,-0.071201452,0.046442403,0.044156997,0.259984691
TXNL1,1295.326966,-0.087204262,0.072150355,0.044236265,0.260322658
DDX5,17010.98976,0.06790581,0.036396068,0.044288585,0.260373138
SEMA6A,69.64998577,0.03682409,0.077143413,0.044272947,0.260373138
WDR4,375.5560869,0.09048699,0.099816999,0.044329852,0.26048711
HAUS8,398.0386183,-0.090507192,0.099090627,0.044431802,0.260957376
MED4,747.1548255,-0.091542017,0.086794429,0.044455105,0.260965493
ABHD18,502.7387719,0.091254897,0.087007221,0.044506985,0.261012636
UBXN2B,1512.676866,-0.086618991,0.067737579,0.044490986,0.261012636
RMND5B,1075.701724,0.084595846,0.064358379,0.044555979,0.261042778
TREX1,775.6183767,0.089052383,0.076419936,0.044552789,0.261042778
ARHGAP19,510.8712582,-0.088791254,0.105598029,0.044588811,0.261106639
TMEM41B,700.5637546,0.089992012,0.085902738,0.044669681,0.261451601
NKAIN3,168.4420118,-0.076783416,0.110451366,0.044719252,0.26161312
PCBP2,12160.37843,-0.061481096,0.036549964,0.044851472,0.262257747
TMEM9B,2288.032558,-0.081095148,0.060109772,0.044906934,0.262453139
KLHL12,1177.151416,-0.077436973,0.053681047,0.044995738,0.262714202
MAP2K4,1020.557783,-0.083987158,0.064749872,0.044983734,0.262714202
KDM3A,1547.000255,-0.081262949,0.059690335,0.045025038,0.26275641
TOMM7,1019.074457,-0.089558508,0.082032862,0.045073594,0.262827964
ZNF513,788.0779768,0.089130306,0.077814117,0.045081453,0.262827964
CDC14B,416.4775459,-0.091295115,0.095475928,0.045103706,0.262828985
ADAM9,11377.34502,-0.075199888,0.049618283,0.045172604,0.262890352
KBTBD6,193.6364003,-0.076688988,0.108467798,0.045180484,0.262890352
TLR3,355.3203842,-0.090048106,0.096249211,0.045145568,0.262890352
ABCA9,103.418436,0.040157489,0.079556687,0.045316988,0.263083742
C6orf62,10587.89949,-0.068873388,0.043769288,0.045323826,0.263083742
CDK13,2046.709132,-0.074550307,0.049914204,0.045257332,0.263083742
DNLZ,198.06262,0.071197052,0.106752985,0.045339302,0.263083742
GALNT12,1837.183677,-0.087851095,0.07952202,0.045344687,0.263083742
LAT,235.5404848,0.074837615,0.107948627,0.045346312,0.263083742
C11orf21,579.0546178,-0.089945284,0.099285432,0.045402373,0.263152508
WNT5A,2069.848079,0.086196129,0.107542041,0.045399863,0.263152508
ADM,175.0275968,0.068123187,0.104800917,0.045644482,0.264062319
ALCAM,21378.53098,-0.066137324,0.042549676,0.045599671,0.264062319
P2RY6,1457.025018,0.088984852,0.102091601,0.045648068,0.264062319
YWHAH,6995.538612,0.078231455,0.054483595,0.045635253,0.264062319
DMTF1,1228.658693,0.089130838,0.07899687,0.04568867,0.264138817
PIGP,252.0606744,-0.070728872,0.1061013,0.045705667,0.264138817
CSNK1E,1404.098155,0.083825925,0.065158255,0.045832601,0.264743871
IGFBP4,2265.34503,0.0931146,0.092862883,0.045885673,0.264921888
STX18,1276.565362,-0.082022298,0.062237579,0.046032285,0.265639531
CDADC1,169.3443894,0.067070884,0.103628536,0.046060105,0.265668643
PPM1K,1416.482342,-0.086652242,0.073184897,0.046104277,0.265668643
PTTG1IP,9115.982659,-0.073047782,0.048726872,0.046089514,0.265668643
FNBP4,1949.131941,0.086808699,0.072491842,0.046198595,0.266041045
MCUR1,702.7681979,-0.087365748,0.075138414,0.046213598,0.266041045
GCC1,1206.068316,-0.077597644,0.054725748,0.046263245,0.266198132
TONSL,521.0670373,0.088340843,0.100700892,0.046294732,0.266250622
ATF7IP,1392.83694,-0.087535102,0.079405799,0.046514026,0.266934725
AVIL,105.2786034,0.045687268,0.083970236,0.046525792,0.266934725
GPC1,89.63227601,0.037877412,0.077757903,0.046483788,0.266934725
PTPRC,8742.94389,-0.080298881,0.05946446,0.046511753,0.266934725
RPLP2,6223.57696,-0.085857188,0.068606312,0.04644982,0.266934725
ACTA2,256.3400439,-0.087596124,0.099301803,0.046752467,0.267727732
COL6A3,375.8430869,0.07784811,0.109542951,0.046753965,0.267727732
ELMO1,1581.733841,-0.087028541,0.075682047,0.046712909,0.267727732
SGTB,1377.691011,-0.087320854,0.082347633,0.046725984,0.267727732
UHRF2,771.7211413,0.086815492,0.075158204,0.046802377,0.267876106
IFNGR1,5250.385932,-0.072483068,0.048074558,0.046963335,0.268668189
CENPU,496.4771044,-0.088860096,0.085452122,0.047063274,0.269110603
TRIO,7083.222632,0.080416295,0.062072066,0.047106734,0.269229799
AKNA,2806.264744,0.081104823,0.060640588,0.047171332,0.26923769
LDLR,902.9493939,0.066227819,0.102047262,0.047175961,0.26923769
PAG1,2834.031148,-0.090993919,0.084984853,0.047175063,0.26923769
NBPF14,2050.926928,-0.0824809,0.063532113,0.047209603,0.269300584
CD101,1978.727267,-0.088819164,0.091066863,0.047296895,0.269669316
RALGDS,3021.352014,0.081416423,0.061437349,0.047335461,0.26972904
ZNF787,1673.559168,0.082654116,0.06410297,0.047352683,0.26972904
BCS1L,509.9802746,0.090300852,0.091467362,0.047387719,0.269799517
WTAP,2246.503529,0.075180709,0.052200562,0.047418659,0.269846621
SLC35D2,792.6081471,-0.082875441,0.065046316,0.047493991,0.270146184
PPP4R3B,2561.536047,-0.079992837,0.060301869,0.047649456,0.270901039
GGACT,237.7429888,-0.078264396,0.108095718,0.047756267,0.271154534
PDPN,911.7806003,0.087804343,0.09327086,0.047718678,0.271154534
RARA,663.7331666,0.087320693,0.077748432,0.047762374,0.271154534
LSM4,3016.442689,0.072186459,0.048481661,0.047804635,0.2712651
GNPDA1,2057.823618,-0.077235124,0.056871073,0.047870233,0.27150792
SEMA7A,1387.496517,0.08411061,0.067004376,0.048027974,0.272272872
SFI1,685.9292345,0.088549864,0.090190484,0.048108979,0.272602285
SRA1,1377.650997,0.084998771,0.069967817,0.048154417,0.272729939
ATXN1,2757.061795,0.088278187,0.093027132,0.048278811,0.273241244
IFITM3,4104.991044,0.084663857,0.106931362,0.048290599,0.273241244
KLHL24,2747.579232,-0.087571826,0.083868686,0.048411097,0.273543514
SIPA1L3,573.1124631,0.07468175,0.102796277,0.048412951,0.273543514
TIPIN,123.2709128,0.06059826,0.09711733,0.04839025,0.273543514
ABCB7,905.7949988,-0.083383525,0.068708113,0.048549527,0.274165613
KAT2A,1415.222765,0.088228367,0.082778533,0.048569112,0.274165613
TSHZ1,626.5765591,-0.08373482,0.068497115,0.048607777,0.274253829
RPL36A-HNRNPH2,809.4828334,-0.073853258,0.104729633,0.048651364,0.274369725
CEP72,109.8985336,0.058893308,0.09529263,0.048739214,0.27460499
MAP4,6401.90412,0.071581559,0.048006239,0.048737665,0.27460499
C15orf48,4360.83208,0.087492599,0.094794859,0.048795106,0.27478985
ADAM28,2872.130128,-0.083496711,0.06881129,0.048957407,0.275437189
CCDC126,156.7205856,-0.063594697,0.099244895,0.04910018,0.275437189
CEP131,291.8382886,0.07205212,0.104727797,0.048999322,0.275437189
GPSM1,133.2007299,0.057912747,0.09463047,0.049083256,0.275437189
LENG8,10413.10395,0.069576443,0.105727053,0.049065662,0.275437189
LYNX1,901.9371687,-0.072832517,0.105776783,0.049104932,0.275437189
RNF217,938.8959223,-0.086110305,0.096436547,0.049076885,0.275437189
VPS26A,3078.525786,-0.080725979,0.05958812,0.049118282,0.275437189
ZNF830,477.2433836,-0.08788102,0.086916542,0.048952012,0.275437189
CKAP2,1489.493835,-0.084827156,0.072348415,0.049195329,0.275506848
DEXI,988.6863022,-0.078868231,0.058657259,0.049154483,0.275506848
ITGA9,406.1909541,-0.06298999,0.098013503,0.049200131,0.275506848
NDEL1,1229.152053,0.072780342,0.049744182,0.0492481,0.275645805
CPE,552.4648446,-0.070186338,0.103198135,0.049359742,0.276140848
NPTX2,110.2704334,0.05949982,0.095728459,0.049527209,0.276947592
SLC29A2,168.5343729,0.052848051,0.090192247,0.049646716,0.277485517
IQGAP1,14939.30167,-0.06906328,0.052688757,0.049692936,0.277613516
STAU2,756.3997094,-0.084463488,0.084456013,0.049732158,0.277702319
TMEM70,1979.96357,-0.076069629,0.053900545,0.049758042,0.27771659
AGGF1,1068.871505,-0.08125043,0.064088192,0.049822926,0.277948424
DGCR6,68.61233652,0.036866724,0.076927813,0.049871143,0.278087097
PPP2R5D,1305.55944,-0.080942476,0.062244603,0.050027467,0.278828183
EFCAB13,174.5942758,0.056788879,0.093303706,0.050075264,0.278833499
FNDC3A,4555.587507,-0.073306975,0.050421799,0.050073855,0.278833499
MEF2A,5034.352493,-0.063449065,0.040835498,0.050110511,0.278899313
ALDH1A2,3532.693676,0.084190633,0.071974935,0.050195918,0.278983384
CEBPG,3024.332644,-0.066888564,0.043288132,0.050177695,0.278983384
MYZAP,148.4192797,-0.053025821,0.08973163,0.050150099,0.278983384
TMEM117,406.7390925,-0.070163554,0.102623416,0.050280622,0.279323754
LPIN1,999.7404505,0.086343807,0.110579861,0.050334852,0.279494594
TOMM34,614.5378899,0.08513442,0.074885616,0.050360138,0.279504638
CCL18,308.1355267,0.080554459,0.105882831,0.050390347,0.279541977
PPIL4,884.9572305,-0.081137765,0.063925348,0.050422637,0.279590821
UQCRFS1,1880.170293,-0.082367306,0.066073206,0.05045023,0.279613588
MRPS12,694.3589862,0.083486866,0.070061422,0.050592657,0.279803719
NUDT21,1621.396497,0.080095735,0.061842001,0.050572234,0.279803719
TAPBP,8204.451231,0.089028747,0.092323505,0.050554779,0.279803719
TPST2,1587.225865,-0.084539189,0.073863124,0.05060205,0.279803719
TRIM73,147.3002437,0.057048301,0.093341344,0.050585372,0.279803719
TPM2,997.614956,0.082786143,0.068271374,0.05073975,0.280434874
RMDN2,196.9805538,-0.066894214,0.101003519,0.050763831,0.280437776
CNOT7,1650.119957,-0.08055835,0.103319766,0.050794522,0.28047717
DGAT2,235.8573891,0.086486877,0.103494732,0.050851733,0.280506316
SEC14L1,6868.793009,-0.074135868,0.051514347,0.050852615,0.280506316
SLC38A5,138.2969689,0.065974378,0.100227784,0.050870486,0.280506316
CHCHD10,1736.949824,-0.077202627,0.056919674,0.050904885,0.280566044
HEXIM2,234.5854633,-0.078857631,0.103900119,0.050951425,0.280692604
PIK3IP1,891.9992129,-0.085465263,0.088452912,0.051253077,0.282093332
SCCPDH,2236.546073,-0.079137362,0.061522851,0.051244184,0.282093332
CIAO2B,1298.375774,0.077734309,0.058237816,0.051298869,0.282146214
SLC49A4,1189.060412,-0.076186337,0.055707271,0.051310084,0.282146214
ECM1,2415.374947,0.085901702,0.093179395,0.051478218,0.282509619
HMGCR,1748.999628,0.080357723,0.105195528,0.051494823,0.282509619
IPO11,472.837852,-0.085413221,0.087848337,0.051474341,0.282509619
PYCARD,3143.241124,0.070805677,0.04897615,0.051491273,0.282509619
RPL10,14415.50724,-0.07445357,0.053865342,0.051409519,0.282509619
NT5C,671.2831312,0.082736017,0.0688634,0.051547326,0.282667395
NIFK,630.2661206,0.083030933,0.094588316,0.051681519,0.28327278
CSTF2,472.1453891,0.085045498,0.085981938,0.051730836,0.283412609
BIVM,466.4962107,0.085477253,0.084510411,0.051829347,0.283545301
CELSR2,267.9487886,-0.066227914,0.100639412,0.051779264,0.283545301
PSMA6,3905.295712,0.079809289,0.062065164,0.051850325,0.283545301
SWSAP1,122.5142864,0.061139255,0.096394297,0.051811348,0.283545301
SLC25A30,521.1646278,0.082499373,0.097093673,0.052048978,0.284500958
RUVBL2,1303.325015,0.078474555,0.060309199,0.052092895,0.284610332
FAM118B,491.2533522,-0.085015844,0.085457065,0.052175127,0.284818486
IFNGR2,4686.860279,0.070510576,0.048203162,0.052198576,0.284818486
ZNF678,107.8975176,0.048585094,0.085810461,0.052202767,0.284818486
ARB2A,339.9614041,-0.078468513,0.100330102,0.052305784,0.285249818
HSPA7,572.0660654,0.06117521,0.097645888,0.052381359,0.285432513
QARS1,5454.403266,-0.08317712,0.069298347,0.052387236,0.285432513
ESCO1,665.8076183,-0.084817652,0.083486782,0.052625569,0.286599909
DCPS,416.5527856,0.078139542,0.102629245,0.05275626,0.286876482
IBSP,14133.75985,-0.078066223,0.066772049,0.052788603,0.286876482
PHF19,1681.077685,0.072300592,0.050561867,0.052796839,0.286876482
SPINT1,3842.109677,0.069079764,0.046673706,0.052700527,0.286876482
ZNF813,228.7462885,-0.068837934,0.100798296,0.052758218,0.286876482
SLFN5,5061.234156,0.081003287,0.068741114,0.052898659,0.287298603
RPLP1,15021.30616,-0.073719025,0.054727852,0.053016307,0.287692858
ZNF106,4272.783149,-0.06466292,0.041992891,0.053019583,0.287692858
TOR1B,2547.968246,0.08390386,0.096161549,0.05304875,0.287719984
TMX3,2060.571161,-0.084851491,0.070850077,0.053202377,0.288421814
HCK,8993.368019,0.074202791,0.053847561,0.053405832,0.289261342
PLCB3,1507.015546,0.075146212,0.055148546,0.053385301,0.289261342
CDC6,236.2420531,0.075967083,0.102687663,0.053499691,0.289410623
ETV6,2256.519049,0.073425306,0.0524003,0.053579254,0.289410623
MKRN1,3284.852421,-0.079873531,0.064872429,0.053560439,0.289410623
MOB3A,1306.474882,0.084924602,0.082731291,0.053575151,0.289410623
RGS2,170.8748922,-0.068650782,0.100564613,0.053554629,0.289410623
RNF13,5773.993802,-0.070226393,0.049063062,0.053555754,0.289410623
EPC2,823.9207585,-0.077316905,0.060120943,0.05369493,0.289772505
MPC2,2175.680647,-0.066581837,0.044093682,0.053671558,0.289772505
ARL6IP6,871.8588045,0.081775395,0.067678163,0.053840617,0.289901648
CD55,1137.994729,0.082955998,0.086834179,0.053762002,0.289901648
DHRSX,883.9782619,0.082541785,0.071882961,0.053837676,0.289901648
MED6,698.5243543,-0.083010678,0.075057204,0.05382214,0.289901648
SAYSD1,441.3318615,-0.081833385,0.076576561,0.053823079,0.289901648
MLF1,126.1553169,-0.048374593,0.084479006,0.05389455,0.290060861
MCTS1,734.5580389,-0.083100512,0.075165491,0.053938458,0.290165992
SLC29A1,9983.55255,-0.071426062,0.049590004,0.054080313,0.29079771
VPS8,1581.879526,-0.082023433,0.071868101,0.054112402,0.290838892
MCM4,1444.876442,0.082643005,0.096528286,0.054217641,0.291273023
ESD,1360.316952,-0.082979361,0.077753053,0.054255545,0.291345178
CARS2,1345.155784,0.074557072,0.054996599,0.054360223,0.29177568
UBTD1,1490.380081,0.078314307,0.061471839,0.05438654,0.291785379
PIGT,4164.285423,-0.077194911,0.0592172,0.054440055,0.291809482
PSMC5,3049.447541,0.070850156,0.048996111,0.05442011,0.291809482
ZNF519,132.4634719,-0.049999435,0.08668351,0.054474936,0.291865037
PABPC1,40763.07896,-0.058017398,0.03912328,0.054512254,0.291933598
FOXP4,1875.792834,0.083273618,0.07951239,0.054660022,0.292330444
RLIM,1942.742654,-0.072550343,0.052853666,0.05465215,0.292330444
SEPTIN8,1181.204554,0.074059936,0.05448283,0.054637055,0.292330444
MFSD4B,582.1654939,0.059364565,0.094527093,0.054695809,0.292390485
CCDC9,614.9695376,0.082304777,0.091737311,0.054797022,0.29240634
ELF1,3573.721888,-0.071814347,0.050895416,0.05474817,0.29240634
IL12RB1,216.4292562,0.069397409,0.099788297,0.054778575,0.29240634
USP12,2242.080123,0.080075924,0.068295756,0.054761352,0.29240634
PUS7,190.1285898,0.058448248,0.093808503,0.054926423,0.292965532
HOMER3,1418.66214,0.082744545,0.075933303,0.054951092,0.292965853
ATP6V1C1,3925.81057,-0.077842309,0.060865218,0.055345204,0.293427756
CFAP69,72.03121923,0.035059383,0.075395545,0.055135407,0.293427756
DEK,4594.055979,-0.069290116,0.047651625,0.055225339,0.293427756
ERRFI1,354.6705637,0.071956923,0.102087278,0.055335012,0.293427756
IFI44,2494.721769,0.078705852,0.098849252,0.05530992,0.293427756
MSMO1,593.8177741,0.076759472,0.099595453,0.055314034,0.293427756
PASK,447.0374762,0.080833488,0.095773368,0.055290854,0.293427756
R3HCC1L,816.5825275,-0.079580864,0.064905439,0.055356564,0.293427756
RAB3A,67.35598908,-0.03775582,0.077221843,0.055320672,0.293427756
RAI14,2167.682461,0.080738296,0.093512861,0.055358147,0.293427756
RCBTB2,2753.702425,-0.081721343,0.079717197,0.055112141,0.293427756
RFWD3,1076.185519,0.078848537,0.065991033,0.055216126,0.293427756
ZNF441,73.08565025,-0.037050274,0.076694471,0.055148126,0.293427756
TDRD9,257.657545,-0.056424482,0.091840435,0.055388635,0.293458702
PALS1,746.287066,-0.082824013,0.073499962,0.055489787,0.293602626
PSD3,1367.814779,0.083396901,0.082976296,0.055461538,0.293602626
WDFY1,3432.630897,-0.077713197,0.061756181,0.055481257,0.293602626
KDM8,166.0132926,0.065224219,0.098152855,0.05552893,0.293679213
MCM9,505.7872557,-0.082430425,0.078421852,0.055571201,0.293772271
DHX58,1600.59017,0.083921042,0.087204845,0.055630922,0.293827029
STING1,1960.116155,-0.080908262,0.069519369,0.055615183,0.293827029
NCDN,1082.56302,0.076519731,0.058943736,0.055695463,0.294037468
ZCCHC17,756.5416626,0.077502984,0.062290176,0.055767226,0.294285825
SHMT1,501.1747495,-0.081441794,0.091592141,0.055921749,0.294970502
PGRMC1,1556.137717,-0.076237023,0.059070104,0.055950305,0.294990426
PRDX1,12150.59812,0.071018614,0.04986414,0.05635049,0.29692151
ZNF253,111.9644957,-0.028683057,0.07158376,0.056366452,0.29692151
UBLCP1,1090.963117,-0.081387785,0.087434565,0.056393711,0.296933716
RANGAP1,4078.080777,0.059902534,0.037562852,0.056437346,0.297032096
PPCS,1356.207966,-0.077393836,0.061785006,0.056555331,0.297521525
RPAIN,692.3398018,0.081237391,0.073474654,0.056632294,0.297794813
MS4A4A,2271.564363,-0.078384264,0.064173555,0.056740926,0.29798164
PHLDB1,1221.921255,0.082341922,0.073949915,0.056742913,0.29798164
SVIP,164.5623435,-0.060940038,0.095260303,0.056736981,0.29798164
CTSD,191407.7092,-0.070564071,0.050383646,0.056802041,0.298029217
DTNBP1,618.4735881,-0.081403306,0.086408786,0.056797211,0.298029217
FBXL12,865.3410254,0.079088817,0.064308102,0.056856648,0.298184314
PAAF1,378.9338193,-0.077814842,0.095191155,0.056933301,0.298454842
CDKN2C,1166.32608,-0.079204993,0.067403938,0.057033784,0.298550216
LDLRAD3,385.3249957,-0.081665197,0.086133081,0.057034449,0.298550216
POLR1B,613.509985,0.082481826,0.091056408,0.057076883,0.298550216
RELCH,1029.362253,-0.081248608,0.075148352,0.057017305,0.298550216
TMEM154,110.4034814,-0.030754176,0.072714804,0.057068924,0.298550216
CAPN10,926.4646676,0.081947024,0.082006399,0.057197878,0.29903885
SNX29,1536.055385,-0.079345818,0.069231135,0.057220538,0.29903885
TBC1D10B,3415.490959,0.074763655,0.056919792,0.057249919,0.299061116
PTPN9,3267.819712,-0.080229778,0.071339641,0.057386511,0.299643164
COPS5,1262.106695,-0.072875943,0.05496719,0.057469012,0.299801348
KCTD13,806.3334027,0.082228076,0.085660387,0.057531267,0.299801348
STXBP1,660.1832286,-0.08153221,0.078064876,0.057501864,0.299801348
UBFD1,1549.413105,0.081220749,0.086675656,0.05754272,0.299801348
YIF1A,1740.961653,0.07421408,0.056294623,0.057481618,0.299801348
FOXO3B,87.46516224,-0.040188239,0.07886624,0.057603418,0.299855136
TRIT1,395.9012072,0.081923793,0.080400559,0.057601699,0.299855136
NDN,253.9461744,-0.07914425,0.093197048,0.057758163,0.300529251
WDR83OS,1039.556311,-0.079001796,0.069459084,0.057823876,0.30073973
ARHGEF1,5464.511101,0.083100122,0.091392497,0.057938847,0.3012061
RINT1,421.818335,0.080908637,0.077269046,0.057969241,0.301232568
GTSE1,1193.125294,0.075650885,0.059998999,0.058019917,0.301364361
ASPH,6512.62225,0.073342868,0.055109211,0.058049799,0.301388076
DLD,2420.882755,-0.076639218,0.061609864,0.058086755,0.301448481
ALG14,293.6578974,-0.049568462,0.085988166,0.058229301,0.30205657
ABHD14B,512.1550507,-0.081920954,0.088017973,0.058458708,0.302233366
ADGRG5,267.7537346,-0.054351198,0.087333564,0.058427604,0.302233366
AK1,372.4676493,-0.058494033,0.092467363,0.058342089,0.302233366
ANAPC5,2794.231464,0.069760915,0.049102992,0.058396007,0.302233366
CDIN1,143.5572863,0.054781439,0.090165407,0.058488976,0.302233366
COMTD1,368.1478304,0.080426318,0.087170084,0.058472187,0.302233366
SEMA4B,988.4679962,-0.080262199,0.082357961,0.058491867,0.302233366
SLC39A7,4995.699578,0.05704394,0.035896795,0.058329102,0.302233366
ZNF626,98.37700525,-0.036101252,0.07598415,0.058487475,0.302233366
SGMS2,176.0226587,0.043079886,0.08100026,0.05856488,0.302479345
HBEGF,1698.60102,0.079778562,0.073548202,0.058756799,0.303338982
BOP1,1147.507632,0.080139531,0.073621831,0.058869339,0.303371189
DHTKD1,736.7766549,-0.081021941,0.07759568,0.058873443,0.303371189
HEMK1,611.9654875,0.080613925,0.074066163,0.058890451,0.303371189
SMAD2,2180.493439,-0.078319981,0.067155156,0.058848026,0.303371189
UBE3A,2109.801963,-0.068531639,0.048725362,0.058874906,0.303371189
ETNK2,65.84114228,0.028949099,0.071699211,0.058940444,0.303497397
ANAPC2,1600.440016,0.082219729,0.081143094,0.059020037,0.303513408
SAMD11,98.82814676,-0.038058839,0.077261995,0.059002736,0.303513408
UBE2G1,1676.927998,-0.06810844,0.047950261,0.05898418,0.303513408
PUM2,2824.191436,-0.066654781,0.046927954,0.059101486,0.303801031
NCEH1,9462.980747,-0.079897472,0.074723118,0.059130611,0.303819563
PEX2,731.4114833,-0.080718412,0.078684947,0.059195066,0.304019527
SLC2A8,807.858917,-0.077944242,0.065504107,0.059277497,0.3043116
ZNF420,128.1784204,-0.040990965,0.079350777,0.059313451,0.304364929
MFSD2A,358.4963803,0.076884504,0.094830993,0.0593486,0.304414079
CLASP2,1526.555658,-0.079083426,0.089745411,0.059492635,0.304496912
CTDSP2,6054.398443,-0.068808693,0.049076421,0.059468013,0.304496912
RNF111,1565.473824,-0.077903342,0.068158119,0.059426339,0.304496912
SLC25A37,912.4286582,0.068546238,0.096502893,0.059490245,0.304496912
VPS4B,2163.13635,-0.064777023,0.043901634,0.059403739,0.304496912
WFDC1,98.25642071,-0.045241148,0.082456947,0.059583026,0.3048285
FGL1,1285.544676,-0.075859885,0.059773885,0.059662301,0.305102961
CCDC142,431.6335705,0.077297035,0.096175283,0.059710368,0.305169861
NBL1,295.0635675,0.07537437,0.095581376,0.059726651,0.305169861
ARL15,472.3616829,-0.066792844,0.096442643,0.059760461,0.305211621
ARHGAP23,99.50496806,0.035254155,0.075384862,0.059982583,0.305717247
CFL2,313.9471671,-0.073611267,0.095561118,0.059927667,0.305717247
NDUFA11,2299.909687,0.06397158,0.043168156,0.060008478,0.305717247
OMA1,344.1040149,-0.071840215,0.097207866,0.059957963,0.305717247
RALGAPA2,940.5244245,-0.077427728,0.068114784,0.060013541,0.305717247
WASH8P,721.7598501,0.080577112,0.081693999,0.059970832,0.305717247
PPP1R35,497.1149623,0.079610149,0.089791378,0.060067852,0.305732268
RASSF2,2679.130358,0.070085274,0.051180652,0.060055201,0.305732268
NYNRIN,273.7015407,-0.059562611,0.094116597,0.06023329,0.306443299
AIMP1,1205.632095,-0.0733071,0.056407384,0.06027509,0.306524965
PURB,2257.51149,-0.066701678,0.046514657,0.06031233,0.306583386
IPO9,2338.187798,0.07890676,0.093204503,0.060372798,0.30675978
ZNF267,810.2483882,0.074941402,0.096381974,0.060439579,0.306968082
CASD1,578.07142,-0.079520587,0.085330767,0.060620043,0.306991065
D2HGDH,702.0776253,-0.078969139,0.088072893,0.060712322,0.306991065
ENOSF1,2286.978308,0.080860979,0.077024671,0.060680248,0.306991065
MED17,758.8165265,0.078724113,0.070250888,0.060727758,0.306991065
NDC80,567.5919298,-0.079452221,0.086106332,0.060500248,0.306991065
NEIL1,305.9951421,0.07767883,0.091915471,0.060679662,0.306991065
PIP4K2A,2143.844164,-0.069492757,0.050568719,0.060540565,0.306991065
PLLP,177.8098701,0.070582518,0.096513061,0.060594503,0.306991065
QPCT,992.9179453,0.079320473,0.071934645,0.060579365,0.306991065
SLC35A1,461.2838194,-0.07944654,0.082173802,0.060603014,0.306991065
ZNF605,323.5282198,-0.076773002,0.093887048,0.060664035,0.306991065
PLEK,8322.067896,0.068742166,0.049344401,0.060829856,0.30733027
S100PBP,666.6562774,0.078964791,0.071667965,0.060846489,0.30733027
SZT2,2413.841392,0.083181047,0.071508976,0.060906125,0.307483434
ZBTB47,1474.230989,0.072804635,0.055786088,0.060928469,0.307483434
CCDC69,916.6107313,0.080072623,0.082136142,0.060988809,0.307657531
ZDHHC5,4475.675166,0.06764666,0.047910551,0.061024307,0.307706218
C2orf49,420.7874049,-0.078291288,0.088776199,0.061193086,0.308272878
FBL,1576.306755,0.080242529,0.071316855,0.061178491,0.308272878
RBL2,1784.490403,-0.071944494,0.055212887,0.061214371,0.308272878
CD81,42459.48431,-0.066481749,0.055747189,0.061287601,0.308511159
CLEC4A,346.8752307,-0.074796049,0.09511918,0.061402517,0.308958989
AFAP1,1294.44612,0.075274854,0.060734919,0.061537405,0.309033479
DDX55,826.83386,0.078004229,0.068793577,0.06149891,0.309033479
TBXAS1,4003.115861,-0.073632454,0.057883237,0.061547113,0.309033479
VSIG4,15363.59466,-0.081731643,0.060890715,0.061481336,0.309033479
ZNF85,137.108992,0.048797249,0.084791485,0.061468565,0.309033479
PEX16,785.661529,0.078774974,0.073377578,0.061582286,0.309079726
MARCHF7,2294.007465,0.075690908,0.062166953,0.061619975,0.309138559
HAX1,1527.616827,0.070282084,0.051369564,0.061717863,0.309368908
NARS1,7032.832575,-0.057175507,0.036671225,0.061712681,0.309368908
ARMC10,825.1007528,-0.079134334,0.081082263,0.061866037,0.30998113
AURKB,844.2060131,0.080175236,0.084437378,0.061960484,0.310323755
ME2,3759.964279,0.076653697,0.064741924,0.062022977,0.310434213
SPATC1L,106.1879568,-0.053351735,0.088272219,0.062034691,0.310434213
CENPF,2567.377178,-0.076788757,0.075938428,0.062114971,0.310574855
RGS12,6660.040699,-0.073167733,0.057543402,0.062108713,0.310574855
GABRE,405.7084385,-0.064060422,0.09431025,0.062250267,0.311120669
GALNS,1665.273695,0.076269044,0.062345704,0.062368438,0.311319184
NAGA,5212.89384,-0.064039155,0.044097172,0.062357197,0.311319184
RTL8A,527.1873799,0.078496922,0.089225717,0.062321558,0.311319184
ATXN7L3,3083.183146,0.075463364,0.060423975,0.062439851,0.311320926
CROT,205.9638867,-0.070747244,0.094774106,0.062447933,0.311320926
LONRF3,491.0162514,0.079116965,0.079025666,0.062480284,0.311320926
RNF169,732.7382045,-0.076549126,0.066593398,0.062499539,0.311320926
WIPI2,3614.026957,-0.061874164,0.04124712,0.062418981,0.311320926
PHF8,988.3849841,-0.078761027,0.077206176,0.062556594,0.311474802
ZNF425,99.491074,0.03978734,0.078401087,0.062686411,0.311990688
INA,120.9217292,0.035717517,0.075602292,0.062774096,0.312296537
CMAS,1358.347971,0.072257263,0.055759991,0.062922974,0.312906435
MB21D2,255.3320201,0.07290885,0.094203567,0.062993411,0.313125913
EML2,971.5762768,0.076565416,0.06697241,0.063079759,0.313424262
ATP13A1,5459.602207,0.080871738,0.078417528,0.063171495,0.313625034
CCDC86,661.2246357,0.078341897,0.070018442,0.063182507,0.313625034
NOL4L,1763.514949,0.069452945,0.051454507,0.063199198,0.313625034
PQBP1,1367.018998,0.07773473,0.066845854,0.063239464,0.313694093
ARL11,875.2321254,0.07793276,0.083698945,0.063405271,0.314123906
PMAIP1,189.8098274,0.061711416,0.093447188,0.063374694,0.314123906
VASP,7122.308309,0.080489342,0.086721789,0.06340195,0.314123906
TOP3B,782.4934469,0.078125803,0.075912857,0.063442822,0.314179197
NAT14,394.2625132,0.078369846,0.081432236,0.063503711,0.314219316
SUMF1,1535.218465,-0.074252953,0.059211286,0.063483026,0.314219316
SELPLG,4294.32381,0.076261426,0.068572614,0.063657275,0.314848299
DNAJC17,432.6680836,0.078776668,0.082009307,0.063737316,0.314982461
POLR2J3,2206.830046,0.072145486,0.056472773,0.063733904,0.314982461
DLST,3421.833314,-0.057524203,0.037246288,0.063800147,0.315013507
HLA-F,1508.365669,0.080552982,0.080656774,0.063848246,0.315013507
KLHL6,6827.772915,-0.069308603,0.052315249,0.063849441,0.315013507
SELENOO,1129.57389,0.073988073,0.06050812,0.063848556,0.315013507
KCNMA1,2686.062803,-0.07078713,0.054063312,0.063892145,0.315093613
TMEM170A,874.5172019,0.078380913,0.079808872,0.063930057,0.315150031
NUDT3,4753.6363,-0.067688738,0.048981567,0.064078768,0.315752373
CBLN3,217.9383303,0.055430209,0.089529375,0.064216395,0.31629962
SDHAP1,649.2208179,0.07668231,0.090197058,0.064288091,0.316521804
ZC3H18,1864.758658,0.071634062,0.055237121,0.064410774,0.316994737
FADS1,3208.234479,0.073534374,0.091461614,0.064443319,0.317023848
AGO4,1760.597332,-0.062255317,0.090431878,0.064642982,0.317482074
CHID1,2010.426381,-0.074838504,0.063527398,0.064780299,0.317482074
CYBA,22884.66663,0.074980392,0.062256218,0.064759129,0.317482074
ENG,30214.9536,-0.070639622,0.059850061,0.064662892,0.317482074
FKTN,528.7736728,-0.070844018,0.092818548,0.064855332,0.317482074
ITCH,2158.492038,-0.07472001,0.060716319,0.064824681,0.317482074
MC1R,254.5590943,0.063093387,0.092048824,0.064873838,0.317482074
MCM7,3124.077676,0.074552152,0.059683083,0.064700753,0.317482074
PROCR,3035.797259,0.078899132,0.078565669,0.064612491,0.317482074
SGPL1,4025.566433,-0.070360059,0.053964142,0.064883149,0.317482074
SMARCA4,4185.095469,0.075192232,0.065718991,0.064718824,0.317482074
SOCS7,654.5390441,-0.078084678,0.078959228,0.064641236,0.317482074
TBCE,421.7860557,0.069908789,0.093384663,0.064862874,0.317482074
KANK4,96.07930799,0.034813033,0.074931707,0.064930881,0.317585101
SIGLEC15,275.818122,0.068080274,0.09489117,0.064988243,0.317735127
EFCAB14,3644.093507,-0.063610881,0.04445794,0.065073135,0.317889074
TASOR,2878.197414,-0.076368724,0.068732237,0.065060389,0.317889074
PTS,278.9995305,0.070123655,0.093791833,0.065202553,0.318390644
ATAD1,945.4554871,-0.076712325,0.077570984,0.065255715,0.318519593
ASCC1,606.8424518,-0.076978899,0.075289188,0.065442603,0.318647928
ATG4D,583.5372803,0.077107937,0.085926865,0.065436655,0.318647928
LPL,10996.56678,-0.077696404,0.077286794,0.065409479,0.318647928
MECR,355.6980727,0.074609585,0.09077271,0.06543991,0.318647928
OR52K3P,93.4484052,0.048902722,0.084678297,0.065440882,0.318647928
USP51,139.8807485,-0.061383028,0.09230491,0.065347513,0.318647928
GZF1,595.826336,0.054682191,0.088563081,0.065487303,0.318735215
TJAP1,950.1497359,-0.075327817,0.066794446,0.065599799,0.319152269
MUL1,1419.240395,-0.069917545,0.053708088,0.065668497,0.319225584
SNX9,3049.669673,-0.062286136,0.04297138,0.06565592,0.319225584
CMSS1,326.4055453,0.076105861,0.086881703,0.065886081,0.319240451
HELZ2,3980.114761,0.043908238,0.080567063,0.065857301,0.319240451
INPP5K,1256.276479,-0.075026732,0.063820223,0.065877159,0.319240451
KIRREL1,277.003734,-0.06090976,0.091155982,0.065821232,0.319240451
TAF1,1269.177187,-0.068093185,0.093834122,0.065883286,0.319240451
TNFRSF10D,560.1005206,0.075281392,0.065719239,0.065833659,0.319240451
TRANK1,1315.494714,-0.075716859,0.086191376,0.065884596,0.319240451
TRIM25,4930.360024,0.078964907,0.070881741,0.065722428,0.319240451
FKBP15,7820.798532,-0.0677339,0.048209051,0.066013059,0.319725577
USP28,539.5795631,-0.074485791,0.087921486,0.06611159,0.319977186
ZNF319,651.4987758,0.07633944,0.083141319,0.066118763,0.319977186
ATP5PB,3822.372814,-0.076547642,0.077543442,0.066202753,0.320123385
IL15RA,99.31166576,0.037932571,0.076753811,0.066190471,0.320123385
FRY,79.10351105,0.022205503,0.068343526,0.066301232,0.320240268
MED10,839.5364986,0.073512746,0.061039567,0.066261296,0.320240268
SRSF5,5907.605277,0.071733562,0.057377874,0.066307624,0.320240268
MGAM,87.28972596,0.030028853,0.072114165,0.066401084,0.320561598
SLFN11,3142.785795,-0.067130188,0.049668087,0.066496927,0.320894169
AIF1,3589.194123,-0.067456452,0.050335333,0.066556844,0.32092314
P2RY11,2655.081171,-0.074960129,0.061248203,0.066540365,0.32092314
REXO5,155.3288579,-0.047231028,0.084823639,0.066646624,0.321149421
TRAPPC13,578.9534753,0.076828275,0.077217423,0.066657725,0.321149421
BIRC5,1052.73579,0.075088963,0.066042074,0.066895743,0.321199886
CAMSAP2,1601.035042,-0.071301749,0.057440638,0.066780838,0.321199886
GOLPH3,3673.500189,-0.060557835,0.040644745,0.066707282,0.321199886
LRFN3,333.5184073,-0.05321589,0.08721458,0.066809303,0.321199886
PEX11B,741.2715766,-0.074535093,0.064598194,0.066938002,0.321199886
SLC9A3,277.5408875,0.052870313,0.08717047,0.066921682,0.321199886
SPDL1,717.5243784,0.076550996,0.07487841,0.066877218,0.321199886
TEF,465.8284482,-0.055204712,0.088278895,0.066837712,0.321199886
TENT4B,556.1012343,-0.075857931,0.080322446,0.066794349,0.321199886
TFDP1,2251.602392,0.07135762,0.057743139,0.066795774,0.321199886
PCLAF,642.620902,-0.0728141,0.090070707,0.067005473,0.321394098
ANKLE2,2495.213314,0.062460587,0.043530841,0.067329703,0.322689256
ZNF100,273.9099245,-0.062805154,0.092047603,0.067309342,0.322689256
CD209,62.64274422,0.031680613,0.072983183,0.067421254,0.322853674
CLK4,547.4483043,-0.071160765,0.089089283,0.067445366,0.322853674
NDRG3,746.8350511,-0.075585673,0.070397183,0.067412235,0.322853674
FOCAD,1118.938051,-0.076173895,0.080049031,0.06747669,0.322873791
CDK6,1250.73352,0.073760165,0.087045861,0.067673734,0.323426658
DAGLB,1509.240761,0.075796332,0.070654004,0.067634588,0.323426658
GYPC,948.5713645,0.073801228,0.063670636,0.067646745,0.323426658
ABHD4,1319.53556,-0.073887199,0.064064716,0.067823214,0.323886168
CEMIP2,2181.971479,-0.074181225,0.074321703,0.067878706,0.323886168
EAPP,533.0472914,-0.075717214,0.074336842,0.067871339,0.323886168
RHOB,732.0493728,0.074518397,0.06512312,0.067852319,0.323886168
ZNF329,205.0560701,-0.044924993,0.081550772,0.067949104,0.324092179
FBXL3,1796.700612,-0.065324986,0.047597346,0.068004382,0.324225941
NPIPA1,1599.05123,0.076420017,0.072670478,0.068056339,0.324337104
POLR3GL,931.4768425,-0.071791112,0.058130272,0.068082186,0.324337104
ALDH7A1,1146.571512,-0.071860589,0.086803682,0.06821487,0.324709325
DELE1,1998.814022,-0.072100548,0.058194697,0.068200325,0.324709325
MRPL53,713.0518872,0.074391703,0.065433093,0.068263255,0.324809775
LOXL3,996.3272278,-0.072700631,0.064102971,0.068350245,0.325093756
CYB561,428.5314625,0.07441404,0.086897603,0.068384273,0.32510549
KCNIP3,210.4943877,-0.063364693,0.093608546,0.068407329,0.32510549
FAM76B,508.0548397,-0.06647521,0.092265028,0.068561506,0.325578274
FBXL17,689.6411607,-0.075303684,0.078860686,0.068542199,0.325578274
RUNDC1,861.9265024,0.074160149,0.065532304,0.068632446,0.325785193
CACTIN,1049.408702,0.071995021,0.060301459,0.068691508,0.325935594
IL10,59.58160364,0.040128141,0.078268186,0.068758371,0.32612287
ZBTB5,378.5918973,-0.075590755,0.080488263,0.068795364,0.326168384
CPSF6,1921.446422,0.076319306,0.071719765,0.068904318,0.326554897
IL4R,4094.648414,0.061124582,0.042472434,0.068944662,0.326616075
SGSM2,2353.0055,0.076803127,0.074369322,0.06898235,0.326664627
SMS,4456.790497,-0.068047435,0.054063118,0.069100011,0.327091702
PDE9A,153.6253027,-0.060097737,0.090345233,0.069164637,0.327158191
PRPS1,1513.691949,0.065666174,0.048061848,0.069169019,0.327158191
CHST11,9636.799822,0.072889659,0.087492513,0.069393181,0.327697668
ETV3,1020.480157,0.072103234,0.058992948,0.069362281,0.327697668
MICU2,1103.88005,0.071463597,0.058680321,0.06932856,0.327697668
SEMA3A,111.6488353,-0.036870152,0.075998422,0.069368577,0.327697668
SLC52A2,2090.311879,0.073845255,0.062867168,0.069461654,0.327890954
TBC1D22A,1334.264877,-0.07244662,0.06111611,0.069512855,0.328002594
CCNL2,3971.997831,0.068465829,0.052834501,0.069541431,0.328007423
INKA2,376.46601,-0.058495016,0.089996446,0.069579349,0.328056296
AP5Z1,2733.982676,0.069412743,0.058297707,0.069824695,0.328443759
MEGF8,2653.911935,-0.075670731,0.077099511,0.069843382,0.328443759
NAT8L,517.6472725,-0.075055795,0.08015195,0.069696619,0.328443759
NKIRAS2,2360.048424,0.064509742,0.044912241,0.069756008,0.328443759
SNTB1,3104.227143,-0.066790957,0.050565259,0.069819025,0.328443759
TAF7,1814.658006,-0.069056147,0.05505209,0.069854649,0.328443759
TBRG4,1655.651207,0.067482347,0.052398726,0.069716715,0.328443759
ANK2,682.492914,0.075966957,0.093552347,0.070005642,0.328893909
ETFB,1502.189669,-0.070579016,0.05701513,0.069982136,0.328893909
MITF,2721.456907,-0.071994791,0.05947379,0.070172952,0.329347901
SNX3,7116.774734,-0.060557006,0.042246549,0.070185269,0.329347901
ZNF845,230.434628,-0.069603986,0.091043483,0.070155438,0.329347901
MTMR9LP,462.8323531,0.071108473,0.087796433,0.070510362,0.330612782
TLR1,1557.975752,-0.074222243,0.069198072,0.070490084,0.330612782
ANKRD63,231.6567365,0.064879273,0.0914234,0.070599604,0.330900898
MGMT,211.4024216,-0.065418823,0.090988554,0.070701107,0.331115923
SBNO2,4645.205079,0.078634319,0.073285581,0.070681504,0.331115923
PTGES2,1694.038314,0.065309286,0.048374945,0.070793011,0.331415962
BABAM1,2169.07865,0.063897781,0.045870549,0.070859676,0.33159766
FBP1,7460.417616,-0.07443949,0.054731494,0.070941995,0.331852436
WDR90,808.6242143,0.068805973,0.09228958,0.070986194,0.331928767
CTSH,6412.925277,0.064173221,0.049116826,0.071114488,0.332398108
PAFAH1B2,2306.836933,0.065983907,0.049353518,0.071156722,0.33246498
PRSS53,85.8009153,0.032833685,0.073558121,0.071214054,0.332602319
TTC33,324.4279728,-0.069048036,0.091039597,0.071269657,0.332731478
DIS3L,723.8573322,-0.075197002,0.075164608,0.071501555,0.333671078
TPMT,1307.76873,-0.07343145,0.064313659,0.071526971,0.333671078
PCDHA4,211.6676999,-0.060948717,0.090372306,0.07159245,0.333840802
SYPL1,1436.071541,-0.07391222,0.068593335,0.071619438,0.333840802
ERG28,434.6151707,-0.07293693,0.084361402,0.071702035,0.333886409
RB1CC1,1502.956779,-0.073336954,0.066940996,0.071692391,0.333886409
SHOC2,1441.083763,-0.07474101,0.071529438,0.071741406,0.333886409
ZNF749,90.79841905,0.03534167,0.075015179,0.071738555,0.333886409
PRDX5,3587.878015,0.065042605,0.047201448,0.071813486,0.334064104
SEC61A2,224.0227248,0.064358782,0.090824839,0.071835708,0.334064104
ADH5,2380.44897,-0.072967041,0.065375889,0.071928924,0.334236473
SULT1C2,229.2797495,0.060021668,0.089665079,0.071917821,0.334236473
CYP1B1,3331.652374,0.06409148,0.061987382,0.071962082,0.33426008
FAM13A,546.3380287,-0.073013604,0.084539835,0.072040712,0.334494804
PLEKHA1,1022.739098,-0.072608499,0.065054856,0.072251818,0.335344207
ATP2C1,3968.928138,0.063620966,0.047338194,0.072361151,0.335720772
FHAD1,173.2985042,-0.041323114,0.078769751,0.072497764,0.335932417
SYS1,1576.197865,-0.073924274,0.074084788,0.072542785,0.335932417
TFE3,3308.817996,0.06942457,0.056332204,0.072547857,0.335932417
UBE2R2,2851.705542,-0.059129583,0.041905351,0.072442703,0.335932417
ZBTB26,197.3186745,-0.063095145,0.090281897,0.072540533,0.335932417
TMPO,3222.271472,0.066793994,0.051120741,0.07269264,0.336471958
MERTK,7325.79067,-0.064769773,0.048385642,0.072741864,0.336568941
GUSB,7849.253331,-0.054379192,0.036119058,0.072874126,0.33704991
CCNE1,225.4680095,0.065596336,0.091790084,0.073185965,0.33822939
TYK2,4249.039294,0.070501432,0.058036032,0.073183401,0.33822939
DNAJC11,2384.315026,0.073465401,0.074986531,0.073631857,0.339803245
GSDME,3055.884034,-0.06491972,0.04948455,0.073616072,0.339803245
PARP12,4518.074574,0.067834317,0.05314444,0.073640687,0.339803245
RTF2,2145.989826,-0.075672528,0.066594121,0.073630094,0.339803245
C2orf92,123.8246397,0.044087609,0.08053555,0.073680764,0.33984857
MT-CO1,374620.6669,-0.061210162,0.047226686,0.073713963,0.33984857
PKD1P1,1114.272432,0.039123052,0.077242915,0.073784107,0.33984857
RTN1,3294.604422,-0.068544451,0.055779195,0.07381363,0.33984857
TTC28,573.1962077,-0.027718695,0.070773661,0.073808265,0.33984857
ZKSCAN8,872.6351338,-0.072255913,0.063824246,0.073821789,0.33984857
E2F1,550.330753,0.073182771,0.080960313,0.074037841,0.340711443
PCBD1,1006.258324,-0.071021599,0.065560432,0.074066498,0.340711614
AQP3,440.9645249,-0.059589813,0.088917821,0.07410568,0.340723548
ARFRP1,1157.454812,0.065978339,0.050742423,0.074126332,0.340723548
ZNF841,250.8773305,0.056789076,0.086744546,0.074210356,0.340978112
FAM107B,3520.323401,0.069624414,0.058400874,0.074278765,0.341114277
PHF5A,577.0535274,0.072586662,0.067499009,0.074297297,0.341114277
LIMK2,1158.838835,0.073222177,0.0752357,0.074469981,0.341775297
DNAJC1,853.6047716,-0.069395796,0.058915224,0.074547276,0.341998199
LZTR1,1941.476457,0.078509661,0.075721907,0.074653646,0.342354258
C5orf24,1410.807356,-0.072782268,0.068776694,0.074721233,0.342532262
CD1D,347.2607663,-0.056703898,0.088056168,0.074886495,0.342842631
EIF4B,10666.87369,-0.061375271,0.044945164,0.074904131,0.342842631
NT5C3B,310.0572282,0.06983443,0.087351968,0.074860599,0.342842631
SOCS5,515.4070803,-0.072770714,0.073315709,0.074885527,0.342842631
KLF3,1699.325986,-0.06873454,0.057000292,0.075079926,0.343339466
RIPK2,1104.833356,0.074840811,0.078086811,0.075099199,0.343339466
SLF2,1840.254048,-0.069107642,0.057675925,0.075091977,0.343339466
RAD51AP1,753.2117078,-0.071601605,0.081117469,0.075144589,0.343415099
LYN,7247.544368,-0.064272767,0.048195182,0.075262818,0.343761756
RASA2,619.4544262,0.073006458,0.074963717,0.075278194,0.343761756
CABYR,65.05729165,0.031206639,0.072502044,0.075410186,0.343843304
CEBPZ,1257.029201,-0.068781248,0.086088281,0.075444185,0.343843304
OPA3,1155.549032,-0.072583327,0.070092535,0.075415819,0.343843304
RIN2,2525.749509,-0.061221585,0.044457053,0.075451672,0.343843304
STAG3L3,386.7717255,0.072652407,0.078912926,0.075469345,0.343843304
TMEM106C,673.4553044,-0.074269728,0.076640861,0.075411671,0.343843304
PPP1R14B,2043.119745,0.070567869,0.060530153,0.075505112,0.34387466
SMG1P1,626.2701955,0.067865094,0.087574748,0.075592915,0.344142888
MEGF9,935.2820209,-0.073163283,0.070121059,0.075668021,0.344221548
UBE2Z,4947.412094,0.058460995,0.040407146,0.075651025,0.344221548
MKLN1,1344.977928,0.075785081,0.085696358,0.075719644,0.344324813
BCAN,93.32871416,0.038371463,0.076611214,0.07584825,0.344777936
FILIP1L,626.4334324,0.066224306,0.087944283,0.075911476,0.344933635
SAXO2,69.84899157,-0.035621333,0.074970117,0.076032215,0.345350444
CNOT6L,1568.110723,-0.072630042,0.069967779,0.076118816,0.345353093
KLHL26,534.5188443,0.066818137,0.087960388,0.076119825,0.345353093
MLYCD,783.6241237,-0.07188769,0.067783122,0.076110164,0.345353093
C12orf57,417.9340214,0.075104765,0.079044991,0.076205299,0.345477564
RGPD8,549.5452459,-0.068652187,0.088168772,0.076195794,0.345477564
NBPF9,1462.916631,-0.039562263,0.077317289,0.076389383,0.346180283
PIK3C2A,1170.985907,-0.070310671,0.083763315,0.076516355,0.346623748
NDRG2,3234.206998,0.068204019,0.061330739,0.076621857,0.346705893
SPCS3,3735.563316,0.057540712,0.040314268,0.076571206,0.346705893
STXBP4,138.1932091,-0.029797201,0.071906577,0.076601818,0.346705893
SELENOS,1019.664613,0.071140879,0.066038721,0.076682761,0.346849648
RPRD2,2564.030584,-0.068539538,0.056225833,0.076716597,0.346870904
FUOM,492.7398679,0.072198517,0.07655812,0.076854619,0.347363037
CACUL1,3014.055845,-0.066456485,0.052306343,0.076944199,0.347534343
LYZ,30983.9479,-0.07728655,0.066176538,0.076950905,0.347534343
SLC7A8,3075.789312,-0.067809517,0.054342603,0.07708066,0.347988343
HERPUD2,1311.347003,-0.069397519,0.059235794,0.077137957,0.348115004
EHBP1,365.9032227,0.064138961,0.088069292,0.077183038,0.348186458
RAC3,66.31948255,0.03630428,0.07533497,0.077222054,0.348230512
OBSCN,103.6647055,0.031617233,0.072646479,0.077269711,0.348313481
RPL23A,4175.6576,-0.072194762,0.078831167,0.077348636,0.348537287
KIAA2013,3520.493945,-0.060931736,0.045272026,0.077381402,0.348553005
SCRN3,434.5453187,-0.070026625,0.083733461,0.077468129,0.348570349
SERINC2,862.5704987,-0.070572421,0.062614046,0.077473091,0.348570349
TPD52L1,228.3015635,-0.057538363,0.087401468,0.077418669,0.348570349
ARHGAP15,353.7375284,-0.068741155,0.086546295,0.077506397,0.34858846
ERP44,2474.732439,-0.064915178,0.050833587,0.077567874,0.348601564
FAM222B,740.4034121,-0.072997336,0.075471021,0.077560303,0.348601564
DHDDS,1628.165552,0.06705049,0.056896602,0.077724261,0.349172574
ALG12,957.4671595,-0.068027359,0.086112706,0.077881813,0.349738609
ARID2,832.8040487,-0.065977415,0.086363821,0.07793839,0.349738609
NEK1,341.7725393,-0.071928851,0.07884138,0.077932977,0.349738609
ZNF280D,268.7543761,-0.039940703,0.07755633,0.078003702,0.349899801
TNRC6A,1931.043252,-0.068704905,0.058857191,0.078127636,0.35032373
TMEM236,737.8033371,-0.071696081,0.069638927,0.078174916,0.350403756
BCKDHB,306.4524107,-0.059245368,0.086020592,0.078259566,0.35065116
C6orf89,2444.252676,-0.064147621,0.04981798,0.078374553,0.350816421
COL27A1,97.43162539,0.034772172,0.074432183,0.078367418,0.350816421
GOLGA8R,150.4392052,-0.050412543,0.083699387,0.078393613,0.350816421
KATNAL1,308.2410439,0.064279621,0.087513517,0.078414321,0.350816421
CDCA7,103.9669094,0.048853433,0.08301977,0.078506696,0.351097752
CYP27A1,15068.83853,-0.064839855,0.050667035,0.078597546,0.351108364
LATS1,1012.369019,-0.071230048,0.067292298,0.078590701,0.351108364
MTG1,1082.85809,0.068289298,0.059537869,0.078541894,0.351108364
CCDC65,69.6585661,0.035438318,0.074770812,0.078854058,0.352032945
CCDC71L,1167.308696,0.064683443,0.050634939,0.07887638,0.352032945
ITGB1,18187.34351,-0.062014434,0.047053078,0.078893229,0.352032945
CASP5,100.523738,-0.032687024,0.073236409,0.079012691,0.352157236
CENPJ,283.8607434,0.059390879,0.08790621,0.079186267,0.352157236
LAMP1,13439.88545,-0.056178206,0.040103688,0.079125606,0.352157236
MPPE1,568.4853833,-0.071097658,0.06952073,0.079186083,0.352157236
OLA1,1115.135141,-0.07102811,0.069664851,0.079104902,0.352157236
PLXND1,14778.52776,0.063153294,0.044997192,0.079177244,0.352157236
RPL28,15075.40694,-0.066472083,0.055403274,0.079077775,0.352157236
RPS12,8788.137543,-0.071360627,0.065721691,0.079086279,0.352157236
SLC25A15,142.4121595,0.052334735,0.084869012,0.07918731,0.352157236
RAB22A,1792.372193,0.067455908,0.056969701,0.079245483,0.352284343
SERPINF1,314.3131132,-0.064030112,0.087471003,0.079275411,0.352285839
PIK3CG,3781.125889,-0.056375644,0.03958316,0.079334029,0.352414782
CENPO,615.54177,0.067629147,0.085000644,0.079511353,0.353070742
CLK2,1212.062755,0.069750801,0.062055718,0.079567814,0.35318972
EPHA2,105.22402,0.037318068,0.075828357,0.079614742,0.353266307
BRAP,895.6473609,-0.071105607,0.070885605,0.079696845,0.353498859
CGGBP1,2624.82927,-0.065323984,0.052144508,0.079761235,0.353521035
RPS13,5291.051117,-0.069631445,0.065765073,0.079758149,0.353521035
CLIC1,9072.842411,0.065263484,0.052118323,0.07990058,0.35387515
EIF2AK4,1751.127033,-0.063953536,0.050172321,0.079895329,0.35387515
PPARG,1926.357964,-0.068955957,0.061363083,0.079958398,0.353999526
LRRC59,4711.268194,0.067912586,0.056516034,0.080000754,0.354055381
ATP9A,2056.242422,-0.070789433,0.074855639,0.080074643,0.354071259
CLPP,1395.162829,0.068369175,0.057800023,0.080168,0.354071259
DCAF15,1472.762517,0.067268408,0.056546578,0.080118132,0.354071259
RRS1,625.5272568,0.070808077,0.067433749,0.080073211,0.354071259
TRMU,1028.597576,0.069941745,0.063238016,0.08018279,0.354071259
ZC3H14,1252.727685,-0.065601827,0.053453637,0.080125625,0.354071259
NOC4L,726.8603501,0.070333003,0.064907307,0.080265924,0.354306943
HMGN3,1622.469922,-0.069738042,0.064023459,0.080506916,0.354889205
RYBP,91.88916644,0.0228376,0.06845202,0.08049302,0.354889205
SIRPB2,829.427739,0.070410062,0.07969971,0.080546882,0.354889205
TTC13,578.2326839,0.071312918,0.071625645,0.080544028,0.354889205
WDR75,597.530465,0.061132414,0.085748241,0.080501304,0.354889205
NT5DC2,1395.314929,0.072842769,0.072156723,0.080677663,0.355333919
SEPTIN2,11400.03775,-0.053306758,0.03659642,0.08073414,0.355451158
SLC49A3,1532.206565,0.069211061,0.069947098,0.080785879,0.355547462
NMNAT1,598.3319707,-0.069879905,0.078697038,0.081188187,0.357186021
VTI1B,3154.669206,-0.055279939,0.039317691,0.081485966,0.358363659
BRI3,10899.40658,-0.066807738,0.056515962,0.081535231,0.358447906
SPTBN2,337.2043814,-0.041624815,0.07831067,0.081590389,0.358557984
GTPBP4,1375.589274,0.064451288,0.081560937,0.081663572,0.358614836
RTN4,17544.05836,0.051207271,0.034495448,0.081643845,0.358614836
OXCT1,238.8896805,-0.054939873,0.085353915,0.081729417,0.358686148
TP53INP2,828.1563936,-0.070089809,0.076461648,0.081748183,0.358686148
VPS11,2086.213021,-0.063408491,0.050269512,0.081770198,0.358686148
CNTRL,1663.04878,-0.070202818,0.068553146,0.082077818,0.358845547
ECHDC1,2007.846116,-0.07042383,0.072228435,0.08191329,0.358845547
HNRNPF,5277.520718,-0.051642954,0.034714207,0.081958124,0.358845547
NR2C2AP,187.1327659,0.060551442,0.08614724,0.081911572,0.358845547
POLD4,2598.963279,-0.063970298,0.051019926,0.082071417,0.358845547
RNF216,1805.834844,-0.067608531,0.058868184,0.08192863,0.358845547
RPS6KB1,1011.61396,-0.069778311,0.06943161,0.082068752,0.358845547
TBP,440.6988115,0.070586282,0.071932234,0.082056381,0.358845547
TSPAN6,164.0312388,-0.052700938,0.084074851,0.081864875,0.358845547
DLGAP5,743.1433471,-0.069542485,0.07646622,0.082154985,0.359051065
GCH1,300.2053491,0.051366293,0.083849593,0.082411731,0.359776917
LGALSL,244.4511394,-0.048264909,0.082105687,0.082359887,0.359776917
SCN2A,61.17407489,-0.031055474,0.072269461,0.082399697,0.359776917
TSPAN31,707.4241061,-0.068623314,0.062011567,0.082441983,0.359777055
RUSC2,810.1620236,0.068779305,0.061745758,0.082478,0.359802343
TRIM62,214.7428843,0.058104714,0.0864788,0.082549755,0.359983457
PEBP1,3375.887515,-0.061675451,0.048327315,0.082728587,0.360631207
KIF3A,207.964928,0.041022313,0.077688642,0.082902379,0.361001463
LMO7,319.920428,-0.050733032,0.082720164,0.083086435,0.361001463
PPP3R1,2454.154376,-0.061890245,0.04804912,0.083014261,0.361001463
PREB,2019.051098,0.057730749,0.04171783,0.082997962,0.361001463
PTCHD3P1,77.05791287,-0.038709139,0.076492765,0.082946824,0.361001463
RCSD1,2531.299805,-0.072567582,0.064108092,0.082940836,0.361001463
SNRPB,3641.961161,0.058750261,0.046584878,0.082941167,0.361001463
TBKBP1,738.8605048,0.068308534,0.082984998,0.083080623,0.361001463
TOMM70,1804.428996,-0.067925102,0.059395298,0.083043707,0.361001463
RABGGTA,1498.069101,0.068588506,0.059691373,0.083121169,0.361020619
TMEM214,2141.753779,0.066673438,0.055161303,0.083163335,0.361072028
CEP89,507.6596601,0.062495934,0.08646432,0.083201243,0.361104923
MED9,479.1230452,-0.069648621,0.07224461,0.083418118,0.361914246
ZFAND3,2921.637462,-0.066735154,0.057514147,0.083510896,0.362184777
PLAGL1,1081.283582,-0.067339677,0.057994704,0.083708829,0.362911001
ABCG1,1817.146685,-0.069390838,0.073098465,0.083938796,0.363775526
NPAS1,92.51951,0.037215822,0.075654501,0.084077877,0.364245678
SLC35A3,556.5526718,-0.068149042,0.080978304,0.084161881,0.36447697
LRRFIP1,6028.856705,0.056546491,0.041311787,0.084211607,0.364559704
LRRC37A2,1228.170936,-0.06403564,0.052739102,0.084269261,0.364673229
NPIPB5,4182.955392,0.066310416,0.056185739,0.084380296,0.364673229
PXMP4,187.3101093,-0.049994047,0.082731771,0.084335228,0.364673229
SMAD5,948.7781657,-0.068609947,0.076624182,0.084383337,0.364673229
TCP10L,61.95649087,0.031366365,0.072389388,0.084421623,0.364673229
TTC14,1011.174754,-0.066305617,0.057319584,0.084414113,0.364673229
TPT1,42200.00637,-0.067653399,0.054398878,0.0844757,0.364774467
ETS2,2085.194175,0.065157637,0.053042536,0.08454087,0.364923514
DCAF11,2601.426784,-0.070310639,0.067759358,0.084635039,0.365197584
CLN6,2632.92245,-0.06099916,0.047048348,0.084765372,0.365230459
NDUFC2-KCTD14,60.023116,0.026249079,0.069846659,0.084711546,0.365230459
UBXN1,3387.442482,-0.067768998,0.054168195,0.08475524,0.365230459
ZNF576,302.7931864,0.060618812,0.085224811,0.084737129,0.365230459
CRTC1,1110.486818,0.072287815,0.088588042,0.084869119,0.365545173
TMEM19,1569.710388,-0.06863782,0.065463496,0.08495853,0.365797938
DEPP1,201.3968285,0.045547535,0.080773652,0.085108304,0.366045648
FGF23,130.8927707,-0.04482516,0.080067139,0.085103634,0.366045648
NEIL2,315.9411691,-0.068521523,0.078586706,0.085047628,0.366045648
GLI4,334.1991994,0.064291133,0.08449821,0.085181344,0.366146199
REPIN1,4198.25686,0.060244633,0.045740943,0.085193194,0.366146199
RAP1GDS1,1446.617821,-0.067787827,0.062057138,0.085284253,0.366375689
SECTM1,187.123937,0.04217251,0.078343903,0.085338915,0.366375689
SERTAD2,1224.797724,0.066489135,0.057170204,0.085313313,0.366375689
DCN,123.9980912,0.035492169,0.07453042,0.085375273,0.366399648
ACOT7,533.8181135,0.069312597,0.072656236,0.085561133,0.367035609
TBX18,444.66837,0.056911375,0.085484565,0.08558512,0.367035609
HMCES,767.6533128,0.069424392,0.068558608,0.085632588,0.367106937
PHC2,3597.277255,0.062989421,0.049496842,0.085680863,0.367181666
HNRNPR,3778.187486,0.059369592,0.045679562,0.085719122,0.367213438
SKIC2,1113.303956,0.06885607,0.077117261,0.085788947,0.367248261
TRIM4,765.6276452,-0.069032134,0.069268891,0.085760451,0.367248261
CCDC102B,365.0169963,-0.067011098,0.080416334,0.085833722,0.367307858
EPS15,2438.627789,-0.058037479,0.043305466,0.085951362,0.367415068
HSPA8,12299.15984,-0.064409085,0.053573302,0.085906536,0.367415068
TADA3,2377.333869,-0.063371088,0.051730854,0.085930603,0.367415068
EIF4A1,16433.32977,0.057111579,0.041467896,0.086107437,0.367554336
FBXO7,2868.749806,-0.05810792,0.043352711,0.086032691,0.367554336
FOXRED2,474.8111844,-0.068428759,0.074684325,0.086046796,0.367554336
SMKR1,73.94498942,-0.031147984,0.072202776,0.08608746,0.367554336
KLRD1,109.0373842,0.025384898,0.069456762,0.086237052,0.36764138
MAN2B2,3795.458906,-0.065818726,0.056732299,0.086220896,0.36764138
PDAP1,3126.664548,0.061547563,0.048569544,0.086251354,0.36764138
SEC11A,3751.529623,-0.065569234,0.056270443,0.086227451,0.36764138
B3GALNT1,363.0348343,0.064783657,0.080481083,0.086382158,0.367811314
DOCK5,3057.081535,0.058013905,0.043383965,0.086346685,0.367811314
ZNF701,183.057205,-0.053529733,0.083937082,0.086383909,0.367811314
APOL2,2302.790615,0.062637013,0.049567372,0.086415935,0.367816125
ANKRD54,803.1375196,0.066422823,0.058076702,0.086544198,0.367836015
HNMT,3984.837038,-0.059266833,0.044947583,0.086521277,0.367836015
SIK2,1282.192067,-0.067454718,0.078196312,0.086508859,0.367836015
TBCB,1717.659564,0.064812296,0.054657851,0.086534273,0.367836015
DNAJB1,2501.694299,-0.05984872,0.045874214,0.086666191,0.368091688
KIF1B,3209.239616,0.065840345,0.059566082,0.086651549,0.368091688
MRGBP,506.8667089,0.068523899,0.068767343,0.08692511,0.368928142
NAA20,2462.53506,-0.067845413,0.06021245,0.086905885,0.368928142
KDM5C,3992.744533,0.064076382,0.052558353,0.087004948,0.368935186
NHLRC3,2080.392582,-0.064592052,0.054953752,0.087017465,0.368935186
RAB12,1064.769843,-0.063704344,0.052917628,0.08701974,0.368935186
ARMCX6,1166.894829,-0.067849362,0.063459325,0.087103459,0.369139756
MROH1,3077.359821,0.069115107,0.067696393,0.087130005,0.369139756
MCU,738.4708459,-0.067779131,0.074622989,0.087501934,0.369693147
MIDEAS,1615.05029,0.058786847,0.082476469,0.087328175,0.369693147
PIGV,410.7833472,-0.067549791,0.075841479,0.087446658,0.369693147
RHBDD3,619.6163271,0.068616063,0.068037771,0.087509054,0.369693147
RPS3A,9841.277837,-0.067446527,0.076009046,0.087338263,0.369693147
SCYL1,2687.776981,0.057609678,0.043039922,0.087385538,0.369693147
SLC25A6,16948.76149,-0.046725987,0.034758827,0.087462249,0.369693147
SNRPA,1096.709037,0.065639845,0.056597388,0.087428705,0.369693147
LRIG1,70.84523126,-0.032967505,0.073071943,0.087581002,0.369734692
SOWAHC,1036.241911,-0.067352889,0.062639324,0.087562946,0.369734692
BSDC1,2039.351203,0.068244991,0.068106975,0.087660043,0.369927601
TMOD2,781.2717832,0.067253973,0.062658831,0.087688844,0.369927601
COMMD6,663.8655056,-0.063012074,0.085360206,0.087738169,0.37000457
POLE4,620.2069771,0.066227282,0.077066366,0.087784991,0.370070933
HAGH,1656.44085,0.063427492,0.052140396,0.08785734,0.370113814
ZNF346,344.1099905,0.058601129,0.086726884,0.087851714,0.370113814
CFLAR,5233.911166,0.059622083,0.045689166,0.088017111,0.370387679
LZTFL1,335.28891,-0.060028724,0.084328502,0.088019455,0.370387679
RGS14,1165.59331,0.072061207,0.080207486,0.088046798,0.370387679
SP140,153.0226215,0.035907494,0.07470672,0.087964516,0.370387679
DDX12B,215.8289535,0.051751794,0.083156621,0.088125579,0.370588138
ZMYND19,569.3669063,0.066908648,0.076733562,0.088367365,0.371473685
SRGAP2B,1708.343358,0.067777561,0.078746181,0.088406586,0.371507379
LDHB,9813.786221,-0.06487792,0.055620818,0.088482712,0.371696079
SMIM10,67.11922677,-0.038932277,0.076347984,0.088529114,0.371759826
TPST1,121.7123236,-0.038082848,0.075820942,0.088620642,0.372012954
ALDH6A1,320.0160629,-0.05672776,0.084240234,0.088689737,0.372117212
AVPI1,486.4928915,-0.067531433,0.074518784,0.088801764,0.372117212
CRIPT,397.7364004,-0.063357645,0.082595734,0.088797958,0.372117212
CSF1R,30752.63839,-0.068053933,0.072234094,0.088754003,0.372117212
MAGOHB,181.2787676,0.054285466,0.083890569,0.088776465,0.372117212
ARL5A,1729.015601,-0.067563056,0.064426963,0.089008516,0.372354901
FRA10AC1,337.0140458,0.061136028,0.084899227,0.089014872,0.372354901
GK,4477.137454,0.065000005,0.055268373,0.088909002,0.372354901
IFI35,2176.688364,0.061163618,0.082521683,0.089014084,0.372354901
SLC2A13,673.6144099,-0.069262435,0.069837624,0.088948199,0.372354901
CENPBD1P,424.153649,-0.066851106,0.070788527,0.089155578,0.372524795
CSNK1G1,937.1320561,-0.067922265,0.07186835,0.089178058,0.372524795
DAAM1,631.9515025,0.06704841,0.07785825,0.089180652,0.372524795
TWF2,8964.256115,0.047943212,0.032667494,0.089149296,0.372524795
GBP1,398.2976139,0.047463089,0.081736768,0.089245995,0.372666984
ITPRIPL1,65.06595069,0.030133479,0.071609846,0.08929539,0.372742503
H1-0,4139.092309,0.066062642,0.059453469,0.089358921,0.372795354
NEDD1,506.7026155,-0.065788345,0.077981866,0.089370679,0.372795354
MTAP,1208.819796,0.061041845,0.075836321,0.089450956,0.372882781
ZNF271P,410.1453781,-0.064820472,0.080842977,0.089454282,0.372882781
ZNF133,294.6707324,0.056427585,0.078405645,0.089714211,0.373835381
SNX22,66.1643895,0.03589947,0.074612063,0.08975139,0.373859445
IVD,2258.166866,-0.066889994,0.07176161,0.089855317,0.374161439
HDGF,6764.28726,0.055880692,0.041578588,0.090040798,0.374411556
HYCC2,540.2152979,-0.06262382,0.083411358,0.090000958,0.374411556
PARP6,1931.942397,0.062271344,0.050333169,0.090040507,0.374411556
PIGG,1933.211262,0.06273888,0.051062697,0.090041183,0.374411556
GBP3,385.5504248,-0.060832978,0.083973436,0.090142569,0.374702266
FAM8A1,1326.169728,-0.065794377,0.058660297,0.090189755,0.37476755
DVL3,5295.70505,0.071285565,0.070024311,0.090230565,0.374806308
CD9,19411.33113,-0.063294052,0.061261178,0.090470993,0.375345249
PUM3,586.8064255,0.067701638,0.075974917,0.090486423,0.375345249
WASHC1,318.2696524,0.057217736,0.082367299,0.090413073,0.375345249
ZDHHC12,1233.297983,-0.067080472,0.062870572,0.090465623,0.375345249
DENND4A,851.5797572,-0.067331935,0.067314498,0.090592628,0.375524106
LTN1,834.6540899,-0.06591599,0.079158671,0.09057108,0.375524106
RECK,361.5233495,-0.066078307,0.078173604,0.09062841,0.375541619
SRSF1,4225.397284,0.06300375,0.052871383,0.090659942,0.375541619
RSU1,2577.501276,-0.059446204,0.047510912,0.09075824,0.375818035
GOLGA3,3520.627612,0.064927408,0.055431316,0.090806329,0.37588642
DTYMK,1087.160765,0.062863184,0.052343821,0.090986943,0.376372325
STXBP2,7485.886297,0.071669163,0.051444237,0.090982342,0.376372325
COPS2,1524.563014,-0.066862433,0.066476285,0.091151034,0.376432723
EIF2B4,1059.557878,0.06357358,0.054943428,0.091088631,0.376432723
MAGI2,84.39533421,0.019949539,0.067256838,0.091128783,0.376432723
SLC17A7,82.23256021,0.035800526,0.074520283,0.091159642,0.376432723
TRIM28,7765.015933,0.065731844,0.061696002,0.091129084,0.376432723
HAPLN3,85.87503034,0.039358945,0.076340114,0.091193764,0.376443051
SENP6,1996.263477,-0.065812174,0.060478962,0.091265885,0.376610176
RILPL2,2000.365331,0.058174792,0.044858252,0.091441206,0.377180387
TMED9,7705.067752,-0.058012526,0.045177109,0.091467432,0.377180387
AGBL5,353.0108295,-0.063568753,0.081686863,0.091601345,0.377471102
MARCHF9,459.8833883,0.067052568,0.075265166,0.09157618,0.377471102
SFXN3,3229.08763,0.066256306,0.057008584,0.091674217,0.377640674
CTSA,11595.64162,-0.061073447,0.047736372,0.091796925,0.377971255
PLA2G12A,383.3343568,-0.026374952,0.069803876,0.091817965,0.377971255
N4BP2L2,2925.972608,-0.063377553,0.054619211,0.091857317,0.378002544
COL8A2,2171.330383,-0.066368993,0.069221829,0.091921614,0.378136426
METTL25B,689.2033636,0.068118595,0.070394292,0.092149765,0.378944023
KRBOX4,191.1466367,-0.055952939,0.083515659,0.092189065,0.378974731
RRM2B,2018.775375,-0.066964007,0.062224307,0.092373185,0.379469554
SKIL,2985.638536,0.066761927,0.070824463,0.092362293,0.379469554
SYT11,204.7111736,0.054257797,0.082995931,0.092493849,0.379834174
EIF3B,4709.986288,0.052034323,0.037619015,0.092702178,0.380558423
LY75-CD302,184.1401348,-0.020704645,0.067566006,0.092819949,0.380647869
P2RY10,119.7450497,-0.046929882,0.080052904,0.092827924,0.380647869
REEP1,413.6132847,-0.057395553,0.083477817,0.092851862,0.380647869
TRAM1,7300.465482,-0.054603257,0.040633485,0.092780507,0.380647869
AMPD2,2847.487292,0.067315438,0.073246737,0.093053044,0.38068608
MTREX,1831.55536,-0.066168322,0.063220438,0.093010435,0.38068608
NIT2,957.1279821,0.064492743,0.057261823,0.09292977,0.38068608
SOBP,414.5147452,-0.053086712,0.082311592,0.093041461,0.38068608
USO1,3284.514641,-0.061975983,0.051451112,0.093019168,0.38068608
VAMP8,6090.27145,-0.059655465,0.04969987,0.092921632,0.38068608
MBTD1,688.523103,-0.065869058,0.073347632,0.093254993,0.381381207
RPL39,4725.772642,-0.063561181,0.058456754,0.093323627,0.381530831
CHCHD7,1477.911818,-0.066228886,0.063483792,0.093512749,0.381538482
DHX29,1166.813426,-0.064940359,0.059667281,0.093470561,0.381538482
HPS4,1403.92927,-0.063834833,0.056165037,0.093613567,0.381538482
KDM7A,1172.118519,-0.067243642,0.0713035,0.093724098,0.381538482
PAOX,95.03154722,0.041999192,0.077744778,0.093516769,0.381538482
PIK3C2B,1148.942202,0.066546674,0.068107606,0.093732825,0.381538482
PRIM1,352.1298604,0.062292834,0.082085794,0.093546064,0.381538482
PRRC2B,6407.60631,-0.067775044,0.074297377,0.093682983,0.381538482
RETREG2,3578.740563,-0.060686583,0.049243418,0.093492984,0.381538482
THBS2,119.1070824,0.035071557,0.074036086,0.093492483,0.381538482
UBR1,821.9703643,0.055090047,0.083170874,0.093563168,0.381538482
ZNF146,1249.681454,0.059785819,0.074849108,0.09374213,0.381538482
ZNF324B,165.5122635,0.036677512,0.074852868,0.093676317,0.381538482
MRPS9,419.0345982,-0.063791676,0.07903558,0.093912205,0.381839072
PUM1,3478.243692,-0.057607659,0.045604529,0.093869599,0.381839072
RSL1D1,3130.406265,-0.064688948,0.05711843,0.093888172,0.381839072
EIF3E,4748.209275,-0.063884975,0.056596257,0.094210952,0.38228444
MED15,4239.286349,0.061294754,0.05197846,0.094246521,0.38228444
RPS18,11915.32625,-0.072562911,0.066227624,0.094223538,0.38228444
SETDB2,1598.884814,-0.065445547,0.063024515,0.094241647,0.38228444
TMEM178A,188.3184515,-0.044778137,0.079145321,0.094185776,0.38228444
ZNF613,142.9147476,-0.041068092,0.076990641,0.094207871,0.38228444
ZNF783,748.7798087,0.068091444,0.073385097,0.094073546,0.38228444
COX14,637.6356371,-0.065508563,0.063676714,0.09442752,0.382687992
EHD3,119.1463447,0.047365153,0.080503941,0.094441291,0.382687992
LMO2,3162.407907,-0.062769105,0.055635874,0.094635317,0.382687992
MAPK1,4524.027918,0.053860079,0.039897589,0.094518314,0.382687992
PLEKHB2,9510.678236,-0.050991489,0.035804388,0.094569923,0.382687992
PPP1R21,620.9782484,-0.063199806,0.074602539,0.094605771,0.382687992
RAP1B,8193.255788,0.06387566,0.060487728,0.09459894,0.382687992
RPRD1B,928.1647641,0.06501281,0.061418676,0.094602487,0.382687992
SC5D,1642.712027,0.065508432,0.066004291,0.094511369,0.382687992
MCCC1,1193.45523,-0.067514714,0.069518683,0.094724534,0.382788723
ZBED3,749.7174473,-0.061730821,0.081207447,0.094719357,0.382788723
MAD2L1BP,612.2059292,0.065924468,0.064919618,0.094851974,0.383128478
MBD1,2043.995205,0.062851353,0.053357613,0.094884332,0.383128478
NSUN5P2,155.4281117,0.05108923,0.08177128,0.094905156,0.383128478
IGSF22,136.9791126,-0.039326293,0.076200764,0.095010044,0.383421888
RBM34,986.9823723,0.066209538,0.067527829,0.095105261,0.383676087
BBS4,501.9895339,-0.064466855,0.076519368,0.095218992,0.383775736
GAR1,447.0554632,0.064664399,0.076752605,0.095165281,0.383775736
KITLG,86.75743793,0.029203749,0.071041569,0.095233591,0.383775736
ZFP91,2732.815363,-0.056197489,0.043187074,0.095258908,0.383775736
CCT2,2495.359187,0.063525847,0.056156371,0.095340598,0.383886489
IKZF5,441.060438,-0.04818075,0.080253235,0.095520158,0.383886489
MBD5,392.7007992,0.056751586,0.08281073,0.095544365,0.383886489
METAP1,1178.26833,0.06480379,0.061502734,0.095508887,0.383886489
RPS27L,1725.236708,-0.063471813,0.07149582,0.095412601,0.383886489
SPATA2L,329.1968292,0.056181876,0.082575736,0.095442824,0.383886489
STK16,589.7045797,-0.065008295,0.074937873,0.09552352,0.383886489
UTP23,436.0726703,-0.055926912,0.081706862,0.095437526,0.383886489
IL1A,119.0398148,0.031603246,0.072185255,0.095732011,0.38451066
EBP,830.4373678,0.065105708,0.075430161,0.095825228,0.384734605
ZNF839,409.5510348,0.063830231,0.078007551,0.095854527,0.384734605
ZNHIT2,304.5104655,0.062655749,0.08043257,0.095884718,0.384734605
BPNT1,543.898372,-0.064673161,0.075968461,0.096133561,0.385603116
AK4,83.68234203,0.030665306,0.071688262,0.096375369,0.385789598
CASP6,406.0194336,-0.063608542,0.077242598,0.09624633,0.385789598
IFITM10,384.389212,0.055043761,0.083047228,0.096406892,0.385789598
POLR3K,395.2661892,0.065263279,0.076064674,0.096236077,0.385789598
RIOK2,628.4373622,-0.049608894,0.081021427,0.096282353,0.385789598
STX8,448.1968958,-0.063552907,0.077590798,0.09631142,0.385789598
TMEM60,534.2390105,-0.06535461,0.069918569,0.096369126,0.385789598
FLVCR2,2378.263901,-0.066514043,0.067839251,0.09648377,0.385837853
SSNA1,1838.714238,0.059097717,0.047565103,0.096456219,0.385837853
GATD1,1253.513345,0.063968062,0.079119,0.096636925,0.386320547
WDR82,3852.745833,-0.050993746,0.037046025,0.096670703,0.386325853
FCRL6,100.8969992,0.041590488,0.077282313,0.096863004,0.386494644
IK,3347.229001,-0.05388165,0.040884781,0.096889165,0.386494644
MAVS,4777.166122,-0.057829382,0.045798795,0.09675137,0.386494644
PDE3B,1352.190176,-0.059931979,0.084692497,0.096928179,0.386494644
RAB40B,301.5300616,0.0630752,0.081233204,0.096784185,0.386494644
RCAN1,789.8295775,-0.064671794,0.063261632,0.096959527,0.386494644
RRAGC,2194.274131,-0.062029274,0.054666819,0.096972659,0.386494644
ZNF432,189.9204358,0.05199538,0.081530824,0.09687698,0.386494644
ABHD8,1384.539389,-0.065237595,0.068924899,0.0970292,0.386590572
NAA50,3590.396514,0.063619375,0.057754831,0.097071814,0.386630961
POLR3B,394.2121431,0.053974827,0.082277125,0.097140953,0.386776938
PLBD1,2510.728539,-0.061288221,0.052158279,0.09735923,0.387516428
ZMYND11,2094.44092,-0.061451207,0.052609728,0.097445181,0.387728904
HRAS,718.7876509,0.065500829,0.070444325,0.097481226,0.387742732
CCNA1,80.03262332,0.035209406,0.074030048,0.097738429,0.388427321
NAMPT,1666.712807,0.061346332,0.080817447,0.097783845,0.388427321
SNX17,4750.639168,0.050675872,0.036962891,0.097772883,0.388427321
STOM,4347.404608,-0.051569764,0.037707409,0.097688337,0.388427321
MFSD6,829.6730602,0.065161251,0.070287221,0.097861159,0.388491506
ZNF805,191.1690387,-0.053116992,0.081553496,0.097865269,0.388491506
SUMF2,5010.365166,-0.056719963,0.044744257,0.097996771,0.388883853
CHIT1,61799.75655,-0.05673843,0.043362555,0.098148038,0.389354345
ERO1B,409.8633378,-0.05414077,0.081521681,0.098202226,0.389439542
PGRMC2,1231.909532,-0.063686396,0.075868305,0.098242347,0.389468912
C1orf74,142.3323762,-0.050568871,0.081259237,0.098373866,0.389759644
SLC15A2,97.13921445,-0.029152879,0.070908622,0.098402789,0.389759644
TBXA2R,105.0858048,0.041745,0.077387333,0.098413901,0.389759644
ABI1,4025.408394,-0.060163694,0.050823899,0.098579249,0.390169139
ERMP1,1902.534156,-0.064550452,0.06825851,0.098648392,0.390169139
H3-3A,9227.098353,-0.062957184,0.058754231,0.098645075,0.390169139
MICU1,1457.784334,-0.06195833,0.05835213,0.098625684,0.390169139
ANKHD1-EIF4EBP3,1052.605206,-0.061348152,0.077429882,0.098726707,0.390349203
CCDC14,682.2021938,-0.061707727,0.078539975,0.098837555,0.390657735
CDKN1B,1143.165139,-0.062559377,0.057292282,0.098888918,0.390731021
AJM1,180.8339204,0.046987681,0.079715328,0.098957876,0.390860347
KBTBD2,1273.972229,-0.064392701,0.062798883,0.099020143,0.390860347
PLOD1,7155.484205,-0.059032253,0.049008234,0.098989671,0.390860347
MORN1,103.6746133,0.040955494,0.076783924,0.099083651,0.390981395
LRRC40,441.2722253,-0.060166215,0.080028923,0.099168079,0.391184885
U2AF2,5940.215874,0.060903912,0.059094521,0.099270801,0.39146038
AP1G2,2364.14192,0.064683247,0.070547197,0.099346434,0.391581454
USP19,2787.622034,0.06419429,0.059767686,0.099367289,0.391581454
DGLUCY,1998.959248,-0.062993366,0.058053169,0.099541353,0.392007877
MBNL1,4557.189219,-0.053395712,0.040162841,0.099524709,0.392007877
TBC1D16,2672.225014,-0.066650378,0.065890443,0.09964715,0.392294751
GDE1,3070.915724,-0.062867082,0.058491657,0.099689554,0.392331948
LYL1,1073.293699,0.064651413,0.063796211,0.099892547,0.393000914
GPRIN1,142.2363377,-0.050329562,0.082845713,0.099942989,0.39306947
SERGEF,321.9915241,-0.052131122,0.081190925,0.09998125,0.393090085
CAMKMT,110.0012678,-0.042529351,0.077417018,0.100204303,0.393707004
RNF135,1789.797897,-0.060514319,0.052952063,0.100179323,0.393707004
DEF6,1763.894588,-0.061094348,0.053623907,0.100344676,0.394128462
GMPPB,1010.479065,0.062801447,0.059111682,0.100415215,0.39427544
BAG4,934.2756829,-0.064227812,0.067208188,0.100568746,0.394325783
CD1C,186.84147,-0.041540486,0.076814464,0.100669702,0.394325783
GPR150,61.88882403,0.030588623,0.071588942,0.100466593,0.394325783
LSM11,181.6137876,-0.050555155,0.080890212,0.100575325,0.394325783
MLXIPL,3197.606661,0.066859557,0.074636851,0.100640901,0.394325783
NOP58,1329.446048,0.065472978,0.063734253,0.100620665,0.394325783
SMIM29,699.041383,0.063585794,0.060969055,0.100693018,0.394325783
ZMYM6,939.0359304,-0.060302043,0.078663837,0.100548084,0.394325783
ADISSP,925.499974,-0.064066849,0.067314648,0.100875033,0.394908672
IPO5,2377.841652,-0.062932823,0.05696612,0.100936168,0.395018108
RNASE1,1211.939958,-0.06267049,0.07595702,0.101142742,0.395696466
IKBKB,2273.217539,0.061761207,0.070145791,0.101238925,0.395773932
PTPN11,3710.20326,0.053983767,0.040874576,0.101227574,0.395773932
TIMM10B,901.2740412,0.064753996,0.068793061,0.101262276,0.395773932
COP1,1364.67811,-0.059234914,0.049698067,0.101369586,0.396001828
GATM,1487.337971,-0.062415031,0.057331008,0.101387112,0.396001828
EVI5L,467.6035824,-0.058708151,0.080227043,0.10143262,0.396049636
BNIP3,380.7387644,-0.063247443,0.073397336,0.101564676,0.396159295
C2,4463.474881,-0.060759025,0.053643248,0.101512149,0.396159295
PGA4,100.679063,-0.030430369,0.07144604,0.101589948,0.396159295
TSC22D3,1021.444683,0.063766075,0.063911971,0.101593812,0.396159295
NPIPB7,412.6999652,0.057813927,0.080189074,0.1020325,0.397739656
MYO1E,7530.395818,-0.057851707,0.047374854,0.102159949,0.398106117
CEP112,168.7587176,0.043489069,0.077688218,0.102199135,0.398128501
GON7,510.1552352,-0.063640352,0.066630543,0.102283688,0.398327545
NRSN2,403.362905,0.052937785,0.081652169,0.102444994,0.398825263
CHD8,3465.279545,0.062918447,0.059936073,0.102529641,0.399024316
ENOX2,473.1077309,-0.063541596,0.068610141,0.102677506,0.399266562
MTHFD1L,2283.033087,-0.060427692,0.053420017,0.1026925,0.399266562
TMSB10,24112.34674,0.05833286,0.046067877,0.102654964,0.399266562
SLC25A35,418.3389225,-0.061912571,0.075629129,0.102806697,0.399319323
SPON2,213.4376549,0.047127872,0.079255091,0.102784445,0.399319323
ZNF598,1467.809911,0.064280005,0.065397641,0.102740377,0.399319323
POGLUT3,606.5300154,-0.064282755,0.069555158,0.102859456,0.399393943
NEK4,788.0085862,-0.06316499,0.063549384,0.102914186,0.39947616
GSTCD,347.5639173,-0.056012955,0.080424278,0.10303004,0.399665242
QSER1,1325.575234,-0.063095048,0.063151668,0.103008595,0.399665242
CNIH1,1810.729135,-0.062530936,0.074620925,0.103130481,0.399924553
DPP7,5566.307821,0.057282294,0.047453844,0.103611518,0.400217133
MAF,5267.764219,-0.059090964,0.048459012,0.103500053,0.400217133
NUCKS1,6866.136397,-0.064856608,0.077398284,0.103550319,0.400217133
OSBPL9,1976.752933,-0.058367508,0.048698179,0.103418439,0.400217133
PLEKHM1,1958.198036,0.063020012,0.067093601,0.103642959,0.400217133
RNF144B,525.6895163,-0.044362964,0.078120498,0.103454329,0.400217133
ROCK2,1075.371664,0.064019793,0.06785463,0.103379454,0.400217133
SAMD14,65.90287283,0.029911645,0.071164523,0.103621201,0.400217133
SEC61B,1516.069224,0.060100895,0.05210646,0.103608753,0.400217133
SERPINI1,124.8248988,-0.045498393,0.078477501,0.103392132,0.400217133
SESN2,2136.509546,0.056983053,0.046462692,0.103377447,0.400217133
TFAP4,325.1701421,0.050402423,0.080076076,0.103623017,0.400217133
WDR6,4718.779081,0.050371876,0.037480262,0.10361366,0.400217133
POLR2J4,64.03194434,0.034862353,0.073524098,0.103718267,0.40037807
CSF2RA,725.334828,-0.062301921,0.072916633,0.103814019,0.400506437
NEURL2,292.7041043,0.059012285,0.0818707,0.103818804,0.400506437
PNPO,1914.522895,-0.059618354,0.052677293,0.103853977,0.40051234
PDK2,934.2674666,-0.061003475,0.074626708,0.103946178,0.400608369
RAI1,657.8477213,0.053868985,0.079860603,0.103916386,0.400608369
NFKBIE,2969.200575,0.059774845,0.056730038,0.104020182,0.400763841
ARL16,419.989283,0.061456347,0.075997671,0.104155821,0.401139948
PPARGC1B,1664.839528,0.06277862,0.063862677,0.104185193,0.401139948
ABHD14A,236.5881288,-0.056320729,0.080465095,0.104241489,0.401226941
FADD,1057.903435,0.062040439,0.05827183,0.104293449,0.401297191
ZSWIM8,3327.540237,0.060828735,0.056121088,0.104330441,0.401309823
CLTC,14181.21018,-0.055459888,0.048781239,0.104391781,0.401416069
SIGLEC9,2053.56456,0.056250604,0.045085947,0.104446695,0.401497549
PPP1R37,1506.552522,0.062311007,0.074422072,0.104539883,0.40172605
CCDC200,370.1888369,0.058869853,0.079146415,0.104918158,0.402197175
COTL1,12337.23235,-0.050726605,0.038506542,0.104992597,0.402197175
ERCC6L2,776.575837,-0.062073288,0.064020886,0.105000321,0.402197175
MARS2,391.7615929,0.061903044,0.072321994,0.10470666,0.402197175
METTL2A,412.1783669,0.061120429,0.076633901,0.104955486,0.402197175
NR3C1,2749.604923,-0.060827749,0.055251697,0.104751867,0.402197175
OSBPL8,5291.156119,-0.050628239,0.038624942,0.104928848,0.402197175
STAC3,934.078049,-0.063573948,0.068128744,0.104994944,0.402197175
UBE2M,3203.154004,0.056470166,0.045054545,0.104791355,0.402197175
XAF1,3843.972559,0.061740964,0.072936654,0.104915224,0.402197175
ATXN7L2,209.2172271,0.054854991,0.080362397,0.105134241,0.402256764
EFHC1,251.3345072,-0.049146171,0.079663005,0.105141984,0.402256764
KCNA2,84.17709462,-0.029784673,0.071046459,0.105184822,0.402256764
MT-CO3,74929.80463,-0.059758575,0.055132631,0.105171249,0.402256764
TRMO,407.181019,-0.060853193,0.076548376,0.105096904,0.402256764
SGCG,380.8840101,-0.062540789,0.071678537,0.105376028,0.402858577
PLEC,22848.02117,0.061925106,0.062094,0.105448369,0.403005726
BTBD19,1239.525146,0.073525617,0.089067133,0.1056741,0.403390629
DNPH1,1642.727159,0.057065697,0.047678823,0.105701021,0.403390629
GPX8,439.3725935,-0.049254911,0.081613748,0.105718502,0.403390629
MLLT6,4150.943297,0.067015744,0.075311777,0.105596409,0.403390629
TIMM8B,1073.007108,0.062401709,0.064975984,0.105701773,0.403390629
C14orf119,1545.258571,-0.06281527,0.066047008,0.105800325,0.403444223
CUL4A,2072.623602,0.057053859,0.04702574,0.105780459,0.403444223
HTRA1,5531.131082,-0.060175585,0.076156285,0.105896048,0.403679938
OAF,578.9311467,0.059894727,0.076731938,0.106099595,0.404326403
MAN2C1,3107.766303,0.063748576,0.068979118,0.106137461,0.404341272
RABAC1,2454.07014,0.061797772,0.058555829,0.106219314,0.404523652
PTBP1,8832.663605,0.066187369,0.070312182,0.106261403,0.404554526
SLAMF8,8470.85039,0.051382149,0.039580392,0.106325612,0.404669569
CLYBL,225.5104613,-0.054573935,0.076737151,0.106402716,0.404714155
GMFG,2125.675026,-0.060688828,0.05451761,0.106405317,0.404714155
CEACAM21,104.1182327,-0.040724621,0.076188149,0.106609525,0.405102584
EZR,3515.120925,0.061739099,0.060935561,0.106576496,0.405102584
VPS52,1354.238396,0.06315392,0.069609341,0.106545707,0.405102584
PKD2,1982.340451,0.059116179,0.050426344,0.106646263,0.405112877
COX5A,2504.148265,-0.062336344,0.066381903,0.106837763,0.405710866
TPGS2,1600.302019,-0.059039539,0.051968881,0.106901394,0.405823055
GPN3,1078.721813,-0.061207133,0.05776606,0.106954047,0.405893505
KLHL42,507.2057161,0.058858855,0.07736577,0.106997322,0.405900184
ZNF397,551.924515,-0.059198428,0.076615698,0.107023996,0.405900184
ZFR,2981.920377,-0.058569189,0.050250921,0.1070594,0.405905146
ZNF546,207.017051,0.030775486,0.071446084,0.107176648,0.406220312
RAD54L,295.8038236,0.050465338,0.07960029,0.107224665,0.40627296
PSENEN,1117.347,-0.059054688,0.052146613,0.10725981,0.406276817
PFDN6,751.5892305,0.062649581,0.065421386,0.107374705,0.406582653
MRPL30,748.6287891,-0.062248667,0.070723266,0.107538585,0.406944326
SPART,1833.747149,-0.061744018,0.0620468,0.107525169,0.406944326
SANBR,562.3871247,-0.062245677,0.06787005,0.107576439,0.406958216
PLXNA3,2535.868493,0.058270516,0.078410818,0.107733971,0.407295308
RUFY1,1525.887537,-0.061349962,0.06605519,0.107707773,0.407295308
CATSPER1,78.95767109,0.036388499,0.07403425,0.107835069,0.407463054
DHRS4,1655.17572,0.056520827,0.047252726,0.10788102,0.407463054
FASTK,2274.307365,0.064337957,0.066635607,0.107848323,0.407463054
CTSF,211.1720968,-0.051532987,0.081939066,0.108073464,0.40781077
SGK3,2022.98178,-0.061335117,0.059656105,0.108075849,0.40781077
ZRANB3,152.9727213,-0.027957792,0.070181627,0.108074027,0.40781077
OSBPL5,111.8961925,-0.037536029,0.074495147,0.108188682,0.407977909
RBAK,564.2332592,-0.061089976,0.073564153,0.108166338,0.407977909
AAMDC,174.5040303,-0.054439379,0.079958364,0.108264354,0.408133989
PARVG,4784.212633,0.054584544,0.044443871,0.108308509,0.408171194
PRKCD,7432.811815,0.049846261,0.038436616,0.108456736,0.408600457
DCUN1D3,295.6445265,0.059019328,0.076941166,0.10853254,0.408636476
KMT2D,5840.878769,0.062140887,0.065086046,0.108555625,0.408636476
SAFB2,3228.240832,0.06404857,0.065675104,0.108569271,0.408636476
LTV1,1075.550819,0.061559042,0.060718105,0.108668067,0.408879058
TNFAIP6,69.90238432,0.034407447,0.073094833,0.108723925,0.408959977
DHX15,2655.973896,0.057243319,0.051209911,0.108775406,0.409024385
GGCX,1854.111941,0.060451566,0.055428954,0.108840918,0.409141501
TCAF1,1116.57448,-0.061515843,0.070276111,0.109015524,0.409668501
SRGAP2C,866.953957,-0.054691926,0.078960813,0.109072631,0.409753763
OAS3,13435.76948,0.059490652,0.077739204,0.109111191,0.409769315
ATP6V0E2,621.8773322,-0.061934436,0.063166435,0.109230616,0.409829968
CAPZA1,8047.185608,-0.060936701,0.056571115,0.109205226,0.409829968
PTBP2,276.9539262,0.052727185,0.076288908,0.109210975,0.409829968
BPGM,220.0756068,-0.056999337,0.078054478,0.109293599,0.409879939
SEC61G,920.5510669,0.061186716,0.074632797,0.109312793,0.409879939
CEP295,626.0815947,-0.06180101,0.063385584,0.109440445,0.409951256
DCAF7,6551.686187,-0.058175018,0.052428099,0.109469554,0.409951256
NDST1,5428.35238,0.056051479,0.046651108,0.109433924,0.409951256
RBCK1,2547.792666,0.05717638,0.050395801,0.109449034,0.409951256
RFC5,333.0999802,-0.059852721,0.075883041,0.109623552,0.410296717
SKP1,1906.363186,-0.058041748,0.078110317,0.109630731,0.410296717
FDFT1,2084.434816,0.063814556,0.070867564,0.109673606,0.410328184
DDX50,651.4350698,-0.061612794,0.070903375,0.109812975,0.410462629
PMM2,1253.004151,0.059317507,0.052944101,0.109805851,0.410462629
SUZ12,1653.375622,-0.06183106,0.060375558,0.109784463,0.410462629
MYD88,4386.958762,0.058361476,0.051722607,0.1099869,0.410983693
TESK1,2410.503435,-0.059954547,0.063081707,0.110088999,0.411236127
MARCHF6,3629.123119,-0.053148873,0.042607749,0.11013869,0.411267072
NUP42,964.9210664,-0.060966081,0.057010961,0.110166375,0.411267072
TPRG1L,1889.918645,-0.057024686,0.049333294,0.110202712,0.411273758
B4GAT1,476.213199,-0.060849511,0.073022494,0.110270652,0.411398342
ATF6,2700.657703,-0.054297513,0.044148168,0.1103517,0.411571738
AP3S2,953.939059,-0.061964316,0.061084754,0.110390977,0.411589283
ARHGAP11B,173.5079016,0.04709661,0.078304662,0.110704379,0.411854885
EIF2AK2,4921.778291,0.057907365,0.072807126,0.110669132,0.411854885
INTS2,424.5819974,0.051121716,0.078940278,0.110679257,0.411854885
NANOS1,62.773897,0.026275206,0.06939602,0.110628917,0.411854885
TAF4B,85.37366656,0.037280041,0.074329649,0.110608326,0.411854885
WDR26,5659.334681,-0.058774792,0.053313839,0.110689682,0.411854885
ZNF615,186.9081029,0.043154035,0.076929217,0.110509884,0.411854885
CALML4,358.2668351,-0.059997747,0.074218384,0.110833764,0.412141417
RALA,4011.10212,0.06054,0.061937392,0.110850636,0.412141417
AKAP6,573.2305596,-0.047943258,0.078701019,0.111761146,0.412311554
ATG101,1052.131162,0.061200083,0.061147952,0.1116506,0.412311554
CIAPIN1,1007.845285,0.060581853,0.05654434,0.11147226,0.412311554
DTD2,195.6212751,0.052736969,0.078889552,0.111580886,0.412311554
ECPAS,3883.889827,-0.054901925,0.045835497,0.111757569,0.412311554
EXOSC3,579.8961603,0.060586011,0.073691784,0.111020622,0.412311554
FEZ2,1258.876717,-0.061390227,0.062106566,0.111180566,0.412311554
GAS8,206.5608196,0.047035187,0.077353242,0.111380982,0.412311554
GPAT3,256.8104669,0.036407003,0.073894974,0.111342938,0.412311554
HSF4,121.7583526,-0.041308313,0.076020071,0.111413809,0.412311554
KCMF1,1541.040417,-0.054022275,0.045079013,0.111229377,0.412311554
LSM2,350.0026164,-0.055787579,0.078670738,0.111363692,0.412311554
MID2,67.40645848,0.03213173,0.071919089,0.111762233,0.412311554
NEDD9,1530.404337,0.062816203,0.059331911,0.111527148,0.412311554
NEK7,2061.15574,-0.057505292,0.054663851,0.111152873,0.412311554
OTULINL,1454.35504,-0.058540106,0.077367401,0.111628531,0.412311554
PHRF1,2210.522165,0.060604947,0.064762287,0.111649761,0.412311554
PIAS2,760.7156551,-0.060080098,0.070799067,0.111251265,0.412311554
PTPN13,1202.928707,0.059952497,0.076043435,0.111638392,0.412311554
PUS7L,282.3977151,-0.050905351,0.078578838,0.110955465,0.412311554
RSBN1L,915.5030505,-0.061274454,0.069715552,0.111016243,0.412311554
SDC3,1932.719152,0.059078619,0.072116228,0.111750298,0.412311554
ZBTB18,335.1899688,-0.058452617,0.076715295,0.111685962,0.412311554
ZNF155,177.1493003,0.046755301,0.078160803,0.111458099,0.412311554
ZNF17,96.36490603,-0.036392864,0.073911595,0.111060059,0.412311554
ARRDC4,1209.068773,-0.061460621,0.062417678,0.11197578,0.412837342
R3HDM2,1361.643586,0.059183875,0.070528972,0.112003735,0.412837342
TAFAZZIN,1024.133474,0.061052425,0.064966603,0.112008788,0.412837342
DZIP1L,465.9668147,0.058533894,0.076844183,0.112265865,0.413528812
OGFOD2,602.2074,0.065569024,0.072214172,0.112232143,0.413528812
C22orf39,683.4910372,-0.061301457,0.067879194,0.112362075,0.413755183
ETNK1,3477.30099,-0.059788596,0.057909055,0.112667848,0.41412578
HPS3,1109.599021,-0.060408495,0.071698739,0.112619333,0.41412578
KSR1,804.5414861,0.060320346,0.07165132,0.112541681,0.41412578
PIK3R1,2763.284619,-0.054052184,0.044602892,0.112616404,0.41412578
SPIN4,266.2228533,-0.055879101,0.077524507,0.112671432,0.41412578
USP11,1863.070695,0.060425748,0.05909701,0.112580125,0.41412578
RTN4R,446.302276,-0.055372143,0.077843164,0.112735632,0.414233859
DIPK2A,706.5603643,-0.061199965,0.065173021,0.112804743,0.414299366
TRMT6,556.1761511,0.060628825,0.072061392,0.112823061,0.414299366
PRXL2A,2837.23804,-0.060120175,0.054758812,0.112915806,0.414478927
XIAP,2543.593444,-0.062475232,0.063025228,0.112941591,0.414478927
KNTC1,772.4668545,0.066132861,0.066868666,0.113262898,0.415529985
DHX30,2744.977305,0.057516662,0.049790502,0.113326326,0.415551862
IFT122,2107.076737,0.058596093,0.050808917,0.113338672,0.415551862
TIMP3,11436.84951,0.06057759,0.058647642,0.11345212,0.415839743
PFAS,760.5840511,0.030174258,0.071008715,0.113490248,0.415851461
CLK3,1504.254981,0.057730755,0.063246181,0.113607862,0.41602633
FABP3,2520.219233,-0.06341723,0.059161727,0.113573016,0.41602633
NUDT4B,257.6940014,-0.052201133,0.078351091,0.113656605,0.416076838
BID,1921.765156,0.060717673,0.060070159,0.113726761,0.416205682
TIGD1,306.2872926,0.061613506,0.07550594,0.113822652,0.416428603
MAIP1,333.3121537,-0.052825939,0.078499701,0.114029175,0.416884557
OPLAH,574.7432193,0.055625667,0.077857215,0.11409204,0.416884557
SUN1,854.7944777,-0.056817081,0.076459825,0.1141107,0.416884557
TCEAL8,1218.067622,-0.061431504,0.063165902,0.114122366,0.416884557
ZNF780A,723.7761697,0.055575042,0.077691488,0.114062996,0.416884557
CBX6,3273.128016,0.058928761,0.056076337,0.114263705,0.417272826
THRAP3,4281.473177,0.056209696,0.049184903,0.114322107,0.417358075
NOL12,457.727865,0.059902474,0.071523475,0.114480283,0.41773067
PIGA,271.6295737,-0.049477573,0.079516845,0.114494345,0.41773067
ACVR1B,1660.11241,0.056989631,0.050829536,0.11463528,0.417988671
SKIC3,1956.179163,-0.057356073,0.051979787,0.114629254,0.417988671
UBE4B,2727.049846,-0.057087915,0.050635909,0.114712782,0.418143195
BORCS8-MEF2B,88.48217951,-0.019209871,0.066823015,0.114862556,0.418466883
CDK5RAP3,3572.411562,0.058095389,0.052446304,0.114922735,0.418466883
EFR3A,4635.768203,-0.055809223,0.048362731,0.114880678,0.418466883
TLK2,1555.887185,-0.056113041,0.049573666,0.114942185,0.418466883
ZNF566,182.4450304,-0.039705959,0.075139348,0.114988515,0.418507574
AK6,490.4421094,0.061014637,0.068566834,0.115236974,0.419283671
ATG12,1147.228511,-0.060282176,0.066913474,0.115324611,0.419309282
SEC13,2878.72915,0.056423209,0.046824143,0.115349677,0.419309282
ZSCAN30,260.231123,-0.052061222,0.07790633,0.115302698,0.419309282
KNL1,823.601869,-0.059779273,0.069614089,0.115515179,0.419526605
PARPBP,265.2579564,-0.043845675,0.076620245,0.115511977,0.419526605
TCFL5,149.7277287,-0.048346841,0.077832191,0.115491922,0.419526605
TXN,2025.923616,0.05754232,0.071881418,0.115556369,0.419548208
PUSL1,358.8954606,0.05952276,0.070952184,0.115618044,0.419644152
PABPC4,7611.437573,-0.058936686,0.053560883,0.115687697,0.419768984
CAMK4,77.4329648,-0.026724065,0.069494547,0.115950407,0.420594026
PALD1,3023.781134,-0.060704378,0.063506949,0.11608365,0.420949087
RAB31,9824.447382,-0.048551639,0.037302423,0.116353726,0.42167157
ST3GAL3,282.8110552,-0.054322863,0.075427817,0.116326273,0.42167157
HMG20B,3722.755523,0.057128147,0.051846846,0.11639796,0.421703504
UTP18,1650.141078,-0.0539508,0.045291847,0.116619908,0.422379071
UBE2F,1714.935501,-0.056188052,0.049549452,0.116748537,0.422716342
ATP8B3,106.865565,-0.028251974,0.070153213,0.116850965,0.422856645
NEURL4,1293.200091,0.056208217,0.073011726,0.116858325,0.422856645
PLA2G4B,105.3407357,-0.028201941,0.070087073,0.117057856,0.423192764
SNX8,4045.892596,-0.056420509,0.05033046,0.116999511,0.423192764
TRAPPC11,1728.212657,-0.059438128,0.060616778,0.117032763,0.423192764
TP53,2550.910882,0.056880947,0.051886062,0.117107941,0.423245305
EZH2,915.7841295,0.0596923,0.059192029,0.117188227,0.423406931
ANXA6,502.1090125,0.044546227,0.077066024,0.117264387,0.423553558
ZNF226,377.6880448,0.048620082,0.07606646,0.117425043,0.424005199
CHAC1,429.3394076,0.045420942,0.076694329,0.117648857,0.424684549
MX2,3047.650291,0.037886436,0.074816991,0.11782097,0.425176918
ABCA2,1216.452031,-0.053571586,0.075224288,0.11802511,0.425397801
ACAD10,619.7328716,-0.055820325,0.075078297,0.118023519,0.425397801
DAZAP2,6887.461877,-0.053306655,0.044624358,0.118024733,0.425397801
PTGS1,6843.52336,-0.052323272,0.051126109,0.118016375,0.425397801
ATG4C,682.2142277,-0.056243602,0.074727436,0.1183518,0.426348741
CAMK1D,2449.990005,-0.052085376,0.042778421,0.11836057,0.426348741
APPBP2,1198.898284,-0.060457026,0.063530529,0.11841194,0.426404761
CTSK,1495.025653,0.055862918,0.068324087,0.118811333,0.426969353
CUTA,1979.035171,-0.057651595,0.054210065,0.118690741,0.426969353
HERC3,1237.894191,-0.059613848,0.069700091,0.118677228,0.426969353
INPP5D,6779.027547,-0.05544151,0.048851215,0.118729931,0.426969353
PCBP1,10462.25646,-0.041497113,0.030656237,0.118782561,0.426969353
SERINC3,4762.648983,-0.054325626,0.045852949,0.118819779,0.426969353
ZNF529,307.4822582,-0.053248178,0.076939977,0.118621821,0.426969353
LGMN,12396.54948,-0.067231247,0.058418202,0.118946628,0.427296199
GIMAP1,1401.784466,-0.057122546,0.052219801,0.118987634,0.427314563
CCDC18,498.8428942,-0.056264058,0.074716975,0.119212953,0.427492427
EBAG9,482.2818431,-0.057993638,0.070765155,0.11932443,0.427492427
GCC2,1834.797875,-0.058526353,0.057561966,0.119309498,0.427492427
MAPK3,1353.158098,-0.060471519,0.064580303,0.119142393,0.427492427
RAB3GAP1,2411.97891,-0.055638418,0.050064187,0.119257961,0.427492427
RPF2,589.8952356,0.056382094,0.074455215,0.119303387,0.427492427
RPL4,23563.04434,-0.050414116,0.040721711,0.119183459,0.427492427
WDSUB1,361.1620887,-0.057006174,0.070389297,0.119281682,0.427492427
PPT1,12864.70953,-0.053239582,0.044870474,0.119362007,0.427498403
SLC7A5P2,82.00005798,0.032418477,0.071864739,0.119434448,0.427629205
GGA1,4489.080163,0.059391624,0.067327138,0.119701895,0.428374847
TMTC1,256.5911798,-0.045625337,0.076715137,0.119714667,0.428374847
C2orf42,302.3312847,-0.047412814,0.077172714,0.119780279,0.428456415
VKORC1L1,1775.248993,-0.057401559,0.052994123,0.119809442,0.428456415
ARHGAP6,292.3886531,0.054654051,0.078610165,0.119892824,0.428503411
ATG9A,2093.658028,0.058028565,0.066983717,0.120025506,0.428503411
ATXN2L,6649.069138,0.05898482,0.056610639,0.120110532,0.428503411
CERS5,1392.863802,0.059444397,0.061441074,0.119958269,0.428503411
DHX9,4185.217463,0.055913974,0.050026022,0.120059227,0.428503411
MOGS,2948.041878,0.059771304,0.058716728,0.120104211,0.428503411
NHSL1,505.8441161,0.051217682,0.074955091,0.120028084,0.428503411
ZNF107,380.3970691,0.053324029,0.076526256,0.120011392,0.428503411
SRD5A1,947.653923,-0.058935079,0.062992239,0.120201783,0.428700486
ARID1A,5219.671771,0.056205387,0.077548155,0.120724325,0.429834154
DNM2,11492.08782,0.057861428,0.051829602,0.120692891,0.429834154
DOC2A,184.5766355,-0.045980674,0.076985241,0.120655969,0.429834154
ITGB7,1004.334771,-0.058509501,0.068884502,0.120647761,0.429834154
MAP1A,122.9020598,0.037569764,0.07396186,0.120606615,0.429834154
RPS6KA1,9165.453295,-0.051599925,0.042845927,0.12073628,0.429834154
BCAT1,5937.350337,0.055013781,0.050540452,0.120817206,0.429865165
DNAJB5,266.2616487,0.048686987,0.077347838,0.120793291,0.429865165
CYB561A3,6108.238012,-0.050031531,0.040667902,0.120926156,0.430124256
DGKA,629.2201559,0.058324542,0.070779505,0.121025907,0.430221984
TERF1,574.6616799,-0.058810771,0.068164606,0.121013414,0.430221984
ACTN4,9825.525843,0.058079655,0.05627572,0.121107752,0.430384413
GPR108,2260.414985,-0.053869596,0.046612824,0.121412802,0.431211041
SNRPF,461.0625786,0.059965635,0.070655603,0.121410007,0.431211041
SEMA6B,784.0416685,0.055436432,0.074325888,0.121592501,0.431654964
WASH6P,2071.810131,0.057822529,0.056324677,0.121610311,0.431654964
GINM1,1192.046988,-0.057067868,0.05356631,0.121680664,0.431775949
CD80,118.3526127,0.036135324,0.073304777,0.121924255,0.431996503
DENND2D,1889.982617,-0.052385361,0.044359557,0.121846428,0.431996503
GCA,1304.493499,-0.058246192,0.056479801,0.121877759,0.431996503
PHKB,2162.308097,-0.053922176,0.046957768,0.121807607,0.431996503
PTPN14,65.91192587,-0.026704388,0.06936267,0.121915197,0.431996503
FCF1,1276.953761,-0.057698642,0.054621575,0.122116293,0.432467037
TAF10,2286.900405,-0.05739098,0.055868073,0.122129708,0.432467037
CORO2A,859.2250771,-0.056634701,0.069605241,0.122257732,0.432534411
PHF7,193.8866565,-0.04927359,0.076866273,0.122224175,0.432534411
TMEM106A,1630.499251,-0.059409471,0.063874548,0.122256282,0.432534411
UCKL1,948.9793251,0.058359644,0.058370584,0.122406308,0.432931403
MAP2K2,3026.747408,-0.05854924,0.060673164,0.122490953,0.433102107
COL15A1,194.9318744,-0.04659801,0.076972429,0.122649461,0.433147978
DAGLA,1543.66913,0.056653469,0.071451183,0.122606652,0.433147978
TAF4,661.4372098,-0.054477368,0.074377047,0.122639475,0.433147978
ZNF740,1528.467218,0.058175409,0.058605992,0.122611799,0.433147978
FCMR,745.8871072,-0.057907903,0.065261679,0.122719083,0.433265329
ADAM32,245.2236127,-0.046125907,0.076458668,0.122878554,0.433571186
HCAR3,61.68697058,0.027546327,0.069715259,0.122859049,0.433571186
FFAR4,1831.498967,-0.049738157,0.076571562,0.123155887,0.434231929
GAS2L1,2157.164603,0.059167656,0.061648362,0.123211714,0.434231929
IL18BP,378.6752764,-0.049563074,0.076711763,0.12320295,0.434231929
ZRANB1,1301.266905,-0.056406433,0.054644329,0.123137669,0.434231929
MCFD2,3749.353811,-0.053209264,0.04583554,0.123400582,0.434768844
CSF3R,894.4756742,-0.04785515,0.069742795,0.123719533,0.43576362
ZNF623,667.7916569,-0.056783207,0.063002336,0.123775947,0.435833378
DYNC1H1,11278.98532,0.047378889,0.039947663,0.123926476,0.435976566
MADD,3894.817085,0.054135532,0.048868492,0.123902034,0.435976566
ZNF493,170.1953728,-0.047069646,0.076100258,0.123896097,0.435976566
LIMA1,1245.858568,0.05839003,0.070374832,0.123978123,0.436029409
COX6C,1344.694136,-0.058524172,0.064296875,0.124110018,0.436364374
CHPF2,2769.789816,0.057932947,0.057918514,0.124201234,0.436556152
TRAF3IP2,456.0980007,0.049774182,0.076992436,0.124278903,0.43670022
ZNF573,75.87433568,0.034395482,0.072469719,0.124322814,0.436725611
C5AR1,9804.868162,0.054976361,0.049216827,0.124375764,0.436782736
FAM193B,1214.844237,0.054699291,0.072454773,0.124420136,0.436809706
DENND5A,4427.062234,0.05655219,0.051193465,0.124658836,0.437288342
IAH1,611.1344822,0.057720258,0.068726787,0.124653264,0.437288342
NUMB,4970.04788,0.051123908,0.042669266,0.124666664,0.437288342
ANAPC4,802.2449707,0.059788649,0.058746196,0.12474679,0.437440512
MEX3C,955.8785646,-0.05855808,0.058120181,0.124832523,0.437446825
NCF2,11049.30804,0.046966472,0.034585028,0.124969071,0.437446825
PACC1,965.9551639,0.056522337,0.053282792,0.124906516,0.437446825
PAK1,2705.686375,-0.053182362,0.046940928,0.124967237,0.437446825
SUCLG1,1247.737418,-0.057752104,0.056661426,0.124885398,0.437446825
TP53I11,4189.183039,-0.05617504,0.054141156,0.125005804,0.437446825
VAMP3,2525.45124,-0.055110772,0.050130477,0.124940382,0.437446825
NCBP2AS2,461.7752903,0.058729381,0.064120332,0.125311098,0.438386312
ORC6,629.2695326,0.057808361,0.058779617,0.125372566,0.438472504
IPO4,825.748562,0.058076414,0.060668971,0.12548325,0.438730718
ZC3H7A,1673.664117,-0.055536305,0.051793704,0.125666418,0.439242132
ACSL3,4045.779061,0.059216808,0.070231676,0.125716485,0.439288156
ABCF3,1775.643212,0.055186639,0.049486762,0.126185783,0.440798636
SLC16A1,1174.100285,0.057628529,0.058066031,0.126469234,0.441659204
BORCS7,527.7625795,-0.055635683,0.071845044,0.126627157,0.442081026
DHPS,1164.128135,0.055355131,0.050601978,0.126728518,0.44230519
ZXDB,242.1823033,-0.050974125,0.075748302,0.126845032,0.442582094
PRRG1,188.2079206,0.030674961,0.070882632,0.127008572,0.442893102
ZFAND4,160.6758339,-0.041840686,0.075325716,0.126982785,0.442893102
MAN1B1,3877.593277,-0.05368341,0.044563532,0.127064504,0.442958394
PABPN1,5359.562193,0.046546393,0.03668123,0.127181039,0.443234856
MPV17,2055.996952,0.051140186,0.042808528,0.12728965,0.443482476
NDE1,902.7633682,0.058778265,0.059656131,0.127326594,0.443482476
FGFRL1,1249.305558,0.057869376,0.06129113,0.127364381,0.443484339
TOMM5,1454.441425,0.057242632,0.059897139,0.127627392,0.444270204
CITED2,5356.677417,-0.052430506,0.045781382,0.127982355,0.444466144
MICOS13,1145.412642,0.057848496,0.067628823,0.127791211,0.444466144
MTMR4,981.8206716,-0.057543955,0.064570095,0.127866864,0.444466144
PRKCA,3710.511682,-0.055784348,0.051510009,0.12774968,0.444466144
PRMT9,259.3193781,0.050502838,0.076073671,0.12790559,0.444466144
SASH3,5062.770224,-0.0473855,0.038099177,0.127978085,0.444466144
THAP8,176.3783466,-0.043131181,0.075368257,0.127916558,0.444466144
ZNF761,434.9094213,-0.055756535,0.071768491,0.127891409,0.444466144
TRIM11,1058.625196,0.055806256,0.070857044,0.128063282,0.44461749
NLE1,288.4521395,0.053759396,0.073852987,0.128284102,0.445254296
AKAP8L,2046.015095,0.057572485,0.064575013,0.128440543,0.445667345
GRK6,2675.686305,0.050228631,0.048090573,0.128523559,0.445825459
MAZ,6895.956959,-0.054789342,0.048500881,0.128664905,0.445925965
TRIM52,494.1764199,-0.057442721,0.062534269,0.128590758,0.445925965
YPEL2,1051.730078,-0.057090316,0.059729628,0.128641453,0.445925965
AASDHPPT,961.0176348,-0.057815423,0.059452383,0.128814678,0.446315118
COPS4,750.2341167,-0.056573147,0.059308071,0.128969869,0.446722809
ANXA3,82.00509638,-0.033519774,0.071885189,0.129137062,0.446773476
GPRASP2,87.05141004,-0.030531429,0.069355716,0.129143449,0.446773476
HAUS1,401.5659799,-0.056333733,0.076522426,0.129154203,0.446773476
PIEZO1,7333.558824,0.057601255,0.060573306,0.12904347,0.446773476
SNRNP25,846.7329365,0.057390641,0.061849941,0.129172138,0.446773476
TUSC1,336.1713326,0.053627764,0.071355062,0.129348384,0.447253124
RHOT2,2824.879235,0.056525427,0.065273102,0.129412519,0.447269746
UBE2A,2494.667637,-0.04926531,0.040931194,0.12942833,0.447269746
FAM210B,695.0153431,-0.055450802,0.071195869,0.129483093,0.447329141
CPOX,1282.748009,-0.056809858,0.056303451,0.129688649,0.447909304
TXNDC12,2798.961061,-0.054720842,0.050374359,0.129751204,0.447995383
PDE1B,1912.35265,-0.051315279,0.07449782,0.129892147,0.448222032
TEN1-CDK3,246.8969863,0.042586623,0.075078143,0.129863131,0.448222032
IPO7,4737.356546,-0.056252788,0.053953394,0.130258021,0.449354315
SDC2,3324.972329,0.056329008,0.062615851,0.130405019,0.449731098
FOLR3,59.29739408,-0.027786103,0.069646137,0.130452369,0.449764104
BRWD1,1662.469749,-0.055345203,0.05330452,0.130534783,0.449917949
SDHAF3,170.6685823,0.038968964,0.0739456,0.130598634,0.450007739
HAGHL,775.8180807,0.059881771,0.076142232,0.130668334,0.450117625
MINPP1,592.8739697,-0.057032359,0.065283198,0.130794033,0.450247345
NQO2,735.7689977,-0.056405922,0.057358289,0.130819451,0.450247345
TET2,1701.132606,-0.056910997,0.060742327,0.130760115,0.450247345
ATP1A1,24146.37854,0.055670347,0.047270245,0.130995964,0.450490331
BBS7,201.772414,-0.035083799,0.072486756,0.131341979,0.450490331
CHD3,3648.677328,0.057950882,0.064204833,0.131283674,0.450490331
COL4A2,777.7103336,0.047317593,0.069440915,0.131203245,0.450490331
DPM1,835.7529685,0.057140573,0.068654745,0.131010723,0.450490331
LRRC8A,1486.803086,0.056081776,0.055666877,0.131144948,0.450490331
MAP4K2,1314.02565,0.057181201,0.060657552,0.131381977,0.450490331
MKKS,466.7166153,-0.050405859,0.075153339,0.131119583,0.450490331
MTURN,399.9798303,-0.049993521,0.075553692,0.131349332,0.450490331
POLB,372.0065039,-0.055919175,0.071086223,0.131082767,0.450490331
RBM14-RBM4,243.1130073,0.038674991,0.073747313,0.131309485,0.450490331
SHPK,742.9488777,0.055922228,0.055329009,0.131250145,0.450490331
ZNF414,375.9539937,0.046003924,0.077033899,0.131350126,0.450490331
HIRA,2168.210614,-0.054739765,0.052680095,0.131617591,0.451168276
MED14,1561.544462,0.055945992,0.055061264,0.13166041,0.45118514
CCDC88C,120.8071743,0.024308229,0.068345423,0.13171913,0.451256472
MTG2,861.7809762,0.056821848,0.064868659,0.131783299,0.451346425
ABCD3,651.5210721,-0.054653938,0.071573109,0.13212039,0.452230705
CHPT1,794.0920521,-0.056005177,0.056601458,0.13208754,0.452230705
NFATC1,1130.814017,0.056804069,0.061352566,0.132193436,0.452230705
ZNF395,436.5593899,-0.042405709,0.075040231,0.132162372,0.452230705
RTEL1,658.1906285,0.048529303,0.075273793,0.13228547,0.452313694
ZNF766,286.3818861,-0.037506221,0.073258787,0.132293682,0.452313694
NPIPA6,993.5175491,-0.047399521,0.073213323,0.132421858,0.452535547
SYPL2,73.53922505,0.02535309,0.068747631,0.132434594,0.452535547
NSA2,1504.763219,-0.056032166,0.055909424,0.132483876,0.452574045
ASB3,512.9620991,-0.056053291,0.068021217,0.132666141,0.452806885
GAK,5647.566237,0.052187485,0.049217564,0.132661281,0.452806885
LILRA3,95.93549675,0.030384537,0.070612689,0.132633053,0.452806885
PARP3,156.106725,0.035900476,0.072728716,0.1327378,0.452921614
ZNF621,919.7421816,0.054699018,0.070637511,0.132803994,0.453017635
ADAMDEC1,2931.449755,-0.052825844,0.069646971,0.132909124,0.453116588
RABGGTB,1985.50836,0.05610572,0.056074247,0.132897776,0.453116588
PROCA1,129.9700932,-0.041312687,0.074569132,0.132985344,0.453246643
ANTXR2,1742.523419,-0.055527971,0.055114523,0.133119658,0.453282061
CD151,4703.116757,0.051978889,0.046602542,0.133148355,0.453282061
CHTF18,899.3839443,0.046390343,0.074760462,0.133188219,0.453282061
OFD1,462.7750652,0.056075728,0.065677001,0.133184002,0.453282061
RNF40,3563.201527,-0.052955176,0.047429132,0.133224186,0.453282061
TRMT10C,512.2091498,-0.053157272,0.072772207,0.133151494,0.453282061
GSAP,1514.33704,0.054956171,0.051157631,0.133288627,0.453371744
CCNC,727.9012579,-0.056218963,0.06682309,0.133418451,0.453554157
FAM171B,71.6697279,-0.028847462,0.069988773,0.133381605,0.453554157
ANKDD1A,719.298635,0.055694883,0.069120289,0.133477232,0.453624449
GPAA1,2972.675856,-0.055238302,0.053697331,0.1335587,0.453771783
CNNM2,335.7972473,-0.0435784,0.074536626,0.133622194,0.453857981
THY1,62.99927377,-0.020297392,0.066998235,0.133675786,0.453910506
DUSP13A,181.7482542,0.037254708,0.07313059,0.133765148,0.454084427
PANK1,176.9434086,-0.040503026,0.07414447,0.133835812,0.454194795
GIPR,114.5361132,0.026538067,0.069122947,0.133967244,0.454381779
SLC6A9,80.59533828,0.030969944,0.07084633,0.133943239,0.454381779
LAMTOR3,1378.171767,-0.052439869,0.071342038,0.134050749,0.454535507
PDCD5,796.3926482,0.053981533,0.0723137,0.134128467,0.454669532
BPNT2,3153.82355,-0.05256958,0.048038659,0.134259811,0.454855734
DISC1,594.7756201,-0.056707404,0.062974392,0.134252908,0.454855734
MON1B,2914.73575,0.056557794,0.070483537,0.134467086,0.455428352
RIPK1,1705.089924,-0.053593994,0.050382972,0.134516595,0.455466458
FSBP,130.4109696,0.03317797,0.071731661,0.134728476,0.456054169
DEF8,2538.319435,0.053133952,0.05007399,0.134836577,0.456279467
MOSPD2,1149.121637,-0.055971867,0.066769357,0.134871688,0.456279467
BPTF,3370.019078,-0.050721919,0.046013304,0.135116816,0.456892584
LONP2,1522.041678,-0.055425821,0.058760242,0.135140967,0.456892584
RPL36,3984.78363,-0.05386264,0.051032833,0.135168054,0.456892584
ANAPC1P4,83.6106812,-0.032990474,0.071505142,0.1353224,0.456938853
ATOSB,1939.710891,0.056219195,0.062677835,0.135352541,0.456938853
MPV17L2,487.5753426,0.053097683,0.071863694,0.135265353,0.456938853
NIPSNAP3A,902.1549241,-0.054466694,0.067232285,0.135373653,0.456938853
TAF1A,97.96548285,-0.037392969,0.073068089,0.135276772,0.456938853
RAD21,5209.437747,-0.0518472,0.049394512,0.135414004,0.456945498
BTRC,602.3741693,0.052665137,0.072740847,0.135657927,0.457638884
MRPS18B,1421.299374,-0.052413921,0.049179282,0.135718694,0.457714177
EMC10,8911.838998,-0.045639063,0.037075988,0.135910575,0.458131705
ZNF181,224.8397007,-0.045835197,0.074903639,0.135919461,0.458131705
IFI27L2,808.0587515,0.055881188,0.059832763,0.136123171,0.45813886
NRM,407.0459706,0.055385003,0.07149856,0.136020187,0.45813886
PDLIM5,2302.934397,-0.055328245,0.055906643,0.13609103,0.45813886
PLIN2,5731.018951,-0.053127224,0.071124776,0.136020969,0.45813886
SLC4A2,7766.931454,0.055903829,0.058420861,0.136152481,0.45813886
SPTLC3,138.3806721,-0.032387327,0.071179581,0.136060928,0.45813886
BICD1,648.4029995,-0.05281779,0.069464234,0.136269874,0.458395727
CUBN,94.33514719,-0.01758566,0.066160892,0.136423862,0.458395727
MYO19,1225.020114,0.056068775,0.062070885,0.136463815,0.458395727
P4HA3,97.8633218,-0.034084938,0.071857279,0.136348343,0.458395727
TMEM219,2159.230917,-0.052199483,0.047424728,0.136361255,0.458395727
TNRC18,6730.005842,0.053418328,0.050922843,0.136432138,0.458395727
ZNF467,828.0945515,-0.051069429,0.073129412,0.13649835,0.458395727
ARHGAP11A,897.8213487,-0.045286124,0.074600683,0.13662744,0.458441282
ELF4,2882.501357,-0.051656347,0.047090524,0.136602992,0.458441282
LUC7L,987.2268905,0.053463758,0.050444772,0.136617023,0.458441282
SINHCAF,1008.535565,0.054054076,0.051953787,0.136714872,0.458605397
MOB1A,7680.201076,-0.047794959,0.04064965,0.136917641,0.459026899
SAXO4,74.78325769,0.032407217,0.071341308,0.136891906,0.459026899
GCNT2,155.7342995,-0.035510108,0.0722999,0.13716533,0.45972783
PWP1,1114.654198,0.054862007,0.065138724,0.137407251,0.460409042
MLLT3,99.78022662,-0.026262789,0.068901714,0.137467589,0.460481613
CLDND1,1060.26603,0.053819245,0.052227222,0.137559623,0.460530739
NCOR1,4725.060214,-0.052560643,0.054649564,0.137559106,0.460530739
CDC45,260.2472211,0.049368475,0.073669618,0.137919668,0.461217316
PLSCR1,4886.624439,0.061771029,0.072818606,0.137913013,0.461217316
RASL10A,471.2518389,0.054580016,0.069207873,0.137828473,0.461217316
UNC93B1,6662.178159,0.054667924,0.052840876,0.137852591,0.461217316
ZNRF1,224.2230584,0.040953448,0.073932381,0.137974753,0.461271955
HAUS7,288.0631631,0.051051517,0.072256143,0.138101789,0.461567041
MELTF,1613.939244,-0.052843635,0.071745764,0.13830145,0.46197496
ODC1,1347.751066,-0.055909687,0.064738365,0.138279957,0.46197496
AGO2,1348.302468,0.049227294,0.07096364,0.138369612,0.462072997
IQCB1,424.7621598,0.053013053,0.070889019,0.138592476,0.462687446
IRF2BP2,3479.21081,0.067277855,0.071530862,0.138728707,0.462752946
MCOLN1,4095.085432,-0.054335493,0.0540846,0.138703991,0.462752946
RWDD3,187.1631614,-0.041310248,0.073943192,0.138688773,0.462752946
FAHD2A,565.6061196,-0.054967364,0.066644331,0.138775131,0.462778134
CCHCR1,290.0084268,-0.042548304,0.074211131,0.138827623,0.462823536
PSMF1,2974.898938,0.055616248,0.059381762,0.139059808,0.463369307
TMF1,1677.607685,0.052503498,0.055790402,0.139069175,0.463369307
TP53I13,1201.496281,0.054887182,0.066244024,0.139236006,0.46379537
MMD,2432.135099,-0.052212726,0.050970213,0.139353294,0.463796748
MOB3B,1161.080593,-0.055151862,0.060616337,0.139323529,0.463796748
ZNF614,164.6576999,0.045468278,0.074326402,0.139298019,0.463796748
DKK2,919.823769,-0.056280842,0.062043934,0.139501475,0.464123801
NT5DC1,678.0719704,-0.050038024,0.073113097,0.139529532,0.464123801
DPH7,455.7026687,0.054071811,0.068950867,0.139679645,0.464367599
GPATCH2L,1963.621387,0.047005075,0.065300945,0.13975885,0.464367599
MT-ND3,24636.4705,-0.054998476,0.063845585,0.139753736,0.464367599
YY1,4129.195341,-0.054471647,0.056848974,0.139718685,0.464367599
MAP2,109.3602399,-0.03202956,0.071146176,0.13981166,0.464413451
RHBDD1,854.5198341,-0.053705778,0.069836193,0.139863459,0.464416731
VCF1,825.2088024,0.05318369,0.069834238,0.139890667,0.464416731
FASN,3069.541961,0.025026843,0.068538195,0.140026967,0.464739627
BLTP2,8748.385872,-0.047822483,0.040550894,0.14045591,0.465504323
CBL,5133.623805,-0.05057931,0.045907883,0.140496718,0.465504323
CHPF,1586.133723,0.056770363,0.063301915,0.140368747,0.465504323
CRYZL2P,69.93620267,-0.028544861,0.06965942,0.140536021,0.465504323
PLIN4,73.50862809,0.026061482,0.06884644,0.140461852,0.465504323
SMARCA1,393.5927894,-0.051893339,0.071057482,0.140570184,0.465504323
UPRT,470.3786505,-0.054477297,0.066786149,0.140426095,0.465504323
ZNF416,105.8726666,-0.038871557,0.073058965,0.140346181,0.465504323
PPEF2,72.95689141,-0.010362187,0.064594065,0.140623064,0.465549937
NDUFAF3,998.8273323,-0.054043657,0.054969485,0.140751914,0.465717491
SENP2,1134.253607,0.055268188,0.055920976,0.140749069,0.465717491
CNPY3,5282.584036,-0.048302896,0.043983577,0.140791387,0.465718661
ZNF512,678.7151557,0.051655123,0.072624528,0.14091462,0.465996821
PAIP2,2132.375311,-0.055284005,0.062922949,0.140969003,0.466047204
LY6E,11574.88536,0.055071473,0.067979404,0.141060224,0.466219314
ATG13,2807.323334,-0.052525901,0.049792409,0.1411176,0.466227452
DPYSL3,194.060977,0.028532775,0.069667511,0.141180173,0.466227452
SYVN1,2196.412245,0.05309486,0.055447334,0.141151514,0.466227452
TMEM18,640.1163913,-0.051914546,0.074044032,0.141233512,0.466274254
TMEM258,1416.029999,0.054077818,0.054661612,0.141374041,0.466479478
WDR81,5079.442102,-0.052140187,0.049343309,0.141357816,0.466479478
SMIM26,516.3609905,-0.051390651,0.071263173,0.141506057,0.466785706
LRRC4,549.3453855,-0.044303569,0.074074795,0.141617067,0.467022488
ARPC3,8665.477301,-0.053947469,0.055400783,0.141806522,0.467427613
POLR1A,1753.756894,0.048446197,0.074801411,0.141818441,0.467427613
SFMBT1,379.1640395,0.049819015,0.073073431,0.141870211,0.467429936
WAPL,2841.299265,-0.047960051,0.040821213,0.141897672,0.467429936
CPT1B,616.4634991,0.054564789,0.066420534,0.141953894,0.467485783
ANKRD33B,176.3043136,0.039966073,0.073401379,0.142290396,0.467723022
DESI1,1322.728053,0.053822719,0.068642621,0.142322236,0.467723022
DUS4L,135.2775123,0.039498512,0.073221366,0.14216057,0.467723022
FAM168B,3959.024989,-0.045385646,0.037711606,0.142208785,0.467723022
PCDH1,61.63497529,0.026458029,0.068928406,0.142271428,0.467723022
POMGNT2,339.7003729,-0.053413411,0.06914993,0.142326247,0.467723022
TBC1D31,401.9722429,-0.048084446,0.073488935,0.142258283,0.467723022
ZRANB2,1819.460724,-0.053652451,0.054166149,0.142340236,0.467723022
GALK1,716.2445536,0.054352138,0.0669214,0.142485186,0.467764017
HOOK3,2035.520472,-0.054214557,0.056293464,0.142509877,0.467764017
PRIM2,206.0845965,-0.047955157,0.073769052,0.142399623,0.467764017
WDR47,711.5413245,0.055423193,0.061280782,0.142486872,0.467764017
CSGALNACT1,100.5593604,0.033811858,0.071477047,0.142693313,0.468019499
HTR7,317.1359361,-0.051705413,0.070378646,0.142744964,0.468019499
RAMAC,923.6477461,-0.054950119,0.060490857,0.142677228,0.468019499
SNX10,6210.772544,-0.054260234,0.054951444,0.142731774,0.468019499
LMNB2,2824.771125,0.052253875,0.058487352,0.142856861,0.468128526
QPRT,3055.132702,-0.056242614,0.066504766,0.142832069,0.468128526
RNF4,2560.908003,0.05062441,0.046189536,0.142899162,0.468138285
FBXO41,1591.611356,0.054713266,0.064534721,0.143092533,0.468559778
URGCP,807.7544379,-0.051567363,0.07030864,0.143106539,0.468559778
RPP14,644.6665121,0.051646194,0.069895971,0.14317308,0.468648753
COX7B,1332.181787,-0.04591285,0.073678419,0.143296153,0.468793818
ZBTB24,492.0603882,-0.050916996,0.071608046,0.143278663,0.468793818
GPR162,187.6021159,-0.046937789,0.07377028,0.14337322,0.468917083
SPACA6,203.0834043,0.03898721,0.07305333,0.143484538,0.46908922
SPINK5,65.69176188,0.019687582,0.066686072,0.143504657,0.46908922
IFITM2,591.7105731,0.050962929,0.071990958,0.143747763,0.469754905
TNFRSF1A,4946.446996,-0.045151521,0.03769628,0.143861043,0.46999608
MUC1,126.3089851,0.02908814,0.069812381,0.144033075,0.470391662
PELO,491.2578079,0.053157153,0.069123112,0.144100663,0.470391662
PHC1,455.3214836,0.044943441,0.073848647,0.144072201,0.470391662
KLC2,486.4598564,0.046437562,0.073701285,0.144212797,0.470499685
TMEM106B,916.9338039,-0.050589518,0.072215551,0.144212703,0.470499685
HOOK2,440.4680168,0.052179827,0.070561783,0.144466138,0.471068029
NPRL3,1258.697648,-0.054139621,0.055407333,0.144451851,0.471068029
PPP1R16A,953.9211103,0.05033112,0.072617572,0.14452815,0.47114119
SLC35E4,138.0580505,0.039658387,0.074620873,0.144583842,0.471193714
DIP2C,1090.934302,0.054225142,0.067082782,0.144745984,0.471206164
FTH1P15,77.57252901,-0.026600314,0.068876775,0.144660393,0.471206164
FXR1,2255.080877,-0.053496282,0.05244648,0.144730466,0.471206164
TMEM141,505.6996137,-0.054299956,0.061173301,0.144690239,0.471206164
CHD2,4535.67043,-0.052857161,0.063690871,0.144794476,0.471235165
ANKS1A,1156.759583,-0.05443907,0.061301046,0.144909568,0.471257029
APEX2,908.9865726,-0.05360144,0.060232849,0.144999118,0.471257029
CXCR5,87.52971806,-0.022906709,0.067698541,0.144946342,0.471257029
GNL3L,1008.279855,0.053891052,0.058520554,0.144970053,0.471257029
PTGES3,5323.023946,-0.050879706,0.049228062,0.144956269,0.471257029
AP1G1,3088.71389,-0.052246165,0.051036486,0.145127981,0.471389182
CTBS,848.451509,-0.053053577,0.05756337,0.145158567,0.471389182
ME1,795.720716,0.048228162,0.07354384,0.14508918,0.471389182
SLC22A15,561.6666086,0.044582722,0.066574282,0.145287236,0.471678358
IPPK,338.6866545,0.046647492,0.073565722,0.145465083,0.472126993
LGALS12,127.5720719,0.027535629,0.069210211,0.145521183,0.47216764
MXD1,1030.96981,0.044234084,0.068139195,0.145556929,0.47216764
TAPT1,777.3183149,0.054383449,0.066497845,0.145757427,0.472689231
ADAL,220.5975888,-0.043516013,0.074358105,0.145812642,0.472739517
AP3M2,428.9958484,-0.052792364,0.07060384,0.145892913,0.47283838
SWT1,197.5897282,-0.040902666,0.072937627,0.145922571,0.47283838
HDDC2,819.6214763,-0.054226828,0.059725688,0.145963973,0.472843836
HIRIP3,795.5756763,0.054454792,0.056614038,0.14605372,0.473005858
CRBN,615.3564403,-0.053793723,0.06568196,0.146196028,0.473337968
BMS1P20,630.5116529,0.054155492,0.059026091,0.146368073,0.47336277
DBF4B,548.4055882,0.0527862,0.067737299,0.146314568,0.47336277
EIF3K,2698.18469,-0.053474704,0.055065529,0.14639482,0.47336277
ELL,1011.806101,0.054411828,0.061227767,0.146441287,0.47336277
RREB1,3790.407877,-0.053352061,0.056772079,0.146443823,0.47336277
SCN1B,129.4506428,-0.034531411,0.071566675,0.14637402,0.47336277
TMEM184C,1327.122566,0.053991498,0.058152003,0.14648202,0.47336277
NPLOC4,4210.968515,0.050510595,0.047891805,0.146789274,0.474226436
SFXN1,764.9177436,0.051171997,0.071323354,0.14682895,0.474226436
SLC12A9,2276.945334,0.055634662,0.060146787,0.14697734,0.474448274
SLC37A2,12986.37605,-0.046449817,0.045936385,0.14696671,0.474448274
PTGFRN,1309.335098,-0.050703389,0.047453993,0.147142535,0.474675778
STX16-NPEPL1,148.5315644,0.039931922,0.072922428,0.147128703,0.474675778
TSHZ3,72.24208595,0.031419503,0.070578693,0.147167434,0.474675778
DBT,832.0803937,-0.04941601,0.072066596,0.147414397,0.475086193
NMT2,292.5382076,0.045189058,0.073302631,0.147396215,0.475086193
SLC25A17,303.9427246,0.048970338,0.072086293,0.147381892,0.475086193
ZNF260,413.9758123,-0.043413236,0.073249578,0.147461925,0.475110748
C19orf38,70.1567016,0.026869074,0.068961525,0.147692177,0.475556523
MAGEF1,1123.095279,-0.052585274,0.053505467,0.147698603,0.475556523
UTRN,2237.92806,-0.053164968,0.057855082,0.147720119,0.475556523
ARVCF,176.2442126,-0.042383277,0.073465391,0.147773798,0.47560072
C19orf48P,551.1586242,0.053756111,0.064384463,0.147868954,0.475778351
RSKR,611.1746108,0.050523359,0.071380722,0.147958467,0.475937734
CLSTN3,287.083299,0.034878063,0.071956898,0.148086282,0.47612843
NOM1,1079.726234,0.053063192,0.054783568,0.148127139,0.47612843
SLC26A1,142.4233224,-0.039206812,0.072759193,0.148137733,0.47612843
AMT,158.1213248,-0.031128741,0.070387632,0.148334628,0.476306404
GTF2H2,582.4971086,0.04832867,0.072417948,0.14839315,0.476306404
IGBP1,1125.560684,-0.053976731,0.063106242,0.148335583,0.476306404
LRSAM1,1362.069715,0.053351354,0.056046314,0.148387609,0.476306404
TSR3,1169.459298,0.052257256,0.050709088,0.14824671,0.476306404
CERS4,345.7850873,-0.050083887,0.0708113,0.148433704,0.476308153
ZSCAN12,230.087678,-0.047693547,0.072292935,0.148555252,0.476569733
GMDS,190.4668557,-0.043474023,0.073240827,0.148742563,0.477042084
C1QL3,78.69490099,-0.032437292,0.0708143,0.149239054,0.477268411
CBX4,1381.075616,0.053949525,0.066722787,0.14929634,0.477268411
DNAJA2,2266.230267,-0.04916378,0.044675585,0.149305644,0.477268411
GPRC5B,124.8442925,-0.026575035,0.068788463,0.149187336,0.477268411
GRAMD1A,2915.384433,0.052174187,0.053040712,0.149155555,0.477268411
HNRNPLL,1483.488363,0.053737628,0.059330287,0.149250268,0.477268411
IL7R,2781.844634,-0.05372076,0.06069258,0.148939261,0.477268411
LIN37,325.6282719,0.052881396,0.07048471,0.14904409,0.477268411
MTCO1P12,251.0600316,0.03310802,0.070704525,0.149175261,0.477268411
PYCR3,175.8711044,0.043396042,0.073046961,0.149334299,0.477268411
RAP1A,6118.941594,-0.052854487,0.053118122,0.149027456,0.477268411
SLC35B1,1097.346377,0.053342134,0.065338112,0.148938056,0.477268411
YJEFN3,111.4437882,0.036930197,0.072271306,0.148942452,0.477268411
ALG5,665.2112226,0.052339747,0.063404332,0.149527468,0.477422304
ARHGAP24,95.09535667,-0.026451745,0.06877214,0.149542862,0.477422304
ECT2,752.6208734,0.053008369,0.064716415,0.149542084,0.477422304
MYL6B,420.296809,0.050650038,0.070017819,0.14942716,0.477422304
GAPVD1,2280.777649,0.054436659,0.05761718,0.149714498,0.477842116
RAPGEF3,630.3108829,-0.044394665,0.073755234,0.149854442,0.477904401
SMYD3,218.6723483,-0.043768555,0.0738352,0.149775318,0.477904401
VARS2,804.5639805,0.054129001,0.058460369,0.149842222,0.477904401
NFAT5,2110.854385,0.054771014,0.0707527,0.149914484,0.477967845
BTN3A2,924.2726043,-0.052530796,0.052729925,0.149987276,0.478011352
DNAJC16,597.4761653,-0.049469677,0.070725036,0.150048586,0.478011352
EME2,1470.794643,0.043055255,0.073597001,0.150018088,0.478011352
C2CD5,1539.711181,-0.053845591,0.059850157,0.150102455,0.478055036
RASA4B,2760.928524,0.059142426,0.078900097,0.150155195,0.478095104
GTPBP3,471.8462768,0.052452579,0.066985099,0.150352361,0.478594881
CYP51A1,1419.41698,0.047706903,0.06919948,0.150440545,0.478747578
AQP9,6009.041289,0.049091976,0.056539531,0.150509153,0.478837911
ZBTB38,2229.645494,0.053204372,0.055581327,0.150554996,0.47885579
CCNJ,507.1081984,0.053266714,0.060521901,0.15059755,0.478863204
RRP1,1288.206845,0.052780185,0.056324197,0.150736683,0.479177627
SLC12A7,3534.013984,0.062999051,0.064288067,0.150805042,0.479266957
ARHGAP39,183.5952217,0.040355714,0.07282206,0.15087701,0.47936771
ERAP2,1688.832412,0.052166788,0.053770037,0.150967514,0.479405403
GRK2,7650.908052,0.05783984,0.055530455,0.151009901,0.479405403
MICA,656.9482967,0.053071914,0.059082589,0.151050796,0.479405403
PRMT7,805.9976088,0.053323043,0.061599047,0.15109022,0.479405403
SVBP,427.2077226,-0.050122762,0.070147742,0.150971858,0.479405403
ACTMAP,562.2727874,0.052384963,0.06576966,0.151281526,0.479579497
DDX6,4319.001898,-0.046880921,0.041497594,0.151336057,0.479579497
MS4A7,8154.637861,-0.048788958,0.053337972,0.151336105,0.479579497
RPL9,6312.683138,-0.053650632,0.059224181,0.151273146,0.479579497
SMIM19,508.1783597,-0.051590489,0.069002897,0.151346508,0.479579497
BTG3,451.2494516,0.051825722,0.068475877,0.151513344,0.47979828
FYB1,5530.214931,-0.049408484,0.046508288,0.151522963,0.47979828
JARID2,1335.414431,0.052647447,0.051798787,0.151536458,0.47979828
DUS4L-BCAP29,259.4851383,0.048098179,0.071677678,0.151722739,0.47991229
ENGASE,1266.825812,0.050338813,0.069547667,0.151733713,0.47991229
PTPRM,1438.13106,0.053798697,0.06136379,0.151698971,0.47991229
ZBTB6,314.0771889,-0.051386101,0.068237389,0.151641598,0.47991229
KDM6B,1160.708679,0.02873608,0.069544997,0.151872898,0.480224928
THAP9,80.75160265,-0.025121563,0.068273754,0.15194212,0.480316235
CEP85L,218.899854,-0.037434123,0.072150034,0.152212683,0.480661005
HCFC1,4049.105559,0.053426579,0.06485782,0.152180032,0.480661005
PGAM5,1018.966326,0.052282839,0.055269131,0.152159692,0.480661005
TRMT2B,507.7427534,-0.052784793,0.063148912,0.152107869,0.480661005
C10orf95,79.70561126,0.033000262,0.070891658,0.152368514,0.481025501
C19orf12,1041.0018,0.052865763,0.059057274,0.152416402,0.481049115
ANKRD49,318.1769752,-0.049753755,0.071242145,0.152554853,0.48110345
EPOR,226.0629782,0.04399855,0.072572352,0.152545857,0.48110345
PLK4,372.0484511,0.041107032,0.072827299,0.152480819,0.48110345
GNPTAB,4658.300154,-0.048022655,0.04416885,0.152712872,0.481346769
MOCS3,378.2133643,0.05156869,0.066335827,0.152680801,0.481346769
SELENOK,626.9717523,0.05162477,0.066480682,0.15281184,0.481531221
ALPK1,1611.410744,-0.051038314,0.050978325,0.15292115,0.481586628
C1orf159,350.0440795,0.049622412,0.070357296,0.152949949,0.481586628
INTS10,1484.972552,-0.05157304,0.054087266,0.152962276,0.481586628
KIF18A,220.5788298,-0.045989245,0.072338783,0.152991233,0.481586628
INCENP,1342.61578,0.050737875,0.066634708,0.153088074,0.481764081
PKN2,855.1242896,-0.052272817,0.062575974,0.153262296,0.482184894
BMP2K,6522.063531,-0.047313134,0.042390807,0.153431625,0.482435562
MBIP,416.8539892,-0.051059271,0.067193521,0.153428313,0.482435562
NUDT1,388.3613662,-0.051630184,0.068942759,0.153463543,0.482435562
CDC42SE1,5458.220927,0.039980636,0.032342825,0.153865768,0.482594071
FOXJ2,948.0072423,-0.053093556,0.059320636,0.153566327,0.482594071
HPS1,4377.022299,-0.049270076,0.046635593,0.153752789,0.482594071
ISCA1,490.1872674,-0.051902252,0.066104226,0.153819477,0.482594071
KLHL11,226.8430499,-0.048220032,0.071176455,0.153650496,0.482594071
MLST8,1562.94885,0.051188171,0.051729015,0.153878798,0.482594071
PCDHGB6,328.8459064,-0.040210359,0.072539665,0.153726204,0.482594071
RFTN1,1305.174297,0.05325427,0.061383531,0.153781409,0.482594071
RLIG1,173.2922969,0.038402777,0.073438362,0.153854703,0.482594071
ATXN2,1423.185291,-0.050125484,0.048671599,0.154140084,0.4832862
B4GALT2,491.8022001,0.047008105,0.070977387,0.154297344,0.483524581
PLXNA1,9656.768087,0.060012298,0.062799578,0.1542937,0.483524581
LRCH4,3387.812146,0.054022712,0.062784502,0.154499528,0.484030758
MSL2,896.5407571,-0.052462652,0.059002399,0.154584958,0.484170989
BBLN,1345.262073,-0.050093205,0.048710832,0.155039594,0.484726336
CCDC88A,15839.41896,-0.04979038,0.050792641,0.154906389,0.484726336
FAM135A,1213.445002,-0.053113157,0.060353503,0.154841052,0.484726336
METTL3,729.7491184,0.052066913,0.05509633,0.154990535,0.484726336
PUS1,888.3457575,0.052323156,0.058300671,0.155047281,0.484726336
SNHG32,3621.358805,0.048043204,0.043273312,0.155007063,0.484726336
TCF20,1346.745598,0.05231648,0.061790841,0.15492704,0.484726336
ACSS1,1133.863247,-0.05197368,0.055446001,0.155343376,0.484812448
ANXA9,90.37702822,-0.034255376,0.071231799,0.155148544,0.484812448
CCDC50,1841.978455,-0.049706157,0.048358497,0.15550013,0.484812448
CDCP1,996.0074218,0.051842294,0.054941426,0.155563507,0.484812448
LMLN,574.8297199,-0.04759513,0.070975052,0.155449804,0.484812448
PCM1,3807.630906,-0.050037672,0.048766094,0.155270406,0.484812448
PIAS1,2015.541399,-0.054247057,0.064796804,0.155549194,0.484812448
RAD54B,138.6443507,-0.032469035,0.070563653,0.155334618,0.484812448
SGK1,8411.637444,0.048417738,0.044677956,0.155539888,0.484812448
SIN3B,1875.720982,0.051112467,0.065415174,0.155515375,0.484812448
SNX33,1210.62242,-0.052241077,0.060227387,0.155208559,0.484812448
TBC1D10C,696.7925468,-0.049511631,0.070946389,0.155468374,0.484812448
MRPL57,799.362873,0.052713471,0.055150813,0.155605879,0.484817583
HMGB3,1312.876815,0.051834507,0.054729362,0.155738582,0.484977196
MRPL50,445.582664,0.052533719,0.067008877,0.155723922,0.484977196
CRY2,619.0533137,-0.047828117,0.071069458,0.155917849,0.485027958
DERA,1022.109808,-0.051921945,0.062627582,0.155874283,0.485027958
EDC4,2372.74005,0.050929051,0.050799855,0.155807188,0.485027958
GOLGA7B,753.5728527,0.052172723,0.06587482,0.155917758,0.485027958
EPB41L4A,63.471985,0.025745367,0.068446437,0.156058919,0.485315425
GNA13,4456.933967,-0.052135751,0.047564273,0.156113317,0.485315425
TUBD1,138.1191317,-0.034648006,0.071134404,0.156132556,0.485315425
APBA3,522.8331629,0.046005757,0.069886122,0.156321607,0.485776228
ATG7,2577.316816,-0.045381184,0.040246266,0.156376363,0.485819571
TEPSIN,1170.210537,0.04259525,0.072491744,0.156500697,0.486078997
RTL6,842.9843628,0.051533176,0.054603926,0.156607926,0.486249529
ZZZ3,1235.76767,-0.051938932,0.062921714,0.156637291,0.486249529
MIB1,1293.632209,-0.051682375,0.063830885,0.156722572,0.486387441
PDIA3,11697.17225,-0.050282624,0.050890402,0.156890292,0.486752127
TNFRSF25,105.0287064,-0.025399528,0.068306587,0.156921853,0.486752127
CSNK1A1,7138.313077,0.05440323,0.054928388,0.156987341,0.486828416
LY96,1045.635316,-0.050738148,0.069991076,0.157040084,0.486865155
MRPL19,918.619351,0.053511612,0.061140502,0.15716587,0.487128269
WIZ,1401.393685,0.048917146,0.072065942,0.157291097,0.487389514
JAK2,1630.214839,-0.051052599,0.053068618,0.157381008,0.487541219
POLD1,2696.273896,0.05447586,0.062025202,0.157456163,0.487647145
CBLB,1801.4493,-0.051256087,0.057568484,0.157636119,0.487808332
CLTA,5849.031804,-0.048383879,0.045865561,0.157843718,0.487808332
GRK4,136.8154149,0.031062686,0.070079228,0.157603326,0.487808332
LYPLA1,2076.322184,-0.049876719,0.048621456,0.157876985,0.487808332
PIN1,1809.084135,0.051018953,0.049557861,0.157727197,0.487808332
PPM1N,123.5235083,0.038336102,0.071977069,0.157822826,0.487808332
RPL23,9563.152423,-0.04928099,0.054338494,0.157666002,0.487808332
SELENOH,1822.538614,-0.052059833,0.056087957,0.157831277,0.487808332
YIPF1,924.9573433,-0.052923407,0.05933454,0.157820034,0.487808332
FYN,183.3998522,0.03151409,0.070179661,0.15798962,0.488029691
WDR25,175.7257206,-0.042212995,0.07213579,0.15817669,0.488480802
KIAA1143,984.1134952,-0.048921114,0.068587297,0.158234733,0.488533324
NMNAT3,379.3285319,-0.045467522,0.071631635,0.158405594,0.488934042
RNLS,110.5048509,-0.029149121,0.069395435,0.158482577,0.489044861
CMKLR1,3089.182314,-0.052323929,0.061131263,0.158616791,0.489332184
CCT5,4990.504955,0.051618036,0.052961551,0.158924289,0.489773145
LGALS9,22058.56074,-0.046314411,0.04221761,0.158908961,0.489773145
LUM,75.83753251,-0.016424904,0.065729731,0.158870675,0.489773145
ZNF419,176.5947005,-0.041355048,0.072202209,0.158910072,0.489773145
ADI1,2654.831524,-0.047442199,0.043952548,0.15898018,0.489818592
NDOR1,1332.992793,0.049475902,0.068510408,0.159245192,0.490490104
NFKB1,2284.214069,0.053426505,0.059181814,0.159280533,0.490490104
RHBDD2,3070.621232,0.049770799,0.050755888,0.159489564,0.490879851
WASF1,90.19381714,0.027390565,0.068880631,0.159473057,0.490879851
EED,683.5392516,0.049316473,0.071292594,0.159537594,0.490900765
GEMIN6,246.2924161,-0.043354529,0.071871796,0.159581583,0.490909236
GMPS,1280.101797,-0.051329274,0.060271071,0.159714103,0.490936328
NAA35,861.2436784,-0.050777736,0.065243828,0.159706697,0.490936328
SSBP4,2904.214649,0.049681219,0.059039825,0.159704921,0.490936328
ATG14,683.987104,-0.052095451,0.061141511,0.159933746,0.491007661
GLS,3068.60416,0.050647184,0.052423162,0.16006726,0.491007661
HACD4,456.9385712,-0.049920587,0.066183816,0.159882722,0.491007661
RLF,613.3316399,-0.051604173,0.061582838,0.1599841,0.491007661
SIGLEC7,994.8216326,0.05129705,0.056014212,0.15988723,0.491007661
SMG1P2,213.1384858,-0.038674841,0.072380982,0.160020807,0.491007661
STK36,646.4074888,0.036026738,0.071371565,0.159888765,0.491007661
WWC2,997.3119154,-0.050899369,0.053925793,0.160060274,0.491007661
CCDC127,702.8772913,-0.046328711,0.071047717,0.160394289,0.491757405
PIGC,528.2293936,-0.050006726,0.067428999,0.160361099,0.491757405
CBFA2T2,786.2865681,0.04947183,0.067544984,0.160570782,0.49217177
STPG1,139.1056579,0.034449182,0.07081983,0.160756744,0.492614938
FBXO11,2160.641759,-0.045459412,0.040975691,0.160805093,0.492636293
HLA-E,18572.40116,-0.04569243,0.041062751,0.161114438,0.493264255
NUP88,894.8236915,0.048675713,0.068120161,0.161173626,0.493264255
TRIM56,4088.792326,0.051208467,0.056022171,0.161175805,0.493264255
ZNF687,1163.589273,0.048733444,0.046871376,0.161136576,0.493264255
SRSF4,2566.970513,-0.048715939,0.047628322,0.161289032,0.493483919
ARFIP2,1091.798447,0.051612465,0.054640853,0.161509332,0.494030986
HACE1,434.2041014,-0.047529484,0.069833134,0.161678906,0.494422649
ALDH18A1,1109.29898,0.048807929,0.066823119,0.161879414,0.494654626
BCL2,430.0385824,0.049915202,0.066696279,0.161832541,0.494654626
IFT140,447.7408787,0.042296865,0.072063257,0.161869557,0.494654626
ARHGEF3,2369.145741,-0.049114165,0.048990433,0.161962861,0.494782619
NDUFAF8,385.2003391,0.048078893,0.069859078,0.162026734,0.494850761
ARL6IP5,5666.345283,-0.052966761,0.054930956,0.162284026,0.495509446
CZIB,600.2805019,-0.05128689,0.058250881,0.16241606,0.495598907
SENP7,247.9486188,-0.031173641,0.069938905,0.162359625,0.495598907
SYT17,525.1541333,-0.051158767,0.063171011,0.162438214,0.495598907
CDT1,692.0537102,-0.046893078,0.069859735,0.162553449,0.495696418
MAP3K4,737.1245027,-0.048335606,0.072157804,0.162527616,0.495696418
ARHGAP42,180.9405976,-0.031369874,0.069726442,0.162837472,0.495982988
C2CD2L,2023.485139,0.050779774,0.063026324,0.162858231,0.495982988
PLCG2,2098.568618,-0.049736448,0.05043272,0.162875224,0.495982988
PPM1F,1646.358113,0.051401641,0.06063976,0.162694887,0.495982988
RNF208,116.5460564,-0.030476253,0.070042727,0.162897395,0.495982988
ZGPAT,1167.140455,0.050963726,0.058682473,0.162816951,0.495982988
MYDGF,5662.09989,0.050730095,0.052883103,0.162939192,0.495983402
THOC6,881.8628663,0.050583994,0.059169398,0.162994804,0.496025855
ADCY10,130.2279594,-0.033835956,0.070633882,0.163120526,0.496230027
ZNF658,71.70300717,-0.023021967,0.067465373,0.163145261,0.496230027
CKAP2L,493.2445242,-0.043342939,0.071427856,0.163192475,0.496246849
USP37,503.8962054,-0.047413289,0.069491063,0.163274922,0.496370773
FRS3,135.7442194,0.033157796,0.070474104,0.163396657,0.496466048
PDP1,726.1402012,0.048982233,0.071756713,0.163507433,0.496466048
PTPN2,1140.969077,-0.050891593,0.059079293,0.163423795,0.496466048
TMC7,229.7913685,-0.028159548,0.068926533,0.163513414,0.496466048
ZNF358,1114.595348,-0.050966341,0.057464449,0.163514773,0.496466048
CENPB,3603.310582,0.046923374,0.043113515,0.163609975,0.496628443
CUEDC2,1131.106924,0.050856522,0.052349,0.163694913,0.496759608
PCMTD2,1453.086895,-0.050136808,0.052188546,0.163826924,0.497033521
MAGI1,544.3600165,0.044886091,0.070895293,0.163896777,0.49711876
DDX19A,1532.513786,-0.049226219,0.052246585,0.164008017,0.497329456
PRPF6,2793.32913,-0.047127557,0.045535981,0.164066418,0.49737986
PKD1P3,957.0087852,0.040532031,0.073383578,0.164375754,0.498063973
SUDS3,1152.330582,-0.048030986,0.055154184,0.164359794,0.498063973
RBP4,307.0920612,-0.047739914,0.069061883,0.164421717,0.498076474
C1orf162,796.6709556,-0.050649829,0.055516337,0.164747932,0.498933135
KCNK13,2191.602991,-0.046801709,0.044222156,0.164812212,0.498933135
LRRC47,1517.975865,0.050694807,0.061542932,0.164848162,0.498933135
MFSD12,16327.80244,0.046779714,0.046689724,0.164872151,0.498933135
POU2AF1,86.75685585,0.028964825,0.069209905,0.165033741,0.499295218
PCNT,2388.016321,-0.049206685,0.04993208,0.165287848,0.499683045
TK1,1581.843647,0.050612208,0.055126721,0.165254925,0.499683045
TTK,429.9279048,-0.047772636,0.068758947,0.1652543,0.499683045
ADCY7,9163.165161,0.05220474,0.061223797,0.165381722,0.49968819
CCDC85A,87.2921888,-0.032337305,0.070175395,0.165415469,0.49968819
SUN2,10176.18656,0.051196401,0.055183072,0.165345885,0.49968819
CEP76,265.6937561,-0.046388704,0.069652478,0.16549481,0.499691135
HIP1,76.68578131,0.01721566,0.065896939,0.165615774,0.499691135
MRPL17,1084.577484,0.050665169,0.060627719,0.165573498,0.499691135
PI4K2B,981.9510763,0.050975226,0.060304903,0.165649793,0.499691135
SETX,4266.298615,-0.04743341,0.045841842,0.165668283,0.499691135
SPIDR,780.3685929,0.052759326,0.064714489,0.16554262,0.499691135
ARHGEF10L,4308.17579,0.051969204,0.055611274,0.165801573,0.499712907
EMC6,766.4970146,0.05014335,0.053400453,0.165727685,0.499712907
NUDT14,1042.991766,-0.051486678,0.059416273,0.165772462,0.499712907
SF3B1,7799.88046,0.049009216,0.04673016,0.165843402,0.499712907
PRPF19,2463.371783,0.046369006,0.044986252,0.165908853,0.499783626
AP2A2,4148.627348,-0.049650243,0.051478762,0.166045912,0.499854037
CYTH2,2420.692192,0.046661166,0.046466859,0.166075141,0.499854037
GPR137B,2145.923005,-0.049294999,0.051309764,0.166017201,0.499854037
PSMD12,1571.543049,0.051832733,0.063603126,0.166100174,0.499854037
BANP,553.0917618,0.04876844,0.066745689,0.166246885,0.499916434
TMEM199,1086.428637,0.052505464,0.064601996,0.166185111,0.499916434
ZDHHC9,526.884483,0.048509997,0.068264687,0.166218166,0.499916434
ADRM1,3580.321168,0.047729051,0.044089976,0.16653682,0.500303325
LCOR,1668.691826,0.030112734,0.069534202,0.166543643,0.500303325
SLC36A1,2884.54193,-0.051085134,0.058223876,0.166524381,0.500303325
USP27X,124.5427914,-0.035878812,0.07092485,0.166454688,0.500303325
ST8SIA4,1380.785317,0.049138783,0.065641919,0.166634473,0.500449898
ACAT1,1998.168708,-0.051404626,0.060757418,0.166773996,0.500490148
CCDC149,196.9703098,-0.028579153,0.068999602,0.166751261,0.500490148
SNX1,4085.786372,-0.048650418,0.048569687,0.166707818,0.500490148
AFF4,3830.928335,-0.046477907,0.051064623,0.166877782,0.500549254
MAPKAPK2,3838.642185,0.045135859,0.041486411,0.166845383,0.500549254
TRPV2,6112.579423,0.048086613,0.047528032,0.167121729,0.501149907
TTPAL,413.1053086,0.051411392,0.068568962,0.167162224,0.501149907
CD36,6409.387349,-0.046989631,0.068590167,0.167493331,0.501785627
DCSTAMP,8785.240434,0.04667758,0.043078281,0.167500721,0.501785627
SUPT5H,6210.256893,0.049535224,0.055686964,0.16748999,0.501785627
APOE,274280.3471,-0.043063199,0.039650522,0.167624773,0.501878289
JMJD6,696.9787449,0.050378327,0.06150568,0.167658123,0.501878289
NR4A3,234.7549152,0.042080687,0.071134324,0.167624437,0.501878289
RALGPS2,114.8346026,-0.020468461,0.066690793,0.167792356,0.502153844
LIN52,227.0472451,-0.040581112,0.071208211,0.167926694,0.502193188
TBC1D24,226.3416086,-0.023862785,0.067645209,0.167932052,0.502193188
WDR41,985.1972529,0.050917796,0.056888303,0.167862629,0.502193188
RINL,409.2298516,0.042727334,0.070762578,0.167984367,0.502223477
CRYBB2P1,123.8217482,0.036516381,0.070850637,0.168043216,0.502226269
TUFT1,240.009174,0.040211416,0.071253178,0.168069673,0.502226269
ZNF510,362.5454227,-0.040620334,0.071231501,0.168303115,0.502797637
COPE,3564.008673,0.046410173,0.043053119,0.168636804,0.503011194
NEK11,106.9652072,0.03611452,0.071463863,0.168428405,0.503011194
NOP14,1754.153449,-0.048160885,0.048433827,0.168573234,0.503011194
PTPRH,95.18785457,0.028889302,0.069101069,0.168561309,0.503011194
SAR1A,2639.445322,0.048577011,0.049615423,0.168630797,0.503011194
SPAST,729.5155867,-0.049994129,0.054931238,0.168542635,0.503011194
ZZEF1,3493.248546,-0.051186878,0.051827432,0.168670364,0.503011194
CSGALNACT2,2846.130077,0.048833493,0.052011227,0.168962419,0.503629844
PWWP3A,1060.434502,-0.044601625,0.069327456,0.168923627,0.503629844
ABHD11,356.5650005,-0.043867901,0.070372484,0.169094884,0.503898522
APC,1627.312486,-0.048866701,0.050801998,0.169177865,0.50401964
MYO5A,4223.089595,-0.048541005,0.049110675,0.169359361,0.504228404
PLSCR3,568.1845703,0.049012161,0.067133794,0.169355252,0.504228404
ZNF514,487.027375,0.049059153,0.063418756,0.169375001,0.504228404
COQ6,412.9660737,-0.048064225,0.069830424,0.169457201,0.504346995
FUBP3,2500.537476,0.047985729,0.04741931,0.169543636,0.504352071
SH3GL1,2968.496917,0.047181355,0.045895456,0.169517406,0.504352071
HYLS1,112.5447794,-0.036771565,0.071016153,0.169648665,0.504528245
SPICE1,185.0969193,-0.032924655,0.070064391,0.169687618,0.504528245
FAM98C,393.9382808,0.036269759,0.070814261,0.169795174,0.504721985
FXYD5,5118.844075,-0.048593211,0.05111057,0.169882167,0.504728524
HAAO,357.0466455,0.047395893,0.068334351,0.169865514,0.504728524
GPCPD1,4546.30688,-0.054380249,0.063274162,0.170030498,0.504791293
NECAP1,922.8276485,-0.047327863,0.068612509,0.17002045,0.504791293
UNC119,893.9087684,0.050902883,0.059635013,0.169996025,0.504791293
MMADHC,2546.533134,-0.051240598,0.056915177,0.170125326,0.504946897
MTATP6P1,10354.07809,-0.049979262,0.053423707,0.170330138,0.505045885
NUP205,1715.431326,0.050303878,0.055386977,0.170370792,0.505045885
OXNAD1,379.0399959,-0.049842684,0.066993165,0.170245659,0.505045885
POP7,531.4396833,0.049682712,0.061205582,0.170353857,0.505045885
TNFAIP1,755.5304241,0.050617033,0.061230405,0.170349693,0.505045885
NAE1,512.8209404,0.049571331,0.062443351,0.170471865,0.505219704
RPL22L1,623.5554428,0.042833076,0.071375675,0.170515822,0.505224206
BLOC1S1,1142.509335,-0.050550585,0.060381374,0.170626164,0.50542535
CCDC120,227.6912225,0.03613748,0.070756102,0.170729304,0.505605065
SMC3,1715.147583,-0.048512703,0.050628558,0.17087022,0.505770752
SNAPC3,802.9615547,0.047029462,0.066884486,0.170838239,0.505770752
C21orf91,227.0965335,-0.030991447,0.06955411,0.170922128,0.505798641
AMIGO2,502.130519,-0.039972254,0.070999496,0.171190178,0.506340141
SMCHD1,1826.78319,0.051577314,0.059105196,0.171158369,0.506340141
MXD4,3196.744629,-0.049764028,0.060473895,0.171535217,0.507147189
NCOA1,1407.283836,-0.049256895,0.063549339,0.171548234,0.507147189
PFDN1,2102.675764,-0.048972701,0.054118929,0.171652207,0.507328582
TNNT1,711.5088656,0.037434012,0.070727851,0.171730409,0.507433735
FCGRT,14031.52399,-0.051653514,0.057841185,0.171773253,0.507434385
GLIPR2,3819.835595,0.056847308,0.062434382,0.171855975,0.507552812
ZNF778,243.4637939,0.013071297,0.064989304,0.171921825,0.507621362
NUDT15,295.8226085,0.047625997,0.066988407,0.171989645,0.507648228
RNF121,668.451381,-0.047600775,0.065841951,0.172016208,0.507648228
ASB7,563.1251734,-0.048296931,0.067336164,0.172067119,0.507672628
BRAF,693.1540594,-0.036145947,0.070694258,0.172267168,0.507885248
PPWD1,722.6273638,-0.049478412,0.063433648,0.172225111,0.507885248
SPMIP4,239.8659994,-0.035505893,0.06999544,0.172214718,0.507885248
OGFR,6027.66791,0.043408163,0.044374007,0.172358474,0.508028629
GPBAR1,90.46121563,-0.031852585,0.069714107,0.172485727,0.508254616
SDR39U1,1065.442229,0.046478852,0.068624698,0.172563222,0.508254616
ZNF84,523.7870113,-0.046043853,0.069021951,0.172531351,0.508254616
EIF2S1,1927.641249,0.049956221,0.060977457,0.172617711,0.508289353
GARS1,5402.325554,0.050419825,0.058414393,0.172791049,0.508499744
RPL13,17732.2337,-0.05044423,0.043866997,0.172781488,0.508499744
ZNF175,541.6720287,0.049502037,0.061930384,0.172817301,0.508499744
ARHGEF11,3777.003376,0.047503868,0.050353467,0.172891261,0.508591663
TRIP12,7545.394765,-0.040737789,0.03637461,0.17296114,0.508671534
UBQLN2,1295.073778,-0.049200283,0.054632716,0.173039017,0.508774883
CHMP2B,1206.627783,-0.049992126,0.059906635,0.173190862,0.508969937
DCTN4,1790.098837,-0.048473136,0.063384121,0.173187289,0.508969937
GADD45A,260.5556942,0.039538233,0.071120796,0.173280198,0.509106802
STK3,355.6702913,-0.044366026,0.068841767,0.173329265,0.509125313
CCDC150,89.99501787,0.026878992,0.068406447,0.173688095,0.509852503
FAM200C,76.48683086,-0.029750154,0.06918107,0.17363772,0.509852503
JAG2,158.6217503,-0.031798222,0.069656077,0.17374814,0.509852503
TMEM120B,390.713989,0.048155277,0.064687,0.173705996,0.509852503
CADM1,2667.276911,-0.049770011,0.056809658,0.174061855,0.510018801
EIF4E,2088.795717,0.04942121,0.055305634,0.17402481,0.510018801
IFT52,349.7381818,-0.047280706,0.066973702,0.173983268,0.510018801
MRPL4,1929.927857,0.049603212,0.049118769,0.173944717,0.510018801
SLC26A2,831.1767205,-0.049432419,0.056539023,0.17388414,0.510018801
SNW1,1666.587876,-0.046142282,0.045119577,0.173921987,0.510018801
CHMP7,1136.909602,0.051495517,0.062719999,0.174128774,0.510089334
RPL7A,15090.65446,-0.044793327,0.045625272,0.174189251,0.510140969
DYNC1LI1,1350.815573,-0.049209768,0.056104531,0.174448203,0.510666281
PPHLN1,1541.309154,0.048940156,0.061578126,0.174497306,0.510666281
RBM15B,2258.259464,-0.046506786,0.046686789,0.17448907,0.510666281
ATP6V0C,26074.81636,-0.047216551,0.047963079,0.17460418,0.510853468
CSNK1G2,3021.124727,0.048674736,0.063801943,0.174683865,0.510961036
ANAPC7,1553.277453,-0.046212332,0.045712042,0.174730667,0.510972387
COX16,961.9692093,-0.047163034,0.066732932,0.174817071,0.511099517
NSUN5P1,248.8047407,0.034932939,0.070369711,0.174896543,0.511206321
ITSN1,1106.216284,0.05058136,0.05812694,0.175053763,0.511480276
ZSCAN21,159.6930405,-0.039176643,0.070562964,0.175076197,0.511480276
ADCY8,111.439862,0.025404861,0.067946666,0.175692754,0.512242275
AP2S1,7115.679795,0.041120721,0.036520217,0.175893349,0.512242275
ATAD2B,592.6100711,0.046094343,0.067529921,0.17556592,0.512242275
CD109,2125.434846,-0.05011341,0.057045804,0.175982436,0.512242275
CD300C,778.9780793,0.04954446,0.059251796,0.17583609,0.512242275
CMPK2,2630.216116,0.03082402,0.069432338,0.175482207,0.512242275
CNTLN,432.8537874,-0.048609998,0.062967783,0.175869278,0.512242275
DNAJB6,3761.058624,-0.045937231,0.0560764,0.175972326,0.512242275
GLB1L,75.66453977,0.027857702,0.068632754,0.175756708,0.512242275
IPCEF1,148.1468912,0.032697005,0.0704053,0.17581787,0.512242275
KDM4C,675.8530729,-0.049609415,0.062632278,0.175927346,0.512242275
LRBA,1059.149226,-0.047721288,0.064753114,0.175843614,0.512242275
MPZL3,122.3685101,-0.028440659,0.068734061,0.175920323,0.512242275
PNKP,1260.536015,0.049036972,0.055066918,0.175928772,0.512242275
ZFYVE21,919.3096366,0.049020292,0.053988805,0.175955324,0.512242275
ARFGAP1,3651.297979,0.061661584,0.061066136,0.176152912,0.512512082
SYTL3,1203.466706,-0.049312455,0.058397007,0.17616123,0.512512082
B4GALT3,966.4699126,-0.048302984,0.063439113,0.176383547,0.512975085
UPF3B,917.641494,-0.046364809,0.067250812,0.176406552,0.512975085
DDR1,542.8602884,0.045783094,0.068449486,0.176493152,0.51310158
DNAJC5,7305.555414,-0.04341989,0.041066425,0.176600696,0.513251873
PKMYT1,754.3403833,0.049850717,0.061954107,0.176631073,0.513251873
TRIM38,2867.986118,-0.045057469,0.043510238,0.17668507,0.513283494
WDR18,829.7377826,0.047459059,0.065084238,0.176861806,0.513671579
CD86,4428.477236,-0.048884864,0.052740697,0.177024741,0.514019402
GPX1,31211.7755,-0.043426169,0.04058885,0.177111972,0.514021948
HJURP,584.9738786,0.042465135,0.07093083,0.177107332,0.514021948
ZNF789,266.9869201,0.040842596,0.070217078,0.177166967,0.514056237
ADRA2B,80.46288661,0.028786948,0.068842122,0.177356733,0.514109227
CCNDBP1,1781.087918,-0.047253135,0.04941479,0.177288099,0.514109227
FBXO27,129.0024387,-0.02706693,0.068240417,0.177299093,0.514109227
QRICH1,2623.543154,0.0423502,0.041492586,0.177357967,0.514109227
MFSD1,9422.969479,-0.039803756,0.035163333,0.177440237,0.514165815
PRTFDC1,69.10452545,0.023988188,0.067513093,0.177463867,0.514165815
GLO1,1371.43273,-0.047797735,0.063335195,0.177641722,0.514555889
FRMD4B,1636.436672,0.048456426,0.052826819,0.177835804,0.514926819
GOSR1,2279.196421,0.049615355,0.0572537,0.177856286,0.514926819
PPDPF,1340.055666,-0.048164381,0.061884927,0.177907172,0.514948914
IRF3,1497.422994,0.048760669,0.054088606,0.178153315,0.515410745
SMG9,1325.178388,0.0484612,0.053106052,0.178134164,0.515410745
ACTN1,2509.749756,0.019125725,0.066308049,0.178229561,0.515456624
PYM1,959.3321864,0.047655529,0.050570185,0.178291652,0.515456624
ZFHX2,293.2946769,0.038395235,0.071347438,0.178299066,0.515456624
EXT1,387.7950456,0.043471188,0.069473521,0.178595465,0.515833502
FH,1538.404236,-0.04841543,0.060612617,0.178512509,0.515833502
LIAS,368.8981943,-0.045774307,0.069916469,0.178566353,0.515833502
PSMD4,3247.934431,0.036964052,0.03953782,0.178602746,0.515833502
DDX54,2536.870793,0.051406654,0.065601224,0.178683788,0.515897197
PARVB,2217.597553,0.04753162,0.049627228,0.178711469,0.515897197
TMED7,2516.552255,-0.049444815,0.057317422,0.178918004,0.516368203
ARPC2,19713.79342,0.041358611,0.03737718,0.179108979,0.5165437
ARPC4-TTLL3,85.95089433,0.027040066,0.068334874,0.179048854,0.5165437
TTYH2,216.4326818,0.038709933,0.070413512,0.179087647,0.5165437
TCF4,2122.852111,0.045471075,0.065717141,0.179250965,0.516827982
C2CD3,1281.481123,-0.048447663,0.060904319,0.179372275,0.517044328
PDXK,8316.875637,0.045811619,0.044135261,0.179412862,0.517044328
UNKL,431.0626096,0.044441934,0.068379725,0.179610118,0.517487524
CDC5L,1503.055523,-0.047548825,0.050969961,0.179689518,0.517515082
CYP4V2,807.2378276,-0.046945022,0.066494604,0.179770108,0.517515082
SERF1B,124.5651937,0.026525801,0.068178683,0.179741467,0.517515082
WDR33,2095.723981,-0.048065497,0.05774079,0.179837034,0.517515082
ZNF585A,290.3522082,-0.042436769,0.069327422,0.179821915,0.517515082
CCDC8,536.5589893,-0.048551693,0.061136869,0.179943514,0.517696358
PTCH2,108.1606689,-0.029827107,0.069026868,0.180094694,0.51800612
HNRNPL,11136.50462,0.041522678,0.03794478,0.180218205,0.518236168
FEM1A,1787.52179,0.047966602,0.049050387,0.180313099,0.518383832
AAK1,2664.087605,-0.048839983,0.05133408,0.180640439,0.518448511
ELL2,3772.555525,0.054442471,0.060702405,0.180429219,0.518448511
FSCN1,5310.878245,0.04916704,0.05944602,0.180592806,0.518448511
MME,334.9429422,-0.028765144,0.068628041,0.180638523,0.518448511
NEK8,239.7003936,0.038641005,0.070269699,0.180527915,0.518448511
NXT2,303.6492805,-0.043390509,0.068727707,0.180403942,0.518448511
SNAP23,2020.982919,0.043814365,0.059494382,0.180489315,0.518448511
CPPED1,2305.387893,-0.047576333,0.051955275,0.180825639,0.518854961
ARL6IP1,9124.514742,-0.046384686,0.047470952,0.18107925,0.519457462
TBC1D3K,254.1185646,0.039758357,0.070316192,0.181132046,0.51948374
MYH9,32104.97045,0.047426415,0.050410598,0.18117833,0.519491335
SEC22B,3023.252692,-0.047376156,0.047661616,0.181269989,0.519551126
TBC1D20,1614.635615,0.047799233,0.051608494,0.181286466,0.519551126
CEP57,942.6718972,-0.047357948,0.0595221,0.181532712,0.51992091
CLDN15,193.2519531,0.034195649,0.069858214,0.181546512,0.51992091
ZNF684,131.956606,-0.033848855,0.069729266,0.18148863,0.51992091
MTMR2,1008.080524,-0.048115463,0.06025607,0.181609678,0.519976723
AHI1,415.139859,0.041348046,0.069692031,0.181995352,0.52033013
EEF1G,25025.25038,-0.040543896,0.037768918,0.181821321,0.52033013
FADS2,2116.005467,0.020412875,0.066551367,0.181873964,0.52033013
ORC3,462.3181946,-0.045243931,0.067878064,0.181939671,0.52033013
PIK3R6,445.9953124,0.04814107,0.067388327,0.181962211,0.52033013
PSMB4,3345.62707,0.043011893,0.040125982,0.181962792,0.52033013
SLC25A40,1128.490277,-0.048479157,0.05706452,0.182096553,0.520369532
TXLNB,201.115099,0.040607515,0.070054282,0.182072289,0.520369532
DAPK3,1210.017355,0.047602569,0.05211537,0.182192036,0.520517443
RPL10P9,257.0286708,-0.03972342,0.069969135,0.182238925,0.520526488
ACIN1,5992.6166,0.043870077,0.042623924,0.182294723,0.520549573
JMJD4,461.4393853,0.048321302,0.065685007,0.182334458,0.520549573
FIBP,1292.485288,-0.047721436,0.053301112,0.182460092,0.520699208
NCAPD2,2797.641755,-0.046430412,0.048185555,0.182474346,0.520699208
MRE11,780.6672078,-0.04776218,0.060653199,0.182531401,0.520700303
MRPL47,717.5957041,-0.044609179,0.06818572,0.182562206,0.520700303
FOXK1,1762.123212,0.049337815,0.056983269,0.182696828,0.520940109
GBA1,5072.607804,-0.044018871,0.043064281,0.182733801,0.520940109
CIR1,1190.147594,-0.047438313,0.062969547,0.182843876,0.521129122
SAMM50,1585.477995,-0.047149577,0.05045702,0.183011228,0.521481251
FERMT2,497.0950198,-0.041605494,0.069122846,0.183116834,0.521657313
KLHL28,520.7682344,-0.041089917,0.069977168,0.18323683,0.521792558
NDFIP1,3584.856595,-0.04765281,0.049077332,0.183254936,0.521792558
TCF19,1128.269522,0.047358151,0.056300441,0.183295798,0.521792558
ZSCAN20,237.9410188,0.043341326,0.068766426,0.183403337,0.521973876
MUC20,99.45888627,-0.026609129,0.068076257,0.183482839,0.522075335
VTA1,1189.368978,-0.048194434,0.055025432,0.183572387,0.52220532
KIF16B,809.8149056,-0.041483452,0.070051641,0.183864109,0.522910229
SPPL2B,1441.699335,0.045061549,0.067281001,0.184050558,0.523315473
CEP85,683.1334194,0.047492737,0.06136805,0.184396568,0.524174104
MRFAP1L1,1385.481253,-0.044946966,0.045264785,0.184454831,0.52420661
SETD1A,1497.843985,0.047827504,0.058791754,0.184496068,0.52420661
DENND1C,1182.126132,0.047297273,0.06201472,0.184667048,0.524403176
METAP1D,90.7889359,0.022416775,0.066995739,0.184785495,0.524403176
NELFA,996.6691534,0.04986065,0.062571119,0.184623462,0.524403176
POLR2A,10196.47638,-0.047642005,0.052676929,0.184779105,0.524403176
PRDM1,510.2819818,-0.037193112,0.069879309,0.184739617,0.524403176
EXOC1,1332.347238,-0.048232252,0.060941369,0.184992606,0.524682813
PITRM1,1900.111461,-0.047361849,0.054925536,0.185016249,0.524682813
RPL26,7999.701032,-0.047293287,0.060807715,0.184934412,0.524682813
DGKD,502.6332278,0.036389572,0.069935267,0.185106505,0.524722301
LARP4B,3997.067382,0.043379989,0.042291078,0.185206477,0.524722301
PAQR4,830.6834715,0.047761591,0.059919131,0.185168752,0.524722301
RAN,7115.74697,0.045798511,0.04659146,0.185159633,0.524722301
CALHM2,1536.572582,0.048302671,0.058892186,0.185514585,0.525470173
CHST10,225.659826,-0.038172388,0.069668053,0.185607368,0.525607926
MMRN2,369.2308134,0.036677218,0.06989035,0.18565403,0.525615036
ATN1,3733.670489,0.047660433,0.056826939,0.185743173,0.525655937
OPA1,1749.630893,-0.047578201,0.060501187,0.18575939,0.525655937
WDR35,206.615451,0.033378566,0.069521899,0.185800939,0.525655937
CSTA,306.4911461,-0.040589963,0.068809601,0.186053309,0.526050793
GSE1,1799.233079,0.04581296,0.062518272,0.186025659,0.526050793
LRRC8B,820.164918,-0.047683366,0.05799361,0.186073069,0.526050793
TATDN2P2,105.1497448,0.030752808,0.068804029,0.186122467,0.526065521
CLIP1,3582.047122,-0.045681193,0.0459028,0.186220468,0.526217583
ACY1,595.8186744,-0.042725357,0.068297092,0.186286002,0.526277848
PPIC,852.4111027,-0.047540658,0.058853384,0.186525043,0.526673631
RPS27A,6238.140784,-0.047951697,0.057124583,0.186558816,0.526673631
ZNF714,432.4125979,0.047271745,0.063383302,0.18651329,0.526673631
HDAC6,1810.008496,-0.044086237,0.043796589,0.186691453,0.526798235
SMPD4BP,202.9979855,0.03654205,0.069877829,0.186668901,0.526798235
SEC62,3905.088237,-0.046819228,0.053343403,0.186829858,0.527063852
SLC25A20,535.9048917,-0.0456301,0.066974226,0.186940082,0.527249865
ENC1,664.6570414,0.044807525,0.06713508,0.187007951,0.527316356
NLRC4,1041.275781,-0.047159148,0.054523296,0.187206345,0.527750778
NCF4,2094.126594,0.045418945,0.04636039,0.187400319,0.528172538
FRMD4A,4588.224296,-0.044128617,0.042432048,0.18747681,0.528263058
EIF1AD,721.7421052,0.047364123,0.063527101,0.187863779,0.529228181
IRF2BPL,3232.731897,-0.046933587,0.058308912,0.188131538,0.529665601
PSTK,111.2497463,-0.033123859,0.069315147,0.188152526,0.529665601
RAB6A,4652.56477,0.043847349,0.042358869,0.188080064,0.529665601
CHKB,1216.419187,0.046305335,0.06551682,0.188705636,0.531009191
KIF4A,654.6830542,-0.047217253,0.05832482,0.188719016,0.531009191
FXN,252.3445734,0.040765364,0.069287011,0.188916465,0.531062695
GALNT1,4008.24246,-0.049298459,0.06087189,0.188822863,0.531062695
SULT1A1,218.2736459,-0.032788978,0.068908827,0.188906435,0.531062695
ZC3H12C,841.0160103,-0.047187567,0.061322456,0.188902133,0.531062695
SAP18,4065.650744,-0.048376451,0.060060922,0.188961263,0.531063228
TCF3,1769.342251,0.047243331,0.054005151,0.189116512,0.531374103
ELAVL1,1806.08759,0.046015439,0.049226293,0.189189837,0.531454697
RNPEPL1,4212.407046,-0.046484544,0.052980101,0.189379931,0.531863194
CHMP2A,1633.128301,-0.046570867,0.051861537,0.189619985,0.532411775
SLC25A36,1497.334261,0.047074016,0.053082962,0.189725765,0.532583173
PTEN,1948.906534,-0.044761886,0.045919054,0.189797336,0.532658482
HMGN4,1246.056635,-0.044434158,0.066510912,0.190205404,0.53304975
IMMT,3542.82314,-0.045568048,0.047642758,0.190067796,0.53304975
SNRPD3,1835.685246,0.047411507,0.055445442,0.190178861,0.53304975
TYW5,286.309485,0.038426526,0.069371386,0.190086813,0.53304975
USP32,2555.348327,-0.044602808,0.045385329,0.190148909,0.53304975
ZNF607,79.89764,-0.024359424,0.06736173,0.190157135,0.53304975
FOXJ3,1176.593602,-0.046748162,0.052361907,0.190255938,0.533065884
ADAM19,73.66224299,0.023394582,0.067199053,0.190365513,0.533113591
RAB6B,61.70420076,-0.017101585,0.065720375,0.190407307,0.533113591
TREML1,397.5141921,-0.041877361,0.068182696,0.190345316,0.533113591
ASTE1,173.3965615,-0.036585171,0.069472027,0.190554448,0.533313668
SLC25A3,8754.161864,-0.043493906,0.043296603,0.190568362,0.533313668
CLASRP,1910.797056,0.046838294,0.057863656,0.190666827,0.533356392
RAB9A,642.3095492,-0.045668208,0.06402938,0.19067323,0.533356392
DECR1,1842.874369,-0.047165385,0.05916389,0.190718547,0.533357834
CPQ,904.535611,-0.0471897,0.057579053,0.190995327,0.533676096
HTT,6717.232168,-0.042665278,0.044500731,0.191011663,0.533676096
PROC,138.1437841,-0.029862512,0.068663719,0.19095455,0.533676096
ZNF335,1272.884024,0.046315594,0.05084909,0.190878089,0.533676096
TLE5,10561.60205,0.045198697,0.04530784,0.191203048,0.53396019
ZNF436,428.9234738,-0.040232556,0.067827582,0.191176483,0.53396019
LRRC28,1053.450582,0.046394691,0.059555872,0.191669649,0.534975472
MCCC2,1783.962026,-0.046496367,0.053376374,0.191628169,0.534975472
SCO1,1443.712148,0.050214178,0.052630995,0.191746354,0.534975472
ZRSR2,891.2709514,-0.046438092,0.060819038,0.191706022,0.534975472
INSIG1,959.8861686,0.036881567,0.068528059,0.191823509,0.53506534
IFI6,34731.61633,0.051973211,0.061002911,0.19192945,0.535235441
PRKXP1,64.03515335,-0.024345471,0.067377978,0.19219156,0.535648572
RBM43,428.9771202,-0.045339415,0.06401596,0.192196565,0.535648572
TOR1AIP2,1984.448242,-0.047421911,0.055476571,0.192212574,0.535648572
CALM2,12910.42146,-0.045748096,0.057524481,0.192415296,0.535687413
CANX,20576.07364,0.049329443,0.052384528,0.192359992,0.535687413
DHRS4L2,353.3232098,-0.038524828,0.069035402,0.192620454,0.535687413
DIMT1,492.3691735,0.044505591,0.065576959,0.192702093,0.535687413
ELOVL7,74.02171249,-0.022579584,0.066874709,0.192489662,0.535687413
GRAP,86.75707066,0.027127722,0.068038663,0.192310556,0.535687413
H2AZ2,4545.561978,-0.039860619,0.037128331,0.192525923,0.535687413
HPSE,379.206153,0.032607739,0.06906105,0.192632803,0.535687413
NOL9,541.694549,-0.043190998,0.06632592,0.192721478,0.535687413
PFDN2,1107.875628,0.046152783,0.058866774,0.192652618,0.535687413
PTP4A3,96.05224184,-0.025295072,0.067585246,0.192603365,0.535687413
NPIPB13,1439.519107,0.044491759,0.063282396,0.192938138,0.536082475
ZNF703,908.8871651,-0.046049818,0.060815043,0.192953667,0.536082475
NSMCE3,537.9953609,-0.047037155,0.057593895,0.193018193,0.536136629
MAP3K5,1173.402601,-0.047135954,0.059126485,0.193209159,0.53654188
CD300LB,82.47766801,0.029324546,0.068478604,0.193280752,0.536615521
DESI2,1078.852504,-0.04615493,0.051559458,0.193527114,0.536673724
HSPA14,366.663932,-0.0423179,0.06707275,0.193495669,0.536673724
RIOX2,645.2511768,0.043616278,0.06615402,0.193404703,0.536673724
SLC9A7,1468.504475,-0.047392559,0.056447619,0.193465851,0.536673724
TM7SF3,2063.581772,-0.045282122,0.061806042,0.193503481,0.536673724
LRP5,142.9798632,0.018847821,0.066047948,0.193759137,0.536816972
MAP2K1,3135.404004,0.041184099,0.040511021,0.193719922,0.536816972
MARF1,2902.500463,0.04581661,0.050285068,0.193653959,0.536816972
ZNF76,1198.265073,0.043175795,0.05598677,0.193720529,0.536816972
XPO4,849.0037651,-0.047293059,0.057239774,0.19383507,0.536902398
HLCS,581.8771464,-0.044019257,0.063284817,0.193959537,0.537122189
USP18,1678.359666,0.028055933,0.067514815,0.194114506,0.537426323
ZNF490,206.7456852,0.029417442,0.067800606,0.194169979,0.537454918
ZNF577,233.7650707,-0.034968269,0.069123352,0.194296031,0.537678812
CEACAM19,74.91138072,0.021688706,0.066733246,0.194416603,0.537887442
GBP4,80.73317114,0.02403664,0.067231002,0.194558094,0.538137656
UBXN4,4400.654302,-0.04469023,0.045245945,0.194620121,0.538137656
ZNF473,177.3251151,-0.038338082,0.068969873,0.19464265,0.538137656
KIF21A,107.5478072,-0.021923508,0.066707971,0.194747713,0.538303116
EPG5,1522.407815,-0.04344989,0.066729796,0.194956907,0.538631233
SMPD2,635.732692,0.046292676,0.054869951,0.194934137,0.538631233
MOCS2,698.7255827,-0.046610285,0.059582371,0.195023342,0.538689765
EHHADH,119.5325165,-0.030089495,0.06846471,0.195175555,0.538735215
EMILIN1,155.6558434,0.038016762,0.069108667,0.195098,0.538735215
KYAT3,853.3110473,-0.046101049,0.05574331,0.195147542,0.538735215
PRPF38A,977.3641291,-0.04527638,0.064195984,0.19528898,0.538923344
DDB2,1100.462755,-0.046085853,0.061341431,0.195386515,0.539067546
PDXP,385.8673856,-0.040576759,0.06825942,0.195516158,0.539241935
RALB,2790.664451,0.045642847,0.052722951,0.195540314,0.539241935
ALPL,80.78167001,0.026781222,0.067747156,0.195612468,0.539315986
DTNA,919.1098107,0.045178093,0.06240251,0.195690143,0.53940522
RSBN1,564.121891,-0.045001809,0.063750252,0.195748686,0.539441691
MROH7-TTC4,63.73179965,-0.017897468,0.065829402,0.195823641,0.539523361
CCDC194,104.2683486,0.027625138,0.068004602,0.196338867,0.539527967
FAH,662.7554641,0.04336708,0.064261824,0.196369146,0.539527967
FBXO38,1529.384674,-0.044882806,0.063461748,0.195955336,0.539527967
FHIT,103.8948126,-0.030858951,0.069030916,0.196080938,0.539527967
GRPEL2,441.9944932,0.041149259,0.06908201,0.196066194,0.539527967
INTS8,798.0462888,-0.044603501,0.061514825,0.195933184,0.539527967
MRC2,8922.108461,-0.041122133,0.067772238,0.196165986,0.539527967
RPL15,15765.16027,-0.042266441,0.048075697,0.196271679,0.539527967
SBNO1,1908.328827,-0.044633312,0.046948554,0.195961329,0.539527967
TMCO3,1926.457027,0.044456477,0.046813945,0.196315286,0.539527967
ZNF526,506.0782316,0.04468355,0.06428945,0.196187308,0.539527967
ZNF799,65.60173126,-0.022934283,0.066953343,0.196243087,0.539527967
GEN1,605.8134,-0.045226266,0.06283786,0.196460218,0.539529157
RAB7A,16648.21557,-0.040293261,0.038983579,0.196457095,0.539529157
VANGL1,353.8201109,-0.043462053,0.066120237,0.196537689,0.539617432
TGS1,512.3378053,0.042982893,0.066524723,0.196638874,0.539770761
ALAD,1359.450153,-0.046224021,0.057476436,0.196865187,0.540142903
FBXL6,675.7813895,0.043110563,0.065997167,0.196834648,0.540142903
MTRFR,524.3068695,0.045360888,0.061189236,0.197028185,0.540341061
PDLIM2,551.0609859,0.037428198,0.06769468,0.197017942,0.540341061
ASB8,855.1690745,-0.045106229,0.061982255,0.197234493,0.540638027
EFNB1,1179.401004,-0.046324987,0.061809374,0.197272708,0.540638027
SLC30A3,62.30301157,0.021098975,0.066403281,0.197226954,0.540638027
DET1,204.7139109,-0.038945503,0.068923976,0.197403301,0.540653868
POLR1G,247.9787666,0.040917931,0.067224221,0.197357014,0.540653868
REXO1,1801.148256,0.046077148,0.059605844,0.19741473,0.540653868
RPS7,5757.187548,-0.050284078,0.061466162,0.197474529,0.540693254
E2F4,2479.954695,0.043188742,0.046187608,0.197592382,0.540891539
IFT57,148.7494021,0.031525372,0.068785874,0.197815273,0.541377201
IQGAP2,2370.49548,-0.043805908,0.066066615,0.19803297,0.541800675
KANSL1L,338.7316069,-0.033882052,0.068208301,0.198128025,0.541800675
TEX261,2205.041415,0.044406424,0.066739883,0.198152049,0.541800675
ZNF622,2172.397038,0.042392353,0.042512351,0.19812454,0.541800675
GDI2,9869.360295,-0.046662836,0.054415796,0.198406294,0.542246771
UBE2V1,3078.526951,-0.045417326,0.051512799,0.198367456,0.542246771
ZNF680,126.5422879,0.033244301,0.068920129,0.198508062,0.542400387
C11orf54,712.0746971,-0.045803529,0.059872065,0.19874009,0.542509175
CABLES1,1353.144753,-0.044164257,0.063889424,0.198728593,0.542509175
DOCK7,1187.998036,0.017559263,0.065685061,0.198792331,0.542509175
ING2,430.5833386,0.042585411,0.066142651,0.198675237,0.542509175
MRPS24,1084.045631,0.044957146,0.052419241,0.19865309,0.542509175
UST,333.6845098,-0.039116559,0.068400209,0.198821296,0.542509175
MAP2K5,480.5693601,-0.044861254,0.062905745,0.198890661,0.542574089
CEP192,911.9357488,0.045558567,0.057894693,0.199019103,0.542612718
NTAN1,1249.202067,-0.045830969,0.057621343,0.199041557,0.542612718
TMEM14C,3165.894392,-0.047961764,0.056421421,0.198961612,0.542612718
ASMTL,423.4083343,0.045056557,0.062170002,0.199254498,0.542984742
TFAM,858.4334839,0.046152368,0.05847058,0.199269243,0.542984742
ACOT8,550.1968169,-0.04548156,0.061342233,0.199529965,0.543570762
MAPRE3,316.9135186,0.041106942,0.067338228,0.199629847,0.543586301
XPC,1916.487907,0.044861848,0.045432884,0.199659033,0.543586301
ZNF786,277.7938283,-0.039714737,0.068033477,0.19967265,0.543586301
NQO1,139.9762164,0.030851396,0.068475006,0.199826053,0.543879552
RPS4X,9878.824326,-0.047105325,0.054416778,0.199933578,0.544047828
FOXN2,765.5334615,0.042120336,0.051710424,0.200193038,0.544529167
NLN,2622.034243,-0.042379816,0.041531452,0.200247685,0.544529167
TSGA10,68.42174474,-0.019470954,0.066084454,0.200241331,0.544529167
CARD14,337.5833867,-0.038856183,0.068248931,0.200612102,0.54477351
HAUS4,1226.662292,-0.045701673,0.051647061,0.200611227,0.54477351
MRPL36,324.8766533,0.042655515,0.066530827,0.200552646,0.54477351
RAB28,268.650489,0.042353294,0.066405743,0.200503826,0.54477351
TNFRSF21,1851.606991,0.045863712,0.051883964,0.20052559,0.54477351
USP13,711.3762936,0.033821922,0.069606647,0.200537292,0.54477351
EMSY,562.5729821,-0.039434107,0.067870006,0.200694433,0.544852186
RBM17,1794.033893,0.044902129,0.049228157,0.200732607,0.544852186
PGAM1,13051.81891,0.044817729,0.049919435,0.200942763,0.545298289
CREB3,1491.505775,0.049033726,0.05136939,0.201019956,0.545383448
RPS24,9552.929681,-0.044384884,0.062968794,0.201075889,0.545410904
ATP8A1,284.0634943,-0.032580279,0.068830326,0.201307882,0.545713577
CLSPN,645.2494278,0.045222516,0.060576648,0.201357511,0.545713577
CMIP,4623.05771,0.046406569,0.056114579,0.201370831,0.545713577
GSK3B,1814.787529,0.039837615,0.067756055,0.201244961,0.545713577
CHRNA1,204.6081228,-0.036768592,0.068789378,0.201426743,0.545740868
PAM16,385.5689143,0.0414734,0.066850682,0.201546579,0.545817112
RPS6KA3,4943.545892,-0.042466448,0.043378827,0.201525551,0.545817112
FAM110B,316.2261428,-0.042202984,0.066170585,0.201612678,0.545871941
PHETA1,1087.871808,-0.045600068,0.053510322,0.201729165,0.546063144
EGR3,113.7749784,0.029764217,0.068299049,0.20198353,0.546627398
FMC1,138.7248148,-0.031755401,0.068498322,0.202241376,0.547076479
SLC25A10,283.2011135,0.036707295,0.068600512,0.202220604,0.547076479
LYPD1,217.3572005,-0.027715924,0.067910586,0.202384937,0.547091887
MUC6,66.45714778,-0.014929618,0.06517456,0.202342161,0.547091887
SNX18,3376.67273,-0.044420866,0.063635476,0.202329755,0.547091887
GPC3,523.5459267,-0.044335478,0.062982089,0.202491857,0.547256653
ATP6V1E1,4240.205938,-0.045415723,0.052161789,0.202587491,0.54733678
IMMP1L,63.54533059,-0.018720781,0.06591385,0.202613456,0.54733678
ARRB2,10396.69695,0.041827519,0.040535068,0.202794344,0.547576925
SAMD4B,1869.188681,-0.046257801,0.055886607,0.202780086,0.547576925
FBXO42,1388.35944,-0.045259307,0.05981011,0.20297974,0.547953244
CMTM3,6615.096576,-0.040145265,0.039069986,0.203048536,0.548014696
PRAM1,4561.997339,-0.045181696,0.060199661,0.203103562,0.548038963
PCDHA10,77.50232202,-0.024353133,0.067146671,0.203347719,0.548573442
IL17RC,617.9311096,0.045279134,0.058545612,0.20352355,0.548589584
KRT18,431.4631891,0.042920157,0.064695442,0.203493069,0.548589584
RNFT1,1207.718169,-0.045548059,0.05815921,0.203538025,0.548589584
TLR5,135.0263351,-0.021564365,0.066538838,0.203462133,0.548589584
GBF1,3095.006453,0.025776189,0.067453557,0.203599669,0.54861679
SIGLEC16,719.3556565,0.046063721,0.058061032,0.203640285,0.54861679
GYG1,1517.853246,-0.044298993,0.048627711,0.203719037,0.548704781
PECR,231.0305103,-0.037799217,0.068287064,0.203914513,0.548982876
UBC,46030.53913,0.039956828,0.040615572,0.203882318,0.548982876
SRP9,2991.292027,-0.044492442,0.045059478,0.203963179,0.548989747
MYL12A,9095.529986,0.045321083,0.056858359,0.20406299,0.549010147
PLPP4,318.6156107,0.033631298,0.068678312,0.204061529,0.549010147
TYW3,633.2296982,-0.044623413,0.06144619,0.204202614,0.549137592
UFC1,2033.115511,-0.044316593,0.051985311,0.204163017,0.549137592
COQ3,75.96112951,0.025888828,0.067420911,0.204313596,0.549311961
IDI1,1286.707547,0.042187275,0.066669001,0.204382968,0.549374403
SNN,1952.335703,0.042678231,0.04281215,0.204451858,0.549435524
RFX3,217.5744979,-0.030352857,0.068168595,0.204603486,0.549718914
AKTIP,314.4509108,0.037675507,0.067159197,0.204933849,0.549738051
CMC1,575.9258955,-0.044943793,0.05992864,0.204914169,0.549738051
CST3,12082.10095,-0.038223771,0.043506146,0.204676787,0.549738051
MAFG,2801.08502,0.044238028,0.048017731,0.204769021,0.549738051
SHC1,2683.165862,0.041990279,0.055976268,0.204840801,0.549738051
SHOX2,340.8564763,0.04335847,0.064195721,0.204921648,0.549738051
ZNF408,345.5173385,0.042582905,0.065275763,0.204916585,0.549738051
NDUFS6,1424.109924,-0.041930972,0.043316814,0.205002127,0.549797325
ARPIN-AP3S2,647.9694861,-0.045284056,0.05941055,0.205100454,0.549937141
ARHGEF7,1909.864647,0.044632059,0.059537091,0.205214334,0.550076991
HADHA,7590.005479,-0.04391744,0.046589739,0.20528686,0.550076991
UQCRQ,1489.931518,-0.045023233,0.05478326,0.205291228,0.550076991
KCTD2,1259.496451,-0.043781023,0.047716835,0.205370977,0.550166851
TTC38,1024.808783,-0.043853157,0.063299915,0.205462304,0.550287677
SLC25A14,130.7493455,-0.03373717,0.068461652,0.205535759,0.550360596
EIF3D,4670.340192,-0.03968994,0.03890244,0.205814838,0.550860081
PARP4,5793.530904,-0.043245738,0.046048027,0.20578626,0.550860081
PPP2R3C,970.1821183,0.044760544,0.057009546,0.206160636,0.55166158
SDS,766.5252264,-0.044920584,0.058506463,0.206394016,0.552161968
EIF2A,2107.685498,-0.043088846,0.062938027,0.206638127,0.552410691
GFOD2,456.5796446,0.038633464,0.067785197,0.206703613,0.552410691
GPR155,641.0706134,-0.034048298,0.068349039,0.206718994,0.552410691
RAB34,1181.370332,0.04435464,0.064002352,0.206667941,0.552410691
ZBTB4,3125.36359,-0.042629694,0.045498323,0.20665357,0.552410691
CAMP,201.7977043,-0.034288938,0.068260065,0.206788261,0.552471778
LOX,312.8349184,-0.033665167,0.068397264,0.206857613,0.552533069
NEDD4,351.9360906,-0.038021777,0.067754742,0.206996308,0.552779508
MCM6,1094.745697,0.044432744,0.057365142,0.207103064,0.552940563
MRPS30,878.0858778,-0.043448616,0.060615395,0.207181923,0.553027084
RABL2A,376.3321187,0.045279935,0.067243271,0.207279491,0.553039521
RGPD6,566.3120803,-0.019830695,0.066090183,0.207254745,0.553039521
ABCC3,3074.997313,0.042940209,0.061704976,0.208002383,0.553108862
ADAM12,1046.325917,0.044471784,0.051666658,0.207872813,0.553108862
CA5BP1,150.8058753,0.036513802,0.068867922,0.20797657,0.553108862
DOCK3,869.5441141,0.039917662,0.067018514,0.207958753,0.553108862
FAM76A,313.9995146,0.037989659,0.067982381,0.207453149,0.553108862
HENMT1,93.05687557,-0.029548697,0.067998964,0.207943981,0.553108862
IFI30,41571.85714,-0.042428752,0.046802831,0.207898513,0.553108862
KCTD20,2658.87484,-0.043014837,0.045272651,0.207956032,0.553108862
LAMTOR1,2923.524116,-0.043557618,0.04645602,0.207377927,0.553108862
LMAN2,4875.63456,0.041759215,0.046639439,0.207714237,0.553108862
MKS1,427.537541,0.043149854,0.063409641,0.207945392,0.553108862
NPIPB3,2237.138909,0.044584142,0.050207414,0.207738882,0.553108862
PDPR,2745.993131,-0.044976183,0.054539653,0.20784872,0.553108862
PLOD2,377.3346397,-0.03914526,0.065640408,0.20759387,0.553108862
RIMOC1,896.8670566,-0.044157771,0.049390617,0.207472131,0.553108862
GPATCH2,346.4841297,-0.038147511,0.067253167,0.208069217,0.553163025
TTF2,913.2296405,-0.04251842,0.065099077,0.208122639,0.553181517
LSM10,1044.043741,0.043764126,0.047794331,0.208206571,0.553281079
RAB3IP,125.4372872,-0.024747999,0.06712672,0.208468983,0.553854774
PRDM11,326.5859188,0.036471863,0.068275203,0.208568479,0.553871905
SLC29A3,2975.890768,-0.037714904,0.038441484,0.20852532,0.553871905
SMIM30,1477.103606,-0.044099565,0.062072186,0.20862989,0.553911428
AR,162.3808106,0.034511635,0.068224388,0.208685451,0.553935406
GBE1,1126.909868,-0.043974552,0.049306478,0.208756001,0.553999152
OCEL1,374.6228102,-0.040698877,0.066385139,0.208949465,0.554265459
PTPN6,9007.192452,0.042099409,0.043562927,0.208903009,0.554265459
SRGAP3,239.1389966,0.035013339,0.068137806,0.209077817,0.554482381
DNAH10,79.0940712,-0.01957683,0.066017622,0.209228317,0.554757932
DPP10,60.29110337,0.023180346,0.066793194,0.209353516,0.554966289
PDCD7,764.4686565,-0.044938406,0.0603665,0.209491459,0.555208329
ARID4A,1653.883592,-0.042206157,0.044751845,0.209562772,0.555273715
ABCC1,2474.490041,-0.044688576,0.055894069,0.209737716,0.555366439
TBRG1,1835.597397,0.04615878,0.057486263,0.209655447,0.555366439
TET3,1826.927105,-0.045555648,0.058038442,0.209722832,0.555366439
ADAMTS15,431.0449302,0.041698573,0.065672592,0.210143009,0.555719077
CD33,1068.793681,-0.04376663,0.054398128,0.210325951,0.555719077
CPTP,665.8101173,-0.04464875,0.056423021,0.210269358,0.555719077
CTDSP1,4025.171819,-0.046147512,0.059150962,0.210225511,0.555719077
EHMT2,1896.876011,-0.044421376,0.055985318,0.210431046,0.555719077
JMJD8,1442.124201,0.044137576,0.048857014,0.210023648,0.555719077
RRP8,472.3715905,0.038005159,0.06642832,0.21042661,0.555719077
SFPQ,5950.866136,0.042916848,0.046630681,0.210102975,0.555719077
STK35,1061.909191,-0.044508101,0.05364926,0.210058943,0.555719077
STUB1,2269.600243,0.043134008,0.04703081,0.21021317,0.555719077
TEP1,3240.827391,-0.044539812,0.060416893,0.210368546,0.555719077
TPCN2,1489.374649,0.044275913,0.061646661,0.209929873,0.555719077
ATP8B1,68.86751655,0.017552237,0.065634865,0.210600476,0.555919883
INO80E,1821.014057,0.044884197,0.052211883,0.210566691,0.555919883
ZNF547,75.13239024,0.018488476,0.065809337,0.210722513,0.556118713
DUS2,531.7814368,-0.04379772,0.061317715,0.210779911,0.556146906
MNS1,74.55254818,-0.026021274,0.067295945,0.211104958,0.556418909
PAXBP1,958.1638653,0.048204229,0.060543736,0.211007239,0.556418909
RABEP2,1107.30848,0.044459265,0.058414673,0.210967442,0.556418909
SLC18B1,913.931144,0.044248607,0.053633852,0.211058469,0.556418909
TMCC1,767.5016652,-0.042349043,0.064321269,0.211139964,0.556418909
ZNF417,224.4614885,0.037921268,0.067189011,0.21116343,0.556418909
CCP110,676.9908233,0.03986196,0.066704262,0.211259573,0.556425932
PSPC1,1449.907191,0.042872161,0.045749014,0.211239077,0.556425932
ALG2,1190.390487,-0.045579005,0.055493633,0.211525803,0.556860747
EOLA1,429.5750586,-0.042775312,0.062906359,0.211564986,0.556860747
TXLNA,2472.005755,0.039825583,0.039413686,0.211499407,0.556860747
TMX2P1,64.12949197,0.025538971,0.067192037,0.211758874,0.557147628
UBXN2A,561.7886407,-0.043618642,0.063340378,0.211767578,0.557147628
PMFBP1,383.2248507,-0.043574917,0.063726426,0.212052306,0.557773464
TIGAR,1591.539427,-0.040960393,0.065510486,0.212193655,0.55802197
CLPB,1376.295043,0.043107603,0.061910262,0.212287003,0.558144163
AFG2A,199.4280826,0.035136313,0.067947233,0.212469176,0.558200649
DDT,1375.550393,-0.04366872,0.061716198,0.212496039,0.558200649
EEF1AKMT4,211.2105977,0.037345972,0.067613702,0.21239303,0.558200649
ZDHHC4,825.180962,-0.043657246,0.060313946,0.212494856,0.558200649
SGCB,230.3299112,0.029314089,0.06778516,0.212733656,0.558578336
ZNF707,439.2369886,0.042737141,0.062831623,0.212708024,0.558578336
MTHFD2,9032.416561,0.043353921,0.050694964,0.212783906,0.558587079
CRIP2,71.95751255,0.025693145,0.067237814,0.213092143,0.559149651
GPR180,561.159882,0.043962932,0.060089498,0.213082145,0.559149651
CDC42,5823.487667,0.047869788,0.055988906,0.2132788,0.559269628
MYCBP,519.7941015,-0.042330428,0.06319301,0.213194447,0.559269628
SLC6A8,358.3254896,0.037832847,0.067247908,0.213256378,0.559269628
CENPN,799.6512523,-0.043871145,0.061362701,0.21377159,0.559895923
NBEAL2,2850.924763,0.044046518,0.05533504,0.213828072,0.559895923
RRM2,1912.223756,-0.043756899,0.05167108,0.213647818,0.559895923
SCFD1,1494.326667,-0.043787821,0.056053947,0.213763023,0.559895923
SLC46A1,1193.459225,-0.042503703,0.063591238,0.213846851,0.559895923
TSC22D2,1000.968065,0.041353494,0.063459049,0.213704717,0.559895923
ZNF431,717.7508142,-0.042869354,0.059075338,0.213798759,0.559895923
SMIM3,1082.745554,-0.043304481,0.049051328,0.213918038,0.559959157
EZH1,1229.703863,-0.0439554,0.050871778,0.214177111,0.560267745
PIP4K2C,997.7877785,0.044275164,0.053130506,0.214091135,0.560267745
ZNF280B,78.8565249,-0.026238919,0.067369733,0.214157836,0.560267745
SLC39A3,943.6665395,-0.044448258,0.054389217,0.214277537,0.560407309
RWDD4,599.3982547,-0.038328304,0.066975236,0.21432558,0.560409846
ASAP1,4483.264306,-0.041051639,0.043273566,0.214375793,0.560418054
CAMSAP1,1930.31677,0.039427094,0.064893291,0.21453855,0.560720404
CCDC163,68.5197683,-0.020733922,0.066210054,0.214624238,0.560821236
POC1B,632.6421193,-0.041952131,0.065053478,0.21477037,0.560956835
SHF,60.88291836,-0.017987496,0.065642288,0.214768532,0.560956835
MAPK7,1030.923726,0.042984863,0.061348437,0.214883282,0.561128641
PRKX,1412.404774,0.044391991,0.057533103,0.21501987,0.561227826
RPRD1A,861.4021766,0.044356697,0.05905468,0.215062692,0.561227826
TP53BP1,1272.960851,0.039861275,0.066668333,0.215016841,0.561227826
ATP5MF-PTCD1,142.9750866,0.022008461,0.06647188,0.215258781,0.56137038
CISD2,1258.693762,-0.041548114,0.063837417,0.21523112,0.56137038
SUPT4H1,2292.139778,-0.042114195,0.062800996,0.215208328,0.56137038
SRSF10,2240.995027,0.04293618,0.044175255,0.215330625,0.561434756
PCID2,607.4100409,0.04374662,0.055936045,0.215409442,0.561517277
RPL37A,10539.92635,-0.043668908,0.049425803,0.215554998,0.561695337
SPATS2L,2969.373257,-0.043632058,0.052020604,0.215572112,0.561695337
ARRDC2,1471.47185,-0.043285147,0.051536195,0.215768227,0.561733898
HSD3B7,2179.172821,0.044345651,0.056835827,0.215786334,0.561733898
SUPT6H,7101.365326,0.039712652,0.040337415,0.215822835,0.561733898
TMEM131L,273.0513909,-0.03484818,0.067751139,0.215749335,0.561733898
TRIP13,333.2860924,0.036114053,0.067389029,0.215803998,0.561733898
ACVR1,900.3604801,0.043510397,0.059939492,0.216222536,0.56179164
CD27,118.7058623,0.029358298,0.067567031,0.216071227,0.56179164
GPSM3,3817.671264,-0.041740808,0.043817339,0.21594472,0.56179164
MRPL12,1401.567019,0.043202418,0.045960871,0.216205585,0.56179164
POGLUT2,87.62405369,-0.027919999,0.067472538,0.216178438,0.56179164
SLX1B,990.7198635,-0.042780429,0.061064011,0.216165844,0.56179164
SPG21,4056.104482,-0.037503272,0.036848244,0.216108509,0.56179164
ZNF616,377.689115,0.030206356,0.067841608,0.215969277,0.56179164
ZNF765,274.3152342,0.032555419,0.067422175,0.216300224,0.561870863
ESR1,86.63663703,-0.018111949,0.065657127,0.216865622,0.56299036
MAP1S,4429.721753,0.039049908,0.066584961,0.216858008,0.56299036
PDCD11,1526.862642,0.043314041,0.048239349,0.216873061,0.56299036
OTUB2,78.52287778,0.022797866,0.066596184,0.216965469,0.563107457
JAK1,3730.244911,-0.043040096,0.047335444,0.217112736,0.563366854
RBM10,1448.367787,0.044252611,0.054966042,0.217208313,0.563492039
RBBP7,2980.945141,-0.04239898,0.046767679,0.21738081,0.563816676
ADAP2,3215.854889,-0.042265852,0.044859259,0.217468725,0.563822166
HSPA4,4895.703632,-0.043889289,0.058001799,0.217619727,0.563822166
PELP1,1695.188767,0.043590677,0.054865321,0.217563143,0.563822166
PPP1R18,6778.090828,0.039775751,0.043049188,0.217508505,0.563822166
TMEM9,577.016899,-0.043582646,0.056877583,0.217575992,0.563822166
ISG15,6043.326552,0.024572244,0.066477803,0.217742893,0.564018525
SULT1A3,493.5699141,0.038107152,0.067330265,0.21779648,0.564034608
BTBD1,3191.264858,-0.041672671,0.0439843,0.218096244,0.564688079
ITGB1BP1,1462.378144,0.044359255,0.058584238,0.218293476,0.564830217
MZT2B,2068.120576,0.041833439,0.045563975,0.218262131,0.564830217
ZDHHC6,1031.972614,0.042671895,0.062192463,0.218282148,0.564830217
TCOF1,1907.425734,0.036901869,0.067578125,0.218421485,0.56503863
EPM2A,354.2674261,-0.034857915,0.068126732,0.218650225,0.565252656
FAM234B,204.5819518,-0.036397585,0.067047405,0.21874162,0.565252656
KDM3B,3294.740954,0.038972162,0.041112101,0.218736325,0.565252656
S100A6,3653.244965,0.041507854,0.052968395,0.218560116,0.565252656
WFS1,1690.333301,0.043427623,0.060656871,0.218669561,0.565252656
RDH11,3359.462085,0.041988344,0.045711697,0.218913499,0.565574046
MRPL21,702.2175655,0.043576833,0.055900552,0.219103049,0.565654827
OASL,999.0285674,0.023070967,0.066660576,0.219084014,0.565654827
SNX14,1293.982154,-0.043292429,0.058136342,0.219025387,0.565654827
TMEM45A,238.5209867,-0.046558932,0.073868535,0.219134822,0.565654827
STRN4,3088.477564,0.046737821,0.056414687,0.219201299,0.565703763
ZNF277,496.7098061,-0.039735752,0.064397275,0.219286735,0.5658016
CXCR4,1377.047345,-0.035482014,0.066236375,0.219360309,0.565868792
CKS1B,1134.75252,0.043465568,0.053166028,0.219456204,0.565993524
PTCH1,148.4474117,0.022251629,0.066438571,0.219533193,0.566069451
PLPP5,584.8615504,0.042480745,0.061375413,0.219604185,0.566129887
PSMG3,399.665213,-0.041495977,0.063146278,0.219753849,0.566393067
BTBD2,1815.184956,-0.043456395,0.055055787,0.219991399,0.566514731
FBXL7,270.2253016,-0.038762049,0.06341936,0.219977055,0.566514731
NEMP2,185.0668077,-0.035413411,0.067274387,0.219907085,0.566514731
PWP2,1210.570554,-0.043432292,0.055050159,0.219874557,0.566514731
LPP,3559.802638,-0.044468757,0.058336746,0.220106954,0.566689726
UBN2,636.7983878,-0.038485569,0.065667379,0.220220457,0.566859361
DYNLT1,1402.499772,0.044053287,0.056063196,0.220358363,0.566969161
ZNF74,267.9837173,-0.035221126,0.067316163,0.220318896,0.566969161
SETD9,132.1959425,-0.032943394,0.067519835,0.220435237,0.566977352
ZFP41,432.2588057,0.042043719,0.065025485,0.220456797,0.566977352
SIPA1L1,646.7159696,0.040791032,0.063358297,0.220628805,0.567297175
C8orf82,1243.05516,-0.042924174,0.057861839,0.220834108,0.567334929
SRSF6,3886.743886,0.039208439,0.042142098,0.220775611,0.567334929
TRIM27,2211.213443,0.041454223,0.063784541,0.22075734,0.567334929
ZBTB41,345.8600658,-0.040895242,0.064225743,0.22081052,0.567334929
ACACB,149.0273296,0.027142034,0.067251055,0.22091621,0.567423405
ANKRD13C,956.4573341,-0.04317628,0.058254987,0.221042957,0.567626488
CHCHD5,599.1092515,0.042596986,0.058729124,0.221338026,0.568011601
CRTC3,1572.6808,0.043472144,0.058123355,0.221383774,0.568011601
WASHC5,1758.183255,-0.043087364,0.058261623,0.22125649,0.568011601
ZNF559,148.0271705,-0.02625269,0.067076594,0.221363101,0.568011601
GLYR1,3722.244328,0.0422583,0.043241245,0.221442971,0.568036897
TBC1D1,4703.819843,-0.038126105,0.039346746,0.221489061,0.568036897
ROCK1,4427.503568,-0.041002816,0.04758926,0.221661258,0.56835608
ATPSCKMT,270.255973,-0.039161375,0.067146958,0.221739835,0.568435127
KIAA0040,194.8318329,-0.029021151,0.067391417,0.221875029,0.568638281
PPP1CB,4011.722715,0.038518792,0.04079093,0.221914612,0.568638281
KLHL20,564.2899484,0.042366644,0.059543914,0.222100985,0.568993379
CREB3L1,132.3726322,0.029212314,0.067446484,0.222240041,0.569141486
NIBAN1,6201.329895,-0.041999644,0.047157154,0.222254412,0.569141486
ATP10A,1019.961228,-0.038284826,0.066503556,0.222482516,0.569487942
ERCC5,2242.871868,-0.041131695,0.046809858,0.222520918,0.569487942
GIT2,4114.125267,-0.040787794,0.044553947,0.222581049,0.569487942
PEX5,508.3304079,0.042201356,0.061519895,0.222552502,0.569487942
AMZ1,85.79002398,0.018811962,0.065741915,0.222690354,0.569590084
RESF1,2141.041788,-0.043359864,0.058684675,0.22271666,0.569590084
PLEKHH3,311.2429864,-0.034428568,0.06722227,0.222796407,0.569671655
DNAL4,280.776049,-0.037194318,0.065503763,0.222938675,0.569913017
PDLIM1,68.6642984,0.022994192,0.066516079,0.22308315,0.570159918
IPO8,1448.309186,-0.043034918,0.05426224,0.223247031,0.570333884
NICN1,528.580189,-0.040272272,0.062867528,0.223222116,0.570333884
TMEM63A,3306.180743,0.042826633,0.050739748,0.223332791,0.570430568
MEF2B,65.69593126,0.02175131,0.066289442,0.223466366,0.57064931
REST,1585.781071,-0.042577264,0.051099237,0.223717611,0.571150324
TRMT12,253.0989247,-0.032885449,0.067365957,0.223758514,0.571150324
ECHDC2,1098.523212,0.041604848,0.053991007,0.22384611,0.571251433
ACOT2,3062.884786,-0.041262326,0.04566754,0.224675605,0.571283059
ADNP,2463.680821,-0.041472119,0.04742438,0.224411116,0.571283059
DDX19B,912.6379834,-0.043167565,0.053565291,0.224486388,0.571283059
ETFRF1,267.4218156,-0.034659164,0.067113287,0.224702493,0.571283059
EXTL2,406.2531091,-0.039891853,0.064531415,0.22441584,0.571283059
HSPA1B,1230.105647,0.042568545,0.063775236,0.224565553,0.571283059
MTMR14,4010.617876,-0.035489234,0.03491672,0.224770252,0.571283059
NHEJ1,262.3262244,-0.027621248,0.0670648,0.224455392,0.571283059
PLEKHA7,346.0864194,0.035839464,0.066459195,0.224642093,0.571283059
PLXNC1,2210.480215,-0.042651297,0.052385427,0.22415972,0.571283059
PSD4,1900.90414,0.043576773,0.054776561,0.224582877,0.571283059
RETN,92.2954737,0.026829599,0.067133362,0.224590939,0.571283059
RNASEK,6332.135094,-0.036333397,0.035886027,0.224376529,0.571283059
SLC39A9,1679.553702,-0.041102811,0.045563966,0.223937882,0.571283059
SMPDL3A,411.8607889,-0.040606633,0.063754487,0.224493436,0.571283059
SMYD5,479.8143435,0.038610567,0.065155548,0.224747685,0.571283059
VAC14,4907.05805,0.040811392,0.043914907,0.224665599,0.571283059
ZC3H4,1804.741919,0.041883065,0.061111913,0.224047836,0.571283059
ZNF189,486.7939584,-0.042504222,0.059135813,0.224327209,0.571283059
DNAJC19,425.5388249,0.040644274,0.062467754,0.22505068,0.571386111
GMPR,856.1264834,0.035286995,0.066574556,0.225050775,0.571386111
HIPK3,3954.701774,-0.042626689,0.05642651,0.22498627,0.571386111
MRPL49,1139.771141,-0.041479455,0.046228658,0.225012405,0.571386111
UQCC3,242.9329124,0.038500493,0.065712619,0.225035973,0.571386111
DNAAF5,1117.967226,0.042420092,0.050828482,0.225217308,0.57146373
GOLGA4,2810.783054,-0.043770606,0.054880942,0.225186615,0.57146373
ZCCHC9,839.3668675,0.042637907,0.057737045,0.225225352,0.57146373
OMG,154.0795485,-0.027049366,0.067033707,0.225411406,0.571630538
SERPINE2,341.0496255,-0.041548007,0.069191994,0.225435143,0.571630538
YTHDF1,1843.548473,-0.04030012,0.043707524,0.225393276,0.571630538
GTF2IRD2B,301.5082527,0.038736904,0.065338445,0.225636385,0.572018986
KBTBD8,661.6139019,0.037682127,0.065859713,0.225689418,0.572031619
CASP10,728.8786846,-0.041468363,0.058508479,0.225899521,0.572279317
IKZF1,3265.777912,-0.044599363,0.052854335,0.22590332,0.572279317
UBE2D4,566.8380948,-0.03710515,0.066677137,0.225931356,0.572279317
GCHFR,2738.219509,-0.045523787,0.061574173,0.225996103,0.572321551
ELP5,1095.083579,0.042003318,0.053760362,0.226074133,0.572397395
LIG1,1568.10599,0.042691679,0.054680305,0.226246787,0.572419793
MCF2L2,71.62803549,-0.01562505,0.065149214,0.226186303,0.572419793
MIER2,1162.320912,0.041653765,0.06502315,0.226228523,0.572419793
ZC3HAV1,2571.436209,0.044200861,0.05193354,0.226275308,0.572419793
KDM5A,2380.90895,-0.041356767,0.061956936,0.22639876,0.572610417
CSNK2A2,2116.429188,-0.041762798,0.050131461,0.226453874,0.572628159
ARMT1,2138.960949,-0.04254007,0.059408534,0.226586186,0.57269526
PRPSAP2,539.6756588,-0.04090296,0.062293437,0.226574839,0.57269526
ZNF320,256.1361648,0.024231437,0.066761082,0.226624726,0.57269526
PYGO2,1065.53853,-0.042753997,0.059825515,0.22683323,0.572857361
ZNF428,934.3370062,-0.043051233,0.054464357,0.226765109,0.572857361
ZNF438,1233.537411,-0.042436905,0.049898197,0.226823784,0.572857361
FBXO5,368.0938445,0.040771633,0.062380998,0.226980248,0.573107073
RNF167,2296.030133,-0.037707367,0.038762887,0.227043385,0.573116864
SMAP1,845.2387633,-0.041627265,0.053540293,0.227080407,0.573116864
COPB1,4260.149412,-0.042212035,0.054568694,0.227139701,0.573145006
TBPL1,242.1825226,0.035997858,0.066609475,0.227313133,0.573461084
PLK1,1838.07504,0.041875984,0.04986231,0.227400178,0.573559136
PMEPA1,641.1793268,0.037542224,0.065710293,0.227532721,0.573771878
DCBLD1,427.9972702,-0.04089799,0.070386708,0.22782735,0.574221141
GTF3C4,994.1063379,-0.042889382,0.054831637,0.227909939,0.574221141
NKAPD1,818.6460354,-0.032029172,0.066200231,0.227947753,0.574221141
QDPR,1219.694935,0.04267211,0.056417273,0.227815313,0.574221141
RBM19,1613.291626,0.04359993,0.058969055,0.227952047,0.574221141
NIPAL3,843.7164894,-0.042512129,0.05508963,0.228022373,0.574276783
PLEKHJ1,1770.207311,0.041650276,0.049502115,0.228103935,0.574295941
SH3D21,815.8204367,0.036196808,0.066510569,0.22812646,0.574295941
STN1,322.1582218,-0.036677528,0.065678954,0.228315727,0.574650894
ATRAID,1832.954132,-0.042222655,0.051280812,0.228455971,0.574882336
LILRA2,190.858706,-0.035406702,0.066656312,0.228643532,0.575055969
TM2D2,1859.506939,-0.041344302,0.046890006,0.228669883,0.575055969
ZNF775,271.693343,0.035284441,0.066787574,0.228619523,0.575055969
EVC,210.24229,0.026699863,0.066981477,0.228898204,0.575508579
BRD3OS,296.68105,0.032247429,0.066977187,0.229146433,0.575746591
CACNA2D4,583.9085797,0.036701521,0.070337729,0.229158101,0.575746591
NUDT9,1428.57072,-0.040822596,0.060884059,0.229082766,0.575746591
SMPD4,2280.016759,0.041822951,0.049161436,0.229202748,0.575746591
UBE2V2,989.6093364,-0.041126865,0.061595081,0.229234678,0.575746591
MLKL,1579.177179,0.042064264,0.05880173,0.229384301,0.575896562
SRSF8,794.1599026,-0.042491795,0.064071434,0.229410737,0.575896562
TSEN15,987.5640223,0.042626549,0.051947653,0.229439512,0.575896562
COPG1,5069.765017,0.044521343,0.059215558,0.229504861,0.575939159
CCDC144A,182.4618714,-0.030901855,0.067178524,0.229723655,0.576123892
SETD6,332.0386447,0.0336101,0.067017236,0.229713946,0.576123892
ZNF235,128.22905,-0.024399524,0.066613883,0.229723506,0.576123892
AHCY,4714.745614,-0.036394149,0.037187905,0.229839317,0.576153024
FPR1,123.5672011,-0.028429485,0.067015794,0.229784404,0.576153024
TMTC3,379.957727,0.028870077,0.067139525,0.229880459,0.576153024
GHDC,837.8366031,-0.041536276,0.050701641,0.229968722,0.576246591
MLF2,4913.839078,0.033916772,0.045208112,0.230063003,0.576246591
NRIP1,3087.766766,-0.042340212,0.052945856,0.230050749,0.576246591
GLTP,835.9089786,-0.043230028,0.055621378,0.230161301,0.576250324
SDHC,2582.139171,-0.042558896,0.055855061,0.230133342,0.576250324
CES4A,309.6374502,-0.031601643,0.067186281,0.230418768,0.576652392
RAD50,1466.612727,-0.043107366,0.057518623,0.230386984,0.576652392
COLGALT1,17856.85456,0.044124365,0.058696081,0.23049766,0.576728593
EFTUD2,4816.095332,0.0412672,0.048286385,0.230577385,0.576806844
DNAJC10,3762.501756,0.042445496,0.054293064,0.230749844,0.577059127
PIGL,258.0347178,0.036259116,0.066500009,0.230878429,0.577059127
RPP21,309.3532957,0.03961234,0.063805519,0.23080837,0.577059127
SDHD,2579.947244,-0.043338884,0.050961746,0.230963841,0.577059127
SUFU,1249.87334,-0.042000858,0.052328815,0.230969067,0.577059127
UBE2H,2982.883985,-0.039438086,0.042271648,0.230957626,0.577059127
FOLR1,86.62987356,-0.019909044,0.065849542,0.231173821,0.577328369
PUS10,421.9644119,-0.03975683,0.063557087,0.231141514,0.577328369
CPD,2276.28226,-0.042021861,0.056054129,0.231295636,0.577465907
SIGLEC1,14244.58989,0.04262505,0.065492362,0.231325906,0.577465907
MRM1,193.736746,0.035191082,0.066836474,0.231418868,0.577576861
PLGLB1,82.93468149,-0.025138309,0.066675024,0.23147125,0.577586509
ABCA1,2912.208184,0.040869543,0.045950634,0.231630127,0.577755682
CAPRIN1,5904.662852,-0.036721566,0.037817319,0.231636108,0.577755682
SMG1P7,67.25531972,-0.023292183,0.06642772,0.231720228,0.577844431
ARHGEF28,89.92220036,-0.015537566,0.06510384,0.231903202,0.577937538
POLK,1033.960434,-0.042096114,0.053270544,0.231869561,0.577937538
PREPL,870.4779927,-0.037695507,0.065888936,0.231835456,0.577937538
AGPAT5,831.1501839,-0.041433728,0.059244862,0.231991032,0.577968927
HEATR6,790.1185757,0.041115599,0.059762239,0.232012894,0.577968927
ZNF83,690.4828007,-0.037494075,0.065638816,0.232480808,0.579013394
FBXO48,127.3693564,-0.030374617,0.067175673,0.232619636,0.579174628
MMUT,819.0576272,-0.041870802,0.053534928,0.232642845,0.579174628
ACADSB,509.583844,-0.036913482,0.066131684,0.232762868,0.579196916
ACAT2,1004.927547,0.041232629,0.06212079,0.232846404,0.579196916
IFITM1,418.5406985,0.025513742,0.066731591,0.232818424,0.579196916
IPP,71.46915121,-0.017697508,0.065455838,0.232819317,0.579196916
NT5E,59.48721566,0.016103077,0.065186108,0.232981463,0.579319714
ZNF652,850.0984213,-0.038626704,0.06500458,0.232993094,0.579319714
QSOX1,9518.656483,0.040480544,0.04631469,0.233110339,0.579490204
SF3A2,1953.112189,0.041530216,0.05971493,0.233270234,0.579766625
NEDD4L,357.8253281,0.036639662,0.065772716,0.233323614,0.579778256
FAM228B,222.4497495,-0.031887708,0.06686038,0.23367587,0.580411274
MAP2K7,1929.836493,0.035286302,0.055022586,0.233669458,0.580411274
PCDHGB7,373.3085022,-0.037957607,0.064749934,0.233824678,0.580538643
SMG1,4708.36846,-0.041256687,0.049832973,0.233778891,0.580538643
TEX9,227.7598217,-0.035826058,0.067712236,0.234215033,0.581386565
UTS2R,63.82927156,0.02112799,0.066036492,0.234430219,0.581799408
AP1AR,1131.831175,0.041996539,0.05751304,0.234581393,0.582017745
ZNF90,78.41571236,-0.024686728,0.066539709,0.234615973,0.582017745
UBA52,12905.9568,-0.041288357,0.050593526,0.234800649,0.582354527
XRCC5,6912.805634,-0.040820975,0.04903967,0.234969392,0.582651658
GPR153,237.4547356,-0.034210191,0.066956057,0.235099437,0.582731377
MBP,2695.964471,-0.039909096,0.064358769,0.235053391,0.582731377
ATP11A,4755.13613,0.040719899,0.060565123,0.235376925,0.583054993
CECR2,128.6038009,0.031548624,0.066912115,0.235304904,0.583054993
NPM1,12727.0735,-0.041260154,0.050288629,0.235376727,0.583054993
ACAA2,2583.029513,-0.04227543,0.052584805,0.235753876,0.583730439
MATR3,4896.650104,-0.040945763,0.047895223,0.2357437,0.583730439
MRPL35,871.3430277,-0.038921981,0.064819511,0.235796697,0.583730439
GPR146,139.0450372,-0.028153431,0.066818552,0.23626003,0.583784903
HSPA9,11671.04803,0.0447568,0.049601724,0.236243919,0.583784903
IRS2,1605.279005,-0.041580039,0.056631742,0.236197332,0.583784903
MPST,1374.359421,0.042144955,0.054367649,0.236084676,0.583784903
MRPL38,1369.553695,0.042106012,0.052635965,0.235892446,0.583784903
MTND1P23,140.4836437,-0.027695138,0.066817453,0.235940821,0.583784903
NAGLU,2291.133682,0.040132959,0.05024381,0.235994667,0.583784903
PFKM,759.8839483,0.040200705,0.062246729,0.236232999,0.583784903
TMX1,2364.695229,-0.041662584,0.056068097,0.23604952,0.583784903
TMEM242,410.9690881,-0.039294176,0.063088299,0.236396321,0.584000458
PCDHGA10,538.4066034,-0.03768895,0.064379253,0.23663286,0.584463528
COX8A,3137.310178,-0.039262067,0.044535715,0.236787923,0.584725206
ERLEC1,2320.859318,-0.040108103,0.04640129,0.236876035,0.584737579
IARS2,3260.807903,-0.03977383,0.045924618,0.236989158,0.584737579
NECTIN3,64.57457691,0.015325048,0.065045327,0.236909792,0.584737579
TRIM5,858.6799002,0.034739862,0.065643577,0.236989401,0.584737579
WASH7P,675.3794404,0.033471864,0.066196547,0.237104287,0.584899821
PSMD9,1209.467722,0.041695442,0.055318732,0.237362964,0.585416632
TFIP11,1324.301202,-0.041515837,0.056166272,0.23758215,0.585835853
CLCN5,785.6272214,-0.040902889,0.058584407,0.238031637,0.586822664
BBS1,421.9682287,0.039428043,0.061609512,0.238202842,0.586925573
METAP2,2703.576419,-0.039179902,0.044139075,0.238221282,0.586925573
UBE2D2,3079.403377,0.04085283,0.049499327,0.23818675,0.586925573
VPS13C,2490.566021,-0.041988198,0.05392103,0.238311051,0.587025255
ANKRD13A,1832.958698,-0.039108393,0.043475097,0.238478416,0.587316
GSTM2,336.6556473,-0.03630545,0.065013583,0.238899798,0.587985027
RPL19,12032.36066,-0.040608798,0.051352768,0.238947632,0.587985027
TMEM259,8952.393966,0.038534919,0.051782914,0.238865812,0.587985027
TOB1,1724.885751,0.041499631,0.058441704,0.238927611,0.587985027
ALKBH2,127.5305857,0.031997512,0.066684755,0.239053203,0.588123245
MAML2,1753.90636,-0.039787591,0.045801695,0.239395115,0.588842737
RBM45,245.0027208,0.028983466,0.066703898,0.239574312,0.589161782
MAD2L1,687.3396765,0.038329602,0.063272101,0.239674367,0.589286109
MAST2,2335.915651,0.04405285,0.055446237,0.239902214,0.589602779
TRAF3,3165.687777,0.040575174,0.047855652,0.239891802,0.589602779
TSC2,2624.836005,-0.039763556,0.053108839,0.240112635,0.589998126
CHCHD1,667.1723378,-0.038787428,0.059696009,0.240400979,0.590462896
ERAP1,3296.092153,-0.038968667,0.04396673,0.240361246,0.590462896
AKAP17A,2215.595686,0.043077804,0.058355484,0.240875544,0.590585834
ANXA2,41617.52459,0.038080313,0.049227475,0.240555497,0.590585834
DYNLT3,524.9840656,-0.041495124,0.056555635,0.240856071,0.590585834
NOB1,1016.069958,0.041667875,0.049123902,0.240897915,0.590585834
PACSIN2,4971.970471,0.034335402,0.034945628,0.240756534,0.590585834
POR,2340.173751,0.038887412,0.043472492,0.240626532,0.590585834
PSMD13,2670.283429,0.043393352,0.050822509,0.240939701,0.590585834
RC3H1,1190.577863,-0.041222235,0.057089086,0.240947114,0.590585834
SMARCAD1,1283.405595,-0.041164137,0.055082428,0.240930065,0.590585834
TRMT11,342.5088973,0.037006015,0.064608293,0.240576732,0.590585834
FCGR2C,587.7800832,0.029942759,0.066719298,0.241165238,0.590846566
TDP2,1940.145265,-0.041179534,0.049518488,0.241202378,0.590846566
TMED8,1305.752369,-0.039019112,0.047525632,0.241158133,0.590846566
RPS6KA2,1704.757119,-0.037695203,0.064406168,0.241854982,0.5923233
CFL1,28922.01065,-0.036348796,0.041087349,0.242036876,0.592622508
TTC9C,676.6090416,-0.040924861,0.055024685,0.242076712,0.592622508
ARHGAP9,3505.375221,0.041863176,0.058023446,0.242298351,0.59264054
ATP6V1H,3836.660661,-0.041005084,0.053056172,0.242205095,0.59264054
NBPF10,649.865727,-0.039362086,0.061452318,0.242301055,0.59264054
PYGB,3154.869949,0.03886342,0.048564922,0.242332982,0.59264054
ZYX,29212.41455,0.037477136,0.048302282,0.242318655,0.59264054
EHBP1L1,9457.32293,0.041802499,0.052022233,0.242385422,0.592647042
BACE2,612.7759679,-0.039768293,0.060835043,0.242545291,0.592916158
DNTTIP1,1718.233662,0.038226325,0.042427623,0.242683444,0.593132088
KIF20A,881.5575642,-0.041142983,0.053312562,0.242919512,0.593343616
MAP2K6,155.2158808,-0.03123582,0.066372276,0.242879223,0.593343616
NFYC,1751.304934,-0.040392948,0.049364102,0.242824463,0.593343616
TMEM44,501.6448025,0.040876429,0.056527171,0.24321405,0.593941182
BTBD8,114.401632,-0.02386164,0.066193307,0.243311806,0.59405805
CS,4400.095486,-0.036809746,0.0390724,0.243497043,0.594388415
ISYNA1,1152.781609,0.040067753,0.062380875,0.24356792,0.594416115
RENBP,3234.860936,-0.038359645,0.043078819,0.243648963,0.594416115
ZDBF2,116.7841517,0.026670599,0.066568624,0.243658181,0.594416115
ZNF571,94.9918911,-0.02751725,0.0666058,0.243866103,0.594801466
TRIR,5419.880636,0.034760667,0.035843031,0.243930992,0.594837866
ANGPTL6,237.1243158,-0.024176424,0.066267054,0.243988049,0.594855155
C7orf25,246.5254453,0.028137777,0.066610617,0.244290223,0.595410391
NPIPB12,452.875901,0.034612257,0.065823993,0.244315814,0.595410391
EEIG2,1465.96972,-0.033389046,0.046325906,0.244367175,0.595413676
ITGBL1,254.9939844,0.030570922,0.066442431,0.24467545,0.595920875
PLP2,3613.475041,0.040983996,0.055673073,0.244655008,0.595920875
TBC1D9B,6035.270199,0.040643058,0.052711691,0.244784466,0.596064444
S1PR1,276.5371638,-0.024878581,0.066146235,0.244871039,0.596153317
ZNF597,221.2637707,-0.033329112,0.065908696,0.244929489,0.5961737
PGD,8653.277001,0.038842608,0.053038605,0.245008348,0.59624374
MYORG,122.395832,-0.029231608,0.067771982,0.245179816,0.596539079
ZNF34,118.6699621,-0.029133682,0.066496107,0.245340923,0.59680909
ATP6V1D,1797.539425,-0.040567664,0.053624662,0.245763981,0.597001299
COQ5,654.4418442,-0.039501823,0.058794875,0.245665169,0.597001299
DHX38,2930.380259,0.040567535,0.054071229,0.245513476,0.597001299
LTBP3,493.620017,0.039624701,0.06107389,0.245662963,0.597001299
REX1BD,2018.276161,0.039496988,0.046156676,0.24561765,0.597001299
SDHB,2669.808583,-0.034684964,0.037193495,0.245782885,0.597001299
TCEAL4,1614.264671,-0.040278297,0.05021714,0.245730715,0.597001299
VAMP1,296.1712297,0.035841951,0.064909436,0.245821115,0.597001299
ANLN,1203.987769,-0.040299366,0.05116756,0.246179279,0.597749198
BMI1,884.9615279,-0.040610573,0.053987217,0.24646161,0.598207057
CIITA,1044.727719,-0.022702481,0.066062723,0.246518591,0.598207057
PLEKHA2,2946.429357,-0.040241785,0.048149947,0.246477253,0.598207057
FMC1-LUC7L2,677.4557863,0.034461112,0.06155703,0.246593368,0.598252757
PAK1IP1,460.4486533,0.036646782,0.064002302,0.246637928,0.598252757
EXOSC8,763.2374323,0.038078114,0.060557003,0.246769283,0.598449442
BCCIP,868.2889694,0.040313815,0.057464328,0.246888971,0.598499371
ZER1,1358.128105,-0.039972525,0.056372206,0.246890417,0.598499371
LSM3,880.1828148,0.040215752,0.052385115,0.246951403,0.598525337
BAIAP2,2130.493382,0.040163184,0.057218373,0.247171136,0.598624027
DGKI,343.4666534,0.023357879,0.066112242,0.247165792,0.598624027
RDX,3299.695768,0.039003892,0.053904761,0.247193256,0.598624027
RPS2P5,3269.817656,-0.039506385,0.047157486,0.247174051,0.598624027
NDUFV3,1556.306576,-0.039467881,0.046767485,0.247305626,0.598652598
STOML1,239.514909,-0.034505393,0.065528243,0.247269515,0.598652598
CPS1,96.88940152,-0.021940192,0.065872994,0.247430762,0.598833752
FCER1G,7539.816829,-0.039872337,0.054286623,0.247517169,0.598848547
PLRG1,1240.659727,0.040699681,0.057650644,0.24753748,0.598848547
SRRD,531.7873481,0.037642942,0.063187856,0.247696344,0.598989433
TADA2A,336.0461226,0.036137074,0.064306404,0.247676351,0.598989433
E2F2,359.3220744,0.031674626,0.06621548,0.247952939,0.599488167
TMEM212,68.67963603,-0.022244034,0.06594629,0.248188324,0.599935431
DHX33,621.2470984,0.039942612,0.056901352,0.248551961,0.60060077
DYRK2,1803.921697,0.040154207,0.056389936,0.248564468,0.60060077
AHCYL2,951.0884458,-0.040627806,0.055291987,0.24867815,0.600753527
ASF1A,572.841388,-0.038589077,0.060930726,0.24890386,0.600769469
COG3,674.4816189,-0.034111919,0.063454413,0.249037995,0.600769469
FAM50A,3292.181216,0.034923097,0.036878196,0.248945153,0.600769469
PIGS,2431.050299,-0.039175904,0.046601192,0.248926869,0.600769469
RNH1,5429.398547,0.035951173,0.038883611,0.249015606,0.600769469
UQCC2,634.1096691,0.038164426,0.061165254,0.248776823,0.600769469
ZNF197,558.0607662,-0.038692503,0.060545792,0.248970051,0.600769469
GATC,872.8700118,0.040081983,0.052400272,0.249209135,0.600938779
NSL1,891.7212053,0.04149544,0.057082565,0.249184486,0.600938779
ATG16L1,669.7862749,0.035340102,0.064753838,0.249617243,0.601800988
DLG4,1630.914817,0.038616961,0.058630687,0.249793987,0.602105167
TBC1D23,1170.650527,-0.040941344,0.060687385,0.249989774,0.602455112
ARMCX1,1148.527302,-0.039651298,0.047750245,0.250226915,0.602904557
LSM12P1,158.6312242,0.026728974,0.066298064,0.250422254,0.603131081
PTPN22,1035.890757,0.039017254,0.060603739,0.25040746,0.603131081
PSIP1,1165.086471,-0.039548848,0.047588803,0.250582454,0.603394844
ZNF506,294.988098,-0.03057392,0.066170347,0.250717075,0.603596921
ESRRA,1907.897995,0.038859587,0.04568481,0.251050709,0.604277941
AK9,110.2420688,-0.0224546,0.065839181,0.251166205,0.604332989
ARAP2,477.9147913,0.029429972,0.066174765,0.251411372,0.604332989
FAM53B,2419.373222,-0.038818188,0.045993932,0.251377696,0.604332989
GIPC1,3272.620736,0.042606053,0.053085656,0.25133072,0.604332989
IQSEC2,2018.419661,0.03968658,0.057280012,0.251471222,0.604332989
MRPS22,898.2549622,-0.039193113,0.055146603,0.251326971,0.604332989
PPP4R2,1395.675294,0.040131575,0.056394732,0.251479683,0.604332989
SIMC1,327.6759072,-0.038607414,0.06055677,0.251384604,0.604332989
TMPPE,127.8421021,0.027757579,0.066303242,0.251705293,0.604753079
ELP3,1283.490543,-0.039906598,0.049581647,0.251915054,0.604829287
FBXO17,102.7025057,0.026233114,0.066145559,0.25179097,0.604829287
NPDC1,388.3585621,-0.028490345,0.066190184,0.251894533,0.604829287
RASGRP2,99.99853021,0.021290004,0.065823774,0.251991034,0.604829287
U2AF1L4,433.3521408,0.03844699,0.058188714,0.251967989,0.604829287
RBMX2,444.3849513,-0.039242899,0.058639368,0.252159024,0.60498855
RELL1,283.3423164,-0.035104702,0.064127204,0.252118409,0.60498855
AQR,1284.254931,0.040742779,0.055632889,0.252362592,0.605200143
MMP7,7878.069794,0.02941881,0.066223339,0.252543068,0.605200143
NCAPH,1316.047942,-0.039075753,0.060268099,0.252603067,0.605200143
PCNX3,2717.759718,0.030410819,0.059431963,0.252588522,0.605200143
POLR1D,1633.346282,0.042352924,0.055105092,0.252375335,0.605200143
RNF25,724.1242312,0.040400372,0.055756141,0.252601125,0.605200143
RPL27A,11700.16232,-0.041255582,0.055709594,0.252544194,0.605200143
BATF2,283.8810468,0.027844805,0.066508225,0.252881639,0.605568958
LRRC37B,388.5819938,-0.037999816,0.062013328,0.252909606,0.605568958
SNX16,152.1330021,-0.026433131,0.066195087,0.252811428,0.605568958
STIMATE,1632.9168,0.039852314,0.052377174,0.253029164,0.6057334
BCL2L12,495.943024,0.034541835,0.059972599,0.253282363,0.605787731
FOXRED1,782.632469,0.041681798,0.055277037,0.253348372,0.605787731
PEAK3,74.13301515,-0.02193117,0.065830887,0.253282362,0.605787731
SLC25A29,1254.089657,0.040507692,0.056060213,0.25335717,0.605787731
TIGD2,202.1485607,-0.034173648,0.065019528,0.253270884,0.605787731
ZBED1,1309.553182,0.039925358,0.050690307,0.253125337,0.605787731
KDM2B,1872.957408,-0.039920338,0.057612991,0.253503211,0.605893541
MTMR1,1295.39367,-0.039700928,0.053985334,0.253491885,0.605893541
GHITM,7216.614179,-0.036927094,0.041176138,0.253593124,0.605986781
MCM3,1861.670455,0.03874461,0.046421589,0.253755016,0.60625195
ARHGDIA,13269.83737,0.044261414,0.052191319,0.254040316,0.606325173
AZI2,1451.159771,-0.039403296,0.055727499,0.253853379,0.606325173
CD14,34082.57306,0.044147489,0.063756432,0.253947059,0.606325173
DCAF12,2408.082563,-0.037985673,0.047129864,0.253912119,0.606325173
TMEM168,606.8671798,0.036323302,0.063017367,0.254014511,0.606325173
FGFR1OP2,1493.280421,-0.039899331,0.051533725,0.254307237,0.606840581
NPTN,6654.231682,-0.038947199,0.047841253,0.254400434,0.606941316
EIF2S3,5897.661288,0.039543784,0.051647709,0.25448091,0.607000243
MAP1LC3B,3348.332608,-0.039571933,0.04875951,0.254528342,0.607000243
MAPK8,576.2816856,-0.03590998,0.06315527,0.254578094,0.607000243
TMEM255A,91.19667491,-0.025605517,0.066101081,0.254664291,0.607084179
LARS1,3838.733748,0.038588006,0.048892168,0.254780971,0.607119187
WDR31,70.2933545,0.020686376,0.065645657,0.254770487,0.607119187
FRS2,404.7840315,0.030607563,0.065897872,0.255102808,0.607764445
SEC31A,3545.093476,0.038222147,0.045511373,0.255168775,0.607799974
ERBB2,295.095986,0.034355216,0.064659789,0.255368708,0.607920474
LPIN3,718.1085471,0.037173514,0.064240654,0.255372557,0.607920474
SEC22C,1283.89685,0.039509237,0.04981818,0.255342511,0.607920474
CCDC32,657.6119316,-0.039713211,0.055768979,0.255651943,0.608280667
FBXL19,1764.705586,0.039204041,0.051513346,0.255728243,0.608280667
NRGN,669.8471991,-0.038060758,0.060804251,0.255615951,0.608280667
NSMAF,4071.314083,-0.037284205,0.043131346,0.255727152,0.608280667
MPC1,1243.3341,-0.039207319,0.050063934,0.255996394,0.608675268
XRN1,1805.339255,-0.037520743,0.063762727,0.25598223,0.608675268
CSRP1,2051.984719,0.039553785,0.052750826,0.256095011,0.608677646
SDC1,198.503059,0.023678994,0.06596405,0.25609965,0.608677646
GVQW3,128.5617244,0.026224258,0.066118317,0.256179766,0.608746531
TMEM101,749.1675721,-0.040050032,0.051591297,0.256255224,0.608804319
AURKA,1239.568872,-0.039065235,0.047791954,0.256573086,0.609103094
FNDC10,627.373556,-0.034912064,0.064268086,0.256484606,0.609103094
RSAD2,1601.81537,0.019700218,0.065487464,0.256585638,0.609103094
ZDHHC8,1911.393359,0.037688603,0.059354241,0.256474911,0.609103094
GINS2,176.4840424,0.028883392,0.066055877,0.257104636,0.610091827
RNPEP,4928.289437,-0.033824522,0.035909217,0.257075745,0.610091827
AFTPH,1876.857011,-0.038627647,0.047111571,0.257175009,0.610137203
CNKSR3,259.9631356,0.035515797,0.064370759,0.257398957,0.610511167
GART,2025.859226,0.038538385,0.058593603,0.257486482,0.610511167
ZNF219,1573.731085,0.039545239,0.055554351,0.257472967,0.610511167
PFDN5,3403.126819,-0.040807,0.053599773,0.257572055,0.610592455
DYNC2I1,480.8031288,0.02917367,0.064426481,0.258107626,0.611363716
GPS2,1330.858162,-0.038341207,0.046013234,0.258032128,0.611363716
GUF1,1035.407075,-0.038557569,0.057350002,0.25808424,0.611363716
MX1,16750.08613,0.027736858,0.068101629,0.258154171,0.611363716
TGFBRAP1,1480.591479,-0.038097737,0.045043222,0.258101476,0.611363716
CD83,6241.315671,0.039142218,0.04771494,0.258373123,0.611760546
TSPAN9,63.53693079,-0.018990826,0.065359607,0.258435511,0.61178659
HARBI1,147.4749297,0.029246767,0.065874648,0.258557431,0.611846623
UBE2W,1295.7012,-0.039301473,0.057505693,0.258563659,0.611846623
MFSD13A,728.4917044,0.034735649,0.060513906,0.258739892,0.612020348
MYL9,98.20027618,0.027403855,0.065884994,0.258733755,0.612020348
PFKP,7492.700643,-0.037485722,0.042556137,0.258885402,0.612229914
TMEM156,188.6726015,0.025136196,0.065803481,0.258931341,0.612229914
ZNF33A,594.6766539,-0.0342803,0.064485626,0.259018131,0.612313512
CXCL10,362.9952571,0.011919313,0.064479545,0.259364455,0.612466299
EDEM2,2462.145235,0.036216892,0.040527083,0.259317156,0.612466299
PPTC7,1697.906494,-0.037070674,0.043130196,0.259442885,0.612466299
RAB11FIP5,436.7135484,0.033977879,0.064105951,0.259368663,0.612466299
SMARCD1,1686.130277,-0.034575535,0.052562838,0.259348324,0.612466299
STX17,682.036106,-0.034392388,0.063410754,0.259344425,0.612466299
UBAP1L,100.7161864,0.021453811,0.065636773,0.259414693,0.612466299
REEP3,1741.028369,-0.039125594,0.05197449,0.25982304,0.612735936
S100A10,4342.776203,0.040054902,0.05674179,0.259955834,0.612735936
SPRY2,1197.724506,0.03918749,0.057643143,0.259791405,0.612735936
TFB2M,434.3159342,0.045053389,0.064209739,0.259831417,0.612735936
TNS2,732.7916042,0.029718631,0.065549772,0.259821683,0.612735936
ZNF182,269.9090997,-0.036029859,0.062737153,0.259968854,0.612735936
ZNF580,1008.098611,0.036118479,0.06190085,0.259829397,0.612735936
ZNF850,90.22746854,0.013946745,0.064714992,0.259935407,0.612735936
RTP4,98.24455246,0.023738574,0.065887852,0.260356078,0.61352714
OAS2,6692.017782,0.035006839,0.063369809,0.260449557,0.613595165
SLC2A9,499.4261795,-0.037742583,0.060222232,0.260488027,0.613595165
COA6,569.0190111,0.037750664,0.060194483,0.260546295,0.613611007
TMEM126B,823.3412632,-0.038738792,0.056609528,0.260658842,0.61375465
ANKRD26,507.9398172,-0.035958254,0.062168845,0.260776161,0.61379418
APBB2,667.2688239,0.035697686,0.061106621,0.260891729,0.61379418
ERC1,1523.547944,-0.038251471,0.047691024,0.260902247,0.61379418
GNAI1,196.887502,-0.025368513,0.065904907,0.260843885,0.61379418
NUDT16,1722.24994,-0.037761924,0.045458282,0.261036534,0.61379418
WASH3P,153.6163983,0.029582454,0.065658413,0.260988795,0.61379418
ZSCAN25,391.9483956,-0.034641012,0.061222013,0.261031124,0.61379418
GFM2,647.3242405,0.035709721,0.06338443,0.261272464,0.614227623
ATP5MJ,1091.611609,-0.038939131,0.050296795,0.26177475,0.614350628
BLMH,1164.981442,-0.039155935,0.054277517,0.26174507,0.614350628
CCNY,2588.684089,-0.040602683,0.057385319,0.261772324,0.614350628
CHKB-CPT1B,669.2956298,0.034965716,0.06060435,0.261840831,0.614350628
CIDECP1,129.3591834,-0.027866723,0.065933098,0.261434659,0.614350628
DNAI4,68.48234873,-0.013486126,0.064631219,0.261463649,0.614350628
MFAP3,853.4291165,-0.037383059,0.05861884,0.26180099,0.614350628
OSBP,2472.684807,-0.038108396,0.046495096,0.261656789,0.614350628
TPRG1,262.0624648,-0.031079137,0.065393319,0.26161576,0.614350628
ZNF593,341.8414356,0.036408559,0.060403194,0.261696577,0.614350628
OTULIN,1168.990833,-0.037648612,0.060226818,0.261953415,0.614493675
ADA,381.9047858,0.03773104,0.060271409,0.262060544,0.614512256
HP1BP3,4405.983832,-0.039898206,0.051885298,0.262095864,0.614512256
LTB4R2,230.9369262,0.027172411,0.065952454,0.26211619,0.614512256
ARID3B,627.7208849,0.038377363,0.058121719,0.262285111,0.614588474
METTL26,803.7586485,0.038214266,0.058212851,0.262303573,0.614588474
PSMD8,3940.300008,0.037778707,0.044960662,0.262230868,0.614588474
CAP1,15684.55858,0.034475823,0.036919777,0.262465232,0.614725278
POM121C,2005.74703,0.03870072,0.05721873,0.262458223,0.614725278
ACVR2B,611.0032049,-0.038707034,0.055440023,0.26268545,0.615026337
EBPL,155.9042288,0.028063491,0.065853533,0.262850862,0.615026337
PDCD1LG2,207.2705825,0.029922497,0.065651077,0.262835789,0.615026337
SRFBP1,410.6154181,-0.036156024,0.060981722,0.262852079,0.615026337
TTC39B,585.6797349,0.035387081,0.062793522,0.262840429,0.615026337
BLOC1S4,599.9454783,0.038644575,0.053358471,0.262998244,0.615126541
MRNIP,751.2335781,0.038613075,0.050246833,0.262982689,0.615126541
PSMC3IP,175.0381498,0.033358113,0.064766005,0.263739374,0.616631785
SIGLEC5,834.5266503,0.039423755,0.057923313,0.263745405,0.616631785
CAMLG,1074.596698,-0.037761159,0.059223945,0.264047063,0.616679425
FZD2,592.8584371,-0.034601071,0.063813484,0.263959244,0.616679425
IMPA1,719.2025665,0.035511144,0.063049864,0.263953784,0.616679425
TMA16,382.2341927,0.035003543,0.063102915,0.263900908,0.616679425
UBALD1,1650.205897,0.035975545,0.054527051,0.264076582,0.616679425
UBE2C,761.0174346,0.038718088,0.054754358,0.264015516,0.616679425
FAAP24,190.5208843,-0.028375736,0.065748011,0.264259573,0.61673649
ORMDL3,865.1208483,-0.03831592,0.054189938,0.264463652,0.61673649
POGZ,1909.536105,0.037472815,0.051393122,0.264443259,0.61673649
SMC5,830.3324805,-0.03660333,0.061421487,0.264183029,0.61673649
TMED7-TICAM2,275.1732029,0.030196638,0.065498651,0.264275407,0.61673649
VARS1,3809.809379,0.039734794,0.053537369,0.264337215,0.61673649
ZDHHC13,283.3276225,-0.034372258,0.063211673,0.264364681,0.61673649
HGS,3357.960871,0.036434929,0.06444082,0.26475003,0.617283413
MORC2,1063.105448,0.037993945,0.056787894,0.264958832,0.61764313
ZNF564,201.2142799,0.026375702,0.065807278,0.265008073,0.61764313
ZNF366,253.5329465,0.026314226,0.065729929,0.265119093,0.617780937
EMC2,869.8193393,-0.038662267,0.053729525,0.265190834,0.617827178
GSPT2,228.7035685,-0.033120496,0.064368849,0.265534125,0.618384929
TICAM1,1103.391516,0.034436622,0.055792973,0.265511415,0.618384929
ZNF836,152.3863578,-0.027914132,0.06603832,0.265587062,0.618387242
ARMH1,86.18121929,0.022852969,0.065780929,0.265821014,0.618569033
CTTNBP2,69.20836453,-0.013314368,0.064561048,0.265770379,0.618569033
DHODH,192.0983834,-0.026413002,0.065653465,0.265781302,0.618569033
PELI1,823.4652734,0.038434773,0.051968255,0.26606129,0.619007164
AFMID,355.2260395,0.0355447,0.062285734,0.266233184,0.619040846
BAG1,2738.962648,0.033944812,0.036663066,0.266160314,0.619040846
CASP2,765.4381572,0.033458787,0.063218767,0.266263339,0.619040846
S100A11,15258.67671,-0.040108194,0.048637128,0.266283761,0.619040846
STBD1,334.1190092,0.033501588,0.064253754,0.266344339,0.619060788
EPHB6,309.9369232,-0.031563773,0.06476055,0.26641771,0.61911045
FRK,169.6742227,-0.02869862,0.065770283,0.267212098,0.620501906
PPP1R7,1848.830034,-0.037854918,0.048298844,0.267170801,0.620501906
RNPS1,2507.934504,0.035173834,0.039003373,0.26722497,0.620501906
TMEM41A,655.7660095,-0.038350487,0.054554574,0.267195174,0.620501906
EEF1A1,163209.1655,-0.03914479,0.050373234,0.267318629,0.620505508
HSPB1,7603.975424,-0.035463366,0.049630539,0.267330764,0.620505508
ITGA4,1527.774817,0.03860921,0.054967966,0.267566836,0.620811378
MCM5,3522.034926,0.03592517,0.050552123,0.267530959,0.620811378
DCP2,1833.749553,-0.038272227,0.057912164,0.267651115,0.620885916
USP15,2169.104163,-0.036310017,0.043002157,0.267937865,0.621430018
FAAP100,1191.886868,0.035808236,0.059417781,0.268018176,0.621446756
NUAK1,1301.631846,-0.03702279,0.058267045,0.268049483,0.621446756
CARMIL3,66.79532189,0.019998391,0.06532544,0.268296964,0.621778344
H1-2,247.3449256,0.028186478,0.065574147,0.268295027,0.621778344
CLPTM1,6424.765695,-0.036591833,0.044127334,0.268574903,0.622180233
TMEM267,310.0586958,-0.031136131,0.062277505,0.268534574,0.622180233
STARD3,2731.534131,-0.038604252,0.051321406,0.268760188,0.622488334
ANKFY1,3755.646633,0.035299935,0.042292896,0.268841631,0.622555848
CTSZ,68698.80431,0.028713382,0.027691879,0.26893248,0.622645114
ADAM17,3916.381379,-0.036972524,0.045101082,0.269048374,0.622792318
CSTPP1,339.937948,0.033624644,0.063795887,0.269196294,0.622892493
ZBTB37,618.8183542,-0.035302025,0.061926916,0.269150459,0.622892493
IFI27,7280.054858,0.041633136,0.053122839,0.269338419,0.62291375
RSPRY1,750.4414822,-0.035374527,0.062328167,0.269288602,0.62291375
SCAMP5,206.3315503,-0.026351726,0.065673516,0.269362451,0.62291375
ALAS1,5495.996029,-0.036578685,0.044646455,0.269886816,0.623081212
ALYREF,1743.400879,0.037158304,0.046768116,0.270178197,0.623081212
B3GNT5,3333.426165,-0.038643525,0.047680478,0.269986626,0.623081212
ESPL1,1106.080596,0.031659672,0.064942947,0.269584359,0.623081212
FBXO8,515.0204669,-0.036591814,0.060242291,0.26991996,0.623081212
H4C14,119.8417757,0.024384753,0.065680539,0.270272271,0.623081212
HORMAD1,89.39452157,-0.029864509,0.067990715,0.269877548,0.623081212
MARCKS,6939.745822,-0.037157941,0.046533577,0.270022807,0.623081212
MBNL2,672.7412967,-0.037391141,0.059265264,0.269670262,0.623081212
MRPS2,805.5150803,0.042175521,0.057451302,0.270132965,0.623081212
RACK1,15391.58127,0.037595118,0.044281259,0.269983385,0.623081212
SUGP2,3606.996475,0.034102653,0.037169468,0.269759591,0.623081212
TRIM21,1768.511554,0.042952344,0.057664055,0.270231915,0.623081212
UXT,761.2582655,0.038313157,0.055597397,0.270071621,0.623081212
ZNF689,822.6164564,0.036320499,0.060309067,0.270144813,0.623081212
ZNRD2,348.1085459,0.035270727,0.062345998,0.269573112,0.623081212
ARHGEF12,1388.971536,0.038407829,0.050680942,0.27066938,0.623259522
BTN3A3,179.3639946,-0.027340724,0.065502341,0.270768437,0.623259522
CSTB,13870.10381,0.039473812,0.055306606,0.270731299,0.623259522
ECHS1,2458.80742,-0.035598388,0.04150938,0.27074977,0.623259522
MAPK14,2491.820486,-0.038675619,0.051813549,0.270735703,0.623259522
P2RX7,7102.344381,-0.03739451,0.044280481,0.270760702,0.623259522
PHF12,1883.104166,0.038372661,0.054846278,0.270551526,0.623259522
SNX13,1574.767474,-0.038441894,0.055681122,0.270701882,0.623259522
MTRF1L,768.2553724,0.037920608,0.058697625,0.271176357,0.623910696
SETD5,2510.928491,0.037957036,0.051544454,0.271179992,0.623910696
TBX19,162.6004444,-0.028742865,0.066325248,0.271208556,0.623910696
HTR7P1,94.6267262,0.024900457,0.065660707,0.271352038,0.624003688
TREML2,64.06476287,0.019935604,0.065349686,0.271353809,0.624003688
CYB5B,1703.851219,0.037913289,0.051001665,0.271496138,0.62412894
LRFN4,1502.038388,0.036940752,0.057107079,0.271513127,0.62412894
OTUB1,3278.625924,0.038742385,0.041102164,0.271610889,0.624233133
ULK3,1343.645805,-0.038002871,0.053158548,0.272004161,0.625016317
SPG7,2836.657762,0.035659286,0.041628708,0.272151109,0.625233298
KALRN,365.0944875,-0.029079617,0.06542622,0.272214425,0.625258099
C6orf120,1440.078829,-0.036103566,0.042671883,0.272287391,0.625305052
ACADVL,10198.98351,0.039863479,0.055388876,0.272406826,0.625372676
RIMS3,583.8894502,-0.03292709,0.063035319,0.272421898,0.625372676
HEG1,1457.135843,-0.037221856,0.055942604,0.272587374,0.625631904
ALKBH8,314.8636547,0.03410526,0.063232154,0.272759121,0.625667759
ARL4A,291.9946638,0.033584162,0.063335805,0.272854256,0.625667759
MOB4,881.8023922,0.033673489,0.063227537,0.272846403,0.625667759
PRR13,4314.245405,-0.034460442,0.039067289,0.272865771,0.625667759
TLDC2,192.4948308,0.030862701,0.064849424,0.272774623,0.625667759
S100B,1678.428877,-0.034651574,0.062763108,0.27338062,0.626727572
DCUN1D5,882.335964,0.037577668,0.05375805,0.273527904,0.626743884
GFUS,976.9195379,0.037696215,0.052666397,0.273678642,0.626743884
GGT7,552.276964,0.033071645,0.061000375,0.273592595,0.626743884
HIPK1,2751.085934,-0.03500195,0.03998451,0.273756254,0.626743884
MAPKAP1,3825.103797,-0.034860871,0.040122915,0.273665086,0.626743884
NCKAP5L,2530.504299,0.038009749,0.053481255,0.27374454,0.626743884
P2RY13,371.4902377,-0.036337428,0.065747586,0.273520838,0.626743884
PARD3,120.8695234,-0.022934113,0.065401453,0.273838113,0.626810755
NDUFA13,3200.218438,0.035821057,0.041301137,0.274116008,0.627270528
ZNF579,955.7669371,0.031918525,0.064294314,0.274144356,0.627270528
PIGR,157.0437914,-0.023411126,0.06547154,0.274354137,0.627629901
BAG6,7710.458884,0.038295565,0.050133051,0.274521893,0.627772405
FBXW5,5089.864366,0.036699074,0.046630609,0.274492339,0.627772405
DENND1A,1409.158952,-0.036902526,0.058901586,0.274653225,0.627952111
GNGT2,408.6726605,-0.036051245,0.059690351,0.274801878,0.628171344
PTGDS,486.8151569,0.036703324,0.05897603,0.274917586,0.628315198
DDX56,1385.22126,0.036971081,0.046993629,0.275021952,0.628403242
IL16,407.1877788,-0.03498788,0.059674613,0.275114464,0.628403242
SLK,2589.101927,-0.037275716,0.056851192,0.275093064,0.628403242
RGMB,344.7458924,0.032902593,0.062766219,0.275275255,0.628649896
ODR4,551.0211656,-0.03680871,0.058931836,0.27536863,0.628742527
GTF2H1,1452.982215,-0.037836178,0.050652195,0.275732353,0.629367736
L2HGDH,208.5159348,-0.024353034,0.065432413,0.275801048,0.629367736
SYN3,103.6783388,0.022870381,0.065499666,0.275763087,0.629367736
MRPS16,1645.003222,0.037739134,0.051600212,0.275921473,0.629521874
TALDO1,6527.736504,0.035580901,0.04310369,0.276055461,0.629706891
PPM1M,4963.721189,0.032391227,0.035427497,0.276153408,0.629809641
BFAR,1548.998461,0.037082069,0.046125173,0.276207606,0.629812593
RIOK1,615.8839436,-0.036674127,0.058961123,0.27629956,0.629901621
RPL31,8058.190016,-0.034156572,0.048441714,0.276398625,0.630006822
KAT8,1141.959334,0.03642773,0.044418252,0.276460076,0.630026265
CDPF1,147.1781768,0.026588827,0.065329406,0.276711669,0.63035829
THUMPD2,229.4555402,0.025663655,0.065455075,0.276679337,0.63035829
CCS,704.3593672,0.037015294,0.057700914,0.277003645,0.630684826
TEX2,1875.549652,-0.037968057,0.050272686,0.277003877,0.630684826
TLR6,1433.427398,-0.037497409,0.05217178,0.27701394,0.630684826
FKRP,672.7877967,0.033589911,0.063057166,0.277084474,0.630724793
GSK3A,2411.777817,0.038236846,0.053520772,0.277153468,0.630761238
NFRKB,728.1006464,-0.03610239,0.058701164,0.277344777,0.631075988
CKS2,864.8573026,0.037234577,0.056117818,0.277429939,0.631149135
C8orf76,708.0297425,0.037657949,0.053514585,0.277521831,0.631237562
SLC12A4,1194.841885,0.035029083,0.058367827,0.27761038,0.631318352
COQ8B,594.2003713,0.031774011,0.063824552,0.277783564,0.631406522
ETHE1,1060.705318,-0.037387734,0.049250301,0.277858026,0.631406522
GNG10,2037.03157,-0.037516776,0.058009649,0.277861299,0.631406522
ZNF668,410.450645,0.034379099,0.06237125,0.277788755,0.631406522
LDB1,4199.042475,-0.039591569,0.054578761,0.277954238,0.631497175
LIMK1,10249.56384,0.037243434,0.047670699,0.278232311,0.632008331
BST2,8204.520538,0.041211159,0.057708101,0.278870121,0.632064783
CDC37L1,317.7098983,-0.034210648,0.062024096,0.278947364,0.632064783
CPSF2,2045.68569,-0.037662831,0.050566896,0.278850217,0.632064783
GTDC1,656.9498846,0.035959834,0.059778253,0.278786475,0.632064783
IGFBP2,2561.860076,0.035596143,0.043273238,0.278924688,0.632064783
INPP5A,200.2569786,-0.029694089,0.064716277,0.278461263,0.632064783
ITPKB,2248.998588,-0.037685924,0.058139856,0.278702744,0.632064783
NBPF3,176.8508542,0.02517486,0.065398947,0.278770923,0.632064783
PSKH1,1201.458638,-0.037110485,0.057235982,0.278773167,0.632064783
RBM14,1383.928749,0.036730499,0.05643178,0.278590835,0.632064783
SMU1,1341.652342,0.036123936,0.044482704,0.278462089,0.632064783
YWHAE,9916.223926,0.043719638,0.048452147,0.278767183,0.632064783
ZW10,562.758644,-0.036051042,0.05920719,0.278695954,0.632064783
WHAMMP4,75.05502046,0.021656529,0.06532641,0.2790466,0.63216932
YIPF6,1176.191343,0.035339907,0.062361951,0.279115987,0.632206208
DNMT3B,109.7262733,0.018928829,0.065070096,0.279311585,0.632268595
EXTL3,1186.988813,-0.035951902,0.059602762,0.279487559,0.632268595
JAK3,668.8784013,0.036103268,0.059332267,0.279362991,0.632268595
PDXDC2P,318.4081247,0.033328845,0.063172701,0.279462993,0.632268595
SNX21,206.7198117,0.024283408,0.065412431,0.279432273,0.632268595
SRP14,4739.219925,-0.033298991,0.037873393,0.279567926,0.632268595
TUBE1,301.6901889,0.033956163,0.062879519,0.27954742,0.632268595
ZNF721,441.5457245,-0.034559605,0.061348249,0.279568407,0.632268595
DMAP1,841.2021585,-0.044079734,0.063802695,0.279663037,0.632361864
ELAC1,237.2428187,0.030283014,0.064522825,0.279715882,0.632361864
MVP,5485.845652,0.036666432,0.04701889,0.279816621,0.632469502
CREB5,586.6696891,0.027458132,0.065158541,0.280166859,0.632923965
PDCD2,1149.233322,-0.037504223,0.050625141,0.280177177,0.632923965
RFT1,897.0192151,-0.037661114,0.051872572,0.280096665,0.632923965
NAV1,3362.657246,-0.037508159,0.051051037,0.280371357,0.63324246
OSGIN1,149.2429308,0.024798942,0.065319546,0.280569217,0.633328883
TGIF2,733.8980201,-0.033604688,0.062180076,0.280548439,0.633328883
TP53I3,1342.884738,0.034996132,0.046447861,0.280483437,0.633328883
CDK9,2605.197767,0.032531455,0.050135826,0.280698291,0.63339872
EIF6,2650.862438,0.038674243,0.04921085,0.280759769,0.63339872
NKAP,727.3093332,-0.036044234,0.05610449,0.280734271,0.63339872
FAM168A,2175.488017,-0.036960055,0.052932756,0.280855687,0.633495065
MRS2,1046.222503,-0.0365602,0.047778717,0.280919625,0.633519252
POLR3G,62.38806281,0.017297504,0.064909592,0.28098161,0.633539028
ARRB1,7672.249471,0.03683359,0.056442366,0.281081815,0.633644954
WDR77,1208.385632,-0.037175892,0.04804129,0.281411909,0.634268985
CUL3,2020.481496,-0.036037429,0.0589664,0.281575673,0.634397878
GRSF1,2445.408321,-0.036938623,0.051041196,0.281526312,0.634397878
TVP23B,813.0943199,0.035636261,0.05478202,0.281944471,0.635108596
AKR7A2,1052.310602,-0.037077164,0.05260075,0.282293622,0.63512379
BRD9,1226.561099,0.037145096,0.050857524,0.282506149,0.63512379
BRWD3,669.2463694,-0.037191479,0.060746084,0.282599448,0.63512379
C1D,628.6265374,-0.037015573,0.053073117,0.28217579,0.63512379
FBXW4,980.6758535,0.034266881,0.057636298,0.282368023,0.63512379
HERC6,2163.062686,0.03238378,0.06024401,0.282644758,0.63512379
KATNA1,422.6596109,-0.035764806,0.057802108,0.282619672,0.63512379
KIAA0319L,2216.45735,-0.034928006,0.042868893,0.28205038,0.63512379
MSTO2P,74.47143057,0.019432153,0.065115145,0.282329038,0.63512379
NPIPA7,73.91979246,0.019777323,0.065257501,0.282389585,0.63512379
TBC1D13,1413.16391,-0.036974898,0.052211976,0.28258854,0.63512379
TTYH3,33124.22058,0.03271488,0.049486025,0.282642799,0.63512379
VPS51,2752.754385,0.036990492,0.052810838,0.282431273,0.63512379
CES2,1765.203088,-0.035175455,0.054527318,0.282752082,0.635245054
ZNF347,172.9127869,0.024862283,0.06504908,0.283038923,0.635769506
DNAJB11,2788.59009,-0.035579762,0.045860527,0.283206673,0.636026305
BLTP3B,1128.652443,-0.033913639,0.062813141,0.283491604,0.636546123
CRIM1,612.5949796,-0.029841218,0.066743832,0.283621301,0.636597207
SCYL2,1546.952331,-0.036407553,0.058578626,0.283591699,0.636597207
FBXW2,1846.120802,-0.035470312,0.043243257,0.283791302,0.636858709
TCF25,5507.061426,0.032289876,0.036562783,0.283884246,0.636947221
ARL8B,4258.662382,-0.034118308,0.04032313,0.284360186,0.637054577
CTU1,297.6638301,0.033950975,0.061836492,0.284307486,0.637054577
GCDH,587.3760677,0.034354273,0.061335674,0.284203673,0.637054577
JKAMP,1487.038711,-0.03675667,0.05081421,0.284116856,0.637054577
PCNX1,3267.088209,0.03484851,0.044084966,0.284303729,0.637054577
UBR4,6451.244827,0.036307637,0.047240478,0.284342758,0.637054577
VCAN,1574.35152,-0.035170485,0.061082859,0.284288375,0.637054577
ZBTB42,107.3012309,0.02292242,0.065224611,0.284025741,0.637054577
KMT5A,1358.633659,0.037593589,0.053553238,0.284498433,0.637244374
R3HDM4,1311.548458,0.037477869,0.047462864,0.2845534,0.637247596
COPS6,1899.979261,0.036226775,0.046616296,0.284647034,0.637278083
TRADD,844.5785437,0.037014556,0.051782801,0.284674073,0.637278083
GID4,583.5369425,-0.036507384,0.056644842,0.284988218,0.637861391
C3orf38,837.5739917,-0.03591978,0.051840084,0.285070062,0.63792464
ATG16L2,2199.165486,-0.036318768,0.058843588,0.285240487,0.638186055
DIP2A,1741.05577,0.037567095,0.051421945,0.285497126,0.638520249
PTPRK,80.67505733,0.014100792,0.064567905,0.28546574,0.638520249
OR1D2,77.13027952,0.023431151,0.065217976,0.285568614,0.63856017
GUSBP11,84.339332,0.022855144,0.065259541,0.285631018,0.638579769
STYX,775.0449703,-0.03588266,0.056169115,0.28571779,0.638653828
NCK1,3038.363949,-0.033119978,0.051865591,0.285910309,0.638771675
TMEM234,384.7416862,0.034552432,0.06066677,0.285845115,0.638771675
WTIP,334.1210643,-0.024312185,0.065025116,0.285931479,0.638771675
ZNHIT3,610.9850084,-0.03563161,0.058532836,0.28605282,0.638922855
AK2,3171.624985,0.035979672,0.048980942,0.286384804,0.639527772
MPZL1,2421.993412,-0.034275201,0.041196895,0.28645748,0.639527772
PGF,94.21229643,-0.02474957,0.065153862,0.286497523,0.639527772
SCIMP,2318.266195,-0.036633748,0.05265314,0.286538525,0.639527772
BVES,193.109649,-0.026864087,0.06494486,0.287286242,0.640596124
CROCCP2,177.5415923,-0.028534471,0.06461932,0.287235281,0.640596124
DNAJC25-GNG10,342.1533511,-0.032933116,0.062346727,0.287118411,0.640596124
TSSK6,76.75364274,0.021364166,0.065138785,0.287243414,0.640596124
ZNF569,131.0622698,-0.019614215,0.064993146,0.287152925,0.640596124
PHKA2,611.8371134,-0.034578702,0.060490104,0.287477353,0.640902226
PIWIL4,147.5279266,0.023863968,0.06516057,0.287575289,0.640913916
RGS16,620.9548667,0.03496758,0.059775679,0.287590268,0.640913916
SEMA4F,162.6030333,-0.017510956,0.064876235,0.287692601,0.641021975
LDLRAD4,2138.448992,0.038569273,0.050170459,0.287802973,0.641147904
SLC6A6,10953.03088,0.038123429,0.052397955,0.287896996,0.641205056
WDFY3,2811.83336,-0.035420807,0.058878105,0.287936349,0.641205056
NECAB3,320.4846294,0.032641468,0.062696252,0.288167219,0.641573575
SERF2,12488.49943,-0.035696223,0.045542948,0.288209616,0.641573575
BCLAF1,3430.34733,-0.034729086,0.044098127,0.288439518,0.64172537
OVCA2,991.7304146,0.03663374,0.049304967,0.288426429,0.64172537
RGL1,1203.357489,-0.036385444,0.051055075,0.288420063,0.64172537
PRPF8,10928.66242,-0.035562378,0.045737141,0.288510306,0.641762928
ARHGEF39,257.2435092,0.032162275,0.063645839,0.288843919,0.64238499
ARHGEF9,729.4200385,-0.034464949,0.059612503,0.288985162,0.642459077
LYSMD1,111.3704371,0.024883144,0.065101826,0.288967338,0.642459077
PGA3,64.53134958,0.016981582,0.064818267,0.289058712,0.642502607
CD47,3101.973407,-0.032722839,0.057411816,0.289251695,0.642691569
KLHDC8B,1891.030139,-0.037468162,0.052894216,0.289217584,0.642691569
CARS1,2461.791682,0.034680752,0.04190575,0.289325553,0.642735717
AMBRA1,1516.866827,-0.031273989,0.063543303,0.289637607,0.642847377
MTERF1,286.3425121,-0.028914744,0.064312265,0.289653753,0.642847377
PABIR3,268.3031374,-0.027209811,0.064865709,0.289485109,0.642847377
PLXNA2,622.3454831,0.02723838,0.064851821,0.28974795,0.642847377
PNPLA8,942.7709339,-0.034149908,0.058824045,0.289683943,0.642847377
THG1L,396.2406281,-0.03031185,0.062084518,0.289753803,0.642847377
TPGS1,815.7670912,-0.036177783,0.05218008,0.28960094,0.642847377
VPS37C,1419.032999,0.036404395,0.04913089,0.289821021,0.642876701
ABCC10,1515.815164,0.03778666,0.064203429,0.290064312,0.642983003
B3GALNT2,673.1728816,0.032907858,0.061878827,0.29023647,0.642983003
EXOSC5,451.2154058,0.034972244,0.057719805,0.290258374,0.642983003
FKBP1B,213.396848,0.032213803,0.06275749,0.290226606,0.642983003
GOLGA6L9,59.61700152,-0.014229213,0.064535768,0.28999324,0.642983003
KLC4,725.3896218,-0.035457477,0.056943067,0.290100669,0.642983003
TLN1,31923.8544,-0.035644467,0.052711672,0.29030102,0.642983003
URB1,697.7195273,0.036386842,0.059569677,0.290122158,0.642983003
BMS1P2,69.61345587,0.017471593,0.064874741,0.290661841,0.643394645
CHP1,3015.886182,-0.035556345,0.04853953,0.290949603,0.643394645
DOCK2,4910.218494,0.037316523,0.053902803,0.290666828,0.643394645
GSS,1490.287228,0.035483579,0.045134943,0.290782709,0.643394645
MAP3K20,582.9209286,0.035681547,0.057738732,0.290992401,0.643394645
NRBP2,577.6196897,0.032811894,0.063169365,0.291021905,0.643394645
PARN,1200.885914,-0.036271742,0.053508373,0.290937266,0.643394645
SCAF1,3998.638711,0.034852764,0.060629067,0.291027313,0.643394645
SETD4,418.1136586,0.033875373,0.061083411,0.290891274,0.643394645
TMEM64,267.5721984,-0.028488708,0.064425973,0.290975111,0.643394645
TRIM59,418.2466931,0.030678968,0.063655632,0.291245706,0.643757915
PPP6R2,2923.860526,0.035149371,0.048070256,0.291329969,0.64382463
CDCA5,787.4503406,0.037458937,0.055378414,0.291415683,0.643894526
ARHGAP12,993.7994797,-0.031502592,0.062950331,0.291581207,0.643943663
HIBCH,563.4752069,-0.033529439,0.061392576,0.291600192,0.643943663
VRK3,844.2063866,-0.036618774,0.054885439,0.291534993,0.643943663
ICAM3,348.6342268,-0.032758587,0.061799987,0.291848572,0.64394981
MIS18A,263.9726182,0.031831321,0.062854739,0.291877418,0.64394981
NME3,625.1804536,0.036052195,0.055395161,0.291877912,0.64394981
RTL10,751.7843489,-0.035162829,0.056949748,0.291886212,0.64394981
SPIRE2,306.2565287,-0.029861716,0.063902664,0.29192752,0.64394981
ZNF75D,427.8137349,-0.036046481,0.063044138,0.291762926,0.64394981
BAHCC1,138.100629,0.019051656,0.064916495,0.292348316,0.644516086
INPP1,332.53726,0.034275396,0.060126129,0.292441613,0.644516086
LRRC41,2006.255415,0.035625566,0.045906446,0.292324144,0.644516086
TANGO6,395.4666445,-0.031325487,0.062611679,0.292318327,0.644516086
ZNF225,200.7113555,0.029130985,0.06415226,0.292454926,0.644516086
ZNF587B,345.4422889,0.031698924,0.061749595,0.293054457,0.645717807
PIK3R2,2504.042693,-0.036181729,0.050456611,0.29324815,0.646025024
H6PD,5489.745558,-0.034669915,0.056472423,0.293473938,0.646044238
KLF9,405.9559556,0.035571268,0.056936448,0.293412295,0.646044238
RGL2,2796.616566,0.033902618,0.053528509,0.293455144,0.646044238
SEH1L,846.2867888,0.035813392,0.050909541,0.293394483,0.646044238
TMEM59,3794.335375,-0.034866295,0.043605344,0.293839372,0.646729103
MPP1,4006.452624,-0.034254791,0.043413749,0.293900378,0.646743809
BTBD6,1213.85821,-0.034998695,0.044911692,0.294129606,0.646853003
MAP3K8,417.9865333,-0.030329648,0.0634118,0.29406854,0.646853003
MYO6,2651.221918,-0.036382197,0.052167405,0.294114638,0.646853003
RPL22,6817.269038,-0.042477811,0.056391517,0.29416844,0.646853003
ZNF785,397.4547704,0.033219992,0.061421495,0.294221672,0.646853003
DENR,2537.369393,0.032956736,0.039026845,0.294530051,0.647226939
MRPL55,371.2103924,0.034468041,0.059755734,0.294554856,0.647226939
ZNF594,146.873341,0.024510274,0.06493485,0.294546213,0.647226939
BIRC2,1730.365614,0.035804097,0.045973152,0.294683631,0.647270964
ZNF606,171.3374947,0.026436587,0.064724355,0.294640143,0.647270964
RNF128,1443.164171,-0.036233693,0.050306917,0.294822532,0.647456602
LCLAT1,329.1898408,-0.030644825,0.062408002,0.294898273,0.647503494
GOLGA8B,375.7892451,0.030119845,0.063496889,0.295032583,0.647678941
DIRAS2,100.5689179,-0.021895811,0.06496637,0.295224662,0.647823243
NCLN,3714.254382,0.035641459,0.049817561,0.295315949,0.647823243
UBIAD1,527.5231513,-0.035054912,0.056052337,0.29531598,0.647823243
ZDHHC7,3989.408113,0.033273477,0.041275944,0.295208227,0.647823243
B4GALT1,4542.057724,0.033047278,0.038688759,0.295626987,0.648386012
AFG3L1P,236.4211189,0.029197145,0.064015901,0.296137079,0.649331518
ATG10,165.9505152,-0.02734787,0.064390003,0.296177,0.649331518
PPP1R3F,101.2632704,-0.018537799,0.06482139,0.296221711,0.649331518
ZFAT,360.9562394,-0.032261771,0.061721413,0.296337827,0.649466464
FBXW7,449.5364575,-0.030075641,0.063859231,0.296533599,0.649537667
NRN1,254.6042333,0.030992413,0.062743525,0.296444886,0.649537667
ODF2L,382.6703742,-0.028216873,0.064235692,0.296533996,0.649537667
TEN1,562.7198904,0.037100229,0.058109146,0.296664283,0.649703511
TM9SF3,6438.425574,-0.032905925,0.042988997,0.296809959,0.649902992
SLC1A5,7663.73734,0.036372222,0.050562708,0.296963246,0.650119059
ATG5,801.8337621,-0.034557131,0.06020099,0.297078178,0.650251095
AFG2B,368.6461348,0.033461393,0.060551884,0.297638676,0.65025934
AGAP6,632.9017442,0.034854923,0.057878353,0.298004212,0.65025934
CABLES2,294.0736884,-0.029229449,0.062816431,0.29736579,0.65025934
CHML,149.5675252,0.018109592,0.064784935,0.298065117,0.65025934
CHMP4A,1607.341196,-0.035069341,0.048431833,0.297380709,0.65025934
CORO1C,13979.23323,-0.032987291,0.040407407,0.297522983,0.65025934
CRLF3,744.9653303,-0.035482044,0.054067564,0.297570424,0.65025934
CYB5R2,68.28012973,0.02029523,0.064912791,0.297603351,0.65025934
DAP,3010.666681,-0.034607977,0.045927324,0.297704,0.65025934
FSTL1,143.9255413,-0.0241969,0.064794019,0.297162264,0.65025934
GNB5,213.4873211,0.02878987,0.063466252,0.297925291,0.65025934
LYRM4,496.2380804,0.032711755,0.059710226,0.297988206,0.65025934
NDUFB10,1673.923905,-0.034445663,0.044378965,0.297995101,0.65025934
THOP1,1535.099569,0.035942922,0.04947896,0.297665405,0.65025934
UBE2L6,5272.477514,0.034123936,0.058602594,0.29782373,0.65025934
UGDH,647.6982028,0.034032762,0.059576993,0.297737632,0.65025934
VAT1,15050.19316,-0.032819597,0.039177952,0.298036292,0.65025934
ZDHHC24,982.8423336,-0.037984527,0.05638143,0.29740328,0.65025934
BEAN1,403.0905408,0.031587727,0.062421799,0.298210139,0.650456523
NLRP2,860.607653,0.033823653,0.059553443,0.298389006,0.650727444
ALKBH6,412.2214352,0.034217171,0.059109258,0.298811589,0.650814483
CD72,154.2636748,-0.027633281,0.064168712,0.298703689,0.650814483
CENPI,233.9351229,-0.020344395,0.064876123,0.298804573,0.650814483
EXOSC1,486.3139374,0.034620033,0.058241553,0.298634801,0.650814483
MPLKIP,520.3905359,0.034151322,0.057270977,0.298555253,0.650814483
NPEPL1,1524.881215,0.035616625,0.053470009,0.298550507,0.650814483
TRAPPC3L,96.27971568,-0.025948971,0.066384417,0.298715668,0.650814483
CRACDL,158.6066342,-0.020379717,0.064859223,0.298912897,0.65091605
ABI3,4835.228259,-0.036585687,0.053030212,0.299054302,0.651104877
ACO2,5994.245766,-0.032606127,0.040031626,0.299367552,0.651439314
FAM174A,358.6016683,0.034654413,0.05824839,0.299372069,0.651439314
RNF26,1418.250278,-0.035898914,0.050517456,0.299314148,0.651439314
HECTD1,4943.006492,-0.035701635,0.053294331,0.299564549,0.651500905
MTHFS,480.8033551,0.031911783,0.062428736,0.299456434,0.651500905
RAC2,6934.297565,0.037584228,0.046089265,0.299561249,0.651500905
DTX1,522.4704002,-0.030128648,0.062979846,0.299763038,0.651590316
IRAK4,412.8471863,-0.033195624,0.060320672,0.299934055,0.651590316
MORF4L1,7734.279175,0.034105188,0.043434936,0.299921002,0.651590316
POLI,368.948593,-0.027755673,0.064139583,0.299833247,0.651590316
SCNM1,1517.20212,0.034803901,0.047851921,0.299850085,0.651590316
WDR48,1038.287221,-0.034871105,0.05504315,0.299855947,0.651590316
B9D2,225.7049263,0.03007,0.063294313,0.300153148,0.651725735
EML1,99.80605237,0.014652247,0.064503449,0.300207584,0.651725735
FUT10,224.8730714,-0.022340807,0.064850969,0.300215366,0.651725735
POLR2B,2979.047365,0.033934743,0.043257291,0.300109257,0.651725735
BACH1,3634.107058,-0.034099752,0.042157233,0.300366649,0.651816433
RNF170,751.8874831,-0.035081396,0.056029635,0.300361421,0.651816433
OARD1,612.4657444,-0.03525722,0.05436912,0.300559087,0.652115169
NDUFB2,1789.398745,0.034585463,0.052786965,0.300737484,0.652383336
CHCHD4,384.1560758,0.033471225,0.059299909,0.300969605,0.652767925
ZGRF1,224.0655918,-0.025282109,0.064671947,0.301068814,0.65286416
GMPPA,1029.292354,0.035340082,0.052398935,0.301346761,0.653076555
PSMD7,3068.726723,0.036063,0.050255462,0.301278764,0.653076555
THNSL2,120.2386754,-0.024608783,0.064744656,0.30143415,0.653076555
TMEM185A,835.3984921,-0.035157743,0.050113783,0.30129531,0.653076555
TSKU,1264.632559,-0.0341479,0.058180897,0.301441047,0.653076555
ENKD1,216.8847878,0.030535231,0.062888519,0.301556762,0.65320838
GPT2,649.6271071,0.024103819,0.064667297,0.301815972,0.653462099
MEF2D,2935.561516,0.035239289,0.056310645,0.301816023,0.653462099
PRDX3,4922.327752,-0.034267154,0.045755411,0.301838562,0.653462099
ABHD2,12693.3008,-0.031343948,0.037140557,0.302023054,0.653742628
SURF4,6504.882271,0.030874249,0.035976893,0.302189987,0.653985056
AGPAT1,1770.828478,-0.034987895,0.047772102,0.302418982,0.654123905
GAS2L3,993.011643,-0.035663032,0.061909684,0.302389875,0.654123905
KPNA3,2015.977642,-0.033943351,0.049699648,0.302414131,0.654123905
PARK7,3848.187259,0.035008959,0.046799611,0.302646071,0.654258485
STAT1,16695.61319,0.032710674,0.059926608,0.302610341,0.654258485
ZNF738,222.5491622,0.028753816,0.063507355,0.302566016,0.654258485
CYB561D1,613.794802,0.033320012,0.058662842,0.30281892,0.654513297
PKNOX1,511.4777574,-0.031806462,0.06083816,0.302925437,0.654624674
DNAJC27,179.1643316,0.023122721,0.064728441,0.303062536,0.654802085
BSG,13649.59202,0.039773002,0.044479299,0.303158725,0.654891058
LUZP1,1924.698566,-0.032771389,0.040298471,0.303265472,0.654892022
POP1,213.557305,0.029767492,0.063177036,0.303269191,0.654892022
SLC35C1,1051.671326,0.033672084,0.049360941,0.303520801,0.655197668
ZNF837,75.13930609,0.02056642,0.06485428,0.303493916,0.655197668
XKR6,166.1047167,-0.026292035,0.064318006,0.303593851,0.655236547
ADIPOR1,3222.559257,-0.031914288,0.038301342,0.303740773,0.655357763
TMEM63C,158.0121677,0.02254805,0.064739968,0.303760112,0.655357763
DUSP8P5,97.85832361,0.020623817,0.064790094,0.304127901,0.655913525
SFT2D2,3837.543848,-0.035121985,0.047613782,0.304087756,0.655913525
MRPL52,765.0879896,0.03447511,0.05046417,0.304188171,0.655924683
ELMO3,123.7363223,0.022195327,0.064791978,0.30434557,0.655969362
POLR3E,1205.410983,0.034559298,0.046306172,0.30431433,0.655969362
SH3PXD2A,1628.544987,0.034823032,0.057956652,0.304374192,0.655969362
DAPP1,818.3911571,-0.034858663,0.053788751,0.30451166,0.65605707
RBM3,5116.144317,0.03413578,0.047780156,0.304690147,0.65605707
RNASE4,178.5797824,0.021386517,0.064749682,0.304690428,0.65605707
TMEM218,544.4928467,-0.033755224,0.058130911,0.304618473,0.65605707
ULK1,1629.611873,0.029734745,0.063099482,0.3046125,0.65605707
PYGL,2414.550796,-0.033897545,0.046714233,0.304803828,0.656182562
TIGD5,491.2088203,0.033558855,0.058967403,0.305122706,0.656631565
TUSC2,1170.833419,0.042552275,0.058602886,0.305088176,0.656631565
FBXO46,408.3826521,0.031472535,0.0620253,0.305227426,0.656738207
ARHGAP30,7976.543784,0.041172161,0.033551029,0.30545882,0.656870027
LGALS3BP,8909.758598,0.037553737,0.057274715,0.305509394,0.656870027
RAB4B,921.8924142,0.034791624,0.048857614,0.305396512,0.656870027
SCX,134.6596799,0.022046546,0.064927973,0.305503594,0.656870027
CWC15,933.1598072,-0.035155363,0.049716685,0.305591967,0.656928922
CAPN3,641.8665338,-0.028955375,0.063081913,0.305707531,0.656948523
GAA,12548.55695,-0.039067114,0.058101872,0.305821816,0.656948523
RAE1,691.5758144,-0.035482673,0.053904971,0.305760006,0.656948523
RALGAPB,1695.855983,-0.034525978,0.047269319,0.305806836,0.656948523
SKA2,681.5451806,0.034493415,0.056295665,0.305878987,0.656952794
MSL1,3125.814211,-0.032757579,0.039942052,0.306027536,0.657153285
CD53,15556.44438,-0.031754002,0.038911036,0.306115926,0.657206588
IRAK3,1259.413713,-0.034446495,0.046846813,0.306162767,0.657206588
KTI12,373.4638712,0.03380664,0.058746199,0.306273966,0.657208285
POLG,2224.193307,0.034548115,0.055507052,0.306220025,0.657208285
ASB16,163.7968702,0.028509361,0.063573702,0.306471893,0.657248981
ATP10D,816.9269136,-0.034084679,0.057627899,0.306516056,0.657248981
CCDC39,138.4703182,-0.017382038,0.064604586,0.306437646,0.657248981
DYNLRB1,2748.814899,0.034902399,0.050867432,0.306624178,0.657248981
NUCB1,9627.869431,-0.034181817,0.046424361,0.306621982,0.657248981
PSMG1,699.7245174,0.035297335,0.05571458,0.306555344,0.657248981
CHD6,1323.638897,0.034145873,0.056916755,0.306720552,0.657271398
ZNF800,595.0099781,-0.035555785,0.054665744,0.306745056,0.657271398
CSTF3,863.5363737,0.033798974,0.058164698,0.307251588,0.658001467
ITPKC,399.81344,-0.033149163,0.059087242,0.307229607,0.658001467
TRMT112,1874.270349,0.032797198,0.040803717,0.307207124,0.658001467
CHD1L,1891.146762,-0.033346528,0.042752646,0.307401088,0.65819739
COMMD8,622.5355362,-0.034915469,0.060760648,0.307534272,0.65819739
HPS5,2443.752012,-0.033024103,0.042292851,0.307528717,0.65819739
TOR1AIP1,2133.253904,-0.035601042,0.050808955,0.307564223,0.65819739
ACSM5,517.5734918,-0.030212629,0.062445541,0.307667759,0.658300624
UVRAG,1022.773528,-0.034002343,0.047132453,0.307789565,0.658442905
MCEMP1,253.0076228,0.021975682,0.06469017,0.307981443,0.658720838
RPS6KA5,436.3339956,-0.03128846,0.062708821,0.308030147,0.658720838
MRPS28,628.0359725,0.033228847,0.056967309,0.308097349,0.658746217
ZNF469,439.147175,0.032305524,0.060710319,0.308255508,0.658966031
XPA,392.5749617,-0.031600532,0.058459391,0.30832845,0.659003625
NDUFB3,891.8327525,-0.032121086,0.059925056,0.308421283,0.659083715
MARCHF2,1827.255391,-0.033475834,0.042453205,0.30854451,0.659228713
FICD,274.7325199,0.024635715,0.064453206,0.308732017,0.659487454
GGCT,998.5268803,-0.035191477,0.051019337,0.308776402,0.659487454
ACOT4,105.9682337,-0.021651352,0.064654794,0.308981396,0.659741049
KIF5B,6396.67281,-0.033186296,0.042275868,0.309005971,0.659741049
SMCR8,2705.717937,-0.033508103,0.044304767,0.309135923,0.659784711
VWF,398.2727283,0.02584423,0.064025679,0.309137263,0.659784711
ZNF816,120.8011228,0.019637787,0.064665597,0.309472508,0.660381826
CENPK,357.5000768,0.033085296,0.060111396,0.309590042,0.660395887
H2BC21,144.1701679,0.026814255,0.063857687,0.309539765,0.660395887
CD99L2,2164.495886,-0.034240432,0.046762341,0.309651354,0.660408343
APEX1,5602.926081,0.028066008,0.034685343,0.309845454,0.660703947
LIPG,71.72935081,0.015612197,0.064454227,0.310103829,0.660899764
PCED1A,1708.523083,0.034865745,0.051827258,0.310087015,0.660899764
ZNF195,518.784278,-0.03386848,0.055579711,0.309993599,0.660899764
BTBD9,630.0083289,-0.031259366,0.061314916,0.310466563,0.660961525
FANCC,223.8007708,0.028139571,0.063455986,0.310249612,0.660961525
HEXIM1,2263.044092,0.035866242,0.042554518,0.310521446,0.660961525
LMF1,465.4193727,-0.031685255,0.060808688,0.310454191,0.660961525
LNPK,1097.118383,0.028680239,0.06271438,0.310408643,0.660961525
PPP6R3,1998.740655,-0.034186712,0.046798353,0.310401152,0.660961525
RMDN1,1140.830092,-0.034490538,0.053244294,0.310322351,0.660961525
PSAP,282999.4934,-0.032712584,0.041868995,0.310585921,0.660980585
ABRAXAS2,1026.419963,-0.034073536,0.049293821,0.310644995,0.660988144
RRBP1,8746.962004,0.03478626,0.049183107,0.311009728,0.661645963
GCN1,4369.252002,0.034254052,0.055932663,0.311073567,0.661663536
TMEM68,341.2835262,-0.032939979,0.063217926,0.311132317,0.661670282
CHMP1A,2683.560926,0.034285556,0.048839661,0.311486594,0.661876762
DCAF4,309.1464885,0.027273147,0.064020059,0.311562988,0.661876762
LDAF1,437.5044411,0.032099517,0.060514675,0.311541098,0.661876762
PCNX4,1229.019682,-0.034706311,0.051322031,0.311551933,0.661876762
RABGAP1L,1209.716509,-0.033197613,0.058354266,0.311445072,0.661876762
RABGEF1,984.3621696,-0.034324921,0.047307008,0.311557915,0.661876762
EXOC5,2514.292234,0.034675811,0.048391483,0.311684256,0.662016247
PDGFA,357.2586895,0.028751944,0.063200186,0.31194313,0.662447906
CTNNA1,8041.506383,-0.032963897,0.042537953,0.312175304,0.662822721
MMP14,41496.02016,0.024488973,0.042227098,0.312316371,0.662887155
NECTIN1,360.3540958,0.030510881,0.061934174,0.312428377,0.662887155
NTHL1,111.3915671,0.022502931,0.064317837,0.312355142,0.662887155
XYLB,167.8393799,0.021908583,0.064420353,0.312388479,0.662887155
NUP58,1179.775427,0.034380637,0.053256567,0.312535286,0.662995828
PIGH,431.0023407,-0.033151469,0.057822887,0.312925265,0.663468438
ZCCHC24,675.1333083,-0.034551985,0.054037063,0.3128403,0.663468438
ZNF770,960.2611925,-0.034755987,0.051675361,0.312921237,0.663468438
IL10RB,2277.270183,-0.032654043,0.04168478,0.313059782,0.663592961
SERBP1,7918.629692,-0.032009005,0.048380225,0.313095477,0.663592961
PHF14,691.8495257,-0.034801171,0.051853146,0.313301359,0.663911122
ERVK3-1,1263.17405,0.034183191,0.047703372,0.313450536,0.66399086
STXBP3,1659.827652,-0.033395219,0.057525895,0.313416353,0.66399086
CWC22,716.972464,-0.034731221,0.05187238,0.313604759,0.664081227
ULBP2,152.4635899,0.024367427,0.064274292,0.313560285,0.664081227
FN3K,239.6992388,-0.025316451,0.064265174,0.313708818,0.664183438
ENDOD1,148.0214371,0.024052501,0.06448835,0.313905816,0.664252209
EXT2,1968.337398,-0.034180497,0.051756454,0.313929169,0.664252209
LBR,2963.693479,-0.033392048,0.044963676,0.313964484,0.664252209
SLC11A2,3996.177605,0.032184169,0.04098527,0.313857484,0.664252209
NR2F6,1153.857418,0.034444926,0.051859996,0.314150408,0.664330162
RAD18,272.9944766,-0.025208119,0.064166599,0.314140186,0.664330162
RPL36A,2109.946946,-0.022346147,0.064097592,0.314168737,0.664330162
BCL2A1,1449.151807,0.032275757,0.059496981,0.314235517,0.66435337
NR4A1,66.62131134,-0.019123877,0.064535885,0.314475289,0.664624236
SENP3-EIF4A1,67.61704074,-0.012585143,0.064249361,0.314457384,0.664624236
EIF2D,1003.304639,-0.033927373,0.047103358,0.314641642,0.664739795
PIP4K2B,1746.058735,0.034138215,0.053276225,0.314630483,0.664739795
CUL7,1689.595867,0.035311892,0.050203176,0.314698087,0.66474108
BOLA2,424.360467,-0.031752715,0.062343627,0.314808559,0.664746722
SH3RF1,381.3271421,0.032648356,0.059257558,0.314812433,0.664746722
BRIX1,500.0809847,0.032599689,0.058811351,0.314984356,0.664956935
ZNF92,163.9176154,-0.028183531,0.063144508,0.315023697,0.664956935
EP400P1,149.78949,0.022855811,0.064477972,0.315356083,0.665473802
FCRLB,340.6051554,0.031965206,0.06008165,0.315434509,0.665473802
HSPE1,1418.501944,0.032675664,0.059804675,0.315492158,0.665473802
HTATSF1,1258.951718,-0.034200158,0.051572783,0.315478105,0.665473802
KIFC1,964.8469481,0.033923964,0.052418373,0.31562844,0.665525429
MMAB,472.1828392,0.030203191,0.061842989,0.315625345,0.665525429
IL18,568.2240719,-0.033828261,0.056971199,0.315938657,0.665943646
TOP1MT,729.8327487,-0.032960322,0.05809368,0.315923646,0.665943646
CCDC88B,1665.417483,-0.03331452,0.047578435,0.31642185,0.666241117
CDK11A,1742.227913,0.033949115,0.049007463,0.316203364,0.666241117
DOLK,586.8706862,-0.034090756,0.052863233,0.316453798,0.666241117
GPR89B,213.2913884,-0.025686323,0.063886791,0.316525438,0.666241117
KCNE1,310.3475086,-0.028816544,0.062672649,0.316435922,0.666241117
PKD1P4,464.7710797,0.024729263,0.064532886,0.316455381,0.666241117
RCC2,7270.15728,0.031648305,0.039867512,0.316355564,0.666241117
VPS26C,2594.15504,0.032637137,0.04163739,0.316527489,0.666241117
MTX3,333.4451866,-0.030496024,0.060455285,0.316836554,0.666773762
MTX1,2537.35787,0.032484086,0.0418379,0.31715192,0.667319478
SHB,755.7101531,-0.033934217,0.054203985,0.317231513,0.667368998
PIK3R3,286.2935911,-0.029098254,0.062276993,0.317537693,0.667777112
TXNL4A,1665.099961,0.034138627,0.04987628,0.317522562,0.667777112
CYRIB,3748.277951,-0.033865079,0.044318959,0.317689069,0.667859502
STK40,5176.34381,-0.031780814,0.04101051,0.317653179,0.667859502
FTO,795.9844138,-0.033697701,0.056860997,0.317822895,0.667904954
HUS1,458.3231078,0.030868237,0.060970596,0.317780228,0.667904954
ARG2,534.8541512,-0.030503166,0.061356829,0.318077311,0.668321635
KBTBD4,380.0692583,-0.027778054,0.063065912,0.31828226,0.668634252
COPB2,4076.504499,-0.031856245,0.039636451,0.318608136,0.669170885
KDM4B,1256.985318,-0.030404139,0.061621533,0.318680798,0.669170885
YJU2,602.3823787,0.0329916,0.055268075,0.318706335,0.669170885
BNC2,311.8565551,0.024929155,0.063858257,0.319144519,0.669736559
NOTCH2NLA,489.8267388,-0.0284961,0.062547827,0.319110962,0.669736559
USP40,1506.36603,-0.033980247,0.052290235,0.319047274,0.669736559
FES,1878.607467,-0.033167222,0.056695384,0.319254143,0.669848532
ALG1,1151.492171,0.033650644,0.047746107,0.319656589,0.669984453
CCAR2,2851.10603,0.033313408,0.056026215,0.319638129,0.669984453
FBXW9,150.3619014,0.026706424,0.063125168,0.31965575,0.669984453
MDH2,5017.710725,0.0331866,0.044656723,0.319504224,0.669984453
PSMG4,275.5986368,0.030506166,0.061219026,0.31964569,0.669984453
STK38L,1994.219544,0.033923556,0.050831698,0.319467119,0.669984453
SLC25A24,2989.585412,-0.033552067,0.047646804,0.319830116,0.670230158
CARF,261.3695548,-0.022499685,0.064330306,0.320120729,0.670593138
KCNK6,2611.125975,0.03390645,0.049601175,0.320228643,0.670593138
RAB5B,3313.904269,-0.031999464,0.04065859,0.320200946,0.670593138
RAPH1,2227.748826,0.032318192,0.052785377,0.320105176,0.670593138
CAB39L,784.6515974,0.031423115,0.060085171,0.320450019,0.670820728
SSC5D,83.54806295,-0.019247882,0.06446144,0.320446812,0.670820728
C2CD2,425.7092188,0.027519595,0.063073009,0.320604598,0.671026325
ARMCX4,227.9479074,0.02215671,0.064404773,0.320849976,0.671051282
DGKH,652.1623364,-0.029698971,0.060826027,0.320709283,0.671051282
NOP9,1966.584971,0.032066123,0.041660175,0.320862311,0.671051282
RBBP8,416.2286934,0.026034798,0.063586747,0.320898358,0.671051282
SPINT2,3298.583247,0.033437418,0.047561505,0.32076522,0.671051282
IQCC,80.17258769,0.02062845,0.064438335,0.320990456,0.671125988
HERC4,1497.153497,-0.033981331,0.050996669,0.321345629,0.671336979
PMPCA,2204.605756,0.033191912,0.0553702,0.321297785,0.671336979
STMP1,982.8673352,-0.033068401,0.055925297,0.321306266,0.671336979
ZNF274,696.5814991,0.033842092,0.053321907,0.321273292,0.671336979
ZNF669,86.11390167,-0.021400198,0.064372011,0.321373326,0.671336979
TRIM22,5700.092491,0.035921818,0.049973718,0.321569574,0.671629084
HABP4,334.0000355,-0.032586572,0.057390203,0.321762516,0.671771407
SIAE,932.8049417,-0.033880722,0.04965003,0.321807,0.671771407
TMEM266,103.4373163,0.02272935,0.0643074,0.321736903,0.671771407
BRD1,1184.466933,0.029147106,0.062404662,0.322026123,0.671930212
FBXO31,882.3751976,0.037857863,0.057008124,0.322108838,0.671930212
GIGYF1,3345.276147,0.031134459,0.060458738,0.321956765,0.671930212
RMDN3,3584.549904,-0.032081566,0.058515053,0.322064487,0.671930212
KPNA6,2161.116992,0.031601874,0.04152417,0.322265372,0.67202124
ZFP1,158.3415472,-0.019945266,0.06429668,0.322227092,0.67202124
CKLF,2570.589765,0.033881752,0.051189833,0.322649074,0.672703542
ANKRD6,303.8929623,-0.028939632,0.061758792,0.323016444,0.672713854
DENND4B,5029.649563,0.037964649,0.057181711,0.32291041,0.672713854
LAMTOR2,1696.98114,-0.033419053,0.046984411,0.323214652,0.672713854
PKIB,364.5163021,0.023850686,0.064100177,0.322893268,0.672713854
POLRMT,2170.318311,0.033459294,0.053953791,0.32323564,0.672713854
RFK,738.4062904,-0.03411871,0.052893544,0.322878064,0.672713854
RPF1,906.2110668,0.031471227,0.054116293,0.323275595,0.672713854
RPS14,7803.58122,-0.033431941,0.047847595,0.323113897,0.672713854
SSH3,843.7122279,0.031275425,0.060185637,0.323138847,0.672713854
YTHDF2,1964.02136,-0.032073245,0.042778709,0.32306681,0.672713854
ZFYVE9,102.6230367,-0.019251919,0.064510985,0.322982652,0.672713854
ZSCAN2,253.2571155,0.027317912,0.063016018,0.323389765,0.672833827
FKBP9,962.8337295,0.032878253,0.056644743,0.323514464,0.672975658
MTCL2,2276.967795,0.033644782,0.050611389,0.323817515,0.673465855
STK32C,221.5820215,-0.028374926,0.062374477,0.323863253,0.673465855
GSTT2B,118.769182,0.021726229,0.064328004,0.324085326,0.673809955
TBCK,513.149517,-0.030744578,0.060352567,0.32425525,0.674045531
AASDH,234.2693344,-0.027364725,0.062883942,0.324567477,0.674212148
FAM136A,1163.595122,0.033350459,0.048334554,0.324641372,0.674212148
KIAA0825,159.3099785,-0.02368901,0.063997472,0.324785298,0.674212148
MTPN,6730.405122,-0.031878094,0.041924735,0.324542786,0.674212148
PI4KAP2,455.3977599,0.029154794,0.061792183,0.3247643,0.674212148
PRKAR2A,2588.806243,0.026980631,0.06663689,0.324441133,0.674212148
SLIT2,61.0775165,-0.013543988,0.064247575,0.324788465,0.674212148
SYTL1,186.209731,0.021000747,0.064340138,0.324647684,0.674212148
EIF3CL,134.4191865,-0.008061985,0.063945142,0.324974032,0.674479751
ARL17B,456.1841051,0.031146482,0.058537485,0.325257426,0.674709964
NELFE,1250.176463,0.033452083,0.048448373,0.325214347,0.674709964
PEX13,1109.150684,-0.033621237,0.049078901,0.325345253,0.674709964
PRKACA,3542.93494,-0.031774639,0.04173528,0.325155988,0.674709964
TXN2,1921.619353,-0.03246314,0.045222023,0.325368325,0.674709964
MFGE8,1271.287372,0.033302208,0.052610892,0.325438059,0.674737041
FCGR1A,3790.064655,-0.033995147,0.05420881,0.325513019,0.674747295
SPAG5,1115.417221,0.033420132,0.049624685,0.32555636,0.674747295
SLC41A1,385.1186018,0.032887923,0.056916123,0.325740391,0.675011202
CYFIP2,98.75477969,0.017125648,0.064369907,0.325851927,0.675124816
CHTF8,2242.580481,0.032893981,0.044675265,0.326116412,0.675128458
FAM114A2,541.7581064,0.029323043,0.061525669,0.326307362,0.675128458
NDUFV2P1,119.4629872,0.023768455,0.0638537,0.326084352,0.675128458
PLS3,77.37622119,-0.011440456,0.064112518,0.326278569,0.675128458
TOM1,5173.602309,0.034658422,0.049100133,0.326255338,0.675128458
USP47,1943.430889,-0.033325192,0.050861979,0.326167441,0.675128458
YAF2,345.812014,-0.027730795,0.062749555,0.326267381,0.675128458
ZC2HC1C,72.39223071,0.01583943,0.064306458,0.326285324,0.675128458
PLPP1,317.1580319,-0.030957992,0.059282635,0.326431209,0.675267339
DYM,970.7554678,-0.03226638,0.057132286,0.326611061,0.67540467
OR2C3,134.3153663,-0.024580805,0.063753791,0.32657013,0.67540467
EIF5A2,153.1761007,-0.010651265,0.064075401,0.3267294,0.675532043
FRG1HP,74.77775081,-0.020093361,0.064314566,0.326796839,0.675554153
PRKCZ,67.49672653,-0.018252294,0.064354251,0.327043751,0.675947198
AXIN1,1381.89583,0.032137487,0.057472002,0.327169325,0.676089362
CCDC191,123.6517177,-0.022982905,0.063999783,0.327365783,0.676377933
ITGB5,8442.424542,-0.030384875,0.038192355,0.327631145,0.676808743
ACD,224.6957404,-0.02753433,0.062697795,0.328131154,0.676836184
ANKRD11,5866.836924,0.03653472,0.049580351,0.328002625,0.676836184
CDC25B,2284.683422,-0.029527581,0.049131989,0.328156107,0.676836184
CHMP4B,6630.550565,-0.030032642,0.038195831,0.328095851,0.676836184
SHCBP1,1002.011929,-0.032045524,0.057732663,0.327870273,0.676836184
TGFB1I1,68.44056779,0.015433557,0.064313199,0.327981568,0.676836184
THAP6,357.527257,-0.030119296,0.062889201,0.327997636,0.676836184
USF2,8903.394154,-0.033450632,0.041012895,0.327745234,0.676836184
USP53,807.4046933,0.029690853,0.061102139,0.328074038,0.676836184
FAM117B,113.5920565,-0.023006768,0.064295679,0.328215999,0.676838736
N6AMT1,122.7650381,-0.020946434,0.064159425,0.328327904,0.676838736
SNX15,742.7965806,0.030794479,0.058994681,0.328315305,0.676838736
EXD3,327.4128977,0.02976415,0.061041672,0.32855023,0.677062574
USP35,309.4447293,0.028137689,0.062307189,0.328537343,0.677062574
KLHDC10,1180.704909,-0.031186188,0.058734113,0.328650678,0.677152357
FANCI,1027.703372,0.032305902,0.057901601,0.329049727,0.677447943
LIMD1,1359.658256,0.034272401,0.059569522,0.32907866,0.677447943
MMP15,372.8549898,-0.024996175,0.063461476,0.328965568,0.677447943
PSTPIP2,518.1129747,-0.029655292,0.061063223,0.328963623,0.677447943
SLC1A4,2639.406647,-0.033104028,0.049301647,0.328996872,0.677447943
C5orf22,576.0752707,0.02977524,0.060903349,0.329350975,0.677579167
NAIF1,377.9370992,-0.031979376,0.057353893,0.32935372,0.677579167
OGFRL1,5193.718067,0.035402089,0.049462429,0.329323961,0.677579167
TBX3,227.4946853,0.024973579,0.063556425,0.329370066,0.677579167
SYNCRIP,4335.611882,0.033279921,0.049293424,0.329606153,0.677947693
LRRC58,1740.387953,-0.033537989,0.052616653,0.329865247,0.678246246
WWP2,2611.10109,-0.032727604,0.047519137,0.329834568,0.678246246
BROX,1453.232974,-0.031606142,0.055516067,0.33008104,0.67845559
STRN3,559.2279416,0.027184485,0.062672418,0.330051346,0.67845559
UBAC2,1212.332324,-0.033016291,0.051297979,0.330170295,0.6785219
AURKAIP1,1902.560994,0.032021026,0.043378225,0.3302559,0.678580685
ICAM4,78.10046461,-0.018691084,0.064290356,0.330420309,0.678684227
STIM1,2615.553121,-0.031553526,0.042353668,0.33041796,0.678684227
POLR2K,1019.216507,0.032729794,0.049138212,0.3305148,0.678693769
ZPR1,1001.369823,0.032872491,0.049011074,0.330538973,0.678693769
CDC123,3072.716266,0.032964701,0.045841709,0.330841881,0.678801876
HNRNPA1L2,113.2597977,0.021844391,0.06417306,0.33086531,0.678801876
MAML1,1298.167118,-0.032666938,0.047139665,0.330774248,0.678801876
SLC15A4,1330.50004,-0.032450396,0.04512195,0.330876715,0.678801876
UNC5A,169.0723721,0.021227873,0.064214077,0.330675772,0.678801876
RPL30,7062.874383,-0.03148745,0.047144405,0.330978289,0.67889327
ABCC6,109.2834891,0.021897986,0.063985081,0.33126219,0.679241538
ADCY4,255.4877565,0.028487493,0.06122546,0.331231962,0.679241538
SLC25A32,621.7751152,0.036804703,0.058925567,0.331417014,0.679441975
DOHH,579.4025733,0.03206536,0.05859415,0.331493967,0.679482726
SFXN5,651.7800428,0.032008214,0.057119216,0.331657428,0.679700754
C18orf54,190.3356247,-0.027013481,0.062734611,0.331908861,0.679771133
DIAPH1,7014.532172,0.036110026,0.050367698,0.331982,0.679771133
GALNT4,249.4665501,-0.025259868,0.063502283,0.332091467,0.679771133
METTL4,264.2482917,0.026778151,0.062961679,0.332084609,0.679771133
NAT10,1211.030477,0.033109437,0.049933997,0.331968233,0.679771133
NPTXR,875.471287,-0.032641411,0.054531539,0.332081775,0.679771133
ZNF747,447.7824231,0.030168651,0.060328729,0.331948621,0.679771133
ARMC1,797.7225237,0.032659298,0.053367984,0.332277836,0.679801966
MRPS18A,756.7417,-0.032809697,0.052959784,0.332232308,0.679801966
RARS2,715.1842521,0.032862216,0.051528012,0.332186546,0.679801966
CELSR3,115.7821735,0.01818803,0.064257494,0.332601732,0.68011422
PDHB,1772.662488,-0.032908044,0.04780017,0.332590032,0.68011422
STOML2,1356.264756,0.032723867,0.047548365,0.332601847,0.68011422
HSD17B12,3070.556566,-0.031030953,0.04948364,0.332918918,0.680528798
SEC23B,2268.885258,-0.031369566,0.044147337,0.332903103,0.680528798
AP1S2,2550.563927,0.03015288,0.059811624,0.333145561,0.680786965
PFKFB4,854.97218,0.031547999,0.056765134,0.333159585,0.680786965
NDUFS4,699.9739052,-0.031338217,0.056852877,0.333489933,0.681278994
PSMC2,3046.78881,0.03098163,0.041180956,0.333514824,0.681278994
KIZ,171.9681678,-0.026111431,0.062921167,0.333720802,0.681582801
ANAPC1P2,215.9984504,-0.025684721,0.063073344,0.333833261,0.681656702
HSPA12A,86.5083381,0.018815554,0.06422487,0.333967141,0.681656702
MEX3D,512.9993982,0.026745998,0.058603165,0.334019594,0.681656702
PPAT,303.5395775,0.025735981,0.063122846,0.333872531,0.681656702
VPS37B,1595.636953,0.032323848,0.046583839,0.334043276,0.681656702
TGFB1,12609.13655,-0.031511747,0.042598443,0.334221735,0.681903986
HDAC10,1547.709465,0.031551569,0.057598827,0.334395672,0.68214196
PGBD4,142.4997971,-0.024745362,0.06334175,0.335034146,0.683210261
TRAIP,157.5782542,0.022841403,0.063875078,0.335016979,0.683210261
USP2,1576.585149,-0.033275436,0.051990984,0.335142331,0.683296533
ZNF430,283.6282815,0.029246805,0.061655731,0.335191243,0.683296533
PTRH2,477.7083505,0.030586921,0.059316535,0.335298629,0.68339842
ABHD16A,1900.909599,-0.031049376,0.04262989,0.335417029,0.683485286
CASP4,1905.072649,-0.032581759,0.045498516,0.335457024,0.683485286
HRH1,237.979398,-0.026287432,0.061844686,0.335513483,0.683485286
HMGA1,13214.32514,0.032312624,0.043360926,0.335687645,0.683606126
TMEM179B,992.2358133,-0.032816823,0.049205143,0.335669914,0.683606126
WRAP53,286.0179486,-0.027457683,0.061914704,0.335829176,0.68377738
FBXO45,604.768494,-0.032618369,0.055943826,0.336435441,0.683947942
ILK,3289.011573,0.031852603,0.045669158,0.336260406,0.683947942
LAMA2,160.5869784,0.024255867,0.06346734,0.336440857,0.683947942
MED24,2092.906844,0.033121377,0.052324545,0.33619884,0.683947942
PER3,630.8285572,-0.025584856,0.063047224,0.336120074,0.683947942
PHYH,362.475355,-0.028975399,0.059625454,0.336429991,0.683947942
RNF8,422.2470642,-0.031348116,0.055990992,0.336563299,0.683947942
SLA,6783.343619,0.029833292,0.038903991,0.336398075,0.683947942
SSPN,146.4691789,-0.021016901,0.06407513,0.336089687,0.683947942
TNFSF13B,1710.322447,0.027996752,0.058012641,0.336232206,0.683947942
ZNF618,1859.875187,0.033855171,0.053127209,0.336602351,0.683947942
ZNF708,159.0464543,-0.021309021,0.064131513,0.336529857,0.683947942
BDP1,1241.96327,0.032513953,0.054954808,0.336809389,0.68402842
FKBP4,1463.296144,0.031343673,0.057493564,0.33681433,0.68402842
KCTD9,831.481328,0.031340164,0.057408028,0.336702307,0.68402842
CHURC1,2140.113438,-0.032547166,0.050822083,0.336931692,0.684134995
ITPA,1868.057754,0.03113872,0.042076411,0.337039206,0.684134995
SORBS3,3539.568874,0.031287153,0.059389166,0.337007187,0.684134995
BCL2L1,3620.765876,0.028138686,0.035095734,0.33730294,0.684320296
CARD11,621.0131852,-0.024983013,0.063185311,0.337272088,0.684320296
CPLANE1,582.4712904,-0.030789284,0.058209563,0.337262739,0.684320296
SELENOT,3537.483514,-0.032273667,0.046811616,0.337413297,0.684400451
SIN3A,1539.907092,-0.032269874,0.05130849,0.337457425,0.684400451
BMP8A,73.53227717,0.020372543,0.064089527,0.337683592,0.684742491
CYTIP,677.1266848,-0.031710076,0.053756407,0.337860951,0.684799235
DCLRE1A,267.4388093,-0.024003354,0.063383672,0.337941664,0.684799235
HSD17B4,5863.380491,-0.031795748,0.045411284,0.337909031,0.684799235
METTL15,239.4865647,-0.026284962,0.062750457,0.337844691,0.684799235
PPA1,637.0348644,0.027858543,0.062216965,0.338049757,0.684901694
ELOC,2106.842683,-0.032333647,0.052090236,0.338272405,0.685037951
EYA3,1213.657067,0.03221481,0.055119238,0.338289636,0.685037951
YLPM1,2117.998769,-0.032355425,0.046470199,0.338215281,0.685037951
C1orf52,530.3636384,0.030662023,0.058695621,0.33846776,0.685282089
SNRNP48,697.2080631,0.039439803,0.060789714,0.338621056,0.685475885
ACAP2,3375.603442,-0.032325654,0.047018691,0.339063339,0.685534758
BRAT1,1525.875068,0.032270097,0.052816594,0.338945543,0.685534758
DNAJA3,1419.956445,0.03274072,0.051427314,0.33913202,0.685534758
SLC6A12,2275.478948,0.035183119,0.054459398,0.338910195,0.685534758
STAMBP,1046.109231,-0.03251239,0.049571329,0.338777373,0.685534758
TNPO1,5608.773384,-0.031986345,0.045964107,0.338930978,0.685534758
TPRKB,392.6250814,0.03127684,0.057357425,0.339033665,0.685534758
WSB2,2922.239242,-0.031952457,0.047420051,0.33881958,0.685534758
ZNF142,951.6067984,0.029935687,0.05683577,0.339168393,0.685534758
PPM1A,1559.076399,-0.032108848,0.054206891,0.339236498,0.685556019
PGAP3,614.6962512,-0.031063959,0.057658665,0.339501359,0.685751669
SPATA20,2371.531034,-0.030747151,0.041743017,0.339473913,0.685751669
WASHC4,4649.471181,-0.031238095,0.047812774,0.339506118,0.685751669
LZIC,831.5788907,-0.031075149,0.058856407,0.339649015,0.685807585
PPP1R11,1205.68219,-0.032344623,0.05250433,0.33960677,0.685807585
CCDC174,613.1282385,-0.025269767,0.062968049,0.339718054,0.685830665
MDN1,1430.387269,0.031793015,0.05557909,0.340024339,0.686216266
TFB1M,304.7447717,0.029634708,0.060060961,0.340014009,0.686216266
PRKAA1,1742.701576,0.032081177,0.048098738,0.340105334,0.686220696
ZHX1,890.9116217,-0.029872983,0.059366634,0.340141816,0.686220696
KANSL2,547.441964,0.030979809,0.057687709,0.340283779,0.686274503
OR2AT4,108.2092773,0.022295429,0.063811595,0.340255271,0.686274503
RUFY3,1079.1553,0.030147664,0.060132185,0.340519924,0.686401913
VNN2,172.9457716,-0.023117263,0.063545193,0.340494028,0.686401913
ZNF527,125.1063664,0.020089247,0.063956467,0.340412182,0.686401913
CCDC40,163.6470284,0.023546902,0.063473527,0.340621786,0.686491004
C11orf24,781.8454426,0.032032364,0.053481954,0.341245081,0.687281795
CCDC47,3358.38547,-0.032057879,0.047753159,0.34120137,0.687281795
DDX49,1075.336695,0.031664075,0.05098032,0.341202853,0.687281795
EBNA1BP2,961.3905141,0.031774623,0.046513984,0.341072258,0.687281795
RBM8A,2943.647975,0.031482358,0.048000629,0.341390718,0.687458812
SP110,2519.221575,0.030099372,0.057043151,0.341598484,0.687644563
TRDMT1,222.1140152,0.022797108,0.063453268,0.341575081,0.687644563
INIP,897.6874385,0.026751747,0.06232688,0.341663561,0.687659289
CCNB2,803.9042632,-0.032055032,0.054400103,0.341986382,0.688192677
DIPK1B,99.19540641,0.02118834,0.064135829,0.342104868,0.688314763
NDUFB9,3288.311268,-0.031908028,0.050248502,0.342672266,0.689339866
MPHOSPH6,497.1606993,0.030187035,0.058688013,0.342763815,0.689388976
MRM2,1197.630669,-0.032395537,0.046896457,0.342870401,0.689388976
SLC19A1,1573.980815,-0.032340101,0.054091331,0.342858789,0.689388976
CDK2,563.2686298,0.028506218,0.060768592,0.343179945,0.68942151
GEMIN8,219.5825574,0.024158407,0.063223255,0.342945344,0.68942151
MDC1,950.5306259,0.030025875,0.059610219,0.343234044,0.68942151
PANK3,3082.964814,-0.030827845,0.057429606,0.343141378,0.68942151
PODXL2,68.61078795,0.017918631,0.064132159,0.343168348,0.68942151
SLC50A1,1084.228446,0.031873166,0.047563285,0.343060637,0.68942151
SLC25A13,1104.036628,0.031658904,0.052064746,0.343363506,0.689565205
KTN1,3621.844531,-0.031526052,0.050388047,0.343891709,0.690276647
RHOA,16991.80671,-0.031261036,0.04402471,0.343850407,0.690276647
SMAD1,290.7315203,0.027348123,0.06160926,0.343794965,0.690276647
AOC1,388.3431283,0.03083536,0.058265608,0.343959184,0.690295699
LEO1,732.6297538,0.032376016,0.053488933,0.344105675,0.690473294
CC2D1A,1527.997692,0.031650523,0.050533228,0.344321714,0.690607754
EXOC3,2210.826538,-0.032003107,0.051424396,0.344336333,0.690607754
TRIM37,419.0571994,0.029599328,0.059471757,0.344346714,0.690607754
HAL,70.8199819,-0.013409199,0.06408537,0.344488949,0.690776644
ACAP1,112.8591387,0.019086002,0.064034361,0.345115227,0.69089949
CELF1,3653.8065,0.029956982,0.057389953,0.345246625,0.69089949
CSNK1D,6202.150687,0.033196929,0.048370553,0.344902748,0.69089949
DENND6B,164.4309396,0.018668392,0.064019308,0.344709636,0.69089949
FBXO34,860.5171081,-0.031037828,0.050155935,0.344867534,0.69089949
HIF1AN,2310.795728,0.030050149,0.044547207,0.345114926,0.69089949
ITPK1,3695.815795,0.034963032,0.042314674,0.344863721,0.69089949
NTPCR,492.0837877,-0.030608644,0.055790367,0.345144921,0.69089949
PAIP1,1862.933668,-0.03132021,0.044175636,0.34512494,0.69089949
TCTN1,371.3687605,-0.028342933,0.060679072,0.344738443,0.69089949
TMEM52B,403.1109075,-0.026190763,0.062696456,0.344688419,0.69089949
TSSC4,883.9080805,0.031781811,0.049602614,0.345222947,0.69089949
SMYD4,570.7898209,-0.028511235,0.058627226,0.345308978,0.690908132
ZNF562,585.9266406,-0.024786316,0.062886266,0.345448367,0.691070881
ZNF460,66.83922324,0.014378507,0.064109284,0.345546891,0.691151837
RAB3GAP2,1744.200808,-0.030970815,0.04335989,0.34565833,0.691258596
CHTOP,1870.09067,0.031401565,0.045559648,0.346398807,0.692560102
FEM1B,2958.647429,-0.03188084,0.051195801,0.346425486,0.692560102
ENTPD4,1552.388316,0.033497129,0.048402001,0.346618157,0.692602222
MMACHC,161.9280788,-0.016548955,0.064077177,0.346610647,0.692602222
RPL5,10211.4884,-0.032474971,0.046824139,0.346679264,0.692602222
SPECC1,1312.132863,-0.032205379,0.04890103,0.346643276,0.692602222
RALGAPA1,700.9529063,-0.031399691,0.053922589,0.347090443,0.693307336
TCTN2,285.9441656,0.025595134,0.062417876,0.34721276,0.693435313
CCDC85C,274.6959959,-0.016651851,0.06402439,0.347798765,0.694426185
SNRPN,2486.92543,-0.029734983,0.040174927,0.347825564,0.694426185
CEP41,250.8573561,-0.024909955,0.062788774,0.3481621,0.694865013
TMX2,1940.137442,0.031244987,0.044990254,0.348120342,0.694865013
CLEC1A,78.2029402,-0.016651854,0.064060555,0.348290358,0.694887504
CRKL,1991.426059,0.031487819,0.047622962,0.348360383,0.694887504
SNRPD2,2057.00896,0.030099114,0.041199172,0.348406847,0.694887504
STIL,490.3649296,-0.029070679,0.059683168,0.348295896,0.694887504
THOC5,1075.453183,-0.031805499,0.055901113,0.348586361,0.695129084
CEP63,687.9815774,-0.031096463,0.055121097,0.348898829,0.695444282
INAFM1,202.3103497,0.02579431,0.062392799,0.348874894,0.695444282
PNPLA3,315.768339,-0.026694988,0.061721792,0.348919672,0.695444282
EPS8,2865.756775,-0.030344892,0.041597987,0.349095505,0.695445446
GAN,329.2849065,-0.020990356,0.063719578,0.349008796,0.695445446
UPF2,1587.585477,-0.031293716,0.04792363,0.349093812,0.695445446
HOMER1,299.6351175,-0.023802229,0.063046027,0.349268678,0.69567402
EEF1AKMT2,324.3347281,-0.026607372,0.060308445,0.349327692,0.69567517
CELSR1,3242.23942,0.031761505,0.052790134,0.349529684,0.695844629
IMPDH2,2069.885156,-0.031314628,0.046483305,0.349498839,0.695844629
ARHGAP26,2121.196957,-0.030227905,0.057412569,0.349596868,0.695862015
C5orf15,1852.815898,-0.031564035,0.049930007,0.349729464,0.696009574
INTS11,1923.323384,0.031099057,0.044722748,0.350018929,0.696015906
NUDT19,420.155695,0.029721467,0.058520381,0.349864539,0.696015906
PER1,801.4997107,0.015031185,0.06403629,0.349974917,0.696015906
PNMA8B,158.2753889,-0.017178361,0.063956186,0.350024967,0.696015906
ZNF575,108.1540952,0.019859327,0.063850597,0.349872952,0.696015906
C16orf54,185.04876,0.025058291,0.06260025,0.350158682,0.696049276
ENAH,100.3354245,-0.019490777,0.063875,0.350152109,0.696049276
ARSK,234.8046641,-0.026643632,0.061592448,0.350418322,0.696058783
INTS6L,553.6578643,0.029272617,0.05945863,0.350514272,0.696058783
R3HDM1,986.1919915,-0.031168482,0.053048055,0.350462523,0.696058783
RPAP2,815.0571071,-0.022571237,0.063341254,0.35031129,0.696058783
TBC1D17,1555.873807,0.031011261,0.053444699,0.350469942,0.696058783
ZNF764,292.4526488,0.025251986,0.062526168,0.350370966,0.696058783
ZNF704,196.9003974,-0.008067507,0.063876918,0.350591262,0.69609556
OGFOD1,1048.918145,0.030034807,0.056271036,0.350669924,0.696135642
KRCC1,861.8826963,-0.030599823,0.056315113,0.350862631,0.696402071
PRRG4,200.4771197,-0.025366202,0.06255784,0.350980884,0.696520658
CARD16,419.8046924,-0.029782859,0.058689473,0.351121196,0.696682973
PPP2R2D,915.5950251,-0.030539722,0.056960026,0.351211761,0.696716023
TRIQK,620.8872178,-0.030809877,0.055186274,0.351254899,0.696716023
DERPC,829.9779971,-0.031155871,0.053625892,0.351351196,0.696790937
LIN54,781.1949248,-0.031141145,0.053807161,0.351538571,0.6968143
MFSD5,1026.109433,0.031345707,0.051366573,0.351499372,0.6968143
ZKSCAN7,63.24012812,0.016925173,0.06402796,0.351528072,0.6968143
KHK,199.07632,0.025831351,0.062081331,0.351825557,0.697198266
SAR1B,1282.065609,0.031780001,0.052669482,0.351849406,0.697198266
CAPZB,8808.246168,0.029790529,0.041597246,0.352143028,0.697217361
CDC7,107.3195223,0.018920026,0.06387898,0.352669242,0.697217361
CLCC1,1052.388501,-0.031464238,0.051145854,0.352851167,0.697217361
CMTM4,194.5508647,-0.02396235,0.062821407,0.352262894,0.697217361
DNASE1L1,1957.718126,-0.029997266,0.042579606,0.352854649,0.697217361
DPH5,347.4249966,-0.028206359,0.060158221,0.352130567,0.697217361
ERAL1,1006.36242,0.030143191,0.057475179,0.352360572,0.697217361
HERC2,4418.826978,0.031671675,0.056036508,0.352568844,0.697217361
LRCH1,1910.292804,-0.030045737,0.043393096,0.352261483,0.697217361
LYSMD4,249.0332453,0.024654832,0.062759975,0.352690796,0.697217361
MRTFB,1533.924332,-0.031038033,0.053765275,0.352621563,0.697217361
SYT15B,99.68367465,0.020463785,0.063708585,0.352578316,0.697217361
TACO1,663.2704907,-0.031371521,0.051135569,0.352409889,0.697217361
TMC8,1397.040235,0.028947006,0.059703138,0.352692068,0.697217361
TMEM87A,1470.124534,-0.03347201,0.051807176,0.35229035,0.697217361
TP53BP2,1087.84793,0.029991567,0.056487092,0.352790501,0.697217361
WDR24,656.8089741,0.029735977,0.057484387,0.352823654,0.697217361
CTCF,2109.610209,-0.030099409,0.043529603,0.353151189,0.69747922
PCBD2,671.8158728,0.030319892,0.056535209,0.35325738,0.69747922
RAB32,4694.096068,-0.029497637,0.05058659,0.353235329,0.69747922
RBMX,3256.92718,-0.027678508,0.035526524,0.353280109,0.69747922
TBL1XR1,2162.839305,-0.020158721,0.063822015,0.353098953,0.69747922
GOLM2,1944.254364,-0.030296624,0.047752034,0.353342175,0.697486088
AARS2,680.7731085,0.031259216,0.053643025,0.3535262,0.697733655
C5,240.0993215,0.026499394,0.061502409,0.353617555,0.697798275
DPM3,531.1182039,0.029758129,0.057317446,0.353752913,0.697949691
GALNT18,91.82463646,0.017267488,0.063986572,0.353914975,0.698153734
VSIG10,342.7967898,-0.02690001,0.061190825,0.353980898,0.698168089
PEX11A,61.59419776,-0.013015813,0.064001157,0.354280888,0.698602789
RAB18,1396.722121,0.031470886,0.055993377,0.354377341,0.698602789
SAAL1,258.0959591,-0.026798341,0.0615492,0.354353076,0.698602789
OTUD1,1410.699791,0.031379888,0.048408388,0.354471069,0.698671867
KDM4A,1744.235298,-0.031349462,0.049146103,0.354535619,0.698683421
KIAA1328,199.6707432,0.026234481,0.061777032,0.354703403,0.698898379
ACTR10,1717.628835,0.030166938,0.055826059,0.355103843,0.699047302
CHCHD3,1358.33795,-0.031152764,0.050090723,0.355028484,0.699047302
L3HYPDH,203.8860133,0.026837388,0.061243925,0.354891349,0.699047302
POMK,634.3704241,0.013282379,0.064028334,0.355075119,0.699047302
RRP36,1024.803622,0.031004616,0.050352101,0.355008692,0.699047302
ZNF844,69.00254015,-0.016301598,0.063979632,0.355131296,0.699047302
CCDC137,1010.049146,0.03521327,0.056135641,0.355291967,0.699107024
PDSS2,432.2986794,0.026887412,0.060707903,0.355337064,0.699107024
VIPAS39,875.4741456,-0.03122667,0.051644537,0.355337808,0.699107024
CFDP1,853.4088717,-0.03547805,0.05522276,0.355559565,0.699223267
CPT2,1503.752991,-0.031129443,0.050890858,0.355680233,0.699223267
DOLPP1,329.4497538,0.02882517,0.05921063,0.355616727,0.699223267
GADD45GIP1,887.8720668,0.030626311,0.052952698,0.355690559,0.699223267
HDAC3,2314.508545,0.029453654,0.04619024,0.355629257,0.699223267
CDKN3,230.7978785,-0.024769012,0.062319175,0.35591076,0.699288849
PHLDA3,3796.945336,-0.028748389,0.038928366,0.355892077,0.699288849
TBCA,2006.399251,-0.027796622,0.060359237,0.355958877,0.699288849
ZFPM1,238.4071664,0.019713498,0.063750157,0.355889684,0.699288849
TMED1,1201.655842,-0.031608875,0.047312688,0.356064005,0.699317497
ZNF275,256.0153149,0.025686066,0.062007679,0.356090942,0.699317497
CH25H,615.6044938,0.024548399,0.062451369,0.356191222,0.69939906
B4GALT4,446.6636788,0.029008304,0.057456068,0.356540179,0.699865313
LRRC8C,2414.40033,-0.029501979,0.041079498,0.356546251,0.699865313
PARP16,212.0317108,-0.023154919,0.063314451,0.356665335,0.699868273
TMEM268,969.0497288,0.030809189,0.047178202,0.356643193,0.699868273
GPR183,728.299483,-0.030096928,0.060804115,0.356724389,0.699868795
ANKRD39,250.0822343,0.027625688,0.060324602,0.35743835,0.700143895
BDH1,434.3649153,0.026619474,0.06120724,0.357511528,0.700143895
EMP1,7855.222517,0.032440732,0.052509772,0.357227092,0.700143895
KAZN,304.8406296,-0.025538187,0.061897495,0.357257031,0.700143895
KEAP1,2310.670156,0.028704008,0.038645673,0.357457566,0.700143895
MFSD8,596.8784194,0.028627826,0.057643889,0.357278849,0.700143895
PBRM1,3778.378319,-0.028720626,0.039059268,0.357508073,0.700143895
PEMT,288.2426816,-0.028310138,0.059461853,0.357418955,0.700143895
RPS6KB2,1918.974307,-0.031215597,0.04588949,0.357384582,0.700143895
VPS72,837.6876242,0.03047224,0.054877615,0.357094057,0.700143895
WASHC2A,2179.458641,-0.030766762,0.049019526,0.357317576,0.700143895
RIDA,211.244723,-0.02473275,0.06245146,0.357778414,0.700453544
TCHH,160.0314072,-0.02563761,0.061896162,0.357787316,0.700453544
ATP6V0E1,5514.050669,0.029193335,0.042010243,0.358472258,0.700754675
C15orf39,822.3037371,0.028275932,0.058167721,0.358329864,0.700754675
CRADD,160.0483906,-0.021782592,0.063261492,0.358628562,0.700754675
DCAF5,2291.360029,-0.030604834,0.047295866,0.358832309,0.700754675
DUSP10,876.6773868,0.030697318,0.05174748,0.358327668,0.700754675
IL1RAP,770.0539468,0.02943144,0.05758067,0.358655928,0.700754675
KDM5B,1162.73419,-0.030769173,0.047974968,0.358863687,0.700754675
LEPROTL1,1473.484822,-0.03093104,0.053337626,0.358109589,0.700754675
NIPSNAP2,1800.692836,-0.030795854,0.050856458,0.358882928,0.700754675
NOTCH2NLC,374.0959839,0.025668933,0.061621396,0.35858057,0.700754675
PCDH18,61.01974958,-0.013759605,0.063786539,0.358571894,0.700754675
RARG,76.21977246,-0.016451462,0.063890189,0.358796447,0.700754675
SGO2,391.3102105,-0.028616064,0.059667689,0.358632589,0.700754675
TRIM58,86.07074705,-0.017899874,0.063872834,0.358870596,0.700754675
YBX3,3385.152612,0.029191494,0.040466878,0.358282161,0.700754675
ZNF354B,197.5752779,0.025130974,0.062106491,0.358366744,0.700754675
ACCS,193.655708,0.021300701,0.063412552,0.359571071,0.700801183
ADO,2159.408825,0.029758898,0.042468579,0.359203666,0.700801183
ARMC6,910.948479,0.027841153,0.058502924,0.359097573,0.700801183
C1S,193.453113,0.022445867,0.063101538,0.35938151,0.700801183
CREBBP,3844.990892,0.019849468,0.063592876,0.3592778,0.700801183
ERF,2615.830577,0.032613471,0.052087462,0.35953979,0.700801183
KNSTRN,626.030084,-0.02994689,0.055709246,0.359491958,0.700801183
MACC1,382.8309698,0.022552624,0.06283066,0.358995416,0.700801183
SIAH2,655.7436356,0.025735938,0.061808858,0.359672006,0.700801183
SLC4A1AP,1503.991673,-0.028329167,0.042667973,0.359441623,0.700801183
SPDYE16,204.5605414,0.022917856,0.063047613,0.359630261,0.700801183
STK4,3200.572991,0.027249057,0.034555535,0.359578638,0.700801183
TMEM209,354.1471748,0.027888697,0.059908432,0.359428355,0.700801183
HTATIP2,1045.413835,0.030205499,0.053611765,0.359822771,0.700980215
C1orf35,754.040042,0.030784459,0.053463433,0.360054346,0.701263001
CDC73,1907.12508,-0.031041077,0.050195368,0.360085739,0.701263001
ZNF823,119.1116789,-0.019342863,0.063692027,0.360263574,0.701494578
CNOT11,1126.571652,-0.031275635,0.048251542,0.360429374,0.701636979
NUP85,1234.091507,0.030215689,0.050861678,0.360454579,0.701636979
PRKAR1B,363.7410105,0.024312127,0.062271908,0.360598526,0.701802428
ANKRD18A,87.93709818,0.01713724,0.06365685,0.361003536,0.702193948
MED1,2015.640736,0.029877163,0.042987576,0.360943361,0.702193948
POLL,820.6096614,0.030057129,0.055384153,0.361035628,0.702193948
SCAMP2,5880.503454,-0.028310436,0.040452631,0.361016753,0.702193948
DCAF17,314.7053604,0.027401706,0.060221236,0.361171574,0.702343611
ACSL4,5330.755376,-0.028443735,0.048728274,0.361273032,0.702426172
CASTOR2,377.2797055,-0.024306804,0.062932162,0.361692538,0.702489074
CRIP1,842.2623504,0.030410453,0.049982408,0.36156302,0.702489074
GOLGA8N,273.1238626,-0.017219637,0.063746164,0.362185981,0.702489074
IGSF8,577.8674836,0.0288428,0.058798559,0.361449963,0.702489074
KLF11,568.8987698,0.029865757,0.053003375,0.361833137,0.702489074
MGAT1,18294.70537,-0.035233365,0.052747189,0.361691943,0.702489074
MROH7,293.2192138,-0.027020303,0.060268685,0.362102298,0.702489074
MTMR6,1547.599348,-0.030549937,0.050965344,0.361947198,0.702489074
POLR2J,1541.901363,0.030638189,0.04943034,0.361599477,0.702489074
RBM7,635.963048,-0.028620501,0.059461091,0.362131789,0.702489074
RPL35,8294.120651,0.029416985,0.044719509,0.361962945,0.702489074
SYNRG,2003.933428,-0.029328085,0.042882723,0.362190503,0.702489074
TPM4,11859.76536,0.032080863,0.049798902,0.362046708,0.702489074
TSPAN17,1617.093695,0.030308029,0.041389756,0.36173603,0.702489074
YOD1,457.8528767,-0.029844566,0.055704658,0.362175613,0.702489074
ACO1,2152.820929,0.032328893,0.052783384,0.364172944,0.702698349
AP1M1,2112.242241,0.028252316,0.05334172,0.364209739,0.702698349
ARMC2,64.49569424,-0.014816285,0.063888404,0.363539792,0.702698349
ATL2,784.8295018,0.030316917,0.054080315,0.362828232,0.702698349
ATP5MK,1790.31581,0.029335011,0.055488221,0.362536992,0.702698349
ATP9B,1699.720493,-0.028859163,0.059059061,0.36454137,0.702698349
CENPL,272.5724803,-0.024981491,0.061683313,0.364501919,0.702698349
COPRS,1154.803605,-0.030091266,0.045764482,0.364501592,0.702698349
CYP2S1,1060.726153,-0.030522782,0.051099946,0.363186851,0.702698349
DLGAP4,1410.665433,0.030435418,0.053238091,0.362815459,0.702698349
EXOC6B,438.3231559,-0.029013479,0.057571278,0.363985504,0.702698349
GIPC3,163.7349174,0.02117087,0.063421151,0.363222594,0.702698349
GOLGA1,768.3805583,0.036616164,0.055110396,0.364142624,0.702698349
GSR,3000.669521,0.028425244,0.046386417,0.364291452,0.702698349
IL15,121.4860381,0.01929573,0.063600654,0.364084545,0.702698349
KCTD1,130.5502366,0.019776331,0.063715027,0.363766407,0.702698349
LDHD,73.46758837,-0.016107387,0.063890921,0.362953354,0.702698349
LIMS1,8676.153317,-0.028589762,0.040619306,0.364282778,0.702698349
MICOS10-NBL1,125.4611362,0.01772147,0.063713395,0.363002839,0.702698349
MKNK1,3616.113398,0.029488385,0.042372206,0.364012025,0.702698349
MSN,26511.62424,0.030683034,0.04457031,0.364449469,0.702698349
PAPSS1,6532.633777,0.028684177,0.04473798,0.363359493,0.702698349
PITPNM3,343.818376,-0.017971021,0.063760896,0.363219175,0.702698349
PRDX6,3249.41811,-0.030210545,0.04958429,0.363932125,0.702698349
PSMB7,3184.183005,0.028835077,0.039107921,0.362637841,0.702698349
PXMP2,215.1626834,0.027320464,0.060065258,0.363544175,0.702698349
QPCTL,346.4539817,0.026518006,0.060884452,0.36301011,0.702698349
RCE1,601.8386452,0.026924281,0.057409577,0.362885083,0.702698349
SMARCC1,2696.141943,-0.031035661,0.04785909,0.362734328,0.702698349
TNPO2,2051.176872,0.029868106,0.053832663,0.363228297,0.702698349
TPCN1,2318.960228,-0.030361555,0.052988075,0.364098528,0.702698349
TRIM2,93.06076248,0.017507811,0.063787374,0.363559582,0.702698349
UBE2Q2,1108.48328,-0.030568871,0.056302755,0.363841771,0.702698349
UBR2,1786.946977,-0.029857728,0.043760234,0.36325179,0.702698349
VCF2,100.3996362,-0.019947575,0.06350231,0.363449762,0.702698349
VMP1,3739.390843,-0.031060727,0.056188297,0.363099935,0.702698349
YPEL4,228.4501139,0.025996639,0.061174676,0.364324311,0.702698349
ZNF528,157.3605698,-0.01719798,0.063733701,0.364338895,0.702698349
NPM3,503.9519919,0.029631081,0.053312727,0.364617451,0.702728231
SUV39H1,559.3521426,0.027039144,0.060295227,0.364674928,0.702728231
TRMT61B,215.6819715,0.026495387,0.060914479,0.364837751,0.702928213
MED21,412.6251447,-0.027831265,0.060808873,0.364984,0.702979571
STEEP1,581.306473,-0.025972676,0.061026612,0.365026639,0.702979571
TMEM38B,1037.753777,0.028618402,0.058537674,0.365041555,0.702979571
IRGQ,823.9132712,0.030271195,0.048390456,0.365253043,0.703273083
NAA25,1075.657691,0.029949189,0.052644861,0.365613055,0.70385243
LRRC14,940.5040066,0.031180566,0.053993426,0.365778092,0.703939694
MATCAP1,438.3492071,0.028134735,0.059071793,0.365835774,0.703939694
SLC7A2,158.259439,-0.024194685,0.062118708,0.365807958,0.703939694
NUSAP1,949.90671,-0.029991333,0.053226086,0.366104364,0.704042113
SPCS2,2354.016236,-0.030670246,0.055972719,0.365955492,0.704042113
ZBTB25,351.9115183,-0.032838306,0.058231687,0.366125554,0.704042113
ZNF217,1533.738806,-0.028631577,0.043501809,0.366105971,0.704042113
MEN1,1030.649759,-0.030203273,0.04780912,0.366361274,0.704092188
POLR3D,705.6841492,-0.029661369,0.054490033,0.366388165,0.704092188
PPP2R3B,340.2453508,0.025143588,0.061641368,0.36631607,0.704092188
SNX19,2461.464251,0.027118084,0.040463633,0.366255155,0.704092188
CNST,617.034738,-0.027935255,0.059138001,0.366736985,0.704113269
CXorf38,1248.743901,0.030506696,0.052596816,0.366706945,0.704113269
KLF16,2013.061426,-0.029755064,0.043646339,0.366791464,0.704113269
MEIKIN,77.4335002,-0.017811433,0.063711469,0.366706104,0.704113269
NSUN4,732.6012443,0.026812635,0.05983305,0.366813145,0.704113269
PSEN2,1607.601769,-0.02976138,0.044675162,0.366559746,0.704113269
TBC1D8B,220.9436297,-0.023069233,0.062549944,0.366812443,0.704113269
AKT1,4676.648636,0.02902338,0.040655022,0.366875713,0.70411984
CD2BP2,2115.289908,0.03019245,0.049817898,0.36750694,0.704206232
COX7A2L,2164.550563,-0.027776345,0.058986864,0.367720834,0.704206232
DNTTIP2,1343.790758,-0.029824371,0.055531899,0.367808009,0.704206232
FASTKD3,171.1069906,0.025618164,0.061260669,0.367698749,0.704206232
GFM1,1884.158309,-0.029019813,0.042603899,0.36769533,0.704206232
HEBP1,1434.399582,-0.035890858,0.053576142,0.367218808,0.704206232
NOD2,437.7119657,0.021032097,0.063183534,0.367374249,0.704206232
SLC43A1,160.2403613,-0.018228886,0.062977411,0.367732925,0.704206232
TPP2,1795.458566,-0.028272044,0.057038392,0.367558448,0.704206232
TRAF3IP1,490.3427377,-0.024619887,0.061718549,0.367601358,0.704206232
TUT1,657.031503,0.029063016,0.056905014,0.367260924,0.704206232
UTP6,2014.762184,-0.029038934,0.055556462,0.367661769,0.704206232
WASH9P,255.2548773,0.026589219,0.060451306,0.367764111,0.704206232
ZFTRAF1,1834.000638,-0.026966916,0.050056235,0.367763346,0.704206232
ZNF639,394.248293,0.027271436,0.059537575,0.367802129,0.704206232
CCDC71,685.3242943,0.029695385,0.04924499,0.368074205,0.704602575
COX18,658.0257451,-0.029439293,0.054814499,0.368173787,0.704679892
NCOR2,13178.36854,0.027362545,0.059584604,0.368254621,0.704721309
APIP,1685.571701,-0.029888301,0.048968569,0.368448393,0.704978804
CFAP36,544.9579811,-0.029922379,0.054428055,0.368565938,0.704992133
HSBP1,1817.360109,0.029311261,0.043005472,0.368692232,0.704992133
NACC2,1211.745953,-0.030236154,0.050266216,0.368586811,0.704992133
PKN3,145.2764275,0.023514394,0.062333459,0.368687643,0.704992133
SIGIRR,295.0814237,-0.026347993,0.060500967,0.368821312,0.705023805
ZDHHC21,832.207466,0.026606107,0.058445578,0.368827237,0.705023805
SLCO3A1,718.3772606,0.030133957,0.053512574,0.368952269,0.705149584
CHRFAM7A,62.95789839,0.013665398,0.063885484,0.369052974,0.705228836
AFG1L,213.4900138,-0.023258063,0.062374777,0.3696176,0.705275231
CIAO2A,2010.747737,-0.028279835,0.059557994,0.369320562,0.705275231
CPNE1,1887.074376,0.030109138,0.046251627,0.369318168,0.705275231
CREB1,1449.277438,0.034364742,0.053398997,0.369496104,0.705275231
HBS1L,991.5371865,0.030119935,0.049932057,0.369490083,0.705275231
HCN3,164.8686212,0.021917148,0.062923036,0.369788156,0.705275231
JMJD1C,1976.685482,-0.027500493,0.058764128,0.36959513,0.705275231
MSC,182.9293124,0.015627445,0.063818289,0.369353569,0.705275231
NCBP3,1400.345692,0.029907584,0.055974487,0.369228201,0.705275231
RHPN1,475.2957442,0.022320631,0.062464669,0.369703091,0.705275231
TSPYL5,285.1484543,0.026657716,0.060598748,0.369470998,0.705275231
ZNF71,328.044518,0.028702562,0.057749235,0.369760017,0.705275231
STAB1,21570.576,0.029422972,0.0554819,0.36985485,0.705289442
PDCD6IP,5400.066455,-0.029070714,0.044539934,0.370139827,0.705719833
ZNF792,118.7765419,-0.021196904,0.063311228,0.370380006,0.706064688
EIF3A,12403.97411,-0.026082655,0.034464814,0.370583254,0.706251352
TEKTIP1,534.4653512,0.028794585,0.057526927,0.370596572,0.706251352
MFSD9,410.633806,-0.022950749,0.062827636,0.37071334,0.706360805
SLC35D1,517.5059179,-0.02923375,0.055433008,0.370996737,0.706787671
GCAT,78.14960125,0.0171721,0.063692528,0.37105652,0.706788459
LSG1,1254.986061,0.030327697,0.050333439,0.371138128,0.706830813
AHR,2776.05938,-0.030492215,0.046523939,0.371218194,0.706870217
LSM14B,998.5939311,-0.030093558,0.048937453,0.371458056,0.707213843
FAS,545.6367445,-0.026109308,0.05936809,0.371568887,0.707311736
CCR1,4691.18836,0.030016514,0.048643076,0.371757648,0.707536275
NME2,7710.923165,0.028785225,0.040661199,0.371865138,0.707536275
WDR5B,221.1081627,-0.026502107,0.060020912,0.371856864,0.707536275
RMI2,311.9701908,0.026919736,0.059680255,0.372128168,0.707877199
TDRD7,1069.411404,0.033393985,0.057089459,0.372163241,0.707877199
CD22,507.8235332,-0.02486931,0.061352624,0.372697462,0.708025981
CROCCP3,63.84112374,0.015865835,0.063800061,0.372613326,0.708025981
FAM199X,1424.15017,-0.029443696,0.054624304,0.372556128,0.708025981
FSD1L,245.8889349,0.024273724,0.061746431,0.37277672,0.708025981
GJD3,485.6735471,0.028060129,0.058448085,0.37245765,0.708025981
INAFM2,3444.889682,-0.029739859,0.045659282,0.372681244,0.708025981
MAGI3,93.85751262,-0.017317447,0.063644839,0.372600143,0.708025981
THUMPD3,902.4101033,-0.025404917,0.060671956,0.37256128,0.708025981
TOR1A,2214.008727,0.028690013,0.041171517,0.37275749,0.708025981
CMTM1,172.1060795,0.021651108,0.062950632,0.373174456,0.708437955
MOSPD1,773.1072985,-0.029610556,0.052962614,0.373268406,0.708437955
STEAP3,2161.793249,0.027313463,0.05906664,0.373286902,0.708437955
UGGT2,532.657291,-0.027408885,0.059139979,0.373291163,0.708437955
VMAC,218.6439388,0.026279967,0.060473273,0.373123729,0.708437955
ABCD4,2264.648048,-0.027091203,0.03747905,0.373467403,0.708447994
HAUS6,601.2506616,0.02871017,0.056552188,0.373474978,0.708447994
LTBR,3135.676243,0.029866266,0.046716718,0.373447098,0.708447994
VBP1,815.0564346,-0.027601894,0.058430265,0.373619014,0.708608311
FIP1L1,1265.778698,-0.029850205,0.050050216,0.373730195,0.708706272
NPIPA9,286.3933653,0.02093108,0.063105896,0.374072441,0.709154047
TIMM17B,979.2710576,0.029561499,0.050999058,0.374085461,0.709154047
CFAP68,171.8743789,-0.017366925,0.063450819,0.37450842,0.709301885
COG5,997.2975277,0.025750214,0.060916335,0.374490804,0.709301885
LETM2,72.41548149,-0.016937274,0.063594827,0.374413802,0.709301885
OSGEP,1097.685402,-0.030077817,0.048155758,0.374614082,0.709301885
POLR2M,1163.064933,-0.028212737,0.05829068,0.374600689,0.709301885
PSMA1,3112.73174,0.028868256,0.050616859,0.374640088,0.709301885
SLC12A2,506.2969276,-0.025793053,0.060512766,0.374352611,0.709301885
TPX2,2432.556593,0.029576723,0.042487106,0.374491466,0.709301885
COIL,471.6749761,-0.029434382,0.053705029,0.374920073,0.709580485
FCGR3B,114.157532,0.019409692,0.063329879,0.375028397,0.709580485
GPC6,92.31310062,-0.016742762,0.063648366,0.375085257,0.709580485
ITGB1P1,67.27488557,-0.003060727,0.063745243,0.37497632,0.709580485
LAMC1,2688.329615,-0.027528476,0.055406751,0.374921676,0.709580485
SLC9A1,3617.883812,-0.03000005,0.051181446,0.375624764,0.710417073
STX12,2139.813192,-0.029607172,0.047956273,0.375706501,0.710417073
WNT2B,185.1941252,-0.023333693,0.062045776,0.37569515,0.710417073
ANP32B,5986.143609,-0.030580082,0.051715829,0.376192006,0.710836898
BLM,314.1065562,0.024362973,0.06149249,0.376394323,0.710836898
BTBD3,685.3735192,0.021156749,0.059510483,0.376680309,0.710836898
CFAP184,73.2860948,0.016837031,0.063676207,0.376592347,0.710836898
FAM120A,5297.64289,-0.025632983,0.034611829,0.376509421,0.710836898
FRMD6,182.695826,0.021893323,0.062699331,0.376026837,0.710836898
GPN2,902.0209954,-0.026138253,0.060043914,0.376787942,0.710836898
GSTO1,6266.216063,0.030489887,0.042680819,0.376867981,0.710836898
MIPEP,517.4603857,-0.029110686,0.054624352,0.376677184,0.710836898
NDUFAF7,356.7340836,-0.026448659,0.059063018,0.376178611,0.710836898
OAS1,7381.926717,0.029858922,0.055710993,0.376883872,0.710836898
RIOX1,572.526749,-0.02870957,0.055997626,0.376810165,0.710836898
SLC25A44,1138.072481,-0.028862477,0.053262975,0.376546587,0.710836898
ST3GAL2,1942.916844,0.029596988,0.053691786,0.376592603,0.710836898
TMEM123,6416.076997,-0.029755069,0.049985597,0.376857458,0.710836898
YWHAB,7895.292023,-0.028349691,0.044722355,0.376610922,0.710836898
THOC2,1773.412245,-0.029373538,0.052389835,0.377017242,0.710975806
SEPTIN9,8870.316853,-0.028852863,0.044434926,0.377214276,0.71118699
SURF6,1297.630156,0.029420351,0.046454787,0.377248706,0.71118699
COCH,77.69819182,0.018773635,0.063473945,0.377561451,0.711663881
CORO1B,8550.546518,-0.029970508,0.043645987,0.37775409,0.711698972
EIF2AK1,3481.773868,-0.029114322,0.044961252,0.377720889,0.711698972
GNG12,1646.806723,-0.028171457,0.049304536,0.377759784,0.711698972
SLC4A7,1988.964196,0.029337245,0.052100701,0.377819194,0.711698972
CBS,3405.585871,0.02686573,0.047908709,0.377904574,0.711747185
C1orf198,458.6988719,0.027462714,0.05539937,0.378048854,0.711793706
NFKBIZ,831.6274917,0.02468458,0.060560738,0.377996407,0.711793706
CLN3,3028.90809,0.030493927,0.048886771,0.378352101,0.712179327
DSTN,1995.783805,-0.029799833,0.05017869,0.378373309,0.712179327
OTUD6B,473.968865,0.026737542,0.057444314,0.378478841,0.712265349
NBN,1804.560486,0.030125486,0.052633605,0.378901906,0.71294882
ACSL1,7242.840738,0.031199041,0.043294433,0.379130092,0.713040995
RPLP0,22698.08555,-0.02922421,0.039866415,0.379182349,0.713040995
SLC16A7,288.8671706,-0.026023252,0.060155425,0.379028952,0.713040995
SLU7,1833.910732,0.028479945,0.056017638,0.37919047,0.713040995
FRYL,1466.640634,0.029031704,0.053465394,0.379552549,0.713609143
LRP12,793.0223261,0.027807657,0.05736941,0.379754034,0.713770006
SLC4A8,715.2017451,0.026045268,0.059795946,0.379758019,0.713770006
EPHA1,239.5578269,0.025541902,0.06015505,0.379859558,0.713818543
TMEM160,433.4290441,0.028607797,0.056562714,0.379903762,0.713818543
BANF1,2999.291311,0.027589361,0.039336414,0.380030491,0.713837228
MARCO,5414.360861,-0.024733276,0.057900207,0.380085517,0.713837228
PTPRS,126.5858278,0.016999003,0.06358612,0.38009359,0.713837228
CYB5D2,508.529959,-0.028590069,0.055708665,0.380281627,0.713984504
JPT1,1784.723725,0.029294207,0.052055977,0.380291956,0.713984504
GGPS1,576.0914273,-0.02803563,0.058038657,0.380410722,0.714094867
SSRP1,3161.570472,0.02727279,0.037946632,0.380768667,0.714654105
CD99,5386.355173,-0.028774928,0.045535287,0.381172199,0.714965253
CENPV,113.9929741,-0.019948067,0.063027825,0.381163126,0.714965253
CMC2,671.7559618,0.028891033,0.054486134,0.381595062,0.714965253
ERGIC2,1014.378089,-0.028849778,0.053692552,0.381568983,0.714965253
ERH,2864.761653,0.029005529,0.053341426,0.381261805,0.714965253
IFT80,333.4006153,-0.020565236,0.062904549,0.381395878,0.714965253
MTMR12,1156.277208,-0.029252518,0.04850695,0.381560022,0.714965253
REXO4,1097.960961,0.029952812,0.045421953,0.381560813,0.714965253
RNF38,1219.299599,-0.026372423,0.059406852,0.38158654,0.714965253
SLC16A6,151.0700986,0.017781782,0.063449916,0.381324845,0.714965253
USF1,2367.777551,0.027495529,0.03912421,0.381117284,0.714965253
AMDHD2,2346.636952,-0.02868713,0.055124266,0.381718995,0.714972409
SCAI,164.6384733,-0.012864984,0.063749095,0.381701579,0.714972409
ATXN3,740.915496,-0.029008073,0.054105376,0.381806779,0.715004739
ZNF264,550.9697716,-0.023650619,0.061549349,0.381856374,0.715004739
GUSBP14,87.28387767,0.015997993,0.063722344,0.382203589,0.715542338
NUDT17,149.3972632,0.023254868,0.0617957,0.382575337,0.715777409
PPP1R13L,118.7323306,0.013476361,0.06376365,0.382536578,0.715777409
RRP7A,1844.78972,-0.029207543,0.048536826,0.382629772,0.715777409
SCD,17836.32577,0.026993506,0.058525858,0.382466236,0.715777409
ZNF880,97.30535797,0.017192654,0.063486085,0.382567662,0.715777409
CEBPZOS,751.9541001,-0.025140429,0.06030813,0.382983742,0.715813761
PSMB2,3202.585,-0.028946889,0.051511993,0.38275074,0.715813761
SPG11,2459.450909,0.029463805,0.051444854,0.383009967,0.715813761
TAF9B,173.5735165,-0.019408451,0.063083678,0.38300785,0.715813761
TRAPPC5,1489.630486,-0.029118486,0.050344122,0.382916449,0.715813761
ZNF548,213.0706445,0.015034114,0.063466131,0.38280303,0.715813761
ANKRD36,613.3388158,0.028644824,0.055153737,0.383212119,0.716079152
SLC2A4RG,843.1608837,0.023595599,0.061529459,0.383460874,0.71643153
IGF2BP2,1589.947355,-0.029333221,0.052601915,0.383601936,0.716582621
SRP68,2240.532161,-0.029162542,0.045977626,0.383784053,0.716810346
CASK,584.404103,-0.028473226,0.054608175,0.383937385,0.716899446
COX15,1247.443208,-0.029060904,0.050964408,0.384012412,0.716899446
ZNG1C,526.4429636,0.027350204,0.057795874,0.383992197,0.716899446
FBXO9,1336.27353,0.029617408,0.052951294,0.384122639,0.716992791
FLRT2,1445.090593,0.026862126,0.058906742,0.384344061,0.717245626
RPUSD1,994.8459775,0.028124932,0.05603642,0.384429035,0.717245626
WDR13,2590.359823,0.028903905,0.045959264,0.384499083,0.717245626
YBX1,35995.56664,-0.026345046,0.036416693,0.384456148,0.717245626
MTBP,125.5023006,0.016295386,0.063539196,0.384854748,0.717796613
NAA10,1436.696338,0.030164022,0.046706895,0.384921635,0.717808908
MYO7A,1806.971132,0.028506214,0.054693045,0.385058183,0.717951084
ZNF638,2472.065992,0.029057424,0.049386487,0.385312035,0.718311898
FCGR1BP,295.0906442,-0.02495223,0.060313419,0.385425445,0.718410823
DSP,117.5669913,0.014373368,0.063685539,0.385931791,0.718913105
GATB,907.2871501,-0.028718444,0.052699349,0.385888155,0.718913105
SPACA9,62.18851895,-0.01239735,0.06372809,0.385936468,0.718913105
TMEM220,84.7891196,0.016820926,0.063442509,0.385922542,0.718913105
CRTC2,1696.269581,0.031081143,0.049345984,0.386090513,0.71908754
HMGB2,2108.660936,0.028556289,0.044195022,0.386231117,0.719124405
TRRAP,3144.464808,-0.029024229,0.049506597,0.386170895,0.719124405
EFEMP2,96.12516122,0.014252643,0.063658989,0.386740959,0.719910622
SPR,1411.254726,0.028737126,0.052057613,0.386774325,0.719910622
UQCC6,226.0372365,-0.025558487,0.059697522,0.387088862,0.720270851
ZNF444,660.7285708,0.027577943,0.05700425,0.387056012,0.720270851
AHRR,154.0884693,0.015213802,0.063596796,0.387587146,0.720594632
ARL5B,575.9313669,-0.0275117,0.055381654,0.387956578,0.720594632
BST1,137.6132652,-0.020154076,0.062714226,0.38805481,0.720594632
CISH,1315.274423,-0.028901101,0.050556325,0.388000743,0.720594632
ERO1A,2139.987926,0.029109449,0.046414236,0.387582785,0.720594632
FAM193A,1276.648503,-0.028793789,0.04784883,0.387772601,0.720594632
FXR2,1353.166639,0.029450774,0.052380348,0.388087564,0.720594632
KIFC2,963.228911,0.025464372,0.057709545,0.387795924,0.720594632
KRBOX5,452.8916568,-0.023469969,0.06040335,0.388110272,0.720594632
METTL14,640.6674869,-0.024705441,0.060336707,0.387910738,0.720594632
MRPL51,1583.763636,-0.029992212,0.049341879,0.387885295,0.720594632
NADK,6076.4389,0.028439297,0.046108446,0.387406365,0.720594632
PHB1,3226.330129,0.028298357,0.045654318,0.38770564,0.720594632
ZNFX1,3800.669277,0.029197549,0.052915305,0.387402266,0.720594632
NUS1,2748.961418,-0.029070433,0.047188548,0.388289774,0.720703112
TEX10,623.6176207,-0.028845189,0.050044124,0.388231764,0.720703112
KIF1C,4673.722432,0.030198426,0.044915208,0.388363373,0.720727351
ZBTB48,1055.714627,0.024197928,0.060928658,0.388435929,0.720749647
COQ7,538.4312289,-0.028521755,0.05302465,0.388624656,0.720899949
PPP1R26,927.1630081,0.028692942,0.04826203,0.38863804,0.720899949
ATP5MC3,4763.251008,-0.025978877,0.04841291,0.388877886,0.72123247
ITIH4,112.4328714,0.01657255,0.063462193,0.388947189,0.721248643
FAM221A,117.0798529,0.018315827,0.063190623,0.38914781,0.721297523
PCSK4,67.62756243,-0.014550123,0.063616176,0.389151908,0.721297523
TMEM175,1107.647247,-0.02741759,0.05690052,0.389155312,0.721297523
C20orf96,255.0550003,0.024962857,0.060216274,0.389799464,0.721483899
GFPT1,2351.229618,0.029201753,0.048030892,0.389479811,0.721483899
MCPH1,632.3451714,0.023928405,0.058313771,0.389480609,0.721483899
MRPS5,1719.072769,0.028081454,0.042553879,0.389467315,0.721483899
OPRD1,62.46140344,0.016538856,0.063460336,0.389666869,0.721483899
PES1,1999.397669,0.028383629,0.043979336,0.389816886,0.721483899
PIBF1,196.1052477,0.019259783,0.062890161,0.389766835,0.721483899
SNF8,1615.350521,0.028846485,0.04725557,0.389712744,0.721483899
TICRR,253.3549786,0.024836459,0.060908583,0.3898619,0.721483899
TIMM17A,1798.761417,0.029198662,0.048820104,0.389654886,0.721483899
PRCC,2083.589992,0.028238088,0.042840269,0.390027786,0.721678705
CTNNB1,10545.82568,0.031015687,0.044616627,0.390445387,0.722200392
MED20,269.2840639,0.025828824,0.05917754,0.39049172,0.722200392
NDUFC2,2284.292862,0.028679286,0.052792385,0.390409344,0.722200392
RPL21,6933.88161,-0.027977206,0.054803232,0.390776207,0.722614282
COX5B,2307.075893,-0.028995024,0.050508458,0.39156391,0.723958432
GOLGA2,2487.113934,0.028754541,0.048569099,0.391880862,0.724300488
SPATA2,392.8085258,-0.026219835,0.058282453,0.391887009,0.724300488
SS18,1764.998415,0.028137009,0.044196002,0.391931436,0.724300488
ABRACL,1316.457509,-0.02728306,0.056172673,0.393192101,0.724694121
ANO6,2611.222191,-0.027459884,0.042277532,0.393178579,0.724694121
DNAJC21,1197.239761,0.028717381,0.050615651,0.393039932,0.724694121
F2R,76.10286041,-0.015151942,0.063513723,0.392877174,0.724694121
GLMN,188.2553558,-0.024169511,0.063530135,0.392798179,0.724694121
GPATCH8,2193.568179,0.02859897,0.045903299,0.39298989,0.724694121
MTDH,6747.096049,-0.027052962,0.046007156,0.39291982,0.724694121
NUP155,712.4911796,-0.028066333,0.053401833,0.393110299,0.724694121
PARP14,10641.33723,0.028140417,0.05399309,0.392654579,0.724694121
PINLYP,119.6112994,0.020919954,0.062639382,0.393038066,0.724694121
POLR2J2-UPK3BL1,376.6924404,-0.019482201,0.062432125,0.392867471,0.724694121
PRR14,1027.236705,0.027432026,0.056266692,0.392364098,0.724694121
SLC25A26,639.5933384,-0.028318811,0.052337799,0.393077262,0.724694121
THUMPD1,1136.45695,-0.028235017,0.051321142,0.393239534,0.724694121
TNFAIP8L2,1307.20771,-0.026762361,0.043695114,0.393240153,0.724694121
UBR3,1548.741012,-0.02874544,0.049569212,0.392931823,0.724694121
YME1L1,4008.890666,-0.028171553,0.044744487,0.392442251,0.724694121
ZNF227,336.5785636,0.024723065,0.059862253,0.392652978,0.724694121
NUTM2A,100.1699229,0.016594298,0.063392178,0.393328987,0.724745641
CERT1,4826.653411,-0.028768539,0.049357281,0.393406581,0.724776438
TMEM208,857.0207206,0.028828565,0.049952258,0.393619766,0.725056988
CFAP119,151.8674485,0.020823733,0.062355677,0.3939466,0.725546762
MAPKAPK5,1432.58105,0.028428796,0.049306158,0.394141341,0.725793142
ATP2A2,8295.260422,0.025149936,0.034750207,0.394408876,0.725836709
JRK,810.4273491,-0.028628845,0.058216163,0.394243334,0.725836709
SLC10A3,838.1174379,-0.028399977,0.053608524,0.394393659,0.725836709
VMA21,692.338791,-0.026986636,0.05538991,0.394328754,0.725836709
INTU,402.4517923,0.021423815,0.062174765,0.394477968,0.725851654
GTF2H4,555.8365849,0.025525357,0.056203765,0.394773051,0.72594581
TNFRSF14,4815.817291,0.026918876,0.052381393,0.394711362,0.72594581
YES1,694.4780368,0.026354928,0.057965833,0.394706478,0.72594581
ZBTB2,641.3997186,-0.02838084,0.050580131,0.394729126,0.72594581
LENG9,141.4470653,0.01945416,0.06288935,0.395040563,0.726325544
NAA40,1164.024637,-0.027181673,0.054137506,0.395106964,0.726335454
ANKHD1,2757.971976,0.027599619,0.042227617,0.395512873,0.726632831
FPGT,600.6282158,-0.023027056,0.06167309,0.395458754,0.726632831
GNAI3,3040.371764,-0.029065295,0.044298206,0.39533922,0.726632831
MTMR3,2840.25749,-0.030892115,0.053929287,0.395487742,0.726632831
CDK17,1303.47742,-0.02807041,0.052860172,0.395575711,0.726636142
AP3S1,1494.950704,-0.029077737,0.050235778,0.395903624,0.726902012
LARS2,996.7350604,-0.027598081,0.054436407,0.395785146,0.726902012
SLC25A43,490.3385691,0.027231136,0.054090578,0.395851492,0.726902012
PPP1R12B,322.7694354,0.017778482,0.063191568,0.396032191,0.727025941
USP14,1687.084262,-0.028189841,0.051449756,0.396203822,0.727228877
HMGCS1,1021.425187,0.024410516,0.05741183,0.396401055,0.727478736
ANAPC1,1388.875899,-0.025658639,0.058934123,0.396507218,0.72756141
ENTREP3,829.6863579,0.026915272,0.057305458,0.396787885,0.727739912
IL21R,1599.909284,-0.025240743,0.061566439,0.396746053,0.727739912
ZCCHC14,1999.839437,-0.02778719,0.058001284,0.396697492,0.727739912
CLCN2,131.6560252,0.016756982,0.063002124,0.396918178,0.727866746
NUP37,356.0750207,0.027322502,0.056389006,0.397052767,0.727889312
STK19,372.9077281,0.027217743,0.056455345,0.397030714,0.727889312
CPSF7,2098.319133,0.027365357,0.049385044,0.397523859,0.72841643
EFCAB2,305.8666135,0.022261221,0.061579754,0.397422609,0.72841643
NDUFA2,1272.684048,0.028010772,0.045597444,0.39746792,0.72841643
LCMT1,560.1075916,0.026128405,0.054420699,0.397703956,0.728522172
SPSB2,259.2257971,0.024755707,0.060017941,0.397646351,0.728522172
DTL,283.3244651,0.018195188,0.062941957,0.397980714,0.728916985
PEF1,1131.115318,0.028367245,0.045544364,0.39809052,0.729005944
H2AX,2555.423961,0.02742549,0.053028223,0.398250673,0.729074929
TTC39C,394.3763513,0.021648178,0.061896384,0.398221907,0.729074929
BORCS6,847.5112043,-0.027848812,0.051718792,0.398393234,0.729196986
FAM118A,558.2846748,0.026640822,0.056385806,0.398439848,0.729196986
ABTB1,1034.051605,-0.026556513,0.055783642,0.398512889,0.729202236
INSR,478.3697325,-0.022038199,0.061641746,0.398617802,0.729202236
SF3B6,868.9809392,-0.025102013,0.05615902,0.398626472,0.729202236
TMEM248,2341.816228,0.027602131,0.053915061,0.398747533,0.729311626
CACNB2,131.7457813,-0.021762749,0.061804865,0.398816811,0.729326287
ARL13B,322.1501511,0.024217483,0.060431525,0.399025043,0.729487595
CATSPER2,217.2947881,-0.02031282,0.062240958,0.39902757,0.729487595
B3GLCT,429.4822424,-0.026841792,0.056281384,0.399471677,0.730187365
TXNDC17,651.1206512,-0.025114789,0.058983602,0.399640957,0.730384648
TEX264,1668.975311,-0.028054349,0.046731596,0.399757097,0.730484765
AFAP1L1,261.7677785,0.023410975,0.060929171,0.399937269,0.730558136
CRACR2A,141.8861939,0.020317671,0.06251713,0.399891938,0.730558136
ZNF251,371.2756774,0.024930659,0.059637756,0.399981347,0.730558136
OTUD4,3070.369476,-0.026685453,0.048832374,0.400246064,0.730929497
ERBIN,2338.216746,-0.028590189,0.053210464,0.400477248,0.731127379
KLK4,76.99741947,0.014292247,0.063492429,0.400448891,0.731127379
ERLIN1,1154.171931,-0.02798282,0.047953795,0.400609758,0.731257155
SLC25A46,1997.467355,-0.027885359,0.047719721,0.400739898,0.731382568
DNASE2B,125.4827732,-0.018916205,0.062750766,0.401170024,0.731606792
NDUFA4,2751.789117,-0.028392623,0.048795942,0.401167827,0.731606792
PECAM1,8358.201887,-0.026082387,0.048661181,0.401154805,0.731606792
TMEM39A,794.2014651,0.027589911,0.054458618,0.400989065,0.731606792
ZKSCAN1,1894.358134,-0.028014381,0.05033039,0.401086931,0.731606792
MSH6,1203.492109,-0.027744357,0.046035152,0.401490894,0.731768114
NENF,756.8790881,-0.027897378,0.049156281,0.401418022,0.731768114
SPI1,23771.3718,0.027463535,0.043304237,0.401504353,0.731768114
ZFYVE19,908.508896,0.027761982,0.049901163,0.401444348,0.731768114
FAT1,1019.053783,0.023481472,0.061014001,0.401730563,0.731956282
NUDCD3,1662.938236,-0.027796155,0.051627107,0.401710442,0.731956282
TGFBI,29845.02489,0.031803593,0.045947669,0.401932367,0.73221191
FECH,2139.131986,-0.026786885,0.041080282,0.402003388,0.732229244
ASB13,1039.821531,-0.02811036,0.048375603,0.402244619,0.732556553
OPN3,769.7041432,0.027649063,0.054628681,0.402546669,0.732735572
PRICKLE2,150.7193937,0.021692195,0.061821235,0.402589112,0.732735572
RIGI,2034.539602,0.01781102,0.062401971,0.402471665,0.732735572
TP53RK,515.9681092,0.027613627,0.052598933,0.402424378,0.732735572
GSTP1,5466.238267,0.025493311,0.038094148,0.402769935,0.732891693
NUP35,128.2788041,0.015845618,0.063336913,0.402798013,0.732891693
GLIS3,88.15401473,0.011281065,0.063653695,0.403024327,0.733191413
RDH12,67.75952578,-0.01318419,0.06351608,0.40337353,0.733490434
ROGDI,751.8401815,-0.027855343,0.053055013,0.403270474,0.733490434
RPS3,19353.20065,-0.025916871,0.039625308,0.403317068,0.733490434
DNAJB2,1921.916573,0.027844434,0.05073168,0.403613612,0.733702863
GEMIN4,557.8093885,0.02672217,0.055553758,0.403582953,0.733702863
POLR3C,1224.715573,-0.027759917,0.04754599,0.403919865,0.73414748
SLC25A53,113.0708459,0.019128517,0.062650274,0.403987696,0.73415868
PRICKLE3,404.2151707,0.024096259,0.059896326,0.404162185,0.734363677
PLEKHM1P1,399.3714337,0.023584071,0.060313597,0.404726948,0.73527763
MREG,1901.80191,0.025912233,0.056341656,0.404876034,0.73543625
DUSP14,346.5179984,0.025853299,0.057590112,0.40520609,0.735923493
NUDT2,159.6720491,-0.015465279,0.063287318,0.405319702,0.736017548
CHMP1B,2592.160299,-0.027926212,0.043716573,0.405666892,0.736423353
LATS2,922.0680777,0.026324899,0.052551184,0.405640764,0.736423353
RRAS,1319.247304,0.029510422,0.055098006,0.405736064,0.736436627
NANP,325.762671,0.02563738,0.055826982,0.405841753,0.73651617
ADCY9,259.75122,-0.020091041,0.062210824,0.406576687,0.736598025
CLUH,4941.837034,0.026381366,0.05487708,0.406225395,0.736598025
DUSP18,275.627262,-0.026813719,0.059085672,0.40613501,0.736598025
FZD5,454.4038625,-0.026156676,0.05732443,0.406118904,0.736598025
GOT2,2409.008048,-0.025694839,0.045782679,0.406305988,0.736598025
LRPPRC,3751.139327,-0.027682664,0.048848054,0.406362257,0.736598025
MED25,2988.055844,0.02702077,0.053527399,0.406629334,0.736598025
NAPRT,1395.182873,0.027437493,0.051260514,0.406530473,0.736598025
OST4,1832.42982,-0.027427165,0.045428048,0.406290328,0.736598025
PEX11G,69.25271802,-0.01606976,0.0631939,0.405995258,0.736598025
RIPK3,966.3304843,0.02748863,0.049108308,0.406440574,0.736598025
RPL35A,5145.437365,-0.026195954,0.039182352,0.4064648,0.736598025
RNF146,1185.965149,-0.027020728,0.054398029,0.406698661,0.736611526
MAD2L2,514.3761737,0.025952396,0.055684565,0.406859563,0.736690088
MRPS23,1224.734542,0.027614617,0.046778348,0.406865798,0.736690088
PI4KAP1,241.9646899,0.024132726,0.05958046,0.407005799,0.736831515
YTHDC1,1834.254042,-0.026911236,0.041907882,0.407073139,0.736841375
ASIP,77.15603778,-0.016774375,0.06303744,0.407231697,0.736889407
COQ10A,130.4885374,-0.019733278,0.062294356,0.407415326,0.736889407
CTSV,82.82082409,0.016330785,0.063127967,0.407211802,0.736889407
MCF2,154.5032936,0.021806771,0.061377009,0.407462083,0.736889407
MYO1B,685.1518112,0.026061716,0.057679628,0.407532957,0.736889407
OS9,15527.15637,-0.02731806,0.044513156,0.407522549,0.736889407
ZKSCAN5,506.2143929,-0.027330863,0.053515233,0.407323689,0.736889407
NLRP1,865.6825673,0.023743261,0.059888878,0.407674417,0.737033247
IFT74,328.4418109,0.02594608,0.057211901,0.407800895,0.737067115
NBPF8,524.46146,0.026730812,0.054936846,0.407816975,0.737067115
DGCR8,956.7096684,0.026771917,0.054172089,0.407879514,0.737068248
BCAP29,1035.961983,-0.027649893,0.048739271,0.408176441,0.73738096
HSD17B1,539.2425234,0.026947043,0.054591769,0.408120521,0.73738096
PSMB5,1986.706981,0.027239744,0.043981605,0.408643958,0.737665856
RAB21,2180.481156,-0.026802154,0.043282489,0.408638917,0.737665856
TBCEL,618.5400529,-0.027261239,0.052731977,0.40856251,0.737665856
TLE3,6614.051058,0.028409386,0.048995749,0.408427381,0.737665856
ZDHHC18,1370.929997,-0.027372994,0.05580069,0.408604395,0.737665856
C8orf44-SGK3,67.83095125,0.014916765,0.06334854,0.408842675,0.737800826
SP100,3886.085469,0.027608755,0.043368771,0.408828715,0.737800826
RAB11B,3562.747511,-0.027045326,0.04788178,0.408989313,0.737841759
WWTR1,170.71065,-0.01995255,0.062097439,0.408984629,0.737841759
DEPDC1,356.7083174,-0.021064766,0.06316198,0.409195354,0.737869399
FBXO32,564.7800993,-0.024787902,0.058464299,0.409367914,0.737869399
LIN28B,522.6834835,0.024648463,0.056757564,0.409170102,0.737869399
MDM1,281.5391881,0.020196048,0.062015236,0.409346226,0.737869399
MMS19,1496.931649,0.02751531,0.047074028,0.409286501,0.737869399
SLC2A11,534.740382,-0.026056987,0.05560121,0.409376513,0.737869399
LRRC32,144.0317099,0.018498367,0.06259302,0.409518973,0.738014437
FRG1,806.8848367,-0.027512916,0.054566437,0.409730859,0.738172803
PLXNB2,18160.14,0.039360886,0.051342948,0.409681744,0.738172803
ALG6,187.9430218,-0.022231311,0.060944444,0.409816218,0.73821487
AMZ2,859.8746261,-0.026900468,0.051101774,0.410228574,0.738489714
PSMD1,3045.579736,0.027192793,0.045487112,0.410403019,0.738489714
SIGLEC14,795.3238642,0.027122434,0.054166658,0.410355633,0.738489714
SPN,5291.634973,-0.027371789,0.051114136,0.41018046,0.738489714
VASH1,13802.6168,0.030636226,0.042151232,0.410152466,0.738489714
ZNF629,1285.03315,-0.027569265,0.046019382,0.410115285,0.738489714
ZNF829,59.36416163,-0.014562785,0.063333416,0.410341378,0.738489714
NDUFA6,1509.982053,0.027308078,0.048486115,0.410557087,0.738655301
CYRIA,670.5635692,0.024081846,0.059343197,0.410917611,0.739000447
MTCL1,297.0886181,-0.020688293,0.061751133,0.410940249,0.739000447
OR7C1,99.58799562,-0.016300282,0.063077809,0.411118843,0.739000447
PAF1,1694.776299,-0.027169472,0.04518974,0.411121374,0.739000447
RAD51B,107.973912,-0.017324711,0.062847063,0.411093119,0.739000447
TOMM20,3258.363137,-0.026411949,0.046818269,0.410931887,0.739000447
ANKRD36C,320.3916898,0.02339769,0.060025162,0.411401137,0.739391687
RAB11FIP3,567.5306944,0.025949882,0.056314928,0.411498123,0.739454363
CLASP1,1466.112537,-0.027253144,0.050355903,0.411882065,0.739817993
CMC4,235.0623111,-0.023393578,0.059900867,0.41191458,0.739817993
MYLK,221.9783432,0.020731144,0.061800289,0.41191288,0.739817993
PDZD7,126.2551552,0.015585844,0.062947336,0.411949053,0.739817993
ALPK3,4523.07234,0.02572311,0.056749083,0.412456127,0.739885719
BCOR,1596.785554,0.027493639,0.048068441,0.412213805,0.739885719
DDHD1,1563.040867,-0.025285576,0.057278837,0.412189045,0.739885719
FABP4,66.14393429,-0.01265834,0.06348689,0.412378796,0.739885719
RPL12,11131.47646,-0.024930713,0.040749132,0.412102246,0.739885719
RPS29,4621.834997,-0.026868063,0.0498239,0.412508987,0.739885719
SLX4,720.2698151,0.027187333,0.052845051,0.412422701,0.739885719
TPD52,260.5378866,-0.019897807,0.062057654,0.412288306,0.739885719
ZNF28,293.6537888,0.01040037,0.063637864,0.412546107,0.739885719
OPHN1,489.7440629,-0.023867566,0.059435562,0.412861198,0.740339293
LAPTM4A,6214.922212,-0.025673415,0.039583422,0.412946756,0.740381194
LMNTD2,178.0550105,-0.019695121,0.062249782,0.413090048,0.74052658
RRP1B,1360.632831,0.026617491,0.043385413,0.413324637,0.740835562
DHRS11,175.4789729,-0.02163112,0.061051532,0.413473725,0.740881867
GGH,620.4855104,-0.027048544,0.054319069,0.413474937,0.740881867
KLHL2,1226.468526,0.028753278,0.053390672,0.413600999,0.740886512
SIGLEC10,2298.456212,0.026748384,0.052759107,0.413601996,0.740886512
COMT,6583.742645,0.024981383,0.038518075,0.41395722,0.741232789
PPP2R5B,566.4044022,0.023274491,0.059872534,0.413982093,0.741232789
TOM1L1,246.2461557,0.019367192,0.062183382,0.413914806,0.741232789
DOP1A,728.1805279,-0.023629802,0.059578466,0.414186427,0.74148713
DHX35,516.7925081,-0.027179812,0.052170973,0.414284325,0.741505109
H2BC5,146.9865192,0.021170046,0.061501098,0.41432104,0.741505109
KLHL17,422.9204652,0.022483996,0.060768857,0.414730931,0.741792628
MLX,2561.334244,0.025785942,0.039527086,0.414685853,0.741792628
TRIAP1,734.7915747,-0.026481542,0.054959164,0.414666802,0.741792628
ZNF777,651.0875676,0.026427634,0.055076733,0.414589319,0.741792628
CDK16,2217.126874,0.030315306,0.050798609,0.415074889,0.741832596
EIF4E3,101.1716703,0.015063571,0.063205559,0.414893018,0.741832596
GIMAP8,1079.091727,-0.027267579,0.05098089,0.415127153,0.741832596
NPIPB2,318.6304412,0.023657873,0.059622923,0.415068559,0.741832596
SMAD3,63.98142744,-0.011809745,0.063520272,0.415107526,0.741832596
ZNF136,193.8299,-0.018934871,0.062192594,0.414919775,0.741832596
BCKDHA,2611.270732,-0.027448315,0.054792292,0.415388747,0.742089355
NARF,1241.864404,0.027177678,0.046738304,0.415395503,0.742089355
RNF10,3771.914446,-0.027014497,0.041631686,0.41549875,0.742162434
NUP210,2865.372106,0.025865229,0.045483881,0.415964807,0.742772015
TMEM138,1329.314662,-0.027046344,0.049347374,0.415920745,0.742772015
CCDC51,345.7223694,0.025900924,0.055844083,0.416721154,0.742856744
COA3,585.5567735,-0.027981104,0.052946593,0.416681048,0.742856744
DEPDC7,80.80697512,-0.01595408,0.063030647,0.416709853,0.742856744
GTF2H2B,144.3981947,-0.019497419,0.062044481,0.416357077,0.742856744
H4C15,132.2139837,0.015591365,0.063121457,0.416565174,0.742856744
NGRN,1587.860189,-0.026283251,0.045905254,0.41678688,0.742856744
PCNX2,561.2679138,0.021272566,0.061197083,0.416592591,0.742856744
PSME3,3757.58881,0.026655052,0.044104088,0.41682344,0.742856744
RAD51C,253.0543422,-0.019504673,0.062007519,0.416288389,0.742856744
TTYH1,131.120558,-0.01824301,0.062526783,0.416407007,0.742856744
UBE2O,913.6017519,0.023617499,0.059404871,0.416609083,0.742856744
ZDHHC14,180.4630693,-0.01884544,0.062304869,0.416549564,0.742856744
ZNF713,97.21395149,-0.013493669,0.06337633,0.416821509,0.742856744
LURAP1,69.12619439,-0.016552816,0.063061333,0.416937627,0.742949027
TAOK3,3751.312899,-0.024046455,0.036060403,0.417031218,0.743004586
COPS3,1261.56315,-0.026702647,0.052219596,0.417395027,0.743541493
FTH1,182568.4966,-0.018557524,0.037179368,0.417599301,0.743794088
GINS4,337.0483591,0.018314549,0.062495074,0.417699368,0.743861029
SIAH1,562.8501727,-0.026361447,0.053915371,0.417984395,0.744257286
EP400,4910.482379,-0.024686356,0.045257905,0.418130971,0.74440694
ILRUN,3806.90331,-0.026584558,0.044908201,0.418209342,0.744435141
PXK,1003.280042,0.026555399,0.050228192,0.418563738,0.744904123
TMEM186,237.9903636,-0.02232466,0.059408497,0.418597949,0.744904123
VPS35L,1826.373836,0.026209795,0.054249392,0.41866569,0.744913322
CLEC11A,3132.189796,0.026221555,0.040779693,0.419140967,0.745313399
MOCS1,122.6079976,0.018872391,0.062244759,0.419012015,0.745313399
SARS2,749.131792,0.027042605,0.053829107,0.419121657,0.745313399
TANC2,1325.961444,0.023966995,0.057818816,0.419038029,0.745313399
ASNS,1287.670734,0.025952517,0.055154804,0.419525673,0.745663353
CAMTA1,528.7831303,-0.025395287,0.057016888,0.419518531,0.745663353
SLC35A2,904.4584894,0.027423573,0.051940823,0.419466383,0.745663353
GPKOW,665.1039433,-0.027155417,0.051163865,0.419717144,0.745839
TIMM9,314.6820872,-0.023083656,0.059547047,0.419749794,0.745839
ABCA3,337.0924784,0.024171452,0.058304169,0.42093669,0.745847308
AGPS,2859.660855,-0.025525011,0.039426148,0.420321164,0.745847308
AP3D1,7254.858242,0.025213473,0.039006561,0.420956867,0.745847308
BZW2,880.618043,0.026554914,0.050223881,0.420142174,0.745847308
ERCC8,344.3441086,-0.024374446,0.056836731,0.421195418,0.745847308
FOXO4,594.0883477,-0.024384681,0.060335721,0.41996931,0.745847308
GNPDA2,329.7660945,0.023835911,0.058857086,0.420731458,0.745847308
IRF9,3067.989417,0.026366477,0.042505137,0.420884104,0.745847308
KLHL18,1229.833753,0.022898738,0.058786856,0.41986735,0.745847308
KPNA5,347.0709329,0.021317377,0.060879017,0.420998805,0.745847308
MAP4K3,965.5621485,0.023808998,0.058973244,0.421185211,0.745847308
MGRN1,3262.843715,0.025963227,0.055851844,0.42023188,0.745847308
MRPL39,489.1568323,0.024677262,0.055640914,0.420648255,0.745847308
NDUFS5,2354.62458,0.026704793,0.04791403,0.420676373,0.745847308
OTUD5,2517.429601,-0.025885779,0.042062309,0.420876833,0.745847308
OTUD7B,532.1190426,0.022669742,0.059875122,0.420885103,0.745847308
PALB2,593.8708475,0.025674191,0.055332252,0.421191064,0.745847308
SLC27A3,1845.981462,0.026881798,0.051811564,0.420521529,0.745847308
TRIP11,1272.617954,-0.025703438,0.055791736,0.421040892,0.745847308
TTBK2,620.5628653,-0.019904427,0.061705879,0.420835929,0.745847308
TTC8,480.9437163,-0.024284927,0.058071855,0.420990709,0.745847308
UBE2D3,8385.547463,0.026447594,0.040790966,0.42047628,0.745847308
ZNF558,81.9249075,0.012992223,0.063408764,0.420634995,0.745847308
CIBAR1,130.4592266,-0.016667124,0.062747055,0.421365561,0.745977601
IL3RA,350.9584757,-0.023570349,0.058981681,0.42145698,0.745977601
PTPN4,194.3639784,-0.015875231,0.062933224,0.421454316,0.745977601
LRRC37A3,395.6527819,-0.02256205,0.060661589,0.421525769,0.745988447
STRBP,284.8885073,-0.022628597,0.059675743,0.421651906,0.746100764
ACE,3543.295448,-0.025656018,0.054992471,0.421954483,0.746145328
GRN,60079.76145,-0.022998724,0.043887219,0.422072519,0.746145328
MRPL20,1418.49542,0.027087722,0.047536534,0.422108349,0.746145328
NRAS,3050.142919,-0.026212625,0.043448125,0.421949729,0.746145328
PRPF38B,2686.164798,-0.026069784,0.044919863,0.422115816,0.746145328
U2AF1,2169.157336,0.026810984,0.045727433,0.421959929,0.746145328
VAV2,780.9911302,-0.025267765,0.049295257,0.422096264,0.746145328
STX16,3757.06739,0.026350386,0.042620377,0.422208651,0.746198633
HECTD4,2002.859004,0.017907895,0.056502052,0.422393979,0.746415366
BUB1,891.0205714,-0.0258202,0.051986194,0.42264965,0.746482453
DENND2C,67.01081559,0.014073747,0.063266796,0.422664352,0.746482453
NFIC,2587.356709,0.028347587,0.051235461,0.422621331,0.746482453
SUPT7L,1469.78182,-0.02480678,0.040789582,0.422682756,0.746482453
AGAP13P,75.20757297,-0.015951492,0.06280035,0.422867196,0.746671557
IBA57,374.2768765,0.017494364,0.062563284,0.422976575,0.746671557
SLC24A1,641.404206,-0.026063183,0.053632351,0.423047938,0.746671557
TRAC,59.20556523,0.014809426,0.063138947,0.423071251,0.746671557
ZMPSTE24,2308.91475,-0.026382735,0.045717025,0.423103429,0.746671557
FKBP5,3107.914453,-0.024954676,0.04902193,0.423407748,0.74688418
PDCD2L,98.41638174,-0.015542519,0.062993145,0.423474861,0.74688418
SVIL,157.8397684,0.016588483,0.062784653,0.42342087,0.74688418
ZNF296,142.8884665,0.020863796,0.061303134,0.423469502,0.74688418
RIC8A,3395.881201,0.026720642,0.048783175,0.423683252,0.747141033
CAPN1,5383.355323,0.026579211,0.046904909,0.423850869,0.747325917
ACTR3,13913.09334,-0.023629813,0.035268522,0.424936553,0.74735557
ANKRD52,3672.169359,0.026556763,0.047207178,0.424900386,0.74735557
AP1S1,1981.218353,0.027550677,0.045974284,0.425770021,0.74735557
APOL1,434.1838891,0.019977973,0.061580782,0.42491635,0.74735557
ASXL2,2380.548807,0.021854521,0.059946916,0.425957404,0.74735557
BCLAF3,360.1595071,-0.021227473,0.060581636,0.424832049,0.74735557
BIRC7,232.532201,-0.021007536,0.060915238,0.424974516,0.74735557
BTF3,6425.061544,-0.031909562,0.052358222,0.424594731,0.74735557
CEP83,161.3327279,0.016153589,0.062843213,0.424572872,0.74735557
CFAP44,166.4931606,-0.021356552,0.060930907,0.426038106,0.74735557
DDIT3,1309.497397,0.025485924,0.049631818,0.423960825,0.74735557
DENND3,5841.95382,-0.025742342,0.052335233,0.426047025,0.74735557
IFT27,633.2705526,-0.025295206,0.05548335,0.425773132,0.74735557
KMT2E,2547.131229,-0.027078482,0.048580675,0.424673207,0.74735557
MACO1,870.8597269,-0.026416747,0.050960035,0.425479129,0.74735557
NAF1,380.8813996,-0.025165077,0.055901708,0.425129365,0.74735557
NELFB,2571.993246,0.025999814,0.038318207,0.424787987,0.74735557
NPIPB15,123.5172141,-0.017381986,0.062502483,0.424591189,0.74735557
OXR1,1098.635141,-0.026597412,0.051209048,0.424837109,0.74735557
PET117,103.7369662,-0.016916782,0.062621627,0.425849694,0.74735557
PIK3CB,957.9266359,0.025388097,0.055191863,0.425094191,0.74735557
PLEKHH1,88.45760356,0.013251609,0.063335552,0.424605262,0.74735557
PMEL,622.4475521,0.025970198,0.052707622,0.425374834,0.74735557
PPP1R2,1087.884515,0.025567491,0.055016881,0.425545586,0.74735557
RWDD2A,344.9482124,-0.025056991,0.057333765,0.42612714,0.74735557
SLC66A1,1829.443462,0.02644479,0.04874177,0.426127644,0.74735557
TMEM273,1097.506201,0.025970414,0.051947062,0.425447256,0.74735557
TOP3A,1000.647291,-0.026608667,0.048805535,0.425316401,0.74735557
TTC34,119.6562545,0.015456671,0.062992538,0.425040646,0.74735557
TYW1,253.8487768,-0.022095398,0.059916177,0.42562001,0.74735557
USP34,3441.425859,0.02238852,0.048201391,0.424336157,0.74735557
USP54,502.8774916,0.022904825,0.059603848,0.424531121,0.74735557
ZBTB11,888.3986508,0.026086907,0.045111174,0.425491589,0.74735557
ZNF23,206.7089024,0.01949701,0.061746621,0.42436293,0.74735557
ZNF776,430.6399559,-0.022092115,0.060255401,0.42470692,0.74735557
ZSCAN5A,182.461517,-0.019548809,0.06171594,0.425767645,0.74735557
EPB41,1172.799729,0.026390925,0.046569612,0.426201032,0.747374176
SCOC,731.4315443,-0.022021357,0.060160706,0.426383538,0.747584097
CDKN1C,102.0666921,-0.014604844,0.063082807,0.426900654,0.747704489
HDGFL2,1711.381348,-0.02587143,0.043588741,0.426954651,0.747704489
KLF10,1196.702029,-0.025596795,0.054612783,0.426592381,0.747704489
LSM14A,2908.719007,-0.02625933,0.046354919,0.426914025,0.747704489
MCRIP2,2148.20437,0.026345045,0.044905811,0.426833039,0.747704489
NAPA,5193.341313,0.025112593,0.041071801,0.426879079,0.747704489
RAB2B,603.4679426,0.025856656,0.054091064,0.426711924,0.747704489
TIMELESS,1463.125518,-0.027692908,0.047027792,0.426874784,0.747704489
FNTB,471.7883158,-0.023913453,0.058412289,0.427174459,0.747869402
SYNGR2,7881.227983,-0.024033119,0.037954541,0.427116401,0.747869402
ITGA11,174.7111653,0.015005524,0.06303388,0.427427143,0.748103002
UAP1L1,3797.221206,-0.026600362,0.050722119,0.427433567,0.748103002
TGFA,154.4321727,-0.011571577,0.063432787,0.427610579,0.748302799
MRPL9,994.9063912,-0.025304038,0.051634986,0.427895455,0.748691268
CHIC2,502.5762305,0.025972898,0.052909523,0.427969225,0.748710304
ANAPC13,843.3064924,-0.025604791,0.053904469,0.428107224,0.748836416
DDHD2,882.2218129,0.025064215,0.05767019,0.428167113,0.748836416
CASP9,437.1505545,-0.025736611,0.053084779,0.428403959,0.749140589
CALU,9908.151204,0.024402519,0.036856688,0.428467344,0.749141391
CFAP97,646.761133,-0.025765149,0.054256202,0.428611322,0.749283081
BUD23,1637.996087,0.026002417,0.040539373,0.428759743,0.749432498
FBXO3,500.4951207,-0.023111469,0.058827137,0.428993501,0.749658549
TMEM143,351.7923361,-0.020838461,0.060808483,0.42901501,0.749658549
DHFR2,375.8743266,0.022853264,0.059162868,0.429163859,0.749808592
CNBP,7996.008309,0.0246359,0.041779123,0.429359601,0.749854944
RANGRF,491.4271957,-0.025748432,0.053200949,0.42937935,0.749854944
SYT15,69.01813249,-0.011233416,0.063448588,0.429319575,0.749854944
HIC2,718.2701288,0.024494302,0.057141642,0.429613766,0.749934295
HTD2,207.0766378,-0.016915076,0.062541374,0.429555321,0.749934295
ZNF654,511.3899972,-0.022226586,0.058838457,0.429518521,0.749934295
VEZF1,1168.856736,-0.02602056,0.045930076,0.429723405,0.750015707
HMBOX1,569.4679194,-0.0253754,0.056808584,0.429852369,0.75013082
ATF4,11928.06934,0.022809704,0.040956874,0.430028105,0.750144213
BOLA3,405.5683365,0.024521292,0.056705658,0.430049076,0.750144213
CCDC80,138.9113118,0.019278132,0.061964998,0.429990728,0.750144213
ARMCX2,129.4205596,-0.014862785,0.062961964,0.43023511,0.750358772
CRLS1,1155.063624,-0.026325424,0.049172623,0.430400893,0.750537957
MYO18A,4005.553097,-0.026113056,0.048579348,0.430642669,0.750849587
AFF1,2914.944429,0.02609383,0.046210954,0.430920064,0.750898157
ARHGAP21,2978.758917,-0.024677419,0.039630374,0.430986528,0.750898157
NAPB,401.6876997,0.023955549,0.057779235,0.43094246,0.750898157
PARP2,629.6138064,0.02394175,0.055936538,0.430740185,0.750898157
PBX3,1030.912596,-0.025835099,0.051400735,0.431112045,0.750898157
RILPL1,454.0593144,-0.024817398,0.05645451,0.431021355,0.750898157
SCLT1,484.086676,-0.024469443,0.056879367,0.431106633,0.750898157
GLCE,808.1184096,-0.025863463,0.049662624,0.431274824,0.750961939
TKFC,501.6841522,-0.024070069,0.057207709,0.431242717,0.750961939
PTPN1,3346.142032,0.026069521,0.043498964,0.431372456,0.751022095
ALKBH3,217.796712,-0.022155965,0.059673347,0.431444735,0.7510381
ABCG2,341.872292,-0.019660998,0.061498767,0.431575015,0.751045249
INPPL1,6913.143162,0.026423922,0.054295545,0.431549596,0.751045249
DMXL1,2318.22533,-0.02098725,0.059804515,0.431669066,0.751099127
DNALI1,76.32686978,0.01578434,0.062799205,0.431810682,0.751153681
MAN2A2,2480.229771,0.025495421,0.053900252,0.431889706,0.751153681
NAP1L4,1822.011764,0.026825803,0.046540011,0.431875494,0.751153681
PPFIA4,91.45212891,0.011793558,0.063391302,0.431995304,0.751227591
TMCO1,2088.296257,-0.025446101,0.045661157,0.432168324,0.751418709
PCGF2,1273.312892,0.026369702,0.051883976,0.432269847,0.751485475
HLX,1108.95092,-0.025981121,0.048653941,0.432516233,0.75159281
PARP9,5976.616175,0.025900746,0.051598668,0.432396179,0.75159281
THAP4,953.294504,-0.026305947,0.049345546,0.432520987,0.75159281
MFF,862.3354192,-0.02597222,0.046630112,0.432589386,0.751601962
CFAP298-TCP10L,166.2897549,-0.01305377,0.063280196,0.432864512,0.751970234
TECPR1,1945.752019,-0.022786287,0.059247658,0.433027224,0.752143143
CLPTM1L,3371.857779,0.02382211,0.03748434,0.433551234,0.75272385
G2E3,408.020197,-0.020319644,0.060916451,0.4334737,0.75272385
SEPTIN11,4887.142249,0.026206273,0.053067242,0.433531129,0.75272385
MZT2A,1055.480037,0.025965033,0.046805749,0.433720504,0.752907932
MVK,380.2223643,0.024065375,0.057223731,0.433794062,0.752925836
CLINT1,2341.346013,0.025249974,0.041530402,0.433980437,0.75313952
CHD1,1551.218166,0.02517834,0.05314353,0.43446642,0.753754817
MAP7D1,10897.16265,0.025549904,0.051000642,0.434414147,0.753754817
NAV3,77.63397674,-0.013141461,0.063170962,0.434524932,0.753754817
ATP5F1E,2917.544935,-0.025816571,0.049652558,0.434607277,0.753763702
CXXC5,4496.56542,0.024111741,0.037862006,0.4347973,0.753763702
DMD,150.2138678,0.019961155,0.061221451,0.434760605,0.753763702
MTNAP1,599.8121,-0.024827713,0.054168539,0.434756314,0.753763702
RBM4,1721.038296,0.025812134,0.049289571,0.434846628,0.753763702
DNHD1,577.0193699,0.022565618,0.059094747,0.434917686,0.753777122
KRT8P12,122.6029493,0.019422374,0.062113808,0.434987952,0.753789166
ACOX2,111.0223444,0.015850436,0.062733137,0.43518021,0.753793161
CIAO3,1012.080587,0.025031685,0.053745139,0.435132005,0.753793161
COQ2,717.9491046,0.025799426,0.049550706,0.435142152,0.753793161
CASP3,1265.15897,-0.026206663,0.051107182,0.435369724,0.753874465
CUEDC1,1599.879781,0.025825359,0.051387491,0.435374946,0.753874465
SMUG1,507.8152678,-0.023714238,0.057416538,0.435417121,0.753874465
RTN2,634.9013814,-0.025665939,0.050929279,0.435485544,0.753883293
COA4,734.1599292,0.025729432,0.052095533,0.435678992,0.754108521
DDX1,2226.972271,0.025801781,0.048683212,0.436611932,0.754258039
HACD3,2248.42882,-0.024773037,0.043508027,0.436728979,0.754258039
HSBP1L1,61.921891,0.014620733,0.062963058,0.435916329,0.754258039
MAGOH,828.2290699,0.025604634,0.048408931,0.436758692,0.754258039
METTL2B,472.1086009,-0.024386124,0.05584452,0.436665762,0.754258039
NAGPA,2077.088237,-0.024514232,0.04806408,0.43622505,0.754258039
QTRT2,873.3549202,-0.025851008,0.053285296,0.43633538,0.754258039
RPL18A,16569.05172,0.022489357,0.035698414,0.436580203,0.754258039
SERPINB6,3273.176172,-0.024576914,0.040429638,0.436480351,0.754258039
SMIM14,1588.462698,-0.026737844,0.049501328,0.436147825,0.754258039
TAOK2,2891.716646,0.025833047,0.049193742,0.436103274,0.754258039
TIMP1,5825.518821,0.017547358,0.062195629,0.436603041,0.754258039
TMEM97,278.1967917,-0.020697138,0.0605818,0.43623244,0.754258039
TRPS1,946.6759656,0.023655217,0.056612765,0.436474845,0.754258039
WDR43,1458.995168,0.025133605,0.052807545,0.43651865,0.754258039
ZCCHC8,1031.086798,0.02522866,0.043906036,0.436779078,0.754258039
ADAP1,2361.619837,-0.02538806,0.043732001,0.436961323,0.754463313
DLG1,850.801473,-0.024910866,0.054174369,0.437276713,0.754679511
HSF1,3012.577519,0.026483177,0.048334358,0.437214851,0.754679511
VPS25,1205.452741,-0.025520257,0.045439329,0.437235684,0.754679511
RNF187,3832.364803,-0.024014599,0.04752828,0.437462037,0.754780515
WDR5,1012.330021,0.025268926,0.050706067,0.437401803,0.754780515
WDR27,375.8294209,0.020779406,0.060436487,0.438084503,0.755744967
AP2A1,4312.740038,-0.025230067,0.053166978,0.439176306,0.755793108
ARHGEF16,210.7939931,0.021446103,0.060351587,0.43886836,0.755793108
C17orf49,888.995561,0.025209473,0.049436244,0.439074085,0.755793108
CCDC59,470.9679726,0.023579804,0.057752786,0.438312279,0.755793108
CERK,2050.332588,-0.0251438,0.046178164,0.438441068,0.755793108
DRG2,800.9139166,0.025415251,0.052202451,0.438916929,0.755793108
GADD45G,534.1727774,-0.023755734,0.056199057,0.438959339,0.755793108
HPGD,344.8486103,0.020067611,0.060777355,0.438263934,0.755793108
MRPL14,932.5876767,0.025402855,0.04611637,0.438638781,0.755793108
NFILZ,61.95782484,-0.010630829,0.063401938,0.439138235,0.755793108
NOMO3,4429.828681,-0.024567876,0.055084031,0.439155331,0.755793108
POLR2C,1236.485931,-0.025479337,0.043895873,0.439117655,0.755793108
RGS1,757.5019385,0.018579404,0.061715452,0.43909179,0.755793108
RPS8,14832.50833,-0.028416794,0.047151805,0.439187803,0.755793108
RTN4IP1,263.5543262,0.021892409,0.059819018,0.438465338,0.755793108
ZC3H7B,3443.430527,0.025710609,0.043303336,0.439046798,0.755793108
ZNF26,497.60512,0.02162956,0.05972756,0.439191661,0.755793108
KLHDC1,111.1879195,0.01667205,0.062403712,0.439367097,0.755876486
TRIM39,588.3757597,-0.024643434,0.054127357,0.439346982,0.755876486
ROMO1,999.4931603,0.025166409,0.052754645,0.439511364,0.755897621
TMEM203,951.3177997,0.025395801,0.045594768,0.439569864,0.755897621
UBE2E1,2344.132837,-0.024802133,0.054276561,0.439499085,0.755897621
CPLANE2,111.804156,0.016769595,0.062322207,0.439750065,0.7559891
SERPINB1,2366.871505,-0.024641109,0.044962132,0.439694707,0.7559891
KIAA0930,18976.051,-0.023344597,0.040232948,0.43992755,0.756025274
MTIF3,650.3695434,-0.026099124,0.051145847,0.439987953,0.756025274
STX2,989.7992325,0.025171882,0.050156267,0.440025126,0.756025274
ZNF382,213.5901813,-0.020451486,0.060585712,0.439922108,0.756025274
AAAS,1154.897686,0.025846663,0.050530414,0.440347481,0.756206768
BEX4,2345.686709,-0.025196793,0.046387433,0.440321884,0.756206768
ERBB3,82.21280769,0.011893136,0.063304283,0.440291969,0.756206768
SGF29,341.000364,0.023926659,0.056659108,0.44044836,0.756206768
ZDHHC1,65.74996857,-0.013524289,0.063052119,0.440389474,0.756206768
PEX14,1677.529118,-0.024788233,0.05427684,0.440512217,0.756207346
ACAD8,1284.653832,0.025606951,0.046892971,0.441631866,0.756978653
AGO3,986.6376575,0.022964482,0.057609594,0.441402926,0.756978653
ARMCX5,401.5314968,-0.024522466,0.054500877,0.441678918,0.756978653
ASPHD2,161.3284712,0.01866762,0.061849034,0.441786536,0.756978653
C4orf36,85.72268184,0.015805874,0.062581729,0.4418793,0.756978653
DCP1B,330.5952539,-0.023983354,0.055790952,0.44184429,0.756978653
LACC1,2871.412909,-0.024893023,0.052764616,0.441066425,0.756978653
MOB2,758.7933867,0.025235396,0.049379593,0.441766194,0.756978653
NAXD,1384.808997,0.026236524,0.042055876,0.441130664,0.756978653
QSOX2,414.5717171,0.023818157,0.056715082,0.441274672,0.756978653
RPL27,10111.37579,0.025374899,0.044225967,0.441558094,0.756978653
RPS25,7778.673146,-0.02611952,0.048210419,0.441915299,0.756978653
TBCCD1,335.6329783,-0.022933355,0.057918326,0.441698532,0.756978653
VDAC1,6289.300116,0.023933315,0.038135188,0.441278459,0.756978653
ZC3H6,408.2017791,-0.019050436,0.061725244,0.441579124,0.756978653
FYTTD1,2937.830143,0.025725935,0.045328286,0.442081112,0.757138101
KAT2B,852.2148565,-0.0251002,0.048486881,0.442199178,0.757138101
PHF10,687.4127106,-0.025423064,0.050895336,0.442198042,0.757138101
CTNNBIP1,572.6513078,0.024080229,0.056058186,0.442452771,0.757245578
RETSAT,995.6122691,0.024807121,0.052187931,0.442438451,0.757245578
TIMM10,600.5557119,0.024903261,0.051014695,0.442399878,0.757245578
FN3KRP,755.6437899,-0.025517644,0.053611242,0.442560975,0.757321893
ADGRA2,77.42155586,-0.012483765,0.063209759,0.442939686,0.757335836
ANKRD24,70.06320362,-0.012873142,0.063220598,0.443014825,0.757335836
CCDC17,71.9826381,-0.013632129,0.063008029,0.443059254,0.757335836
CYB5D1,294.99602,0.022338905,0.058260945,0.443087618,0.757335836
FOXK2,2491.057851,-0.02401006,0.045988331,0.443146523,0.757335836
NDUFAF1,654.9991082,-0.024835009,0.053753905,0.443245314,0.757335836
NUTM2D,174.0099136,-0.018634987,0.061481232,0.442994757,0.757335836
P4HA1,1552.710695,-0.026537691,0.048549546,0.442837784,0.757335836
PTAR1,1158.191524,0.024166256,0.055155313,0.443268887,0.757335836
SLX4IP,214.7400738,0.021884543,0.059627797,0.442826176,0.757335836
TPK1,539.6374409,-0.021530376,0.059150591,0.443260879,0.757335836
CA5B,230.3976143,0.020284692,0.060737279,0.44351836,0.757653333
SMIM7,1377.843715,-0.025773276,0.0502755,0.444124149,0.758579338
TATDN1,348.6260411,-0.022563262,0.057971833,0.444308465,0.758785293
ABCD1,3679.243154,-0.025852152,0.049960177,0.444622256,0.759075699
ATP5F1D,1500.363088,-0.025471686,0.048159264,0.445029243,0.759075699
CAPG,32033.34133,0.021314559,0.033237423,0.445107345,0.759075699
IDH3A,1510.17949,0.02534771,0.052652805,0.445062975,0.759075699
MECP2,2298.001972,0.024473855,0.054250732,0.445060557,0.759075699
OSBPL3,1683.684944,-0.023930288,0.046653814,0.444848807,0.759075699
STAG3,251.2183856,-0.017097353,0.062073967,0.444808295,0.759075699
STAT5A,3757.488143,-0.025753878,0.044188742,0.445070009,0.759075699
TULP3,335.7057198,0.023608077,0.05673964,0.444873668,0.759075699
WARS1,19927.35177,0.02716468,0.043857181,0.445116124,0.759075699
CDKL1,173.4491744,0.011536378,0.06327231,0.445264617,0.759184547
IKBKG,1281.51018,0.025592823,0.049444581,0.445315199,0.759184547
RPN2,7856.679563,-0.022602787,0.037322317,0.445371262,0.759184547
SCRIB,2028.455039,0.019897933,0.054455945,0.445482918,0.759266162
DFFB,174.1570015,0.01749396,0.061860732,0.445718348,0.759382208
FAM131A,642.063683,-0.024925596,0.052062787,0.445742366,0.759382208
TNK2,3889.024621,0.021646054,0.056125427,0.44571267,0.759382208
ALS2CL,173.2411231,0.013693642,0.062910174,0.445840272,0.759440326
CDC16,1617.862033,0.024878806,0.044687069,0.446304889,0.75945907
CENATAC,424.1233391,0.023880436,0.05606974,0.446075402,0.75945907
CHMP6,694.6104497,0.024931315,0.051347488,0.445918289,0.75945907
CSNK2B,2837.743823,-0.024128841,0.041561436,0.446243036,0.75945907
MFSD14CP,128.2818494,0.018317289,0.061533256,0.446361622,0.75945907
PRUNE2,700.7904212,-0.022031616,0.058515883,0.446286919,0.75945907
SPATA6,72.15037738,-0.011499158,0.063272861,0.446082834,0.75945907
ZNF518A,1141.30822,-0.021053532,0.056416649,0.446116312,0.75945907
PLD1,878.4210747,-0.024037194,0.054574148,0.446486537,0.759563049
PSMB8,2005.74767,0.01692521,0.048423352,0.44670972,0.759725603
ZNRF2,1044.072992,-0.024962516,0.05070431,0.446693604,0.759725603
CHST13,136.9083756,-0.017484424,0.061863379,0.446815448,0.759796872
GREB1,378.813215,0.022892135,0.057584281,0.447006001,0.760012345
ARSD,1700.867898,-0.024950032,0.051673655,0.447135541,0.760100473
CAPN7,924.5493465,-0.024168719,0.05512872,0.447226031,0.760100473
TBC1D14,4331.555216,-0.023318694,0.037723116,0.447249375,0.760100473
ZNF440,159.3434155,-0.017268716,0.059968246,0.447551344,0.760505103
CARD8,1736.657604,0.02447901,0.041653449,0.447943938,0.761014247
EPS8L1,407.62354,0.019935445,0.060597073,0.448043644,0.761014247
HS6ST1,954.7643683,-0.0236183,0.054190047,0.448298439,0.761014247
IGSF6,7449.699461,-0.02332042,0.041368227,0.448046385,0.761014247
NIF3L1,442.8364403,0.024703386,0.053403653,0.44822879,0.761014247
NRL,70.23501668,0.014036206,0.062919047,0.448262034,0.761014247
RASSF3,2249.216174,-0.024801722,0.052755499,0.4481389,0.761014247
ATXN7L1,492.2253717,-0.020622995,0.059981844,0.448819082,0.76168085
GLA,5556.688033,-0.024202183,0.042187491,0.448761944,0.76168085
DNAL1,256.5827517,0.009860571,0.063416234,0.449239141,0.762176426
MEAF6,1180.724129,-0.023643887,0.053138287,0.449206965,0.762176426
MCEE,166.7262218,0.020505849,0.060134188,0.449518949,0.762433835
RPS21,3965.07806,0.024662311,0.04915727,0.44950777,0.762433835
CDAN1,623.5894717,0.020130767,0.060148053,0.449840628,0.76258255
LHPP,247.4887854,-0.022075862,0.058562206,0.449862852,0.76258255
ZFX,1262.396582,0.023374995,0.055546064,0.449840764,0.76258255
ZNF746,1157.83017,-0.024749102,0.054694932,0.449763333,0.76258255
XPO1,5046.420636,-0.024822828,0.043719112,0.449951457,0.762624159
WHAMMP1,76.02991671,0.015793318,0.062455133,0.450356331,0.7630931
ZNF891,192.4859624,-0.016960985,0.060610436,0.450349191,0.7630931
PGBD2,127.1397886,-0.018714217,0.061164179,0.450650845,0.763483465
FGD6,1090.283936,-0.02485581,0.046496033,0.450722306,0.763495881
BBS12,122.6282692,-0.018385179,0.061314131,0.450879343,0.763653234
DHRS13,102.1132643,0.016595072,0.062178175,0.451199297,0.764086434
URB2,276.005164,0.01945522,0.060747519,0.451621787,0.764693127
PPM1L,558.8811466,-0.023644235,0.055713303,0.451775975,0.764845419
ACTR1B,2102.892575,0.024070757,0.043782125,0.45268364,0.765137396
ARPC1A,923.045358,-0.024309183,0.045622344,0.45324759,0.765137396
C1GALT1,839.3224549,0.024122293,0.053988821,0.452775093,0.765137396
C6orf226,105.6031691,-0.017934567,0.0614867,0.452197708,0.765137396
CCDC186,857.6101711,-0.024063518,0.051808355,0.453180741,0.765137396
CCT6P1,66.29041797,0.013866776,0.06282657,0.453254494,0.765137396
CHRNB1,216.739069,0.021275562,0.059480279,0.452528413,0.765137396
FAM156A,696.3434513,0.012850667,0.062972932,0.453001903,0.765137396
FAM53C,2271.55279,0.024223772,0.041539982,0.452217823,0.765137396
LEMD2,1978.252527,0.023749209,0.047800659,0.453132943,0.765137396
MPI,982.5084646,0.023770407,0.055067038,0.452464842,0.765137396
MYBL2,1281.062898,0.024991115,0.051367997,0.452491422,0.765137396
OCIAD2,62.88717908,0.013349672,0.062934647,0.453070648,0.765137396
RC3H2,1465.257032,-0.023176361,0.058001839,0.45286603,0.765137396
RNF213,27736.67389,0.024750305,0.050345467,0.453221152,0.765137396
SF3B5,1738.265724,0.024425205,0.041436071,0.452174591,0.765137396
UBXN6,5318.08853,-0.023341755,0.039619308,0.452886017,0.765137396
UGGT1,3156.917453,-0.024539533,0.049073398,0.452944553,0.765137396
UQCRH,2921.390068,-0.024571285,0.049803539,0.453298114,0.765137396
YEATS4,437.0198648,-0.024131339,0.052400821,0.452550876,0.765137396
ZNF544,414.7751842,-0.020965284,0.059549719,0.452018427,0.765137396
RASGRP3,3862.718676,-0.021882818,0.038939066,0.453429253,0.765250248
PLPBP,1076.771377,-0.023998301,0.053845087,0.453511801,0.765281075
CD163,17805.0123,-0.025089283,0.049463683,0.45361023,0.765338689
C1orf56,69.59066193,0.011838906,0.06317191,0.453907037,0.765622453
ZNF442,60.78729891,-0.013265194,0.062914883,0.453844479,0.765622453
ZSCAN9,217.6851132,-0.020447816,0.059878761,0.454033028,0.765726476
BAZ2A,3859.49001,0.02427575,0.05194502,0.4543288,0.765917054
MTSS1,1613.700071,-0.025052114,0.050835273,0.454296968,0.765917054
RFPL1,95.00028921,-0.016561913,0.062009509,0.454339037,0.765917054
FANCE,828.3697254,-0.023442517,0.055365272,0.454489027,0.765952981
ZNF550,166.33589,0.018066696,0.061377673,0.454460803,0.765952981
CEP152,392.5669665,-0.018669168,0.06219343,0.454709878,0.766186715
STK10,6592.921513,0.021583439,0.034988106,0.454756433,0.766186715
ARHGAP45,5835.446867,0.028309256,0.051275969,0.4549212,0.766201699
CHAMP1,680.5967282,-0.021662548,0.058406042,0.454958405,0.766201699
FNIP1,1575.430072,-0.02469201,0.043390435,0.454866962,0.766201699
NDUFAF2,308.453456,0.021647784,0.058725293,0.455138342,0.766396318
CIAO1,3092.721836,0.023326526,0.038580783,0.455356321,0.766654929
TTC4,519.4812147,0.022338228,0.057817315,0.455539622,0.76685509
CCDC103,84.15569593,0.010953615,0.063254968,0.455664411,0.766917598
PRR3,320.5478738,0.020095762,0.060114385,0.455705593,0.766917598
PDE6D,400.3485538,0.02328799,0.056044839,0.455785868,0.766944276
HGH1,851.5952561,0.022541879,0.057768873,0.455940213,0.767095568
PHKG2,1097.075324,0.024629495,0.047240841,0.456012938,0.767109513
COPA,8818.583048,0.01941029,0.034161383,0.456282067,0.767128654
IQSEC1,2764.269123,0.024644539,0.048377443,0.456244894,0.767128654
KCTD11,430.7129982,0.024229961,0.053471267,0.456090502,0.767128654
PHF6,843.3151283,-0.023849744,0.05378714,0.456229308,0.767128654
AMACR,413.3626005,0.020181145,0.059955557,0.45641426,0.767134232
OSBP2,68.3772047,0.014995265,0.062486936,0.456387067,0.767134232
AIP,1437.904266,0.024520773,0.043620365,0.456618628,0.767152803
FBN1,121.5300901,-0.011801187,0.063117365,0.456570396,0.767152803
UFM1,2044.581517,0.024692956,0.048483254,0.456593566,0.767152803
CD52,1313.846069,-0.015583928,0.062410194,0.45730236,0.767217311
CLTB,2082.363009,0.023519256,0.039140152,0.457244971,0.767217311
CTBP1,4999.281188,0.027268885,0.050908397,0.456940087,0.767217311
EXOSC6,1190.192383,0.024343157,0.044653109,0.457185807,0.767217311
FARP2,538.7259938,-0.022960551,0.054864762,0.456929308,0.767217311
HNRNPUL2-BSCL2,3192.351304,-0.024109508,0.04267574,0.457233746,0.767217311
IP6K1,1929.077167,-0.024217796,0.049117279,0.457153432,0.767217311
ME3,129.7983418,0.015976845,0.062140994,0.456925267,0.767217311
PARP15,247.0093818,-0.019352625,0.060675727,0.457365918,0.767217311
RFX2,369.9656941,0.02359086,0.06401471,0.456942737,0.767217311
RIMBP3B,97.1334229,-0.015571309,0.062347239,0.457228363,0.767217311
FBXO21,915.7965012,-0.020257558,0.05988241,0.457436148,0.767227014
PDGFB,458.0146607,-0.017113967,0.061706455,0.457867121,0.767550627
PIGM,535.2079442,0.024025468,0.050547821,0.457883076,0.767550627
RPL6,11190.50396,-0.024714478,0.044305134,0.457886985,0.767550627
SHQ1,286.3209681,0.013749373,0.062817951,0.457700149,0.767550627
CDV3,7329.230915,-0.022150148,0.036369577,0.458173455,0.767922707
URI1,1004.696901,-0.024609802,0.050602151,0.458290594,0.768010913
GDPD5,166.9088949,0.016928186,0.061739858,0.458387776,0.768065654
ELK4,1282.621201,-0.022854212,0.05655872,0.458558472,0.768210028
ETF1,4036.957553,0.024489631,0.046475134,0.458602996,0.768210028
CTSW,92.40950243,-0.015331059,0.062314203,0.459130894,0.768442238
DNASE1,386.1454265,-0.018568114,0.060886246,0.459046946,0.768442238
DOCK8,9095.54384,-0.022662311,0.037420191,0.459745871,0.768442238
FBXL14,570.2883202,0.022576672,0.056783556,0.459788983,0.768442238
GAMT,336.7206689,-0.022670869,0.058635517,0.459541156,0.768442238
HEATR1,1447.942968,-0.02450109,0.046573424,0.459871539,0.768442238
NACC1,4874.98128,0.025053677,0.052129554,0.459212903,0.768442238
NSMF,1249.050234,0.023216988,0.055158514,0.459903481,0.768442238
PACS2,2381.00369,-0.024256607,0.042295357,0.459247027,0.768442238
PIM2,213.8131716,0.020316044,0.059579236,0.459765386,0.768442238
PSAT1,3953.639386,0.020943713,0.049170189,0.45912266,0.768442238
RNF138,639.4493651,-0.017643402,0.061235498,0.458910464,0.768442238
STX11,1129.307041,0.024730192,0.045578528,0.45948487,0.768442238
TMOD3,2230.440295,0.024509515,0.047223314,0.459259536,0.768442238
ZMYM5,349.5065864,0.022257858,0.057309505,0.459897216,0.768442238
ZNF326,945.1933694,0.024108727,0.052328139,0.459170755,0.768442238
ZNF655,1916.483033,0.023398812,0.040339338,0.459476923,0.768442238
ZNF8,238.1209899,-0.020637759,0.058541664,0.459587904,0.768442238
EIF1,11178.80701,-0.023815903,0.044487865,0.460064029,0.768602619
NT5DC3,87.39435698,-0.014007299,0.062672586,0.460131713,0.768607835
ALG3,1334.146245,0.024662939,0.050194827,0.460617335,0.768987431
MAP10,83.22632692,0.01560558,0.062259412,0.46042973,0.768987431
MINK1,20664.09839,-0.021360109,0.053690532,0.460552273,0.768987431
ZNF804A,501.6020969,0.023127678,0.052976571,0.460612351,0.768987431
ABRAXAS1,291.5150045,-0.019576762,0.060059448,0.461269753,0.769860704
TMEM53,641.049907,0.023271191,0.055334051,0.461257092,0.769860704
DLC1,562.9451429,-0.019991746,0.059812264,0.46155617,0.770014883
DTWD1,289.3696541,-0.022310365,0.056925347,0.461519836,0.770014883
PLPP6,303.132262,-0.021346681,0.058207081,0.461489353,0.770014883
ANO10,482.1895134,-0.023430895,0.056411369,0.462208725,0.770365953
ANXA7,2403.835865,-0.023971091,0.043251327,0.462211708,0.770365953
CACNG8,81.30069318,-0.015252309,0.062307415,0.461879734,0.770365953
DOK2,1241.824925,0.0212226,0.057543688,0.46221082,0.770365953
ELP2,927.8274813,-0.020061372,0.059615596,0.462219572,0.770365953
IGHMBP2,621.9917694,0.019307887,0.060334319,0.461965492,0.770365953
TMCC2,61.76290804,-0.01185394,0.063030442,0.461977384,0.770365953
SSBP3,1674.262232,0.023994691,0.053906124,0.462745312,0.771134231
ATP13A2,1518.86455,0.023081839,0.057197449,0.463002805,0.771249248
LINGO3,136.4566035,0.016042867,0.062044423,0.463008684,0.771249248
SLAIN2,1467.239063,-0.022209235,0.056727879,0.462986909,0.771249248
MORC4,238.0972247,-0.018691614,0.060339792,0.46325124,0.771447567
TMEM164,2363.070899,0.02360015,0.053835646,0.463257342,0.771447567
ARMC7,530.4478525,-0.023274683,0.054413798,0.463665714,0.771616989
BRD8,1360.400475,-0.024108201,0.050805472,0.463472802,0.771616989
FAM72A,290.1441318,0.02185111,0.057543206,0.463679402,0.771616989
OGFOD3,994.5076509,-0.022431992,0.053353383,0.463635432,0.771616989
PKIA,110.4044561,-0.015296331,0.062258473,0.463683153,0.771616989
FAM210A,425.5130407,0.023051543,0.05522924,0.463767677,0.771649783
MTSS2,104.4889495,0.011986498,0.063024291,0.46397539,0.771887509
ERGIC1,3894.123745,-0.023656403,0.043214181,0.464117708,0.772016391
FDX1,3274.335667,0.028780719,0.049449897,0.464320477,0.772137908
LRRC61,81.67465623,0.014409331,0.06252093,0.464289268,0.772137908
SDE2,645.2699824,0.023990216,0.051266119,0.464503427,0.772334259
BOD1,482.4250657,0.02309784,0.055382732,0.464629041,0.772351503
C16orf95,96.730915,-0.016113921,0.061939087,0.464773302,0.772351503
RBSN,856.1021035,-0.023199756,0.053748693,0.464768196,0.772351503
ZNF18,265.8536248,-0.021037778,0.057339848,0.464698488,0.772351503
CDYL,1384.960404,0.024627175,0.049050472,0.46499492,0.772559834
DMAC2,1532.221309,0.022760599,0.038957283,0.465028456,0.772559834
RGP1,1530.908178,0.027275964,0.055595262,0.465218289,0.772767369
ZNF212,375.6830169,-0.022078044,0.056770327,0.465407093,0.772973137
ARID4B,1710.618142,-0.023873094,0.049510126,0.465495008,0.773011308
PRDM4,1073.691158,-0.024432966,0.050750579,0.46558854,0.773058797
ENTPD5,413.8876534,-0.021442241,0.059179863,0.465699015,0.773105424
GRINA,10492.87587,0.023861342,0.039232028,0.465789522,0.773105424
RBM12B,551.5050415,-0.021216513,0.058020021,0.46594132,0.773105424
SIRT7,1173.631033,0.022325254,0.056279899,0.465928624,0.773105424
SRPK1,703.163243,0.020275061,0.059124422,0.465837381,0.773105424
AMY2B,332.7730589,0.018982789,0.060466824,0.46611959,0.773115064
PSMA4,3391.523754,0.023709052,0.051071593,0.466141951,0.773115064
TMEM198B,230.8858175,0.020215813,0.058840226,0.466079964,0.773115064
ENY2,1973.484986,0.023494055,0.047956243,0.466211533,0.773122762
ZNF653,133.3724705,0.016424967,0.061732628,0.466293492,0.773150979
MST1,222.7657562,0.017485338,0.061275521,0.466396095,0.773208062
TFEB,2541.47959,0.023967202,0.042556658,0.466457816,0.773208062
SBF1,3943.934935,0.020394252,0.051988647,0.466542757,0.773241197
DSE,4782.100425,0.023671062,0.043801783,0.467083753,0.773706982
IRAG2,674.379331,-0.022276839,0.055988437,0.467049508,0.773706982
NAB1,899.171912,0.023071969,0.054409276,0.466975553,0.773706982
TCP1,2846.008717,0.023697919,0.042835368,0.467031466,0.773706982
FAM161A,81.92302896,0.015929882,0.061993619,0.467168671,0.773739987
MYO1F,18096.00706,-0.021731332,0.044571622,0.46730529,0.7738586
SKA1,258.3599037,0.017680477,0.06052159,0.46746016,0.773958883
TMEM104,1659.573716,-0.021287432,0.05588744,0.46749587,0.773958883
COX6B1,2969.567537,-0.022975627,0.042497287,0.467615849,0.774049872
MEA1,1495.99931,0.024055412,0.044953137,0.467687282,0.774060489
NOP53,5394.240532,-0.023493515,0.036060093,0.467910117,0.774214029
TAGLN,273.5398844,-0.019024863,0.060126344,0.467903,0.774214029
CTSL,29761.30974,-0.019102393,0.047106306,0.468081083,0.774389285
BBIP1,222.256696,-0.020021005,0.059292902,0.468761871,0.774634507
CCDC159,215.3058242,-0.018734256,0.060331757,0.468494988,0.774634507
ELOVL5,2340.323719,0.025375138,0.052982147,0.46881492,0.774634507
GTF3C1,2667.241551,0.021513671,0.057148707,0.468757926,0.774634507
ITGA3,2443.401928,0.023428275,0.052203566,0.468606202,0.774634507
KHDRBS1,3901.835211,-0.022103669,0.037237723,0.468737581,0.774634507
PRSS36,623.7149391,-0.020334226,0.058641856,0.468327819,0.774634507
PTPDC1,232.4520084,-0.019202807,0.059911838,0.468398148,0.774634507
ZNF385A,8824.936159,-0.023514674,0.041576519,0.468587142,0.774634507
FLYWCH2,399.9211464,-0.022371847,0.055540732,0.469120477,0.774709291
PGAP1,221.5476854,-0.014841599,0.062179603,0.469081245,0.774709291
RSF1,1938.999247,0.024065168,0.049322769,0.469076492,0.774709291
SKIC8,776.6062914,-0.022571778,0.049087373,0.469077269,0.774709291
LY75,2409.637254,0.023999826,0.048587116,0.469222658,0.77477056
APOOL,778.6669142,-0.02378181,0.050132308,0.469523676,0.775105913
IER5,2512.708525,0.023577757,0.043157151,0.469559361,0.775105913
SHKBP1,3094.796357,0.021829956,0.054365329,0.469621079,0.775105913
TCTN3,934.64962,-0.02422053,0.047049397,0.469826209,0.775336986
ZNF7,491.8648759,0.023709814,0.051765958,0.469913982,0.775374354
RNF149,5440.90238,0.022485888,0.03972645,0.470054446,0.775498639
ADSS2,1848.367247,0.025398573,0.052010087,0.470321401,0.775831547
MTERF3,259.3146276,0.02035697,0.058611329,0.470521418,0.776053959
TOPORS,799.8256193,-0.023676084,0.050175212,0.470875335,0.776530111
ERMARD,436.7041619,0.022109604,0.056281505,0.471241794,0.777026809
SLC38A2,8995.176753,0.023291111,0.042053864,0.471417256,0.777208481
TMEM26,301.0649551,-0.018776727,0.060156377,0.471518649,0.777268004
TLCD2,427.9609926,-0.021631353,0.056938586,0.471627775,0.777340255
GGA3,2526.286866,0.023695349,0.049550392,0.471774045,0.777398286
KIAA0232,1734.040279,-0.023315644,0.052977317,0.471793584,0.777398286
KCTD5,1794.138875,0.023394788,0.043341727,0.471985842,0.777607452
KCTD17,796.9761751,0.022849708,0.052602176,0.472289908,0.777619263
KIFBP,938.4503694,0.023499933,0.047842988,0.472239177,0.777619263
MRPS10,888.1528731,-0.023549333,0.050297503,0.472319604,0.777619263
NDUFA1,1710.111841,-0.023548565,0.048024759,0.472260945,0.777619263
ZBTB1,1573.486884,-0.022974002,0.052488912,0.472172357,0.777619263
BCAS2,1044.759223,0.023233032,0.050052523,0.472631508,0.77802518
BEND3,95.7423108,0.016222962,0.061703202,0.472792518,0.778182626
ATP11C,620.6988866,-0.023487491,0.05235034,0.472925283,0.778191405
RELT,2625.074215,0.0234253,0.048655291,0.472928586,0.778191405
CASC3,2306.699412,0.023394742,0.042631734,0.473083839,0.77824192
MAGIX,59.10727048,0.011793087,0.062952026,0.473155398,0.77824192
SSR3,2968.223104,-0.022484776,0.054956154,0.473100649,0.77824192
EEF1AKMT3,249.7715721,0.02041241,0.058726085,0.473397595,0.778532722
RAC1,9838.309502,-0.022135046,0.038713334,0.473471731,0.778547094
CDC42SE2,1330.003214,-0.023509019,0.049054654,0.474755395,0.779855232
MAST3,1485.942851,0.023153356,0.054085532,0.474760805,0.779855232
MINDY2,1488.195391,-0.023471255,0.052982566,0.474791325,0.779855232
NCKIPSD,905.9961574,0.023092066,0.050055711,0.474789607,0.779855232
PSMG2,1122.764902,-0.023347469,0.044751169,0.474730684,0.779855232
WASHC3,368.7699395,-0.022053764,0.056499824,0.474423883,0.779855232
WIPF2,1979.778564,0.025978888,0.054159629,0.47437298,0.779855232
ZNF316,3597.448462,0.020788453,0.057520322,0.474788467,0.779855232
KCNC4,213.7392141,0.008784209,0.063340435,0.474858048,0.77985723
VCL,2205.250205,-0.023480953,0.049294882,0.475039859,0.7799621
ZNF846,230.0034607,-0.016784454,0.061282324,0.475052935,0.7799621
MPV17L,549.9283435,0.02146161,0.055057419,0.475283764,0.780233482
CTU2,313.8132791,0.020741135,0.058091771,0.475495096,0.780308259
FANCF,198.9432185,-0.019296032,0.059550328,0.475536839,0.780308259
RPE,1395.953192,0.023547266,0.046888285,0.475591493,0.780308259
ZNF470,197.0128139,-0.019479661,0.059375062,0.475570245,0.780308259
MEIS3,107.9736265,0.015500615,0.061802121,0.475735289,0.780329101
ZBED5,964.3179804,0.022423558,0.050740976,0.475676039,0.780329101
CGRRF1,233.4583627,-0.017340223,0.060926402,0.475818522,0.780358108
RPL23AP42,3190.856488,-0.023073074,0.050668038,0.475901254,0.780386285
ARHGEF18,2014.651752,-0.023460824,0.04835614,0.476188314,0.780578122
LEMD3,1042.151857,0.023081973,0.052733932,0.476168275,0.780578122
NDUFS2,3890.851235,-0.021708376,0.0378068,0.476328612,0.780578122
TAP2,4747.212676,0.019806012,0.056175056,0.476346078,0.780578122
TRPC4AP,4535.494533,0.023032537,0.040003025,0.476322086,0.780578122
ERI2,533.2176012,-0.021412508,0.056752076,0.476563921,0.780612752
HNRNPU,12061.03925,-0.022920932,0.040502199,0.476536386,0.780612752
MTMR9,454.1628462,-0.022878382,0.05265816,0.476458693,0.780612752
BRD10,805.1059716,-0.022925919,0.052777599,0.476821512,0.780712432
RNASEH2C,1093.072196,0.023201552,0.051431165,0.476778462,0.780712432
TMEM167A,2803.172386,-0.023155023,0.049240069,0.476722469,0.780712432
RALY,4977.135619,-0.022505838,0.040570263,0.476903783,0.78073976
CRAT,559.3460594,-0.022165563,0.056220665,0.477566075,0.781286037
PCDHB2,235.1232522,0.017013294,0.061180535,0.477631229,0.781286037
PMS1,293.2522082,0.017931884,0.060755557,0.477501759,0.781286037
RPL23AP82,237.3814733,-0.020620742,0.058054336,0.477600223,0.781286037
TMEM50A,4463.71264,0.022643878,0.0447194,0.477544685,0.781286037
XRCC2,169.199068,-0.017747417,0.060616881,0.477534824,0.781286037
DST,2515.929157,-0.020376537,0.044534694,0.477896362,0.78129033
FCRLA,256.2857781,0.019242184,0.059542109,0.477870127,0.78129033
PNPLA4,279.4994323,-0.019617305,0.059049827,0.477866188,0.78129033
SPC25,262.9895783,0.019465234,0.059866648,0.477892907,0.78129033
GAPDHS,70.29304756,0.014080425,0.062443244,0.478054757,0.781333074
MRPL34,1387.865842,0.023129469,0.043465905,0.478119399,0.781333074
SOD1,2285.128471,-0.023616669,0.049800641,0.478114007,0.781333074
GTF2B,860.9702088,-0.022724559,0.053397676,0.478300391,0.78151393
USP9Y,106.3079857,-0.015268969,0.061909473,0.478361361,0.78151393
IREB2,2790.134854,-0.023042442,0.049439483,0.478492411,0.781620768
ALG10B,456.0817745,-0.018623196,0.059503351,0.478636677,0.781641926
ZNF790,130.8652496,0.014107248,0.062208648,0.478598026,0.781641926
FLT1,384.4285561,0.020901767,0.057570709,0.478768651,0.781643004
SMAD6,1702.219582,0.022815907,0.050971037,0.478735891,0.781643004
CD37,960.2832844,-0.02343051,0.05032407,0.479006403,0.781923931
ACADS,635.3363993,-0.022590791,0.053891171,0.479110769,0.781963574
FAR2,1141.756538,-0.02316833,0.045712314,0.479162056,0.781963574
RPS15A,6034.73381,-0.012128824,0.0520919,0.47939962,0.782136833
YIPF3,2549.37942,0.023235714,0.042399002,0.479398877,0.782136833
ALDOA,31397.57203,0.024788505,0.045895698,0.47986194,0.782714196
PPIL1,614.5262374,0.021685677,0.056352613,0.479885,0.782714196
CCDC9B,899.219916,-0.023028475,0.050643851,0.480527888,0.782918951
CMTM7,1105.515377,-0.023180889,0.048312138,0.480414746,0.782918951
FASTKD2,701.1832803,-0.022402427,0.055400491,0.480208586,0.782918951
HELZ,1813.32168,-0.02252605,0.053410148,0.480289728,0.782918951
MIEF1,2494.084252,0.023703699,0.039166069,0.48024809,0.782918951
PARS2,204.6155884,-0.019021199,0.059412651,0.480413228,0.782918951
SH3RF3,837.6469837,0.020169919,0.058368236,0.480491616,0.782918951
TMEM87B,5490.996893,-0.022546738,0.042317018,0.480536646,0.782918951
JDP2,2185.632811,0.022889607,0.051653683,0.480728886,0.78301784
TMEM276,168.300563,-0.019339605,0.059229558,0.480716875,0.78301784
AGFG2,247.7081306,0.019465617,0.059295248,0.481030851,0.783188223
DNMT1,7641.391266,0.023931681,0.052119636,0.481026082,0.783188223
MNAT1,161.1323951,-0.014587861,0.062079566,0.480987516,0.783188223
MRPL40,657.6812397,-0.022772581,0.053187864,0.481184301,0.783223831
RCOR3,903.1084213,0.022847579,0.049431991,0.481161839,0.783223831
AP5M1,1395.159147,-0.02573481,0.04980624,0.481259316,0.783238845
ACTR2,26873.83109,-0.021472847,0.037930199,0.48158925,0.783358239
AP4M1,335.1591811,0.019772818,0.058736359,0.48169413,0.783358239
NKIRAS1,396.3088919,-0.021710094,0.056127436,0.481697937,0.783358239
PPIP5K2,2158.167733,-0.02299583,0.052027844,0.481727482,0.783358239
SMIM13,772.5854587,-0.023186386,0.048890228,0.481715918,0.783358239
UBE2L3,3330.113669,0.022946717,0.047873767,0.481533363,0.783358239
CCDC92,2293.816421,-0.022643741,0.042566529,0.481935939,0.783483184
CRYZ,433.0837393,-0.021926998,0.055410391,0.481874621,0.783483184
TSPAN3,8424.355719,0.01891716,0.031411938,0.482204011,0.783811953
PSEN1,4906.482376,-0.021940832,0.040137571,0.482338712,0.783923873
APOBEC3B,552.3082852,-0.022502025,0.053564681,0.482426706,0.78395986
NCAPD3,1271.892361,-0.022782014,0.04233136,0.483037131,0.784844691
PHF11,650.0119168,0.021822682,0.053410101,0.483127922,0.784885087
FAM151B,139.8051264,-0.01688459,0.060520006,0.483339508,0.785121686
CATSPERG,65.82698331,-0.012350146,0.062687296,0.483593895,0.785427739
ARID5A,2909.168156,-0.022934792,0.045942187,0.483810638,0.785619567
CENPC,480.1413964,-0.020786403,0.05710833,0.483976827,0.785619567
CWC27,1044.161911,-0.022709052,0.050495767,0.484365986,0.785619567
KIN,483.617994,-0.01808206,0.05987022,0.484150937,0.785619567
NUBPL,180.3919818,-0.015036976,0.061848827,0.483944743,0.785619567
PDZD11,600.8878341,-0.022900687,0.04985201,0.484370036,0.785619567
STARD13,426.0110576,-0.019457226,0.057169438,0.484251476,0.785619567
TFCP2L1,524.7855108,0.016307083,0.061285404,0.484010362,0.785619567
TLN2,673.761389,-0.016224805,0.061250462,0.484254313,0.785619567
ZNF587,575.4092634,0.01818426,0.061405288,0.484371913,0.785619567
BZW1,4144.425843,-0.023367488,0.045387918,0.484444386,0.78563008
BRF1,862.3796663,0.019897034,0.058647073,0.48463386,0.785781975
EMB,61.1558667,0.013637833,0.062359786,0.484670058,0.785781975
ZNF674,90.64969539,0.012038697,0.062731667,0.484748911,0.785802803
STAMBPL1,147.8989629,0.016696948,0.060742053,0.485099998,0.786264871
RAB11FIP1P1,230.4175432,-0.018204864,0.060505118,0.485276166,0.786443338
PTTG1,439.3282423,-0.021807729,0.05503926,0.485516649,0.786511867
SNRNP27,615.9314415,-0.021563871,0.055031409,0.485499553,0.786511867
ZFP14,188.5979507,0.015388382,0.061691543,0.48540258,0.786511867
SLC35E2B,2664.788564,-0.02122588,0.046644788,0.485622968,0.786577066
TRAPPC6B,901.6598201,-0.022047699,0.054412112,0.48570343,0.786600372
TSPOAP1,73.15061547,0.010870472,0.062982593,0.485816559,0.786676568
ATAT1,204.218412,0.018671983,0.05964088,0.486023956,0.786788439
HES6,311.1646836,0.021514295,0.055807601,0.486083912,0.786788439
TMEM216,144.2100479,-0.017230012,0.060629051,0.486000252,0.786788439
ADSL,1480.242552,0.024980315,0.049438626,0.486558447,0.787449471
SEC31B,471.9448933,-0.016882264,0.060745873,0.486635987,0.787467911
BRF2,426.8042683,-0.020900955,0.056512352,0.486870999,0.787634087
EEF2,49349.51436,-0.022803355,0.047072011,0.486863863,0.787634087
SFR1,122.0816141,-0.015870451,0.061355789,0.487073884,0.787855244
PIDD1,463.2292149,0.019090397,0.059133543,0.487165003,0.78789558
COG2,1137.710489,-0.021429849,0.054597812,0.487298755,0.788004846
TAF8,647.4548719,-0.022379104,0.053148189,0.487456169,0.788152342
EME1,176.5198268,-0.015657235,0.061440392,0.487632732,0.788305158
SLC30A9,1689.366102,-0.022237781,0.048119076,0.487748362,0.788305158
ZNF134,587.8750625,-0.019160702,0.058862895,0.487749331,0.788305158
DDX52,1168.437782,-0.021984907,0.052068296,0.487952797,0.788419931
RUFY2,275.5858502,-0.019504034,0.058529521,0.487909387,0.788419931
SCAPER,272.2111897,-0.011906479,0.062632205,0.488060486,0.788486916
AIFM3,106.7939849,0.012436925,0.062610306,0.488217389,0.788494925
HACL1,441.7592013,-0.020336227,0.057666716,0.488310649,0.788494925
SH2D3C,300.181383,-0.014334014,0.062000698,0.48832354,0.788494925
ZNF407,614.4583347,-0.022703947,0.05231209,0.488330372,0.788494925
TRMT61A,516.5689334,0.021628064,0.053424631,0.488443803,0.788571126
ARFGAP2,2766.241458,0.022537973,0.042674955,0.488754126,0.788797204
ATOH8,205.5820034,-0.0172387,0.060487299,0.488696122,0.788797204
MDFIC,3419.926323,-0.02340855,0.052391405,0.48878261,0.788797204
ATP2A3,102.6514553,0.011592601,0.062809476,0.488887003,0.78884048
FLCN,2302.023338,0.021915676,0.05652099,0.48900821,0.78884048
MXRA5,202.1187691,-0.016142853,0.061188955,0.488962763,0.78884048
ANKRD13B,88.36888776,0.013553787,0.062410845,0.489165716,0.788912093
CACYBP,1568.434657,-0.022445825,0.049453307,0.489823242,0.788912093
CCDC24,135.0372523,-0.017077662,0.060632912,0.489600698,0.788912093
CDC20,1263.201593,0.02013425,0.053641049,0.489847537,0.788912093
MIB2,832.1074471,0.019799078,0.056103902,0.489632094,0.788912093
SDSL,1303.351121,-0.02265701,0.049233748,0.489847811,0.788912093
SPPL3,1283.40584,-0.022663899,0.048659989,0.489588168,0.788912093
SRRM1,2106.144668,0.020636617,0.045968518,0.489195418,0.788912093
SUMO1,2131.119518,-0.022510613,0.049016434,0.489592498,0.788912093
TICAM2,214.3175471,0.015880949,0.061353798,0.489266049,0.788912093
WIPF1,10085.03282,-0.019560335,0.035947543,0.489488093,0.788912093
ZBTB8OS,333.4713913,0.021181517,0.055880974,0.489666129,0.788912093
ARF5,2110.400534,-0.022086841,0.042283467,0.49043933,0.789121206
LRRC37A,110.1844952,0.014824101,0.061525968,0.490441647,0.789121206
MNT,1183.059203,0.021036492,0.05596266,0.490421931,0.789121206
PRR5L,659.8836176,-0.021202008,0.054743653,0.490281981,0.789121206
SUPT20H,981.5517919,0.022181768,0.052686463,0.490304379,0.789121206
TBCD,1864.359697,0.022677572,0.045550408,0.490346247,0.789121206
USP31,401.8713928,0.020709574,0.057695518,0.490237979,0.789121206
NANS,2250.943975,-0.021740671,0.039944805,0.490665692,0.789155672
NHLRC2,693.3196587,0.022569235,0.053466138,0.490729333,0.789155672
RPS19,12347.14599,-0.022298027,0.042599791,0.490794506,0.789155672
SAMD12,98.37425275,-0.014555684,0.061980821,0.490689313,0.789155672
SRP19,966.4308525,0.021756588,0.049505941,0.490659052,0.789155672
ZNF827,612.091799,-0.017278922,0.060354249,0.4908779,0.789183174
ZNF780B,526.9610607,-0.020007273,0.057733004,0.490982912,0.789245417
TTI2,295.909053,-0.0196155,0.058123789,0.491049994,0.789246683
RIMBP3,145.3650059,-0.014460049,0.061477999,0.491146008,0.789294441
CD99P1,74.2522447,0.012833021,0.0624448,0.4918836,0.789360285
CHD7,1012.026382,-0.017624881,0.059102827,0.491629464,0.789360285
E2F3,1234.368015,-0.022505742,0.049061169,0.491959544,0.789360285
H2AC6,683.7311944,0.022113766,0.051687532,0.491256957,0.789360285
KGD4,454.533174,0.019651407,0.055826658,0.491456331,0.789360285
NUDT13,121.47054,-0.016552826,0.060838138,0.491973923,0.789360285
RAB40C,658.6366352,-0.0218942,0.052995755,0.491905005,0.789360285
SDHAF4,171.2382508,0.017987227,0.060905111,0.491713114,0.789360285
SETD7,2788.410083,0.022512538,0.0432063,0.491982639,0.789360285
SHISA5,7460.489313,-0.02311344,0.045353714,0.491531901,0.789360285
SLC2A5,4168.550071,-0.021001726,0.055019365,0.491553437,0.789360285
ZBTB45,633.7304255,0.021883617,0.053925898,0.491874721,0.789360285
NDUFA8,1173.82457,-0.02245227,0.045783324,0.492209071,0.789617167
DNAJC9,1187.314552,-0.022623521,0.049483165,0.492690226,0.789791114
EIPR1,882.5076974,0.022219772,0.051889863,0.492771646,0.789791114
IL11RA,224.5330375,-0.017016417,0.060456204,0.492687792,0.789791114
KDM2A,4036.402681,0.020356556,0.035614739,0.492714614,0.789791114
RBM27,794.2545643,-0.021681999,0.052724064,0.4926579,0.789791114
SLC25A1,2029.723523,0.022440524,0.049470363,0.492391732,0.789791114
SNX2,6177.303186,-0.020958408,0.038584935,0.492790057,0.789791114
TRNAU1AP,523.3325595,0.020578914,0.054719665,0.49284823,0.789791114
ARHGAP1,1807.860589,0.022293969,0.049757094,0.493133936,0.790142598
NSFL1C,2099.229107,0.022246693,0.048306019,0.493414069,0.790485062
PMM1,407.5136042,-0.020710828,0.056100667,0.493498166,0.79051341
TIMM23B-AGAP6,251.8076752,0.019079136,0.059496261,0.493901555,0.791053143
ACTB,147159.1721,0.025009174,0.043583728,0.4940112,0.791122322
POGK,2517.424302,-0.02246192,0.044411377,0.494210719,0.791335389
RFX7,996.4371972,-0.020495809,0.056444914,0.494312377,0.791391723
SH3YL1,448.4091458,-0.018705633,0.05895587,0.495029852,0.79243383
SYNJ1,856.8805747,-0.02201222,0.054842724,0.495470583,0.79303271
ENDOV,160.6354533,0.016156486,0.06101709,0.495900434,0.793518219
IRF2,1826.021816,-0.022232065,0.048927098,0.495907228,0.793518219
ASF1B,619.3111182,0.019913383,0.054144634,0.496158733,0.793813965
ANK1,111.6417005,0.013645146,0.062117819,0.496381961,0.794041801
ATG3,2095.178428,0.022502407,0.041951858,0.496669776,0.794041801
ATM,3343.64688,-0.021305135,0.051654993,0.496701326,0.794041801
KLHL22,455.8719932,0.02152256,0.054186818,0.496577834,0.794041801
NAA38,695.3029615,0.022164998,0.052556841,0.496511981,0.794041801
ZNF131,717.9728361,0.02154229,0.053793668,0.496620317,0.794041801
NSF,2039.162243,-0.022199407,0.046124216,0.49700438,0.794390352
SLC41A3,741.863405,-0.021699531,0.05249109,0.497052813,0.794390352
SMG8,547.5142008,0.022167101,0.050404003,0.497168867,0.794469176
FAM91A1,2479.803148,-0.022219915,0.044361999,0.497618413,0.794760828
HNRNPH3,3959.321961,0.021909015,0.044757048,0.497541859,0.794760828
UBXN7,1826.313789,-0.021292925,0.0414735,0.497427311,0.794760828
ZNF283,137.4034486,0.012996655,0.062293102,0.49757909,0.794760828
SEPTIN6,1639.820826,0.021654727,0.044220646,0.498146413,0.795497391
MXRA7,807.2700769,-0.022197621,0.053296131,0.498349281,0.795714617
BAZ1A,2431.71262,0.021813543,0.05375661,0.498564267,0.795737713
NUP98,3331.693118,0.022389265,0.050042269,0.49843365,0.795737713
RAB29,2046.00704,0.020909367,0.038380063,0.498531421,0.795737713
PKIG,133.8117763,0.016166511,0.060849327,0.498693088,0.795836624
CPEB4,3102.631982,-0.0218671,0.052308817,0.498830155,0.795887795
DNAH14,108.7274027,0.015469747,0.061232253,0.498869534,0.795887795
WDR46,1186.24499,0.022219918,0.046250155,0.498925713,0.795887795
PSMD14,1919.886299,0.021594372,0.049784117,0.499340857,0.796443314
ASNSD1,638.0094265,0.021584327,0.052269669,0.499511448,0.796484271
ING1,371.6278598,-0.016939804,0.054445047,0.499701052,0.796484271
MSANTD7,458.487224,0.020688459,0.055850692,0.499697576,0.796484271
OSTF1,3565.922647,-0.023652977,0.046577187,0.499636853,0.796484271
TRIM41,1957.941902,0.022342477,0.047697803,0.499657554,0.796484271
PNPLA2,2979.893311,0.018349594,0.054907409,0.499988292,0.796835423
FAM200A,154.8518593,-0.017930804,0.059383244,0.500855346,0.797877597
GMCL1,426.8873881,0.017477242,0.060014721,0.500793227,0.797877597
IP6K2,1123.641492,-0.021940576,0.044732417,0.50081434,0.797877597
NEUROG3,88.57130274,0.014044355,0.061868975,0.500977324,0.797877597
SPA17,152.3218297,-0.011334604,0.062675991,0.500959233,0.797877597
KCNJ6,61.91827585,-0.010515971,0.062871524,0.501195715,0.798118644
ABCB10,937.455279,-0.021757824,0.051340147,0.502433461,0.798137767
FANCM,255.4907301,0.016134439,0.060736169,0.501817214,0.798137767
FHIP2B,1481.431468,0.021757545,0.051769777,0.501767141,0.798137767
GTF2H2C,310.2002185,0.017406972,0.059888336,0.501877972,0.798137767
HAUS5,409.4752133,-0.019917331,0.056666409,0.502181805,0.798137767
IFT20,494.6375886,-0.021030519,0.05408408,0.502160359,0.798137767
LETMD1,1020.230536,-0.0220592,0.048056769,0.502192439,0.798137767
MYL6,17249.48762,0.020475695,0.037414649,0.501975306,0.798137767
NAB2,1977.896848,-0.021447296,0.052393807,0.502220901,0.798137767
NBPF26,499.6704468,0.019957394,0.054906788,0.50179484,0.798137767
NDFIP2,689.3636196,0.020065394,0.057073734,0.50157089,0.798137767
OSGIN2,1489.419797,-0.021654688,0.050065293,0.502344792,0.798137767
SERTAD3,841.8276817,0.020133894,0.049848058,0.502332852,0.798137767
SUPT16H,3098.786084,0.020918043,0.039177762,0.502309447,0.798137767
TRUB2,976.9949527,0.021491412,0.050276399,0.502463419,0.798137767
TUBGCP3,1409.941807,0.021822718,0.051465797,0.501460693,0.798137767
USP7,3043.840096,0.02307598,0.044658089,0.501787426,0.798137767
ZBTB20,314.8422674,-0.007525641,0.063339372,0.502400355,0.798137767
ZNF700,330.5887061,-0.018826782,0.058608256,0.502481526,0.798137767
CAPN5,142.7916874,-0.016161537,0.060671479,0.502851801,0.798159587
DNAJC2,752.4972698,0.021997721,0.051213434,0.502802102,0.798159587
IFRD1,1015.797918,0.020938448,0.052892507,0.502897527,0.798159587
IST1,4301.801599,-0.019557569,0.035874014,0.50284469,0.798159587
NPIPB4,702.8056849,0.021023716,0.054509022,0.502676365,0.798159587
ZNF174,266.5157529,-0.017915655,0.059257014,0.502792966,0.798159587
FBXO6,498.5191572,0.019099177,0.058340235,0.503036414,0.798273595
SDF4,7855.314808,0.022349619,0.040343008,0.503176976,0.798345394
THOC1,736.248293,-0.022736793,0.048202003,0.503215778,0.798345394
SURF2,293.7269445,0.020298839,0.056151772,0.503579739,0.798709939
ZBTB12,92.12183964,-0.014489754,0.061587371,0.503560982,0.798709939
EMC4,1373.598087,-0.024300408,0.045617934,0.503886284,0.798937887
PRRG3,68.36928626,-0.010558159,0.062816264,0.503811754,0.798937887
SFXN4,507.7806721,0.021173252,0.054631856,0.503924787,0.798937887
CENPQ,165.6274786,-0.017097817,0.059937432,0.504181129,0.799043123
GORASP2,1892.994329,0.021794499,0.046388121,0.504192519,0.799043123
KLRG1,82.04642249,0.012337503,0.062390059,0.504145165,0.799043123
CSNK2A1,3356.651872,0.019501539,0.034778327,0.504333452,0.799072879
SMARCC2,2964.239634,-0.021550648,0.050257799,0.504345537,0.799072879
NPEPPSP1,219.7687375,0.017435902,0.059620921,0.504623419,0.799334918
ZNF644,1049.627043,0.021276826,0.050075922,0.504645211,0.799334918
BIRC6,3224.843196,-0.022317475,0.04831928,0.504886749,0.799563971
NBEAL1,473.0324135,0.018385279,0.05773917,0.504924144,0.799563971
KDELR3,126.3122963,0.015646998,0.061027597,0.50500945,0.799564056
ZMYM4,1527.226923,-0.021254253,0.052315502,0.505058522,0.799564056
YWHAZ,15718.86502,0.019650292,0.038054648,0.505165884,0.799627689
AKAP5,67.86526988,-0.011709679,0.062507583,0.50562359,0.799655052
C11orf58,5115.628154,0.021672806,0.04453044,0.505530845,0.799655052
HEATR3,927.9823154,0.02041066,0.05461822,0.50551739,0.799655052
ISY1,853.010383,-0.021037364,0.053431666,0.505373388,0.799655052
LPXN,2767.292437,0.022010217,0.043471342,0.505653359,0.799655052
MRPL41,1972.561813,0.021921952,0.044022519,0.505608089,0.799655052
RAB43,2050.815336,-0.019596407,0.056478731,0.505339346,0.799655052
WDR37,2002.769969,-0.020290689,0.03997855,0.505741209,0.799687753
CCRL2,1170.310531,0.021558713,0.051404647,0.505815612,0.799699184
DERL1,2666.185143,0.020933696,0.050428073,0.506129876,0.799876287
PIGK,747.6575404,-0.019452417,0.057168196,0.506194894,0.799876287
SEC23A,1634.043678,-0.021393919,0.04238629,0.506196383,0.799876287
ZBTB8A,163.1563948,-0.014908878,0.061279025,0.505998899,0.799876287
UBE3C,2344.140144,0.020444991,0.03870465,0.50626977,0.79988608
ATIC,1843.525342,-0.021238744,0.052455015,0.50705517,0.801020674
TRIM68,284.6473268,0.019380572,0.057259747,0.507141233,0.801050335
MAP3K9,186.2866712,-0.013935798,0.061700649,0.507376059,0.801314936
SLC44A1,1500.733499,0.021806105,0.050926521,0.507499026,0.801402825
CYB561D2,873.6086882,0.021454161,0.046612497,0.507669767,0.80145983
ZNF132,98.82940262,-0.014974917,0.061177483,0.507605341,0.80145983
ZNF675,213.8202439,0.018291216,0.058653775,0.507790585,0.801544273
DDX27,1594.009616,0.021445377,0.04411633,0.507943767,0.801573508
DNM1P47,108.2872181,-0.013430057,0.061928752,0.5079273,0.801573508
H2BC12,739.5700427,0.017790669,0.052760927,0.508053802,0.80164089
HNRNPDL,6308.593388,0.021693762,0.046713204,0.508161038,0.801667381
SNAPC2,467.3714449,0.019639085,0.056806261,0.508205269,0.801667381
ARMC8,1173.571762,0.021457911,0.051697016,0.50873046,0.802176971
CARNMT1,464.300492,-0.019005725,0.055098087,0.508693494,0.802176971
CFAP20,466.1296583,0.019758226,0.05434907,0.508645477,0.802176971
RPL26L1,454.8288014,-0.019097926,0.057389587,0.508898443,0.802335581
MANBAL,615.2187655,-0.02126175,0.051544298,0.509017103,0.802416395
MFAP1,1053.840332,-0.021094056,0.052436386,0.509533903,0.802623525
PARM1,226.2697508,0.017560512,0.059349785,0.509542638,0.802623525
PDIA4,4954.014811,0.02145081,0.045975108,0.509532617,0.802623525
RAB11FIP1,2123.088527,-0.021586914,0.049361786,0.509553011,0.802623525
SLC37A3,83.08028832,0.012097029,0.062339824,0.509518198,0.802623525
YIF1B,1763.770388,0.021246446,0.042239814,0.509304857,0.802623525
DYNLL2,2195.762018,-0.021770716,0.045774776,0.509758335,0.802840717
OR5AS1,152.1502573,-0.016390767,0.060228871,0.509834275,0.802854106
PCGF5,1439.863671,0.021912807,0.047495993,0.51000891,0.80302289
ABHD10,816.9878042,0.020880783,0.05107592,0.51084871,0.80354025
CCZ1P1,62.44817999,-0.011500143,0.062522445,0.510781528,0.80354025
DNAAF9,1597.143522,-0.021196361,0.042601627,0.510473282,0.80354025
FFAR2,111.0146272,-0.010339897,0.062798315,0.510877459,0.80354025
GTPBP10,433.5436119,-0.017875035,0.058919293,0.510516793,0.80354025
PPIL3,671.735665,0.020283277,0.054956532,0.510743703,0.80354025
RAB5A,1670.04687,-0.021852464,0.050581117,0.510689707,0.80354025
SOCS4,761.8350549,-0.018203384,0.058434753,0.510819986,0.80354025
ZNF480,313.569207,-0.0186051,0.057726257,0.510979705,0.803594899
C11orf98,774.5298108,0.020333767,0.051294127,0.511073142,0.803635683
GYS1,1643.840354,0.020844037,0.051861168,0.511374519,0.804003388
CYP2R1,313.6938896,-0.01723254,0.058884762,0.511664492,0.804022753
HES2,323.7137086,-0.015016736,0.061054347,0.511568527,0.804022753
PURA,1260.799088,0.021689224,0.0507149,0.511724519,0.804022753
SIK3,1432.860488,0.021242436,0.051357253,0.511607405,0.804022753
UBA1,9129.182356,0.024196664,0.041604779,0.511679052,0.804022753
CNPY4,216.2195122,0.017087788,0.059693093,0.511954179,0.80416896
H4C8,83.97665484,0.009874205,0.062889548,0.512106919,0.80416896
NEU3,1126.486846,0.020066944,0.052758438,0.511965086,0.80416896
REEP5,3779.76156,-0.020454634,0.041628287,0.512031119,0.80416896
RFNG,763.7714222,-0.019574754,0.055919955,0.512155318,0.80416896
FRAT2,1065.206798,-0.021535497,0.047407003,0.512328059,0.804334109
PIGZ,111.5101631,0.014439639,0.061768306,0.512403819,0.804346975
AGPAT2,2557.608103,0.021279682,0.043431445,0.512935476,0.804491124
CC2D2A,223.5842819,0.017407647,0.059326332,0.512915281,0.804491124
CNOT6,1195.571551,0.017597132,0.057979885,0.513023139,0.804491124
DHRS7B,474.3854954,-0.020598051,0.054116349,0.512735914,0.804491124
NRP1,19263.22124,0.021401639,0.041124956,0.513036255,0.804491124
PLD2,2738.708076,0.020886405,0.051680483,0.512889146,0.804491124
PNRC2,2382.343223,-0.021284824,0.042740185,0.512740225,0.804491124
TRIM33,1954.635309,-0.021221316,0.041730678,0.512611683,0.804491124
KLHDC2,745.30023,-0.021403231,0.04830456,0.513105424,0.804493622
HS3ST2,492.0036119,-0.02008011,0.05597847,0.513242741,0.804497016
ZNF483,100.8924684,-0.012388969,0.062188392,0.513241784,0.804497016
ABCB6,133.2775565,0.014421635,0.061061591,0.514737943,0.804555534
ARNT,1535.464906,0.021165554,0.050471504,0.514346013,0.804555534
BCL7C,785.2597701,0.026438696,0.049189969,0.515307513,0.804555534
CA11,163.0299847,-0.01446622,0.06127305,0.51524887,0.804555534
CSTF1,847.8131478,-0.020791993,0.05028856,0.514241093,0.804555534
DPH1,1067.768639,-0.020246021,0.053922707,0.515119402,0.804555534
DYNC1I2,2835.646899,-0.021658167,0.047077009,0.513588912,0.804555534
EEF1E1,263.5541475,0.018394103,0.058181785,0.514958292,0.804555534
GMNN,467.3872503,0.020905343,0.052741936,0.514493141,0.804555534
GPR137,1011.161577,-0.021556337,0.049202107,0.513559075,0.804555534
HDAC7,2522.073647,0.021282027,0.048527043,0.515140854,0.804555534
HM13,12219.58385,-0.02118969,0.042826329,0.513859763,0.804555534
INSIG2,874.6464579,0.01947121,0.05641773,0.513799964,0.804555534
KIF5C,80.74655705,-0.013170624,0.061865952,0.515186878,0.804555534
LIX1L,711.3733931,-0.021279144,0.04897946,0.513800632,0.804555534
MFSD3,497.1181499,-0.019895282,0.055150376,0.514813391,0.804555534
NDUFAF4,394.6327326,0.019802412,0.056931535,0.513917039,0.804555534
PEAK1,1782.588614,0.020032086,0.055395222,0.515032485,0.804555534
PRAF2,179.5008049,0.017010226,0.059612855,0.514232146,0.804555534
RASAL3,1367.027226,-0.020909022,0.051987986,0.514161823,0.804555534
RPL14,8552.039787,-0.021515399,0.045180044,0.515277571,0.804555534
SCMH1,683.0493622,-0.02116968,0.050350508,0.513983474,0.804555534
SEC11C,1067.436996,-0.020128217,0.053968894,0.515230085,0.804555534
SH3BP1,5957.112309,0.021095961,0.051129497,0.515130086,0.804555534
SRCAP,3416.484113,0.016752989,0.055750304,0.51438291,0.804555534
TIFAB,328.314699,0.015656343,0.06067638,0.513355958,0.804555534
TMIGD3,2312.141075,-0.021538133,0.049642889,0.513704405,0.804555534
UCHL5,881.2831403,0.020606478,0.050609192,0.514970661,0.804555534
VPS4A,2014.974145,0.02017097,0.038366027,0.514612729,0.804555534
ZFPL1,729.5049714,0.020914682,0.053295294,0.513811223,0.804555534
AKT1S1,2067.400929,0.024468115,0.047977166,0.515392505,0.804582713
PAFAH1B1,4543.36645,0.020296617,0.038586238,0.515552199,0.804620993
TIA1,1244.751403,0.021897623,0.050451711,0.515518558,0.804620993
UROD,2173.278284,-0.019914669,0.038014547,0.515650781,0.80466936
FNBP1L,564.0783314,-0.020929297,0.05142535,0.516063629,0.804809041
NBDY,842.3304856,-0.02123897,0.0469849,0.515972929,0.804809041
NIPAL4,67.3647214,0.01186784,0.062319223,0.515991452,0.804809041
POLDIP3,2288.603088,-0.020941499,0.055048355,0.516078305,0.804809041
RPTOR,1791.820871,-0.021123406,0.050673512,0.515932471,0.804809041
AUH,495.4491575,-0.020757701,0.052304182,0.516248574,0.804969126
ARPC5L,1218.715778,0.020325298,0.050556973,0.516492741,0.80524438
ATP5MG,3959.027679,-0.020965385,0.043945273,0.516871878,0.805449931
DPAGT1,1220.872753,0.018832262,0.056746644,0.51679467,0.805449931
PPM1H,947.3003371,-0.020921975,0.05218057,0.516763163,0.805449931
SYF2,1709.735399,-0.021226571,0.044804293,0.51689521,0.805449931
CALM3,8396.534596,-0.019903594,0.038175668,0.518271536,0.805997021
CAPRIN2,545.5754705,-0.018081213,0.058334098,0.518281182,0.805997021
DARS2,930.2966752,-0.021354671,0.049001249,0.517597809,0.805997021
EIF3M,2358.318312,-0.021160833,0.048210081,0.518329542,0.805997021
HSF2,125.7342188,-0.013279022,0.061752215,0.517507302,0.805997021
KIF22,1434.080752,0.021088645,0.043749104,0.517863668,0.805997021
LSM1,699.5635908,-0.018267613,0.054313255,0.517618234,0.805997021
LSR,214.7203827,0.01598511,0.060114291,0.517920504,0.805997021
MINDY3,519.0457709,0.019032472,0.057331217,0.517754487,0.805997021
MYO10,985.9069549,-0.021303789,0.049303049,0.518321548,0.805997021
NFE2L2,2828.488536,-0.020717774,0.040604501,0.518311349,0.805997021
PON2,591.7594849,-0.020370114,0.053512215,0.518137306,0.805997021
PPM1B,2128.271478,-0.021341708,0.044532853,0.517417153,0.805997021
TDP1,615.1420462,-0.019445527,0.055951664,0.517735038,0.805997021
TMEM14B,1312.910927,-0.021882749,0.044617335,0.517430336,0.805997021
XRRA1,138.3355246,-0.012500696,0.062039694,0.51804367,0.805997021
CCDC107,711.8943003,-0.02090945,0.049981401,0.51893155,0.806317901
COX17,642.936778,0.020111005,0.052163975,0.518676103,0.806317901
HIGD2A,2063.213233,-0.020569355,0.04181676,0.519008472,0.806317901
NR4A2,76.05309762,0.012800755,0.061966175,0.51883499,0.806317901
NT5C2,2552.459712,0.021024031,0.050295453,0.518819352,0.806317901
PANX1,1029.151966,0.020857453,0.04712446,0.51906926,0.806317901
PGPEP1,3072.625402,-0.021360543,0.046453903,0.518671773,0.806317901
PRELID3B,1668.524587,0.021179412,0.044217788,0.519077732,0.806317901
DOK1,2405.175532,0.020738089,0.048060572,0.519211878,0.806421058
C19orf53,1655.145996,0.020860419,0.043906428,0.519422863,0.806495504
OXLD1,635.4054993,0.020366136,0.053667704,0.51938816,0.806495504
PGGHG,432.1340545,0.015498617,0.060556122,0.519463043,0.806495504
TECR,3344.100302,-0.020370949,0.040443618,0.519560501,0.806541631
ATP6V1A,3824.509854,-0.02107993,0.048467053,0.520871046,0.807010888
BLVRB,1279.204737,-0.020640622,0.052240335,0.520388599,0.807010888
CD300A,780.4353235,-0.020797029,0.051496712,0.520021994,0.807010888
CWF19L1,330.985713,-0.01707814,0.059139577,0.520109247,0.807010888
DNAJA4,195.0871451,0.015401559,0.06055135,0.520840343,0.807010888
MED18,581.5102611,-0.02077748,0.050967116,0.520167262,0.807010888
NUP54,694.4526566,-0.019864516,0.053918598,0.520532885,0.807010888
RHOQ,3960.237752,0.020639406,0.043845822,0.520312827,0.807010888
SARDH,185.5866352,-0.015419358,0.060367099,0.520580854,0.807010888
SWI5,131.8524921,0.015523537,0.060577129,0.520847373,0.807010888
TMEM79,235.0386269,0.016860327,0.059400143,0.520879602,0.807010888
TRIM24,751.2282434,-0.020759218,0.049585957,0.520794558,0.807010888
TXNDC5,3287.656243,0.020037832,0.037764453,0.520459641,0.807010888
WEE1,353.9084563,-0.01464471,0.060964617,0.520854155,0.807010888
ZNF552,202.0541817,-0.017679167,0.058464224,0.520240373,0.807010888
M6PR,13921.63869,-0.018789803,0.034825703,0.521125621,0.80728699
ANKRD23,65.14872135,-0.009765444,0.062823772,0.521289219,0.807435357
CAPZA2,4557.639747,-0.01835251,0.033820445,0.521657424,0.807512808
HYAL3,120.3999553,-0.014064639,0.06126184,0.521616184,0.807512808
LMAN2L,477.0662401,0.020326582,0.053458746,0.52155566,0.807512808
MCRIP1,1928.230262,-0.020906096,0.04580982,0.521595709,0.807512808
TM2D3,694.9938729,-0.021401257,0.049380448,0.521678371,0.807512808
DCHS1,123.5451512,-0.009472032,0.062786263,0.52177579,0.807558604
GLRX2,857.9827149,-0.020196261,0.053033394,0.52211757,0.807938597
IKZF2,361.7950009,-0.009680558,0.062833055,0.52220019,0.807938597
SPP1,970178.1796,-0.020745774,0.050109671,0.522224906,0.807938597
PTRH1,276.8493329,0.0177864,0.058290704,0.522357428,0.808038615
FAU,4268.009741,-0.02144853,0.045364095,0.522435993,0.80805515
AACS,462.8887413,-0.020054711,0.05361779,0.522806197,0.808357458
C3orf33,72.27132866,-0.010195847,0.062691796,0.522828557,0.808357458
GPX4,7582.542869,0.020639126,0.042585184,0.522835147,0.808357458
GINS3,270.0820077,-0.019178883,0.055922375,0.522956248,0.808439701
CCDC85B,1030.52497,-0.020549887,0.043926011,0.523382516,0.808457338
GCFC2,233.9027839,0.015241666,0.060594615,0.523683875,0.808457338
GCLM,357.4974475,-0.017239509,0.058760093,0.523238762,0.808457338
HEATR5A,1079.063006,-0.018273878,0.05757066,0.523375567,0.808457338
HNRNPD,5884.481888,0.02147383,0.044425304,0.523163249,0.808457338
LACTB,4127.083909,-0.019964539,0.041546759,0.523494742,0.808457338
LCORL,693.8531769,-0.020159647,0.05287239,0.523529007,0.808457338
PATL2,268.5543335,-0.019178912,0.057077805,0.523577478,0.808457338
PLEKHA3,475.9196841,0.013508835,0.061227862,0.523696521,0.808457338
SAE1,2464.166398,0.020271654,0.040323699,0.523324471,0.808457338
SZRD1,5292.224433,-0.019570836,0.035977393,0.523714657,0.808457338
KMT5C,507.9032861,0.018912495,0.056822391,0.52384511,0.808526509
LDHA,9771.750787,0.020935705,0.045575909,0.52394916,0.808526509
RPGRIP1L,72.5973633,0.010134568,0.062734091,0.52396321,0.808526509
HIKESHI,417.7201484,-0.019345583,0.055315133,0.524458122,0.808870831
MCOLN3,1381.104919,0.021192224,0.047247666,0.524328483,0.808870831
TAF5,337.10142,-0.019691636,0.054336564,0.524399999,0.808870831
ZNF503,1834.117799,-0.01995196,0.053686099,0.524363113,0.808870831
BET1,429.0326481,-0.01855735,0.05678183,0.525498509,0.809008114
C6orf136,398.6211788,0.019546211,0.0553905,0.524688749,0.809008114
CBR3,176.5163085,0.017258137,0.058721186,0.525321833,0.809008114
CHORDC1,835.1536537,-0.019440112,0.055030436,0.525037996,0.809008114
CYP20A1,845.4600255,0.018531396,0.055149157,0.525410441,0.809008114
EIF2B1,1331.501569,0.023260058,0.053695879,0.525098623,0.809008114
JRKL,257.3184269,0.0187821,0.056488185,0.524773423,0.809008114
LRRC8D,1264.966399,0.019577275,0.053490315,0.525345774,0.809008114
MYH10,1751.288049,0.011699644,0.057937948,0.524964339,0.809008114
PHC3,1584.363859,0.012888072,0.061756429,0.52506786,0.809008114
RPL41,21731.79016,-0.020340999,0.04353923,0.525236672,0.809008114
SSR2,2964.832548,0.019286428,0.036797615,0.525062607,0.809008114
TANC1,199.929373,-0.017238328,0.058680907,0.525431063,0.809008114
TENT2,2575.19467,0.02052795,0.048855634,0.525147629,0.809008114
ACSM2A,79.01982873,0.009796947,0.062771585,0.526311586,0.809048094
AMN1,130.8814421,0.015367351,0.0602622,0.525978069,0.809048094
CCNK,2652.603557,0.02397105,0.043234301,0.526236161,0.809048094
CCZ1B,1315.744576,-0.025418715,0.053621604,0.525595503,0.809048094
CHCHD2,3234.953599,0.019740571,0.044649844,0.526137613,0.809048094
KLHL21,1892.82428,0.017914123,0.052807179,0.525854127,0.809048094
NMRK1,352.1023993,-0.018720512,0.056475282,0.526339982,0.809048094
NOS1AP,68.18647368,-0.011564221,0.062198033,0.526273074,0.809048094
POMZP3,324.8306106,-0.019485262,0.054433064,0.525927357,0.809048094
PRDX4,1687.911629,0.019924379,0.041012998,0.526232751,0.809048094
RAD9A,421.0288188,0.018036118,0.058650777,0.525920251,0.809048094
SMAD4,1387.794119,-0.020056121,0.052519682,0.526301564,0.809048094
ODF2,874.3452469,0.02045545,0.046160767,0.526652663,0.809424212
OAT,3062.587885,-0.020250764,0.041863095,0.526730911,0.809439976
GPBP1,1329.470891,-0.020639266,0.048019717,0.526828495,0.809485446
EOGT,808.0863645,0.020464035,0.049161734,0.527002218,0.809631303
MMGT1,981.1112166,-0.020804358,0.04562893,0.527059437,0.809631303
ATP6V0D2,958.22502,-0.020078842,0.050742256,0.527218089,0.809667111
SUCO,702.8044754,-0.020698768,0.04993551,0.527218769,0.809667111
ZMYM2,1542.127661,-0.020634304,0.047338254,0.527327788,0.809730081
ATP5PD,2453.209741,-0.020661441,0.0489738,0.527720771,0.810124536
PTGER4,1560.611449,-0.019803277,0.052878276,0.527690796,0.810124536
FIGNL1,212.5715236,-0.01702998,0.058752799,0.527988283,0.8104307
PDCL,653.1286757,0.020418794,0.051411664,0.528345706,0.810770254
RCC1L,2367.955773,0.01764666,0.038295557,0.52829311,0.810770254
WIPI1,1748.134618,-0.02081895,0.044484868,0.528510974,0.810919338
POLR1F,528.6402844,-0.019456467,0.0545455,0.528650532,0.811028942
TOE1,300.955116,0.018288791,0.056697337,0.528736317,0.81105603
TCAF1P1,120.439495,-0.010826291,0.062459534,0.529046632,0.811427486
FARS2,325.1974421,0.018347691,0.057287919,0.529344733,0.811681122
MZT1,541.6844245,-0.017707506,0.057582296,0.52934836,0.811681122
POP4,834.5641534,-0.019266044,0.053733773,0.52942818,0.811698968
FMO5,111.8453953,-0.013106164,0.061544621,0.52953498,0.811758168
AEBP1,81.06443748,0.011038418,0.062394071,0.529881104,0.812184182
CACNA1D,73.32415343,-0.011283772,0.062331477,0.530022071,0.812295669
SLC7A6OS,894.836135,-0.020676524,0.048306214,0.53030752,0.812628526
ACTR1A,3875.434674,0.017689621,0.032880455,0.531995316,0.812704252
BMS1P4,86.4791068,0.012638173,0.061826988,0.531075785,0.812704252
CCSER2,905.0526954,0.018147825,0.053833462,0.530724977,0.812704252
DHRS7,1485.861897,-0.019193174,0.042615282,0.531173226,0.812704252
DHX32,954.1561794,-0.019389038,0.05014571,0.531634886,0.812704252
EFNA4,125.43844,-0.014242667,0.060891889,0.53191178,0.812704252
EML3,1936.308902,0.020444221,0.046228844,0.53195479,0.812704252
GDAP2,542.1802737,-0.017956401,0.057222914,0.531975138,0.812704252
KMT2A,1812.691379,-0.01974435,0.052130559,0.531264343,0.812704252
KPTN,344.1809329,0.01843214,0.05638922,0.531571651,0.812704252
MAD1L1,1142.622262,0.018631393,0.0563641,0.531021556,0.812704252
MBD3,3459.214199,0.020612464,0.047255015,0.530496503,0.812704252
NBPF11,522.250137,-0.018845707,0.053994228,0.530510948,0.812704252
NONO,9398.442339,0.020071677,0.043002208,0.531939826,0.812704252
P2RX1,71.48711574,0.011965247,0.062061396,0.531433709,0.812704252
RACGAP1,1228.112713,0.020551632,0.046952158,0.531408337,0.812704252
SDAD1,1140.224759,-0.02004414,0.0473303,0.530985771,0.812704252
SIGLEC11,665.2174623,0.020083132,0.05179056,0.531311133,0.812704252
SMNDC1,679.6533024,-0.019190743,0.05375242,0.530739023,0.812704252
SNX12,1910.200155,0.020067582,0.041837518,0.531349815,0.812704252
TRAPPC12,2311.791318,-0.019663078,0.040437122,0.531995116,0.812704252
TYSND1,489.6991101,-0.01940686,0.054242239,0.531370928,0.812704252
ZNF862,310.6520281,0.014932583,0.060506115,0.531791397,0.812704252
ZSCAN16,89.05583746,0.013769199,0.061205301,0.530827803,0.812704252
CDC14A,214.0955424,0.013220603,0.061322537,0.532382704,0.812722186
DLAT,1613.280307,-0.020290911,0.046141058,0.532189658,0.812722186
DUSP12,572.6724139,0.0203884,0.048763765,0.53228127,0.812722186
IFT81,130.6612645,-0.012937143,0.061555406,0.53221755,0.812722186
MIER1,1100.378222,-0.020530981,0.052138462,0.532178355,0.812722186
RGL3,660.4820119,-0.0143715,0.060760836,0.532521222,0.812722186
TMEM91,210.6074974,0.017084599,0.058015702,0.532553194,0.812722186
ZNF22,497.1682165,0.020201662,0.051247322,0.532493406,0.812722186
SNX27,2827.934734,-0.019384031,0.041775009,0.532768967,0.812947264
PPIA,23857.59195,-0.022751879,0.048195687,0.532894065,0.813033941
FAM3A,759.7771929,0.019711403,0.053369304,0.533307545,0.813456288
FGD5,7956.431783,0.020315958,0.04218092,0.533275235,0.813456288
ERCC4,606.1471433,-0.019161512,0.054319979,0.533582323,0.813771144
LRP3,1061.773403,0.017543473,0.056909261,0.534155908,0.814541577
ALDOC,71.35321856,0.008940755,0.062889826,0.534299616,0.814545713
AP4S1,227.538611,-0.016357312,0.059095807,0.534369295,0.814545713
ARL10,534.4846302,-0.015914945,0.059525671,0.534389196,0.814545713
LGALS8,2393.376533,0.019861713,0.042323598,0.534485052,0.814545713
OTUD3,213.0562521,0.005741184,0.063434951,0.534500723,0.814545713
AUP1,4409.550581,0.019090587,0.038342156,0.534641361,0.814551498
YIPF5,1136.802397,0.019845506,0.049756002,0.534629664,0.814551498
BEX3,2638.736917,-0.022178359,0.043878891,0.534739457,0.814596703
GNB1L,159.0545093,0.015248049,0.060056237,0.535007658,0.814689418
NSMCE2,479.0789462,0.017866254,0.054407034,0.535011188,0.814689418
TFAP2E,79.12343942,0.01134733,0.06220176,0.534909641,0.814689418
ZMIZ1,10754.52372,0.020653159,0.049080359,0.53507405,0.814689418
FBXL18,747.9162699,-0.019098538,0.056190268,0.535305581,0.814937716
ZNF879,72.20791579,0.010329999,0.062508317,0.535393639,0.814967559
SLC9A5,63.089783,0.009306768,0.062801557,0.535547732,0.815097897
ARPC5,11464.32667,-0.016360461,0.030195865,0.535630169,0.815119157
ABCF2-H2BK1,349.0417223,0.018728267,0.055487223,0.536073954,0.81526458
ALDH4A1,446.0400814,0.016546012,0.058819749,0.536136615,0.81526458
ATG2A,1807.072842,-0.020897221,0.050578181,0.536073601,0.81526458
GSDMB,69.61731576,0.011221401,0.062244286,0.536099431,0.81526458
RPA2,1115.591459,0.020223299,0.047450385,0.536040403,0.81526458
RRN3,965.2218174,-0.02042432,0.046932923,0.536029088,0.81526458
NMRAL1,711.824876,-0.02030731,0.048571891,0.536398602,0.815400496
STX7,5045.033173,-0.018492848,0.041029082,0.536431473,0.815400496
UPF3A,1671.279214,-0.019698026,0.04544693,0.536404076,0.815400496
EIF4A3,3397.809835,0.020090297,0.046171576,0.536850682,0.815829381
MARK4,942.6363338,-0.015327402,0.059068342,0.536842105,0.815829381
NKTR,2049.769996,0.019057023,0.051880292,0.537050604,0.81592489
RIMKLB,436.9205197,0.015236852,0.0599035,0.537004404,0.81592489
MTHFD1,2426.292971,0.020054668,0.044943299,0.537244935,0.816115981
P2RY8,74.43516046,0.012436919,0.061722196,0.537410664,0.816263581
MAP3K6,553.748874,-0.017967436,0.056686064,0.537602044,0.816450099
MRPL22,605.0164576,-0.01899983,0.053919354,0.537770292,0.816601445
ANKRD17,3238.158434,-0.01995327,0.042857579,0.537941948,0.816757926
FAM161B,114.8123798,-0.014044544,0.060819038,0.538109212,0.816907698
BLOC1S3,692.3994892,-0.019032992,0.054202605,0.53833222,0.816933726
KAT6A,2055.800054,-0.020868823,0.045236297,0.538288133,0.816933726
MZF1,1074.01084,0.017970856,0.05627629,0.538281211,0.816933726
BRIP1,436.2550623,-0.015787778,0.058961293,0.538468088,0.816969371
FBXO28,1347.837626,-0.018050026,0.05635892,0.538492957,0.816969371
PTCD1,529.5552523,-0.018361202,0.056021643,0.538882781,0.817456615
ANKRD12,2320.001309,-0.019299363,0.052985192,0.539132437,0.817542308
ASPSCR1,1147.9394,0.019083392,0.051254373,0.539213961,0.817542308
GNAI2,24202.13098,-0.018516712,0.037159653,0.539208984,0.817542308
MAP3K3,2790.398364,-0.018195488,0.038269289,0.539197858,0.817542308
ABL2,2391.512141,0.0204483,0.048346532,0.539804519,0.817884983
CCDC66,313.135741,-0.016824117,0.058038403,0.539578556,0.817884983
FAM50B,113.7655212,-0.012752718,0.061001135,0.539799033,0.817884983
IGFL4,116.2083271,-0.013574456,0.061023209,0.539852179,0.817884983
RBBP5,631.6133239,-0.019602205,0.051062055,0.53965473,0.817884983
ZNF334,145.5336733,-0.014211266,0.060392918,0.539682404,0.817884983
FUNDC1,319.0207613,-0.016229355,0.058878879,0.540020666,0.817981805
GTF2F2,685.9439276,-0.017986612,0.056336696,0.540117571,0.817981805
RIN3,4008.518116,-0.019019937,0.053942076,0.540122215,0.817981805
FAM229A,203.9469865,0.013468432,0.061160223,0.540312729,0.818062195
TMUB2,1499.533775,-0.020092254,0.046249745,0.540254159,0.818062195
HINFP,697.6700509,-0.01936744,0.052430511,0.540546002,0.818063314
IRF8,5119.609651,-0.019073275,0.039873541,0.54061468,0.818063314
KIF17,146.2599942,0.013501136,0.060798908,0.540657048,0.818063314
MBTPS1,3303.9729,0.019522385,0.041400283,0.540407393,0.818063314
MPZ,70.23508464,-0.011674273,0.061976617,0.54045315,0.818063314
MACIR,143.6613335,-0.015956864,0.059762752,0.540821437,0.818208058
NR1H2,2334.027533,0.019714488,0.039990635,0.54123728,0.81873314
ZNF706,1938.577122,0.0201991,0.048823142,0.541317187,0.818749982
DIPK1A,108.0673066,0.012847656,0.061614109,0.541541496,0.818902896
ZNF148,1167.20984,-0.019921084,0.048324285,0.541555859,0.818902896
TUBGCP6,1948.608646,0.018109463,0.056512031,0.541729802,0.819061886
CDK7,551.0862511,0.018377044,0.055629588,0.542112511,0.819120376
GABPB2,512.4766059,-0.016125183,0.058694555,0.542025446,0.819120376
PRKAR1A,9472.558485,-0.019388358,0.042863244,0.541949591,0.819120376
RPL36AL,3099.556998,-0.01969225,0.05217562,0.542078884,0.819120376
SLC39A11,2187.130302,-0.019394085,0.041248624,0.542085831,0.819120376
ERN1,890.2615059,0.016684429,0.058431145,0.542287419,0.819146958
HYOU1,3996.794373,0.019621704,0.05166276,0.542316967,0.819146958
MPRIP,2346.399227,0.019590508,0.050189215,0.542336525,0.819146958
TRA2B,2697.738816,0.019148656,0.039982775,0.542600129,0.819441144
KAT14,492.2302225,-0.019435332,0.051851995,0.542719555,0.819517542
AKAP1,1042.5158,-0.018896576,0.053867991,0.542805812,0.819543842
ERCC1,2506.816955,0.019824104,0.038624375,0.543033722,0.81978398
RNF34,887.4133455,0.018852399,0.051235535,0.543153754,0.81986122
ECI1,1223.127609,0.019905569,0.04610459,0.543654773,0.820504576
PCSK7,1775.431923,-0.019674766,0.04489546,0.543717816,0.820504576
TRIM69,1441.951941,0.018552833,0.054406414,0.543874547,0.82063707
GIMAP6,2140.34228,-0.019873816,0.043795111,0.544166966,0.82097424
FAM131B,321.9658795,-0.017936581,0.056374264,0.544534343,0.821268707
RAMP1,598.3740494,-0.017855301,0.056408319,0.544569103,0.821268707
TANK,1735.41795,0.019272482,0.05074565,0.544470208,0.821268707
CNTROB,1265.227311,0.01884379,0.053800142,0.544802308,0.821516336
GABPB1,425.0205872,0.018958204,0.053762407,0.544919901,0.821589592
ZFYVE1,1083.219192,-0.01702181,0.057168079,0.545259855,0.821998047
ABHD17A,3969.550969,0.019745764,0.046590494,0.545430569,0.822122102
NUFIP1,184.9036401,-0.01656077,0.058097621,0.545480259,0.822122102
DDX59,404.4399317,-0.018711352,0.05467501,0.545633346,0.822147666
ITFG2,844.0394666,-0.019357188,0.050390902,0.545635339,0.822147666
CREB3L4,120.3052876,-0.014329336,0.060363122,0.545913263,0.822433141
TSPO,4407.488284,0.018951946,0.039959511,0.545962966,0.822433141
RNF175,93.08291542,-0.011860833,0.061732262,0.546283179,0.822811393
AP5B1,4599.951082,-0.020143883,0.049330483,0.546544244,0.823067486
NAA16,377.9172823,0.015791493,0.059283263,0.54669878,0.823067486
RPS9,20070.45618,0.014335493,0.036215807,0.546691368,0.823067486
VAPA,3145.48596,-0.018951104,0.040854006,0.54672975,0.823067486
DNM3,86.2580816,-0.009583829,0.06256519,0.547043824,0.823190533
ELOVL1,3204.437741,0.018794953,0.03857309,0.547075631,0.823190533
FBLN1,94.68639396,0.012138312,0.061642243,0.547088072,0.823190533
FMR1,1086.669272,-0.020180649,0.045529425,0.546994284,0.823190533
AHSA1,1484.522557,-0.018949504,0.050203972,0.547513147,0.823621937
PLIN3,6058.896089,0.017800657,0.034965657,0.547477653,0.823621937
SLITRK4,148.8738318,0.014085347,0.060496215,0.547672927,0.823758205
CFAP418,81.97034418,-0.011524509,0.061869052,0.548258285,0.823985023
CHERP,1709.705528,0.019266534,0.051467123,0.548104836,0.823985023
CLP1,520.7653457,0.019530543,0.049910238,0.548682835,0.823985023
CMTM6,5844.811347,-0.01994344,0.046229491,0.548046864,0.823985023
DIXDC1,326.1587142,-0.015564299,0.059052138,0.548425861,0.823985023
GTF3C3,1040.154231,-0.019000663,0.051880489,0.548670895,0.823985023
LHFPL5,118.8398176,-0.012937579,0.061147379,0.548200418,0.823985023
TMEM250,1608.585384,0.019822336,0.04702895,0.5484565,0.823985023
VRK2,648.2310292,-0.019655598,0.050383462,0.548191501,0.823985023
WDR70,708.9532985,-0.018208324,0.055893615,0.547935753,0.823985023
ZFAND2B,533.4494538,0.017872444,0.05313927,0.548615896,0.823985023
ZNF542P,165.2882267,-0.013778287,0.060626643,0.548664758,0.823985023
ZNF551,168.9972172,0.011609445,0.061836011,0.548723499,0.823985023
ZNF808,156.4350059,-0.012519265,0.061366459,0.548867185,0.82409684
AKAP13,6317.769968,-0.017032753,0.04653328,0.549553887,0.824108399
CLSTN1,4963.917954,-0.019789741,0.045766956,0.549405778,0.824108399
FKBP7,89.73761876,-0.009042601,0.062642675,0.549669876,0.824108399
GRB10,216.8641476,0.01329328,0.060957155,0.549844017,0.824108399
ICE1,1184.517778,-0.019336986,0.044112359,0.5496684,0.824108399
KIAA1671,943.779789,0.019351446,0.047373016,0.549789172,0.824108399
NDUFB6,832.4754111,-0.019373464,0.04967043,0.549342597,0.824108399
PER2,274.3622981,0.016702978,0.057694283,0.549740347,0.824108399
STK26,216.3988628,0.015774805,0.058915595,0.549181659,0.824108399
TRIM35,683.4386642,-0.018387323,0.054792482,0.549014177,0.824108399
TTC27,338.9840965,0.017413496,0.05717891,0.54979745,0.824108399
WDR54,81.57275782,-0.010251004,0.062316044,0.549038499,0.824108399
ZNF222,83.4086496,-0.011815803,0.061720552,0.549209245,0.824108399
ZNHIT6,570.2160448,0.019271708,0.051010881,0.549586428,0.824108399
ATP6V1F,14354.82809,0.016168398,0.039111963,0.550093314,0.824378261
ATF7IP2,198.0544307,-0.014858196,0.059374915,0.55048564,0.824790266
EHD4,3127.073671,0.017845976,0.041124846,0.550510482,0.824790266
RAB30,114.3389258,-0.013310053,0.061053074,0.550602411,0.824790266
RAP1GAP2,639.8165967,-0.015916583,0.058333633,0.550645362,0.824790266
BCAR3,851.3534624,0.019111105,0.051641317,0.550912426,0.824982695
HAPLN4,873.275667,0.018264189,0.053362577,0.550850357,0.824982695
TTC21A,171.7947096,0.012060981,0.061517511,0.551486996,0.825739238
KCNQ1,440.6933566,-0.015503448,0.059031502,0.55174252,0.825914083
SEL1L3,1508.337521,-0.018211741,0.042894874,0.551737986,0.825914083
FDXR,331.7368734,-0.017049295,0.056233515,0.552023486,0.826054299
GBP2,701.0912182,0.01117095,0.058516596,0.55229286,0.826054299
NEFH,735.1184489,0.019079908,0.051893639,0.552274255,0.826054299
POP5,451.3567292,0.018783838,0.053932441,0.552203626,0.826054299
SLC6A7,426.1682324,0.017297369,0.05389421,0.552179204,0.826054299
TOMM6,2260.2984,-0.018673198,0.042254049,0.5523219,0.826054299
ZFC3H1,1723.181082,0.019392753,0.047457793,0.552013641,0.826054299
MSS51,67.88021105,-0.010578691,0.062168346,0.552642758,0.826430352
SPRTN,415.128571,0.017637684,0.055939236,0.552767597,0.826513218
BAHD1,1350.969954,-0.017856946,0.053120883,0.553192861,0.826979188
CASP7,975.6256514,0.018700801,0.051670757,0.55328763,0.826979188
CTSB,173591.6367,0.018280758,0.03841046,0.553284182,0.826979188
TMEM238,68.56192279,0.011921178,0.061697445,0.553561176,0.827284183
TNKS,1020.11697,-0.018645243,0.050812818,0.553764303,0.827483875
TIMM22,384.492753,0.018138219,0.054593381,0.553943909,0.827648373
KANSL1,1462.60038,0.019278033,0.050455704,0.554399885,0.828066122
XRCC1,1404.969869,0.019048766,0.043746803,0.554348275,0.828066122
ZNF710,5614.382407,-0.018420721,0.042407886,0.554432176,0.828066122
TPBGL,86.19682383,-0.012430319,0.06119551,0.554846061,0.828580326
GASK1A,965.391552,-0.019464393,0.047593838,0.555124581,0.828864639
IKBIP,755.941667,0.016153756,0.05442819,0.555205075,0.828864639
RBM6,1751.349526,0.019102406,0.044950819,0.555245316,0.828864639
ADPRM,147.7442841,0.014251686,0.060056219,0.555441905,0.829054148
CORO7,3926.158089,0.019387196,0.047047286,0.555741718,0.829159555
GABARAPL2,1750.290969,-0.019034089,0.043267819,0.555928008,0.829159555
ICOSLG,3994.102151,-0.019436897,0.050963253,0.555800395,0.829159555
INTS3,1722.123845,0.019046954,0.045616653,0.555873141,0.829159555
LMTK3,93.04068989,0.010542905,0.062186959,0.555930413,0.829159555
NEK6,8479.844942,-0.019133877,0.048489871,0.555782441,0.829159555
FKBP14,352.8946062,0.014950171,0.059590083,0.556283444,0.829582163
AUNIP,63.87666533,0.009001491,0.062649545,0.556469401,0.829639426
CHI3L2,59.31222224,-0.009290278,0.062509054,0.556595219,0.829639426
FANCG,490.5299234,-0.017282535,0.057132305,0.556529758,0.829639426
OR7E38P,81.30603736,0.01213561,0.061430294,0.556670284,0.829639426
SUOX,643.4017133,-0.018780704,0.051417501,0.556608372,0.829639426
ENDOG,469.6493086,-0.01877624,0.051467096,0.557041155,0.830050463
RFC2,813.5687277,0.019013313,0.046685603,0.557085527,0.830050463
TBC1D25,537.5305191,0.018416669,0.054774801,0.557295138,0.830154983
ZSCAN18,158.1908356,0.011117579,0.059879262,0.55724049,0.830154983
CHAF1B,213.4589696,0.015156319,0.059081098,0.557489612,0.830157693
DHRS3,3809.13442,0.017783677,0.043152113,0.557526224,0.830157693
FUBP1,1810.325141,0.019638504,0.04811221,0.557606305,0.830157693
NSMCE1,648.7125689,-0.019033684,0.04843978,0.557645617,0.830157693
SCG3,68.50483222,-0.010842099,0.061977739,0.557523618,0.830157693
ING5,714.1340112,-0.019130944,0.056652867,0.557811747,0.830301181
HTRA2,639.5572925,-0.01900773,0.048926353,0.557887116,0.830309552
CHST14,380.843812,-0.018016661,0.053699316,0.558273352,0.830780532
GTF2H5,582.7565502,0.018068568,0.054163061,0.558647918,0.831234029
CFAP251,81.77146722,-0.010822015,0.061974911,0.559071337,0.83149512
DCXR,639.3727461,0.018682218,0.051904973,0.558894553,0.83149512
KCTD6,139.2518355,-0.013916275,0.060135057,0.559102766,0.83149512
LST1,3503.523622,0.020046913,0.040567058,0.559086456,0.83149512
C14orf28,122.9944394,0.013170508,0.060759224,0.559421269,0.831864878
CAMK2G,838.4106484,-0.018839658,0.049596446,0.55967525,0.831865314
FAM32A,2580.149484,-0.018273776,0.038806766,0.559879678,0.831865314
NSFP1,125.6182604,-0.007632333,0.062954956,0.559650484,0.831865314
P3H3,87.98563399,-0.010228217,0.062225822,0.559742515,0.831865314
SSC4D,91.18041067,-0.011213923,0.061776282,0.55991069,0.831865314
TEDC1,449.722674,0.018591487,0.052390549,0.559776488,0.831865314
ZBTB21,1089.382157,-0.017723028,0.051539936,0.559906392,0.831865314
ATP5F1B,18017.60459,-0.018280549,0.040196564,0.560164352,0.832034512
CHEK2,332.3776787,0.017218543,0.056188596,0.560129959,0.832034512
AGK,764.0794053,0.018615438,0.047855996,0.560701374,0.832728276
ADGRL1,465.6706927,0.016037805,0.057963677,0.561026376,0.832755781
ARV1,475.7502532,-0.019340036,0.050243318,0.561043489,0.832755781
EPHX1,1113.455502,-0.018838015,0.049151749,0.561069645,0.832755781
RARRES1,329.9191075,-0.016276821,0.057260358,0.560865488,0.832755781
SEC16B,89.99448132,0.011505793,0.061656006,0.560910412,0.832755781
TAB1,1030.510655,-0.017727951,0.052290782,0.561480089,0.833261089
EIF4G2,20666.48221,0.020362843,0.046765664,0.561664472,0.833430829
GNG2,1510.543927,0.011745433,0.06188155,0.561861627,0.833447754
NSD1,3032.214069,-0.019039131,0.041143542,0.561885903,0.833447754
SMIM8,165.3942654,-0.014538559,0.059610795,0.561802965,0.833447754
CORO1A,9034.844115,0.02300729,0.048628628,0.562132603,0.83370981
MAU2,2507.151585,0.01875249,0.052464293,0.562612583,0.834253916
USP21,603.1812016,-0.018765698,0.049180425,0.562639621,0.834253916
CEP97,236.6992613,-0.015579149,0.058260348,0.562896788,0.834427377
DNAJC18,242.2398155,-0.014519776,0.05942788,0.562842337,0.834427377
CNPY2,1760.861291,-0.018690363,0.046301322,0.563080459,0.834540212
PPM1G,2874.433124,0.017058894,0.044390047,0.563113106,0.834540212
BRCA1,854.6634734,-0.018549718,0.049208867,0.563269613,0.834648877
HDHD3,319.5801087,-0.017206354,0.05516621,0.563326646,0.834648877
SPRING1,4360.226953,-0.018824873,0.04655458,0.56341235,0.834671979
AIDA,2139.101588,-0.018717393,0.046280085,0.563536227,0.834751622
GRHPR,2045.031576,-0.017987681,0.036779451,0.563613791,0.83476265
B3GALT6,947.0186261,0.018591389,0.048025428,0.564220199,0.834829912
CDK8,659.8756993,-0.018702692,0.048062696,0.564167901,0.834829912
CFD,368.1939621,-0.015942047,0.057843735,0.563982844,0.834829912
DXO,308.1091507,0.016796098,0.056182304,0.56374785,0.834829912
FKBP1A,10962.34311,-0.014492636,0.034108481,0.564099246,0.834829912
ICA1,517.4057604,-0.016444807,0.056952174,0.564118231,0.834829912
SSU72,2807.121043,0.018267285,0.038521219,0.563858743,0.834829912
TRIM32,341.5807765,0.015300497,0.058740812,0.563980992,0.834829912
FZR1,1831.310591,-0.019280082,0.051181301,0.564349124,0.834916904
POLR2E,4461.82306,0.019330445,0.043183975,0.564471284,0.834993866
ARHGAP10,1426.395141,0.018601683,0.04226192,0.564654683,0.835080119
CCDC183,113.1224296,0.012355097,0.061029811,0.564901786,0.835080119
DNAJC7,3049.697966,-0.017182634,0.037120726,0.565231046,0.835080119
EIF4G3,2975.942334,-0.018396018,0.042293379,0.56520575,0.835080119
FAM241B,112.9824669,0.013085752,0.060498743,0.565157155,0.835080119
FUNDC2,861.7005875,-0.017990163,0.052806064,0.564969645,0.835080119
IARS1,5570.206719,0.017960409,0.05024508,0.564857488,0.835080119
PIP4P2,341.3276819,0.016818213,0.056319997,0.564931816,0.835080119
RPL17-C18orf32,1063.735386,-0.017108313,0.055361634,0.565229484,0.835080119
ZNF207,5107.709347,-0.017158713,0.03549307,0.564896391,0.835080119
CBX8,213.2439805,0.015158141,0.058477395,0.56603193,0.835142552
CDKL3,71.32778626,0.010351976,0.062046265,0.566050979,0.835142552
CHMP5,2335.152313,0.018629957,0.047655574,0.565840605,0.835142552
DDX28,712.1836697,-0.018379266,0.050424886,0.566115111,0.835142552
GEMIN7,362.42948,0.017471788,0.054779048,0.5654914,0.835142552
GSPT1,3886.728119,0.018694259,0.046391491,0.565990445,0.835142552
IFIT3,6100.152598,0.010926711,0.061975897,0.565968311,0.835142552
RPP40,66.40040395,0.010545508,0.061872429,0.565848132,0.835142552
SNX20,1209.062368,0.018428349,0.048550738,0.565978545,0.835142552
TMBIM6,27259.65637,0.017112922,0.035214324,0.565617176,0.835142552
TMEM69,735.6858357,-0.018569497,0.049196542,0.565984822,0.835142552
ZNF350,171.6519788,0.011376899,0.061761983,0.565855925,0.835142552
GPX3,8026.513813,-0.017511364,0.038787066,0.566461314,0.83536629
KRT10,829.8876763,0.018416637,0.049530408,0.566479059,0.83536629
SIL1,3061.595989,-0.01828769,0.048883368,0.566435019,0.83536629
ZCCHC2,2556.875272,-0.018678718,0.048646589,0.566547453,0.83536629
HCCS,823.2827743,0.017491612,0.054045416,0.566651943,0.83541689
SH2B1,1920.512702,0.015711562,0.055654063,0.566837514,0.835586999
COA8,588.715412,-0.018545988,0.052103496,0.567088611,0.835750175
IKZF3,64.53204573,-0.01032978,0.06203768,0.56706603,0.835750175
RPL17,10258.17518,-0.010039181,0.044493496,0.567173059,0.835771168
PMVK,797.3804403,-0.018347097,0.047547466,0.567299158,0.835853524
ARHGEF35,92.1193731,0.01154604,0.061425233,0.567491552,0.835930083
BBC3,583.9572762,-0.018468354,0.05237801,0.567448115,0.835930083
NDUFS1,3308.047637,-0.017701709,0.042454853,0.567681868,0.83610697
HHIPL1,67.56240449,-0.010886394,0.061720369,0.567891918,0.836312876
PIK3R5,3608.576958,0.018396991,0.049385712,0.567987576,0.83635029
FCHO1,212.7697647,0.015609601,0.058209778,0.568187596,0.836541347
CPEB1,70.57659008,0.00939662,0.062405922,0.568606869,0.836951629
PPARD,8367.961754,0.019072748,0.043543981,0.568585471,0.836951629
MAPRE2,1985.21319,0.018161773,0.050849015,0.568686381,0.836965183
PPID,814.8923059,-0.018278356,0.052599284,0.568860445,0.837055893
THAP12P3,60.11580684,-0.010432592,0.061940844,0.568888637,0.837055893
SPSB3,863.0766978,0.015041875,0.053341391,0.569355473,0.837560358
ZNF567,130.1564426,-0.00911648,0.062419597,0.569372195,0.837560358
EPB41L3,4577.043749,0.018488604,0.046410742,0.56988841,0.83759525
IQCK,130.0609529,-0.0119483,0.061140251,0.569561133,0.83759525
JAG1,758.7741772,0.023518127,0.055936625,0.56969169,0.83759525
N4BP2L1,344.89235,-0.017407047,0.05414203,0.569886844,0.83759525
SLC38A10,4895.303214,-0.017709178,0.047034242,0.56961675,0.83759525
SMARCB1,2207.355399,-0.01901983,0.044140246,0.569585844,0.83759525
UBA6,1466.528327,-0.015962171,0.057332254,0.569876664,0.83759525
TMEM39B,364.4546446,-0.015964506,0.056858735,0.570078817,0.837771672
BMS1,1523.833777,0.017854889,0.040195274,0.570151213,0.837774647
PITPNM1,2600.964738,0.016723665,0.056173228,0.570242389,0.837794507
SLC35B3,725.2801652,-0.018277908,0.049595715,0.570305475,0.837794507
OPRM1,93.60628067,0.010825632,0.061784419,0.570383361,0.837805542
COMMD5,1131.593375,-0.01832407,0.043919896,0.570572085,0.837944061
ELOVL6,150.1423325,-0.003900541,0.063520381,0.57075921,0.837944061
FAM111A,2645.162279,-0.018052239,0.041690821,0.57071312,0.837944061
SLFN12L,256.04956,0.011926428,0.061163855,0.570682843,0.837944061
ATF6B,4806.680759,0.018487397,0.051126144,0.571506271,0.838298238
DDX12P,131.9067428,0.012320979,0.060793761,0.571645525,0.838298238
FOXM1,1481.417266,0.019348659,0.048410576,0.571360418,0.838298238
NDUFS3,1500.311419,0.018278125,0.044505982,0.571775027,0.838298238
NIP7,824.9986544,0.017975816,0.050233633,0.571285822,0.838298238
PEX7,149.0577092,0.01362476,0.059968194,0.571429223,0.838298238
SPIN3,338.2681873,0.01668008,0.05569754,0.571637747,0.838298238
TMUB1,1088.379297,0.017325651,0.053047824,0.571080253,0.838298238
VPS13A,862.2683503,0.014402269,0.059251002,0.571522628,0.838298238
XYLT2,598.0474134,0.017732499,0.052620224,0.571737266,0.838298238
ZNF200,343.3971433,-0.016178988,0.05538598,0.571261067,0.838298238
B3GNT2,2242.388905,0.01824008,0.042856974,0.571894056,0.838369503
EDF1,4056.511261,0.018111831,0.045499745,0.572038188,0.838477546
BOK,247.0079353,0.013671184,0.059993942,0.572128136,0.83850615
CBFB,2733.390626,0.016315712,0.046308496,0.57327891,0.839063435
CEP70,73.92748514,-0.009461854,0.062196271,0.573701557,0.839063435
DYRK3,156.1239868,0.012438905,0.060753211,0.573786849,0.839063435
ERV3-1,215.8348259,-0.015068459,0.058249593,0.573593521,0.839063435
NSMCE4A,568.3220179,0.01807612,0.05303792,0.572660575,0.839063435
PAQR3,385.1320769,-0.016161092,0.056582074,0.573289079,0.839063435
PARP1,5046.866627,-0.018145009,0.044125221,0.573395901,0.839063435
PIGX,413.84667,0.016516522,0.055975254,0.573707925,0.839063435
PSME3IP1,1945.975289,-0.018349509,0.04847438,0.573040649,0.839063435
RPS10-NUDT3,464.0436431,0.013540508,0.060223143,0.573486174,0.839063435
SDHAP4,151.0232307,0.014520013,0.058929763,0.5738475,0.839063435
SMURF2,2661.669892,0.018561925,0.045846416,0.573072392,0.839063435
STRIP1,1425.03112,0.018122255,0.04352921,0.573436181,0.839063435
STT3A,3998.172098,0.018460868,0.045686893,0.572594353,0.839063435
TAX1BP3,2417.852144,-0.017454436,0.038965922,0.573541065,0.839063435
TMC6,7384.519305,0.01825073,0.048987835,0.573437069,0.839063435
TSEN2,264.2818156,0.016660013,0.055625224,0.573305974,0.839063435
UFSP2,468.4280349,-0.016710055,0.055392223,0.57380891,0.839063435
VMO1,109.4584671,0.013310269,0.060145661,0.573834156,0.839063435
CNN2,1397.568117,-0.017758909,0.041442137,0.574500163,0.839532065
DNAJB4,314.1148378,0.016748138,0.05543624,0.574329836,0.839532065
NDUFAF6,331.6633064,-0.016476427,0.056791809,0.574266231,0.839532065
RPIA,405.072642,0.016583769,0.052870884,0.574520599,0.839532065
TMC4,60.35847061,0.009541562,0.062248304,0.574394505,0.839532065
BTBD7,1391.379138,-0.019290547,0.04682469,0.574706871,0.839701191
PELI2,64.97428052,0.007534196,0.06285888,0.574850576,0.839808087
C1RL,466.0656464,0.015565552,0.057563365,0.575079772,0.840021453
GPATCH11,491.582652,-0.01652476,0.056164241,0.575208306,0.840021453
MNDA,1279.621977,-0.017488901,0.053332148,0.575156463,0.840021453
MIEN1,747.6411715,0.016572115,0.047936696,0.575387138,0.840076512
ZNF451,1081.345033,0.017146432,0.052620095,0.575343939,0.840076512
GPER1,88.37644086,0.010414502,0.061856477,0.575550737,0.840212327
EID1,2907.373571,0.017468287,0.039357189,0.575710613,0.840239652
HNRNPK,13898.80065,0.018086308,0.036725906,0.575686,0.840239652
C2orf76,156.7967095,-0.013568692,0.059740405,0.575865227,0.8402894
CBX5,3130.880913,0.016473371,0.047967765,0.575956447,0.8402894
SSB,4019.174647,0.018254405,0.052015382,0.575890546,0.8402894
RPL38,4593.383941,-0.015467246,0.043958102,0.576798808,0.841161207
RSRC2,2092.310417,0.017313671,0.042772939,0.576802201,0.841161207
SH3GLB1,4343.470787,-0.017710955,0.044838079,0.576867038,0.841161207
TMEM102,829.7846747,0.017551986,0.049639042,0.576907287,0.841161207
TSPAN10,64.42957971,-0.010231959,0.061895552,0.576684298,0.841161207
ALDH3B1,2293.753439,-0.017874323,0.043632529,0.577164758,0.84133053
TATDN3,567.6538241,0.014832499,0.056238516,0.577116109,0.84133053
RCHY1,541.6287713,0.017158294,0.054103815,0.577733272,0.842056147
SDCBP,12380.18411,-0.019202928,0.046996772,0.577907054,0.842103241
ZNF143,475.6422386,-0.015978891,0.056558507,0.577845324,0.842103241
CANT1,2377.176637,0.017322321,0.054546483,0.578359238,0.842349734
FKBP3,1345.881378,0.017717973,0.051998798,0.578212001,0.842349734
PCSK5,760.0816036,0.014351818,0.059063855,0.578260382,0.842349734
TRIM65,1263.806187,0.018133584,0.045496651,0.578343688,0.842349734
ANXA5,23308.20129,-0.017854717,0.042489091,0.57869197,0.84256807
DCBLD2,396.5837113,0.014896379,0.058269472,0.578651731,0.84256807
MVD,1101.394044,0.017133931,0.053692744,0.578767301,0.84256807
SAP30L,806.4786799,-0.017053532,0.053581246,0.578792245,0.84256807
CCNA2,1238.27599,-0.018010502,0.047255838,0.579056614,0.842762598
NEK9,2811.664217,0.018370468,0.045656111,0.579067455,0.842762598
NFE2L3,526.1062334,0.013904703,0.057038763,0.579160593,0.842786609
ZBTB40,1397.127144,-0.017664697,0.048298135,0.579225538,0.842786609
TF,657.9106729,-0.017873183,0.04936542,0.579457531,0.84302113
ARF1,12846.65097,0.017574102,0.038633285,0.58011699,0.84325919
CCDC124,1329.991279,0.016756859,0.043863314,0.580091718,0.84325919
ETAA1,202.8167822,-0.015273441,0.057777652,0.580030144,0.84325919
MEAK7,368.5547317,0.016579088,0.05517059,0.579879857,0.84325919
NICOL1,226.2324408,-0.015119208,0.057847581,0.579986568,0.84325919
RPGR,307.5893204,0.01509446,0.059043175,0.580105055,0.84325919
ZDHHC3,3993.211029,-0.018128291,0.048557372,0.579995537,0.84325919
CBX3,4214.663328,0.017960548,0.045139398,0.580298221,0.843419646
TERF2IP,2031.69939,-0.016648419,0.039322278,0.58042103,0.843495162
CLCN7,11693.37035,0.018915611,0.052353815,0.580766167,0.843893716
RABEP1,2933.212207,-0.018002191,0.04515417,0.580865331,0.843934802
ARK2N,585.5819509,0.021146907,0.049828063,0.580994163,0.844018976
SLC25A16,437.309618,0.014485887,0.057751158,0.581089814,0.844054933
ASB1,2128.031468,-0.017734949,0.044508277,0.581211801,0.844129131
CDKN2AIP,1062.795282,-0.017698994,0.049928052,0.581332127,0.8442009
SLC9A6,1596.40711,0.017451758,0.052670541,0.581814598,0.844798486
E2F5,108.7052941,0.009790835,0.06207601,0.581885972,0.844799085
RBX1,1721.596482,0.017912486,0.046546044,0.581969319,0.844817065
LMF2,2761.773103,0.017803972,0.047921599,0.582202326,0.844949249
STARD10,437.5671283,0.01564133,0.057132085,0.582188942,0.844949249
ISCA2,431.8102195,0.021039422,0.059579726,0.582284778,0.844965904
EVL,14543.22582,-0.01798893,0.049775986,0.582459369,0.845013257
IRF2BP1,672.3253092,0.016732553,0.054748556,0.582451842,0.845013257
ZBTB34,1007.897216,-0.017705841,0.046994984,0.582591939,0.8451026
ASCL2,134.6284845,-0.013053391,0.059940627,0.582835327,0.845352652
CFAP126,98.85909039,-0.011715824,0.060938815,0.583017114,0.845513307
KCNIP2,118.3899919,-0.012094956,0.060631633,0.583834772,0.846286736
MLLT1,1726.836859,-0.017548,0.048757028,0.583727798,0.846286736
TBCC,591.2093758,-0.017176349,0.049181176,0.583765251,0.846286736
TM4SF19-DYNLT2B,88.45855798,0.009597699,0.062093484,0.583686796,0.846286736
ASTN2,177.6453288,0.014579352,0.057705621,0.584220468,0.846366379
DCAKD,556.4761692,-0.017077897,0.05292164,0.584438761,0.846366379
HOMEZ,492.9048965,-0.016391174,0.055146401,0.584289837,0.846366379
IFI27L1,153.1304261,0.013899079,0.05893651,0.584458463,0.846366379
NCOA7,1550.678155,-0.017699511,0.048376221,0.584012107,0.846366379
PARL,1491.751618,-0.016975439,0.040337357,0.584371734,0.846366379
SNTB2,453.1889721,0.008119307,0.062633236,0.584077883,0.846366379
ZNF343,199.4800901,-0.013160332,0.05966819,0.584447872,0.846366379
COG6,491.2436371,0.015693411,0.056472313,0.584796843,0.846543396
OR1F1,59.68998235,0.009557592,0.062081807,0.584772689,0.846543396
PHLPP2,317.9051511,0.014060051,0.058909544,0.584865135,0.846543396
ZNF45,395.7814802,-0.014160932,0.058725797,0.58475964,0.846543396
CEBPD,535.2328154,-0.017068147,0.052392838,0.585086174,0.846670932
NDUFB11,1354.883014,-0.019112639,0.046500152,0.585095486,0.846670932
HCST,388.0642442,0.016499873,0.05467879,0.585177391,0.846686539
LARP7,1662.206823,-0.017692597,0.050201288,0.585451339,0.846979973
BTN3A1,700.8293833,-0.01726156,0.055998992,0.585601413,0.847094147
ARL4D,256.1453263,0.015214378,0.057518438,0.586152126,0.847262659
DTX3L,4354.446956,0.017908403,0.050723147,0.586010372,0.847262659
HOXB2,269.2568393,-0.015093096,0.057338507,0.586096614,0.847262659
HPCAL1,4412.416346,0.016693885,0.038682846,0.586192004,0.847262659
MAPRE1,5152.070967,-0.017100744,0.042836526,0.585988519,0.847262659
PIAS4,998.2922117,0.017054123,0.052046451,0.586216087,0.847262659
TRAPPC4,1115.766263,0.017121599,0.048781952,0.58591725,0.847262659
SRGAP1,482.3774409,-0.012800176,0.060003432,0.586288473,0.847264417
CENPA,312.0313955,-0.01602585,0.054809979,0.58697643,0.8476617
DOCK1,1583.980187,-0.017509732,0.045275784,0.586917372,0.8476617
EDA2R,65.61271427,0.008391786,0.062506261,0.586728807,0.8476617
MFNG,1253.764555,0.017721767,0.048692347,0.58682638,0.8476617
MGST1,209.4929791,0.014712055,0.057804531,0.586990597,0.8476617
TPR,3335.698347,0.017893933,0.046439322,0.586869469,0.8476617
SF3B3,3055.3249,0.01770906,0.046601404,0.587268258,0.847856975
WNT10B,63.62208282,-0.009750061,0.06192078,0.5872487,0.847856975
RAB27A,492.1697354,0.014633221,0.058028923,0.58737313,0.847905555
NDUFAF5,281.4687017,0.015795256,0.05591509,0.587529242,0.847957397
RRN3P1,121.3789511,0.012223488,0.060496053,0.587551496,0.847957397
NAT1,182.5283672,-0.012694737,0.060099548,0.58777627,0.848178969
ADNP2,814.2029125,0.009095659,0.062170233,0.588172837,0.848539421
PTPN21,143.0098851,-0.010264303,0.061634541,0.588239886,0.848539421
ZNF232,199.760019,-0.01513526,0.056632775,0.588119914,0.848539421
PTPRB,120.3607315,0.00748976,0.062750829,0.588515202,0.848833714
EMC9,440.2620205,0.017136738,0.05206754,0.588773852,0.848927985
GOLPH3L,829.6506675,-0.016914574,0.052804281,0.588794488,0.848927985
ZNG1F,153.0389917,-0.010498384,0.061538642,0.588756944,0.848927985
ZNF518B,642.5767792,-0.016375849,0.054172516,0.588951455,0.849051474
SPARC,21565.56189,-0.013088691,0.048478303,0.589386079,0.849472308
ZFP69B,80.63391707,-0.011487464,0.060893133,0.589339972,0.849472308
C2orf74,330.2600802,0.016176796,0.054502662,0.589710982,0.84955397
MFSD14B,3290.71267,0.017025152,0.040219417,0.589728182,0.84955397
SATB1,311.7441374,0.013778636,0.058755119,0.589589384,0.84955397
VAV1,4761.02913,0.014335435,0.033319294,0.589658694,0.84955397
DTD1,377.7744394,-0.016558633,0.05443206,0.59068914,0.849751645
GARRE1,1335.541629,-0.016928741,0.051807995,0.590408143,0.849751645
MIS12,376.5649727,0.016651154,0.053688137,0.590055398,0.849751645
NIPSNAP3B,82.06171336,-0.010856913,0.061284792,0.59008402,0.849751645
RNF166,2916.541785,0.014417086,0.052334674,0.590247399,0.849751645
RNF2,510.8762157,-0.017008324,0.051891443,0.590721933,0.849751645
SLC9A9,314.4158058,0.015834724,0.055751384,0.590664553,0.849751645
SP3,2398.935808,-0.017581062,0.044883207,0.590244853,0.849751645
UTP20,497.0090194,0.017127832,0.053158256,0.590329089,0.849751645
ZMAT2,1892.862503,-0.017647448,0.04885289,0.589973764,0.849751645
ZNF284,113.0378867,0.012448763,0.060106124,0.590678607,0.849751645
ZNG1B,875.8851161,-0.017172427,0.050662552,0.590516271,0.849751645
LAMB1,89.84114431,0.008225364,0.062487163,0.59089105,0.849892226
ACBD4,200.0145345,-0.013148991,0.059283065,0.5917443,0.849918744
BTF3L4,1915.726754,0.01740204,0.044028017,0.592159391,0.849918744
CHUK,1035.997583,-0.017189742,0.043646927,0.591412428,0.849918744
COL18A1,256.524095,0.013895391,0.058768257,0.592200343,0.849918744
COX6A1,3242.657643,0.016767521,0.039819151,0.592357843,0.849918744
GABRP,62.74352633,-0.009972967,0.061733393,0.592300283,0.849918744
MSANTD2,213.0001367,0.014407424,0.058219452,0.591789389,0.849918744
NUMA1,8260.902154,0.016272297,0.041620444,0.591420116,0.849918744
ORC2,403.7488293,0.013224161,0.059434346,0.592012128,0.849918744
PDLIM1P4,59.17981998,0.009752142,0.061823615,0.592368728,0.849918744
PIP4P1,1642.688522,0.017101135,0.043604517,0.592551497,0.849918744
PLEKHG2,1305.379895,0.009318145,0.061884693,0.592521507,0.849918744
RPL11,10358.3797,-0.020329347,0.047738193,0.591748471,0.849918744
RPL3,23977.6826,-0.015285739,0.033061969,0.592129333,0.849918744
RTF1,1952.19591,0.015469471,0.056800456,0.591753898,0.849918744
SH3BP5L,1516.42629,0.01724435,0.042780768,0.591405053,0.849918744
SHLD1,204.2854103,0.014169138,0.058792223,0.591872649,0.849918744
SMIM12,1196.618104,0.017393953,0.044972961,0.591477828,0.849918744
TBC1D22B,522.9351047,-0.016700988,0.052855944,0.592368882,0.849918744
TOMM22,1237.806769,-0.017245337,0.049337221,0.592126736,0.849918744
TTLL12,1545.426644,-0.019876798,0.04531146,0.592216059,0.849918744
UBA3,1492.326309,0.017734239,0.046973575,0.59116802,0.849918744
ZBTB7A,4397.258784,0.017098659,0.049871779,0.592527191,0.849918744
TRAF6,621.6914145,-0.017243988,0.049044278,0.592660712,0.849972989
ANKRD29,68.07083377,-0.009031599,0.062129999,0.593068997,0.85030248
CUL9,1218.002789,0.016352503,0.053958639,0.593247576,0.85030248
EEF1D,5146.828548,-0.017121589,0.045701241,0.593097035,0.85030248
MSRB2,380.2039727,-0.014813701,0.057229738,0.593165011,0.85030248
SAP30,361.4389068,0.016047314,0.054852861,0.593210298,0.85030248
BCORL1,593.8855847,0.015396564,0.058205294,0.59373505,0.850655518
DNM1L,1667.868404,-0.017026965,0.050490849,0.593779702,0.850655518
NUDT12,270.8668661,-0.014468526,0.057706926,0.593572859,0.850655518
ZNF774,69.91871458,0.007086086,0.062833297,0.593661398,0.850655518
NUDT16L1,731.3279631,-0.016442351,0.052588408,0.593875687,0.850690658
NVL,668.0492602,0.01615378,0.055294457,0.594095169,0.85090267
CDK5,1386.378929,-0.017316773,0.044729464,0.594167219,0.850903494
SLC39A6,1178.91188,0.017311515,0.046678889,0.59428521,0.850970101
CNEP1R1,703.6536509,0.017083425,0.049492155,0.594538811,0.851026157
SP1,3288.643443,-0.01679592,0.040911966,0.594495196,0.851026157
ZCCHC4,270.6434071,-0.014235507,0.057718076,0.594453629,0.851026157
CEP68,418.4244311,-0.014647406,0.056760193,0.594894088,0.851146784
EXOSC9,569.3520384,-0.016932897,0.051224027,0.594980558,0.851146784
GADD45B,438.3784045,-0.012877244,0.059178275,0.594866861,0.851146784
MRPL13,542.2274954,-0.015208573,0.055206315,0.594971743,0.851146784
VRK1,537.1847873,-0.01594063,0.054297345,0.594884403,0.851146784
ZBTB46,676.8281198,-0.015511659,0.055800356,0.59513596,0.851266804
SEMA3C,681.1647156,0.015473607,0.054595165,0.59560625,0.851837146
OXSM,204.5794779,-0.014523499,0.057813122,0.595698778,0.851867142
TTC5,421.4978766,0.015890879,0.054843852,0.595951407,0.852126051
USP4,2320.38274,-0.016988456,0.043704464,0.596060541,0.852179745
IL17RB,71.06077641,-0.010289042,0.061543086,0.59638551,0.852541967
SAP25,343.5941564,0.013379752,0.059125653,0.596575231,0.852710785
BBS5,465.0332609,-0.015564224,0.055889548,0.596841333,0.852741712
CDKN2AIPNL,349.929155,-0.015954145,0.054327542,0.596955013,0.852741712
EPS15L1,890.7204631,0.01650085,0.051330313,0.596721994,0.852741712
PMS2P7,60.79621204,-0.009073438,0.062076484,0.596899576,0.852741712
PPP4R1L,129.2785568,-0.013441276,0.059538867,0.59679086,0.852741712
ACSF2,2076.706388,0.017869597,0.041969399,0.598543446,0.852759544
ADORA2B,134.9008854,0.011344137,0.060820412,0.598438421,0.852759544
BLZF1,902.5823719,0.016244434,0.052438992,0.597557707,0.852759544
C10orf143,61.41106509,0.00975672,0.061729681,0.599770659,0.852759544
CARMIL1,484.020486,-0.015872884,0.054486486,0.599437173,0.852759544
CD274,377.5786209,-0.01351173,0.058358153,0.599102487,0.852759544
CEP290,443.3104931,0.015743165,0.055107989,0.598278296,0.852759544
CHN2,687.4698267,-0.016022214,0.054030068,0.598471534,0.852759544
ERGIC3,3454.716775,-0.01604593,0.038011372,0.597897017,0.852759544
EXO1,189.6831504,0.011574187,0.060757117,0.597491137,0.852759544
FAM89A,699.0075682,-0.016450371,0.056255189,0.597528767,0.852759544
FTCDNL1,114.2699889,0.011359474,0.060696451,0.599354435,0.852759544
GMEB2,490.6029647,-0.016025482,0.053816957,0.597920011,0.852759544
GORAB,598.3148827,-0.016826485,0.051396408,0.599708551,0.852759544
GRAMD2B,146.7189841,-0.010980021,0.060945126,0.599803981,0.852759544
GTF2H3,979.4929221,0.016736881,0.049971113,0.599778965,0.852759544
HDX,64.75550493,-0.007117454,0.062724504,0.59939443,0.852759544
HSD17B10,936.0490551,-0.016740402,0.043595143,0.599181964,0.852759544
KIF23,719.263893,0.01692186,0.051732631,0.597679491,0.852759544
KPNA4,2872.534625,0.017169018,0.042916422,0.599127226,0.852759544
LCAT,119.257912,0.012090296,0.060224507,0.59861594,0.852759544
MARK3,2180.05189,0.016844024,0.042269099,0.598495575,0.852759544
MED12,2373.846937,0.016769339,0.0456395,0.599111155,0.852759544
MRPL15,1223.486289,-0.016817863,0.05083276,0.597051203,0.852759544
MRPS31,306.448165,-0.014838227,0.056874069,0.597566039,0.852759544
NOTCH2,5595.801763,-0.017158556,0.049738476,0.599682645,0.852759544
NPHP3,534.1956635,0.014968023,0.056692236,0.599343811,0.852759544
PHF21A,1514.109698,0.016954359,0.043396636,0.598540795,0.852759544
PPP2R3A,359.3309682,-0.014796242,0.056944877,0.597333545,0.852759544
PRX,88.6364209,-0.006261907,0.062970958,0.598750399,0.852759544
PSMB1,2238.155639,0.015522343,0.050342685,0.598468046,0.852759544
PTCD3,1164.462489,-0.016992118,0.046095098,0.599832711,0.852759544
RBM47,5384.872532,0.017144554,0.045608388,0.599614636,0.852759544
RPS23,10199.65019,-0.019258932,0.048554331,0.599032339,0.852759544
SIRT3,516.0252046,-0.016062262,0.053791592,0.597865681,0.852759544
SRGN,1735.225482,0.015736995,0.05555713,0.598542349,0.852759544
TM9SF4,2581.992709,0.01714332,0.044958661,0.599239418,0.852759544
VPS29,2692.425064,0.01711415,0.049430731,0.598282972,0.852759544
ZNF233,83.84908823,0.010257174,0.061353556,0.599250012,0.852759544
ZNF354C,95.76154563,-0.011432059,0.06074065,0.597485649,0.852759544
CHRAC1,798.5754446,0.015916802,0.054301089,0.600001653,0.852850328
IFI44L,5198.647157,0.009957493,0.060318836,0.600039844,0.852850328
IFIH1,3560.939524,0.016200033,0.053805826,0.600234445,0.853025077
SATB2,176.5186479,-0.012536168,0.059609058,0.600324012,0.853050533
C1orf216,719.5252476,0.015533436,0.055302681,0.600542118,0.853252477
MAGT1,2670.77216,-0.017250219,0.043865113,0.600681143,0.853252477
ZSWIM3,140.654677,-0.012248855,0.059876213,0.600638226,0.853252477
BCR,496.1063215,0.014622854,0.057064861,0.60075992,0.853262569
NF1,2048.005263,-0.015175797,0.05487193,0.600847152,0.853284665
CD163L1,304.9258869,-0.010060301,0.061604726,0.600973446,0.853343851
MAP7D3,175.0903515,0.010859855,0.061033661,0.601032187,0.853343851
ATXN1L,1926.072207,-0.016714475,0.043206458,0.601334666,0.853496734
BICRA,610.1340945,0.014658072,0.05770547,0.601319687,0.853496734
DUSP22,1273.271317,-0.018295065,0.04614315,0.60141049,0.853496734
ITGAE,381.9064542,-0.016013327,0.054000238,0.601426636,0.853496734
DHX36,1653.335193,-0.015821416,0.045023384,0.601519903,0.853527347
TMED4,1819.585273,0.015880162,0.046417348,0.601601858,0.853541904
ANKRD36B,176.7212763,-0.011694191,0.060252664,0.601700193,0.853549132
TUT7,1387.881034,-0.014122383,0.057686831,0.601750346,0.853549132
LIN7C,521.5855423,0.015970556,0.048976986,0.601951075,0.853641365
REV3L,886.5811455,-0.016452984,0.05212055,0.601958779,0.853641365
ANTKMT,739.2814776,0.018215816,0.050448339,0.603236115,0.853663428
BCL9,183.0757863,0.012362165,0.059828791,0.602299005,0.853663428
C9orf40,243.2479215,-0.014047007,0.057848666,0.602224406,0.853663428
CDK2AP1,1303.082632,0.017072809,0.049590868,0.603213615,0.853663428
CISD1,228.5166907,0.01222179,0.059352181,0.602778571,0.853663428
EGFL7,438.180607,-0.014356653,0.05663486,0.603012647,0.853663428
GPR137C,105.1210054,-0.009935356,0.061518035,0.602683588,0.853663428
HSPBAP1,622.0698563,-0.016178345,0.052653939,0.602455832,0.853663428
LIG4,867.6276602,-0.016789994,0.046506504,0.60205711,0.853663428
NSRP1,1466.213499,0.016807981,0.048541784,0.603297922,0.853663428
PDHA1,2138.905582,-0.016217212,0.038814785,0.60234085,0.853663428
PEPD,4570.215415,-0.015932481,0.035777643,0.602779999,0.853663428
PGM2,1933.192033,-0.016289365,0.047826192,0.603006685,0.853663428
PRC1,1488.247441,0.027998812,0.053084267,0.602943797,0.853663428
RPL7,15101.98249,0.01530542,0.0410326,0.602947936,0.853663428
SLC30A7,1129.048918,-0.016636518,0.049631969,0.603339059,0.853663428
SSR1,4618.928347,0.018246142,0.040994615,0.603021367,0.853663428
STAM,751.4089892,-0.016253787,0.050246238,0.603456213,0.853663428
SUB1,1795.930711,0.016050779,0.052550171,0.60277946,0.853663428
USB1,2056.179344,0.015721781,0.052768777,0.603480169,0.853663428
ZFP30,265.5923064,-0.013196617,0.058839768,0.603196798,0.853663428
NELFCD,1664.488323,-0.015795762,0.051904043,0.603731199,0.853714208
SLC16A10,1074.457652,-0.015168736,0.055683696,0.603674582,0.853714208
SPATS2,493.208897,0.014790501,0.05641636,0.603724155,0.853714208
C4orf46,261.1021843,-0.01538589,0.055269552,0.603899717,0.853851084
EIF3C,12816.4553,-0.016290922,0.040480299,0.604199736,0.854173835
C3AR1,9072.295858,-0.016740256,0.046292075,0.604372635,0.854316816
NEK2,358.1414445,0.015406575,0.055044981,0.604584003,0.854514134
MANF,1308.100087,0.016730836,0.048190329,0.604899427,0.854858462
AMDHD1,375.2019173,-0.012364571,0.059649599,0.605081772,0.854913185
CPNE2,1612.93072,-0.016382764,0.051050157,0.60507377,0.854913185
FAM220A,267.1319038,0.014481442,0.057740705,0.605189899,0.854964489
SLTM,3253.163959,-0.016590174,0.043821147,0.605461005,0.855245998
ADCY6,1146.142782,-0.013973145,0.057769164,0.606168403,0.855965476
FCGR2A,3930.499023,0.016456218,0.046509779,0.60618605,0.855965476
QRSL1,580.8387181,-0.016585238,0.04896495,0.606079865,0.855965476
AAGAB,681.1481704,-0.016631906,0.051534802,0.606393213,0.856156452
NDUFA10,2857.226905,-0.015191037,0.035570602,0.60666271,0.856333835
PRKAB1,714.0638545,0.016146238,0.051320264,0.606656835,0.856333835
ENSA,7642.007746,0.015591973,0.037288408,0.606748875,0.856353925
GPR132,408.6750963,0.014534187,0.056740204,0.607012408,0.85646227
PDE4A,1913.629978,0.013636574,0.051955057,0.607113406,0.85646227
TADA1,224.930193,0.014102382,0.057489187,0.6069402,0.85646227
USP49,235.9592939,-0.013834418,0.05990314,0.607100698,0.85646227
GOPC,1151.166105,-0.016634194,0.046508495,0.6072381,0.856485468
SMYD2,987.1336729,0.016609724,0.046509568,0.607273737,0.856485468
ANAPC16,1462.090595,-0.018012995,0.047506885,0.607833958,0.85650246
CDCA3,439.922345,0.015368893,0.054793147,0.607743289,0.85650246
GNA15,1503.233138,0.01609765,0.047863824,0.607721512,0.85650246
MRPS14,380.0985632,0.015990495,0.052849529,0.607861342,0.85650246
RASAL2,3770.599779,0.015420022,0.048674205,0.607833888,0.85650246
RHOBTB3,1293.058001,0.016659308,0.050408206,0.60781258,0.85650246
WDR19,519.7314857,-0.014953337,0.055687994,0.60746997,0.85650246
ZNF517,183.8518229,0.013110282,0.058825023,0.607835842,0.85650246
ANXA11,8880.361117,-0.014143479,0.038430543,0.608050867,0.856664872
AP4E1,788.9527859,-0.016218008,0.046535902,0.608146783,0.856664872
DDX31,420.2840305,0.015020626,0.055532108,0.608192482,0.856664872
PMPCB,1854.774556,-0.016718028,0.043617819,0.608382435,0.856729701
TMEM205,677.3326469,0.016346982,0.049565344,0.608334559,0.856729701
ABHD16B,299.5437594,0.014281709,0.057099582,0.608517957,0.856819193
ANKRD40,2160.386217,-0.016012154,0.040239076,0.608873334,0.857128474
CLTCL1,87.98047264,-0.008645505,0.062041681,0.608988312,0.857128474
HPRT1,623.393497,0.014444436,0.056493544,0.609169594,0.857128474
PHF13,692.736929,0.014201579,0.057154179,0.6089253,0.857128474
PHF2,910.4530445,-0.015826946,0.048234955,0.609032306,0.857128474
RBMS1,4465.72617,0.01471897,0.035923112,0.609137766,0.857128474
PILRB,783.7556834,0.015899351,0.049869567,0.609407187,0.85726014
TMEM11,845.7538642,0.016501478,0.046980137,0.609346488,0.85726014
ARHGEF10,102.3385638,-0.006676851,0.062797647,0.609733102,0.857515957
AVL9,1574.931254,0.016488485,0.051011015,0.60970625,0.857515957
SDHAP2,559.1974026,0.015584417,0.054701609,0.60995599,0.857728095
LSM5,426.8681984,-0.01211314,0.059756297,0.610081357,0.857803065
DDRGK1,2177.404661,-0.016309958,0.044314497,0.610362697,0.858003654
ESS2,727.9381564,-0.01464715,0.052219292,0.610395467,0.858003654
NBEA,193.5793748,0.01392769,0.05739912,0.610538437,0.858003654
PTPN23,2611.668109,0.015988259,0.051311088,0.61044307,0.858003654
RUSF1,2085.623694,0.006692318,0.044560521,0.610584372,0.858003654
CFAP298,744.7317301,0.016006223,0.052137597,0.610930797,0.858085706
FKBP11,368.2201626,-0.012192771,0.058666126,0.610819835,0.858085706
MAML3,440.0444111,-0.014554298,0.056201772,0.610772964,0.858085706
TIMM50,1708.792668,0.018438109,0.046474931,0.610931074,0.858085706
FAR1,3578.518171,-0.016498199,0.041892487,0.611023412,0.858114159
RPL34,3155.003249,-0.016210106,0.050558665,0.611305747,0.858247828
SH3KBP1,4489.060933,-0.016386859,0.048681872,0.611274456,0.858247828
STK25,2282.492875,0.016590401,0.047932002,0.611334866,0.858247828
WRNIP1,1085.155293,0.016273434,0.048656134,0.611549103,0.858447361
PTOV1,1551.394868,0.016271968,0.049747372,0.611729001,0.858461307
TARBP2,993.6077606,0.016521447,0.050930798,0.611812684,0.858461307
UBL5,2110.597396,0.015357179,0.048262999,0.611847475,0.858461307
ZNF586,228.6886924,0.012044752,0.058745421,0.611805599,0.858461307
SDCCAG8,1981.675306,0.016507985,0.045657049,0.61208427,0.858692344
APH1A,5821.153826,-0.014480084,0.033312252,0.612535779,0.859074518
COX11,571.3318721,-0.015071826,0.054638644,0.61257317,0.859074518
FAM149B1,484.7897125,-0.014759987,0.055548589,0.6125059,0.859074518
B3GNT8,59.38098481,0.008167186,0.062273654,0.612873451,0.859359933
BUD13,502.1101881,0.016293452,0.050305558,0.613065427,0.859359933
PGA5,71.3172682,0.007399005,0.062551061,0.612979056,0.859359933
TRIM46,114.6084499,0.009348889,0.061715301,0.612999036,0.859359933
SFXN2,254.6802004,-0.013276076,0.057591801,0.613328486,0.859552947
SMAP2,2104.873582,0.016653417,0.046738805,0.613347525,0.859552947
SLC39A10,1082.211752,0.013841567,0.054748668,0.613570331,0.859716705
SMN1,570.5759776,-0.011924348,0.059698521,0.613681022,0.859716705
UNC50,1030.353778,-0.015958123,0.046959303,0.613646942,0.859716705
ABR,21557.2512,-0.018507743,0.052569635,0.614100737,0.859798809
MISP3,60.50434754,-0.008136003,0.062210782,0.613865537,0.859798809
TPI1,9350.098301,-0.015717425,0.042352786,0.613995718,0.859798809
VPS13D,2175.25307,-0.016199034,0.046930758,0.614091036,0.859798809
ZFP69,129.0133952,-0.011714177,0.059864513,0.613927962,0.859798809
RPS6KC1,541.9227964,-0.014370078,0.056217954,0.614239861,0.859892467
NUP50,2007.681638,-0.016412559,0.049442255,0.614516946,0.859976988
POMGNT1,1135.155459,0.017369805,0.043940879,0.614493303,0.859976988
WNK1,7890.7654,-0.015239522,0.037101176,0.614409288,0.859976988
WDR45,1579.396289,0.016248444,0.045288355,0.614633064,0.860038391
NUP153,1831.287606,0.0161138,0.042269702,0.614713728,0.860050175
CDK3,136.1256399,-0.01168397,0.059908153,0.615024122,0.860080133
PRR14L,1556.892572,-0.015169667,0.043945449,0.615015174,0.860080133
RECQL,2164.577969,-0.016208939,0.045314434,0.615005158,0.860080133
SNX32,60.59528432,0.008922932,0.061771038,0.61483476,0.860080133
DNAJC30,534.7794683,-0.014691962,0.053068265,0.615343782,0.860224016
SLC38A7,1954.199611,-0.016488515,0.047683219,0.615331307,0.860224016
TMX4,1763.713343,0.014110305,0.055894209,0.615269854,0.860224016
NCL,13823.51826,0.015220784,0.043273208,0.615457165,0.860281501
COL9A2,431.1971541,0.010886073,0.060711987,0.615910813,0.860497218
EXOC2,1123.058028,-0.016292321,0.048151555,0.615700938,0.860497218
OCLN,93.53031588,-0.009304993,0.061603225,0.615864504,0.860497218
PITPNA,2928.402576,0.016159552,0.041689788,0.615972893,0.860497218
SLC39A1,6457.010703,0.014218075,0.033592564,0.615792848,0.860497218
SEPTIN1,66.92205773,-0.009337224,0.061572484,0.61628455,0.860730593
TOMM40L,858.9105172,-0.016683572,0.050010495,0.616251339,0.860730593
MXI1,377.0757773,-0.013335841,0.057991703,0.616378703,0.860761109
B3GALT4,334.9255435,-0.013687794,0.055470256,0.616903807,0.860862951
FPGT-TNNI3K,59.06040513,0.002757558,0.063576374,0.616957807,0.860862951
HERC2P9,352.620156,0.014978737,0.054686631,0.616893061,0.860862951
LIPT2,105.7919582,0.010210835,0.061160611,0.616779715,0.860862951
MELK,580.4377781,0.015844041,0.050409765,0.616708191,0.860862951
RCC1,1368.910313,0.016313579,0.048350259,0.616810549,0.860862951
SLC37A1,345.0771445,0.014188535,0.056687503,0.61671812,0.860862951
FDXACB1,116.5266331,0.010117541,0.061048209,0.617155705,0.861038166
RBM33,1906.486111,-0.010098515,0.061000538,0.617253856,0.861074192
NFKBIB,838.1704446,0.016158681,0.04607046,0.617553095,0.861289784
OGA,2996.815135,0.015924072,0.042080033,0.617496495,0.861289784
FEN1,971.1082401,0.01609236,0.045746053,0.617900587,0.861673478
HSD17B14,1264.839837,-0.017005365,0.05267979,0.618074365,0.861773998
PPA2,846.2294384,-0.014068683,0.056520289,0.618117444,0.861773998
CACNB3,373.7611129,-0.014123082,0.05641524,0.618688415,0.861807063
CEP43,642.6510052,0.015640811,0.054118796,0.618464522,0.861807063
COPS7A,2208.565107,0.015420998,0.03870263,0.618529077,0.861807063
DEDD,1290.476437,0.015620292,0.040194586,0.618568432,0.861807063
EPN2,535.6360172,-0.015778119,0.051358168,0.618247834,0.861807063
ETFA,2824.662869,-0.016303902,0.044581202,0.618792673,0.861807063
PRR12,2415.181489,0.014725156,0.053658802,0.61874209,0.861807063
R3HCC1,542.1424816,0.015802966,0.051130581,0.618675235,0.861807063
WDR55,1696.529288,0.015780022,0.042730001,0.618582219,0.861807063
LAS1L,903.7027246,0.01577317,0.048302688,0.61897458,0.86193619
PDE12,1128.559631,0.016002904,0.042747328,0.619030191,0.86193619
ABCA6,207.809084,0.011629104,0.059757217,0.619262746,0.862114255
GNPTG,4322.63258,0.015149882,0.037930103,0.619302907,0.862114255
TCEAL3,665.810074,-0.014854378,0.054237003,0.619585355,0.86230578
TTC12,164.2519456,0.01130572,0.060129035,0.619566064,0.86230578
CDC42EP4,163.0514737,0.010660182,0.060753033,0.619703093,0.862368828
SIT1,108.4353705,-0.010685729,0.06052463,0.619882514,0.862517688
ALDH1L2,1941.107712,0.015666428,0.050874043,0.62005926,0.862659471
MRPS33,690.669132,-0.015124279,0.053916379,0.620155598,0.862659471
ZNF731P,480.0233437,0.014272821,0.051825692,0.620201798,0.862659471
TNFAIP8L3,658.0422485,-0.014866527,0.054239198,0.620388209,0.862817947
PTDSS1,3193.254898,0.015682052,0.041108313,0.620480844,0.862845982
SPAG1,169.6557232,0.01019404,0.061026245,0.620612649,0.862928474
EIF4EBP3,151.2099601,-0.012238008,0.059126497,0.620710579,0.862963849
PCTP,705.8251724,-0.01537305,0.047142212,0.620972501,0.863153094
WDFY4,7588.194483,-0.015445022,0.040658219,0.620991706,0.863153094
GPR160,116.9213792,-0.00937277,0.061374423,0.621110975,0.86321809
ZNF184,195.6810569,-0.01179749,0.059408795,0.621250622,0.863311387
SHISAL2A,75.79987614,-0.008851509,0.061747546,0.621413126,0.863436422
MARVELD3,63.55600855,-0.009422455,0.061537191,0.621911022,0.863844226
PIH1D1,1211.068577,0.015924711,0.048609298,0.621924306,0.863844226
TSTD2,656.7695061,0.01578959,0.049984359,0.62189269,0.863844226
GNG5,2364.958276,-0.015746265,0.050042319,0.622179307,0.864005913
PSPN,76.79470708,0.008603121,0.061892481,0.622257931,0.864005913
TTC19,1007.143585,0.015494689,0.051652451,0.622258438,0.864005913
APRT,1357.610784,0.016135232,0.046621925,0.622550942,0.864109708
PMF1,870.1094278,0.015758294,0.045636561,0.622522393,0.864109708
PTPRJ,6982.870933,0.014003868,0.034988182,0.622515206,0.864109708
PREX1,7301.098225,-0.015731231,0.041021914,0.622843104,0.86441445
ACTR5,176.1630751,0.013264299,0.058013338,0.623033692,0.864477401
ZNF248,80.92926315,-0.008032666,0.062107556,0.62298664,0.864477401
SLC25A38,798.4687602,-0.015884396,0.04676116,0.623306608,0.864654529
TIRAP,537.6737262,0.014848315,0.051947235,0.623286765,0.864654529
IGF2BP3,1954.067293,0.015144156,0.051625611,0.62365299,0.865034235
C7orf50,1485.891375,-0.016647395,0.045943249,0.623779279,0.865108611
FAM83H,1199.34263,0.015682302,0.05009419,0.624045887,0.865175997
PSMB3,2659.745873,0.016370029,0.046686533,0.623906934,0.865175997
ZBTB7C,1746.407857,-0.015347044,0.050934177,0.623979857,0.865175997
C16orf87,346.1183064,-0.012970099,0.058100752,0.624805748,0.865272085
C4orf33,376.8436822,-0.014431443,0.05513969,0.624341939,0.865272085
DNAJC25,436.4066819,-0.014940484,0.053725266,0.624685419,0.865272085
EIF2B5,1661.186031,-0.01528184,0.041483575,0.624579157,0.865272085
LAMTOR4,1352.262764,-0.017478115,0.046979681,0.624649144,0.865272085
MSH2,765.4846652,-0.015268614,0.050484723,0.624782917,0.865272085
NFX1,1727.105838,0.015347879,0.046598717,0.62443791,0.865272085
POPDC3,158.454825,-0.010169348,0.060807131,0.624482948,0.865272085
RTKN2,91.76738705,-0.01034283,0.060685421,0.624842009,0.865272085
STAC2,74.94555401,0.009817239,0.061115521,0.624396703,0.865272085
RABL3,726.3388291,0.015603128,0.051479083,0.624977497,0.865359049
POMT1,1123.833396,0.01499921,0.057088686,0.62521832,0.865491174
RP9,251.0180467,-0.013461155,0.056941257,0.625171626,0.865491174
AARS1,8788.307028,0.017107681,0.042996364,0.625603187,0.865923257
SPRYD4,434.9286502,0.014732872,0.054268212,0.625745013,0.866018877
CCNT2,964.3245688,-0.014262542,0.051839913,0.625844472,0.866055845
ADAT3,185.7311332,0.011237999,0.059949869,0.626653204,0.866562286
ERI1,672.6497056,0.013046607,0.058155029,0.626590546,0.866562286
FAM133B,459.1573109,-0.013791429,0.053807013,0.626719974,0.866562286
TBK1,1196.417409,0.015245781,0.051510578,0.626447587,0.866562286
TULP4,2536.624193,0.016478634,0.049555284,0.626498799,0.866562286
WSCD1,130.1192234,-0.010866388,0.060205577,0.626561224,0.866562286
WWOX,285.7830741,-0.012883106,0.057825638,0.626667088,0.866562286
RPL24,6431.775254,0.015305412,0.046344758,0.626799491,0.866571588
AMFR,2780.125679,-0.015864958,0.045389974,0.627304195,0.866572046
DBR1,929.4787335,0.01554847,0.044597514,0.627709965,0.866572046
DPH6,108.0213155,-0.009723156,0.061030426,0.627617338,0.866572046
GJC1,61.75624773,0.005112589,0.063128506,0.627209925,0.866572046
KMT2B,2912.007475,-0.015300076,0.05277365,0.627740152,0.866572046
LDLRAP1,1020.018345,-0.014485501,0.054341224,0.627532803,0.866572046
LRRC37A4P,423.5596477,-0.013385608,0.055908332,0.62691005,0.866572046
MRPS21,1316.305126,-0.015316477,0.051100951,0.627479799,0.866572046
MYG1,638.551263,0.01537227,0.049432095,0.627696493,0.866572046
SBDS,1274.32175,-0.015359462,0.048165563,0.62749529,0.866572046
THAP12,1385.868411,-0.015851556,0.045413901,0.627676061,0.866572046
UTP4,853.8171408,-0.011129096,0.059709031,0.627746101,0.866572046
VAMP4,673.379063,-0.015731447,0.050545572,0.627673442,0.866572046
TTC21B,430.4007896,0.013542998,0.057117294,0.627845508,0.866608785
AMMECR1,320.6751702,-0.012188016,0.058772657,0.628401809,0.866762199
IFT22,260.7490479,0.012084289,0.059191596,0.628221727,0.866762199
ILKAP,644.7338307,0.015551806,0.049179598,0.628704876,0.866762199
INPP4A,1581.359082,0.01552035,0.047280251,0.628730085,0.866762199
KMO,778.1034111,0.01436725,0.055948418,0.62873244,0.866762199
MED8,1235.184855,-0.015605121,0.046674979,0.628757526,0.866762199
MOB1B,1573.181494,-0.014864815,0.04730527,0.628243667,0.866762199
SAMD4A,1480.371871,0.013662832,0.056476357,0.628739099,0.866762199
SLC23A2,3024.609432,0.014880172,0.037103212,0.628438901,0.866762199
SRRM2,19449.90843,0.014205512,0.051310046,0.62828173,0.866762199
UBE4A,2134.504411,-0.014411942,0.038943116,0.628367324,0.866762199
KLF7,496.433403,0.013542391,0.055147989,0.628938834,0.866911755
EFR3B,584.1620058,0.014271017,0.052533543,0.629324442,0.866979892
HMGN1,4452.887271,-0.016063375,0.048704183,0.62940541,0.866979892
INO80B,678.0210576,0.015338381,0.050578571,0.62917022,0.866979892
LRRC42,384.2312969,-0.013947171,0.055552711,0.629532703,0.866979892
PLCE1,70.1007758,0.007733939,0.062283291,0.629435222,0.866979892
SART3,1862.964562,0.015077012,0.03966137,0.629570867,0.866979892
TMEM116,178.9191905,0.012917459,0.057800565,0.629187236,0.866979892
VPS53,2302.183618,0.015496142,0.043317575,0.629486161,0.866979892
IMPACT,1303.377075,-0.01577617,0.048244104,0.629740885,0.867113722
ARHGAP31,3076.232687,-0.015471618,0.045936506,0.629901646,0.867126364
CCDC15,62.21534936,-0.008290502,0.061846341,0.629968578,0.867126364
HSDL1,642.4797971,0.013324769,0.055805261,0.629844506,0.867126364
ERCC6L,121.9464992,-0.009501271,0.061012168,0.630361673,0.867266348
FPR3,1642.356686,0.013775128,0.052777595,0.630163568,0.867266348
KRAS,957.7769676,-0.015886482,0.045731716,0.630294578,0.867266348
ZSCAN32,336.3674549,0.012790885,0.057472186,0.630356958,0.867266348
SAMD8,1017.806557,0.014843274,0.053452917,0.630564223,0.86741205
ZC3H13,3836.861541,-0.014677471,0.039703064,0.630613296,0.86741205
P4HTM,467.3789435,0.015092258,0.052176344,0.630797453,0.86756512
FAM89B,1837.429987,0.01576515,0.050041788,0.631021166,0.867749181
GABRR2,60.47325438,0.007725662,0.062177,0.63114995,0.867749181
ZNF646,1456.742195,-0.013767924,0.055830576,0.631146269,0.867749181
SNRPB2,1122.686038,-0.01432006,0.052035987,0.631281557,0.867829901
ANKS6,325.9894648,0.012786834,0.058065548,0.631668333,0.868161106
MARVELD1,1907.618158,-0.015544085,0.045052113,0.631654733,0.868161106
CDCA8,622.2616454,0.014127649,0.052043385,0.631755006,0.868180001
ZSWIM1,334.6169513,-0.014374564,0.054205298,0.631852095,0.868213203
MND1,89.36090694,-0.008640729,0.06171551,0.631952188,0.868250525
MORC3,1548.393538,0.015322746,0.047401972,0.632113244,0.868271394
PIM1,8737.118121,-0.01502869,0.043129958,0.632071821,0.868271394
MYPOP,407.1959274,-0.013806878,0.055537317,0.632214712,0.868310585
GRAMD4,2780.69631,-0.015133436,0.050669808,0.632292125,0.868316732
DGCR6L,854.2593989,-0.015457024,0.044918679,0.632808699,0.868441713
MPHOSPH9,606.033096,-0.015388643,0.051836807,0.632893768,0.868441713
PGM3,1141.451956,-0.015419701,0.047339571,0.632782155,0.868441713
RERE,3349.205318,0.014803022,0.052241357,0.632643457,0.868441713
RTL8B,407.182491,0.01528337,0.052293645,0.632645861,0.868441713
SOX13,103.5130444,0.010034846,0.060764871,0.632820261,0.868441713
SULT1B1,72.46100365,-0.007739463,0.062104039,0.632862111,0.868441713
ADCY3,3726.644393,0.01525387,0.05084279,0.633132885,0.868669701
SLC8B1,3718.115327,0.015879943,0.045392462,0.633327009,0.868835912
ANKMY1,556.5975517,-0.013721602,0.055833072,0.633560988,0.869056753
ETV1,179.4085582,0.011093687,0.059765006,0.633766138,0.869238004
JMJD7,236.5097143,0.012297308,0.058448667,0.63393105,0.86936403
H2AZ1,6984.130275,-0.015539803,0.041706877,0.634207942,0.869643578
FAM72D,187.9101729,-0.012035101,0.058540121,0.63439161,0.869795246
CCNH,799.5411591,0.014964572,0.051770771,0.634694434,0.870010045
VWA8,1631.443209,-0.015105012,0.049223266,0.634643691,0.870010045
PICK1,1145.083424,0.01531365,0.047529936,0.63497257,0.870291094
APTX,723.6874104,-0.014585656,0.05293837,0.63544219,0.87031479
LGALS3,5856.277932,-0.018408852,0.050674108,0.63521104,0.87031479
MED27,415.9594965,-0.012908995,0.056501413,0.635574698,0.87031479
RCCD1,645.8555919,0.015007241,0.051175872,0.63551116,0.87031479
RIC1,1448.321514,-0.015158015,0.049592459,0.63524179,0.87031479
SNX4,1372.645687,-0.013799091,0.055364906,0.635483192,0.87031479
SON,9938.613628,0.015348806,0.041889664,0.635423806,0.87031479
TIMM23,1064.287209,0.015246474,0.047856356,0.635516039,0.87031479
LZTS2,2156.27662,0.015343306,0.04992176,0.635908448,0.870355669
PI4KA,5313.004058,0.014809648,0.040961479,0.635727246,0.870355669
PPCDC,273.8120385,0.013134015,0.056900449,0.635870509,0.870355669
RRM1,1392.899326,-0.013719067,0.05447251,0.635970093,0.870355669
YWHAQ,4749.284731,-0.015113522,0.046714637,0.635927579,0.870355669
DHX57,444.2661809,0.012730913,0.057558709,0.636080066,0.870406113
ADPGK,5677.954598,0.012078069,0.035058891,0.637276028,0.870420646
AGFG1,1659.326624,0.010283815,0.046494957,0.637645139,0.870420646
ALG10,127.1020859,0.00948631,0.060832894,0.63661368,0.870420646
BCL7A,114.3245252,-0.008666737,0.061290138,0.636936933,0.870420646
DYSF,8623.486008,0.014920525,0.050386589,0.636876758,0.870420646
F11R,3405.833396,-0.015989188,0.05274597,0.638192026,0.870420646
FHIP2A,774.2668463,-0.013386422,0.055948514,0.638271697,0.870420646
GATD3,3067.380978,0.013925534,0.035701343,0.637333301,0.870420646
GOLGA7,1605.606148,0.014978132,0.050004101,0.636735721,0.870420646
HDHD5,1240.402879,0.015264025,0.046771991,0.638481907,0.870420646
IER5L,4261.633809,-0.01395461,0.055315399,0.638085844,0.870420646
MCC,201.7644398,-0.010226496,0.060482431,0.636343453,0.870420646
MTA3,498.7312949,0.013677834,0.054286513,0.638503444,0.870420646
MYO15B,1803.411905,-0.013708764,0.054908166,0.637117944,0.870420646
OR8G5,75.58169984,-0.007858421,0.061960848,0.638463287,0.870420646
PCCA,808.7701912,-0.014100168,0.048154061,0.637119979,0.870420646
PCNP,3179.774413,-0.014987511,0.04173344,0.636260209,0.870420646
PGAP6,5253.824191,-0.015143653,0.051247134,0.636397965,0.870420646
PIGU,404.1838154,-0.014061387,0.054287532,0.638336695,0.870420646
PIP5K1A,1456.727715,0.015368784,0.049138081,0.636869548,0.870420646
PPP6R1,6661.096194,0.016351494,0.048616281,0.6365725,0.870420646
RBM18,843.3654779,-0.014155298,0.052554584,0.637468446,0.870420646
SENP8,67.31701352,0.009210752,0.061201664,0.638328843,0.870420646
SETD1B,1975.876488,0.014319515,0.053766015,0.637816044,0.870420646
SLFN13,174.7392087,-0.010516549,0.060177421,0.637707741,0.870420646
SRPX2,665.9010654,0.014417958,0.050959062,0.637018559,0.870420646
TINF2,1351.939911,-0.017365659,0.047449971,0.636644885,0.870420646
TSPYL4,381.8091004,0.01371817,0.055540761,0.63736538,0.870420646
USPL1,710.6220293,0.014954722,0.049912991,0.637642017,0.870420646
WBP1,1614.924931,-0.015482029,0.045639266,0.638434311,0.870420646
WDR36,887.4801952,0.014498273,0.050964735,0.636751661,0.870420646
ZNF496,1103.381273,0.013115692,0.055611431,0.638223751,0.870420646
ZNF592,3238.176528,-0.015117327,0.043620611,0.638197582,0.870420646
DPY19L3,572.1176628,0.013151055,0.055254697,0.638579801,0.870425067
CCDC93,2719.666292,-0.014982775,0.052827235,0.638785421,0.870506003
STX10,2063.51252,-0.014828055,0.041034315,0.638778472,0.870506003
CCDC115,1236.672318,-0.015048305,0.043845637,0.639132209,0.870534241
CCDC90B,936.8006192,-0.015479366,0.047275735,0.63905495,0.870534241
CDK14,303.5335995,-0.012878961,0.058827134,0.639232552,0.870534241
CHAD,92.82177502,0.009708194,0.060776595,0.639083563,0.870534241
GDAP1,317.0454097,0.013248722,0.055810467,0.639424091,0.870534241
GDF11,66.64019082,-0.008729118,0.061435258,0.63946264,0.870534241
GOLGA6L4,148.7678719,-0.011037486,0.06000095,0.638954498,0.870534241
GPSM2,615.1904169,-0.014470441,0.052164944,0.639271739,0.870534241
SS18L2,334.9120255,0.013705308,0.055231672,0.639464254,0.870534241
AHNAK2,959.6363604,0.010526518,0.061560984,0.639664988,0.870608401
SPATA33,165.4452034,0.011612058,0.058926532,0.639614928,0.870608401
EPDR1,190.1552381,-0.012195952,0.058028302,0.639744521,0.870617116
MDM4,984.5482759,0.013881098,0.053781493,0.640059695,0.870846933
POU2F1,1047.697986,-0.014946163,0.049918635,0.640044918,0.870846933
THAP2,143.4251171,0.009953057,0.060581578,0.640136304,0.870851639
COG1,765.0498081,0.015062713,0.048414594,0.640222899,0.870869928
CNOT8,1781.286935,-0.01508515,0.043475604,0.64096209,0.871238021
DAXX,1792.133889,0.014358651,0.050467041,0.640814326,0.871238021
HDHD2,687.8492045,-0.013983848,0.052921798,0.641135879,0.871238021
KIF20B,785.7889986,-0.012952564,0.056721209,0.6412234,0.871238021
MGAT2,2248.261041,0.015215776,0.039798837,0.640741115,0.871238021
SGSM3,1687.636542,0.015408377,0.050854056,0.641244357,0.871238021
SSBP2,214.5420728,-0.012590806,0.057353783,0.641182762,0.871238021
TAF12,904.3674854,-0.014715581,0.051204233,0.640949737,0.871238021
TNFRSF1B,7524.243189,-0.014381863,0.037751659,0.640875854,0.871238021
ZNF14,86.58163541,0.009666079,0.060864685,0.641298511,0.871238021
ZNF324,324.248519,-0.013077739,0.055472435,0.640741644,0.871238021
ARRDC3,424.7074564,-0.012046245,0.058329488,0.641702264,0.871587616
LRR1,309.5826198,0.013379815,0.056093902,0.641684392,0.871587616
CCT3,4902.175597,0.014749333,0.042054123,0.642441318,0.871840437
CENPW,208.9837745,0.012720308,0.057191788,0.642075828,0.871840437
GIT1,2293.898274,0.014979682,0.047311097,0.642663296,0.871840437
KMT5B,1117.765715,-0.015073545,0.048779273,0.642415374,0.871840437
LRRC75B,89.4375299,0.009190588,0.061114418,0.642545366,0.871840437
PTDSS2,1158.075743,0.014845805,0.048169978,0.642426327,0.871840437
RXRB,1821.153589,-0.014673985,0.041522472,0.642693967,0.871840437
SAT2,973.1201879,0.014981196,0.045531409,0.64227667,0.871840437
SPNS1,4572.067479,0.014899784,0.042908077,0.642002729,0.871840437
TOGARAM1,630.1011116,-0.011432492,0.058755615,0.642590934,0.871840437
ZNF449,168.4493297,0.012477841,0.057511152,0.642463823,0.871840437
RNASEH2B,869.6628003,0.014716679,0.050146711,0.643015294,0.872176948
TAF15,5998.867099,0.014561679,0.05062818,0.643126707,0.872228691
KANTR,238.7380644,-0.011833561,0.058370042,0.643506031,0.87264373
NEXN,77.02050405,0.00570356,0.062853076,0.643657048,0.872649715
SLC25A23,851.3277916,0.012544273,0.057347085,0.64362091,0.872649715
FAF1,729.9748917,-0.01468699,0.0562285,0.643755101,0.872683269
ATP13A3,7058.532091,0.014878205,0.047268833,0.644242526,0.872776899
CCDC122,133.161045,-0.008504916,0.061484288,0.644450817,0.872776899
DTX2P1,170.6994556,-0.010773056,0.059355008,0.64392171,0.872776899
ERCC3,1424.299739,-0.014863377,0.042413225,0.644188561,0.872776899
GABRG2,77.8450243,-0.008080852,0.061708362,0.644459319,0.872776899
OSTC,1716.15489,-0.014688123,0.047160306,0.644280464,0.872776899
PARP8,1184.394565,-0.014804213,0.043537379,0.644226719,0.872776899
PMS2P6,70.98431989,0.008666209,0.061400147,0.644483975,0.872776899
SPTLC1,1797.784022,-0.014850982,0.046359824,0.644241383,0.872776899
ANAPC11,1355.420311,-0.014871461,0.043932058,0.644772575,0.872902285
GNL2,1494.304089,0.014097892,0.051808896,0.644796531,0.872902285
SPOP,1494.19214,-0.014718251,0.047004061,0.644724582,0.872902285
ZNF93,86.34908412,-0.008205467,0.061652746,0.644994374,0.873070839
MAPK10,139.8850907,-0.010447161,0.060026778,0.645132832,0.873158978
STRAP,2327.242322,0.014777328,0.047852046,0.645207864,0.873161262
EEF1A1P5,94.61559698,-0.007933102,0.06182783,0.645551275,0.873220183
GPALPP1,436.9186217,-0.013641734,0.054259939,0.645379545,0.873220183
PIAS3,512.940887,0.013118356,0.052464151,0.645618148,0.873220183
TRAPPC14,1670.651288,0.01449954,0.051217219,0.645530033,0.873220183
WASHC2C,2440.445456,-0.014937377,0.041390548,0.645446355,0.873220183
JTB,2663.668505,-0.014576077,0.041826426,0.646045595,0.873699059
GMPR2,2274.185606,0.01438795,0.039323941,0.646194966,0.873801803
MARCHF8,1233.190269,-0.014099165,0.052741356,0.646362479,0.873929053
BMP1,1264.229995,0.014422631,0.050770724,0.64671592,0.874244002
EIF1AX,1833.135841,-0.01475495,0.046121993,0.646742287,0.874244002
AKIP1,1275.41663,0.014814528,0.044907141,0.646859099,0.87430263
WDCP,206.5900619,-0.011549026,0.058507558,0.646969971,0.874353219
CYBC1,2946.702183,-0.014512013,0.044886195,0.647200774,0.874565858
PSPH,538.9380311,0.013486037,0.052797729,0.647292635,0.874590719
MDP1,206.2249148,-0.012432657,0.057140749,0.647409092,0.874648802
MRPL2,751.9117898,-0.014694773,0.047694523,0.647510608,0.874686688
MITD1,640.1636586,-0.01467214,0.051750235,0.647669498,0.874725312
PTP4A1,2282.935518,-0.01426275,0.050899519,0.64770562,0.874725312
YBEY,315.3784079,-0.012833016,0.056251034,0.647759626,0.874725312
ENTPD6,2236.390417,0.014674809,0.041596215,0.647994702,0.874844287
INTS4,797.1001137,-0.014672711,0.047994969,0.647982913,0.874844287
ARSG,239.6469329,0.012819969,0.056335954,0.648854456,0.875144989
CALR,37978.91697,-0.012697635,0.049183741,0.648799291,0.875144989
CLHC1,210.35605,0.010556281,0.05965708,0.649026048,0.875144989
MLLT10,1124.022016,0.012495905,0.053137154,0.648977898,0.875144989
MROH6,186.9185151,-0.010855336,0.059265937,0.648655084,0.875144989
PRPF31,1762.984345,0.015055748,0.04205292,0.648582774,0.875144989
RAD1,493.5193713,-0.014455611,0.049810542,0.648879136,0.875144989
RMND1,758.0584575,-0.01549715,0.050718071,0.648497635,0.875144989
RTCA,1363.453422,-0.014246217,0.041717683,0.648510222,0.875144989
SPOUT1,960.2765112,0.011473103,0.055912882,0.648387268,0.875144989
SUV39H2,246.1982325,-0.010627739,0.059369875,0.648685052,0.875144989
CD1A,59.27307633,0.007550208,0.061960001,0.649367234,0.875257052
DPY30,571.702828,-0.013891382,0.052815456,0.649305157,0.875257052
DR1,2180.972675,0.014080985,0.038829282,0.649388773,0.875257052
ORC1,263.4851655,0.01202926,0.056346553,0.649403237,0.875257052
CCDC125,395.2174804,-0.012926862,0.055974872,0.649586274,0.87540464
PIN4,507.265695,-0.011486697,0.05698819,0.649716714,0.875481322
AP5S1,646.8318831,0.013888938,0.053193667,0.650299448,0.875880962
ARL4C,364.4679533,0.012598539,0.056624986,0.650292158,0.875880962
COL1A2,2087.081962,-0.015727676,0.056945493,0.651116885,0.875880962
E2F8,323.0066043,-0.012606752,0.056571023,0.650716524,0.875880962
FGGY,206.1676482,0.007265393,0.061972065,0.651080129,0.875880962
GNPAT,1167.330602,-0.014577239,0.045195161,0.650793976,0.875880962
GRIN3A,129.8047851,0.009804905,0.060397611,0.650223269,0.875880962
KPNA1,2220.041674,-0.014502922,0.043396459,0.651058031,0.875880962
KREMEN1,139.5694695,-0.008202095,0.061546894,0.651035375,0.875880962
RASSF7,637.3055828,-0.015128525,0.05084605,0.650883567,0.875880962
RDH10,1009.696588,-0.012677202,0.056436721,0.650776224,0.875880962
SLC22A18,842.9700612,0.014008623,0.052600153,0.650368723,0.875880962
SP4,117.2633307,0.006822671,0.062339476,0.65066088,0.875880962
TAPBPL,820.2991352,0.014502204,0.046670992,0.650482856,0.875880962
TXNRD1,4865.978428,0.014341261,0.039334743,0.65067474,0.875880962
FUCA2,4448.223743,0.013508823,0.039108673,0.651540626,0.876087361
KLF8,96.18236217,0.008467456,0.061396528,0.651564678,0.876087361
PHIP,2300.083983,-0.013750134,0.05277858,0.6514077,0.876087361
TMEM176B,6242.676179,-0.013315181,0.040836803,0.651563152,0.876087361
PPP2R1A,6829.961604,-0.012884831,0.033344238,0.651643966,0.876095022
TPBG,124.0063463,-0.00912787,0.060862951,0.651734795,0.876118195
ALS2,737.9388803,-0.013241717,0.054704798,0.652265857,0.876512147
CDR2,842.008772,-0.013838464,0.051359504,0.652322354,0.876512147
DPP3,2462.392244,0.01458582,0.045166695,0.652258869,0.876512147
MICOS10,2254.005367,0.012707629,0.051696965,0.652167479,0.876512147
P3H4,63.08549529,-0.007193822,0.062050708,0.652562645,0.876637135
PGM1,461.8991056,-0.014143807,0.051038419,0.652561,0.876637135
PREP,1392.957822,-0.014609437,0.04536746,0.652747657,0.876786738
NDUFS8,1818.89106,0.013825934,0.03795265,0.653023693,0.876876044
SRGAP2,3510.54895,0.013122348,0.046325427,0.652972627,0.876876044
ZNF302,452.9177507,0.012661245,0.056030607,0.653035111,0.876876044
RNF139,955.9064663,-0.013556421,0.048492134,0.653192564,0.876889657
TCF12,2289.283261,-0.01473367,0.047627305,0.653179884,0.876889657
PPIH,643.4585789,0.014345578,0.047584819,0.653350873,0.877003286
CREM,515.006796,0.013639997,0.053943145,0.653555796,0.877081886
PPP4R1,1697.634686,0.014281757,0.05063973,0.653601664,0.877081886
RPS27,6209.425041,-0.014127054,0.051668692,0.653630449,0.877081886
ACTR3B,104.3921756,0.009203686,0.06077942,0.654270278,0.877118512
AKR1A1,5410.04944,0.012428935,0.032050519,0.654655674,0.877118512
BAK1,1972.695045,-0.013853358,0.038464679,0.653775504,0.877118512
CDC42BPA,990.6724144,0.012845419,0.054001698,0.654965975,0.877118512
EIF2B3,593.8618335,0.013412728,0.05450852,0.65432641,0.877118512
HSPA13,1385.911586,0.014572383,0.050239247,0.654022399,0.877118512
KYAT1,159.620844,0.008885461,0.061019705,0.654404336,0.877118512
NAA80,202.5615999,0.01232938,0.056862478,0.654373429,0.877118512
ORMDL2,874.1024639,-0.013454236,0.052572735,0.654384075,0.877118512
PCF11,1978.728601,-0.013773651,0.048339618,0.654104281,0.877118512
PPT2,464.3762762,0.010509447,0.059236263,0.654887503,0.877118512
RAB5C,10025.05029,-0.013215372,0.035288267,0.654576793,0.877118512
RSRC1,706.0484817,-0.014296636,0.048833897,0.654585905,0.877118512
SERTAD1,789.2957551,-0.01439003,0.046964601,0.654769148,0.877118512
ST7L,436.414164,-0.01354489,0.053653934,0.65425502,0.877118512
TBC1D30,293.9419558,0.010200395,0.06012363,0.65498392,0.877118512
YARS1,5761.125109,0.014619739,0.044761627,0.654904688,0.877118512
ZMAT1,172.1864191,-0.012045943,0.057249296,0.654661118,0.877118512
CD6,153.5702904,-0.009633749,0.060376133,0.655071433,0.877137039
EMP2,85.96017074,-0.008568479,0.061193498,0.655399157,0.877378496
ZFAND6,2181.059017,0.014450217,0.043593015,0.655328591,0.877378496
CNOT3,1557.249587,-0.015651759,0.046789398,0.655480336,0.877378895
ELAC2,2234.137882,-0.014007664,0.050607888,0.655601186,0.877378895
NUDT4P2,144.9554335,-0.011044703,0.058743357,0.65562055,0.877378895
CLBA1,107.7748684,0.008619555,0.061215912,0.656092219,0.877655847
DUSP13B,73.36367729,0.006842769,0.062239365,0.656785883,0.877655847
E2F7,96.63601934,0.009631714,0.060352915,0.655934478,0.877655847
KATNBL1,686.9480672,-0.012896052,0.05581253,0.656756265,0.877655847
LIPT1,76.66752308,-0.0070756,0.062014525,0.656262969,0.877655847
LRIG2,556.4398598,0.013450697,0.053817594,0.656030102,0.877655847
MTERF4,883.7689649,0.014021407,0.048790717,0.656284394,0.877655847
NUF2,441.5323744,0.013456661,0.053885393,0.656631866,0.877655847
NXN,192.2403245,-0.010464988,0.059418608,0.656714817,0.877655847
PLEKHA8,459.02553,0.012635353,0.056043841,0.65651579,0.877655847
PSMD5,1008.931378,0.014252942,0.048363965,0.656357795,0.877655847
SDHAF1,296.7145344,0.013367128,0.05382269,0.656667834,0.877655847
TMEM132A,801.3683559,0.013653593,0.052913542,0.656228732,0.877655847
RPL29,10380.06606,-0.014709003,0.043349483,0.657388598,0.878362655
ZUP1,290.6103781,-0.013007597,0.054909574,0.657733551,0.878724939
HNRNPUL2,6010.249258,-0.013975432,0.043124294,0.65808541,0.879096366
NUBP1,997.2786973,-0.014331956,0.043387765,0.65825725,0.87922726
JHY,87.31709569,-0.009022714,0.060577448,0.658547363,0.879516082
COMMD9,2026.70703,-0.014041928,0.042223098,0.658814552,0.879774228
CENPH,172.6875978,0.011391811,0.058212275,0.659176316,0.880088536
ORMDL1,1178.639004,-0.014088579,0.049582768,0.659197772,0.880088536
LRRC23,179.8317588,-0.011266378,0.058123926,0.659326066,0.880161114
FDX2,455.7388792,0.01242611,0.051885231,0.659440478,0.880185432
MBTPS2,895.1491999,-0.013944837,0.048183548,0.659566085,0.880185432
TMEM183A,1728.437222,0.014201545,0.047726199,0.659541621,0.880185432
PPP6C,1429.811427,-0.013580267,0.050225895,0.659795399,0.8803898
RNF215,356.2789562,0.010846998,0.058874669,0.65986713,0.8803898
POLG2,324.1282602,-0.012191695,0.05555875,0.660174541,0.880701245
HRH2,396.3159115,0.012639859,0.055831193,0.66038999,0.880889953
ARL14EP,478.502856,-0.012043876,0.058491962,0.660535879,0.880915233
LPAR1,485.1292991,0.012444933,0.055829648,0.660700492,0.880915233
SERPINH1,1567.630045,0.012007294,0.045719,0.660640864,0.880915233
SHE,177.5114149,-0.009331129,0.060424331,0.660740053,0.880915233
TMEM128,583.6946282,0.014073575,0.049777907,0.660778919,0.880915233
LAT2,5452.905708,0.01410964,0.043987879,0.661012469,0.880957309
MIOS,749.5995278,-0.01342291,0.051022166,0.660895693,0.880957309
ZNF664,2602.172881,-0.01417312,0.042384062,0.661032477,0.880957309
MRPS35,1672.039173,-0.010715317,0.048786347,0.661121844,0.880977787
DNAJC14,1253.143101,0.014220415,0.045890415,0.66132024,0.881143532
IGF2R,19778.0884,-0.013824802,0.041695104,0.661451628,0.881219968
LPCAT3,1274.423659,0.014241486,0.046978448,0.661616495,0.881236598
NOL6,1639.971389,0.013974836,0.04336017,0.661686178,0.881236598
PDIK1L,375.6795021,-0.011151306,0.058342201,0.661618646,0.881236598
PRPS2,980.6469222,-0.014286321,0.047452885,0.661816935,0.881312149
ZKSCAN4,362.2002767,-0.01260122,0.055357969,0.661899678,0.881323753
PPBP,123.2730028,0.007079363,0.062000079,0.662062269,0.881441658
HSPA4L,68.17705868,0.006222216,0.062457998,0.662191075,0.881514564
AHSA2P,718.6815171,0.013444909,0.051901789,0.66227971,0.881533983
PSMC6,1480.412798,-0.01332497,0.043751013,0.662542594,0.881785309
MIEF2,323.6600592,-0.010385615,0.059604595,0.662707297,0.881905921
PLCB2,18124.48932,0.014173935,0.041961191,0.663003439,0.88210281
TMEM229B,144.5854687,0.010798495,0.058781983,0.662931376,0.88210281
BLVRA,1278.645417,0.013820244,0.050831079,0.663123733,0.882164269
LIN9,157.5696013,-0.010765866,0.058454768,0.663217492,0.882190418
HNRNPUL1,8171.413514,-0.014302314,0.041823571,0.663469749,0.882328794
MAEA,2533.874985,0.014209089,0.048776712,0.663435713,0.882328794
AZIN1,3123.423006,0.013820381,0.042338384,0.663847508,0.882633972
RSPH3,698.5290169,-0.014124275,0.048159126,0.663787311,0.882633972
SMG6,1245.009635,-0.012828202,0.054336482,0.664180908,0.882886287
SUGP1,997.5037288,-0.013398345,0.052283486,0.664185602,0.882886287
CCT4,2924.231342,-0.01385042,0.051043324,0.664360383,0.882956347
IQCG,402.8331338,-0.012989099,0.053821363,0.664542292,0.882956347
PMS2,687.1748922,-0.01406741,0.049239031,0.664683308,0.882956347
PPIB,7052.12027,-0.014473795,0.045595399,0.664626018,0.882956347
TGM2,41456.06767,-0.013386232,0.049867327,0.664395395,0.882956347
ZNF317,1486.425398,0.013706777,0.040947682,0.664514018,0.882956347
MAPK6,1207.756049,-0.013227516,0.052879472,0.664914806,0.88316532
TSPAN14,3146.105655,-0.014299967,0.042907244,0.665204338,0.883451322
AIMP2,564.4987683,-0.013740636,0.048460497,0.667568879,0.883536131
ANKRD44,1282.678442,-0.008380718,0.061002631,0.667466303,0.883536131
AOPEP,123.2371451,0.010692098,0.05905553,0.665918946,0.883536131
CASKIN2,330.3852332,0.011829842,0.056719932,0.666731665,0.883536131
CCDC77,301.4722055,-0.009741899,0.059866953,0.66542099,0.883536131
CLEC2B,396.9399123,-0.0127587,0.054434571,0.66606188,0.883536131
F8,111.5402185,-0.008482148,0.061012289,0.666563566,0.883536131
FASTKD1,799.5281587,0.013448585,0.05170141,0.667297763,0.883536131
HLA-C,29969.07194,-0.012420511,0.039483255,0.666567871,0.883536131
IVNS1ABP,4360.398194,0.013512104,0.051865318,0.665443139,0.883536131
KDM1B,1187.790455,-0.014308198,0.053355454,0.666693283,0.883536131
KIF3C,380.6630174,0.008804234,0.060689773,0.667430472,0.883536131
MED26,384.390484,0.011682557,0.056994102,0.666282316,0.883536131
MFSD11,1100.666199,-0.013853471,0.044900306,0.667124799,0.883536131
MMP25,61.15570853,-0.007922258,0.061393616,0.667487148,0.883536131
MTCH1,7066.320738,0.011887921,0.03226266,0.666757653,0.883536131
NDUFA7,487.8469884,-0.013196885,0.052566318,0.667406714,0.883536131
RETREG3,1653.66678,0.014129511,0.046153375,0.666873746,0.883536131
RNF220,2888.192782,0.013710554,0.040307238,0.66581124,0.883536131
RPS2P32,89.20514821,0.008617187,0.060856469,0.6663822,0.883536131
SMARCA5,3270.718629,-0.013405999,0.052065704,0.665720937,0.883536131
SNPH,80.17164934,0.007768649,0.061532673,0.667398005,0.883536131
SPRED2,1525.744334,0.013745673,0.049723875,0.665960746,0.883536131
TACC2,429.0129627,0.011528544,0.053826252,0.667376222,0.883536131
TCHP,880.3885491,0.013612762,0.050385663,0.667484816,0.883536131
TRMT5,592.7142237,0.012834225,0.054131262,0.667531413,0.883536131
UTP11,824.7046865,0.013574986,0.050937029,0.666590154,0.883536131
WDR89,266.2360317,0.012464564,0.056004283,0.665823596,0.883536131
ZC3H8,347.1903213,0.01078303,0.058356194,0.665925795,0.883536131
ZNF667,63.91483002,0.006989968,0.062016458,0.666683446,0.883536131
ZNF791,570.2860077,-0.010922338,0.058641224,0.665617966,0.883536131
C11orf71,190.0613978,0.011410141,0.057530715,0.667674724,0.883557067
LUC7L2,2156.399494,0.013667402,0.047853565,0.667733132,0.883557067
ATOX1,1096.592577,-0.013850348,0.047691631,0.667897109,0.883675826
COPS7B,1104.10783,-0.013854042,0.047498165,0.668265534,0.883770404
CYP46A1,96.76680453,-0.008545718,0.060799241,0.668188232,0.883770404
LRRFIP2,882.3373257,0.013323608,0.048362325,0.668199281,0.883770404
ZHX2,469.9384316,-0.01287746,0.052545283,0.668126008,0.883770404
DUSP11,674.070075,-0.013705505,0.050460885,0.668395565,0.883844186
AVEN,306.7825685,-0.011626432,0.056795091,0.66867788,0.884119298
XRCC6,6518.090253,0.025859519,0.045473152,0.66879062,0.884170165
APP,17719.25267,0.020980039,0.049340249,0.669084104,0.884459945
BCL7B,1829.372542,0.014344176,0.046063726,0.669483991,0.884641884
NOL10,620.394174,0.013280676,0.050485778,0.669593282,0.884641884
PIK3CD,2722.017811,0.012882509,0.051880076,0.669544058,0.884641884
TMEM184B,2161.531349,-0.013771593,0.047092482,0.669449369,0.884641884
WSB1,4868.909331,0.013782786,0.042149866,0.669453399,0.884641884
ADPRH,975.4784972,-0.011727666,0.045881855,0.669810291,0.884677138
C19orf47,409.7349623,-0.011736862,0.056505507,0.669967645,0.884677138
CBLL1,740.2070481,-0.012862916,0.052153557,0.669958559,0.884677138
CNP,3946.118376,-0.013620368,0.049172804,0.669722104,0.884677138
RBM39,4952.659754,-0.0134811,0.041372333,0.670065834,0.884677138
SYNC,199.2360471,0.008492791,0.0608113,0.670024984,0.884677138
ARHGDIB,13392.8216,-0.012401023,0.034833197,0.67019527,0.884723722
ASXL1,2339.610756,0.012997711,0.052211738,0.670324063,0.884723722
FBXL4,423.7728796,-0.012905247,0.05342639,0.670261106,0.884723722
LSP1,8494.804911,0.013061766,0.046351917,0.670498323,0.884736563
PEDS1,1450.302792,0.013811011,0.045102019,0.670480703,0.884736563
POLH,608.8871377,-0.008996063,0.059578054,0.670556742,0.884736563
PBK,177.5936088,0.010017923,0.059342496,0.670765486,0.884913909
TMEM187,275.227707,-0.009967347,0.059239058,0.67106212,0.885207151
EEIG1,374.9718424,-0.0082535,0.06103152,0.671547219,0.885504614
KIF24,236.2674939,-0.010703208,0.056513857,0.671659526,0.885504614
RING1,1968.572814,0.013256119,0.039683366,0.671627133,0.885504614
RP9P,130.4496662,0.009720053,0.059686317,0.671639297,0.885504614
RSRP1,2120.40018,0.01312609,0.050663472,0.671561445,0.885504614
C1orf21,353.1414818,-0.011860197,0.05634072,0.672131003,0.885566183
DPF2,1400.164642,-0.013355003,0.049745959,0.672074993,0.885566183
GPAM,282.6778142,-0.012394209,0.054470409,0.672264258,0.885566183
MED7,236.6428455,-0.011993849,0.055782782,0.672290784,0.885566183
POC1A,319.0385958,-0.011894912,0.056279028,0.672224765,0.885566183
PPP1R9B,7465.24808,-0.013037062,0.041129927,0.672301316,0.885566183
UBE2D1,692.2898913,-0.012885372,0.051883888,0.672028451,0.885566183
ZNF367,204.5064823,0.011651474,0.056695117,0.672294201,0.885566183
DBF4,405.586202,-0.010575699,0.058459685,0.672501851,0.885673773
MOB3C,909.9337396,0.013591177,0.045240191,0.672671415,0.885673773
NRIP2,85.9806271,0.008210617,0.061084655,0.672556241,0.885673773
SEC24C,3895.19605,0.012409358,0.034612145,0.672680576,0.885673773
TOB2,1727.493027,-0.01187592,0.053810224,0.672957513,0.885940418
ZBED6,1413.277836,-0.010907361,0.056962757,0.673134913,0.886075978
MSH5-SAPCD1,69.54246209,0.006158505,0.062365406,0.673418127,0.88635078
FAM177A1,778.171504,0.012869649,0.050332326,0.673639068,0.886497524
MAPKAPK3,6283.065758,0.011983687,0.032425511,0.673827475,0.886497524
SPRED1,11619.69131,-0.014003242,0.044578182,0.673691976,0.886497524
TRHDE,247.3586843,-0.004467015,0.063040039,0.673791036,0.886497524
BPHL,275.3181835,0.01200001,0.055643508,0.674492592,0.886623364
HASPIN,207.8203804,-0.010694617,0.058144113,0.674280277,0.886623364
MAP1LC3A,199.7925358,0.010215743,0.059002897,0.674627589,0.886623364
METTL17,1292.769247,0.013334458,0.041535785,0.674614654,0.886623364
METTL23,481.9151765,-0.013209988,0.050715009,0.674074949,0.886623364
RAPGEFL1,76.69792802,0.006322074,0.062283896,0.674667875,0.886623364
STRADA,2153.505756,-0.01311707,0.038262563,0.674472435,0.886623364
THAP7,465.0372035,0.012114673,0.055229449,0.67425208,0.886623364
ZCRB1,918.2773872,-0.012754035,0.047995973,0.674451043,0.886623364
ZNF256,98.28791619,0.009557708,0.059576781,0.674139435,0.886623364
SRM,1553.43133,0.013407645,0.049026943,0.67488543,0.886811374
PIK3AP1,8175.746517,0.012815223,0.038802275,0.674970771,0.88682563
EEPD1,1242.929997,-0.014827056,0.046048176,0.675533784,0.886993447
MEST,69.00949457,-0.006563326,0.062071393,0.675397648,0.886993447
MRPL46,392.3504773,0.012566665,0.053758515,0.675545534,0.886993447
STIP1,7314.381045,-0.012205387,0.034661144,0.675282957,0.886993447
TXLNG,487.1927236,-0.013183802,0.050634536,0.675485071,0.886993447
ZNF627,190.5402131,-0.011478351,0.056658278,0.675288762,0.886993447
ACSF3,1407.964181,-0.013087274,0.050595127,0.675980007,0.887171485
ADAMTSL4,10489.36332,-0.00970082,0.050648429,0.67592065,0.887171485
MBLAC1,67.91715662,0.007446471,0.061575223,0.676086234,0.887171485
PRUNE1,279.5814141,-0.011960928,0.055602993,0.676042009,0.887171485
SSR4,2709.137784,-0.013828585,0.043387066,0.676128256,0.887171485
ZBTB9,434.7018793,0.012184955,0.054811555,0.676101781,0.887171485
AMIGO1,60.66529797,-0.006260329,0.062209189,0.676311739,0.887314442
DNA2,186.7391855,0.008363768,0.060620244,0.676558581,0.887381142
GNB2,7246.133077,0.01285904,0.036461224,0.676732877,0.887381142
POLR2G,1221.676445,-0.013402682,0.046727936,0.67673527,0.887381142
TGFB2,136.4586598,0.008800242,0.059865319,0.676660838,0.887381142
ZFYVE28,78.12552693,0.006715755,0.062008359,0.676464423,0.887381142
CLPX,1978.674054,0.013235078,0.041538089,0.676947739,0.887387212
GALM,3196.572099,-0.013335978,0.042460045,0.677161389,0.887387212
MBLAC2,179.7563264,0.010996449,0.057604321,0.677108087,0.887387212
TUBB4A,63.75675802,-0.00690321,0.062015165,0.677187133,0.887387212
ZNF254,277.8301757,-0.010122134,0.058813787,0.677076815,0.887387212
ZNF768,1432.984529,0.013278551,0.041828274,0.676906645,0.887387212
GNAQ,4021.694874,-0.016898477,0.046390087,0.677393857,0.887514695
SETD3,2663.845171,0.013481402,0.044440084,0.677433518,0.887514695
CSRNP2,843.3724654,0.012838493,0.053574144,0.678732289,0.887607768
ELOF1,1201.377921,-0.013177488,0.04242154,0.678586095,0.887607768
HELLS,464.509208,-0.012255529,0.05420485,0.678642132,0.887607768
KDELR2,2623.406254,-0.013307501,0.044432811,0.678582702,0.887607768
KLHL8,650.4805925,0.01141647,0.053902188,0.678330772,0.887607768
MMAA,255.0803101,0.009700926,0.059413549,0.678367275,0.887607768
MRPL32,748.8147755,0.013201734,0.051271313,0.678489389,0.887607768
MRPS15,1131.81064,0.013259228,0.047150529,0.677613287,0.887607768
PDCL3,462.607987,-0.012446676,0.053431153,0.678120083,0.887607768
PLEKHM3,508.5477842,0.011965528,0.051625941,0.678516801,0.887607768
PSMC4,4338.010628,-0.012822953,0.038635212,0.677974432,0.887607768
PYCR2,1505.667291,0.012926478,0.039480972,0.678214727,0.887607768
RPL39L,69.18009224,-0.008113945,0.060957354,0.678515663,0.887607768
SNRPC,1549.001424,-0.013238508,0.044366566,0.678772039,0.887607768
TDG,1037.273655,0.013235292,0.048074449,0.678697418,0.887607768
U2SURP,2052.140882,0.013116148,0.05134643,0.677930214,0.887607768
ZNF532,680.6511054,0.012392478,0.054061586,0.678172021,0.887607768
BBS9,155.8488177,-0.009335136,0.05972952,0.679158353,0.88775803
FLOT2,4770.058207,0.013398804,0.041616968,0.679672802,0.88775803
GPAT4,2948.646426,0.01304011,0.039774902,0.679419208,0.88775803
GTF2E2,695.5930646,0.013095472,0.050103652,0.679169416,0.88775803
NME6,1066.7994,-0.013262537,0.046814865,0.679622931,0.88775803
NUB1,2681.905826,0.013810289,0.046327637,0.679707219,0.88775803
PDCD6,2220.31804,0.013162203,0.04143542,0.67950729,0.88775803
PDPR2P,105.1043367,0.009168714,0.060251995,0.679333026,0.88775803
RNF41,1804.457075,-0.012901559,0.03960033,0.679489117,0.88775803
SART1,2845.841054,-0.014783948,0.051385895,0.679342355,0.88775803
TSFM,816.77734,0.012634579,0.050040549,0.67935706,0.88775803
EEF1B2,4716.048429,-0.01300413,0.046683449,0.679790199,0.887769013
TMEM223,350.9871263,0.01266752,0.053035605,0.679895196,0.887808743
ADAT1,864.9754942,0.012880399,0.051076705,0.680135161,0.887950801
KRBA1,207.3936048,-0.010233728,0.060389094,0.680227745,0.887950801
TUBGCP4,562.8803993,-0.011424158,0.056698947,0.680170381,0.887950801
DENND1B,1178.961559,-0.012954184,0.054897307,0.680436705,0.88812619
TRIP4,797.5883057,-0.012583205,0.051173614,0.680633583,0.888285771
HLA-A,14757.70617,-0.013221468,0.045729389,0.680719075,0.888299966
ARL3,274.1236197,-0.011341078,0.056414958,0.68106208,0.888650161
TSEN54,391.495439,0.012050268,0.054632962,0.681220067,0.888758893
CHSY1,1402.587866,-0.011012997,0.05717016,0.681395898,0.88889088
KIF2A,1631.020868,-0.012786219,0.039889285,0.681729763,0.888949241
NXPE3,694.3484707,-0.014272733,0.051778767,0.681589757,0.888949241
PDHX,1196.816769,0.013236485,0.04650979,0.681711271,0.888949241
TEC,267.5109179,-0.011065629,0.056533552,0.681739317,0.888949241
GPR141,547.259817,-0.011907699,0.054904941,0.681828051,0.888967578
ANXA4,3634.23753,0.012534834,0.037330372,0.682238273,0.889405019
DECR2,276.2451893,-0.010633422,0.057640055,0.682451504,0.889442036
KCNAB2,6401.194612,-0.01619409,0.045340525,0.682395275,0.889442036
POLR3A,932.6968398,-0.013522103,0.046932778,0.682490802,0.889442036
C10orf88,207.0931731,-0.008046264,0.060859159,0.683010308,0.889534812
DPH3,1251.521076,0.010479703,0.050294818,0.682936909,0.889534812
IFIT2,3622.418453,0.006897143,0.061825314,0.682867317,0.889534812
PEX19,1983.075141,-0.013232474,0.046589051,0.682846526,0.889534812
RMC1,720.8570249,-0.014213956,0.049176868,0.682683843,0.889534812
TRIM34,868.2547864,-0.012900069,0.050183496,0.682975394,0.889534812
TXNRD3,268.4150811,0.011586406,0.055731014,0.683095241,0.889548113
L3MBTL1,302.3987427,-0.010146642,0.058671402,0.683268625,0.889579285
RAB15,82.37061857,0.008023427,0.060938313,0.683206551,0.889579285
GATAD2B,1609.185067,0.010923767,0.05740673,0.683395605,0.889647314
PGS1,984.6749432,-0.012306826,0.048426286,0.683646416,0.889876512
ATG9B,366.0102647,0.006626803,0.062534607,0.683950409,0.889988075
BAP1,3439.795086,0.014889324,0.040353204,0.684082029,0.889988075
DGCR2,1985.839692,-0.013050566,0.047064579,0.68410369,0.889988075
MYO9B,18063.75708,-0.019394968,0.052104029,0.683817106,0.889988075
TARS2,1442.343652,0.013221705,0.046484627,0.68413105,0.889988075
TIAL1,2208.011815,-0.01275255,0.040991089,0.684180669,0.889988075
KIF18B,636.085945,0.011514798,0.055685091,0.684672258,0.890452559
ZC2HC1A,203.7223621,-0.010973633,0.057010342,0.684687335,0.890452559
RNF181,1492.294047,-0.0129889,0.044288089,0.68477208,0.890465496
ZNF30,75.4135632,0.007713352,0.061176669,0.684888956,0.890520208
SPC24,223.4826541,0.01130468,0.05623279,0.685072787,0.890661956
TMEM230,463.4340808,0.011047809,0.056853607,0.685420617,0.891016864
ABHD13,591.6092223,-0.012624569,0.051764443,0.685973438,0.891540805
DHX16,1807.691448,0.013715457,0.042739778,0.685900217,0.891540805
ASGR1,117.3241638,0.009122554,0.059650457,0.686228062,0.891677044
ZFYVE27,1031.758919,0.012775063,0.049403685,0.686184096,0.891677044
KLHL36,1751.548634,-0.013188088,0.046369042,0.686457759,0.891727717
LRRCC1,125.1953806,-0.009444762,0.059224275,0.68641342,0.891727717
WDR44,826.793734,-0.010383888,0.046695639,0.686491771,0.891727717
C5orf34,93.95500731,-0.008055435,0.060651996,0.686959934,0.892043849
SAC3D1,514.9264066,0.011759746,0.05276471,0.686910884,0.892043849
VAMP5,118.1583996,0.009513951,0.059088158,0.68688184,0.892043849
P4HB,25248.21656,-0.012431745,0.038597612,0.687107583,0.892138267
IFT88,258.1162436,-0.01055823,0.057269075,0.687410705,0.892218388
PPP1R13B,935.5468043,0.012481039,0.053258385,0.687270141,0.892218388
TMEM161B,598.5041513,-0.011455976,0.053627915,0.68746907,0.892218388
TTF1,538.2063719,0.012085609,0.053699161,0.687342144,0.892218388
CUL1,1929.02004,-0.011913463,0.043385447,0.687756225,0.892308329
INTS6,1208.892886,-0.012587634,0.050669346,0.687837863,0.892308329
NIPAL2,778.4855974,0.011716264,0.05553469,0.68783818,0.892308329
PNPLA7,2087.500893,0.011422836,0.055723156,0.687638849,0.892308329
NISCH,2965.202991,0.012970601,0.046521848,0.688135806,0.892562726
NUP188,2407.963359,0.01263647,0.050829412,0.688215395,0.892562726
PLCD1,300.2416218,-0.011154683,0.056145441,0.688259204,0.892562726
CMBL,178.5284953,-0.00801327,0.060943694,0.688506094,0.892688417
NIPA2,2396.710637,0.012868066,0.043645187,0.688448815,0.892688417
RAPGEF2,1055.149445,-0.010833417,0.059102874,0.688859537,0.892952177
TMED3,2519.34416,-0.012675904,0.041703378,0.6888062,0.892952177
TRMT44,297.0324682,0.010381887,0.05780855,0.689115632,0.893186892
FAM98B,642.5211994,0.011082235,0.056377225,0.689267046,0.89327167
GLG1,7424.572175,0.012471111,0.046304743,0.689380526,0.89327167
SCAMP4,3178.104017,0.013026907,0.046111638,0.689406141,0.89327167
ANKIB1,1351.632221,-0.015472878,0.047918804,0.691978084,0.893589228
ASH2L,1461.226861,-0.0122666,0.051566973,0.690642894,0.893589228
CDC25A,197.6888539,-0.009632856,0.058607453,0.691587671,0.893589228
CENPP,338.397093,0.011077464,0.056375457,0.689809263,0.893589228
CKAP5,3298.301923,-0.012838488,0.046951422,0.691952338,0.893589228
FNIP2,5270.542953,-0.012770224,0.041005174,0.691557472,0.893589228
HHAT,118.4885112,0.009318008,0.059523288,0.690237452,0.893589228
IDNK,110.4425092,0.008841622,0.059886152,0.691131252,0.893589228
IFNAR2-IL10RB,549.4482575,-0.0121549,0.052242927,0.691337376,0.893589228
LAP3,12214.48022,0.012875625,0.0491501,0.691813933,0.893589228
MCM10,227.0899833,-0.00647959,0.06193977,0.691131689,0.893589228
METTL13,1449.382412,-0.010743985,0.043650233,0.690317864,0.893589228
MFSD14A,1406.196866,0.013457944,0.043897561,0.690909392,0.893589228
NHERF1,990.9709047,0.012477773,0.049831587,0.690018984,0.893589228
NOC3L,426.3679815,0.011875489,0.054158549,0.691231378,0.893589228
PAGR1,1125.482761,-0.012873098,0.047598823,0.690495233,0.893589228
PAK4,605.0264735,-0.011316213,0.055569943,0.690733266,0.893589228
PCCB,1400.592746,-0.01365269,0.045969376,0.690786873,0.893589228
PKN1,9811.47347,0.013063425,0.045759613,0.691956585,0.893589228
PML,3473.923248,0.012484097,0.053856273,0.689909926,0.893589228
PTGR3,1089.602177,-0.012576592,0.049965176,0.690644065,0.893589228
RPL7L1,2889.419293,0.01281807,0.046856928,0.691937286,0.893589228
SFT2D1,1681.801533,-0.012968795,0.042031922,0.691372641,0.893589228
SNAPC1,182.6337875,0.01046488,0.057481824,0.691908841,0.893589228
STRN,1605.603776,-0.011644211,0.053452305,0.690917646,0.893589228
TMCC3,293.1020801,-0.007458829,0.061108004,0.69123988,0.893589228
TTLL1,146.9438908,-0.009695187,0.058772663,0.690431079,0.893589228
TYROBP,15625.19832,-0.011224366,0.036776877,0.690476052,0.893589228
VPS37A,1164.050156,0.017308079,0.049131983,0.691613838,0.893589228
ZBTB3,127.1031131,-0.007740077,0.060882156,0.691314902,0.893589228
ZNF263,793.5351998,0.01266994,0.050240071,0.689742597,0.893589228
MAGED1,1404.299889,-0.012603008,0.047486404,0.692152114,0.893717019
HSPA1L,61.49796554,-0.007382339,0.061204038,0.692510829,0.893964894
IFIT1,5906.632698,0.006800876,0.061709327,0.692569359,0.893964894
SEC22A,269.2982229,-0.009632498,0.058717414,0.692452433,0.893964894
BRK1,4666.183393,-0.012645602,0.045459674,0.693309074,0.894066232
CLIC4,8265.060207,-0.01467452,0.046789382,0.69338039,0.894066232
COG4,1546.542298,-0.012172954,0.051310588,0.693320129,0.894066232
FAM174C,1413.241064,0.012768869,0.045865202,0.693398868,0.894066232
HSPD1,5074.77713,-0.011722608,0.04660186,0.693326512,0.894066232
PRDM2,1051.89979,0.012462439,0.050927535,0.693048845,0.894066232
SLC4A11,345.0650957,0.00960992,0.058814296,0.693302709,0.894066232
SSH1,4483.017703,-0.011996156,0.05250979,0.693324477,0.894066232
TNFSF13,3260.967805,-0.012219922,0.039147905,0.693006609,0.894066232
VPS13B,1416.007507,-0.011556892,0.053663068,0.693185746,0.894066232
ABCE1,3000.989334,-0.010101942,0.045760136,0.693700715,0.894101108
AGAP5,289.9890781,-0.009956671,0.058158565,0.693588514,0.894101108
CCDC61,255.3476313,-0.010616092,0.057058368,0.693561538,0.894101108
YARS2,694.4035193,-0.013090908,0.049876249,0.693726328,0.894101108
LNX2,176.2508623,-0.010492503,0.057126537,0.693806783,0.894108005
HRK,116.3175577,-0.006461587,0.06186526,0.69401863,0.894187423
PRKAB2,448.6896168,-0.010062691,0.057916606,0.693977428,0.894187423
ZNF696,298.0550041,0.010814914,0.056693029,0.694156906,0.894268798
MUTYH,340.6448588,0.01196685,0.053283364,0.694307493,0.894366015
C9orf72,851.2922747,-0.011771023,0.052048601,0.694643915,0.894454152
GCSH,293.6444044,-0.009555341,0.058702649,0.694751578,0.894454152
PELI3,285.6821653,-0.010724623,0.056494694,0.69469037,0.894454152
SELENOW,1841.425385,0.012542293,0.039500111,0.694728164,0.894454152
SUZ12P1,214.2415343,-0.01008284,0.057878231,0.694629208,0.894454152
BCAM,135.2661148,0.007705836,0.060918179,0.694889385,0.894534833
GOLGA8H,132.4962412,0.008742663,0.059818496,0.69562791,0.895388719
PAN3,1109.948625,-0.013539598,0.046882376,0.695811971,0.895528813
FKBP2,1389.200851,0.01280659,0.047715816,0.696297224,0.895892751
GIMAP1-GIMAP5,227.9251478,0.004035884,0.063063661,0.696320506,0.895892751
TOP6BL,115.9228241,-0.00796423,0.060546358,0.696218779,0.895892751
IFI16,7306.634229,-0.012799263,0.049271726,0.696632187,0.896161948
PTK7,160.882747,-0.010105549,0.059657035,0.696680288,0.896161948
COX7A2,2149.894184,0.012365035,0.049432894,0.697011483,0.896215909
EIF2S2,4285.40265,0.012596076,0.049648932,0.69702336,0.896215909
MED31,204.8947082,-0.00966639,0.05861642,0.69695646,0.896215909
WDR11,3642.498639,0.012613289,0.043678849,0.696958482,0.896215909
EEF2KMT,272.2311328,-0.011257232,0.054362054,0.697242146,0.896400405
APOBEC3G,558.6831956,-0.01198437,0.051820654,0.69749235,0.89655017
CDC25C,137.4164107,-0.009068124,0.059265469,0.697509254,0.89655017
ATF1,706.3656269,-0.013441611,0.04892336,0.698241991,0.896803951
B3GNTL1,262.1937568,0.009751693,0.05770957,0.698155773,0.896803951
BCDIN3D,186.5683019,0.010395824,0.058512417,0.698309335,0.896803951
DZANK1,76.00348046,-0.005965499,0.062043617,0.698158541,0.896803951
MAMDC4,157.5530879,-0.007348845,0.061041893,0.698085482,0.896803951
MOK,74.06504977,0.006670249,0.061661358,0.698203743,0.896803951
NASP,1607.492577,-0.022917202,0.04752817,0.697795515,0.896803951
TIMM8A,194.794643,0.010346479,0.0572003,0.698223037,0.896803951
ADAMTS13,84.158266,0.006541722,0.061701716,0.698434251,0.896811446
AK3,1026.565712,-0.012226669,0.049834029,0.698532786,0.896811446
IDH3G,2252.512166,-0.012304818,0.040921198,0.698541163,0.896811446
SMARCA2,3896.637247,-0.010847958,0.046215943,0.698717842,0.896941547
WASH2P,111.4222425,-0.008487173,0.059834191,0.69880907,0.896961938
BRD3,1434.13974,0.012373771,0.049189004,0.698884792,0.896962424
ARPC1B,21379.59448,-0.009899218,0.02911476,0.699090663,0.897048685
TBC1D7,343.9596546,-0.011138782,0.054295141,0.699102705,0.897048685
HHLA1,70.66940412,-0.006957074,0.061395303,0.699254467,0.897146722
TMEM263,788.6680482,0.012228956,0.050289631,0.699375493,0.897205306
ETFDH,839.5268974,-0.01151475,0.053680457,0.699454439,0.897209902
RXRA,5629.891589,-0.012136678,0.040859222,0.699653724,0.897368842
LRP10,8655.34936,-0.012363201,0.046278153,0.69988584,0.897376513
NDUFC1,585.8067882,-0.011479322,0.053219486,0.699853392,0.897376513
NFIA,109.7228211,-0.006965139,0.06133109,0.699772873,0.897376513
GTPBP8,343.5844452,-0.011232581,0.054004386,0.700001264,0.897427853
BRMS1,1254.573421,0.012403346,0.044202901,0.700549109,0.897921572
CTNS,3663.638737,-0.012088832,0.041316859,0.700551565,0.897921572
PIR,223.8634759,0.010687352,0.056118617,0.70061264,0.897921572
GTPBP6,1726.262098,0.01283908,0.041342771,0.700796336,0.897963662
MON2,1288.762798,-0.012152436,0.049592972,0.700768536,0.897963662
CENPBD2P,123.8016869,0.007586665,0.060880431,0.701044537,0.898185021
ANKRD27,665.8617394,0.012103567,0.051143698,0.701300379,0.898298298
EDC3,948.8547373,-0.012379892,0.048577222,0.701359318,0.898298298
LYSET,1860.694892,-0.012318101,0.043981428,0.701242995,0.898298298
LIN7B,140.4460938,-0.009638967,0.058635942,0.701526021,0.89831852
VPS26B,1939.866974,-0.012151299,0.042601939,0.70152596,0.89831852
HDLBP,13825.44371,0.009408889,0.034623244,0.701614207,0.898334818
ACYP1,130.9241025,0.00842262,0.059905256,0.701953239,0.898357864
BCAP31,11730.89001,-0.011664884,0.035679247,0.702471452,0.898357864
EID2,427.4587342,-0.011960607,0.050430384,0.703063132,0.898357864
ERI3,693.4369366,-0.01291651,0.050847091,0.702303885,0.898357864
EXOSC7,965.9923816,0.011719463,0.049767276,0.703165397,0.898357864
FKBP8,7286.195127,-0.011086554,0.038647881,0.701835081,0.898357864
GORASP1,1573.39368,0.012221802,0.045315395,0.70309925,0.898357864
HSPA1A,2134.250042,-0.010053496,0.052825096,0.703211652,0.898357864
KRR1,821.6733357,-0.011884554,0.047100242,0.703216878,0.898357864
MALSU1,410.1167553,0.011351887,0.053985221,0.703030852,0.898357864
MPG,1095.651366,-0.012288581,0.045353905,0.702609016,0.898357864
MTLN,428.7965461,0.01110892,0.05462961,0.70234441,0.898357864
NADSYN1,2280.165114,-0.012243784,0.043440345,0.703071588,0.898357864
PCOLCE,75.65229922,0.00720497,0.061143484,0.702654853,0.898357864
PPARA,950.8581366,-0.010860112,0.055531335,0.702567133,0.898357864
RNF123,1271.705422,-0.012237824,0.046967221,0.702559056,0.898357864
SMARCD3,112.6742274,0.008096254,0.06056061,0.702533015,0.898357864
TMEM241,110.3005127,0.007066597,0.061285447,0.701856468,0.898357864
ZFP62,330.2309734,-0.010087903,0.05581614,0.702777063,0.898357864
ZNF234,268.5622578,-0.01031854,0.05671267,0.70301835,0.898357864
ZNF549,198.4177289,-0.009824845,0.056396173,0.702929707,0.898357864
HESX1,87.38027429,0.006557283,0.061627949,0.70357705,0.898445737
RTKN,443.3797044,0.01096192,0.054894079,0.703365109,0.898445737
TRUB1,370.5752505,0.009936603,0.057771325,0.703452236,0.898445737
WWC3,593.3088478,-0.011492346,0.05246954,0.703587535,0.898445737
SLC36A4,1024.2998,-0.01181332,0.051808958,0.703718156,0.898496532
ZBTB22,811.71363,0.012117114,0.049375895,0.703778258,0.898496532
CLDN23,421.9148248,-0.011164171,0.051090164,0.70408303,0.898512013
DDX17,12052.05885,-0.01184835,0.040333409,0.704201697,0.898512013
DERL2,584.1329401,0.01179713,0.050610518,0.704793133,0.898512013
HECTD3,2279.92086,-0.011981417,0.041078688,0.704676572,0.898512013
MTRES1,274.6632806,0.010579085,0.05595946,0.704819559,0.898512013
NCOA5,1395.894983,0.012325986,0.047069785,0.704036429,0.898512013
RAB10,4906.580185,-0.011619624,0.042605235,0.704645525,0.898512013
RBM26,1539.614814,-0.011900199,0.040043689,0.704280702,0.898512013
RICTOR,1341.364255,0.012337383,0.049061397,0.704626992,0.898512013
SND1,7335.577132,-0.017644821,0.047104276,0.704661568,0.898512013
TMEM62,772.9507988,0.012216066,0.049631498,0.704911934,0.898512013
TRIM8,3125.403657,0.013027345,0.044170495,0.704794272,0.898512013
VCPKMT,184.9595675,0.009647963,0.058046995,0.704717362,0.898512013
ZNF584,281.7251385,-0.010687094,0.055728058,0.704922486,0.898512013
ZNF772,204.2771434,0.009002673,0.059016772,0.70405558,0.898512013
NF2,1268.628596,0.010236077,0.042664669,0.70500114,0.898516065
ZC3H15,2080.920052,-0.013410816,0.045943892,0.705129631,0.898583628
F8A1,770.6240086,0.010979049,0.053403449,0.705592367,0.899077076
FUT4,1023.77935,0.011858224,0.049631149,0.705778808,0.899218398
ALG11,1315.95509,0.013746901,0.052970712,0.706861221,0.89935813
B2M,74522.97731,-0.000871911,0.039928017,0.706384541,0.89935813
C22orf46P,604.5982632,-0.011996301,0.050379286,0.706052114,0.89935813
COA5,639.4977254,-0.011281666,0.0529989,0.706927302,0.89935813
CYCS,4164.895795,0.013006624,0.04978874,0.706455777,0.89935813
GNL1,1863.671388,-0.012069635,0.046172338,0.706528486,0.89935813
IQCE,946.0850364,0.011274831,0.05345489,0.706484848,0.89935813
LEPR,335.4067044,-0.010727969,0.054356379,0.706875476,0.89935813
MTCH2,2111.166205,-0.012513387,0.045871743,0.706946105,0.89935813
PITHD1,1180.800854,-0.01207658,0.046260776,0.706477077,0.89935813
PPL,355.9712079,0.010205606,0.055422262,0.706407837,0.89935813
RASL11B,101.8440001,0.007735146,0.060494687,0.706837027,0.89935813
TIGD6,269.879841,0.010543957,0.05602582,0.706846223,0.89935813
UTP14A,565.6323915,-0.011646944,0.050643232,0.706907144,0.89935813
LYPLA2,1679.310673,0.016232872,0.04293956,0.707152521,0.899524603
DPY19L4,695.2395797,0.010407312,0.055497397,0.707293414,0.899607703
CCNB1IP1,536.3430184,0.010817458,0.05332417,0.707642032,0.899954694
SYNGR1,268.5124578,0.009561031,0.057904405,0.707717416,0.899954694
AARSD1,482.2654935,0.010935418,0.051746366,0.707932764,0.900132389
SPRY1,271.1043776,-0.010556694,0.055833364,0.708273939,0.900470017
CEP120,746.8143449,0.011970422,0.047624237,0.70838622,0.900516599
ARHGEF40,3550.985309,0.015399182,0.045315507,0.708748901,0.900881451
CAMKK1,894.5143208,0.009425306,0.050400042,0.709074172,0.901190438
FAT2,73.3574406,0.005977166,0.06193936,0.709143387,0.901190438
RNGTT,447.1498918,-0.010645172,0.055156287,0.709433173,0.901462474
CERS1,73.8810135,-0.007569123,0.060673954,0.709856868,0.90161592
PIK3CA,1155.137006,0.011760485,0.048046957,0.709763568,0.90161592
TUBGCP5,581.5912509,-0.012556401,0.053935169,0.709777991,0.90161592
ZNF268,629.4063504,-0.009846414,0.058197254,0.709834918,0.90161592
CERS2,5658.987923,0.010067525,0.034429603,0.710354125,0.902055024
NDUFA4L2,71.9088733,0.006971887,0.061166637,0.710307416,0.902055024
NPEPPS,3728.021938,-0.012808001,0.047492901,0.710505226,0.902150674
RBBP6,1738.353099,-0.011911697,0.042203916,0.710683904,0.9021851
RPS15,7854.701544,0.014192302,0.038855009,0.710639436,0.9021851
TARDBP,3383.343295,0.01189791,0.043076798,0.710831575,0.902276351
APLF,92.18822001,0.007826547,0.060220773,0.711714237,0.902965434
DNAJC24,519.0614237,-0.010595635,0.055027201,0.711544107,0.902965434
NFS1,533.565094,0.011058412,0.053891548,0.711602422,0.902965434
PDCD10,1353.66767,0.011508347,0.050540863,0.71152854,0.902965434
PHF20L1,1522.091115,-0.012999886,0.04623076,0.711768821,0.902965434
TPTEP2-CSNK1E,77.50562781,0.007113038,0.061015612,0.711829533,0.902965434
ZNF266,460.8329626,-0.010896378,0.053888002,0.712310608,0.903479415
LHX2,256.6805595,0.010086133,0.057381767,0.712408082,0.903506788
ATG2B,840.8288084,0.006741793,0.061200455,0.713362486,0.903886861
CKLF-CMTM1,66.68435569,-0.005095622,0.062451718,0.713441876,0.903886861
DROSHA,1130.388211,0.011675682,0.049109784,0.71356659,0.903886861
KCTD3,570.7161082,-0.009919811,0.056537581,0.713694791,0.903886861
KIF9,86.34913124,-0.006904362,0.061045901,0.713539522,0.903886861
MRPS34,2054.094547,0.011974518,0.040000153,0.713689801,0.903886861
NEK3,273.0437198,0.009945316,0.057104618,0.71303504,0.903886861
ORAI1,1511.195748,0.011402614,0.047316001,0.713514931,0.903886861
RPH3AL,181.0053485,-0.009446906,0.057650755,0.713273434,0.903886861
SLC35E3,966.092695,-0.012085302,0.046955317,0.713640182,0.903886861
TMEM131,1813.751494,-0.011580733,0.041814549,0.713661187,0.903886861
TRIM61,85.73308316,-0.007581598,0.060445797,0.713283791,0.903886861
ZC3H3,835.9976285,-0.011278287,0.051973647,0.713106655,0.903886861
CLU,1668.563698,-0.010161282,0.0563811,0.714086437,0.904060581
CTIF,758.4631548,-0.011241179,0.051165146,0.714124463,0.904060581
PLEKHG4,313.9784128,-0.009204936,0.058818401,0.714135717,0.904060581
ST6GALNAC6,3419.978803,-0.010391346,0.051818409,0.713961835,0.904060581
C1GALT1C1,607.7364205,0.010823351,0.051597106,0.714862929,0.904167041
FBXO4,179.0524285,0.009266019,0.058069079,0.714336278,0.904167041
HINT1,3027.996972,-0.009955113,0.045345162,0.714779825,0.904167041
HOXB3,249.457316,0.00920525,0.058370178,0.714584934,0.904167041
INF2,3559.400344,-0.011504763,0.049481715,0.714808423,0.904167041
MIA2,949.1603284,-0.011097949,0.052419988,0.714622427,0.904167041
SLC35A4,2274.636696,-0.011751794,0.041777616,0.714489707,0.904167041
USP5,2733.035511,0.012043411,0.046248607,0.714903348,0.904167041
ZNF554,135.296671,-0.008769083,0.058803084,0.714421134,0.904167041
CALD1,84.8365116,-0.005592637,0.062051004,0.715263713,0.904334591
FAM216A,227.5118227,0.00922298,0.057617642,0.715260912,0.904334591
TOX4,1822.341404,-0.010586561,0.04018739,0.715200352,0.904334591
PLCXD1,739.4277039,-0.009491396,0.057390026,0.715340297,0.904335376
PHB2,3340.121045,-0.010737338,0.035536214,0.715568444,0.904527748
FBXL20,853.5373122,-0.010047761,0.056264905,0.715798017,0.90470691
NAA30,951.1281696,-0.011368156,0.049135762,0.715862167,0.90470691
MIX23,297.6166218,0.010757125,0.054020624,0.716229056,0.90504511
PGM2L1,613.8044331,-0.009961943,0.054919814,0.716357839,0.90504511
SDF2,828.3316108,0.011678269,0.045641001,0.716345771,0.90504511
CYB5RL,347.4787157,-0.010098858,0.055835184,0.716470873,0.905091866
HNRNPC,12186.0117,0.011767662,0.037311486,0.716656744,0.905230614
EIF3I,3332.436805,0.011469769,0.045498935,0.716849221,0.905377676
CTDP1,1487.60408,0.011732016,0.046365159,0.717020329,0.905497721
RBKS,62.95298248,-0.006246645,0.061544453,0.717193029,0.905619751
EGLN2,3171.534872,0.012111631,0.041911003,0.717597892,0.905820508
FAM120B,1089.996004,-0.011501017,0.046078697,0.717629841,0.905820508
PDSS1,266.6968476,-0.010790454,0.054505332,0.717656366,0.905820508
RAD17,596.6340624,0.010999863,0.050891826,0.717488796,0.905820508
DUSP28,260.2729896,0.01036221,0.055183608,0.717886836,0.905823294
PPP1CA,7223.817117,0.011149208,0.038033862,0.717843128,0.905823294
RNF6,1862.335592,-0.011514284,0.047615736,0.717853443,0.905823294
OCRL,975.6247675,-0.010774585,0.04881668,0.718318874,0.906272381
FAM20A,2193.825012,0.011905755,0.046402056,0.718646651,0.906524927
NUDC,2121.914138,0.011395864,0.041014421,0.718747483,0.906524927
RNF185,1471.104388,-0.011439335,0.040666595,0.718709757,0.906524927
NPHP4,482.4785315,-0.009293013,0.057925334,0.71902492,0.906682732
RAB11FIP2,818.8805413,-0.01153429,0.0470405,0.719016951,0.906682732
NCAPG2,1058.207266,0.011289139,0.051106068,0.719508758,0.907100684
ZC4H2,73.13030811,-0.004694145,0.062468061,0.719477572,0.907100684
RPP30,598.5627055,-0.011460857,0.047567081,0.719610321,0.907132663
RPS6,17054.11111,-0.009391795,0.040399993,0.719915362,0.90742111
C4orf3,2354.508386,-0.010697189,0.045205429,0.720161142,0.907575366
MRPS11,820.0523342,-0.010805461,0.051641575,0.720190212,0.907575366
HINT2,558.3821135,-0.011339149,0.049168887,0.720280327,0.907592855
GLUD1,6630.542849,-0.011002976,0.035799831,0.72087806,0.907746991
NAXE,1158.902418,0.011313344,0.047837593,0.720806331,0.907746991
PJA1,612.0512943,-0.011226718,0.049535418,0.720879487,0.907746991
PRKRA,900.201428,-0.010559137,0.051855742,0.720962098,0.907746991
PRP4K,2401.145957,0.011424838,0.043379109,0.721012646,0.907746991
RNF44,4075.818002,-0.011253923,0.049855695,0.720756186,0.907746991
SRR,199.0692764,0.009208453,0.057738831,0.720810999,0.907746991
WDHD1,306.3948407,-0.008121218,0.059987876,0.720889852,0.907746991
DDX46,2671.029218,-0.011444463,0.043841845,0.721343912,0.908068021
THBS1,128.1094332,-0.00640098,0.061149027,0.721465661,0.908125259
ZNF117,165.8594794,-0.007675091,0.059988106,0.721552713,0.908138814
AHDC1,820.8448424,-0.010406737,0.054268924,0.722186113,0.90857926
ALDH16A1,2367.149395,0.011326891,0.048607939,0.722024327,0.90857926
PHTF1,791.0735739,0.011211855,0.046933654,0.722078372,0.90857926
ZNF44,320.8869642,0.010161006,0.055561408,0.722207941,0.90857926
IGF2,176.5030265,0.003524348,0.063049324,0.722612575,0.908992255
BCKDK,2139.171427,-0.011183796,0.04158092,0.72465071,0.909150277
CLIC6,75.56512384,0.00700981,0.060669725,0.723284483,0.909150277
COA7,1250.02902,0.011371457,0.044990449,0.724505403,0.909150277
COQ9,1340.768691,-0.011315652,0.042432226,0.722928479,0.909150277
DNAAF2,267.9081819,0.011443188,0.054477515,0.723647607,0.909150277
IFNLR1,910.7567432,0.010348644,0.056241877,0.723609666,0.909150277
LCMT2,187.6001104,-0.008275827,0.058973152,0.724918144,0.909150277
LNX2BP,402.1804657,0.010511539,0.053738695,0.723805314,0.909150277
MACF1,8243.069155,-0.011201891,0.047480466,0.72318996,0.909150277
MEIS3P1,96.69633923,-0.007283819,0.060264179,0.72449219,0.909150277
MOSMO,200.3626804,0.009562725,0.056478845,0.724752698,0.909150277
NDUFB1,996.8656741,0.011035794,0.051781937,0.723887368,0.909150277
OXER1,91.21516302,0.007450794,0.060274738,0.72310884,0.909150277
PIKFYVE,2508.8523,-0.011330326,0.044959427,0.724344828,0.909150277
PSMB6,2694.88433,0.01092833,0.040545809,0.724729261,0.909150277
RBIS,369.4856954,0.010164404,0.055434798,0.723400686,0.909150277
RBM12,1575.310352,-0.011367528,0.04697119,0.724224992,0.909150277
RER1,3258.197295,0.010031242,0.033272348,0.72455315,0.909150277
RPS5,7209.70857,-0.011327179,0.047655996,0.724536714,0.909150277
RPUSD3,740.5590851,0.011243,0.046204873,0.723919164,0.909150277
SLC10A7,367.64383,0.008311416,0.058869317,0.724719075,0.909150277
SPSB1,1297.560535,-0.011276145,0.044315005,0.724315631,0.909150277
SRP72,3242.097434,-0.011674618,0.046007188,0.724840818,0.909150277
SSBP1,1540.333319,0.011239445,0.048721377,0.723587408,0.909150277
TBC1D8,874.2599319,0.010735568,0.049580315,0.724952841,0.909150277
TMBIM1,12257.8576,-0.010957273,0.035856705,0.724255332,0.909150277
VKORC1,2063.584863,0.011036437,0.037177033,0.72358629,0.909150277
ZNF66,163.2749567,0.008213113,0.059160367,0.724740092,0.909150277
ZNF81,273.8684016,0.006919628,0.060765161,0.723682203,0.909150277
ATP6AP1,17045.21041,0.011132103,0.041365261,0.725123483,0.909268492
OAZ1,20580.939,0.00936877,0.029992,0.725334882,0.909437785
SCLY,461.0248346,-0.010670053,0.052350751,0.725576474,0.909644895
KLHL30,72.24691179,-0.006043034,0.061521422,0.725921677,0.909981843
CPT1A,922.4404778,-0.008482336,0.058297041,0.726248739,0.91000855
CSPP1,502.5410349,0.011242054,0.04942651,0.726220912,0.91000855
MARCHF5,1129.298037,-0.009748985,0.055038756,0.726139192,0.91000855
MED29,1505.26435,-0.010137766,0.045966858,0.726218725,0.91000855
AIFM1,2008.71769,-0.010989008,0.037767573,0.727388641,0.910075816
C11orf68,1103.315348,-0.011152426,0.047721926,0.727847189,0.910075816
C5AR2,500.3977335,0.010513909,0.054086666,0.726596209,0.910075816
EEF1AKMT1,120.1233031,0.008029459,0.059432821,0.727512685,0.910075816
EHMT1,1937.173298,0.005884229,0.061039715,0.727622682,0.910075816
GINS1,386.8254907,0.008301375,0.058852411,0.726766177,0.910075816
INO80,1711.247467,-0.011804469,0.044007434,0.727907763,0.910075816
ITPR1,1480.686087,0.011105664,0.043293597,0.727035362,0.910075816
KPNA2,4849.810175,-0.01113059,0.042931931,0.727262954,0.910075816
LBHD1,380.3488285,0.00939945,0.056564885,0.727360417,0.910075816
MACROH2A2,165.8691752,-0.008937316,0.05781553,0.727892748,0.910075816
MRPL54,835.6915061,0.010857655,0.048396974,0.726841415,0.910075816
MTO1,671.0437445,-0.011069217,0.050668417,0.72782854,0.910075816
NCK2,1217.241988,0.010870083,0.050909159,0.727410115,0.910075816
PSME1,2548.216443,-0.014549047,0.046929583,0.726697477,0.910075816
RFXANK,870.4382663,0.010793082,0.052161304,0.727906758,0.910075816
SEC24A,1208.50276,-0.011083012,0.042923213,0.727601865,0.910075816
SMIM15,1919.620248,0.011215562,0.049765879,0.727745302,0.910075816
TMEM35B,511.096267,-0.011001936,0.048793038,0.727685005,0.910075816
ZNF33B,282.1667077,-0.006630905,0.06145859,0.726895795,0.910075816
ZNF624,171.3907879,0.007399982,0.060069704,0.727652401,0.910075816
TCN2,124.1925406,-0.006985828,0.060529598,0.728203431,0.910349874
EXOC6,561.8076855,-0.010765005,0.051276624,0.729141232,0.91067557
MEMO1,1023.730409,-0.01020353,0.048811489,0.729130591,0.91067557
NUDT18,227.2406919,-0.009413844,0.056432366,0.729228913,0.91067557
OBSL1,1093.285859,-0.011268993,0.049989962,0.728787197,0.91067557
PRNP,4153.711895,-0.011050563,0.043726853,0.728674866,0.91067557
RASA4,4209.525521,0.011547359,0.048825994,0.729190252,0.91067557
SORCS1,123.7246602,-0.006289166,0.061214969,0.729035052,0.91067557
WWC1,483.8742079,0.008823902,0.057445381,0.728846256,0.91067557
ZNF426,357.3013816,0.009712426,0.055999003,0.728924872,0.91067557
ZNF737,182.771225,-0.006232593,0.061259629,0.728964704,0.91067557
LARP4,1767.350824,-0.011151383,0.048908813,0.729338414,0.910716784
GLYCTK,525.1614167,0.01035196,0.049982191,0.729449757,0.91076029
ARL6IP4,2770.56393,-0.010924995,0.040193476,0.729684622,0.910766977
SLC35B2,1325.34757,-0.010865873,0.041115639,0.729663393,0.910766977
TAF2,927.3608648,0.011103272,0.046920662,0.72965227,0.910766977
HMGXB4,769.6578448,0.009951327,0.050082859,0.729985728,0.910984277
ZNF286A,187.5452903,-0.006790755,0.060582299,0.73001176,0.910984277
EMD,632.7404077,-0.011034337,0.051569526,0.730157481,0.911070623
PRPF18,820.6662167,-0.010771866,0.050122593,0.730382791,0.911160759
RPUSD4,702.6768411,0.010719559,0.050726691,0.730353102,0.911160759
NABP2,670.6405443,-0.011015204,0.046872024,0.730527796,0.911246166
ZNF555,125.2334968,-0.006111773,0.061274353,0.730612579,0.911256443
RPL10A,8785.189835,-0.010538555,0.04200352,0.731296394,0.911918254
ZNG1A,1150.431633,0.010675109,0.050846564,0.731243946,0.911918254
CCDC146,163.6685382,-0.006849657,0.06039224,0.731533433,0.912118299
ANKRA2,360.3009746,-0.01008609,0.05345515,0.731795573,0.912254063
CWC25,683.7154311,-0.010351329,0.047335556,0.731788226,0.912254063
ZNF507,73.48530293,-0.006559776,0.060870572,0.731915627,0.912308192
TARS1,5210.006196,-0.010999272,0.045954156,0.732072062,0.912312142
ZBTB43,758.7222645,-0.010599399,0.051028539,0.732039504,0.912312142
ATP8B4,1582.68218,0.009746126,0.054614134,0.732292756,0.912491654
CYB5R1,1656.383994,-0.01039106,0.04434054,0.732425643,0.912561725
ZFAND1,508.4319654,-0.010630297,0.050865772,0.73250806,0.912568904
OGG1,1159.744525,-0.010481858,0.051743396,0.732810098,0.912849662
FSIP2,61.77168631,-0.00458558,0.062428013,0.732973164,0.912957263
HEBP2,417.3552369,0.008962973,0.055348891,0.733504155,0.913301614
NBPF12,839.5541288,0.010935166,0.046431757,0.733501431,0.913301614
NUP43,532.592147,0.010255041,0.050084101,0.733471595,0.913301614
UQCR11,2868.852291,0.010985945,0.043127667,0.733556492,0.913301614
ZNF394,813.1648696,0.010632062,0.050658131,0.733657381,0.913331708
RMI1,355.9086869,0.009229884,0.055772364,0.7339495,0.913408823
SRI,976.8559236,0.010816665,0.048656122,0.733934389,0.913408823
UBXN11,1970.14287,0.010907882,0.049607697,0.733845746,0.913408823
H3-7,294.2474265,0.010212917,0.056581527,0.734135968,0.913545385
ASCC2,1903.594454,0.011054189,0.048760326,0.734368008,0.913578171
GET1,347.036591,-0.009907249,0.054186958,0.734392532,0.913578171
ZNF70,230.0201857,-0.008227617,0.058652999,0.73434388,0.913578171
CCT8,4192.396242,-0.010819045,0.045670179,0.73472187,0.913759266
CUTC,319.2545919,-0.009887778,0.052971299,0.73476837,0.913759266
HSCB,270.3840714,-0.009667589,0.054455909,0.73470611,0.913759266
MCMBP,2276.087397,0.010998305,0.044165227,0.735004072,0.913792842
MYT1L,66.15822236,0.00628877,0.060930818,0.735025641,0.913792842
RDH13,363.6618555,0.009272203,0.05626526,0.734930428,0.913792842
ZFP64,409.8189314,-0.010347092,0.052433128,0.735227305,0.91385269
ZWINT,1172.695212,0.010258674,0.042357994,0.735194992,0.91385269
TTLL11,181.0409043,-0.007838234,0.059095784,0.735331557,0.913886855
HMGB1P5,279.8596247,-0.007603954,0.058663368,0.735769134,0.913989341
KLF13,4273.754198,0.010767288,0.04414165,0.735731048,0.913989341
RCN3,1204.9114,0.009472319,0.048703187,0.73575554,0.913989341
RGS19,3991.723957,0.010517859,0.045887849,0.735874661,0.913989341
TAF6L,748.5804234,0.010333612,0.052010654,0.735857298,0.913989341
USP39,1302.750828,0.010969543,0.049383425,0.735862321,0.913989341
NMI,1047.046363,0.010223935,0.051761614,0.73608053,0.914113065
UQCRFS1P1,340.3330675,-0.009571433,0.055062445,0.736127842,0.914113065
OSBPL2,1323.742673,0.010901859,0.046032761,0.736989821,0.914134593
OSGEPL1,199.0797873,-0.008595414,0.057782299,0.736908811,0.914134593
PTPA,4360.487161,-0.010649703,0.040677631,0.736271649,0.914134593
RNF24,487.9866493,-0.009902364,0.053688263,0.736420987,0.914134593
SLC26A11,2624.673236,-0.015561368,0.053646799,0.736692176,0.914134593
SNU13,1567.608684,0.01071388,0.044780084,0.73696696,0.914134593
TCEANC,89.55131092,0.00582938,0.061530303,0.736955015,0.914134593
TTI1,482.7913612,-0.009776308,0.05428574,0.736530474,0.914134593
USE1,545.05085,0.010705622,0.048726892,0.736960475,0.914134593
WDR62,577.0336264,0.009886214,0.053977444,0.736848963,0.914134593
ZNF429,136.9301184,-0.006803534,0.06043371,0.7369673,0.914134593
CUL5,1158.996117,-0.009187515,0.056160539,0.737384739,0.914529151
ATG4A,502.0805347,-0.010408905,0.049822603,0.738112837,0.914552814
DYRK1B,452.3327108,-0.010147501,0.055227706,0.738043338,0.914552814
FAM72B,212.4727771,0.007948416,0.058847772,0.737812507,0.914552814
MEPCE,2209.062724,-0.010631802,0.045218492,0.738073586,0.914552814
PTRHD1,640.0582676,-0.010134336,0.053897973,0.737721939,0.914552814
SLC12A6,2728.916268,-0.011161109,0.048527475,0.73814324,0.914552814
SNRPE,803.3857611,-0.009963919,0.053411519,0.73759737,0.914552814
TMEM50B,683.8259338,-0.010079142,0.052327094,0.738168162,0.914552814
ZFP36,1146.516345,-0.004654643,0.062311865,0.73796571,0.914552814
ZNF649,251.0134901,-0.008674747,0.057363575,0.738172027,0.914552814
MAP4K5,760.1954837,0.009891379,0.052780815,0.738272397,0.914555757
TSC22D4,2694.798419,0.010497942,0.049454082,0.738328045,0.914555757
DCAF13,872.0505536,0.009927316,0.052925028,0.738649845,0.914676693
KNOP1,568.4152284,0.008815896,0.055706182,0.738572548,0.914676693
PHAX,1093.142613,-0.009925387,0.052196423,0.738656172,0.914676693
TPRN,541.7420959,-0.010219355,0.050908039,0.738799967,0.914759606
PCGF6,333.4298596,0.00917804,0.056139793,0.739451255,0.915090144
PDS5B,1024.147423,-0.006211219,0.057064603,0.739354472,0.915090144
PPP2CA,4562.078119,-0.010593815,0.044209644,0.739414574,0.915090144
SMG7,1715.016592,0.010741648,0.047297378,0.73933133,0.915090144
ZNF281,1003.313006,-0.010644428,0.044748003,0.739252456,0.915090144
BAD,435.3190673,0.009769779,0.053943254,0.739707811,0.915312492
GNPNAT1,668.9942788,0.009703982,0.051410969,0.73985139,0.915395012
SELENOF,5231.446819,-0.011501006,0.042322049,0.739931879,0.915399461
RNF113A,649.5059776,-0.010662431,0.050204253,0.740074376,0.915480616
ANKRD9,609.9327768,0.009499056,0.052900643,0.740291386,0.915558794
ZSCAN29,743.3310763,0.01060182,0.049743156,0.740231927,0.915558794
TRPM8,144.6832887,-0.008006873,0.058472762,0.740472525,0.915687692
B3GAT3,1088.776901,-0.010183437,0.048520745,0.741082701,0.915869021
HIGD1A,2030.58154,-0.010510699,0.048479915,0.741388472,0.915869021
NHS,242.7820565,0.005579802,0.061595533,0.740977922,0.915869021
NR1D1,169.6619104,-0.008278669,0.057837905,0.741243808,0.915869021
POT1,410.9969449,-0.008573366,0.057280421,0.741235564,0.915869021
PRXL2C,539.2135814,-0.010172491,0.050278236,0.741220671,0.915869021
PTGR2,480.062592,-0.009813992,0.055966846,0.741335188,0.915869021
PTPRU,66.12697041,-0.004300988,0.062465528,0.741334206,0.915869021
RAB1B,7335.867944,-0.010075214,0.037883608,0.740876317,0.915869021
TBC1D32,64.36603057,-0.004355787,0.062471178,0.7409111,0.915869021
SPPL2A,3084.875919,-0.010795033,0.042388027,0.741513489,0.915928417
KDM6A,951.1821432,0.010556796,0.042961325,0.741597282,0.915936886
VNN1,513.2183781,-0.009593968,0.054463362,0.742106843,0.916471158
THRA,1285.564813,-0.012492811,0.047272499,0.742286203,0.916597578
TKT,6529.252422,0.010304471,0.047579509,0.742572303,0.916855763
HARS1,1874.215032,0.010368514,0.041012148,0.742869861,0.9169404
NCOA3,2461.853235,0.009829083,0.036179992,0.742871916,0.9169404
PKD1P5,85.04924,-0.005948684,0.061117415,0.742777428,0.9169404
PAFAH2,988.1542598,0.010282361,0.050330449,0.743162651,0.917204164
TMEM243,783.7894743,-0.010365975,0.045233842,0.743583098,0.917627945
AGA,698.7467622,-0.008484457,0.051286112,0.744449633,0.917648646
AGAP9,395.9800356,0.009420036,0.054822425,0.744833168,0.917648646
ATP5MF,3722.332404,0.010459,0.042708096,0.743965885,0.917648646
BABAM2,862.7971505,-0.009901456,0.051776972,0.744831521,0.917648646
BCL2L2,1374.816735,-0.009416253,0.045111677,0.744282409,0.917648646
CALCOCO2,954.6730801,0.009595227,0.053790238,0.744287115,0.917648646
DNAJC15,143.6647187,-0.006175465,0.060901553,0.743899061,0.917648646
FBRS,4459.052159,0.004204196,0.04917202,0.744800927,0.917648646
HNRNPA0,5401.181688,0.010091048,0.029986625,0.744607613,0.917648646
MRPL24,658.2647882,0.010084221,0.04874189,0.744143047,0.917648646
NDC1,1063.222042,-0.011520605,0.042399934,0.744387683,0.917648646
PLA2G6,134.1353359,0.005177329,0.0618794,0.744523902,0.917648646
RAD51D,562.4751234,0.009867857,0.050515118,0.74456289,0.917648646
RPP25L,378.3538242,-0.008911861,0.055103073,0.74483146,0.917648646
SNAP47,435.1985556,-0.00988513,0.052429064,0.74404877,0.917648646
UQCC4,185.8886442,0.008606976,0.057045154,0.743989396,0.917648646
ALOX12,148.0295452,-0.007151944,0.059688871,0.746259602,0.917798363
C2orf69,586.3939526,-0.009770573,0.052352456,0.746241108,0.917798363
CYB5A,841.5971254,0.010245525,0.049597228,0.746098669,0.917798363
FAN1,762.4797129,-0.010094696,0.049444291,0.745859873,0.917798363
FBXL2,144.0335211,-0.007010872,0.059604365,0.745392392,0.917798363
GXYLT1,1209.044773,0.010482898,0.044182282,0.745372342,0.917798363
LXN,325.6315381,-0.009087808,0.054788754,0.746093505,0.917798363
MESD,1951.489578,-0.009504038,0.039210362,0.745843306,0.917798363
MTHFD2L,212.7856845,-0.008540204,0.057369341,0.745521834,0.917798363
NDUFB7,1465.526684,-0.007307875,0.046147037,0.746252265,0.917798363
NMB,461.5400059,-0.01005282,0.051376255,0.745982632,0.917798363
PPAN-P2RY11,515.9783766,-0.007290655,0.059389267,0.746265279,0.917798363
SIPA1L2,1974.724265,0.009121005,0.054263697,0.745420134,0.917798363
SUMO3,4416.767033,-0.009770522,0.036791126,0.745893832,0.917798363
TFPT,657.999228,0.009941655,0.048023757,0.745905593,0.917798363
THAP11,1017.071031,-0.008014387,0.047459633,0.745702816,0.917798363
TRAPPC3,1775.276388,0.01055818,0.040599118,0.746043088,0.917798363
NOTCH2NLB,138.9931121,0.006442887,0.060245916,0.746673152,0.918205131
GMFB,2560.320972,-0.010505366,0.050223991,0.746996174,0.918507484
LYRM9,158.7928217,-0.007438883,0.058931483,0.747266296,0.918744734
HNRNPA1P54,100.102661,-0.00716037,0.05940252,0.747923825,0.919173442
NTMT1,675.3156339,0.010121015,0.051096647,0.747819905,0.919173442
PIK3C3,1206.608671,-0.009218003,0.054636147,0.747736477,0.919173442
STARD7,4110.426036,0.009748946,0.037635722,0.747877392,0.919173442
LTBP4,815.6355012,0.009975027,0.051098564,0.748080759,0.919176534
PI4KB,2012.076572,0.009941362,0.045141586,0.74805722,0.919176534
NSUN6,127.7584519,-0.007265018,0.059352812,0.748202889,0.919231722
UBE2T,193.7339132,0.0089047,0.056818373,0.748417169,0.919400103
ATP23,188.6939765,-0.006210989,0.060667893,0.74850008,0.919407083
MFN1,698.7753461,-0.010376206,0.049517701,0.749041158,0.919976785
PFDN4,297.1272637,0.008481015,0.056896026,0.749260079,0.920150737
ARHGEF5,253.7808153,-0.006992066,0.059650837,0.749873354,0.92017898
CEP19,131.8915613,-0.007324795,0.059132724,0.749978719,0.92017898
CLNS1A,1331.707741,-0.010139437,0.042021553,0.749746402,0.92017898
ISY1-RAB43,783.2908922,0.005383713,0.061636168,0.749959028,0.92017898
LYSMD2,710.8024389,0.009008444,0.055555311,0.749749923,0.92017898
MYLK3,101.6051665,0.006382209,0.06051952,0.749915828,0.92017898
SEC24D,2169.754521,-0.009623229,0.040081954,0.749523053,0.92017898
TAF11,850.5681835,-0.009798944,0.05048841,0.749436476,0.92017898
TMEM163,187.3714936,0.008087354,0.057758277,0.749752341,0.92017898
PGBD1,134.2271038,0.007342551,0.059216645,0.750068828,0.920194703
APEH,3076.926064,-0.010398081,0.04582855,0.750450199,0.920340036
CERCAM,723.8405506,0.008970034,0.053244247,0.750540663,0.920340036
CMPK1,3481.535879,-0.010118498,0.039220868,0.751114976,0.920340036
DPP9,5087.431762,-0.008505346,0.046153991,0.75090872,0.920340036
FAAP20,682.6410829,0.010050971,0.048832673,0.750833614,0.920340036
HGSNAT,2499.354469,-0.010297779,0.048279957,0.750864669,0.920340036
HMGB1P6,525.9604505,0.007518106,0.058847621,0.751112094,0.920340036
ICAM5,77.88593885,-0.005843215,0.061199651,0.750837759,0.920340036
LAMA3,96.0025923,0.004856041,0.062007759,0.750304589,0.920340036
SLC35C2,1936.1641,0.00984745,0.051338833,0.75067094,0.920340036
SLIRP,427.8505594,0.009328353,0.053879992,0.750763883,0.920340036
ST14,6523.151328,-0.009959384,0.051372427,0.750973554,0.920340036
MALT1,953.6094843,0.010113067,0.048458888,0.751264564,0.920357518
ZSWIM9,364.2586983,-0.007428696,0.058855468,0.75128386,0.920357518
DISP2,169.8243825,-0.002784975,0.063175949,0.751664793,0.920479589
FGF11,99.73894759,0.006165835,0.060752506,0.751692782,0.920479589
PNKD,5788.695775,-0.009734686,0.039097483,0.751532841,0.920479589
RPSA2,610.4079448,-0.010800905,0.048430523,0.751621086,0.920479589
MRPL27,734.3198594,-0.010800185,0.046168984,0.75201875,0.92078404
AGPAT4,2330.968855,-0.008225678,0.054176307,0.752541262,0.921012814
BNIP2,3139.722485,0.00979357,0.045517487,0.752511762,0.921012814
COMMD10,575.7379787,-0.010291285,0.052133807,0.752591596,0.921012814
FKBP10,101.0856094,-0.005951308,0.060882241,0.752735054,0.921012814
PRPF4,1109.17419,-0.010127433,0.045449961,0.752747138,0.921012814
SACM1L,2498.288272,-0.010461936,0.041978969,0.752618667,0.921012814
ZNF16,148.1240229,0.007779265,0.05907759,0.752316225,0.921012814
ZNF568,156.6683759,-0.007614915,0.058915493,0.752901876,0.921107475
ACRBP,127.0270566,0.006985326,0.059568342,0.753113553,0.921271768
UBA2,2168.569568,0.010122349,0.046472581,0.753386356,0.921510796
LMBR1,540.3119117,-0.009161116,0.054245252,0.753875118,0.922013898
CD276,9292.210143,0.009277287,0.039633051,0.753979132,0.922046386
TTC1,1397.321717,-0.010100549,0.048044004,0.754282053,0.922322087
DCTN3,1199.127785,-0.010545863,0.043293273,0.754689853,0.922441755
MAOA,282.8311649,-0.007713508,0.057912954,0.754624875,0.922441755
PRKCSH,6961.745042,0.010134924,0.045565413,0.754659555,0.922441755
TMEM126A,469.9198864,-0.009156085,0.052329688,0.754479811,0.922441755
DHRS12,164.967438,0.007390222,0.058744097,0.755547872,0.92339569
PLEKHM2,8268.520989,0.014698343,0.046058009,0.755634134,0.92340632
HMGXB3,2386.109194,0.009877616,0.042198971,0.756096236,0.923423021
LITAF,9910.112238,-0.006702935,0.033680934,0.756096812,0.923423021
NDUFB4,1353.524521,-0.009766201,0.049033536,0.756112212,0.923423021
NSDHL,524.3007316,0.00975325,0.050900158,0.756113197,0.923423021
RNMT,1539.601224,0.009283198,0.051438273,0.755933801,0.923423021
SLC25A34,76.55268776,-0.004710466,0.061998478,0.755829023,0.923423021
SLC9B2,183.1974446,0.007346981,0.05865144,0.75636559,0.923636511
PHKA1,200.4239697,0.008803648,0.05553041,0.756457782,0.923654349
C6orf47,993.8008398,-0.009792692,0.044350522,0.756835925,0.923831814
HIPK2,3848.843599,-0.010468649,0.04673639,0.75677986,0.923831814
PPP1CC,3761.511566,-0.009851798,0.042696774,0.756689401,0.923831814
PLTP,16942.31581,0.009876568,0.041022807,0.75692496,0.923845771
TRAPPC1,2421.751812,0.009577949,0.039305571,0.757074787,0.923933914
B4GALNT2,327.4242865,0.008318762,0.05645334,0.757266334,0.924072951
ABCF2,778.6180998,-0.009004017,0.055972498,0.757495216,0.924145407
AMIGO3,74.9919586,0.004467836,0.062217812,0.757470302,0.924145407
VSIR,2152.434064,0.008946106,0.054548507,0.757558591,0.924145407
AHCYL1,5826.002925,-0.009480294,0.040109648,0.760033935,0.9241625
ARSA,2365.771912,-0.01054031,0.048795953,0.760366129,0.9241625
ATP6V1G1,4061.494516,0.009547749,0.040280008,0.75988304,0.9241625
CDK2AP2,1330.461628,0.009941087,0.04773894,0.759749884,0.9241625
CIC,3827.131905,0.009521691,0.051360763,0.758218712,0.9241625
CINP,650.8782176,-0.009613309,0.049325486,0.759047278,0.9241625
COG7,498.1503232,0.007876605,0.054869195,0.759654857,0.9241625
CRELD2,1011.161913,-0.009750881,0.044249777,0.75992612,0.9241625
DENND6A,887.5049103,0.008456989,0.05576426,0.760370095,0.9241625
EPM2AIP1,748.7689339,0.009187246,0.051653973,0.759370061,0.9241625
FARP1,4532.107673,-0.009750761,0.044942491,0.758670602,0.9241625
FBF1,118.7150398,-0.006729691,0.059755917,0.757910408,0.9241625
G3BP2,4241.333693,-0.010608972,0.041494627,0.759915568,0.9241625
GPANK1,584.7823619,-0.01016241,0.052365609,0.758026276,0.9241625
GPR107,3430.32338,-0.00987551,0.044993212,0.75813669,0.9241625
HMGB1,7913.442602,0.014318215,0.044537667,0.759782428,0.9241625
KHDC4,1149.012399,0.009429348,0.051795124,0.760479616,0.9241625
MED11,340.9477138,-0.009085978,0.053650354,0.757842145,0.9241625
MLPH,246.1070853,-0.007961176,0.055542703,0.76013656,0.9241625
MMP24OS,1965.993155,-0.010126911,0.050668673,0.758450323,0.9241625
MMP8,2510.691004,0.008614465,0.052159738,0.758582508,0.9241625
NAA60,2130.203899,0.010934413,0.049644512,0.759924904,0.9241625
NRF1,540.3836761,-0.009510143,0.051330386,0.757671211,0.9241625
NUDT4,1517.783494,0.009132681,0.052213695,0.76052247,0.9241625
P2RX5-TAX1BP3,64.6908311,0.005218019,0.061433214,0.759131872,0.9241625
POLR1E,297.8719259,0.00866678,0.055427921,0.759182302,0.9241625
PPFIBP2,841.4196746,-0.009425673,0.051054363,0.759365634,0.9241625
SAFB,3729.289184,-0.009959647,0.045800667,0.759689002,0.9241625
SARM1,168.6969244,-0.004851616,0.061749706,0.760331319,0.9241625
SLC25A51,390.3785101,0.007919022,0.053318408,0.76050082,0.9241625
SLCO2B1,26678.30265,-0.009362036,0.051793759,0.759112716,0.9241625
SREK1,2222.374636,0.009881969,0.04696443,0.760107283,0.9241625
STAT5B,1603.867111,-0.00945733,0.041484364,0.759027511,0.9241625
TNIK,822.8171271,0.009626424,0.046983266,0.759603142,0.9241625
TNS3,20620.29509,0.00954668,0.040328381,0.760064391,0.9241625
VDAC2,2761.930488,-0.009950641,0.044223305,0.758492822,0.9241625
ZNF818P,59.96744403,-0.005347517,0.06132952,0.759799114,0.9241625
ZSWIM6,1701.125374,-0.00939729,0.038893633,0.759471068,0.9241625
B3GNT9,163.7293363,0.007555189,0.058118255,0.760767885,0.924366368
ARMH4,99.14870047,-0.005952444,0.060413492,0.761877912,0.924766646
CAPS,278.8886833,-0.00797155,0.056959166,0.761730119,0.924766646
DCP1A,900.6861003,0.008872885,0.054216572,0.761584532,0.924766646
DPM2,817.6785272,0.009619955,0.047000342,0.761237295,0.924766646
FGFR1,5289.791717,0.007442021,0.044507477,0.762009365,0.924766646
FNTA,1891.247638,0.009718744,0.047557252,0.762061422,0.924766646
PMS2CL,65.41416363,0.005578494,0.061110002,0.762007062,0.924766646
PTMA,25226.10465,0.009756432,0.046519763,0.761376136,0.924766646
RBBP9,355.5775722,-0.009048894,0.052771142,0.761852209,0.924766646
STIMATE-MUSTN1,449.6875654,0.007968968,0.053204271,0.762107146,0.924766646
STX5,1276.016643,0.009667428,0.047610011,0.761809703,0.924766646
ZFP3,71.1149266,0.005887871,0.060727274,0.761507282,0.924766646
ZNF354A,211.7874005,-0.006591158,0.059574633,0.762097579,0.924766646
CEP44,312.6483781,0.007911344,0.057403425,0.763008806,0.924804359
CSK,4766.213908,0.008535363,0.032084902,0.762456921,0.924804359
H1-10,4872.676981,0.010975549,0.040736023,0.762565675,0.924804359
JADE2,2126.72834,0.009496934,0.049894898,0.762778388,0.924804359
MORN2,98.97882431,0.006270005,0.060196741,0.762592465,0.924804359
PFKL,12423.65153,-0.008933744,0.037990911,0.762544845,0.924804359
REEP4,1775.124684,-0.009547611,0.043718098,0.762846725,0.924804359
RO60,917.2590204,0.009056573,0.053063766,0.763054374,0.924804359
STAT3,6152.105656,-0.008922113,0.035659681,0.762553026,0.924804359
TFPI,798.6797408,0.008742305,0.055354196,0.763049506,0.924804359
UMAD1,403.6957456,0.008270507,0.055947057,0.762975855,0.924804359
ZNF589,1439.866374,0.009550287,0.042540085,0.763070409,0.924804359
HEXD,690.4038965,-0.009129152,0.052289902,0.763180985,0.924844221
ADCK1,534.8122339,0.009049087,0.054251727,0.764110134,0.924951449
CDK5R1,81.48352853,-0.005478819,0.060986195,0.763957303,0.924951449
CHCHD6,194.9213206,-0.006369209,0.056384187,0.764064775,0.924951449
CSNK1G3,727.7606745,0.008879635,0.053249487,0.764124107,0.924951449
DONSON,334.207119,-0.008908268,0.053648921,0.763642378,0.924951449
ELP4,301.3367429,-0.006789061,0.059242203,0.763914607,0.924951449
LRRC51,80.25200087,-0.005122344,0.061273949,0.764090815,0.924951449
NUTM2E,550.9757826,-0.008739194,0.054117202,0.76358865,0.924951449
PSMC1,2333.399394,0.009635095,0.044952839,0.763629996,0.924951449
SP140L,1124.812017,0.009165249,0.05214212,0.763603535,0.924951449
VPS50,816.0673143,0.009167876,0.051142759,0.763934392,0.924951449
LLGL2,338.2599978,-0.007632418,0.057189396,0.764248009,0.925007376
CHIC1,101.9732924,-0.00603433,0.06014279,0.764543659,0.925177096
NDUFV2,1904.716643,-0.00944042,0.050438755,0.764468328,0.925177096
AKIRIN1,3438.450347,0.008943959,0.036873493,0.766181804,0.926601334
BRICD5,86.68496052,-0.005766644,0.060614762,0.766223975,0.926601334
HAPSTR1,3600.538016,-0.010280311,0.040761706,0.766099373,0.926601334
PCNA,2160.077978,0.009524101,0.047068582,0.765942622,0.926601334
PPP1R8,1124.454476,-0.009327958,0.049490098,0.766006865,0.926601334
TOPBP1,1505.71071,-0.009882684,0.048248584,0.766014769,0.926601334
ZNF557,278.7895095,-0.00861537,0.053591176,0.766265446,0.926601334
CCDC157,128.2940979,0.005902323,0.060542259,0.766532791,0.92676211
SLBP,1401.084983,-0.008936826,0.046004671,0.766554095,0.92676211
ACBD6,814.9888478,-0.009326722,0.049680311,0.767108294,0.92688449
BAZ1B,4172.571274,0.008628548,0.034402063,0.766897635,0.92688449
CENPS,236.7755795,0.00837309,0.056027425,0.767063237,0.92688449
NCBP2,2117.755512,-0.010809004,0.047874825,0.767200316,0.92688449
RAD54L2,1088.059509,-0.008102314,0.055078897,0.766747334,0.92688449
SLC1A3,2437.053275,0.010168491,0.049311859,0.767014175,0.92688449
SLC66A3,462.9678388,-0.009966833,0.053309929,0.767175237,0.92688449
SAMD1,1541.057241,0.009505972,0.048351462,0.767550505,0.927213471
SPAG9,3561.12482,-0.009325652,0.042466478,0.768231289,0.927919045
ZNF497,340.2712331,-0.007897471,0.055855438,0.768290469,0.927919045
NPAS2,237.801754,0.007055639,0.058514354,0.768443104,0.928009247
ZC3H11A,2591.157159,0.009239155,0.04054755,0.768625835,0.928135771
ATP5IF1,2029.015329,-0.009584184,0.0440526,0.768818942,0.928180662
PITPNC1,679.7131557,-0.008985176,0.052212193,0.768810924,0.928180662
LRRC27,145.1338481,-0.006139676,0.060047338,0.769122462,0.928264691
RNASE2,194.5661704,0.006283866,0.059897467,0.768985063,0.928264691
SNRPG,1167.038169,0.009442551,0.04837558,0.769080398,0.928264691
APOC4-APOC2,402.6893592,0.008409957,0.054175118,0.769422114,0.92846034
DOCK10,8405.978231,0.00905681,0.049752777,0.769752504,0.92846034
EBI3,85.77314549,0.00593263,0.060369531,0.769549338,0.92846034
GRPEL1,756.7923332,-0.00893454,0.051898549,0.769636883,0.92846034
OR5A2,99.14929042,0.006452515,0.059657272,0.769691936,0.92846034
RPA3,329.6304247,0.007477809,0.057065916,0.769572649,0.92846034
RNF122,461.0630693,-0.008902975,0.052088458,0.769835882,0.92846684
TCTA,968.2439526,0.009364627,0.043459795,0.769943239,0.928502254
AKT3,283.4685068,0.008173852,0.055537964,0.771036448,0.928526331
CALHM6,249.105689,-0.006901945,0.057847672,0.771132921,0.928526331
CDC42BPB,4928.938233,-0.007880557,0.042849754,0.770605539,0.928526331
CEP15,147.4368722,0.007152162,0.05834011,0.771272835,0.928526331
CTDSPL2,811.6636914,0.008582334,0.053094915,0.771168128,0.928526331
DEGS1,2947.481083,-0.008253476,0.037920674,0.771303289,0.928526331
F8A2,312.3700456,0.008564979,0.053937477,0.771094968,0.928526331
F8A3,312.3700456,0.008564979,0.053937477,0.771094968,0.928526331
GANC,1058.61973,-0.00909353,0.049258879,0.770695934,0.928526331
KIAA1191,2024.439663,-0.008845223,0.037915088,0.7713624,0.928526331
LYRM2,1482.113464,0.009421459,0.051083567,0.770145256,0.928526331
MEX3A,63.5328322,0.00509414,0.061361575,0.771011945,0.928526331
NGDN,603.9551456,-0.009182491,0.048612561,0.771445102,0.928526331
NLGN3,167.9544317,-0.006063595,0.059423501,0.771135437,0.928526331
POM121,3423.20377,-0.009279848,0.041474179,0.770213038,0.928526331
PSMD10,1352.357219,-0.009369596,0.045156046,0.770637424,0.928526331
TIMM21,592.0507183,0.008685386,0.051870694,0.771332009,0.928526331
ZNF461,139.479328,-0.006306152,0.059792171,0.771042729,0.928526331
ZNF717,91.72289255,-0.00557068,0.060538432,0.771421438,0.928526331
ZNF691,305.7682847,-0.008057103,0.055647265,0.77152363,0.928526973
MYH11,78.15478431,0.005178167,0.061180446,0.772108654,0.928577833
OXSR1,1332.289292,0.009417663,0.048551452,0.771656695,0.928577833
PPP4R3A,2501.0598,0.009228387,0.041897154,0.772018902,0.928577833
RPS17,10295.31025,0.009228861,0.039937069,0.771998174,0.928577833
RTCB,3890.850174,0.009278658,0.045581631,0.771939263,0.928577833
TPRA1,1967.891832,-0.009135787,0.042229793,0.772111883,0.928577833
TSPAN32,344.5935191,0.007190045,0.05814595,0.771892139,0.928577833
ARPP19,3470.416327,-0.008759598,0.038679745,0.772199915,0.928589897
CDCA2,348.6015379,-0.008610729,0.052645469,0.772322244,0.928614693
VAPB,1027.565809,-0.009128176,0.04926338,0.772376538,0.928614693
TM9SF1,2087.787815,-0.009270726,0.04523585,0.772507806,0.928678726
ATL1,197.0133556,0.006599138,0.059198736,0.772838573,0.928982553
C21orf58,319.0079293,0.008255046,0.054641463,0.773540176,0.929262946
DCAF10,753.5258671,0.00772644,0.056477756,0.773459564,0.929262946
FAM200B,418.4189293,-0.007969005,0.05548813,0.773364165,0.929262946
MGME1,1025.498694,-0.008155361,0.046907016,0.773460178,0.929262946
OSER1,923.628106,-0.008627506,0.047859502,0.773337907,0.929262946
TRPM4,1064.729426,-0.008937296,0.049520454,0.773521703,0.929262946
FTSJ1,548.6545416,-0.00886013,0.051094318,0.773717173,0.929288029
UBE3B,1554.846565,-0.008806458,0.051080706,0.773704483,0.929288029
SERPINF2,304.3867421,0.008094961,0.055558293,0.773828528,0.929328016
ABCA5,145.830829,-0.004647903,0.060635858,0.774205628,0.929524611
INPP5F,770.2864664,0.008575032,0.052445883,0.774226463,0.929524611
PIGN,1102.059561,-0.009186206,0.044199346,0.774127471,0.929524611
PGK1,13081.94102,0.009274286,0.046356381,0.774389114,0.929626137
AP2M1,16911.85986,0.006783506,0.03018519,0.774672669,0.929671198
JUP,2984.911783,0.008683005,0.050899801,0.774895195,0.929671198
NDUFA9,1555.00638,-0.00900252,0.049350194,0.774805762,0.929671198
SH3D19,115.4976019,-0.004710139,0.061560251,0.774796695,0.929671198
TANGO2,1807.194074,-0.010459159,0.052619957,0.774829229,0.929671198
TTC9,78.10017066,0.005192821,0.061086535,0.774754284,0.929671198
HAUS3,469.5431906,0.008627869,0.052940315,0.775036846,0.929747446
COX19,685.591475,-0.009258536,0.048300706,0.77520946,0.929766957
GOLM1,807.1437803,-0.00909896,0.048744387,0.775364338,0.929766957
PCK2,9918.740988,0.009164036,0.040184114,0.775365506,0.929766957
TRIM47,1117.494991,0.00827963,0.04342087,0.775274512,0.929766957
SERP1,4722.320665,0.009412185,0.046654392,0.775564361,0.929779717
TAF9,1059.035096,0.009251311,0.050274115,0.775576526,0.929779717
TRIM16,197.3366831,-0.007318105,0.057260683,0.775610447,0.929779717
EXOC7,4110.251792,-0.009044825,0.045966998,0.77639474,0.930626196
NCOA2,1183.21704,0.009184937,0.046642974,0.776512008,0.930673055
LSM12,1187.186598,0.008675809,0.051409599,0.776624349,0.930699642
MAF1,4440.053425,-0.00900955,0.040033394,0.776768723,0.930699642
NDUFS7,2693.488415,0.007892921,0.042124811,0.776710015,0.930699642
CALM1,14979.96223,-0.008805374,0.040235131,0.776930047,0.930799256
C12orf43,487.8498128,0.008568627,0.049214246,0.77715328,0.93096149
DERL3,75.06458044,-0.005250347,0.060962112,0.777666377,0.93096149
HDAC4,452.1667546,0.006289674,0.059371903,0.777236544,0.93096149
RUNX2,412.5727455,0.006456871,0.059434936,0.777524821,0.93096149
SYNJ2BP,1118.118965,0.009019569,0.047588441,0.777691056,0.93096149
THAP3,263.1451848,-0.00807358,0.054779111,0.777597753,0.93096149
UBTF,2900.621678,0.008740802,0.038261299,0.777667554,0.93096149
ZNF600,237.8334914,-0.006757983,0.058524082,0.777577451,0.93096149
ANP32E,2442.84523,0.009022991,0.043953128,0.777807563,0.931007344
BICD2,2351.526231,-0.008704064,0.036220425,0.778193907,0.931282515
RHOG,3431.608681,-0.008330474,0.042087703,0.778132081,0.931282515
ZNF814,408.3606976,0.007859741,0.054806509,0.778278155,0.931289721
ARSB,3871.903798,0.008397959,0.036184789,0.778821674,0.931767318
PITPNB,2444.249732,-0.00979882,0.045123077,0.778833816,0.931767318
EXO5,215.9546545,-0.008216022,0.05497888,0.779005547,0.931787668
PLAAT3,707.3984179,0.007936765,0.054814486,0.779007363,0.931787668
DPY19L1,573.4470897,-0.008312245,0.052764444,0.779239895,0.93180782
FKBPL,163.9668019,0.006570929,0.058778774,0.779622348,0.93180782
INTS9,525.1704031,0.008479381,0.05379184,0.779383472,0.93180782
MRPL43,1212.511722,-0.010398804,0.045270245,0.779458021,0.93180782
RNF115,1030.54185,-0.007156923,0.047421962,0.779486766,0.93180782
ST3GAL5,2134.271459,0.008988685,0.044949843,0.779585598,0.93180782
UBE2K,2816.768396,0.010742221,0.044425043,0.779650373,0.93180782
XPOT,5025.57521,0.008696994,0.04030833,0.77940733,0.93180782
ANGEL2,692.9470334,0.007793735,0.052387907,0.780636763,0.9318641
ASH1L,1884.664193,-0.0089348,0.046367526,0.780191428,0.9318641
CYLD,2728.823987,-0.008748104,0.042371731,0.780265562,0.9318641
IGFLR1,524.0523648,-0.007686065,0.055766996,0.780158584,0.9318641
MVB12A,961.2615408,0.008923744,0.044843261,0.779987425,0.9318641
PHOSPHO1,563.3394109,-0.007449301,0.057222478,0.779947606,0.9318641
PPP1R10,2417.289249,-0.008405909,0.055071842,0.780532824,0.9318641
PRKD3,1131.172771,-0.008663443,0.050457056,0.780579352,0.9318641
SESTD1,715.4544052,0.008273886,0.05180727,0.780453536,0.9318641
SLC19A2,247.6939285,-0.007008619,0.056761832,0.780511934,0.9318641
WLS,512.5895192,-0.008878886,0.053759325,0.78063506,0.9318641
ZNF574,493.5845015,0.008419891,0.052567765,0.780111755,0.9318641
ARHGAP33,357.273817,-0.005667173,0.06014848,0.781197405,0.93241834
EAF1,1074.238496,0.007827197,0.044335496,0.781336023,0.93241834
PABIR1,643.6005795,-0.008799214,0.047617294,0.781315913,0.93241834
CRCP,990.5554593,-0.00862479,0.05033296,0.781629571,0.932488229
PCIF1,1333.196304,0.008956642,0.049572225,0.781625736,0.932488229
RNASEH2A,451.4258534,-0.008342222,0.053377487,0.781517804,0.932488229
CEP128,259.8800323,0.006049889,0.059576179,0.782023063,0.932677275
FBXL8,128.7589531,-0.00646111,0.058810729,0.781992454,0.932677275
ZSCAN26,243.923918,-0.006913216,0.056741434,0.782004252,0.932677275
HCFC1R1,1386.527189,-0.008547826,0.050507413,0.782335867,0.932938582
POLR2I,449.8544539,0.008030709,0.053792241,0.782398892,0.932938582
HAUS2,845.3692338,0.008472886,0.052069821,0.78261765,0.933105971
LBX2,130.6693815,0.005605287,0.060359908,0.782698252,0.933108621
CETN2,412.1632261,0.006893571,0.053320311,0.783553855,0.933335824
CLDN12,574.6381337,0.00768653,0.055535583,0.783672818,0.933335824
COMMD4,1161.660745,-0.008743691,0.047798905,0.783506112,0.933335824
ELMO2,2093.515259,0.008790867,0.043296929,0.78308291,0.933335824
LRATD2,492.4306588,-0.00800203,0.055583104,0.783226215,0.933335824
MRPS17,230.2189232,-0.007321669,0.056595266,0.78352068,0.933335824
PANK2,1575.469059,0.008807783,0.045655421,0.783658166,0.933335824
QNG1,274.3741484,0.007395423,0.056009685,0.78351017,0.933335824
RANBP10,903.1957788,0.008377853,0.051361844,0.783360446,0.933335824
UBQLN1,3768.660009,-0.007910218,0.040306215,0.783499783,0.933335824
WBP2,5931.005967,-0.008023666,0.042290367,0.784124102,0.933779877
GPS1,2456.517874,0.008858286,0.044422856,0.784286694,0.933880085
EMC3,1586.620023,-0.00855046,0.040672776,0.784691198,0.934174871
TMEM109,2931.490645,0.00877258,0.04213367,0.78465268,0.934174871
MRM3,486.0715086,-0.008855496,0.052873762,0.785051642,0.934323683
RPP25,1218.206432,-0.009899292,0.043917615,0.785035932,0.934323683
ST3GAL6,2200.342382,-0.008598959,0.042748523,0.784950525,0.934323683
INTS14,939.5619529,-0.008041888,0.047518827,0.785236393,0.934450146
STIM2,524.247975,0.008169919,0.052800673,0.78536555,0.934510432
FANCL,834.3521174,-0.008472861,0.048400439,0.78553761,0.934574579
MAP3K13,409.8279763,-0.008105942,0.05309198,0.785576465,0.934574579
EIF3J,2090.201349,0.00816075,0.052973374,0.78574422,0.934680749
C2orf68,1063.207327,0.008695209,0.045349806,0.786010701,0.934904325
RASGRP1,294.7761936,-0.007929695,0.053400404,0.786226689,0.935067805
PGLS,1379.642168,-0.008705449,0.043197481,0.786463029,0.935255456
ALOX5AP,11457.61929,-0.007731576,0.050307455,0.78673287,0.935277711
CEP20,617.7528658,-0.007415359,0.055665282,0.787605126,0.935277711
DPP8,1695.088281,-0.008348432,0.045043294,0.788288664,0.935277711
EIF5B,3916.069254,0.00821694,0.047128847,0.78763032,0.935277711
FAM120AOS,1573.405438,-0.008560387,0.046207665,0.787979478,0.935277711
FAM13B,1642.099474,-0.008455002,0.048663742,0.787220584,0.935277711
FLYWCH1,1115.84371,0.007837793,0.051392538,0.788116725,0.935277711
GLTPD2,138.3634126,0.006437299,0.058658329,0.786572417,0.935277711
ICA1L,64.68577627,-0.003440654,0.06254286,0.78790301,0.935277711
MACROD1,150.9894529,0.00662001,0.058103818,0.788284217,0.935277711
MED30,203.4308121,-0.006981295,0.057056079,0.786954889,0.935277711
NAA15,1344.119586,-0.008059026,0.051712353,0.787017425,0.935277711
NEIL3,95.91130713,-0.005335539,0.060200501,0.78806775,0.935277711
PAN2,1022.750088,0.00855683,0.04924247,0.787486849,0.935277711
PRAG1,1753.780234,-0.008630715,0.04871921,0.787698624,0.935277711
RAB11A,3215.613491,-0.008727524,0.045318524,0.786740975,0.935277711
RNFT2,128.1235326,-0.005342099,0.060437306,0.787907384,0.935277711
SNIP1,468.6200297,0.00683498,0.057586186,0.787273767,0.935277711
SNRNP35,479.3660735,0.007931381,0.053984783,0.787544921,0.935277711
SQOR,5536.266087,-0.00847834,0.044601575,0.786866576,0.935277711
TNNI2,234.9835993,0.007624237,0.055106235,0.787421396,0.935277711
TRIM26,2205.724071,0.008524446,0.04907807,0.787341434,0.935277711
ZNF773,173.4632429,-0.005464805,0.060223146,0.788219122,0.935277711
GPI,7905.325676,-0.008335449,0.03998726,0.78843045,0.935352716
TMEM140,1220.162221,-0.008478212,0.042183697,0.788575168,0.935369243
TMEM94,2728.711093,-0.006800301,0.055966931,0.78860152,0.935369243
LAPTM4B,534.8315285,0.007939538,0.051479345,0.788852082,0.935476246
TEFM,301.939309,-0.006401338,0.058511897,0.788850821,0.935476246
WRAP73,651.2642779,0.007610219,0.054868327,0.788927469,0.935476246
COL4A1,598.7510526,0.007730548,0.052464274,0.789242676,0.935546969
CRYBG3,958.9649675,-0.00704613,0.055203082,0.789695066,0.935546969
DCLRE1C,779.9414326,0.008206571,0.046826643,0.789480092,0.935546969
EIF2B2,788.0303064,0.008501033,0.0489072,0.789170287,0.935546969
FANCB,76.39793007,0.004842795,0.061098697,0.789435207,0.935546969
HLA-B,52099.20713,0.008321387,0.046504729,0.789246332,0.935546969
LMBR1L,1012.546085,-0.008581658,0.048637478,0.78963576,0.935546969
RPS26,2566.886674,0.007891904,0.051866333,0.789712553,0.935546969
SGTA,2728.138534,0.008547965,0.044829407,0.789710538,0.935546969
ZDHHC2,758.1483062,-0.006074436,0.057927116,0.789772956,0.935546969
CCDC78,83.71197093,0.00523542,0.060595828,0.790173821,0.935649427
ICMT,2470.220255,0.008646729,0.04514067,0.790101743,0.935649427
MTPAP,580.3430764,0.007443829,0.054794186,0.790163627,0.935649427
NTAQ1,140.1618115,-0.004866048,0.06097955,0.789966157,0.935649427
ACTL6A,899.2810835,-0.008009843,0.05040442,0.790258754,0.935656933
ANKEF1,201.1640048,0.006374783,0.058503264,0.790358277,0.935681711
TARS3,181.0194037,-0.005459254,0.060090804,0.790458607,0.935707439
SLC16A13,139.5824626,-0.006294227,0.058558948,0.790730866,0.935936664
ST18,469.455684,0.007978009,0.052796161,0.790829266,0.93595037
UBR5,4417.569554,-0.008401382,0.045984401,0.790899683,0.93595037
ANAPC10,275.3304778,0.007206409,0.056487872,0.791062181,0.936049624
SERPINA1,11121.58363,0.009217863,0.048267389,0.791239692,0.93616662
ACTG1,52326.07446,-0.014160853,0.041115163,0.791364122,0.936220797
APH1B,951.8592414,-0.008007996,0.051868857,0.792716892,0.936807293
ARFGEF2,2904.566001,-0.008213883,0.050946207,0.791960072,0.936807293
EIF3G,4347.413584,0.009330015,0.042435731,0.792564413,0.936807293
FBXL15,832.0416211,0.008038442,0.050960796,0.792725466,0.936807293
MRPL33,527.2129879,-0.007939764,0.051683973,0.792275754,0.936807293
NAPG,672.9880906,0.00765287,0.053623125,0.792479614,0.936807293
PAXIP1,400.481819,0.007315189,0.055761213,0.792134679,0.936807293
PCDHGB4,155.9847948,0.006928043,0.057820782,0.792594883,0.936807293
PIGBOS1,225.3493794,-0.007717199,0.055659557,0.792206629,0.936807293
SLC22A4,236.8027497,0.006355356,0.059435947,0.792238051,0.936807293
TLE4,1253.300136,-0.008216267,0.049656534,0.792448808,0.936807293
PRRT3,157.1088515,-0.006351937,0.05823393,0.792951114,0.936980944
COMMD7,1882.092475,0.008347787,0.041923742,0.793285486,0.937068654
DYNLL1,3095.064042,-0.007834654,0.042394534,0.79333973,0.937068654
INPP5B,1028.860142,-0.008085257,0.051014477,0.793158206,0.937068654
PHYKPL,1216.952799,-0.007168782,0.049994653,0.79334019,0.937068654
UBALD2,4530.810172,0.008293138,0.04676769,0.793551047,0.937224723
NUP133,1012.846018,-0.007132908,0.055934123,0.793782646,0.937239937
RNF19A,1386.637192,-0.008368696,0.049422995,0.793691998,0.937239937
ZNF446,174.9517228,-0.005925723,0.059079322,0.793800108,0.937239937
DCTN2,2600.634906,0.008361416,0.046601324,0.793956221,0.937331298
DISP1,622.4431838,-0.007740679,0.05312287,0.794137046,0.937451813
PRPF39,584.3311455,0.007017808,0.055902607,0.794247289,0.937488992
POLR2D,872.4345654,0.008219479,0.049611427,0.794345567,0.937512043
RNF14,1595.773684,-0.008488064,0.044305673,0.794458067,0.937551872
PPP2CB,2130.206602,-0.008073723,0.040060229,0.794560955,0.937580352
ADGRE4P,626.2760669,0.007779199,0.0510386,0.794986385,0.937742838
ELMOD3,594.8384847,-0.007650764,0.050883737,0.79486295,0.937742838
NAGK,3871.24661,0.008316072,0.04369706,0.79490355,0.937742838
SEC63,3461.417006,0.008208853,0.045086947,0.79501373,0.937742838
BCL2L13,2642.911194,0.008344308,0.042541503,0.795189147,0.937856825
CYP2D7,67.16942777,0.004611053,0.061208568,0.79546841,0.937901893
ERLIN2,1297.675616,-0.008148518,0.048392955,0.795598986,0.937901893
IFIT5,1051.575098,0.007037438,0.05431273,0.795587027,0.937901893
MAP3K21,72.76702458,-0.004361665,0.061443794,0.795541306,0.937901893
NSUN3,395.7400158,0.006926944,0.056499608,0.79562127,0.937901893
RALGPS1,74.83833492,-0.004389028,0.06139621,0.795839981,0.938066829
STK17A,446.7076299,-0.007652934,0.053959501,0.796039783,0.938209446
MRPL48,262.9058056,-0.005920325,0.058405037,0.796312859,0.938438387
CROCC,487.6452651,0.007826182,0.051577353,0.796501818,0.938518888
POFUT1,1249.391279,-0.00966873,0.044463082,0.796538836,0.938518888
ISOC1,366.6818188,0.007366231,0.054796531,0.796960095,0.938643642
RNF168,958.1608635,0.008258263,0.048469766,0.796805103,0.938643642
TAL1,1723.788008,0.00804706,0.048829002,0.796894948,0.938643642
WDR76,274.2637498,0.007344329,0.054822808,0.796938684,0.938643642
PSMA5,2588.759891,-0.008202052,0.045004215,0.797083966,0.938696668
RIPOR1,5800.21291,0.00842938,0.048538292,0.7972081,0.938749994
ECSIT,927.6779323,0.008267709,0.046355617,0.797429659,0.938918019
PIGB,288.5803776,0.006991035,0.055894307,0.797822428,0.939008997
RARS1,1837.542459,0.008121217,0.044471339,0.797790432,0.939008997
SLC25A4,433.6624261,0.007705706,0.052668516,0.797803237,0.939008997
SRBD1,358.8121121,-0.006208157,0.05843772,0.797681048,0.939008997
ARF4,3438.121382,0.007183794,0.043741007,0.798753946,0.939035753
COL1A1,2932.113196,0.006433966,0.056643384,0.798573153,0.939035753
DAD1,2755.373639,0.008106014,0.046268113,0.799205761,0.939035753
DAP3,2033.017872,-0.008211023,0.045917002,0.798245591,0.939035753
DYNC2H1,224.9762994,0.00483498,0.060826684,0.798496696,0.939035753
IFT25,404.8072586,-0.007428112,0.053837651,0.798928007,0.939035753
KIF13B,2686.660321,-0.008686008,0.046046475,0.799095056,0.939035753
LRCH3,1432.683275,0.006458075,0.057806794,0.79810853,0.939035753
MCAT,392.1727681,0.007305549,0.055491761,0.799250695,0.939035753
MID1IP1,4174.057232,0.008825685,0.045457803,0.798334495,0.939035753
MRPS26,818.4360424,0.008033291,0.049374388,0.799234709,0.939035753
NPIPB14P,137.421874,0.006523407,0.057635879,0.798296702,0.939035753
SENP1,466.0277863,-0.007155234,0.055069206,0.798936679,0.939035753
SLC25A11,2935.048841,0.008256253,0.043510406,0.799298258,0.939035753
SNTA1,115.7850441,0.005553944,0.058833936,0.799383634,0.939035753
STAM2,1016.701017,-0.007040007,0.046962445,0.798109902,0.939035753
TNPO3,2445.466597,0.007755812,0.037987462,0.799422709,0.939035753
TRIM72,73.46738037,0.004529168,0.061218693,0.798801943,0.939035753
VAMP2,1232.506389,-0.009725226,0.04563738,0.798645286,0.939035753
VGLL4,1838.538126,-0.007692231,0.05170029,0.798571459,0.939035753
BZW1P2,88.04226367,0.002832529,0.062814564,0.799523858,0.939061911
LUC7L3,3134.680586,-0.00827106,0.047707199,0.799913366,0.939334052
OGT,5700.382176,-0.007831707,0.040230961,0.799872836,0.939334052
EMC7,2378.124181,-0.008061891,0.044330834,0.800013179,0.939358605
TMBIM4,2467.413934,-0.008748915,0.040715526,0.800287693,0.939588263
RUNX3,1994.37231,0.007381774,0.057094604,0.800478569,0.939719689
ACER2,66.43081187,-0.004448473,0.061108075,0.800838659,0.939864376
MAPK1IP1L,2026.77508,-0.006917482,0.055502762,0.800774807,0.939864376
NDUFA5,1591.599763,-0.008046786,0.04761052,0.80075629,0.939864376
INTS5,720.3604636,-0.007695329,0.051483255,0.801567576,0.939879481
NME4,1178.90244,0.003377028,0.046042189,0.801281564,0.939879481
PDE4DIP,3961.204064,0.008096389,0.045194132,0.801641012,0.939879481
RABGEF1P1,101.2231663,0.005204719,0.060074988,0.801410563,0.939879481
RNF214,552.2687666,-0.007305894,0.051863955,0.801356888,0.939879481
SMG1P5,129.6445697,0.004493891,0.061202036,0.801527486,0.939879481
TIAM2,76.89456785,-0.004632939,0.060916003,0.801148308,0.939879481
TRMT10B,237.1024795,0.006813544,0.057384158,0.801371339,0.939879481
UBXN8,361.7624748,0.00720078,0.054824687,0.801232786,0.939879481
VSIG10L,297.8008519,-0.006814126,0.056090437,0.801190107,0.939879481
PDE4B,305.8331914,-0.004817292,0.058173954,0.801735903,0.93989817
APC2,103.4784084,-0.0055428,0.059444039,0.801997003,0.939902478
CENPM,344.7940605,-0.007365654,0.053130866,0.802192465,0.939902478
ITPRIPL2,6302.17364,0.008033537,0.041208981,0.801929096,0.939902478
MAGEH1,301.0065663,-0.006880023,0.054932967,0.802030708,0.939902478
MED13,2427.297439,-0.008472392,0.041785277,0.802213278,0.939902478
RAB3IL1,1225.304665,-0.00722532,0.048354037,0.802120578,0.939902478
MCRS1,1549.657836,-0.007978755,0.044639932,0.802330681,0.939947525
XAB2,1669.936913,0.008003493,0.044677037,0.802543109,0.940103878
DLG5,225.6820088,-0.005853604,0.058628715,0.802667711,0.94015733
ACOX3,663.8340764,-0.006939633,0.050966973,0.802996802,0.94027036
GLCCI1,355.9924072,0.006384252,0.056565805,0.803080136,0.94027036
NCBP1,911.9325253,-0.007494425,0.051938564,0.803030084,0.94027036
NRBP1,3878.715803,0.007442676,0.035953695,0.802918684,0.94027036
C8orf33,1527.733681,-0.007791164,0.043376794,0.803301323,0.940436843
ZNF677,149.1585101,0.005620422,0.058540295,0.803416269,0.940478926
DCTN5,1872.116022,-0.00773779,0.047555725,0.803653551,0.940501536
EVA1B,934.0355976,0.008012019,0.046188796,0.803563866,0.940501536
GARIN1A,146.9861648,-0.005595488,0.058943536,0.803713069,0.940501536
TRNT1,995.3676129,0.00795114,0.046817356,0.803751585,0.940501536
NPIPP1,106.9237989,0.005301196,0.059538911,0.803912834,0.940597768
KLF15,143.6206609,-0.00499896,0.060294499,0.804266591,0.940919199
DOK3,7052.407522,-0.00889708,0.042992783,0.804359557,0.940935494
TOR2A,1053.219531,0.00769904,0.050007027,0.804654548,0.941188091
ANKRD46,411.7873775,0.007063032,0.05544742,0.804819798,0.941288898
AKT2,3570.803539,0.007605198,0.044874417,0.805205575,0.94155706
RFC1,1233.771793,-0.007483201,0.054561353,0.805286349,0.94155706
XRCC4,258.389812,0.006443297,0.055976375,0.805286025,0.94155706
FMN1,809.8146277,0.006300994,0.056144987,0.805460928,0.941668697
CLEC12B,102.7108129,0.004977848,0.060304379,0.805717995,0.941784264
CPEB3,344.7193881,-0.007018308,0.05424749,0.805649133,0.941784264
DMAC2L,234.9636382,-0.006093429,0.05730774,0.806012202,0.941850732
GTF2H2C_2,367.2375474,0.006286658,0.056793781,0.806005101,0.941850732
WDR3,668.649667,0.008109007,0.055670951,0.805886184,0.941850732
CCNB1,1537.224867,-0.007763823,0.045555211,0.806380823,0.942022088
COMMD3,954.9837661,-0.007404061,0.046540407,0.806280065,0.942022088
CPSF3,1202.175344,-0.007394047,0.052009691,0.806558234,0.942022088
GPBP1L1,2962.317446,-0.007646983,0.039798929,0.80670528,0.942022088
MXRA8,268.8860174,-0.005526674,0.058502946,0.806507793,0.942022088
SPOPL,852.0058014,-0.007198133,0.052521386,0.806712742,0.942022088
THEM4,488.0578978,0.007472605,0.052001986,0.80646657,0.942022088
L3MBTL2,1332.512422,0.007896596,0.046758375,0.806811747,0.942045297
CCDC30,183.6527169,-0.004298786,0.061199218,0.807061229,0.94221781
GALNT11,1008.776174,-0.007059961,0.048442137,0.80722545,0.94221781
GPD2,2777.285295,0.007027124,0.05172351,0.807293113,0.94221781
NUDT22,818.3619843,0.009006531,0.043785384,0.807296924,0.94221781
ZNF3,472.1513504,-0.006893,0.053981455,0.807355219,0.94221781
UNC80,89.86403222,0.004702907,0.060348058,0.807466547,0.942255366
DNMBP,391.0240534,0.006726565,0.053323993,0.807657925,0.94230136
TMEM185B,1331.822664,0.007684219,0.039970308,0.807678128,0.94230136
TRAK2,1581.039631,-0.007745271,0.044384969,0.807743417,0.94230136
AAR2,920.2033084,-0.007489594,0.044399869,0.808871945,0.942976175
ADAR,13501.24189,0.005550302,0.040823924,0.809243902,0.942976175
ASL,977.3786365,0.007797945,0.045550416,0.808655754,0.942976175
CCDC167,142.0663786,0.00583971,0.058559866,0.809159965,0.942976175
CHD9,2730.320722,-0.007208311,0.051233053,0.80931767,0.942976175
DNAJB14,1608.449415,-0.007251688,0.052260082,0.809351579,0.942976175
KIAA0586,583.7598594,-0.006908722,0.054135482,0.808518855,0.942976175
MS4A4E,200.6660673,0.005557788,0.058921015,0.808799958,0.942976175
POMT2,747.4375109,0.00678754,0.054872773,0.809155446,0.942976175
REV1,656.5266941,-0.007306617,0.052217796,0.808492482,0.942976175
TRAPPC2L,867.3168871,0.007567586,0.051764456,0.809220831,0.942976175
USP42,575.6767439,0.007247757,0.050832554,0.809052926,0.942976175
ZNF500,336.6859228,-0.007098776,0.054734579,0.808857248,0.942976175
INTS1,5181.057882,-0.007686805,0.048994775,0.809891982,0.94351346
ATXN10,1600.746921,-0.006804807,0.042108657,0.810140875,0.943618738
CRELD1,836.1952369,0.007122059,0.052953276,0.810090275,0.943618738
CNNM3,744.3187107,-0.006981699,0.054494551,0.81047791,0.943734303
CRY1,299.9192929,0.006807988,0.054916657,0.810410655,0.943734303
UNG,627.1732534,-0.006952284,0.051470782,0.810451743,0.943734303
MRFAP1L2,271.9602224,0.00692044,0.054355441,0.810721698,0.943741254
PRKCB,1979.744708,0.007638965,0.042940577,0.810685743,0.943741254
ZNF169,117.1318319,-0.004919177,0.060085193,0.810614359,0.943741254
GTF3C5,1652.706808,0.007182459,0.042803209,0.810813948,0.94375636
PABPC1L,310.4775834,0.005988366,0.057725484,0.810996786,0.943876893
NBPF20,287.1441684,-0.006561422,0.055712107,0.811250342,0.94393703
SNAPIN,978.1972968,-0.007338875,0.044480578,0.811212196,0.94393703
ZNF48,281.0466623,0.006395762,0.055141905,0.811286324,0.94393703
UBAP2L,4875.236361,0.007646674,0.04230347,0.811405908,0.943983908
KCTD7,743.1080373,0.007180137,0.051736241,0.811506425,0.944008598
BARD1,319.6712424,0.006879845,0.054279565,0.811999716,0.944231448
ING4,640.693664,-0.007728702,0.049617508,0.81192083,0.944231448
THADA,837.9970831,0.00652135,0.055848806,0.812015251,0.944231448
ZXDC,1372.174419,0.007640058,0.044630745,0.811819551,0.944231448
BRPF3,1437.826513,-0.007419845,0.048357968,0.812275033,0.944256837
DBNDD2,970.6192762,0.007575864,0.04371893,0.812234467,0.944256837
DUT,1277.909755,-0.008761995,0.045757494,0.812172956,0.944256837
ABHD6,713.9467547,0.006978132,0.052852137,0.814293408,0.944634121
ARL6,81.77569838,0.003413339,0.062082369,0.815461254,0.944634121
ATR,1350.689247,0.006977715,0.053066349,0.814347361,0.944634121
C3orf70,74.74058817,-0.004017759,0.061330807,0.814025891,0.944634121
CDK11B,1967.166848,0.007047511,0.038147283,0.814983643,0.944634121
CDK20,124.7593655,0.005075388,0.059705206,0.813703353,0.944634121
CDS2,3420.048326,-0.007641126,0.046099513,0.815408687,0.944634121
CIP2A,473.2351244,-0.006330587,0.052176845,0.815703661,0.944634121
CLOCK,926.1949064,0.007006974,0.053745201,0.81366052,0.944634121
CRYBG1,1573.861614,-0.00662233,0.052837113,0.81400916,0.944634121
DCTN6,943.7750717,0.007613175,0.047184181,0.8158378,0.944634121
DDIAS,160.6450919,0.004840759,0.06002879,0.814495197,0.944634121
DHFR,1389.953199,-0.007288389,0.048665621,0.816011533,0.944634121
DIABLO,943.4780046,-0.007028822,0.048154525,0.814113782,0.944634121
EIF4A2,5041.900281,0.007230555,0.041511595,0.815811214,0.944634121
FABP5,10102.25174,-0.008316573,0.050677124,0.816008742,0.944634121
FIRRM,234.3139124,0.00615095,0.056825253,0.813117198,0.944634121
G6PC3,2413.936815,-0.00758802,0.04450853,0.812932196,0.944634121
GBGT1,1235.651929,0.007446733,0.047484835,0.814496871,0.944634121
GNA11,1215.171835,0.006467275,0.054987981,0.814994553,0.944634121
HS1BP3,1199.635058,0.007571992,0.044806566,0.814221296,0.944634121
MRPL44,1056.381784,-0.007344198,0.044025346,0.814670311,0.944634121
MRPS25,1973.717389,-0.011992403,0.047126119,0.815495393,0.944634121
MSH5,343.9557837,0.0070546,0.05517381,0.814984495,0.944634121
NDUFA3,1138.950696,-0.007480572,0.044786316,0.814435621,0.944634121
NDUFV1,4151.702824,-0.007467174,0.036681493,0.815950128,0.944634121
PIGQ,1555.689457,-0.006958962,0.053667299,0.81327567,0.944634121
PINX1,212.5743238,-0.006034982,0.056886152,0.8144889,0.944634121
RCAN3,669.3908511,-0.006363279,0.055837689,0.815381102,0.944634121
RFX1,973.1683782,-0.006545067,0.054163352,0.814764644,0.944634121
RPS28P7,1531.885931,0.007463347,0.048980748,0.813388669,0.944634121
SCRN2,528.5243556,-0.007028435,0.0506562,0.813842541,0.944634121
SEM1,1161.370223,0.007567027,0.04804314,0.813676556,0.944634121
SFSWAP,1362.305824,-0.007510549,0.042302997,0.814326709,0.944634121
SLC43A2,974.6562306,-0.007054219,0.055273911,0.813127454,0.944634121
SNCA,2074.461838,0.007325959,0.04745989,0.814878411,0.944634121
SPRY3,96.82631324,-0.004400145,0.060694041,0.815789471,0.944634121
TNFAIP8,1114.77801,-0.007462901,0.04771434,0.814800568,0.944634121
TSR2,1393.207056,-0.007412015,0.040367516,0.813195883,0.944634121
UCHL3,682.7356477,0.007312189,0.052825393,0.815507415,0.944634121
UQCC5,425.6068236,0.006628165,0.05417735,0.812755013,0.944634121
ZNF543,125.5591706,-0.005170943,0.059389995,0.814643483,0.944634121
ZNF628,334.5675096,-0.006217186,0.057240819,0.815690576,0.944634121
ABITRAM,397.2262652,0.006435566,0.053901662,0.816716873,0.944805307
ASPA,77.56874882,-0.004139983,0.060990956,0.816496229,0.944805307
CBR4,496.5007771,-0.007190721,0.048600775,0.816664698,0.944805307
GAPDH,34309.57472,0.007159236,0.047198962,0.816629029,0.944805307
HDGFL3,1280.609931,0.00750138,0.049109534,0.816382512,0.944805307
HERC5,2515.329585,-0.008875655,0.056027894,0.816794307,0.944805307
LAMA5,114.9764489,0.003439907,0.062021098,0.816734869,0.944805307
UTP3,1144.349701,-0.007222807,0.050017553,0.816549466,0.944805307
MYSM1,1484.347626,-0.007474754,0.042573218,0.816979302,0.94483569
TMSB4X,114889.6694,-0.007347823,0.046644318,0.816946344,0.94483569
VHL,1486.863002,0.007373533,0.043539823,0.817076547,0.944856367
TCEAL1,534.3438363,-0.007101472,0.051037317,0.817294544,0.945016662
ALMS1,376.5912202,0.00575925,0.057887871,0.81788366,0.945160469
AMD1,2347.940785,0.003867237,0.061345018,0.818261769,0.945160469
API5,2749.145511,0.007323857,0.042323622,0.817702202,0.945160469
ARL17A,667.7115671,0.007055718,0.052450043,0.818129955,0.945160469
DCUN1D2,330.5026049,-0.005865235,0.056945842,0.818684687,0.945160469
FAM3C2P,169.3426808,-0.005157822,0.058908528,0.8186686,0.945160469
IDUA,968.0258802,-0.006387652,0.055723382,0.817994777,0.945160469
ISG20L2,357.6824423,-0.005107048,0.058879989,0.818031436,0.945160469
MRPL1,425.0767669,0.006421929,0.05434657,0.81859902,0.945160469
MYO1G,231.0321798,-0.005136556,0.05916849,0.818428464,0.945160469
RPN1,7005.912472,-0.006701299,0.034842254,0.81851853,0.945160469
SEC14L2,219.7518412,-0.00453629,0.060322382,0.818758489,0.945160469
SH3BGRL3,23166.71322,0.008531052,0.037586424,0.818768578,0.945160469
SLC27A1,1734.963461,-0.006713872,0.053399114,0.817525148,0.945160469
TXNDC11,2816.586487,-0.007263176,0.037940384,0.818307433,0.945160469
TXNL4B,231.6666164,-0.006264416,0.056070512,0.818324511,0.945160469
ZNG1E,564.2066651,-0.007075227,0.051890118,0.818160564,0.945160469
BECN1,2109.81098,0.008018795,0.040581432,0.818976636,0.945217338
TTLL5,464.5448238,-0.005920451,0.056998587,0.818964527,0.945217338
BRPF1,1741.789935,-0.007012784,0.044475735,0.81905784,0.945219425
LIME1,180.7930412,0.004456999,0.060547267,0.819526436,0.945668529
COX20,1034.576343,0.007951076,0.050911882,0.819938264,0.945671447
NDUFAB1,1030.109678,0.006891987,0.051704977,0.81974716,0.945671447
POFUT2,847.3781744,0.005042525,0.052563155,0.819905058,0.945671447
POLR3F,258.7078813,0.005587687,0.055505264,0.819959665,0.945671447
TMEM120A,428.0702772,0.007012998,0.052601309,0.820005573,0.945671447
TSN,1798.854334,-0.007257851,0.043220868,0.819808694,0.945671447
CCM2,1705.024839,-0.007183528,0.041348504,0.820704124,0.945744129
DRG1,1138.875854,0.006072647,0.041649765,0.820296318,0.945744129
IRF5,4597.048327,-0.00466172,0.047402695,0.820511554,0.945744129
PXDC1,1954.989643,-0.007217255,0.04398258,0.82060957,0.945744129
RITA1,396.9706937,-0.006281975,0.055223176,0.820330772,0.945744129
SRP54,1593.90675,-0.007172261,0.048044629,0.820190006,0.945744129
VPS18,3067.18207,0.007189243,0.045256997,0.820672717,0.945744129
ZNF32,300.2692031,-0.005815115,0.057175383,0.820584423,0.945744129
ABL1,3356.924908,-0.006933853,0.039439947,0.821348995,0.945847248
DHX8,2251.007805,-0.007156031,0.045026387,0.82185603,0.945847248
DSCC1,112.9771741,-0.004615754,0.059808275,0.822047525,0.945847248
IL10RA,4926.794478,0.004101766,0.048089256,0.821142431,0.945847248
INKA1,152.6509633,0.00535886,0.058514627,0.821477975,0.945847248
KRTCAP2,1416.232689,0.007102819,0.04200776,0.821497317,0.945847248
NFYA,1162.456898,-0.007161093,0.043346241,0.821512397,0.945847248
RASSF4,14657.87341,0.006882805,0.037749888,0.8217736,0.945847248
RNA5-8SP6,448.1398778,0.002611874,0.06272231,0.822064803,0.945847248
SCML1,373.682228,-0.006747448,0.052513932,0.820940276,0.945847248
SMURF1,1377.640555,-0.004299126,0.045852136,0.821566271,0.945847248
TMEM237,281.6517381,0.005946405,0.056852339,0.821580529,0.945847248
TRAPPC2,247.5866409,0.006589933,0.054071432,0.821741299,0.945847248
UBAP1,2372.368374,0.007003062,0.038492037,0.821733607,0.945847248
WDR7,1333.548319,0.007065347,0.050309517,0.82125339,0.945847248
ZNF484,76.12265538,-0.005185242,0.060142263,0.821976135,0.945847248
AGPAT3,3841.699817,0.00696627,0.037928734,0.822564362,0.946056297
CALCOCO1,3257.04753,0.011217993,0.048145262,0.822518579,0.946056297
SEPSECS,687.2206902,-0.007268737,0.049379804,0.822478468,0.946056297
YAE1,150.3390477,-0.00566779,0.057412573,0.822547662,0.946056297
RELA,2550.062303,0.005881732,0.044715322,0.82288676,0.946280092
SARS1,4961.270989,0.008001346,0.041493795,0.822917916,0.946280092
CCDC97,1600.803928,-0.007070371,0.04779593,0.82318244,0.946409249
LARGE1,217.029561,-0.006496799,0.056266511,0.823195513,0.946409249
ZNF530,103.3405869,-0.003345432,0.061900173,0.823268726,0.946409249
TTC31,941.6344489,0.006783191,0.051620473,0.823482229,0.946563284
ADGRV1,170.055442,-0.005900186,0.05658503,0.823665835,0.946682928
NCSTN,7305.520445,0.005428861,0.046981998,0.823825877,0.946775468
DUS1L,2407.361237,0.007136899,0.044583581,0.824166753,0.947075791
CYB5R3,5245.442616,0.006246264,0.048701726,0.824456781,0.947134804
SLC48A1,776.9110072,0.00668967,0.052240865,0.824393912,0.947134804
ZNF154,154.7887026,-0.005521314,0.058596931,0.824307776,0.947134804
SLC35G1,82.3420704,-0.004058822,0.06072126,0.824945785,0.947605131
EMG1,609.1943205,-0.00504313,0.058028809,0.825211067,0.947671497
STK24,3176.353254,0.00704181,0.043683315,0.825148609,0.947671497
ZNF771,142.1061108,-0.004973094,0.058108908,0.82524237,0.947671497
AKAP7,297.0219106,-0.006380351,0.054641235,0.825583562,0.947697647
LRP6,263.7620058,-0.002674478,0.062558644,0.825569725,0.947697647
RAD9B,105.7170631,0.004597332,0.059679648,0.825450029,0.947697647
TRPM2,3257.882557,0.00682533,0.050159812,0.825376288,0.947697647
CTBP2,830.840369,0.00596808,0.056275561,0.826049884,0.947866661
ITGB3BP,180.4795143,-0.005265646,0.058580259,0.826208513,0.947866661
RAB33B,294.9503229,0.005553493,0.057395563,0.825894296,0.947866661
SMAD7,3692.834919,0.007103178,0.050489341,0.826204244,0.947866661
SMN2,582.5586874,-0.006119243,0.055139661,0.826112861,0.947866661
TST,620.863336,0.006977668,0.048381604,0.826015058,0.947866661
MANEAL,113.1360346,-0.004877921,0.059186867,0.826381069,0.947881937
ZFP92,231.8638965,-0.005422549,0.057906638,0.826338187,0.947881937
CCDC25,767.15103,-0.006425908,0.053215839,0.828410137,0.948169358
EEFSEC,623.5951708,-0.006896222,0.04845041,0.827736026,0.948169358
EFCAB11,230.7161796,-0.00500693,0.057577941,0.827493981,0.948169358
EPHB2,2789.99347,0.006538086,0.044741491,0.827335728,0.948169358
GDPD1,99.84397963,-0.004421636,0.060043834,0.827655976,0.948169358
GPR75,59.89540745,0.003750595,0.061337529,0.827643903,0.948169358
HELB,99.2132222,-0.004295524,0.06040533,0.826730047,0.948169358
HOXB4,186.7121554,-0.005281199,0.058012731,0.828084122,0.948169358
IFT46,317.2325121,0.006044027,0.055953158,0.826898482,0.948169358
ILF2,3052.977799,0.007175054,0.041916737,0.827831426,0.948169358
INO80D,1032.636826,0.006323071,0.053767446,0.828423899,0.948169358
KIF3B,1207.689918,-0.006902831,0.04595607,0.828339501,0.948169358
LACTB2,623.7292542,-0.0065976,0.047559934,0.827686737,0.948169358
MR1,2320.699765,0.007322059,0.045828344,0.827142855,0.948169358
MRPL58,432.4753526,-0.006541126,0.052868799,0.828458903,0.948169358
SELENON,14586.11909,0.007232456,0.049642462,0.826899493,0.948169358
SLC15A3,18910.65109,0.006144043,0.037916165,0.828418225,0.948169358
TFG,1622.426807,-0.007117436,0.043506618,0.827367613,0.948169358
THOC7,619.9565271,-0.007444627,0.054133932,0.828463474,0.948169358
TMCO4,473.0537349,0.006797317,0.04857253,0.827008486,0.948169358
TMEM42,253.467442,-0.005818529,0.055526974,0.827955178,0.948169358
TNFSF12,865.2711703,0.006944832,0.04787409,0.827405257,0.948169358
TUT4,1351.070715,-0.004986262,0.046308265,0.827885791,0.948169358
CCDC134,433.4658628,0.004859902,0.059231087,0.828688887,0.948336172
MRPL16,916.6066664,0.006975767,0.045558695,0.8288354,0.948412672
ABCA7,1364.59229,-0.005540283,0.053144608,0.829230491,0.948500096
RXYLT1,437.4693562,-0.00645345,0.054277931,0.829216247,0.948500096
S100A9,1521.917961,-0.006224796,0.053794548,0.8290823,0.948500096
SHC2,181.9314406,0.00470244,0.059488759,0.829166606,0.948500096
GRM1,292.3058109,0.005134235,0.058255618,0.829809202,0.948505711
HMG20A,920.6235182,0.006928785,0.046819339,0.829828217,0.948505711
MRPL3,1615.75077,0.006867541,0.04645829,0.829872783,0.948505711
NKG7,75.97437325,0.00389506,0.061038952,0.829848966,0.948505711
NUDT6,205.3568097,0.005499923,0.057228749,0.829404968,0.948505711
PGGT1B,1119.128469,-0.005961353,0.054718289,0.829659375,0.948505711
RTN3,6026.04686,-0.006801056,0.048083737,0.829338197,0.948505711
WDR53,196.183258,-0.00510567,0.057985886,0.829522073,0.948505711
AP4B1,548.364803,-0.006555633,0.051834639,0.830024331,0.94852201
POLM,500.8885859,0.005351674,0.057501722,0.830068742,0.94852201
ZNF384,1652.182319,-0.006669574,0.049212817,0.830126067,0.94852201
HNRNPM,7946.481353,0.007335494,0.040542131,0.830298735,0.948537227
VASN,237.4619109,-0.004856807,0.058983154,0.830288943,0.948537227
ACBD3,2123.512001,-0.006657981,0.043029575,0.832615578,0.948772712
APOO,446.8465057,0.005593531,0.056504118,0.831448472,0.948772712
ARID3A,3936.062227,-0.005743601,0.053487007,0.832409902,0.948772712
ATAD5,269.100717,0.005982547,0.055070083,0.832010646,0.948772712
BSCL2,430.8506715,-0.005688851,0.053133064,0.83102534,0.948772712
C15orf40,795.5177694,0.006809175,0.049803164,0.831743984,0.948772712
CCDC169,75.03780829,-0.003556885,0.061378654,0.832242613,0.948772712
EEF2K,2678.255075,0.006761498,0.04254614,0.830793183,0.948772712
GLRX,2074.829161,-0.006377788,0.050579146,0.831066544,0.948772712
GPR157,283.765629,0.004085405,0.060778646,0.830669399,0.948772712
H3C6,113.6426187,0.004050688,0.060638263,0.832131826,0.948772712
KATNAL2,222.0545558,-0.004991401,0.05792097,0.831775318,0.948772712
KHNYN,4597.863131,0.006859648,0.044791305,0.831858086,0.948772712
LYNX1-SLURP2,63.62683842,0.003534651,0.061444118,0.831675066,0.948772712
OBI1,346.6605089,-0.006237285,0.053100328,0.832560755,0.948772712
PATL1,3058.304353,-0.006202616,0.043754497,0.831476102,0.948772712
PDE7A,427.9960122,-0.006447543,0.051814841,0.831004276,0.948772712
PIF1,307.3717083,0.006065745,0.054483561,0.832461612,0.948772712
PPP1R3E,248.8483269,-0.005421199,0.056656002,0.830823454,0.948772712
PRKD2,811.2288336,-0.005146414,0.057924755,0.832665468,0.948772712
PRMT2,3083.86358,-0.00618347,0.033847794,0.831154911,0.948772712
PTPN7,2770.499817,-0.006588273,0.042120641,0.831812793,0.948772712
RANBP6,627.935207,-0.00630082,0.052125993,0.83157346,0.948772712
RECQL5,716.6051234,0.006536871,0.049596404,0.83281603,0.948772712
SEPTIN14,61.08036631,-0.003978204,0.060711042,0.83204604,0.948772712
SNUPN,629.7600645,-0.006496674,0.048816451,0.832718091,0.948772712
SOX12,1017.434436,0.006786847,0.047231161,0.831729652,0.948772712
TRAF5,199.1699606,-0.0046746,0.059260027,0.83256726,0.948772712
UBE2E2,1096.743535,-0.006620831,0.046639022,0.83275507,0.948772712
MLH1,1139.132764,-0.006742895,0.045171154,0.833083081,0.948848651
MTFMT,567.642171,-0.006339313,0.049890057,0.833121793,0.948848651
ZNF280C,94.21544749,-0.004745898,0.059608878,0.83300605,0.948848651
FCGR1CP,366.7970768,-0.005545577,0.056534896,0.833240842,0.94889346
C15orf61,135.7688599,-0.004632772,0.05963283,0.833518243,0.948999898
C1orf122,1453.030979,0.006308932,0.054830544,0.83369937,0.948999898
CABIN1,3008.674489,-0.005437464,0.051726184,0.834898109,0.948999898
CLIP2,3147.543437,0.006610653,0.046042179,0.834916742,0.948999898
CNRIP1,934.0510495,-0.006478147,0.04293245,0.8348392,0.948999898
DCTN1,4723.354842,0.007001062,0.043199655,0.835362491,0.948999898
FAM156B,545.764268,-0.001794981,0.063128395,0.834909599,0.948999898
FAM204A,852.7247965,-0.006484191,0.049930361,0.834944063,0.948999898
FAM234A,2319.862655,-0.006422664,0.041663014,0.83428029,0.948999898
ISOC2,1095.533417,0.006435771,0.04763768,0.834904192,0.948999898
KLHL9,1113.33148,-0.005132558,0.046036398,0.833784376,0.948999898
KRBA2,218.5244974,-0.004924169,0.058187297,0.834535601,0.948999898
MAP3K7,1272.686894,-0.00663144,0.043660309,0.834623183,0.948999898
MRPS31P4,87.71560814,-0.004466955,0.059576722,0.834914448,0.948999898
RASGRF1,96.51183265,-0.00371519,0.061034964,0.834215529,0.948999898
S100A8,195.8003197,-0.005230613,0.057545097,0.833821467,0.948999898
SARNP,1186.851099,-0.004546826,0.046935982,0.835370536,0.948999898
SF3A3,2150.509272,0.006752534,0.04567831,0.835406882,0.948999898
SIGMAR1,2132.28781,0.006335663,0.041476182,0.834006049,0.948999898
STK11IP,1277.59061,-0.005786609,0.053993306,0.833794805,0.948999898
TMEM260,437.8632106,-0.007120432,0.054392129,0.835044335,0.948999898
TRIM6,271.9191474,0.004982229,0.058803031,0.83513177,0.948999898
VLDLR,192.009292,-0.004711218,0.05864706,0.834428742,0.948999898
WDR45B,2067.422924,0.006196515,0.037946509,0.834500606,0.948999898
ZFP28,101.4147721,0.004276877,0.059768081,0.835051311,0.948999898
ZNF582,65.03345403,0.003585261,0.061185285,0.835367701,0.948999898
HIVEP2,395.2353069,0.004989353,0.058433846,0.835544808,0.949035687
ZHX3,664.8370742,-0.003923505,0.056925417,0.835597822,0.949035687
PROSER1,1234.842813,-0.006258423,0.050231292,0.835700197,0.949061418
NUBP2,1342.610368,-0.003967755,0.046513615,0.835784118,0.949066189
BORA,242.2043456,0.005294101,0.055604145,0.836203844,0.949121023
COMMD1,533.7255883,-0.006154484,0.052625544,0.83623103,0.949121023
DPCD,231.7104528,-0.005904205,0.054384262,0.836028177,0.949121023
KIF2C,1017.320475,0.007557861,0.045398032,0.835973216,0.949121023
THTPA,641.3472258,-0.006577491,0.046736151,0.836076425,0.949121023
ARAF,2070.5684,-0.006570429,0.046467811,0.836422792,0.94916669
ERICH1,614.4998163,0.00639745,0.052499927,0.836430722,0.94916669
TBC1D3B,76.50234581,0.003537493,0.061352227,0.836667799,0.949345229
ACOT1,237.2026568,0.005733722,0.055363767,0.837181316,0.949656367
PLAA,1350.272484,0.009319508,0.048586242,0.83702565,0.949656367
ZBTB10,442.925493,0.00625502,0.051181101,0.837130106,0.949656367
CRYZL1,571.8224607,-0.006281416,0.050514778,0.837513785,0.949671551
HUWE1,9330.289686,-0.007222827,0.036563999,0.837459528,0.949671551
UBL4A,1134.635203,0.006330844,0.050828292,0.837353666,0.949671551
XXYLT1,427.9325492,0.006348393,0.052380009,0.837406726,0.949671551
ATPAF1,806.3211573,-0.006375366,0.046735944,0.838073017,0.950034209
FAM98A,1321.175922,0.006567608,0.050108828,0.838039722,0.950034209
KAT5,1427.827938,-0.006460316,0.047598153,0.837959814,0.950034209
CLCN4,428.8183262,0.004714838,0.059636683,0.838417906,0.950334683
CCDC22,1016.029212,0.005776181,0.047101065,0.838909477,0.950433678
CD1E,137.4588978,0.004339662,0.059618203,0.839067355,0.950433678
DCAF1,1072.143461,0.006423116,0.048780578,0.839269161,0.950433678
DHRS1,485.0145906,-0.006244315,0.048906448,0.839303591,0.950433678
EPAS1,5470.259027,-0.006042233,0.052381669,0.839053639,0.950433678
FLAD1,826.4223668,0.006442177,0.044176994,0.839141041,0.950433678
PBLD,193.1127401,0.005499556,0.056163039,0.838827245,0.950433678
SLC37A4,1002.314645,-0.00437533,0.048126293,0.839250616,0.950433678
TMEM222,1149.868654,-0.006459733,0.043919835,0.839229742,0.950433678
TSPYL2,152.0165105,0.004927015,0.058139634,0.839302836,0.950433678
TMEM158,107.8513909,0.003992238,0.060438808,0.83970608,0.950799019
CHEK1,461.4729094,-0.005336932,0.056340846,0.839960226,0.950905904
DDX60,2182.790265,0.005942668,0.053347147,0.839934912,0.950905904
CICP14,327.4151197,0.00524704,0.056084187,0.84008016,0.950951251
EEA1,1507.54216,-0.005989868,0.053255577,0.840317646,0.950965858
PLEKHG3,166.8220502,0.003711477,0.060597783,0.840332703,0.950965858
SFMBT2,3236.409704,-0.00647518,0.044855814,0.840301874,0.950965858
FAM3C,1177.884659,-0.006211878,0.050965669,0.840921131,0.951235273
GTF2IP1,480.1545216,0.005373219,0.05591121,0.840970285,0.951235273
SLF1,147.6960973,0.003259432,0.06162171,0.840960064,0.951235273
SP2,987.8832941,0.006580578,0.048510385,0.840879109,0.951235273
YTHDF3,3355.582598,-0.005975537,0.047032228,0.84079265,0.951235273
GLOD4,2033.461663,0.006362794,0.042326516,0.841386043,0.951243863
MINDY1,392.9544926,0.005773386,0.0537511,0.841476893,0.951243863
OTOA,175.9838501,-0.004926843,0.058383017,0.841363675,0.951243863
RGL4,340.8799102,-0.00527095,0.05651276,0.841315908,0.951243863
SORD,570.488124,0.005405482,0.052744589,0.841114344,0.951243863
TTC7B,1449.731193,-0.0060379,0.050401857,0.841237381,0.951243863
VEZT,1504.49296,-0.006165561,0.049641559,0.8415372,0.951243863
PLAGL2,1304.885946,-0.006381362,0.043094889,0.841660733,0.951293177
UBOX5,353.1924429,-0.005461161,0.055118848,0.842167377,0.951775453
ANP32A,4088.943169,0.006368651,0.043298289,0.842252689,0.951781515
ATP6V0B,7598.519817,0.005606564,0.033736131,0.843163676,0.951925364
CHM,1030.94086,0.006216281,0.04996897,0.842479965,0.951925364
EAF2,108.7137769,-0.004261843,0.059270149,0.842722331,0.951925364
EDA,278.4661418,-0.005587253,0.054826119,0.842860921,0.951925364
FBXO10,664.5346741,-0.005845413,0.053013713,0.843121761,0.951925364
PHGDH,1884.719973,-0.005822559,0.05335101,0.843259546,0.951925364
PRIMPOL,221.5894004,-0.004409889,0.059301057,0.842634045,0.951925364
RASSF5,2933.875543,-0.006398469,0.043562651,0.842775734,0.951925364
RBM15,457.2174561,-0.005813404,0.055506866,0.843134361,0.951925364
THAP5,459.5605569,-0.005892709,0.052137134,0.84280788,0.951925364
ZFP36L1,5422.859994,0.006067322,0.05293799,0.843240959,0.951925364
GNE,323.5656167,-0.005454331,0.054792688,0.843343393,0.951929752
FARSB,724.3910048,0.006279638,0.050058276,0.843508526,0.952025882
CFAP410,1157.373309,-0.006254486,0.046065624,0.844115625,0.952351019
MGLL,2537.327998,-0.004834263,0.049883092,0.844116585,0.952351019
PLGRKT,458.4851926,-0.005681792,0.053912736,0.843957802,0.952351019
TTLL3,1017.04595,-0.005686262,0.053995934,0.843955253,0.952351019
ANKRD16,110.1525056,-0.004096873,0.060200875,0.845371884,0.952384662
ARHGAP5,1782.896168,0.006179001,0.047793257,0.846048504,0.952384662
BMP2,66.3509672,-0.003637636,0.060714129,0.84576253,0.952384662
CDC23,904.5630416,-0.006103224,0.049821002,0.846057008,0.952384662
DYNLT4,81.42875349,0.004126749,0.060338478,0.844759103,0.952384662
EIF4E2,2672.451849,0.005950934,0.037202732,0.845566269,0.952384662
ETFBKMT,91.22511538,0.003023769,0.061778443,0.846106665,0.952384662
FAM162A,700.9376683,-0.005657715,0.055150681,0.845295643,0.952384662
GET3,2132.401124,0.006025076,0.038712726,0.845276958,0.952384662
HSP90AA1,20594.41843,0.006194103,0.045865108,0.845768886,0.952384662
KCTD10,2127.247499,0.006123171,0.046834578,0.84445276,0.952384662
NOMO2,4963.939806,0.006857939,0.049816536,0.844411373,0.952384662
OAZ2,1717.693285,-0.006195958,0.042116012,0.846068006,0.952384662
PDS5A,2963.667922,0.006289999,0.038761784,0.846146373,0.952384662
PKDCC,202.7001667,-0.004118305,0.059778563,0.845963396,0.952384662
PUS3,193.219896,0.005097885,0.05699047,0.845480364,0.952384662
SF3A1,4782.05399,0.00602786,0.049468067,0.846005155,0.952384662
SLC38A9,1271.054698,0.006225196,0.046958121,0.84557463,0.952384662
SLC7A7,11643.09611,-0.005534352,0.033199815,0.84552518,0.952384662
SLC9A8,864.3662239,0.006212505,0.049112274,0.844369722,0.952384662
TM2D1,585.1344469,-0.005728175,0.050914539,0.845934759,0.952384662
TWF1,1689.440085,-0.006429009,0.042777999,0.845581328,0.952384662
XPR1,1713.929354,-0.006488988,0.043150606,0.845387199,0.952384662
YAP1,94.25068753,0.00398447,0.060040846,0.844619301,0.952384662
ZMYND8,1869.507732,0.005439517,0.05535983,0.844791572,0.952384662
CCNYL1,889.4430772,0.006135152,0.04693936,0.846234293,0.952393577
MTHFR,3110.029675,-0.005811534,0.051642798,0.846429747,0.952460727
ZNF213,672.5918872,-0.007341793,0.050695347,0.846453968,0.952460727
TMEM256,326.7354919,-0.005351468,0.055409027,0.846548026,0.952476539
ATP5F1A,11892.126,-0.005801547,0.037840138,0.847315517,0.952981733
CHST7,633.539143,0.005635344,0.049034816,0.847477329,0.952981733
DDX47,1024.215725,-0.006095122,0.044026305,0.847461834,0.952981733
GIMAP5,344.8920294,-0.003813965,0.060271879,0.847131819,0.952981733
KCNA3,199.9365695,0.003874961,0.059079513,0.84735202,0.952981733
RPAP1,877.3260172,0.004292829,0.055796746,0.847263139,0.952981733
AP1S3,120.1248382,-0.004294501,0.058945674,0.847643516,0.953078585
OR10G3,69.56762105,-0.003152857,0.061414926,0.847760878,0.953120526
FAM241A,863.1875159,-0.005852546,0.050067938,0.847949801,0.953159861
MAPK8IP1,81.51821061,0.003422345,0.06125266,0.847990098,0.953159861
ORC5,409.8285719,-0.00480507,0.057060228,0.848036056,0.953159861
DIAPH3,322.021852,-0.005297891,0.053415402,0.848212195,0.953177853
POLE2,72.29877697,-0.003268783,0.061261012,0.848147362,0.953177853
AAMP,2447.868933,-0.005746547,0.037551821,0.848950073,0.953403525
GPT,89.48212597,0.003225953,0.061409413,0.849053689,0.953403525
MRPL37,1747.231295,0.005933383,0.038288341,0.848629152,0.953403525
ROBO1,346.215409,0.002460173,0.062221299,0.848800542,0.953403525
TAF1D,1248.492333,0.005855602,0.050252695,0.84903431,0.953403525
UBTD2,624.0976366,0.005758481,0.05169069,0.848739658,0.953403525
UNC45A,1943.563068,0.00614042,0.042607815,0.84857073,0.953403525
ZNF273,119.8747758,0.004526869,0.058733302,0.848912979,0.953403525
TACC1,3726.425695,0.005836713,0.036900374,0.849139697,0.953410176
BRCC3,1207.483123,-0.006888172,0.043871232,0.849431143,0.953647468
DLX4,89.16704866,-0.003621021,0.060609284,0.849722497,0.953884614
AKR1B15,59.09160992,-0.003353142,0.060971398,0.849920332,0.953888958
AREL1,1676.559974,-0.005818053,0.043070447,0.850204003,0.953888958
CDK5RAP2,1702.153023,-0.005214924,0.048206447,0.850227234,0.953888958
NMD3,1350.962198,0.00448444,0.047403492,0.850279235,0.953888958
RANBP3,2374.246811,-0.006608197,0.044113274,0.850194192,0.953888958
SMAGP,69.13353708,-0.003118308,0.061486411,0.850133254,0.953888958
WRN,373.8920347,0.004608677,0.058056893,0.850364163,0.953888958
ZSWIM7,491.5238379,0.005829782,0.050297729,0.850367368,0.953888958
ARAP1,24498.7922,-0.005759001,0.043724758,0.851347989,0.954160383
ATP5MC1,1294.247515,0.006121357,0.045225535,0.850758923,0.954160383
BRCA2,483.7857564,-0.004865987,0.056681737,0.851490963,0.954160383
EDRF1,427.559348,0.005190025,0.053946105,0.851345469,0.954160383
FAF2,2003.437932,-0.005309753,0.040925209,0.851062187,0.954160383
FLI1,2127.686587,-0.005966693,0.044272242,0.851298505,0.954160383
GNB1,13773.43865,0.005668839,0.042362819,0.851217393,0.954160383
LINS1,329.3671124,0.005439082,0.054753519,0.850974892,0.954160383
RWDD2B,361.9408187,0.004911986,0.056528505,0.85134204,0.954160383
TMEM167B,1542.644144,-0.006033613,0.042586221,0.851464912,0.954160383
ZFYVE16,2804.277182,0.005886199,0.048624497,0.851486366,0.954160383
ASB6,736.6089193,0.005798639,0.046446084,0.85175279,0.95436395
APOBR,11178.24022,-0.005922371,0.045578274,0.851932193,0.954475132
DGAT1,1419.829491,-0.005907796,0.046279832,0.852152359,0.954631959
E2F6,557.8424606,0.005526852,0.048946569,0.85233554,0.954747328
RABIF,526.5470569,0.005875305,0.049539215,0.852614238,0.954879822
TARBP1,737.4162884,0.005008183,0.056156463,0.852575011,0.954879822
TMEM80,698.752838,-0.006749107,0.047502035,0.852815566,0.955015456
DUSP7,1332.1808,-0.006140902,0.051201398,0.853174257,0.955327269
GOLGA5,1165.517949,0.005899238,0.047348222,0.853272575,0.955347504
PPP3CB,1628.31854,0.008041037,0.045811672,0.853389776,0.955388874
BEND3P3,63.11056785,0.003036304,0.060998308,0.853588595,0.955448603
P2RY1,547.9217417,0.005572587,0.049976998,0.853603641,0.955448603
CBY1,186.4198195,0.004783321,0.056991158,0.853850232,0.955455119
PLPPR2,168.7549208,0.003923905,0.059456459,0.853773362,0.955455119
SUPT3H,144.795923,0.003789864,0.059477031,0.853763183,0.955455119
ST20-MTHFS,275.0009107,0.005314106,0.054174286,0.853964642,0.955493333
DENND10,1037.901614,0.006125311,0.045586572,0.854197718,0.955496665
HERPUD1,2435.322819,0.003257636,0.046252843,0.854252036,0.955496665
JMJD7-PLA2G4B,381.9694073,-0.003989148,0.059391082,0.854288661,0.955496665
METTL8,475.2177308,-0.005259339,0.054120489,0.854164528,0.955496665
UBE2Q1,2558.096907,0.005608344,0.051329133,0.85440501,0.955537026
FCGR3A,21160.65841,-0.005634999,0.046751313,0.854672745,0.955567152
IL1R1,154.3447942,0.003596999,0.060443838,0.854571795,0.955567152
PARP11,441.8674454,-0.007155557,0.054304661,0.854650865,0.955567152
ACAD9,1342.835369,-0.005836022,0.042918736,0.85522271,0.955592207
CDC34,1548.195129,-0.005922178,0.039985152,0.854858463,0.955592207
CEP250,1881.832674,-0.005540923,0.049816562,0.854887188,0.955592207
DEDD2,1445.184582,0.005739859,0.040582505,0.855045738,0.955592207
PWWP2A,702.7539856,0.005693223,0.047843617,0.854990107,0.955592207
SEC16A,4919.538837,0.011332899,0.051861353,0.855257032,0.955592207
TUFM,6536.321167,0.00577681,0.041051623,0.855205252,0.955592207
MTR,2023.820932,0.005859694,0.045470379,0.855601705,0.955887603
ARMCX3,2000.212231,0.005652026,0.040006703,0.856801195,0.955930137
ATAD2,1286.009925,0.005746134,0.048303389,0.856660665,0.955930137
C1orf174,803.6726688,0.005346823,0.049082251,0.857536818,0.955930137
CAPN11,119.7130162,-0.003579402,0.060234458,0.856865987,0.955930137
CCAR1,3083.242621,-0.005685171,0.03721809,0.855983768,0.955930137
CLEC16A,1112.186563,-0.005238194,0.052632691,0.857487374,0.955930137
EARS2,538.5760192,-0.00561262,0.048540793,0.85649269,0.955930137
MKI67,6261.455225,0.005647296,0.039049875,0.857475041,0.955930137
NBPF19,2372.294745,-0.005700993,0.047264284,0.856388873,0.955930137
NINJ2,180.8972989,0.004165718,0.058889016,0.856330425,0.955930137
NOP10,2745.950511,-0.005813901,0.043617817,0.855949605,0.955930137
OGDH,4912.558307,0.005623504,0.039492675,0.856464798,0.955930137
OVOL1,136.4010399,0.003240446,0.06100896,0.857566893,0.955930137
PNISR,2913.823827,-0.005194574,0.037490304,0.85736074,0.955930137
RABEPK,852.2021289,-0.005611619,0.048626869,0.856087476,0.955930137
RHEB,3264.84377,-0.005668191,0.042897332,0.857300001,0.955930137
SLC47A1,144.5231169,-0.003514595,0.060419854,0.856409201,0.955930137
SMIM10L3,261.1211269,-0.005196625,0.054700645,0.856863433,0.955930137
STYXL1,553.4056474,-0.005573666,0.049195138,0.857505752,0.955930137
TEAD1,128.8913292,0.003292931,0.060735752,0.857020466,0.955930137
TM7SF2,168.5866138,0.004148795,0.058720347,0.856392667,0.955930137
USP6,80.34599638,0.003739283,0.059922126,0.856995456,0.955930137
ZNF12,664.3976451,-0.004643346,0.058057096,0.856692646,0.955930137
ZNF524,562.1418514,-0.005366711,0.05062194,0.856544852,0.955930137
PEX6,940.7332559,0.005570274,0.049323672,0.857936976,0.956074108
SPAG16,102.0486917,0.003681201,0.060113403,0.857797687,0.956074108
WBP4,638.5783357,0.005260197,0.053657345,0.857902617,0.956074108
NAP1L5,59.56578409,-0.003067923,0.061212119,0.85810216,0.956168684
KLHL15,458.0732924,0.005596727,0.050909836,0.858263571,0.956259037
COX10,682.2049062,-0.006353958,0.047571693,0.858504981,0.956265235
DDX10,512.2460196,-0.005114813,0.052972675,0.858610285,0.956265235
HOXB6,976.8207904,0.005741631,0.047486887,0.858481688,0.956265235
RPS20,12471.13544,-0.005591398,0.043841498,0.858670757,0.956265235
ZNF888,108.4890096,0.003882741,0.059501058,0.85853644,0.956265235
N4BP1,2379.793469,-0.005271579,0.050641276,0.858752827,0.956267178
RRP15,486.239651,0.004300785,0.058173797,0.859063454,0.956434156
TMEM150B,336.2287582,0.004787484,0.055772735,0.85899622,0.956434156
CSTF2T,956.8925626,0.005715329,0.046667991,0.859623958,0.95670031
MKNK2,2808.753502,-0.005506156,0.049081159,0.859537903,0.95670031
RAB13,9005.199548,0.007394644,0.048178093,0.859461443,0.95670031
SMG5,5273.027638,-0.005914551,0.037269461,0.859610715,0.95670031
KHSRP,10017.64307,-0.00527644,0.039720007,0.860156085,0.956809757
MRPS7,1789.474116,-0.005636205,0.043094744,0.860074025,0.956809757
NOL8,1330.095389,-0.005509241,0.047759957,0.860220111,0.956809757
PARG,746.1285221,-0.005619654,0.04906428,0.860117224,0.956809757
PHLPP1,457.648993,0.004880832,0.056727978,0.860284892,0.956809757
UBE3D,156.8100001,-0.003738215,0.059631697,0.859844678,0.956809757
ZNF445,599.877858,-0.004760229,0.056201313,0.859935241,0.956809757
FANCD2,630.0618419,0.004286581,0.058632349,0.860466282,0.956851846
NEDD8,3142.579596,-0.005930785,0.046096793,0.860557093,0.956851846
TMEM45B,63.52734221,0.003132582,0.061990282,0.860563857,0.956851846
TGDS,335.89315,0.005494353,0.053980822,0.861036876,0.957288383
FAM111B,368.0043166,0.00541788,0.05101393,0.861404801,0.957388755
FRAT1,293.5913082,-0.004857563,0.055036764,0.861363744,0.957388755
PHC1P1,79.84289162,0.003136404,0.061046718,0.861448832,0.957388755
TRAFD1,1703.092379,-0.005511072,0.047137889,0.861345289,0.957388755
ARF3,9346.552864,-0.006239932,0.037643027,0.861554869,0.957417223
NPRL2,391.121483,-0.004903883,0.054710688,0.861787334,0.957586169
IDS,5203.58123,-0.005509317,0.044160065,0.861911005,0.957634206
BAG2,248.2224128,-0.004646681,0.055676731,0.863025648,0.958248067
DIDO1,2251.568675,-0.00545282,0.042201033,0.862699541,0.958248067
GGA2,5270.305688,-0.005220074,0.050345599,0.86308425,0.958248067
KCTD21,383.6618139,-0.005062752,0.053442779,0.862585183,0.958248067
MBD2,2574.971125,0.004806072,0.051535675,0.862716518,0.958248067
RBM5,3406.553901,0.005302282,0.038307328,0.863249429,0.958248067
RNF145,4717.237461,-0.005594453,0.049885195,0.863283345,0.958248067
STARD3NL,1247.706792,-0.007144609,0.045829228,0.863200869,0.958248067
UTP25,639.3750473,-0.005024243,0.050073026,0.863148968,0.958248067
ZNF101,295.5884739,0.005012607,0.054304986,0.863348909,0.958248067
ZNF43,182.7897644,-0.003331545,0.06048395,0.863290024,0.958248067
GALK2,475.815311,-0.004562071,0.052645804,0.863864565,0.958307391
IMPDH1,2670.094541,-0.005583661,0.046412153,0.863884172,0.958307391
SPATA7,130.8129763,0.00383641,0.059241929,0.863596306,0.958307391
TNRC6B,1771.021475,-0.005267783,0.050715359,0.863489783,0.958307391
TRPT1,374.9693061,-0.005022299,0.053553022,0.863885336,0.958307391
UGCG,3786.216753,0.005465209,0.042393688,0.863778884,0.958307391
SEC61A1,8470.91591,-0.005279344,0.038149238,0.864076709,0.958341086
SPRYD3,1532.946148,-0.005214714,0.049938644,0.864074956,0.958341086
COA1,836.586948,-0.005499785,0.046075922,0.864399731,0.958520752
HTATSF1P2,140.3614806,0.004071616,0.058354893,0.864399046,0.958520752
MASTL,549.3648786,-0.005006211,0.052328012,0.864683906,0.958746568
ZSCAN22,139.9030514,0.004057379,0.05838661,0.865016772,0.959026325
LPAR2,407.2806308,0.003732255,0.059187192,0.865144706,0.959078846
HACD1,91.76689626,0.002796673,0.06153032,0.865346283,0.959212988
MYO5B,68.37573662,-0.002366726,0.061891239,0.865434359,0.959221306
BCL6,2961.194054,0.005397296,0.042028612,0.865569855,0.959280336
TSNARE1,244.339699,-0.003965722,0.057598771,0.865671064,0.959280336
ZNF383,296.6112095,0.004276815,0.057767446,0.865729351,0.959280336
UBAP2,1304.388264,0.005036311,0.043261556,0.86596797,0.959455438
CDIP1,1054.869594,-0.005450529,0.047193377,0.866307507,0.95950105
ICAM2,149.1027183,-0.0040009,0.058186229,0.86641212,0.95950105
NAAA,934.8859218,-0.005692103,0.045325166,0.866361274,0.95950105
PTPN12,5263.024493,0.006190961,0.049737083,0.866409795,0.95950105
ZBTB39,385.6905403,-0.004759895,0.054675381,0.866302157,0.95950105
ALG8,912.908564,-0.004995598,0.044502867,0.869246805,0.959699889
ATPAF2,1055.975902,0.005282011,0.046215794,0.867515016,0.959699889
BMPR1A,784.9017711,0.005330906,0.047280811,0.867456588,0.959699889
BNIP1,204.2370415,0.004140447,0.055888097,0.867696453,0.959699889
BOD1L1,3045.799685,0.005256612,0.046947907,0.869201336,0.959699889
CCDC82,1301.42872,0.004918533,0.052946383,0.868333533,0.959699889
CCNT1,859.2937865,0.004887899,0.050411169,0.867124352,0.959699889
CEP57L1,409.8736634,-0.004143012,0.056784241,0.867809969,0.959699889
CYB5R4,1334.423329,-0.005178311,0.047453171,0.869616861,0.959699889
DDX42,3624.969746,0.005135894,0.035065269,0.866738404,0.959699889
DUS3L,1093.915204,0.005269233,0.052268618,0.868579766,0.959699889
GGNBP2,2072.034622,-0.00583379,0.043859546,0.867170098,0.959699889
GTF2F1,3500.441968,-0.004126541,0.038854588,0.869544234,0.959699889
KDSR,1759.526099,-0.005026776,0.045034098,0.867484211,0.959699889
MCUB,907.41618,0.005168811,0.048209169,0.868964917,0.959699889
MED13L,1996.573414,-0.004817588,0.049922539,0.869300291,0.959699889
MED16,1260.695838,-0.004888056,0.053028119,0.869548472,0.959699889
NLRX1,1171.030996,0.005215385,0.046030911,0.868420901,0.959699889
PACRGL,216.0328043,0.004675197,0.056870161,0.866903974,0.959699889
PCGF1,442.9720457,-0.005540665,0.053694619,0.86902184,0.959699889
PERP,62.21877906,-0.003082554,0.060694196,0.869654969,0.959699889
RABGAP1,1529.532027,0.004793226,0.047904306,0.867635363,0.959699889
RNASEH1,1057.991803,0.0051895,0.049430007,0.867281579,0.959699889
SBF2,1408.078822,-0.004752418,0.053858787,0.868258304,0.959699889
SCYL3,374.1568118,-0.005208525,0.053740177,0.868769931,0.959699889
SLC35E1,2413.792722,-0.006103957,0.049545692,0.868768456,0.959699889
SMIM20,495.9959648,0.005223223,0.052928089,0.868822817,0.959699889
SPATA18,261.4333398,0.00416129,0.058295186,0.869079755,0.959699889
STON2,451.7385,0.004378014,0.055598494,0.869519516,0.959699889
TMEM177,97.41966727,0.003608741,0.059471786,0.868401296,0.959699889
TMEM231,179.9342185,0.003133174,0.060752981,0.867963558,0.959699889
TMEM86B,112.3770568,0.003024568,0.060906666,0.868278664,0.959699889
TMLHE,333.1690478,0.004470872,0.056003242,0.869015652,0.959699889
UCK1,1096.178409,-0.004544331,0.04649893,0.869471588,0.959699889
UQCC1,1064.948728,0.005289672,0.044965589,0.868486058,0.959699889
YTHDC2,822.7719217,-0.004848857,0.052043635,0.869203986,0.959699889
ZNF561,888.5871391,0.004061662,0.053003705,0.868929114,0.959699889
ZNF784,201.4441939,0.004567094,0.056484714,0.868223551,0.959699889
COL26A1,115.7117179,0.003339733,0.060294073,0.869792359,0.959708183
SRGAP2D,67.26100481,-0.002505976,0.061769982,0.869823713,0.959708183
EOLA2,476.0503173,0.005151253,0.049379383,0.87029807,0.960057155
ZNF471,68.17004347,0.002849004,0.061523478,0.870301287,0.960057155
SNX25,366.0277622,-0.004626672,0.054185446,0.870425883,0.960105637
TRA2A,1394.544528,-0.003739269,0.044415332,0.870753133,0.960377622
IFTAP,141.7112846,-0.003525049,0.0592242,0.870962439,0.960519485
ACTR8,974.3410466,-0.00533917,0.046996659,0.871191159,0.960567294
PATZ1,796.4291162,0.005140577,0.048760182,0.871119754,0.960567294
PPFIA1,3055.277071,-0.004146285,0.042385823,0.871247849,0.960567294
BAIAP2L1,61.7102591,0.002773054,0.06134594,0.871570532,0.960745109
CDKN1A,7098.886552,0.005010061,0.036632994,0.871507862,0.960745109
ZNF410,818.3500064,-0.004803011,0.048233788,0.871734721,0.960837132
NADK2,626.253819,-0.004923923,0.048866657,0.871843007,0.960867524
ARPC4,8291.465724,0.004827533,0.034421944,0.87195496,0.960901954
CDKAL1,331.0589367,-0.00479463,0.052915604,0.872045421,0.960912693
TMEM200A,183.3284029,0.003664702,0.058955388,0.872309252,0.961114451
ANKMY2,655.8553829,0.005031212,0.05110723,0.872510568,0.961158352
NMT1,4318.026242,0.005134928,0.043402918,0.872437415,0.961158352
RAB8A,2796.201193,0.004122629,0.044583798,0.872598895,0.961166714
THYN1,548.3968975,-0.004926781,0.050893264,0.872697571,0.961186473
DDX11L2,115.9561105,0.003395714,0.059756743,0.873002571,0.961203306
GOSR2,1481.431978,-0.005107062,0.042071772,0.872798843,0.961203306
PSMA3,1691.977046,0.005014855,0.050294819,0.873035812,0.961203306
ZNF138,66.51419876,0.002993428,0.060681876,0.872997236,0.961203306
ZNF486,124.1613477,0.002456346,0.060475728,0.873148583,0.961238569
DEPDC1B,287.6818177,0.004539705,0.054550271,0.873696256,0.961423442
DFFA,1175.680521,-0.005060439,0.049984639,0.873782574,0.961423442
KCNJ5,251.6695029,-0.003787512,0.058097385,0.873748445,0.961423442
MON1A,307.6518454,-0.004436231,0.0531822,0.873754244,0.961423442
PPOX,317.1581203,0.003735778,0.058482383,0.87388182,0.961423442
RASGRP4,180.1136663,0.003208386,0.060126386,0.87382927,0.961423442
SMARCAL1,922.3803195,0.005152371,0.046449833,0.873696367,0.961423442
PAPOLA,4794.439795,0.004779218,0.036580011,0.874187762,0.961671161
ZC3H10,475.9952772,-0.003905584,0.057558751,0.874484417,0.96190862
OIP5,121.2364613,-0.003492989,0.058904322,0.874761671,0.962124694
HDDC3,291.8409232,0.003721611,0.054116538,0.874862127,0.962146293
DALRD3,678.9926811,0.004852825,0.049943621,0.875673072,0.962248463
EPB41L1,748.1457516,-0.004665683,0.05152987,0.875363572,0.962248463
FSTL3,221.7792346,-0.003701638,0.058145102,0.875877709,0.962248463
GRK5,111.7348363,0.003434346,0.058662909,0.875597118,0.962248463
GSTM1,149.0346556,0.003865776,0.057509398,0.875039964,0.962248463
HILPDA,200.931011,0.004182255,0.05633785,0.875570156,0.962248463
HNRNPA1,18442.38854,0.005071941,0.043799678,0.875227108,0.962248463
ITGA6,5726.541398,-0.000712342,0.044690082,0.875212306,0.962248463
OLFML2B,1315.586869,-0.003487583,0.057419959,0.875771358,0.962248463
PLBD2,5939.948705,0.00481037,0.037015688,0.875800786,0.962248463
PPIP5K1,1169.208194,0.004809187,0.051919751,0.87560241,0.962248463
XKR8,654.4909407,0.004896519,0.05002847,0.875924955,0.962248463
CXCL16,10594.91424,0.005530006,0.044267586,0.876293514,0.962475716
GRIN2D,1741.901272,-0.004817413,0.049076339,0.876277679,0.962475716
NCKAP1,469.2726207,0.004194712,0.056968017,0.876520232,0.962635919
RAB8B,1940.587727,0.004807653,0.050399089,0.87663757,0.962675978
PILRA,2573.036059,0.004807146,0.050217829,0.876727092,0.962685485
APOBEC3F,190.3123053,0.003296451,0.060131703,0.877173902,0.962998461
XPO5,1358.142055,-0.004836609,0.047430603,0.877111955,0.962998461
AGTPBP1,666.3368539,-0.004816252,0.050478641,0.877291966,0.963024366
ANAPC15,638.2034345,0.00480662,0.050455667,0.878253559,0.963024366
ANKRD28,1379.13024,-0.005038373,0.049064655,0.877897359,0.963024366
DDX3X,11822.73424,0.004480733,0.035250871,0.878120678,0.963024366
MCM8,434.4106471,-0.003457444,0.049437043,0.878423251,0.963024366
NEGR1,76.73478702,-0.001611741,0.06279841,0.878238974,0.963024366
NHLRC1,70.01621476,-0.003087969,0.060159161,0.877360442,0.963024366
OR14J1,81.06992272,0.003000711,0.060522357,0.877890221,0.963024366
PRMT6,724.173855,0.004654019,0.052185639,0.878277669,0.963024366
RASA3,3170.658666,0.004442987,0.035568957,0.878491778,0.963024366
SCAND1,1630.520677,0.004887023,0.044622915,0.878239972,0.963024366
THOC3,1063.183371,-0.004106956,0.043250318,0.87838961,0.963024366
WDFY2,936.9454721,0.004678688,0.054921337,0.877687549,0.963024366
YY1AP1,1405.579538,-0.005686314,0.046935243,0.878334464,0.963024366
ZCWPW1,150.7052318,-0.003184668,0.059756028,0.877763838,0.963024366
ZNF620,75.81763035,0.002353148,0.061815955,0.878260106,0.963024366
CAPS2,69.26415706,0.002915512,0.060593071,0.879084683,0.963236166
GK5,383.8326604,0.004218883,0.055150772,0.878839171,0.963236166
NME1-NME2,64.86416885,0.002054924,0.062308462,0.878958286,0.963236166
PPP2R5E,1311.539652,0.006789729,0.045191217,0.879089537,0.963236166
SKI,7244.186681,-0.00345535,0.058988781,0.879051597,0.963236166
ZFAND5,7211.310726,0.004669557,0.037315592,0.879277068,0.963264332
ZNF671,212.5712284,0.003788604,0.057651386,0.879245171,0.963264332
ZNF516,820.3933419,-0.004170976,0.055819259,0.879374495,0.963282422
EIF1AXP1,96.57087362,0.003184319,0.05934474,0.879746007,0.963512071
TPH2,83.55669761,-0.002454556,0.061383253,0.879699597,0.963512071
DENND11,3391.983398,-0.004564738,0.038525405,0.880280947,0.964009261
COQ10B,709.4517668,0.00479079,0.049086845,0.88039037,0.964040412
RFC3,425.9158591,-0.004518971,0.054184122,0.880912232,0.964346631
URM1,1672.828884,0.004809852,0.047293571,0.880913029,0.964346631
ZNF292,860.9921369,0.004683545,0.050146312,0.880761876,0.964346631
PRSS23,90.26446628,0.0028654,0.060668303,0.881063143,0.96442228
GDF15,1196.44246,0.004649693,0.047731853,0.881242278,0.96450866
MEX3B,74.69180107,0.002990189,0.060501409,0.881406762,0.96450866
MXD3,428.0167535,0.003994535,0.056350551,0.881466125,0.96450866
MYL12B,4396.52537,-0.004360174,0.049556082,0.881418657,0.96450866
ARL2,739.5699022,0.004925918,0.047948618,0.881868731,0.964594565
HSPH1,2541.264657,-0.004692682,0.042460153,0.881672388,0.964594565
PKP4,431.3581859,0.004088212,0.055706211,0.881860025,0.964594565
RAD51,297.5274981,0.00636609,0.053820826,0.88173901,0.964594565
CAAP1,572.0593573,-0.004094477,0.052752133,0.882728675,0.965357788
PTCHD4,78.83842875,-0.002852716,0.060385625,0.882699247,0.965357788
ZNF337,364.9898493,0.004159323,0.053763189,0.882851172,0.965403069
USP20,832.8982902,-0.004541553,0.047716897,0.883059255,0.965541921
PLCB4,191.2285923,0.003203353,0.059486091,0.883202721,0.965610101
DCLRE1B,832.6077753,0.004545268,0.048898908,0.883420033,0.965758998
BLOC1S2,2169.562401,-0.004458681,0.050826756,0.883725202,0.966003906
APLP2,46691.06807,-0.003133285,0.027753999,0.884020095,0.966148832
KATNB1,669.7845777,0.004668028,0.047098958,0.883953257,0.966148832
CCNF,918.1189408,0.004258615,0.050643791,0.884468193,0.966306184
MCMDC2,161.7018844,0.00392868,0.058188308,0.884488743,0.966306184
SKP2,487.0761508,-0.003970798,0.053877151,0.884466281,0.966306184
TRMT10A,129.3447765,0.003218763,0.059280362,0.884315358,0.966306184
APAF1,762.6285864,-0.004594574,0.049375019,0.884863322,0.966626707
NBPF1,832.0301448,-0.004571589,0.047220767,0.884957999,0.966641433
PRDX2,1771.885709,0.004192766,0.042666289,0.885138122,0.966749481
GSTM3,156.7270454,0.003065114,0.059641275,0.885447407,0.966998567
ATE1,1046.288891,0.00395654,0.04789908,0.885547542,0.967019215
ECD,719.1095273,-0.005843852,0.048051124,0.886044416,0.967119181
ENOPH1,1060.032296,0.004491733,0.049144946,0.886111806,0.967119181
KCNF1,163.7007341,-0.003368709,0.058300942,0.88620774,0.967119181
MORF4L2,3220.77239,0.004043978,0.044026659,0.886128043,0.967119181
RIT1,1481.924103,0.004574278,0.042170102,0.886106163,0.967119181
RYK,664.1896987,0.004310521,0.054633631,0.885950434,0.967119181
UMPS,714.7803763,0.004373678,0.054319628,0.885845891,0.967119181
FUT8,834.3136031,-0.004185004,0.05235248,0.886447452,0.967251381
ULBP1,129.283461,-0.003441403,0.058245682,0.886491375,0.967251381
IGSF10,77.18685776,0.001660965,0.062534159,0.886841724,0.967456311
ZMYM3,2042.684433,-0.00458334,0.046588908,0.886834292,0.967456311
BRD4,4147.777385,0.004330468,0.045288819,0.886957661,0.967494132
ACAD11,474.9062019,0.004168087,0.056478313,0.887460597,0.967530926
C17orf75,212.0548412,-0.003674216,0.056403433,0.888410413,0.967530926
C19orf25,1016.275415,-0.004679385,0.04919403,0.887651858,0.967530926
CDYL2,131.6703338,-0.002432542,0.061085625,0.88804842,0.967530926
DNAJB9,850.490434,0.004285773,0.052005195,0.888291354,0.967530926
FZD7,187.012563,0.003653674,0.057370557,0.887289007,0.967530926
GOLT1B,1072.659078,-0.003747538,0.044297226,0.888551231,0.967530926
HS3ST1,1439.74315,0.003628444,0.057218611,0.887784208,0.967530926
IDH3B,2295.16235,0.004252735,0.036670609,0.887598044,0.967530926
ING3,410.2538012,-0.003875464,0.054578866,0.887737389,0.967530926
KLHL3,61.88804287,0.001725354,0.062669517,0.888534401,0.967530926
MICB,950.7443663,0.004528035,0.044549667,0.888616812,0.967530926
MRPL42,844.7504521,0.004453867,0.045713172,0.888062475,0.967530926
PCDHB1,65.06146005,0.002566356,0.060876584,0.888175492,0.967530926
RNF7,1775.803957,-0.004499962,0.042604164,0.887818261,0.967530926
RTL8C,2276.003529,0.004427052,0.047273922,0.888603547,0.967530926
SAP30BP,1572.903067,0.004685028,0.044300825,0.887250265,0.967530926
STAG3L2,84.97443223,0.002628785,0.060674689,0.888477901,0.967530926
TMCO6,434.3469019,0.003726378,0.056669245,0.887732291,0.967530926
ZFP90,555.1379959,-0.003364088,0.056965372,0.887937833,0.967530926
COX4I1,7833.315985,-0.007052864,0.046754996,0.888722501,0.96755751
ZNF25,292.0504305,0.003487552,0.057593657,0.889066022,0.967842995
FBXO22,817.968015,0.004306118,0.050740617,0.889317744,0.968028504
ACTR6,400.8176247,0.003783694,0.056306386,0.889456085,0.968090573
SRSF11,4465.858529,-0.003946285,0.033880035,0.889922643,0.968509833
ZNF736,198.0095228,-0.003091441,0.059195111,0.890047935,0.968557647
NOL3,135.5729845,0.003323034,0.057901458,0.89020673,0.968641909
BOLA1,144.2906022,-0.003287539,0.058386252,0.89030845,0.968664056
GPATCH3,741.648406,-0.004436317,0.047450088,0.890493487,0.96877684
SAMD10,155.4692503,0.003356818,0.058274063,0.89063119,0.968838114
ALG9,581.6521975,-0.004324878,0.04773617,0.89079437,0.96887826
VCP,10710.7827,0.003866288,0.040945875,0.890830863,0.96887826
CRACR2B,211.4206423,0.003479148,0.057418852,0.890950293,0.968919635
FBH1,1403.549995,-0.004455974,0.046955728,0.89108761,0.968957398
LRRC3,371.588419,0.004034717,0.0531682,0.891147799,0.968957398
COQ4,967.3228778,-0.00442578,0.043689326,0.891851471,0.968966563
EP300,5981.867457,0.004037406,0.043126091,0.89160609,0.968966563
FAIM,252.9560348,0.003773547,0.055206218,0.891996891,0.968966563
FAM110A,680.6115321,-0.004075493,0.052028437,0.892099715,0.968966563
FLT3LG,63.99305995,0.002528178,0.060856898,0.891836112,0.968966563
HPS6,973.0964538,-0.004697457,0.046271366,0.891771315,0.968966563
NHP2,1087.674303,0.004275126,0.043495309,0.891751253,0.968966563
PPP3CC,341.7868203,0.003849762,0.055326149,0.891338131,0.968966563
PRKCI,579.7030448,0.003242931,0.058427451,0.892132927,0.968966563
RBM23,1917.195674,0.003984611,0.045411771,0.891906858,0.968966563
ZNF821,347.9825087,-0.004018881,0.051761567,0.892067697,0.968966563
ZNF892,112.8963775,-0.002567358,0.060510036,0.892066443,0.968966563
DNAJC8,3210.981663,0.004082851,0.042420712,0.892461568,0.968969901
FIS1,2279.905104,0.004389417,0.04350023,0.892281047,0.968969901
INVS,426.6409049,0.003926376,0.053667937,0.892332888,0.968969901
ZNF585B,266.0026273,0.003001773,0.059247777,0.892382526,0.968969901
ZNF79,241.5540152,0.002987765,0.055605739,0.892574801,0.969004469
ATL3,1753.689719,0.004162679,0.044454046,0.892679041,0.969006683
BCAT2,690.9123154,0.004176104,0.050472165,0.892739631,0.969006683
PBDC1,1275.991185,-0.004157956,0.049373404,0.893088199,0.9690705
RPL8,23111.88221,-0.001466312,0.035311221,0.893008679,0.9690705
SCAF8,1323.937415,-0.004494376,0.044813355,0.893124025,0.9690705
SGO1,174.1355845,0.003151333,0.05857812,0.893001277,0.9690705
BTAF1,1820.855996,0.004812503,0.041779464,0.893721503,0.969366153
DDX18,1787.970117,-0.003963486,0.046920275,0.893681107,0.969366153
FBXO44,301.7255163,0.00377656,0.05520231,0.893759955,0.969366153
RAB11FIP4,743.3479389,0.00415115,0.050870291,0.893640188,0.969366153
TCEA2,299.4112425,-0.004674168,0.054209877,0.893857963,0.969366153
THBS3,1476.623524,-0.004175473,0.049029013,0.893885059,0.969366153
NUFIP2,4596.193687,-0.003711032,0.054965906,0.894027013,0.969431787
CEP162,202.8321661,0.003257238,0.057828205,0.894153708,0.969480865
CCDC34,235.7264752,-0.003393022,0.055707171,0.894617831,0.969698152
CDC27,1789.408121,0.003978331,0.052781311,0.894953264,0.969698152
ELAPOR2,154.4779681,-0.002516263,0.060384468,0.895327186,0.969698152
FMNL2,7504.16907,0.002271511,0.04005617,0.895228565,0.969698152
LSM8,970.5419808,0.002996861,0.055921837,0.89522668,0.969698152
NARS2,278.3446307,-0.003880932,0.053567481,0.895241067,0.969698152
PC,2297.787952,0.004174794,0.047814317,0.895233753,0.969698152
PRORP,714.7989758,-0.003868277,0.05252902,0.895331549,0.969698152
RBM48,336.9580918,-0.003579926,0.056671731,0.895047654,0.969698152
RCL1,377.524874,-0.003965163,0.051266653,0.894766316,0.969698152
SDHA,4575.559411,-0.003616583,0.034944339,0.89485082,0.969698152
TAF5L,1024.729471,-0.004399646,0.051701876,0.89470582,0.969698152
GPR35,361.5383607,0.003523935,0.056240407,0.895512124,0.969717285
WDR20,702.8359847,0.003996338,0.0518114,0.895442373,0.969717285
MUC21,178.8425115,-0.00328594,0.057444638,0.895827956,0.96971832
RNF5,1816.140202,0.003970484,0.049142419,0.895716428,0.96971832
SEZ6L2,868.8939723,0.00429693,0.046879452,0.895838898,0.96971832
TASOR2,1263.481845,-0.003962506,0.051767978,0.895654322,0.96971832
FITM2,299.3269268,-0.003894259,0.052737556,0.895948711,0.969749014
CRNKL1,985.834084,-0.003967406,0.050960887,0.896247562,0.969807965
SLC11A1,12874.28497,0.005025494,0.048980029,0.896196041,0.969807965
UBAC1,2052.705677,0.005142951,0.036382197,0.896232061,0.969807965
SAMD9,2564.694077,-0.003648166,0.054080709,0.896374776,0.969857467
CACNA1A,103.6807322,-0.002879836,0.059030137,0.896679079,0.970047908
GEMIN5,357.2682781,-0.003784899,0.053403743,0.89680963,0.970047908
METTL5,411.5887033,0.003885596,0.052735431,0.896876718,0.970047908
PSMA2,2101.557733,-0.003703998,0.04513552,0.896755707,0.970047908
ZBTB14,510.6823406,-0.003984365,0.050452269,0.897163262,0.97026968
UBE2B,1656.375775,0.00372811,0.054631916,0.897255,0.97028075
PCMT1,2087.527059,0.00419327,0.04330327,0.897445346,0.970310311
USP45,235.0260231,-0.003052905,0.058327483,0.897440146,0.970310311
L3MBTL3,166.0360497,-0.00261991,0.059897407,0.89761516,0.970405783
SEL1L,6001.105275,-0.003677891,0.053604268,0.897771472,0.970486641
PKD1P6,252.394152,0.003103349,0.058224931,0.898127444,0.970607046
RABL2B,833.4734937,-0.003910627,0.049866759,0.89802522,0.970607046
SPDYE1,59.1515231,-0.002329143,0.060808029,0.898061462,0.970607046
ACER3,4095.05987,0.003914751,0.03551631,0.898607581,0.971037783
MRPL18,967.7200633,0.004096512,0.043614535,0.898855661,0.971217702
TMEM150A,834.3277222,-0.00716499,0.046853575,0.899006905,0.971292967
JAKMIP2,439.7267931,0.003473255,0.055944172,0.899260757,0.971451635
PDE4DIPP2,211.924631,0.003203501,0.057358132,0.899316965,0.971451635
STK33,102.8992903,0.00242866,0.060499658,0.899455208,0.971512816
KIAA1586,156.7510591,0.002773617,0.059337765,0.899654995,0.971552315
NOTCH1,5773.264203,-0.003723219,0.052403808,0.899619394,0.971552315
HERC2P2,3258.033477,-0.003830405,0.048909827,0.899783821,0.971560154
KLHL5,2916.831457,0.004465732,0.048325511,0.899825473,0.971560154
POGLUT1,538.6812002,-0.003180582,0.054061984,0.899992145,0.971651989
ATRIP,357.8526877,-0.003363047,0.055529499,0.900130864,0.971656739
BOLA2-SMG1P6,394.4109127,0.003331921,0.055753896,0.900629017,0.971656739
CEP104,952.5093993,-0.003250621,0.053243998,0.900196053,0.971656739
EML4,8799.000293,-0.003688181,0.040663519,0.900373144,0.971656739
PPP3CA,2097.009832,0.003970444,0.040794433,0.900569088,0.971656739
SNRNP200,7446.32474,0.003955169,0.039529655,0.900724431,0.971656739
SURF1,903.8792304,0.004058941,0.045425718,0.900574904,0.971656739
TSTD3,211.7841058,-0.003491671,0.055255943,0.900731102,0.971656739
ZNF883,330.964724,0.003681649,0.053560882,0.900399315,0.971656739
ECH1,2968.403437,0.003465913,0.048616134,0.900945916,0.971767519
PLCD3,167.761432,0.002181396,0.061152075,0.90099705,0.971767519
AATF,1359.812933,-0.00381566,0.048740905,0.901286572,0.971986478
MICAL1,6259.381488,-0.002487736,0.045951481,0.901363353,0.971986478
PSMD3,4709.825407,-0.003494791,0.038258228,0.901473765,0.972017496
SIVA1,765.0661463,-0.003914084,0.049335034,0.901613682,0.97208032
TMEM33,2679.844247,-0.003958054,0.043479058,0.901712219,0.972098521
BEST1,1183.631324,0.00394288,0.046944737,0.901885749,0.972197559
SIKE1,716.2175044,0.003090919,0.057563586,0.901982133,0.972213426
CCNE2,138.2943791,-0.00278817,0.05871919,0.902371411,0.972280899
IFT70A,63.88086321,-0.002261238,0.060572809,0.902282466,0.972280899
NDUFA12,1022.357906,0.003781509,0.050545312,0.902280108,0.972280899
TEDC2,114.5711768,0.002320207,0.060322628,0.902348509,0.972280899
ENTR1,1053.983042,-0.003879724,0.047573728,0.902793659,0.972568116
GEMIN2,141.3744161,-0.00274932,0.058757663,0.902801365,0.972568116
ZKSCAN3,189.3277458,-0.002911919,0.056436743,0.90304789,0.972745668
TTLL4,3009.857294,-0.003873814,0.044196154,0.90317905,0.972798931
BCL10,795.5960081,-0.003643623,0.050810356,0.903350295,0.972807351
ZNF224,747.5515598,-0.003898526,0.049445849,0.903329261,0.972807351
RPS6KA4,3665.843887,-0.003893703,0.050334244,0.903519803,0.972901886
ECI2,869.0266735,-0.003688873,0.049843205,0.903731057,0.973041352
CCDC154,82.1561154,-0.001788666,0.061878917,0.903890899,0.973125443
MRPL45P2,72.16906826,-0.002327669,0.060386872,0.904005425,0.973160737
C1orf43,5249.598714,0.003068525,0.037295707,0.904252334,0.973266024
PRPSAP1,800.09778,0.003475848,0.050138726,0.904266736,0.973266024
ABHD17B,366.8749233,-0.003428875,0.053340479,0.906119389,0.973282809
AFG3L2,2784.902066,-0.003746651,0.042317706,0.905904844,0.973282809
BASP1,568.6076773,-0.003645099,0.050725626,0.906407939,0.973282809
CCT6A,4018.297231,0.003800499,0.044116138,0.905749729,0.973282809
CHRNA3,158.1137613,0.003013254,0.057270381,0.905473353,0.973282809
CHST12,995.6960019,0.003513629,0.052733043,0.906373848,0.973282809
CYTH4,7082.153695,-0.003557691,0.040432246,0.904754849,0.973282809
DACT1,97.03229834,0.002219208,0.060760142,0.905256297,0.973282809
DYNLT2B,118.8520552,0.000847707,0.058783042,0.905531274,0.973282809
GUCD1,3172.513757,-0.003778617,0.04452864,0.904532993,0.973282809
IMMP2L,89.28696001,-0.002439861,0.059799696,0.9054834,0.973282809
LY6G5C,71.57393664,-0.000619893,0.060340918,0.906373598,0.973282809
MBOAT7,2267.152237,0.0037487,0.048641213,0.905534485,0.973282809
MYRF,102.9664256,0.00267368,0.059035032,0.906112143,0.973282809
PAICS,1385.235105,0.003743735,0.051632963,0.905326938,0.973282809
PEX3,241.6164186,0.003166833,0.057358391,0.904831534,0.973282809
PHF23,2104.524192,0.00489142,0.041693742,0.90557005,0.973282809
RAB39A,221.0370108,0.003199373,0.055432918,0.906227852,0.973282809
SERPINB8,1498.164358,-0.003885988,0.046304823,0.904737602,0.973282809
SLC35G2,174.6016029,-0.002609508,0.058087831,0.904367475,0.973282809
TAF3,638.0380923,0.003898635,0.047128916,0.905775201,0.973282809
TRIM13,874.8991166,-0.003361745,0.049152968,0.90553027,0.973282809
UQCRC2,4050.782046,-0.004156489,0.042192646,0.905137809,0.973282809
VPS33A,1365.125378,0.002531745,0.047463656,0.905886763,0.973282809
WASL,533.9784406,0.00340848,0.049288545,0.906063194,0.973282809
ZNF37A,504.0345344,0.003246707,0.054519437,0.905958573,0.973282809
C17orf58,202.9295628,0.002984721,0.056837431,0.907024031,0.973344816
CTNNBL1,1555.110148,-0.003805969,0.048576705,0.90699883,0.973344816
KIAA0513,1131.137401,-0.004889357,0.049688435,0.907038,0.973344816
NOSIP,1142.103199,0.005727261,0.044441579,0.906912121,0.973344816
RIC8B,240.5631643,-0.002734538,0.058346293,0.907024104,0.973344816
SHANK3,180.2482223,0.001251543,0.063146613,0.906737027,0.973344816
SLX1A,1638.478067,0.009437745,0.048582368,0.906741532,0.973344816
DSN1,410.8017124,-0.003383781,0.053427395,0.907142555,0.973369277
PIK3R4,583.1423957,0.003433255,0.052669098,0.907355093,0.973509587
DENND2B,1819.803767,-0.003367338,0.053346488,0.907492648,0.973569431
EIF4H,8391.922272,0.003569817,0.030522558,0.907946807,0.973968889
BET1L,2169.282088,0.003709489,0.045876502,0.908172911,0.974044532
KARS1,3053.180893,0.003719026,0.045330858,0.908180958,0.974044532
IFT43,165.1046968,-0.002660731,0.058404551,0.908526907,0.974064556
NEMF,2189.470084,-0.003827147,0.044118989,0.908513021,0.974064556
PCYT2,697.6126199,0.003541663,0.050849513,0.908454195,0.974064556
TMEM134,588.3314145,-0.003393323,0.054971514,0.90841319,0.974064556
FLVCR1,280.5499222,0.002366448,0.060457751,0.909024917,0.974340159
IMPA2,183.3933518,0.00291332,0.057429615,0.909167615,0.974340159
LARP1B,320.6317513,0.003390219,0.057097033,0.9089285,0.974340159
TMEM107,386.8939508,-0.003445656,0.054018149,0.909138579,0.974340159
TYMS,2271.801483,0.003750642,0.044669265,0.909193182,0.974340159
CERS6,1989.580302,-0.003559041,0.041540043,0.90939448,0.974468162
SIPA1,5545.750661,0.003518559,0.05136785,0.90950166,0.974495299
TATDN2,2042.168996,0.00360493,0.042702089,0.909652119,0.974568798
ABCB8,1644.78611,-0.003601946,0.044686753,0.910596989,0.97460098
ADGB,74.44153873,-0.002125838,0.060431673,0.911096216,0.97460098
BAG3,1229.149091,-0.003299537,0.049963566,0.910154538,0.97460098
CEP55,824.8785679,-0.003241789,0.051729273,0.911039799,0.97460098
CLEC7A,11113.66241,-0.003797098,0.041368895,0.911081034,0.97460098
CTDNEP1,3768.257561,-0.003612577,0.045732909,0.909950877,0.97460098
MAP3K11,5570.309348,0.009401379,0.050558876,0.911216486,0.97460098
NFKBIL1,450.6704847,-0.003021801,0.055882158,0.910505154,0.97460098
NT5C3A,564.6484686,0.003102465,0.055113832,0.911192846,0.97460098
NUP107,1115.510145,-0.004009012,0.044696241,0.911122817,0.97460098
RCN2,819.5267308,-0.003402532,0.049998396,0.910765393,0.97460098
SCAMP3,2138.295714,0.003601401,0.041526521,0.910646983,0.97460098
SLC39A4,167.0880586,-0.002567815,0.058545884,0.91123759,0.97460098
SPECC1L,1794.629981,0.003643163,0.041618221,0.910082564,0.97460098
TIMM13,1908.530275,0.003615777,0.045961293,0.910291212,0.97460098
TMEM135,353.8250562,0.002338285,0.059725695,0.911197786,0.97460098
TVP23C,172.109004,0.002583497,0.058732876,0.911089871,0.97460098
UBQLN4,1736.116714,0.003675605,0.044432874,0.909935007,0.97460098
WDR1,14667.17872,0.00450418,0.038249756,0.911200359,0.97460098
RPSA,10756.59222,-0.003148415,0.035967003,0.911638184,0.974941842
CSE1L,1454.299779,-0.002618162,0.044047615,0.911764413,0.974989251
C1orf54,382.7926945,-0.003218145,0.053859989,0.91188825,0.975034096
GSTT1,276.9824189,0.00286008,0.057132738,0.91197185,0.975035911
BAAT,67.49154784,-0.002014932,0.060725106,0.912828672,0.97513427
C16orf86,59.77483184,0.001707344,0.06174616,0.91279915,0.97513427
GSTO2,72.74087296,-0.001824961,0.061069832,0.913315401,0.97513427
HSPA5,18553.75577,-0.002355782,0.044004429,0.913807575,0.97513427
IFT70B,123.982645,0.002472474,0.05916404,0.913137983,0.97513427
IL17RA,7529.932578,-0.003122624,0.050593366,0.912887249,0.97513427
ILVBL,1676.337281,0.003618358,0.043002764,0.912332362,0.97513427
LPGAT1,1953.204953,-0.003447135,0.046618813,0.913599698,0.97513427
MAB21L3,274.010911,0.002911174,0.056098982,0.913990673,0.97513427
MAPK12,535.1100447,0.003533689,0.053333828,0.913975579,0.97513427
MIER3,491.1618505,-0.002268165,0.059727915,0.912453762,0.97513427
NSD2,2590.848783,0.003591042,0.042502987,0.912825089,0.97513427
NSUN7,153.9464103,0.002230283,0.06088853,0.91298941,0.97513427
PRKAR2B,204.163062,-0.002556008,0.057503214,0.91328298,0.97513427
PTP4A2,5091.131391,-0.003339506,0.041216047,0.913371635,0.97513427
RAB5IF,4476.618012,-0.00239781,0.038283842,0.913931273,0.97513427
RAD52,293.5836876,0.002667746,0.057787742,0.913390549,0.97513427
SETDB1,1626.884295,0.003482487,0.04310056,0.913671819,0.97513427
SLC27A4,1448.56523,0.003331721,0.043436202,0.914029678,0.97513427
TAF6,1448.015147,-0.003792824,0.046518243,0.913914174,0.97513427
VAV3,999.3315231,0.003596617,0.053630177,0.912414461,0.97513427
XPNPEP1,2176.189157,0.003436817,0.04720227,0.913649129,0.97513427
XRCC3,550.8098704,0.003031796,0.052300786,0.913332729,0.97513427
ZNF333,474.7420533,0.003450413,0.050563906,0.912500049,0.97513427
DCAF8,3385.729004,0.00345468,0.044205104,0.914223815,0.975253989
DTX2,1897.755829,-0.00383847,0.047710737,0.914964487,0.975798731
GANAB,8342.327964,-0.003369626,0.043769741,0.91482599,0.975798731
KPNA2P3,205.3450699,0.002837173,0.055766352,0.914980364,0.975798731
LAGE3,636.2224301,-0.00287554,0.050973905,0.915459959,0.976222753
P4HA2,604.1776625,-0.002973014,0.051582897,0.915578037,0.976261221
CAST,5018.164731,-0.001370511,0.040074249,0.915952786,0.976456701
SEPTIN7,4119.894215,-0.002607021,0.03902112,0.916007428,0.976456701
TCP11L2,279.3751111,0.003120405,0.055448202,0.915917394,0.976456701
COL3A1,2145.720835,-0.002824701,0.056070052,0.91630531,0.976520433
RDH14,478.4004167,-0.003031081,0.049808295,0.916395319,0.976520433
TRMT13,329.7148235,0.002829388,0.056309136,0.916325644,0.976520433
VPS41,2736.781223,-0.003265721,0.047852414,0.916317497,0.976520433
NUDT5,1697.888467,-0.003370546,0.047128803,0.916503751,0.976548568
HSD17B8,74.99073967,0.002085369,0.060063547,0.91681215,0.976789748
LRP11,271.9962797,0.002411216,0.057730771,0.917115307,0.976875181
PCSK6,449.0099433,-0.002605168,0.05699614,0.91707704,0.976875181
SLC25A39,3215.367838,0.003224011,0.039539251,0.917138505,0.976875181
NUDCD2,720.3131135,0.00304597,0.053434341,0.917247981,0.976875927
PPP1R3D,395.3431371,-0.003082762,0.052842915,0.917346018,0.976875927
RAB1A,8251.555791,-0.003340659,0.042601446,0.917385373,0.976875927
TRIOBP,2300.240911,-0.001433168,0.045502641,0.917504566,0.976915469
SMG1P3,435.825187,0.002266512,0.059326714,0.917642587,0.976975049
ARL1,1706.515602,-0.003177884,0.048618559,0.917728809,0.976979475
ALKBH5,2101.645949,-0.002452897,0.041649807,0.919123581,0.977492076
CCDC162P,122.9918198,0.002063938,0.059042135,0.919133141,0.977492076
DYRK1A,1507.467564,0.003711763,0.047837774,0.918905385,0.977492076
ISCU,4276.45323,0.002141862,0.038453937,0.918766578,0.977492076
NCR3LG1,208.5131829,-0.002424856,0.058062875,0.918715681,0.977492076
PPFIA3,206.5567122,0.002305964,0.057914657,0.918809959,0.977492076
RAF1,2978.795745,0.003247343,0.043259847,0.919184749,0.977492076
RAVER1,1776.516708,-0.003182109,0.046950062,0.919145944,0.977492076
SLC27A5,159.5435734,0.00255671,0.058573177,0.918454374,0.977492076
SOS1,1511.679633,-0.00239694,0.046441311,0.919008117,0.977492076
ZNF512B,1112.550239,-0.003138767,0.049289188,0.919195615,0.977492076
ZNF75A,348.8131418,0.00284511,0.055703633,0.918586278,0.977492076
SGIP1,60.67510411,-0.001183019,0.062526256,0.919395315,0.977617115
EPRS1,6386.061253,0.003665824,0.041860272,0.919751449,0.97764104
ESF1,843.533745,-0.002260542,0.05288461,0.919826472,0.97764104
GPHN,280.2530296,-0.002508941,0.057599279,0.919828416,0.97764104
PFKFB3,2022.020154,-0.003128546,0.053909526,0.91980416,0.97764104
SLC25A45,364.0606711,-0.002762652,0.055202431,0.919687222,0.97764104
CES3,69.94365256,0.001837766,0.060826899,0.920237964,0.97778963
IFNAR2,1762.671225,0.003171008,0.044938372,0.92030313,0.97778963
LRP5L,112.439095,-0.002299877,0.059308166,0.920283774,0.97778963
MPND,952.2022617,0.003263385,0.046524419,0.920191506,0.97778963
PTPN18,3418.552262,0.003042195,0.041053726,0.920461015,0.97778963
PWWP2B,680.9418601,-0.003018969,0.051211406,0.920447093,0.97778963
DDX41,2659.109316,0.001713077,0.041599777,0.920666022,0.977832901
ICE2,735.2963267,-0.002266734,0.058652748,0.920625667,0.977832901
TMEM254,462.8310152,-0.002706509,0.055427555,0.92087546,0.977968096
ARID1B,2637.092522,-0.003416993,0.048098039,0.920965318,0.977976283
SERF1A,130.2220327,0.002288308,0.058534043,0.921048885,0.97797779
PIGCP1,100.6880969,-0.00200893,0.059690293,0.921211612,0.978063341
NFXL1,207.2816006,0.002479545,0.057408607,0.92140252,0.978178794
TMEM201,386.3843422,-0.002836874,0.054294091,0.921761298,0.978472426
LMTK2,531.8758557,0.003029772,0.051329179,0.921888711,0.978472516
RFXAP,105.0978172,0.001956827,0.060300784,0.921925763,0.978472516
OR2M3,438.7545061,0.003149633,0.051972382,0.922311215,0.97879435
TTC23,630.2535185,-0.002271933,0.053994069,0.922401474,0.978802883
CC2D1B,1973.069072,-0.003102014,0.048615668,0.922508305,0.978829
CCNL1,2559.368566,0.003161071,0.042654967,0.922750616,0.97891161
CNOT10,505.4561611,0.002768468,0.053170819,0.922742335,0.97891161
MPHOSPH10,750.9254637,0.003110174,0.049149528,0.92295484,0.979041021
SUGT1,1240.890603,-0.002598513,0.043990367,0.923111005,0.979119432
VDAC3,2117.665733,-0.003007484,0.043806904,0.923283785,0.979215453
KATNIP,820.1745892,-0.002546777,0.055139548,0.923619775,0.979397294
USP1,1166.982176,0.003035404,0.046408134,0.923592078,0.979397294
FN1,429630.7373,0.00303056,0.049531601,0.923847485,0.979551506
SPRYD7,473.2982946,0.002372315,0.054508317,0.923951305,0.979574342
ELK3,1641.217236,-0.003291515,0.041602519,0.924262372,0.979745489
GSTM4,1224.550351,-0.002975886,0.041211619,0.924277328,0.979745489
C15orf62,89.1703203,-0.001666161,0.060277767,0.924968721,0.979910957
NEMP1,1168.191649,-0.002946499,0.048482545,0.924913073,0.979910957
NUAK2,197.2120119,0.000610981,0.055960485,0.92490641,0.979910957
TMTC4,221.9669268,0.002156278,0.058991368,0.925009604,0.979910957
WBP11,2461.980962,-0.002392853,0.053832452,0.924607415,0.979910957
ZC3HAV1L,68.68521874,0.001744582,0.060843406,0.924804103,0.979910957
ZNHIT1,1609.822529,-0.002477212,0.038897993,0.924580039,0.979910957
ARMH3,1154.790174,-0.002981297,0.046476037,0.925211038,0.980033619
RBL1,520.3383636,-0.002607843,0.052650427,0.925290036,0.980033619
DDB1,7270.392405,-0.002885933,0.038817441,0.925545259,0.980059762
EIF5,4921.801474,-0.004185957,0.044663812,0.925434568,0.980059762
PGAP2,438.3645412,0.00319943,0.051378714,0.925615259,0.980059762
TPD52L2,6066.800203,0.001374905,0.033311215,0.925644012,0.980059762
BCL9L,2461.161363,-0.002175273,0.055971148,0.92606615,0.980085481
DNAAF4,286.5646682,0.002976875,0.055885855,0.926401686,0.980085481
ECHDC3,165.3562441,-0.002349179,0.056522722,0.926045597,0.980085481
ELP1,903.0695106,0.00176072,0.06087905,0.926458442,0.980085481
HMOX2,1597.560728,0.003361884,0.046498809,0.926491558,0.980085481
LENG1,291.2883248,0.002534916,0.055806319,0.926371669,0.980085481
OSBPL7,476.0128093,0.002086132,0.05903715,0.926136165,0.980085481
SLFN12,199.5460872,0.002604648,0.055955799,0.926314661,0.980085481
SMIM11,263.2505556,-0.002468709,0.05527673,0.926132385,0.980085481
TMEM129,1694.038646,0.003011896,0.043730129,0.925779704,0.980085481
ATF7,1223.132016,-0.002676195,0.050460957,0.926980366,0.980407729
MYEF2,76.28096618,0.001774727,0.060488571,0.927060748,0.980407729
RBM4B,386.6058935,0.002738049,0.051868743,0.927068492,0.980407729
TBC1D9,3262.122088,0.00273243,0.036765081,0.927125596,0.980407729
CLN8,2980.268265,0.002897899,0.048435711,0.92729641,0.980501267
NSD3,1918.767011,0.00296051,0.046926278,0.927595432,0.980529361
PIGY,695.8307308,-0.003037145,0.047632759,0.927652431,0.980529361
PYURF,695.8307308,-0.003037145,0.047632759,0.927652431,0.980529361
SDHAF2,631.320062,0.002548098,0.049493389,0.927579093,0.980529361
METTL25,143.1212536,-0.001443214,0.060341327,0.927855932,0.980570339
POLA2,702.0500832,0.002783245,0.049601591,0.927818957,0.980570339
TLR2,4098.307074,-0.00263911,0.051576998,0.92825611,0.980906177
ITM2C,692.5057638,-0.002277274,0.052488122,0.928853826,0.98101533
NOL7,1690.34921,0.003202106,0.044977154,0.928615681,0.98101533
PUDP,699.7528637,-0.000486995,0.04929946,0.928445026,0.98101533
RPL18,8685.072863,-0.002296425,0.03894516,0.928704993,0.98101533
TCEAL9,1396.549889,-0.002788265,0.047130929,0.928582912,0.98101533
ZMYND15,884.5732719,0.002809985,0.049960115,0.928794365,0.98101533
DNAH1,620.5821862,0.001967546,0.056963097,0.929027566,0.981111787
NUDCD1,422.3289222,0.002252034,0.053748398,0.929208148,0.981128426
PEX26,1704.903957,0.002553049,0.050950383,0.929190011,0.981128426
BLCAP,3471.004168,0.002950209,0.038145247,0.929479753,0.98119288
KLHL25,92.25381009,0.001777393,0.059414368,0.929655348,0.98119288
MTFR2,165.6938173,-0.002124411,0.05793955,0.929638631,0.98119288
PPP2R2A,1168.371258,-0.0027984,0.044192736,0.929681284,0.98119288
TTC32,98.25525427,-0.001610894,0.060309523,0.929476229,0.98119288
CASP8,1203.061451,0.00396465,0.045212315,0.930038712,0.981483101
GRB2,13987.10253,-0.002756489,0.042233527,0.930414275,0.981618393
IWS1,1672.873135,0.002781006,0.044634807,0.9303163,0.981618393
MRPL23,1118.120567,-0.003436906,0.042889819,0.930401515,0.981618393
CLUAP1,298.6108856,-0.002086835,0.057866703,0.930503147,0.981625163
ZNF468,304.4026179,-0.001966233,0.056326569,0.930755086,0.981803942
NUP160,1503.540224,0.002657237,0.049920299,0.930840004,0.981806525
NIPSNAP1,899.8554305,0.003046863,0.04709037,0.930960646,0.981846783
BRMS1L,303.0964135,0.002187491,0.057165402,0.931626269,0.981965109
CTNNAL1,443.3816855,0.002491738,0.053292968,0.93181519,0.981965109
LONRF1,278.8720428,-0.001996967,0.058303092,0.931407512,0.981965109
NIN,2621.097412,-0.002715206,0.045497977,0.931445035,0.981965109
NUCB2,419.7001814,0.002299415,0.056134662,0.931665145,0.981965109
SBDSP1,155.3913474,-0.001822933,0.059165271,0.931741968,0.981965109
TIE1,178.3674215,-0.001698555,0.059968865,0.931565591,0.981965109
UBN1,2632.9819,-0.002958373,0.040237983,0.931297689,0.981965109
ZFP82,165.9991061,-0.001946824,0.057117402,0.931403619,0.981965109
BUD31,1233.78426,0.002692509,0.04878599,0.932326845,0.982031997
CNOT2,1505.807323,0.00213145,0.047939862,0.932007114,0.982031997
PAXX,405.4342146,-0.002478861,0.053377797,0.932373596,0.982031997
RAP1GAP,88.10260921,-0.001424867,0.06047021,0.932294754,0.982031997
TDO2,3355.938003,0.002559341,0.052736053,0.932153437,0.982031997
VPS16,1278.615693,-0.00265259,0.044862842,0.932191367,0.982031997
BIN2,1648.876291,0.002932302,0.052258867,0.932511182,0.982090023
TRIM36,500.1083742,-0.002157097,0.056637304,0.932760749,0.982265964
FGD2,2812.725802,0.002440789,0.048583467,0.933075612,0.982510628
FAHD1,1006.439327,0.002569335,0.0420848,0.93320832,0.982545518
HDAC2,2696.721751,0.00261302,0.042779269,0.933273811,0.982545518
SAT1,15545.21753,-0.000667815,0.044427792,0.933405884,0.98259767
NME7,265.8149738,0.002168999,0.055413452,0.933579863,0.982607043
PHACTR1,825.926747,-0.002446318,0.051411027,0.933551705,0.982607043
SULT1A2,82.46748595,0.001560068,0.060519716,0.933709298,0.9826564
LRIF1,488.3242928,-0.00221859,0.050114782,0.933910001,0.98269388
THAP1,303.4217914,-0.002248919,0.055404525,0.933858987,0.98269388
ARRDC1,1182.150526,0.002708922,0.049854889,0.935254,0.98280509
CIZ1,2923.148875,0.002485083,0.039602261,0.935061694,0.98280509
COMMD2,878.7731486,0.002668416,0.053399616,0.935229507,0.98280509
EPSTI1,2478.780649,0.002399417,0.053687452,0.935248922,0.98280509
ESYT1,4545.515382,0.002784223,0.04221794,0.934388071,0.98280509
FMNL3,8497.103731,-0.002485503,0.03898992,0.93512095,0.98280509
GALNT7,1679.531298,-0.002677216,0.041792311,0.934331207,0.98280509
GPR89A,372.820168,0.002408769,0.055617766,0.934542665,0.98280509
HARS2,870.0130516,0.002737974,0.048957606,0.934500247,0.98280509
KRT79,345.7446598,0.002227889,0.057290079,0.934494251,0.98280509
MACROH2A1,12663.14683,0.002241265,0.035425372,0.935119353,0.98280509
NUP93,1361.468825,-0.002526949,0.047078108,0.93504873,0.98280509
PLEKHA4,72.45505705,-0.001279052,0.060760641,0.934926558,0.98280509
SIX5,98.68823213,-0.001694064,0.059669701,0.935152402,0.98280509
TRNP1,99.37788521,0.000652458,0.05957037,0.934507454,0.98280509
ALX3,94.91108999,0.001733015,0.059366056,0.936076692,0.982810812
DLEU7,211.1651902,-0.002022061,0.057126933,0.935613094,0.982810812
DNAAF10,252.1952032,-0.002158848,0.055816194,0.935384519,0.982810812
EXOSC10,2229.75034,-0.003097824,0.043668654,0.935779192,0.982810812
GSN,48122.88186,0.002775552,0.040901705,0.936217445,0.982810812
HPF1,324.7500081,-0.002082133,0.056143461,0.936197401,0.982810812
NOCT,101.1142686,0.001690554,0.059596281,0.935934987,0.982810812
NR2C2,1776.09824,0.003823031,0.059790172,0.936182493,0.982810812
PAFAH1B3,312.3572779,-0.00212017,0.053642727,0.936109641,0.982810812
SCAF4,1369.315704,-0.002594571,0.042443086,0.936250098,0.982810812
TOR4A,3250.761601,-0.000129667,0.046274841,0.935618713,0.982810812
TTL,2981.226959,-0.003040882,0.036216836,0.936062319,0.982810812
PET100,909.7522757,0.002579427,0.048196347,0.936342828,0.982821492
ATXN7,1021.153429,0.002488258,0.054571662,0.936751935,0.983117477
KIF14,603.1616004,0.002524544,0.047925103,0.936890916,0.983117477
MED19,292.3200539,0.002367996,0.05281234,0.936955136,0.983117477
MRPL10,1106.915463,-0.00201208,0.054333593,0.936899652,0.983117477
PHF1,1079.102401,0.002513419,0.048233678,0.937506237,0.983435699
PRADC1,619.4951371,0.002461854,0.049095426,0.93742212,0.983435699
RWDD1,870.4094091,0.002611937,0.048646643,0.93744927,0.983435699
HHEX,958.611193,0.002539387,0.043693441,0.937714953,0.983567975
TADA2B,1290.84331,0.002597987,0.045005619,0.937827207,0.98356918
TMEM181,1351.832463,0.001020562,0.047720278,0.937881339,0.98356918
CICP27,168.857186,0.001899768,0.057873207,0.938014233,0.983621901
TMEM217,106.4184487,-0.001581391,0.059779784,0.938108063,0.983633652
ATP1B3,6730.626876,-0.00242916,0.046203722,0.938286065,0.983647024
BRD2,7385.255266,-0.002365899,0.04411989,0.938278128,0.983647024
HNRNPA2B1,23732.6101,-0.00338328,0.040989029,0.938553822,0.983656644
PRRC2A,9544.328783,0.002181616,0.042052204,0.938634021,0.983656644
SF3B4,2046.873339,0.002457321,0.043090906,0.938636477,0.983656644
TIPRL,1014.108,-0.002392034,0.048792488,0.938434829,0.983656644
TSPAN33,1422.93787,-0.002147942,0.050373584,0.938790995,0.983656644
ZNF250,148.2649619,-0.001550576,0.059781092,0.938774891,0.983656644
GTF3C2,2388.351027,-0.004888391,0.04436434,0.939173606,0.983970938
FCGR2B,479.9000014,-0.00173746,0.059064158,0.939256723,0.983971426
PRKAG1,1550.743054,-0.002450686,0.043467115,0.939373128,0.984006783
MTFR1L,1310.153337,0.002361471,0.050400812,0.939674448,0.98414923
RABL6,4278.256077,0.002393015,0.042761304,0.93963592,0.98414923
SLC25A12,439.2605796,0.002361327,0.05478814,0.939991033,0.984273161
USP36,1720.187058,-0.00229753,0.045871143,0.939912434,0.984273161
USP48,1297.526059,0.001114001,0.048951401,0.94004081,0.984273161
PDRG1,656.3382212,0.002257444,0.048995768,0.940256739,0.984412671
ACP3,274.6449607,-0.001745002,0.057823574,0.940860933,0.984421881
AMMECR1L,940.9822423,-0.002283743,0.045732683,0.940905559,0.984421881
C9orf78,1750.497963,0.002301926,0.046029347,0.940797642,0.984421881
CD63,25515.39252,-0.000810385,0.041383992,0.940927055,0.984421881
GPN1,1019.39066,0.002404862,0.04545215,0.940769903,0.984421881
SOCS2,222.3832042,-0.001772221,0.057891364,0.940476248,0.984421881
UBA5,1156.871083,0.003809919,0.044066145,0.940662572,0.984421881
ZNF398,441.5273972,0.002393152,0.055742289,0.940660668,0.984421881
ADCK5,364.5622225,-0.002089944,0.054068737,0.941232461,0.984627541
CDKL5,215.9168038,-0.001886244,0.056456889,0.941537163,0.984627541
LRRC45,407.1652844,-0.002057002,0.054800947,0.941516148,0.984627541
MLXIP,3790.21198,-0.002100675,0.049369474,0.941433506,0.984627541
VPS39,2990.287502,-0.003818714,0.047446117,0.941498091,0.984627541
RBM28,957.283689,-0.002103264,0.053238035,0.941636541,0.984644973
ANG,88.94991541,-0.001582935,0.059564855,0.941861387,0.98479359
FAM20B,1319.690954,-0.00233912,0.042323572,0.942622863,0.984826453
FGD3,672.6818396,0.002795428,0.055763082,0.94258155,0.984826453
LYRM1,206.8363797,-0.0023873,0.057204276,0.942502253,0.984826453
PPME1,748.0849441,0.002222392,0.046864638,0.942307974,0.984826453
STUM,125.821168,0.00120139,0.061531154,0.942458543,0.984826453
SUCNR1,2000.233024,-0.002194867,0.047908309,0.942637331,0.984826453
TMEM147,1590.305401,0.002268038,0.046170581,0.941995128,0.984826453
TMEM67,152.7462184,0.001928757,0.05716415,0.942456349,0.984826453
TSEN34,443.8982986,0.002204456,0.05133496,0.942155827,0.984826453
MYNN,282.894642,-0.001645735,0.05838095,0.942882934,0.98491018
RGMA,77.27557945,0.001092539,0.061865883,0.942841954,0.98491018
AGAP4,246.623196,0.001797879,0.056906905,0.94367425,0.985168865
CASTOR1,115.4424023,0.001589754,0.059033112,0.943508639,0.985168865
CLN5,1338.393672,0.000200228,0.04875701,0.943222065,0.985168865
EI24,1887.827756,-0.000709167,0.042911158,0.944040858,0.985168865
IPO13,1700.29929,0.002293559,0.043892524,0.943624431,0.985168865
RFX5,1547.224693,-0.002248762,0.043879858,0.943961594,0.985168865
RPS16,11010.11108,-0.00204133,0.043409986,0.943846219,0.985168865
SGSH,2536.888909,0.002148879,0.052379218,0.943486206,0.985168865
SYTL4,102.1263966,-0.001436356,0.059560861,0.943950774,0.985168865
TRAPPC10,3330.315405,-0.001832747,0.043472633,0.943720152,0.985168865
ZNF223,165.2135161,-0.001542264,0.059263148,0.943889095,0.985168865
MSANTD4,545.4556131,-0.001909476,0.04999778,0.944440553,0.985466529
TRIM14,3400.103611,0.000979053,0.049657732,0.94449165,0.985466529
A1BG,404.3224914,0.001690988,0.053743865,0.944630396,0.985492372
ADD1,4607.788435,-0.002118861,0.039511189,0.944799296,0.985492372
AKAP3,104.0732208,0.001358335,0.060433671,0.944752742,0.985492372
RIF1,1559.05327,-0.002197497,0.044251292,0.944884901,0.985492372
TMEM182,169.2387991,-0.001622788,0.057765723,0.944930317,0.985492372
ADA2,1926.813784,-0.002155596,0.046509196,0.945308554,0.985743125
LYSMD3,654.7199299,0.002062382,0.053321695,0.945419151,0.985743125
WHAMM,928.4056327,0.002339975,0.043871074,0.945367531,0.985743125
GLUL,18744.64647,0.002062761,0.046648301,0.945576439,0.985820782
PORCN,169.7774053,-0.001627301,0.057439263,0.945741374,0.985906397
MRRF,825.9319947,-0.002166143,0.052465318,0.946029027,0.986028248
TFEC,5194.387557,0.00208028,0.04411734,0.946106735,0.986028248
TJP1,747.9828056,0.002105166,0.049663253,0.946083228,0.986028248
ZC3HC1,341.4214832,-0.001788691,0.05710149,0.94644163,0.986290931
EVI5,797.3350404,-0.001910699,0.05155672,0.946973516,0.986603586
GSDMD,1150.222474,0.001783074,0.042370238,0.947150323,0.986603586
HSPE1-MOB4,98.08354541,0.001173866,0.061118646,0.947156017,0.986603586
HYCC1,926.6467036,0.001785534,0.056006333,0.946835987,0.986603586
SUPV3L1,682.9259755,-0.001264912,0.055135808,0.947018453,0.986603586
ERVW-1,268.4692924,0.001787678,0.055026464,0.947276222,0.986642469
RFFL,1299.416016,0.003882876,0.046942929,0.947506727,0.986719618
TNRC6C,207.1991037,0.001267042,0.060563106,0.947516058,0.986719618
XPNPEP3,515.731241,0.002218366,0.051312878,0.947635841,0.986758042
ZBED4,1089.663007,-0.002772477,0.042865814,0.947999678,0.987050565
AGER,186.6021388,0.001617828,0.056860082,0.948185916,0.987074564
SLC7A6,1684.795815,0.002222566,0.049461764,0.948210448,0.987074564
ZNF570,145.3247704,-0.001495733,0.059371002,0.948271465,0.987074564
SMC6,911.0301711,-0.001804863,0.050774847,0.948450523,0.987174635
HNRNPA3,8434.374648,-0.004460775,0.045761118,0.949096381,0.987605106
S100A1,156.32426,-0.001422079,0.058886865,0.949112979,0.987605106
SIRT5,419.36648,0.00183591,0.054341188,0.949098136,0.987605106
CASP8AP2,586.7827961,-0.001773964,0.049091652,0.949388453,0.987805413
DNAH17,89.03946861,-0.000866482,0.061730969,0.949553184,0.987890471
ALKBH4,288.3307408,0.000835224,0.054246225,0.949696552,0.98795329
ACOX1,3314.269767,0.003032938,0.04321372,0.95028538,0.988052999
BCL2L2-PABPN1,248.7936979,0.001569625,0.05826298,0.950615823,0.988052999
CDC42EP3,522.3364706,-0.00136177,0.056298526,0.95156159,0.988052999
CDK5RAP1,730.5094167,-0.001793224,0.051537626,0.9514715,0.988052999
COG8,787.1117002,-0.001861714,0.046274129,0.950301236,0.988052999
COPS9,760.0376636,0.002156834,0.047075735,0.951356546,0.988052999
ENTPD7,434.598679,0.001748888,0.053824785,0.951841305,0.988052999
FAM83D,207.4179954,-0.001600654,0.056614514,0.949924657,0.988052999
HS3ST3B1,456.0125306,0.001770021,0.052904468,0.951969214,0.988052999
JOSD1,1788.187859,0.001547713,0.041982136,0.950840152,0.988052999
MKRN2,1205.513783,-0.000510838,0.048038828,0.951203872,0.988052999
NRDC,4289.688801,0.002582848,0.039640977,0.950388966,0.988052999
PDGFRA,65.88821486,-0.000922987,0.061165829,0.952069622,0.988052999
POLR1H,236.7594327,-0.001581677,0.05531431,0.951907552,0.988052999
SCFD2,453.2095948,-0.001675354,0.051934715,0.951835064,0.988052999
SMCO4,1039.358591,0.001834971,0.051498753,0.952030582,0.988052999
SMIM27,115.4197804,-0.001246002,0.05941268,0.950432264,0.988052999
SPAG7,1653.743072,0.002158196,0.039426922,0.950216908,0.988052999
TASP1,139.6732014,0.001490165,0.05831166,0.950515378,0.988052999
TUBG2,432.4719499,-0.001860298,0.053011762,0.951208466,0.988052999
UBB,20052.7223,0.001901918,0.038308029,0.952037477,0.988052999
UBE2I,3624.383159,-0.001945172,0.044939966,0.952116254,0.988052999
VPS33B,559.2044084,-0.001690623,0.050870765,0.95179536,0.988052999
ZBTB44,1059.198713,0.001880678,0.05297431,0.951545499,0.988052999
ZNF114,93.28232211,0.001088547,0.061069271,0.951415614,0.988052999
ZNF141,435.2331168,0.002100089,0.055589876,0.950095201,0.988052999
ZNF35,204.3932735,0.001708141,0.056506234,0.951688567,0.988052999
ZNF619,178.5042481,-0.001295378,0.059149895,0.950777279,0.988052999
DACT3,127.3591108,-0.001357188,0.058379287,0.952232816,0.98808783
DCTD,2222.650629,0.001860155,0.047278817,0.952616198,0.988127603
ID1,501.8231972,-0.00147424,0.055099432,0.952724762,0.988127603
SAV1,1772.374399,0.002933412,0.039753429,0.952707975,0.988127603
SLC66A2,2714.741759,0.000313131,0.043547906,0.952769152,0.988127603
USP3,1249.83379,0.001909546,0.047696183,0.952483526,0.988127603
ZNF180,187.3118098,0.001498523,0.057843763,0.952553065,0.988127603
TOM1L2,762.2021364,0.001323394,0.057053608,0.952947383,0.988226358
BTBD10,792.806939,-0.001793949,0.047090536,0.953119715,0.988232904
MTUS1,1355.867922,0.001241727,0.046972892,0.953041149,0.988232904
RPL36AP37,987.1667291,0.001880608,0.052226317,0.953218836,0.988249608
REEP6,129.6618936,-0.001335057,0.058381427,0.953490336,0.988445006
USP25,2576.661801,-0.001813351,0.044015132,0.953754731,0.988633006
TMEM161A,478.8136967,-0.0017105,0.054047695,0.953875262,0.988671861
ACP1,1955.362019,0.001791609,0.044586702,0.954277682,0.988729098
C1orf226,142.485967,-0.000996457,0.058445103,0.954345742,0.988729098
DGKZ,5197.294638,-0.001955926,0.043406237,0.95421312,0.988729098
PAQR7,265.3417526,0.001600493,0.053891651,0.954101053,0.988729098
WARS2,275.7669031,-0.001566792,0.054931886,0.954218338,0.988729098
ABCF1,2984.110202,-0.001901367,0.049997733,0.95977056,0.988796472
ACAA1,2469.969582,0.00268385,0.036988981,0.956998099,0.988796472
ARGLU1,3191.13803,-0.001821621,0.04884169,0.959938373,0.988796472
ATP5PO,2653.312324,-0.001668873,0.04371562,0.95722766,0.988796472
AZIN2,280.381861,0.000998835,0.060640119,0.958290777,0.988796472
BTN2A2,155.4902728,-0.000914918,0.05664209,0.958583736,0.988796472
C8orf58,349.3232792,-0.001527554,0.052026137,0.956856004,0.988796472
CAPNS1,7281.015453,-0.001684161,0.043012802,0.95860608,0.988796472
CCDC91,650.7070323,0.001673526,0.053688592,0.954624498,0.988796472
CDK12,2144.183742,0.000914408,0.043162925,0.960044501,0.988796472
CES1,284.8804779,0.001278616,0.058827248,0.957279074,0.988796472
COL5A2,202.3860841,-0.001026082,0.059743675,0.958942677,0.988796472
DARS1,1694.124375,-0.001575769,0.046711634,0.960139149,0.988796472
ECE1,312.0134559,-0.001993948,0.053483748,0.958058501,0.988796472
ELOB,3547.762088,-0.001375081,0.038941899,0.960085714,0.988796472
ERCC6,723.1297241,0.001502708,0.053795263,0.959292777,0.988796472
FHL3,1357.296464,0.001848514,0.04514231,0.956518998,0.988796472
GFER,722.3733349,0.001168746,0.057310692,0.957292132,0.988796472
GIN1,151.417195,-0.001028668,0.059924116,0.958188235,0.988796472
GLRX5,1399.606988,0.001736203,0.041781149,0.958395947,0.988796472
GMIP,6513.868112,0.001304312,0.042309114,0.956964366,0.988796472
GON4L,1104.001281,0.001824532,0.04523135,0.955025827,0.988796472
GPATCH1,320.6777038,0.001601306,0.054126728,0.956160671,0.988796472
GSTZ1,581.4035405,0.001871101,0.049993553,0.955519018,0.988796472
GTF3C6,1562.595807,0.001686976,0.05100711,0.958186236,0.988796472
HAT1,1186.18172,-0.001607763,0.045841467,0.958766726,0.988796472
HK1,7074.682043,-0.000881799,0.04139607,0.955252364,0.988796472
INTS13,695.0231682,0.001733115,0.052305334,0.9593017,0.988796472
KCTD18,607.9921216,-0.001453767,0.0513896,0.957565522,0.988796472
KIAA0753,442.3229825,0.001354229,0.055128163,0.95985566,0.988796472
LASP1,17645.53046,0.000832316,0.036903346,0.955492785,0.988796472
LSP1P4,73.57774605,-0.000934132,0.060392567,0.959481601,0.988796472
MIGA2,822.7829442,-0.001528808,0.051429776,0.957739963,0.988796472
MOAP1,1331.636438,-0.001804938,0.042045165,0.954667217,0.988796472
MRPL28,1141.902027,0.001459919,0.044407804,0.959691369,0.988796472
MRTFA,2770.629509,0.00169808,0.047309174,0.956325518,0.988796472
NAT9,940.0686213,0.001544098,0.05002496,0.959498542,0.988796472
OSBPL6,98.57207251,0.000961646,0.06120465,0.956317964,0.988796472
PAM,569.9612918,0.001923574,0.053624081,0.960224532,0.988796472
PCYOX1L,359.4201177,0.001377007,0.054765333,0.956390467,0.988796472
PDXDC1,4056.801715,0.003110347,0.0411618,0.960214421,0.988796472
PEX10,598.7914179,0.001462353,0.052550433,0.958192482,0.988796472
PLD3,52068.83022,-0.010521085,0.044029144,0.958071523,0.988796472
PLS1,59.64032346,-0.000730351,0.062406189,0.957894791,0.988796472
POMP,2917.782149,-0.003520068,0.050473335,0.959789718,0.988796472
PRMT3,383.8889811,-0.001457066,0.052263946,0.956223552,0.988796472
PRPF40B,111.4205073,0.001175199,0.0608009,0.954652406,0.988796472
PSMB10,2284.91022,-0.001299563,0.039034764,0.956250735,0.988796472
PTGER2,217.2876655,-0.001265227,0.057230816,0.959842601,0.988796472
RBBP4,2503.420624,-0.001670884,0.044379853,0.957281227,0.988796472
RBM42,2781.872498,0.001506443,0.047007022,0.96022478,0.988796472
RPS10,7944.461197,0.001701711,0.03978304,0.955620982,0.988796472
S100A4,12147.91583,-0.001126718,0.046226941,0.957964867,0.988796472
SF3B2,5428.258045,0.002337069,0.043480127,0.959962103,0.988796472
SHLD2,935.8827635,-0.001078785,0.04731012,0.958907575,0.988796472
SKA3,253.5124391,-0.000958859,0.059518092,0.957456357,0.988796472
SLC12A5,434.5751829,-0.001562156,0.051645789,0.958855348,0.988796472
SLC35F5,3243.940862,-0.005540134,0.046928521,0.957562847,0.988796472
SNRNP40,817.8425571,-0.001468373,0.048244959,0.958957995,0.988796472
SYAP1,1541.251695,-0.001311018,0.051859096,0.957607983,0.988796472
SYNPO,77.92810078,-0.000976199,0.060787058,0.956278516,0.988796472
TMEM115,1521.727665,-0.001590307,0.042785409,0.957345015,0.988796472
TOP1,3136.946727,0.001719734,0.04270653,0.955552221,0.988796472
TSSK4,87.8745855,0.001096583,0.060548042,0.957324143,0.988796472
TVP23C-CDRT4,159.3868675,0.001140012,0.05988047,0.956954576,0.988796472
UBP1,2365.503397,0.001494839,0.041741376,0.956290626,0.988796472
ZNF140,303.3875246,-0.001815532,0.054050505,0.958587827,0.988796472
ZNF19,70.58799831,-0.000954008,0.060412668,0.959736345,0.988796472
ZNF2,171.1660798,-0.001495833,0.058784844,0.95646508,0.988796472
ZNF583,98.57595792,-0.00073967,0.06215454,0.955882733,0.988796472
MOCOS,95.48436234,0.000858285,0.061308168,0.960394194,0.988811068
ZC3H12D,557.50728,-0.001503575,0.050801839,0.960405072,0.988811068
ANKH,5155.532746,-0.00914833,0.046349964,0.962590413,0.988861789
ARL2BP,1526.664747,-0.001435405,0.044102215,0.961835255,0.988861789
ARMC5,609.3034087,0.001241519,0.05308705,0.962052345,0.988861789
BAZ2B,2090.631545,-0.001437404,0.042997857,0.96197484,0.988861789
CAMK2B,551.8722491,0.001322318,0.053571863,0.961279935,0.988861789
CCNQ,507.8767607,0.001567483,0.04900708,0.963527657,0.988861789
CHKA,1006.489529,-0.001826177,0.048295777,0.963137587,0.988861789
CTPS2,414.5922402,-0.00131195,0.051976161,0.961715548,0.988861789
CYP3A5,149.0977223,0.001489126,0.058151485,0.962678778,0.988861789
GMEB1,702.0480687,-0.001494941,0.050568945,0.961542858,0.988861789
HDAC8,611.9509266,-0.00138975,0.051190484,0.96106302,0.988861789
HERC2P10,67.73367848,0.001186549,0.060909177,0.960920861,0.988861789
HSD11B1,250.0623441,0.001005338,0.05941343,0.962834376,0.988861789
IMP3,1318.107468,0.000646422,0.043262708,0.963131157,0.988861789
KYNU,2259.981394,0.00162143,0.047672573,0.963025873,0.988861789
LCP1,28607.22612,-0.001391447,0.043758287,0.963471999,0.988861789
LIMD2,4057.305482,0.001482105,0.042395975,0.961870317,0.988861789
MED28,1535.323838,0.001198594,0.054716484,0.961674476,0.988861789
MPDU1,1990.764655,-0.001323537,0.04479224,0.96116547,0.988861789
PGBD5,5445.016802,-0.002403815,0.044774026,0.960857211,0.988861789
PLOD3,4198.472886,-0.001502048,0.043824689,0.961723291,0.988861789
POLDIP2,2718.877557,-0.001574785,0.03791024,0.963317954,0.988861789
PPP1R3B,331.5755641,-0.001229504,0.052417994,0.963489905,0.988861789
PTCD2,246.2332708,0.001176126,0.058641662,0.963077648,0.988861789
SIRPB1,1115.139092,-0.001141996,0.053250831,0.962317214,0.988861789
SMARCD2,2074.516864,0.001599138,0.041871467,0.960585079,0.988861789
SNHG33,167.8803476,-0.000993043,0.056246948,0.961863577,0.988861789
STARD5,155.409173,-0.000983555,0.059205065,0.962708032,0.988861789
TECPR2,893.6343375,-0.001263104,0.055293601,0.96290805,0.988861789
TGOLN2,12652.32748,0.00140457,0.036558191,0.963344441,0.988861789
TMA7,2308.596736,0.004133079,0.047081016,0.961022752,0.988861789
TSG101,1377.816056,0.001721017,0.044490429,0.962244404,0.988861789
TXNDC9,509.000331,-0.001390172,0.05107929,0.962761925,0.988861789
ULK4,241.7190835,-0.000951108,0.05990062,0.961401187,0.988861789
VILL,134.5744026,-0.001045692,0.058743423,0.962309745,0.988861789
VWCE,86.73670888,0.00098273,0.060389498,0.961639798,0.988861789
ZCCHC10,468.4288048,-0.000967308,0.052000278,0.96129498,0.988861789
SRPRA,4237.176298,-0.001365665,0.038983019,0.963763652,0.989018729
VIRMA,1333.220736,-0.001149028,0.053360917,0.963921125,0.989095069
GGT1,80.48460142,-0.000654316,0.061658639,0.964404912,0.989335672
MBD6,2759.588248,-0.000846687,0.052835031,0.964333183,0.989335672
SULF2,123.1860263,0.000656621,0.062038582,0.964392042,0.989335672
POC5,205.8981854,0.001356348,0.0568653,0.964635511,0.989486969
CIT,1115.918638,0.001349024,0.052702061,0.964985736,0.989536266
ELP6,580.9190358,0.00139845,0.04875496,0.96507375,0.989536266
HEATR5B,1227.763131,0.001424005,0.049191626,0.964847825,0.989536266
METTL6,339.2371174,-0.001126105,0.056008133,0.965099167,0.989536266
TAMM41,218.3268066,0.001192989,0.05633781,0.964922189,0.989536266
CEP78,495.7300321,0.001556386,0.051144762,0.965230434,0.989570201
CSDE1,13984.56845,0.001455303,0.040674568,0.965298509,0.989570201
ATP5PF,1663.316545,0.001370321,0.048448369,0.965539057,0.989716803
IGF2BP1,4652.879832,0.00219847,0.049484774,0.965607784,0.989716803
PDP2,548.5568659,0.001126247,0.057501285,0.965906823,0.989881001
ZNF718,104.2373345,0.000836159,0.059196288,0.965934279,0.989881001
EGR2,2808.341676,-0.001351865,0.047410803,0.966041913,0.989906092
DGKE,109.7748096,0.000760271,0.060977723,0.966859964,0.989965832
DVL2,1201.167615,-0.004775554,0.050276999,0.966631842,0.989965832
IBTK,2412.391304,0.001626507,0.045446078,0.967304355,0.989965832
KANSL3,2112.327452,0.001329397,0.045032587,0.96689719,0.989965832
KBTBD3,68.31976735,0.00080803,0.061081077,0.967430701,0.989965832
KXD1,2049.192382,-0.001281853,0.042506552,0.967087961,0.989965832
LEPROT,2849.356919,0.001299185,0.042038058,0.967097615,0.989965832
MCM3AP,4337.523554,0.001318541,0.04507896,0.96647122,0.989965832
MSL3,1376.563736,-0.003116142,0.051116862,0.96662644,0.989965832
NFU1,793.5434129,0.001332164,0.048310557,0.967011128,0.989965832
PAK2,4686.108102,0.001321203,0.045935652,0.966507293,0.989965832
PAPOLG,552.4508006,-0.000844855,0.059347603,0.966834708,0.989965832
RP2,2085.278161,0.001243122,0.045277028,0.967288037,0.989965832
SLC25A33,388.5791043,-0.00100628,0.052208383,0.966738877,0.989965832
UNC119B,700.6605463,0.001322558,0.046388181,0.96710417,0.989965832
ZNF160,427.5221713,0.001229963,0.051010908,0.967364565,0.989965832
APOL6,5426.298545,-0.001696683,0.048091938,0.967698784,0.990054675
ARPIN,975.3673022,0.001143649,0.049451105,0.967917245,0.990054675
CNPPD1,2913.015976,0.00121682,0.045198233,0.968238056,0.990054675
EIF1B,1225.346114,0.003415187,0.047739457,0.968931291,0.990054675
FASTKD5,501.5653218,0.001478223,0.050171012,0.96891944,0.990054675
INO80C,524.896831,0.001434228,0.052300608,0.968016001,0.990054675
MORN4,98.40211351,0.000797544,0.060457954,0.968426075,0.990054675
MTRF1,253.7836118,0.000904299,0.056362386,0.968462539,0.990054675
NET1,255.9285119,0.001144416,0.05441178,0.968832623,0.990054675
NINJ1,3604.60657,0.001359101,0.047945896,0.968928644,0.990054675
PRRC1,2185.805074,0.000756999,0.050512035,0.968569802,0.990054675
RBFOX2,977.4919744,0.001417037,0.049248869,0.968102282,0.990054675
RBM25,4018.171327,0.001277305,0.045080774,0.968713725,0.990054675
RPS11,21316.86913,-0.00128422,0.03946493,0.967803589,0.990054675
RSL24D1,2672.112364,0.000939465,0.047246943,0.968715218,0.990054675
TERF2,826.6271139,-0.001061491,0.055150604,0.968788437,0.990054675
ZCCHC3,1433.180212,0.001231752,0.04031563,0.968878551,0.990054675
FUZ,370.893436,-0.000930088,0.057392068,0.969217133,0.990176775
METTL18,98.45590221,0.000811893,0.059460026,0.969162643,0.990176775
CDC26,539.6210222,-0.001038621,0.051207986,0.969644984,0.990392847
HCLS1,9086.763915,0.000435718,0.040035507,0.969761395,0.990392847
MAGED2,1586.443616,-0.001550015,0.047210265,0.969712248,0.990392847
NDUFB8,3027.241075,-0.001189704,0.044144419,0.969527319,0.990392847
KRIT1,975.4657404,-0.001087225,0.043444051,0.969931943,0.990397099
TNFRSF10C,248.5144012,-0.001000585,0.055568841,0.969918852,0.990397099
SET,7758.689085,-0.001665494,0.04747616,0.970170041,0.990516365
UPF1,4534.601199,-0.002024676,0.042141058,0.970215148,0.990516365
ATP5ME,1384.43616,-0.001147589,0.046664438,0.970653393,0.990539057
ATP6V1E2,59.87670407,0.000652546,0.061219615,0.970425649,0.990539057
RPS19BP1,1961.114777,0.001173354,0.041208828,0.970509534,0.990539057
S100A13,291.3481992,-0.000571676,0.056870176,0.970599363,0.990539057
ZNF304,285.550503,-0.001133471,0.053274702,0.970611649,0.990539057
ZDHHC17,795.9918825,0.001173952,0.048882568,0.970812651,0.990616663
BUB1B,1018.536519,0.001015818,0.056625431,0.97097298,0.990695348
CTNND1,8183.967702,-0.001104135,0.039026689,0.971057053,0.990696222
ZNF865,1024.171558,0.001050406,0.053101841,0.971242921,0.990800941
GALT,546.8621411,-0.000924209,0.051396295,0.97178927,0.991106665
PABIR2,1221.181627,-0.000924468,0.050538265,0.971642075,0.991106665
PM20D2,449.89446,0.001256615,0.051573643,0.971875616,0.991106665
ST3GAL4,187.2019016,-0.000773017,0.058816838,0.971825358,0.991106665
TSPEAR,107.0414881,-0.00065944,0.06035937,0.972117608,0.991268533
MAN2B1,29257.80162,-0.001161313,0.039828019,0.9722906,0.991275121
METTL22,488.1242438,-0.000743946,0.049907096,0.972221999,0.991275121
INTS12,369.9749512,-0.000500528,0.054195715,0.972618636,0.991448686
ZMYM1,269.8766724,0.001068599,0.058751799,0.972627401,0.991448686
GFOD3P,302.8919187,-0.000547926,0.054377196,0.972771468,0.991510644
PRKRIP1,997.6898462,0.000532219,0.044336417,0.972861886,0.991517914
SIRT2,1740.640481,6.24E-05,0.043845824,0.97298196,0.991555405
ARFGEF1,2319.46256,0.000926913,0.042433534,0.973180958,0.991629438
PYROXD1,394.7247111,-0.000726416,0.059461593,0.973303472,0.991629438
ZNF578,82.45358267,-0.00060827,0.060445321,0.973304493,0.991629438
POLQ,456.9181087,-0.000790515,0.058368033,0.973441763,0.991684425
UROS,1178.645931,0.003604924,0.043525297,0.973534386,0.991693922
KICS2,186.1952072,0.000878284,0.056646989,0.973841609,0.991752297
MIGA1,405.6362433,-0.0006516,0.055311173,0.973783886,0.991752297
TAF1B,356.0803954,0.000899756,0.055299355,0.973754476,0.991752297
ATF5,4282.074511,0.001004202,0.038681053,0.974150255,0.991812091
LYAR,999.0769037,-0.000975032,0.049599858,0.974124502,0.991812091
NECAP2,4397.466843,0.000945336,0.033932006,0.97406294,0.991812091
MIPOL1,211.863067,-0.00109918,0.057134267,0.974280305,0.991859674
PPIE,748.1469148,0.00093933,0.048473685,0.974556381,0.992055897
STX1B,97.32901105,0.000637016,0.061123118,0.974821807,0.992241246
SPIN2B,99.16103272,-0.001267533,0.060426793,0.974992154,0.992329793
BPTFP1,85.25129257,-0.000710932,0.060496476,0.975424888,0.992606706
DDOST,9173.153759,0.000858699,0.030640263,0.97551436,0.992606706
JAGN1,734.5638543,0.000912037,0.049573912,0.975481675,0.992606706
DGUOK,678.3756115,0.001001634,0.046441952,0.975707871,0.992633926
TOLLIP,3568.043876,-0.000586216,0.051641138,0.975632147,0.992633926
NUDT7,62.74370203,0.000545554,0.061115842,0.975876167,0.992720308
DBNL,7524.109907,-0.000166871,0.04362254,0.976214527,0.992894323
FBXL9P,75.44534043,-0.000716781,0.060010508,0.976314048,0.992894323
MFN2,4289.177892,-0.000463682,0.039623385,0.97628826,0.992894323
ZNF815P,96.07539021,0.000631042,0.059765767,0.976380835,0.992894323
VIM,91970.72366,0.003747596,0.044931913,0.9764733,0.99290354
CASP1,2173.560543,-0.001616172,0.048078967,0.976684003,0.992948169
SETMAR,197.6631823,0.001002699,0.057967513,0.97664337,0.992948169
FBRSL1,2173.218731,-0.00079409,0.054135481,0.976904749,0.9930788
GOT1,1092.988839,0.001114831,0.048468969,0.977066631,0.9930788
MIA3,1658.526713,-0.000845449,0.049670456,0.977146163,0.9930788
MSI2,737.5940027,0.000641779,0.058346778,0.977073697,0.9930788
AGAP1,380.519467,0.000700296,0.058537849,0.977233713,0.993083
RUNX1,2279.309683,-0.000937113,0.050990073,0.977347519,0.993113879
CCDC43,831.7044457,-0.000661494,0.049610742,0.977667025,0.993215711
ERCC2,825.7368718,-0.000533643,0.054382121,0.977652529,0.993215711
SAMD9L,4032.424594,-0.000728597,0.052731301,0.977698019,0.993215711
GLE1,1312.28856,-0.000835625,0.039903491,0.977874442,0.993225427
MPEG1,969.4565252,0.000413368,0.051185042,0.977865556,0.993225427
TAF13,1007.235167,-0.00080629,0.050588342,0.97811073,0.993380672
BIN1,2723.346252,-0.000445326,0.042822969,0.978229216,0.993398164
CCDC106,881.1623739,-0.000788478,0.046686635,0.978294841,0.993398164
ARFGAP3,1188.636111,-0.000929831,0.049920858,0.978505627,0.993442733
SECISBP2,901.9768452,0.001122347,0.044917222,0.978477226,0.993442733
BAX,4161.622125,-0.000594855,0.04613526,0.978869279,0.993727191
FBXO25,566.473832,-0.001493569,0.056655659,0.97934714,0.994127532
ZNF875,613.1007789,-0.000825239,0.050324541,0.979478125,0.994175725
ADD3,998.1489489,-0.000745908,0.050232513,0.980862521,0.994218229
ANKRD30BL,125.2043854,0.000535118,0.059749219,0.980829854,0.994218229
ATP5F1C,3227.406068,0.000534004,0.045783983,0.980060184,0.994218229
B4GALT7,1057.054462,-0.000507153,0.046662911,0.980975464,0.994218229
C1orf50,302.3291507,0.000780536,0.05752299,0.981590589,0.994218229
CCR5,2882.363784,-0.001004517,0.04176062,0.980054156,0.994218229
DIS3,1407.797125,0.000766089,0.047024363,0.98143374,0.994218229
DOCK6,234.8321083,0.000285468,0.06235408,0.981083799,0.994218229
FAAH,99.09067716,-0.000453219,0.059358935,0.980694561,0.994218229
INTS7,503.077549,0.001138405,0.052848188,0.980185408,0.994218229
ITGA7,209.1571857,0.00063241,0.058088326,0.980006977,0.994218229
LRG1,101.0495917,-0.000545074,0.059834921,0.979787813,0.994218229
LRP1,48006.96514,-0.000718214,0.048033316,0.980898143,0.994218229
MARCHF3,161.2051838,-0.000563869,0.059194304,0.980282793,0.994218229
MRFAP1,6771.917599,-0.000985032,0.038844251,0.979751627,0.994218229
MRPL11,698.3419922,-0.000614373,0.050637938,0.981141751,0.994218229
NBPF15,709.5209187,0.000796493,0.045732095,0.980507192,0.994218229
NGLY1,845.3714647,-0.000774646,0.047702746,0.981588885,0.994218229
PARD6B,61.99063142,0.000415834,0.061477819,0.980086985,0.994218229
PRRC2C,8360.111605,0.001250574,0.041107783,0.98142805,0.994218229
SALL4,131.2774395,-0.000471133,0.0599766,0.98038684,0.994218229
SDF2L1,867.4086652,0.000780067,0.048478826,0.981244834,0.994218229
TRAF7,3855.410424,0.000699737,0.048165771,0.981607817,0.994218229
TRAPPC8,1738.49611,0.000849638,0.053357478,0.980279289,0.994218229
TSC1,1417.488729,-0.000590465,0.04645543,0.981588199,0.994218229
RAD23B,3988.525763,0.001983193,0.03868008,0.981729252,0.99423626
RRAGB,305.4119685,-0.000463821,0.058523675,0.981792648,0.99423626
PXDN,147.4972877,0.000422715,0.061031152,0.981919369,0.994280011
ADAT2,264.3689816,0.000573375,0.057710911,0.982765948,0.994470827
ANGEL1,1517.243408,0.000612763,0.050007681,0.984051448,0.994470827
C3orf62,585.804752,-0.000538158,0.055436325,0.983017952,0.994470827
CEP135,591.4261333,-0.000574495,0.050727831,0.984363227,0.994470827
CLCN6,1894.513941,0.000709153,0.047053807,0.98389748,0.994470827
CRK,2942.965037,0.000604667,0.038933759,0.984352777,0.994470827
DENND5B,754.7404951,-0.000559315,0.053440902,0.983972428,0.994470827
EFL1,703.7731332,0.000766218,0.051869381,0.984211174,0.994470827
ELOA,2201.952733,-0.000629298,0.041352602,0.98369508,0.994470827
EPN1,4088.606211,0.000678278,0.046446851,0.983451007,0.994470827
EXD2,727.3275405,0.000502795,0.047262471,0.983007614,0.994470827
FGF13,233.6011667,0.000575831,0.058288724,0.983515948,0.994470827
GUK1,2694.262652,0.000487581,0.038010299,0.984247861,0.994470827
HSD17B7,210.8744869,0.000399188,0.055252123,0.984028364,0.994470827
HSPBP1,863.8884446,-0.000485645,0.04912437,0.983326181,0.994470827
LTO1,615.5458203,-0.002560428,0.047848052,0.982418934,0.994470827
METTL16,914.1881006,0.000555872,0.051256205,0.982590943,0.994470827
MTX2,655.5172749,-0.000667721,0.050044191,0.983330609,0.994470827
NCKAP5,673.2405989,-0.000617779,0.053564349,0.983668865,0.994470827
PHLDB3,127.7728916,0.000477277,0.059424967,0.983728372,0.994470827
SCAP,2296.541838,0.000687805,0.045552627,0.983705536,0.994470827
SHARPIN,1595.272366,0.000720686,0.045357383,0.982360214,0.994470827
SLC30A6,921.182163,0.000762136,0.045864384,0.98290955,0.994470827
SMC1A,3954.82424,-0.00513528,0.047774188,0.98300236,0.994470827
TNFSF10,309.4856944,-0.000454711,0.059132953,0.982291379,0.994470827
USP16,1217.354441,-0.000672435,0.046823207,0.983335708,0.994470827
ZNF236,512.5222142,-0.000383912,0.058855818,0.984077969,0.994470827
COL12A1,74.93272788,0.000306119,0.061985583,0.984920335,0.994755548
EIF4ENIF1,710.5975827,-0.000494444,0.051760368,0.985062433,0.994755548
FAM219B,1305.916059,0.000650494,0.049941971,0.985146402,0.994755548
FOXP1,926.4903398,-0.000512414,0.046059518,0.985115055,0.994755548
TEX30,151.3622475,-0.000445795,0.058944901,0.98503759,0.994755548
ZNF699,108.3837703,0.000344719,0.062002112,0.984868211,0.994755548
FAM72C,76.11907806,-0.000182156,0.06223248,0.985390281,0.994917419
ARMC9,669.3820449,0.000710778,0.05586219,0.985595625,0.995040359
CHMP3,3030.790399,0.000882931,0.041102173,0.985771095,0.995075212
WAS,3739.934783,0.001718017,0.045400527,0.985797316,0.995075212
ANKRD10,3676.827548,0.000473531,0.047168333,0.985944619,0.995139524
PPP1R15B,2492.859262,-0.000504635,0.042630222,0.986350582,0.995304559
SLC51A,93.24124511,-0.000351872,0.059374394,0.986270238,0.995304559
UIMC1,530.340854,-0.000426454,0.055894481,0.98635894,0.995304559
ARCN1,4683.294643,-0.000504504,0.039356857,0.986649642,0.995429152
LLPH,1258.170043,0.00055296,0.049440097,0.986603593,0.995429152
HOXB5,62.94611537,0.000314298,0.060913911,0.987103541,0.9958027
NOMO1,5781.127336,0.000191155,0.040681043,0.987189159,0.995804688
GTF2IRD2,101.2966338,0.000244801,0.062263566,0.987521143,0.995817354
MAP7,345.0182705,0.000470911,0.053209696,0.987461881,0.995817354
PBX2,3234.855085,-0.000335016,0.043577163,0.987536302,0.995817354
PDK1,339.0833883,0.000438292,0.055703405,0.98737296,0.995817354
CCDC170,1002.437121,-0.000324093,0.052429314,0.988082092,0.99618417
SMDT1,733.3972168,0.001461462,0.047756599,0.988151101,0.99618417
ZKSCAN2,253.3094873,0.000497079,0.053920775,0.98800913,0.99618417
ABHD15,750.536214,-0.000529541,0.047903837,0.98828779,0.996237607
GID8,1736.08131,-0.000182382,0.043027545,0.988810793,0.996451228
METRN,97.99246819,0.00026364,0.061058344,0.988688197,0.996451228
PPP2R1B,422.6372639,0.001654798,0.060239559,0.988972663,0.996451228
RAB23,155.4833307,-0.000282224,0.058832772,0.988936822,0.996451228
RUBCNL,764.8854835,-0.00031695,0.049395294,0.989001907,0.996451228
SLC22A25,156.8987274,0.000377261,0.057400971,0.988890789,0.996451228
CYBB,50354.37677,0.004059098,0.039577066,0.989203544,0.996462618
EGFL8,112.2699206,-0.000286731,0.060647776,0.989318459,0.996462618
FYCO1,1179.952434,0.000371273,0.04491064,0.989348017,0.996462618
PSRC1,653.2229128,0.000242516,0.05306257,0.989241069,0.996462618
FBXO15,316.1361952,0.000362056,0.054939074,0.990056011,0.996838364
KIF15,358.8842403,-0.000960666,0.05634724,0.989947196,0.996838364
PIGO,1670.468742,-0.000528701,0.050230346,0.989810721,0.996838364
SPTLC2,1666.300817,0.000698162,0.051144979,0.98997627,0.996838364
ATRX,2561.55879,0.00027752,0.060154081,0.990498718,0.996874892
DDAH2,1001.776012,0.0007456,0.048820436,0.990305611,0.996874892
EMC8,808.8301089,-0.000422944,0.053019467,0.990579128,0.996874892
H2AJ,1387.035761,0.000469898,0.044634437,0.990494123,0.996874892
RCBTB1,641.0312665,-0.000327193,0.054136218,0.990594706,0.996874892
TSPAN4,2185.928613,-0.000341821,0.037356062,0.99048418,0.996874892
CDIPT,3100.072021,0.000372226,0.043118161,0.991014536,0.997052552
MTF2,1051.449365,-0.001213614,0.044177319,0.990985329,0.997052552
NUMBL,152.3906071,0.000231188,0.060646013,0.991022499,0.997052552
CCDC171,65.08905772,0.000181427,0.062046863,0.991142732,0.997089254
RPUSD2,283.7731353,0.000352115,0.05509228,0.991367374,0.997154767
TMEM14A,122.2988646,-0.000545609,0.058365844,0.991375374,0.997154767
COPZ1,2808.624979,-0.005332533,0.050555945,0.992042003,0.997320346
FURIN,12891.19522,-0.000520869,0.04149153,0.992008838,0.997320346
KDM1A,1611.961096,9.91E-05,0.045900041,0.992042632,0.997320346
SLMAP,1272.198637,-0.000156551,0.053177169,0.991671679,0.997320346
SPTSSA,1160.482923,-0.000286005,0.047386347,0.991864038,0.997320346
VTI1A,950.3112807,-0.000251698,0.044743033,0.991850519,0.997320346
SSX2IP,185.439694,0.000260946,0.058163999,0.992235493,0.997430005
MRPS18C,657.9771304,0.000560507,0.054235126,0.992787563,0.997900704
POLR2L,1574.894757,-0.00028112,0.044363406,0.993042997,0.997988932
ZMAT5,340.6736091,0.000279254,0.053617453,0.993007901,0.997988932
EPHA7,64.50345787,0.000232644,0.061115336,0.993541653,0.998349785
GLT8D1,818.798593,-0.000246189,0.047278576,0.993592415,0.998349785
GTF2I,10025.50485,-0.000400768,0.04147278,0.993653641,0.998349785
PIP5K1C,5004.075862,0.003297363,0.048279426,0.993868078,0.998480967
CETN3,198.1775296,0.000360525,0.057403846,0.994022893,0.998538277
GPR161,94.08843686,-8.74E-05,0.062088418,0.994176749,0.998538277
WDR12,662.3737758,0.000299658,0.056695061,0.994130548,0.998538277
SNAPC5,679.7606887,0.00040813,0.047165037,0.994349416,0.998627451
C9orf85,262.8246201,0.000193191,0.054813884,0.995186695,0.998751236
CCDC13,60.41142251,0.000123523,0.061283519,0.994765262,0.998751236
DNAJA1,5104.956404,-0.000134406,0.042726853,0.994994766,0.998751236
GTF2A2,910.0090313,-2.99E-05,0.050461967,0.994794474,0.998751236
PNN,2862.771416,-0.000105047,0.040600547,0.994963848,0.998751236
PTER,834.1300307,-0.000235329,0.05310144,0.994770846,0.998751236
RPL13A,44705.16425,0.000138188,0.03057405,0.995227712,0.998751236
TIMMDC1,1528.86555,0.000215392,0.044844913,0.995190904,0.998751236
ZNF230,113.4425884,5.82E-05,0.060360267,0.994976135,0.998751236
HSPB8,74.10517652,-7.99E-05,0.060264439,0.995651468,0.999078484
PDE6B,193.8465073,-7.74E-05,0.059250697,0.99588949,0.999078484
RBM22,1633.005522,0.000230044,0.046000877,0.995847096,0.999078484
TCP11L1,422.8453687,0.000185094,0.054804942,0.995793435,0.999078484
ABT1,802.9608431,0.000219586,0.046294107,0.996211547,0.999317363
ASGR2,66.64828055,-0.000232622,0.061132003,0.997886525,0.99934202
C3orf18,106.1165448,-0.000143377,0.05951304,0.997406824,0.99934202
CHAC2,60.89914562,7.63E-05,0.060718778,0.997801038,0.99934202
GTF3A,2213.835236,-0.000186587,0.048535191,0.997707098,0.99934202
IRF6,185.1045375,0.000125786,0.057683936,0.997675284,0.99934202
LSM6,1053.461015,-6.94E-05,0.051389247,0.99782506,0.99934202
MBD4,2455.530426,0.000145378,0.043559799,0.998082874,0.99934202
MRPS27,1125.026342,3.21E-05,0.052643873,0.997874061,0.99934202
MTOR,2289.142318,0.000117574,0.0456282,0.998072148,0.99934202
PEX1,543.876903,0.000496336,0.055939306,0.996995358,0.99934202
PKD2L1,172.8540912,-7.31E-05,0.059218845,0.996776793,0.99934202
PSMD6,1754.121081,-1.52E-05,0.045800382,0.99718513,0.99934202
RPP38,325.8958727,0.000351043,0.05376999,0.997474076,0.99934202
SERPING1,1128.915835,1.11E-05,0.050322997,0.997769323,0.99934202
SLC31A2,1579.531122,0.000110723,0.04373206,0.997133698,0.99934202
SMIM10L1,673.655961,1.18E-05,0.061903363,0.998081755,0.99934202
TAGAP,1335.46957,-0.001935972,0.04870296,0.99721997,0.99934202
TMEM71,93.9201725,-0.000602988,0.061104138,0.996967753,0.99934202
USP24,2460.446301,-0.000164497,0.042096657,0.996748365,0.99934202
ZBTB49,148.2049261,0.000262359,0.059392628,0.997556082,0.99934202
ZNF202,219.1673797,0.000100454,0.057271371,0.997521971,0.99934202
ZNF688,528.9765761,4.55E-05,0.054983846,0.997711299,0.99934202
SNRPD1,839.4055827,-0.000134899,0.055707381,0.99826046,0.999402984
VPS36,1565.525912,6.80E-05,0.046781448,0.998311657,0.999402984
SMARCE1,2191.08727,0.000119072,0.042622479,0.998507751,0.999515243
POLA1,541.7497116,0.000228701,0.051871963,0.998653927,0.999577518
CHFR,2534.855842,2.66E-05,0.038554299,0.99984237,0.999907942
CYREN,1433.86331,0.000444373,0.054446224,0.999395094,0.999907942
FCRL5,69.1018801,-9.82E-05,0.061203781,0.999460686,0.999907942
FER,537.1711673,-4.35E-05,0.055904037,0.999730169,0.999907942
GTF2A1,1270.713465,-0.001533238,0.04711217,0.999552995,0.999907942
JPH4,62.74782116,3.12E-05,0.061135414,0.99958842,0.999907942
LAMTOR5,1792.093915,0.000119295,0.051864285,0.999123472,0.999907942
SLC30A5,1607.744029,4.95E-05,0.048446961,0.999579277,0.999907942
TRAPPC2B,117.4925119,-5.66E-05,0.059503929,0.999379557,0.999907942
UQCRC1,6215.053237,2.28E-05,0.046267681,0.999907942,0.999907942
ZNF341,244.1792461,5.44E-05,0.057090706,0.999758156,0.999907942
A2ML1,13.80162016,0.002328564,0.063125503,0.798347031,NA
A4GALT,28.61896297,0.005948174,0.063185957,0.581576764,NA
A4GNT,13.84380569,-0.012614822,0.064849702,0.185949695,NA
AADAT,34.53823439,-0.022268373,0.067376998,0.153317437,NA
AANAT,16.56269736,0.014525354,0.065475784,0.126279237,NA
AARSD1P1,25.22902277,0.001832819,0.062773434,0.869534002,NA
AASS,26.45456908,-0.009339936,0.063492065,0.444364837,NA
ABCA10,21.16072107,-0.001996872,0.063234915,0.804187317,NA
ABCA11P,29.7850838,0.008720464,0.063794532,0.383423977,NA
ABCA8,11.39816307,-0.004546058,0.06354971,0.524277245,NA
ABCB1,26.58676555,0.005169596,0.063487984,0.525681499,NA
ABCB4,19.60883499,-0.009583004,0.063982879,0.335317614,NA
ABCB5,11.92638378,0.000390762,0.063174639,0.963738195,NA
ABCC11,9.402910374,0.001791566,0.063302208,0.815007081,NA
ABCC2,17.85043486,-0.001374393,0.063001791,0.878878784,NA
ABCC8,29.63576898,0.011531095,0.063929097,0.362485826,NA
ABCC9,33.53494788,0.000180151,0.062019387,0.991016171,NA
ABCG8,20.27080513,-0.001200997,0.06279559,0.910013569,NA
ABHD1,15.24793265,-0.016096349,0.066011907,0.096445776,NA
ABHD12B,38.25226218,-0.02135513,0.066865702,0.17639167,NA
ABHD14A-ACY1,36.0875061,-0.008764734,0.063765885,0.388892833,NA
ABHD17AP1,8.537194169,0.002049169,0.063393147,0.770537893,NA
ABHD17C,21.36158294,0.001090142,0.062877016,0.917316805,NA
ABI3BP,20.89480133,-0.000881909,0.062820702,0.932425932,NA
ABLIM1,11.72749324,0.00372841,0.063612989,0.52656268,NA
ABLIM2,8.283706542,0.004373556,0.063663483,0.460689635,NA
ABO,37.38053968,1.667705611,0.374475682,3.04E-07,NA
ACADL,17.79373656,0.000597456,0.062854189,0.955765752,NA
ACBD7,33.47453247,-0.002063208,0.062390547,0.872356604,NA
ACE2,13.08889625,-0.001105636,0.063031793,0.906913237,NA
ACHE,14.85561048,-0.001397469,0.062899818,0.889830452,NA
ACKR2,18.1799421,-0.002124081,0.062866145,0.839188328,NA
ACMSD,13.61887577,-0.011761263,0.064480014,0.251939475,NA
ACOT6,7.059256367,0.001170491,0.063419416,0.85579872,NA
ACOXL,8.251293494,-0.000143466,0.063320276,0.98254582,NA
ACP7,9.851386321,-0.002964126,0.063361577,0.695510627,NA
ACSBG1,49.31938437,0.011916985,0.063031828,0.474474236,NA
ACSL6,10.55415925,-0.006426893,0.063743064,0.396794875,NA
ACSM2B,35.45553625,-0.005106957,0.06359095,0.48255372,NA
ACSM3,49.05776535,-0.002017949,0.061822833,0.893837409,NA
ACSM4,6.840889885,0.003695045,0.063541797,0.573885427,NA
ACTA1,8.1939736,-0.006632749,0.06379621,0.37233145,NA
ACTG1P10,13.17507839,-0.01102346,0.064508801,0.215442713,NA
ACTG1P3,6.927421831,0.000399606,0.063397211,0.945896888,NA
ACTL10,36.99729104,0.008260732,0.062715264,0.575880598,NA
ACTN2,26.89854759,0.023000654,0.068536641,0.078994263,NA
ACTR3C,21.86066933,0.012117396,0.064752801,0.188845578,NA
ACTRT3,9.223075015,0.001770484,0.063364174,0.804556872,NA
ADAM11,11.23768464,0.002422275,0.06337382,0.73983973,NA
ADAM1B,6.75866766,0.004387762,0.063574639,0.526427181,NA
ADAM22,28.099059,0.006852388,0.063448612,0.491313843,NA
ADAMTS12,38.44041803,-0.019355554,0.066545108,0.152726301,NA
ADAMTS16,15.13018223,0.00584108,0.063398182,0.544991227,NA
ADAMTS17,10.92494402,0.011281694,0.064856461,0.092918643,NA
ADAMTS19,13.71831819,0.002637991,0.063560102,0.631759118,NA
ADAMTS2,17.92376562,0.008336967,0.063598743,0.435658484,NA
ADAMTS4,47.14111265,0.028343292,0.071827635,0.035993334,NA
ADAMTS6,33.98493793,0.005141018,0.063272081,0.594725928,NA
ADAMTS8,17.92099421,0.000976976,0.062834381,0.927565738,NA
ADAMTS9,5.9234701,0.000594393,0.0634771,0.918061718,NA
ADAMTSL1,12.91709917,0.000293543,0.06349448,0.958774082,NA
ADAMTSL2,7.731721615,-0.002023277,0.063469528,0.745021616,NA
ADAMTSL3,50.43987826,-0.017323819,0.065283801,0.24623558,NA
ADAMTSL5,52.95260372,0.039389853,0.079530051,0.035710348,NA
ADARB2,11.26282668,0.002350552,0.063369085,0.739726947,NA
ADCY1,18.81974966,0.006151306,0.063557182,0.477419921,NA
ADCY10P1,49.51104533,-0.007186376,0.061890929,0.666020206,NA
ADCY2,20.77488155,-0.01333838,0.064926222,0.195627633,NA
ADCY5,10.82071009,-0.012338774,0.065191719,0.051355238,NA
ADD2,24.33651792,0.022773597,0.069331825,0.01047105,NA
ADGRA3,45.30732639,0.002358581,0.062491444,0.849536332,NA
ADGRB1,25.97298484,0.009304244,0.064298278,0.203647531,NA
ADGRD2,11.58615796,0.009497097,0.064137877,0.287012441,NA
ADGRE1,40.35564344,-0.017909433,0.065977679,0.176541219,NA
ADGRE3,11.66557236,-0.006997873,0.063805389,0.367880918,NA
ADGRF1,43.57465669,0.021057346,0.066465453,0.202362026,NA
ADGRF3,19.69828894,0.006678226,0.06381414,0.35347934,NA
ADGRF4,10.26195362,0.004693287,0.063443477,0.568415582,NA
ADGRG1,43.22123961,0.017410387,0.066450801,0.085908913,NA
ADGRG2,12.92768424,0.014372446,0.065382868,0.14057245,NA
ADGRG3,5.849841421,0.005117278,0.063809444,0.339937798,NA
ADGRG6,51.61536768,-0.066028516,0.130239501,0.000561551,NA
ADGRL2,23.13256765,0.006506256,0.063458463,0.499317863,NA
ADGRL3,23.21108615,0.002807959,0.063279365,0.731868678,NA
ADH4,10.22979027,0.00150548,0.063374959,0.829864082,NA
ADHFE1,34.8013285,0.006703639,0.062929642,0.594209355,NA
ADIPOQ,7.421971395,0.003518092,0.063504918,0.605499357,NA
ADIRF,8.221356961,-0.013737193,0.065528973,0.060422582,NA
ADM5,10.49992552,-0.017251742,0.066649797,0.046223362,NA
ADORA2A,7.61795245,0.011511761,0.064965752,0.072140412,NA
ADPRHL1,13.11941608,0.018100808,0.067071749,0.028261415,NA
ADRA2C,14.31910583,0.003050028,0.063232851,0.727027814,NA
ADRB1,7.050174967,-0.004602198,0.063618046,0.490774076,NA
ADSS1,44.54323561,-0.014516574,0.064375009,0.312154806,NA
ADTRP,48.03055847,0.003106809,0.061809063,0.841367137,NA
AFF3,23.95554896,-0.013341867,0.065141548,0.142991385,NA
AGAP10P,14.82056941,-0.007959337,0.063941572,0.324976736,NA
AGAP12P,6.032214772,0.003125904,0.063586638,0.585845061,NA
AGAP2,57.08303494,0.011043173,0.062761152,0.504130596,NA
AGBL1,14.82036648,-0.007691639,0.064095942,0.219366675,NA
AGBL2,8.69364257,-0.004052288,0.063553288,0.547493371,NA
AGBL3,35.46469622,-0.014694704,0.064454762,0.299979414,NA
AGMAT,56.90120621,-0.019792007,0.065023674,0.28948858,NA
AGRP,40.87868675,-0.04117088,0.082006618,0.021110257,NA
AGT,56.11323899,-0.018081098,0.064570848,0.306799932,NA
AICDA,14.65349244,-0.002552258,0.063122592,0.77973559,NA
AIDAP2,13.64943996,-0.013381859,0.065076674,0.162733988,NA
AIM2,9.149013164,0.008132424,0.064000936,0.303986024,NA
AIRE,9.168144926,-0.001716982,0.063253507,0.827482135,NA
AJUBA,36.20115924,0.018706613,0.066229389,0.170613129,NA
AK3P3,7.296307996,-0.00329871,0.063499538,0.618232517,NA
AK5,43.32049436,-0.000743345,0.062636308,0.942923555,NA
AK8,11.98236254,0.00614458,0.063689988,0.425131714,NA
AKAP12,31.50031343,-0.027978934,0.07161064,0.036876948,NA
AKR1C1,8.706963819,0.007841956,0.064144474,0.204060592,NA
AKR1E2,8.738439956,0.009702736,0.064427014,0.170771197,NA
AKR7A3,9.128644525,0.005258587,0.063508164,0.522815093,NA
AKR7L,22.86997377,0.00167135,0.062748786,0.881489416,NA
ALDH1A3,26.15379453,0.006684249,0.062893581,0.605152834,NA
ALDH1L1,8.408672427,0.006146388,0.06376921,0.380724594,NA
ALDH8A1,12.68566661,-0.00631151,0.063746918,0.393846053,NA
ALG1L13P,13.79370786,0.013116955,0.064986303,0.176386294,NA
ALK,44.06688396,0.001617406,0.06228624,0.904060761,NA
ALKAL1,12.25101317,0.004165182,0.063360205,0.619772588,NA
ALOX15,8.806002288,-0.002938532,0.063573285,0.59468901,NA
ALPK2,15.6065614,0.002078842,0.06328079,0.789022101,NA
ALX1,11.14891177,-0.006308466,0.063536896,0.482444986,NA
AMD1P4,13.25541349,0.001146409,0.063210032,0.889264652,NA
AMER2,12.54133171,-0.009037003,0.064059999,0.301462658,NA
AMH,46.40534952,0.002006263,0.062660868,0.865121689,NA
AMOTL1,22.22590444,-0.001530238,0.062801994,0.885270805,NA
AMOTL2,7.345864146,-0.003470883,0.063585097,0.553424406,NA
AMZ2P1,41.43028475,-0.008833264,0.062701945,0.546017058,NA
ANGPT2,44.70023802,-0.028001074,0.070144724,0.110806129,NA
ANGPT4,56.91801799,-0.749144682,0.270340839,0.000188407,NA
ANGPTL2,42.29439736,0.014072175,0.065091353,0.190364389,NA
ANGPTL4,16.02028439,0.002506493,0.063311722,0.750742671,NA
ANKAR,55.84583536,0.004879234,0.061662044,0.767889941,NA
ANKRD1,8.785276757,0.008038769,0.063992091,0.302253531,NA
ANKRD34A,28.04824027,0.005410578,0.062941987,0.644303821,NA
ANKRD35,58.25198222,-0.000227368,0.061461914,0.988290062,NA
ANKRD37,52.36021306,0.017396528,0.064779243,0.294969328,NA
ANKRD40CL,12.72643297,-0.000487576,0.063047606,0.957137359,NA
ANKRD45,10.99681715,0.001024372,0.063195269,0.902238371,NA
ANKRD49P2,32.38240332,-0.003833594,0.062411329,0.771169763,NA
ANKRD55,16.39155212,-0.011370305,0.064503183,0.226017052,NA
ANKRD60,9.793960955,-0.006312417,0.063735421,0.402624652,NA
ANKRD61,23.27334917,0.02248186,0.068160918,0.094894324,NA
ANKS1B,12.41086056,0.006528106,0.063647117,0.439950047,NA
ANKS4B,8.007365262,0.001711019,0.063325728,0.817134164,NA
ANKUB1,12.40932265,0.008341135,0.064156467,0.226313162,NA
ANO5,44.08518479,-0.001932358,0.062268152,0.882882659,NA
ANO7,53.2448829,0.006420201,0.061724699,0.700850995,NA
ANO7L1,28.90586035,0.00659855,0.062794989,0.615039702,NA
ANO9,54.09035602,-0.000337966,0.063461311,0.949578175,NA
ANXA10,8.610271609,-0.004179707,0.063559755,0.538650131,NA
ANXA13,14.23919867,0.003532315,0.063179164,0.702613199,NA
ANXA2R,54.17195718,-0.006755846,0.06177548,0.687591515,NA
AOC2,20.76691622,0.003569563,0.062777751,0.759065421,NA
AOC3,25.13444108,0.00475363,0.063094466,0.650151881,NA
AP1M2,33.67106746,0.010117666,0.063870352,0.365163181,NA
AP3B2,56.82647017,-0.001157064,0.0613586,0.943072884,NA
APBA2,49.43688181,-0.013796318,0.063689345,0.38571843,NA
APBB1,11.68875621,0.013371392,0.065402298,0.068878192,NA
APCDD1L,9.131127063,0.01386428,0.06562767,0.045660212,NA
APLP1,6.741286623,-0.006859549,0.064128413,0.122428516,NA
APOBEC3A,8.808934256,0.007071361,0.063910108,0.317830994,NA
APOBEC3D,37.15583111,-0.010360362,0.063422188,0.442544621,NA
APOBEC3H,12.04064546,0.010777138,0.064628417,0.157119944,NA
APOC1P1,15.73989925,-0.002873974,0.06298027,0.776318122,NA
APOLD1,48.41981294,-0.01923247,0.066972571,0.09324944,NA
APOM,26.4001901,-0.009028601,0.063345268,0.465164984,NA
AQP1,56.11031921,0.003798187,0.062480288,0.783793123,NA
AQP11,18.14492871,0.00018009,0.062850408,0.98764889,NA
AQP6,9.759425822,-0.00449166,0.063524132,0.538558259,NA
AQP7,11.20571355,0.002970899,0.063437528,0.67187397,NA
ARC,46.31454137,0.016672505,0.066150498,0.101803642,NA
AREG,12.70419046,0.016118014,0.066154797,0.071106518,NA
ARFGEF3,36.43112009,0.012696391,0.064264344,0.316642316,NA
ARGFX,50.86911986,-0.005204149,0.061518475,0.757528698,NA
ARGFXP2,13.72300902,0.00694402,0.063624681,0.443886781,NA
ARHGAP11A-SCG5,58.82761924,-0.026398124,0.069161823,0.127900499,NA
ARHGAP27P2,42.16338767,0.011099481,0.063381326,0.442765395,NA
ARHGAP28,49.85595393,-0.005287668,0.062173054,0.724593507,NA
ARHGAP29,57.69896542,0.012294718,0.062306405,0.511024575,NA
ARHGAP44,51.3331601,-0.003032606,0.061484854,0.853111952,NA
ARHGAP8,9.861079134,0.002887731,0.063343848,0.708168367,NA
ARHGEF19,53.72323419,0.006789822,0.062475268,0.640721689,NA
ARHGEF26,13.64956376,0.001281941,0.063057533,0.891601483,NA
ARHGEF34P,10.58202694,-0.000507947,0.063709896,0.743691866,NA
ARHGEF37,35.72140252,-0.006596475,0.063472594,0.491105644,NA
ARHGEF38,9.794213726,-0.004526496,0.063661946,0.464347581,NA
ARHGEF4,8.235142579,-0.002809051,0.063468344,0.670150179,NA
ARK2C,9.119689752,0.000693918,0.063298871,0.926964527,NA
ARMCX5-GPRASP2,9.525422838,0.004737768,0.06379863,0.341757564,NA
ARSI,10.42945773,-0.008058935,0.064023268,0.286298126,NA
ARSL,11.66989949,0.006197395,0.06364353,0.444213923,NA
AS3MT,15.54284285,0.002031114,0.063676412,0.569177976,NA
ASAH2,30.03231587,-0.004050234,0.063718596,0.414057642,NA
ASAP2,35.73697294,0.009363985,0.064266042,0.225290918,NA
ASAP3,21.954228,0.012736207,0.064995845,0.150728494,NA
ASB14,56.90679131,-0.03090569,0.072684663,0.062367021,NA
ASB18,10.77608091,-0.000408145,0.06316667,0.959627713,NA
ASB2,29.29197269,0.018434634,0.066259555,0.156492256,NA
ASB4,24.89081279,-0.000197042,0.062634994,0.985159022,NA
ASDURF,6.538444429,-0.003083012,0.063722919,0.418010481,NA
ASLP1,35.95741948,-0.01556706,0.064556866,0.302207396,NA
ASPDH,56.12225048,0.012747972,0.063391217,0.424846434,NA
ASPN,11.29033458,-0.005101847,0.063591433,0.487255082,NA
ASPRV1,8.487957113,-0.008252205,0.064087422,0.265164054,NA
ATAD3C,20.17365018,2.43E-05,0.062904419,0.999800811,NA
ATCAY,20.42241923,0.016286904,0.0656454,0.172667124,NA
ATF7-NPFF,13.15211469,0.001335227,0.063489347,0.819093633,NA
ATP10B,29.63357993,-0.005178834,0.062697845,0.680410121,NA
ATP13A4,11.41094212,-0.004039991,0.063638998,0.487119139,NA
ATP1A2,9.761812815,0.006002923,0.063858106,0.309238026,NA
ATP1A3,7.893002045,-0.000688512,0.063363481,0.918057703,NA
ATP1B2,13.01692974,0.000671561,0.063038436,0.943424784,NA
ATP2A1,31.6533518,0.007635707,0.06377437,0.388673955,NA
ATP5F1AP10,7.816574419,-0.005503894,0.063629229,0.463715597,NA
ATP5MC1P4,8.903155396,-0.011693985,0.064853115,0.130781712,NA
ATP5MGL,8.864234863,0.004190918,0.063487022,0.576605076,NA
ATP5PDP4,13.47315688,-0.001317593,0.063069652,0.884719972,NA
ATP6AP1L,24.80184745,9.31E-05,0.0625021,0.997386156,NA
ATP6V0CP1,26.24350006,0.001376626,0.062540689,0.91053602,NA
ATP6V1C2,27.41989829,0.00894801,0.063802804,0.377988484,NA
ATP6V1G2,17.73799826,-0.001119534,0.063050683,0.902407363,NA
ATP8A2,22.52743081,0.011189055,0.064119852,0.325740001,NA
ATRNL1,10.71423698,-0.008988254,0.064304561,0.177956937,NA
AURKC,30.43462689,0.005821851,0.062719746,0.654391368,NA
AUTS2,29.12809483,0.001201372,0.062806149,0.910872473,NA
AVPR2,30.17627232,0.004801157,0.062543874,0.716173296,NA
AXIN2,10.15820952,0.000947128,0.063204457,0.908410223,NA
B3GALT2,13.19423381,0.005558976,0.063330168,0.564699273,NA
B3GALT5,8.838975235,0.000221757,0.063329835,0.977349105,NA
B3GAT1,10.03730366,-8.73E-05,0.063255511,0.989299805,NA
B3GAT2,20.41148113,0.000708483,0.062747549,0.946965265,NA
B3GNT4,17.56288244,0.004174114,0.063452793,0.587279185,NA
B4GALNT1,8.664550467,-0.004138075,0.063690233,0.43608922,NA
B4GALNT3,36.58656044,0.010516212,0.06376991,0.387064277,NA
B9D1,46.97857935,0.017640101,0.064915413,0.284029599,NA
BAALC,24.5503114,0.013599253,0.064977625,0.195640822,NA
BACH2,26.6935734,-0.0030235,0.062956085,0.770126965,NA
BAIAP2L2,30.98338386,0.001956562,0.062331989,0.882869974,NA
BAIAP3,12.12580074,0.011449212,0.064895536,0.091596792,NA
BAMBI,46.36740021,0.012454133,0.063214114,0.443681326,NA
BANF1P2,6.443608559,0.001293629,0.063484742,0.822905187,NA
BANK1,15.04612012,-0.000779091,0.063167541,0.923870356,NA
BATF,56.21989216,0.003160032,0.061359887,0.852475349,NA
BBOF1,49.95518398,-0.040023851,0.079805585,0.039035462,NA
BCAS1,33.41475865,-0.016818185,0.065208363,0.244596481,NA
BCL11A,50.92157331,-0.002742618,0.062285861,0.830262742,NA
BCL2L15,43.78982587,-0.009618258,0.063554269,0.432919264,NA
BCO2,41.25063039,0.01130245,0.06378146,0.381744958,NA
BDNF,16.72434874,-0.001863533,0.06297866,0.848483938,NA
BEGAIN,14.11772475,-0.005617238,0.063714142,0.407380074,NA
BEND3P1,8.074422645,0.005718174,0.063696381,0.427177817,NA
BEND3P2,55.15453454,-0.008912899,0.062126373,0.597865238,NA
BEND6,23.05401864,-0.000799004,0.062507347,0.940281997,NA
BEND7,7.610683401,-0.00066587,0.063327387,0.923883231,NA
BEST3,16.31198698,0.003923998,0.063220014,0.671170135,NA
BEST4,28.59140448,0.006502067,0.062847282,0.61688847,NA
BEX1,11.19104933,0.008806742,0.063993982,0.322504034,NA
BEX2,13.47728312,-0.003058465,0.063345291,0.693763956,NA
BFSP1,25.95941262,0.00543426,0.062771807,0.663420085,NA
BGN,24.29393649,-0.019543925,0.067007153,0.105592195,NA
BHMT2,7.073431185,0.0032302,0.063576353,0.582033656,NA
BICDL1,55.5157113,0.017320069,0.06498266,0.27481724,NA
BIVM-ERCC5,7.099762757,0.001885859,0.063628728,0.654028458,NA
BLK,9.332523699,0.000489016,0.063366964,0.943770318,NA
BMP6,19.50888076,-0.001233143,0.062992824,0.897846016,NA
BMP7,49.54984371,0.008011954,0.062404547,0.604604657,NA
BMP8B,26.52936487,-0.007629648,0.063375119,0.497606993,NA
BMS1P1,15.7465525,0.011214042,0.064608972,0.191572608,NA
BMS1P10,13.36947913,-0.003404416,0.063150598,0.715339015,NA
BMS1P13,16.44235306,0.009921317,0.06405734,0.324608163,NA
BMS1P3,26.80373172,0.01284074,0.064174868,0.331073611,NA
BMS1P7,29.39539513,-0.007840228,0.062973041,0.552583715,NA
BNIP3P11,7.126190304,-9.63E-05,0.063423532,0.985740774,NA
BNIPL,13.06159148,0.007320728,0.063925932,0.314729108,NA
BOC,12.25114485,-0.0051436,0.063800537,0.331909763,NA
BPI,18.15756981,-0.007113097,0.063869267,0.342421102,NA
BRINP2,8.338241685,-0.000767791,0.063405734,0.903213635,NA
BRME1,21.78439824,-0.00440471,0.063393374,0.592823536,NA
BRSK1,15.95412985,0.000441889,0.06309968,0.961494295,NA
BRSK2,36.82169285,0.006208203,0.062629322,0.647742702,NA
BSN,42.32846844,-0.001725307,0.062471775,0.885541051,NA
BSND,9.605895256,0.003952612,0.063538361,0.563697259,NA
BTBD18,15.73815559,0.001797543,0.063032759,0.852327134,NA
BTF3L4P2,55.28185869,0.007901222,0.063055335,0.542121121,NA
BTF3P7,31.08999354,-0.022062025,0.067753779,0.115258918,NA
BTN2A3P,48.65800897,-7.52E-05,0.061309381,0.988636575,NA
BTNL8,22.17603174,0.000966165,0.062911764,0.925353198,NA
BTNL9,10.35408309,0.008624124,0.06413795,0.25293704,NA
C10orf67,17.57452263,0.007342756,0.063472727,0.481452635,NA
C11orf65,24.59087879,0.002969027,0.062738216,0.797568396,NA
C11orf96,11.4374237,0.004106443,0.063474008,0.583675983,NA
C12orf50,52.64399909,-0.044075404,0.083125098,0.040589526,NA
C12orf60,52.04259336,0.007866678,0.062179601,0.623732015,NA
C12orf75,25.32566976,0.00474132,0.062819745,0.691352535,NA
C13orf42,10.60244038,-0.000902722,0.063185408,0.907213288,NA
C13orf46,21.03883987,-0.009637866,0.064317418,0.217396643,NA
C14orf132,52.34536745,-0.015869058,0.064602694,0.297483554,NA
C16orf46,8.209855414,0.007714308,0.064146932,0.190689195,NA
C16orf89,28.35994662,0.000487235,0.062565265,0.974922871,NA
C16orf96,19.1586188,-0.027836906,0.07226504,0.0084764,NA
C17orf100,21.6586427,0.015393239,0.065222287,0.211783051,NA
C17orf107,35.38621538,-0.012784737,0.063654444,0.395639656,NA
C17orf113,27.243886,0.00255086,0.062416873,0.844924199,NA
C17orf114,15.81932847,-0.006561114,0.063477991,0.494610406,NA
C17orf67,41.12428549,0.023675473,0.068354083,0.115972258,NA
C17orf99,7.409622283,-0.004716576,0.063649955,0.461443389,NA
C19orf73,12.48246277,-0.000778892,0.063168678,0.924545589,NA
C19orf81,33.64539193,0.004984981,0.062448408,0.716531222,NA
C1orf115,36.46889608,0.001413637,0.061895621,0.924405872,NA
C1orf116,10.61475699,-0.007923503,0.063958457,0.313205353,NA
C1orf167,37.34008374,0.002298608,0.063637526,0.601590093,NA
C1orf53,44.31584168,-0.008772281,0.062504907,0.572650146,NA
C1QTNF1,8.816997829,-0.007029822,0.063963906,0.281082534,NA
C1QTNF12,17.27271873,0.012915381,0.064687158,0.238510223,NA
C1QTNF3,21.36702332,-0.007591117,0.063481897,0.470685759,NA
C1QTNF3-AMACR,6.716449654,-0.000729466,0.063709678,0.669519055,NA
C1QTNF4,7.256044503,0.004737611,0.063700728,0.431188722,NA
C1QTNF5,7.885360394,-0.007364344,0.063988139,0.275220323,NA
C1QTNF9B,13.8507486,-0.001113737,0.063055686,0.902391076,NA
C1R,35.30226273,-0.005661834,0.063152892,0.595599896,NA
C20orf144,16.08261602,-0.001208433,0.062942959,0.901733122,NA
C20orf204,9.189433316,-0.005651052,0.063698926,0.42198078,NA
C21orf140,9.464567361,0.005798141,0.063642076,0.454334206,NA
C22orf15,10.46611893,0.004627054,0.06368586,0.438472215,NA
C2CD4A,8.602461674,0.007412016,0.064026573,0.26006204,NA
C2CD4D,10.92292354,0.00082477,0.06327775,0.915080857,NA
C2orf15,21.03059025,-0.004546568,0.062796288,0.705835637,NA
C2orf50,35.88442507,0.000854886,0.06211601,0.952101413,NA
C2orf81,11.07490453,0.003463638,0.063388267,0.651222491,NA
C2orf88,33.40800974,-0.012421202,0.064250125,0.313130804,NA
C3orf80,37.13538068,0.023309918,0.067914994,0.139084951,NA
C4A,52.0369738,-0.00972198,0.063747679,0.38726887,NA
C4B,14.04279771,-0.004325145,0.063307167,0.625872856,NA
C4BPB,52.94516131,0.028259011,0.069847869,0.130544183,NA
C4orf19,17.49737105,0.01006719,0.064304706,0.242578177,NA
C5orf58,21.85331151,0.008167066,0.063470243,0.466740331,NA
C6orf163,25.8074352,-0.00687691,0.063255938,0.535482924,NA
C6orf52,13.31920567,-0.002846338,0.063086812,0.764027163,NA
C7,10.11041432,-0.010033292,0.064509619,0.152506834,NA
C7orf57,14.15577637,-0.002259915,0.06318556,0.784625881,NA
C8G,21.03912644,0.010196332,0.06397625,0.346275674,NA
C8orf34,14.76530331,0.012648877,0.064897506,0.176043253,NA
C8orf88,10.64147228,-0.006037492,0.063567265,0.475938404,NA
C9orf43,10.46693213,0.009211644,0.0643275,0.184696076,NA
C9orf50,7.909595023,-0.004163764,0.063549121,0.543259676,NA
CA12,10.43673227,-0.007128919,0.06393863,0.301336481,NA
CA13,46.95601647,0.02091168,0.067189702,0.133901116,NA
CA14,22.42546578,0.007234666,0.063582623,0.454161166,NA
CA5A,16.35198327,-0.012822972,0.06478456,0.211654038,NA
CA6,11.3889922,0.008341158,0.064004078,0.310253719,NA
CA8,34.84397401,-0.0178899,0.066590361,0.085008882,NA
CABP1,9.990810849,0.002868992,0.063322138,0.718517548,NA
CABP4,31.57878316,-0.010725158,0.063772272,0.386462506,NA
CACHD1,16.59178875,0.002640627,0.062904356,0.801825401,NA
CACNA1C,25.4942918,-0.008298153,0.064049459,0.275500193,NA
CACNA1F,14.86778114,-0.00198547,0.063128482,0.821910179,NA
CACNA1G,16.68644376,0.003385674,0.063245946,0.697113934,NA
CACNA2D2,10.0556291,-0.003173982,0.063395152,0.670609734,NA
CACNB1,51.74154339,0.016449118,0.065393982,0.212953422,NA
CACNB4,32.19336874,-0.010528405,0.064066019,0.331912539,NA
CACNG5,12.94800057,0.010701383,0.064311533,0.266078316,NA
CADM3,12.62676273,0.000502787,0.063303181,0.946256569,NA
CADM4,31.05564467,0.008870072,0.063562574,0.438557136,NA
CADPS2,21.10895208,0.001792575,0.062747777,0.872863195,NA
CAGE1,7.966058621,0.00803219,0.064175498,0.189596803,NA
CALB1,16.74975134,0.001995793,0.063293013,0.795985342,NA
CALB2,11.56419698,-0.009198316,0.064232492,0.231313347,NA
CALCR,33.3982763,-0.020160987,0.066993443,0.128156242,NA
CALCRL,25.74883809,-0.003527228,0.063036587,0.724085558,NA
CALHM1,9.700195383,0.00676753,0.063757148,0.39419808,NA
CALHM3,26.83870846,0.011686951,0.063827925,0.378634732,NA
CALHM5,22.07023371,0.001041917,0.062841292,0.922175846,NA
CALM2P2,10.9467337,-0.001295917,0.06309774,0.883619944,NA
CAMK1G,44.56127068,-0.018448125,0.066389661,0.140621268,NA
CAMK2A,15.36475196,-0.008122419,0.063743251,0.395528495,NA
CAMSAP3,42.22449226,0.006424502,0.063238853,0.556836457,NA
CAND2,7.639325014,-0.009524483,0.06444337,0.149422262,NA
CAP1P1,40.92149256,-0.010562458,0.063132853,0.475206545,NA
CAPNS2,13.28089882,-0.002632301,0.063227941,0.754654659,NA
CARD10,40.91405287,1.040683031,0.333581547,5.82E-05,NA
CARNS1,56.40841219,0.002002357,0.062664122,0.864461362,NA
CASKIN1,16.73855609,-0.009624411,0.064649128,0.036391476,NA
CASP12,35.03503679,0.006550337,0.062401659,0.654976311,NA
CASP14,10.93617534,0.009747007,0.064368481,0.19991982,NA
CASP16P,7.457363264,0.001406559,0.0634178,0.826669193,NA
CASR,23.45089519,-0.003438451,0.062721575,0.769157877,NA
CASTOR3P,20.80640342,0.004248292,0.062960765,0.698495054,NA
CASZ1,43.28442608,-0.018409462,0.066729166,0.0923614,NA
CATIP,53.27192718,-0.018166544,0.064671987,0.305766837,NA
CATSPER3,17.78463274,9.31E-07,0.062797596,0.998140996,NA
CATSPERB,12.47190065,0.00754674,0.06388682,0.338621929,NA
CATSPERE,20.84568496,-0.001456599,0.063069823,0.870994593,NA
CAV2,20.23144825,0.012020258,0.064388717,0.279293784,NA
CAVIN3,15.96464673,0.016930434,0.066272993,0.094034252,NA
CAVIN4,12.29338059,-0.003706365,0.063267253,0.670862897,NA
CBFA2T3,55.92758622,0.007717171,0.063614231,0.435868247,NA
CBLL1P1,15.61013376,-0.010852207,0.06425877,0.285447224,NA
CBX2,40.12655698,0.001697155,0.062352994,0.897544305,NA
CC2D2B,52.9612552,0.027668141,0.070645572,0.07670131,NA
CCBE1,23.90742783,-0.005273317,0.062947715,0.647553449,NA
CCDC102A,31.86496206,-0.0032323,0.062517522,0.797889378,NA
CCDC121,48.81071465,0.003257936,0.061849287,0.880290601,NA
CCDC136,39.81267427,-0.007213038,0.063309991,0.521588365,NA
CCDC138,49.37058214,-0.006069034,0.061586567,0.723613353,NA
CCDC141,27.17744976,-0.009437896,0.063325479,0.471349564,NA
CCDC144CP,11.12361124,0.00149878,0.063275125,0.847187383,NA
CCDC148,5.389581056,0.002299259,0.063589085,0.649078969,NA
CCDC180,46.86074771,0.0020493,0.062387796,0.874972625,NA
CCDC188,13.84105864,-0.00397083,0.063290417,0.651763494,NA
CCDC192,12.9495893,-0.004756301,0.063256266,0.616456782,NA
CCDC201,13.11656659,0.007943982,0.063834328,0.369178036,NA
CCDC27,29.50961545,-0.008352072,0.063013098,0.533320943,NA
CCDC38,13.79740547,-0.00426373,0.063284023,0.637951388,NA
CCDC62,25.96323891,0.00580719,0.062996976,0.618958669,NA
CCDC7,40.36905039,-0.013554985,0.064183743,0.330830605,NA
CCDC74A,53.32272002,-0.012168345,0.063128003,0.45558464,NA
CCDC74B,21.8671006,-0.006352299,0.063662201,0.432549514,NA
CCDC81,12.65751009,-0.000985885,0.063194995,0.901606754,NA
CCDC87,8.242284562,5.10E-05,0.063363467,0.996331361,NA
CCER2,8.702516045,-0.000219651,0.063304507,0.972340211,NA
CCL1,43.15766154,0.042055988,0.083489868,0.013736949,NA
CCL23,17.76894884,-0.011603637,0.064367967,0.272419873,NA
CCL28,13.02285208,-0.004107979,0.063357239,0.622313213,NA
CCM2L,11.92885537,0.012096158,0.06477202,0.182565809,NA
CCN1,11.2490779,-0.002425612,0.06342642,0.717090784,NA
CCN2,39.74036245,-0.00252896,0.062370941,0.846094186,NA
CCN3,54.63585046,0.04884777,0.089844255,0.021818986,NA
CCNB3,16.41715761,0.006020323,0.063827769,0.333192773,NA
CCNB3P1,11.02517814,-0.005129151,0.06349679,0.527767099,NA
CCNJL,32.39899175,0.00536753,0.06291112,0.648675207,NA
CCNYL1B,11.89028567,0.008140867,0.063881975,0.353240068,NA
CCR10,8.721543049,0.002426256,0.063528511,0.676478497,NA
CCR2,34.19221087,0.004177373,0.062964059,0.701421451,NA
CCR3,21.99966627,-0.015584561,0.06579283,0.11323335,NA
CCR4,15.38176441,-0.01884642,0.0670005,0.076395764,NA
CCR6,8.966769038,2.95E-05,0.063663841,0.985073099,NA
CCR7,18.54879949,0.008640807,0.063731431,0.400959735,NA
CCSER1,44.06072124,-0.029444041,0.072144755,0.050144968,NA
CCT6B,47.62553615,0.008253405,0.06243111,0.593572899,NA
CCT6P3,56.35969393,0.012088925,0.063123203,0.456457644,NA
CCT8P1,13.83835142,-0.002153352,0.06314334,0.807366279,NA
CD160,16.27802549,0.014737015,0.065810355,0.054398407,NA
CD1B,24.6471261,-0.006717757,0.063250124,0.54223101,NA
CD2,9.6417747,-0.011711753,0.064862473,0.129391406,NA
CD200R1,23.70376691,-0.013091156,0.064388303,0.297587275,NA
CD226,50.11483176,0.032706016,0.075594203,0.009594686,NA
CD24,18.05671262,0.004225038,0.063014027,0.691193401,NA
CD244,33.58647164,-0.015007693,0.064509205,0.305112897,NA
CD300H,10.17722442,0.012251597,0.065051159,0.098900605,NA
CD38,24.22594083,0.013839425,0.065319683,0.120801633,NA
CD3G,9.717728395,0.000960278,0.063252668,0.903257885,NA
CD5,18.0038786,-0.010030564,0.064502197,0.150910027,NA
CD69,11.68365054,-0.005006741,0.063521861,0.522936702,NA
CD7,13.07054125,-0.000199504,0.063121979,0.985535649,NA
CD70,11.86705864,0.005604541,0.063616269,0.470179282,NA
CD79A,11.26566166,0.003607011,0.063338853,0.661977424,NA
CDA,23.17447697,-0.001249403,0.062591867,0.914798596,NA
CDC14C,19.88580833,0.004088179,0.062951094,0.711102218,NA
CDC20B,15.45976065,0.007067861,0.063416117,0.50010244,NA
CDC42BPG,26.30961999,1.874876964,0.434135026,5.29E-07,NA
CDC42EP2,20.17719746,0.001825517,0.063169654,0.833486838,NA
CDC42EP5,25.22224082,-0.004415933,0.062888929,0.697135313,NA
CDH1,26.17231121,-0.001326866,0.063349872,0.846441012,NA
CDH11,26.87183026,-0.017343455,0.066195004,0.124428456,NA
CDH12P2,16.19946935,-0.004648867,0.063205435,0.632495386,NA
CDH13,21.36203641,-0.005974271,0.063612297,0.457124417,NA
CDH2,26.81334456,-0.007567892,0.063021935,0.553822092,NA
CDH24,37.2375682,-0.002281708,0.062277277,0.861599334,NA
CDH26,14.52856549,-0.007831321,0.063922041,0.321292454,NA
CDH3,9.553865734,-0.00050521,0.063331092,0.940190062,NA
CDH4,13.42601596,-0.002384246,0.063100221,0.795155182,NA
CDH5,7.719527119,0.004076644,0.063598277,0.522750606,NA
CDH6,14.23879033,0.004416917,0.063264502,0.63490197,NA
CDH7,11.55621259,-0.00310775,0.063367,0.683462102,NA
CDH8,19.18167624,0.000990399,0.06300337,0.918814162,NA
CDHR2,10.23746475,0.007958001,0.064311394,0.077043845,NA
CDHR3,14.2672011,-0.006179353,0.063763046,0.378073759,NA
CDHR5,9.769952383,-0.005015803,0.063738324,0.397659155,NA
CDKL4,10.09168315,-0.00136087,0.063329641,0.845808873,NA
CDNF,29.76437613,0.005546322,0.062772195,0.658999916,NA
CDO1,44.81893416,-0.737323077,0.27798983,0.000268606,NA
CDON,37.86618786,0.008728232,0.062949974,0.531776435,NA
CDPF1P1,25.59391843,0.000114791,0.062427607,0.993725395,NA
CDRT4,28.00176196,0.00060261,0.063592007,0.890667074,NA
CEACAM1,23.64552765,-0.020918725,0.068097389,0.038972754,NA
CEACAM4,11.49275429,-0.001507983,0.063214452,0.852246006,NA
CEACAM8,14.80949463,0.003967325,0.063298717,0.649158634,NA
CEBPE,30.44118295,0.014129753,0.064566862,0.286702104,NA
CEL,12.20938123,0.003473544,0.063356057,0.665214733,NA
CELF3,9.82834677,0.004461311,0.063448714,0.575389919,NA
CELF4,5.551551088,0.002822923,0.063605528,0.585810505,NA
CELF5,12.27378722,0.005550702,0.063568449,0.484296068,NA
CEMIP,37.53562299,-0.016395197,0.065391322,0.212436569,NA
CEND1,17.8136401,0.009927606,0.064221729,0.273309342,NA
CENPNP1,8.333150659,-0.004411543,0.063489328,0.561453236,NA
CENPS-CORT,22.08835542,0.00971956,0.064393012,0.189617693,NA
CEP126,16.52203271,-0.004083456,0.063230069,0.657768695,NA
CEP295NL,55.9633165,-0.006501424,0.062368122,0.655059151,NA
CERKL,9.21178955,-0.002583037,0.063352053,0.729522436,NA
CETP,9.977380946,0.001420617,0.063338715,0.843720331,NA
CFAP107,10.71531564,-0.013726125,0.065405992,0.091597215,NA
CFAP157,39.99578208,-0.008188607,0.063216939,0.507122872,NA
CFAP20DC,16.89446921,-0.003946504,0.063200819,0.670072222,NA
CFAP221,22.40635303,0.002170756,0.062950879,0.831302186,NA
CFAP263,44.19675325,-0.004652275,0.062422258,0.730769785,NA
CFAP45,13.57147743,0.000342403,0.063120452,0.970131269,NA
CFAP53,18.65911697,0.007320973,0.063395418,0.498610074,NA
CFAP54,52.81165652,0.005973479,0.062147396,0.694222577,NA
CFAP58,13.17145249,0.008892167,0.063949589,0.337700768,NA
CFAP61,9.575185697,-0.002504314,0.063357582,0.73325026,NA
CFAP70,33.41188404,-0.009801088,0.063701281,0.398569639,NA
CFAP73,7.074594742,-0.004800114,0.063743578,0.396795286,NA
CFAP74,23.20546219,0.005497586,0.062827847,0.655050098,NA
CFAP92,52.56411132,0.036565609,0.076367707,0.058650077,NA
CFAP97D1,20.410972,0.002532109,0.062868386,0.814596993,NA
CFHR2,8.800381106,0.00400857,0.063480557,0.587438463,NA
CFHR4,9.393039283,0.006502753,0.063801918,0.368706841,NA
CFI,7.626589102,0.006528565,0.063849753,0.341730681,NA
CFL1P1,7.530865464,0.008755694,0.064275226,0.188534319,NA
CFP,25.60150803,0.007571595,0.063650473,0.424108563,NA
CGN,13.5099888,0.000885778,0.06314299,0.918793135,NA
CGREF1,16.32855215,-0.006872763,0.063564398,0.465790195,NA
CHADL,16.91546866,0.001862473,0.063136048,0.835578912,NA
CHAT,15.8068895,-0.009347715,0.064110449,0.29177111,NA
CHCT1,15.70737392,0.000574785,0.063265875,0.93449205,NA
CHD9NB,31.60726055,-0.001815922,0.062571685,0.877931218,NA
CHDH,50.54352411,0.008741349,0.063209666,0.500332398,NA
CHGB,12.03390207,0.003837435,0.063295373,0.658397962,NA
CHMP4C,32.78927723,-0.002991221,0.062147928,0.831105306,NA
CHN1,21.5330838,-0.001400434,0.062651464,0.902737656,NA
CHP2,21.77123398,0.003479202,0.062637206,0.77667235,NA
CHRD,13.02840106,0.001722768,0.063197369,0.837565926,NA
CHRM3,19.55277356,0.021790033,0.068458923,0.039284798,NA
CHRM5,13.77280632,-0.002927021,0.063097708,0.756160125,NA
CHRNA10,22.72564864,-0.009137072,0.063479925,0.44808034,NA
CHRNA5,27.78312397,-0.006247459,0.062999664,0.596080378,NA
CHRNB2,12.8006388,0.00917294,0.064203051,0.247550136,NA
CHRNB4,15.15560126,0.004909885,0.063265222,0.608896754,NA
CHRND,9.792883052,0.012723034,0.065441444,0.011281875,NA
CHRNE,16.30632232,-0.005110855,0.063164134,0.615058192,NA
CHRNG,8.188801786,0.0028536,0.063422531,0.689275582,NA
CHST3,25.75357304,0.018737323,0.066338862,0.158983526,NA
CHST5,16.18074317,0.025004198,0.070328931,0.018942027,NA
CHST6,25.95843533,-0.005851377,0.062883838,0.631048568,NA
CHSY3,41.70226513,-0.000430543,0.062601483,0.969384543,NA
CHURC1-FNTB,17.73459542,0.00038819,0.063680923,0.88307316,NA
CIART,45.33670759,0.003196459,0.061994309,0.829053244,NA
CIB2,19.31393775,-0.00053314,0.06283978,0.957708418,NA
CIBAR2,9.922499147,-0.006037537,0.063716818,0.413519661,NA
CICP15,10.16958065,0.003695076,0.063756358,0.36733622,NA
CICP16,18.11617571,0.012470339,0.064509242,0.265045984,NA
CIDEB,31.23217371,0.010448025,0.063989546,0.34648359,NA
CILP,27.61606258,0.0099543,0.063489961,0.440549405,NA
CILP2,11.36189878,-0.001115479,0.063106681,0.898808253,NA
CIMAP1C,16.25929407,0.007665731,0.063708646,0.413667237,NA
CIROP,7.037277281,0.004151158,0.063622639,0.506250726,NA
CITED4,35.51498374,-0.005760861,0.062413938,0.684145613,NA
CKM,9.142591527,-0.005533732,0.063672396,0.439719462,NA
CKMT1A,9.539481786,0.001910648,0.063366708,0.786325136,NA
CKMT1B,12.74916926,0.004173207,0.063622451,0.50073653,NA
CKMT2,10.7485045,0.003174215,0.063566221,0.589826991,NA
CLC,7.618800977,0.004276399,0.063615178,0.505635215,NA
CLCF1,29.63432466,0.00339485,0.062735779,0.772864911,NA
CLCN1,30.95785211,0.006266926,0.062811776,0.620267798,NA
CLCNKA,31.06773804,0.004668665,0.063277925,0.613916155,NA
CLCNKB,9.276313687,0.001917975,0.063263516,0.810497123,NA
CLDN10,13.0011026,-0.006700023,0.063627646,0.445853958,NA
CLDN11,14.98709427,-0.00153826,0.063058361,0.867190697,NA
CLDN14,32.14761557,-0.000240424,0.062311926,0.984007954,NA
CLDN18,34.6883311,-0.002845659,0.062299681,0.831938885,NA
CLDN20,9.355743127,0.008098407,0.064077172,0.261761811,NA
CLDN3,12.67777093,0.004133042,0.063334546,0.631111502,NA
CLDN7P1,19.67821729,-0.015623397,0.065586504,0.155225309,NA
CLDND2,12.51925153,0.011966738,0.064742604,0.185038141,NA
CLEC10A,46.08999734,0.031198831,0.072167271,0.088472409,NA
CLEC17A,42.1042134,0.003513771,0.061980564,0.815498283,NA
CLEC18A,37.99900894,0.012562035,0.063833323,0.378279679,NA
CLEC19A,21.2475523,0.009492369,0.063690707,0.4024461,NA
CLEC1B,40.28635861,-0.008274145,0.062508841,0.586811662,NA
CLEC3B,58.37759754,-0.007651598,0.061803831,0.656593997,NA
CLEC4E,35.96646605,0.028615497,0.071988057,0.035968423,NA
CLEC6A,7.965335146,-0.005180376,0.063740844,0.395779566,NA
CLECL1P,42.07070841,-0.00123427,0.062096526,0.928483904,NA
CLIC2,9.693002417,0.003144958,0.063471391,0.642654423,NA
CLIP3,40.77054411,0.004774614,0.063007424,0.663110162,NA
CLMP,39.87769047,0.013633983,0.064797202,0.235768317,NA
CLNK,8.494665921,0.011816515,0.064997891,0.083061627,NA
CLSTN2,37.64551519,0.006219184,0.062260765,0.680625344,NA
CLUHP3,28.9060412,0.01512547,0.065146364,0.217866171,NA
CLUL1,14.5038591,-0.017277974,0.06675874,0.027935551,NA
CLVS1,14.03433446,0.002812502,0.063393116,0.699437857,NA
CLXN,15.29630002,-0.002895753,0.063074607,0.762573565,NA
CMTM2,9.071442588,0.007884057,0.063934233,0.328437977,NA
CMTM8,9.286220911,-0.00608681,0.063685705,0.428394825,NA
CMYA5,29.2284832,-0.021394735,0.067987922,0.068819357,NA
CNBD1,8.987301396,0.002728258,0.063469727,0.67922492,NA
CNBD2,39.77355695,0.01321137,0.06392278,0.364760152,NA
CNDP1,11.34093183,0.00417112,0.063328895,0.630787471,NA
CNGB1,23.78270965,-0.002802048,0.063374009,0.699573047,NA
CNKSR2,51.30119629,0.004919846,0.061823617,0.757053904,NA
CNN1,12.69249473,0.000570498,0.063265753,0.944249887,NA
CNN2P9,15.80378711,0.004466111,0.063221413,0.639706838,NA
CNN3,30.75492201,0.019075024,0.066211884,0.181412829,NA
CNR1,54.08432829,0.010246248,0.063377064,0.456419847,NA
CNR2,13.45937724,0.004093055,0.063388117,0.616696526,NA
CNTD1,32.58619453,0.005623158,0.062446059,0.687927321,NA
CNTF,20.10338407,-0.004947612,0.063083518,0.642469803,NA
CNTN2,8.453253713,-0.002400318,0.063376298,0.738893193,NA
CNTNAP1,54.71545014,0.001625637,0.062507233,0.895902224,NA
CNTNAP2,18.06180749,0.006937146,0.063274695,0.532423425,NA
CNTNAP3,22.79208423,-0.002084558,0.063658357,0.581188984,NA
CNTNAP4,22.05231983,0.010137278,0.064128369,0.30638828,NA
COBL,20.2936443,-0.013598002,0.065148901,0.151116732,NA
COBLL1,22.00770186,-0.002654938,0.063227776,0.751923502,NA
COL11A2,20.81012984,0.01141297,0.064419659,0.254892336,NA
COL14A1,10.50951785,0.004230113,0.063474665,0.574198711,NA
COL16A1,11.42037864,-0.000779071,0.063170032,0.92403384,NA
COL19A1,10.5770562,-0.004048063,0.063317433,0.640566152,NA
COL24A1,18.25919798,0.000782889,0.063357093,0.923055845,NA
COL28A1,9.86237133,0.000788761,0.063373572,0.90689837,NA
COL4A3,20.51992306,-0.000648154,0.062746404,0.952029931,NA
COL4A5,9.596949252,-0.001296728,0.063452291,0.829001563,NA
COL6A4P2,14.97667769,-0.013222825,0.065154254,0.132884493,NA
COL8A1,16.90048412,-0.010222243,0.064221437,0.274388939,NA
COL9A1,14.47591083,0.001416878,0.06311808,0.873756639,NA
COLGALT2,58.88189128,-0.018804061,0.064787487,0.30011132,NA
COPZ2,50.03502437,0.010480135,0.062341922,0.545439606,NA
CORIN,27.41276187,0.009577797,0.063462852,0.44891469,NA
CORO6,47.11868406,-0.014425946,0.064934474,0.226101422,NA
CORO7-PAM16,28.46631315,0.00197331,0.063698636,0.506281406,NA
CORT,10.22881607,-0.004771255,0.063462495,0.557625103,NA
COX6B2,8.339183638,0.011695349,0.064943921,0.097709382,NA
COX7A1,11.50601897,0.0093453,0.064114758,0.291346957,NA
CP,23.82857229,-0.010407285,0.064349698,0.233123771,NA
CPA4,8.017421084,-0.01481058,0.065912644,0.040041394,NA
CPAMD8,33.01371678,-0.011458211,0.064097574,0.32796263,NA
CPB1,18.59167986,-0.00259986,0.06291078,0.805349676,NA
CPB2,19.08722462,-0.006512016,0.063527959,0.478608658,NA
CPN2,24.7228595,0.020323996,0.06720402,0.114040812,NA
CPNE9,19.54502199,-0.006772649,0.063491021,0.483450379,NA
CPT1C,14.50072693,0.000468141,0.063281661,0.95076688,NA
CPXM1,31.38589945,-0.003960246,0.062454788,0.762415661,NA
CPZ,14.34830192,0.015388551,0.066035851,0.049098339,NA
CR1L,11.37615661,-0.005721559,0.063561026,0.484925564,NA
CR2,18.76688296,0.004099087,0.063026123,0.696872553,NA
CRACD,58.38162239,-0.00272403,0.062263728,0.839279778,NA
CRB2,6.939007456,-0.002598032,0.063524601,0.662621334,NA
CREG2,50.80638817,-0.005823394,0.061561402,0.732548216,NA
CRHR2,9.7952946,-0.009295322,0.064313127,0.196615302,NA
CRISPLD1,20.48572899,-0.008020021,0.063761732,0.384294209,NA
CRISPLD2,32.47637644,-0.000310528,0.062663971,0.976695999,NA
CRLF1,55.75300243,0.022170261,0.066395441,0.221730435,NA
CRMP1,50.30529139,0.027804622,0.070009429,0.11485142,NA
CROCCP4,7.063032301,0.003166666,0.063698032,0.468559572,NA
CRPPA,25.91557368,0.004641153,0.063260266,0.62047863,NA
CRTAM,16.00341606,-0.002694109,0.063343541,0.720060644,NA
CRTC1P1,33.0629558,-0.011678143,0.063722512,0.393715208,NA
CRX,14.02722226,0.003143887,0.063165269,0.733279856,NA
CRYGS,53.0568456,0.000714668,0.061515544,0.965780008,NA
CRYZP1,8.419074297,0.000471101,0.063398967,0.94237853,NA
CSMD1,9.39347721,0.006927017,0.06393368,0.293226816,NA
CSMD2,8.870660513,0.004453183,0.063641857,0.466487164,NA
CSMD3,19.35294991,0.008460049,0.063649248,0.42351443,NA
CSPG5,21.95597299,-0.009098462,0.063538046,0.439824959,NA
CSRP2,35.36174632,0.004538908,0.06270138,0.71941649,NA
CST6,19.20135829,0.003204279,0.062925431,0.764629014,NA
CT45A5,7.730860999,0.005567146,0.063743415,0.398888172,NA
CTAGE4,9.583085061,-0.001346035,0.063537872,0.792521271,NA
CTAGE7P,7.998230518,0.006911728,0.063851149,0.349775106,NA
CTAGE8,10.29428369,-0.000301852,0.063434161,0.95760086,NA
CTBP2P10,34.80383243,-0.00078872,0.062118099,0.952487536,NA
CTBP2P9,34.80383243,-0.00078872,0.062118099,0.952487536,NA
CTCFL,19.50885914,-0.006440713,0.063198406,0.560665224,NA
CTDNEP1P2,10.25273089,0.003500277,0.063337563,0.667806788,NA
CTF1,34.5583379,0.007261602,0.063224383,0.534420635,NA
CTH,46.89566371,0.003100649,0.062147553,0.827366731,NA
CTNNA3,7.370073371,-0.000527328,0.063296842,0.941002028,NA
CTRL,24.10727833,0.009911928,0.063862047,0.369320847,NA
CTXN1,15.13622735,0.002694457,0.063084158,0.778151257,NA
CUTALP,28.88267212,-0.001794129,0.062465448,0.883974008,NA
CUX2,14.23656821,-0.013542609,0.065140087,0.152700922,NA
CX3CL1,10.590728,0.007371286,0.063797382,0.375369407,NA
CXCL11,28.62050882,0.023006455,0.069018561,0.038776715,NA
CXCL12,20.36235131,-0.001247191,0.062858897,0.904439422,NA
CXCL6,13.18064687,0.024974151,0.070508404,0.009797191,NA
CXCL9,12.53741984,0.019409939,0.067470152,0.041135016,NA
CXCR3,6.50575258,-0.00105589,0.063503275,0.845825841,NA
CYP1A2,26.61774101,-0.000333501,0.062373413,0.977924939,NA
CYP27C1,15.77007239,-0.006876397,0.063575131,0.458141897,NA
CYP2C19,11.58611094,0.003807498,0.063325602,0.65271936,NA
CYP2C9,10.60763266,0.001642582,0.063258969,0.836728892,NA
CYP2D6,28.2353738,-0.001831222,0.062399166,0.885770754,NA
CYP2D8P,11.83005067,0.007373189,0.064033098,0.257462162,NA
CYP2E1,21.37934725,0.007432777,0.063934402,0.313696038,NA
CYP2T1P,27.0041839,-0.017460237,0.065828788,0.184457731,NA
CYP3A43,7.853911849,0.006905677,0.06393911,0.296402403,NA
CYP4A22,10.09210044,0.013710824,0.065347393,0.110010079,NA
CYP4F11,7.102923097,-0.005093547,0.063689817,0.435512603,NA
CYP4F27P,32.86413308,0.005003941,0.062455432,0.715801898,NA
CYP4F3,30.91769886,0.007640302,0.06400131,0.280203042,NA
CYP4F62P,16.44503682,-0.007652027,0.063614465,0.437300777,NA
CYP4F8,16.56031598,0.003818796,0.062915386,0.728128173,NA
CYSLTR2,18.49546954,0.006518729,0.063738893,0.393576561,NA
CYSRT1,24.64380188,-0.008523743,0.06331939,0.487114752,NA
CYTL1,24.22192185,0.010087,0.063929872,0.355815431,NA
DAB1,8.806320793,-0.005822286,0.063829529,0.329696259,NA
DAB2IP,53.74270969,-0.010522249,0.063874243,0.373086463,NA
DAPK2,42.19430332,0.005898248,0.062619869,0.660781061,NA
DBH,13.82966754,-0.003667936,0.063215786,0.686108957,NA
DBNDD1,35.09388195,-0.006528362,0.062630155,0.632926199,NA
DCAF4L1,32.40654735,-0.00883284,0.062981162,0.526621736,NA
DCANP1,22.45143344,0.003601916,0.063552789,0.575231149,NA
DCC,12.9558354,0.005227217,0.063398085,0.560341751,NA
DCDC1,31.79382958,-0.013538409,0.064577114,0.265588728,NA
DCDC2,22.12068846,-0.005727808,0.06317527,0.589309977,NA
DCDC2B,25.7185535,0.002331063,0.062680162,0.842192132,NA
DCHS2,15.46929009,-0.011842152,0.064747621,0.168994001,NA
DCST1,12.89235046,-0.00024169,0.063201858,0.984773732,NA
DCX,5.339210895,-0.003558033,0.063705935,0.440133088,NA
DDAH1,11.45530286,-0.005949673,0.063690258,0.421286512,NA
DDN,7.494485721,0.006601256,0.063871941,0.331642987,NA
DDO,26.64594149,-0.00172545,0.062412917,0.890661862,NA
DDR2,22.83086586,-0.003242744,0.063024847,0.74568531,NA
DDTL,22.70642931,0.015013239,0.065853294,0.068877984,NA
DDX10P1,21.98600584,0.001772477,0.062676572,0.879229648,NA
DDX11L1,7.007862586,0.001768328,0.063549022,0.736432004,NA
DDX25,10.39552828,-0.001061077,0.063317552,0.882603546,NA
DDX50P1,20.20369339,0.008680817,0.063475396,0.458744846,NA
DEFB105A,12.59047499,0.003915076,0.063245684,0.6650773,NA
DENND2A,10.37562515,-0.012693198,0.065135047,0.104662289,NA
DEPDC4,27.11092068,-0.023986144,0.069475076,0.038657482,NA
DGKG,43.39407417,0.019642439,0.067120217,0.094713097,NA
DHRS2,21.96071006,-0.009832663,0.063772798,0.38966328,NA
DIO1,20.03971018,-0.001954994,0.063028504,0.835737348,NA
DIPK2B,29.18733443,0.015472442,0.064893375,0.26218097,NA
DKK3,11.07594627,0.006142664,0.063702485,0.416849156,NA
DLEC1,32.0378737,-0.016217239,0.065920331,0.114623165,NA
DLG2,48.77084629,-0.012505612,0.06271392,0.477445928,NA
DLGAP1,13.89672055,0.007718709,0.063987286,0.287544736,NA
DLGAP2,17.46760929,0.005798255,0.063432142,0.526474829,NA
DLGAP3,42.63552903,0.008888025,0.062881793,0.538179296,NA
DLK1,13.71504344,-7.66E-05,0.063432718,0.989378951,NA
DLK2,26.47458725,0.004070049,0.062638045,0.747230485,NA
DLL1,36.49260604,0.015846037,0.065608949,0.161677247,NA
DLX6,19.65974528,-0.002366743,0.062894408,0.820377635,NA
DMC1,38.07077153,0.017370434,0.066239168,0.117085504,NA
DMGDH,8.356634969,-0.004065867,0.063567887,0.538106923,NA
DMP1,13.22335939,-0.000427169,0.063092198,0.958753997,NA
DMRTA1,16.26511224,-0.009368655,0.063833808,0.376464664,NA
DNAAF1,14.54667841,-0.00154281,0.06307069,0.864838024,NA
DNAAF11,38.01889371,0.008167237,0.062982592,0.54171056,NA
DNAAF3,26.25233386,-0.005928263,0.063327597,0.546353679,NA
DNAAF8,27.51346447,-0.001237617,0.062857714,0.90434042,NA
DNAH11,33.78447771,0.004352192,0.062513745,0.738778335,NA
DNAH12,15.08634591,-0.009100679,0.063926369,0.347768766,NA
DNAH2,8.437834668,0.006276592,0.063766229,0.3898496,NA
DNAH3,9.196265796,-0.000295419,0.063259647,0.967834857,NA
DNAH7,19.17394548,0.005825213,0.063738364,0.397115587,NA
DNAI3,53.2562391,0.00315151,0.061606101,0.842536919,NA
DNAJB13,27.73416002,-0.008579753,0.063418145,0.469621342,NA
DNAJB7,8.321695253,-0.006997555,0.063939489,0.299542788,NA
DNAJC12,22.55624561,0.017839724,0.066275594,0.135184561,NA
DNAJC19P5,10.12514248,0.001027094,0.063274944,0.894118197,NA
DNAJC22,17.74497236,0.015849184,0.065889657,0.105252822,NA
DNAJC5B,8.414414991,-0.002577309,0.063513851,0.659522692,NA
DNAJC6,37.45605486,-0.014877945,0.064920943,0.241266239,NA
DNASE1L2,19.84761203,0.009017125,0.063619815,0.426378959,NA
DNASE1L3,17.05806839,-0.009379727,0.063884016,0.362574264,NA
DND1,11.26360318,0.004959729,0.063729473,0.410258595,NA
DND1P1,42.37702941,0.022982094,0.067571826,0.156410172,NA
DNMT3L,8.099785881,0.002932585,0.063572228,0.608340937,NA
DOC2B,8.794029106,0.004077789,0.063587897,0.530669966,NA
DOC2GP,28.4747033,-0.008096037,0.063047796,0.536231917,NA
DOCK9,23.00814963,-0.003405085,0.063596661,0.540507815,NA
DOK4,41.52713423,-0.006215717,0.062966175,0.602717404,NA
DOK6,8.819050373,0.005407464,0.063875477,0.260378966,NA
DOK7,10.60551048,-0.023572529,0.069941309,0.003137507,NA
DPF1,25.62629952,-0.00533796,0.063282173,0.579654817,NA
DPF3,25.1093457,-0.001909085,0.063031418,0.838894355,NA
DPP6,9.230759467,-0.001003827,0.063200001,0.900556904,NA
DPPA4,9.781936087,-0.001873572,0.063525104,0.73011867,NA
DPRXP4,16.17171466,-0.007902472,0.063550286,0.449480988,NA
DPY19L1P1,27.65992712,-0.004465937,0.062512911,0.732965434,NA
DPY19L2,27.20295958,0.008640005,0.063353357,0.484514662,NA
DPY19L2P3,55.08731538,-0.021488355,0.066398251,0.213575392,NA
DPY19L2P5,17.84311376,-0.000576165,0.062960276,0.951606275,NA
DPYSL4,9.772162854,0.006581807,0.063868289,0.325072163,NA
DRAXIN,44.71357646,0.01504714,0.064245246,0.337956333,NA
DRC12,45.70939857,-0.004481732,0.061887759,0.770439519,NA
DRC7,15.76115376,0.014011254,0.065290223,0.142566067,NA
DRD4,13.58913952,-0.006486129,0.063811725,0.35358898,NA
DRP2,7.104582573,0.002386261,0.063469489,0.709058045,NA
DSC3,16.01563853,0.002923927,0.063309877,0.714955947,NA
DSEL,40.59158112,-0.003630063,0.062327514,0.782946789,NA
DSG2,15.82887339,5.44E-05,0.062834352,0.996622587,NA
DSG3,8.233902493,0.001000132,0.063303541,0.89329851,NA
DSTNP1,42.81513404,-0.01050365,0.06329359,0.457337484,NA
DSTNP2,45.38405782,-0.005133878,0.061737195,0.744471798,NA
DUOX1,23.723283,0.01544832,0.065571121,0.148422542,NA
DUSP15,16.32722585,-0.00041541,0.062928675,0.965466021,NA
DUSP19,26.49950079,0.001643164,0.062529439,0.893749688,NA
DUX4,11.88886927,0.011628597,0.064714035,0.178830081,NA
DUX4L50,24.51661516,0.022543606,0.068316391,0.082567293,NA
DYDC2,11.08517079,0.00231182,0.063232705,0.782243405,NA
DYNAP,31.3889128,0.020599969,0.066988348,0.145158532,NA
DYNC1I1,19.07806878,-0.004959393,0.063025988,0.649772303,NA
DYNLT2,29.46192396,-0.002708563,0.062511393,0.826810549,NA
DZIP1,36.80528503,-0.004536441,0.063106695,0.656611046,NA
EBF4,10.35557581,0.010942863,0.064671521,0.148528039,NA
EBLN2,24.00881113,0.632960667,0.463671092,0.003337218,NA
ECM2,19.71629742,-0.001118165,0.063032919,0.902947469,NA
ECSCR,8.615915696,-0.001691701,0.063470566,0.778935231,NA
EDDM13,19.4813885,-0.002157948,0.062828476,0.840391797,NA
EDIL3,24.8117759,-0.012249544,0.064437444,0.27402441,NA
EDN1,22.92386826,0.005043371,0.062966112,0.657047367,NA
EDNRA,12.34829726,1.058267546,0.647462495,0.001978188,NA
EEF1A1P11,9.51771815,0.004458177,0.063524698,0.546538954,NA
EEF1A1P13,7.655829637,-0.004242248,0.063617777,0.50295175,NA
EEF1A1P19,15.1043489,-0.009370907,0.064061701,0.309489323,NA
EEF1A1P3,12.04747006,0.01009074,0.064284832,0.256336393,NA
EEF1A1P6,52.84633917,0.000209987,0.061494233,0.99122492,NA
EEF1A2,45.4912187,0.027162083,0.069498726,0.126417308,NA
EEF1DP2,8.240896349,-0.007469439,0.063950274,0.309110711,NA
EFCAB10,13.81780548,0.002317322,0.063300405,0.768298243,NA
EFCAB12,55.91032112,0.004306771,0.062208409,0.766087463,NA
EFCAB3,15.97539921,0.000104492,0.062935289,0.993071895,NA
EFCAB5,40.60150592,0.0088784,0.062735648,0.554306348,NA
EFCAB6,18.22298931,0.00139154,0.063056826,0.880650354,NA
EFCAB7,48.63056419,-0.01475773,0.0640887,0.345499909,NA
EFHB,8.000421879,-0.003866544,0.063612164,0.5143367,NA
EFNA3,34.70768265,-0.014636901,0.064907169,0.240345098,NA
EFNA4-EFNA3,10.20563661,-0.002050547,0.063445011,0.74979863,NA
EFNB2,22.51593714,0.005433531,0.063333105,0.571110731,NA
EGF,10.1383942,0.001789317,0.063425109,0.783940863,NA
EGLN1P1,14.37764496,-0.002099939,0.063238674,0.797806941,NA
EGLN3,11.09950937,0.004323861,0.063464648,0.574706395,NA
EID2B,59.03841442,0.002054443,0.062132753,0.884373911,NA
EID3,12.95294113,0.00318559,0.063254031,0.712678643,NA
EIF2S2P1,10.81669416,-0.010468717,0.064481107,0.197754299,NA
EIF2S3B,7.305658594,0.004580264,0.063612189,0.497735232,NA
EIF3FP3,22.56916496,-0.009840335,0.063749373,0.393132327,NA
EIF4EP1,14.37754939,0.007539105,0.063667394,0.425310871,NA
EIF5AL1,53.0045617,0.010191493,0.062321585,0.553707509,NA
ELAPOR1,26.82307438,0.00652249,0.063098391,0.578076526,NA
ELAVL4,15.03398727,0.003251058,0.063043013,0.745725757,NA
ELF3,11.74313528,-0.003180963,0.063454061,0.643958149,NA
ELF5,40.40540877,0.006248973,0.062722073,0.636894485,NA
ELFN1,36.85538235,-0.01561122,0.065421052,0.187723686,NA
ELL3,40.82276441,0.02990691,0.072248842,0.057408703,NA
ELN,13.59361862,0.013372733,0.065096083,0.157539449,NA
ELOCP19,14.99755643,0.001027518,0.062842284,0.924299986,NA
ELOVL3,10.71406135,-0.014782577,0.065705201,0.086501332,NA
EMC3-AS1,9.701991648,0.000410818,0.063380883,0.952179915,NA
EMCN,9.797059551,0.002831816,0.063402522,0.695814013,NA
EMID1,7.317961652,0.001797772,0.063406972,0.789100541,NA
EML6,39.68929166,-0.013819302,0.065276994,0.131561258,NA
ENDOU,7.659534046,-0.001322169,0.063396135,0.839951506,NA
ENHO,37.90672286,-0.038403975,0.079784759,0.017283674,NA
ENOX1,24.564271,0.014211941,0.06460403,0.282928569,NA
ENPP1,48.32397395,0.006089455,0.062822136,0.628995806,NA
ENPP6,13.34030744,-0.003803626,0.063191995,0.682817722,NA
ENPP7P1,10.96289894,0.002931427,0.063311657,0.715745482,NA
ENPP7P11,10.74144844,-0.002652044,0.063198555,0.759639096,NA
ENPP7P8,10.07536872,-0.005073187,0.063502868,0.529305913,NA
ENTHD1,13.65790279,-0.006687777,0.06347894,0.490641238,NA
ENTREP1,10.4044881,-0.004449667,0.063360089,0.604901644,NA
EPB41L5,22.09288625,0.012338848,0.065019765,0.112537461,NA
EPCAM,16.91279495,0.001785621,0.063125611,0.842003139,NA
EPCIP,11.20470507,-0.004628111,0.063405152,0.581098683,NA
EPGN,12.34623692,-0.000559519,0.063220851,0.942003419,NA
EPHA10,9.262547474,0.011866717,0.065037495,0.071761326,NA
EPHA6,7.517465412,-0.004269399,0.06356854,0.528650061,NA
EPHB4,15.42554966,0.000100639,0.062992072,0.993042134,NA
EPHX2,36.49040975,0.016323511,0.06553256,0.191801044,NA
EPHX4,6.198081837,-0.008600678,0.064342356,0.130346039,NA
EPPIN,17.70412656,-0.017908266,0.066464643,0.10942286,NA
EPS8L2,33.31750578,0.016740856,0.06558429,0.195501292,NA
ERC2,10.09555562,-0.007489663,0.064127383,0.181393039,NA
EREG,35.62745463,-0.002738187,0.062335054,0.834875593,NA
ERICH6B,7.979494209,0.003471072,0.063493364,0.613358008,NA
ERMN,43.07913047,0.011188959,0.064184871,0.306952821,NA
ERN2,12.83876665,0.000846795,0.063093092,0.925622459,NA
ERP27,13.91663573,-0.005780428,0.063477268,0.512822776,NA
ERVH48-1,24.05399312,0.002629581,0.062494845,0.834864494,NA
ERVMER34-1,34.54180209,0.006771449,0.062582451,0.628919654,NA
ERVV-2,8.958673724,0.005327602,0.063581469,0.491847266,NA
ESAM,11.69382551,-0.005655783,0.06357008,0.481340188,NA
ESPN,16.4512279,-0.002442411,0.063348539,0.739227754,NA
ESR2,28.85515034,0.006487867,0.062678478,0.631079537,NA
ESRP2,31.20508112,-0.002030308,0.062671042,0.858714722,NA
ESRRB,10.67226695,-0.011777015,0.064835831,0.140920414,NA
ESYT3,15.1069994,0.000102716,0.063262949,0.993740836,NA
ETV2,9.526450764,-0.009939835,0.064469119,0.168680684,NA
ETV4,21.83429147,0.000351261,0.063088051,0.970069889,NA
ETV7,22.29967301,0.003722867,0.062739057,0.753739399,NA
EVA1C,14.82072345,-0.000878808,0.063256703,0.906353651,NA
EVC2,45.44798218,-0.005698519,0.06223116,0.700308623,NA
EXOC3L1,25.07712178,0.011138403,0.06402714,0.343295822,NA
EXOC3L2,16.26761577,0.011969117,0.064492852,0.254674957,NA
EXPH5,15.5646391,0.010832559,0.064252402,0.288167475,NA
EXTL1,24.30069782,0.001353393,0.062918262,0.894418797,NA
EYS,21.51756042,-0.010167258,0.06384871,0.372640434,NA
F12,25.91975228,0.009227967,0.063674365,0.412030201,NA
F2RL1,9.952420768,-0.006117182,0.063751844,0.39431853,NA
F2RL3,20.91510304,-0.002238642,0.062817698,0.835741594,NA
F5,13.87848386,-0.003999213,0.063402677,0.610179045,NA
FA2H,49.40481154,0.027665857,0.069942415,0.114820619,NA
FABP2,15.4346384,-0.010416221,0.064168353,0.299125637,NA
FABP7,8.844517381,-0.005643015,0.063695027,0.427565085,NA
FADS6,11.32369532,-0.002508526,0.063381053,0.725483728,NA
FAHD2B,57.41444134,-0.007034459,0.061563516,0.688192565,NA
FAHD2CP,9.592934671,0.013232594,0.065319853,0.086605594,NA
FAIM2,50.39071212,-0.010022669,0.063614409,0.407504525,NA
FAM110D,8.684804176,-0.004151389,0.06350749,0.565986819,NA
FAM124A,31.43793277,0.016012769,0.065671872,0.15821172,NA
FAM135B,37.67127271,0.008610182,0.063898363,0.343943997,NA
FAM149A,33.07104407,-0.003161055,0.062955502,0.760988471,NA
FAM151A,45.94686666,0.005547412,0.061728589,0.736170157,NA
FAM153A,23.81392555,-0.000805401,0.063390701,0.897748849,NA
FAM167A,23.93492544,-0.006126055,0.063381904,0.527461253,NA
FAM171A2,18.48139822,-0.003119084,0.063113098,0.740812826,NA
FAM180B,8.407040906,-0.004499819,0.06354569,0.532544665,NA
FAM181B,13.14207498,3.52E-05,0.063103492,0.999536414,NA
FAM184B,9.831952678,-0.002087906,0.063462504,0.739342221,NA
FAM185BP,23.28804203,0.003287094,0.062575176,0.793335552,NA
FAM186A,22.53497589,0.012398278,0.064482941,0.266288163,NA
FAM186B,34.93280284,0.028054678,0.070960746,0.071287928,NA
FAM201B,6.291518336,-0.002749095,0.063586202,0.609074191,NA
FAM222A,45.58066561,-0.01750455,0.065031365,0.274338663,NA
FAM227A,54.20937311,0.005523173,0.062949506,0.635561098,NA
FAM227B,37.82702717,-0.007055965,0.062955271,0.574231282,NA
FAM228A,8.098625794,0.001961118,0.063446136,0.760518708,NA
FAM229B,10.8761345,-1.713968352,0.717099216,0.00046119,NA
FAM238C,7.821785553,-0.0043708,0.06353121,0.54245366,NA
FAM24B,30.68662552,-0.01155069,0.063594892,0.408390789,NA
FAM3B,24.09490868,0.009603085,0.06392542,0.351454536,NA
FAM43A,49.07051522,0.015173722,0.063697168,0.382226028,NA
FAM47E,49.38502546,-0.014608665,0.063694315,0.381017614,NA
FAM47E-STBD1,16.12133989,0.005094579,0.063387554,0.569535541,NA
FAM53A,23.39728455,-0.009868788,0.063992412,0.334781138,NA
FAM81A,20.10064279,0.002696443,0.063095422,0.774220136,NA
FAM83A,21.90309862,-0.004660541,0.06370303,0.421668484,NA
FAM83B,15.69304541,0.001257007,0.062958273,0.906446662,NA
FAM83E,14.33370404,-0.011531709,0.0645128,0.233920233,NA
FAM83F,26.91886194,-0.004855694,0.062888343,0.678278577,NA
FAM86B1,58.63320066,0.058467505,0.105569366,0.010070907,NA
FAM86B2,40.61988493,-0.005712345,0.062655411,0.663081543,NA
FAM86C1P,11.10282314,0.002445348,0.063254948,0.767272492,NA
FAM86DP,10.48290771,0.008967063,0.064040734,0.309163075,NA
FAM86EP,8.202595753,-0.000297288,0.063351062,0.964224728,NA
FAM90A1,6.94490317,-0.006065415,0.063892452,0.287962459,NA
FAM91A2P,9.319789836,0.000840794,0.063268209,0.914321967,NA
FAM9C,10.9414883,-0.004227332,0.063656958,0.466089728,NA
FANK1,11.2762478,-0.004019858,0.063398682,0.613523983,NA
FAP,57.27932454,-0.006968629,0.061987208,0.662169205,NA
FAR2P1,39.05257366,-0.010038275,0.062797595,0.51853819,NA
FAR2P4,22.09383001,-0.021294384,0.067959201,0.069428204,NA
FAT3,11.02816602,-0.005280943,0.063729225,0.407034411,NA
FAXC,16.04735753,0.001472102,0.063041384,0.876161421,NA
FBLIM1,35.19743214,-0.003781523,0.062780384,0.738649815,NA
FBLN2,31.07803955,-0.008253663,0.063456126,0.466212825,NA
FBLN5,26.1255344,-0.011333269,0.064201476,0.308409099,NA
FBLN7,8.487529378,-0.003181032,0.063394431,0.668732071,NA
FBN2,32.36963175,-0.007775469,0.063329826,0.498944282,NA
FBP2,33.09885347,-0.02609821,0.070033675,0.070481629,NA
FBXL13,23.09951894,0.011123795,0.064037112,0.339139895,NA
FBXL16,29.73164429,0.001859206,0.062833933,0.863060279,NA
FBXO16,38.01563837,-0.013648021,0.064246262,0.324002596,NA
FBXO2,11.56338421,0.009774786,0.064251367,0.252220028,NA
FBXO24,27.68532439,-0.003628818,0.062405658,0.783542002,NA
FBXO36,32.37312793,-0.003853075,0.062337915,0.775918609,NA
FBXO43,30.24418394,-0.006736783,0.062646913,0.621348401,NA
FBXW10B,15.09587006,-0.006470635,0.063652564,0.431667529,NA
FBXW12,48.99852971,0.026167576,0.068839187,0.14115818,NA
FCAR,26.68574914,0.01208454,0.064300358,0.301100891,NA
FCF1P7,12.01064723,0.007787414,0.063827033,0.371367842,NA
FCRL3,13.53874993,-0.005435761,0.06330627,0.57323031,NA
FDPSP7,31.98512644,0.023139836,0.068447829,0.092499309,NA
FER1L5,18.19378576,0.001479431,0.062797638,0.892760424,NA
FER1L6,20.19501992,0.007290047,0.063496837,0.477859048,NA
FERMT1,50.66849048,0.018504332,0.066206646,0.165163336,NA
FERP1,9.072039689,-0.000555935,0.063352577,0.933361923,NA
FEZ1,14.75089818,-0.011018918,0.064423775,0.241017106,NA
FGF1,22.34352177,6.03E-05,0.062593684,0.997332912,NA
FGF14,27.95664796,-0.004889164,0.063287658,0.595190894,NA
FGF17,8.39888163,0.005529864,0.063670606,0.441526345,NA
FGF2,10.56837552,-0.003004244,0.063281111,0.715365604,NA
FGF7,24.28203614,-0.002457968,0.063305919,0.748118641,NA
FGFBP3,44.70211675,0.015986325,0.064569682,0.305615286,NA
FGFR2,16.20780931,0.000266098,0.063128681,0.976262653,NA
FGFR3,11.73045049,0.002801135,0.063449703,0.673844996,NA
FHDC1,19.85832138,-0.008289405,0.063471927,0.46415013,NA
FHL1,51.32962358,-0.028214317,0.070013576,0.120775911,NA
FHL2,16.66412977,-0.003223681,0.063414498,0.656014095,NA
FHOD3,9.57414885,0.006095494,0.063719325,0.411348235,NA
FIGN,16.39482735,0.008655254,0.064177001,0.231754435,NA
FILIP1,18.74463445,-0.003419248,0.06282882,0.759883621,NA
FITM1,13.61848473,-0.012333078,0.064803946,0.183060818,NA
FKBP6,42.75047924,0.002935052,0.062160753,0.837084048,NA
FLACC1,20.88652063,-0.013545385,0.065062863,0.172991364,NA
FLG,19.68364382,-0.006037686,0.063191519,0.576360974,NA
FLNC,58.92391703,0.019780136,0.065489652,0.258997067,NA
FLRT1,24.70478393,0.013702397,0.06464467,0.265718495,NA
FLT4,26.48654227,-0.003450721,0.062687711,0.76978985,NA
FMN2,15.44458582,0.000839365,0.063054995,0.929769046,NA
FMOD,10.42699148,0.000126006,0.063340452,0.986883763,NA
FNBP1P1,22.72870771,-0.002955455,0.062634866,0.80488341,NA
FNDC1,10.52734521,0.002288712,0.063331023,0.762760842,NA
FNDC5,22.05280378,-0.020132448,0.067594875,0.057218558,NA
FOSB,23.6016099,0.003885862,0.062880381,0.728572831,NA
FOXD2,33.95197091,-0.000714509,0.061951984,0.959558907,NA
FOXD4,7.687215835,0.005500906,0.063661544,0.449208836,NA
FOXD4L5,8.914095231,0.007918741,0.064111002,0.23392689,NA
FOXH1,8.438782239,-0.001333479,0.063452538,0.823656456,NA
FOXL2NB,23.70721163,-0.00109699,0.062651474,0.922672134,NA
FOXO6,9.222803089,-0.002936135,0.063389554,0.691616136,NA
FOXP2,32.94170156,-0.003083239,0.062336691,0.814168979,NA
FOXP3,8.536904501,0.001384649,0.063265689,0.859471852,NA
FPR2,11.74969998,0.015644585,0.06610216,0.052415422,NA
FRG1JP,14.94950671,0.005272998,0.063213492,0.603275917,NA
FRMD3,10.6950783,-0.009301781,0.064238744,0.233547095,NA
FRRS1L,50.69736439,0.017778965,0.065068911,0.275832954,NA
FSCN2,8.241594984,0.002804222,0.063403931,0.698621678,NA
FSD2,53.55497815,-0.017318394,0.065327352,0.240254681,NA
FST,51.20417736,-0.039795699,0.08226466,0.004306815,NA
FSTL4,9.986744763,-0.009540217,0.064372218,0.188099329,NA
FTH1P23,11.2116425,0.004710881,0.063414093,0.577397743,NA
FTH1P7,7.419076274,-0.002138722,0.063366664,0.76434613,NA
FTH1P8,6.681237363,-0.008923236,0.064371204,0.142937339,NA
FUT1,28.82243664,0.012580659,0.064497682,0.272184358,NA
FUT2,23.06475996,0.008770127,0.063888789,0.351768756,NA
FUT6,14.50785768,0.003452694,0.063328559,0.672402955,NA
FUT7,50.47480523,0.013740972,0.063523127,0.406334157,NA
FUT9,6.98510359,0.002771435,0.063465983,0.678486637,NA
FXYD3,8.472150652,0.000492453,0.063225567,0.951790912,NA
FYB2,8.618504286,0.00355599,0.063373687,0.6541183,NA
FZD3,49.4686246,-0.008807486,0.063774817,0.384199021,NA
FZD4,37.5368139,0.017501461,0.065338178,0.243643307,NA
FZD6,21.34276557,0.003554286,0.063005988,0.733169178,NA
FZD8,43.65308401,0.002788915,0.061667546,0.861371994,NA
FZD9,25.29242019,0.016460721,0.065536562,0.196196492,NA
G6PC1,11.78802657,0.002471745,0.063203153,0.775546055,NA
GABRA3,47.52036324,0.000561841,0.062664883,0.961822983,NA
GABRB2,54.97953322,0.001479373,0.061051571,0.933402478,NA
GABRD,11.5951704,-0.003822174,0.063294378,0.658132425,NA
GABRG3,10.19163827,-0.003173547,0.063386522,0.672592988,NA
GAD1,7.472175131,-0.00665424,0.063898117,0.312352757,NA
GAD2,10.54343928,-0.006371437,0.063654292,0.439333083,NA
GADL1,45.92725622,-0.002083552,0.061545852,0.896496519,NA
GALNT13,8.729723461,-5.28E-05,0.063536142,0.989139869,NA
GALNT14,11.37351522,0.005830326,0.063603145,0.466542797,NA
GALNT16,14.35971141,0.005516729,0.063415113,0.54282844,NA
GALNT5,13.54361201,-0.007534556,0.063658357,0.426084343,NA
GALR1,18.56227537,0.000922119,0.062906108,0.92740897,NA
GALR2,11.18563242,0.002252435,0.063377334,0.754842041,NA
GAPDHP35,10.09550546,0.004667893,0.063584677,0.51112846,NA
GAPDHP39,7.851735146,0.000383888,0.063339872,0.957854003,NA
GAPDHP43,8.627658384,0.001097201,0.0632739,0.886220033,NA
GAPDHP61,9.855468145,0.002247368,0.063250237,0.785518585,NA
GAPT,38.27385189,-0.018835986,0.066547946,0.135671758,NA
GAREM1,30.69899622,0.017777705,0.066537903,0.090648165,NA
GAREM2,41.91286257,0.008090966,0.063816154,0.374274945,NA
GARIN5A,11.41794571,-0.007902666,0.063850789,0.360453605,NA
GARNL3,30.72870106,0.010366819,0.064406172,0.214828156,NA
GAS1,49.98213487,-0.000419978,0.06177179,0.97696293,NA
GAS2,11.47735694,0.001712638,0.063279406,0.826439418,NA
GBP5,44.12461293,0.022140682,0.066783969,0.196199269,NA
GCK,9.091410783,0.00388589,0.063472141,0.597444305,NA
GCNA,48.05491905,0.003404237,0.061453211,0.838907138,NA
GCNT3,21.25854279,0.011543383,0.064756644,0.152897671,NA
GCNT7,12.20865098,-0.001150282,0.063210064,0.886466374,NA
GCOM1,39.13701272,0.002581512,0.062939684,0.801403298,NA
GCSAML,17.71474588,-0.007477663,0.063600295,0.443342332,NA
GCSHP3,6.32428122,-0.00105902,0.063695329,0.652503137,NA
GDA,9.678538011,0.004052937,0.063580814,0.530580887,NA
GDF1,20.07817088,0.001007237,0.062796709,0.9270896,NA
GDF6,15.20441555,0.009929497,0.064062959,0.319308554,NA
GDF7,11.09088702,0.002396166,0.063199467,0.781800203,NA
GDNF,12.25438663,0.001924189,0.063220475,0.816877694,NA
GDPD3,40.90485636,0.004915811,0.062070997,0.745557236,NA
GEMIN8P4,19.14722453,0.005303816,0.062990926,0.639279753,NA
GFAP,29.64241429,0.015793718,0.065717419,0.139150142,NA
GFI1,28.00890175,-0.012156043,0.064808103,0.167474383,NA
GFI1B,10.06772958,-0.002267904,0.063379127,0.750068536,NA
GFPT2,27.23574241,0.008660565,0.063514022,0.448009065,NA
GFRA2,23.17789836,-0.001260471,0.063314314,0.853034032,NA
GFRAL,14.38793793,-0.004860356,0.063270452,0.608428857,NA
GGCTP1,12.36889223,-0.009866778,0.064225255,0.266506046,NA
GGN,13.78942081,0.003306248,0.06342998,0.648567822,NA
GGT5,17.28918195,0.012171503,0.064825109,0.170469163,NA
GGTA1,54.00963129,-0.027124963,0.069662393,0.116549932,NA
GGTLC2,29.80781816,0.007748673,0.0631703,0.529350633,NA
GHR,14.28002079,0.010176944,0.064347227,0.237155226,NA
GHRL,50.83055914,0.023866692,0.068500127,0.108922757,NA
GIMAP7,18.51808129,0.007328675,0.063404278,0.496300456,NA
GJA1,50.32875281,0.014623021,0.063976035,0.358759933,NA
GJA3,20.39687068,-0.01417985,0.065150141,0.182369454,NA
GJA9,9.135565867,0.00355926,0.063548171,0.578546254,NA
GJB6,31.81597313,0.017745322,0.065880185,0.18581109,NA
GLB1L3,34.8941261,0.020112786,0.06660254,0.169763394,NA
GLDC,23.35693367,0.028578131,0.072064828,0.031925998,NA
GLI1,30.46440503,-0.01352913,0.065101582,0.159136104,NA
GLI3,8.657479987,-0.007451231,0.064126149,0.185529084,NA
GLIS2,55.55002923,0.015757634,0.063630406,0.383875726,NA
GLRA3,8.064632346,-0.000981633,0.063334307,0.888878223,NA
GLT8D2,11.64332243,0.00697841,0.063670328,0.427439368,NA
GLUD2,17.51811592,-0.015083684,0.065401115,0.168290524,NA
GLULP5,21.42429738,0.008672756,0.06361489,0.430868255,NA
GNAL,42.4406044,0.013087615,0.063737847,0.385290732,NA
GNAT1,18.46471986,0.006152797,0.063157995,0.584381829,NA
GNAT2,21.73203387,-0.003640973,0.063016787,0.721599111,NA
GNB3,16.71533338,0.013198349,0.065135838,0.137979446,NA
GNG3,19.23907271,-0.002190004,0.063027405,0.818397084,NA
GNG4,14.56440787,-0.000508949,0.063097251,0.9527297,NA
GNLY,22.70441354,0.007508322,0.063306652,0.512293521,NA
GNMT,24.08036707,-0.005835297,0.0628307,0.642441174,NA
GNRH1,24.51028711,0.028888662,0.072385184,0.026469688,NA
GNRH2,8.865526671,0.001382509,0.063349311,0.849028522,NA
GNRHR,8.95462242,-0.000330347,0.063225111,0.965344406,NA
GNRHR2,6.66346848,-0.004828929,0.063750482,0.392272972,NA
GOLGA2P10,9.405720032,0.004350886,0.063521724,0.552292603,NA
GOLGA2P5,29.05107857,-0.01115712,0.06388831,0.366806665,NA
GOLGA6L10,35.80482169,0.006750253,0.062864616,0.602033094,NA
GOLGA6L22,18.8110524,0.014366619,0.06520751,0.179298602,NA
GOLGA8J,12.12724717,-0.000994566,0.063314645,0.889213234,NA
GOLGA8K,21.92561883,0.002731522,0.063286492,0.73580129,NA
GOLGA8M,20.09679762,-0.005578586,0.06308267,0.613940026,NA
GOLGA8O,28.33771412,-0.001917448,0.063670746,0.58641772,NA
GOLGA8Q,56.67391816,0.001744169,0.062201834,0.908019953,NA
GOLGA8VP,8.59632969,-0.004260614,0.063517439,0.556454617,NA
GP1BA,56.04785934,0.015941732,0.063878501,0.365127235,NA
GP6,15.73921781,-0.001693982,0.063172457,0.840389349,NA
GPA33,54.40721456,-0.014870942,0.063819403,0.371441975,NA
GPAT2,12.47931979,-0.000927314,0.063092619,0.918797602,NA
GPC2,58.73142108,-0.022548812,0.066604377,0.213233889,NA
GPC5,36.98187822,-0.02272145,0.068627416,0.057817862,NA
GPLD1,52.51839919,0.005372148,0.062593233,0.686417109,NA
GPM6B,14.98629808,-0.004063818,0.063058308,0.690941858,NA
GPR119,20.85615849,0.005365487,0.062890807,0.653572946,NA
GPR135,46.76315014,0.005065733,0.061490382,0.7676621,NA
GPR143,8.501854785,-0.004397878,0.063469247,0.568191767,NA
GPR156,20.81418302,0.011831558,0.064247514,0.306862891,NA
GPR174,14.84659315,-0.025688132,0.070745432,0.017113463,NA
GPR176,16.18461518,-0.003174989,0.063456025,0.64291801,NA
GPR18,18.94366775,-0.018170683,0.066633671,0.095657347,NA
GPR3,21.8697807,0.021018707,0.067811303,0.074015492,NA
GPR37,12.66926304,0.001888692,0.063156981,0.830999435,NA
GPR37L1,27.12761355,0.004041394,0.063199832,0.669556754,NA
GPR39,28.03914364,-0.010523614,0.063886249,0.365164948,NA
GPR45,9.921865141,-0.012847492,0.065193785,0.095492597,NA
GPR63,20.21257211,0.006210584,0.063165139,0.576018702,NA
GPR83,15.1805837,0.005680407,0.063294395,0.568657033,NA
GPRASP1,30.35806819,0.00146347,0.062675179,0.899864361,NA
GPRASP3,42.31525378,-0.016420911,0.065801505,0.150885704,NA
GPRC5A,57.13740635,0.012585959,0.062881984,0.473422518,NA
GPRC5C,24.89425585,0.002633519,0.062745772,0.816803435,NA
GPRIN2,21.34567679,-0.012137116,0.064370522,0.286636289,NA
GPX1P1,6.701059391,-0.009580726,0.064513724,0.115987657,NA
GPX2,9.670050772,-0.001610916,0.06339383,0.809322817,NA
GPX7,53.94509181,-0.014776653,0.063577678,0.391379206,NA
GRAMD4P3,7.553208619,0.005664258,0.063681011,0.436472888,NA
GRAP2,7.122024309,0.002814987,0.063528352,0.64059414,NA
GRAPL,17.25917757,-0.007524748,0.063502626,0.467354091,NA
GREB1L,12.0258011,-0.003441018,0.063568629,0.566254854,NA
GREM2,7.262330396,0.004816136,0.063604587,0.496076841,NA
GREP1,18.90260943,0.004569663,0.063170823,0.646754885,NA
GRHL1,41.99323656,-0.004224519,0.062741647,0.72584096,NA
GRIA1,7.064740784,0.000971927,0.063399672,0.882686373,NA
GRIK1,16.14125854,0.004552175,0.063345146,0.603628343,NA
GRIK2,21.57200226,0.003076428,0.06287665,0.777967695,NA
GRIK4,41.51432868,-0.035497897,0.076322194,0.039856939,NA
GRIN1,10.92254441,0.000163679,0.063474381,0.978321955,NA
GRIN2A,9.534147383,0.002377806,0.063555922,0.655779165,NA
GRIN2C,14.55228012,0.015345322,0.065731627,0.114782628,NA
GRIN3B,27.12650505,0.004507677,0.062739186,0.714137533,NA
GRK7,11.51848665,-0.001027937,0.063159444,0.902105878,NA
GRM6,19.34140443,-0.001525697,0.06289883,0.880174322,NA
GRPR,11.04034549,0.00122358,0.06318428,0.886453896,NA
GRTP1,27.10416903,0.019045142,0.066451595,0.155203717,NA
GSG1,17.47519833,-0.007597764,0.063613727,0.439290721,NA
GSG1L,32.47237495,0.000914604,0.062331503,0.942492621,NA
GSG1L2,17.94910442,0.004822066,0.063033828,0.65740693,NA
GSTA4,52.56000806,0.003413466,0.061233481,0.846429215,NA
GSTT2,11.07027821,-0.011950361,0.065235528,0.015282117,NA
GTF2IP23,8.779016466,-0.004110558,0.063485507,0.576078529,NA
GUCA1B,28.7229967,-0.00939868,0.063390634,0.460477097,NA
GUCY1A2,58.61880744,0.004698184,0.063585347,0.507166863,NA
GUCY1B1,40.71903426,-0.020201332,0.066444021,0.184560241,NA
GUCY2C,22.34361845,0.004352175,0.062609341,0.730759294,NA
GUCY2D,14.86237168,0.006389123,0.063644008,0.442859231,NA
GUCY2F,14.10362524,-0.006466944,0.06340753,0.514800431,NA
GUSBP1,11.90068741,0.005058181,0.063708407,0.427000751,NA
GUSBP13,39.46436203,0.013252914,0.06350122,0.408962181,NA
GUSBP15,8.660499433,0.001313327,0.063719905,0.492580785,NA
GUSBP18,10.17006484,-0.004138637,0.063493639,0.573566883,NA
GUSBP2,21.16916423,0.000474877,0.062724483,0.966903196,NA
GUSBP4,8.404305327,-0.000638271,0.063331559,0.92688521,NA
GUSBP9,39.81213599,0.002084833,0.062053761,0.885454169,NA
GXYLT2,12.56352392,0.000237561,0.063329718,0.973964998,NA
GYPE,5.640387143,-0.000161663,0.063508351,0.978306737,NA
H2AC11,15.60226598,0.001055028,0.06302963,0.911903919,NA
H2AC13,8.951487031,-0.000222323,0.063233937,0.976748624,NA
H2AC15,7.975579261,0.008534841,0.064210333,0.212184246,NA
H2AC20,12.60249877,0.008766571,0.064147863,0.25472964,NA
H2AC8,11.6007366,0.006236298,0.063665336,0.443567434,NA
H2BC11,20.12748137,-0.001431739,0.062880775,0.888493847,NA
H2BC15,50.48510338,0.002284841,0.062031941,0.875011093,NA
H2BC18,17.63085419,0.004614585,0.063220509,0.632389275,NA
H2BC19P,15.06711876,0.001585695,0.063447873,0.800690084,NA
H2BC20P,44.82082994,0.012448982,0.063559737,0.41171985,NA
H2BC26,33.45013969,0.026400083,0.071071007,0.019788048,NA
H2BC4,58.12497017,0.063345981,0.111877211,0.015020509,NA
H2BC6,19.36410682,0.011004105,0.064226163,0.296812367,NA
H2BC8,11.80616376,-9.57E-05,0.063101745,0.989265248,NA
H2BC9,12.88750983,-0.003734154,0.063219141,0.682078696,NA
H2BN1,18.41980997,0.013484093,0.064861643,0.219514195,NA
H3C10,28.50124484,-0.001852486,0.062406389,0.882926913,NA
H3C14,14.67957196,-0.001309751,0.06348328,0.81763924,NA
H4C12,55.10412804,-0.001113654,0.061084063,0.949043893,NA
H4C16,39.3681418,0.008821542,0.062912466,0.537785509,NA
H4C3,9.048660342,-0.000661204,0.063395779,0.916483234,NA
H4C5,7.301911016,-0.001284947,0.063380064,0.855364442,NA
H4C9,8.552731871,9.48E-05,0.063348441,0.991719663,NA
HAP1,13.71186269,-0.016570194,0.066477837,0.035792949,NA
HAS3,29.58501726,0.01821897,0.066674019,0.090864222,NA
HAUS1P1,15.33235531,0.008072533,0.063850447,0.363280044,NA
HAVCR1,57.45895291,1.41E-05,0.062355094,0.991371798,NA
HCAR1,16.0870627,0.004389425,0.063244831,0.640285618,NA
HCAR2,43.51293788,0.021179756,0.06679674,0.177804726,NA
HCG4,9.836574211,0.006415455,0.063715213,0.414094438,NA
HCG9P5,16.10614222,0.012255715,0.06477777,0.191132803,NA
HCN1,8.660104949,0.004669934,0.063476475,0.558043204,NA
HCN2,43.69482399,-0.00786997,0.062208246,0.620929381,NA
HEATR4,20.37032216,0.018289157,0.066689509,0.09075478,NA
HECW2,25.42251702,-0.016753416,0.066390883,0.061047184,NA
HEPH,11.44834362,-0.012019824,0.064981852,0.101714818,NA
HERC2P3,49.80093814,-0.002545666,0.062287363,0.852375338,NA
HES1,43.61683694,-0.002521592,0.061758144,0.86960172,NA
HES4,44.74370136,0.566638271,0.337654821,0.002266945,NA
HEY1,9.643026512,-0.003384788,0.063425796,0.643144402,NA
HEYL,18.31971177,-0.002690931,0.063062582,0.779350891,NA
HGF,41.58905257,-0.005142758,0.062822118,0.668992789,NA
HHIP,17.78504254,0.003306606,0.063295762,0.686486502,NA
HHLA2,22.21248246,0.006255828,0.063454264,0.511034125,NA
HIF3A,31.12303912,-0.002191187,0.062305772,0.86943247,NA
HIP1R,25.8180499,-0.007849606,0.063545651,0.44679581,NA
HLA-DOB,20.33789372,0.014551916,0.065072177,0.211153669,NA
HLA-DPA3,23.13810742,-0.017543522,0.065978653,0.164706066,NA
HLA-H,7.00887321,0.005745407,0.063835636,0.333142787,NA
HLA-J,9.401395137,0.000114077,0.06316437,0.990563753,NA
HMCN1,41.52449428,-0.019929723,0.067788977,0.028541743,NA
HMGB1P14,7.824059148,-0.003015194,0.06345659,0.657576713,NA
HMGB1P3,20.30160043,0.018327815,0.066566774,0.114608772,NA
HMGN1P1,9.218475895,-0.002922034,0.063327879,0.710441541,NA
HMGN2P46,40.03226407,0.047447064,0.089269868,0.014621779,NA
HNF4A,28.9007967,0.023860105,0.069250333,0.052365331,NA
HNRNPA1L3,35.13714654,-0.021911802,0.067386273,0.144317505,NA
HNRNPA1P14,7.978612066,0.001749722,0.063371799,0.804236091,NA
HNRNPA1P16,15.12967848,-0.006067143,0.063397411,0.527972591,NA
HNRNPA1P59,9.484296616,-0.009714038,0.06435193,0.211074136,NA
HNRNPA3P6,52.54259683,-0.027474854,0.070411751,0.084388284,NA
HNRNPH1P1,8.915718216,-0.000541281,0.063260942,0.943277981,NA
HOGA1,7.89931649,0.000573961,0.063317679,0.936609725,NA
HOOK1,12.36030152,0.000829011,0.06342094,0.895939872,NA
HOPX,15.89284026,0.000259392,0.062868288,0.981197398,NA
HOXA1,21.95500944,0.016332898,0.065749631,0.156026815,NA
HOXA2,9.871772647,0.001093967,0.063294288,0.884412266,NA
HOXB1,14.18945008,0.007915404,0.06381632,0.373474398,NA
HP,28.72751615,-0.009790603,0.06428343,0.240293953,NA
HPD,7.310816191,0.002220927,0.063458416,0.729735895,NA
HPDL,25.63711539,0.007910803,0.063182016,0.52300656,NA
HPN,8.011037668,-0.000403986,0.063348483,0.929102131,NA
HRG,16.57020616,-0.003049226,0.063304061,0.704090565,NA
HRH4,9.602979116,2.25E-05,0.063274308,0.998870228,NA
HS3ST3A1,47.30683859,0.033988885,0.075644153,0.029291053,NA
HSD11B1L,54.96607189,0.006852697,0.061547983,0.697685279,NA
HSD11B2,21.59267363,0.004530975,0.062963938,0.681801154,NA
HSD17B13,9.867941494,-0.001513239,0.063358433,0.82903725,NA
HSD17B1P1,33.00572092,0.000454975,0.062104895,0.974686615,NA
HSD17B2,48.24667716,0.023854307,0.06765056,0.167198977,NA
HSD17B6,10.45153656,0.001058812,0.063458191,0.858490674,NA
HSF2BP,17.10422393,0.029386341,0.073169535,0.011269066,NA
HSFX1,20.91457608,-0.011889459,0.064673016,0.201457018,NA
HSFX2,6.279810137,-2.92E-05,0.063700495,0.980522714,NA
HSH2D,24.8301971,0.008240525,0.063668237,0.414304605,NA
HSP90AB2P,7.192420791,-0.004778505,0.063635491,0.473585902,NA
HSP90AB3P,14.30758459,0.000781583,0.063079777,0.932262252,NA
HSPA12B,27.3287337,0.001072969,0.062728015,0.931058561,NA
HSPA2,41.08518501,0.001513397,0.062242756,0.912143672,NA
HSPA8P14,12.95661979,3.06E-05,0.063096624,0.99864489,NA
HSPA8P15,10.65160115,0.009737738,0.064305425,0.231646591,NA
HSPB6,7.701498386,-0.002779841,0.06339494,0.701127602,NA
HSPB7,51.96362054,-0.005814985,0.062314303,0.687075823,NA
HSPD1P11,8.262585113,-0.000596829,0.063249584,0.940105363,NA
HTN1,19.70366033,-0.007999097,0.063802041,0.379445201,NA
HTN3,8.68643832,0.000508029,0.063397065,0.938820381,NA
HTR2B,23.91827664,-0.016545321,0.065584916,0.189720962,NA
HTR3B,21.38776665,0.00886491,0.063676434,0.414795239,NA
HUNK,23.27055847,0.017545236,0.066072576,0.155139891,NA
HYAL1,37.90540053,-0.003179584,0.062688549,0.785980566,NA
HYAL4,8.815012997,0.002796515,0.063461128,0.674647207,NA
HYDIN,19.30355186,-0.003243942,0.063177262,0.720431854,NA
HYKK,36.82851664,0.008333659,0.062980456,0.538405585,NA
ID4,30.61463718,0.010905732,0.063309097,0.460108492,NA
IDO1,19.77344546,0.011247655,0.064498432,0.22941384,NA
IDO2,9.752326626,-0.005902359,0.063634569,0.452812953,NA
IFITM3P6,10.03629377,-0.00384174,0.06352563,0.57287528,NA
IFT122P2,9.736552204,0.000270239,0.063283504,0.971843707,NA
IFT56,55.1766887,0.001139444,0.062275299,0.935456977,NA
IGDCC4,15.03014924,-0.004140814,0.063478827,0.572301333,NA
IGF1,37.28528984,0.006388019,0.063423692,0.512125029,NA
IGFBP3,42.17312999,0.015154629,0.064184311,0.340714462,NA
IGFBP5,46.47620316,-0.005295788,0.062313494,0.709408951,NA
IGFBP7,51.11963881,-0.002876122,0.061233559,0.866433268,NA
IGFBPL1,16.36842431,-0.006964594,0.063346814,0.515626411,NA
IGFN1,12.16409371,0.005041139,0.063577355,0.493895517,NA
IGLON5,56.8984189,-0.016388158,0.063575554,0.380548331,NA
IGLV5-52,30.92756313,-0.000585404,0.062466353,0.960964018,NA
IGSF1,7.898592531,0.008527195,0.064271084,0.163457527,NA
IGSF21,12.58761247,-0.015548497,0.065852679,0.098835186,NA
IGSF5,22.9343484,-0.007717696,0.063252097,0.512846347,NA
IGSF9B,14.61572019,0.005257377,0.063885711,0.233258791,NA
IHO1,26.20368405,0.005738527,0.062963329,0.625694873,NA
IL12RB2,11.04565504,-0.00360365,0.063343667,0.653707969,NA
IL17C,12.24914012,0.002590875,0.063297428,0.746636447,NA
IL17D,25.0384536,0.013187095,0.064465217,0.287630512,NA
IL17RD,13.98461404,0.006392648,0.063964922,0.22649383,NA
IL17RE,30.77834118,-0.005554239,0.062425111,0.691255775,NA
IL17REL,16.03444474,0.006165689,0.063519199,0.493960571,NA
IL18R1,12.1726978,-0.003684418,0.063513605,0.583961121,NA
IL19,10.6792417,0.010356685,0.06443234,0.209107296,NA
IL1R2,13.83201793,0.005559606,0.06344813,0.532664791,NA
IL1RL1,14.10546129,0.006875507,0.063652699,0.437096657,NA
IL20RB,23.10032701,-0.005846252,0.06343012,0.525202467,NA
IL23A,32.65598326,0.006978699,0.062876124,0.591809205,NA
IL27,8.480567042,0.002763523,0.063352056,0.717803813,NA
IL31RA,11.27164495,0.000533352,0.063439355,0.931254666,NA
IL32,45.26623439,0.038704297,0.079622395,0.024098989,NA
IL33,16.75184917,-0.000197507,0.062946175,0.980097324,NA
IL5RA,8.338722574,-0.012182391,0.065189272,0.044482864,NA
IL6,40.33740544,0.016742352,0.065530111,0.202802701,NA
IL7,25.53225179,0.013750785,0.064939654,0.210621167,NA
IL9R,16.00011287,0.001775458,0.063693533,0.551499943,NA
IL9RP3,12.14213596,-0.003384532,0.063322509,0.678909805,NA
ILDR2,7.745516137,-0.005665627,0.063692249,0.424320663,NA
IMPDH1P10,5.335502436,-3.37E-05,0.063714795,0.974714101,NA
IMPG1,9.971299255,-0.000304058,0.063462826,0.955421914,NA
INAVA,46.34722694,0.042808902,0.084822343,0.008661523,NA
INCA1,58.44133119,0.023110805,0.066775915,0.212158046,NA
INHBE,7.829784246,0.002433006,0.063480666,0.689927956,NA
INMT,16.38579785,-0.002152196,0.062961801,0.828725752,NA
INO80B-WBP1,9.109579344,-0.002254714,0.063621763,0.617930799,NA
INSL6,19.26336257,0.005231154,0.063197678,0.608340342,NA
INSM1,51.80471403,0.014442967,0.064556066,0.293396469,NA
INSYN1,13.037242,0.007462787,0.064013002,0.259643362,NA
INSYN2A,14.26495523,0.018989335,0.06714284,0.062316118,NA
INSYN2B,25.63706461,-0.006509414,0.063189971,0.55889679,NA
IQANK1,28.48342895,-0.012592049,0.064672343,0.226687436,NA
IQCD,8.387526366,-0.000957351,0.063284957,0.892659895,NA
IQCH,8.28854959,-0.00538995,0.063768936,0.372363055,NA
IQCM,8.477345748,-0.003142922,0.063489643,0.63303912,NA
IQCN,18.00825779,-0.014205628,0.065697669,0.047971937,NA
IRAG1,49.02996475,-0.003232522,0.061703251,0.837604507,NA
IRAK1BP1,52.94649614,0.017532592,0.06575993,0.191802969,NA
IRF4,8.815333895,0.003105216,0.063514782,0.623215034,NA
IRGM,12.21015591,-0.006114879,0.063494439,0.502342659,NA
IRS1,29.84118251,-0.011665284,0.064166769,0.318640625,NA
IRS4,29.01745718,-0.033344384,0.075767729,0.015919123,NA
ISL2,14.1534085,0.012027968,0.064781224,0.179016139,NA
ISLR2,10.93860445,0.007204563,0.063988863,0.268122383,NA
ISM1,20.73542699,0.002569939,0.062813616,0.816936968,NA
ITGA1,23.47814639,0.003276095,0.063134277,0.726058757,NA
ITGA10,19.32231002,-0.004843409,0.063220749,0.633693948,NA
ITGA2,48.23012176,0.028208442,0.070552103,0.095775858,NA
ITGAD,34.98849981,-0.004509041,0.062592699,0.724361428,NA
ITGB1BP2,13.25224688,0.00832639,0.063842146,0.368700891,NA
ITGB4,16.11951766,-0.000696059,0.063365567,0.914467428,NA
ITIH2,10.49971343,-0.006432861,0.063713397,0.409137874,NA
ITIH5,32.35143533,0.005052495,0.062308099,0.721112227,NA
ITK,46.5186656,0.008118574,0.06328562,0.501054084,NA
ITPKA,22.67341963,-7.42E-05,0.063104356,0.991391947,NA
IYD,12.86385957,0.000475151,0.063416108,0.941041628,NA
IZUMO1,11.85467598,0.001951625,0.0631821,0.819804382,NA
IZUMO4,22.95346372,-0.003828119,0.063143438,0.695741278,NA
JADE3,38.74165014,0.008614853,0.062992108,0.531066931,NA
JAKMIP1,23.38709662,0.003731138,0.06273833,0.753288634,NA
JAKMIP3,11.91110308,-0.001319831,0.063263737,0.863617667,NA
JAM2,28.04482374,0.021904548,0.067820712,0.104560133,NA
JAM3,9.518335858,0.005185084,0.06362597,0.466691977,NA
JCAD,10.98829435,0.002805496,0.063538595,0.626420556,NA
JPH2,18.79800175,0.003858008,0.062955682,0.72014429,NA
JPH3,7.632371126,-0.000382427,0.063321066,0.955058566,NA
JSRP1,41.18167814,0.015516825,0.064638275,0.288237835,NA
KANK3,48.82434369,0.885136713,0.263960973,3.09E-05,NA
KAZALD1,48.04395368,0.005511726,0.062374344,0.697325965,NA
KBTBD11,9.439195734,-0.001660758,0.06339461,0.804552817,NA
KBTBD11-OT1,13.77469285,0.002524467,0.063720062,0.440481719,NA
KBTBD12,6.956170436,-0.002809723,0.063465657,0.670969207,NA
KCNA10,25.56735307,0.0029674,0.062457157,0.826286482,NA
KCNA7,16.55560681,0.005606296,0.063261126,0.580881271,NA
KCNAB3,17.90483177,0.019971842,0.067516427,0.061012889,NA
KCNB1,58.72346162,0.004082926,0.061819053,0.796497742,NA
KCNC1,7.1201987,0.006097737,0.06387962,0.302826844,NA
KCND1,19.56113773,0.002399574,0.063144302,0.787340624,NA
KCND3,9.124708236,-0.007257228,0.063819816,0.367488231,NA
KCNE4,57.70347176,-0.022046405,0.06648768,0.210792521,NA
KCNG2,14.09525817,-0.006003697,0.063426609,0.523452309,NA
KCNG4,10.33709325,-0.004990497,0.063488949,0.536527379,NA
KCNH1,13.79942936,2.40E-05,0.063294564,0.999380854,NA
KCNH2,8.424595253,0.00843016,0.064183689,0.217427387,NA
KCNH3,15.06885214,-0.004255157,0.063622561,0.487372242,NA
KCNH4,46.96913875,0.000421347,0.061798716,0.984506974,NA
KCNH6,19.73712344,0.010935118,0.064001068,0.347961216,NA
KCNJ1,58.60466715,0.012767476,0.063037956,0.452059413,NA
KCNJ11,6.76189567,3.04E-05,0.063475016,0.996628988,NA
KCNJ13,10.94607815,-0.013465983,0.06535294,0.088199556,NA
KCNJ14,50.26550841,0.000554258,0.061606817,0.974593915,NA
KCNJ15,41.60965133,0.023775692,0.06945918,0.033027534,NA
KCNJ3,7.982199929,-0.004890975,0.063668655,0.442993291,NA
KCNK10,7.401061827,0.003844178,0.063499884,0.589677116,NA
KCNK12,14.8497758,-0.009223219,0.064187208,0.257500516,NA
KCNK3,17.42835416,-0.000316537,0.062871514,0.974116143,NA
KCNK5,8.184206585,0.003097589,0.063365181,0.688576573,NA
KCNK7,13.38491666,0.001776614,0.063207012,0.832121466,NA
KCNMB3,35.64907061,0.014616486,0.064735522,0.270762533,NA
KCNMB4,37.51921288,-0.010598497,0.063553991,0.418608864,NA
KCNN1,58.78377642,-0.01221191,0.064339626,0.293318851,NA
KCNN3,12.28864349,0.007773177,0.064088247,0.228623789,NA
KCNQ5,12.37361583,-0.005009158,0.063604307,0.48771343,NA
KCNRG,25.16778,-0.021524093,0.06794361,0.078694649,NA
KCNS1,7.756171846,-0.010133392,0.064541252,0.149670411,NA
KCNS3,7.902709487,0.007454009,0.063956677,0.303195334,NA
KCNT1,21.29257038,0.006674889,0.063645159,0.440227384,NA
KCNV1,24.40366152,0.005103498,0.06292027,0.662150638,NA
KCTD15,12.35410254,0.010658113,0.064819875,0.052548763,NA
KCTD19,12.26348199,0.003504089,0.063625519,0.526321197,NA
KDM4D,23.20021915,0.007204016,0.063289714,0.521842078,NA
KDM5D,9.441342703,0.000744879,0.063433115,0.903715053,NA
KDR,29.209679,0.027122458,0.071000066,0.043899187,NA
KHDC1,30.73465973,-0.000832339,0.062441508,0.945153337,NA
KIAA1210,26.75570685,0.00345233,0.06260438,0.779580547,NA
KIAA1217,31.77179689,-0.005259312,0.063549338,0.499373255,NA
KIAA1549,38.35339336,-0.005601903,0.062011508,0.718767082,NA
KIAA1755,18.545866,0.005285458,0.063840782,0.308779624,NA
KIAA2012,33.91676215,-0.011050314,0.063462459,0.427602028,NA
KIF26A,10.9025034,-0.000755978,0.063208226,0.923429831,NA
KIF28P,13.98510743,-0.010994304,0.064360768,0.260633153,NA
KIF5A,12.44331566,-6.78E-05,0.063234182,0.991035466,NA
KIF6,22.5114005,0.003180792,0.063081582,0.740473128,NA
KIF7,18.3548576,0.004083092,0.06318299,0.668371933,NA
KIR3DX1,22.46451636,0.008069438,0.063593092,0.439000381,NA
KIRREL3,10.3683791,0.003417606,0.063409673,0.650770986,NA
KIT,22.1193508,0.007962477,0.063893987,0.342922888,NA
KL,13.50353022,-0.006428346,0.063491956,0.49457627,NA
KLB,7.895063615,0.012911528,0.065240667,0.086002098,NA
KLC3,14.45377269,0.002798904,0.06318668,0.753437851,NA
KLF1,12.76251873,-0.015457933,0.065906906,0.081578528,NA
KLF2,40.78006592,-0.005912747,0.063071521,0.59866661,NA
KLF2P1,39.19218385,-0.009016411,0.063214977,0.492181461,NA
KLF2P4,37.7854962,0.004593117,0.062067314,0.760691178,NA
KLF5,24.44261842,-0.018173248,0.066664116,0.090201978,NA
KLHL12P1,12.94927573,0.001600769,0.063030697,0.867624653,NA
KLHL23,23.87839594,0.017748537,0.06676201,0.054550782,NA
KLHL29,23.84161537,0.003795983,0.062760775,0.747326954,NA
KLHL33,32.83228972,0.012295961,0.06429083,0.306833026,NA
KLHL35,44.76465594,-0.000939558,0.061753316,0.943935567,NA
KLHL38,54.88457184,-0.351067826,0.391186786,0.005884541,NA
KLHL41,27.64767448,-0.017451182,0.066180943,0.130875385,NA
KLK1,30.37584627,0.019134558,0.066584976,0.138790504,NA
KLK11,10.19062028,0.004473676,0.063424386,0.584908924,NA
KLK2,9.908284476,-0.005042401,0.063419357,0.558105259,NA
KLKB1,17.24577817,0.002124004,0.063213331,0.800752572,NA
KLLN,24.78180333,-0.015749907,0.065159233,0.23093793,NA
KLRA1P,16.60215043,-0.002515627,0.062919447,0.810034112,NA
KLRC1,10.55407266,0.006265954,0.063578204,0.471434365,NA
KLRK1,9.70820264,0.00932757,0.064210113,0.25370281,NA
KNDC1,29.8417851,0.003169536,0.062759282,0.783205156,NA
KNOP1P3,10.37733707,-0.011840613,0.06474252,0.17877187,NA
KREMEN2,56.39623144,0.012079683,0.062510546,0.502188294,NA
KRT18P5,7.753431791,0.008158963,0.064136366,0.234242216,NA
KRT78,8.259999741,0.007819308,0.06413476,0.197326358,NA
KRT8P33,10.35051935,-0.008786147,0.064049804,0.298759216,NA
KRT8P39,8.441183699,0.002446368,0.063354367,0.743252983,NA
KRT8P45,11.5376695,0.010582695,0.064533409,0.18610728,NA
KRT8P46,26.47297057,-0.004706758,0.062687317,0.704674218,NA
KRTAP5-9,8.624801498,-0.003306849,0.063423443,0.652786594,NA
KRTCAP3,24.54796836,-0.004815751,0.062890382,0.671890561,NA
KSR2,10.80418743,0.016046257,0.066169225,0.063470885,NA
KY,8.701116236,-0.01003785,0.064443972,0.186522971,NA
L1CAM,12.19166084,0.005509807,0.063536312,0.502989539,NA
L3MBTL4,46.04310894,-0.01498346,0.064133054,0.342000781,NA
LAG3,23.76215559,-0.006856383,0.063145728,0.55531603,NA
LAIR2,13.19710147,-0.005345552,0.063361782,0.563647405,NA
LAMA1,32.42903023,-0.00600686,0.062889987,0.62420771,NA
LAMA4,19.73299205,0.011827611,0.064394029,0.273893624,NA
LAMB2P1,18.36443399,-0.008725035,0.063654705,0.417808631,NA
LAMC2,25.41151744,-0.020116932,0.067095152,0.117438906,NA
LAMC3,7.169691908,-0.000880207,0.063370596,0.894451038,NA
LAMP3,53.63030345,0.020831921,0.06650117,0.19470674,NA
LAMP5,54.89134758,-0.012147569,0.063407787,0.428892605,NA
LANCL3,49.86056473,0.009337231,0.063147063,0.496926295,NA
LARP6,15.02959885,-0.002159272,0.063445831,0.732540443,NA
LASP1NB,48.90788627,0.004469276,0.06155745,0.789725674,NA
LAX1,17.5298776,-0.009282666,0.063874166,0.364258594,NA
LCA5,15.88431374,-0.005610609,0.063429612,0.535134178,NA
LCA5L,24.26208363,0.003355778,0.062967804,0.748016162,NA
LCN12,16.33987632,0.008021691,0.063682645,0.417919535,NA
LCN15,23.73405068,0.001747315,0.062700817,0.879665302,NA
LCNL1,51.58073883,-0.022080419,0.067603023,0.129943801,NA
LCTL,29.31862006,0.01161007,0.06466539,0.186077532,NA
LDB3,16.76378662,-0.00076795,0.063189442,0.92460708,NA
LDHAL6A,12.81309321,-0.003639606,0.063152244,0.69978297,NA
LDHAL6B,23.55125599,0.005957893,0.062848528,0.634240937,NA
LDOC1,22.92604763,-0.00269375,0.062952184,0.789412122,NA
LEAP2,15.3653785,0.009217524,0.063929908,0.349081065,NA
LECT2,8.764099703,-0.006053683,0.063668227,0.437761033,NA
LEF1,7.111824204,-0.00086603,0.063397096,0.901681399,NA
LEKR1,12.35702708,0.004585741,0.063407052,0.579856877,NA
LGALS14,7.835346827,-0.003337949,0.06344886,0.639698175,NA
LGALS9B,11.32955159,-0.002341055,0.06327534,0.769646641,NA
LGI4,9.662927589,-0.000777105,0.063305404,0.912978414,NA
LGMNP1,8.032121493,-0.011804365,0.06496338,0.097056123,NA
LGSN,14.17192084,0.005350419,0.063303925,0.581867171,NA
LHFPL6,18.01483036,0.007067166,0.06340362,0.503803129,NA
LHX4,56.69170237,-0.0052569,0.061424893,0.75983559,NA
LIAT1,45.64995301,0.005018009,0.062032173,0.742058342,NA
LILRA1,32.05391674,0.019203964,0.066096567,0.198152056,NA
LILRA4,57.725255,0.030510614,0.072206303,0.073081759,NA
LIMCH1,20.72502358,-0.002711446,0.06316209,0.758306367,NA
LIMS2,22.14324305,0.016363956,0.065630707,0.175006614,NA
LIMS4,20.34156543,-0.002042391,0.062619813,0.861603645,NA
LIN28A,14.38432566,0.007389713,0.063606119,0.446440127,NA
LINC00674,11.67426052,0.000958046,0.06308587,0.916817498,NA
LINC01145,20.44502076,0.011243186,0.064555498,0.210556062,NA
LINC01881,16.32887926,-0.004925053,0.063073624,0.643405747,NA
LINC02210-CRHR1,8.671798482,0.010660248,0.064658179,0.133580525,NA
LINGO1,20.6419037,0.019379739,0.06739101,0.049986442,NA
LIPE,45.1337117,-0.017253128,0.065403256,0.228343195,NA
LKAAEAR1,13.11404189,0.003280819,0.063131051,0.729601069,NA
LMCD1,30.81391908,-0.008899484,0.06338862,0.467493436,NA
LMNTD1,6.377179763,0.012788383,0.065340357,0.047344863,NA
LMOD3,19.71296727,0.00161964,0.062959184,0.871927475,NA
LMX1B,6.652454987,-0.001195329,0.063421406,0.850305347,NA
LNP1,26.4939961,0.005205541,0.063318102,0.584023483,NA
LONRF2,14.23595203,-0.002746526,0.063069899,0.775150652,NA
LOXL1,45.19782178,-0.016012643,0.064700948,0.290801743,NA
LOXL2,45.79799999,-0.019459179,0.066059059,0.203644727,NA
LOXL4,6.527394912,-0.00491359,0.063678622,0.44845958,NA
LPAR3,14.88655496,0.004273831,0.063082131,0.680353901,NA
LPO,9.101878464,0.005462288,0.063680575,0.44121282,NA
LRAT,17.94151013,0.011781332,0.064324233,0.290561461,NA
LRFN1,20.91700413,0.004762184,0.062942968,0.674675579,NA
LRGUK,36.20296869,-0.004586205,0.062145987,0.753074482,NA
LRP2,47.36682487,0.00551976,0.062232459,0.708285323,NA
LRP2BP,37.25312822,0.006210318,0.062700305,0.640509755,NA
LRP4,15.35698733,0.014766622,0.065651521,0.098256663,NA
LRRC1,30.13646139,-0.000688397,0.062384723,0.955630332,NA
LRRC10B,14.86150442,0.013690479,0.06518192,0.15287394,NA
LRRC17,9.304693294,-0.009887865,0.064553907,0.112875666,NA
LRRC18,17.4371282,-0.000378687,0.063006736,0.966347619,NA
LRRC19,16.85421921,0.004047785,0.063360484,0.623536822,NA
LRRC2,18.47483033,0.009211006,0.063791929,0.383773546,NA
LRRC20,30.93519303,-0.009100307,0.063066016,0.509017648,NA
LRRC24,15.86803901,-0.010002228,0.064319782,0.237499553,NA
LRRC34,42.55926865,-0.001733275,0.061878152,0.896874646,NA
LRRC37A15P,14.86718228,-0.003255871,0.063265274,0.701606627,NA
LRRC37A6P,33.32455748,0.002969061,0.06244862,0.818992999,NA
LRRC37BP1,47.09214807,0.004929184,0.061386187,0.776616045,NA
LRRC46,26.15513672,-0.017123553,0.066158475,0.11561665,NA
LRRC49,8.841185677,0.005739956,0.063780023,0.360498216,NA
LRRC4B,24.43528995,-0.002679647,0.062688103,0.817782449,NA
LRRC56,42.06245612,0.007295617,0.06203772,0.654940528,NA
LRRC63,35.96265367,0.005922647,0.06268983,0.65164105,NA
LRRC69,51.31955798,-0.012680538,0.063424361,0.416802164,NA
LRRC7,47.30597621,0.021655332,0.067672098,0.110608819,NA
LRRC74A,14.39184665,0.008721542,0.064137888,0.258284409,NA
LRRC74B,17.30400759,-0.00829462,0.063878785,0.349418232,NA
LRRC9,11.36166852,0.010116996,0.064415717,0.203238554,NA
LRRFIP1P1,24.6497312,0.00436775,0.062811983,0.713183191,NA
LRRIQ3,10.09521008,-0.004705955,0.063480403,0.549675065,NA
LRRN1,10.84365366,-0.006324866,0.063964674,0.234649286,NA
LRRN2,14.71818821,-0.002732296,0.063272552,0.737175305,NA
LRRN3,8.999355287,-0.004557863,0.063553499,0.523301418,NA
LRRN4,11.58612857,-0.003401471,0.063176592,0.709909608,NA
LRRTM2,11.53167737,0.001826328,0.063443074,0.771767925,NA
LRTOMT,14.04466661,-0.001816893,0.063244751,0.816591682,NA
LSAMP,20.26885383,-0.001442499,0.063396841,0.824754768,NA
LSMEM1,11.58441492,0.011201738,0.064623708,0.181933101,NA
LTB,54.54429521,-0.00415853,0.06153165,0.799672461,NA
LTBP1,8.780918896,-0.003423049,0.063530333,0.591334043,NA
LY6K,8.561307651,-0.006972316,0.063831481,0.359792349,NA
LY9,28.23848453,0.000233345,0.062863399,0.983501342,NA
LYG1,16.93087619,-0.008668243,0.063729503,0.400272376,NA
LYPD5,41.89576161,-0.012293933,0.063960046,0.355096408,NA
LYVE1,10.73040084,-0.003910438,0.063494727,0.581039615,NA
LZTS1,16.00184088,-0.00700665,0.063539147,0.469352287,NA
MAB21L4,8.942271948,0.008286054,0.064101475,0.259487733,NA
MACROD2,39.43018485,-0.015917131,0.065062606,0.244842212,NA
MADCAM1,41.40615852,-0.010897539,0.064108965,0.322023794,NA
MAGED4,11.58230498,0.005610597,0.063805123,0.35381021,NA
MAGED4B,15.6976619,-0.000419035,0.063255676,0.955015497,NA
MAK,36.61600641,-0.006929212,0.062624225,0.613898268,NA
MAMDC2,32.59332691,-0.015466485,0.065711409,0.12065481,NA
MAMSTR,13.46841813,0.002240475,0.063086492,0.810728938,NA
MANSC1,41.107898,-0.004583385,0.062875819,0.686178874,NA
MAP1B,34.57504485,-0.014142018,0.065004104,0.207447321,NA
MAP1LC3C,22.27926784,-0.011827858,0.064249262,0.308212653,NA
MAP3K15,13.33232392,0.002827212,0.06334026,0.718791066,NA
MAP3K7CL,29.87878936,0.010487615,0.063783979,0.384165071,NA
MAP4K1,23.66413956,-0.004659418,0.063391246,0.58162853,NA
MAP6D1,58.88754909,-0.022372792,0.06659197,0.209861734,NA
MAP9,17.40430653,0.003845454,0.063390867,0.628113784,NA
MAPK15,10.56318862,0.00738903,0.063852342,0.362836097,NA
MAPK8IP2,36.42196713,0.004800595,0.062354017,0.731837846,NA
MAPT,35.48188406,-0.013664414,0.064081167,0.343892378,NA
MARCKSL1P1,9.514413838,-0.004556631,0.063610936,0.496453746,NA
MARCKSL1P2,7.456329354,0.010135202,0.064558053,0.143026084,NA
MARK1,51.00386917,-0.006620254,0.061605866,0.700876039,NA
MARK2P17,9.652841245,-0.007414448,0.063901496,0.329653923,NA
MARK2P8,11.741664,0.003456948,0.063235891,0.69687046,NA
MARVELD2,27.10534744,-0.017882029,0.066079089,0.163178595,NA
MAS1,25.57938211,0.003541079,0.062543636,0.781456251,NA
MASP1,8.228320161,0.000875863,0.063346768,0.902402111,NA
MASP2,50.5935796,0.012914309,0.063211532,0.438511515,NA
MAST1,30.75388752,-0.021518598,0.06777547,0.095333348,NA
MATN1,10.74693076,0.004617663,0.063522905,0.538298763,NA
MATN2,22.94618599,0.00692078,0.063476618,0.487268169,NA
MBOAT2,17.34045398,0.008632061,0.064014789,0.307714209,NA
MCAM,28.603528,-0.007632401,0.063935536,0.318044886,NA
MCTP2,27.35254668,0.004797378,0.063191254,0.628796255,NA
MCTS2,22.72283346,0.011907841,0.064396957,0.278108814,NA
MDFI,14.33633281,-0.003035222,0.063229942,0.725120633,NA
MDGA1,18.48877968,0.007301881,0.063881661,0.3328428,NA
MDH1B,8.099136346,-0.00569722,0.063694127,0.425369834,NA
MECOM,9.532571321,0.003641356,0.06353298,0.58665283,NA
MED12L,40.27153324,-0.013098394,0.064338708,0.303652449,NA
MEFV,22.35108268,-0.00817144,0.063864948,0.354146896,NA
MEGF11,15.21394384,0.004570207,0.063402508,0.585477783,NA
MEIOC,41.83646312,-0.002979479,0.062451297,0.813811709,NA
MEIS1,26.48685429,-0.013321815,0.065074234,0.155751571,NA
MEIS2,49.73462104,0.035643246,0.076867889,0.030379053,NA
MEIS3P2,10.88330362,-0.009055163,0.064130368,0.276023093,NA
MEP1A,17.15343196,-0.006638939,0.063470279,0.49325981,NA
MEPE,36.40276293,0.005465321,0.062730774,0.668225076,NA
MESP1,17.28009699,-0.015116746,0.065417287,0.168327515,NA
METTL21EP,10.52346776,0.003522988,0.063313311,0.67483096,NA
METTL24,29.78231956,0.021089269,0.067148558,0.144186609,NA
MFAP2,12.89419717,-0.000509195,0.063241185,0.946915296,NA
MFAP3L,18.52558601,0.001922265,0.063308874,0.799872381,NA
MFAP4,42.01247928,-0.024366506,0.069099338,0.078981727,NA
MFAP5,32.37797126,0.016049497,0.065222594,0.228010312,NA
MFFP1,7.600968239,0.006327567,0.063815382,0.361972285,NA
MFSD13B,23.09502051,0.009810022,0.063828465,0.379019602,NA
MFSD2B,13.83831677,-0.004792449,0.063492159,0.542718993,NA
MFSD4A,28.85281589,0.007897445,0.063797892,0.376225472,NA
MFSD6L,10.51585665,-0.001525561,0.063301829,0.834803195,NA
MGAT3,36.66209591,-0.000705873,0.062497733,0.954358004,NA
MGAT4C,15.70780454,0.000225538,0.063221449,0.983972029,NA
MGP,12.33697541,-0.004104735,0.063481466,0.577013566,NA
MIA-RAB4B,7.267531598,-0.002393131,0.063550515,0.663087669,NA
MICE,18.27536934,-0.006407961,0.063140795,0.57233264,NA
MICU3,12.03382808,0.001675947,0.063360326,0.809400704,NA
MID1,53.02685086,0.036305274,0.075515506,0.074229574,NA
MINAR1,23.71115639,0.010404724,0.063821972,0.379443493,NA
MINDY4,18.60754145,0.013511893,0.064802852,0.23129283,NA
MIPEPP3,23.85866655,-0.002533568,0.062529229,0.832900224,NA
MISFA,17.40778801,-0.000750464,0.062826198,0.941759033,NA
MKRN2OS,21.1398107,-0.005895007,0.063133326,0.591941753,NA
MKRN3,11.43441179,0.008134983,0.064034112,0.28427807,NA
MLANA,34.44825572,-0.00497485,0.063096072,0.636196649,NA
MLIP,8.517775069,0.005365648,0.063758997,0.385347821,NA
MMP11,21.27429729,-0.017926186,0.066687418,0.074238607,NA
MMP17,11.9252237,0.008813632,0.063994343,0.3230636,NA
MMP21,12.52404917,-0.000212043,0.063241217,0.978648958,NA
MMP23B,13.83586343,-0.00268512,0.063226935,0.749456954,NA
MMP24,56.59281711,-0.031995996,0.072983721,0.075246836,NA
MN1,15.49531384,-0.003950483,0.063499656,0.568833059,NA
MOBP,10.57614171,-0.001483071,0.063257117,0.84911875,NA
MOGAT1,8.622575286,0.007291144,0.063941639,0.309872843,NA
MOGAT3,11.82231586,0.017367667,0.066691084,0.047058166,NA
MORN3,51.13989506,0.001559723,0.061862434,0.916949629,NA
MPL,19.4419806,0.00171524,0.063253011,0.829174348,NA
MPP3,35.48421458,-0.029681641,0.072954801,0.023480835,NA
MPP4,12.37281815,0.006583983,0.063588853,0.462868669,NA
MPP7,17.38883375,-0.008963247,0.064130472,0.264877088,NA
MPPED1,18.59185152,0.010044012,0.06383579,0.376971695,NA
MPZL2,12.98725899,-0.015830642,0.065937012,0.097689305,NA
MRGPRX3,6.180591857,0.003165282,0.063624803,0.549759186,NA
MRLN,10.32180801,-0.000753725,0.063247586,0.921233405,NA
MRO,54.73210113,-0.001137536,0.062067036,0.935412726,NA
MROH8,42.39891574,-0.02284406,0.067608725,0.149202807,NA
MRPS17P1,15.1085179,0.00271924,0.063005105,0.786046074,NA
MRPS18AP1,18.17974253,0.014762953,0.06534328,0.168910454,NA
MRPS31P5,29.84889522,-0.003880955,0.062615182,0.753091076,NA
MS4A15,11.11606772,-0.009893218,0.064378613,0.207641118,NA
MS4A2,9.756849285,0.000500189,0.063328103,0.939327116,NA
MS4A6E,9.048658963,5.96E-05,0.063308261,0.994711048,NA
MSANTD1,20.74732005,0.002399732,0.062738794,0.83482983,NA
MSANTD3-TMEFF1,41.93533215,0.025140075,0.069008061,0.108621798,NA
MSI1,10.43198194,-0.004661144,0.063455131,0.563970374,NA
MSRB3,12.17269076,-0.011956768,0.064899054,0.132822557,NA
MST1P2,19.90227622,0.003533696,0.063217823,0.695646121,NA
MSX1,15.26247972,-0.005358998,0.063184773,0.605521442,NA
MT1E,55.80349194,-0.474376808,0.3515801,0.003482404,NA
MTARC1,50.51462135,-0.020811506,0.066816752,0.16545416,NA
MTARC2,47.46064172,0.005308992,0.062746075,0.670685343,NA
MTCH1P2,7.086885028,0.008328649,0.064217759,0.194732487,NA
MTCL3,40.808332,-0.006864761,0.063122126,0.558637814,NA
MTCO1P11,7.858244719,0.001397943,0.063365718,0.842578665,NA
MTCO2P12,13.90211807,0.003195794,0.063140876,0.735585152,NA
MTCP1,56.93668267,0.003503654,0.061913168,0.817165976,NA
MTCYBP18,8.882590309,0.008584584,0.064220579,0.211572436,NA
MTMR11,49.55944051,-0.018108898,0.06503186,0.277195448,NA
MTMR7,52.92348958,-0.019110076,0.066608656,0.136934792,NA
MTMR8,44.0116067,0.003685584,0.062418542,0.782570195,NA
MTND4P12,13.69551994,0.005023062,0.063483366,0.54029776,NA
MTND5P11,17.69432514,-0.000104205,0.062859894,0.990617171,NA
MTNR1A,20.50933524,0.007149096,0.063245335,0.532715469,NA
MUC20P1,6.842732356,0.004823182,0.063701582,0.434480445,NA
MUC5B,14.8453358,0.000517125,0.063550192,0.907200599,NA
MUCL1,9.39879478,-0.006367026,0.063812614,0.353220705,NA
MYB,25.31832052,-0.015028283,0.065001686,0.235621404,NA
MYBL1,48.61008337,0.003408972,0.062214295,0.811388505,NA
MYBPC3,25.55790014,0.006206586,0.063392457,0.527787917,NA
MYCBPAP,25.28084827,0.022069551,0.068160367,0.080245962,NA
MYCL,37.59903922,0.037871374,0.0784522,0.033287598,NA
MYCN,8.17579329,-0.004364808,0.063598764,0.504671757,NA
MYEOV,45.69356829,0.018509025,0.065903798,0.200081162,NA
MYH14,31.93172506,-0.00015564,0.06248983,0.987217268,NA
MYH3,55.3083812,-0.009483727,0.063329133,0.464582643,NA
MYH7B,33.81184707,-0.015185267,0.064969756,0.245456549,NA
MYL11,19.60912716,-0.000990947,0.06279159,0.925230488,NA
MYL3,30.51702331,0.004493978,0.062739167,0.712957516,NA
MYL4,6.924476564,0.009534795,0.064486902,0.123818314,NA
MYLK2,8.58601233,-0.001341085,0.063333869,0.850582803,NA
MYLK4,50.75402827,-0.006695904,0.062973142,0.58437464,NA
MYO15A,32.82965712,0.012812797,0.064662354,0.241324151,NA
MYO1A,14.0540039,0.004755797,0.063533126,0.521505107,NA
MYO3B,11.28824443,-0.005441475,0.063583371,0.488745717,NA
MYO5C,15.20544783,0.005644139,0.063742934,0.398189897,NA
MYO7B,35.76945079,0.015568141,0.065741028,0.120466589,NA
MYOCOS,12.09904759,0.00833748,0.064125276,0.244220003,NA
MYOM1,17.3943807,0.015548808,0.066201911,0.025223021,NA
MYOM2,8.267457167,-0.002642549,0.063478597,0.679384626,NA
MYOM3,21.51160302,0.010956551,0.064761972,0.107235872,NA
MYOZ2,7.93907761,-0.002211107,0.063365089,0.75796516,NA
MYPN,10.5775705,0.012012795,0.064959639,0.116028063,NA
MYT1,8.045202667,0.002149743,0.063416923,0.749699713,NA
N4BP3,26.23636269,0.007802095,0.063344667,0.503170171,NA
NAALADL2,23.97359131,0.002594378,0.062466704,0.839206939,NA
NAGS,52.75042228,0.040131355,0.079559032,0.04595743,NA
NAIPP1,32.3814407,-0.028768168,0.072349078,0.024970215,NA
NAIPP3,32.3814407,-0.028768168,0.072349078,0.024970215,NA
NALCN,14.79507338,-0.007752806,0.06374569,0.394192383,NA
NALF1,8.198094771,-0.001298948,0.06339164,0.843560529,NA
NAMPTP1,37.84062869,0.020543645,0.066871514,0.153549826,NA
NANOG,19.12493084,0.007676141,0.063494573,0.470902874,NA
NANOS3,8.757499369,0.001633923,0.063291908,0.83283529,NA
NAP1L4P1,16.99172533,0.016213464,0.065825255,0.137608472,NA
NAPSA,12.90466056,0.005653265,0.063600361,0.473320809,NA
NAPSB,7.685978278,-0.007673627,0.06407813,0.240392896,NA
NAV2,27.81384086,-0.003485402,0.063390804,0.648608376,NA
NBEAP2,25.49582364,-0.010909077,0.063911497,0.362851116,NA
NBPF2P,8.736402625,0.006308695,0.06383319,0.351118736,NA
NCALD,36.08267512,-0.005616458,0.062900794,0.637171982,NA
NCAM1,36.23249386,0.031484003,0.074536884,0.012826461,NA
NCAPGP1,12.37473718,-0.010807043,0.064433667,0.230602594,NA
NCCRP1,8.591452614,0.004136621,0.063431289,0.599472786,NA
NCLP1,24.3289982,-0.00982102,0.063594104,0.421813501,NA
NCMAP,20.17496195,-0.007586369,0.063245799,0.518624987,NA
NEB,56.46251715,-0.003473898,0.06128469,0.83875211,NA
NECAB1,8.717958673,-0.003548038,0.063572667,0.561804541,NA
NEDD8-MDP1,6.836477049,-0.001759807,0.063648608,0.644117084,NA
NEFM,11.03083891,0.009811316,0.064479577,0.154573323,NA
NEK10,37.8578036,0.019063733,0.066841203,0.107626108,NA
NEK5,26.99821899,0.001929912,0.062538272,0.875871773,NA
NEURL1,11.96639527,-0.011781373,0.064907223,0.112192819,NA
NEURL1B,14.22801853,5.74E-05,0.063045048,0.997630024,NA
NEURL3,50.40644112,0.037404305,0.078113171,0.032826431,NA
NEUROD1,10.34241331,0.00070504,0.063225055,0.930577219,NA
NEXMIF,30.00328633,-0.001591516,0.062430983,0.89862711,NA
NF1P8,12.09610012,-0.00799871,0.063842506,0.362505652,NA
NFIB,7.264187208,0.002950145,0.06364641,0.516842775,NA
NFIX,22.52763042,0.004812843,0.063184435,0.628562583,NA
NHERF2,56.1146327,-0.011142832,0.062702431,0.502888498,NA
NHLRC4,16.87896564,6.53E-05,0.06302679,0.995383944,NA
NIBAN3,56.73827359,-0.005583817,0.062104256,0.713199521,NA
NID1,9.328881666,-0.012571685,0.065122459,0.090173519,NA
NID2,10.04489853,0.004837271,0.063712834,0.410867798,NA
NIPAL1,22.86082206,0.007218874,0.063968234,0.286318741,NA
NKAIN1,13.311642,0.008751711,0.064070268,0.287339545,NA
NKAIN4,12.42881016,-0.009634242,0.064189136,0.271189246,NA
NKD1,41.25686506,-0.0444849,0.089186795,0.000103345,NA
NKPD1,12.2700857,0.013148648,0.065126976,0.137597301,NA
NKRF,39.6233784,-0.005656978,0.063904112,0.259656751,NA
NKX3-1,20.96100468,0.00854669,0.063478613,0.460181674,NA
NLGN2,55.33798703,0.002526128,0.061798793,0.870420335,NA
NLRC3,17.10850775,-0.004543699,0.063075875,0.65836859,NA
NLRP10,19.175364,0.003563146,0.062910724,0.743952426,NA
NME8,35.96145807,-0.045481549,0.088851599,0.003120648,NA
NME9,37.03859109,0.013618016,0.063875011,0.36996689,NA
NMNAT2,16.80298426,-0.016972167,0.06663539,0.031807249,NA
NMRK2,25.4667551,0.004269856,0.062869295,0.708973629,NA
NMUR1,29.79342026,-0.000476347,0.062200147,0.971447467,NA
NNAT,44.92675195,-0.006427098,0.062535001,0.643164931,NA
NNMT,34.00961976,0.007684007,0.063027162,0.550447136,NA
NONOP2,53.61704747,0.000789531,0.061153109,0.963383535,NA
NOS1,32.90290695,0.010622004,0.063147591,0.473581494,NA
NOS3,39.60520183,0.582782423,0.696194064,0.004398347,NA
NOSTRIN,25.79150255,-0.001786661,0.063079888,0.844570582,NA
NOTCH2NLR,11.45955289,-0.004108303,0.063200607,0.661572437,NA
NOTCH3,58.15947127,0.000121786,0.062764482,0.992829327,NA
NOTCH4,47.56063735,0.014809549,0.063959637,0.359907402,NA
NOTUM,8.650496606,0.006064715,0.063781934,0.370709113,NA
NOVA1,9.73243142,-0.010403249,0.06449179,0.186889119,NA
NOVA2,32.34394596,-0.008654056,0.064236184,0.199391742,NA
NOX1,13.87928675,-0.01196571,0.064814901,0.161006967,NA
NOX4,15.03868622,0.011374594,0.064547969,0.217043387,NA
NOX5,26.57627318,0.001504859,0.062239882,0.912103304,NA
NOXO1,8.115903943,-4.10E-06,0.063349545,0.990838861,NA
NOXRED1,20.13447522,0.004327638,0.063019611,0.686886279,NA
NPAP1,23.07452261,-0.011865659,0.064131194,0.330272698,NA
NPFF,55.26560009,0.017755445,0.064184022,0.33916955,NA
NPFFR1,35.82158373,0.005217479,0.062240394,0.721244763,NA
NPHP1,50.03928676,-0.022356106,0.067541795,0.140846395,NA
NPHP3-ACAD11,39.74643501,-0.000145586,0.063615871,0.965767075,NA
NPHS1,15.40268728,-0.002425291,0.063227819,0.770557806,NA
NPIPA2,19.7366265,0.009178279,0.06360024,0.428456164,NA
NPIPA3,35.34731873,0.014957304,0.064258049,0.33098402,NA
NPIPA5,8.521079052,0.007786059,0.064340965,0.036530552,NA
NPIPA8,28.21854845,0.015651571,0.065668072,0.142907627,NA
NPIPB6,11.23577371,-0.013461218,0.065254729,0.119893849,NA
NPIPB9,11.73076598,-0.00252865,0.063209514,0.767306239,NA
NPM1P40,9.944669765,-0.003105763,0.063402936,0.672482837,NA
NPM1P7,38.25352741,-0.001159847,0.062026107,0.934827704,NA
NPM2,58.66359328,-0.012594865,0.063104299,0.448964368,NA
NPNT,15.31373307,0.001222174,0.063461467,0.835232261,NA
NPPA,9.9878801,0.003904666,0.063403312,0.622577376,NA
NPR1,7.774802642,0.006693906,0.063906662,0.305793871,NA
NPR2,49.81793004,-0.001489515,0.062769403,0.886570428,NA
NPR3,14.65087556,0.001215947,0.06331723,0.867942865,NA
NPTX1,20.02343498,0.008065713,0.063514098,0.459018833,NA
NPW,24.81643664,0.004321956,0.062913736,0.701727587,NA
NR1I3,20.12174862,-0.004092789,0.062890938,0.713177182,NA
NR2F1,7.375404856,-0.003009255,0.063413537,0.67866137,NA
NR3C2,24.36291352,-0.002426067,0.062881222,0.816594436,NA
NR6A1,51.05046651,0.000956792,0.062455243,0.939655705,NA
NRAP,13.46595692,-0.000144183,0.063268077,0.983142447,NA
NRARP,17.90323299,-0.007036823,0.063295878,0.523600428,NA
NRBF2P5,7.561258458,0.002526509,0.063343888,0.740372204,NA
NRCAM,43.34392017,0.007029707,0.063263628,0.525269626,NA
NRG1,22.65280846,-0.006173089,0.063347876,0.530392913,NA
NRG4,13.98631886,-0.000368811,0.063546274,0.935492939,NA
NRK,7.399319808,0.003790207,0.063559321,0.562005865,NA
NRN1L,9.292374093,0.003152238,0.063453501,0.654756917,NA
NRTN,13.12385617,-0.009828082,0.064216329,0.268216637,NA
NRXN2,9.116189451,-0.012312273,0.065148201,0.065510491,NA
NRXN3,8.788317306,-0.005697094,0.06388455,0.275748772,NA
NSG1,7.873879934,-0.004448095,0.063604358,0.503375072,NA
NT5C1A,9.538488801,0.007088482,0.063900973,0.327309659,NA
NT5DC4,12.01588749,0.007460947,0.063936675,0.305752501,NA
NT5M,32.23966849,0.000771486,0.062557086,0.949753508,NA
NTAN1P2,16.68633731,-0.017324066,0.066331435,0.102508121,NA
NTN1,15.13210668,0.005768836,0.063528737,0.499224573,NA
NTNG2,32.91258991,0.026966068,0.070589229,0.062451103,NA
NTRK2,24.60028854,0.002416882,0.062496511,0.844367405,NA
NTRK3,38.25569609,-0.01610553,0.065711299,0.14918559,NA
NUDCP1,21.82399545,-0.001365846,0.062702566,0.902514875,NA
NUDT5P1,15.15549199,0.005538172,0.063212657,0.593656439,NA
NUDT8,49.69383568,0.023618379,0.068058395,0.136206609,NA
NUGGC,23.09831763,0.008381364,0.063616748,0.433151716,NA
NUP62CL,13.93154907,0.008956507,0.064160441,0.257451573,NA
NUPR2,7.995094709,0.004255423,0.063554234,0.540434809,NA
NUPR2P1,10.15330546,0.017485674,0.066901282,0.023406569,NA
NUTM2B,37.19288644,0.013086277,0.064114899,0.342326291,NA
NUTM2G,56.66865016,0.00750376,0.061691094,0.668239081,NA
NWD1,12.6106469,0.00977316,0.06441077,0.182537358,NA
NXF3,56.31242815,0.01107751,0.062866454,0.482200604,NA
NXNL2,22.16804615,0.008221946,0.063257349,0.50467014,NA
NXPH3,28.78853221,0.016429078,0.065711393,0.164718949,NA
NXPH4,9.917177499,-0.003370977,0.063374114,0.66056362,NA
NYAP2,16.92198429,-0.021818281,0.068551234,0.033230071,NA
OAZ3,46.02307444,-0.005653861,0.062274516,0.697236928,NA
ODAD1,15.50270627,-0.00330124,0.06304301,0.739409377,NA
ODAD3,14.07855302,0.002076869,0.063180865,0.810116133,NA
ODAD4,16.77071652,0.00648397,0.063530536,0.481457393,NA
ODAPH,18.89705784,-0.002130885,0.063050876,0.821515415,NA
ODCP,8.300845549,0.011732928,0.064934467,0.10217878,NA
OGN,28.02573712,-0.004972246,0.063334775,0.58621309,NA
OLA1P3,21.79638402,0.005845996,0.063168927,0.590385869,NA
OLFM1,9.377707746,-0.000741338,0.063321708,0.915853613,NA
OLFML1,12.01706262,0.000232032,0.063169995,0.977949245,NA
OLFML2A,11.02015541,6.30E-05,0.063117782,0.99543217,NA
OLIG1,27.70160853,0.02359877,0.068863727,0.072555364,NA
OMD,12.7019719,0.003413334,0.063165679,0.714605968,NA
ONECUT1,26.015162,0.00662468,0.063017894,0.585005873,NA
ONECUT2,13.80507849,0.006489556,0.063793197,0.363433639,NA
ONECUT3,17.13743803,-0.000624113,0.06288886,0.949662696,NA
OR10A6,8.713099911,0.003612894,0.063406812,0.639362264,NA
OR10AC1,42.09031462,-0.01023407,0.062803782,0.510565641,NA
OR10H1,25.97750843,-0.000796355,0.062404039,0.949937646,NA
OR10H5,33.48404728,0.000645494,0.062252295,0.963053358,NA
OR10K1,15.59310285,-0.00247901,0.063128876,0.78361244,NA
OR11A1,10.24955818,-0.004827423,0.06345738,0.5550825,NA
OR13A1,12.58838705,-0.010348076,0.064385922,0.226097874,NA
OR14L1,9.706596518,-0.003167825,0.063287033,0.703186181,NA
OR1A1,41.78950739,-0.006849134,0.062118065,0.664606947,NA
OR1I1,45.02467196,0.045938218,0.087066442,0.018456103,NA
OR1M1,12.27468032,-0.006358666,0.06352198,0.486520883,NA
OR2A1,10.0800647,-0.002267824,0.063526334,0.682840539,NA
OR2A12,7.079354292,-0.00179726,0.063432347,0.779965843,NA
OR2A20P,37.48209527,0.007211019,0.06225991,0.643184259,NA
OR2A42,20.14596154,-0.001213913,0.062723308,0.912011483,NA
OR2A5,23.4933164,0.004284405,0.063602893,0.504316708,NA
OR2A7,23.71017848,0.014487192,0.06513275,0.200272858,NA
OR2A9P,37.48209527,0.007211019,0.06225991,0.643184259,NA
OR2AG1,12.81466848,-0.007352266,0.063876145,0.341344341,NA
OR2B11,31.13529597,0.009098635,0.063229938,0.490278605,NA
OR2F1,11.38068351,-0.007608043,0.063827013,0.364207095,NA
OR2G6,18.55769814,0.002370983,0.062923068,0.819862149,NA
OR2I1P,7.294178897,-0.002976489,0.063480285,0.653713983,NA
OR2L2,20.22718689,-0.003994483,0.062888965,0.719488688,NA
OR2L3,10.35090819,0.006631649,0.063736228,0.402364002,NA
OR2M4,19.46703913,-0.005316792,0.06312203,0.616238605,NA
OR2T12,13.17708556,-0.005383157,0.063530903,0.508791999,NA
OR2T33,9.527959042,-0.010788535,0.06452945,0.196226383,NA
OR2V1,44.25983637,0.008416358,0.062403642,0.592180636,NA
OR2V2,9.57473566,-0.005458417,0.063741668,0.396754705,NA
OR2W3,7.167980985,0.001752578,0.063382465,0.801726561,NA
OR4D1,12.28469283,0.010652873,0.064429732,0.227179473,NA
OR4D9,36.90006991,0.002317905,0.062001982,0.874177671,NA
OR4E1,7.619220704,-0.006141333,0.063821223,0.354181598,NA
OR4F17,50.37597024,0.00063209,0.061890178,0.966373977,NA
OR4K13,8.664845405,0.004281084,0.063524267,0.552192484,NA
OR4K17,51.38688013,0.008938216,0.062164421,0.597147199,NA
OR51M1,7.433609846,0.008245343,0.064203469,0.199261815,NA
OR52E4,13.03367835,-0.009774175,0.064269813,0.246172987,NA
OR52K1,33.78254812,0.011278743,0.063573392,0.414651327,NA
OR56A1,14.92899297,0.012616649,0.064919487,0.168437702,NA
OR5A1,29.42138336,0.013300898,0.064186735,0.333343165,NA
OR5AN1,15.70446413,0.005275253,0.063186907,0.609619848,NA
OR5AU1,21.79280833,0.009849839,0.063670716,0.412273451,NA
OR5H1,8.995905508,-0.002480448,0.063330482,0.743869617,NA
OR5H14,8.528388039,-0.002852101,0.063380907,0.700026256,NA
OR6B1,10.01099246,-0.001523274,0.063263516,0.844563176,NA
OR6C4,13.1415704,0.003539384,0.063191061,0.70038539,NA
OR6C74,37.5332141,0.011663418,0.063433256,0.430662915,NA
OR6C75,20.63179555,-0.002632404,0.0630313,0.786307647,NA
OR6J1,14.7044814,0.00123412,0.062964299,0.901021978,NA
OR6R2P,20.56476693,-0.00930726,0.063729602,0.39712636,NA
OR6Y1,39.80881366,0.004785968,0.062385451,0.730468185,NA
OR7A17,14.50428169,0.002436507,0.062987891,0.807874516,NA
OR7D2,17.00374647,-0.006211248,0.063416137,0.518098651,NA
OR7D4,16.98586625,0.005213772,0.063169828,0.612425428,NA
OR7G2,9.536204516,-0.003982891,0.06337985,0.624446551,NA
OR8A1,38.37422681,-0.010198791,0.063723599,0.396366719,NA
OR8B8,7.631365233,0.001035824,0.06334833,0.883600864,NA
OR8D1,20.24110148,-0.009656439,0.064015844,0.327472785,NA
OR8G1,9.766001983,-0.011124572,0.064657285,0.167220427,NA
OR9H1P,19.7870565,0.007578076,0.063331238,0.505328699,NA
OSBPL10,44.44742321,-0.006524619,0.063065232,0.574306224,NA
OSCP1,52.83294503,-0.020259621,0.066182496,0.209299876,NA
OSMR,21.50151417,-0.000958769,0.063168836,0.905461448,NA
OTOAP1,37.66544474,0.005501071,0.063155431,0.605036061,NA
OTOF,15.26011955,0.004034249,0.063355,0.62862634,NA
OTUD7A,16.12650263,-0.001535885,0.063138723,0.858725377,NA
OVGP1,26.20998597,0.000902583,0.06263347,0.93904114,NA
OXTR,15.6661372,0.011104931,0.06448693,0.220870208,NA
P2RX5,29.37833537,-0.012197741,0.064170763,0.323824659,NA
P2RX6,26.92438501,0.003257421,0.063227203,0.709820009,NA
P2RY2,51.98594489,0.004288092,0.061730056,0.79108956,NA
PACSIN3,36.92941136,0.016819149,0.06529581,0.236787591,NA
PADI1,24.47090644,-0.01828776,0.066527033,0.114275367,NA
PAIP2B,22.9195206,-0.008134635,0.063206212,0.511863833,NA
PAK6,37.4700673,-0.006773209,0.062811598,0.605093871,NA
PALM,10.87986599,-0.002397932,0.063266165,0.766238374,NA
PALMD,10.52365941,0.01193252,0.064991107,0.096142539,NA
PALS2,49.34912172,-0.017085767,0.065640403,0.196484732,NA
PANO1,56.43530942,0.031668599,0.071665306,0.114973466,NA
PANX2,44.14241585,0.04870703,0.09034878,0.016924581,NA
PAPPA,14.40574619,0.000138502,0.063116804,0.988893392,NA
PAPPA2,21.46574635,0.012326333,0.065296398,0.02217755,NA
PAQR6,57.9153611,-0.016314585,0.064123881,0.344672392,NA
PARD3B,35.88958078,-0.010827474,0.064276322,0.275615581,NA
PARD6A,39.90468566,-0.029607374,0.071735256,0.072852987,NA
PARD6BP1,7.193182677,0.004669943,0.063749122,0.393875211,NA
PARD6G,26.57665415,-0.002681,0.062805622,0.806523342,NA
PARGP1,36.42389491,0.00360526,0.061820793,0.816299564,NA
PATE4,10.61641309,0.000179187,0.063231963,0.982865998,NA
PATJ,19.32246109,0.004575831,0.063489794,0.550698177,NA
PAWR,15.52287723,-0.00242987,0.063180278,0.774150583,NA
PAX3,8.242110855,-0.003306021,0.06343223,0.645428023,NA
PAX5,12.82974819,0.012070786,0.064846349,0.155640912,NA
PAX6,10.26947516,0.004433317,0.063498415,0.560032972,NA
PBX1,36.67520595,-0.037424205,0.079893599,0.004731695,NA
PBX4,12.38752618,0.00760176,0.063812072,0.373113213,NA
PCBP3,9.137544264,-0.001044748,0.063211708,0.896090333,NA
PCBP4,46.87556152,0.004487455,0.062381116,0.77013754,NA
PCDH10,24.9906129,-0.008391776,0.063694091,0.408499702,NA
PCDH12,52.95361789,-0.023831097,0.068692263,0.092204497,NA
PCDH7,10.81510371,0.006409556,0.06364491,0.444571847,NA
PCDH9,10.31681978,0.001151823,0.063384057,0.851766101,NA
PCDHA11,50.25126645,-0.022776832,0.067776465,0.134578303,NA
PCDHA12,20.51029173,-0.003178404,0.062944288,0.761397744,NA
PCDHA2,14.76810031,-0.002573608,0.063177866,0.769797286,NA
PCDHA3,9.72875417,0.012609384,0.065187711,0.081436868,NA
PCDHA5,13.00403218,0.006551221,0.063656994,0.437971172,NA
PCDHA6,54.672001,-0.011106086,0.063152315,0.46324984,NA
PCDHA9,25.84009571,-0.003745368,0.062715986,0.751820171,NA
PCDHAC1,9.414110017,8.99E-05,0.063191883,0.992409833,NA
PCDHAC2,24.8563648,0.005445729,0.06361324,0.464337538,NA
PCDHB11,9.193910111,0.007243707,0.063918029,0.319798009,NA
PCDHB13,11.92925582,-0.01578069,0.066134879,0.054335888,NA
PCDHB14,11.91099362,0.00174967,0.06311996,0.84565599,NA
PCDHB16,14.99010994,0.002065586,0.062963442,0.83513653,NA
PCDHB3,11.34126582,0.010394262,0.064800703,0.031421877,NA
PCDHB9,19.1991145,0.004529555,0.063523888,0.53611122,NA
PCDHGA1,11.51453844,0.005562096,0.063680038,0.437073543,NA
PCDHGA11,14.10403677,-0.005022481,0.063503623,0.529131075,NA
PCDHGA6,9.574399519,-0.000217571,0.063293851,0.974561186,NA
PCDHGA8,18.86455716,0.017504489,0.066366833,0.107304725,NA
PCDHGB2,12.59847704,-0.003895527,0.06331121,0.644355526,NA
PCDHGB5,12.76407409,-0.00156371,0.063243808,0.843440976,NA
PCDHGB8P,6.428139422,-0.012666061,0.065346068,0.034603446,NA
PCDHGC4,13.88800733,-0.015728972,0.06597159,0.084498236,NA
PCDHGC5,15.76118503,0.004925361,0.063293379,0.603107209,NA
PCP2,23.76006807,0.00062137,0.062570365,0.959483185,NA
PCSK1,40.75864587,0.012652866,0.063285807,0.436385687,NA
PCSK1N,51.03358821,0.01629651,0.064482854,0.316734385,NA
PCYT1B,10.88975742,0.016996738,0.066597837,0.041924986,NA
PDCD6-AHRR,13.64480498,-0.002483267,0.063761944,0.270468497,NA
PDCD6IPP2,14.51112441,0.009039269,0.063861309,0.3685837,NA
PDCD6P1,41.43859608,-0.025601706,0.068760094,0.13535707,NA
PDE10A,22.23093219,0.009220551,0.063532882,0.442246812,NA
PDE11A,20.52762286,-0.011451892,0.064349369,0.273278953,NA
PDE2A,36.93225471,0.006538128,0.063001921,0.589323726,NA
PDE4C,27.68373442,6.50E-05,0.062593381,0.996763329,NA
PDE4D,48.59500127,-0.013792726,0.064458079,0.294494915,NA
PDE4DIPP6,24.86413793,-0.005114745,0.062866092,0.664639716,NA
PDE5A,57.24665687,0.017826254,0.064924117,0.285259829,NA
PDE6A,35.02643481,-0.018665347,0.066020479,0.194279544,NA
PDE6C,13.12638212,0.005278663,0.063617578,0.468364567,NA
PDE8B,46.08817296,-0.003077833,0.061884635,0.837934381,NA
PDGFRB,31.5796823,0.009739704,0.064219361,0.264640439,NA
PDGFRL,33.43677604,0.018736944,0.06596744,0.20426867,NA
PDIA3P1,32.71424889,-0.011656619,0.063618124,0.4057503,NA
PDLIM3,25.89934005,0.002092427,0.062572993,0.867784128,NA
PDZD2,32.40255378,0.000702807,0.062604035,0.953277474,NA
PDZK1,9.521844265,-0.01127435,0.064693079,0.16029471,NA
PDZRN3,8.4579618,0.004845983,0.063665372,0.453394724,NA
PEAR1,8.483731775,0.011627407,0.064979854,0.074484831,NA
PEBP4,21.10848369,-0.007182336,0.063419594,0.495652775,NA
PERCC1,7.83176291,-3.62E-05,0.063399874,0.994212023,NA
PERPP2,19.12625546,-0.006706074,0.063271225,0.541006554,NA
PEX5L,15.95178723,-0.006919552,0.06378844,0.368838464,NA
PFN1P4,8.676658533,-0.001260261,0.063280421,0.871895319,NA
PFN1P6,13.11674927,-0.009883955,0.064213054,0.275623414,NA
PFN1P8,43.26946231,-0.001366549,0.061963812,0.926792084,NA
PFN2,26.87943734,0.014619193,0.065041314,0.218062746,NA
PFN4,16.24439108,0.007496984,0.063744793,0.400736429,NA
PGAM1P7,9.416391875,0.012270219,0.064955149,0.134556539,NA
PGLYRP3,13.88224464,0.005023094,0.063374811,0.574882042,NA
PGM5,41.28712248,0.00226343,0.062547615,0.853369775,NA
PHACTR2P1,7.24295717,0.003610962,0.063514706,0.594870928,NA
PHACTR3,15.45633895,0.004536302,0.063128749,0.66131509,NA
PHB1P6,19.26732316,0.007353562,0.063424872,0.492957505,NA
PHB1P9,8.313991163,-0.007233268,0.063942324,0.307185172,NA
PHETA2,14.54883442,-0.010511165,0.064191257,0.293895508,NA
PHEX,7.903861752,-0.003560129,0.063552005,0.568576512,NA
PHKG1,25.43090053,0.014052409,0.065208159,0.161498546,NA
PHLDB2,9.866012676,0.007068741,0.06391035,0.320265423,NA
PHOSPHO2,33.5775246,0.002646153,0.06229919,0.844973176,NA
PHYHD1,31.81197814,-0.025048722,0.069234314,0.090946146,NA
PIANP,12.84353643,0.005459454,0.063379272,0.556743205,NA
PID1,10.3521977,-0.004149941,0.063520035,0.554461837,NA
PIERCE1,29.07719829,-0.01007772,0.06351304,0.433244526,NA
PIERCE2,16.33271086,-0.007874623,0.063579332,0.44298766,NA
PIEZO2,48.19484187,-0.022553951,0.067057748,0.184019829,NA
PIGAP1,10.77348563,0.001597499,0.063253552,0.841461342,NA
PIH1D2,16.54255496,-0.009885924,0.064008867,0.332122263,NA
PIP5K1B,18.79194938,0.000851199,0.062833121,0.936382972,NA
PIP5KL1,10.7580651,0.006905581,0.063959061,0.28263678,NA
PITPNM2,57.89788482,0.038220683,0.079473955,0.019728017,NA
PITX1,12.78973002,0.000447421,0.063110151,0.960302669,NA
PITX2,21.19252664,0.016081765,0.065795255,0.13659834,NA
PJVK,20.56393538,-0.000492572,0.062931488,0.95903455,NA
PKD1L1,46.31199267,-0.009959069,0.063504902,0.432147048,NA
PKD1L2,44.37610904,0.011926734,0.063510588,0.417870134,NA
PKD1L3,18.50520707,-0.006056425,0.063158185,0.582325682,NA
PKD1P2,11.49847743,0.006204324,0.063736878,0.405186544,NA
PKD2L2,11.45237329,0.003982486,0.063467314,0.593457744,NA
PKDREJ,9.003124969,-0.008863562,0.064166661,0.25017351,NA
PKNOX2,31.16729514,0.011391633,0.064455964,0.245521325,NA
PKP2,25.47740815,-0.013523187,0.064400474,0.301896863,NA
PLA2G2C,14.99793302,0.005553865,0.063504849,0.507808408,NA
PLA2G2D,36.65079831,0.017357921,0.065202993,0.255745657,NA
PLA2G4D,11.42658315,0.004087274,0.063305242,0.641498149,NA
PLA2G4F,9.527078807,-0.008362138,0.064031925,0.295568662,NA
PLA2R1,14.88400142,0.01419017,0.06513919,0.18614036,NA
PLAAT4,26.80899793,0.005883072,0.063150836,0.58911442,NA
PLAC8,38.32904602,-0.004891362,0.062455656,0.713233297,NA
PLAC9,31.05303481,0.002324138,0.062493697,0.853401846,NA
PLAT,30.69864071,0.031627764,0.074141684,0.027232985,NA
PLCB1,58.70194053,0.018589775,0.065859629,0.217878752,NA
PLCD4,23.57192474,-0.006881856,0.063221236,0.541434732,NA
PLCH2,9.577712376,0.008894376,0.064229608,0.225425306,NA
PLCXD2,10.47327413,0.012093172,0.065307136,0.007357369,NA
PLCXD3,14.45061851,0.013886293,0.065228309,0.15241746,NA
PLD5P1,12.77648073,0.001078525,0.063076733,0.906587758,NA
PLD6,36.60102326,-0.000192946,0.061867939,0.989505622,NA
PLEKHA3P1,11.34683612,0.001798015,0.063168346,0.835182488,NA
PLEKHA6,49.37589805,-0.0298159,0.072207579,0.056794865,NA
PLEKHA8P1,47.87306088,-0.00618319,0.061805933,0.706414642,NA
PLEKHB1,30.17309304,-0.003808916,0.062698094,0.753386987,NA
PLEKHD1,19.64518517,-0.005643835,0.063084514,0.608761074,NA
PLEKHG1,22.66157762,0.000367268,0.062559194,0.977030103,NA
PLEKHG6,45.32253292,0.003013409,0.062055091,0.836108331,NA
PLEKHH2,26.92346168,-0.009471502,0.063978397,0.331849884,NA
PLEKHN1,24.95917832,0.760485587,0.572995584,0.003278734,NA
PLG,11.01761369,-0.005653913,0.063635878,0.457647067,NA
PLGLB2,16.84773711,0.00708999,0.064056392,0.21510526,NA
PLIN5,14.09627908,0.003847091,0.063365403,0.635212896,NA
PLK5,10.4464065,0.000987149,0.063264935,0.898889509,NA
PLPP2,32.85423596,0.01284771,0.06444969,0.283254412,NA
PLVAP,35.73932912,-0.000899853,0.062365232,0.942895578,NA
PLXDC1,24.99355732,0.007563227,0.063974205,0.292338294,NA
PLXNB1,42.28891963,-0.008736695,0.063876479,0.354483369,NA
PLXNB3,15.65439627,0.004604959,0.063659781,0.458368831,NA
PMF1-BGLAP,46.26471481,0.002004191,0.062348343,0.880909729,NA
PMS2P1,55.4564178,-0.034710317,0.074234742,0.082470487,NA
PMS2P2,8.272143133,0.009655182,0.064403331,0.185821965,NA
PMS2P3,45.41457247,0.001237697,0.061681834,0.938520484,NA
PMS2P4,8.616329102,0.004148271,0.063467417,0.585680002,NA
PMS2P8,11.71347423,-0.001343301,0.063663459,0.67857554,NA
PNMA2,36.30214373,0.003485613,0.062642961,0.775620743,NA
PNMA6A,16.48479505,0.011346088,0.06439942,0.25953221,NA
PNPLA1,11.0945863,0.004972419,0.06343751,0.559253181,NA
POC1B-GALNT4,41.96521399,0.041336127,0.082898291,0.012277626,NA
PODN,12.84996507,-0.000880395,0.063263324,0.906266803,NA
PODNL1,35.81242617,0.009445952,0.063901358,0.357590264,NA
POF1B,11.90933185,0.008510966,0.063902176,0.349690907,NA
POLN,36.30674018,0.008446081,0.063656001,0.417109538,NA
POLR1HASP,9.744598252,0.000220686,0.063254189,0.978614643,NA
POM121B,27.2735227,0.001569745,0.062454676,0.903608787,NA
POM121L7P,13.52057019,-0.001604404,0.063012795,0.866104195,NA
POPDC2,29.07774078,0.006669375,0.063307193,0.532383229,NA
POSTN,19.998399,-0.002553784,0.063280256,0.74815297,NA
POTEB3,23.06537451,-0.000504812,0.062690013,0.966623849,NA
POTEE,36.55845626,0.010459685,0.0634781,0.431944389,NA
POTEF,39.0404425,0.019520353,0.066169256,0.196646512,NA
POTEH,7.317443324,-0.01036451,0.064562542,0.156263559,NA
POTEI,45.43758695,0.008676184,0.062960029,0.536039356,NA
POTEM,32.98486639,0.021160777,0.066996879,0.159724321,NA
POU2F3,7.259432624,0.003818321,0.063563811,0.560196997,NA
POU5F1,17.0650978,-0.002435138,0.063310502,0.751521715,NA
POU5F1B,12.77436496,-0.003161901,0.063403692,0.668831818,NA
POU5F1P3,22.82576411,0.006016234,0.062999633,0.611659437,NA
POU5F2,44.95724111,0.009783637,0.062518304,0.549508699,NA
POU6F1,52.5658568,0.015546075,0.064463962,0.31137606,NA
PP2D1,11.30973,0.000153572,0.063182316,0.986519659,NA
PPIAP41,15.49961765,0.000704874,0.062840069,0.949408037,NA
PPIAP53,32.41583761,-0.003702841,0.062497992,0.773339253,NA
PPIEL,15.15843428,-0.000845458,0.063048706,0.926028997,NA
PPIL6,38.2252659,-0.029598066,0.072889239,0.023588881,NA
PPM1E,8.169549595,0.001673134,0.063371616,0.812764879,NA
PPM1J,23.1241849,-0.008303773,0.063510521,0.453399525,NA
PPP1R14C,49.33394369,0.001936017,0.061349159,0.90913841,NA
PPP1R26P1,11.4931978,-0.004261386,0.063495396,0.567669991,NA
PPP1R36,12.19325246,0.002567231,0.063194106,0.768426803,NA
PPP1R3C,13.95915143,-0.007430759,0.063585807,0.448038687,NA
PPP1R3G,26.40953931,0.001134244,0.062440498,0.930337168,NA
PPP1R9A,24.48369083,0.009222811,0.063416044,0.458499466,NA
PPP2R2B,13.60860763,0.004421245,0.063366979,0.606423859,NA
PPP4R2P4,15.55720577,-0.013322199,0.064903784,0.201264077,NA
PPP5D1P,9.286888582,-0.005104904,0.063491245,0.531457135,NA
PPT2-EGFL8,8.12608485,0.009855083,0.064662396,0.060651064,NA
PRAP1,16.28537182,0.004403493,0.063089749,0.669894172,NA
PRB3,8.334812659,-0.001940784,0.063493372,0.737442327,NA
PRCD,49.37838522,-0.034514231,0.074517447,0.071593414,NA
PRDM14,8.269863618,-0.001782708,0.063398116,0.791254695,NA
PRDM5,47.27318223,0.037448129,0.078302186,0.029499128,NA
PRDM6,27.88435987,0.003086175,0.063715175,0.436086234,NA
PRDM7,10.10729446,-0.003058346,0.063297791,0.707901563,NA
PRDM8,12.67868771,0.010190011,0.064313485,0.249656304,NA
PRELID2,43.6813994,-0.001617144,0.062590938,0.889926522,NA
PRELID2P1,16.23617871,-0.005647898,0.063317787,0.561506381,NA
PRELP,25.04268683,0.005794947,0.062939524,0.63391109,NA
PRH1,17.87337366,0.011158178,0.064379733,0.26154047,NA
PRICKLE1,44.50204131,-0.002676193,0.062357717,0.822300475,NA
PRICKLE4,10.88647438,0.001629756,0.063209703,0.844717524,NA
PRKAG3,39.6572785,-0.006363164,0.06294167,0.601407377,NA
PRKG1,12.92568231,-0.007887249,0.064103159,0.230814156,NA
PRKN,52.97156877,-0.002116358,0.061896824,0.885468192,NA
PRLR,8.730992248,-0.004394992,0.063608311,0.491209569,NA
PROB1,32.08531499,0.017141397,0.065562773,0.209625325,NA
PRODH,10.42449742,0.003746933,0.063332615,0.652614354,NA
PROK2,7.270837338,-0.003656321,0.063509135,0.591778491,NA
PROKR2,11.48200805,0.008242692,0.064044933,0.28810304,NA
PROM2,47.88157072,-0.031671005,0.073148496,0.060933431,NA
PRORSD1P,56.26228292,-0.018172713,0.064275182,0.335056445,NA
PROX1,37.2530181,0.022649264,0.069024672,0.024801368,NA
PROX2,28.80170467,0.007919431,0.063616656,0.432378594,NA
PRPS1P2,20.67528257,-0.002429908,0.062870576,0.818528421,NA
PRR15L,13.73811104,0.010425249,0.06429568,0.264671812,NA
PRR16,6.633407074,0.004554342,0.06368934,0.443931121,NA
PRR19,17.25323202,-0.000946391,0.062957793,0.921452378,NA
PRR22,41.26074941,0.02942218,0.071911753,0.061241614,NA
PRR29,20.00717931,0.006673164,0.06347434,0.49154676,NA
PRR4,55.88523404,0.028378019,0.07101117,0.077281413,NA
PRR7,13.64006427,0.018224319,0.066874044,0.064549937,NA
PRRG2,13.67782027,0.007715321,0.063805936,0.373603057,NA
PRRT1,12.71208827,0.004447245,0.063300174,0.623364961,NA
PRRT1B,15.11417197,0.009833367,0.064258031,0.25616934,NA
PRRT2,13.74707542,0.001292198,0.063189762,0.877108078,NA
PRRX1,10.88669899,0.00575452,0.063892593,0.260413484,NA
PRSS12,16.44668741,-0.012171861,0.064976017,0.113393072,NA
PRSS16,19.23208866,-0.0099669,0.064371115,0.211952554,NA
PRSS22,53.48926122,0.387201901,0.299196569,0.004216652,NA
PRSS27,37.16640729,0.009777948,0.063064379,0.497444377,NA
PRSS35,10.7402071,0.005363378,0.063570037,0.494500413,NA
PRSS51,33.12937841,-0.004357006,0.062909341,0.696679064,NA
PRTG,7.457590367,-0.000895706,0.063473716,0.874860729,NA
PSCA,14.05513179,0.005447593,0.063372495,0.559870985,NA
PSMD4P1,27.83948571,0.002838157,0.062734502,0.80603597,NA
PTCHD1,14.64920015,-0.011602479,0.064497001,0.242117387,NA
PTGER3,9.166537349,0.001347712,0.063366052,0.846855294,NA
PTGES,37.71355681,0.011885842,0.063777688,0.385561669,NA
PTGES3L,23.19903018,-0.0069116,0.063532793,0.471493399,NA
PTGES3L-AARSD1,11.00921939,0.00796853,0.064087552,0.249349141,NA
PTGIS,17.00480423,-0.001838639,0.062996859,0.849368144,NA
PTGS2,41.72462486,0.011636761,0.063021517,0.470658457,NA
PTK6,18.92041348,0.01432046,0.065297828,0.157232443,NA
PTMAP11,6.696164028,0.004092413,0.063708693,0.433371308,NA
PTN,9.435609117,-0.000863936,0.063324999,0.901874124,NA
PTPN11P2,12.00144361,0.008820366,0.06407834,0.291896667,NA
PTPN20,13.89545013,0.012152138,0.064806942,0.178495895,NA
PTPN3,29.95861934,-0.004067794,0.062763498,0.728145254,NA
PTPRCAP,7.975103095,0.000652476,0.063675481,0.814502023,NA
PTPRN,29.83607897,0.029913403,0.072926617,0.030557908,NA
PTPRN2,20.86493504,0.003827219,0.063218855,0.673662489,NA
PTPRVP,11.2782284,0.005830847,0.063510207,0.503076765,NA
PTX3,14.2757874,-0.00066863,0.062941082,0.945280243,NA
PVALB,20.20618964,0.001547633,0.062850113,0.884845871,NA
PVRIG,14.75193897,-0.000360764,0.062999336,0.967394934,NA
PXYLP1,46.64412289,0.008250636,0.062723354,0.566300596,NA
PYGM,10.91666081,0.008107844,0.064105839,0.239254467,NA
PYHIN1,39.47187442,0.002854665,0.062162605,0.837370939,NA
PYROXD2,36.22686878,0.022639107,0.068590342,0.059501608,NA
PYY2,16.1485903,-0.005622017,0.063466829,0.523474475,NA
QRICH2,58.86174037,0.011274266,0.063581041,0.411628099,NA
RAB17,55.28432878,0.000235569,0.062189429,0.986913617,NA
RAB19,23.76674631,0.013583152,0.064791131,0.237004526,NA
RAB26,9.384581876,0.001854192,0.063339598,0.801247186,NA
RAB33A,10.71530077,0.010418312,0.064457536,0.205546735,NA
RAB36,25.84853755,0.002982166,0.06305009,0.761781717,NA
RAB37,27.6256845,0.007006621,0.06333158,0.516757405,NA
RAB3B,28.45090221,-0.003641946,0.062469368,0.780448692,NA
RAB3D,32.20366439,-0.01840505,0.066480828,0.124770558,NA
RAB40A,17.10951984,0.00323062,0.06299555,0.75424986,NA
RAB4B-EGLN2,16.27713479,-0.006528683,0.063374425,0.52034854,NA
RABGEF1P2,19.60219168,-0.00154593,0.062764025,0.886804358,NA
RADX,56.7224715,0.004040401,0.062653894,0.743109299,NA
RAET1E,8.644858282,-0.004796344,0.063651201,0.459359979,NA
RAG1,27.63968896,-0.015187631,0.065577273,0.131575786,NA
RALGAPA1P1,11.1885093,-0.00343189,0.063291686,0.684033296,NA
RAMACL,6.886927188,0.005815333,0.063856176,0.316742659,NA
RANBP17,35.12174804,0.004768032,0.062975867,0.666169512,NA
RANBP3L,17.99473616,0.000893601,0.06298292,0.929314447,NA
RAPGEF5,10.21405219,0.004052444,0.063624792,0.494483595,NA
RAPSN,23.18474826,-0.013101156,0.064576072,0.26552684,NA
RARB,12.4871001,-0.00604373,0.063526896,0.491214629,NA
RASA4CP,54.94832897,0.013778874,0.063922916,0.375683136,NA
RASA4EP,41.6556422,0.001383378,0.061735883,0.928447698,NA
RASAL1,45.95426712,0.011327022,0.063272394,0.451851051,NA
RASD1,10.1861642,-0.006902368,0.063703953,0.415438009,NA
RASEF,35.48312501,-0.000894925,0.062070649,0.946564222,NA
RASGEF1A,13.13650227,0.005753,0.063716326,0.415215851,NA
RASGEF1C,33.54924534,-0.029684247,0.072822328,0.028481602,NA
RASGRF2,10.51753794,0.010247778,0.064591679,0.127964098,NA
RASIP1,11.11813617,-0.007413863,0.063905961,0.322813192,NA
RASL11A,19.74329412,-0.010843015,0.064545519,0.188933687,NA
RASL12,7.342685116,0.007050056,0.063934018,0.303978092,NA
RASSF6,9.259457551,0.012590671,0.065167118,0.084419349,NA
RAX2,6.466864081,0.005225595,0.063717442,0.418783854,NA
RBAK-RBAKDN,16.36329035,0.00253187,0.062968394,0.806549796,NA
RBFOX1,34.04794605,-0.022336013,0.067538996,0.142651792,NA
RBFOX3,16.62263004,0.006844786,0.063724993,0.405835337,NA
RBISP5,19.35531141,0.004066544,0.063056291,0.695959409,NA
RBM22P2,8.700159566,-0.001572584,0.063381826,0.816044746,NA
RBM44,31.23067937,0.017606966,0.066264184,0.125709116,NA
RBMS1P1,22.53846487,0.007724108,0.06316537,0.531046772,NA
RBMS3,16.62687701,-0.002374824,0.063263206,0.765519044,NA
RBP1,21.83311142,-0.002324018,0.063048354,0.805639825,NA
RBP5,19.62072026,-0.009146947,0.063988364,0.321928024,NA
RBP7,22.62820875,-0.015582688,0.065348813,0.195851484,NA
RBPMS,26.09452742,0.008855264,0.063652168,0.418900792,NA
RBPMS2,14.79015168,0.005290165,0.063316443,0.577237666,NA
RCN1P2,36.28385435,-0.000117813,0.062288748,0.989705378,NA
RCOR2,26.06655762,0.005427567,0.062928587,0.644157156,NA
RCVRN,8.70678748,-0.005224251,0.063718039,0.412137638,NA
RD3,8.333123953,0.005136636,0.063610594,0.482320011,NA
RDH16,31.09075203,0.00711084,0.062746156,0.600233684,NA
RDH5,17.17455501,-0.000600183,0.06301756,0.947697547,NA
RDM1,20.80342088,-0.004857824,0.063100926,0.641660687,NA
REELD1,8.377658304,0.000531512,0.063449185,0.929350892,NA
REEP2,25.02313592,0.00640618,0.063075457,0.58446622,NA
RELN,9.936005823,-0.002179633,0.063341431,0.768349537,NA
REM2,12.22982798,0.00819192,0.063896253,0.346964168,NA
REP15,39.97348299,-0.02064235,0.066557828,0.183867683,NA
RET,17.56340626,0.006013033,0.063388483,0.533260098,NA
RETREG1,30.68834032,0.015859471,0.065250473,0.218825775,NA
RFESD,26.23070195,-0.004737593,0.063100679,0.644848338,NA
RFLNA,15.96631034,0.005100833,0.063323647,0.585472093,NA
RFPL2,56.97758092,0.027659035,0.070306051,0.096379825,NA
RFPL3,8.726857323,-0.00127048,0.063313083,0.861111675,NA
RFTN2,26.76306636,-0.006599919,0.063606069,0.444563256,NA
RFX4,20.17811152,-0.012776148,0.064963316,0.157941376,NA
RGPD1,8.469180694,-0.006371634,0.063958427,0.245684438,NA
RGPD2,16.12424427,0.001913223,0.06346034,0.759538882,NA
RGPD3,27.19864689,0.001069676,0.062375472,0.934414096,NA
RGPD4,25.08132305,-0.013151054,0.064416218,0.293416938,NA
RGR,9.825969219,0.009475078,0.064272273,0.232518815,NA
RGS17,25.3504672,-0.006300769,0.062912898,0.609205244,NA
RGS20,35.15355352,-0.000863649,0.062679068,0.937860982,NA
RGS4,21.73762285,-0.005324174,0.063250114,0.597318022,NA
RGS5,43.01181873,0.003198741,0.062523167,0.800187866,NA
RGS7,28.54369323,-0.017434063,0.065819948,0.184051252,NA
RGS8,11.40501323,-0.006678053,0.063789828,0.371832304,NA
RGS9,31.76597657,-0.012238854,0.064189164,0.319962941,NA
RHBDL1,23.71520703,-0.003787911,0.062553037,0.764736975,NA
RHBDL2,31.80875905,0.01794644,0.06626268,0.139066251,NA
RHBG,9.112345204,0.0053646,0.063715886,0.414551609,NA
RHD,45.3107189,-0.008316213,0.062229936,0.607907553,NA
RHEBL1,48.91019904,0.020224426,0.065782117,0.24156832,NA
RHEBP2,4.351725282,-0.001764683,0.063690251,0.562938982,NA
RHOD,8.151483411,0.004281807,0.06363663,0.491290194,NA
RHOH,50.8146829,0.016080443,0.064019646,0.354117553,NA
RHOQP1,10.5472163,-0.001184444,0.06328043,0.875043966,NA
RHOXF1,49.83842488,0.010488902,0.06338213,0.446491442,NA
RHOXF1P3,32.30254129,0.007118519,0.062805333,0.595729907,NA
RHPN2,37.56463939,-0.019792305,0.066687681,0.148955404,NA
RIBC1,13.69392977,0.000465856,0.063044715,0.961063077,NA
RIBC2,7.619770219,-0.001626814,0.063513478,0.765816032,NA
RIC3,10.20521415,0.001572804,0.063307992,0.834208889,NA
RIMBP3C,13.37356322,-0.000856319,0.063478909,0.875686035,NA
RIMKLA,11.71834011,0.000833843,0.063151877,0.923028759,NA
RIMKLBP2,24.05332531,0.005569891,0.062893716,0.644165318,NA
RIMS2,24.56493795,0.008870079,0.063650488,0.416994624,NA
RIPK4,6.320379186,-5.87E-05,0.063424102,0.988904718,NA
RIPOR2,32.84136383,-0.006858264,0.063181341,0.548702303,NA
RNA5SP296,14.86837538,-0.001510251,0.063100361,0.865605296,NA
RNASE10,25.15933512,0.002028186,0.062850506,0.850787264,NA
RNASE3,9.061962243,0.00014986,0.063369568,0.984113343,NA
RNASEK-C17orf49,19.74209775,0.00456698,0.063368547,0.596908559,NA
RND1,24.83244014,-0.013413648,0.064343006,0.309362283,NA
RND2,12.58485081,-0.01294673,0.065144093,0.116078713,NA
RNF103-CHMP3,26.12552468,0.007325355,0.063664198,0.428663959,NA
RNF144A,37.70898187,-0.006292545,0.063006647,0.585472332,NA
RNF14P3,6.550519879,-0.008844796,0.064287,0.187947208,NA
RNF150,19.96169584,0.005515198,0.063398896,0.546328847,NA
RNF152,9.251464381,-0.002327308,0.063621708,0.599665523,NA
RNF157,18.20003523,0.000143085,0.062984177,0.989405508,NA
RNF212,25.04764014,-0.001309639,0.062754142,0.903489122,NA
RNF224,19.87380717,0.016540641,0.065772356,0.161306524,NA
RNF227,53.25785282,-0.008073507,0.062908244,0.55209899,NA
RNF32,50.68507258,0.016074601,0.064452301,0.31550033,NA
RNF39,9.180220683,5.86E-05,0.063255181,0.995478835,NA
ROBO2,10.34407036,0.001406403,0.063239432,0.860495077,NA
ROBO3,44.82332787,0.015340319,0.064607644,0.297056627,NA
ROM1,46.61630001,-0.016826603,0.064799671,0.285690437,NA
ROR1,7.543324905,0.009780623,0.064480074,0.150032715,NA
ROR2,34.24772078,-0.004470503,0.062153288,0.75847637,NA
RORA,53.19512173,0.020774214,0.067937051,0.047325994,NA
RP1L1,28.21679846,0.016096935,0.065179911,0.235349738,NA
RPGRIP1,22.85419552,-0.004358375,0.063257456,0.630570357,NA
RPH3A,14.61170572,0.001685729,0.063214615,0.838814205,NA
RPL10P16,19.89013461,0.004133551,0.063143921,0.675712617,NA
RPL10P19,18.018022,-0.000672214,0.062868265,0.946627827,NA
RPL12P16,13.61358085,-0.018726016,0.06707171,0.060066872,NA
RPL13AP26,34.70587482,0.016757346,0.06499905,0.267501613,NA
RPL13AP5,11.96285744,0.014020245,0.065412969,0.112122937,NA
RPL13P5,42.13348596,-0.001737026,0.061552466,0.912970548,NA
RPL13P8,13.99872418,-0.007171627,0.063731464,0.403699232,NA
RPL14P1,13.99357235,-0.006297084,0.063618073,0.452131379,NA
RPL17P28,9.899946614,0.009628398,0.064270118,0.242478121,NA
RPL17P47,9.427071215,0.004535175,0.063489501,0.557990241,NA
RPL18AP7,11.19755409,-0.008399576,0.063947397,0.331883741,NA
RPL21P115,8.933609393,-0.000865865,0.063309393,0.895529522,NA
RPL21P118,31.57286852,-0.01027352,0.063602548,0.416498992,NA
RPL22P1,13.29341241,-0.000486267,0.063709819,0.737695494,NA
RPL23AP25,19.49716748,0.002345626,0.063470909,0.714124802,NA
RPL23AP4,12.85250688,0.001376327,0.06340872,0.83423567,NA
RPL23AP64,11.62822038,0.008965927,0.064093579,0.28944293,NA
RPL23AP7,57.01403266,-0.027750663,0.071705923,0.026713874,NA
RPL23P2,7.723880162,0.009003635,0.064334196,0.170953866,NA
RPL28P2,13.26383989,0.002938245,0.063295889,0.719488511,NA
RPL31P44,20.72997651,-0.008883489,0.063569049,0.435318655,NA
RPL31P46,13.585564,-0.002652372,0.063067424,0.780568007,NA
RPL32P29,25.63896712,-0.01387258,0.064541315,0.284754423,NA
RPL32P3,11.32855991,0.002015923,0.063376977,0.778317022,NA
RPL35P2,7.371607586,-0.001541867,0.063327192,0.831402395,NA
RPL39P40,26.23017084,-0.004758034,0.06281329,0.687321165,NA
RPL3L,24.04598187,-0.002121453,0.062965655,0.830677925,NA
RPL3P2,20.34124099,-0.004116833,0.063073537,0.687459893,NA
RPL3P6,12.70595489,-0.007226422,0.063869745,0.341949144,NA
RPL41P2,22.13864905,0.004227704,0.062892461,0.709303736,NA
RPL4P6,10.30104597,0.010119302,0.064334753,0.237266851,NA
RPL6P10,37.23023999,-0.001246546,0.062204248,0.927634698,NA
RPL6P27,56.68617705,-0.013209518,0.06415732,0.342333656,NA
RPL6P8,7.161204248,0.00205408,0.063486665,0.734237339,NA
RPL7AP10,9.886814486,-0.007041049,0.06383597,0.359124288,NA
RPL7AP16,20.37005395,-0.008122061,0.063401701,0.479618891,NA
RPL7AP45,20.20056058,-0.014679977,0.065141474,0.203029429,NA
RPL7P18,8.708601788,0.003193048,0.063442726,0.654426989,NA
RPL8P5,11.11231848,0.004368903,0.063452577,0.581283338,NA
RPLP0P2,22.2668632,0.007554656,0.063153772,0.536492767,NA
RPS10P7,9.371524709,0.004217316,0.063449226,0.589330456,NA
RPS12P20,25.13405981,-0.001966605,0.062720139,0.861064507,NA
RPS12P3,10.49481664,-0.004937724,0.063459307,0.551422681,NA
RPS15AP10,15.71074241,-0.003351897,0.063304212,0.689521503,NA
RPS18P9,15.06004656,-0.008847075,0.06382485,0.377146207,NA
RPS19P3,12.80258945,0.006477979,0.063579399,0.466695973,NA
RPS20P33,12.15019398,0.001049136,0.063170891,0.902859014,NA
RPS21P4,8.292065303,-0.001508253,0.063315859,0.837210225,NA
RPS26P19,11.09460809,0.002711255,0.063761433,0.307873532,NA
RPS2P46,8.312839765,0.004901012,0.063658592,0.462629637,NA
RPS2P53,11.34958068,0.013139319,0.065027248,0.16517731,NA
RPS3AP38,8.34443503,-0.002606216,0.063394683,0.716241596,NA
RPS4XP16,8.910576032,-0.001687786,0.063290809,0.824127817,NA
RPS5P2,7.145794198,0.012231035,0.065094035,0.084654771,NA
RPS6KA6,20.13887992,2.56E-06,0.062710071,0.999039116,NA
RPS9P1,21.79529448,-0.005005963,0.062926831,0.662574859,NA
RPSAP9,8.176996326,-0.005864468,0.063688962,0.43281698,NA
RRAD,38.02562358,0.042086694,0.083387525,0.015436519,NA
RRP7BP,57.86240343,0.009168627,0.062447888,0.569977547,NA
RSC1A1,41.59774136,-0.025667576,0.069598598,0.085262667,NA
RSPH9,17.96025839,0.009805666,0.063938618,0.354126489,NA
RSPO1,8.241526884,0.001564596,0.063309834,0.835870113,NA
RSPO2,7.714326914,-0.005571253,0.063803507,0.354380992,NA
RTEL1P1,13.41985435,-0.004220629,0.063203531,0.652425768,NA
RTN4RL1,9.068883055,-0.001120167,0.063382734,0.858300561,NA
RTN4RL2,43.86632445,0.010720237,0.06317646,0.468625025,NA
RUFY4,11.47434761,-0.001703442,0.063390617,0.797292206,NA
RUNDC3A,26.87740178,0.011763265,0.064658756,0.199949433,NA
RXFP4,13.80078527,0.002883089,0.063140906,0.755709982,NA
RYKP1,8.8584571,0.011698951,0.064905457,0.112944414,NA
RYR3,41.17877871,0.000978597,0.063471551,0.8586051,NA
S100A16,30.21254186,0.02083346,0.066992036,0.150610866,NA
S100A2,48.88432446,0.037963706,0.078329865,0.036783396,NA
S100A3,20.24933022,-0.002374889,0.062917608,0.819694816,NA
S100A5,16.92100638,0.000668675,0.062881727,0.949264702,NA
S100Z,28.72976756,-0.00732737,0.063725844,0.401978036,NA
S1PR3,20.64752571,-0.003177691,0.063119067,0.734704469,NA
SAG,53.24814758,-0.022323817,0.066841416,0.19454436,NA
SAMD13,9.656995836,0.00243718,0.063428132,0.717262937,NA
SAMD15,21.66254003,0.00207194,0.062914041,0.841095685,NA
SAMD3,8.026916261,0.000238219,0.063408301,0.970774827,NA
SAMD5,11.82551784,0.00058939,0.063229581,0.942153466,NA
SAPCD1,36.02040526,0.019099421,0.066301144,0.173254605,NA
SATL1,37.02713878,-0.000705104,0.061816495,0.961005728,NA
SAXO1,12.38495456,-0.003319443,0.063236365,0.703444924,NA
SBK1,32.01485896,-0.007276987,0.062721816,0.597639303,NA
SBK2,13.46999372,-0.000197937,0.063033567,0.98165026,NA
SBK3,19.85844494,0.003582294,0.063066606,0.72083974,NA
SBSPON,20.62487079,0.018358918,0.066499093,0.124557444,NA
SCAND2P,42.29021511,-0.014591042,0.064006606,0.355072453,NA
SCARA3,6.458934307,0.005003662,0.063779857,0.366261337,NA
SCARF2,9.732046572,-0.002314938,0.063336707,0.758852534,NA
SCART1,52.80105135,-0.004586527,0.061471158,0.788060616,NA
SCD5,44.23351317,0.003456032,0.061663236,0.830791698,NA
SCG2,32.62854871,-0.045688732,0.087853569,0.009879233,NA
SCGB2B2,53.76401247,-0.011608644,0.063811563,0.376906689,NA
SCGB3A2,45.81783373,0.00778509,0.062164964,0.628891293,NA
SCHIP1,20.30250565,0.001507506,0.063300857,0.840864734,NA
SCML2,22.40862757,-0.012084351,0.064377109,0.281482318,NA
SCML4,31.36362558,0.01634073,0.065360833,0.218445844,NA
SCN1A,10.12684633,-0.010235313,0.06459798,0.124327031,NA
SCN3B,24.96101,-0.002922236,0.062648603,0.805915831,NA
SCN7A,25.51338563,-0.004807676,0.063040443,0.652251451,NA
SCN8A,25.04421599,-0.012594978,0.064112413,0.335302916,NA
SCNN1A,9.754292327,0.001683108,0.063257668,0.833205823,NA
SCNN1D,33.73676041,0.006634006,0.06323246,0.548346755,NA
SCRG1,28.12296702,0.010252529,0.063550967,0.425599538,NA
SCUBE1,17.40420572,-0.00089951,0.063426961,0.880240981,NA
SCUBE2,39.64286585,-0.007020975,0.062833464,0.596712453,NA
SCUBE3,36.01010333,-0.003009375,0.062138788,0.831909907,NA
SDAD1P1,24.58619512,-0.007411944,0.063045913,0.555162591,NA
SDCBP2,31.65624922,0.013224094,0.0642326,0.326319384,NA
SDHAP3,26.34457158,0.00076181,0.062309317,0.955211741,NA
SDK1,23.27835925,-0.005116532,0.063525313,0.507990825,NA
SDR42E2,8.219106233,-0.001911099,0.063359543,0.788517939,NA
SEC14L1P1,14.94317033,0.005538024,0.06331748,0.569193683,NA
SEC14L3,7.457571747,0.001842273,0.06335801,0.798546914,NA
SEC14L5,8.88798683,0.001058712,0.063275317,0.891092949,NA
SEC14L6,21.75709967,-0.002164324,0.062837396,0.836772478,NA
SEL1L2,32.77057472,-0.001391172,0.062574135,0.905069251,NA
SELENOM,57.1183846,0.015341884,0.06354019,0.396536813,NA
SELL,21.43195186,-0.012433465,0.06480106,0.187565834,NA
SEMA3B,11.23713405,0.006069141,0.063582987,0.470897706,NA
SEMA3D,19.29161452,-0.00205701,0.063129974,0.814830189,NA
SEMA3G,42.18289748,-0.000610291,0.062766468,0.956536095,NA
SEMA4G,47.82420759,-0.008932005,0.062980347,0.522823446,NA
SEMA5A,33.30511078,-0.005655203,0.063545219,0.47854993,NA
SEMA5B,6.83220073,0.003610454,0.063517762,0.593915261,NA
SEMA6C,33.74378,0.012273214,0.064462312,0.267792692,NA
SEPTIN14P19,6.099765288,0.003320703,0.063529914,0.601251854,NA
SEPTIN4,22.57382454,0.002175246,0.062574257,0.859018119,NA
SEPTIN5,8.141306201,0.006882821,0.063957649,0.280595627,NA
SEPTIN7P14,7.89618549,0.011820606,0.06496809,0.0981412,NA
SEPTIN7P2,54.02431124,-0.023201873,0.066759964,0.213362807,NA
SERHL2,36.56559947,0.006412916,0.062569306,0.647832446,NA
SERPINA10,33.18779052,-0.004908664,0.062361135,0.725596014,NA
SERPIND1,6.514575946,0.00053378,0.063439427,0.93067976,NA
SETBP1,14.40472302,-0.015815397,0.066032414,0.075001213,NA
SEZ6,27.79311023,-0.003363183,0.062958234,0.752184826,NA
SFTPB,43.66567084,0.008363455,0.062820743,0.557123061,NA
SGCE,24.85073093,-0.001986461,0.062881966,0.847495822,NA
SGK2,13.81549835,-0.003611812,0.063374688,0.645580669,NA
SGPP2,16.48664008,0.005803499,0.063212591,0.582450921,NA
SH2D2A,5.24172878,-0.001318097,0.063559885,0.785739813,NA
SH2D3A,53.21516473,0.016713652,0.065075208,0.257889205,NA
SH2D4A,41.77766495,-0.014238801,0.064136015,0.340215585,NA
SH2D6,12.13553309,0.003367398,0.063407179,0.650350015,NA
SH3BGR,48.43367617,-0.001024515,0.061385946,0.949556236,NA
SH3BGRL2,9.404471031,-0.004224572,0.06361571,0.502066447,NA
SH3GL1P1,27.12326189,-0.004544569,0.06252218,0.723845996,NA
SH3GL1P2,12.50355176,-0.000605952,0.063122338,0.943499937,NA
SH3GL1P3,41.41303947,-0.012998754,0.063678072,0.385844244,NA
SH3RF2,18.53844791,0.002392299,0.06317251,0.78693565,NA
SH3TC2,26.24112017,-0.004841807,0.063410231,0.56542329,NA
SHANK1,15.42834362,-0.010395244,0.064315871,0.252856742,NA
SHBG,11.90158944,-0.001397797,0.063483388,0.794649234,NA
SHC4,32.22378015,-0.003483271,0.062724074,0.766681932,NA
SHISA2,9.786719076,0.005967285,0.06373218,0.409047375,NA
SHISA4,28.12648551,0.009494569,0.063676217,0.414973133,NA
SHISA7,8.248827111,-0.002496723,0.063338031,0.743973077,NA
SHISA9,37.2542844,-0.000549369,0.061569813,0.971220026,NA
SHLD2P1,5.910853413,-0.005534306,0.063853127,0.308633056,NA
SHLD3,30.64404423,-0.009859863,0.063323562,0.462419432,NA
SHOX,24.12712018,-0.011813369,0.064821681,0.14939135,NA
SHQ1P1,33.03473487,0.00134164,0.062247515,0.920987519,NA
SHROOM3,10.52288981,-0.010705351,0.064779996,0.071900995,NA
SHROOM4,13.51106777,-0.007771437,0.063821589,0.364121679,NA
SIGLEC17P,13.06453925,0.011211022,0.064569582,0.204318469,NA
SIGLEC18P,57.28893143,0.025288091,0.068344338,0.153279911,NA
SIGLEC22P,56.59189651,0.007454493,0.061588339,0.665861198,NA
SIGLEC6,9.892497181,0.002808691,0.06326931,0.736164906,NA
SIGLEC8,18.75959644,-0.009584632,0.064059586,0.314367275,NA
SIM2,25.97004922,-0.000826761,0.062580501,0.925454026,NA
SIMC1P1,34.26178988,0.006061886,0.062711053,0.646917481,NA
SIRPD,24.07876372,0.00637846,0.063145247,0.573403443,NA
SIRT4,24.03883516,-0.003542427,0.06284101,0.751724076,NA
SKIDA1,15.13024639,-0.024549235,0.07034655,0.006883229,NA
SKOR1,9.79859529,0.001983964,0.063271577,0.803338184,NA
SLA2,14.58141149,-0.000118638,0.063089295,0.987752781,NA
SLAIN1,42.71091937,0.005545046,0.06206433,0.718625982,NA
SLAMF6,23.62851015,-0.018043858,0.06618464,0.155279997,NA
SLC13A4,35.21702518,-0.007693304,0.063365706,0.489580702,NA
SLC13A5,7.941739624,-0.007434381,0.064075765,0.214728293,NA
SLC14A1,12.04387588,0.00948836,0.064188093,0.266676135,NA
SLC14A2,9.247113324,-0.000117108,0.063291102,0.98680164,NA
SLC15A1,17.01822067,0.00202059,0.062949071,0.842475051,NA
SLC16A2,26.70865713,0.001675162,0.062441228,0.887176324,NA
SLC16A4,30.70582093,-0.008983772,0.063409413,0.461941456,NA
SLC16A6P1,8.962059517,-0.003866121,0.063438587,0.610186127,NA
SLC16A8,8.022374636,-0.002534667,0.063511409,0.670854289,NA
SLC18A1,9.974063956,0.003700931,0.063524097,0.580801585,NA
SLC18A2,19.72241018,0.0031767,0.062729272,0.790471519,NA
SLC19A3,38.0043453,-0.019596237,0.067108462,0.094044565,NA
SLC1A6,42.08316404,0.005703155,0.062097882,0.710217121,NA
SLC1A7,17.78688955,0.004394381,0.063234602,0.641924361,NA
SLC22A1,29.1239294,0.010809759,0.063859859,0.372020456,NA
SLC22A17,12.57714785,0.002200209,0.063203912,0.79474752,NA
SLC22A3,6.095809333,-0.005853119,0.063827609,0.340407339,NA
SLC22A31,6.948672442,-7.91E-05,0.063411732,0.988947722,NA
SLC23A1,10.69109903,-0.001586782,0.063335166,0.824659322,NA
SLC23A3,18.68629642,-0.000684181,0.062788767,0.948000988,NA
SLC24A2,30.45453874,0.008411806,0.063194016,0.509775285,NA
SLC24A4,24.84879263,0.002741232,0.062709425,0.814392743,NA
SLC25A18,54.84800132,-0.00312931,0.061859503,0.831042,NA
SLC25A1P5,48.13803805,-0.00946064,0.062089559,0.584185811,NA
SLC25A21,13.11668068,-0.002351685,0.063113721,0.795810426,NA
SLC25A27,16.02783358,-0.001949145,0.063250282,0.805383423,NA
SLC25A42,43.75846187,0.002060771,0.06257424,0.862699409,NA
SLC25A48,55.02652808,0.010359202,0.063301382,0.456964001,NA
SLC26A4,9.349253233,0.00482615,0.063700695,0.429427971,NA
SLC26A7,8.083669624,0.004494534,0.063712691,0.411995797,NA
SLC26A8,14.69574629,-0.012673413,0.06512301,0.099523623,NA
SLC27A2,15.8300395,-0.005541384,0.063348979,0.55861937,NA
SLC29A4,45.82076268,0.003805746,0.062380275,0.784568241,NA
SLC2A10,30.4660239,0.661341983,0.452672826,0.002757882,NA
SLC2A14,25.1329436,0.011659794,0.064317448,0.287166948,NA
SLC2A3P1,9.136589727,-0.001233362,0.063743404,0.065718565,NA
SLC30A10,8.382491694,0.008021428,0.064148576,0.215392585,NA
SLC30A2,23.2005057,-0.010823296,0.064009742,0.342115438,NA
SLC30A8,13.28385221,-0.000517722,0.063478198,0.923535454,NA
SLC34A2,8.775571496,0.000609492,0.063293362,0.935606203,NA
SLC34A3,28.15830194,-0.009855198,0.063243356,0.473176563,NA
SLC35E2A,52.02031545,0.00402271,0.062248046,0.771523145,NA
SLC35F4,10.07602416,0.002458447,0.063589169,0.632892871,NA
SLC35G6,7.182679063,-0.007540969,0.064056054,0.241100283,NA
SLC36A2,11.1004773,-0.002548125,0.063415702,0.710446502,NA
SLC38A1,37.82886897,-0.018035025,0.065740763,0.207029884,NA
SLC3A1,10.36879407,0.000440453,0.063226071,0.958725472,NA
SLC44A5,8.776235927,0.007406576,0.064004424,0.275366766,NA
SLC45A1,22.13919932,-0.008501725,0.063443171,0.47241276,NA
SLC47A2,9.266536309,-0.002091163,0.063368967,0.765868901,NA
SLC4A10,20.79375858,0.00902001,0.064043667,0.30261987,NA
SLC4A3,13.18763407,0.00517062,0.063362511,0.572004598,NA
SLC4A5,53.87863645,-0.024821872,0.069865868,0.038789374,NA
SLC52A1,8.469734964,-0.003525256,0.063435609,0.631772569,NA
SLC5A1,7.105246417,-0.007545606,0.064029876,0.264366048,NA
SLC5A12,7.694719742,0.013199871,0.065411646,0.055000192,NA
SLC5A2,9.859608656,0.005934633,0.063910623,0.269948848,NA
SLC5A4,34.13804418,0.016928918,0.065323628,0.234483835,NA
SLC5A5,8.742681986,-0.005403461,0.063590806,0.482567972,NA
SLC6A1,21.50125272,0.001690133,0.062738674,0.880607607,NA
SLC6A11,11.59312895,-0.009771729,0.064368654,0.201730408,NA
SLC6A15,12.05548833,0.013668664,0.065357486,0.09961032,NA
SLC6A16,18.74632268,-0.00743142,0.063970382,0.289304343,NA
SLC6A17,34.8491124,0.015812816,0.064820959,0.275859895,NA
SLC6A20,25.11161658,0.003694209,0.063581709,0.546271405,NA
SLC6A4,9.809586998,0.003299146,0.063551519,0.588809363,NA
SLC7A14,19.30183127,-0.013494173,0.065055703,0.173043512,NA
SLC7A5P1,21.74783072,0.007725681,0.063446352,0.479518805,NA
SLC8A2,41.47297125,-0.003131416,0.06320762,0.720067606,NA
SLC9A7P1,44.63161607,0.017710535,0.06558289,0.219999759,NA
SLC9B1,15.35418804,-0.001027925,0.063031181,0.909827405,NA
SLCO1A2,11.47319222,-4.99E-05,0.063476387,0.991361687,NA
SLCO4C1,26.33909192,0.01436207,0.064800962,0.254758436,NA
SLFN14,25.21648394,0.003987106,0.062772738,0.736414748,NA
SLFNL1,14.65572479,0.003027173,0.063345882,0.69790227,NA
SLIT1,11.23531151,-0.008378024,0.064459155,0.015911498,NA
SLITRK5,24.67102439,-0.00929425,0.063679018,0.411013436,NA
SMAD9,27.55892536,0.00707115,0.063398825,0.502698412,NA
SMBD1P,36.28177639,0.004751898,0.062387255,0.729944259,NA
SMG1P4,21.72522565,-0.001682293,0.063076061,0.853281423,NA
SMG1P6,18.11290082,-0.007326284,0.06359974,0.445035226,NA
SMIM1,15.70590476,-0.01991453,0.067564934,0.052835808,NA
SMIM10L2A,7.616227688,-0.005232007,0.063775195,0.369796819,NA
SMIM31,11.26767233,0.006008671,0.063600832,0.467752164,NA
SMIM35,11.70861554,-0.003178776,0.063548887,0.591621873,NA
SMIM36,23.67389456,-0.006898727,0.063179953,0.551803429,NA
SMIM5,20.04016603,0.013881628,0.065258119,0.144306639,NA
SMO,48.33499723,0.024111736,0.067532419,0.180177889,NA
SMOC1,48.29600384,0.002454179,0.062298138,0.850960124,NA
SMOC2,20.18817143,0.009052985,0.063932574,0.345171777,NA
SMPD3,18.53654653,-0.010545765,0.064109512,0.314638486,NA
SMPD5,16.92606998,0.004281411,0.063135165,0.668224999,NA
SMPDL3B,9.125350271,-0.003939235,0.063420221,0.611929939,NA
SMTNL1,21.64558246,0.008710127,0.06354848,0.443144387,NA
SMTNL2,25.28431102,-0.001336383,0.063352324,0.842976935,NA
SMURF2P1,35.62240442,0.003436566,0.061855272,0.824016567,NA
SNAI1,8.772693494,0.012460404,0.065090539,0.102281439,NA
SNAI2,11.41866356,0.004191011,0.063610932,0.507694915,NA
SNAP25,27.81277924,-0.001218426,0.062610752,0.916310902,NA
SNCAIP,46.79816516,-0.021981611,0.068102205,0.082104311,NA
SNCB,7.34814775,-0.004971648,0.063741671,0.390707564,NA
SNED1,42.6786631,-0.004460783,0.062392325,0.742716687,NA
SNORC,10.47503327,0.00026528,0.063407069,0.968390499,NA
SNRPGP14,9.576584632,0.004043213,0.063524653,0.565328212,NA
SNTN,14.67747674,0.002224596,0.063210909,0.793170868,NA
SNURF,24.09688369,-0.007408696,0.063956668,0.295839684,NA
SOCS1,50.05292713,0.005879786,0.062124156,0.70197865,NA
SOCS5P4,6.060748849,-0.003490645,0.063633693,0.523378512,NA
SOD3,25.42060375,-0.001441724,0.062449295,0.825275389,NA
SORBS2,13.52799388,-0.012555718,0.064997577,0.136560054,NA
SORD2P,11.84530739,-0.00376882,0.063352501,0.642768368,NA
SOX11,14.53923917,0.001431008,0.063003045,0.882913113,NA
SOX15,19.06950056,0.008665673,0.063662713,0.417619627,NA
SOX6,18.12351712,0.017740394,0.066775008,0.051919647,NA
SOX7,15.65816556,-0.007606491,0.063793745,0.378154178,NA
SOX8,38.70072269,0.028255972,0.070776021,0.085828275,NA
SOX9,23.97004014,0.009436782,0.063492122,0.44531026,NA
SP6,9.232030352,-3.86E-05,0.06326437,0.994499349,NA
SP8,11.09712708,0.003329218,0.063470262,0.634825996,NA
SPACDR,8.036652256,-0.005533492,0.063753099,0.389817593,NA
SPAG4,13.22779597,0.002621273,0.063317423,0.733119784,NA
SPAG8,23.51966325,-0.006752612,0.063221511,0.545446574,NA
SPARCL1,41.44384594,0.000332725,0.062270984,0.980391184,NA
SPATA1,45.18076245,-0.006048975,0.062627984,0.651884143,NA
SPATA12,40.1667658,-0.007561366,0.062473171,0.611759307,NA
SPATA17,29.05043429,-0.001539127,0.062789592,0.887520618,NA
SPATA24,33.99524178,-0.009487996,0.062881329,0.512325586,NA
SPATA25,50.16384566,0.05225037,0.094399358,0.018786887,NA
SPATA31G1,15.87467842,-0.000441902,0.063390743,0.939747227,NA
SPATA31H1,37.39947838,-0.004689641,0.062497888,0.723720349,NA
SPATA6L,57.8256447,0.003710436,0.062214233,0.793329003,NA
SPATA9,38.96482026,0.007599812,0.062361196,0.622144886,NA
SPATC1,17.81955794,0.000105028,0.062848271,0.994058164,NA
SPATS1,11.82196156,0.006164126,0.063684137,0.429434263,NA
SPCS2P4,37.24235711,-8.73E-07,0.063639624,0.993589303,NA
SPDYA,17.61965672,0.002196677,0.063032681,0.817172993,NA
SPDYE11,15.2453312,-0.00093836,0.063668426,0.744256831,NA
SPDYE12,10.49881756,0.003458242,0.063443455,0.635138297,NA
SPDYE18,39.2959,0.005556833,0.06199078,0.722537273,NA
SPDYE21,8.926340809,-0.004425208,0.063559171,0.527388759,NA
SPDYE2B,43.19564069,-0.010724568,0.064185637,0.301790634,NA
SPDYE5,40.10466098,0.003118904,0.062249584,0.818541595,NA
SPDYE6,48.29580583,0.01392794,0.063674454,0.390057214,NA
SPDYE9,15.2453312,-0.00093836,0.063668426,0.744256831,NA
SPECC1L-ADORA2A,29.05144401,-5.86E-05,0.06354831,0.987111602,NA
SPEF2,28.75780831,-0.01696175,0.065930151,0.149448981,NA
SPIB,15.82229859,0.000606408,0.06298795,0.950244385,NA
SPIN2A,33.85507528,0.00803502,0.06299421,0.546446595,NA
SPINK8,11.15830743,0.010037723,0.064346579,0.230924074,NA
SPNS2,37.92187769,0.003854601,0.062204152,0.78751383,NA
SPNS3,15.14296225,-0.001550115,0.063026272,0.868938603,NA
SPOCK1,11.7734838,0.006046144,0.063899317,0.274139523,NA
SPON1,15.28957081,0.002823461,0.063370662,0.704128112,NA
SPRED3,24.49344259,-0.008384819,0.06373237,0.397160798,NA
SPRN,11.76268062,0.013111868,0.06514483,0.12953538,NA
SPTA1,11.88599793,0.003238255,0.063532879,0.602029957,NA
SPTBN4,28.53722676,0.008321904,0.063730719,0.401464722,NA
SRCIN1,55.29997989,0.020740987,0.065969821,0.23323654,NA
SRP54-AS1,8.762057931,-0.006670083,0.063790296,0.376297013,NA
SRP9P1,23.33708791,0.001365881,0.063694059,0.60972334,NA
SRPK3,49.33317238,0.013209509,0.064145997,0.335503528,NA
SRRM4,15.77053685,0.005399529,0.063510217,0.519751162,NA
SRRM5,27.45207878,0.006429089,0.063015361,0.594251221,NA
SRSF12,18.36724863,0.014350838,0.065552904,0.094814228,NA
SRSF9P1,14.7219085,0.000342053,0.063052828,0.97129223,NA
SSPOP,29.46644721,-0.008429934,0.063230249,0.497471535,NA
SSUH2,36.54569191,0.020539192,0.066859822,0.15515335,NA
SSXP10,22.97265397,0.000370605,0.062559592,0.971073285,NA
ST6GAL2,12.5948842,0.011103354,0.064541573,0.206340867,NA
ST6GALNAC2,29.59925472,-0.001476469,0.06299786,0.875579694,NA
ST6GALNAC3,52.35782004,-0.001937347,0.062212182,0.889754955,NA
ST8SIA1,40.99365777,0.016388171,0.064945013,0.269222274,NA
ST8SIA5,46.74152929,-0.011221097,0.064085633,0.326572971,NA
ST8SIA6,12.88725627,-0.001826558,0.063343671,0.798457852,NA
STAG3L4,39.71839845,-0.000733125,0.06177632,0.96030886,NA
STAG3L5P,11.33652857,-0.00425541,0.063482678,0.571089509,NA
STAP1,29.31493677,0.000803109,0.06235697,0.951493234,NA
STAP2,13.73942221,-0.00446715,0.063313784,0.615354106,NA
STAR,27.41073281,0.827157462,0.349629169,0.000536349,NA
STAT4,58.51883581,0.008311311,0.062227168,0.604411349,NA
STEAP1B,58.85078653,0.026414533,0.06892634,0.142424777,NA
STEAP2,11.50087218,-0.012409418,0.065034978,0.114606601,NA
STEAP4,33.20399728,-0.006469848,0.062982543,0.593085241,NA
STK31,9.435897942,-0.001027132,0.06334591,0.88011218,NA
STK32B,32.58006782,0.023222831,0.068822781,0.060868163,NA
STKLD1,23.00937504,-0.004727666,0.063161594,0.636737728,NA
STMN3,37.10849879,-0.012250368,0.063405991,0.421799938,NA
STMND1,22.00487881,-0.002476959,0.062957223,0.806124493,NA
STON1,57.42853756,-0.004781833,0.061426439,0.777747252,NA
STPG3,10.98162178,-0.002620316,0.063256475,0.750980011,NA
STPG4,26.74234187,-0.002617755,0.062464129,0.836098469,NA
STRA6,26.50647828,0.011249898,0.064175459,0.310058186,NA
STRC,33.79986539,0.004135318,0.062953855,0.704482839,NA
STXBP6,16.49676163,-0.010884168,0.064265104,0.280152036,NA
SUCLG2P4,9.30781367,0.003997678,0.06337718,0.626654022,NA
SULF1,29.92042776,-0.012511846,0.064746557,0.203535457,NA
SULT1A4,21.32943628,0.007444853,0.063627584,0.438605903,NA
SUMO4,17.32748002,-0.013562218,0.064978706,0.194977,NA
SUPT20HL2,29.25587326,0.002166453,0.062398823,0.866279529,NA
SUSD4,8.6929789,0.000250005,0.063271076,0.974512692,NA
SUSD5,14.39680499,0.000238679,0.063120159,0.97922905,NA
SV2A,9.001657982,0.00427066,0.063558071,0.537748579,NA
SV2B,20.11130333,-0.002679964,0.062868096,0.801091625,NA
SVEP1,21.13271914,0.008790669,0.063545442,0.44367136,NA
SVIL-AS1,11.38790597,0.002462672,0.063228869,0.772092534,NA
SVOP,14.63377343,-0.00893874,0.064168086,0.250528172,NA
SYCE1L,42.45750309,0.012821569,0.063949733,0.359353279,NA
SYCE2,11.91481426,-0.001053205,0.063191559,0.896047285,NA
SYCP2L,48.87268448,0.003452399,0.062613969,0.779213334,NA
SYCP3,24.52566193,0.001135123,0.062544145,0.924491871,NA
SYDE1,56.42602633,0.018921983,0.065773209,0.224326016,NA
SYDE2,50.30332288,0.001464416,0.061741033,0.926634466,NA
SYN2,8.420255912,0.005682559,0.063665416,0.443351095,NA
SYNDIG1,18.81173979,-0.002571264,0.062983881,0.796654485,NA
SYNE2,41.93533202,0.01072788,0.064019136,0.339236952,NA
SYNE4,9.934844147,-0.007019631,0.063956794,0.279501954,NA
SYNGR3,24.0392438,-0.008389452,0.063306385,0.48862791,NA
SYNJ2BP-COX16,38.04404526,0.009097829,0.064149168,0.271441988,NA
SYNM,36.19269507,-0.022416922,0.067779703,0.125907664,NA
SYNPO2,25.9887946,-0.002935667,0.062585673,0.809436059,NA
SYNPO2L,11.13831427,0.011622875,0.064687314,0.186775055,NA
SYS1-DBNDD2,18.12508241,-0.00072058,0.063028609,0.93699797,NA
SYT12,42.95359831,0.002959283,0.061977614,0.842683884,NA
SYT14,16.15792842,-0.01102401,0.064575034,0.187037111,NA
SYT16,12.79986009,-0.004718492,0.063277127,0.61399025,NA
SYT3,10.35190086,0.010998724,0.064716177,0.130366929,NA
SYT4,17.20276031,0.007593623,0.063827779,0.35847894,NA
SYT5,45.20612016,0.006561549,0.063302516,0.536195124,NA
SYT6,26.51449388,-0.017725336,0.066527981,0.090986286,NA
SYT7,19.19512575,0.021149509,0.06840294,0.020948615,NA
SYTL2,12.81431066,-0.006985962,0.063688197,0.415661503,NA
TAC4,15.4915559,-0.0027083,0.063156819,0.762061118,NA
TACR2,28.68419708,-0.001523735,0.062254669,0.908137252,NA
TAF5LP1,8.075526529,-0.004404178,0.063556326,0.530898838,NA
TAFA2,24.85764801,-0.011267322,0.064110318,0.326095719,NA
TAFA3,44.84399225,0.013766354,0.063528695,0.403449319,NA
TAS1R3,13.57916897,-0.004036201,0.063296553,0.629012174,NA
TAS2R14,27.89114984,-0.012871193,0.064133749,0.332898576,NA
TAS2R20,21.35590155,0.004629554,0.062766083,0.698806422,NA
TAS2R30,7.888429006,-0.005022502,0.063596118,0.487062625,NA
TAS2R4,18.10262717,-0.008464405,0.063619638,0.428028384,NA
TAS2R5,11.19150407,-0.000910235,0.063200717,0.909789462,NA
TATDN2P3,29.90612833,-0.019455522,0.066566822,0.154300754,NA
TBC1D19,43.6973031,-0.005282344,0.06217656,0.719440084,NA
TBC1D3I,29.77906499,0.011557188,0.064303233,0.292555543,NA
TBCEL-TECTA,10.2308917,-0.001146823,0.063244494,0.882394435,NA
TBPL2,9.270973197,-0.011939047,0.064899242,0.131845993,NA
TBX1,15.63921546,0.00224724,0.062954682,0.824411571,NA
TBX20,10.40854819,0.001202939,0.063310525,0.869879241,NA
TBX21,10.79496335,0.007840322,0.063967898,0.308746508,NA
TBX6,24.38949089,-0.010069392,0.063747486,0.390507224,NA
TCAF2,57.64146666,-0.017687541,0.06486658,0.288637577,NA
TCAF2P1,48.51616385,-0.018427166,0.065070788,0.276990563,NA
TCAP,13.72204952,-0.00336851,0.063196406,0.695533593,NA
TCEA1P2,8.940838444,0.005330288,0.063852433,0.304670218,NA
TCF23,17.15704492,0.014034016,0.065064715,0.19719223,NA
TCF7,28.6770461,0.011555202,0.064317445,0.284406915,NA
TCF7L1,28.17513658,-0.005705249,0.062870469,0.638625583,NA
TCN1,7.254606657,-0.001602737,0.06351363,0.750040239,NA
TDRD1,31.94118243,0.006992285,0.062613526,0.620626483,NA
TDRD10,30.06298655,-0.000937138,0.063013968,0.919073793,NA
TEAD3,35.68696749,0.016228331,0.064783727,0.286193467,NA
TEAD4,33.28313941,0.004674794,0.062700728,0.708038644,NA
TECRL,13.15509467,0.00470884,0.063326317,0.603004252,NA
TECTA,14.71483042,-0.016072936,0.066017703,0.093272447,NA
TENM3,14.20828463,-0.001361481,0.06351104,0.790129661,NA
TENM4,34.19233288,0.003640387,0.063367122,0.645983612,NA
TENT5B,9.011191836,-0.000312471,0.063290822,0.966868646,NA
TENT5C,8.673505675,-0.001920697,0.063391574,0.779599108,NA
TESC,57.1090321,0.024157346,0.068329549,0.131016618,NA
TESMIN,50.65189708,-0.012809868,0.064105853,0.348003436,NA
TESPA1,22.45233027,-0.004586111,0.062818572,0.696906197,NA
TET1,15.39716646,-0.005399381,0.063402248,0.548636356,NA
TEX14,13.11161232,0.007453125,0.063978729,0.283351761,NA
TEX22,37.04437027,0.005629783,0.063225684,0.584912116,NA
TEX35,21.19566133,-0.00127678,0.062783454,0.90573393,NA
TEX52,14.40778124,-0.008218798,0.063775285,0.387174224,NA
TFAP2A,52.40489601,0.461873425,0.487312944,0.004600709,NA
TFPI2,38.68036261,0.001327628,0.062900433,0.897141774,NA
TFR2,33.61797775,0.031898908,0.074105408,0.034212881,NA
TG,14.19174457,-0.001097826,0.063424644,0.85915711,NA
TGFB3,23.2525039,-0.001659968,0.063410918,0.795698229,NA
TGFBR3,28.00209379,0.009072258,0.063536104,0.438408345,NA
TGFBR3L,18.18432514,-0.004047975,0.063073603,0.688920452,NA
TGIF2-RAB5IF,29.30060311,0.003114282,0.062721566,0.790218384,NA
TGM1,30.66215328,0.008707097,0.063714505,0.404594587,NA
THAP10,46.27071295,-0.02502758,0.069002836,0.105197854,NA
THBS4,7.933747988,1.110769405,0.759573019,0.002787524,NA
THEM5,12.04513297,-0.002864821,0.063383115,0.69583847,NA
THRB,38.12339722,0.013254189,0.06487531,0.199966334,NA
THSD1,20.40350194,-0.006035774,0.063085449,0.593067191,NA
THSD1P1,14.89511102,0.000509639,0.063025365,0.957853802,NA
THSD4,11.24320924,0.000438814,0.063182582,0.958812044,NA
TIGD4,11.48723763,-0.006740383,0.063875289,0.329599122,NA
TIGD7,52.5043026,-0.003580926,0.061464397,0.828456358,NA
TIMD4,56.99354672,-0.027989138,0.069789391,0.127570667,NA
TIMM8AP1,11.12092152,-0.002818781,0.063378749,0.702656834,NA
TIMP4,10.30959047,0.0009212,0.06324016,0.908300641,NA
TINAGL1,12.96810927,0.013828519,0.06516918,0.16248072,NA
TINCR,32.95495674,0.004089222,0.06284124,0.706711102,NA
TJP3,35.09904649,-0.001035009,0.062804214,0.921341762,NA
TLCD1,32.26516869,0.008842889,0.062866686,0.540294461,NA
TLCD3B,16.23201537,0.011306391,0.06449476,0.231753342,NA
TLCD4-RWDD3,19.9666078,0.018322864,0.066524676,0.118323009,NA
TLCD5,54.40666734,-0.021656851,0.066288182,0.22207162,NA
TLE2,20.91655707,0.015841787,0.06621223,0.042283598,NA
TLE6,22.52401627,-0.008389595,0.063526486,0.4498383,NA
TLL2,10.95423576,0.002611383,0.063314987,0.745314354,NA
TLR10,58.66883272,-0.005044986,0.062697955,0.68418677,NA
TLR9,12.99875628,0.006103216,0.063431036,0.521137531,NA
TM9SF5P,10.72725793,0.006185596,0.063694639,0.422969361,NA
TMC1,29.83328345,-0.000596565,0.062682102,0.956300398,NA
TMC2,40.09972641,0.005600169,0.062454927,0.688081263,NA
TMC3,20.38932783,-0.007764972,0.063427662,0.481445081,NA
TMC5,13.40329999,0.009250964,0.063965433,0.334816595,NA
TMED6,15.54287352,-0.000241007,0.062984629,0.978424941,NA
TMEM114,5.944126331,-0.002739888,0.063559312,0.625305249,NA
TMEM130,15.67560592,-1.339001986,0.577553515,0.000510292,NA
TMEM145,28.05089643,-0.003431032,0.063124637,0.716548041,NA
TMEM151A,49.12147257,-0.006956178,0.06176758,0.678420275,NA
TMEM151B,9.671916471,0.009734088,0.064625301,0.063702342,NA
TMEM17,29.17261123,-0.008038332,0.063048467,0.534805978,NA
TMEM183BP,56.3282133,-0.042180267,0.083224273,0.018148616,NA
TMEM184A,14.9025007,-0.000201621,0.063407558,0.972380586,NA
TMEM191A,12.32153529,-0.009774738,0.064206014,0.270889147,NA
TMEM191B,54.31530861,-0.008887918,0.062941048,0.527938884,NA
TMEM191C,50.82130603,0.012251504,0.063634686,0.402691438,NA
TMEM198,54.03175451,0.01538537,0.063895731,0.365003528,NA
TMEM204,6.239390977,0.004160485,0.063630233,0.499872561,NA
TMEM213,24.60629565,-0.016643672,0.065683677,0.178365074,NA
TMEM215,17.58756192,-0.003819697,0.062928711,0.724572106,NA
TMEM217B,8.26143612,-0.000640412,0.063485579,0.912154652,NA
TMEM221,14.36081652,-0.012829814,0.064876237,0.188374772,NA
TMEM225B,9.154664235,0.001412186,0.063406612,0.829906651,NA
TMEM232,11.85297508,-0.003659706,0.06350102,0.589321609,NA
TMEM235,9.109572562,0.001730183,0.063478139,0.775130094,NA
TMEM249,9.264292043,0.007576584,0.064157184,0.172533656,NA
TMEM25,27.07461627,0.006187348,0.063119832,0.584412114,NA
TMEM256-PLSCR3,6.798067132,0.001998325,0.063549277,0.70653101,NA
TMEM262,30.9612884,0.013139158,0.064552122,0.270788414,NA
TMEM269,18.30757369,0.000982948,0.062878027,0.923646104,NA
TMEM276-ZFTRAF1,13.66002657,-0.008588018,0.064293913,0.160560835,NA
TMEM30BP1,16.3983398,0.008505723,0.063739889,0.400863912,NA
TMEM38A,14.78941904,0.008887166,0.064097326,0.280478211,NA
TMEM54,57.19013758,0.015826521,0.064221763,0.333108278,NA
TMEM72,8.517292277,0.002238743,0.06338945,0.751240582,NA
TMEM74B,39.79844466,0.029789216,0.072608454,0.039955759,NA
TMEM81,23.88843773,0.015186671,0.065441625,0.165043287,NA
TMEM88,9.864302712,0.00275764,0.06349587,0.663471259,NA
TMEM8B,33.03477522,0.011835592,0.064545986,0.234778734,NA
TMEM92,12.45072321,0.011585451,0.064824646,0.135696354,NA
TMEM98,14.96225709,-0.001057884,0.06315756,0.899111021,NA
TMOD4,15.47236827,-0.015979162,0.065959435,0.10055027,NA
TMPRSS13,26.47989154,0.008381778,0.063219528,0.505875233,NA
TMPRSS4,27.51910442,0.00166674,0.063025436,0.864956223,NA
TMPRSS5,25.16466377,0.011467877,0.064383745,0.265511361,NA
TMPRSS9,36.82769674,0.008395633,0.063360706,0.481974341,NA
TMSB15C,7.299296493,-0.001595002,0.063413876,0.80688187,NA
TMTC2,22.83168625,-0.007032565,0.06349086,0.480945024,NA
TMX1P1,6.779960988,0.004407259,0.063638358,0.483323444,NA
TNFRSF13C,25.55913554,0.007714634,0.063098322,0.540428991,NA
TNFRSF8,48.56072719,0.001302193,0.061429778,0.937808027,NA
TNFSF12-TNFSF13,14.12357501,-0.000161504,0.063693882,0.936924037,NA
TNFSF4,29.75878836,-0.003220705,0.062337262,0.810644554,NA
TNFSF8,10.35584962,-0.00318285,0.063272781,0.704100381,NA
TNIP3,11.37782048,0.006491091,0.063749827,0.397347844,NA
TNK1,9.899702888,0.004715741,0.063704084,0.427310751,NA
TNNI1,19.3649006,0.000189771,0.063088566,0.983686643,NA
TNNI3,22.71663921,-0.025450207,0.069995156,0.051921952,NA
TNNT2,17.56999967,0.003432632,0.063173962,0.709992124,NA
TNR,28.35345836,0.009311554,0.063472305,0.450669457,NA
TNRC18P1,9.668241396,0.006670927,0.063764481,0.391568923,NA
TNXB,19.76276059,0.00118745,0.063606083,0.778302702,NA
TOB2P1,16.2685923,-0.009909691,0.063924637,0.355630809,NA
TOGARAM2,57.2255434,-0.010750322,0.063309433,0.448105444,NA
TOMM40P4,29.72910273,-0.005737799,0.062702546,0.657419777,NA
TOP1P1,7.920707366,-0.003140557,0.063467379,0.647538844,NA
TOX2,13.41321181,0.005051477,0.06337851,0.571130921,NA
TOX4P1,6.809673309,-0.00132769,0.063455553,0.82539443,NA
TP53AIP1,6.617183856,-0.005037154,0.063666402,0.456495596,NA
TP53TG5,33.40870958,0.000273276,0.063073334,0.975342225,NA
TP63,12.37087215,0.002150549,0.063351685,0.768757524,NA
TP73,33.92208364,0.007386538,0.062797101,0.58980601,NA
TPH1,17.60225324,-0.013527256,0.065313515,0.103148198,NA
TPI1P2,10.23291798,-0.002071929,0.063350207,0.775737571,NA
TPM3P9,39.15882796,-0.008184276,0.062815848,0.561800103,NA
TPM4P2,15.7972484,0.003963339,0.063119195,0.690139699,NA
TPPP,14.21550428,0.003374631,0.063264177,0.697045848,NA
TPSAB1,15.95437306,-0.001862399,0.063105633,0.836444706,NA
TPSB2,29.46465342,0.008840864,0.063469562,0.456021467,NA
TPSD1,7.098947913,0.004438265,0.063639896,0.485237136,NA
TPTE2,9.689678522,0.005341826,0.063581206,0.492278035,NA
TPTEP2,8.817809046,-0.002869444,0.063541469,0.626885025,NA
TRABD2A,57.81357544,-0.028821698,0.07082603,0.095624101,NA
TRDN,39.3435594,-0.649343534,0.366666801,0.001874199,NA
TREX2,12.26488869,0.01082415,0.064893195,0.042289703,NA
TRGV4,8.233773626,0.014118796,0.065585539,0.072344111,NA
TRGV5,11.3334342,0.003908705,0.063291218,0.655686889,NA
TRGV5P,11.74339857,0.002584357,0.063137164,0.778743119,NA
TRGV7,42.39915585,-0.007836566,0.06246709,0.605055444,NA
TRGV8,13.2120647,0.002695756,0.063200641,0.758053279,NA
TRIM16L,28.13438002,0.002562116,0.062480652,0.837127131,NA
TRIM17,28.7443699,0.003542986,0.062770717,0.760453107,NA
TRIM31,11.03614605,0.017583474,0.066748446,0.048485702,NA
TRIM45,37.28706885,-0.002189693,0.06229501,0.868953308,NA
TRIM49D1,25.62555173,-0.009406615,0.063619614,0.423862463,NA
TRIM59-IFT80,27.99292061,-0.005845522,0.063095468,0.600068566,NA
TRIM6-TRIM34,7.907499424,0.001055855,0.063730049,0.374897383,NA
TRIM63,10.06726188,-0.015911553,0.066249622,0.038985861,NA
TRIM7,33.47158465,0.015451204,0.065231155,0.210653265,NA
TRIM71,7.954947898,-0.001882043,0.063355904,0.791099884,NA
TRIM74,19.47749877,0.003122111,0.06352314,0.622999877,NA
TRIM9,12.75886802,0.004079133,0.063538106,0.553470021,NA
TRIML2,8.894693927,0.000602958,0.063279212,0.935438019,NA
TRMT9B,57.06494229,-0.002117343,0.061964559,0.883103053,NA
TRO,13.52249857,-0.000705311,0.063183762,0.931869178,NA
TRPA1,35.77963283,0.011386535,0.063934234,0.361766246,NA
TRPC2,13.72082916,-0.010762599,0.064345045,0.257674135,NA
TRPC3,13.43933298,0.005209795,0.063374315,0.567290347,NA
TRPC5,5.416631006,-0.000784075,0.063444018,0.894446119,NA
TRPC5OS,29.48372438,-0.017730667,0.0662413,0.133481519,NA
TRPM3,9.676703167,-0.006040147,0.063729325,0.404630548,NA
TRPV3,22.94179638,-0.00215381,0.062735722,0.846691066,NA
TSACC,11.10978728,0.001494717,0.06321552,0.858808866,NA
TSGA10IP,19.54400649,0.002411308,0.062905021,0.814158413,NA
TSHR,44.7394526,0.014926056,0.064319824,0.324173619,NA
TSNAX-DISC1,18.66314802,-0.00546204,0.06349271,0.514740078,NA
TSNAXIP1,21.21830172,0.007107159,0.063425011,0.49541405,NA
TSPAN11,19.46018396,-0.004686791,0.063430354,0.56682215,NA
TSPAN12,18.75056287,-0.010542064,0.064184834,0.2950715,NA
TSPAN19,15.94239362,0.000981593,0.062977142,0.924666261,NA
TSPAN5,42.91356801,-0.017343537,0.064880737,0.281688569,NA
TSPAN7,17.52592348,-0.018093187,0.066754971,0.074144247,NA
TSSK3,34.63950263,0.008644844,0.063073494,0.521170132,NA
TSSK5P,32.66033412,0.00515913,0.062399474,0.712499505,NA
TSTD1,12.17572523,-0.001910058,0.063118064,0.830238227,NA
TTC16,6.723492481,-0.007713491,0.064104168,0.227274401,NA
TTC22,7.613626331,0.006101727,0.063808722,0.362520282,NA
TTC23L,14.49041716,-0.002402594,0.06308575,0.794675739,NA
TTC39A,33.44006475,-0.027712414,0.070885824,0.065674588,NA
TTC3P1,43.52072571,-0.02565655,0.068592048,0.14554007,NA
TTC41P,8.460082514,0.003120296,0.063494411,0.636938451,NA
TTC4P1,15.12074856,-0.006514697,0.063484094,0.491934005,NA
TTC9B,10.16061177,-0.00333566,0.063486854,0.622099754,NA
TTLL13,12.62197552,-0.002290381,0.063184072,0.789261649,NA
TTLL7,10.87704712,0.004941444,0.063656575,0.456026493,NA
TTN,26.58092086,-0.002371851,0.063635988,0.576242833,NA
TTPA,9.71069453,0.017299407,0.06689869,0.01347445,NA
TTR,26.65331894,0.004804445,0.062648487,0.707900217,NA
TUBA3FP,25.26278433,0.012278595,0.064482555,0.266716716,NA
TUBB1,12.92292317,0.002738166,0.063148251,0.766506926,NA
TUBB2B,39.6117901,0.015886331,0.065456089,0.188856366,NA
TUBG1P,10.48410418,-0.003532943,0.063424521,0.636730408,NA
TUSC3,19.24066968,0.007512964,0.063404606,0.491518934,NA
TVP23A,41.18959154,0.01583658,0.065023632,0.250815381,NA
TWIST1,7.715919279,0.006076172,0.063814606,0.351587009,NA
TXK,31.54893678,-0.011546245,0.06358258,0.411046065,NA
TYRO3P,11.58251711,-0.002574094,0.063293181,0.742862283,NA
TYW1B,32.41070156,-0.011840783,0.063953358,0.359930669,NA
UBE2CP5,39.13487235,-0.013842073,0.063745766,0.382264021,NA
UBE2F-SCLY,17.37119582,-0.001142009,0.063247198,0.881548218,NA
UBE2L5,10.64715869,0.006772934,0.063728367,0.405828146,NA
UBE2Q2P1,25.972999,0.004626221,0.062723817,0.709565348,NA
UBE2Q2P13,7.52041715,-0.00187364,0.063422647,0.773557317,NA
UBE2Q2P16,14.37633523,-0.00969379,0.064115125,0.298223199,NA
UBE2V1P1,7.975403449,-0.003257846,0.063528557,0.608000219,NA
UBXN10,30.03367494,0.005853156,0.062452119,0.681708835,NA
UCN,21.53736657,0.002220954,0.062673717,0.848742442,NA
UCN2,9.814241613,0.01461751,0.065662033,0.086517663,NA
UCP3,44.84979821,0.033973209,0.074622534,0.058917332,NA
UFSP1,27.0021974,0.01867252,0.0664742,0.140115405,NA
UGT1A1,21.79023531,0.005646358,0.062930856,0.636054299,NA
UGT3A1,9.720991773,0.012980202,0.065247691,0.084825028,NA
UGT8,8.016522962,0.007099158,0.063869569,0.344444111,NA
ULBP3,53.31791114,-0.015175194,0.063748872,0.375614596,NA
UNC13A,19.56485571,0.005942739,0.063806357,0.34739289,NA
UNC5CL,18.00500245,0.00665933,0.063703015,0.414503016,NA
UNC79,29.0931579,0.009948131,0.063216726,0.477312718,NA
UNC93B2,8.223651203,-0.004236128,0.063576895,0.52552147,NA
UPB1,13.09252916,0.001068836,0.063058149,0.908318495,NA
UPF3AP3,13.7488392,0.002498205,0.063133884,0.785052798,NA
UPK3B,37.86938977,0.013893119,0.064458332,0.298641027,NA
UPK3BL3P,27.81779488,0.004118735,0.06273362,0.734969236,NA
UQCRHL,27.70311683,-0.009461307,0.063810874,0.393964873,NA
USHBP1,23.07298911,-0.001059234,0.063017782,0.910293836,NA
USP32P3,22.09623895,0.000226087,0.06275111,0.984706764,NA
USP41P,6.64360172,0.004490145,0.063717226,0.425330112,NA
USP43,33.57859372,0.016251127,0.065272204,0.228286578,NA
USP50,24.73279319,0.001899981,0.062913627,0.857041669,NA
VANGL2,11.58136213,0.01276041,0.065002563,0.148533393,NA
VASH2,18.1807849,-0.001537322,0.062946664,0.876043571,NA
VAX2,8.100217604,-0.006469801,0.063810604,0.364120413,NA
VCAM1,27.42533507,0.010393809,0.063690154,0.407273906,NA
VCX3A,9.668137608,-0.002973955,0.063500373,0.643250107,NA
VCX3B,6.926778027,-0.001226628,0.063709236,0.561902322,NA
VENTX,29.33128929,0.030884527,0.073240041,0.041509965,NA
VGF,15.48325037,0.007461054,0.063692754,0.418546809,NA
VGLL3,54.37071191,0.016706213,0.065767817,0.167336465,NA
VIPR1,9.632262486,0.00293411,0.063383506,0.693103028,NA
VN1R1,9.025807331,0.000919864,0.063330993,0.898586398,NA
VN1R83P,12.52020728,-0.007718527,0.063678596,0.418075249,NA
VNN3P,10.99416636,0.003358821,0.063377592,0.66436982,NA
VPS37D,29.01256179,-0.002368774,0.062668447,0.838316768,NA
VSIG2,10.01108769,0.003212425,0.063374774,0.67567802,NA
VSNL1,10.47969283,-0.0131335,0.065210074,0.108767886,NA
VSTM2L,18.37400997,-0.005924408,0.063254418,0.56735382,NA
VSTM4,18.14177942,0.00801718,0.063711215,0.406104661,NA
VTI1BP2,8.335662851,-0.000369543,0.063301915,0.960786794,NA
VTN,31.57409569,0.002323729,0.062750729,0.837642705,NA
VWA1,45.93015026,0.016947475,0.064799292,0.288862966,NA
VWA5B1,9.014755545,0.007157099,0.063958431,0.290706995,NA
WASF3,13.62620141,0.004945739,0.063370475,0.579502378,NA
WASH4P,35.86415099,0.004822133,0.062840182,0.690854767,NA
WASH5P,50.62001066,0.009702449,0.063294692,0.47137597,NA
WBP1LP2,7.732859392,-0.001455129,0.063314862,0.841510281,NA
WBP2NL,8.63781116,-0.006758715,0.063927411,0.294459035,NA
WDR17,30.74136768,-0.013981121,0.064655162,0.265730147,NA
WDR45P1,10.72090502,-0.000432677,0.063232426,0.9577625,NA
WDR72,10.52500918,0.000640129,0.06339579,0.922169089,NA
WDR86,14.19368138,0.006659289,0.063634322,0.44384062,NA
WDR88,11.1276057,-0.002406586,0.063263057,0.766365622,NA
WDR93,11.22900733,-0.002338312,0.063277648,0.767453262,NA
WFDC11,14.64789637,-0.010587274,0.064235891,0.283506417,NA
WFDC3,16.92630731,0.006373201,0.063257947,0.552380847,NA
WHAMMP3,8.850092423,-0.006059655,0.063669848,0.435684893,NA
WNK3,18.32049821,-0.021677414,0.068302965,0.049560073,NA
WNT11,8.932483566,-0.003354831,0.063531901,0.590647109,NA
WNT2,16.84452745,0.004618801,0.063454592,0.565830274,NA
WNT4,8.634065921,-0.001280618,0.063417755,0.83731115,NA
WNT5B,8.409180285,0.000779801,0.063360016,0.910655654,NA
WNT9B,7.619171934,-0.007384706,0.063936901,0.313997705,NA
WSCD2,10.93641757,0.003748483,0.063643944,0.484451499,NA
XDH,10.71984744,-0.001966272,0.06351802,0.714976705,NA
XIAPP3,14.27265563,-0.002762981,0.063330786,0.720839594,NA
XIRP1,10.72165372,-0.001380264,0.063176394,0.869383571,NA
XK,44.18321877,-0.004553443,0.061789642,0.771164486,NA
XKR4,23.22802305,0.005664895,0.062865818,0.644138971,NA
XKR5,9.680101401,0.003088359,0.063478411,0.647493117,NA
XKRX,15.66002116,0.010757562,0.064184379,0.30319233,NA
XNDC1N,57.76340395,-0.00678495,0.062027136,0.668199815,NA
XNDC1N-ZNF705EP-ALG1L9P,25.02927595,-0.009773735,0.064090856,0.302241759,NA
XPNPEP2,15.1869889,-0.009828117,0.064023667,0.329107918,NA
YBX1P1,8.386787151,-0.001999683,0.063355725,0.780122936,NA
YES1P1,15.78044263,0.007445905,0.063510682,0.470665804,NA
YPEL1,32.88365519,-0.001155432,0.062742269,0.909019007,NA
YWHAQP5,12.77321627,-0.005011617,0.063428644,0.558525098,NA
YY2,54.94974992,-0.005439064,0.061517272,0.749328809,NA
ZACN,15.22830856,0.003714277,0.063243643,0.677964357,NA
ZBED10P,41.55500285,0.02571152,0.068942303,0.127540547,NA
ZBP1,22.35845948,0.011476343,0.064231954,0.302427522,NA
ZBTB12BP,13.65246296,0.005825428,0.063469622,0.517749002,NA
ZBTB16,25.26183071,0.003894321,0.062450184,0.769574223,NA
ZBTB2P1,12.2481819,-0.006906583,0.063710338,0.412299572,NA
ZBTB8B,49.44796129,0.005335313,0.061975173,0.731914105,NA
ZC3H11C,13.96783695,-0.010152629,0.064289106,0.253163249,NA
ZC3H12B,13.62916932,0.00014632,0.063298618,0.985945135,NA
ZCWPW2,30.10031754,-0.001841501,0.06254124,0.877950391,NA
ZDHHC11,14.67647199,-0.006387911,0.063658743,0.429205438,NA
ZDHHC11B,18.22071557,0.010888789,0.064477926,0.214818968,NA
ZDHHC19,25.97107342,-0.004462712,0.062893608,0.693348891,NA
ZDHHC23,21.79226917,0.012301997,0.064737565,0.199542139,NA
ZDHHC4P1,13.41487905,0.009424043,0.064151382,0.281733014,NA
ZEB1,50.06885693,0.020315164,0.067156427,0.117471096,NA
ZFHX4,9.982683677,0.011407478,0.064866801,0.10229608,NA
ZFP2,30.16976082,-0.002417749,0.062527271,0.842524567,NA
ZFP37,32.76934064,0.004937185,0.062617491,0.701842686,NA
ZFP42,8.519854343,0.005045803,0.063582476,0.49858732,NA
ZFP91-CNTF,23.47203894,0.000843758,0.063583525,0.853854755,NA
ZFPM2,47.85060733,0.017388325,0.064767896,0.29773881,NA
ZFR2,11.68742459,-0.004634497,0.063478509,0.55227095,NA
ZG16B,9.313240385,0.009526252,0.064331899,0.20668372,NA
ZGLP1,54.3340236,-0.014661227,0.063133883,0.421287888,NA
ZHX1-C8orf76,33.29713065,-0.006045234,0.06249824,0.664385661,NA
ZIC3,9.729616694,0.000664484,0.063266789,0.932434397,NA
ZKSCAN8P1,15.73318016,-0.007034321,0.063773307,0.387408635,NA
ZMYND10,34.48494531,0.015151947,0.065094437,0.225426647,NA
ZMYND12,17.159899,-0.027019131,0.071623298,0.012138909,NA
ZNF137P,19.2466879,-0.003561928,0.063072425,0.719197047,NA
ZNF165,35.16317799,0.002269437,0.062218404,0.869479652,NA
ZNF177,32.87272621,-0.010664843,0.064043285,0.334007869,NA
ZNF185,26.21964721,-0.001820914,0.062402666,0.886220705,NA
ZNF20,36.04262427,0.00061834,0.061964964,0.967064664,NA
ZNF208,11.02457662,0.005619998,0.063713911,0.405253282,NA
ZNF214,7.958779232,-0.005149174,0.063857078,0.267036307,NA
ZNF221,39.74911188,-0.009684972,0.062682255,0.534746671,NA
ZNF239,48.27551684,0.011196679,0.062951563,0.48385613,NA
ZNF285,46.4059901,0.003095516,0.062735389,0.790093314,NA
ZNF286A-TBC1D26,15.09276124,0.011379873,0.064759296,0.14121125,NA
ZNF287,41.27746111,0.006290466,0.063064656,0.589353519,NA
ZNF300,51.92312352,0.005522141,0.061211325,0.759914687,NA
ZNF37BP,28.30376962,-0.016678997,0.06545979,0.212293709,NA
ZNF385B,35.12065229,-0.034957134,0.076604306,0.023708592,NA
ZNF385C,12.86538678,0.014104312,0.065332893,0.137556364,NA
ZNF385D,26.02691775,-0.0136652,0.065107584,0.166820184,NA
ZNF391,47.50526169,-0.036760448,0.07686739,0.04816864,NA
ZNF404,40.55827017,-0.040484299,0.082070773,0.012504442,NA
ZNF415,8.379371769,0.001956685,0.063374712,0.786281385,NA
ZNF418,48.7092871,-0.043059262,0.084744188,0.011128226,NA
ZNF433,30.64329784,-0.013186261,0.064752149,0.227873662,NA
ZNF439,43.20113101,-0.00088925,0.061953219,0.949808686,NA
ZNF443,25.3708481,-0.003950532,0.062598513,0.752088784,NA
ZNF485,55.19830023,0.008597445,0.062330373,0.59557998,NA
ZNF487,35.55184613,0.026407454,0.070281074,0.063309986,NA
ZNF491,19.84160846,-0.010151296,0.064067028,0.320493015,NA
ZNF501,27.46908292,0.000231085,0.062541717,0.983817105,NA
ZNF502,28.74937858,0.01227864,0.064099927,0.337787956,NA
ZNF534,11.63862526,0.003686315,0.063282041,0.671556074,NA
ZNF540,29.12302912,0.02182709,0.067841877,0.099908409,NA
ZNF556,29.1953627,0.001266237,0.06225972,0.926184695,NA
ZNF559-ZNF177,20.12504632,-0.003742301,0.063266777,0.669752805,NA
ZNF563,30.32099292,-0.004481045,0.062427748,0.737857804,NA
ZNF565,55.97634071,0.023153741,0.066494457,0.23000289,NA
ZNF57,50.55212148,0.025376511,0.069779385,0.064175244,NA
ZNF595,45.09467296,-0.019410121,0.06604237,0.205601574,NA
ZNF596,46.3733028,0.001903203,0.06158373,0.906009766,NA
ZNF599,58.44873175,0.019809822,0.064994476,0.29230188,NA
ZNF608,28.25311986,0.009254695,0.063412963,0.458387476,NA
ZNF610,54.78241867,-0.003375589,0.06215351,0.811939789,NA
ZNF625,31.41023208,0.000489284,0.062310848,0.973657725,NA
ZNF625-ZNF20,54.23808982,0.001026623,0.061871313,0.945967492,NA
ZNF630,30.6968496,-0.00106267,0.062560785,0.921797472,NA
ZNF658B,32.34315283,-0.010428167,0.063493189,0.433158534,NA
ZNF660,53.78215552,0.009252001,0.063146724,0.495441282,NA
ZNF662,25.70386685,0.011844416,0.064411901,0.264096278,NA
ZNF665,25.83685943,-0.01421889,0.064845301,0.24162632,NA
ZNF670,42.12851987,-0.016708987,0.064966748,0.275858369,NA
ZNF670-ZNF695,38.77834766,-0.013479909,0.064038683,0.348961187,NA
ZNF681,41.39081863,0.014394515,0.064880889,0.240707815,NA
ZNF682,54.80211515,0.020073988,0.066630059,0.16462918,NA
ZNF69,58.47746683,-0.003790948,0.061364333,0.822669395,NA
ZNF695,26.49847596,0.008620962,0.063824771,0.374227256,NA
ZNF702P,6.80634253,0.005494351,0.063731599,0.405958253,NA
ZNF709,23.87117343,-0.01699876,0.066181993,0.114816094,NA
ZNF711,56.06391266,0.016309224,0.064367843,0.329788547,NA
ZNF716,8.337436803,-0.001405411,0.063351476,0.84107853,NA
ZNF724,28.31679735,0.014664197,0.064622186,0.285347313,NA
ZNF726,23.89428976,0.001408115,0.062680984,0.903413592,NA
ZNF727,8.329237179,0.0013108,0.063404424,0.865505123,NA
ZNF750,9.371678271,0.01042561,0.064475146,0.19676003,NA
ZNF763,47.66379422,0.017382114,0.064971304,0.280128369,NA
ZNF767P,49.46674343,0.019406871,0.06617482,0.195744778,NA
ZNF77,52.54343151,-0.015928486,0.064115876,0.342530608,NA
ZNF788P,11.99985447,-0.001957469,0.063396468,0.772755011,NA
ZNF793,47.58770725,0.018891384,0.066030108,0.19648374,NA
ZNF80,16.69864092,-0.000770454,0.062935361,0.936805369,NA
ZNF816-ZNF321P,12.0856366,0.012518804,0.06506265,0.116019195,NA
ZNF826P,23.7466008,-0.011498036,0.064080133,0.333670564,NA
ZNF835,11.19318327,0.002630468,0.06319519,0.763294426,NA
ZNF843,30.10889937,-0.009676879,0.063337116,0.464960421,NA
ZNF852,50.86378655,0.013684464,0.063570281,0.398174457,NA
ZNF853,12.27439689,0.00102977,0.063173497,0.903038516,NA
ZNF890P,10.86573017,-0.004310454,0.063522607,0.551588297,NA
ZNF969P,13.49363356,0.001775708,0.063108927,0.844244595,NA
ZNF99,9.964702828,9.33E-05,0.063340743,0.990759656,NA
ZNG1DP,12.42133489,0.00452708,0.063557075,0.528617694,NA
ZNRF2P1,20.43969922,0.002663549,0.063016743,0.791402203,NA
ZNRF2P2,24.90749919,0.012142779,0.064099177,0.337969696,NA
ZNRF3,57.86669731,-0.002975564,0.061674185,0.851892628,NA
ZP3,21.09594024,-0.001704652,0.06279035,0.874479191,NA
ZRSR2P1,10.37817074,-0.00022154,0.06369269,0.910343163,NA
ZSCAN31,52.96563484,-0.002101173,0.062491358,0.864856895,NA
ZSCAN4,10.15603857,-0.002207905,0.063182399,0.797088293,NA
ZSWIM5,10.72061279,0.007180492,0.064113274,0.161505631,NA
ZYG11A,8.5742064,-0.001966592,0.063367505,0.780654577,NA